2018-11-27	09:00	3805,37	3850	3770	3846,2	SHORT	0,00167	5997,81	0,00334	HOLD	99,7754	103,3386
2018-11-27	10:00	3848,25	3875	3789,94	3804,48	SHORT	0,00167	5997,81	0,00334	HOLD	99,7754	103,4083
2018-11-27	11:00	3800,35	3839,68	3765,76	3812,49	SHORT	0,00167	5997,81	0,00334	HOLD	99,7754	103,3949
2018-11-27	12:00	3812	3886,39	3804,08	3859,65	SHORT	0,00167	5997,81	0,00334	HOLD	99,7754	103,3161
2018-11-27	13:00	3859,65	3898	3831	3897,72	SHORT	0,00167	5997,81	0,00334	HOLD	99,7754	103,2526
2018-11-27	14:00	3897,72	3920	3825	3849,54	SHORT	0,00167	5997,81	0,00334	HOLD	99,7754	103,333
2018-11-27	15:00	3849,82	3860	3751,51	3763,43	SHORT	0,00167	5997,81	0,00334	HOLD	99,7754	103,4768
2018-11-27	16:00	3764,77	3810,95	3737	3777,18	SHORT	0,00167	5997,81	0,00334	HOLD	99,7754	103,4539
2018-11-27	17:00	3777,52	3840	3689,12	3787,96	SHORT	0,00167	5997,81	0,00334	HOLD	99,7754	103,4359
2018-11-27	18:00	3788,04	3805,23	3748	3756,91	SHORT	0,00167	5997,81	0,00334	HOLD	99,7754	103,4877
2018-11-27	19:00	3755,6	3800	3732,75	3789,21	SHORT	0,00167	5997,81	0,00334	HOLD	99,7754	103,4338
2018-11-27	20:00	3788,52	3859,84	3776,72	3818,43	SHORT	0,00167	5997,81	0,00334	HOLD	99,7754	103,385
2018-11-27	21:00	3818,47	3842,8	3804,56	3809,25	SHORT	0,00167	5997,81	0,00334	HOLD	99,7754	103,4003
2018-11-27	22:00	3809,25	3819,07	3751	3779,4	SHORT	0,00167	5997,81	0,00334	HOLD	99,7754	103,4502
2018-11-27	23:00	3779,06	3832	3750	3822,78	SHORT	0,00167	5997,81	0,00334	HOLD	99,7754	103,3777
2018-11-28	00:00	3824,26	3837,15	3788,2	3791,31	SHORT	0,00167	5997,81	0,00334	HOLD	99,7754	103,4303
2018-11-28	01:00	3791,37	3846,96	3789	3834,01	SHORT	0,00167	5997,81	0,00334	HOLD	99,7754	103,359
2018-11-28	02:00	3835,89	3877	3802,01	3821,99	SHORT	0,00167	5997,81	0,00334	HOLD	99,7754	103,379
2018-11-28	03:00	3821,46	3840	3790	3837,52	SHORT	0,00167	5997,81	0,00334	HOLD	99,7754	103,3531
2018-11-28	04:00	3836,18	3899	3795,25	3876,18	SHORT	0,00167	5997,81	0,00334	HOLD	99,7754	103,2885
2018-11-28	05:00	3877,11	3940	3851,02	3906,72	SHORT	0,00167	5997,81	0,00334	HOLD	99,7754	103,2375
2018-11-28	06:00	3909,02	3923,55	3860	3875,21	SHORT	0,00167	5997,81	0,00334	HOLD	99,7754	103,2902
2018-11-28	07:00	3875,63	3940	3874,27	3894,3	SHORT	0,00167	5997,81	0,00334	HOLD	99,7754	103,2583
2018-11-28	08:00	3898,48	3921,84	3880	3898,5	SHORT	0,00167	5997,81	0,00334	HOLD	99,7754	103,2513
2018-11-28	09:00	3898,5	3933,67	3891,53	3896,37	SHORT	0,00167	5997,81	0,00334	HOLD	99,7754	103,2548
2018-11-28	10:00	3896,38	3947,4	3892,26	3936,15	SHORT	0,00167	5997,81	0,00334	HOLD	99,7754	103,1884
2018-11-28	11:00	3936,15	4124	3911	4113,07	SHORT	0,00167	5997,81	0,00334	HOLD	99,7754	102,8929
2018-11-28	12:00	4113,41	4150	4052	4060,1	SHORT	0,00167	5997,81	0,00334	HOLD	99,7754	102,9814
2018-11-28	13:00	4060,12	4099,02	4058	4064,14	SHORT	0,00167	5997,81	0,00334	HOLD	99,7754	102,9746
2018-11-28	14:00	4064,16	4117,4	4061	4106,8	SHORT	0,00167	5997,81	0,00334	HOLD	99,7754	102,9034
2018-11-28	15:00	4106,3	4131,55	4019,85	4034,99	SHORT	0,00167	5997,81	0,00334	HOLD	99,7754	103,0233
2018-11-28	16:00	4035,02	4075,35	4034,78	4054,83	SHORT	0,00167	5997,81	0,00334	HOLD	99,7754	102,9902
2018-11-28	17:00	4054,41	4101,32	4033,97	4096,27	SHORT	0,00167	5997,81	0,00334	HOLD	99,7754	102,921
2018-11-28	18:00	4095	4120	4051	4090,55	SHORT	0,00167	5997,81	0,00334	HOLD	99,7754	102,9305
2018-11-28	19:00	4089,35	4218,69	4055,01	4194,92	SHORT	0,00167	5997,81	0,00334	HOLD	99,7754	102,7562
2018-11-28	20:00	4194,92	4230	4156,9	4195,62	SHORT	0,00167	5997,81	0,00334	HOLD	99,7754	102,7551
2018-11-28	21:00	4197,21	4294,3	4170	4262,33	SHORT	0,00167	5997,81	0,00334	HOLD	99,7754	102,6437
2018-11-28	22:00	4263,52	4266	4180	4249,82	SHORT	0,00167	5997,81	0,00334	HOLD	99,7754	102,6646
2018-11-28	23:00	4249,81	4251,69	4181,04	4197,09	SHORT	0,00167	5997,81	0,00334	HOLD	99,7754	102,7526
2018-11-29	00:00	4194,76	4283,1	4180,21	4259,59	SHORT	0,00167	5997,81	0,00334	HOLD	99,7754	102,6482
2018-11-29	01:00	4259,52	4315	4255,02	4301	SHORT	0,00167	5997,81	0,00334	HOLD	99,7754	102,5791
2018-11-29	02:00	4301	4393	4281	4332,17	SHORT	0,00167	5997,81	0,00334	HOLD	99,7754	102,527
2018-11-29	03:00	4331,6	4394,47	4303,29	4354,43	SHORT	0,00167	5997,81	0,00334	HOLD	99,7754	102,4899
2018-11-29	04:00	4356,23	4359,13	4218,79	4243,57	SHORT	0,00167	5997,81	0,00334	HOLD	99,7754	102,675
2018-11-29	05:00	4243,57	4266	4185,01	4236,09	SHORT	0,00167	5997,81	0,00334	HOLD	99,7754	102,6875
2018-11-29	06:00	4236,4	4279,9	4215,8	4264,85	SHORT	0,00167	5997,81	0,00334	HOLD	99,7754	102,6395
2018-11-29	07:00	4262,06	4294	4235,83	4270	SHORT	0,00167	5997,81	0,00334	HOLD	99,7754	102,6309
2018-11-29	08:00	4270	4271,85	4136	4162,55	SHORT	0,00167	5997,81	0,00334	HOLD	99,7754	102,8103
2018-11-29	09:00	4164,07	4205	4142,1	4203,13	SHORT	0,00167	5997,81	0,00334	HOLD	99,7754	102,7425
2018-11-29	10:00	4201,61	4204,07	4157,97	4163,7	SHORT	0,00167	5997,81	0,00334	HOLD	99,7754	102,8084
2018-11-29	11:00	4162,03	4200	4125,65	4195,8	SHORT	0,00167	5997,81	0,00334	HOLD	99,7754	102,7548
2018-11-29	12:00	4196,06	4258,93	4161	4235,09	SHORT	0,00167	5997,81	0,00334	HOLD	99,7754	102,6892
2018-11-29	13:00	4235,97	4255,36	4207,01	4237,76	SHORT	0,00167	5997,81	0,00334	HOLD	99,7754	102,6847
2018-11-29	14:00	4236,77	4243,06	4171,01	4212,71	SHORT	0,00167	5997,81	0,00334	HOLD	99,7754	102,7265
2018-11-29	15:00	4214,87	4268,61	4190	4249,15	SHORT	0,00167	5997,81	0,00334	HOLD	99,7754	102,6657
2018-11-29	16:00	4249,62	4416,6	4248,5	4367	SHORT	0,00167	5997,81	0,00334	HOLD	99,7754	102,4689
2018-11-29	17:00	4367,02	4397,83	4317,17	4341,99	SHORT	0,00167	5997,81	0,00334	HOLD	99,7754	102,5106
2018-11-29	18:00	4340,18	4450,38	4334,67	4386,34	SHORT	0,00167	5997,81	0,00334	HOLD	99,7754	102,4366
2018-11-29	19:00	4383,7	4413,85	4272,36	4282,02	SHORT	0,00167	5997,81	0,00334	HOLD	99,7754	102,6108
2018-11-29	20:00	4282,02	4325	4225,35	4280,53	SHORT	0,00167	5997,81	0,00334	HOLD	99,7754	102,6133
2018-11-29	21:00	4279,74	4349,99	4279,74	4289,76	SHORT	0,00167	5997,81	0,00334	HOLD	99,7754	102,5979
2018-11-29	22:00	4289,72	4316,63	4250	4271,13	SHORT	0,00167	5997,81	0,00334	HOLD	99,7754	102,629
2018-11-29	23:00	4271,69	4358	4268,79	4338,74	SHORT	0,00167	5997,81	0,00334	HOLD	99,7754	102,5161
2018-11-30	00:00	4338,73	4395	4303,72	4316,8	SHORT	0,00167	5997,81	0,00334	HOLD	99,7754	102,5527
2018-11-30	01:00	4318,29	4356,79	4244,5	4271,96	SHORT	0,00167	5997,81	0,00334	HOLD	99,7754	102,6276
2018-11-30	02:00	4271,98	4274,04	4201	4245,02	SHORT	0,00167	5997,81	0,00334	HOLD	99,7754	102,6726
2018-11-30	03:00	4247,15	4272,47	4213	4241,98	SHORT	0,00167	5997,81	0,00334	HOLD	99,7754	102,6777
2018-11-30	04:00	4243,31	4247,74	4170,22	4235,65	SHORT	0,00167	5997,81	0,00334	HOLD	99,7754	102,6882
2018-11-30	05:00	4235,67	4279,99	4190,21	4273,3	SHORT	0,00167	5997,81	0,00334	HOLD	99,7754	102,6254
2018-11-30	06:00	4272,17	4314,39	4265,39	4295,84	SHORT	0,00167	5997,81	0,00334	HOLD	99,7754	102,5877
2018-11-30	07:00	4295,72	4338,83	4220,17	4242,99	SHORT	0,00167	5997,81	0,00334	HOLD	99,7754	102,676
2018-11-30	08:00	4242,97	4267,31	4205	4246,43	SHORT	0,00167	5997,81	0,00334	HOLD	99,7754	102,6702
2018-11-30	09:00	4247,16	4325	4201,11	4311,68	SHORT	0,00167	5997,81	0,00334	HOLD	99,7754	102,5613
2018-11-30	10:00	4311,51	4341,36	4276,46	4292,08	SHORT	0,00167	5997,81	0,00334	HOLD	99,7754	102,594
2018-11-30	11:00	4293,29	4324,58	4263,79	4300,02	SHORT	0,00167	5997,81	0,00334	HOLD	99,7754	102,5807
2018-11-30	12:00	4300,02	4339	4296,01	4302,91	SHORT	0,00167	5997,81	0,00334	HOLD	99,7754	102,5759
2018-11-30	13:00	4302,01	4321,93	4259,33	4270	SHORT	0,00167	5997,81	0,00334	HOLD	99,7754	102,6309
2018-11-30	14:00	4271,01	4282,01	4202,42	4223,27	SHORT	0,00167	5997,81	0,00334	HOLD	99,7754	102,7089
2018-11-30	15:00	4223,37	4252	4190	4225,71	SHORT	0,00167	5997,81	0,00334	HOLD	99,7754	102,7048
2018-11-30	16:00	4225,73	4255,27	4202	4225,14	SHORT	0,00167	5997,81	0,00334	HOLD	99,7754	102,7058
2018-11-30	17:00	4225,14	4228,06	4070	4077,21	SHORT	0,00167	5997,81	0,00334	HOLD	99,7754	102,9528
2018-11-30	18:00	4077,21	4077,21	3989	4022,79	SHORT	0,00167	5997,81	0,00334	HOLD	99,7754	103,0437
2018-11-30	19:00	4020,04	4052	3943	4025,99	SHORT	0,00167	5997,81	0,00334	HOLD	99,7754	103,0384
2018-11-30	20:00	4025,79	4085	4008,45	4038,84	SHORT	0,00167	5997,81	0,00334	HOLD	99,7754	103,0169
2018-11-30	21:00	4040	4057,04	3978,23	4041,06	SHORT	0,00167	5997,81	0,00334	HOLD	99,7754	103,0132
2018-11-30	22:00	4036,16	4041,92	3975,09	4027,38	SHORT	0,00167	5997,81	0,00334	HOLD	99,7754	103,036
2018-11-30	23:00	4028,81	4084,83	4016	4078,59	SHORT	0,00167	5997,81	0,00334	HOLD	99,7754	102,9505
2018-12-01	00:00	4076,02	4096,14	4045,28	4066,56	SHORT	0,00167	5997,81	0,00334	HOLD	99,7754	102,9706
2018-12-01	01:00	4066,56	4076,55	4024	4037,02	SHORT	0,00167	5997,81	0,00334	HOLD	99,7754	103,0199
2018-12-01	02:00	4036,12	4063,19	4029,84	4036,34	SHORT	0,00167	5997,81	0,00334	HOLD	99,7754	103,0211
2018-12-01	03:00	4037,26	4049,99	4011,1	4025,1	SHORT	0,00167	5997,81	0,00334	HOLD	99,7754	103,0398
2018-12-01	04:00	4026,44	4048	3951	3997,76	SHORT	0,00167	5997,81	0,00334	HOLD	99,7754	103,0855
2018-12-01	05:00	3995,96	4025,39	3953,03	4019,25	SHORT	0,00167	5997,81	0,00334	HOLD	99,7754	103,0496
2018-12-01	06:00	4019,99	4058,8	4000,17	4041,32	SHORT	0,00167	5997,81	0,00334	HOLD	99,7754	103,0128
2018-12-01	07:00	4041,27	4048	4009,19	4043,58	SHORT	0,00167	5997,81	0,00334	HOLD	99,7754	103,009
2018-12-01	08:00	4044,84	4063,4	4038	4047,29	SHORT	0,00167	5997,81	0,00334	HOLD	99,7754	103,0028
2018-12-01	09:00	4047,29	4047,3	4016	4019,99	SHORT	0,00167	5997,81	0,00334	HOLD	99,7754	103,0484
2018-12-01	10:00	4020	4039,99	4010	4030,39	SHORT	0,00167	5997,81	0,00334	HOLD	99,7754	103,031
2018-12-01	11:00	4029,7	4034,03	3990,5	4004,46	SHORT	0,00167	5997,81	0,00334	HOLD	99,7754	103,0743
2018-12-01	12:00	4003,03	4019,99	3972	3995,6	SHORT	0,00167	5997,81	0,00334	HOLD	99,7754	103,0891
2018-12-01	13:00	3994,07	4009	3963,01	3987,96	SHORT	0,00167	5997,81	0,00334	HOLD	99,7754	103,1019
2018-12-01	14:00	3987,42	4001	3974,07	3997,8	SHORT	0,00167	5997,81	0,00334	HOLD	99,7754	103,0854
2018-12-01	15:00	3997,78	4066,05	3997,77	4022	SHORT	0,00167	5997,81	0,00334	HOLD	99,7754	103,045
2018-12-01	16:00	4021,97	4049,93	4017,43	4042,92	SHORT	0,00167	5997,81	0,00334	HOLD	99,7754	103,0101
2018-12-01	17:00	4042,9	4193,01	4036,34	4170,41	SHORT	0,00167	5997,81	0,00334	HOLD	99,7754	102,7972
2018-12-01	18:00	4170,41	4200,11	4155,01	4175,87	SHORT	0,00167	5997,81	0,00334	HOLD	99,7754	102,7881
2018-12-01	19:00	4175,25	4233	4168,2	4175,41	SHORT	0,00167	5997,81	0,00334	HOLD	99,7754	102,7888
2018-12-01	20:00	4175,39	4225,54	4168	4178,99	SHORT	0,00167	5997,81	0,00334	HOLD	99,7754	102,7828
2018-12-01	21:00	4178,98	4220	4167,17	4206,76	SHORT	0,00167	5997,81	0,00334	HOLD	99,7754	102,7365
2018-12-01	22:00	4206,76	4222	4179	4219	SHORT	0,00167	5997,81	0,00334	HOLD	99,7754	102,716
2018-12-01	23:00	4219	4299,99	4216,06	4276,15	SHORT	0,00167	5997,81	0,00334	HOLD	99,7754	102,6206
2018-12-02	00:00	4276,15	4291,93	4231,47	4249,95	SHORT	0,00167	5997,81	0,00334	HOLD	99,7754	102,6643
2018-12-02	01:00	4249,02	4277,27	4241	4245,08	SHORT	0,00167	5997,81	0,00334	HOLD	99,7754	102,6725
2018-12-02	02:00	4245	4287,4	4241,17	4275	SHORT	0,00167	5997,81	0,00334	HOLD	99,7754	102,6225
2018-12-02	03:00	4274,3	4282,46	4175	4195,13	SHORT	0,00167	5997,81	0,00334	HOLD	99,7754	102,7559
2018-12-02	04:00	4192,26	4227,2	4180,92	4217,13	SHORT	0,00167	5997,81	0,00334	HOLD	99,7754	102,7192
2018-12-02	05:00	4217,54	4243,87	4206,4	4223	SHORT	0,00167	5997,81	0,00334	HOLD	99,7754	102,7094
2018-12-02	06:00	4223	4225,16	4185,11	4190,02	SHORT	0,00167	5997,81	0,00334	HOLD	99,7754	102,7644
2018-12-02	07:00	4190,98	4237,95	4185,45	4219,4	SHORT	0,00167	5997,81	0,00334	HOLD	99,7754	102,7154
2018-12-02	08:00	4219,99	4294,88	4213,93	4279,82	SHORT	0,00167	5997,81	0,00334	HOLD	99,7754	102,6145
2018-12-02	09:00	4278,49	4312,99	4250,01	4276,29	SHORT	0,00167	5997,81	0,00334	HOLD	99,7754	102,6204
2018-12-02	10:00	4276,31	4277,89	4177	4200,02	SHORT	0,00167	5997,81	0,00334	HOLD	99,7754	102,7477
2018-12-02	11:00	4202,63	4212,38	4185	4188,86	SHORT	0,00167	5997,81	0,00334	HOLD	99,7754	102,7664
2018-12-02	12:00	4190,56	4191,9	4120	4147,11	SHORT	0,00167	5997,81	0,00334	HOLD	99,7754	102,8361
2018-12-02	13:00	4148,91	4179	4123	4164,78	SHORT	0,00167	5997,81	0,00334	HOLD	99,7754	102,8066
2018-12-02	14:00	4164,76	4199	4143,58	4179,93	SHORT	0,00167	5997,81	0,00334	HOLD	99,7754	102,7813
2018-12-02	15:00	4180,01	4200	4150	4187,08	SHORT	0,00167	5997,81	0,00334	HOLD	99,7754	102,7693
2018-12-02	16:00	4186,8	4245	4184,44	4216,58	SHORT	0,00167	5997,81	0,00334	HOLD	99,7754	102,7201
2018-12-02	17:00	4215,52	4218,03	4109,47	4136,71	SHORT	0,00167	5997,81	0,00334	HOLD	99,7754	102,8535
2018-12-02	18:00	4137,77	4160,5	4103,04	4152,02	SHORT	0,00167	5997,81	0,00334	HOLD	99,7754	102,8279
2018-12-02	19:00	4150,33	4185,12	4133,49	4166,81	SHORT	0,00167	5997,81	0,00334	HOLD	99,7754	102,8032
2018-12-02	20:00	4166,12	4181,87	4129	4151,43	SHORT	0,00167	5997,81	0,00334	HOLD	99,7754	102,8289
2018-12-02	21:00	4150,67	4208,33	4145,72	4181,94	SHORT	0,00167	5997,81	0,00334	HOLD	99,7754	102,7779
2018-12-02	22:00	4181,41	4206	4142,11	4174,79	SHORT	0,00167	5997,81	0,00334	HOLD	99,7754	102,7899
2018-12-02	23:00	4174,77	4188,6	4157	4181,28	SHORT	0,00167	5997,81	0,00334	HOLD	99,7754	102,779
2018-12-03	00:00	4181,45	4187	4130	4169,55	SHORT	0,00167	5997,81	0,00334	HOLD	99,7754	102,7986
2018-12-03	01:00	4168,8	4174,27	4144	4162,22	SHORT	0,00167	5997,81	0,00334	HOLD	99,7754	102,8109
2018-12-03	02:00	4162,61	4191,81	4142,2	4180,05	SHORT	0,00167	5997,81	0,00334	HOLD	99,7754	102,7811
2018-12-03	03:00	4180,05	4241,99	4166,5	4220,42	SHORT	0,00167	5997,81	0,00334	HOLD	99,7754	102,7137
2018-12-03	04:00	4220,61	4268	4185,52	4208,6	SHORT	0,00167	5997,81	0,00334	HOLD	99,7754	102,7334
2018-12-03	05:00	4208,58	4218,18	4151,35	4179,73	SHORT	0,00167	5997,81	0,00334	HOLD	99,7754	102,7816
2018-12-03	06:00	4179,01	4196,01	4129	4161,01	SHORT	0,00167	5997,81	0,00334	HOLD	99,7754	102,8129
2018-12-03	07:00	4160,55	4179	4121	4140,96	SHORT	0,00167	5997,81	0,00334	HOLD	99,7754	102,8464
2018-12-03	08:00	4139,43	4166,93	4123	4144,67	SHORT	0,00167	5997,81	0,00334	HOLD	99,7754	102,8402
2018-12-03	09:00	4144,66	4144,66	3982	4005	SHORT	0,00167	5997,81	0,00334	HOLD	99,7754	103,0734
2018-12-03	10:00	4003	4046	3995,01	4035	SHORT	0,00167	5997,81	0,00334	HOLD	99,7754	103,0233
2018-12-03	11:00	4035,63	4057	4010	4039,98	SHORT	0,00167	5997,81	0,00334	HOLD	99,7754	103,015
2018-12-03	12:00	4039,99	4044,06	4022,3	4035,92	SHORT	0,00167	5997,81	0,00334	HOLD	99,7754	103,0218
2018-12-03	13:00	4034,05	4035,76	4004,05	4024,99	SHORT	0,00167	5997,81	0,00334	HOLD	99,7754	103,04
2018-12-03	14:00	4027,14	4035,23	4004,7	4032,76	SHORT	0,00167	5997,81	0,00334	HOLD	99,7754	103,0271
2018-12-03	15:00	4032,76	4062,7	3995	4062,44	SHORT	0,00167	5997,81	0,00334	HOLD	99,7754	102,9775
2018-12-03	16:00	4061,99	4062	4000	4038,25	SHORT	0,00167	5997,81	0,00334	HOLD	99,7754	103,0179
2018-12-03	17:00	4038,29	4068	4035,47	4045	SHORT	0,00167	5997,81	0,00334	HOLD	99,7754	103,0066
2018-12-03	18:00	4046	4046,01	4011	4027,77	SHORT	0,00167	5997,81	0,00334	HOLD	99,7754	103,0354
2018-12-03	19:00	4025,33	4066	4017,46	4050	SHORT	0,00167	5997,81	0,00334	HOLD	99,7754	102,9983
2018-12-03	20:00	4051,24	4052	4013	4029,55	SHORT	0,00167	5997,81	0,00334	HOLD	99,7754	103,0324
2018-12-03	21:00	4029,54	4047,96	3992,9	3993,07	SHORT	0,00167	5997,81	0,00334	HOLD	99,7754	103,0933
2018-12-03	22:00	3996,36	3996,36	3856,05	3882,86	SHORT	0,00167	5997,81	0,00334	HOLD	99,7754	103,2774
2018-12-03	23:00	3882,82	3903	3827	3894,85	SHORT	0,00167	5997,81	0,00334	HOLD	99,7754	103,2574
2018-12-04	00:00	3892,28	3902,63	3870,01	3898,9	SHORT	0,00167	5997,81	0,00334	HOLD	99,7754	103,2506
2018-12-04	01:00	3898,9	3918	3886,55	3901,32	SHORT	0,00167	5997,81	0,00334	HOLD	99,7754	103,2466
2018-12-04	02:00	3901,32	3902	3868,97	3871,41	SHORT	0,00167	5997,81	0,00334	HOLD	99,7754	103,2965
2018-12-04	03:00	3870,55	3900	3850	3897,58	SHORT	0,00167	5997,81	0,00334	HOLD	99,7754	103,2528
2018-12-04	04:00	3897,62	3934,37	3888,01	3931,56	SHORT	0,00167	5997,81	0,00334	HOLD	99,7754	103,1961
2018-12-04	05:00	3931,56	3944,29	3890,51	3902,54	SHORT	0,00167	5997,81	0,00334	HOLD	99,7754	103,2445
2018-12-04	06:00	3902,19	3921,77	3879,79	3884,01	SHORT	0,00167	5997,81	0,00334	HOLD	99,7754	103,2755
2018-12-04	07:00	3884,76	3925,75	3837,5	3905,52	SHORT	0,00167	5997,81	0,00334	HOLD	99,7754	103,2395
2018-12-04	08:00	3905,52	3935	3900,48	3920,65	SHORT	0,00167	5997,81	0,00334	HOLD	99,7754	103,2143
2018-12-04	09:00	3920,64	3922,64	3885	3890,63	SHORT	0,00167	5997,81	0,00334	HOLD	99,7754	103,2644
2018-12-04	10:00	3889,11	3898,29	3828,6	3866,68	SHORT	0,00167	5997,81	0,00334	HOLD	99,7754	103,3044
2018-12-04	11:00	3866,97	3885,31	3846,19	3861,13	SHORT	0,00167	5997,81	0,00334	HOLD	99,7754	103,3137
2018-12-04	12:00	3859,98	3874	3810	3819,86	SHORT	0,00167	5997,81	0,00334	HOLD	99,7754	103,3826
2018-12-04	13:00	3820,01	4033	3781	3995	SHORT	0,00167	5997,81	0,00334	HOLD	99,7754	103,0901
2018-12-04	14:00	3994,03	4029	3975,01	4027,64	SHORT	0,00167	5997,81	0,00334	HOLD	99,7754	103,0356
2018-12-04	15:00	4027,64	4037,84	3985	3991,7	SHORT	0,00167	5997,81	0,00334	HOLD	99,7754	103,0956
2018-12-04	16:00	3991,74	4019,02	3991	4005	SHORT	0,00167	5997,81	0,00334	HOLD	99,7754	103,0734
2018-12-04	17:00	4004,98	4032	3970,83	3979,01	SHORT	0,00167	5997,81	0,00334	HOLD	99,7754	103,1168
2018-12-04	18:00	3979,1	3996,76	3973	3996,26	SHORT	0,00167	5997,81	0,00334	HOLD	99,7754	103,088
2018-12-04	19:00	3996,28	3998	3965,11	3980,28	SHORT	0,00167	5997,81	0,00334	HOLD	99,7754	103,1147
2018-12-04	20:00	3980,27	4029	3971,83	3992,24	SHORT	0,00167	5997,81	0,00334	HOLD	99,7754	103,0947
2018-12-04	21:00	3992,24	4044,9	3992,24	4043,85	SHORT	0,00167	5997,81	0,00334	HOLD	99,7754	103,0085
2018-12-04	22:00	4043,85	4085	4001,4	4024,83	SHORT	0,00167	5997,81	0,00334	HOLD	99,7754	103,0403
2018-12-04	23:00	4024,52	4026,36	3967,01	3989	SHORT	0,00167	5997,81	0,00334	HOLD	99,7754	103,1001
2018-12-05	00:00	3988,53	3989,15	3930,74	3951,01	SHORT	0,00167	5997,81	0,00334	HOLD	99,7754	103,1636
2018-12-05	01:00	3951,15	3965	3933,01	3960,04	SHORT	0,00167	5997,81	0,00334	HOLD	99,7754	103,1485
2018-12-05	02:00	3960,04	3980	3948,73	3960	SHORT	0,00167	5997,81	0,00334	HOLD	99,7754	103,1486
2018-12-05	03:00	3960	3966,39	3913	3920,02	SHORT	0,00167	5997,81	0,00334	HOLD	99,7754	103,2153
2018-12-05	04:00	3921,33	3959,61	3900	3943,59	SHORT	0,00167	5997,81	0,00334	HOLD	99,7754	103,176
2018-12-05	05:00	3942,34	3954,4	3916,05	3945,91	SHORT	0,00167	5997,81	0,00334	HOLD	99,7754	103,1721
2018-12-05	06:00	3947,42	3959,99	3910	3951,64	SHORT	0,00167	5997,81	0,00334	HOLD	99,7754	103,1625
2018-12-05	07:00	3950,98	3970	3942,08	3955,5	SHORT	0,00167	5997,81	0,00334	HOLD	99,7754	103,1561
2018-12-05	08:00	3954,9	3957,37	3911,05	3929,89	SHORT	0,00167	5997,81	0,00334	HOLD	99,7754	103,1988
2018-12-05	09:00	3928,58	3928,58	3866	3910	SHORT	0,00167	5997,81	0,00334	HOLD	99,7754	103,2321
2018-12-05	10:00	3910	3911,42	3878,71	3886,87	SHORT	0,00167	5997,81	0,00334	HOLD	99,7754	103,2707
2018-12-05	11:00	3888,18	3892,15	3861,06	3880,48	SHORT	0,00167	5997,81	0,00334	HOLD	99,7754	103,2814
2018-12-05	12:00	3880,41	3920,63	3866,01	3906,6	SHORT	0,00167	5997,81	0,00334	HOLD	99,7754	103,2377
2018-12-05	13:00	3906,59	3908,99	3880	3899,56	SHORT	0,00167	5997,81	0,00334	HOLD	99,7754	103,2495
2018-12-05	14:00	3898,73	3905,99	3831,25	3850,89	SHORT	0,00167	5997,81	0,00334	HOLD	99,7754	103,3308
2018-12-05	15:00	3851,52	3883,57	3835,83	3872,93	SHORT	0,00167	5997,81	0,00334	HOLD	99,7754	103,294
2018-12-05	16:00	3872,65	3896,63	3855,99	3891,27	SHORT	0,00167	5997,81	0,00334	HOLD	99,7754	103,2633
2018-12-05	17:00	3891,27	3925	3885	3897,97	SHORT	0,00167	5997,81	0,00334	HOLD	99,7754	103,2522
2018-12-05	18:00	3897,97	3921,26	3872	3918	SHORT	0,00167	5997,81	0,00334	HOLD	99,7754	103,2187
2018-12-05	19:00	3918	3925,97	3883,58	3892,92	SHORT	0,00167	5997,81	0,00334	HOLD	99,7754	103,2606
2018-12-05	20:00	3891,7	3921	3887,81	3890,02	SHORT	0,00167	5997,81	0,00334	HOLD	99,7754	103,2654
2018-12-05	21:00	3890	3890,98	3843	3864,78	SHORT	0,00167	5997,81	0,00334	HOLD	99,7754	103,3076
2018-12-05	22:00	3864,78	3884,29	3861,01	3877,95	SHORT	0,00167	5997,81	0,00334	HOLD	99,7754	103,2856
2018-12-05	23:00	3877,97	3882,99	3745	3765,01	SHORT	0,00167	5997,81	0,00334	HOLD	99,7754	103,4742
2018-12-06	00:00	3767,46	3800,39	3750	3786,17	SHORT	0,00167	5997,81	0,00334	HOLD	99,7754	103,4389
2018-12-06	01:00	3788,31	3809,57	3765	3797,99	SHORT	0,00167	5997,81	0,00334	HOLD	99,7754	103,4191
2018-12-06	02:00	3797,99	3806,66	3771	3774,19	SHORT	0,00167	5997,81	0,00334	HOLD	99,7754	103,4589
2018-12-06	03:00	3774,64	3815,39	3773,41	3814,01	SHORT	0,00167	5997,81	0,00334	HOLD	99,7754	103,3924
2018-12-06	04:00	3814,01	3828,72	3792	3799,86	SHORT	0,00167	5997,81	0,00334	HOLD	99,7754	103,416
2018-12-06	05:00	3799,07	3800,03	3772,03	3779,53	SHORT	0,00167	5997,81	0,00334	HOLD	99,7754	103,4499
2018-12-06	06:00	3781,21	3813,64	3752	3769,84	SHORT	0,00167	5997,81	0,00334	HOLD	99,7754	103,4661
2018-12-06	07:00	3768,44	3815	3762,3	3798,25	SHORT	0,00167	5997,81	0,00334	HOLD	99,7754	103,4187
2018-12-06	08:00	3795,69	3820	3780	3786,28	SHORT	0,00167	5997,81	0,00334	HOLD	99,7754	103,4387
2018-12-06	09:00	3786,97	3796,05	3735,66	3746,1	SHORT	0,00167	5997,81	0,00334	HOLD	99,7754	103,5058
2018-12-06	10:00	3749,93	3790	3735	3771,65	SHORT	0,00167	5997,81	0,00334	HOLD	99,7754	103,4631
2018-12-06	11:00	3771,08	3777,69	3729,13	3736,33	SHORT	0,00167	5997,81	0,00334	HOLD	99,7754	103,5221
2018-12-06	12:00	3736,96	3899,99	3678	3869,62	SHORT	0,00167	5997,81	0,00334	HOLD	99,7754	103,2995
2018-12-06	13:00	3870	3893	3847,5	3863,32	SHORT	0,00167	5997,81	0,00334	HOLD	99,7754	103,31
2018-12-06	14:00	3861,48	3865,93	3842,09	3859,33	SHORT	0,00167	5997,81	0,00334	HOLD	99,7754	103,3167
2018-12-06	15:00	3859,33	3880	3858,6	3866,31	SHORT	0,00167	5997,81	0,00334	HOLD	99,7754	103,305
2018-12-06	16:00	3866,3	3890	3855	3863,99	SHORT	0,00167	5997,81	0,00334	HOLD	99,7754	103,3089
2018-12-06	17:00	3863,97	3866,96	3790,51	3805,01	SHORT	0,00167	5997,81	0,00334	HOLD	99,7754	103,4074
2018-12-06	18:00	3804,43	3832,24	3800	3816,79	SHORT	0,00167	5997,81	0,00334	HOLD	99,7754	103,3877
2018-12-06	19:00	3816,54	3827,99	3752,52	3771,41	SHORT	0,00167	5997,81	0,00334	HOLD	99,7754	103,4635
2018-12-06	20:00	3773,91	3775	3715	3728,81	SHORT	0,00167	5997,81	0,00334	HOLD	99,7754	103,5346
2018-12-06	21:00	3732,39	3781	3631	3741,22	SHORT	0,00167	5997,81	0,00334	HOLD	99,7754	103,5139
2018-12-06	22:00	3739,07	3763,5	3650	3691,91	SHORT	0,00167	5997,81	0,00334	HOLD	99,7754	103,5963
2018-12-06	23:00	3695,93	3701,16	3613,13	3672,12	SHORT	0,00167	5997,81	0,00334	HOLD	99,7754	103,6293
2018-12-07	00:00	3673,26	3685	3619	3668,37	SHORT	0,00167	5997,81	0,00334	HOLD	99,7754	103,6356
2018-12-07	01:00	3668,96	3671,46	3615,5	3658,6	SHORT	0,00167	5997,81	0,00334	HOLD	99,7754	103,6519
2018-12-07	02:00	3660,05	3696,52	3640,05	3694,44	SHORT	0,00167	5997,81	0,00334	HOLD	99,7754	103,592
2018-12-07	03:00	3692,4	3692,4	3650	3687,12	SHORT	0,00167	5997,81	0,00334	HOLD	99,7754	103,6043
2018-12-07	04:00	3688,28	3700	3653,94	3661,03	SHORT	0,00167	5997,81	0,00334	HOLD	99,7754	103,6478
2018-12-07	05:00	3660,19	3669	3628,51	3640,12	SHORT	0,00167	5997,81	0,00334	HOLD	99,7754	103,6828
2018-12-07	06:00	3638,47	3686	3500	3508,75	SHORT	0,00167	5997,81	0,00334	HOLD	99,7754	103,9021
2018-12-07	07:00	3508,75	3534,09	3369,5	3375	SHORT	0,00167	5997,81	0,00334	HOLD	99,7754	104,1255
2018-12-07	08:00	3374,99	3453,23	3353,03	3407,38	SHORT	0,00167	5997,81	0,00334	HOLD	99,7754	104,0714
2018-12-07	09:00	3408,29	3437,37	3341,34	3382,41	SHORT	0,00167	5997,81	0,00334	HOLD	99,7754	104,1131
2018-12-07	10:00	3384,49	3400	3341,04	3367,6	SHORT	0,00167	5997,81	0,00334	HOLD	99,7754	104,1379
2018-12-07	11:00	3367,56	3414,43	3362	3397	SHORT	0,00167	5997,81	0,00334	HOLD	99,7754	104,0888
2018-12-07	12:00	3397	3454,11	3376,94	3442,24	SHORT	0,00167	5997,81	0,00334	HOLD	99,7754	104,0132
2018-12-07	13:00	3442,27	3443,25	3381,26	3393,14	SHORT	0,00167	5997,81	0,00334	HOLD	99,7754	104,0952
2018-12-07	14:00	3391,93	3420	3391,93	3398	SHORT	0,00167	5997,81	0,00334	HOLD	99,7754	104,0871
2018-12-07	15:00	3398,38	3425,05	3346,5	3374,89	SHORT	0,00167	5997,81	0,00334	HOLD	99,7754	104,1257
2018-12-07	16:00	3376,57	3398,61	3348	3372,97	SHORT	0,00167	5997,81	0,00334	HOLD	99,7754	104,1289
2018-12-07	17:00	3372,97	3407,34	3360,11	3387,4	SHORT	0,00167	5997,81	0,00334	HOLD	99,7754	104,1048
2018-12-07	18:00	3387,4	3444,09	3382,8	3397,62	SHORT	0,00167	5997,81	0,00334	HOLD	99,7754	104,0877
2018-12-07	19:00	3396,65	3420	3376,14	3392	SHORT	0,00167	5997,81	0,00334	HOLD	99,7754	104,0971
2018-12-07	20:00	3391,98	3415,17	3380,5	3401,88	SHORT	0,00167	5997,81	0,00334	HOLD	99,7754	104,0806
2018-12-07	21:00	3401,97	3443	3395,46	3420,18	SHORT	0,00167	5997,81	0,00334	HOLD	99,7754	104,0501
2018-12-07	22:00	3414,64	3431,4	3318,03	3319,99	SHORT	0,00167	5997,81	0,00334	HOLD	99,7754	104,2174
2018-12-07	23:00	3319,89	3367,46	3240,02	3275,08	SHORT	0,00167	5997,81	0,00334	HOLD	99,7754	104,2924
2018-12-08	00:00	3274,4	3290	3224,6	3264,74	SHORT	0,00167	5997,81	0,00334	HOLD	99,7754	104,3096
2018-12-08	01:00	3264,02	3285,83	3250	3255,01	SHORT	0,00167	5997,81	0,00334	HOLD	99,7754	104,3259
2018-12-08	02:00	3255,01	3549,99	3255,01	3492,66	SHORT	0,00167	5997,81	0,00334	HOLD	99,7754	103,929
2018-12-08	03:00	3492,07	3493,46	3328,16	3357,75	SHORT	0,00167	5997,81	0,00334	HOLD	99,7754	104,1543
2018-12-08	04:00	3357,74	3409,99	3326,5	3406,97	SHORT	0,00167	5997,81	0,00334	HOLD	99,7754	104,0721
2018-12-08	05:00	3405,51	3425	3368	3411,6	SHORT	0,00167	5997,81	0,00334	HOLD	99,7754	104,0644
2018-12-08	06:00	3411,6	3430	3374,25	3403,55	SHORT	0,00167	5997,81	0,00334	HOLD	99,7754	104,0778
2018-12-08	07:00	3403,57	3495	3401	3488,34	SHORT	0,00167	5997,81	0,00334	HOLD	99,7754	103,9362
2018-12-08	08:00	3488,3	3491,11	3438	3451,36	SHORT	0,00167	5997,81	0,00334	HOLD	99,7754	103,998
2018-12-08	09:00	3451,55	3459,99	3398	3427,02	SHORT	0,00167	5997,81	0,00334	HOLD	99,7754	104,0386
2018-12-08	10:00	3427,95	3460,99	3422,05	3449,7	SHORT	0,00167	5997,81	0,00334	HOLD	99,7754	104,0008
2018-12-08	11:00	3448,79	3493	3436,94	3444	SHORT	0,00167	5997,81	0,00334	HOLD	99,7754	104,0103
2018-12-08	12:00	3444	3465,34	3407	3427,39	SHORT	0,00167	5997,81	0,00334	HOLD	99,7754	104,038
2018-12-08	13:00	3426,16	3435	3405,73	3422,13	SHORT	0,00167	5997,81	0,00334	HOLD	99,7754	104,0468
2018-12-08	14:00	3422,92	3447,62	3416,53	3428,78	SHORT	0,00167	5997,81	0,00334	HOLD	99,7754	104,0357
2018-12-08	15:00	3429,55	3431,41	3370	3371,85	SHORT	0,00167	5997,81	0,00334	HOLD	99,7754	104,1308
2018-12-08	16:00	3372,42	3393,98	3365,56	3388,52	SHORT	0,00167	5997,81	0,00334	HOLD	99,7754	104,1029
2018-12-08	17:00	3388,28	3412	3375	3380,62	SHORT	0,00167	5997,81	0,00334	HOLD	99,7754	104,1161
2018-12-08	18:00	3380,63	3415	3380,04	3412,24	SHORT	0,00167	5997,81	0,00334	HOLD	99,7754	104,0633
2018-12-08	19:00	3410,01	3414,98	3314,18	3348,88	SHORT	0,00167	5997,81	0,00334	HOLD	99,7754	104,1691
2018-12-08	20:00	3348,01	3366,95	3222	3322,99	SHORT	0,00167	5997,81	0,00334	HOLD	99,7754	104,2124
2018-12-08	21:00	3321,72	3357,59	3296,24	3338,49	SHORT	0,00167	5997,81	0,00334	HOLD	99,7754	104,1865
2018-12-08	22:00	3337,94	3399	3331,65	3361,57	SHORT	0,00167	5997,81	0,00334	HOLD	99,7754	104,1479
2018-12-08	23:00	3360,53	3423,84	3360,12	3370,11	SHORT	0,00167	5997,81	0,00334	HOLD	99,7754	104,1337
2018-12-09	00:00	3370,01	3404,05	3352,38	3381,29	SHORT	0,00167	5997,81	0,00334	HOLD	99,7754	104,115
2018-12-09	01:00	3381,24	3415	3375,39	3404,94	SHORT	0,00167	5997,81	0,00334	HOLD	99,7754	104,0755
2018-12-09	02:00	3403,6	3430	3350	3379,09	SHORT	0,00167	5997,81	0,00334	HOLD	99,7754	104,1187
2018-12-09	03:00	3377,52	3379,57	3343	3355,11	SHORT	0,00167	5997,81	0,00334	HOLD	99,7754	104,1587
2018-12-09	04:00	3352,61	3373	3278	3311,99	SHORT	0,00167	5997,81	0,00334	HOLD	99,7754	104,2307
2018-12-09	05:00	3310,1	3475,94	3276,47	3472,52	SHORT	0,00167	5997,81	0,00334	HOLD	99,7754	103,9627
2018-12-09	06:00	3472,53	3485,5	3398,15	3410,93	SHORT	0,00167	5997,81	0,00334	HOLD	99,7754	104,0655
2018-12-09	07:00	3411,36	3445	3401	3414,03	SHORT	0,00167	5997,81	0,00334	HOLD	99,7754	104,0603
2018-12-09	08:00	3413,18	3540,71	3407,78	3429,68	SHORT	0,00167	5997,81	0,00334	HOLD	99,7754	104,0342
2018-12-09	09:00	3428,98	3452,99	3422,59	3437,12	SHORT	0,00167	5997,81	0,00334	HOLD	99,7754	104,0218
2018-12-09	10:00	3437,7	3449,3	3410,88	3418,66	SHORT	0,00167	5997,81	0,00334	HOLD	99,7754	104,0526
2018-12-09	11:00	3419,09	3430,67	3416,67	3422,77	SHORT	0,00167	5997,81	0,00334	HOLD	99,7754	104,0457
2018-12-09	12:00	3422,7	3430,64	3409,39	3415,01	SHORT	0,00167	5997,81	0,00334	HOLD	99,7754	104,0587
2018-12-09	13:00	3414,99	3449,99	3398,15	3441,34	SHORT	0,00167	5997,81	0,00334	HOLD	99,7754	104,0147
2018-12-09	14:00	3441,34	3460,2	3413,03	3416,72	SHORT	0,00167	5997,81	0,00334	HOLD	99,7754	104,0558
2018-12-09	15:00	3417,06	3434,04	3413,28	3425,6	SHORT	0,00167	5997,81	0,00334	HOLD	99,7754	104,041
2018-12-09	16:00	3426,91	3443	3420,36	3424	SHORT	0,00167	5997,81	0,00334	HOLD	99,7754	104,0437
2018-12-09	17:00	3423	3428,7	3398,15	3409,8	SHORT	0,00167	5997,81	0,00334	HOLD	99,7754	104,0674
2018-12-09	18:00	3408,84	3473,67	3394,04	3443,04	SHORT	0,00167	5997,81	0,00334	HOLD	99,7754	104,0119
2018-12-09	19:00	3443,02	3464,99	3434	3435,85	SHORT	0,00167	5997,81	0,00334	HOLD	99,7754	104,0239
2018-12-09	20:00	3436,85	3503	3435,19	3488,55	SHORT	0,00167	5997,81	0,00334	HOLD	99,7754	103,9359
2018-12-09	21:00	3488,55	3554,04	3487,97	3513,54	SHORT	0,00167	5997,81	0,00334	HOLD	99,7754	103,8942
2018-12-09	22:00	3513,52	3590,73	3498,49	3580,95	SHORT	0,00167	5997,81	0,00334	HOLD	99,7754	103,7816
2018-12-09	23:00	3580	3607	3551,71	3591,01	SHORT	0,00167	5997,81	0,00334	HOLD	99,7754	103,7648
2018-12-10	00:00	3591,01	3658	3559,54	3564,92	SHORT	0,00167	5997,81	0,00334	HOLD	99,7754	103,8083
2018-12-10	01:00	3564,91	3603,42	3560	3585	SHORT	0,00167	5997,81	0,00334	HOLD	99,7754	103,7748
2018-12-10	02:00	3585,03	3599	3552,02	3580,82	SHORT	0,00167	5997,81	0,00334	HOLD	99,7754	103,7818
2018-12-10	03:00	3581	3609,99	3573,61	3594,88	SHORT	0,00167	5997,81	0,00334	HOLD	99,7754	103,7583
2018-12-10	04:00	3595,63	3603,4	3535,87	3538,72	SHORT	0,00167	5997,81	0,00334	HOLD	99,7754	103,8521
2018-12-10	05:00	3538,16	3565	3515,78	3531,29	SHORT	0,00167	5997,81	0,00334	HOLD	99,7754	103,8645
2018-12-10	06:00	3531,29	3569	3527,81	3545,37	SHORT	0,00167	5997,81	0,00334	HOLD	99,7754	103,841
2018-12-10	07:00	3548,49	3596,38	3545,34	3574,57	SHORT	0,00167	5997,81	0,00334	HOLD	99,7754	103,7922
2018-12-10	08:00	3574,62	3610	3563,05	3568,52	SHORT	0,00167	5997,81	0,00334	HOLD	99,7754	103,8023
2018-12-10	09:00	3568,51	3578,77	3530,93	3546,82	SHORT	0,00167	5997,81	0,00334	HOLD	99,7754	103,8386
2018-12-10	10:00	3547,42	3565	3523	3552,51	SHORT	0,00167	5997,81	0,00334	HOLD	99,7754	103,8291
2018-12-10	11:00	3552,02	3552,62	3527,43	3546,73	SHORT	0,00167	5997,81	0,00334	HOLD	99,7754	103,8387
2018-12-10	12:00	3546,74	3557	3540	3548,2	SHORT	0,00167	5997,81	0,00334	HOLD	99,7754	103,8363
2018-12-10	13:00	3546,87	3551,99	3476,37	3496,79	SHORT	0,00167	5997,81	0,00334	HOLD	99,7754	103,9221
2018-12-10	14:00	3495,54	3523,98	3475	3503,63	SHORT	0,00167	5997,81	0,00334	HOLD	99,7754	103,9107
2018-12-10	15:00	3503,63	3513,63	3486,3	3491,77	SHORT	0,00167	5997,81	0,00334	HOLD	99,7754	103,9305
2018-12-10	16:00	3491,36	3511	3460,37	3507,05	SHORT	0,00167	5997,81	0,00334	HOLD	99,7754	103,905
2018-12-10	17:00	3509,81	3513	3461,43	3502,79	SHORT	0,00167	5997,81	0,00334	HOLD	99,7754	103,9121
2018-12-10	18:00	3504,11	3537	3502,8	3516,32	SHORT	0,00167	5997,81	0,00334	HOLD	99,7754	103,8895
2018-12-10	19:00	3511,78	3516,23	3481,14	3492,63	SHORT	0,00167	5997,81	0,00334	HOLD	99,7754	103,9291
2018-12-10	20:00	3492,21	3515	3490	3510,05	SHORT	0,00167	5997,81	0,00334	HOLD	99,7754	103,9
2018-12-10	21:00	3509	3513,39	3466	3471,77	SHORT	0,00167	5997,81	0,00334	HOLD	99,7754	103,9639
2018-12-10	22:00	3474,47	3474,77	3413	3428	SHORT	0,00167	5997,81	0,00334	HOLD	99,7754	104,037
2018-12-10	23:00	3428,79	3520	3400,12	3467,44	SHORT	0,00167	5997,81	0,00334	HOLD	99,7754	103,9711
2018-12-11	00:00	3468,07	3469,73	3421,02	3439,65	SHORT	0,00167	5997,81	0,00334	HOLD	99,7754	104,0175
2018-12-11	01:00	3439,2	3454,13	3411	3426,29	SHORT	0,00167	5997,81	0,00334	HOLD	99,7754	104,0399
2018-12-11	02:00	3423,19	3444,17	3370,11	3402,89	SHORT	0,00167	5997,81	0,00334	HOLD	99,7754	104,0789
2018-12-11	03:00	3402,87	3439,98	3380	3417,87	SHORT	0,00167	5997,81	0,00334	HOLD	99,7754	104,0539
2018-12-11	04:00	3416,68	3450	3413,33	3425,69	SHORT	0,00167	5997,81	0,00334	HOLD	99,7754	104,0409
2018-12-11	05:00	3424,1	3449,93	3402	3445,48	SHORT	0,00167	5997,81	0,00334	HOLD	99,7754	104,0078
2018-12-11	06:00	3445,75	3449,95	3430,34	3432,88	SHORT	0,00167	5997,81	0,00334	HOLD	99,7754	104,0289
2018-12-11	07:00	3434,01	3436,78	3405,16	3419,12	SHORT	0,00167	5997,81	0,00334	HOLD	99,7754	104,0518
2018-12-11	08:00	3419,13	3419,49	3390,03	3404,92	SHORT	0,00167	5997,81	0,00334	HOLD	99,7754	104,0755
2018-12-11	09:00	3404,92	3417,99	3395	3411,39	SHORT	0,00167	5997,81	0,00334	HOLD	99,7754	104,0647
2018-12-11	10:00	3410,95	3415,44	3396,23	3411,06	SHORT	0,00167	5997,81	0,00334	HOLD	99,7754	104,0653
2018-12-11	11:00	3411,07	3445	3408,52	3418,5	SHORT	0,00167	5997,81	0,00334	HOLD	99,7754	104,0529
2018-12-11	12:00	3420,12	3453,76	3418,54	3443,52	SHORT	0,00167	5997,81	0,00334	HOLD	99,7754	104,0111
2018-12-11	13:00	3444,54	3480	3424,41	3438,97	SHORT	0,00167	5997,81	0,00334	HOLD	99,7754	104,0187
2018-12-11	14:00	3437,89	3438,64	3397,37	3421,26	SHORT	0,00167	5997,81	0,00334	HOLD	99,7754	104,0483
2018-12-11	15:00	3421,85	3434,25	3408,86	3431,57	SHORT	0,00167	5997,81	0,00334	HOLD	99,7754	104,031
2018-12-11	16:00	3430,79	3443,79	3411,67	3416,84	SHORT	0,00167	5997,81	0,00334	HOLD	99,7754	104,0556
2018-12-11	17:00	3415,73	3425,46	3356	3369,98	SHORT	0,00167	5997,81	0,00334	HOLD	99,7754	104,1339
2018-12-11	18:00	3369,88	3395	3359,01	3381,68	SHORT	0,00167	5997,81	0,00334	HOLD	99,7754	104,1144
2018-12-11	19:00	3380,69	3382,14	3362,01	3374,85	SHORT	0,00167	5997,81	0,00334	HOLD	99,7754	104,1258
2018-12-11	20:00	3375,67	3396,15	3365	3377,23	SHORT	0,00167	5997,81	0,00334	HOLD	99,7754	104,1218
2018-12-11	21:00	3376,85	3380,13	3342,62	3363,69	SHORT	0,00167	5997,81	0,00334	HOLD	99,7754	104,1444
2018-12-11	22:00	3363,99	3378,7	3346	3353,01	SHORT	0,00167	5997,81	0,00334	HOLD	99,7754	104,1622
2018-12-11	23:00	3351,03	3375	3324,32	3367,83	SHORT	0,00167	5997,81	0,00334	HOLD	99,7754	104,1375
2018-12-12	00:00	3367,86	3394,99	3336,22	3376,68	SHORT	0,00167	5997,81	0,00334	HOLD	99,7754	104,1227
2018-12-12	01:00	3376,15	3379,98	3362	3375,08	SHORT	0,00167	5997,81	0,00334	HOLD	99,7754	104,1254
2018-12-12	02:00	3374,2	3378	3359,93	3370,28	SHORT	0,00167	5997,81	0,00334	HOLD	99,7754	104,1334
2018-12-12	03:00	3370,02	3386,01	3366	3383,98	SHORT	0,00167	5997,81	0,00334	HOLD	99,7754	104,1105
2018-12-12	04:00	3383,84	3422,95	3382,03	3407,04	SHORT	0,00167	5997,81	0,00334	HOLD	99,7754	104,072
2018-12-12	05:00	3406,2	3410	3380,01	3388,66	SHORT	0,00167	5997,81	0,00334	HOLD	99,7754	104,1027
2018-12-12	06:00	3388,83	3430,19	3370	3380,39	SHORT	0,00167	5997,81	0,00334	HOLD	99,7754	104,1165
2018-12-12	07:00	3379,23	3383,53	3350	3370,34	SHORT	0,00167	5997,81	0,00334	HOLD	99,7754	104,1333
2018-12-12	08:00	3371,04	3377,09	3352	3368,37	SHORT	0,00167	5997,81	0,00334	HOLD	99,7754	104,1366
2018-12-12	09:00	3368,23	3391,18	3362,64	3376,18	SHORT	0,00167	5997,81	0,00334	HOLD	99,7754	104,1235
2018-12-12	10:00	3373,88	3382,43	3365	3365,64	SHORT	0,00167	5997,81	0,00334	HOLD	99,7754	104,1411
2018-12-12	11:00	3365,7	3379,47	3360	3376,98	SHORT	0,00167	5997,81	0,00334	HOLD	99,7754	104,1222
2018-12-12	12:00	3377,77	3394,24	3374,5	3380,52	SHORT	0,00167	5997,81	0,00334	HOLD	99,7754	104,1163
2018-12-12	13:00	3381,96	3419	3371	3391,09	SHORT	0,00167	5997,81	0,00334	HOLD	99,7754	104,0986
2018-12-12	14:00	3391,08	3425	3391,08	3405,96	SHORT	0,00167	5997,81	0,00334	HOLD	99,7754	104,0738
2018-12-12	15:00	3405,4	3411	3391,03	3402,96	SHORT	0,00167	5997,81	0,00334	HOLD	99,7754	104,0788
2018-12-12	16:00	3402,27	3422,11	3397,02	3407,02	SHORT	0,00167	5997,81	0,00334	HOLD	99,7754	104,072
2018-12-12	17:00	3407,03	3450	3407,03	3445,07	SHORT	0,00167	5997,81	0,00334	HOLD	99,7754	104,0085
2018-12-12	18:00	3445,07	3479,5	3434	3436,99	SHORT	0,00167	5997,81	0,00334	HOLD	99,7754	104,022
2018-12-12	19:00	3436,99	3445,63	3416,47	3421,02	SHORT	0,00167	5997,81	0,00334	HOLD	99,7754	104,0487
2018-12-12	20:00	3421,67	3435	3410	3418,37	SHORT	0,00167	5997,81	0,00334	HOLD	99,7754	104,0531
2018-12-12	21:00	3418,35	3444,93	3413,03	3413,99	SHORT	0,00167	5997,81	0,00334	HOLD	99,7754	104,0604
2018-12-12	22:00	3415,2	3480	3401	3460,3	SHORT	0,00167	5997,81	0,00334	HOLD	99,7754	103,9831
2018-12-12	23:00	3460,3	3492	3443	3451,72	SHORT	0,00167	5997,81	0,00334	HOLD	99,7754	103,9974
2018-12-13	00:00	3451,72	3460	3428,81	3453,55	SHORT	0,00167	5997,81	0,00334	HOLD	99,7754	103,9943
2018-12-13	01:00	3452,4	3468,64	3442,15	3459,98	SHORT	0,00167	5997,81	0,00334	HOLD	99,7754	103,9836
2018-12-13	02:00	3460	3461,24	3441,43	3445,81	SHORT	0,00167	5997,81	0,00334	HOLD	99,7754	104,0073
2018-12-13	03:00	3446,34	3460,02	3442,02	3451,55	SHORT	0,00167	5997,81	0,00334	HOLD	99,7754	103,9977
2018-12-13	04:00	3451,61	3472,73	3449,09	3457,44	SHORT	0,00167	5997,81	0,00334	HOLD	99,7754	103,9878
2018-12-13	05:00	3455,59	3458,54	3425	3434,4	SHORT	0,00167	5997,81	0,00334	HOLD	99,7754	104,0263
2018-12-13	06:00	3433,07	3452	3423,09	3445	SHORT	0,00167	5997,81	0,00334	HOLD	99,7754	104,0086
2018-12-13	07:00	3446,38	3460	3430	3435	SHORT	0,00167	5997,81	0,00334	HOLD	99,7754	104,0253
2018-12-13	08:00	3434,78	3438,65	3390,05	3390,05	SHORT	0,00167	5997,81	0,00334	HOLD	99,7754	104,1004
2018-12-13	09:00	3390,87	3411,35	3384,39	3403,02	SHORT	0,00167	5997,81	0,00334	HOLD	99,7754	104,0787
2018-12-13	10:00	3403,74	3406,77	3393	3405,78	SHORT	0,00167	5997,81	0,00334	HOLD	99,7754	104,0741
2018-12-13	11:00	3405,66	3407,5	3378,49	3390	SHORT	0,00167	5997,81	0,00334	HOLD	99,7754	104,1005
2018-12-13	12:00	3389,31	3397,93	3362,93	3386,63	SHORT	0,00167	5997,81	0,00334	HOLD	99,7754	104,1061
2018-12-13	13:00	3386,64	3391,81	3375	3386	SHORT	0,00167	5997,81	0,00334	HOLD	99,7754	104,1071
2018-12-13	14:00	3386,05	3406,34	3380,9	3402,6	SHORT	0,00167	5997,81	0,00334	HOLD	99,7754	104,0794
2018-12-13	15:00	3402,62	3402,62	3365,5	3401,41	SHORT	0,00167	5997,81	0,00334	HOLD	99,7754	104,0814
2018-12-13	16:00	3401,43	3424	3400,13	3406	SHORT	0,00167	5997,81	0,00334	HOLD	99,7754	104,0737
2018-12-13	17:00	3405,65	3413,07	3396,08	3408,53	SHORT	0,00167	5997,81	0,00334	HOLD	99,7754	104,0695
2018-12-13	18:00	3407,52	3408,5	3380	3385	SHORT	0,00167	5997,81	0,00334	HOLD	99,7754	104,1088
2018-12-13	19:00	3384,26	3435	3382,21	3427	SHORT	0,00167	5997,81	0,00334	HOLD	99,7754	104,0387
2018-12-13	20:00	3426,99	3434,99	3410	3414,99	SHORT	0,00167	5997,81	0,00334	HOLD	99,7754	104,0587
2018-12-13	21:00	3414,99	3423,4	3400	3403,52	SHORT	0,00167	5997,81	0,00334	HOLD	99,7754	104,0779
2018-12-13	22:00	3403	3424,25	3390	3416,02	SHORT	0,00167	5997,81	0,00334	HOLD	99,7754	104,057
2018-12-13	23:00	3414,08	3421,48	3393,46	3404,01	SHORT	0,00167	5997,81	0,00334	HOLD	99,7754	104,0771
2018-12-14	00:00	3404,01	3405,98	3384,45	3388,34	SHORT	0,00167	5997,81	0,00334	HOLD	99,7754	104,1032
2018-12-14	01:00	3387,87	3400	3384,26	3397,11	SHORT	0,00167	5997,81	0,00334	HOLD	99,7754	104,0886
2018-12-14	02:00	3397,14	3399,2	3326,59	3345,47	SHORT	0,00167	5997,81	0,00334	HOLD	99,7754	104,1748
2018-12-14	03:00	3345,46	3358,55	3261	3289,71	SHORT	0,00167	5997,81	0,00334	HOLD	99,7754	104,2679
2018-12-14	04:00	3289,71	3311,6	3255,5	3291,13	SHORT	0,00167	5997,81	0,00334	HOLD	99,7754	104,2656
2018-12-14	05:00	3291,14	3307,01	3270	3301,97	SHORT	0,00167	5997,81	0,00334	HOLD	99,7754	104,2475
2018-12-14	06:00	3299,43	3308,64	3281,62	3302,06	SHORT	0,00167	5997,81	0,00334	HOLD	99,7754	104,2473
2018-12-14	07:00	3302,06	3335,39	3250	3308,66	SHORT	0,00167	5997,81	0,00334	HOLD	99,7754	104,2363
2018-12-14	08:00	3309,7	3319,99	3305	3310,38	SHORT	0,00167	5997,81	0,00334	HOLD	99,7754	104,2334
2018-12-14	09:00	3310,98	3311,72	3272,22	3293,84	SHORT	0,00167	5997,81	0,00334	HOLD	99,7754	104,261
2018-12-14	10:00	3294,63	3299,91	3265,3	3287,28	SHORT	0,00167	5997,81	0,00334	HOLD	99,7754	104,272
2018-12-14	11:00	3287,28	3309,55	3280,71	3307,16	SHORT	0,00167	5997,81	0,00334	HOLD	99,7754	104,2388
2018-12-14	12:00	3309,63	3311,15	3290	3292,73	SHORT	0,00167	5997,81	0,00334	HOLD	99,7754	104,2629
2018-12-14	13:00	3292,73	3320	3290,64	3318,29	SHORT	0,00167	5997,81	0,00334	HOLD	99,7754	104,2202
2018-12-14	14:00	3318,3	3320	3301,5	3307,42	SHORT	0,00167	5997,81	0,00334	HOLD	99,7754	104,2384
2018-12-14	15:00	3307,4	3325	3292,51	3294,28	SHORT	0,00167	5997,81	0,00334	HOLD	99,7754	104,2603
2018-12-14	16:00	3295,49	3306,77	3285	3291,18	SHORT	0,00167	5997,81	0,00334	HOLD	99,7754	104,2655
2018-12-14	17:00	3291,37	3305,5	3282,76	3303,97	SHORT	0,00167	5997,81	0,00334	HOLD	99,7754	104,2441
2018-12-14	18:00	3304,03	3306,16	3277,01	3285,63	SHORT	0,00167	5997,81	0,00334	HOLD	99,7754	104,2748
2018-12-14	19:00	3287,61	3313,95	3273	3307,76	SHORT	0,00167	5997,81	0,00334	HOLD	99,7754	104,2378
2018-12-14	20:00	3307,59	3307,74	3270	3282,98	SHORT	0,00167	5997,81	0,00334	HOLD	99,7754	104,2792
2018-12-14	21:00	3282,75	3292,25	3271,71	3280,07	SHORT	0,00167	5997,81	0,00334	HOLD	99,7754	104,284
2018-12-14	22:00	3279,57	3285,02	3256,01	3260,29	SHORT	0,00167	5997,81	0,00334	HOLD	99,7754	104,3171
2018-12-14	23:00	3260,72	3271	3200	3216,07	SHORT	0,00167	5997,81	0,00334	HOLD	99,7754	104,3909
2018-12-15	00:00	3217,33	3232,72	3201,19	3214,59	SHORT	0,00167	5997,81	0,00334	HOLD	99,7754	104,3934
2018-12-15	01:00	3214,74	3223	3203	3217,98	SHORT	0,00167	5997,81	0,00334	HOLD	99,7754	104,3877
2018-12-15	02:00	3217,98	3228	3209,03	3220,55	SHORT	0,00167	5997,81	0,00334	HOLD	99,7754	104,3834
2018-12-15	03:00	3220,21	3226,95	3201,9	3204,84	SHORT	0,00167	5997,81	0,00334	HOLD	99,7754	104,4097
2018-12-15	04:00	3205,76	3217,22	3177	3198,39	SHORT	0,00167	5997,81	0,00334	HOLD	99,7754	104,4205
2018-12-15	05:00	3198,38	3281,87	3196,99	3243,49	SHORT	0,00167	5997,81	0,00334	HOLD	99,7754	104,3451
2018-12-15	06:00	3243,84	3247,49	3213,98	3224,17	SHORT	0,00167	5997,81	0,00334	HOLD	99,7754	104,3774
2018-12-15	07:00	3225,19	3247,96	3213,17	3243,78	SHORT	0,00167	5997,81	0,00334	HOLD	99,7754	104,3446
2018-12-15	08:00	3244,68	3247,27	3230	3234,75	SHORT	0,00167	5997,81	0,00334	HOLD	99,7754	104,3597
2018-12-15	09:00	3234,37	3249,31	3222,42	3241,86	SHORT	0,00167	5997,81	0,00334	HOLD	99,7754	104,3479
2018-12-15	10:00	3242,27	3262	3240,03	3256,22	SHORT	0,00167	5997,81	0,00334	HOLD	99,7754	104,3239
2018-12-15	11:00	3255,02	3265	3245,03	3258,62	SHORT	0,00167	5997,81	0,00334	HOLD	99,7754	104,3199
2018-12-15	12:00	3258,71	3276,5	3242,37	3249,35	SHORT	0,00167	5997,81	0,00334	HOLD	99,7754	104,3353
2018-12-15	13:00	3250,01	3257,27	3235	3237,09	SHORT	0,00167	5997,81	0,00334	HOLD	99,7754	104,3558
2018-12-15	14:00	3237,09	3240,76	3215	3227,9	SHORT	0,00167	5997,81	0,00334	HOLD	99,7754	104,3712
2018-12-15	15:00	3228,48	3238,92	3227,02	3231,99	SHORT	0,00167	5997,81	0,00334	HOLD	99,7754	104,3643
2018-12-15	16:00	3231,51	3233,4	3188	3192,28	SHORT	0,00167	5997,81	0,00334	HOLD	99,7754	104,4307
2018-12-15	17:00	3192,8	3197,36	3166,5	3186,34	SHORT	0,00167	5997,81	0,00334	HOLD	99,7754	104,4406
2018-12-15	18:00	3186,19	3225	3183,06	3201,24	SHORT	0,00167	5997,81	0,00334	HOLD	99,7754	104,4157
2018-12-15	19:00	3200,97	3213	3184,82	3195,21	SHORT	0,00167	5997,81	0,00334	HOLD	99,7754	104,4258
2018-12-15	20:00	3195,89	3203,9	3168,42	3175,99	SHORT	0,00167	5997,81	0,00334	HOLD	99,7754	104,4579
2018-12-15	21:00	3175,99	3197,73	3171	3184,74	SHORT	0,00167	5997,81	0,00334	HOLD	99,7754	104,4432
2018-12-15	22:00	3183,88	3184,75	3156,26	3172,05	SHORT	0,00167	5997,81	0,00334	HOLD	99,7754	104,4644
2018-12-15	23:00	3172,62	3192,28	3164	3189	SHORT	0,00167	5997,81	0,00334	HOLD	99,7754	104,4361
2018-12-16	00:00	3189	3195	3175,02	3185,94	SHORT	0,00167	5997,81	0,00334	HOLD	99,7754	104,4412
2018-12-16	01:00	3185,94	3187,25	3176	3182,73	SHORT	0,00167	5997,81	0,00334	HOLD	99,7754	104,4466
2018-12-16	02:00	3183,9	3210	3180	3206	SHORT	0,00167	5997,81	0,00334	HOLD	99,7754	104,4077
2018-12-16	03:00	3206	3229,97	3197,01	3223,2	SHORT	0,00167	5997,81	0,00334	HOLD	99,7754	104,379
2018-12-16	04:00	3222,24	3243	3212,34	3235,98	SHORT	0,00167	5997,81	0,00334	HOLD	99,7754	104,3577
2018-12-16	05:00	3236	3244,99	3224,53	3225,66	SHORT	0,00167	5997,81	0,00334	HOLD	99,7754	104,3749
2018-12-16	06:00	3224,61	3249	3205,01	3211,72	SHORT	0,00167	5997,81	0,00334	HOLD	99,7754	104,3982
2018-12-16	07:00	3211,71	3223,88	3209,26	3214	SHORT	0,00167	5997,81	0,00334	HOLD	99,7754	104,3944
2018-12-16	08:00	3212,59	3225,95	3186	3215,99	SHORT	0,00167	5997,81	0,00334	HOLD	99,7754	104,3911
2018-12-16	09:00	3215,98	3278	3215,98	3256,73	SHORT	0,00167	5997,81	0,00334	HOLD	99,7754	104,323
2018-12-16	10:00	3256,9	3283,64	3255,09	3272,59	SHORT	0,00167	5997,81	0,00334	HOLD	99,7754	104,2965
2018-12-16	11:00	3273,58	3293,64	3263,33	3264	SHORT	0,00167	5997,81	0,00334	HOLD	99,7754	104,3109
2018-12-16	12:00	3263,99	3273,77	3261,63	3269,39	SHORT	0,00167	5997,81	0,00334	HOLD	99,7754	104,3019
2018-12-16	13:00	3270,33	3282,01	3269,37	3269,39	SHORT	0,00167	5997,81	0,00334	HOLD	99,7754	104,3019
2018-12-16	14:00	3269,6	3275,24	3246,73	3251,12	SHORT	0,00167	5997,81	0,00334	HOLD	99,7754	104,3324
2018-12-16	15:00	3251,1	3259,82	3238,91	3245,7	SHORT	0,00167	5997,81	0,00334	HOLD	99,7754	104,3414
2018-12-16	16:00	3245,7	3255,26	3240	3250,98	SHORT	0,00167	5997,81	0,00334	HOLD	99,7754	104,3326
2018-12-16	17:00	3250,98	3273,8	3250,34	3260,45	SHORT	0,00167	5997,81	0,00334	HOLD	99,7754	104,3168
2018-12-16	18:00	3260,45	3274,97	3255,6	3267,47	SHORT	0,00167	5997,81	0,00334	HOLD	99,7754	104,3051
2018-12-16	19:00	3267,79	3294	3255,83	3259,17	SHORT	0,00167	5997,81	0,00334	HOLD	99,7754	104,3189
2018-12-16	20:00	3259,17	3263,4	3248,12	3253,88	SHORT	0,00167	5997,81	0,00334	HOLD	99,7754	104,3278
2018-12-16	21:00	3253,96	3254,91	3220,98	3230,84	SHORT	0,00167	5997,81	0,00334	HOLD	99,7754	104,3663
2018-12-16	22:00	3230,86	3245,5	3222,01	3242,65	SHORT	0,00167	5997,81	0,00334	HOLD	99,7754	104,3465
2018-12-16	23:00	3242,6	3248,83	3235	3247,34	SHORT	0,00167	5997,81	0,00334	HOLD	99,7754	104,3387
2018-12-17	00:00	3247,36	3248,4	3222	3225,12	SHORT	0,00167	5997,81	0,00334	HOLD	99,7754	104,3758
2018-12-17	01:00	3225,12	3237,26	3222,59	3235,9	SHORT	0,00167	5997,81	0,00334	HOLD	99,7754	104,3578
2018-12-17	02:00	3236,9	3267	3235,58	3256,59	SHORT	0,00167	5997,81	0,00334	HOLD	99,7754	104,3233
2018-12-17	03:00	3256,59	3258,16	3240,75	3249,61	SHORT	0,00167	5997,81	0,00334	HOLD	99,7754	104,3349
2018-12-17	04:00	3249,64	3253,01	3230	3232,62	SHORT	0,00167	5997,81	0,00334	HOLD	99,7754	104,3633
2018-12-17	05:00	3232,62	3234,88	3215,2	3232,51	SHORT	0,00167	5997,81	0,00334	HOLD	99,7754	104,3635
2018-12-17	06:00	3231,32	3241	3218	3228,67	SHORT	0,00167	5997,81	0,00334	HOLD	99,7754	104,3699
2018-12-17	07:00	3229,22	3253,76	3223,38	3244,55	SHORT	0,00167	5997,81	0,00334	HOLD	99,7754	104,3434
2018-12-17	08:00	3243,97	3245,45	3230,01	3230,93	SHORT	0,00167	5997,81	0,00334	HOLD	99,7754	104,3661
2018-12-17	09:00	3232,74	3242,63	3216	3235,23	SHORT	0,00167	5997,81	0,00334	HOLD	99,7754	104,3589
2018-12-17	10:00	3235,26	3245,56	3234,08	3239,36	SHORT	0,00167	5997,81	0,00334	HOLD	99,7754	104,352
2018-12-17	11:00	3239,73	3244,5	3231,02	3243,53	SHORT	0,00167	5997,81	0,00334	HOLD	99,7754	104,3451
2018-12-17	12:00	3244,49	3248,03	3237,95	3246,87	SHORT	0,00167	5997,81	0,00334	HOLD	99,7754	104,3395
2018-12-17	13:00	3246,87	3270	3246,2	3252,09	SHORT	0,00167	5997,81	0,00334	HOLD	99,7754	104,3308
2018-12-17	14:00	3252,09	3280	3248	3273,33	SHORT	0,00167	5997,81	0,00334	HOLD	99,7754	104,2953
2018-12-17	15:00	3273,33	3289,28	3264	3268,98	SHORT	0,00167	5997,81	0,00334	HOLD	99,7754	104,3026
2018-12-17	16:00	3267,5	3290	3263	3264,09	SHORT	0,00167	5997,81	0,00334	HOLD	99,7754	104,3107
2018-12-17	17:00	3266,53	3272,98	3255,21	3265,96	SHORT	0,00167	5997,81	0,00334	HOLD	99,7754	104,3076
2018-12-17	18:00	3265,96	3274,47	3257,5	3271,86	SHORT	0,00167	5997,81	0,00334	HOLD	99,7754	104,2978
2018-12-17	19:00	3271,86	3424	3271	3409,71	SHORT	0,00167	5997,81	0,00334	HOLD	99,7754	104,0675
2018-12-17	20:00	3409,9	3449,98	3377	3405,08	SHORT	0,00167	5997,81	0,00334	HOLD	99,7754	104,0753
2018-12-17	21:00	3405,84	3444,01	3401,05	3412,31	SHORT	0,00167	5997,81	0,00334	HOLD	99,7754	104,0632
2018-12-17	22:00	3412,29	3425	3395,88	3421,4	SHORT	0,00167	5997,81	0,00334	HOLD	99,7754	104,048
2018-12-17	23:00	3421,76	3466,88	3419,04	3444	SHORT	0,00167	5997,81	0,00334	HOLD	99,7754	104,0103
2018-12-18	00:00	3444,03	3464,7	3431	3447	SHORT	0,00167	5997,81	0,00334	HOLD	99,7754	104,0053
2018-12-18	01:00	3447	3547	3442,37	3539,35	SHORT	0,00167	5997,81	0,00334	HOLD	99,7754	103,851
2018-12-18	02:00	3540,06	3580	3516,9	3535,61	SHORT	0,00167	5997,81	0,00334	HOLD	99,7754	103,8573
2018-12-18	03:00	3535,99	3585	3529,94	3552,02	SHORT	0,00167	5997,81	0,00334	HOLD	99,7754	103,8299
2018-12-18	04:00	3552,02	3552,76	3472,25	3494,83	SHORT	0,00167	5997,81	0,00334	HOLD	99,7754	103,9254
2018-12-18	05:00	3493,7	3524,21	3475,09	3482,28	SHORT	0,00167	5997,81	0,00334	HOLD	99,7754	103,9464
2018-12-18	06:00	3483,05	3519,42	3477	3509,08	SHORT	0,00167	5997,81	0,00334	HOLD	99,7754	103,9016
2018-12-18	07:00	3509,03	3547,85	3500,36	3505,26	SHORT	0,00167	5997,81	0,00334	HOLD	99,7754	103,908
2018-12-18	08:00	3505,26	3512,73	3482,48	3496,34	SHORT	0,00167	5997,81	0,00334	HOLD	99,7754	103,9229
2018-12-18	09:00	3496,34	3519,99	3493,61	3505,03	SHORT	0,00167	5997,81	0,00334	HOLD	99,7754	103,9084
2018-12-18	10:00	3505,02	3545	3501,83	3537,27	SHORT	0,00167	5997,81	0,00334	HOLD	99,7754	103,8545
2018-12-18	11:00	3537,33	3538,39	3517,17	3530,34	SHORT	0,00167	5997,81	0,00334	HOLD	99,7754	103,8661
2018-12-18	12:00	3530,57	3530,98	3481,34	3492,49	SHORT	0,00167	5997,81	0,00334	HOLD	99,7754	103,9293
2018-12-18	13:00	3492,52	3509,97	3490,86	3497,67	SHORT	0,00167	5997,81	0,00334	HOLD	99,7754	103,9207
2018-12-18	14:00	3498,16	3523,86	3490,01	3510,83	SHORT	0,00167	5997,81	0,00334	HOLD	99,7754	103,8987
2018-12-18	15:00	3510,81	3510,81	3440,11	3457,54	SHORT	0,00167	5997,81	0,00334	HOLD	99,7754	103,9877
2018-12-18	16:00	3457,2	3460,72	3432,89	3456,84	SHORT	0,00167	5997,81	0,00334	HOLD	99,7754	103,9888
2018-12-18	17:00	3456,84	3477	3446,98	3474	SHORT	0,00167	5997,81	0,00334	HOLD	99,7754	103,9602
2018-12-18	18:00	3474,06	3500	3424,47	3490,85	SHORT	0,00167	5997,81	0,00334	HOLD	99,7754	103,932
2018-12-18	19:00	3490,85	3499,42	3474	3490,39	SHORT	0,00167	5997,81	0,00334	HOLD	99,7754	103,9328
2018-12-18	20:00	3489,64	3552	3479,01	3536,03	SHORT	0,00167	5997,81	0,00334	HOLD	99,7754	103,8566
2018-12-18	21:00	3536,03	3577	3524	3561,3	SHORT	0,00167	5997,81	0,00334	HOLD	99,7754	103,8144
2018-12-18	22:00	3561,9	3573,25	3508,01	3512,18	SHORT	0,00167	5997,81	0,00334	HOLD	99,7754	103,8964
2018-12-18	23:00	3512,18	3542,94	3509,59	3529	SHORT	0,00167	5997,81	0,00334	HOLD	99,7754	103,8683
2018-12-19	00:00	3529	3541,98	3493,25	3523,25	SHORT	0,00167	5997,81	0,00334	HOLD	99,7754	103,8779
2018-12-19	01:00	3523,25	3524,23	3485	3503,09	SHORT	0,00167	5997,81	0,00334	HOLD	99,7754	103,9116
2018-12-19	02:00	3503,02	3540	3500,04	3536,07	SHORT	0,00167	5997,81	0,00334	HOLD	99,7754	103,8565
2018-12-19	03:00	3536,49	3558,87	3503	3513,5	SHORT	0,00167	5997,81	0,00334	HOLD	99,7754	103,8942
2018-12-19	04:00	3512,23	3551	3509,17	3545	SHORT	0,00167	5997,81	0,00334	HOLD	99,7754	103,8416
2018-12-19	05:00	3544,98	3578,96	3528,07	3559,98	SHORT	0,00167	5997,81	0,00334	HOLD	99,7754	103,8166
2018-12-19	06:00	3559,52	3678,59	3556,07	3652,98	SHORT	0,00167	5997,81	0,00334	HOLD	99,7754	103,6613
2018-12-19	07:00	3653	3676	3622,55	3649,57	SHORT	0,00167	5997,81	0,00334	HOLD	99,7754	103,667
2018-12-19	08:00	3648,81	3704,59	3637,49	3680,93	SHORT	0,00167	5997,81	0,00334	HOLD	99,7754	103,6146
2018-12-19	09:00	3680,19	3726,99	3663,57	3697,92	SHORT	0,00167	5997,81	0,00334	HOLD	99,7754	103,5862
2018-12-19	10:00	3697,92	3743	3689,44	3727,85	SHORT	0,00167	5997,81	0,00334	HOLD	99,7754	103,5363
2018-12-19	11:00	3727,85	3737,25	3685,03	3692,05	SHORT	0,00167	5997,81	0,00334	HOLD	99,7754	103,596
2018-12-19	12:00	3692,06	3726	3692,05	3724,81	SHORT	0,00167	5997,81	0,00334	HOLD	99,7754	103,5413
2018-12-19	13:00	3724,6	3749	3701,02	3719,6	SHORT	0,00167	5997,81	0,00334	HOLD	99,7754	103,55
2018-12-19	14:00	3719,44	3719,99	3652	3698,31	SHORT	0,00167	5997,81	0,00334	HOLD	99,7754	103,5856
2018-12-19	15:00	3699,59	3721,5	3683,95	3721	SHORT	0,00167	5997,81	0,00334	HOLD	99,7754	103,5477
2018-12-19	16:00	3721,45	3759	3712,79	3721,64	SHORT	0,00167	5997,81	0,00334	HOLD	99,7754	103,5466
2018-12-19	17:00	3721,7	3794	3711,6	3774,69	SHORT	0,00167	5997,81	0,00334	HOLD	99,7754	103,458
2018-12-19	18:00	3774,4	3830	3772,02	3821,4	SHORT	0,00167	5997,81	0,00334	HOLD	99,7754	103,38
2018-12-19	19:00	3818,45	3836,43	3774	3817,65	SHORT	0,00167	5997,81	0,00334	HOLD	99,7754	103,3863
2018-12-19	20:00	3814,74	3912,73	3813,15	3849,52	SHORT	0,00167	5997,81	0,00334	HOLD	99,7754	103,3331
2018-12-19	21:00	3849,75	3864,09	3758	3761,93	SHORT	0,00167	5997,81	0,00334	HOLD	99,7754	103,4793
2018-12-19	22:00	3761,93	3806,95	3715	3744,93	SHORT	0,00167	5997,81	0,00334	HOLD	99,7754	103,5077
2018-12-19	23:00	3743,68	3793,98	3727,25	3778,06	SHORT	0,00167	5997,81	0,00334	HOLD	99,7754	103,4524
2018-12-20	00:00	3777,52	3814,5	3738,34	3769,25	SHORT	0,00167	5997,81	0,00334	HOLD	99,7754	103,4671
2018-12-20	01:00	3771,55	3797,38	3736,51	3774,55	SHORT	0,00167	5997,81	0,00334	HOLD	99,7754	103,4583
2018-12-20	02:00	3773,98	3797,19	3745	3751,4	SHORT	0,00167	5997,81	0,00334	HOLD	99,7754	103,4969
2018-12-20	03:00	3751,4	3767,97	3691	3722,76	SHORT	0,00167	5997,81	0,00334	HOLD	99,7754	103,5448
2018-12-20	04:00	3722,78	3723,5	3630,23	3644,79	SHORT	0,00167	5997,81	0,00334	HOLD	99,7754	103,675
2018-12-20	05:00	3644,79	3707	3644,79	3694,98	SHORT	0,00167	5997,81	0,00334	HOLD	99,7754	103,5911
2018-12-20	06:00	3694,71	3713,03	3653,25	3662,22	SHORT	0,00167	5997,81	0,00334	HOLD	99,7754	103,6459
2018-12-20	07:00	3660,01	3720	3635	3700	SHORT	0,00167	5997,81	0,00334	HOLD	99,7754	103,5828
2018-12-20	08:00	3699,48	3740,88	3683,6	3728,58	SHORT	0,00167	5997,81	0,00334	HOLD	99,7754	103,535
2018-12-20	09:00	3728,58	3758	3707,75	3716,28	SHORT	0,00167	5997,81	0,00334	HOLD	99,7754	103,5556
2018-12-20	10:00	3717,83	3728,9	3689,13	3707	SHORT	0,00167	5997,81	0,00334	HOLD	99,7754	103,5711
2018-12-20	11:00	3705,62	3734,08	3697	3719,92	SHORT	0,00167	5997,81	0,00334	HOLD	99,7754	103,5495
2018-12-20	12:00	3720	3728,08	3673	3686,12	SHORT	0,00167	5997,81	0,00334	HOLD	99,7754	103,6059
2018-12-20	13:00	3685,97	3720	3650	3701,42	SHORT	0,00167	5997,81	0,00334	HOLD	99,7754	103,5804
2018-12-20	14:00	3701,42	3735,2	3690	3733,7	SHORT	0,00167	5997,81	0,00334	HOLD	99,7754	103,5265
2018-12-20	15:00	3733,68	3982,12	3732,15	3925,66	SHORT	0,00167	5997,81	0,00334	HOLD	99,7754	103,2059
2018-12-20	16:00	3925,66	4033,55	3922,5	4022,25	SHORT	0,00167	5997,81	0,00334	HOLD	99,7754	103,0446
2018-12-20	17:00	4022,35	4050,27	3964,01	4007,81	SHORT	0,00167	5997,81	0,00334	HOLD	99,7754	103,0687
2018-12-20	18:00	4008,08	4065	3950	3974,78	SHORT	0,00167	5997,81	0,00334	HOLD	99,7754	103,1239
2018-12-20	19:00	3974,77	4035	3970,14	4025,68	SHORT	0,00167	5997,81	0,00334	HOLD	99,7754	103,0389
2018-12-20	20:00	4025,05	4063	3926,98	3971,41	SHORT	0,00167	5997,81	0,00334	HOLD	99,7754	103,1295
2018-12-20	21:00	3974,65	4000	3946,02	3981,43	SHORT	0,00167	5997,81	0,00334	HOLD	99,7754	103,1128
2018-12-20	22:00	3981,55	4033,86	3951,34	3985,94	SHORT	0,00167	5997,81	0,00334	HOLD	99,7754	103,1052
2018-12-20	23:00	3987,2	4100	3965,05	4092,03	SHORT	0,00167	5997,81	0,00334	HOLD	99,7754	102,9281
2018-12-21	00:00	4092,14	4120	3985	4030	SHORT	0,00167	5997,81	0,00334	HOLD	99,7754	103,0317
2018-12-21	01:00	4030,73	4037	3985	4003,17	SHORT	0,00167	5997,81	0,00334	HOLD	99,7754	103,0765
2018-12-21	02:00	4007,59	4028	3990,5	4012,82	SHORT	0,00167	5997,81	0,00334	HOLD	99,7754	103,0604
2018-12-21	03:00	4011,73	4022,21	3860	3868	SHORT	0,00167	5997,81	0,00334	HOLD	99,7754	103,3022
2018-12-21	04:00	3869,99	3980	3866	3974,04	SHORT	0,00167	5997,81	0,00334	HOLD	99,7754	103,1251
2018-12-21	05:00	3978,21	4065	3969,94	4043,51	SHORT	0,00167	5997,81	0,00334	HOLD	99,7754	103,0091
2018-12-21	06:00	4044,99	4084,19	4016,9	4049,62	SHORT	0,00167	5997,81	0,00334	HOLD	99,7754	102,9989
2018-12-21	07:00	4051,86	4051,98	3995	4048,05	SHORT	0,00167	5997,81	0,00334	HOLD	99,7754	103,0015
2018-12-21	08:00	4048,04	4139,99	4015,02	4116,75	SHORT	0,00167	5997,81	0,00334	HOLD	99,7754	102,8868
2018-12-21	09:00	4118,02	4138	3969	4026,04	SHORT	0,00167	5997,81	0,00334	HOLD	99,7754	103,0383
2018-12-21	10:00	4025,57	4030,98	3950,18	4020,29	SHORT	0,00167	5997,81	0,00334	HOLD	99,7754	103,0479
2018-12-21	11:00	4020,61	4021	3966	3991,59	SHORT	0,00167	5997,81	0,00334	HOLD	99,7754	103,0958
2018-12-21	12:00	3990,02	3997	3880	3919,46	SHORT	0,00167	5997,81	0,00334	HOLD	99,7754	103,2163
2018-12-21	13:00	3920,02	4000	3916,33	3980,05	SHORT	0,00167	5997,81	0,00334	HOLD	99,7754	103,1151
2018-12-21	14:00	3980,2	3988,77	3934,1	3986	SHORT	0,00167	5997,81	0,00334	HOLD	99,7754	103,1051
2018-12-21	15:00	3986	4033,95	3975	4000	SHORT	0,00167	5997,81	0,00334	HOLD	99,7754	103,0818
2018-12-21	16:00	4000	4006,23	3940	3952,91	SHORT	0,00167	5997,81	0,00334	HOLD	99,7754	103,1604
2018-12-21	17:00	3953,14	3988	3922,83	3977,32	SHORT	0,00167	5997,81	0,00334	HOLD	99,7754	103,1196
2018-12-21	18:00	3977,32	4019	3965,09	3995,51	SHORT	0,00167	5997,81	0,00334	HOLD	99,7754	103,0893
2018-12-21	19:00	3995,28	4070,99	3950,11	4014,87	SHORT	0,00167	5997,81	0,00334	HOLD	99,7754	103,0569
2018-12-21	20:00	4013,43	4065,6	3991,97	4007,79	SHORT	0,00167	5997,81	0,00334	HOLD	99,7754	103,0688
2018-12-21	21:00	4009,28	4033,76	3974,04	3998,69	SHORT	0,00167	5997,81	0,00334	HOLD	99,7754	103,084
2018-12-21	22:00	3999,95	4005,7	3930	3944,93	SHORT	0,00167	5997,81	0,00334	HOLD	99,7754	103,1737
2018-12-21	23:00	3944,93	3978,39	3903	3925,02	SHORT	0,00167	5997,81	0,00334	HOLD	99,7754	103,207
2018-12-22	00:00	3925,95	3964	3900	3919,96	SHORT	0,00167	5997,81	0,00334	HOLD	99,7754	103,2154
2018-12-22	01:00	3916,32	3930	3878	3916,76	SHORT	0,00167	5997,81	0,00334	HOLD	99,7754	103,2208
2018-12-22	02:00	3916,76	3938	3792	3806,27	SHORT	0,00167	5997,81	0,00334	HOLD	99,7754	103,4053
2018-12-22	03:00	3806,24	3833	3764	3790,07	SHORT	0,00167	5997,81	0,00334	HOLD	99,7754	103,4323
2018-12-22	04:00	3790,07	3867,22	3765,01	3848,6	SHORT	0,00167	5997,81	0,00334	HOLD	99,7754	103,3346
2018-12-22	05:00	3849,54	3863,74	3795	3818,98	SHORT	0,00167	5997,81	0,00334	HOLD	99,7754	103,3841
2018-12-22	06:00	3818,93	3853,91	3800	3838,66	SHORT	0,00167	5997,81	0,00334	HOLD	99,7754	103,3512
2018-12-22	07:00	3840,25	3872	3830,72	3842,96	SHORT	0,00167	5997,81	0,00334	HOLD	99,7754	103,344
2018-12-22	08:00	3841,03	3844,98	3800,2	3823,23	SHORT	0,00167	5997,81	0,00334	HOLD	99,7754	103,377
2018-12-22	09:00	3823,23	3844,02	3790	3841,63	SHORT	0,00167	5997,81	0,00334	HOLD	99,7754	103,3462
2018-12-22	10:00	3841,63	3843,53	3816,5	3818,21	SHORT	0,00167	5997,81	0,00334	HOLD	99,7754	103,3854
2018-12-22	11:00	3818,65	3832,38	3788	3804,74	SHORT	0,00167	5997,81	0,00334	HOLD	99,7754	103,4078
2018-12-22	12:00	3804,74	3829	3785	3818,68	SHORT	0,00167	5997,81	0,00334	HOLD	99,7754	103,3846
2018-12-22	13:00	3819,11	3844	3817,23	3826,01	SHORT	0,00167	5997,81	0,00334	HOLD	99,7754	103,3723
2018-12-22	14:00	3823	3845	3812,92	3834,7	SHORT	0,00167	5997,81	0,00334	HOLD	99,7754	103,3578
2018-12-22	15:00	3835	3859,99	3821	3830,19	SHORT	0,00167	5997,81	0,00334	HOLD	99,7754	103,3653
2018-12-22	16:00	3831,56	3933,39	3831,1	3925,86	SHORT	0,00167	5997,81	0,00334	HOLD	99,7754	103,2056
2018-12-22	17:00	3925,97	3927,59	3888,14	3896,73	SHORT	0,00167	5997,81	0,00334	HOLD	99,7754	103,2542
2018-12-22	18:00	3896,71	3900	3857	3875	SHORT	0,00167	5997,81	0,00334	HOLD	99,7754	103,2905
2018-12-22	19:00	3874,73	3885	3821	3836	SHORT	0,00167	5997,81	0,00334	HOLD	99,7754	103,3556
2018-12-22	20:00	3836,32	3851	3818	3829,85	SHORT	0,00167	5997,81	0,00334	HOLD	99,7754	103,3659
2018-12-22	21:00	3828,36	3836,17	3785	3826,68	SHORT	0,00167	5997,81	0,00334	HOLD	99,7754	103,3712
2018-12-22	22:00	3827	3840	3805	3830,1	SHORT	0,00167	5997,81	0,00334	HOLD	99,7754	103,3655
2018-12-22	23:00	3830,05	3877,31	3794,41	3842,2	SHORT	0,00167	5997,81	0,00334	HOLD	99,7754	103,3453
2018-12-23	00:00	3842,2	3845	3817,01	3837,26	SHORT	0,00167	5997,81	0,00334	HOLD	99,7754	103,3535
2018-12-23	01:00	3839,49	3870	3835	3850,27	SHORT	0,00167	5997,81	0,00334	HOLD	99,7754	103,3318
2018-12-23	02:00	3852,35	3888,34	3835,77	3877,86	SHORT	0,00167	5997,81	0,00334	HOLD	99,7754	103,2857
2018-12-23	03:00	3877,86	3910	3858	3871,85	SHORT	0,00167	5997,81	0,00334	HOLD	99,7754	103,2958
2018-12-23	04:00	3870,13	3898	3868,44	3870,97	SHORT	0,00167	5997,81	0,00334	HOLD	99,7754	103,2972
2018-12-23	05:00	3870,97	3871	3819	3849,58	SHORT	0,00167	5997,81	0,00334	HOLD	99,7754	103,333
2018-12-23	06:00	3849,15	3979	3848,21	3948,91	SHORT	0,00167	5997,81	0,00334	HOLD	99,7754	103,1671
2018-12-23	07:00	3948,91	3988	3922,37	3977,21	SHORT	0,00167	5997,81	0,00334	HOLD	99,7754	103,1198
2018-12-23	08:00	3977,32	4000	3950,7	3963,52	SHORT	0,00167	5997,81	0,00334	HOLD	99,7754	103,1427
2018-12-23	09:00	3962,8	3976,62	3941,28	3948,07	SHORT	0,00167	5997,81	0,00334	HOLD	99,7754	103,1685
2018-12-23	10:00	3947	4003,84	3940,57	3980,97	SHORT	0,00167	5997,81	0,00334	HOLD	99,7754	103,1135
2018-12-23	11:00	3980,97	3998	3958	3966,28	SHORT	0,00167	5997,81	0,00334	HOLD	99,7754	103,1381
2018-12-23	12:00	3966,28	3992	3951,01	3977,99	SHORT	0,00167	5997,81	0,00334	HOLD	99,7754	103,1185
2018-12-23	13:00	3979,85	3987,01	3965	3966,95	SHORT	0,00167	5997,81	0,00334	HOLD	99,7754	103,137
2018-12-23	14:00	3966,95	3968,7	3940	3958,92	SHORT	0,00167	5997,81	0,00334	HOLD	99,7754	103,1504
2018-12-23	15:00	3957,07	3970,94	3935	3960,75	SHORT	0,00167	5997,81	0,00334	HOLD	99,7754	103,1473
2018-12-23	16:00	3963,33	3990,83	3958	3968,22	SHORT	0,00167	5997,81	0,00334	HOLD	99,7754	103,1348
2018-12-23	17:00	3966,03	4021,53	3944	4000	SHORT	0,00167	5997,81	0,00334	HOLD	99,7754	103,0818
2018-12-23	18:00	4000,41	4013,97	3980	3994,4	SHORT	0,00167	5997,81	0,00334	HOLD	99,7754	103,0911
2018-12-23	19:00	3996,52	4010,27	3972,04	3981,39	SHORT	0,00167	5997,81	0,00334	HOLD	99,7754	103,1128
2018-12-23	20:00	3981,39	4007,38	3975,96	3996,8	SHORT	0,00167	5997,81	0,00334	HOLD	99,7754	103,0871
2018-12-23	21:00	3995,64	3996,78	3939,33	3939,99	SHORT	0,00167	5997,81	0,00334	HOLD	99,7754	103,182
2018-12-23	22:00	3942,35	3942,37	3870	3907,51	SHORT	0,00167	5997,81	0,00334	HOLD	99,7754	103,2362
2018-12-23	23:00	3906,35	3957	3891	3934,41	SHORT	0,00167	5997,81	0,00334	HOLD	99,7754	103,1913
2018-12-24	00:00	3934,41	3944,99	3901,02	3936,38	SHORT	0,00167	5997,81	0,00334	HOLD	99,7754	103,188
2018-12-24	01:00	3935,09	3968,95	3921	3953,29	SHORT	0,00167	5997,81	0,00334	HOLD	99,7754	103,1598
2018-12-24	02:00	3953	3959,96	3920	3929,74	SHORT	0,00167	5997,81	0,00334	HOLD	99,7754	103,1991
2018-12-24	03:00	3931,48	3941,48	3903	3938,97	SHORT	0,00167	5997,81	0,00334	HOLD	99,7754	103,1837
2018-12-24	04:00	3938,97	3954	3918,2	3929,66	SHORT	0,00167	5997,81	0,00334	HOLD	99,7754	103,1992
2018-12-24	05:00	3929,31	3940,4	3888	3938,27	SHORT	0,00167	5997,81	0,00334	HOLD	99,7754	103,1849
2018-12-24	06:00	3938,28	3944,1	3910,33	3929,71	SHORT	0,00167	5997,81	0,00334	HOLD	99,7754	103,1991
2018-12-24	07:00	3929,71	4157,58	3924,83	4144,84	SHORT	0,00167	5997,81	0,00334	HOLD	99,7754	102,8399
2018-12-24	08:00	4145	4168	4097,87	4139	SHORT	0,00167	5997,81	0,00334	HOLD	99,7754	102,8496
2018-12-24	09:00	4139	4148,98	4111	4127	SHORT	0,00167	5997,81	0,00334	HOLD	99,7754	102,8697
2018-12-24	10:00	4126,4	4150	4119	4141,01	SHORT	0,00167	5997,81	0,00334	HOLD	99,7754	102,8463
2018-12-24	11:00	4141,01	4142,48	4111	4125,4	SHORT	0,00167	5997,81	0,00334	HOLD	99,7754	102,8723
2018-12-24	12:00	4125,4	4196,28	4124,27	4174,11	SHORT	0,00167	5997,81	0,00334	HOLD	99,7754	102,791
2018-12-24	13:00	4175,96	4194,1	4125,46	4160,04	SHORT	0,00167	5997,81	0,00334	HOLD	99,7754	102,8145
2018-12-24	14:00	4160,01	4177,53	4142	4161,5	SHORT	0,00167	5997,81	0,00334	HOLD	99,7754	102,8121
2018-12-24	15:00	4160,06	4198	4158	4170,23	SHORT	0,00167	5997,81	0,00334	HOLD	99,7754	102,7975
2018-12-24	16:00	4170,23	4198	4149	4165	SHORT	0,00167	5997,81	0,00334	HOLD	99,7754	102,8062
2018-12-24	17:00	4165	4171	4066	4081,71	SHORT	0,00167	5997,81	0,00334	HOLD	99,7754	102,9453
2018-12-24	18:00	4084,2	4120	4077	4105,96	SHORT	0,00167	5997,81	0,00334	HOLD	99,7754	102,9048
2018-12-24	19:00	4105,97	4106,37	4068	4077,19	SHORT	0,00167	5997,81	0,00334	HOLD	99,7754	102,9529
2018-12-24	20:00	4080	4128,16	4068	4119,01	SHORT	0,00167	5997,81	0,00334	HOLD	99,7754	102,883
2018-12-24	21:00	4118,97	4181,65	4089	4159,99	SHORT	0,00167	5997,81	0,00334	HOLD	99,7754	102,8146
2018-12-24	22:00	4159,99	4190	4021	4021,22	SHORT	0,00167	5997,81	0,00334	HOLD	99,7754	103,0463
2018-12-24	23:00	4022	4073,8	4000	4058,75	SHORT	0,00167	5997,81	0,00334	HOLD	99,7754	102,9836
2018-12-25	00:00	4058,79	4078,09	4041	4055,55	SHORT	0,00167	5997,81	0,00334	HOLD	99,7754	102,989
2018-12-25	01:00	4055,95	4067,94	4010	4032,98	SHORT	0,00167	5997,81	0,00334	HOLD	99,7754	103,0267
2018-12-25	02:00	4032,98	4036,37	3965,01	4012,49	SHORT	0,00167	5997,81	0,00334	HOLD	99,7754	103,0609
2018-12-25	03:00	4012,49	4028,61	3993	4005,5	SHORT	0,00167	5997,81	0,00334	HOLD	99,7754	103,0726
2018-12-25	04:00	4005,5	4058	3995,04	4052,57	SHORT	0,00167	5997,81	0,00334	HOLD	99,7754	102,994
2018-12-25	05:00	4052,88	4066	4032	4040,82	SHORT	0,00167	5997,81	0,00334	HOLD	99,7754	103,0136
2018-12-25	06:00	4041,11	4061,13	3984,78	4008,01	SHORT	0,00167	5997,81	0,00334	HOLD	99,7754	103,0684
2018-12-25	07:00	4010,11	4020	3764	3797,96	SHORT	0,00167	5997,81	0,00334	HOLD	99,7754	103,4192
2018-12-25	08:00	3798,01	3831,46	3770	3800,01	SHORT	0,00167	5997,81	0,00334	HOLD	99,7754	103,4157
2018-12-25	09:00	3800,03	3833	3774	3805,17	SHORT	0,00167	5997,81	0,00334	HOLD	99,7754	103,4071
2018-12-25	10:00	3807,02	3818,24	3705	3709,1	SHORT	0,00167	5997,81	0,00334	HOLD	99,7754	103,5676
2018-12-25	11:00	3709,1	3758	3708,52	3750,96	SHORT	0,00167	5997,81	0,00334	HOLD	99,7754	103,4977
2018-12-25	12:00	3749,76	3785,09	3729,17	3767,05	SHORT	0,00167	5997,81	0,00334	HOLD	99,7754	103,4708
2018-12-25	13:00	3767,03	3780	3735	3761,52	SHORT	0,00167	5997,81	0,00334	HOLD	99,7754	103,48
2018-12-25	14:00	3759,04	3793,42	3746,52	3750,39	SHORT	0,00167	5997,81	0,00334	HOLD	99,7754	103,4986
2018-12-25	15:00	3750,57	3764,56	3719,14	3731,66	SHORT	0,00167	5997,81	0,00334	HOLD	99,7754	103,5299
2018-12-25	16:00	3730,67	3785	3722,34	3781,01	SHORT	0,00167	5997,81	0,00334	HOLD	99,7754	103,4475
2018-12-25	17:00	3779,45	3786,95	3730	3739,06	SHORT	0,00167	5997,81	0,00334	HOLD	99,7754	103,5175
2018-12-25	18:00	3740,01	3765	3684	3737,31	SHORT	0,00167	5997,81	0,00334	HOLD	99,7754	103,5205
2018-12-25	19:00	3735,86	3755	3715	3746,24	SHORT	0,00167	5997,81	0,00334	HOLD	99,7754	103,5055
2018-12-25	20:00	3747,1	3764,99	3726	3732,87	SHORT	0,00167	5997,81	0,00334	HOLD	99,7754	103,5279
2018-12-25	21:00	3732,87	3740,98	3700	3714,24	SHORT	0,00167	5997,81	0,00334	HOLD	99,7754	103,559
2018-12-25	22:00	3714,24	3740,73	3646,41	3688	SHORT	0,00167	5997,81	0,00334	HOLD	99,7754	103,6028
2018-12-25	23:00	3688	3726,78	3686,31	3713,93	SHORT	0,00167	5997,81	0,00334	HOLD	99,7754	103,5595
2018-12-26	00:00	3711,86	3717,04	3661,13	3676,28	SHORT	0,00167	5997,81	0,00334	HOLD	99,7754	103,6224
2018-12-26	01:00	3676,07	3712,13	3661	3706,29	SHORT	0,00167	5997,81	0,00334	HOLD	99,7754	103,5723
2018-12-26	02:00	3705,35	3730	3692,74	3707,45	SHORT	0,00167	5997,81	0,00334	HOLD	99,7754	103,5703
2018-12-26	03:00	3706,74	3779	3706,18	3754,92	SHORT	0,00167	5997,81	0,00334	HOLD	99,7754	103,491
2018-12-26	04:00	3754,9	3771,71	3735,76	3755,79	SHORT	0,00167	5997,81	0,00334	HOLD	99,7754	103,4896
2018-12-26	05:00	3755,01	3781	3715,02	3725	SHORT	0,00167	5997,81	0,00334	HOLD	99,7754	103,541
2018-12-26	06:00	3725	3746	3693,45	3745,79	SHORT	0,00167	5997,81	0,00334	HOLD	99,7754	103,5063
2018-12-26	07:00	3745,56	3760,38	3715,05	3744,12	SHORT	0,00167	5997,81	0,00334	HOLD	99,7754	103,5091
2018-12-26	08:00	3744,05	3837,15	3740,65	3802,49	SHORT	0,00167	5997,81	0,00334	HOLD	99,7754	103,4116
2018-12-26	09:00	3802,46	3830	3777	3807,4	SHORT	0,00167	5997,81	0,00334	HOLD	99,7754	103,4034
2018-12-26	10:00	3811,01	3811,95	3790,5	3795,23	SHORT	0,00167	5997,81	0,00334	HOLD	99,7754	103,4237
2018-12-26	11:00	3795,43	3798,99	3771,6	3785,59	SHORT	0,00167	5997,81	0,00334	HOLD	99,7754	103,4398
2018-12-26	12:00	3785,18	3803,49	3776,05	3794,17	SHORT	0,00167	5997,81	0,00334	HOLD	99,7754	103,4255
2018-12-26	13:00	3794,15	3803,2	3757,5	3768	SHORT	0,00167	5997,81	0,00334	HOLD	99,7754	103,4692
2018-12-26	14:00	3767,86	3769,14	3720,5	3743,45	SHORT	0,00167	5997,81	0,00334	HOLD	99,7754	103,5102
2018-12-26	15:00	3743,45	3744,33	3702	3724,66	SHORT	0,00167	5997,81	0,00334	HOLD	99,7754	103,5416
2018-12-26	16:00	3725,54	3738,95	3690	3698,93	SHORT	0,00167	5997,81	0,00334	HOLD	99,7754	103,5845
2018-12-26	17:00	3698,34	3722,74	3686,62	3721,14	SHORT	0,00167	5997,81	0,00334	HOLD	99,7754	103,5475
2018-12-26	18:00	3720,98	3725,65	3701,01	3722,65	SHORT	0,00167	5997,81	0,00334	HOLD	99,7754	103,5449
2018-12-26	19:00	3722,65	3744,98	3700,61	3731,87	SHORT	0,00167	5997,81	0,00334	HOLD	99,7754	103,5295
2018-12-26	20:00	3731,93	3753,07	3721	3736	SHORT	0,00167	5997,81	0,00334	HOLD	99,7754	103,5226
2018-12-26	21:00	3736	3736	3656,74	3682,1	SHORT	0,00167	5997,81	0,00334	HOLD	99,7754	103,6127
2018-12-26	22:00	3683,6	3721,62	3665,02	3706,44	SHORT	0,00167	5997,81	0,00334	HOLD	99,7754	103,572
2018-12-26	23:00	3706,43	3741,34	3690,34	3724,56	SHORT	0,00167	5997,81	0,00334	HOLD	99,7754	103,5417
2018-12-27	00:00	3725,59	3739,98	3705,08	3735	SHORT	0,00167	5997,81	0,00334	HOLD	99,7754	103,5243
2018-12-27	01:00	3735	3736,34	3716,95	3733	SHORT	0,00167	5997,81	0,00334	HOLD	99,7754	103,5277
2018-12-27	02:00	3732,71	3792,2	3732,07	3769,95	SHORT	0,00167	5997,81	0,00334	HOLD	99,7754	103,4659
2018-12-27	03:00	3769,61	3784,02	3731,79	3737,52	SHORT	0,00167	5997,81	0,00334	HOLD	99,7754	103,5201
2018-12-27	04:00	3738,96	3752	3715	3749,86	SHORT	0,00167	5997,81	0,00334	HOLD	99,7754	103,4995
2018-12-27	05:00	3747,08	3800	3746,2	3783,97	SHORT	0,00167	5997,81	0,00334	HOLD	99,7754	103,4425
2018-12-27	06:00	3781,33	3800	3762,23	3777,74	SHORT	0,00167	5997,81	0,00334	HOLD	99,7754	103,4529
2018-12-27	07:00	3777,74	3795	3752,63	3783,35	SHORT	0,00167	5997,81	0,00334	HOLD	99,7754	103,4436
2018-12-27	08:00	3783,35	3813,98	3725,32	3730,1	SHORT	0,00167	5997,81	0,00334	HOLD	99,7754	103,5325
2018-12-27	09:00	3727,34	3737,2	3690	3729,01	SHORT	0,00167	5997,81	0,00334	HOLD	99,7754	103,5343
2018-12-27	10:00	3730,7	3736	3704,07	3711,59	SHORT	0,00167	5997,81	0,00334	HOLD	99,7754	103,5634
2018-12-27	11:00	3709,47	3730,55	3709,32	3717,27	SHORT	0,00167	5997,81	0,00334	HOLD	99,7754	103,5539
2018-12-27	12:00	3716,8	3720,77	3670	3700,37	SHORT	0,00167	5997,81	0,00334	HOLD	99,7754	103,5821
2018-12-27	13:00	3700,38	3728,46	3700,38	3717,19	SHORT	0,00167	5997,81	0,00334	HOLD	99,7754	103,5541
2018-12-27	14:00	3717,21	3734	3707,35	3725,47	SHORT	0,00167	5997,81	0,00334	HOLD	99,7754	103,5402
2018-12-27	15:00	3725,06	3745,59	3702,11	3708,21	SHORT	0,00167	5997,81	0,00334	HOLD	99,7754	103,5691
2018-12-27	16:00	3708,25	3738,67	3703,05	3726,15	SHORT	0,00167	5997,81	0,00334	HOLD	99,7754	103,5391
2018-12-27	17:00	3726,13	3750	3706,54	3709,72	SHORT	0,00167	5997,81	0,00334	HOLD	99,7754	103,5665
2018-12-27	18:00	3709,73	3730	3697,52	3724,13	SHORT	0,00167	5997,81	0,00334	HOLD	99,7754	103,5425
2018-12-27	19:00	3723,16	3733,54	3708	3724,85	SHORT	0,00167	5997,81	0,00334	HOLD	99,7754	103,5413
2018-12-27	20:00	3724,83	3760,95	3719,21	3734,8	SHORT	0,00167	5997,81	0,00334	HOLD	99,7754	103,5246
2018-12-27	21:00	3734,8	3734,8	3711,45	3723,48	SHORT	0,00167	5997,81	0,00334	HOLD	99,7754	103,5436
2018-12-27	22:00	3723,37	3728,8	3697	3717,96	SHORT	0,00167	5997,81	0,00334	HOLD	99,7754	103,5528
2018-12-27	23:00	3717,96	3740,6	3715	3724,09	SHORT	0,00167	5997,81	0,00334	HOLD	99,7754	103,5425
2018-12-28	00:00	3722,99	3727	3709,67	3719,12	SHORT	0,00167	5997,81	0,00334	HOLD	99,7754	103,5508
2018-12-28	01:00	3720	3725	3699	3715	SHORT	0,00167	5997,81	0,00334	HOLD	99,7754	103,5577
2018-12-28	02:00	3715,9	3715,93	3565	3577,77	SHORT	0,00167	5997,81	0,00334	HOLD	99,7754	103,7869
2018-12-28	03:00	3577,2	3587,01	3550	3559,32	SHORT	0,00167	5997,81	0,00334	HOLD	99,7754	103,8177
2018-12-28	04:00	3559,33	3588	3555	3560,86	SHORT	0,00167	5997,81	0,00334	HOLD	99,7754	103,8151
2018-12-28	05:00	3560,29	3572	3550,01	3564,43	SHORT	0,00167	5997,81	0,00334	HOLD	99,7754	103,8092
2018-12-28	06:00	3563,98	3570	3535	3567,91	SHORT	0,00167	5997,81	0,00334	HOLD	99,7754	103,8034
2018-12-28	07:00	3567,89	3588	3559,76	3577,91	SHORT	0,00167	5997,81	0,00334	HOLD	99,7754	103,7867
2018-12-28	08:00	3579,57	3580,53	3551,1	3555	SHORT	0,00167	5997,81	0,00334	HOLD	99,7754	103,8249
2018-12-28	09:00	3554,09	3578,86	3551,84	3577,39	SHORT	0,00167	5997,81	0,00334	HOLD	99,7754	103,7875
2018-12-28	10:00	3576,6	3578,93	3560,34	3566,72	SHORT	0,00167	5997,81	0,00334	HOLD	99,7754	103,8053
2018-12-28	11:00	3567,95	3568,26	3556	3560,04	SHORT	0,00167	5997,81	0,00334	HOLD	99,7754	103,8165
2018-12-28	12:00	3559,43	3575,02	3555,25	3563	SHORT	0,00167	5997,81	0,00334	HOLD	99,7754	103,8116
2018-12-28	13:00	3563,02	3568,63	3540,04	3558,33	SHORT	0,00167	5997,81	0,00334	HOLD	99,7754	103,8194
2018-12-28	14:00	3558,33	3580,29	3555,28	3561	SHORT	0,00167	5997,81	0,00334	HOLD	99,7754	103,8149
2018-12-28	15:00	3560,87	3588,23	3552	3585,71	SHORT	0,00167	5997,81	0,00334	HOLD	99,7754	103,7736
2018-12-28	16:00	3586,15	3609,37	3570,36	3590,98	SHORT	0,00167	5997,81	0,00334	HOLD	99,7754	103,7648
2018-12-28	17:00	3590,32	3592,31	3576	3584,4	SHORT	0,00167	5997,81	0,00334	HOLD	99,7754	103,7758
2018-12-28	18:00	3584,81	3607,07	3580	3607	SHORT	0,00167	5997,81	0,00334	HOLD	99,7754	103,7381
2018-12-28	19:00	3607	3608,28	3568	3586,74	SHORT	0,00167	5997,81	0,00334	HOLD	99,7754	103,7719
2018-12-28	20:00	3586,74	3590,94	3570,77	3581,01	SHORT	0,00167	5997,81	0,00334	HOLD	99,7754	103,7815
2018-12-28	21:00	3581,79	3587,94	3575,11	3582,98	SHORT	0,00167	5997,81	0,00334	HOLD	99,7754	103,7782
2018-12-28	22:00	3582,98	3820	3581,41	3785,58	SHORT	0,00167	5997,81	0,00334	HOLD	99,7754	103,4398
2018-12-28	23:00	3785,9	3869	3783,62	3815,59	SHORT	0,00167	5997,81	0,00334	HOLD	99,7754	103,3897
2018-12-29	00:00	3816,24	3829,8	3778,5	3812,12	SHORT	0,00167	5997,81	0,00334	HOLD	99,7754	103,3955
2018-12-29	01:00	3812,12	3830	3790	3816,89	SHORT	0,00167	5997,81	0,00334	HOLD	99,7754	103,3876
2018-12-29	02:00	3816,29	3887,25	3798,9	3819,54	SHORT	0,00167	5997,81	0,00334	HOLD	99,7754	103,3831
2018-12-29	03:00	3821,88	3854,86	3808,04	3846,44	SHORT	0,00167	5997,81	0,00334	HOLD	99,7754	103,3382
2018-12-29	04:00	3846,44	3859	3825,01	3830,01	SHORT	0,00167	5997,81	0,00334	HOLD	99,7754	103,3656
2018-12-29	05:00	3830,83	3846,47	3817	3817,36	SHORT	0,00167	5997,81	0,00334	HOLD	99,7754	103,3868
2018-12-29	06:00	3817,38	3851,54	3805	3839,26	SHORT	0,00167	5997,81	0,00334	HOLD	99,7754	103,3502
2018-12-29	07:00	3839	3870	3833,07	3853,89	SHORT	0,00167	5997,81	0,00334	HOLD	99,7754	103,3258
2018-12-29	08:00	3852,56	3860,57	3834	3848,62	SHORT	0,00167	5997,81	0,00334	HOLD	99,7754	103,3346
2018-12-29	09:00	3848,64	3853,17	3815	3825,3	SHORT	0,00167	5997,81	0,00334	HOLD	99,7754	103,3735
2018-12-29	10:00	3825,28	3840	3817,71	3830,75	SHORT	0,00167	5997,81	0,00334	HOLD	99,7754	103,3644
2018-12-29	11:00	3830,73	3845,88	3816	3838,1	SHORT	0,00167	5997,81	0,00334	HOLD	99,7754	103,3521
2018-12-29	12:00	3837,97	3840	3822,91	3823,96	SHORT	0,00167	5997,81	0,00334	HOLD	99,7754	103,3757
2018-12-29	13:00	3826,48	3845,88	3819,96	3844,93	SHORT	0,00167	5997,81	0,00334	HOLD	99,7754	103,3407
2018-12-29	14:00	3844,95	3867,49	3829,58	3858,26	SHORT	0,00167	5997,81	0,00334	HOLD	99,7754	103,3185
2018-12-29	15:00	3857,21	3857,8	3840,5	3850,9	SHORT	0,00167	5997,81	0,00334	HOLD	99,7754	103,3308
2018-12-29	16:00	3850,9	3892	3824,02	3839,27	SHORT	0,00167	5997,81	0,00334	HOLD	99,7754	103,3502
2018-12-29	17:00	3838,36	3839,85	3756,2	3789,04	SHORT	0,00167	5997,81	0,00334	HOLD	99,7754	103,4341
2018-12-29	18:00	3788,07	3816,21	3780	3804,6	SHORT	0,00167	5997,81	0,00334	HOLD	99,7754	103,4081
2018-12-29	19:00	3804,82	3826,61	3791	3814,58	SHORT	0,00167	5997,81	0,00334	HOLD	99,7754	103,3914
2018-12-29	20:00	3813,95	3838,2	3808,8	3828,49	SHORT	0,00167	5997,81	0,00334	HOLD	99,7754	103,3682
2018-12-29	21:00	3828,49	3838	3796	3815,08	SHORT	0,00167	5997,81	0,00334	HOLD	99,7754	103,3906
2018-12-29	22:00	3815,4	3835	3805,11	3822,1	SHORT	0,00167	5997,81	0,00334	HOLD	99,7754	103,3789
2018-12-29	23:00	3822,49	3824,7	3760	3789,38	SHORT	0,00167	5997,81	0,00334	HOLD	99,7754	103,4335
2018-12-30	00:00	3789,38	3801,75	3771	3795,06	SHORT	0,00167	5997,81	0,00334	HOLD	99,7754	103,424
2018-12-30	01:00	3796,25	3805,5	3771,37	3791,85	SHORT	0,00167	5997,81	0,00334	HOLD	99,7754	103,4294
2018-12-30	02:00	3791,86	3798,17	3778,04	3793,31	SHORT	0,00167	5997,81	0,00334	HOLD	99,7754	103,4269
2018-12-30	03:00	3794,49	3830,1	3792,33	3810,13	SHORT	0,00167	5997,81	0,00334	HOLD	99,7754	103,3988
2018-12-30	04:00	3810,06	3876,47	3808,81	3859,59	SHORT	0,00167	5997,81	0,00334	HOLD	99,7754	103,3162
2018-12-30	05:00	3860,36	3868	3843,27	3846,82	SHORT	0,00167	5997,81	0,00334	HOLD	99,7754	103,3376
2018-12-30	06:00	3846,05	3884	3670	3695,32	SHORT	0,00167	5997,81	0,00334	HOLD	99,7754	103,5906
2018-12-30	07:00	3696,71	3721,12	3657,9	3696,3	SHORT	0,00167	5997,81	0,00334	HOLD	99,7754	103,5889
2018-12-30	08:00	3696,68	3719,27	3688,77	3707,3	SHORT	0,00167	5997,81	0,00334	HOLD	99,7754	103,5706
2018-12-30	09:00	3707,3	3724,92	3707	3717,77	SHORT	0,00167	5997,81	0,00334	HOLD	99,7754	103,5531
2018-12-30	10:00	3718,18	3722,58	3699,31	3711,55	SHORT	0,00167	5997,81	0,00334	HOLD	99,7754	103,5635
2018-12-30	11:00	3711,44	3746	3708,18	3745,98	SHORT	0,00167	5997,81	0,00334	HOLD	99,7754	103,506
2018-12-30	12:00	3745,98	3747	3719,86	3732,45	SHORT	0,00167	5997,81	0,00334	HOLD	99,7754	103,5286
2018-12-30	13:00	3732,65	3742,41	3726,29	3734,1	SHORT	0,00167	5997,81	0,00334	HOLD	99,7754	103,5258
2018-12-30	14:00	3733,67	3738	3713,9	3724,94	SHORT	0,00167	5997,81	0,00334	HOLD	99,7754	103,5411
2018-12-30	15:00	3724,93	3787,39	3718,01	3769,21	SHORT	0,00167	5997,81	0,00334	HOLD	99,7754	103,4672
2018-12-30	16:00	3769,17	3825	3746	3798,69	SHORT	0,00167	5997,81	0,00334	HOLD	99,7754	103,418
2018-12-30	17:00	3798,92	3805,67	3780,94	3804,75	SHORT	0,00167	5997,81	0,00334	HOLD	99,7754	103,4078
2018-12-30	18:00	3805,67	3810,64	3776,14	3785,93	SHORT	0,00167	5997,81	0,00334	HOLD	99,7754	103,4393
2018-12-30	19:00	3785,92	3903,5	3720,41	3776,77	SHORT	0,00167	5997,81	0,00334	HOLD	99,7754	103,4546
2018-12-30	20:00	3775,35	3794	3751,18	3762,95	SHORT	0,00167	5997,81	0,00334	HOLD	99,7754	103,4776
2018-12-30	21:00	3765,19	3783	3742,3	3777,41	SHORT	0,00167	5997,81	0,00334	HOLD	99,7754	103,4535
2018-12-30	22:00	3777,75	3807,02	3763,01	3768	SHORT	0,00167	5997,81	0,00334	HOLD	99,7754	103,4692
2018-12-30	23:00	3768	3785,92	3762,04	3774,14	SHORT	0,00167	5997,81	0,00334	HOLD	99,7754	103,4589
2018-12-31	00:00	3773,75	3797,18	3769	3787,24	SHORT	0,00167	5997,81	0,00334	HOLD	99,7754	103,4371
2018-12-31	01:00	3787,24	3795	3772	3781,71	SHORT	0,00167	5997,81	0,00334	HOLD	99,7754	103,4463
2018-12-31	02:00	3781,77	3809,85	3735,57	3780,12	SHORT	0,00167	5997,81	0,00334	HOLD	99,7754	103,449
2018-12-31	03:00	3779,31	3798,99	3745	3784,44	SHORT	0,00167	5997,81	0,00334	HOLD	99,7754	103,4417
2018-12-31	04:00	3783,92	3823	3764,28	3795,91	SHORT	0,00167	5997,81	0,00334	HOLD	99,7754	103,4226
2018-12-31	05:00	3794,01	3800	3785,12	3794,93	SHORT	0,00167	5997,81	0,00334	HOLD	99,7754	103,4242
2018-12-31	06:00	3794,92	3812,54	3776,06	3801,91	SHORT	0,00167	5997,81	0,00334	HOLD	99,7754	103,4126
2018-12-31	07:00	3803,12	3810	3786,02	3795,38	SHORT	0,00167	5997,81	0,00334	HOLD	99,7754	103,4235
2018-12-31	08:00	3795,38	3797,46	3745,59	3762,94	SHORT	0,00167	5997,81	0,00334	HOLD	99,7754	103,4777
2018-12-31	09:00	3762,65	3767,6	3715,73	3727,93	SHORT	0,00167	5997,81	0,00334	HOLD	99,7754	103,5361
2018-12-31	10:00	3727,93	3751,58	3725,48	3744,58	SHORT	0,00167	5997,81	0,00334	HOLD	99,7754	103,5083
2018-12-31	11:00	3744,59	3756,06	3731,76	3753,72	SHORT	0,00167	5997,81	0,00334	HOLD	99,7754	103,4931
2018-12-31	12:00	3753,78	3755,6	3735	3747,45	SHORT	0,00167	5997,81	0,00334	HOLD	99,7754	103,5035
2018-12-31	13:00	3747,82	3759,53	3742,48	3757,45	SHORT	0,00167	5997,81	0,00334	HOLD	99,7754	103,4868
2018-12-31	14:00	3757	3763,12	3750,76	3754,45	SHORT	0,00167	5997,81	0,00334	HOLD	99,7754	103,4918
2018-12-31	15:00	3755,35	3761	3743,15	3752,21	SHORT	0,00167	5997,81	0,00334	HOLD	99,7754	103,4956
2018-12-31	16:00	3751,85	3791,63	3751,04	3775,59	SHORT	0,00167	5997,81	0,00334	HOLD	99,7754	103,4565
2018-12-31	17:00	3775,59	3783,44	3769	3771,5	SHORT	0,00167	5997,81	0,00334	HOLD	99,7754	103,4634
2018-12-31	18:00	3772	3773,53	3692,11	3725,42	SHORT	0,00167	5997,81	0,00334	HOLD	99,7754	103,5403
2018-12-31	19:00	3725,42	3737,42	3715	3731,58	SHORT	0,00167	5997,81	0,00334	HOLD	99,7754	103,53
2018-12-31	20:00	3731,87	3739,82	3725,85	3732,23	SHORT	0,00167	5997,81	0,00334	HOLD	99,7754	103,5289
2018-12-31	21:00	3732,23	3780,83	3724,81	3769,57	SHORT	0,00167	5997,81	0,00334	HOLD	99,7754	103,4666
2018-12-31	22:00	3769,42	3783,34	3721,11	3752,46	SHORT	0,00167	5997,81	0,00334	HOLD	99,7754	103,4952
2018-12-31	23:00	3752,22	3776,85	3725	3736,17	SHORT	0,00167	5997,81	0,00334	HOLD	99,7754	103,5224
2019-01-01	00:00	3737,59	3742,92	3722	3736,31	SHORT	0,00167	5997,81	0,00334	HOLD	99,7754	103,5221
2019-01-01	01:00	3736,57	3748,98	3731,64	3741,52	SHORT	0,00167	5997,81	0,00334	HOLD	99,7754	103,5134
2019-01-01	02:00	3741,27	3742,22	3630,33	3687,47	SHORT	0,00167	5997,81	0,00334	HOLD	99,7754	103,6037
2019-01-01	03:00	3687,47	3688,77	3657,7	3672	SHORT	0,00167	5997,81	0,00334	HOLD	99,7754	103,6295
2019-01-01	04:00	3672	3678	3665	3671,72	SHORT	0,00167	5997,81	0,00334	HOLD	99,7754	103,63
2019-01-01	05:00	3671,71	3687,02	3662,02	3686,43	SHORT	0,00167	5997,81	0,00334	HOLD	99,7754	103,6054
2019-01-01	06:00	3685,54	3707,5	3684,22	3702,9	SHORT	0,00167	5997,81	0,00334	HOLD	99,7754	103,5779
2019-01-01	07:00	3701,23	3713	3689,88	3700,31	SHORT	0,00167	5997,81	0,00334	HOLD	99,7754	103,5822
2019-01-01	08:00	3700,2	3702,73	3684,22	3689,69	SHORT	0,00167	5997,81	0,00334	HOLD	99,7754	103,6
2019-01-01	09:00	3689,67	3695,95	3675,04	3690	SHORT	0,00167	5997,81	0,00334	HOLD	99,7754	103,5995
2019-01-01	10:00	3690	3699,77	3685,78	3693,13	SHORT	0,00167	5997,81	0,00334	HOLD	99,7754	103,5942
2019-01-01	11:00	3692,32	3720	3685,94	3692,71	SHORT	0,00167	5997,81	0,00334	HOLD	99,7754	103,5949
2019-01-01	12:00	3693,98	3704,44	3692,73	3699,94	SHORT	0,00167	5997,81	0,00334	HOLD	99,7754	103,5829
2019-01-01	13:00	3699,95	3713,93	3697	3703,56	SHORT	0,00167	5997,81	0,00334	HOLD	99,7754	103,5768
2019-01-01	14:00	3703,63	3726,64	3703,34	3713,83	SHORT	0,00167	5997,81	0,00334	HOLD	99,7754	103,5597
2019-01-01	15:00	3714,19	3731,19	3707	3716,7	SHORT	0,00167	5997,81	0,00334	HOLD	99,7754	103,5549
2019-01-01	16:00	3716,98	3732	3696,14	3699,95	SHORT	0,00167	5997,81	0,00334	HOLD	99,7754	103,5828
2019-01-01	17:00	3699,96	3717,11	3698	3713,07	SHORT	0,00167	5997,81	0,00334	HOLD	99,7754	103,5609
2019-01-01	18:00	3713,07	3722,22	3706,88	3707,54	SHORT	0,00167	5997,81	0,00334	HOLD	99,7754	103,5702
2019-01-01	19:00	3707,56	3725	3698,25	3717	SHORT	0,00167	5997,81	0,00334	HOLD	99,7754	103,5544
2019-01-01	20:00	3717	3756,94	3708,41	3715,93	SHORT	0,00167	5997,81	0,00334	HOLD	99,7754	103,5562
2019-01-01	21:00	3715,23	3717	3684,21	3698,53	SHORT	0,00167	5997,81	0,00334	HOLD	99,7754	103,5852
2019-01-01	22:00	3698,28	3698,87	3666,01	3682,61	SHORT	0,00167	5997,81	0,00334	HOLD	99,7754	103,6118
2019-01-01	23:00	3683	3696,23	3677,48	3693,54	SHORT	0,00167	5997,81	0,00334	HOLD	99,7754	103,5936
2019-01-02	00:00	3693,5	3701,68	3675,01	3686,32	SHORT	0,00167	5997,81	0,00334	HOLD	99,7754	103,6056
2019-01-02	01:00	3686,34	3686,35	3642	3659,41	SHORT	0,00167	5997,81	0,00334	HOLD	99,7754	103,6505
2019-01-02	02:00	3659,56	3699,99	3659,56	3696,73	SHORT	0,00167	5997,81	0,00334	HOLD	99,7754	103,5882
2019-01-02	03:00	3696,71	3726,93	3675,67	3719	SHORT	0,00167	5997,81	0,00334	HOLD	99,7754	103,551
2019-01-02	04:00	3719	3730,01	3700	3708,21	SHORT	0,00167	5997,81	0,00334	HOLD	99,7754	103,5691
2019-01-02	05:00	3707,98	3717,07	3692,42	3711,2	SHORT	0,00167	5997,81	0,00334	HOLD	99,7754	103,5641
2019-01-02	06:00	3712,85	3810,16	3706,43	3797,14	SHORT	0,00167	5997,81	0,00334	HOLD	99,7754	103,4205
2019-01-02	07:00	3796,45	3810	3763,75	3778,02	SHORT	0,00167	5997,81	0,00334	HOLD	99,7754	103,4525
2019-01-02	08:00	3778,62	3792	3765,75	3770	SHORT	0,00167	5997,81	0,00334	HOLD	99,7754	103,4659
2019-01-02	09:00	3769,98	3785,1	3768	3783,28	SHORT	0,00167	5997,81	0,00334	HOLD	99,7754	103,4437
2019-01-02	10:00	3783,28	3796,22	3773,79	3779,98	SHORT	0,00167	5997,81	0,00334	HOLD	99,7754	103,4492
2019-01-02	11:00	3780	3788,31	3765	3776,41	SHORT	0,00167	5997,81	0,00334	HOLD	99,7754	103,4552
2019-01-02	12:00	3776,16	3778,42	3768	3773,04	SHORT	0,00167	5997,81	0,00334	HOLD	99,7754	103,4608
2019-01-02	13:00	3773,04	3775	3750,45	3758,53	SHORT	0,00167	5997,81	0,00334	HOLD	99,7754	103,485
2019-01-02	14:00	3758,53	3778,54	3755,4	3771,08	SHORT	0,00167	5997,81	0,00334	HOLD	99,7754	103,4641
2019-01-02	15:00	3772,64	3800	3770,09	3781,35	SHORT	0,00167	5997,81	0,00334	HOLD	99,7754	103,4469
2019-01-02	16:00	3780,81	3786,24	3770	3775	SHORT	0,00167	5997,81	0,00334	HOLD	99,7754	103,4575
2019-01-02	17:00	3773,84	3794,4	3770,03	3788	SHORT	0,00167	5997,81	0,00334	HOLD	99,7754	103,4358
2019-01-02	18:00	3788,22	3803,68	3777,82	3787,97	SHORT	0,00167	5997,81	0,00334	HOLD	99,7754	103,4359
2019-01-02	19:00	3788,81	3793,72	3778,23	3792,51	SHORT	0,00167	5997,81	0,00334	HOLD	99,7754	103,4283
2019-01-02	20:00	3793,12	3839,63	3790,82	3825,65	SHORT	0,00167	5997,81	0,00334	HOLD	99,7754	103,3729
2019-01-02	21:00	3825,19	3834,26	3796,51	3811,24	SHORT	0,00167	5997,81	0,00334	HOLD	99,7754	103,397
2019-01-02	22:00	3812,17	3815	3785,75	3801,28	SHORT	0,00167	5997,81	0,00334	HOLD	99,7754	103,4136
2019-01-02	23:00	3802,61	3865,72	3795	3824,89	SHORT	0,00167	5997,81	0,00334	HOLD	99,7754	103,3742
2019-01-03	00:00	3824,89	3845,78	3811,01	3822,6	SHORT	0,00167	5997,81	0,00334	HOLD	99,7754	103,378
2019-01-03	01:00	3822,62	3833	3807	3828,87	SHORT	0,00167	5997,81	0,00334	HOLD	99,7754	103,3675
2019-01-03	02:00	3827,22	3830,19	3801,14	3824,98	SHORT	0,00167	5997,81	0,00334	HOLD	99,7754	103,374
2019-01-03	03:00	3824,98	3854,35	3812,34	3849	SHORT	0,00167	5997,81	0,00334	HOLD	99,7754	103,3339
2019-01-03	04:00	3849,27	3876	3830,06	3856,68	SHORT	0,00167	5997,81	0,00334	HOLD	99,7754	103,3211
2019-01-03	05:00	3857,36	3876	3842,46	3862,12	SHORT	0,00167	5997,81	0,00334	HOLD	99,7754	103,312
2019-01-03	06:00	3861,62	3882,14	3851	3858,56	SHORT	0,00167	5997,81	0,00334	HOLD	99,7754	103,318
2019-01-03	07:00	3857,57	3862,74	3828,7	3830,78	SHORT	0,00167	5997,81	0,00334	HOLD	99,7754	103,3644
2019-01-03	08:00	3830,76	3843,24	3821,14	3835,96	SHORT	0,00167	5997,81	0,00334	HOLD	99,7754	103,3557
2019-01-03	09:00	3835,96	3844,99	3825,85	3833,47	SHORT	0,00167	5997,81	0,00334	HOLD	99,7754	103,3599
2019-01-03	10:00	3833,69	3847,05	3832	3841,83	SHORT	0,00167	5997,81	0,00334	HOLD	99,7754	103,3459
2019-01-03	11:00	3841,83	3850	3833,7	3834,59	SHORT	0,00167	5997,81	0,00334	HOLD	99,7754	103,358
2019-01-03	12:00	3834,7	3840,31	3805	3824,38	SHORT	0,00167	5997,81	0,00334	HOLD	99,7754	103,375
2019-01-03	13:00	3824,38	3829,89	3813,62	3820,53	SHORT	0,00167	5997,81	0,00334	HOLD	99,7754	103,3815
2019-01-03	14:00	3821,81	3837,52	3820,39	3828,88	SHORT	0,00167	5997,81	0,00334	HOLD	99,7754	103,3675
2019-01-03	15:00	3828,88	3832,83	3796	3805	SHORT	0,00167	5997,81	0,00334	HOLD	99,7754	103,4074
2019-01-03	16:00	3805,85	3814,96	3783	3805,81	SHORT	0,00167	5997,81	0,00334	HOLD	99,7754	103,4061
2019-01-03	17:00	3806,13	3819	3804,07	3811,52	SHORT	0,00167	5997,81	0,00334	HOLD	99,7754	103,3965
2019-01-03	18:00	3810,61	3813,51	3787,29	3804	SHORT	0,00167	5997,81	0,00334	HOLD	99,7754	103,4091
2019-01-03	19:00	3803,31	3823	3795,33	3818,02	SHORT	0,00167	5997,81	0,00334	HOLD	99,7754	103,3857
2019-01-03	20:00	3817,17	3822	3809,35	3817,36	SHORT	0,00167	5997,81	0,00334	HOLD	99,7754	103,3868
2019-01-03	21:00	3816,64	3817,37	3790,04	3796,7	SHORT	0,00167	5997,81	0,00334	HOLD	99,7754	103,4213
2019-01-03	22:00	3796,79	3811,89	3785,32	3806,7	SHORT	0,00167	5997,81	0,00334	HOLD	99,7754	103,4046
2019-01-03	23:00	3807,37	3807,75	3730	3738	SHORT	0,00167	5997,81	0,00334	HOLD	99,7754	103,5193
2019-01-04	00:00	3738,71	3762,04	3732,19	3748,46	SHORT	0,00167	5997,81	0,00334	HOLD	99,7754	103,5018
2019-01-04	01:00	3748,46	3759,33	3738	3757,89	SHORT	0,00167	5997,81	0,00334	HOLD	99,7754	103,4861
2019-01-04	02:00	3757,58	3763,71	3740,11	3756	SHORT	0,00167	5997,81	0,00334	HOLD	99,7754	103,4892
2019-01-04	03:00	3756	3782,25	3752,37	3780,03	SHORT	0,00167	5997,81	0,00334	HOLD	99,7754	103,4491
2019-01-04	04:00	3779,99	3782,69	3768,23	3771,26	SHORT	0,00167	5997,81	0,00334	HOLD	99,7754	103,4638
2019-01-04	05:00	3771,27	3781,4	3757,14	3773,79	SHORT	0,00167	5997,81	0,00334	HOLD	99,7754	103,4595
2019-01-04	06:00	3773,42	3775,53	3757,87	3766,78	SHORT	0,00167	5997,81	0,00334	HOLD	99,7754	103,4712
2019-01-04	07:00	3767,2	3767,21	3730	3750,3	SHORT	0,00167	5997,81	0,00334	HOLD	99,7754	103,4988
2019-01-04	08:00	3750,53	3776,89	3749,67	3766,23	SHORT	0,00167	5997,81	0,00334	HOLD	99,7754	103,4722
2019-01-04	09:00	3765,67	3766,48	3750,41	3758,65	SHORT	0,00167	5997,81	0,00334	HOLD	99,7754	103,4848
2019-01-04	10:00	3759,33	3787,65	3752,41	3780,04	SHORT	0,00167	5997,81	0,00334	HOLD	99,7754	103,4491
2019-01-04	11:00	3780,04	3793	3761,94	3775,33	SHORT	0,00167	5997,81	0,00334	HOLD	99,7754	103,457
2019-01-04	12:00	3776,18	3788,53	3764,37	3779,9	SHORT	0,00167	5997,81	0,00334	HOLD	99,7754	103,4493
2019-01-04	13:00	3779,9	3797,52	3775,92	3783,02	SHORT	0,00167	5997,81	0,00334	HOLD	99,7754	103,4441
2019-01-04	14:00	3783,34	3800	3779,54	3783,28	SHORT	0,00167	5997,81	0,00334	HOLD	99,7754	103,4437
2019-01-04	15:00	3783,28	3800	3766,75	3771,34	SHORT	0,00167	5997,81	0,00334	HOLD	99,7754	103,4636
2019-01-04	16:00	3771,35	3789,9	3757	3764,35	SHORT	0,00167	5997,81	0,00334	HOLD	99,7754	103,4753
2019-01-04	17:00	3764,03	3777,16	3756,48	3775,48	SHORT	0,00167	5997,81	0,00334	HOLD	99,7754	103,4567
2019-01-04	18:00	3775,46	3777,77	3752	3757,55	SHORT	0,00167	5997,81	0,00334	HOLD	99,7754	103,4867
2019-01-04	19:00	3754,05	3765	3739	3755,52	SHORT	0,00167	5997,81	0,00334	HOLD	99,7754	103,49
2019-01-04	20:00	3755,95	3757,52	3742,08	3744	SHORT	0,00167	5997,81	0,00334	HOLD	99,7754	103,5093
2019-01-04	21:00	3744,62	3751,94	3703,62	3717,14	SHORT	0,00167	5997,81	0,00334	HOLD	99,7754	103,5541
2019-01-04	22:00	3715,58	3728,59	3703,57	3725,28	SHORT	0,00167	5997,81	0,00334	HOLD	99,7754	103,5405
2019-01-04	23:00	3725,3	3754	3717,3	3747,5	SHORT	0,00167	5997,81	0,00334	HOLD	99,7754	103,5034
2019-01-05	00:00	3747,5	3749,5	3735,03	3745,22	SHORT	0,00167	5997,81	0,00334	HOLD	99,7754	103,5072
2019-01-05	01:00	3745,43	3745,96	3726,99	3730	SHORT	0,00167	5997,81	0,00334	HOLD	99,7754	103,5327
2019-01-05	02:00	3730,41	3746,59	3729,02	3739,53	SHORT	0,00167	5997,81	0,00334	HOLD	99,7754	103,5167
2019-01-05	03:00	3739,74	3786	3733,46	3764,24	SHORT	0,00167	5997,81	0,00334	HOLD	99,7754	103,4755
2019-01-05	04:00	3762,36	3823,64	3760,21	3802,36	SHORT	0,00167	5997,81	0,00334	HOLD	99,7754	103,4118
2019-01-05	05:00	3802,59	3816,18	3778,51	3790,98	SHORT	0,00167	5997,81	0,00334	HOLD	99,7754	103,4308
2019-01-05	06:00	3792,35	3800,98	3787,57	3792,01	SHORT	0,00167	5997,81	0,00334	HOLD	99,7754	103,4291
2019-01-05	07:00	3790,09	3838,7	3788,97	3811,76	SHORT	0,00167	5997,81	0,00334	HOLD	99,7754	103,3961
2019-01-05	08:00	3811,79	3827,41	3783,25	3803,58	SHORT	0,00167	5997,81	0,00334	HOLD	99,7754	103,4098
2019-01-05	09:00	3803,56	3820,13	3802,43	3811,88	SHORT	0,00167	5997,81	0,00334	HOLD	99,7754	103,3959
2019-01-05	10:00	3813,16	3822,27	3803,25	3815	SHORT	0,00167	5997,81	0,00334	HOLD	99,7754	103,3907
2019-01-05	11:00	3815,35	3826,39	3812,09	3815,72	SHORT	0,00167	5997,81	0,00334	HOLD	99,7754	103,3895
2019-01-05	12:00	3815,72	3840,99	3815,72	3834,01	SHORT	0,00167	5997,81	0,00334	HOLD	99,7754	103,359
2019-01-05	13:00	3834,01	3835,08	3792	3799,45	SHORT	0,00167	5997,81	0,00334	HOLD	99,7754	103,4167
2019-01-05	14:00	3799,71	3804,99	3780,13	3785,15	SHORT	0,00167	5997,81	0,00334	HOLD	99,7754	103,4406
2019-01-05	15:00	3784,37	3798,84	3783,76	3793,56	SHORT	0,00167	5997,81	0,00334	HOLD	99,7754	103,4265
2019-01-05	16:00	3793,01	3796,94	3787,03	3790,36	SHORT	0,00167	5997,81	0,00334	HOLD	99,7754	103,4319
2019-01-05	17:00	3789,72	3793,81	3770	3787,94	SHORT	0,00167	5997,81	0,00334	HOLD	99,7754	103,4359
2019-01-05	18:00	3788,79	3812,63	3787,53	3801,26	SHORT	0,00167	5997,81	0,00334	HOLD	99,7754	103,4137
2019-01-05	19:00	3801,03	3811,98	3796,35	3802,47	SHORT	0,00167	5997,81	0,00334	HOLD	99,7754	103,4116
2019-01-05	20:00	3801,79	3802,74	3782	3793,84	SHORT	0,00167	5997,81	0,00334	HOLD	99,7754	103,426
2019-01-05	21:00	3793,83	3794,89	3778,01	3787,45	SHORT	0,00167	5997,81	0,00334	HOLD	99,7754	103,4367
2019-01-05	22:00	3787,55	3814	3785,02	3785,58	SHORT	0,00167	5997,81	0,00334	HOLD	99,7754	103,4398
2019-01-05	23:00	3785,58	3805	3775	3797,19	SHORT	0,00167	5997,81	0,00334	HOLD	99,7754	103,4205
2019-01-06	00:00	3797	3807,99	3795,82	3801,36	SHORT	0,00167	5997,81	0,00334	HOLD	99,7754	103,4135
2019-01-06	01:00	3801,52	3818,51	3798,26	3809,02	SHORT	0,00167	5997,81	0,00334	HOLD	99,7754	103,4007
2019-01-06	02:00	3810	3820	3798,19	3810,98	SHORT	0,00167	5997,81	0,00334	HOLD	99,7754	103,3974
2019-01-06	03:00	3810,89	3812,36	3800	3803,68	SHORT	0,00167	5997,81	0,00334	HOLD	99,7754	103,4096
2019-01-06	04:00	3804,95	3812,5	3799	3806,57	SHORT	0,00167	5997,81	0,00334	HOLD	99,7754	103,4048
2019-01-06	05:00	3806,33	3810,2	3751	3786,62	SHORT	0,00167	5997,81	0,00334	HOLD	99,7754	103,4381
2019-01-06	06:00	3786,62	3786,63	3766,14	3770,96	SHORT	0,00167	5997,81	0,00334	HOLD	99,7754	103,4643
2019-01-06	07:00	3771,12	3792,12	3761,6	3786,76	SHORT	0,00167	5997,81	0,00334	HOLD	99,7754	103,4379
2019-01-06	08:00	3786,86	3791,98	3761,15	3765,65	SHORT	0,00167	5997,81	0,00334	HOLD	99,7754	103,4731
2019-01-06	09:00	3765,65	3775,01	3740	3771,82	SHORT	0,00167	5997,81	0,00334	HOLD	99,7754	103,4628
2019-01-06	10:00	3771,57	3778,13	3765,49	3771,15	SHORT	0,00167	5997,81	0,00334	HOLD	99,7754	103,4639
2019-01-06	11:00	3771,7	3776,86	3760,58	3767,9	SHORT	0,00167	5997,81	0,00334	HOLD	99,7754	103,4694
2019-01-06	12:00	3768,13	3783,55	3764,43	3777,75	SHORT	0,00167	5997,81	0,00334	HOLD	99,7754	103,4529
2019-01-06	13:00	3778,38	3779,76	3772,14	3772,22	SHORT	0,00167	5997,81	0,00334	HOLD	99,7754	103,4622
2019-01-06	14:00	3772,34	3775,11	3760	3767,94	SHORT	0,00167	5997,81	0,00334	HOLD	99,7754	103,4693
2019-01-06	15:00	3768,11	3773,32	3761,81	3772,88	SHORT	0,00167	5997,81	0,00334	HOLD	99,7754	103,4611
2019-01-06	16:00	3772,77	3782,56	3770,93	3771,3	SHORT	0,00167	5997,81	0,00334	HOLD	99,7754	103,4637
2019-01-06	17:00	3771,3	3812,02	3770,93	3796,99	SHORT	0,00167	5997,81	0,00334	HOLD	99,7754	103,4208
2019-01-06	18:00	3796,42	3820,82	3796,42	3814,24	SHORT	0,00167	5997,81	0,00334	HOLD	99,7754	103,392
2019-01-06	19:00	3814,23	3820,41	3787,07	3790,81	SHORT	0,00167	5997,81	0,00334	HOLD	99,7754	103,4311
2019-01-06	20:00	3791,12	3808,31	3785	3798,61	SHORT	0,00167	5997,81	0,00334	HOLD	99,7754	103,4181
2019-01-06	21:00	3800	3805	3791	3801,35	SHORT	0,00167	5997,81	0,00334	HOLD	99,7754	103,4135
2019-01-06	22:00	3802	3824,99	3800,24	3806,82	SHORT	0,00167	5997,81	0,00334	HOLD	99,7754	103,4044
2019-01-06	23:00	3806,91	3814,99	3800,31	3813,39	SHORT	0,00167	5997,81	0,00334	HOLD	99,7754	103,3934
2019-01-07	00:00	3813,39	4025	3813,39	4007,11	SHORT	0,00167	5997,81	0,00334	HOLD	99,7754	103,0699
2019-01-07	01:00	4007,13	4027,71	3972,71	3989,09	SHORT	0,00167	5997,81	0,00334	HOLD	99,7754	103,1
2019-01-07	02:00	3990	4013	3989,12	4002,46	SHORT	0,00167	5997,81	0,00334	HOLD	99,7754	103,0777
2019-01-07	03:00	4001,41	4015	3967,01	3977,16	SHORT	0,00167	5997,81	0,00334	HOLD	99,7754	103,1199
2019-01-07	04:00	3980,57	3985,69	3953,53	3967,49	SHORT	0,00167	5997,81	0,00334	HOLD	99,7754	103,1361
2019-01-07	05:00	3967,49	3988	3965,42	3970,36	SHORT	0,00167	5997,81	0,00334	HOLD	99,7754	103,1313
2019-01-07	06:00	3970,99	4009,63	3970,79	3987,6	SHORT	0,00167	5997,81	0,00334	HOLD	99,7754	103,1025
2019-01-07	07:00	3987,62	4017,9	3986,41	4008,05	SHORT	0,00167	5997,81	0,00334	HOLD	99,7754	103,0683
2019-01-07	08:00	4008,88	4009,84	3972,06	3984,28	SHORT	0,00167	5997,81	0,00334	HOLD	99,7754	103,108
2019-01-07	09:00	3984,02	3987,2	3970,03	3987,2	SHORT	0,00167	5997,81	0,00334	HOLD	99,7754	103,1031
2019-01-07	10:00	3987,04	3996,97	3983,03	3992,26	SHORT	0,00167	5997,81	0,00334	HOLD	99,7754	103,0947
2019-01-07	11:00	3991,69	3996,06	3986,4	3988,72	SHORT	0,00167	5997,81	0,00334	HOLD	99,7754	103,1006
2019-01-07	12:00	3987,89	3996,08	3980,08	3994,96	SHORT	0,00167	5997,81	0,00334	HOLD	99,7754	103,0902
2019-01-07	13:00	3993,82	4001,77	3982,61	3990,78	SHORT	0,00167	5997,81	0,00334	HOLD	99,7754	103,0972
2019-01-07	14:00	3990,76	4001,21	3988	4001	SHORT	0,00167	5997,81	0,00334	HOLD	99,7754	103,0801
2019-01-07	15:00	4001,02	4015	3990	4007,7	SHORT	0,00167	5997,81	0,00334	HOLD	99,7754	103,0689
2019-01-07	16:00	4007,68	4010,67	3921,53	3957,01	SHORT	0,00167	5997,81	0,00334	HOLD	99,7754	103,1536
2019-01-07	17:00	3957,01	3997	3955,5	3959,35	SHORT	0,00167	5997,81	0,00334	HOLD	99,7754	103,1496
2019-01-07	18:00	3959,35	3976,9	3952,07	3976,76	SHORT	0,00167	5997,81	0,00334	HOLD	99,7754	103,1206
2019-01-07	19:00	3976,78	3978	3955,02	3956,87	SHORT	0,00167	5997,81	0,00334	HOLD	99,7754	103,1538
2019-01-07	20:00	3956,87	3982,96	3955,02	3980,26	SHORT	0,00167	5997,81	0,00334	HOLD	99,7754	103,1147
2019-01-07	21:00	3980,98	4000	3975,8	3985,46	SHORT	0,00167	5997,81	0,00334	HOLD	99,7754	103,106
2019-01-07	22:00	3985,48	3990	3964,49	3969,91	SHORT	0,00167	5997,81	0,00334	HOLD	99,7754	103,132
2019-01-07	23:00	3969,91	3985,98	3965	3978,96	SHORT	0,00167	5997,81	0,00334	HOLD	99,7754	103,1169
2019-01-08	00:00	3978,96	3989,18	3941	3979,34	SHORT	0,00167	5997,81	0,00334	HOLD	99,7754	103,1163
2019-01-08	01:00	3979,34	3994,98	3976	3977,89	SHORT	0,00167	5997,81	0,00334	HOLD	99,7754	103,1187
2019-01-08	02:00	3977	3989,35	3974,31	3988,52	SHORT	0,00167	5997,81	0,00334	HOLD	99,7754	103,1009
2019-01-08	03:00	3987,71	3988,74	3961	3970,96	SHORT	0,00167	5997,81	0,00334	HOLD	99,7754	103,1303
2019-01-08	04:00	3969,88	3981,25	3967	3971,98	SHORT	0,00167	5997,81	0,00334	HOLD	99,7754	103,1286
2019-01-08	05:00	3971,99	3975,35	3951,55	3964,81	SHORT	0,00167	5997,81	0,00334	HOLD	99,7754	103,1405
2019-01-08	06:00	3965,61	3978,97	3954,19	3975,45	SHORT	0,00167	5997,81	0,00334	HOLD	99,7754	103,1228
2019-01-08	07:00	3976,76	3989	3973,79	3981,12	SHORT	0,00167	5997,81	0,00334	HOLD	99,7754	103,1133
2019-01-08	08:00	3981,12	3982,1	3960	3961,03	SHORT	0,00167	5997,81	0,00334	HOLD	99,7754	103,1468
2019-01-08	09:00	3961,53	3966,39	3922	3949,16	SHORT	0,00167	5997,81	0,00334	HOLD	99,7754	103,1667
2019-01-08	10:00	3949	3957,49	3942	3945,61	SHORT	0,00167	5997,81	0,00334	HOLD	99,7754	103,1726
2019-01-08	11:00	3944,94	3947,62	3936,26	3944,88	SHORT	0,00167	5997,81	0,00334	HOLD	99,7754	103,1738
2019-01-08	12:00	3943,86	3952,54	3939,81	3950,49	SHORT	0,00167	5997,81	0,00334	HOLD	99,7754	103,1644
2019-01-08	13:00	3950,49	3965,66	3940	3958,56	SHORT	0,00167	5997,81	0,00334	HOLD	99,7754	103,151
2019-01-08	14:00	3959,59	3968,42	3946,09	3953,6	SHORT	0,00167	5997,81	0,00334	HOLD	99,7754	103,1593
2019-01-08	15:00	3953,14	3974,2	3948,75	3960,64	SHORT	0,00167	5997,81	0,00334	HOLD	99,7754	103,1475
2019-01-08	16:00	3960,67	3982	3958,48	3973,62	SHORT	0,00167	5997,81	0,00334	HOLD	99,7754	103,1258
2019-01-08	17:00	3972,12	3982,25	3964	3980,69	SHORT	0,00167	5997,81	0,00334	HOLD	99,7754	103,114
2019-01-08	18:00	3981,81	4018	3967,93	4001,59	SHORT	0,00167	5997,81	0,00334	HOLD	99,7754	103,0791
2019-01-08	19:00	4002,32	4007	3988,64	3988,83	SHORT	0,00167	5997,81	0,00334	HOLD	99,7754	103,1004
2019-01-08	20:00	3989,16	4039	3988,83	4026,72	SHORT	0,00167	5997,81	0,00334	HOLD	99,7754	103,0371
2019-01-08	21:00	4027,3	4028,19	4002,76	4008,81	SHORT	0,00167	5997,81	0,00334	HOLD	99,7754	103,067
2019-01-08	22:00	4008,81	4069,8	3981	4000,48	SHORT	0,00167	5997,81	0,00334	HOLD	99,7754	103,081
2019-01-08	23:00	4002,04	4007,84	3938,82	3968,77	SHORT	0,00167	5997,81	0,00334	HOLD	99,7754	103,1339
2019-01-09	00:00	3970,76	3984,4	3956	3962	SHORT	0,00167	5997,81	0,00334	HOLD	99,7754	103,1452
2019-01-09	01:00	3962	3977,06	3954	3968,46	SHORT	0,00167	5997,81	0,00334	HOLD	99,7754	103,1344
2019-01-09	02:00	3969,42	3983	3957,93	3976,12	SHORT	0,00167	5997,81	0,00334	HOLD	99,7754	103,1216
2019-01-09	03:00	3976,11	3985,8	3965,4	3965,4	SHORT	0,00167	5997,81	0,00334	HOLD	99,7754	103,1395
2019-01-09	04:00	3965,4	3976,46	3960,9	3963,23	SHORT	0,00167	5997,81	0,00334	HOLD	99,7754	103,1432
2019-01-09	05:00	3963,34	3968,47	3952,3	3967,83	SHORT	0,00167	5997,81	0,00334	HOLD	99,7754	103,1355
2019-01-09	06:00	3967,83	3971,4	3903	3955,13	SHORT	0,00167	5997,81	0,00334	HOLD	99,7754	103,1567
2019-01-09	07:00	3955,45	3970,47	3930,04	3955,73	SHORT	0,00167	5997,81	0,00334	HOLD	99,7754	103,1557
2019-01-09	08:00	3955,76	3997,74	3936,26	3986	SHORT	0,00167	5997,81	0,00334	HOLD	99,7754	103,1051
2019-01-09	09:00	3985,74	3999,89	3977,3	3980,64	SHORT	0,00167	5997,81	0,00334	HOLD	99,7754	103,1141
2019-01-09	10:00	3981,89	3992,75	3977,42	3981,03	SHORT	0,00167	5997,81	0,00334	HOLD	99,7754	103,1134
2019-01-09	11:00	3981,98	4002	3981,03	3994	SHORT	0,00167	5997,81	0,00334	HOLD	99,7754	103,0918
2019-01-09	12:00	3994	3999,2	3983	3987,98	SHORT	0,00167	5997,81	0,00334	HOLD	99,7754	103,1018
2019-01-09	13:00	3988,19	3990	3978	3986,63	SHORT	0,00167	5997,81	0,00334	HOLD	99,7754	103,1041
2019-01-09	14:00	3986,44	4000	3985,02	3987,88	SHORT	0,00167	5997,81	0,00334	HOLD	99,7754	103,102
2019-01-09	15:00	3987,76	3991,78	3971,11	3982,54	SHORT	0,00167	5997,81	0,00334	HOLD	99,7754	103,1109
2019-01-09	16:00	3982,85	3996,98	3976	3978	SHORT	0,00167	5997,81	0,00334	HOLD	99,7754	103,1185
2019-01-09	17:00	3977,7	3987,07	3971,5	3982,77	SHORT	0,00167	5997,81	0,00334	HOLD	99,7754	103,1105
2019-01-09	18:00	3982,53	4006,81	3980,58	3986,44	SHORT	0,00167	5997,81	0,00334	HOLD	99,7754	103,1044
2019-01-09	19:00	3985,52	3996,3	3956	3976,72	SHORT	0,00167	5997,81	0,00334	HOLD	99,7754	103,1206
2019-01-09	20:00	3976,86	3977,71	3952	3968,09	SHORT	0,00167	5997,81	0,00334	HOLD	99,7754	103,1351
2019-01-09	21:00	3968,07	3968,11	3941	3951,22	SHORT	0,00167	5997,81	0,00334	HOLD	99,7754	103,1632
2019-01-09	22:00	3951,22	3971,18	3942,39	3958,28	SHORT	0,00167	5997,81	0,00334	HOLD	99,7754	103,1514
2019-01-09	23:00	3957,59	3977,93	3952,44	3963,03	SHORT	0,00167	5997,81	0,00334	HOLD	99,7754	103,1435
2019-01-10	00:00	3965,05	3972	3955,68	3968	SHORT	0,00167	5997,81	0,00334	HOLD	99,7754	103,1352
2019-01-10	01:00	3967,14	3975	3958	3971,38	SHORT	0,00167	5997,81	0,00334	HOLD	99,7754	103,1296
2019-01-10	02:00	3970,06	3983,66	3964,79	3978,34	SHORT	0,00167	5997,81	0,00334	HOLD	99,7754	103,1179
2019-01-10	03:00	3978,98	3981	3961	3967	SHORT	0,00167	5997,81	0,00334	HOLD	99,7754	103,1369
2019-01-10	04:00	3967	3990	3955	3966,48	SHORT	0,00167	5997,81	0,00334	HOLD	99,7754	103,1377
2019-01-10	05:00	3966,23	3977,67	3962,21	3967,4	SHORT	0,00167	5997,81	0,00334	HOLD	99,7754	103,1362
2019-01-10	06:00	3968,59	3973,55	3961,88	3966,65	SHORT	0,00167	5997,81	0,00334	HOLD	99,7754	103,1375
2019-01-10	07:00	3966,06	3989,81	3963,7	3987,66	SHORT	0,00167	5997,81	0,00334	HOLD	99,7754	103,1024
2019-01-10	08:00	3988,76	3993,46	3974,31	3982,44	SHORT	0,00167	5997,81	0,00334	HOLD	99,7754	103,1111
2019-01-10	09:00	3982,54	3985	3975,02	3981	SHORT	0,00167	5997,81	0,00334	HOLD	99,7754	103,1135
2019-01-10	10:00	3981	3990,49	3975,13	3978,94	SHORT	0,00167	5997,81	0,00334	HOLD	99,7754	103,1169
2019-01-10	11:00	3978,96	3993,82	3976,14	3993	SHORT	0,00167	5997,81	0,00334	HOLD	99,7754	103,0935
2019-01-10	12:00	3993	3996,01	3986,57	3989,79	SHORT	0,00167	5997,81	0,00334	HOLD	99,7754	103,0988
2019-01-10	13:00	3988,57	3990,47	3731,01	3781,31	SHORT	0,00167	5997,81	0,00334	HOLD	99,7754	103,447
2019-01-10	14:00	3779,63	3784,73	3747,61	3777,02	SHORT	0,00167	5997,81	0,00334	HOLD	99,7754	103,4541
2019-01-10	15:00	3777,54	3783,32	3752,5	3759,07	SHORT	0,00167	5997,81	0,00334	HOLD	99,7754	103,4841
2019-01-10	16:00	3757,89	3766,51	3715,65	3732,79	SHORT	0,00167	5997,81	0,00334	HOLD	99,7754	103,528
2019-01-10	17:00	3732,77	3751,12	3725	3736,45	SHORT	0,00167	5997,81	0,00334	HOLD	99,7754	103,5219
2019-01-10	18:00	3735,46	3744,7	3720	3739,99	SHORT	0,00167	5997,81	0,00334	HOLD	99,7754	103,516
2019-01-10	19:00	3738,01	3750	3728,06	3732,81	SHORT	0,00167	5997,81	0,00334	HOLD	99,7754	103,528
2019-01-10	20:00	3732,81	3736,11	3707,07	3725,62	SHORT	0,00167	5997,81	0,00334	HOLD	99,7754	103,54
2019-01-10	21:00	3725,19	3732,98	3713,3	3726,32	SHORT	0,00167	5997,81	0,00334	HOLD	99,7754	103,5388
2019-01-10	22:00	3726,32	3735,65	3713,4	3726,39	SHORT	0,00167	5997,81	0,00334	HOLD	99,7754	103,5387
2019-01-10	23:00	3726,79	3726,79	3540	3583,21	SHORT	0,00167	5997,81	0,00334	HOLD	99,7754	103,7778
2019-01-11	00:00	3583,21	3588,78	3561,6	3574,18	SHORT	0,00167	5997,81	0,00334	HOLD	99,7754	103,7929
2019-01-11	01:00	3574,15	3576,61	3557,16	3573,78	SHORT	0,00167	5997,81	0,00334	HOLD	99,7754	103,7935
2019-01-11	02:00	3573,78	3606,88	3540,33	3596,12	SHORT	0,00167	5997,81	0,00334	HOLD	99,7754	103,7562
2019-01-11	03:00	3596,73	3609,21	3582	3585,62	SHORT	0,00167	5997,81	0,00334	HOLD	99,7754	103,7738
2019-01-11	04:00	3585,07	3593,98	3574,65	3586,29	SHORT	0,00167	5997,81	0,00334	HOLD	99,7754	103,7727
2019-01-11	05:00	3586,29	3590,46	3574,64	3583,43	SHORT	0,00167	5997,81	0,00334	HOLD	99,7754	103,7774
2019-01-11	06:00	3583,43	3597,72	3577,05	3585,88	SHORT	0,00167	5997,81	0,00334	HOLD	99,7754	103,7733
2019-01-11	07:00	3585,88	3617,04	3557,52	3607,72	SHORT	0,00167	5997,81	0,00334	HOLD	99,7754	103,7369
2019-01-11	08:00	3608,36	3609,09	3586,63	3592,95	SHORT	0,00167	5997,81	0,00334	HOLD	99,7754	103,7615
2019-01-11	09:00	3591,17	3596,74	3572,76	3579,76	SHORT	0,00167	5997,81	0,00334	HOLD	99,7754	103,7836
2019-01-11	10:00	3579,78	3589,79	3576,76	3583,09	SHORT	0,00167	5997,81	0,00334	HOLD	99,7754	103,778
2019-01-11	11:00	3583,05	3583,12	3546,36	3562	SHORT	0,00167	5997,81	0,00334	HOLD	99,7754	103,8132
2019-01-11	12:00	3562	3575,78	3560	3573,49	SHORT	0,00167	5997,81	0,00334	HOLD	99,7754	103,794
2019-01-11	13:00	3573,47	3590	3570,55	3584,48	SHORT	0,00167	5997,81	0,00334	HOLD	99,7754	103,7757
2019-01-11	14:00	3584,76	3597	3578,95	3595,47	SHORT	0,00167	5997,81	0,00334	HOLD	99,7754	103,7573
2019-01-11	15:00	3595,47	3635	3590,82	3605,61	SHORT	0,00167	5997,81	0,00334	HOLD	99,7754	103,7404
2019-01-11	16:00	3606,49	3612	3587,43	3591,3	SHORT	0,00167	5997,81	0,00334	HOLD	99,7754	103,7643
2019-01-11	17:00	3589,98	3597,64	3562	3586,06	SHORT	0,00167	5997,81	0,00334	HOLD	99,7754	103,773
2019-01-11	18:00	3586,45	3596,99	3580,02	3594	SHORT	0,00167	5997,81	0,00334	HOLD	99,7754	103,7598
2019-01-11	19:00	3593,57	3594,18	3571,18	3585,4	SHORT	0,00167	5997,81	0,00334	HOLD	99,7754	103,7741
2019-01-11	20:00	3584,97	3590,94	3569,16	3569,67	SHORT	0,00167	5997,81	0,00334	HOLD	99,7754	103,8004
2019-01-11	21:00	3570,12	3612	3569,17	3598,72	SHORT	0,00167	5997,81	0,00334	HOLD	99,7754	103,7519
2019-01-11	22:00	3599,79	3616,13	3585,5	3585,51	SHORT	0,00167	5997,81	0,00334	HOLD	99,7754	103,774
2019-01-11	23:00	3586,49	3620,24	3582,5	3601,05	SHORT	0,00167	5997,81	0,00334	HOLD	99,7754	103,748
2019-01-12	00:00	3601,22	3615,82	3599,85	3608,9	SHORT	0,00167	5997,81	0,00334	HOLD	99,7754	103,7349
2019-01-12	01:00	3608,93	3612,67	3594	3605,88	SHORT	0,00167	5997,81	0,00334	HOLD	99,7754	103,7399
2019-01-12	02:00	3605,88	3613	3602	3606,15	SHORT	0,00167	5997,81	0,00334	HOLD	99,7754	103,7395
2019-01-12	03:00	3606,36	3624,82	3601,58	3610,7	SHORT	0,00167	5997,81	0,00334	HOLD	99,7754	103,7319
2019-01-12	04:00	3611,51	3658	3594,06	3602,52	SHORT	0,00167	5997,81	0,00334	HOLD	99,7754	103,7456
2019-01-12	05:00	3602,52	3606,88	3571,43	3578,85	SHORT	0,00167	5997,81	0,00334	HOLD	99,7754	103,7851
2019-01-12	06:00	3578,85	3615	3465	3601,31	SHORT	0,00167	5997,81	0,00334	HOLD	99,7754	103,7476
2019-01-12	07:00	3601,31	3618,19	3588,01	3601,46	SHORT	0,00167	5997,81	0,00334	HOLD	99,7754	103,7473
2019-01-12	08:00	3601,01	3601,53	3533	3590,17	SHORT	0,00167	5997,81	0,00334	HOLD	99,7754	103,7662
2019-01-12	09:00	3590,17	3596,55	3579	3594,88	SHORT	0,00167	5997,81	0,00334	HOLD	99,7754	103,7583
2019-01-12	10:00	3594	3603,19	3589,33	3601,15	SHORT	0,00167	5997,81	0,00334	HOLD	99,7754	103,7478
2019-01-12	11:00	3600,64	3601,14	3589,47	3590,35	SHORT	0,00167	5997,81	0,00334	HOLD	99,7754	103,7659
2019-01-12	12:00	3591,52	3598,77	3586,42	3587,72	SHORT	0,00167	5997,81	0,00334	HOLD	99,7754	103,7703
2019-01-12	13:00	3588,21	3592,46	3567,31	3571,74	SHORT	0,00167	5997,81	0,00334	HOLD	99,7754	103,797
2019-01-12	14:00	3572,74	3583	3571,37	3582,38	SHORT	0,00167	5997,81	0,00334	HOLD	99,7754	103,7792
2019-01-12	15:00	3582,09	3582,81	3571,2	3574,06	SHORT	0,00167	5997,81	0,00334	HOLD	99,7754	103,7931
2019-01-12	16:00	3574,8	3579,78	3559,5	3578,3	SHORT	0,00167	5997,81	0,00334	HOLD	99,7754	103,786
2019-01-12	17:00	3578	3585,71	3572,93	3575,89	SHORT	0,00167	5997,81	0,00334	HOLD	99,7754	103,79
2019-01-12	18:00	3575,91	3578,79	3569,32	3571,16	SHORT	0,00167	5997,81	0,00334	HOLD	99,7754	103,7979
2019-01-12	19:00	3571,89	3605	3530	3590,36	SHORT	0,00167	5997,81	0,00334	HOLD	99,7754	103,7659
2019-01-12	20:00	3590,38	3593,18	3574	3587,73	SHORT	0,00167	5997,81	0,00334	HOLD	99,7754	103,7703
2019-01-12	21:00	3588	3594,82	3582,61	3592,5	SHORT	0,00167	5997,81	0,00334	HOLD	99,7754	103,7623
2019-01-12	22:00	3592,25	3594	3584	3591,11	SHORT	0,00167	5997,81	0,00334	HOLD	99,7754	103,7646
2019-01-12	23:00	3591,11	3599	3587,01	3589,9	SHORT	0,00167	5997,81	0,00334	HOLD	99,7754	103,7666
2019-01-13	00:00	3590	3600	3572,19	3592	SHORT	0,00167	5997,81	0,00334	HOLD	99,7754	103,7631
2019-01-13	01:00	3592,02	3599,86	3588,7	3591,92	SHORT	0,00167	5997,81	0,00334	HOLD	99,7754	103,7633
2019-01-13	02:00	3591,92	3596	3587	3593,74	SHORT	0,00167	5997,81	0,00334	HOLD	99,7754	103,7602
2019-01-13	03:00	3592,79	3600,62	3585	3594,62	SHORT	0,00167	5997,81	0,00334	HOLD	99,7754	103,7587
2019-01-13	04:00	3594,6	3603,55	3588,43	3591,3	SHORT	0,00167	5997,81	0,00334	HOLD	99,7754	103,7643
2019-01-13	05:00	3590,72	3612,39	3571,14	3580,01	SHORT	0,00167	5997,81	0,00334	HOLD	99,7754	103,7831
2019-01-13	06:00	3580,43	3590,71	3563,01	3583,13	SHORT	0,00167	5997,81	0,00334	HOLD	99,7754	103,7779
2019-01-13	07:00	3584,1	3587,01	3566,19	3570,47	SHORT	0,00167	5997,81	0,00334	HOLD	99,7754	103,7991
2019-01-13	08:00	3570,67	3583,58	3564,41	3569,04	SHORT	0,00167	5997,81	0,00334	HOLD	99,7754	103,8015
2019-01-13	09:00	3568,48	3588,24	3568	3588,24	SHORT	0,00167	5997,81	0,00334	HOLD	99,7754	103,7694
2019-01-13	10:00	3588,24	3595	3585,12	3593,24	SHORT	0,00167	5997,81	0,00334	HOLD	99,7754	103,7611
2019-01-13	11:00	3593,27	3598,88	3585,07	3586,49	SHORT	0,00167	5997,81	0,00334	HOLD	99,7754	103,7723
2019-01-13	12:00	3587,21	3591,56	3581,62	3582,26	SHORT	0,00167	5997,81	0,00334	HOLD	99,7754	103,7794
2019-01-13	13:00	3582,28	3592,71	3575,84	3580,94	SHORT	0,00167	5997,81	0,00334	HOLD	99,7754	103,7816
2019-01-13	14:00	3581,93	3586,22	3579,47	3583,68	SHORT	0,00167	5997,81	0,00334	HOLD	99,7754	103,777
2019-01-13	15:00	3583,68	3587,85	3574	3575,1	SHORT	0,00167	5997,81	0,00334	HOLD	99,7754	103,7913
2019-01-13	16:00	3576,32	3586,97	3571,7	3586	SHORT	0,00167	5997,81	0,00334	HOLD	99,7754	103,7731
2019-01-13	17:00	3586	3588,36	3580,05	3584,09	SHORT	0,00167	5997,81	0,00334	HOLD	99,7754	103,7763
2019-01-13	18:00	3584,91	3590,02	3583,88	3589,38	SHORT	0,00167	5997,81	0,00334	HOLD	99,7754	103,7675
2019-01-13	19:00	3589,28	3611,1	3560,26	3583,36	SHORT	0,00167	5997,81	0,00334	HOLD	99,7754	103,7776
2019-01-13	20:00	3583,74	3593,08	3583,36	3590,48	SHORT	0,00167	5997,81	0,00334	HOLD	99,7754	103,7657
2019-01-13	21:00	3588,6	3590,47	3570	3572,18	SHORT	0,00167	5997,81	0,00334	HOLD	99,7754	103,7962
2019-01-13	22:00	3570,55	3577,01	3566,12	3575,53	SHORT	0,00167	5997,81	0,00334	HOLD	99,7754	103,7906
2019-01-13	23:00	3576,32	3576,33	3441,3	3462,18	SHORT	0,00167	5997,81	0,00334	HOLD	99,7754	103,9799
2019-01-14	00:00	3464,91	3490,81	3444,28	3479,01	SHORT	0,00167	5997,81	0,00334	HOLD	99,7754	103,9518
2019-01-14	01:00	3478,56	3486,13	3449,2	3462,75	SHORT	0,00167	5997,81	0,00334	HOLD	99,7754	103,979
2019-01-14	02:00	3463	3474,91	3457,18	3465,82	SHORT	0,00167	5997,81	0,00334	HOLD	99,7754	103,9738
2019-01-14	03:00	3465,03	3475,61	3457,63	3462,32	SHORT	0,00167	5997,81	0,00334	HOLD	99,7754	103,9797
2019-01-14	04:00	3462,85	3497,98	3454	3479,63	SHORT	0,00167	5997,81	0,00334	HOLD	99,7754	103,9508
2019-01-14	05:00	3480,14	3482,48	3465	3470,51	SHORT	0,00167	5997,81	0,00334	HOLD	99,7754	103,966
2019-01-14	06:00	3469,83	3477,56	3457,2	3476,81	SHORT	0,00167	5997,81	0,00334	HOLD	99,7754	103,9555
2019-01-14	07:00	3477,56	3483,07	3467,02	3483,05	SHORT	0,00167	5997,81	0,00334	HOLD	99,7754	103,9451
2019-01-14	08:00	3482,47	3493,78	3479,75	3487,98	SHORT	0,00167	5997,81	0,00334	HOLD	99,7754	103,9368
2019-01-14	09:00	3488,62	3499,9	3486,05	3496	SHORT	0,00167	5997,81	0,00334	HOLD	99,7754	103,9234
2019-01-14	10:00	3497,41	3497,41	3487,51	3489,45	SHORT	0,00167	5997,81	0,00334	HOLD	99,7754	103,9344
2019-01-14	11:00	3489,43	3499,65	3487,52	3498,31	SHORT	0,00167	5997,81	0,00334	HOLD	99,7754	103,9196
2019-01-14	12:00	3498,31	3514,8	3495,41	3504,72	SHORT	0,00167	5997,81	0,00334	HOLD	99,7754	103,9089
2019-01-14	13:00	3503,22	3522,15	3500,08	3518,18	SHORT	0,00167	5997,81	0,00334	HOLD	99,7754	103,8864
2019-01-14	14:00	3518,82	3527,83	3509	3511,83	SHORT	0,00167	5997,81	0,00334	HOLD	99,7754	103,897
2019-01-14	15:00	3511,73	3511,89	3496	3501,85	SHORT	0,00167	5997,81	0,00334	HOLD	99,7754	103,9137
2019-01-14	16:00	3501,91	3511,21	3495,01	3505,02	SHORT	0,00167	5997,81	0,00334	HOLD	99,7754	103,9084
2019-01-14	17:00	3505,3	3540	3498,55	3502,75	SHORT	0,00167	5997,81	0,00334	HOLD	99,7754	103,9122
2019-01-14	18:00	3503,8	3505,38	3485,02	3488,28	SHORT	0,00167	5997,81	0,00334	HOLD	99,7754	103,9363
2019-01-14	19:00	3488,8	3509	3487	3506,25	SHORT	0,00167	5997,81	0,00334	HOLD	99,7754	103,9063
2019-01-14	20:00	3505,78	3514,19	3495,63	3496,8	SHORT	0,00167	5997,81	0,00334	HOLD	99,7754	103,9221
2019-01-14	21:00	3496,36	3500	3487	3497	SHORT	0,00167	5997,81	0,00334	HOLD	99,7754	103,9218
2019-01-14	22:00	3497	3647	3495	3630,98	SHORT	0,00167	5997,81	0,00334	HOLD	99,7754	103,698
2019-01-14	23:00	3630,98	3671,87	3611	3616,65	SHORT	0,00167	5997,81	0,00334	HOLD	99,7754	103,722
2019-01-15	00:00	3616,67	3634,99	3616,67	3627,71	SHORT	0,00167	5997,81	0,00334	HOLD	99,7754	103,7035
2019-01-15	01:00	3627,45	3647,97	3623,21	3628,01	SHORT	0,00167	5997,81	0,00334	HOLD	99,7754	103,703
2019-01-15	02:00	3629,32	3644,22	3623,15	3638,08	SHORT	0,00167	5997,81	0,00334	HOLD	99,7754	103,6862
2019-01-15	03:00	3638,74	3665	3623,45	3629,45	SHORT	0,00167	5997,81	0,00334	HOLD	99,7754	103,7006
2019-01-15	04:00	3629,46	3629,46	3590	3623,7	SHORT	0,00167	5997,81	0,00334	HOLD	99,7754	103,7102
2019-01-15	05:00	3623,02	3633,13	3614,36	3622,86	SHORT	0,00167	5997,81	0,00334	HOLD	99,7754	103,7116
2019-01-15	06:00	3623	3635,99	3620	3626,09	SHORT	0,00167	5997,81	0,00334	HOLD	99,7754	103,7062
2019-01-15	07:00	3626,08	3643,27	3624,22	3633,22	SHORT	0,00167	5997,81	0,00334	HOLD	99,7754	103,6943
2019-01-15	08:00	3632,88	3648,42	3631,93	3633,44	SHORT	0,00167	5997,81	0,00334	HOLD	99,7754	103,6939
2019-01-15	09:00	3633,46	3636,97	3623,14	3624,98	SHORT	0,00167	5997,81	0,00334	HOLD	99,7754	103,708
2019-01-15	10:00	3624,89	3632,07	3623	3629,38	SHORT	0,00167	5997,81	0,00334	HOLD	99,7754	103,7007
2019-01-15	11:00	3629,38	3631,86	3624,83	3627,19	SHORT	0,00167	5997,81	0,00334	HOLD	99,7754	103,7044
2019-01-15	12:00	3627,4	3630,06	3612,48	3619,43	SHORT	0,00167	5997,81	0,00334	HOLD	99,7754	103,7173
2019-01-15	13:00	3619,14	3621,92	3610,12	3616,81	SHORT	0,00167	5997,81	0,00334	HOLD	99,7754	103,7217
2019-01-15	14:00	3616,03	3629,45	3616,03	3629,09	SHORT	0,00167	5997,81	0,00334	HOLD	99,7754	103,7012
2019-01-15	15:00	3629,09	3630,43	3616	3624,34	SHORT	0,00167	5997,81	0,00334	HOLD	99,7754	103,7091
2019-01-15	16:00	3623,64	3625,04	3578,07	3604,06	SHORT	0,00167	5997,81	0,00334	HOLD	99,7754	103,743
2019-01-15	17:00	3604,51	3618	3591,02	3610,64	SHORT	0,00167	5997,81	0,00334	HOLD	99,7754	103,732
2019-01-15	18:00	3610,56	3617,59	3606,37	3611,39	SHORT	0,00167	5997,81	0,00334	HOLD	99,7754	103,7307
2019-01-15	19:00	3612,1	3618	3591	3602,6	SHORT	0,00167	5997,81	0,00334	HOLD	99,7754	103,7454
2019-01-15	20:00	3602,06	3634,75	3600	3624,78	SHORT	0,00167	5997,81	0,00334	HOLD	99,7754	103,7084
2019-01-15	21:00	3624,96	3626,31	3612,91	3625,09	SHORT	0,00167	5997,81	0,00334	HOLD	99,7754	103,7079
2019-01-15	22:00	3625,09	3640,77	3580	3596,98	SHORT	0,00167	5997,81	0,00334	HOLD	99,7754	103,7548
2019-01-15	23:00	3597,31	3610,73	3583,5	3599,01	SHORT	0,00167	5997,81	0,00334	HOLD	99,7754	103,7514
2019-01-16	00:00	3599,01	3604,5	3592,05	3602,37	SHORT	0,00167	5997,81	0,00334	HOLD	99,7754	103,7458
2019-01-16	01:00	3602,25	3607,62	3590,5	3596,98	SHORT	0,00167	5997,81	0,00334	HOLD	99,7754	103,7548
2019-01-16	02:00	3596,96	3605	3589,01	3604,14	SHORT	0,00167	5997,81	0,00334	HOLD	99,7754	103,7428
2019-01-16	03:00	3604,14	3605	3516,62	3532,59	SHORT	0,00167	5997,81	0,00334	HOLD	99,7754	103,8623
2019-01-16	04:00	3534,42	3550	3524,42	3539,33	SHORT	0,00167	5997,81	0,00334	HOLD	99,7754	103,8511
2019-01-16	05:00	3539,57	3557,5	3536,05	3543,97	SHORT	0,00167	5997,81	0,00334	HOLD	99,7754	103,8433
2019-01-16	06:00	3543,97	3565,1	3542,43	3553,06	SHORT	0,00167	5997,81	0,00334	HOLD	99,7754	103,8282
2019-01-16	07:00	3553,06	3565,47	3543,51	3561,05	SHORT	0,00167	5997,81	0,00334	HOLD	99,7754	103,8148
2019-01-16	08:00	3561,05	3569,89	3558,34	3568,74	SHORT	0,00167	5997,81	0,00334	HOLD	99,7754	103,802
2019-01-16	09:00	3567,83	3568,79	3555,38	3564,83	SHORT	0,00167	5997,81	0,00334	HOLD	99,7754	103,8085
2019-01-16	10:00	3564,85	3575,37	3560	3572,5	SHORT	0,00167	5997,81	0,00334	HOLD	99,7754	103,7957
2019-01-16	11:00	3572,55	3583,71	3570,57	3572,95	SHORT	0,00167	5997,81	0,00334	HOLD	99,7754	103,7949
2019-01-16	12:00	3572,63	3582,53	3570	3578,81	SHORT	0,00167	5997,81	0,00334	HOLD	99,7754	103,7851
2019-01-16	13:00	3578,97	3580,89	3565,5	3569,93	SHORT	0,00167	5997,81	0,00334	HOLD	99,7754	103,8
2019-01-16	14:00	3570,12	3572	3552,25	3555,07	SHORT	0,00167	5997,81	0,00334	HOLD	99,7754	103,8248
2019-01-16	15:00	3556,04	3599,99	3553,96	3585	SHORT	0,00167	5997,81	0,00334	HOLD	99,7754	103,7748
2019-01-16	16:00	3585,71	3603,96	3580	3580,63	SHORT	0,00167	5997,81	0,00334	HOLD	99,7754	103,7821
2019-01-16	17:00	3580,64	3597,62	3580,55	3585,46	SHORT	0,00167	5997,81	0,00334	HOLD	99,7754	103,774
2019-01-16	18:00	3587,06	3593,85	3583,08	3589,02	SHORT	0,00167	5997,81	0,00334	HOLD	99,7754	103,7681
2019-01-16	19:00	3589,08	3645	3589	3611,94	SHORT	0,00167	5997,81	0,00334	HOLD	99,7754	103,7298
2019-01-16	20:00	3611,11	3619,4	3574,93	3592,1	SHORT	0,00167	5997,81	0,00334	HOLD	99,7754	103,763
2019-01-16	21:00	3592,11	3609,14	3587,11	3598,21	SHORT	0,00167	5997,81	0,00334	HOLD	99,7754	103,7528
2019-01-16	22:00	3598,23	3612,24	3579	3590,22	SHORT	0,00167	5997,81	0,00334	HOLD	99,7754	103,7661
2019-01-16	23:00	3591,16	3594,51	3560,2	3581,57	SHORT	0,00167	5997,81	0,00334	HOLD	99,7754	103,7805
2019-01-17	00:00	3582,01	3592	3581,59	3590,5	SHORT	0,00167	5997,81	0,00334	HOLD	99,7754	103,7656
2019-01-17	01:00	3590,51	3610	3576,81	3588,75	SHORT	0,00167	5997,81	0,00334	HOLD	99,7754	103,7685
2019-01-17	02:00	3588,46	3592,16	3561,53	3576,4	SHORT	0,00167	5997,81	0,00334	HOLD	99,7754	103,7892
2019-01-17	03:00	3576,6	3582,81	3561,81	3577,91	SHORT	0,00167	5997,81	0,00334	HOLD	99,7754	103,7867
2019-01-17	04:00	3577,91	3609	3575,31	3584,29	SHORT	0,00167	5997,81	0,00334	HOLD	99,7754	103,776
2019-01-17	05:00	3584,29	3586,29	3576,05	3579,89	SHORT	0,00167	5997,81	0,00334	HOLD	99,7754	103,7833
2019-01-17	06:00	3580,18	3598,98	3578	3591,84	SHORT	0,00167	5997,81	0,00334	HOLD	99,7754	103,7634
2019-01-17	07:00	3591,84	3597,29	3582,08	3587,73	SHORT	0,00167	5997,81	0,00334	HOLD	99,7754	103,7703
2019-01-17	08:00	3587,53	3600,51	3582,99	3593,46	SHORT	0,00167	5997,81	0,00334	HOLD	99,7754	103,7607
2019-01-17	09:00	3593,46	3600	3551,16	3557,4	SHORT	0,00167	5997,81	0,00334	HOLD	99,7754	103,8209
2019-01-17	10:00	3558,57	3576,64	3556,82	3574,59	SHORT	0,00167	5997,81	0,00334	HOLD	99,7754	103,7922
2019-01-17	11:00	3574,57	3584,7	3568,17	3574,78	SHORT	0,00167	5997,81	0,00334	HOLD	99,7754	103,7919
2019-01-17	12:00	3573,75	3580,84	3568,16	3571,56	SHORT	0,00167	5997,81	0,00334	HOLD	99,7754	103,7973
2019-01-17	13:00	3571,58	3587,95	3568,19	3577,22	SHORT	0,00167	5997,81	0,00334	HOLD	99,7754	103,7878
2019-01-17	14:00	3576,64	3584,36	3570	3584	SHORT	0,00167	5997,81	0,00334	HOLD	99,7754	103,7765
2019-01-17	15:00	3583,73	3585	3574	3581,69	SHORT	0,00167	5997,81	0,00334	HOLD	99,7754	103,7803
2019-01-17	16:00	3580,76	3582,47	3567	3570,18	SHORT	0,00167	5997,81	0,00334	HOLD	99,7754	103,7996
2019-01-17	17:00	3570,56	3588,9	3530,39	3572,71	SHORT	0,00167	5997,81	0,00334	HOLD	99,7754	103,7953
2019-01-17	18:00	3572,71	3583,37	3569,75	3579,56	SHORT	0,00167	5997,81	0,00334	HOLD	99,7754	103,7839
2019-01-17	19:00	3580,3	3581,51	3560,84	3570	SHORT	0,00167	5997,81	0,00334	HOLD	99,7754	103,7999
2019-01-17	20:00	3569,34	3575,65	3563,02	3568,2	SHORT	0,00167	5997,81	0,00334	HOLD	99,7754	103,8029
2019-01-17	21:00	3568,2	3579,57	3558,87	3575,83	SHORT	0,00167	5997,81	0,00334	HOLD	99,7754	103,7901
2019-01-17	22:00	3575,83	3605	3570	3597,62	SHORT	0,00167	5997,81	0,00334	HOLD	99,7754	103,7537
2019-01-17	23:00	3597,17	3633	3576,12	3581,98	SHORT	0,00167	5997,81	0,00334	HOLD	99,7754	103,7799
2019-01-18	00:00	3581,98	3600,98	3573	3594,27	SHORT	0,00167	5997,81	0,00334	HOLD	99,7754	103,7593
2019-01-18	01:00	3594,02	3618,78	3593,75	3605,69	SHORT	0,00167	5997,81	0,00334	HOLD	99,7754	103,7403
2019-01-18	02:00	3605,97	3613,91	3600,72	3604,95	SHORT	0,00167	5997,81	0,00334	HOLD	99,7754	103,7415
2019-01-18	03:00	3604,15	3610,59	3598	3605,46	SHORT	0,00167	5997,81	0,00334	HOLD	99,7754	103,7406
2019-01-18	04:00	3606,05	3634,7	3597,5	3603,02	SHORT	0,00167	5997,81	0,00334	HOLD	99,7754	103,7447
2019-01-18	05:00	3603,02	3611,73	3590	3606,82	SHORT	0,00167	5997,81	0,00334	HOLD	99,7754	103,7384
2019-01-18	06:00	3606,83	3626,79	3604,88	3616,21	SHORT	0,00167	5997,81	0,00334	HOLD	99,7754	103,7227
2019-01-18	07:00	3613,32	3620	3601,64	3607,42	SHORT	0,00167	5997,81	0,00334	HOLD	99,7754	103,7374
2019-01-18	08:00	3608,18	3613,94	3594,35	3598,52	SHORT	0,00167	5997,81	0,00334	HOLD	99,7754	103,7522
2019-01-18	09:00	3598,52	3610	3598,5	3603,2	SHORT	0,00167	5997,81	0,00334	HOLD	99,7754	103,7444
2019-01-18	10:00	3603,53	3606,08	3597,78	3600,87	SHORT	0,00167	5997,81	0,00334	HOLD	99,7754	103,7483
2019-01-18	11:00	3600,87	3604,8	3585,7	3591,2	SHORT	0,00167	5997,81	0,00334	HOLD	99,7754	103,7645
2019-01-18	12:00	3590,65	3600	3588,98	3598,43	SHORT	0,00167	5997,81	0,00334	HOLD	99,7754	103,7524
2019-01-18	13:00	3598,34	3611,3	3596,3	3607,85	SHORT	0,00167	5997,81	0,00334	HOLD	99,7754	103,7367
2019-01-18	14:00	3608,85	3611,99	3597	3604,01	SHORT	0,00167	5997,81	0,00334	HOLD	99,7754	103,7431
2019-01-18	15:00	3604,01	3619,8	3600	3604,07	SHORT	0,00167	5997,81	0,00334	HOLD	99,7754	103,743
2019-01-18	16:00	3604,33	3613	3601,5	3611,15	SHORT	0,00167	5997,81	0,00334	HOLD	99,7754	103,7311
2019-01-18	17:00	3611,15	3616,12	3590	3594,97	SHORT	0,00167	5997,81	0,00334	HOLD	99,7754	103,7582
2019-01-18	18:00	3594,97	3600,67	3590	3599,01	SHORT	0,00167	5997,81	0,00334	HOLD	99,7754	103,7514
2019-01-18	19:00	3599,08	3599,83	3576,68	3589,3	SHORT	0,00167	5997,81	0,00334	HOLD	99,7754	103,7676
2019-01-18	20:00	3589,53	3595,9	3583,4	3587,05	SHORT	0,00167	5997,81	0,00334	HOLD	99,7754	103,7714
2019-01-18	21:00	3587,51	3593,56	3577,41	3590,63	SHORT	0,00167	5997,81	0,00334	HOLD	99,7754	103,7654
2019-01-18	22:00	3591,91	3611,95	3590	3610,68	SHORT	0,00167	5997,81	0,00334	HOLD	99,7754	103,7319
2019-01-18	23:00	3611,09	3612,07	3583,43	3590,75	SHORT	0,00167	5997,81	0,00334	HOLD	99,7754	103,7652
2019-01-19	00:00	3590,23	3597,61	3565,75	3577,44	SHORT	0,00167	5997,81	0,00334	HOLD	99,7754	103,7874
2019-01-19	01:00	3577,44	3587,49	3575,23	3582,23	SHORT	0,00167	5997,81	0,00334	HOLD	99,7754	103,7794
2019-01-19	02:00	3582,56	3589	3566,1	3587,91	SHORT	0,00167	5997,81	0,00334	HOLD	99,7754	103,77
2019-01-19	03:00	3588	3599,25	3585,98	3593,95	SHORT	0,00167	5997,81	0,00334	HOLD	99,7754	103,7599
2019-01-19	04:00	3593,89	3605	3590,16	3600,5	SHORT	0,00167	5997,81	0,00334	HOLD	99,7754	103,7489
2019-01-19	05:00	3600,65	3609,19	3596,65	3598,68	SHORT	0,00167	5997,81	0,00334	HOLD	99,7754	103,752
2019-01-19	06:00	3598,29	3605,92	3588,5	3594,87	SHORT	0,00167	5997,81	0,00334	HOLD	99,7754	103,7583
2019-01-19	07:00	3594,87	3610	3594,23	3597,85	SHORT	0,00167	5997,81	0,00334	HOLD	99,7754	103,7534
2019-01-19	08:00	3598,19	3603	3596,12	3602,5	SHORT	0,00167	5997,81	0,00334	HOLD	99,7754	103,7456
2019-01-19	09:00	3602,52	3614,79	3600,72	3605,07	SHORT	0,00167	5997,81	0,00334	HOLD	99,7754	103,7413
2019-01-19	10:00	3604,26	3609,5	3602,95	3606,13	SHORT	0,00167	5997,81	0,00334	HOLD	99,7754	103,7395
2019-01-19	11:00	3605,04	3608,73	3604	3606,9	SHORT	0,00167	5997,81	0,00334	HOLD	99,7754	103,7382
2019-01-19	12:00	3606,66	3615	3602	3608	SHORT	0,00167	5997,81	0,00334	HOLD	99,7754	103,7364
2019-01-19	13:00	3608	3610,89	3600,72	3602,11	SHORT	0,00167	5997,81	0,00334	HOLD	99,7754	103,7462
2019-01-19	14:00	3602,11	3606,02	3600,72	3604,4	SHORT	0,00167	5997,81	0,00334	HOLD	99,7754	103,7424
2019-01-19	15:00	3604,42	3614,98	3604,01	3613,2	SHORT	0,00167	5997,81	0,00334	HOLD	99,7754	103,7277
2019-01-19	16:00	3613,81	3616,4	3611,01	3614,53	SHORT	0,00167	5997,81	0,00334	HOLD	99,7754	103,7255
2019-01-19	17:00	3614,48	3720	3613,4	3698,1	SHORT	0,00167	5997,81	0,00334	HOLD	99,7754	103,5859
2019-01-19	18:00	3698,1	3702,5	3687,91	3695,38	SHORT	0,00167	5997,81	0,00334	HOLD	99,7754	103,5905
2019-01-19	19:00	3695,78	3697,6	3689,07	3692,77	SHORT	0,00167	5997,81	0,00334	HOLD	99,7754	103,5948
2019-01-19	20:00	3692,63	3692,95	3681,84	3686,36	SHORT	0,00167	5997,81	0,00334	HOLD	99,7754	103,6055
2019-01-19	21:00	3686,34	3689,64	3681,94	3685,28	SHORT	0,00167	5997,81	0,00334	HOLD	99,7754	103,6073
2019-01-19	22:00	3685,28	3692,8	3684,45	3685,74	SHORT	0,00167	5997,81	0,00334	HOLD	99,7754	103,6066
2019-01-19	23:00	3685,64	3692,74	3684,5	3691,17	SHORT	0,00167	5997,81	0,00334	HOLD	99,7754	103,5975
2019-01-20	00:00	3691,81	3694,47	3688,68	3691,57	SHORT	0,00167	5997,81	0,00334	HOLD	99,7754	103,5968
2019-01-20	01:00	3691,6	3695,98	3662,2	3682,35	SHORT	0,00167	5997,81	0,00334	HOLD	99,7754	103,6122
2019-01-20	02:00	3682,33	3689,76	3677,59	3686,53	SHORT	0,00167	5997,81	0,00334	HOLD	99,7754	103,6053
2019-01-20	03:00	3686,56	3688	3670,64	3683,4	SHORT	0,00167	5997,81	0,00334	HOLD	99,7754	103,6105
2019-01-20	04:00	3684,13	3689,23	3676,42	3681,71	SHORT	0,00167	5997,81	0,00334	HOLD	99,7754	103,6133
2019-01-20	05:00	3682,47	3687	3673,42	3678,14	SHORT	0,00167	5997,81	0,00334	HOLD	99,7754	103,6193
2019-01-20	06:00	3678,16	3679,39	3665,3	3665,3	SHORT	0,00167	5997,81	0,00334	HOLD	99,7754	103,6407
2019-01-20	07:00	3665,75	3673,86	3655	3673,86	SHORT	0,00167	5997,81	0,00334	HOLD	99,7754	103,6264
2019-01-20	08:00	3673,81	3686	3673,72	3680,01	SHORT	0,00167	5997,81	0,00334	HOLD	99,7754	103,6161
2019-01-20	09:00	3680	3684,63	3676,39	3680,19	SHORT	0,00167	5997,81	0,00334	HOLD	99,7754	103,6158
2019-01-20	10:00	3680,59	3686	3679,16	3680,72	SHORT	0,00167	5997,81	0,00334	HOLD	99,7754	103,615
2019-01-20	11:00	3681,31	3686	3679,02	3679,93	SHORT	0,00167	5997,81	0,00334	HOLD	99,7754	103,6163
2019-01-20	12:00	3679,61	3681,25	3673,42	3673,87	SHORT	0,00167	5997,81	0,00334	HOLD	99,7754	103,6264
2019-01-20	13:00	3673,87	3679,43	3668,3	3675,42	SHORT	0,00167	5997,81	0,00334	HOLD	99,7754	103,6238
2019-01-20	14:00	3675,42	3682,73	3671,82	3678,87	SHORT	0,00167	5997,81	0,00334	HOLD	99,7754	103,618
2019-01-20	15:00	3678,2	3683,84	3674,76	3682,19	SHORT	0,00167	5997,81	0,00334	HOLD	99,7754	103,6125
2019-01-20	16:00	3682,26	3693,73	3672,8	3682,07	SHORT	0,00167	5997,81	0,00334	HOLD	99,7754	103,6127
2019-01-20	17:00	3681,24	3683,03	3674,01	3680	SHORT	0,00167	5997,81	0,00334	HOLD	99,7754	103,6162
2019-01-20	18:00	3679,98	3682,47	3572	3580	SHORT	0,00167	5997,81	0,00334	HOLD	99,7754	103,7832
2019-01-20	19:00	3580	3589,66	3475	3516,01	SHORT	0,00167	5997,81	0,00334	HOLD	99,7754	103,89
2019-01-20	20:00	3515,99	3535,46	3510,12	3526,38	SHORT	0,00167	5997,81	0,00334	HOLD	99,7754	103,8727
2019-01-20	21:00	3526,31	3539	3522,51	3529,38	SHORT	0,00167	5997,81	0,00334	HOLD	99,7754	103,8677
2019-01-20	22:00	3529,39	3532,84	3508	3524,63	SHORT	0,00167	5997,81	0,00334	HOLD	99,7754	103,8756
2019-01-20	23:00	3524,57	3537,6	3511,2	3527,63	SHORT	0,00167	5997,81	0,00334	HOLD	99,7754	103,8706
2019-01-21	00:00	3527,64	3529,5	3513,99	3524,11	SHORT	0,00167	5997,81	0,00334	HOLD	99,7754	103,8765
2019-01-21	01:00	3523,96	3529,68	3516,89	3523	SHORT	0,00167	5997,81	0,00334	HOLD	99,7754	103,8784
2019-01-21	02:00	3523,02	3525,08	3513,44	3518	SHORT	0,00167	5997,81	0,00334	HOLD	99,7754	103,8867
2019-01-21	03:00	3517,99	3544,51	3510,28	3534	SHORT	0,00167	5997,81	0,00334	HOLD	99,7754	103,86
2019-01-21	04:00	3533,58	3547,09	3530,68	3541,05	SHORT	0,00167	5997,81	0,00334	HOLD	99,7754	103,8482
2019-01-21	05:00	3541,39	3554,29	3538,29	3546,2	SHORT	0,00167	5997,81	0,00334	HOLD	99,7754	103,8396
2019-01-21	06:00	3546,2	3547,77	3524	3539,28	SHORT	0,00167	5997,81	0,00334	HOLD	99,7754	103,8512
2019-01-21	07:00	3539,26	3549,07	3537,94	3539	SHORT	0,00167	5997,81	0,00334	HOLD	99,7754	103,8516
2019-01-21	08:00	3539	3544,77	3531,9	3539,61	SHORT	0,00167	5997,81	0,00334	HOLD	99,7754	103,8506
2019-01-21	09:00	3537,19	3547	3535,01	3535,81	SHORT	0,00167	5997,81	0,00334	HOLD	99,7754	103,857
2019-01-21	10:00	3535,81	3536,68	3520	3530,95	SHORT	0,00167	5997,81	0,00334	HOLD	99,7754	103,8651
2019-01-21	11:00	3530,85	3534,94	3501	3523,86	SHORT	0,00167	5997,81	0,00334	HOLD	99,7754	103,8769
2019-01-21	12:00	3523,01	3527,29	3516	3525,88	SHORT	0,00167	5997,81	0,00334	HOLD	99,7754	103,8735
2019-01-21	13:00	3525,65	3537	3520	3527	SHORT	0,00167	5997,81	0,00334	HOLD	99,7754	103,8717
2019-01-21	14:00	3527	3530	3511,47	3526,83	SHORT	0,00167	5997,81	0,00334	HOLD	99,7754	103,872
2019-01-21	15:00	3526,82	3527,98	3516,35	3523,65	SHORT	0,00167	5997,81	0,00334	HOLD	99,7754	103,8773
2019-01-21	16:00	3524,28	3539,04	3520,21	3525,29	SHORT	0,00167	5997,81	0,00334	HOLD	99,7754	103,8745
2019-01-21	17:00	3524,61	3547,26	3522,9	3532,01	SHORT	0,00167	5997,81	0,00334	HOLD	99,7754	103,8633
2019-01-21	18:00	3532	3550	3527,19	3545,05	SHORT	0,00167	5997,81	0,00334	HOLD	99,7754	103,8415
2019-01-21	19:00	3545,07	3546,98	3534,03	3538,95	SHORT	0,00167	5997,81	0,00334	HOLD	99,7754	103,8517
2019-01-21	20:00	3538,5	3559,51	3530	3536,41	SHORT	0,00167	5997,81	0,00334	HOLD	99,7754	103,856
2019-01-21	21:00	3536,29	3539,95	3525,1	3526,14	SHORT	0,00167	5997,81	0,00334	HOLD	99,7754	103,8731
2019-01-21	22:00	3526,84	3535,72	3518,32	3528,17	SHORT	0,00167	5997,81	0,00334	HOLD	99,7754	103,8697
2019-01-21	23:00	3528,16	3540,81	3527,31	3536,75	SHORT	0,00167	5997,81	0,00334	HOLD	99,7754	103,8554
2019-01-22	00:00	3536,75	3539,48	3530	3533,76	SHORT	0,00167	5997,81	0,00334	HOLD	99,7754	103,8604
2019-01-22	01:00	3533,71	3535,35	3520,9	3534,98	SHORT	0,00167	5997,81	0,00334	HOLD	99,7754	103,8583
2019-01-22	02:00	3534,3	3540,22	3526	3528,82	SHORT	0,00167	5997,81	0,00334	HOLD	99,7754	103,8686
2019-01-22	03:00	3528,78	3531,72	3524,62	3530,4	SHORT	0,00167	5997,81	0,00334	HOLD	99,7754	103,866
2019-01-22	04:00	3530,42	3533,07	3501	3513	SHORT	0,00167	5997,81	0,00334	HOLD	99,7754	103,8951
2019-01-22	05:00	3512,48	3527,98	3475,5	3522,14	SHORT	0,00167	5997,81	0,00334	HOLD	99,7754	103,8798
2019-01-22	06:00	3522,14	3534,34	3521,81	3526,9	SHORT	0,00167	5997,81	0,00334	HOLD	99,7754	103,8718
2019-01-22	07:00	3526,88	3537,87	3523	3534,39	SHORT	0,00167	5997,81	0,00334	HOLD	99,7754	103,8593
2019-01-22	08:00	3534,99	3540	3532	3535,52	SHORT	0,00167	5997,81	0,00334	HOLD	99,7754	103,8574
2019-01-22	09:00	3535,44	3550	3529	3529,23	SHORT	0,00167	5997,81	0,00334	HOLD	99,7754	103,8679
2019-01-22	10:00	3530,75	3547,33	3514,43	3523	SHORT	0,00167	5997,81	0,00334	HOLD	99,7754	103,8784
2019-01-22	11:00	3523,66	3590,51	3500,04	3523,86	SHORT	0,00167	5997,81	0,00334	HOLD	99,7754	103,8769
2019-01-22	12:00	3523,86	3534,8	3515	3520,62	SHORT	0,00167	5997,81	0,00334	HOLD	99,7754	103,8823
2019-01-22	13:00	3520,64	3521,9	3511,94	3514,95	SHORT	0,00167	5997,81	0,00334	HOLD	99,7754	103,8918
2019-01-22	14:00	3514,95	3518	3510	3515,7	SHORT	0,00167	5997,81	0,00334	HOLD	99,7754	103,8905
2019-01-22	15:00	3516,58	3530,9	3515,07	3530,41	SHORT	0,00167	5997,81	0,00334	HOLD	99,7754	103,866
2019-01-22	16:00	3530,41	3532	3510	3511,29	SHORT	0,00167	5997,81	0,00334	HOLD	99,7754	103,8979
2019-01-22	17:00	3510,13	3524,11	3495,5	3514,85	SHORT	0,00167	5997,81	0,00334	HOLD	99,7754	103,892
2019-01-22	18:00	3514,85	3540	3434,85	3535,15	SHORT	0,00167	5997,81	0,00334	HOLD	99,7754	103,8581
2019-01-22	19:00	3535,15	3570,32	3520	3551,02	SHORT	0,00167	5997,81	0,00334	HOLD	99,7754	103,8316
2019-01-22	20:00	3551,02	3560	3535,94	3550,51	SHORT	0,00167	5997,81	0,00334	HOLD	99,7754	103,8324
2019-01-22	21:00	3550,51	3578	3543,47	3562,02	SHORT	0,00167	5997,81	0,00334	HOLD	99,7754	103,8132
2019-01-22	22:00	3562	3585	3555,45	3577,32	SHORT	0,00167	5997,81	0,00334	HOLD	99,7754	103,7876
2019-01-22	23:00	3577,33	3590,36	3560	3571,76	SHORT	0,00167	5997,81	0,00334	HOLD	99,7754	103,7969
2019-01-23	00:00	3571,74	3586,91	3561,82	3580,08	SHORT	0,00167	5997,81	0,00334	HOLD	99,7754	103,783
2019-01-23	01:00	3580,08	3590,8	3567,01	3588	SHORT	0,00167	5997,81	0,00334	HOLD	99,7754	103,7698
2019-01-23	02:00	3589,71	3608,5	3575	3578,46	SHORT	0,00167	5997,81	0,00334	HOLD	99,7754	103,7857
2019-01-23	03:00	3578,89	3596,01	3578,15	3584,28	SHORT	0,00167	5997,81	0,00334	HOLD	99,7754	103,776
2019-01-23	04:00	3584,28	3590,19	3564,51	3565,26	SHORT	0,00167	5997,81	0,00334	HOLD	99,7754	103,8078
2019-01-23	05:00	3565,31	3579,67	3561,94	3577,99	SHORT	0,00167	5997,81	0,00334	HOLD	99,7754	103,7865
2019-01-23	06:00	3577,74	3582,01	3564,01	3570,93	SHORT	0,00167	5997,81	0,00334	HOLD	99,7754	103,7983
2019-01-23	07:00	3570,41	3580,86	3566,24	3574,99	SHORT	0,00167	5997,81	0,00334	HOLD	99,7754	103,7915
2019-01-23	08:00	3574,9	3579,62	3571,29	3577,65	SHORT	0,00167	5997,81	0,00334	HOLD	99,7754	103,7871
2019-01-23	09:00	3576,84	3589,95	3576	3588,52	SHORT	0,00167	5997,81	0,00334	HOLD	99,7754	103,7689
2019-01-23	10:00	3588,52	3599,76	3575,37	3581,31	SHORT	0,00167	5997,81	0,00334	HOLD	99,7754	103,781
2019-01-23	11:00	3582,07	3583,01	3563	3570,24	SHORT	0,00167	5997,81	0,00334	HOLD	99,7754	103,7995
2019-01-23	12:00	3570,02	3575,56	3569,52	3574	SHORT	0,00167	5997,81	0,00334	HOLD	99,7754	103,7932
2019-01-23	13:00	3573,15	3580,32	3573,15	3576,98	SHORT	0,00167	5997,81	0,00334	HOLD	99,7754	103,7882
2019-01-23	14:00	3576,27	3577	3556,62	3561,73	SHORT	0,00167	5997,81	0,00334	HOLD	99,7754	103,8137
2019-01-23	15:00	3561,75	3573,63	3551,92	3569,03	SHORT	0,00167	5997,81	0,00334	HOLD	99,7754	103,8015
2019-01-23	16:00	3569,04	3569,45	3560	3561,68	SHORT	0,00167	5997,81	0,00334	HOLD	99,7754	103,8138
2019-01-23	17:00	3561,51	3574,64	3559,46	3573,89	SHORT	0,00167	5997,81	0,00334	HOLD	99,7754	103,7934
2019-01-23	18:00	3574,01	3582,96	3568,56	3577,8	SHORT	0,00167	5997,81	0,00334	HOLD	99,7754	103,7868
2019-01-23	19:00	3577,8	3579,02	3568	3568,98	SHORT	0,00167	5997,81	0,00334	HOLD	99,7754	103,8016
2019-01-23	20:00	3568,99	3589	3568,14	3586,75	SHORT	0,00167	5997,81	0,00334	HOLD	99,7754	103,7719
2019-01-23	21:00	3586,71	3607,98	3543,99	3567,83	SHORT	0,00167	5997,81	0,00334	HOLD	99,7754	103,8035
2019-01-23	22:00	3568,23	3580,11	3547,44	3549,07	SHORT	0,00167	5997,81	0,00334	HOLD	99,7754	103,8348
2019-01-23	23:00	3549,09	3572,19	3547,49	3570,8	SHORT	0,00167	5997,81	0,00334	HOLD	99,7754	103,7985
2019-01-24	00:00	3571,42	3574,21	3566,08	3569,01	SHORT	0,00167	5997,81	0,00334	HOLD	99,7754	103,8015
2019-01-24	01:00	3568,9	3573	3563	3571,18	SHORT	0,00167	5997,81	0,00334	HOLD	99,7754	103,7979
2019-01-24	02:00	3571,11	3572,52	3533,39	3533,4	SHORT	0,00167	5997,81	0,00334	HOLD	99,7754	103,861
2019-01-24	03:00	3533,4	3548,4	3514,5	3534,11	SHORT	0,00167	5997,81	0,00334	HOLD	99,7754	103,8598
2019-01-24	04:00	3533,62	3544,71	3526	3544,5	SHORT	0,00167	5997,81	0,00334	HOLD	99,7754	103,8424
2019-01-24	05:00	3544,07	3555	3542,87	3552	SHORT	0,00167	5997,81	0,00334	HOLD	99,7754	103,8299
2019-01-24	06:00	3551,99	3554,5	3541,13	3552,82	SHORT	0,00167	5997,81	0,00334	HOLD	99,7754	103,8286
2019-01-24	07:00	3552,97	3555	3542	3551,51	SHORT	0,00167	5997,81	0,00334	HOLD	99,7754	103,8307
2019-01-24	08:00	3551,52	3553,57	3529,22	3536	SHORT	0,00167	5997,81	0,00334	HOLD	99,7754	103,8566
2019-01-24	09:00	3536	3550,91	3530,04	3547,14	SHORT	0,00167	5997,81	0,00334	HOLD	99,7754	103,838
2019-01-24	10:00	3547,14	3550	3530,45	3532,57	SHORT	0,00167	5997,81	0,00334	HOLD	99,7754	103,8624
2019-01-24	11:00	3532,57	3541,69	3531,76	3540	SHORT	0,00167	5997,81	0,00334	HOLD	99,7754	103,85
2019-01-24	12:00	3539,59	3544,28	3532	3533,59	SHORT	0,00167	5997,81	0,00334	HOLD	99,7754	103,8607
2019-01-24	13:00	3534,19	3539,57	3532,88	3536,81	SHORT	0,00167	5997,81	0,00334	HOLD	99,7754	103,8553
2019-01-24	14:00	3536,81	3550,61	3535,81	3546,33	SHORT	0,00167	5997,81	0,00334	HOLD	99,7754	103,8394
2019-01-24	15:00	3546,47	3552,12	3541,46	3548,84	SHORT	0,00167	5997,81	0,00334	HOLD	99,7754	103,8352
2019-01-24	16:00	3548,84	3550	3540,4	3547,88	SHORT	0,00167	5997,81	0,00334	HOLD	99,7754	103,8368
2019-01-24	17:00	3547,99	3549	3538	3543,1	SHORT	0,00167	5997,81	0,00334	HOLD	99,7754	103,8448
2019-01-24	18:00	3543,1	3572,59	3532,6	3563,23	SHORT	0,00167	5997,81	0,00334	HOLD	99,7754	103,8112
2019-01-24	19:00	3562,15	3569,44	3551,56	3568,95	SHORT	0,00167	5997,81	0,00334	HOLD	99,7754	103,8016
2019-01-24	20:00	3569,12	3576,97	3556,01	3560,15	SHORT	0,00167	5997,81	0,00334	HOLD	99,7754	103,8163
2019-01-24	21:00	3560,15	3573,99	3554,97	3562	SHORT	0,00167	5997,81	0,00334	HOLD	99,7754	103,8132
2019-01-24	22:00	3562,85	3562,86	3547,09	3553,41	SHORT	0,00167	5997,81	0,00334	HOLD	99,7754	103,8276
2019-01-24	23:00	3553,44	3556,99	3547,28	3554,69	SHORT	0,00167	5997,81	0,00334	HOLD	99,7754	103,8254
2019-01-25	00:00	3554,23	3557,5	3543,26	3549,22	SHORT	0,00167	5997,81	0,00334	HOLD	99,7754	103,8346
2019-01-25	01:00	3549,15	3558,92	3549,04	3555,88	SHORT	0,00167	5997,81	0,00334	HOLD	99,7754	103,8234
2019-01-25	02:00	3555,86	3589	3555,5	3574,93	SHORT	0,00167	5997,81	0,00334	HOLD	99,7754	103,7916
2019-01-25	03:00	3574,78	3587,27	3562,01	3568,05	SHORT	0,00167	5997,81	0,00334	HOLD	99,7754	103,8031
2019-01-25	04:00	3568,05	3569,62	3564,1	3569,56	SHORT	0,00167	5997,81	0,00334	HOLD	99,7754	103,8006
2019-01-25	05:00	3569,56	3576,99	3566,63	3566,65	SHORT	0,00167	5997,81	0,00334	HOLD	99,7754	103,8055
2019-01-25	06:00	3566,5	3577,27	3553,88	3569,62	SHORT	0,00167	5997,81	0,00334	HOLD	99,7754	103,8005
2019-01-25	07:00	3569,07	3574,3	3566,03	3569,83	SHORT	0,00167	5997,81	0,00334	HOLD	99,7754	103,8001
2019-01-25	08:00	3569,83	3587,15	3565,03	3578,39	SHORT	0,00167	5997,81	0,00334	HOLD	99,7754	103,7859
2019-01-25	09:00	3578,39	3579,68	3565,65	3566,92	SHORT	0,00167	5997,81	0,00334	HOLD	99,7754	103,805
2019-01-25	10:00	3566,95	3574,91	3565	3568,06	SHORT	0,00167	5997,81	0,00334	HOLD	99,7754	103,8031
2019-01-25	11:00	3568,06	3571	3567,3	3570,66	SHORT	0,00167	5997,81	0,00334	HOLD	99,7754	103,7988
2019-01-25	12:00	3569,92	3570,8	3551	3565,52	SHORT	0,00167	5997,81	0,00334	HOLD	99,7754	103,8073
2019-01-25	13:00	3564,8	3569,35	3555	3567,14	SHORT	0,00167	5997,81	0,00334	HOLD	99,7754	103,8046
2019-01-25	14:00	3567,12	3571,99	3559,55	3568,48	SHORT	0,00167	5997,81	0,00334	HOLD	99,7754	103,8024
2019-01-25	15:00	3568,48	3568,56	3522,51	3549,67	SHORT	0,00167	5997,81	0,00334	HOLD	99,7754	103,8338
2019-01-25	16:00	3549,7	3564,65	3543,38	3557,28	SHORT	0,00167	5997,81	0,00334	HOLD	99,7754	103,8211
2019-01-25	17:00	3557,51	3557,69	3540	3544,53	SHORT	0,00167	5997,81	0,00334	HOLD	99,7754	103,8424
2019-01-25	18:00	3544,97	3562,58	3532,3	3541,97	SHORT	0,00167	5997,81	0,00334	HOLD	99,7754	103,8467
2019-01-25	19:00	3541,97	3552,61	3536,95	3548,7	SHORT	0,00167	5997,81	0,00334	HOLD	99,7754	103,8354
2019-01-25	20:00	3548,72	3558	3544	3553,14	SHORT	0,00167	5997,81	0,00334	HOLD	99,7754	103,828
2019-01-25	21:00	3553,14	3563,01	3547,01	3563,01	SHORT	0,00167	5997,81	0,00334	HOLD	99,7754	103,8115
2019-01-25	22:00	3563,01	3568,79	3553,97	3566,92	SHORT	0,00167	5997,81	0,00334	HOLD	99,7754	103,805
2019-01-25	23:00	3566,44	3571	3553,78	3557,73	SHORT	0,00167	5997,81	0,00334	HOLD	99,7754	103,8204
2019-01-26	00:00	3557,12	3564,14	3553,54	3561,53	SHORT	0,00167	5997,81	0,00334	HOLD	99,7754	103,814
2019-01-26	01:00	3561,42	3562,54	3540,4	3545,3	SHORT	0,00167	5997,81	0,00334	HOLD	99,7754	103,8411
2019-01-26	02:00	3545,32	3554	3540,35	3553,21	SHORT	0,00167	5997,81	0,00334	HOLD	99,7754	103,8279
2019-01-26	03:00	3553,21	3559	3546,89	3558,06	SHORT	0,00167	5997,81	0,00334	HOLD	99,7754	103,8198
2019-01-26	04:00	3557,09	3570	3556,64	3562,77	SHORT	0,00167	5997,81	0,00334	HOLD	99,7754	103,8119
2019-01-26	05:00	3563,23	3574	3559,43	3569,03	SHORT	0,00167	5997,81	0,00334	HOLD	99,7754	103,8015
2019-01-26	06:00	3569,73	3571,44	3564,15	3565,29	SHORT	0,00167	5997,81	0,00334	HOLD	99,7754	103,8077
2019-01-26	07:00	3566,69	3571,64	3561,73	3562,68	SHORT	0,00167	5997,81	0,00334	HOLD	99,7754	103,8121
2019-01-26	08:00	3562,85	3568,49	3561,17	3566,9	SHORT	0,00167	5997,81	0,00334	HOLD	99,7754	103,805
2019-01-26	09:00	3567,3	3576,12	3561,18	3575,83	SHORT	0,00167	5997,81	0,00334	HOLD	99,7754	103,7901
2019-01-26	10:00	3575,83	3583	3564,14	3577	SHORT	0,00167	5997,81	0,00334	HOLD	99,7754	103,7882
2019-01-26	11:00	3578,07	3581,95	3570,7	3572,61	SHORT	0,00167	5997,81	0,00334	HOLD	99,7754	103,7955
2019-01-26	12:00	3572,6	3575	3567,6	3574,84	SHORT	0,00167	5997,81	0,00334	HOLD	99,7754	103,7918
2019-01-26	13:00	3574,07	3589	3573,93	3581,14	SHORT	0,00167	5997,81	0,00334	HOLD	99,7754	103,7813
2019-01-26	14:00	3581,14	3662,94	3572,02	3620,58	SHORT	0,00167	5997,81	0,00334	HOLD	99,7754	103,7154
2019-01-26	15:00	3620,37	3624,06	3599	3602,03	SHORT	0,00167	5997,81	0,00334	HOLD	99,7754	103,7464
2019-01-26	16:00	3602,97	3607,17	3594,14	3597,27	SHORT	0,00167	5997,81	0,00334	HOLD	99,7754	103,7543
2019-01-26	17:00	3597,05	3604,39	3592,58	3595,94	SHORT	0,00167	5997,81	0,00334	HOLD	99,7754	103,7565
2019-01-26	18:00	3595,96	3597,84	3587	3589,93	SHORT	0,00167	5997,81	0,00334	HOLD	99,7754	103,7666
2019-01-26	19:00	3589,93	3589,93	3573,7	3585,57	SHORT	0,00167	5997,81	0,00334	HOLD	99,7754	103,7739
2019-01-26	20:00	3586,33	3595,2	3585,31	3586,76	SHORT	0,00167	5997,81	0,00334	HOLD	99,7754	103,7719
2019-01-26	21:00	3586,42	3590,27	3579,29	3585,66	SHORT	0,00167	5997,81	0,00334	HOLD	99,7754	103,7737
2019-01-26	22:00	3585,79	3586,64	3545	3557,72	SHORT	0,00167	5997,81	0,00334	HOLD	99,7754	103,8204
2019-01-26	23:00	3558,01	3566	3553,79	3562,2	SHORT	0,00167	5997,81	0,00334	HOLD	99,7754	103,8129
2019-01-27	00:00	3562,18	3570,69	3558,9	3568,63	SHORT	0,00167	5997,81	0,00334	HOLD	99,7754	103,8022
2019-01-27	01:00	3568,97	3572,74	3565,15	3569,42	SHORT	0,00167	5997,81	0,00334	HOLD	99,7754	103,8008
2019-01-27	02:00	3569,98	3571,31	3565,2	3567,55	SHORT	0,00167	5997,81	0,00334	HOLD	99,7754	103,804
2019-01-27	03:00	3567,55	3572	3562,01	3563,71	SHORT	0,00167	5997,81	0,00334	HOLD	99,7754	103,8104
2019-01-27	04:00	3563,76	3569,4	3562,71	3565,59	SHORT	0,00167	5997,81	0,00334	HOLD	99,7754	103,8072
2019-01-27	05:00	3565,59	3576,76	3564,1	3574,18	SHORT	0,00167	5997,81	0,00334	HOLD	99,7754	103,7929
2019-01-27	06:00	3574,41	3575	3562,11	3565,25	SHORT	0,00167	5997,81	0,00334	HOLD	99,7754	103,8078
2019-01-27	07:00	3565,62	3574,51	3539,16	3570	SHORT	0,00167	5997,81	0,00334	HOLD	99,7754	103,7999
2019-01-27	08:00	3570	3573,95	3558,88	3568,84	SHORT	0,00167	5997,81	0,00334	HOLD	99,7754	103,8018
2019-01-27	09:00	3569,18	3579	3568,79	3577,44	SHORT	0,00167	5997,81	0,00334	HOLD	99,7754	103,7874
2019-01-27	10:00	3577,44	3578,92	3570,04	3578,46	SHORT	0,00167	5997,81	0,00334	HOLD	99,7754	103,7857
2019-01-27	11:00	3578,46	3578,92	3562,58	3565,08	SHORT	0,00167	5997,81	0,00334	HOLD	99,7754	103,8081
2019-01-27	12:00	3565,45	3566,24	3557,65	3561,25	SHORT	0,00167	5997,81	0,00334	HOLD	99,7754	103,8145
2019-01-27	13:00	3561,13	3567,17	3560,22	3562,08	SHORT	0,00167	5997,81	0,00334	HOLD	99,7754	103,8131
2019-01-27	14:00	3563,6	3566,49	3554,18	3562,01	SHORT	0,00167	5997,81	0,00334	HOLD	99,7754	103,8132
2019-01-27	15:00	3562,77	3570,86	3562	3566,31	SHORT	0,00167	5997,81	0,00334	HOLD	99,7754	103,806
2019-01-27	16:00	3566,29	3566,52	3544,3	3552,34	SHORT	0,00167	5997,81	0,00334	HOLD	99,7754	103,8294
2019-01-27	17:00	3552,34	3556,46	3537,88	3541,99	SHORT	0,00167	5997,81	0,00334	HOLD	99,7754	103,8466
2019-01-27	18:00	3541,99	3552	3526,41	3546,73	SHORT	0,00167	5997,81	0,00334	HOLD	99,7754	103,8387
2019-01-27	19:00	3546,17	3551,76	3539,74	3544,68	SHORT	0,00167	5997,81	0,00334	HOLD	99,7754	103,8421
2019-01-27	20:00	3545,22	3547,77	3532	3543,56	SHORT	0,00167	5997,81	0,00334	HOLD	99,7754	103,844
2019-01-27	21:00	3543,52	3562,25	3486	3557,1	SHORT	0,00167	5997,81	0,00334	HOLD	99,7754	103,8214
2019-01-27	22:00	3557,1	3568	3548,47	3556,53	SHORT	0,00167	5997,81	0,00334	HOLD	99,7754	103,8224
2019-01-27	23:00	3557,31	3565,01	3554,89	3562,59	SHORT	0,00167	5997,81	0,00334	HOLD	99,7754	103,8122
2019-01-28	00:00	3562,59	3574,57	3543,07	3563,49	SHORT	0,00167	5997,81	0,00334	HOLD	99,7754	103,8107
2019-01-28	01:00	3564,28	3564,5	3555,8	3557,13	SHORT	0,00167	5997,81	0,00334	HOLD	99,7754	103,8214
2019-01-28	02:00	3557,13	3564,9	3557,1	3564,29	SHORT	0,00167	5997,81	0,00334	HOLD	99,7754	103,8094
2019-01-28	03:00	3563,69	3571,09	3563,49	3568,68	SHORT	0,00167	5997,81	0,00334	HOLD	99,7754	103,8021
2019-01-28	04:00	3568,59	3569,33	3556	3558,71	SHORT	0,00167	5997,81	0,00334	HOLD	99,7754	103,8187
2019-01-28	05:00	3559,44	3562,91	3552,72	3560,72	SHORT	0,00167	5997,81	0,00334	HOLD	99,7754	103,8154
2019-01-28	06:00	3560,72	3562,6	3546,03	3550,84	SHORT	0,00167	5997,81	0,00334	HOLD	99,7754	103,8319
2019-01-28	07:00	3550,05	3557,75	3540,01	3548,12	SHORT	0,00167	5997,81	0,00334	HOLD	99,7754	103,8364
2019-01-28	08:00	3548,99	3554,98	3521,08	3523,78	SHORT	0,00167	5997,81	0,00334	HOLD	99,7754	103,877
2019-01-28	09:00	3524,74	3536,42	3510	3517,05	SHORT	0,00167	5997,81	0,00334	HOLD	99,7754	103,8883
2019-01-28	10:00	3517,06	3521,83	3477,47	3481,64	SHORT	0,00167	5997,81	0,00334	HOLD	99,7754	103,9474
2019-01-28	11:00	3481,65	3499,51	3462,61	3479,01	SHORT	0,00167	5997,81	0,00334	HOLD	99,7754	103,9518
2019-01-28	12:00	3479,01	3480,57	3435	3438,22	SHORT	0,00167	5997,81	0,00334	HOLD	99,7754	104,0199
2019-01-28	13:00	3438,86	3460,64	3405	3451,3	SHORT	0,00167	5997,81	0,00334	HOLD	99,7754	103,9981
2019-01-28	14:00	3452,23	3471,58	3449,07	3454,4	SHORT	0,00167	5997,81	0,00334	HOLD	99,7754	103,9929
2019-01-28	15:00	3453,72	3454,34	3426	3431,93	SHORT	0,00167	5997,81	0,00334	HOLD	99,7754	104,0304
2019-01-28	16:00	3430,88	3453	3430,86	3452,5	SHORT	0,00167	5997,81	0,00334	HOLD	99,7754	103,9961
2019-01-28	17:00	3452,1	3452,88	3435,15	3435,46	SHORT	0,00167	5997,81	0,00334	HOLD	99,7754	104,0245
2019-01-28	18:00	3436,43	3442,3	3410,02	3427,57	SHORT	0,00167	5997,81	0,00334	HOLD	99,7754	104,0377
2019-01-28	19:00	3427,59	3434,82	3416,98	3421,15	SHORT	0,00167	5997,81	0,00334	HOLD	99,7754	104,0484
2019-01-28	20:00	3421	3434	3416,28	3427,92	SHORT	0,00167	5997,81	0,00334	HOLD	99,7754	104,0371
2019-01-28	21:00	3427,67	3428,69	3418	3426	SHORT	0,00167	5997,81	0,00334	HOLD	99,7754	104,0403
2019-01-28	22:00	3426,5	3435,7	3380,27	3420,06	SHORT	0,00167	5997,81	0,00334	HOLD	99,7754	104,0503
2019-01-28	23:00	3420,5	3435,7	3408,9	3411,05	SHORT	0,00167	5997,81	0,00334	HOLD	99,7754	104,0653
2019-01-29	00:00	3410,95	3423,8	3408,82	3418,64	SHORT	0,00167	5997,81	0,00334	HOLD	99,7754	104,0526
2019-01-29	01:00	3419,75	3430	3418,25	3424,01	SHORT	0,00167	5997,81	0,00334	HOLD	99,7754	104,0437
2019-01-29	02:00	3424,03	3426,93	3414,28	3424,39	SHORT	0,00167	5997,81	0,00334	HOLD	99,7754	104,043
2019-01-29	03:00	3424,41	3434	3420,07	3428	SHORT	0,00167	5997,81	0,00334	HOLD	99,7754	104,037
2019-01-29	04:00	3427,43	3433,3	3420,97	3423,01	SHORT	0,00167	5997,81	0,00334	HOLD	99,7754	104,0453
2019-01-29	05:00	3423,03	3439,67	3422,87	3435,07	SHORT	0,00167	5997,81	0,00334	HOLD	99,7754	104,0252
2019-01-29	06:00	3437,31	3445,99	3433,01	3434,15	SHORT	0,00167	5997,81	0,00334	HOLD	99,7754	104,0267
2019-01-29	07:00	3434	3443,45	3433	3436,54	SHORT	0,00167	5997,81	0,00334	HOLD	99,7754	104,0227
2019-01-29	08:00	3436,24	3436,54	3416,04	3420,37	SHORT	0,00167	5997,81	0,00334	HOLD	99,7754	104,0497
2019-01-29	09:00	3419,68	3425,86	3417,42	3421,9	SHORT	0,00167	5997,81	0,00334	HOLD	99,7754	104,0472
2019-01-29	10:00	3420,51	3423,39	3402,83	3406,18	SHORT	0,00167	5997,81	0,00334	HOLD	99,7754	104,0734
2019-01-29	11:00	3406,27	3414,68	3400	3402,64	SHORT	0,00167	5997,81	0,00334	HOLD	99,7754	104,0794
2019-01-29	12:00	3402,66	3406,83	3371	3385,42	SHORT	0,00167	5997,81	0,00334	HOLD	99,7754	104,1081
2019-01-29	13:00	3385,12	3400	3370,83	3386,96	SHORT	0,00167	5997,81	0,00334	HOLD	99,7754	104,1055
2019-01-29	14:00	3386,94	3386,97	3349,92	3366,41	SHORT	0,00167	5997,81	0,00334	HOLD	99,7754	104,1399
2019-01-29	15:00	3366,63	3394,93	3364,5	3383,17	SHORT	0,00167	5997,81	0,00334	HOLD	99,7754	104,1119
2019-01-29	16:00	3383,01	3403,23	3380	3394,97	SHORT	0,00167	5997,81	0,00334	HOLD	99,7754	104,0922
2019-01-29	17:00	3394,95	3394,95	3383,41	3392,6	SHORT	0,00167	5997,81	0,00334	HOLD	99,7754	104,0961
2019-01-29	18:00	3393	3398,13	3381	3385,32	SHORT	0,00167	5997,81	0,00334	HOLD	99,7754	104,1083
2019-01-29	19:00	3385,34	3400	3381	3394,11	SHORT	0,00167	5997,81	0,00334	HOLD	99,7754	104,0936
2019-01-29	20:00	3393,78	3420	3393,53	3409,4	SHORT	0,00167	5997,81	0,00334	HOLD	99,7754	104,0681
2019-01-29	21:00	3409,42	3422	3401,12	3420,41	SHORT	0,00167	5997,81	0,00334	HOLD	99,7754	104,0497
2019-01-29	22:00	3420,41	3428,27	3409,98	3426,62	SHORT	0,00167	5997,81	0,00334	HOLD	99,7754	104,0393
2019-01-29	23:00	3426,15	3442	3418,46	3418,58	SHORT	0,00167	5997,81	0,00334	HOLD	99,7754	104,0527
2019-01-30	00:00	3418,81	3431,48	3409,94	3413,97	SHORT	0,00167	5997,81	0,00334	HOLD	99,7754	104,0604
2019-01-30	01:00	3413,99	3416,86	3405,61	3413,41	SHORT	0,00167	5997,81	0,00334	HOLD	99,7754	104,0614
2019-01-30	02:00	3413,41	3424,68	3410,97	3419,44	SHORT	0,00167	5997,81	0,00334	HOLD	99,7754	104,0513
2019-01-30	03:00	3419,69	3434,94	3412	3412,95	SHORT	0,00167	5997,81	0,00334	HOLD	99,7754	104,0621
2019-01-30	04:00	3412,01	3422,36	3409,33	3418,25	SHORT	0,00167	5997,81	0,00334	HOLD	99,7754	104,0533
2019-01-30	05:00	3417,88	3419,5	3400	3409,89	SHORT	0,00167	5997,81	0,00334	HOLD	99,7754	104,0672
2019-01-30	06:00	3409,66	3418,13	3404,01	3411,04	SHORT	0,00167	5997,81	0,00334	HOLD	99,7754	104,0653
2019-01-30	07:00	3410,04	3411,85	3387,1	3394,75	SHORT	0,00167	5997,81	0,00334	HOLD	99,7754	104,0925
2019-01-30	08:00	3394,75	3405,84	3391,87	3403,83	SHORT	0,00167	5997,81	0,00334	HOLD	99,7754	104,0774
2019-01-30	09:00	3403,83	3420	3398,47	3414,63	SHORT	0,00167	5997,81	0,00334	HOLD	99,7754	104,0593
2019-01-30	10:00	3414,43	3427,67	3413,72	3420,34	SHORT	0,00167	5997,81	0,00334	HOLD	99,7754	104,0498
2019-01-30	11:00	3419,89	3437,49	3419,67	3426,62	SHORT	0,00167	5997,81	0,00334	HOLD	99,7754	104,0393
2019-01-30	12:00	3426,62	3447	3425,18	3433,49	SHORT	0,00167	5997,81	0,00334	HOLD	99,7754	104,0278
2019-01-30	13:00	3434,13	3436,94	3421,02	3423,22	SHORT	0,00167	5997,81	0,00334	HOLD	99,7754	104,045
2019-01-30	14:00	3423,21	3430	3417,44	3428,83	SHORT	0,00167	5997,81	0,00334	HOLD	99,7754	104,0356
2019-01-30	15:00	3429,24	3436,27	3422,99	3433,15	SHORT	0,00167	5997,81	0,00334	HOLD	99,7754	104,0284
2019-01-30	16:00	3432,59	3434,65	3422,5	3428,28	SHORT	0,00167	5997,81	0,00334	HOLD	99,7754	104,0365
2019-01-30	17:00	3427,98	3439,95	3425	3434,94	SHORT	0,00167	5997,81	0,00334	HOLD	99,7754	104,0254
2019-01-30	18:00	3434,94	3447,9	3422,54	3429,25	SHORT	0,00167	5997,81	0,00334	HOLD	99,7754	104,0349
2019-01-30	19:00	3429,62	3470	3428,72	3457,74	SHORT	0,00167	5997,81	0,00334	HOLD	99,7754	103,9873
2019-01-30	20:00	3457,79	3476,36	3452	3458,82	SHORT	0,00167	5997,81	0,00334	HOLD	99,7754	103,9855
2019-01-30	21:00	3458,9	3463,89	3450	3462,45	SHORT	0,00167	5997,81	0,00334	HOLD	99,7754	103,9795
2019-01-30	22:00	3462,64	3468	3450,21	3464,01	SHORT	0,00167	5997,81	0,00334	HOLD	99,7754	103,9769
2019-01-30	23:00	3464,03	3470	3454,97	3458,56	SHORT	0,00167	5997,81	0,00334	HOLD	99,7754	103,986
2019-01-31	00:00	3459,5	3469	3458,54	3465,6	SHORT	0,00167	5997,81	0,00334	HOLD	99,7754	103,9742
2019-01-31	01:00	3465,74	3478	3462,62	3469,7	SHORT	0,00167	5997,81	0,00334	HOLD	99,7754	103,9674
2019-01-31	02:00	3469,72	3470,87	3456,74	3458,77	SHORT	0,00167	5997,81	0,00334	HOLD	99,7754	103,9856
2019-01-31	03:00	3458,65	3460,77	3446,82	3453,7	SHORT	0,00167	5997,81	0,00334	HOLD	99,7754	103,9941
2019-01-31	04:00	3453,7	3457,5	3448,04	3456,27	SHORT	0,00167	5997,81	0,00334	HOLD	99,7754	103,9898
2019-01-31	05:00	3456,25	3468,63	3454,42	3468,37	SHORT	0,00167	5997,81	0,00334	HOLD	99,7754	103,9696
2019-01-31	06:00	3468,49	3469	3452	3458,18	SHORT	0,00167	5997,81	0,00334	HOLD	99,7754	103,9866
2019-01-31	07:00	3457,5	3489,2	3456,75	3480,71	SHORT	0,00167	5997,81	0,00334	HOLD	99,7754	103,949
2019-01-31	08:00	3481,18	3481,7	3468	3472,65	SHORT	0,00167	5997,81	0,00334	HOLD	99,7754	103,9624
2019-01-31	09:00	3471,36	3476,98	3462,97	3470,68	SHORT	0,00167	5997,81	0,00334	HOLD	99,7754	103,9657
2019-01-31	10:00	3470,63	3472,63	3463,46	3465,32	SHORT	0,00167	5997,81	0,00334	HOLD	99,7754	103,9747
2019-01-31	11:00	3465,32	3467,77	3455,3	3466,2	SHORT	0,00167	5997,81	0,00334	HOLD	99,7754	103,9732
2019-01-31	12:00	3467,7	3470,81	3465	3466,94	SHORT	0,00167	5997,81	0,00334	HOLD	99,7754	103,972
2019-01-31	13:00	3465,77	3478	3464,07	3473	SHORT	0,00167	5997,81	0,00334	HOLD	99,7754	103,9619
2019-01-31	14:00	3473,02	3480	3466,52	3476,57	SHORT	0,00167	5997,81	0,00334	HOLD	99,7754	103,9559
2019-01-31	15:00	3477,08	3477,08	3432,02	3442,98	SHORT	0,00167	5997,81	0,00334	HOLD	99,7754	104,012
2019-01-31	16:00	3442,98	3449	3426,7	3444,56	SHORT	0,00167	5997,81	0,00334	HOLD	99,7754	104,0093
2019-01-31	17:00	3444,56	3454,23	3418,8	3425,7	SHORT	0,00167	5997,81	0,00334	HOLD	99,7754	104,0408
2019-01-31	18:00	3425,69	3434,14	3420,01	3427,81	SHORT	0,00167	5997,81	0,00334	HOLD	99,7754	104,0373
2019-01-31	19:00	3427,79	3444,88	3420,3	3437,62	SHORT	0,00167	5997,81	0,00334	HOLD	99,7754	104,0209
2019-01-31	20:00	3437,36	3444	3433,63	3441,62	SHORT	0,00167	5997,81	0,00334	HOLD	99,7754	104,0143
2019-01-31	21:00	3441,62	3441,62	3423,06	3429	SHORT	0,00167	5997,81	0,00334	HOLD	99,7754	104,0353
2019-01-31	22:00	3429,28	3440,7	3427,16	3436,56	SHORT	0,00167	5997,81	0,00334	HOLD	99,7754	104,0227
2019-01-31	23:00	3435,82	3440,81	3426,01	3427,2	SHORT	0,00167	5997,81	0,00334	HOLD	99,7754	104,0383
2019-02-01	00:00	3427,2	3436,04	3425	3428,3	SHORT	0,00167	5997,81	0,00334	HOLD	99,7754	104,0365
2019-02-01	01:00	3429,02	3430,47	3419,33	3424,63	SHORT	0,00167	5997,81	0,00334	HOLD	99,7754	104,0426
2019-02-01	02:00	3425,22	3443	3419,33	3434,28	SHORT	0,00167	5997,81	0,00334	HOLD	99,7754	104,0265
2019-02-01	03:00	3433,58	3447,52	3427,19	3447,5	SHORT	0,00167	5997,81	0,00334	HOLD	99,7754	104,0044
2019-02-01	04:00	3447,16	3448	3435,44	3441,94	SHORT	0,00167	5997,81	0,00334	HOLD	99,7754	104,0137
2019-02-01	05:00	3441,15	3449,58	3437,03	3445,65	SHORT	0,00167	5997,81	0,00334	HOLD	99,7754	104,0075
2019-02-01	06:00	3446,44	3447	3425,36	3434,1	SHORT	0,00167	5997,81	0,00334	HOLD	99,7754	104,0268
2019-02-01	07:00	3434,1	3440,15	3425	3430,74	SHORT	0,00167	5997,81	0,00334	HOLD	99,7754	104,0324
2019-02-01	08:00	3430,74	3432,03	3401,2	3412,75	SHORT	0,00167	5997,81	0,00334	HOLD	99,7754	104,0625
2019-02-01	09:00	3412,79	3421,49	3403,02	3416,25	SHORT	0,00167	5997,81	0,00334	HOLD	99,7754	104,0566
2019-02-01	10:00	3415,97	3423,24	3410	3418,5	SHORT	0,00167	5997,81	0,00334	HOLD	99,7754	104,0529
2019-02-01	11:00	3418,84	3420,24	3411	3415,84	SHORT	0,00167	5997,81	0,00334	HOLD	99,7754	104,0573
2019-02-01	12:00	3414,76	3422	3414,35	3419,81	SHORT	0,00167	5997,81	0,00334	HOLD	99,7754	104,0507
2019-02-01	13:00	3419,03	3427,05	3412,66	3427,05	SHORT	0,00167	5997,81	0,00334	HOLD	99,7754	104,0386
2019-02-01	14:00	3426,26	3428,51	3412,41	3420,03	SHORT	0,00167	5997,81	0,00334	HOLD	99,7754	104,0503
2019-02-01	15:00	3419,44	3452,74	3417,81	3437,98	SHORT	0,00167	5997,81	0,00334	HOLD	99,7754	104,0203
2019-02-01	16:00	3437,78	3439,68	3429,09	3434,64	SHORT	0,00167	5997,81	0,00334	HOLD	99,7754	104,0259
2019-02-01	17:00	3433,87	3446	3429,83	3444,85	SHORT	0,00167	5997,81	0,00334	HOLD	99,7754	104,0089
2019-02-01	18:00	3444,02	3477	3442,95	3459,18	SHORT	0,00167	5997,81	0,00334	HOLD	99,7754	103,9849
2019-02-01	19:00	3460,56	3479,99	3458,59	3461,12	SHORT	0,00167	5997,81	0,00334	HOLD	99,7754	103,9817
2019-02-01	20:00	3461,12	3470,99	3461,12	3469,83	SHORT	0,00167	5997,81	0,00334	HOLD	99,7754	103,9671
2019-02-01	21:00	3469,83	3475	3461,21	3467	SHORT	0,00167	5997,81	0,00334	HOLD	99,7754	103,9719
2019-02-01	22:00	3467	3469,45	3452,2	3463,02	SHORT	0,00167	5997,81	0,00334	HOLD	99,7754	103,9785
2019-02-01	23:00	3463,02	3464,95	3450	3457,31	SHORT	0,00167	5997,81	0,00334	HOLD	99,7754	103,9881
2019-02-02	00:00	3458,33	3468	3457,05	3459,99	SHORT	0,00167	5997,81	0,00334	HOLD	99,7754	103,9836
2019-02-02	01:00	3459,99	3473,65	3458,05	3472,01	SHORT	0,00167	5997,81	0,00334	HOLD	99,7754	103,9635
2019-02-02	02:00	3472,22	3488	3467,95	3474,52	SHORT	0,00167	5997,81	0,00334	HOLD	99,7754	103,9593
2019-02-02	03:00	3475,01	3484	3474,41	3476,15	SHORT	0,00167	5997,81	0,00334	HOLD	99,7754	103,9566
2019-02-02	04:00	3476,17	3483,56	3467,43	3482,43	SHORT	0,00167	5997,81	0,00334	HOLD	99,7754	103,9461
2019-02-02	05:00	3482,62	3485	3470,33	3475,3	SHORT	0,00167	5997,81	0,00334	HOLD	99,7754	103,958
2019-02-02	06:00	3474,5	3486,63	3461,29	3462,07	SHORT	0,00167	5997,81	0,00334	HOLD	99,7754	103,9801
2019-02-02	07:00	3462,2	3470,45	3460,43	3460,88	SHORT	0,00167	5997,81	0,00334	HOLD	99,7754	103,9821
2019-02-02	08:00	3461,72	3463,92	3455,36	3459,43	SHORT	0,00167	5997,81	0,00334	HOLD	99,7754	103,9845
2019-02-02	09:00	3459,3	3469,38	3457,17	3465,43	SHORT	0,00167	5997,81	0,00334	HOLD	99,7754	103,9745
2019-02-02	10:00	3465,75	3471	3461,99	3465	SHORT	0,00167	5997,81	0,00334	HOLD	99,7754	103,9752
2019-02-02	11:00	3465,64	3469	3458,27	3459,22	SHORT	0,00167	5997,81	0,00334	HOLD	99,7754	103,9849
2019-02-02	12:00	3459,21	3460,25	3442,11	3452	SHORT	0,00167	5997,81	0,00334	HOLD	99,7754	103,9969
2019-02-02	13:00	3452	3453,28	3440,29	3447,89	SHORT	0,00167	5997,81	0,00334	HOLD	99,7754	104,0038
2019-02-02	14:00	3447,86	3456,52	3446,84	3453,55	SHORT	0,00167	5997,81	0,00334	HOLD	99,7754	103,9943
2019-02-02	15:00	3453,09	3455,5	3443,4	3452,5	SHORT	0,00167	5997,81	0,00334	HOLD	99,7754	103,9961
2019-02-02	16:00	3452,6	3466,49	3445,43	3464,74	SHORT	0,00167	5997,81	0,00334	HOLD	99,7754	103,9756
2019-02-02	17:00	3465,3	3469,99	3459,3	3465,12	SHORT	0,00167	5997,81	0,00334	HOLD	99,7754	103,975
2019-02-02	18:00	3465,75	3481,59	3462,5	3477,67	SHORT	0,00167	5997,81	0,00334	HOLD	99,7754	103,9541
2019-02-02	19:00	3477,83	3479,74	3468,17	3468,84	SHORT	0,00167	5997,81	0,00334	HOLD	99,7754	103,9688
2019-02-02	20:00	3469,36	3474,88	3464,18	3465,55	SHORT	0,00167	5997,81	0,00334	HOLD	99,7754	103,9743
2019-02-02	21:00	3465,06	3469,85	3456,49	3465,66	SHORT	0,00167	5997,81	0,00334	HOLD	99,7754	103,9741
2019-02-02	22:00	3466,93	3467,96	3453,39	3457,56	SHORT	0,00167	5997,81	0,00334	HOLD	99,7754	103,9876
2019-02-02	23:00	3457,56	3460	3444,01	3459,88	SHORT	0,00167	5997,81	0,00334	HOLD	99,7754	103,9838
2019-02-03	00:00	3459,87	3467,39	3454,02	3464,39	SHORT	0,00167	5997,81	0,00334	HOLD	99,7754	103,9762
2019-02-03	01:00	3465,61	3467,5	3458,01	3466,89	SHORT	0,00167	5997,81	0,00334	HOLD	99,7754	103,9721
2019-02-03	02:00	3467,19	3479	3463,01	3468,19	SHORT	0,00167	5997,81	0,00334	HOLD	99,7754	103,9699
2019-02-03	03:00	3468,9	3472,98	3457,56	3460	SHORT	0,00167	5997,81	0,00334	HOLD	99,7754	103,9836
2019-02-03	04:00	3460,32	3469,38	3457,58	3466,3	SHORT	0,00167	5997,81	0,00334	HOLD	99,7754	103,973
2019-02-03	05:00	3466,3	3474	3462,58	3467,14	SHORT	0,00167	5997,81	0,00334	HOLD	99,7754	103,9716
2019-02-03	06:00	3466,83	3526,4	3462,55	3504,77	SHORT	0,00167	5997,81	0,00334	HOLD	99,7754	103,9088
2019-02-03	07:00	3504,06	3511,09	3482	3494,7	SHORT	0,00167	5997,81	0,00334	HOLD	99,7754	103,9256
2019-02-03	08:00	3493,23	3495,19	3482,05	3487,84	SHORT	0,00167	5997,81	0,00334	HOLD	99,7754	103,9371
2019-02-03	09:00	3488,25	3494,96	3481	3481,63	SHORT	0,00167	5997,81	0,00334	HOLD	99,7754	103,9474
2019-02-03	10:00	3481,41	3484,14	3470	3482,58	SHORT	0,00167	5997,81	0,00334	HOLD	99,7754	103,9459
2019-02-03	11:00	3483,06	3486,86	3470,36	3476,87	SHORT	0,00167	5997,81	0,00334	HOLD	99,7754	103,9554
2019-02-03	12:00	3476,04	3484,1	3473,17	3481,08	SHORT	0,00167	5997,81	0,00334	HOLD	99,7754	103,9484
2019-02-03	13:00	3482,13	3484,71	3464,2	3470,93	SHORT	0,00167	5997,81	0,00334	HOLD	99,7754	103,9653
2019-02-03	14:00	3470,95	3472	3457,38	3462,54	SHORT	0,00167	5997,81	0,00334	HOLD	99,7754	103,9793
2019-02-03	15:00	3462,99	3463,83	3447,44	3458,76	SHORT	0,00167	5997,81	0,00334	HOLD	99,7754	103,9856
2019-02-03	16:00	3458,78	3461,21	3453,13	3456,01	SHORT	0,00167	5997,81	0,00334	HOLD	99,7754	103,9902
2019-02-03	17:00	3456,95	3474,94	3454	3466,7	SHORT	0,00167	5997,81	0,00334	HOLD	99,7754	103,9724
2019-02-03	18:00	3466,68	3471	3457,4	3463,7	SHORT	0,00167	5997,81	0,00334	HOLD	99,7754	103,9774
2019-02-03	19:00	3462,69	3467,17	3455,29	3465,85	SHORT	0,00167	5997,81	0,00334	HOLD	99,7754	103,9738
2019-02-03	20:00	3465,85	3473,44	3463,73	3469,36	SHORT	0,00167	5997,81	0,00334	HOLD	99,7754	103,9679
2019-02-03	21:00	3468,46	3469,35	3457,42	3460,46	SHORT	0,00167	5997,81	0,00334	HOLD	99,7754	103,9828
2019-02-03	22:00	3460,41	3466,01	3448,15	3463,5	SHORT	0,00167	5997,81	0,00334	HOLD	99,7754	103,9777
2019-02-03	23:00	3462,8	3468,98	3459,07	3467,91	SHORT	0,00167	5997,81	0,00334	HOLD	99,7754	103,9704
2019-02-04	00:00	3467,9	3467,9	3459,05	3460	SHORT	0,00167	5997,81	0,00334	HOLD	99,7754	103,9836
2019-02-04	01:00	3460	3467,95	3459,03	3466,88	SHORT	0,00167	5997,81	0,00334	HOLD	99,7754	103,9721
2019-02-04	02:00	3466,88	3468,99	3431,4	3445,6	SHORT	0,00167	5997,81	0,00334	HOLD	99,7754	104,0076
2019-02-04	03:00	3445,6	3445,98	3431,23	3443	SHORT	0,00167	5997,81	0,00334	HOLD	99,7754	104,012
2019-02-04	04:00	3443	3443,92	3426	3434,85	SHORT	0,00167	5997,81	0,00334	HOLD	99,7754	104,0256
2019-02-04	05:00	3435,21	3452	3431,05	3450,86	SHORT	0,00167	5997,81	0,00334	HOLD	99,7754	103,9988
2019-02-04	06:00	3451,73	3466,55	3445,3	3458,11	SHORT	0,00167	5997,81	0,00334	HOLD	99,7754	103,9867
2019-02-04	07:00	3458,11	3471,84	3455	3462,51	SHORT	0,00167	5997,81	0,00334	HOLD	99,7754	103,9794
2019-02-04	08:00	3461,98	3471,27	3457,4	3468,79	SHORT	0,00167	5997,81	0,00334	HOLD	99,7754	103,9689
2019-02-04	09:00	3469,62	3471,29	3452,27	3456,3	SHORT	0,00167	5997,81	0,00334	HOLD	99,7754	103,9897
2019-02-04	10:00	3457,71	3462,18	3452,49	3458,28	SHORT	0,00167	5997,81	0,00334	HOLD	99,7754	103,9864
2019-02-04	11:00	3458,28	3467,78	3456,9	3462,02	SHORT	0,00167	5997,81	0,00334	HOLD	99,7754	103,9802
2019-02-04	12:00	3461,06	3462,52	3453,18	3457,63	SHORT	0,00167	5997,81	0,00334	HOLD	99,7754	103,9875
2019-02-04	13:00	3457,87	3466,73	3456,02	3460,12	SHORT	0,00167	5997,81	0,00334	HOLD	99,7754	103,9834
2019-02-04	14:00	3460,3	3467,07	3457,59	3463,02	SHORT	0,00167	5997,81	0,00334	HOLD	99,7754	103,9785
2019-02-04	15:00	3463,02	3484,88	3459	3461,48	SHORT	0,00167	5997,81	0,00334	HOLD	99,7754	103,9811
2019-02-04	16:00	3462,78	3467,87	3445,49	3448,96	SHORT	0,00167	5997,81	0,00334	HOLD	99,7754	104,002
2019-02-04	17:00	3448,98	3455,79	3444,13	3450,13	SHORT	0,00167	5997,81	0,00334	HOLD	99,7754	104
2019-02-04	18:00	3451,15	3453,37	3434,1	3436,04	SHORT	0,00167	5997,81	0,00334	HOLD	99,7754	104,0236
2019-02-04	19:00	3436,39	3452,23	3433,31	3451,83	SHORT	0,00167	5997,81	0,00334	HOLD	99,7754	103,9972
2019-02-04	20:00	3451,09	3454,76	3445	3451,79	SHORT	0,00167	5997,81	0,00334	HOLD	99,7754	103,9973
2019-02-04	21:00	3451,79	3461	3444,55	3450,35	SHORT	0,00167	5997,81	0,00334	HOLD	99,7754	103,9997
2019-02-04	22:00	3450,38	3460	3448,21	3459,65	SHORT	0,00167	5997,81	0,00334	HOLD	99,7754	103,9841
2019-02-04	23:00	3459,16	3467	3457,52	3458,74	SHORT	0,00167	5997,81	0,00334	HOLD	99,7754	103,9857
2019-02-05	00:00	3457,94	3467,06	3457,51	3465,9	SHORT	0,00167	5997,81	0,00334	HOLD	99,7754	103,9737
2019-02-05	01:00	3465,58	3475	3460,71	3467,52	SHORT	0,00167	5997,81	0,00334	HOLD	99,7754	103,971
2019-02-05	02:00	3467,99	3473	3461,47	3469,03	SHORT	0,00167	5997,81	0,00334	HOLD	99,7754	103,9685
2019-02-05	03:00	3469,03	3475	3460,01	3462	SHORT	0,00167	5997,81	0,00334	HOLD	99,7754	103,9802
2019-02-05	04:00	3462	3475,79	3461	3468,51	SHORT	0,00167	5997,81	0,00334	HOLD	99,7754	103,9694
2019-02-05	05:00	3468,52	3474	3453,82	3460,25	SHORT	0,00167	5997,81	0,00334	HOLD	99,7754	103,9831
2019-02-05	06:00	3460,25	3468,78	3455,41	3463,22	SHORT	0,00167	5997,81	0,00334	HOLD	99,7754	103,9782
2019-02-05	07:00	3463,22	3465	3455,69	3463,77	SHORT	0,00167	5997,81	0,00334	HOLD	99,7754	103,9773
2019-02-05	08:00	3463,29	3468,12	3452,01	3455	SHORT	0,00167	5997,81	0,00334	HOLD	99,7754	103,9919
2019-02-05	09:00	3455,24	3468,75	3448,43	3460,45	SHORT	0,00167	5997,81	0,00334	HOLD	99,7754	103,9828
2019-02-05	10:00	3459,84	3471,86	3451,38	3463,91	SHORT	0,00167	5997,81	0,00334	HOLD	99,7754	103,977
2019-02-05	11:00	3463,47	3471,89	3461,07	3467,63	SHORT	0,00167	5997,81	0,00334	HOLD	99,7754	103,9708
2019-02-05	12:00	3468,28	3471,67	3456,95	3465,99	SHORT	0,00167	5997,81	0,00334	HOLD	99,7754	103,9736
2019-02-05	13:00	3465,97	3470	3462,11	3465,14	SHORT	0,00167	5997,81	0,00334	HOLD	99,7754	103,975
2019-02-05	14:00	3465,65	3468,23	3457,16	3464,42	SHORT	0,00167	5997,81	0,00334	HOLD	99,7754	103,9762
2019-02-05	15:00	3464,42	3470,3	3462,21	3466,34	SHORT	0,00167	5997,81	0,00334	HOLD	99,7754	103,973
2019-02-05	16:00	3466,32	3477,78	3461,21	3476,41	SHORT	0,00167	5997,81	0,00334	HOLD	99,7754	103,9562
2019-02-05	17:00	3476,78	3478,97	3469,4	3470,88	SHORT	0,00167	5997,81	0,00334	HOLD	99,7754	103,9654
2019-02-05	18:00	3471	3473	3461,21	3469,91	SHORT	0,00167	5997,81	0,00334	HOLD	99,7754	103,967
2019-02-05	19:00	3469,89	3471,68	3460	3462,86	SHORT	0,00167	5997,81	0,00334	HOLD	99,7754	103,9788
2019-02-05	20:00	3462,89	3466,24	3457,96	3465,64	SHORT	0,00167	5997,81	0,00334	HOLD	99,7754	103,9741
2019-02-05	21:00	3465,64	3468,17	3454	3455,31	SHORT	0,00167	5997,81	0,00334	HOLD	99,7754	103,9914
2019-02-05	22:00	3455,3	3463,81	3449,05	3460,44	SHORT	0,00167	5997,81	0,00334	HOLD	99,7754	103,9828
2019-02-05	23:00	3461,18	3461,6	3453,09	3459,94	SHORT	0,00167	5997,81	0,00334	HOLD	99,7754	103,9837
2019-02-06	00:00	3460,1	3464,63	3454	3456,67	SHORT	0,00167	5997,81	0,00334	HOLD	99,7754	103,9891
2019-02-06	01:00	3456,82	3468,16	3455,67	3456	SHORT	0,00167	5997,81	0,00334	HOLD	99,7754	103,9902
2019-02-06	02:00	3455,95	3468,17	3449,49	3463,81	SHORT	0,00167	5997,81	0,00334	HOLD	99,7754	103,9772
2019-02-06	03:00	3463,81	3466,99	3455,42	3462,44	SHORT	0,00167	5997,81	0,00334	HOLD	99,7754	103,9795
2019-02-06	04:00	3461,74	3468,17	3458,69	3460,69	SHORT	0,00167	5997,81	0,00334	HOLD	99,7754	103,9824
2019-02-06	05:00	3460,69	3470,39	3460	3462,37	SHORT	0,00167	5997,81	0,00334	HOLD	99,7754	103,9796
2019-02-06	06:00	3461,86	3472	3458,29	3471,59	SHORT	0,00167	5997,81	0,00334	HOLD	99,7754	103,9642
2019-02-06	07:00	3471,57	3482,72	3451,1	3458,95	SHORT	0,00167	5997,81	0,00334	HOLD	99,7754	103,9853
2019-02-06	08:00	3459,26	3463,51	3380	3417,02	SHORT	0,00167	5997,81	0,00334	HOLD	99,7754	104,0553
2019-02-06	09:00	3418,18	3425,01	3408,31	3420,84	SHORT	0,00167	5997,81	0,00334	HOLD	99,7754	104,049
2019-02-06	10:00	3419,78	3432,73	3416	3423,35	SHORT	0,00167	5997,81	0,00334	HOLD	99,7754	104,0448
2019-02-06	11:00	3423,96	3423,97	3402,46	3413,05	SHORT	0,00167	5997,81	0,00334	HOLD	99,7754	104,062
2019-02-06	12:00	3412,26	3419,95	3412,26	3418	SHORT	0,00167	5997,81	0,00334	HOLD	99,7754	104,0537
2019-02-06	13:00	3418	3421,24	3415	3416,74	SHORT	0,00167	5997,81	0,00334	HOLD	99,7754	104,0558
2019-02-06	14:00	3416,09	3426,83	3415,39	3424,77	SHORT	0,00167	5997,81	0,00334	HOLD	99,7754	104,0424
2019-02-06	15:00	3424,79	3424,79	3400	3409,76	SHORT	0,00167	5997,81	0,00334	HOLD	99,7754	104,0675
2019-02-06	16:00	3409,99	3414,44	3403,92	3410,32	SHORT	0,00167	5997,81	0,00334	HOLD	99,7754	104,0665
2019-02-06	17:00	3410,67	3413,6	3396,17	3408,93	SHORT	0,00167	5997,81	0,00334	HOLD	99,7754	104,0688
2019-02-06	18:00	3408,58	3409,56	3396,67	3399,82	SHORT	0,00167	5997,81	0,00334	HOLD	99,7754	104,0841
2019-02-06	19:00	3399,79	3410	3392,11	3407,93	SHORT	0,00167	5997,81	0,00334	HOLD	99,7754	104,0705
2019-02-06	20:00	3408	3409,32	3400,08	3404,31	SHORT	0,00167	5997,81	0,00334	HOLD	99,7754	104,0766
2019-02-06	21:00	3404,56	3406,1	3392,84	3400,98	SHORT	0,00167	5997,81	0,00334	HOLD	99,7754	104,0821
2019-02-06	22:00	3400,64	3422,02	3382,26	3422,02	SHORT	0,00167	5997,81	0,00334	HOLD	99,7754	104,047
2019-02-06	23:00	3421,07	3434,59	3405,01	3411,7	SHORT	0,00167	5997,81	0,00334	HOLD	99,7754	104,0642
2019-02-07	00:00	3411,1	3411,95	3395,77	3402,44	SHORT	0,00167	5997,81	0,00334	HOLD	99,7754	104,0797
2019-02-07	01:00	3402,09	3408	3385,26	3406,04	SHORT	0,00167	5997,81	0,00334	HOLD	99,7754	104,0737
2019-02-07	02:00	3406,37	3406,96	3392,29	3398,39	SHORT	0,00167	5997,81	0,00334	HOLD	99,7754	104,0865
2019-02-07	03:00	3398,41	3405,85	3393,54	3402	SHORT	0,00167	5997,81	0,00334	HOLD	99,7754	104,0804
2019-02-07	04:00	3402	3407,23	3398,87	3405,98	SHORT	0,00167	5997,81	0,00334	HOLD	99,7754	104,0738
2019-02-07	05:00	3405,98	3408,52	3399,43	3405,88	SHORT	0,00167	5997,81	0,00334	HOLD	99,7754	104,0739
2019-02-07	06:00	3405,43	3409,26	3402,16	3405,37	SHORT	0,00167	5997,81	0,00334	HOLD	99,7754	104,0748
2019-02-07	07:00	3407	3407,01	3398,02	3402,95	SHORT	0,00167	5997,81	0,00334	HOLD	99,7754	104,0788
2019-02-07	08:00	3403,83	3409,54	3402,94	3407,03	SHORT	0,00167	5997,81	0,00334	HOLD	99,7754	104,072
2019-02-07	09:00	3407,03	3408,99	3402,39	3407,25	SHORT	0,00167	5997,81	0,00334	HOLD	99,7754	104,0717
2019-02-07	10:00	3406,71	3414	3404,77	3413,12	SHORT	0,00167	5997,81	0,00334	HOLD	99,7754	104,0619
2019-02-07	11:00	3413,49	3415,82	3410,18	3411	SHORT	0,00167	5997,81	0,00334	HOLD	99,7754	104,0654
2019-02-07	12:00	3411	3416,2	3410,7	3414,69	SHORT	0,00167	5997,81	0,00334	HOLD	99,7754	104,0592
2019-02-07	13:00	3415,51	3420	3406	3411,25	SHORT	0,00167	5997,81	0,00334	HOLD	99,7754	104,065
2019-02-07	14:00	3411,25	3414,99	3408,02	3412,15	SHORT	0,00167	5997,81	0,00334	HOLD	99,7754	104,0635
2019-02-07	15:00	3412,17	3417,59	3409,66	3417,26	SHORT	0,00167	5997,81	0,00334	HOLD	99,7754	104,0549
2019-02-07	16:00	3417,26	3419,88	3412,05	3419,5	SHORT	0,00167	5997,81	0,00334	HOLD	99,7754	104,0512
2019-02-07	17:00	3419,5	3425	3416,08	3421,05	SHORT	0,00167	5997,81	0,00334	HOLD	99,7754	104,0486
2019-02-07	18:00	3421,36	3426,45	3407,05	3408,05	SHORT	0,00167	5997,81	0,00334	HOLD	99,7754	104,0703
2019-02-07	19:00	3407,81	3413,16	3400	3404,97	SHORT	0,00167	5997,81	0,00334	HOLD	99,7754	104,0755
2019-02-07	20:00	3405	3413	3399	3407,04	SHORT	0,00167	5997,81	0,00334	HOLD	99,7754	104,072
2019-02-07	21:00	3407,03	3410,82	3400	3409,7	SHORT	0,00167	5997,81	0,00334	HOLD	99,7754	104,0676
2019-02-07	22:00	3409,71	3413,16	3401	3407,03	SHORT	0,00167	5997,81	0,00334	HOLD	99,7754	104,072
2019-02-07	23:00	3407,03	3412,24	3401,11	3403,12	SHORT	0,00167	5997,81	0,00334	HOLD	99,7754	104,0786
2019-02-08	00:00	3402,47	3404,4	3392	3397,82	SHORT	0,00167	5997,81	0,00334	HOLD	99,7754	104,0874
2019-02-08	01:00	3397,87	3404,05	3394	3398,98	SHORT	0,00167	5997,81	0,00334	HOLD	99,7754	104,0855
2019-02-08	02:00	3398,54	3400	3390	3399,55	SHORT	0,00167	5997,81	0,00334	HOLD	99,7754	104,0845
2019-02-08	03:00	3399,43	3402,09	3390,11	3401,22	SHORT	0,00167	5997,81	0,00334	HOLD	99,7754	104,0817
2019-02-08	04:00	3401,8	3403,31	3394,12	3395	SHORT	0,00167	5997,81	0,00334	HOLD	99,7754	104,0921
2019-02-08	05:00	3395,19	3401,8	3393,55	3401,01	SHORT	0,00167	5997,81	0,00334	HOLD	99,7754	104,0821
2019-02-08	06:00	3400,57	3401,21	3391,18	3398,4	SHORT	0,00167	5997,81	0,00334	HOLD	99,7754	104,0864
2019-02-08	07:00	3398,4	3398,71	3390,37	3393,78	SHORT	0,00167	5997,81	0,00334	HOLD	99,7754	104,0941
2019-02-08	08:00	3393,35	3396	3387	3389,51	SHORT	0,00167	5997,81	0,00334	HOLD	99,7754	104,1013
2019-02-08	09:00	3389,98	3398,45	3373,1	3394,32	SHORT	0,00167	5997,81	0,00334	HOLD	99,7754	104,0932
2019-02-08	10:00	3394	3407,78	3393,47	3404,08	SHORT	0,00167	5997,81	0,00334	HOLD	99,7754	104,0769
2019-02-08	11:00	3403,77	3404,33	3397,14	3399,84	SHORT	0,00167	5997,81	0,00334	HOLD	99,7754	104,084
2019-02-08	12:00	3400,47	3411	3399,47	3408,29	SHORT	0,00167	5997,81	0,00334	HOLD	99,7754	104,0699
2019-02-08	13:00	3408,92	3409,94	3400,5	3407,65	SHORT	0,00167	5997,81	0,00334	HOLD	99,7754	104,071
2019-02-08	14:00	3408,66	3408,66	3392,97	3394,78	SHORT	0,00167	5997,81	0,00334	HOLD	99,7754	104,0925
2019-02-08	15:00	3395,24	3429,6	3394,89	3413,8	SHORT	0,00167	5997,81	0,00334	HOLD	99,7754	104,0607
2019-02-08	16:00	3413,78	3450,5	3413,78	3426,58	SHORT	0,00167	5997,81	0,00334	HOLD	99,7754	104,0394
2019-02-08	17:00	3426,56	3439,38	3424,71	3432,85	SHORT	0,00167	5997,81	0,00334	HOLD	99,7754	104,0289
2019-02-08	18:00	3433,51	3441,79	3427,96	3430	SHORT	0,00167	5997,81	0,00334	HOLD	99,7754	104,0337
2019-02-08	19:00	3430	3447,99	3429	3439,25	SHORT	0,00167	5997,81	0,00334	HOLD	99,7754	104,0182
2019-02-08	20:00	3439,1	3449,97	3436,66	3447	SHORT	0,00167	5997,81	0,00334	HOLD	99,7754	104,0053
2019-02-08	21:00	3447,53	3469,89	3445,6	3457	SHORT	0,00167	5997,81	0,00334	HOLD	99,7754	103,9886
2019-02-08	22:00	3456,21	3512,8	3452,97	3507,34	SHORT	0,00167	5997,81	0,00334	HOLD	99,7754	103,9045
2019-02-08	23:00	3506,42	3733,58	3485,24	3687	SHORT	0,00167	5997,81	0,00334	HOLD	99,7754	103,6045
2019-02-09	00:00	3687,15	3692,08	3632,25	3662,59	SHORT	0,00167	5997,81	0,00334	HOLD	99,7754	103,6452
2019-02-09	01:00	3662,6	3677,65	3647,45	3654,03	SHORT	0,00167	5997,81	0,00334	HOLD	99,7754	103,6595
2019-02-09	02:00	3654,76	3669,61	3648,23	3668,3	SHORT	0,00167	5997,81	0,00334	HOLD	99,7754	103,6357
2019-02-09	03:00	3668,28	3669,99	3657,13	3660,53	SHORT	0,00167	5997,81	0,00334	HOLD	99,7754	103,6487
2019-02-09	04:00	3660,53	3664,2	3612	3630,93	SHORT	0,00167	5997,81	0,00334	HOLD	99,7754	103,6981
2019-02-09	05:00	3630,94	3645	3625,36	3633,64	SHORT	0,00167	5997,81	0,00334	HOLD	99,7754	103,6936
2019-02-09	06:00	3633,64	3665	3630,6	3659,04	SHORT	0,00167	5997,81	0,00334	HOLD	99,7754	103,6512
2019-02-09	07:00	3660,27	3667,89	3641,34	3654,84	SHORT	0,00167	5997,81	0,00334	HOLD	99,7754	103,6582
2019-02-09	08:00	3654,39	3656,74	3641,45	3644,3	SHORT	0,00167	5997,81	0,00334	HOLD	99,7754	103,6758
2019-02-09	09:00	3644,28	3647,51	3635	3645,62	SHORT	0,00167	5997,81	0,00334	HOLD	99,7754	103,6736
2019-02-09	10:00	3645,61	3649,67	3640	3646,45	SHORT	0,00167	5997,81	0,00334	HOLD	99,7754	103,6722
2019-02-09	11:00	3647,19	3656,61	3642,19	3652,72	SHORT	0,00167	5997,81	0,00334	HOLD	99,7754	103,6617
2019-02-09	12:00	3652,72	3653,36	3643,78	3648,32	SHORT	0,00167	5997,81	0,00334	HOLD	99,7754	103,6691
2019-02-09	13:00	3647,31	3653,79	3646,24	3647,14	SHORT	0,00167	5997,81	0,00334	HOLD	99,7754	103,671
2019-02-09	14:00	3647,14	3666,46	3646,3	3660,86	SHORT	0,00167	5997,81	0,00334	HOLD	99,7754	103,6481
2019-02-09	15:00	3661,95	3677,32	3651,69	3660,54	SHORT	0,00167	5997,81	0,00334	HOLD	99,7754	103,6487
2019-02-09	16:00	3660,56	3670,23	3653,04	3657,54	SHORT	0,00167	5997,81	0,00334	HOLD	99,7754	103,6537
2019-02-09	17:00	3657,53	3669	3655,02	3661,01	SHORT	0,00167	5997,81	0,00334	HOLD	99,7754	103,6479
2019-02-09	18:00	3660,6	3665,32	3656,39	3662,02	SHORT	0,00167	5997,81	0,00334	HOLD	99,7754	103,6462
2019-02-09	19:00	3662,32	3666,89	3645	3654,36	SHORT	0,00167	5997,81	0,00334	HOLD	99,7754	103,659
2019-02-09	20:00	3655,3	3669,25	3653,69	3664	SHORT	0,00167	5997,81	0,00334	HOLD	99,7754	103,6429
2019-02-09	21:00	3664	3680,02	3651,05	3660,29	SHORT	0,00167	5997,81	0,00334	HOLD	99,7754	103,6491
2019-02-09	22:00	3660,45	3662,39	3640	3645,02	SHORT	0,00167	5997,81	0,00334	HOLD	99,7754	103,6746
2019-02-09	23:00	3645,02	3652,84	3625,13	3646,22	SHORT	0,00167	5997,81	0,00334	HOLD	99,7754	103,6726
2019-02-10	00:00	3645,95	3647,85	3636,31	3642,66	SHORT	0,00167	5997,81	0,00334	HOLD	99,7754	103,6785
2019-02-10	01:00	3642,66	3645	3637,39	3640,37	SHORT	0,00167	5997,81	0,00334	HOLD	99,7754	103,6823
2019-02-10	02:00	3640,06	3655	3640,05	3652,19	SHORT	0,00167	5997,81	0,00334	HOLD	99,7754	103,6626
2019-02-10	03:00	3653,56	3658,41	3650	3656,62	SHORT	0,00167	5997,81	0,00334	HOLD	99,7754	103,6552
2019-02-10	04:00	3657,42	3669,73	3655	3665,78	SHORT	0,00167	5997,81	0,00334	HOLD	99,7754	103,6399
2019-02-10	05:00	3665,78	3667,32	3656	3660,37	SHORT	0,00167	5997,81	0,00334	HOLD	99,7754	103,6489
2019-02-10	06:00	3660,83	3673	3657,2	3665,18	SHORT	0,00167	5997,81	0,00334	HOLD	99,7754	103,6409
2019-02-10	07:00	3665,18	3674	3656,85	3657,19	SHORT	0,00167	5997,81	0,00334	HOLD	99,7754	103,6543
2019-02-10	08:00	3658,23	3663	3649,98	3655,84	SHORT	0,00167	5997,81	0,00334	HOLD	99,7754	103,6565
2019-02-10	09:00	3655,26	3662,12	3653,06	3653,08	SHORT	0,00167	5997,81	0,00334	HOLD	99,7754	103,6611
2019-02-10	10:00	3654,13	3657,65	3646,44	3654,84	SHORT	0,00167	5997,81	0,00334	HOLD	99,7754	103,6582
2019-02-10	11:00	3654,8	3660	3651,16	3658,55	SHORT	0,00167	5997,81	0,00334	HOLD	99,7754	103,652
2019-02-10	12:00	3658,17	3659,46	3651	3654,9	SHORT	0,00167	5997,81	0,00334	HOLD	99,7754	103,6581
2019-02-10	13:00	3653,12	3654,84	3630,98	3634,81	SHORT	0,00167	5997,81	0,00334	HOLD	99,7754	103,6916
2019-02-10	14:00	3635,92	3641,03	3609,76	3632,12	SHORT	0,00167	5997,81	0,00334	HOLD	99,7754	103,6961
2019-02-10	15:00	3632,1	3642	3631,03	3638,36	SHORT	0,00167	5997,81	0,00334	HOLD	99,7754	103,6857
2019-02-10	16:00	3638,36	3639,1	3631,95	3636,98	SHORT	0,00167	5997,81	0,00334	HOLD	99,7754	103,688
2019-02-10	17:00	3636,66	3647,95	3636,46	3644,89	SHORT	0,00167	5997,81	0,00334	HOLD	99,7754	103,6748
2019-02-10	18:00	3644,77	3647,95	3630,78	3638,34	SHORT	0,00167	5997,81	0,00334	HOLD	99,7754	103,6857
2019-02-10	19:00	3639,53	3642,78	3622,5	3626,17	SHORT	0,00167	5997,81	0,00334	HOLD	99,7754	103,7061
2019-02-10	20:00	3625,94	3635,04	3616	3630,78	SHORT	0,00167	5997,81	0,00334	HOLD	99,7754	103,6984
2019-02-10	21:00	3630,78	3637	3615,53	3619,5	SHORT	0,00167	5997,81	0,00334	HOLD	99,7754	103,7172
2019-02-10	22:00	3619,5	3634,77	3618,46	3626,6	SHORT	0,00167	5997,81	0,00334	HOLD	99,7754	103,7053
2019-02-10	23:00	3628,73	3655	3624,03	3647,05	SHORT	0,00167	5997,81	0,00334	HOLD	99,7754	103,6712
2019-02-11	00:00	3647,12	3651,06	3631,94	3638,41	SHORT	0,00167	5997,81	0,00334	HOLD	99,7754	103,6856
2019-02-11	01:00	3638,85	3650	3638,32	3646,32	SHORT	0,00167	5997,81	0,00334	HOLD	99,7754	103,6724
2019-02-11	02:00	3646,32	3649	3637,55	3645,69	SHORT	0,00167	5997,81	0,00334	HOLD	99,7754	103,6735
2019-02-11	03:00	3645,47	3645,71	3636	3639,73	SHORT	0,00167	5997,81	0,00334	HOLD	99,7754	103,6834
2019-02-11	04:00	3639,37	3646,17	3636,63	3645,39	SHORT	0,00167	5997,81	0,00334	HOLD	99,7754	103,674
2019-02-11	05:00	3645,4	3665	3640	3658,9	SHORT	0,00167	5997,81	0,00334	HOLD	99,7754	103,6514
2019-02-11	06:00	3657,91	3684,99	3651,93	3680,06	SHORT	0,00167	5997,81	0,00334	HOLD	99,7754	103,6161
2019-02-11	07:00	3679,75	3684,9	3620,17	3641,68	SHORT	0,00167	5997,81	0,00334	HOLD	99,7754	103,6802
2019-02-11	08:00	3640,59	3641,11	3622	3632,1	SHORT	0,00167	5997,81	0,00334	HOLD	99,7754	103,6962
2019-02-11	09:00	3632,09	3641,59	3626,96	3628,98	SHORT	0,00167	5997,81	0,00334	HOLD	99,7754	103,7014
2019-02-11	10:00	3629,37	3634,52	3621,29	3623,11	SHORT	0,00167	5997,81	0,00334	HOLD	99,7754	103,7112
2019-02-11	11:00	3623,11	3629,11	3616,66	3628,6	SHORT	0,00167	5997,81	0,00334	HOLD	99,7754	103,702
2019-02-11	12:00	3628,62	3628,99	3617,2	3620,77	SHORT	0,00167	5997,81	0,00334	HOLD	99,7754	103,7151
2019-02-11	13:00	3620,98	3633,88	3619,51	3633,88	SHORT	0,00167	5997,81	0,00334	HOLD	99,7754	103,6932
2019-02-11	14:00	3633,01	3638,73	3628,63	3635,64	SHORT	0,00167	5997,81	0,00334	HOLD	99,7754	103,6902
2019-02-11	15:00	3634,87	3636,49	3624,84	3628,22	SHORT	0,00167	5997,81	0,00334	HOLD	99,7754	103,7026
2019-02-11	16:00	3628,24	3637,1	3621	3634,35	SHORT	0,00167	5997,81	0,00334	HOLD	99,7754	103,6924
2019-02-11	17:00	3634,86	3644,16	3623	3632,59	SHORT	0,00167	5997,81	0,00334	HOLD	99,7754	103,6953
2019-02-11	18:00	3632	3634,96	3623,5	3626,16	SHORT	0,00167	5997,81	0,00334	HOLD	99,7754	103,7061
2019-02-11	19:00	3626,16	3640,99	3624,08	3637,3	SHORT	0,00167	5997,81	0,00334	HOLD	99,7754	103,6875
2019-02-11	20:00	3637,03	3657,2	3630,67	3642	SHORT	0,00167	5997,81	0,00334	HOLD	99,7754	103,6796
2019-02-11	21:00	3641,45	3653,58	3636	3649,74	SHORT	0,00167	5997,81	0,00334	HOLD	99,7754	103,6667
2019-02-11	22:00	3649,96	3649,97	3630,01	3643	SHORT	0,00167	5997,81	0,00334	HOLD	99,7754	103,678
2019-02-11	23:00	3642,99	3643,66	3615,53	3632,1	SHORT	0,00167	5997,81	0,00334	HOLD	99,7754	103,6962
2019-02-12	00:00	3632,09	3640,29	3626,27	3638,22	SHORT	0,00167	5997,81	0,00334	HOLD	99,7754	103,6859
2019-02-12	01:00	3637,02	3642,05	3632,35	3640,39	SHORT	0,00167	5997,81	0,00334	HOLD	99,7754	103,6823
2019-02-12	02:00	3640,39	3648,64	3635,68	3643,95	SHORT	0,00167	5997,81	0,00334	HOLD	99,7754	103,6764
2019-02-12	03:00	3644,66	3649	3637,14	3643,41	SHORT	0,00167	5997,81	0,00334	HOLD	99,7754	103,6773
2019-02-12	04:00	3643,65	3646	3629	3635	SHORT	0,00167	5997,81	0,00334	HOLD	99,7754	103,6913
2019-02-12	05:00	3636,02	3644	3627	3638,03	SHORT	0,00167	5997,81	0,00334	HOLD	99,7754	103,6863
2019-02-12	06:00	3638,03	3638,39	3624,88	3631,05	SHORT	0,00167	5997,81	0,00334	HOLD	99,7754	103,6979
2019-02-12	07:00	3631,05	3632,82	3582,34	3607,65	SHORT	0,00167	5997,81	0,00334	HOLD	99,7754	103,737
2019-02-12	08:00	3607,21	3618,45	3598,01	3610,22	SHORT	0,00167	5997,81	0,00334	HOLD	99,7754	103,7327
2019-02-12	09:00	3609,63	3623,81	3604,01	3613,39	SHORT	0,00167	5997,81	0,00334	HOLD	99,7754	103,7274
2019-02-12	10:00	3614,46	3625,68	3613,54	3624,04	SHORT	0,00167	5997,81	0,00334	HOLD	99,7754	103,7096
2019-02-12	11:00	3624,07	3632,25	3617,48	3626,58	SHORT	0,00167	5997,81	0,00334	HOLD	99,7754	103,7054
2019-02-12	12:00	3626,58	3634,19	3623	3627,01	SHORT	0,00167	5997,81	0,00334	HOLD	99,7754	103,7047
2019-02-12	13:00	3627,24	3629,71	3618,26	3628,22	SHORT	0,00167	5997,81	0,00334	HOLD	99,7754	103,7026
2019-02-12	14:00	3628	3631,17	3612,9	3625,49	SHORT	0,00167	5997,81	0,00334	HOLD	99,7754	103,7072
2019-02-12	15:00	3625,58	3627,5	3598,77	3605,99	SHORT	0,00167	5997,81	0,00334	HOLD	99,7754	103,7398
2019-02-12	16:00	3605,99	3614,43	3595,71	3604,15	SHORT	0,00167	5997,81	0,00334	HOLD	99,7754	103,7428
2019-02-12	17:00	3604,15	3612,28	3596,46	3609	SHORT	0,00167	5997,81	0,00334	HOLD	99,7754	103,7347
2019-02-12	18:00	3609	3616,8	3606,27	3611	SHORT	0,00167	5997,81	0,00334	HOLD	99,7754	103,7314
2019-02-12	19:00	3610,75	3629,72	3608,75	3622,85	SHORT	0,00167	5997,81	0,00334	HOLD	99,7754	103,7116
2019-02-12	20:00	3623,92	3638	3611,1	3622,34	SHORT	0,00167	5997,81	0,00334	HOLD	99,7754	103,7125
2019-02-12	21:00	3622,34	3627,73	3614	3621	SHORT	0,00167	5997,81	0,00334	HOLD	99,7754	103,7147
2019-02-12	22:00	3621	3628,77	3610,5	3620,03	SHORT	0,00167	5997,81	0,00334	HOLD	99,7754	103,7163
2019-02-12	23:00	3620,03	3631,48	3616,53	3619,98	SHORT	0,00167	5997,81	0,00334	HOLD	99,7754	103,7164
2019-02-13	00:00	3619,99	3636,97	3619,99	3626,27	SHORT	0,00167	5997,81	0,00334	HOLD	99,7754	103,7059
2019-02-13	01:00	3627	3667,6	3626,34	3635,4	SHORT	0,00167	5997,81	0,00334	HOLD	99,7754	103,6906
2019-02-13	02:00	3635,88	3647,91	3634,67	3640,95	SHORT	0,00167	5997,81	0,00334	HOLD	99,7754	103,6814
2019-02-13	03:00	3640,18	3654,94	3640,18	3647,64	SHORT	0,00167	5997,81	0,00334	HOLD	99,7754	103,6702
2019-02-13	04:00	3647,62	3652	3609	3619,41	SHORT	0,00167	5997,81	0,00334	HOLD	99,7754	103,7173
2019-02-13	05:00	3619,53	3631	3610,52	3620,64	SHORT	0,00167	5997,81	0,00334	HOLD	99,7754	103,7153
2019-02-13	06:00	3620,64	3638,85	3620,43	3631,46	SHORT	0,00167	5997,81	0,00334	HOLD	99,7754	103,6972
2019-02-13	07:00	3631,51	3642,85	3624	3636,73	SHORT	0,00167	5997,81	0,00334	HOLD	99,7754	103,6884
2019-02-13	08:00	3636,74	3640,59	3631,95	3637,61	SHORT	0,00167	5997,81	0,00334	HOLD	99,7754	103,687
2019-02-13	09:00	3637,37	3640	3628,93	3635,86	SHORT	0,00167	5997,81	0,00334	HOLD	99,7754	103,6899
2019-02-13	10:00	3635,31	3642,88	3631,49	3640,52	SHORT	0,00167	5997,81	0,00334	HOLD	99,7754	103,6821
2019-02-13	11:00	3640,99	3643	3631,66	3638,3	SHORT	0,00167	5997,81	0,00334	HOLD	99,7754	103,6858
2019-02-13	12:00	3638,31	3647	3634,24	3643,38	SHORT	0,00167	5997,81	0,00334	HOLD	99,7754	103,6773
2019-02-13	13:00	3643,38	3670	3635	3640,42	SHORT	0,00167	5997,81	0,00334	HOLD	99,7754	103,6823
2019-02-13	14:00	3640,83	3641,19	3625,76	3634	SHORT	0,00167	5997,81	0,00334	HOLD	99,7754	103,693
2019-02-13	15:00	3633,98	3638,2	3615,4	3616,63	SHORT	0,00167	5997,81	0,00334	HOLD	99,7754	103,722
2019-02-13	16:00	3616,2	3628,12	3614	3620,75	SHORT	0,00167	5997,81	0,00334	HOLD	99,7754	103,7151
2019-02-13	17:00	3621,1	3628,84	3613,31	3617	SHORT	0,00167	5997,81	0,00334	HOLD	99,7754	103,7214
2019-02-13	18:00	3617,45	3620	3601,68	3613,79	SHORT	0,00167	5997,81	0,00334	HOLD	99,7754	103,7267
2019-02-13	19:00	3613,79	3623,8	3605,44	3621,35	SHORT	0,00167	5997,81	0,00334	HOLD	99,7754	103,7141
2019-02-13	20:00	3621,44	3626,15	3612,93	3614,75	SHORT	0,00167	5997,81	0,00334	HOLD	99,7754	103,7251
2019-02-13	21:00	3614,75	3617,49	3607	3608,28	SHORT	0,00167	5997,81	0,00334	HOLD	99,7754	103,7359
2019-02-13	22:00	3608,03	3608,78	3591,75	3595,1	SHORT	0,00167	5997,81	0,00334	HOLD	99,7754	103,7579
2019-02-13	23:00	3595,1	3615,23	3593,22	3610,6	SHORT	0,00167	5997,81	0,00334	HOLD	99,7754	103,7321
2019-02-14	00:00	3610,4	3614,99	3606,3	3608,65	SHORT	0,00167	5997,81	0,00334	HOLD	99,7754	103,7353
2019-02-14	01:00	3608,63	3615,5	3606,61	3612,5	SHORT	0,00167	5997,81	0,00334	HOLD	99,7754	103,7289
2019-02-14	02:00	3612,48	3615	3602	3602,95	SHORT	0,00167	5997,81	0,00334	HOLD	99,7754	103,7448
2019-02-14	03:00	3602,97	3612,51	3597,44	3601,16	SHORT	0,00167	5997,81	0,00334	HOLD	99,7754	103,7478
2019-02-14	04:00	3601,16	3610	3594,81	3603,49	SHORT	0,00167	5997,81	0,00334	HOLD	99,7754	103,7439
2019-02-14	05:00	3603,48	3611,7	3600,05	3605,81	SHORT	0,00167	5997,81	0,00334	HOLD	99,7754	103,7401
2019-02-14	06:00	3605,81	3613,78	3603,18	3609,4	SHORT	0,00167	5997,81	0,00334	HOLD	99,7754	103,7341
2019-02-14	07:00	3608,34	3626,4	3605,79	3619,98	SHORT	0,00167	5997,81	0,00334	HOLD	99,7754	103,7164
2019-02-14	08:00	3619,55	3625,93	3615	3617,37	SHORT	0,00167	5997,81	0,00334	HOLD	99,7754	103,7208
2019-02-14	09:00	3616,9	3622,41	3606,4	3609,29	SHORT	0,00167	5997,81	0,00334	HOLD	99,7754	103,7342
2019-02-14	10:00	3609,32	3613,81	3606,6	3612	SHORT	0,00167	5997,81	0,00334	HOLD	99,7754	103,7297
2019-02-14	11:00	3612,45	3622,91	3611,83	3622,46	SHORT	0,00167	5997,81	0,00334	HOLD	99,7754	103,7123
2019-02-14	12:00	3621,96	3625	3603,38	3610,47	SHORT	0,00167	5997,81	0,00334	HOLD	99,7754	103,7323
2019-02-14	13:00	3610,49	3619,88	3609,2	3615,83	SHORT	0,00167	5997,81	0,00334	HOLD	99,7754	103,7233
2019-02-14	14:00	3615,82	3615,9	3597,2	3605,11	SHORT	0,00167	5997,81	0,00334	HOLD	99,7754	103,7412
2019-02-14	15:00	3605,13	3615	3601,15	3602,32	SHORT	0,00167	5997,81	0,00334	HOLD	99,7754	103,7459
2019-02-14	16:00	3603,91	3612,9	3600,46	3606,94	SHORT	0,00167	5997,81	0,00334	HOLD	99,7754	103,7382
2019-02-14	17:00	3606,07	3607,44	3584,96	3594,88	SHORT	0,00167	5997,81	0,00334	HOLD	99,7754	103,7583
2019-02-14	18:00	3594,86	3604,08	3568,11	3584,94	SHORT	0,00167	5997,81	0,00334	HOLD	99,7754	103,7749
2019-02-14	19:00	3584,94	3593,41	3577,67	3586,7	SHORT	0,00167	5997,81	0,00334	HOLD	99,7754	103,772
2019-02-14	20:00	3586,83	3595,79	3585,78	3591,4	SHORT	0,00167	5997,81	0,00334	HOLD	99,7754	103,7641
2019-02-14	21:00	3591,4	3593,99	3584,94	3590,43	SHORT	0,00167	5997,81	0,00334	HOLD	99,7754	103,7657
2019-02-14	22:00	3590,46	3607,09	3590,46	3600,94	SHORT	0,00167	5997,81	0,00334	HOLD	99,7754	103,7482
2019-02-14	23:00	3601,99	3614,24	3595	3601,73	SHORT	0,00167	5997,81	0,00334	HOLD	99,7754	103,7469
2019-02-15	00:00	3601,43	3611,74	3599,01	3606	SHORT	0,00167	5997,81	0,00334	HOLD	99,7754	103,7397
2019-02-15	01:00	3606	3612,88	3605,1	3611,44	SHORT	0,00167	5997,81	0,00334	HOLD	99,7754	103,7307
2019-02-15	02:00	3611,87	3612,46	3602,86	3605,69	SHORT	0,00167	5997,81	0,00334	HOLD	99,7754	103,7403
2019-02-15	03:00	3605,98	3605,98	3594,26	3597,75	SHORT	0,00167	5997,81	0,00334	HOLD	99,7754	103,7535
2019-02-15	04:00	3597,04	3606,16	3588	3600,12	SHORT	0,00167	5997,81	0,00334	HOLD	99,7754	103,7496
2019-02-15	05:00	3600,12	3603,36	3590,63	3593,6	SHORT	0,00167	5997,81	0,00334	HOLD	99,7754	103,7605
2019-02-15	06:00	3593,62	3597,64	3588	3590,56	SHORT	0,00167	5997,81	0,00334	HOLD	99,7754	103,7655
2019-02-15	07:00	3590,57	3602,53	3587	3598,85	SHORT	0,00167	5997,81	0,00334	HOLD	99,7754	103,7517
2019-02-15	08:00	3598,05	3607,21	3595,79	3606,28	SHORT	0,00167	5997,81	0,00334	HOLD	99,7754	103,7393
2019-02-15	09:00	3606,27	3607,12	3600,01	3606,51	SHORT	0,00167	5997,81	0,00334	HOLD	99,7754	103,7389
2019-02-15	10:00	3607,71	3620,73	3607,5	3613,77	SHORT	0,00167	5997,81	0,00334	HOLD	99,7754	103,7268
2019-02-15	11:00	3613,77	3629,62	3610,33	3619,65	SHORT	0,00167	5997,81	0,00334	HOLD	99,7754	103,7169
2019-02-15	12:00	3619,64	3622,13	3610,53	3612,06	SHORT	0,00167	5997,81	0,00334	HOLD	99,7754	103,7296
2019-02-15	13:00	3612,16	3624,77	3608,98	3615,35	SHORT	0,00167	5997,81	0,00334	HOLD	99,7754	103,7241
2019-02-15	14:00	3615,35	3619,24	3606,65	3615	SHORT	0,00167	5997,81	0,00334	HOLD	99,7754	103,7247
2019-02-15	15:00	3615	3622,77	3609,59	3610,63	SHORT	0,00167	5997,81	0,00334	HOLD	99,7754	103,732
2019-02-15	16:00	3611	3616,43	3603	3603,67	SHORT	0,00167	5997,81	0,00334	HOLD	99,7754	103,7436
2019-02-15	17:00	3603,7	3618,24	3599,29	3617,88	SHORT	0,00167	5997,81	0,00334	HOLD	99,7754	103,7199
2019-02-15	18:00	3617,88	3629,6	3605,46	3608	SHORT	0,00167	5997,81	0,00334	HOLD	99,7754	103,7364
2019-02-15	19:00	3607,95	3620	3606	3618,69	SHORT	0,00167	5997,81	0,00334	HOLD	99,7754	103,7186
2019-02-15	20:00	3618,69	3623,72	3609,44	3618,74	SHORT	0,00167	5997,81	0,00334	HOLD	99,7754	103,7185
2019-02-15	21:00	3619,59	3653,23	3585	3585,99	SHORT	0,00167	5997,81	0,00334	HOLD	99,7754	103,7732
2019-02-15	22:00	3585,99	3595	3573,45	3585,73	SHORT	0,00167	5997,81	0,00334	HOLD	99,7754	103,7736
2019-02-15	23:00	3586,5	3595,1	3585,05	3592,98	SHORT	0,00167	5997,81	0,00334	HOLD	99,7754	103,7615
2019-02-16	00:00	3593	3603,1	3592,16	3597,84	SHORT	0,00167	5997,81	0,00334	HOLD	99,7754	103,7534
2019-02-16	01:00	3597,84	3603,87	3596,29	3602,37	SHORT	0,00167	5997,81	0,00334	HOLD	99,7754	103,7458
2019-02-16	02:00	3602,06	3604,07	3594,64	3596,07	SHORT	0,00167	5997,81	0,00334	HOLD	99,7754	103,7563
2019-02-16	03:00	3596,09	3605,11	3594,64	3601,62	SHORT	0,00167	5997,81	0,00334	HOLD	99,7754	103,7471
2019-02-16	04:00	3601,69	3605,16	3595,25	3599,2	SHORT	0,00167	5997,81	0,00334	HOLD	99,7754	103,7511
2019-02-16	05:00	3599,19	3602,28	3595,56	3600,07	SHORT	0,00167	5997,81	0,00334	HOLD	99,7754	103,7496
2019-02-16	06:00	3599,04	3603,16	3590	3602,47	SHORT	0,00167	5997,81	0,00334	HOLD	99,7754	103,7456
2019-02-16	07:00	3602,49	3610,59	3597,91	3609,83	SHORT	0,00167	5997,81	0,00334	HOLD	99,7754	103,7333
2019-02-16	08:00	3610	3616,93	3606,26	3607,26	SHORT	0,00167	5997,81	0,00334	HOLD	99,7754	103,7376
2019-02-16	09:00	3607,46	3616,13	3604,87	3613,24	SHORT	0,00167	5997,81	0,00334	HOLD	99,7754	103,7277
2019-02-16	10:00	3612,19	3626,43	3612,19	3623,62	SHORT	0,00167	5997,81	0,00334	HOLD	99,7754	103,7103
2019-02-16	11:00	3624,09	3634,16	3616,5	3618,96	SHORT	0,00167	5997,81	0,00334	HOLD	99,7754	103,7181
2019-02-16	12:00	3618,08	3624,18	3614	3615,15	SHORT	0,00167	5997,81	0,00334	HOLD	99,7754	103,7245
2019-02-16	13:00	3615,88	3620,01	3612	3617	SHORT	0,00167	5997,81	0,00334	HOLD	99,7754	103,7214
2019-02-16	14:00	3616,98	3622,46	3612,36	3617,09	SHORT	0,00167	5997,81	0,00334	HOLD	99,7754	103,7212
2019-02-16	15:00	3617,08	3624,51	3616,13	3619,56	SHORT	0,00167	5997,81	0,00334	HOLD	99,7754	103,7171
2019-02-16	16:00	3618,85	3625	3615,19	3619,43	SHORT	0,00167	5997,81	0,00334	HOLD	99,7754	103,7173
2019-02-16	17:00	3619,96	3625,15	3609,95	3613,23	SHORT	0,00167	5997,81	0,00334	HOLD	99,7754	103,7277
2019-02-16	18:00	3613,23	3627,77	3613,17	3626,01	SHORT	0,00167	5997,81	0,00334	HOLD	99,7754	103,7063
2019-02-16	19:00	3626,01	3638,98	3610,87	3623,86	SHORT	0,00167	5997,81	0,00334	HOLD	99,7754	103,7099
2019-02-16	20:00	3623,85	3638,98	3621,5	3632,37	SHORT	0,00167	5997,81	0,00334	HOLD	99,7754	103,6957
2019-02-16	21:00	3632,35	3648,2	3625,93	3636,64	SHORT	0,00167	5997,81	0,00334	HOLD	99,7754	103,6886
2019-02-16	22:00	3637,55	3641,35	3629,23	3634,41	SHORT	0,00167	5997,81	0,00334	HOLD	99,7754	103,6923
2019-02-16	23:00	3634,48	3646	3621,96	3630,49	SHORT	0,00167	5997,81	0,00334	HOLD	99,7754	103,6988
2019-02-17	00:00	3630,41	3632,41	3621,65	3626,87	SHORT	0,00167	5997,81	0,00334	HOLD	99,7754	103,7049
2019-02-17	01:00	3626,87	3631,37	3622,99	3626,32	SHORT	0,00167	5997,81	0,00334	HOLD	99,7754	103,7058
2019-02-17	02:00	3626,31	3639,34	3625,52	3633,18	SHORT	0,00167	5997,81	0,00334	HOLD	99,7754	103,6944
2019-02-17	03:00	3632,52	3636,66	3627,16	3636,17	SHORT	0,00167	5997,81	0,00334	HOLD	99,7754	103,6894
2019-02-17	04:00	3635,56	3638,28	3626,86	3630,45	SHORT	0,00167	5997,81	0,00334	HOLD	99,7754	103,6989
2019-02-17	05:00	3630,45	3632,18	3626,17	3628,44	SHORT	0,00167	5997,81	0,00334	HOLD	99,7754	103,7023
2019-02-17	06:00	3629,25	3629,63	3615	3618,41	SHORT	0,00167	5997,81	0,00334	HOLD	99,7754	103,719
2019-02-17	07:00	3617,22	3629,37	3615,08	3623,2	SHORT	0,00167	5997,81	0,00334	HOLD	99,7754	103,711
2019-02-17	08:00	3623,47	3630,22	3615,05	3628,97	SHORT	0,00167	5997,81	0,00334	HOLD	99,7754	103,7014
2019-02-17	09:00	3628	3634,22	3624,13	3628,79	SHORT	0,00167	5997,81	0,00334	HOLD	99,7754	103,7017
2019-02-17	10:00	3629,27	3632,88	3628,1	3629,15	SHORT	0,00167	5997,81	0,00334	HOLD	99,7754	103,7011
2019-02-17	11:00	3629,68	3641,61	3627,02	3640	SHORT	0,00167	5997,81	0,00334	HOLD	99,7754	103,683
2019-02-17	12:00	3639,57	3642,91	3633	3641,83	SHORT	0,00167	5997,81	0,00334	HOLD	99,7754	103,6799
2019-02-17	13:00	3641,81	3644,44	3632	3638,27	SHORT	0,00167	5997,81	0,00334	HOLD	99,7754	103,6859
2019-02-17	14:00	3638,33	3647	3635,96	3641,25	SHORT	0,00167	5997,81	0,00334	HOLD	99,7754	103,6809
2019-02-17	15:00	3640,98	3644,96	3634,32	3636,69	SHORT	0,00167	5997,81	0,00334	HOLD	99,7754	103,6885
2019-02-17	16:00	3636,69	3643,48	3635,44	3638,33	SHORT	0,00167	5997,81	0,00334	HOLD	99,7754	103,6858
2019-02-17	17:00	3639,38	3700,11	3615,89	3626,58	SHORT	0,00167	5997,81	0,00334	HOLD	99,7754	103,7054
2019-02-17	18:00	3626,76	3639,58	3620	3623,73	SHORT	0,00167	5997,81	0,00334	HOLD	99,7754	103,7101
2019-02-17	19:00	3623,73	3628,01	3610,38	3613,07	SHORT	0,00167	5997,81	0,00334	HOLD	99,7754	103,7279
2019-02-17	20:00	3613,07	3617	3604,4	3613,33	SHORT	0,00167	5997,81	0,00334	HOLD	99,7754	103,7275
2019-02-17	21:00	3613,8	3628,18	3612,32	3623,63	SHORT	0,00167	5997,81	0,00334	HOLD	99,7754	103,7103
2019-02-17	22:00	3623,63	3628,85	3620,24	3622,42	SHORT	0,00167	5997,81	0,00334	HOLD	99,7754	103,7123
2019-02-17	23:00	3622,42	3631,99	3616,5	3621,52	SHORT	0,00167	5997,81	0,00334	HOLD	99,7754	103,7138
2019-02-18	00:00	3621,52	3629,1	3620,4	3627,87	SHORT	0,00167	5997,81	0,00334	HOLD	99,7754	103,7032
2019-02-18	01:00	3627,87	3628,43	3610	3616,24	SHORT	0,00167	5997,81	0,00334	HOLD	99,7754	103,7226
2019-02-18	02:00	3616,27	3625	3610	3622,4	SHORT	0,00167	5997,81	0,00334	HOLD	99,7754	103,7124
2019-02-18	03:00	3622,48	3626,3	3615	3624,03	SHORT	0,00167	5997,81	0,00334	HOLD	99,7754	103,7096
2019-02-18	04:00	3624,04	3647,1	3621,54	3628,9	SHORT	0,00167	5997,81	0,00334	HOLD	99,7754	103,7015
2019-02-18	05:00	3627,82	3654,83	3627,54	3641,27	SHORT	0,00167	5997,81	0,00334	HOLD	99,7754	103,6808
2019-02-18	06:00	3641,25	3685	3640,98	3667,58	SHORT	0,00167	5997,81	0,00334	HOLD	99,7754	103,6369
2019-02-18	07:00	3667,62	3706	3655	3699	SHORT	0,00167	5997,81	0,00334	HOLD	99,7754	103,5844
2019-02-18	08:00	3699	3773,85	3670,85	3692,96	SHORT	0,00167	5997,81	0,00334	HOLD	99,7754	103,5945
2019-02-18	09:00	3692,98	3723,56	3687,38	3714,44	SHORT	0,00167	5997,81	0,00334	HOLD	99,7754	103,5586
2019-02-18	10:00	3714,8	3740	3711,46	3734,66	SHORT	0,00167	5997,81	0,00334	HOLD	99,7754	103,5249
2019-02-18	11:00	3734,14	3741,16	3710,85	3719,81	SHORT	0,00167	5997,81	0,00334	HOLD	99,7754	103,5497
2019-02-18	12:00	3719,83	3722,54	3696,65	3720,78	SHORT	0,00167	5997,81	0,00334	HOLD	99,7754	103,5481
2019-02-18	13:00	3720,78	3737,62	3711,02	3732,23	SHORT	0,00167	5997,81	0,00334	HOLD	99,7754	103,5289
2019-02-18	14:00	3732,23	3761,29	3730	3731,69	SHORT	0,00167	5997,81	0,00334	HOLD	99,7754	103,5298
2019-02-18	15:00	3732,17	3751,52	3728,1	3734	SHORT	0,00167	5997,81	0,00334	HOLD	99,7754	103,526
2019-02-18	16:00	3733,47	3755,32	3733,06	3742	SHORT	0,00167	5997,81	0,00334	HOLD	99,7754	103,5126
2019-02-18	17:00	3742	3752,7	3717	3725,22	SHORT	0,00167	5997,81	0,00334	HOLD	99,7754	103,5406
2019-02-18	18:00	3724,96	3760,22	3724,89	3745,37	SHORT	0,00167	5997,81	0,00334	HOLD	99,7754	103,507
2019-02-18	19:00	3744,02	3774,84	3727,23	3769,66	SHORT	0,00167	5997,81	0,00334	HOLD	99,7754	103,4664
2019-02-18	20:00	3769,75	3848	3752,82	3820,82	SHORT	0,00167	5997,81	0,00334	HOLD	99,7754	103,381
2019-02-18	21:00	3820,82	3847	3798,6	3807,39	SHORT	0,00167	5997,81	0,00334	HOLD	99,7754	103,4034
2019-02-18	22:00	3806,53	3829,21	3787,1	3823,38	SHORT	0,00167	5997,81	0,00334	HOLD	99,7754	103,3767
2019-02-18	23:00	3824,08	3925	3823,11	3871,83	SHORT	0,00167	5997,81	0,00334	HOLD	99,7754	103,2958
2019-02-19	00:00	3871,89	3896,88	3846	3886	SHORT	0,00167	5997,81	0,00334	HOLD	99,7754	103,2721
2019-02-19	01:00	3885,41	3917	3879,98	3900,67	SHORT	0,00167	5997,81	0,00334	HOLD	99,7754	103,2476
2019-02-19	02:00	3900,35	3918	3889,28	3895	SHORT	0,00167	5997,81	0,00334	HOLD	99,7754	103,2571
2019-02-19	03:00	3894,99	3904,2	3876,43	3899,98	SHORT	0,00167	5997,81	0,00334	HOLD	99,7754	103,2488
2019-02-19	04:00	3900	3911,68	3881,37	3884	SHORT	0,00167	5997,81	0,00334	HOLD	99,7754	103,2755
2019-02-19	05:00	3884,11	3890	3856,97	3889,28	SHORT	0,00167	5997,81	0,00334	HOLD	99,7754	103,2667
2019-02-19	06:00	3890	3903	3882,25	3898,6	SHORT	0,00167	5997,81	0,00334	HOLD	99,7754	103,2511
2019-02-19	07:00	3897,35	3974,98	3896,01	3947,33	SHORT	0,00167	5997,81	0,00334	HOLD	99,7754	103,1697
2019-02-19	08:00	3947,33	3947,35	3856	3876,07	SHORT	0,00167	5997,81	0,00334	HOLD	99,7754	103,2887
2019-02-19	09:00	3875,39	3887	3869,02	3873,23	SHORT	0,00167	5997,81	0,00334	HOLD	99,7754	103,2935
2019-02-19	10:00	3872,8	3887,08	3868	3885,06	SHORT	0,00167	5997,81	0,00334	HOLD	99,7754	103,2737
2019-02-19	11:00	3885,02	3908,28	3878,22	3897,2	SHORT	0,00167	5997,81	0,00334	HOLD	99,7754	103,2534
2019-02-19	12:00	3897,73	3907	3876,48	3892,23	SHORT	0,00167	5997,81	0,00334	HOLD	99,7754	103,2617
2019-02-19	13:00	3892,21	3902,63	3885,2	3900,21	SHORT	0,00167	5997,81	0,00334	HOLD	99,7754	103,2484
2019-02-19	14:00	3900,36	3918,93	3898,42	3916,01	SHORT	0,00167	5997,81	0,00334	HOLD	99,7754	103,222
2019-02-19	15:00	3915,85	3920	3902	3912,2	SHORT	0,00167	5997,81	0,00334	HOLD	99,7754	103,2284
2019-02-19	16:00	3912,42	3922	3880,9	3894,88	SHORT	0,00167	5997,81	0,00334	HOLD	99,7754	103,2573
2019-02-19	17:00	3894,01	3903,04	3872,78	3894,66	SHORT	0,00167	5997,81	0,00334	HOLD	99,7754	103,2577
2019-02-19	18:00	3894,66	3902,44	3881,43	3898,84	SHORT	0,00167	5997,81	0,00334	HOLD	99,7754	103,2507
2019-02-19	19:00	3898,95	3918,66	3898,9	3914,92	SHORT	0,00167	5997,81	0,00334	HOLD	99,7754	103,2238
2019-02-19	20:00	3914,96	3985	3910	3970,04	SHORT	0,00167	5997,81	0,00334	HOLD	99,7754	103,1318
2019-02-19	21:00	3970,4	3994,52	3930,72	3952,89	SHORT	0,00167	5997,81	0,00334	HOLD	99,7754	103,1604
2019-02-19	22:00	3953,36	3984,11	3950	3971,85	SHORT	0,00167	5997,81	0,00334	HOLD	99,7754	103,1288
2019-02-19	23:00	3971,01	3988,21	3958,03	3966,62	SHORT	0,00167	5997,81	0,00334	HOLD	99,7754	103,1375
2019-02-20	00:00	3966,42	3969,76	3937,26	3963,14	SHORT	0,00167	5997,81	0,00334	HOLD	99,7754	103,1433
2019-02-20	01:00	3962,58	3962,58	3942,93	3950,02	SHORT	0,00167	5997,81	0,00334	HOLD	99,7754	103,1652
2019-02-20	02:00	3950,02	3972,48	3946,49	3967,21	SHORT	0,00167	5997,81	0,00334	HOLD	99,7754	103,1365
2019-02-20	03:00	3967,14	3967,86	3942,88	3949,57	SHORT	0,00167	5997,81	0,00334	HOLD	99,7754	103,166
2019-02-20	04:00	3949,57	3964,4	3893	3909,93	SHORT	0,00167	5997,81	0,00334	HOLD	99,7754	103,2322
2019-02-20	05:00	3909,93	3943,4	3908	3935,76	SHORT	0,00167	5997,81	0,00334	HOLD	99,7754	103,189
2019-02-20	06:00	3936,47	3936,49	3902,22	3907,79	SHORT	0,00167	5997,81	0,00334	HOLD	99,7754	103,2358
2019-02-20	07:00	3907,35	3917,13	3870,66	3887,98	SHORT	0,00167	5997,81	0,00334	HOLD	99,7754	103,2688
2019-02-20	08:00	3887,78	3912,95	3876,4	3911,91	SHORT	0,00167	5997,81	0,00334	HOLD	99,7754	103,2289
2019-02-20	09:00	3911,62	3917,13	3893,56	3915,25	SHORT	0,00167	5997,81	0,00334	HOLD	99,7754	103,2233
2019-02-20	10:00	3915,25	3927,22	3908,1	3912,15	SHORT	0,00167	5997,81	0,00334	HOLD	99,7754	103,2285
2019-02-20	11:00	3912,11	3920,05	3898,48	3898,5	SHORT	0,00167	5997,81	0,00334	HOLD	99,7754	103,2513
2019-02-20	12:00	3898,5	3908,6	3890	3905,2	SHORT	0,00167	5997,81	0,00334	HOLD	99,7754	103,2401
2019-02-20	13:00	3904,8	3912,6	3896,01	3904,59	SHORT	0,00167	5997,81	0,00334	HOLD	99,7754	103,2411
2019-02-20	14:00	3904,99	3928,23	3904,04	3913,41	SHORT	0,00167	5997,81	0,00334	HOLD	99,7754	103,2264
2019-02-20	15:00	3913,86	3942,93	3907,42	3937,04	SHORT	0,00167	5997,81	0,00334	HOLD	99,7754	103,1869
2019-02-20	16:00	3937,04	3940	3920,69	3935	SHORT	0,00167	5997,81	0,00334	HOLD	99,7754	103,1903
2019-02-20	17:00	3935,23	3977	3925,84	3967,67	SHORT	0,00167	5997,81	0,00334	HOLD	99,7754	103,1358
2019-02-20	18:00	3967,67	3970,1	3945,56	3959,98	SHORT	0,00167	5997,81	0,00334	HOLD	99,7754	103,1486
2019-02-20	19:00	3960	3978,88	3949	3971,97	SHORT	0,00167	5997,81	0,00334	HOLD	99,7754	103,1286
2019-02-20	20:00	3972,05	3986,98	3941,18	3949,19	SHORT	0,00167	5997,81	0,00334	HOLD	99,7754	103,1666
2019-02-20	21:00	3949,99	3960	3936,18	3954,37	SHORT	0,00167	5997,81	0,00334	HOLD	99,7754	103,158
2019-02-20	22:00	3954,47	3958,72	3924,64	3937,91	SHORT	0,00167	5997,81	0,00334	HOLD	99,7754	103,1855
2019-02-20	23:00	3937,91	3960,49	3936,03	3957	SHORT	0,00167	5997,81	0,00334	HOLD	99,7754	103,1536
2019-02-21	00:00	3957,01	3966	3941,77	3944,27	SHORT	0,00167	5997,81	0,00334	HOLD	99,7754	103,1748
2019-02-21	01:00	3944,73	3955,95	3931,78	3952,08	SHORT	0,00167	5997,81	0,00334	HOLD	99,7754	103,1618
2019-02-21	02:00	3952,97	3956,66	3938,02	3956	SHORT	0,00167	5997,81	0,00334	HOLD	99,7754	103,1552
2019-02-21	03:00	3956,38	3967,73	3949,61	3963,88	SHORT	0,00167	5997,81	0,00334	HOLD	99,7754	103,1421
2019-02-21	04:00	3964,37	3972,79	3942	3942,21	SHORT	0,00167	5997,81	0,00334	HOLD	99,7754	103,1783
2019-02-21	05:00	3942,04	3963,33	3941,32	3958,94	SHORT	0,00167	5997,81	0,00334	HOLD	99,7754	103,1503
2019-02-21	06:00	3958,87	3980	3954	3969,74	SHORT	0,00167	5997,81	0,00334	HOLD	99,7754	103,1323
2019-02-21	07:00	3969,74	3975,13	3944	3956,04	SHORT	0,00167	5997,81	0,00334	HOLD	99,7754	103,1552
2019-02-21	08:00	3956,3	3957,75	3943,18	3951,88	SHORT	0,00167	5997,81	0,00334	HOLD	99,7754	103,1621
2019-02-21	09:00	3951,79	3957,96	3945	3954,14	SHORT	0,00167	5997,81	0,00334	HOLD	99,7754	103,1583
2019-02-21	10:00	3954,8	3970	3948	3968,44	SHORT	0,00167	5997,81	0,00334	HOLD	99,7754	103,1345
2019-02-21	11:00	3968,05	3969,97	3957	3963,58	SHORT	0,00167	5997,81	0,00334	HOLD	99,7754	103,1426
2019-02-21	12:00	3962,78	3985,76	3961,93	3983,11	SHORT	0,00167	5997,81	0,00334	HOLD	99,7754	103,11
2019-02-21	13:00	3983,33	4016,48	3941,31	3954,86	SHORT	0,00167	5997,81	0,00334	HOLD	99,7754	103,1571
2019-02-21	14:00	3954,87	3967,32	3952	3964,69	SHORT	0,00167	5997,81	0,00334	HOLD	99,7754	103,1407
2019-02-21	15:00	3965	3967,99	3930	3942,04	SHORT	0,00167	5997,81	0,00334	HOLD	99,7754	103,1786
2019-02-21	16:00	3942,04	3950	3915,01	3922,78	SHORT	0,00167	5997,81	0,00334	HOLD	99,7754	103,2107
2019-02-21	17:00	3922,99	3935,26	3916,29	3931,47	SHORT	0,00167	5997,81	0,00334	HOLD	99,7754	103,1962
2019-02-21	18:00	3931,22	3931,99	3901,03	3931,11	SHORT	0,00167	5997,81	0,00334	HOLD	99,7754	103,1968
2019-02-21	19:00	3931,5	3936,08	3920,27	3924,79	SHORT	0,00167	5997,81	0,00334	HOLD	99,7754	103,2074
2019-02-21	20:00	3924,41	3947,55	3916	3946,07	SHORT	0,00167	5997,81	0,00334	HOLD	99,7754	103,1718
2019-02-21	21:00	3946,09	3947,03	3930	3935,35	SHORT	0,00167	5997,81	0,00334	HOLD	99,7754	103,1897
2019-02-21	22:00	3935,97	3937,47	3921,51	3929,99	SHORT	0,00167	5997,81	0,00334	HOLD	99,7754	103,1987
2019-02-21	23:00	3930	3932,55	3911,65	3922,15	SHORT	0,00167	5997,81	0,00334	HOLD	99,7754	103,2118
2019-02-22	00:00	3922,16	3934,11	3922,05	3928,83	SHORT	0,00167	5997,81	0,00334	HOLD	99,7754	103,2006
2019-02-22	01:00	3928,16	3931,97	3915,82	3920,85	SHORT	0,00167	5997,81	0,00334	HOLD	99,7754	103,2139
2019-02-22	02:00	3921,33	3928,54	3915,33	3925,94	SHORT	0,00167	5997,81	0,00334	HOLD	99,7754	103,2054
2019-02-22	03:00	3926,04	3937,97	3923,94	3925,77	SHORT	0,00167	5997,81	0,00334	HOLD	99,7754	103,2057
2019-02-22	04:00	3926,18	3937,08	3925,15	3932,48	SHORT	0,00167	5997,81	0,00334	HOLD	99,7754	103,1945
2019-02-22	05:00	3932,48	3934,39	3917,13	3918,46	SHORT	0,00167	5997,81	0,00334	HOLD	99,7754	103,2179
2019-02-22	06:00	3918,3	3939,18	3918	3937,31	SHORT	0,00167	5997,81	0,00334	HOLD	99,7754	103,1865
2019-02-22	07:00	3937,31	3944,77	3931,4	3937,18	SHORT	0,00167	5997,81	0,00334	HOLD	99,7754	103,1867
2019-02-22	08:00	3937,18	3950,85	3935,08	3946,98	SHORT	0,00167	5997,81	0,00334	HOLD	99,7754	103,1703
2019-02-22	09:00	3946,98	3961,57	3945,89	3957,14	SHORT	0,00167	5997,81	0,00334	HOLD	99,7754	103,1533
2019-02-22	10:00	3957,14	3963,83	3950,13	3953,03	SHORT	0,00167	5997,81	0,00334	HOLD	99,7754	103,1602
2019-02-22	11:00	3953,03	3958,67	3944,24	3955,6	SHORT	0,00167	5997,81	0,00334	HOLD	99,7754	103,1559
2019-02-22	12:00	3956,08	3965,37	3950,76	3952,32	SHORT	0,00167	5997,81	0,00334	HOLD	99,7754	103,1614
2019-02-22	13:00	3952,75	3958,99	3948,57	3948,98	SHORT	0,00167	5997,81	0,00334	HOLD	99,7754	103,167
2019-02-22	14:00	3948,98	3949,66	3926,65	3940	SHORT	0,00167	5997,81	0,00334	HOLD	99,7754	103,182
2019-02-22	15:00	3939,98	3970,15	3928,71	3965,41	SHORT	0,00167	5997,81	0,00334	HOLD	99,7754	103,1395
2019-02-22	16:00	3965,42	3967,68	3952,02	3959,93	SHORT	0,00167	5997,81	0,00334	HOLD	99,7754	103,1487
2019-02-22	17:00	3959,57	3962,97	3948,83	3954,96	SHORT	0,00167	5997,81	0,00334	HOLD	99,7754	103,157
2019-02-22	18:00	3954,84	3963,45	3950,69	3958,95	SHORT	0,00167	5997,81	0,00334	HOLD	99,7754	103,1503
2019-02-22	19:00	3958,95	3975,86	3955,58	3959,75	SHORT	0,00167	5997,81	0,00334	HOLD	99,7754	103,149
2019-02-22	20:00	3959,78	3988	3959,1	3976	SHORT	0,00167	5997,81	0,00334	HOLD	99,7754	103,1218
2019-02-22	21:00	3976	3982,64	3962	3972,5	SHORT	0,00167	5997,81	0,00334	HOLD	99,7754	103,1277
2019-02-22	22:00	3972,51	3976	3942	3954,5	SHORT	0,00167	5997,81	0,00334	HOLD	99,7754	103,1577
2019-02-22	23:00	3954,63	3961,91	3947,53	3953,73	SHORT	0,00167	5997,81	0,00334	HOLD	99,7754	103,159
2019-02-23	00:00	3953,88	3965	3945,04	3964,36	SHORT	0,00167	5997,81	0,00334	HOLD	99,7754	103,1413
2019-02-23	01:00	3964,99	3970	3960,28	3966,11	SHORT	0,00167	5997,81	0,00334	HOLD	99,7754	103,1384
2019-02-23	02:00	3966,56	3972,28	3961,07	3965,35	SHORT	0,00167	5997,81	0,00334	HOLD	99,7754	103,1396
2019-02-23	03:00	3965,77	3968,42	3954,3	3955,99	SHORT	0,00167	5997,81	0,00334	HOLD	99,7754	103,1553
2019-02-23	04:00	3955,76	3969,21	3951,75	3965,94	SHORT	0,00167	5997,81	0,00334	HOLD	99,7754	103,1386
2019-02-23	05:00	3966,43	3971	3962,36	3969,22	SHORT	0,00167	5997,81	0,00334	HOLD	99,7754	103,1332
2019-02-23	06:00	3969,11	3975,25	3961,31	3962	SHORT	0,00167	5997,81	0,00334	HOLD	99,7754	103,1452
2019-02-23	07:00	3962	3964,89	3953,36	3958,92	SHORT	0,00167	5997,81	0,00334	HOLD	99,7754	103,1504
2019-02-23	08:00	3959,14	3973,67	3957,01	3971,78	SHORT	0,00167	5997,81	0,00334	HOLD	99,7754	103,1289
2019-02-23	09:00	3972,98	3973	3960,38	3966,39	SHORT	0,00167	5997,81	0,00334	HOLD	99,7754	103,1379
2019-02-23	10:00	3966,88	3969,9	3960,2	3969,8	SHORT	0,00167	5997,81	0,00334	HOLD	99,7754	103,1322
2019-02-23	11:00	3969,8	3969,91	3944,34	3945,24	SHORT	0,00167	5997,81	0,00334	HOLD	99,7754	103,1732
2019-02-23	12:00	3945,32	3954,43	3936,58	3949,76	SHORT	0,00167	5997,81	0,00334	HOLD	99,7754	103,1657
2019-02-23	13:00	3950	3955	3945,53	3954,3	SHORT	0,00167	5997,81	0,00334	HOLD	99,7754	103,1581
2019-02-23	14:00	3954,29	3960,73	3948,24	3949,73	SHORT	0,00167	5997,81	0,00334	HOLD	99,7754	103,1657
2019-02-23	15:00	3949,69	3953,26	3936,46	3946,02	SHORT	0,00167	5997,81	0,00334	HOLD	99,7754	103,1719
2019-02-23	16:00	3946,02	3954,98	3933,15	3954,88	SHORT	0,00167	5997,81	0,00334	HOLD	99,7754	103,1571
2019-02-23	17:00	3954,36	3962,29	3951,3	3959,27	SHORT	0,00167	5997,81	0,00334	HOLD	99,7754	103,1498
2019-02-23	18:00	3959,67	3965,01	3953,18	3955,23	SHORT	0,00167	5997,81	0,00334	HOLD	99,7754	103,1565
2019-02-23	19:00	3954,52	3960,49	3950	3959,82	SHORT	0,00167	5997,81	0,00334	HOLD	99,7754	103,1489
2019-02-23	20:00	3959,8	3961,53	3948,3	3950,25	SHORT	0,00167	5997,81	0,00334	HOLD	99,7754	103,1648
2019-02-23	21:00	3949,35	3953,5	3947,2	3952,02	SHORT	0,00167	5997,81	0,00334	HOLD	99,7754	103,1619
2019-02-23	22:00	3952,1	3952,29	3933,45	3941,99	SHORT	0,00167	5997,81	0,00334	HOLD	99,7754	103,1786
2019-02-23	23:00	3941,99	3986	3939,03	3968,63	SHORT	0,00167	5997,81	0,00334	HOLD	99,7754	103,1342
2019-02-24	00:00	3967,64	4096	3952,06	4095	SHORT	0,00167	5997,81	0,00334	HOLD	99,7754	102,9231
2019-02-24	01:00	4095	4145,41	4077,9	4092,96	SHORT	0,00167	5997,81	0,00334	HOLD	99,7754	102,9265
2019-02-24	02:00	4094,26	4126,71	4093,07	4100,39	SHORT	0,00167	5997,81	0,00334	HOLD	99,7754	102,9141
2019-02-24	03:00	4100,24	4162,02	4100,1	4142,41	SHORT	0,00167	5997,81	0,00334	HOLD	99,7754	102,8439
2019-02-24	04:00	4142,41	4142,42	4108,03	4114,36	SHORT	0,00167	5997,81	0,00334	HOLD	99,7754	102,8908
2019-02-24	05:00	4114,51	4129	4099,77	4118,87	SHORT	0,00167	5997,81	0,00334	HOLD	99,7754	102,8832
2019-02-24	06:00	4119,61	4123,61	4106,92	4117,76	SHORT	0,00167	5997,81	0,00334	HOLD	99,7754	102,8851
2019-02-24	07:00	4118	4146	4115,78	4137,34	SHORT	0,00167	5997,81	0,00334	HOLD	99,7754	102,8524
2019-02-24	08:00	4137,35	4148	4128,02	4143,2	SHORT	0,00167	5997,81	0,00334	HOLD	99,7754	102,8426
2019-02-24	09:00	4143,21	4170	4136,75	4161,91	SHORT	0,00167	5997,81	0,00334	HOLD	99,7754	102,8114
2019-02-24	10:00	4161,98	4198	4158,65	4169,7	SHORT	0,00167	5997,81	0,00334	HOLD	99,7754	102,7984
2019-02-24	11:00	4170,63	4180,99	4152,8	4157	SHORT	0,00167	5997,81	0,00334	HOLD	99,7754	102,8196
2019-02-24	12:00	4156,75	4175,99	4155,38	4169,42	SHORT	0,00167	5997,81	0,00334	HOLD	99,7754	102,7988
2019-02-24	13:00	4168,72	4181	4164,38	4173,11	SHORT	0,00167	5997,81	0,00334	HOLD	99,7754	102,7927
2019-02-24	14:00	4173,1	4173,81	4156,14	4167,14	SHORT	0,00167	5997,81	0,00334	HOLD	99,7754	102,8026
2019-02-24	15:00	4166,6	4171,59	4132	4137,9	SHORT	0,00167	5997,81	0,00334	HOLD	99,7754	102,8515
2019-02-24	16:00	4137,82	4147,5	4125,67	4140,48	SHORT	0,00167	5997,81	0,00334	HOLD	99,7754	102,8472
2019-02-24	17:00	4140,5	4153,83	4132,24	4147,98	SHORT	0,00167	5997,81	0,00334	HOLD	99,7754	102,8346
2019-02-24	18:00	4148	4153,99	4138,78	4144,68	SHORT	0,00167	5997,81	0,00334	HOLD	99,7754	102,8401
2019-02-24	19:00	4144,69	4146,89	4118	4120,74	SHORT	0,00167	5997,81	0,00334	HOLD	99,7754	102,8801
2019-02-24	20:00	4120,02	4138,9	4086	4105,11	SHORT	0,00167	5997,81	0,00334	HOLD	99,7754	102,9062
2019-02-24	21:00	4105,11	4106,52	3731,08	3789,98	SHORT	0,00167	5997,81	0,00334	HOLD	99,7754	103,4325
2019-02-24	22:00	3789,98	3830,53	3759,73	3778,65	SHORT	0,00167	5997,81	0,00334	HOLD	99,7754	103,4514
2019-02-24	23:00	3778,26	3780	3712,66	3758,76	SHORT	0,00167	5997,81	0,00334	HOLD	99,7754	103,4846
2019-02-25	00:00	3758,76	3797,57	3751,66	3774,52	SHORT	0,00167	5997,81	0,00334	HOLD	99,7754	103,4583
2019-02-25	01:00	3774,51	3804,15	3760,66	3795,03	SHORT	0,00167	5997,81	0,00334	HOLD	99,7754	103,4241
2019-02-25	02:00	3795,05	3798,79	3776,36	3780,57	SHORT	0,00167	5997,81	0,00334	HOLD	99,7754	103,4482
2019-02-25	03:00	3781,51	3796,61	3777,78	3793,5	SHORT	0,00167	5997,81	0,00334	HOLD	99,7754	103,4266
2019-02-25	04:00	3793,46	3816,19	3785,03	3797,14	SHORT	0,00167	5997,81	0,00334	HOLD	99,7754	103,4205
2019-02-25	05:00	3797,98	3798,51	3751,4	3769,14	SHORT	0,00167	5997,81	0,00334	HOLD	99,7754	103,4673
2019-02-25	06:00	3767,66	3790,96	3740,11	3743,56	SHORT	0,00167	5997,81	0,00334	HOLD	99,7754	103,51
2019-02-25	07:00	3743,56	3782,46	3740	3775,37	SHORT	0,00167	5997,81	0,00334	HOLD	99,7754	103,4569
2019-02-25	08:00	3775,45	3788	3768,9	3781,48	SHORT	0,00167	5997,81	0,00334	HOLD	99,7754	103,4467
2019-02-25	09:00	3781,48	3799,91	3775,28	3799,91	SHORT	0,00167	5997,81	0,00334	HOLD	99,7754	103,4159
2019-02-25	10:00	3798,89	3812,75	3786,3	3798,45	SHORT	0,00167	5997,81	0,00334	HOLD	99,7754	103,4184
2019-02-25	11:00	3798,43	3812,2	3793,44	3807,65	SHORT	0,00167	5997,81	0,00334	HOLD	99,7754	103,403
2019-02-25	12:00	3808,11	3810	3778,02	3809,96	SHORT	0,00167	5997,81	0,00334	HOLD	99,7754	103,3991
2019-02-25	13:00	3808,43	3817,91	3802,69	3807,98	SHORT	0,00167	5997,81	0,00334	HOLD	99,7754	103,4024
2019-02-25	14:00	3806,88	3809,02	3776,29	3780,52	SHORT	0,00167	5997,81	0,00334	HOLD	99,7754	103,4483
2019-02-25	15:00	3780,23	3800	3779,76	3795,1	SHORT	0,00167	5997,81	0,00334	HOLD	99,7754	103,4239
2019-02-25	16:00	3795,76	3804,99	3784,15	3790,43	SHORT	0,00167	5997,81	0,00334	HOLD	99,7754	103,4317
2019-02-25	17:00	3790,43	3805	3755,01	3797,63	SHORT	0,00167	5997,81	0,00334	HOLD	99,7754	103,4197
2019-02-25	18:00	3796	3809,63	3791,02	3791,31	SHORT	0,00167	5997,81	0,00334	HOLD	99,7754	103,4303
2019-02-25	19:00	3791,31	3818,46	3791,2	3807,3	SHORT	0,00167	5997,81	0,00334	HOLD	99,7754	103,4036
2019-02-25	20:00	3807,6	3809,19	3798,36	3807,29	SHORT	0,00167	5997,81	0,00334	HOLD	99,7754	103,4036
2019-02-25	21:00	3807,62	3807,7	3778,65	3796,71	SHORT	0,00167	5997,81	0,00334	HOLD	99,7754	103,4213
2019-02-25	22:00	3795,65	3811	3793	3808,96	SHORT	0,00167	5997,81	0,00334	HOLD	99,7754	103,4008
2019-02-25	23:00	3808,96	3857,64	3801,09	3852,82	SHORT	0,00167	5997,81	0,00334	HOLD	99,7754	103,3276
2019-02-26	00:00	3851,56	3852,99	3825,05	3836,39	SHORT	0,00167	5997,81	0,00334	HOLD	99,7754	103,355
2019-02-26	01:00	3836,39	3871,27	3831,88	3868,77	SHORT	0,00167	5997,81	0,00334	HOLD	99,7754	103,3009
2019-02-26	02:00	3869,1	3872,66	3848,45	3855,39	SHORT	0,00167	5997,81	0,00334	HOLD	99,7754	103,3233
2019-02-26	03:00	3857	3864,47	3808,01	3839,39	SHORT	0,00167	5997,81	0,00334	HOLD	99,7754	103,35
2019-02-26	04:00	3839,01	3844,9	3805,57	3813,59	SHORT	0,00167	5997,81	0,00334	HOLD	99,7754	103,3931
2019-02-26	05:00	3814,53	3844,43	3812,55	3837,22	SHORT	0,00167	5997,81	0,00334	HOLD	99,7754	103,3536
2019-02-26	06:00	3838,06	3846,54	3826,95	3827,92	SHORT	0,00167	5997,81	0,00334	HOLD	99,7754	103,3691
2019-02-26	07:00	3828,44	3833,85	3821,61	3830,17	SHORT	0,00167	5997,81	0,00334	HOLD	99,7754	103,3654
2019-02-26	08:00	3831,41	3835	3826,88	3833,16	SHORT	0,00167	5997,81	0,00334	HOLD	99,7754	103,3604
2019-02-26	09:00	3833,87	3841,51	3829,94	3834,89	SHORT	0,00167	5997,81	0,00334	HOLD	99,7754	103,3575
2019-02-26	10:00	3834,66	3841,47	3834,66	3837,25	SHORT	0,00167	5997,81	0,00334	HOLD	99,7754	103,3536
2019-02-26	11:00	3838,08	3840,38	3821,01	3825,52	SHORT	0,00167	5997,81	0,00334	HOLD	99,7754	103,3731
2019-02-26	12:00	3826,46	3831,88	3777	3812,54	SHORT	0,00167	5997,81	0,00334	HOLD	99,7754	103,3948
2019-02-26	13:00	3814,09	3816,7	3785,23	3801,33	SHORT	0,00167	5997,81	0,00334	HOLD	99,7754	103,4135
2019-02-26	14:00	3801,28	3810,88	3795,26	3807,63	SHORT	0,00167	5997,81	0,00334	HOLD	99,7754	103,403
2019-02-26	15:00	3807,63	3815	3804,47	3812,22	SHORT	0,00167	5997,81	0,00334	HOLD	99,7754	103,3954
2019-02-26	16:00	3811,57	3813,7	3786,92	3811,39	SHORT	0,00167	5997,81	0,00334	HOLD	99,7754	103,3967
2019-02-26	17:00	3811,96	3828,94	3810,14	3818,19	SHORT	0,00167	5997,81	0,00334	HOLD	99,7754	103,3854
2019-02-26	18:00	3818,22	3824,68	3803,65	3808,99	SHORT	0,00167	5997,81	0,00334	HOLD	99,7754	103,4007
2019-02-26	19:00	3808,62	3814,8	3795,88	3805,76	SHORT	0,00167	5997,81	0,00334	HOLD	99,7754	103,4061
2019-02-26	20:00	3804,72	3806,67	3787,52	3801,98	SHORT	0,00167	5997,81	0,00334	HOLD	99,7754	103,4125
2019-02-26	21:00	3802,6	3831,57	3798,24	3821,48	SHORT	0,00167	5997,81	0,00334	HOLD	99,7754	103,3799
2019-02-26	22:00	3821,75	3832,99	3815	3821,65	SHORT	0,00167	5997,81	0,00334	HOLD	99,7754	103,3796
2019-02-26	23:00	3821,89	3823,15	3805,56	3808,86	SHORT	0,00167	5997,81	0,00334	HOLD	99,7754	103,401
2019-02-27	00:00	3809,06	3814,6	3790,62	3811,84	SHORT	0,00167	5997,81	0,00334	HOLD	99,7754	103,396
2019-02-27	01:00	3811,33	3822,03	3802	3804,33	SHORT	0,00167	5997,81	0,00334	HOLD	99,7754	103,4085
2019-02-27	02:00	3804,49	3820,06	3801,08	3814,49	SHORT	0,00167	5997,81	0,00334	HOLD	99,7754	103,3916
2019-02-27	03:00	3814,69	3821	3805,55	3806,99	SHORT	0,00167	5997,81	0,00334	HOLD	99,7754	103,4041
2019-02-27	04:00	3805,7	3816,53	3800	3802,04	SHORT	0,00167	5997,81	0,00334	HOLD	99,7754	103,4124
2019-02-27	05:00	3802,04	3814,97	3799	3812	SHORT	0,00167	5997,81	0,00334	HOLD	99,7754	103,3957
2019-02-27	06:00	3812,02	3812,46	3804,09	3809,23	SHORT	0,00167	5997,81	0,00334	HOLD	99,7754	103,4003
2019-02-27	07:00	3809,31	3810,88	3791,66	3801,7	SHORT	0,00167	5997,81	0,00334	HOLD	99,7754	103,4129
2019-02-27	08:00	3801,99	3805,57	3792,92	3797,65	SHORT	0,00167	5997,81	0,00334	HOLD	99,7754	103,4197
2019-02-27	09:00	3798,38	3819,88	3797,21	3814,27	SHORT	0,00167	5997,81	0,00334	HOLD	99,7754	103,3919
2019-02-27	10:00	3814,62	3821,58	3810,18	3820,31	SHORT	0,00167	5997,81	0,00334	HOLD	99,7754	103,3818
2019-02-27	11:00	3820,69	3829	3815,12	3816,7	SHORT	0,00167	5997,81	0,00334	HOLD	99,7754	103,3879
2019-02-27	12:00	3816,7	3829,53	3814,28	3825	SHORT	0,00167	5997,81	0,00334	HOLD	99,7754	103,374
2019-02-27	13:00	3824,29	3825,29	3813,12	3816,84	SHORT	0,00167	5997,81	0,00334	HOLD	99,7754	103,3876
2019-02-27	14:00	3816,4	3830	3815,93	3825,59	SHORT	0,00167	5997,81	0,00334	HOLD	99,7754	103,373
2019-02-27	15:00	3825,61	3833,99	3822	3822	SHORT	0,00167	5997,81	0,00334	HOLD	99,7754	103,379
2019-02-27	16:00	3822	3828,26	3819,33	3822,79	SHORT	0,00167	5997,81	0,00334	HOLD	99,7754	103,3777
2019-02-27	17:00	3822,12	3827,8	3815,5	3819,47	SHORT	0,00167	5997,81	0,00334	HOLD	99,7754	103,3832
2019-02-27	18:00	3819,48	3826	3818,24	3826	SHORT	0,00167	5997,81	0,00334	HOLD	99,7754	103,3723
2019-02-27	19:00	3826	3833	3819,74	3821,15	SHORT	0,00167	5997,81	0,00334	HOLD	99,7754	103,3804
2019-02-27	20:00	3820,59	3838,85	3820,13	3823,45	SHORT	0,00167	5997,81	0,00334	HOLD	99,7754	103,3766
2019-02-27	21:00	3822,52	3823,39	3788	3810,8	SHORT	0,00167	5997,81	0,00334	HOLD	99,7754	103,3977
2019-02-27	22:00	3810,8	3814,03	3799,97	3807,04	SHORT	0,00167	5997,81	0,00334	HOLD	99,7754	103,404
2019-02-27	23:00	3807,69	3817	3801,82	3809,78	SHORT	0,00167	5997,81	0,00334	HOLD	99,7754	103,3994
2019-02-28	00:00	3809,76	3816,38	3807,62	3815,55	SHORT	0,00167	5997,81	0,00334	HOLD	99,7754	103,3898
2019-02-28	01:00	3815,03	3816	3804,13	3809,64	SHORT	0,00167	5997,81	0,00334	HOLD	99,7754	103,3997
2019-02-28	02:00	3809,64	3814,24	3806	3813,93	SHORT	0,00167	5997,81	0,00334	HOLD	99,7754	103,3925
2019-02-28	03:00	3813,24	3814,84	3677,17	3741,75	SHORT	0,00167	5997,81	0,00334	HOLD	99,7754	103,513
2019-02-28	04:00	3741,52	3770	3722,42	3770	SHORT	0,00167	5997,81	0,00334	HOLD	99,7754	103,4659
2019-02-28	05:00	3768,25	3796,56	3756,54	3791,73	SHORT	0,00167	5997,81	0,00334	HOLD	99,7754	103,4296
2019-02-28	06:00	3790,9	3826,34	3787,66	3818,07	SHORT	0,00167	5997,81	0,00334	HOLD	99,7754	103,3856
2019-02-28	07:00	3818,04	3829,12	3809,88	3825,87	SHORT	0,00167	5997,81	0,00334	HOLD	99,7754	103,3726
2019-02-28	08:00	3825,75	3833,95	3819	3826,11	SHORT	0,00167	5997,81	0,00334	HOLD	99,7754	103,3722
2019-02-28	09:00	3826,1	3831,7	3814,68	3815,31	SHORT	0,00167	5997,81	0,00334	HOLD	99,7754	103,3902
2019-02-28	10:00	3815,33	3822,44	3810,21	3816,94	SHORT	0,00167	5997,81	0,00334	HOLD	99,7754	103,3875
2019-02-28	11:00	3818,28	3825,33	3814,87	3823,81	SHORT	0,00167	5997,81	0,00334	HOLD	99,7754	103,376
2019-02-28	12:00	3823,67	3830	3822,1	3828,43	SHORT	0,00167	5997,81	0,00334	HOLD	99,7754	103,3683
2019-02-28	13:00	3829,02	3829,34	3816,11	3817,2	SHORT	0,00167	5997,81	0,00334	HOLD	99,7754	103,387
2019-02-28	14:00	3817,16	3825	3811,01	3822,06	SHORT	0,00167	5997,81	0,00334	HOLD	99,7754	103,3789
2019-02-28	15:00	3823,07	3849,38	3822,06	3836,06	SHORT	0,00167	5997,81	0,00334	HOLD	99,7754	103,3555
2019-02-28	16:00	3836,06	3849,44	3830,87	3837,23	SHORT	0,00167	5997,81	0,00334	HOLD	99,7754	103,3536
2019-02-28	17:00	3837,23	3842,08	3819,69	3827,12	SHORT	0,00167	5997,81	0,00334	HOLD	99,7754	103,3705
2019-02-28	18:00	3827,14	3838,66	3819,4	3833,82	SHORT	0,00167	5997,81	0,00334	HOLD	99,7754	103,3593
2019-02-28	19:00	3833,46	3838,62	3824,67	3829,76	SHORT	0,00167	5997,81	0,00334	HOLD	99,7754	103,3661
2019-02-28	20:00	3829,77	3833,61	3822,87	3829,5	SHORT	0,00167	5997,81	0,00334	HOLD	99,7754	103,3665
2019-02-28	21:00	3829,7	3836,84	3825,2	3831,79	SHORT	0,00167	5997,81	0,00334	HOLD	99,7754	103,3627
2019-02-28	22:00	3831,36	3888	3763,87	3852,88	SHORT	0,00167	5997,81	0,00334	HOLD	99,7754	103,3275
2019-02-28	23:00	3852,27	3873,54	3814,28	3834,48	SHORT	0,00167	5997,81	0,00334	HOLD	99,7754	103,3582
2019-03-01	00:00	3834,43	3834,46	3794,44	3815,44	SHORT	0,00167	5997,81	0,00334	HOLD	99,7754	103,39
2019-03-01	01:00	3814,53	3836,12	3801,46	3832,14	SHORT	0,00167	5997,81	0,00334	HOLD	99,7754	103,3621
2019-03-01	02:00	3832,13	3837,92	3810	3821,11	SHORT	0,00167	5997,81	0,00334	HOLD	99,7754	103,3805
2019-03-01	03:00	3821,19	3829,79	3808,87	3821,1	SHORT	0,00167	5997,81	0,00334	HOLD	99,7754	103,3805
2019-03-01	04:00	3822,02	3826,33	3815,23	3820,74	SHORT	0,00167	5997,81	0,00334	HOLD	99,7754	103,3811
2019-03-01	05:00	3820,39	3824,01	3805	3819,52	SHORT	0,00167	5997,81	0,00334	HOLD	99,7754	103,3832
2019-03-01	06:00	3819,52	3825,92	3811,49	3813,69	SHORT	0,00167	5997,81	0,00334	HOLD	99,7754	103,3929
2019-03-01	07:00	3814,26	3823,7	3813,01	3819,35	SHORT	0,00167	5997,81	0,00334	HOLD	99,7754	103,3834
2019-03-01	08:00	3819,92	3828,47	3814,21	3826,51	SHORT	0,00167	5997,81	0,00334	HOLD	99,7754	103,3715
2019-03-01	09:00	3826,75	3827,24	3821	3823,21	SHORT	0,00167	5997,81	0,00334	HOLD	99,7754	103,377
2019-03-01	10:00	3823,21	3834,93	3823,03	3825,39	SHORT	0,00167	5997,81	0,00334	HOLD	99,7754	103,3734
2019-03-01	11:00	3825,39	3831,58	3822,27	3825	SHORT	0,00167	5997,81	0,00334	HOLD	99,7754	103,374
2019-03-01	12:00	3825,02	3828,13	3822,55	3825,14	SHORT	0,00167	5997,81	0,00334	HOLD	99,7754	103,3738
2019-03-01	13:00	3824,7	3828,5	3823,8	3825,93	SHORT	0,00167	5997,81	0,00334	HOLD	99,7754	103,3725
2019-03-01	14:00	3825,49	3839,02	3823,4	3839,02	SHORT	0,00167	5997,81	0,00334	HOLD	99,7754	103,3506
2019-03-01	15:00	3839,02	3839,55	3830,4	3833,79	SHORT	0,00167	5997,81	0,00334	HOLD	99,7754	103,3593
2019-03-01	16:00	3833,28	3852,41	3829,88	3832,98	SHORT	0,00167	5997,81	0,00334	HOLD	99,7754	103,3607
2019-03-01	17:00	3832,98	3836,67	3825	3830,52	SHORT	0,00167	5997,81	0,00334	HOLD	99,7754	103,3648
2019-03-01	18:00	3831,1	3833,49	3824	3828,59	SHORT	0,00167	5997,81	0,00334	HOLD	99,7754	103,368
2019-03-01	19:00	3828,58	3830,3	3822,64	3828,55	SHORT	0,00167	5997,81	0,00334	HOLD	99,7754	103,3681
2019-03-01	20:00	3828,06	3837	3821	3834,92	SHORT	0,00167	5997,81	0,00334	HOLD	99,7754	103,3574
2019-03-01	21:00	3835,05	3837	3819,7	3836,58	SHORT	0,00167	5997,81	0,00334	HOLD	99,7754	103,3547
2019-03-01	22:00	3836,6	3838,93	3828	3828,54	SHORT	0,00167	5997,81	0,00334	HOLD	99,7754	103,3681
2019-03-01	23:00	3828,15	3848	3828,15	3838,45	SHORT	0,00167	5997,81	0,00334	HOLD	99,7754	103,3516
2019-03-02	00:00	3838,45	3855	3838,05	3849,06	SHORT	0,00167	5997,81	0,00334	HOLD	99,7754	103,3338
2019-03-02	01:00	3848,87	3853,54	3840	3849,79	SHORT	0,00167	5997,81	0,00334	HOLD	99,7754	103,3326
2019-03-02	02:00	3848,7	3851	3841,07	3845,01	SHORT	0,00167	5997,81	0,00334	HOLD	99,7754	103,3406
2019-03-02	03:00	3845	3849,88	3841	3842,8	SHORT	0,00167	5997,81	0,00334	HOLD	99,7754	103,3443
2019-03-02	04:00	3842,34	3853,05	3841	3849,93	SHORT	0,00167	5997,81	0,00334	HOLD	99,7754	103,3324
2019-03-02	05:00	3849,73	3857	3817	3829,32	SHORT	0,00167	5997,81	0,00334	HOLD	99,7754	103,3668
2019-03-02	06:00	3829,41	3840	3819,37	3823	SHORT	0,00167	5997,81	0,00334	HOLD	99,7754	103,3774
2019-03-02	07:00	3822,17	3833,55	3817,5	3829,24	SHORT	0,00167	5997,81	0,00334	HOLD	99,7754	103,3669
2019-03-02	08:00	3828,36	3837,26	3825,25	3835,27	SHORT	0,00167	5997,81	0,00334	HOLD	99,7754	103,3569
2019-03-02	09:00	3835,01	3839,5	3833,57	3836,97	SHORT	0,00167	5997,81	0,00334	HOLD	99,7754	103,354
2019-03-02	10:00	3836,95	3841,31	3833,71	3835,85	SHORT	0,00167	5997,81	0,00334	HOLD	99,7754	103,3559
2019-03-02	11:00	3834,99	3835,84	3800	3814,69	SHORT	0,00167	5997,81	0,00334	HOLD	99,7754	103,3912
2019-03-02	12:00	3814,69	3824,1	3810,05	3814,89	SHORT	0,00167	5997,81	0,00334	HOLD	99,7754	103,3909
2019-03-02	13:00	3814,89	3820	3812	3814,1	SHORT	0,00167	5997,81	0,00334	HOLD	99,7754	103,3922
2019-03-02	14:00	3814,91	3816,43	3791,95	3802,46	SHORT	0,00167	5997,81	0,00334	HOLD	99,7754	103,4117
2019-03-02	15:00	3802,44	3809,81	3772,25	3806,98	SHORT	0,00167	5997,81	0,00334	HOLD	99,7754	103,4041
2019-03-02	16:00	3806,96	3816,63	3801,07	3804,51	SHORT	0,00167	5997,81	0,00334	HOLD	99,7754	103,4082
2019-03-02	17:00	3804,51	3813	3802,03	3810,1	SHORT	0,00167	5997,81	0,00334	HOLD	99,7754	103,3989
2019-03-02	18:00	3810,14	3825,92	3808	3816,96	SHORT	0,00167	5997,81	0,00334	HOLD	99,7754	103,3874
2019-03-02	19:00	3816,74	3824,61	3812,27	3815,73	SHORT	0,00167	5997,81	0,00334	HOLD	99,7754	103,3895
2019-03-02	20:00	3815,98	3830,75	3815,84	3821,12	SHORT	0,00167	5997,81	0,00334	HOLD	99,7754	103,3805
2019-03-02	21:00	3820,62	3827,7	3812,5	3813,09	SHORT	0,00167	5997,81	0,00334	HOLD	99,7754	103,3939
2019-03-02	22:00	3813,11	3828,09	3810,82	3812,13	SHORT	0,00167	5997,81	0,00334	HOLD	99,7754	103,3955
2019-03-02	23:00	3812,11	3824,3	3797,38	3812,29	SHORT	0,00167	5997,81	0,00334	HOLD	99,7754	103,3952
2019-03-03	00:00	3810,95	3816,73	3802,11	3804,31	SHORT	0,00167	5997,81	0,00334	HOLD	99,7754	103,4086
2019-03-03	01:00	3804,31	3819,47	3802,37	3814,79	SHORT	0,00167	5997,81	0,00334	HOLD	99,7754	103,3911
2019-03-03	02:00	3815,47	3821,04	3813	3820,67	SHORT	0,00167	5997,81	0,00334	HOLD	99,7754	103,3812
2019-03-03	03:00	3820,49	3821,98	3806,65	3811,11	SHORT	0,00167	5997,81	0,00334	HOLD	99,7754	103,3972
2019-03-03	04:00	3811,13	3823,95	3809,62	3822,33	SHORT	0,00167	5997,81	0,00334	HOLD	99,7754	103,3785
2019-03-03	05:00	3822,45	3822,47	3813,47	3817,03	SHORT	0,00167	5997,81	0,00334	HOLD	99,7754	103,3873
2019-03-03	06:00	3817,03	3823,24	3817,01	3819,93	SHORT	0,00167	5997,81	0,00334	HOLD	99,7754	103,3825
2019-03-03	07:00	3819,97	3831,27	3818,72	3827	SHORT	0,00167	5997,81	0,00334	HOLD	99,7754	103,3707
2019-03-03	08:00	3827,62	3833,96	3824,47	3826,71	SHORT	0,00167	5997,81	0,00334	HOLD	99,7754	103,3712
2019-03-03	09:00	3826,55	3829,46	3815,58	3821,3	SHORT	0,00167	5997,81	0,00334	HOLD	99,7754	103,3802
2019-03-03	10:00	3820,22	3825,26	3817,81	3824,75	SHORT	0,00167	5997,81	0,00334	HOLD	99,7754	103,3744
2019-03-03	11:00	3824,8	3829	3820,78	3821,78	SHORT	0,00167	5997,81	0,00334	HOLD	99,7754	103,3794
2019-03-03	12:00	3821,96	3825,72	3817,73	3825,22	SHORT	0,00167	5997,81	0,00334	HOLD	99,7754	103,3736
2019-03-03	13:00	3824,74	3827,77	3820,92	3824	SHORT	0,00167	5997,81	0,00334	HOLD	99,7754	103,3757
2019-03-03	14:00	3824,12	3833,44	3819,74	3825,14	SHORT	0,00167	5997,81	0,00334	HOLD	99,7754	103,3738
2019-03-03	15:00	3825,11	3835	3800	3820,8	SHORT	0,00167	5997,81	0,00334	HOLD	99,7754	103,381
2019-03-03	16:00	3820,72	3829	3816,05	3824,8	SHORT	0,00167	5997,81	0,00334	HOLD	99,7754	103,3743
2019-03-03	17:00	3824,05	3828,35	3821,65	3826,06	SHORT	0,00167	5997,81	0,00334	HOLD	99,7754	103,3722
2019-03-03	18:00	3826,46	3832	3817,89	3821	SHORT	0,00167	5997,81	0,00334	HOLD	99,7754	103,3807
2019-03-03	19:00	3821,95	3825,69	3814,54	3823,46	SHORT	0,00167	5997,81	0,00334	HOLD	99,7754	103,3766
2019-03-03	20:00	3824,28	3825	3793,33	3821,95	SHORT	0,00167	5997,81	0,00334	HOLD	99,7754	103,3791
2019-03-03	21:00	3821,95	3825	3809,78	3813,2	SHORT	0,00167	5997,81	0,00334	HOLD	99,7754	103,3937
2019-03-03	22:00	3813,22	3814,34	3792,22	3795,62	SHORT	0,00167	5997,81	0,00334	HOLD	99,7754	103,4231
2019-03-03	23:00	3795,62	3810	3781,32	3803,08	SHORT	0,00167	5997,81	0,00334	HOLD	99,7754	103,4106
2019-03-04	00:00	3803,08	3811,99	3801,63	3808,67	SHORT	0,00167	5997,81	0,00334	HOLD	99,7754	103,4013
2019-03-04	01:00	3809,04	3811	3801,39	3808,61	SHORT	0,00167	5997,81	0,00334	HOLD	99,7754	103,4014
2019-03-04	02:00	3808,6	3809,98	3802,71	3808	SHORT	0,00167	5997,81	0,00334	HOLD	99,7754	103,4024
2019-03-04	03:00	3807,52	3816,68	3805,9	3814,57	SHORT	0,00167	5997,81	0,00334	HOLD	99,7754	103,3914
2019-03-04	04:00	3814,55	3815,44	3802	3808,51	SHORT	0,00167	5997,81	0,00334	HOLD	99,7754	103,4016
2019-03-04	05:00	3808,51	3811,5	3795,88	3803,48	SHORT	0,00167	5997,81	0,00334	HOLD	99,7754	103,41
2019-03-04	06:00	3804,19	3809,82	3782,22	3807,75	SHORT	0,00167	5997,81	0,00334	HOLD	99,7754	103,4028
2019-03-04	07:00	3807,32	3830	3807,05	3827,81	SHORT	0,00167	5997,81	0,00334	HOLD	99,7754	103,3693
2019-03-04	08:00	3827,83	3830	3818,15	3824	SHORT	0,00167	5997,81	0,00334	HOLD	99,7754	103,3757
2019-03-04	09:00	3825,04	3827	3809,75	3810,38	SHORT	0,00167	5997,81	0,00334	HOLD	99,7754	103,3984
2019-03-04	10:00	3810,03	3813,38	3791	3799,63	SHORT	0,00167	5997,81	0,00334	HOLD	99,7754	103,4164
2019-03-04	11:00	3798,67	3799,93	3740,19	3750,73	SHORT	0,00167	5997,81	0,00334	HOLD	99,7754	103,498
2019-03-04	12:00	3750,8	3750,87	3699,5	3725,84	SHORT	0,00167	5997,81	0,00334	HOLD	99,7754	103,5396
2019-03-04	13:00	3727,49	3739,58	3712,94	3738,98	SHORT	0,00167	5997,81	0,00334	HOLD	99,7754	103,5177
2019-03-04	14:00	3738,96	3750,15	3725,84	3727	SHORT	0,00167	5997,81	0,00334	HOLD	99,7754	103,5377
2019-03-04	15:00	3727	3733,05	3711,41	3718,77	SHORT	0,00167	5997,81	0,00334	HOLD	99,7754	103,5514
2019-03-04	16:00	3717,83	3730	3702	3705,97	SHORT	0,00167	5997,81	0,00334	HOLD	99,7754	103,5728
2019-03-04	17:00	3705,98	3710,4	3670,69	3701,34	SHORT	0,00167	5997,81	0,00334	HOLD	99,7754	103,5805
2019-03-04	18:00	3700,02	3720	3691,16	3707,6	SHORT	0,00167	5997,81	0,00334	HOLD	99,7754	103,5701
2019-03-04	19:00	3707,58	3716,91	3695,31	3700,01	SHORT	0,00167	5997,81	0,00334	HOLD	99,7754	103,5827
2019-03-04	20:00	3700,01	3715,99	3690,16	3709,02	SHORT	0,00167	5997,81	0,00334	HOLD	99,7754	103,5677
2019-03-04	21:00	3709,02	3719,05	3704,7	3717	SHORT	0,00167	5997,81	0,00334	HOLD	99,7754	103,5544
2019-03-04	22:00	3717	3728	3707	3713,1	SHORT	0,00167	5997,81	0,00334	HOLD	99,7754	103,5609
2019-03-04	23:00	3712,07	3730	3711,59	3724,06	SHORT	0,00167	5997,81	0,00334	HOLD	99,7754	103,5426
2019-03-05	00:00	3724,3	3735,14	3721,71	3722,64	SHORT	0,00167	5997,81	0,00334	HOLD	99,7754	103,545
2019-03-05	01:00	3722,36	3724,97	3708,1	3720,4	SHORT	0,00167	5997,81	0,00334	HOLD	99,7754	103,5487
2019-03-05	02:00	3720,4	3723,96	3709	3718,17	SHORT	0,00167	5997,81	0,00334	HOLD	99,7754	103,5524
2019-03-05	03:00	3718,17	3733,06	3713,84	3714,79	SHORT	0,00167	5997,81	0,00334	HOLD	99,7754	103,5581
2019-03-05	04:00	3714,79	3723,25	3709	3715,01	SHORT	0,00167	5997,81	0,00334	HOLD	99,7754	103,5577
2019-03-05	05:00	3715,01	3720	3703,35	3704,98	SHORT	0,00167	5997,81	0,00334	HOLD	99,7754	103,5744
2019-03-05	06:00	3704,98	3719,53	3696,72	3715,3	SHORT	0,00167	5997,81	0,00334	HOLD	99,7754	103,5572
2019-03-05	07:00	3716,1	3724,69	3713,9	3719,42	SHORT	0,00167	5997,81	0,00334	HOLD	99,7754	103,5503
2019-03-05	08:00	3719,87	3725	3711,91	3714,57	SHORT	0,00167	5997,81	0,00334	HOLD	99,7754	103,5584
2019-03-05	09:00	3714,57	3722,85	3703,73	3704,96	SHORT	0,00167	5997,81	0,00334	HOLD	99,7754	103,5745
2019-03-05	10:00	3704,07	3719	3703,55	3712,98	SHORT	0,00167	5997,81	0,00334	HOLD	99,7754	103,5611
2019-03-05	11:00	3713	3724	3711,46	3724	SHORT	0,00167	5997,81	0,00334	HOLD	99,7754	103,5427
2019-03-05	12:00	3723,99	3726	3718,34	3724,32	SHORT	0,00167	5997,81	0,00334	HOLD	99,7754	103,5421
2019-03-05	13:00	3724,32	3733,53	3717	3718,5	SHORT	0,00167	5997,81	0,00334	HOLD	99,7754	103,5519
2019-03-05	14:00	3718,5	3731,25	3717,51	3729,2	SHORT	0,00167	5997,81	0,00334	HOLD	99,7754	103,534
2019-03-05	15:00	3729,19	3747	3728,15	3744,51	SHORT	0,00167	5997,81	0,00334	HOLD	99,7754	103,5084
2019-03-05	16:00	3744,29	3746,99	3733,43	3737,76	SHORT	0,00167	5997,81	0,00334	HOLD	99,7754	103,5197
2019-03-05	17:00	3738,04	3742,83	3729,01	3741	SHORT	0,00167	5997,81	0,00334	HOLD	99,7754	103,5143
2019-03-05	18:00	3741	3747	3735,73	3739,57	SHORT	0,00167	5997,81	0,00334	HOLD	99,7754	103,5167
2019-03-05	19:00	3739,58	3760	3738,8	3752,69	SHORT	0,00167	5997,81	0,00334	HOLD	99,7754	103,4948
2019-03-05	20:00	3752,65	3848,38	3748	3846,97	SHORT	0,00167	5997,81	0,00334	HOLD	99,7754	103,3373
2019-03-05	21:00	3846,25	3846,97	3812	3824,39	SHORT	0,00167	5997,81	0,00334	HOLD	99,7754	103,375
2019-03-05	22:00	3824,33	3847,29	3820	3834,56	SHORT	0,00167	5997,81	0,00334	HOLD	99,7754	103,358
2019-03-05	23:00	3835	3877,1	3820,32	3841,22	SHORT	0,00167	5997,81	0,00334	HOLD	99,7754	103,3469
2019-03-06	00:00	3839,86	3854,02	3830,39	3846,54	SHORT	0,00167	5997,81	0,00334	HOLD	99,7754	103,338
2019-03-06	01:00	3847,67	3851,36	3834,03	3847,13	SHORT	0,00167	5997,81	0,00334	HOLD	99,7754	103,3371
2019-03-06	02:00	3848,14	3865	3842,61	3855,71	SHORT	0,00167	5997,81	0,00334	HOLD	99,7754	103,3227
2019-03-06	03:00	3855,04	3861,77	3842,07	3848,05	SHORT	0,00167	5997,81	0,00334	HOLD	99,7754	103,3355
2019-03-06	04:00	3847,93	3851	3830,82	3845,26	SHORT	0,00167	5997,81	0,00334	HOLD	99,7754	103,3402
2019-03-06	05:00	3845,24	3850,68	3835	3847,4	SHORT	0,00167	5997,81	0,00334	HOLD	99,7754	103,3366
2019-03-06	06:00	3847,53	3860,34	3841,01	3857,73	SHORT	0,00167	5997,81	0,00334	HOLD	99,7754	103,3194
2019-03-06	07:00	3857,58	3870	3813,09	3835,93	SHORT	0,00167	5997,81	0,00334	HOLD	99,7754	103,3558
2019-03-06	08:00	3835,68	3839,64	3820,33	3837,05	SHORT	0,00167	5997,81	0,00334	HOLD	99,7754	103,3539
2019-03-06	09:00	3837,49	3843,2	3834,75	3841,36	SHORT	0,00167	5997,81	0,00334	HOLD	99,7754	103,3467
2019-03-06	10:00	3840,91	3844,26	3825	3826,67	SHORT	0,00167	5997,81	0,00334	HOLD	99,7754	103,3712
2019-03-06	11:00	3827,58	3838,94	3821,13	3834,23	SHORT	0,00167	5997,81	0,00334	HOLD	99,7754	103,3586
2019-03-06	12:00	3835,17	3848,43	3832	3834,79	SHORT	0,00167	5997,81	0,00334	HOLD	99,7754	103,3577
2019-03-06	13:00	3835,32	3855,74	3831,21	3851,6	SHORT	0,00167	5997,81	0,00334	HOLD	99,7754	103,3296
2019-03-06	14:00	3851,6	3858,51	3842,82	3851,92	SHORT	0,00167	5997,81	0,00334	HOLD	99,7754	103,3291
2019-03-06	15:00	3851,9	3852,43	3834,05	3841,3	SHORT	0,00167	5997,81	0,00334	HOLD	99,7754	103,3468
2019-03-06	16:00	3841,17	3857,89	3836,8	3853,93	SHORT	0,00167	5997,81	0,00334	HOLD	99,7754	103,3257
2019-03-06	17:00	3853,93	3907	3843,52	3856	SHORT	0,00167	5997,81	0,00334	HOLD	99,7754	103,3222
2019-03-06	18:00	3855,55	3866,76	3844,87	3862,55	SHORT	0,00167	5997,81	0,00334	HOLD	99,7754	103,3113
2019-03-06	19:00	3862,55	3864	3852,96	3855,44	SHORT	0,00167	5997,81	0,00334	HOLD	99,7754	103,3232
2019-03-06	20:00	3855,44	3861,87	3843	3849,99	SHORT	0,00167	5997,81	0,00334	HOLD	99,7754	103,3323
2019-03-06	21:00	3849,99	3853,05	3829,39	3848,81	SHORT	0,00167	5997,81	0,00334	HOLD	99,7754	103,3342
2019-03-06	22:00	3848,81	3863,8	3848,42	3862,6	SHORT	0,00167	5997,81	0,00334	HOLD	99,7754	103,3112
2019-03-06	23:00	3862,02	3874,99	3850	3873,06	SHORT	0,00167	5997,81	0,00334	HOLD	99,7754	103,2938
2019-03-07	00:00	3874,41	3875,12	3854,08	3857,94	SHORT	0,00167	5997,81	0,00334	HOLD	99,7754	103,319
2019-03-07	01:00	3857,95	3862,84	3848,99	3862,83	SHORT	0,00167	5997,81	0,00334	HOLD	99,7754	103,3108
2019-03-07	02:00	3862,28	3863,48	3850	3855,5	SHORT	0,00167	5997,81	0,00334	HOLD	99,7754	103,3231
2019-03-07	03:00	3855,5	3859,37	3850,97	3853,24	SHORT	0,00167	5997,81	0,00334	HOLD	99,7754	103,3269
2019-03-07	04:00	3852,75	3865,09	3846,93	3858,41	SHORT	0,00167	5997,81	0,00334	HOLD	99,7754	103,3182
2019-03-07	05:00	3858,41	3867,99	3854	3865,41	SHORT	0,00167	5997,81	0,00334	HOLD	99,7754	103,3065
2019-03-07	06:00	3865,43	3868	3857,66	3861,84	SHORT	0,00167	5997,81	0,00334	HOLD	99,7754	103,3125
2019-03-07	07:00	3861,84	3883,03	3857	3875,55	SHORT	0,00167	5997,81	0,00334	HOLD	99,7754	103,2896
2019-03-07	08:00	3875,29	3902,94	3869,68	3879,56	SHORT	0,00167	5997,81	0,00334	HOLD	99,7754	103,2829
2019-03-07	09:00	3879,58	3880,99	3868	3878,97	SHORT	0,00167	5997,81	0,00334	HOLD	99,7754	103,2839
2019-03-07	10:00	3878,96	3892,58	3872,51	3884,02	SHORT	0,00167	5997,81	0,00334	HOLD	99,7754	103,2754
2019-03-07	11:00	3883	3905	3881,88	3903,89	SHORT	0,00167	5997,81	0,00334	HOLD	99,7754	103,2423
2019-03-07	12:00	3903,5	3905,4	3864,39	3876,55	SHORT	0,00167	5997,81	0,00334	HOLD	99,7754	103,2879
2019-03-07	13:00	3876,56	3878,16	3854,7	3873,35	SHORT	0,00167	5997,81	0,00334	HOLD	99,7754	103,2933
2019-03-07	14:00	3872,38	3881,25	3866,35	3880	SHORT	0,00167	5997,81	0,00334	HOLD	99,7754	103,2822
2019-03-07	15:00	3880,17	3880,2	3859	3863,98	SHORT	0,00167	5997,81	0,00334	HOLD	99,7754	103,3089
2019-03-07	16:00	3864,91	3864,93	3852,26	3856,4	SHORT	0,00167	5997,81	0,00334	HOLD	99,7754	103,3216
2019-03-07	17:00	3856,4	3863	3840,4	3861,11	SHORT	0,00167	5997,81	0,00334	HOLD	99,7754	103,3137
2019-03-07	18:00	3860,15	3873,09	3857,54	3866,01	SHORT	0,00167	5997,81	0,00334	HOLD	99,7754	103,3055
2019-03-07	19:00	3866,01	3885,42	3857,32	3875,97	SHORT	0,00167	5997,81	0,00334	HOLD	99,7754	103,2889
2019-03-07	20:00	3875,5	3883,86	3868	3873,02	SHORT	0,00167	5997,81	0,00334	HOLD	99,7754	103,2938
2019-03-07	21:00	3873,02	3893	3859	3887,9	SHORT	0,00167	5997,81	0,00334	HOLD	99,7754	103,269
2019-03-07	22:00	3888,96	3898,83	3876	3876,95	SHORT	0,00167	5997,81	0,00334	HOLD	99,7754	103,2873
2019-03-07	23:00	3876,54	3892,8	3876,54	3892,5	SHORT	0,00167	5997,81	0,00334	HOLD	99,7754	103,2613
2019-03-08	00:00	3892,49	3899,13	3872,11	3879,91	SHORT	0,00167	5997,81	0,00334	HOLD	99,7754	103,2823
2019-03-08	01:00	3879,53	3888,09	3877,03	3885,88	SHORT	0,00167	5997,81	0,00334	HOLD	99,7754	103,2723
2019-03-08	02:00	3886,63	3894,9	3879	3880,01	SHORT	0,00167	5997,81	0,00334	HOLD	99,7754	103,2821
2019-03-08	03:00	3880,01	3890	3875,3	3887,42	SHORT	0,00167	5997,81	0,00334	HOLD	99,7754	103,2698
2019-03-08	04:00	3887,73	3889,52	3875,86	3884,09	SHORT	0,00167	5997,81	0,00334	HOLD	99,7754	103,2753
2019-03-08	05:00	3883,81	3887,35	3868,35	3875,01	SHORT	0,00167	5997,81	0,00334	HOLD	99,7754	103,2905
2019-03-08	06:00	3875,01	3878,66	3862,32	3873,64	SHORT	0,00167	5997,81	0,00334	HOLD	99,7754	103,2928
2019-03-08	07:00	3873,63	3881,83	3862,7	3878,19	SHORT	0,00167	5997,81	0,00334	HOLD	99,7754	103,2852
2019-03-08	08:00	3878,19	3886,11	3867	3868,98	SHORT	0,00167	5997,81	0,00334	HOLD	99,7754	103,3006
2019-03-08	09:00	3868,9	3884,41	3867,35	3876,6	SHORT	0,00167	5997,81	0,00334	HOLD	99,7754	103,2878
2019-03-08	10:00	3876,56	3881,91	3869	3873,94	SHORT	0,00167	5997,81	0,00334	HOLD	99,7754	103,2923
2019-03-08	11:00	3873,94	3891,04	3873,94	3886,25	SHORT	0,00167	5997,81	0,00334	HOLD	99,7754	103,2717
2019-03-08	12:00	3885,3	3905,99	3882,4	3897,02	SHORT	0,00167	5997,81	0,00334	HOLD	99,7754	103,2537
2019-03-08	13:00	3897,9	3930	3888	3913,47	SHORT	0,00167	5997,81	0,00334	HOLD	99,7754	103,2263
2019-03-08	14:00	3913,98	3914	3888,56	3898,65	SHORT	0,00167	5997,81	0,00334	HOLD	99,7754	103,251
2019-03-08	15:00	3898,36	3899,88	3875	3882,6	SHORT	0,00167	5997,81	0,00334	HOLD	99,7754	103,2778
2019-03-08	16:00	3883,5	3891,71	3873,18	3887,1	SHORT	0,00167	5997,81	0,00334	HOLD	99,7754	103,2703
2019-03-08	17:00	3887,1	3911,71	3887,04	3910,34	SHORT	0,00167	5997,81	0,00334	HOLD	99,7754	103,2315
2019-03-08	18:00	3910,11	3911,58	3889,15	3891,33	SHORT	0,00167	5997,81	0,00334	HOLD	99,7754	103,2632
2019-03-08	19:00	3891,39	3904	3884,1	3895	SHORT	0,00167	5997,81	0,00334	HOLD	99,7754	103,2571
2019-03-08	20:00	3894,82	3912,22	3889,24	3908,1	SHORT	0,00167	5997,81	0,00334	HOLD	99,7754	103,2352
2019-03-08	21:00	3908,7	3920	3900	3916	SHORT	0,00167	5997,81	0,00334	HOLD	99,7754	103,222
2019-03-08	22:00	3916	3916,89	3904,26	3908,37	SHORT	0,00167	5997,81	0,00334	HOLD	99,7754	103,2348
2019-03-08	23:00	3908,37	3914,01	3898,8	3906,81	SHORT	0,00167	5997,81	0,00334	HOLD	99,7754	103,2374
2019-03-09	00:00	3907,52	3918,97	3900,02	3912,07	SHORT	0,00167	5997,81	0,00334	HOLD	99,7754	103,2286
2019-03-09	01:00	3913,7	3920,03	3908,5	3913,18	SHORT	0,00167	5997,81	0,00334	HOLD	99,7754	103,2268
2019-03-09	02:00	3911,45	3921	3908,81	3920,43	SHORT	0,00167	5997,81	0,00334	HOLD	99,7754	103,2146
2019-03-09	03:00	3920,44	3932	3904,06	3915,07	SHORT	0,00167	5997,81	0,00334	HOLD	99,7754	103,2236
2019-03-09	04:00	3914,44	3917,04	3883,07	3884,19	SHORT	0,00167	5997,81	0,00334	HOLD	99,7754	103,2752
2019-03-09	05:00	3884,19	3884,19	3800	3851,35	SHORT	0,00167	5997,81	0,00334	HOLD	99,7754	103,33
2019-03-09	06:00	3850,01	3874,18	3843,7	3864,89	SHORT	0,00167	5997,81	0,00334	HOLD	99,7754	103,3074
2019-03-09	07:00	3864,88	3887,88	3854,75	3875,84	SHORT	0,00167	5997,81	0,00334	HOLD	99,7754	103,2891
2019-03-09	08:00	3875,32	3890	3873,52	3880,46	SHORT	0,00167	5997,81	0,00334	HOLD	99,7754	103,2814
2019-03-09	09:00	3880,67	3889,36	3871,48	3884,99	SHORT	0,00167	5997,81	0,00334	HOLD	99,7754	103,2738
2019-03-09	10:00	3884,56	3886,18	3875,16	3876,8	SHORT	0,00167	5997,81	0,00334	HOLD	99,7754	103,2875
2019-03-09	11:00	3876,8	3881,22	3866,8	3880,26	SHORT	0,00167	5997,81	0,00334	HOLD	99,7754	103,2817
2019-03-09	12:00	3881,2	3886,8	3877,65	3885,9	SHORT	0,00167	5997,81	0,00334	HOLD	99,7754	103,2723
2019-03-09	13:00	3885,22	3915	3885,05	3909,63	SHORT	0,00167	5997,81	0,00334	HOLD	99,7754	103,2327
2019-03-09	14:00	3910,79	3938,99	3906,13	3915,69	SHORT	0,00167	5997,81	0,00334	HOLD	99,7754	103,2226
2019-03-09	15:00	3916	3924,22	3907,02	3920	SHORT	0,00167	5997,81	0,00334	HOLD	99,7754	103,2154
2019-03-09	16:00	3918,96	3927,09	3910,04	3916,26	SHORT	0,00167	5997,81	0,00334	HOLD	99,7754	103,2216
2019-03-09	17:00	3916,24	3923,48	3906	3907	SHORT	0,00167	5997,81	0,00334	HOLD	99,7754	103,2371
2019-03-09	18:00	3906,47	3920,46	3905,53	3913,34	SHORT	0,00167	5997,81	0,00334	HOLD	99,7754	103,2265
2019-03-09	19:00	3914,76	3928,44	3913,73	3924,44	SHORT	0,00167	5997,81	0,00334	HOLD	99,7754	103,2079
2019-03-09	20:00	3924,44	3945	3910	3921,96	SHORT	0,00167	5997,81	0,00334	HOLD	99,7754	103,2121
2019-03-09	21:00	3921,02	3949,69	3916,11	3945,15	SHORT	0,00167	5997,81	0,00334	HOLD	99,7754	103,1734
2019-03-09	22:00	3945,17	3966	3934,35	3950	SHORT	0,00167	5997,81	0,00334	HOLD	99,7754	103,1653
2019-03-09	23:00	3950,75	3971,75	3918,4	3923,07	SHORT	0,00167	5997,81	0,00334	HOLD	99,7754	103,2102
2019-03-10	00:00	3923,07	3926,61	3890	3914,14	SHORT	0,00167	5997,81	0,00334	HOLD	99,7754	103,2251
2019-03-10	01:00	3914,16	3933,3	3910,25	3929,6	SHORT	0,00167	5997,81	0,00334	HOLD	99,7754	103,1993
2019-03-10	02:00	3929,57	3935,03	3919,1	3928,58	SHORT	0,00167	5997,81	0,00334	HOLD	99,7754	103,201
2019-03-10	03:00	3928,06	3930,04	3910,72	3913,36	SHORT	0,00167	5997,81	0,00334	HOLD	99,7754	103,2265
2019-03-10	04:00	3913,36	3923,95	3911,84	3915,56	SHORT	0,00167	5997,81	0,00334	HOLD	99,7754	103,2228
2019-03-10	05:00	3914,41	3931,97	3906,36	3924,04	SHORT	0,00167	5997,81	0,00334	HOLD	99,7754	103,2086
2019-03-10	06:00	3925,64	3946,45	3923,75	3943,04	SHORT	0,00167	5997,81	0,00334	HOLD	99,7754	103,1769
2019-03-10	07:00	3943,43	3943,43	3921,45	3928,83	SHORT	0,00167	5997,81	0,00334	HOLD	99,7754	103,2006
2019-03-10	08:00	3929,45	3940	3925,89	3937,04	SHORT	0,00167	5997,81	0,00334	HOLD	99,7754	103,1869
2019-03-10	09:00	3937,9	3938,27	3923,01	3928,7	SHORT	0,00167	5997,81	0,00334	HOLD	99,7754	103,2008
2019-03-10	10:00	3928,31	3929	3916,12	3925,5	SHORT	0,00167	5997,81	0,00334	HOLD	99,7754	103,2062
2019-03-10	11:00	3925,5	3925,74	3910	3919,69	SHORT	0,00167	5997,81	0,00334	HOLD	99,7754	103,2159
2019-03-10	12:00	3918,7	3920,5	3912,07	3919,43	SHORT	0,00167	5997,81	0,00334	HOLD	99,7754	103,2163
2019-03-10	13:00	3918,54	3919,45	3891,92	3898,74	SHORT	0,00167	5997,81	0,00334	HOLD	99,7754	103,2509
2019-03-10	14:00	3898,02	3905,69	3881,69	3902	SHORT	0,00167	5997,81	0,00334	HOLD	99,7754	103,2454
2019-03-10	15:00	3901,98	3918	3899,31	3907,58	SHORT	0,00167	5997,81	0,00334	HOLD	99,7754	103,2361
2019-03-10	16:00	3906,21	3914,27	3891,73	3899	SHORT	0,00167	5997,81	0,00334	HOLD	99,7754	103,2504
2019-03-10	17:00	3898,4	3908,02	3894,08	3902,82	SHORT	0,00167	5997,81	0,00334	HOLD	99,7754	103,2441
2019-03-10	18:00	3901,85	3915,77	3900,42	3904,99	SHORT	0,00167	5997,81	0,00334	HOLD	99,7754	103,2404
2019-03-10	19:00	3904,97	3916,69	3901,16	3905,01	SHORT	0,00167	5997,81	0,00334	HOLD	99,7754	103,2404
2019-03-10	20:00	3904,53	3905,95	3886,45	3893	SHORT	0,00167	5997,81	0,00334	HOLD	99,7754	103,2605
2019-03-10	21:00	3893	3912,87	3890,94	3911,04	SHORT	0,00167	5997,81	0,00334	HOLD	99,7754	103,2303
2019-03-10	22:00	3911,06	3915	3903	3905,92	SHORT	0,00167	5997,81	0,00334	HOLD	99,7754	103,2389
2019-03-10	23:00	3905,92	3912,48	3889,47	3899,85	SHORT	0,00167	5997,81	0,00334	HOLD	99,7754	103,249
2019-03-11	00:00	3899,85	3913,94	3898,28	3906,59	SHORT	0,00167	5997,81	0,00334	HOLD	99,7754	103,2378
2019-03-11	01:00	3906,26	3908,27	3896,71	3903,62	SHORT	0,00167	5997,81	0,00334	HOLD	99,7754	103,2427
2019-03-11	02:00	3903,55	3907	3899,01	3904,32	SHORT	0,00167	5997,81	0,00334	HOLD	99,7754	103,2415
2019-03-11	03:00	3904,1	3918,36	3901,12	3915,45	SHORT	0,00167	5997,81	0,00334	HOLD	99,7754	103,223
2019-03-11	04:00	3916,51	3924,2	3913,18	3917,39	SHORT	0,00167	5997,81	0,00334	HOLD	99,7754	103,2197
2019-03-11	05:00	3918,22	3932,77	3914,14	3919,17	SHORT	0,00167	5997,81	0,00334	HOLD	99,7754	103,2167
2019-03-11	06:00	3919,18	3927,63	3913,36	3916,82	SHORT	0,00167	5997,81	0,00334	HOLD	99,7754	103,2207
2019-03-11	07:00	3915,99	3930	3915,99	3922,83	SHORT	0,00167	5997,81	0,00334	HOLD	99,7754	103,2106
2019-03-11	08:00	3921,88	3933	3921,71	3926,54	SHORT	0,00167	5997,81	0,00334	HOLD	99,7754	103,2044
2019-03-11	09:00	3926,52	3930,96	3918,36	3924,65	SHORT	0,00167	5997,81	0,00334	HOLD	99,7754	103,2076
2019-03-11	10:00	3923,55	3936,98	3923,2	3932,73	SHORT	0,00167	5997,81	0,00334	HOLD	99,7754	103,1941
2019-03-11	11:00	3932,73	3934,79	3909	3909	SHORT	0,00167	5997,81	0,00334	HOLD	99,7754	103,2337
2019-03-11	12:00	3909,39	3912,5	3860	3883,02	SHORT	0,00167	5997,81	0,00334	HOLD	99,7754	103,2771
