2026-01-16	01:00	96636,35	96650,51	95745,25	95835	LONG	0,00167	5981,87	0,00648	HOLD	98,2349	248,2596
2026-01-16	02:00	95835,01	95920,31	95183,13	95516,01	LONG	0,00167	5981,87	0,00648	HOLD	98,2349	247,7269
2026-01-16	03:00	95516,01	95660	95134,48	95260,67	LONG	0,00167	5981,87	0,00648	HOLD	98,2349	247,3005
2026-01-16	04:00	95260,68	95631,08	95196	95584,35	LONG	0,00167	5981,87	0,00648	HOLD	98,2349	247,841
2026-01-16	05:00	95584,36	95871	95488,91	95583,87	LONG	0,00167	5981,87	0,00648	HOLD	98,2349	247,8402
2026-01-16	06:00	95583,87	95718,31	95378,58	95604,8	LONG	0,00167	5981,87	0,00648	HOLD	98,2349	247,8752
2026-01-16	07:00	95604,81	95828,01	95570,96	95633,5	LONG	0,00167	5981,87	0,00648	HOLD	98,2349	247,9231
2026-01-16	08:00	95633,5	95855,12	95420,75	95664,18	LONG	0,00167	5981,87	0,00648	HOLD	98,2349	247,9743
2026-01-16	09:00	95664,17	95687,47	95393,9	95504,4	LONG	0,00167	5981,87	0,00648	HOLD	98,2349	247,7075
2026-01-16	10:00	95504,4	95586,6	95321,58	95354,69	LONG	0,00167	5981,87	0,00648	HOLD	98,2349	247,4575
2026-01-16	11:00	95354,69	95582,41	95133,03	95261,29	LONG	0,00167	5981,87	0,00648	HOLD	98,2349	247,3015
2026-01-16	12:00	95261,3	95676,73	95242,18	95660,37	LONG	0,00167	5981,87	0,00648	HOLD	98,2349	247,968
2026-01-16	13:00	95660,38	95816,83	95534	95741,21	LONG	0,00167	5981,87	0,00648	HOLD	98,2349	248,103
2026-01-16	14:00	95741,22	95788,34	95489,6	95653,16	LONG	0,00167	5981,87	0,00648	HOLD	98,2349	247,9559
2026-01-16	15:00	95653,16	95871,47	95570,68	95676	LONG	0,00167	5981,87	0,00648	HOLD	98,2349	247,9941
2026-01-16	16:00	95676,01	95788,17	95601,5	95613,53	LONG	0,00167	5981,87	0,00648	HOLD	98,2349	247,8897
2026-01-16	17:00	95613,53	95637	95280,51	95307,35	LONG	0,00167	5981,87	0,00648	HOLD	98,2349	247,3784
2026-01-16	18:00	95307,35	95470	95261,43	95429,09	LONG	0,00167	5981,87	0,00648	HOLD	98,2349	247,5817
2026-01-16	19:00	95429,09	95569	95353,5	95458,55	LONG	0,00167	5981,87	0,00648	HOLD	98,2349	247,6309
2026-01-16	20:00	95458,55	95579	95288,05	95448,87	LONG	0,00167	5981,87	0,00648	HOLD	98,2349	247,6148
2026-01-16	21:00	95448,86	95809,08	95192,35	95192,36	LONG	0,00167	5981,87	0,00648	HOLD	98,2349	247,1864
2026-01-16	22:00	95192,36	95663,15	94293,46	94585,98	LONG	0,00167	5981,87	0,00648	HOLD	98,2349	246,1737
2026-01-16	23:00	94585,99	94990,73	94508	94872,55	LONG	0,00167	5981,87	0,00648	HOLD	98,2349	246,6523
2026-01-17	00:00	94872,55	95130,49	94555,88	95076,08	LONG	0,00167	5981,87	0,00648	HOLD	98,2349	246,9922
2026-01-17	01:00	95076,09	95215,74	94960,04	95001,19	LONG	0,00167	5981,87	0,00648	HOLD	98,2349	246,8671
2026-01-17	02:00	95001,19	95055,31	94841,31	95002,09	LONG	0,00167	5981,87	0,00648	HOLD	98,2349	246,8686
2026-01-17	03:00	95002,09	95561,5	94682	95553,6	LONG	0,00167	5981,87	0,00648	HOLD	98,2349	247,7897
2026-01-17	04:00	95553,61	95600	95359,69	95523,52	LONG	0,00167	5981,87	0,00648	HOLD	98,2349	247,7394
2026-01-17	05:00	95523,52	95574	95260,64	95514	LONG	0,00167	5981,87	0,00648	HOLD	98,2349	247,7235
2026-01-17	06:00	95513,99	95577,89	95433,83	95550,94	LONG	0,00167	5981,87	0,00648	HOLD	98,2349	247,7852
2026-01-17	07:00	95550,94	95578,2	95433,94	95465,97	LONG	0,00167	5981,87	0,00648	HOLD	98,2349	247,6433
2026-01-17	08:00	95465,97	95530	95384,86	95399,93	LONG	0,00167	5981,87	0,00648	HOLD	98,2349	247,533
2026-01-17	09:00	95399,94	95412,86	95200	95371,35	LONG	0,00167	5981,87	0,00648	HOLD	98,2349	247,4853
2026-01-17	10:00	95371,36	95384,87	95270,79	95372,95	LONG	0,00167	5981,87	0,00648	HOLD	98,2349	247,488
2026-01-17	11:00	95372,94	95372,95	95260,64	95303,64	LONG	0,00167	5981,87	0,00648	HOLD	98,2349	247,3722
2026-01-17	12:00	95303,63	95373,64	95275,05	95323,67	LONG	0,00167	5981,87	0,00648	HOLD	98,2349	247,4057
2026-01-17	13:00	95323,68	95347,89	95186,29	95240,07	LONG	0,00167	5981,87	0,00648	HOLD	98,2349	247,2661
2026-01-17	14:00	95240,08	95240,08	95041,7	95101,67	LONG	0,00167	5981,87	0,00648	HOLD	98,2349	247,0349
2026-01-17	15:00	95101,67	95260,65	95021,67	95247,51	LONG	0,00167	5981,87	0,00648	HOLD	98,2349	247,2785
2026-01-17	16:00	95247,51	95290,08	95176,9	95260,65	LONG	0,00167	5981,87	0,00648	HOLD	98,2349	247,3004
2026-01-17	17:00	95260,65	95271,21	95116,47	95116,48	LONG	0,00167	5981,87	0,00648	HOLD	98,2349	247,0597
2026-01-17	18:00	95116,48	95323,86	95073,57	95323,86	LONG	0,00167	5981,87	0,00648	HOLD	98,2349	247,406
2026-01-17	19:00	95323,85	95412,84	95243,63	95251,15	LONG	0,00167	5981,87	0,00648	HOLD	98,2349	247,2846
2026-01-17	20:00	95251,15	95438,33	95198,81	95438,32	LONG	0,00167	5981,87	0,00648	HOLD	98,2349	247,5971
2026-01-17	21:00	95438,32	95544,07	95357,02	95471,18	LONG	0,00167	5981,87	0,00648	HOLD	98,2349	247,652
2026-01-17	22:00	95471,17	95639,45	95433,81	95573,64	LONG	0,00167	5981,87	0,00648	HOLD	98,2349	247,8231
2026-01-17	23:00	95573,65	95576,14	95212,25	95315,23	LONG	0,00167	5981,87	0,00648	HOLD	98,2349	247,3916
2026-01-18	00:00	95315,23	95440,8	95295,17	95357,24	LONG	0,00167	5981,87	0,00648	HOLD	98,2349	247,4617
2026-01-18	01:00	95357,23	95465,98	95346	95428,25	LONG	0,00167	5981,87	0,00648	HOLD	98,2349	247,5803
2026-01-18	02:00	95428,25	95428,25	95290,7	95291,38	LONG	0,00167	5981,87	0,00648	HOLD	98,2349	247,3517
2026-01-18	03:00	95291,37	95383,84	95291,36	95378,18	LONG	0,00167	5981,87	0,00648	HOLD	98,2349	247,4967
2026-01-18	04:00	95378,19	95412,86	95283,99	95302,94	LONG	0,00167	5981,87	0,00648	HOLD	98,2349	247,3711
2026-01-18	05:00	95302,94	95302,94	95050	95170,97	LONG	0,00167	5981,87	0,00648	HOLD	98,2349	247,1507
2026-01-18	06:00	95170,98	95208,96	95123,79	95147,77	LONG	0,00167	5981,87	0,00648	HOLD	98,2349	247,1119
2026-01-18	07:00	95147,77	95250	95067,83	95112,47	LONG	0,00167	5981,87	0,00648	HOLD	98,2349	247,053
2026-01-18	08:00	95112,48	95112,48	94876,33	94966,9	LONG	0,00167	5981,87	0,00648	HOLD	98,2349	246,8099
2026-01-18	09:00	94966,89	95069,07	94880,53	95022,01	LONG	0,00167	5981,87	0,00648	HOLD	98,2349	246,9019
2026-01-18	10:00	95022,01	95205,74	95022,01	95200,29	LONG	0,00167	5981,87	0,00648	HOLD	98,2349	247,1996
2026-01-18	11:00	95200,29	95200,3	95075,3	95095,68	LONG	0,00167	5981,87	0,00648	HOLD	98,2349	247,0249
2026-01-18	12:00	95095,68	95260	95059,27	95188,55	LONG	0,00167	5981,87	0,00648	HOLD	98,2349	247,18
2026-01-18	13:00	95188,54	95199,62	95144,3	95171,43	LONG	0,00167	5981,87	0,00648	HOLD	98,2349	247,1514
2026-01-18	14:00	95171,44	95183,3	95028,27	95028,27	LONG	0,00167	5981,87	0,00648	HOLD	98,2349	246,9124
2026-01-18	15:00	95028,27	95195	95021,44	95183,93	LONG	0,00167	5981,87	0,00648	HOLD	98,2349	247,1723
2026-01-18	16:00	95183,93	95295,35	95149,18	95275,73	LONG	0,00167	5981,87	0,00648	HOLD	98,2349	247,3256
2026-01-18	17:00	95275,73	95295,39	95088	95180,66	LONG	0,00167	5981,87	0,00648	HOLD	98,2349	247,1668
2026-01-18	18:00	95180,67	95180,67	95061,65	95168,06	LONG	0,00167	5981,87	0,00648	HOLD	98,2349	247,1458
2026-01-18	19:00	95168,06	95178,09	95081,32	95113,25	LONG	0,00167	5981,87	0,00648	HOLD	98,2349	247,0543
2026-01-18	20:00	95113,24	95205,4	94910	95146,82	LONG	0,00167	5981,87	0,00648	HOLD	98,2349	247,1103
2026-01-18	21:00	95146,82	95376,24	94928,51	94955,79	LONG	0,00167	5981,87	0,00648	HOLD	98,2349	246,7913
2026-01-18	22:00	94955,78	95125,47	94915,21	95119,28	LONG	0,00167	5981,87	0,00648	HOLD	98,2349	247,0643
2026-01-18	23:00	95119,27	95186,3	95073,02	95169,35	LONG	0,00167	5981,87	0,00648	HOLD	98,2349	247,148
2026-01-19	00:00	95169,35	95280,24	95140,61	95274,36	LONG	0,00167	5981,87	0,00648	HOLD	98,2349	247,3233
2026-01-19	01:00	95274,35	95521,71	95180,9	95439,6	LONG	0,00167	5981,87	0,00648	HOLD	98,2349	247,5993
2026-01-19	02:00	95439,6	95514	95333,99	95380,99	LONG	0,00167	5981,87	0,00648	HOLD	98,2349	247,5014
2026-01-19	03:00	95380,99	95441,22	95285,2	95304,01	LONG	0,00167	5981,87	0,00648	HOLD	98,2349	247,3728
2026-01-19	04:00	95304,01	95430,45	95284,23	95430,44	LONG	0,00167	5981,87	0,00648	HOLD	98,2349	247,584
2026-01-19	05:00	95430,45	95531,12	95412,86	95498,61	LONG	0,00167	5981,87	0,00648	HOLD	98,2349	247,6978
2026-01-19	06:00	95498,6	95498,6	93615,4	93673,14	LONG	0,00167	5981,87	0,00648	HOLD	98,2349	244,6493
2026-01-19	07:00	93673,14	93673,14	91910,2	92711,02	LONG	0,00167	5981,87	0,00648	HOLD	98,2349	243,0425
2026-01-19	08:00	92711,02	92875,68	92247,97	92586,65	LONG	0,00167	5981,87	0,00648	HOLD	98,2349	242,8348
2026-01-19	09:00	92586,65	92672	92383,94	92566,8	LONG	0,00167	5981,87	0,00648	HOLD	98,2349	242,8017
2026-01-19	10:00	92566,8	92776,83	92500	92690,09	LONG	0,00167	5981,87	0,00648	HOLD	98,2349	243,0076
2026-01-19	11:00	92690,08	92748,32	92502,58	92665	LONG	0,00167	5981,87	0,00648	HOLD	98,2349	242,9657
2026-01-19	12:00	92665	92811,11	92504,24	92511,77	LONG	0,00167	5981,87	0,00648	HOLD	98,2349	242,7098
2026-01-19	13:00	92511,77	92629,26	92385,07	92583,27	LONG	0,00167	5981,87	0,00648	HOLD	98,2349	242,8292
2026-01-19	14:00	92583,27	92861,41	92562	92841,62	LONG	0,00167	5981,87	0,00648	HOLD	98,2349	243,2606
2026-01-19	15:00	92841,62	93368,44	92702,56	93259,09	LONG	0,00167	5981,87	0,00648	HOLD	98,2349	243,9578
2026-01-19	16:00	93259,09	93268,12	92950	93060,06	LONG	0,00167	5981,87	0,00648	HOLD	98,2349	243,6254
2026-01-19	17:00	93060,06	93081,3	92900	93064,88	LONG	0,00167	5981,87	0,00648	HOLD	98,2349	243,6335
2026-01-19	18:00	93064,88	93317,29	92969,94	93191,96	LONG	0,00167	5981,87	0,00648	HOLD	98,2349	243,8457
2026-01-19	19:00	93191,96	93226,44	92979,48	93070,6	LONG	0,00167	5981,87	0,00648	HOLD	98,2349	243,643
2026-01-19	20:00	93070,6	93151,37	92807,34	93031,86	LONG	0,00167	5981,87	0,00648	HOLD	98,2349	243,5783
2026-01-19	21:00	93031,85	93039,6	92700	92812,43	LONG	0,00167	5981,87	0,00648	HOLD	98,2349	243,2119
2026-01-19	22:00	92812,43	93081	92812,43	93068,62	LONG	0,00167	5981,87	0,00648	HOLD	98,2349	243,6397
2026-01-19	23:00	93068,62	93420	92994	93301,86	LONG	0,00167	5981,87	0,00648	HOLD	98,2349	244,0292
2026-01-20	00:00	93301,85	93389,45	93150	93242,99	LONG	0,00167	5981,87	0,00648	HOLD	98,2349	243,9309
2026-01-20	01:00	93242,99	93259,39	92930	93065,84	LONG	0,00167	5981,87	0,00648	HOLD	98,2349	243,6351
2026-01-20	02:00	93065,83	93154,32	93000	93105,85	LONG	0,00167	5981,87	0,00648	HOLD	98,2349	243,7019
2026-01-20	03:00	93105,85	93274,82	93084,15	93141,94	LONG	0,00167	5981,87	0,00648	HOLD	98,2349	243,7622
2026-01-20	04:00	93141,95	93342,36	93000,03	93003,42	LONG	0,00167	5981,87	0,00648	HOLD	98,2349	243,5309
2026-01-20	05:00	93003,41	93060	92565,78	92565,78	LONG	0,00167	5981,87	0,00648	HOLD	98,2349	242,8
2026-01-20	06:00	92565,78	92750	92158,48	92631	LONG	0,00167	5981,87	0,00648	HOLD	98,2349	242,9089
2026-01-20	07:00	92630,99	92870	92370,25	92717,9	LONG	0,00167	5981,87	0,00648	HOLD	98,2349	243,054
2026-01-20	08:00	92717,9	92867,28	92525,8	92716,48	LONG	0,00167	5981,87	0,00648	HOLD	98,2349	243,0517
2026-01-20	09:00	92716,47	92729,94	92370,68	92552,16	LONG	0,00167	5981,87	0,00648	HOLD	98,2349	242,7772
2026-01-20	10:00	92552,15	92650	92264,7	92434,92	LONG	0,00167	5981,87	0,00648	HOLD	98,2349	242,5815
2026-01-20	11:00	92434,93	92470,37	92000,01	92062,61	LONG	0,00167	5981,87	0,00648	HOLD	98,2349	241,9597
2026-01-20	12:00	92062,62	92084,8	91294,11	91624,18	LONG	0,00167	5981,87	0,00648	HOLD	98,2349	241,2275
2026-01-20	13:00	91624,19	91625,31	90771,78	90929,98	LONG	0,00167	5981,87	0,00648	HOLD	98,2349	240,0682
2026-01-20	14:00	90929,98	91319,05	90862,83	91177,98	LONG	0,00167	5981,87	0,00648	HOLD	98,2349	240,4824
2026-01-20	15:00	91177,99	91255,7	90693	91116	LONG	0,00167	5981,87	0,00648	HOLD	98,2349	240,3789
2026-01-20	16:00	91116	91116	90899	91036,25	LONG	0,00167	5981,87	0,00648	HOLD	98,2349	240,2457
2026-01-20	17:00	91036,25	91294,11	90998,08	91269,58	LONG	0,00167	5981,87	0,00648	HOLD	98,2349	240,6353
2026-01-20	18:00	91269,57	91442,88	91214,36	91218,99	LONG	0,00167	5981,87	0,00648	HOLD	98,2349	240,5509
2026-01-20	19:00	91218,99	91318,94	91027,74	91280,31	LONG	0,00167	5981,87	0,00648	HOLD	98,2349	240,6533
2026-01-20	20:00	91280,31	91289,64	90777	90958,88	LONG	0,00167	5981,87	0,00648	HOLD	98,2349	240,1165
2026-01-20	21:00	90958,89	91371,11	90272,53	90531,15	LONG	0,00167	5981,87	0,00648	HOLD	98,2349	239,4022
2026-01-20	22:00	90531,15	90808,04	89859,06	90684,95	LONG	0,00167	5981,87	0,00648	HOLD	98,2349	239,659
2026-01-20	23:00	90684,95	90974,49	90023,99	90165,51	LONG	0,00167	5981,87	0,00648	HOLD	98,2349	238,7915
2026-01-21	00:00	90165,5	90505,68	89431,1	89775,46	LONG	0,00167	5981,87	0,00648	HOLD	98,2349	238,1402
2026-01-21	01:00	89775,47	89958	89395,07	89501	LONG	0,00167	5981,87	0,00648	HOLD	98,2349	237,6818
2026-01-21	02:00	89501	89795,45	89292,48	89725,76	LONG	0,00167	5981,87	0,00648	HOLD	98,2349	238,0572
2026-01-21	03:00	89725,77	89854,2	89400	89733,99	LONG	0,00167	5981,87	0,00648	HOLD	98,2349	238,0709
2026-01-21	04:00	89734	89829,11	89428	89476,01	LONG	0,00167	5981,87	0,00648	HOLD	98,2349	237,6401
2026-01-21	05:00	89476,01	89645,56	87900	88509,18	LONG	0,00167	5981,87	0,00648	HOLD	98,2349	236,0255
2026-01-21	06:00	88509,18	88534,21	87895,98	88427,66	LONG	0,00167	5981,87	0,00648	HOLD	98,2349	235,8893
2026-01-21	07:00	88427,66	88982	88250	88936,01	LONG	0,00167	5981,87	0,00648	HOLD	98,2349	236,7383
2026-01-21	08:00	88936,01	89165,2	88850	89020,91	LONG	0,00167	5981,87	0,00648	HOLD	98,2349	236,8801
2026-01-21	09:00	89020,91	89381,86	89000	89048,57	LONG	0,00167	5981,87	0,00648	HOLD	98,2349	236,9263
2026-01-21	10:00	89048,56	89598,8	89046	89432,33	LONG	0,00167	5981,87	0,00648	HOLD	98,2349	237,5671
2026-01-21	11:00	89432,33	89630	89354,72	89448,89	LONG	0,00167	5981,87	0,00648	HOLD	98,2349	237,5948
2026-01-21	12:00	89448,89	90120,44	89437,25	89950,04	LONG	0,00167	5981,87	0,00648	HOLD	98,2349	238,4317
2026-01-21	13:00	89950,03	89950,04	89491,96	89649,62	LONG	0,00167	5981,87	0,00648	HOLD	98,2349	237,93
2026-01-21	14:00	89649,63	89767,29	89093,28	89213,95	LONG	0,00167	5981,87	0,00648	HOLD	98,2349	237,2024
2026-01-21	15:00	89213,96	89385,4	89000	89197,35	LONG	0,00167	5981,87	0,00648	HOLD	98,2349	237,1747
2026-01-21	16:00	89197,36	89493,46	89080	89112,3	LONG	0,00167	5981,87	0,00648	HOLD	98,2349	237,0327
2026-01-21	17:00	89112,3	89395,08	89080	89248,99	LONG	0,00167	5981,87	0,00648	HOLD	98,2349	237,261
2026-01-21	18:00	89248,99	89382	88700	88789,99	LONG	0,00167	5981,87	0,00648	HOLD	98,2349	236,4944
2026-01-21	19:00	88789,99	88849,39	88196,72	88736,31	LONG	0,00167	5981,87	0,00648	HOLD	98,2349	236,4048
2026-01-21	20:00	88736,31	89020,32	88558,67	88672,64	LONG	0,00167	5981,87	0,00648	HOLD	98,2349	236,2985
2026-01-21	21:00	88672,64	89993,88	88611,15	89805,43	LONG	0,00167	5981,87	0,00648	HOLD	98,2349	238,1902
2026-01-21	22:00	89805,43	90574	89759,59	90288,04	LONG	0,00167	5981,87	0,00648	HOLD	98,2349	238,9962
2026-01-21	23:00	90288,04	90360	87590	87602,4	LONG	0,00167	5981,87	0,00648	HOLD	98,2349	234,5112
2026-01-22	00:00	87602,39	88156,47	87263,53	87932,38	LONG	0,00167	5981,87	0,00648	HOLD	98,2349	235,0622
2026-01-22	01:00	87932,37	88657,23	87585,05	88485,43	LONG	0,00167	5981,87	0,00648	HOLD	98,2349	235,9858
2026-01-22	02:00	88485,43	90450	88280,55	90355,56	LONG	0,00167	5981,87	0,00648	HOLD	98,2349	239,1089
2026-01-22	03:00	90355,56	90377	89392	90214,01	LONG	0,00167	5981,87	0,00648	HOLD	98,2349	238,8725
2026-01-22	04:00	90214,02	90339,58	89950,36	90249,18	LONG	0,00167	5981,87	0,00648	HOLD	98,2349	238,9313
2026-01-22	05:00	90249,18	90377	89752,38	89763,51	LONG	0,00167	5981,87	0,00648	HOLD	98,2349	238,1202
2026-01-22	06:00	89763,51	90212,89	89344,98	89454,73	LONG	0,00167	5981,87	0,00648	HOLD	98,2349	237,6045
2026-01-22	07:00	89454,73	90032,5	89454,72	89908,49	LONG	0,00167	5981,87	0,00648	HOLD	98,2349	238,3623
2026-01-22	08:00	89908,5	90198,51	89826,38	90113,19	LONG	0,00167	5981,87	0,00648	HOLD	98,2349	238,7042
2026-01-22	09:00	90113,2	90359,99	89851,03	89938,3	LONG	0,00167	5981,87	0,00648	HOLD	98,2349	238,4121
2026-01-22	10:00	89938,3	90166,67	89702,84	89899,51	LONG	0,00167	5981,87	0,00648	HOLD	98,2349	238,3473
2026-01-22	11:00	89899,51	90076,77	89826,67	89998,91	LONG	0,00167	5981,87	0,00648	HOLD	98,2349	238,5133
2026-01-22	12:00	89998,91	90075,8	89928,09	90026,3	LONG	0,00167	5981,87	0,00648	HOLD	98,2349	238,5591
2026-01-22	13:00	90026,3	90215,79	89900	90172,11	LONG	0,00167	5981,87	0,00648	HOLD	98,2349	238,8026
2026-01-22	14:00	90172,12	90196,99	89802	89818,79	LONG	0,00167	5981,87	0,00648	HOLD	98,2349	238,2125
2026-01-22	15:00	89818,79	89968,28	89760	89920,16	LONG	0,00167	5981,87	0,00648	HOLD	98,2349	238,3818
2026-01-22	16:00	89920,16	90113,43	89883,8	90033,02	LONG	0,00167	5981,87	0,00648	HOLD	98,2349	238,5703
2026-01-22	17:00	90033,02	90101,83	89960	90078,77	LONG	0,00167	5981,87	0,00648	HOLD	98,2349	238,6467
2026-01-22	18:00	90078,76	90150	89897,87	89941,26	LONG	0,00167	5981,87	0,00648	HOLD	98,2349	238,417
2026-01-22	19:00	89941,26	90099,99	89873,09	90021,09	LONG	0,00167	5981,87	0,00648	HOLD	98,2349	238,5504
2026-01-22	20:00	90021,09	90340	89478,92	89619,81	LONG	0,00167	5981,87	0,00648	HOLD	98,2349	237,8802
2026-01-22	21:00	89619,81	89742,67	89039,78	89088,59	LONG	0,00167	5981,87	0,00648	HOLD	98,2349	236,9931
2026-01-22	22:00	89088,6	89445,24	88515,37	89000,01	LONG	0,00167	5981,87	0,00648	HOLD	98,2349	236,8452
2026-01-22	23:00	89000	89270	88676,95	89054,06	LONG	0,00167	5981,87	0,00648	HOLD	98,2349	236,9354
2026-01-23	00:00	89054,07	89616,04	89024,55	89550,01	LONG	0,00167	5981,87	0,00648	HOLD	98,2349	237,7637
2026-01-23	01:00	89550	89797,5	89301,9	89333,94	LONG	0,00167	5981,87	0,00648	HOLD	98,2349	237,4028
2026-01-23	02:00	89333,93	89924,46	89114,48	89777,9	LONG	0,00167	5981,87	0,00648	HOLD	98,2349	238,1442
2026-01-23	03:00	89777,89	89946,13	89398,87	89409,72	LONG	0,00167	5981,87	0,00648	HOLD	98,2349	237,5294
2026-01-23	04:00	89409,73	89669,21	89238,32	89268,66	LONG	0,00167	5981,87	0,00648	HOLD	98,2349	237,2938
2026-01-23	05:00	89268,66	89566	89140,13	89346,99	LONG	0,00167	5981,87	0,00648	HOLD	98,2349	237,4246
2026-01-23	06:00	89346,99	89583,62	89170,74	89559,67	LONG	0,00167	5981,87	0,00648	HOLD	98,2349	237,7798
2026-01-23	07:00	89559,68	89638,84	89450,48	89520,01	LONG	0,00167	5981,87	0,00648	HOLD	98,2349	237,7136
2026-01-23	08:00	89520,01	89939,39	89520,01	89939,38	LONG	0,00167	5981,87	0,00648	HOLD	98,2349	238,4139
2026-01-23	09:00	89939,39	89979,97	89655,41	89663,48	LONG	0,00167	5981,87	0,00648	HOLD	98,2349	237,9532
2026-01-23	10:00	89663,47	89924,78	89646,18	89924,78	LONG	0,00167	5981,87	0,00648	HOLD	98,2349	238,3895
2026-01-23	11:00	89924,78	90088,94	89871,73	89965,42	LONG	0,00167	5981,87	0,00648	HOLD	98,2349	238,4574
2026-01-23	12:00	89965,43	89969,02	89473,99	89616,03	LONG	0,00167	5981,87	0,00648	HOLD	98,2349	237,8739
2026-01-23	13:00	89616,04	89799,36	89400	89509,59	LONG	0,00167	5981,87	0,00648	HOLD	98,2349	237,6962
2026-01-23	14:00	89509,59	89686,4	89447,52	89549,45	LONG	0,00167	5981,87	0,00648	HOLD	98,2349	237,7627
2026-01-23	15:00	89549,45	89632,18	89133,35	89221,46	LONG	0,00167	5981,87	0,00648	HOLD	98,2349	237,215
2026-01-23	16:00	89221,46	89388,71	88897,81	88977,72	LONG	0,00167	5981,87	0,00648	HOLD	98,2349	236,8079
2026-01-23	17:00	88977,72	89160,74	88860,44	89046,49	LONG	0,00167	5981,87	0,00648	HOLD	98,2349	236,9228
2026-01-23	18:00	89046,49	89355,51	89000	89202,48	LONG	0,00167	5981,87	0,00648	HOLD	98,2349	237,1833
2026-01-23	19:00	89202,47	89383,09	89099,2	89267,83	LONG	0,00167	5981,87	0,00648	HOLD	98,2349	237,2924
2026-01-23	20:00	89267,83	89450,18	89237,65	89350,81	LONG	0,00167	5981,87	0,00648	HOLD	98,2349	237,431
2026-01-23	21:00	89350,8	89733,71	88663,65	89017,85	LONG	0,00167	5981,87	0,00648	HOLD	98,2349	236,875
2026-01-23	22:00	89017,85	89865,53	88578,36	89761,61	LONG	0,00167	5981,87	0,00648	HOLD	98,2349	238,117
2026-01-23	23:00	89761,61	90490,06	89489	90124,85	LONG	0,00167	5981,87	0,00648	HOLD	98,2349	238,7236
2026-01-24	00:00	90124,86	91224,99	89978,4	90600	LONG	0,00167	5981,87	0,00648	HOLD	98,2349	239,5171
2026-01-24	01:00	90600	91039,75	90449,42	90530,45	LONG	0,00167	5981,87	0,00648	HOLD	98,2349	239,401
2026-01-24	02:00	90530,44	90534,59	89612,01	89982,79	LONG	0,00167	5981,87	0,00648	HOLD	98,2349	238,4864
2026-01-24	03:00	89982,79	90156,06	89200,68	89503,68	LONG	0,00167	5981,87	0,00648	HOLD	98,2349	237,6863
2026-01-24	04:00	89503,67	89691,18	89317	89349,99	LONG	0,00167	5981,87	0,00648	HOLD	98,2349	237,4296
2026-01-24	05:00	89349,99	89752,45	89335,35	89624,61	LONG	0,00167	5981,87	0,00648	HOLD	98,2349	237,8882
2026-01-24	06:00	89624,6	89631	89472,13	89600,26	LONG	0,00167	5981,87	0,00648	HOLD	98,2349	237,8476
2026-01-24	07:00	89600,26	89625,41	89424,39	89452,83	LONG	0,00167	5981,87	0,00648	HOLD	98,2349	237,6014
2026-01-24	08:00	89452,83	89588,72	89450,58	89550,24	LONG	0,00167	5981,87	0,00648	HOLD	98,2349	237,764
2026-01-24	09:00	89550,24	89722,57	89550,24	89702,85	LONG	0,00167	5981,87	0,00648	HOLD	98,2349	238,0189
2026-01-24	10:00	89702,85	89957,39	89670,88	89770,02	LONG	0,00167	5981,87	0,00648	HOLD	98,2349	238,1311
2026-01-24	11:00	89770,03	89853,38	89709,08	89829,35	LONG	0,00167	5981,87	0,00648	HOLD	98,2349	238,2302
2026-01-24	12:00	89829,36	89849,78	89751,21	89775,2	LONG	0,00167	5981,87	0,00648	HOLD	98,2349	238,1397
2026-01-24	13:00	89775,2	89784,88	89602,22	89649,32	LONG	0,00167	5981,87	0,00648	HOLD	98,2349	237,9295
2026-01-24	14:00	89649,33	89692,31	89572,81	89620,1	LONG	0,00167	5981,87	0,00648	HOLD	98,2349	237,8807
2026-01-24	15:00	89620,11	89686,43	89583,02	89660,88	LONG	0,00167	5981,87	0,00648	HOLD	98,2349	237,9488
2026-01-24	16:00	89660,88	89660,88	89600	89600	LONG	0,00167	5981,87	0,00648	HOLD	98,2349	237,8471
2026-01-24	17:00	89600,01	89654,79	89577,97	89626,8	LONG	0,00167	5981,87	0,00648	HOLD	98,2349	237,8919
2026-01-24	18:00	89626,79	89676,26	89595,4	89595,4	LONG	0,00167	5981,87	0,00648	HOLD	98,2349	237,8395
2026-01-24	19:00	89595,41	89595,41	89486,87	89537,82	LONG	0,00167	5981,87	0,00648	HOLD	98,2349	237,7433
2026-01-24	20:00	89537,82	89540,44	89368,21	89368,22	LONG	0,00167	5981,87	0,00648	HOLD	98,2349	237,4601
2026-01-24	21:00	89368,22	89512,05	89171,75	89450,03	LONG	0,00167	5981,87	0,00648	HOLD	98,2349	237,5967
2026-01-24	22:00	89450,03	89492,14	89263,64	89275,77	LONG	0,00167	5981,87	0,00648	HOLD	98,2349	237,3057
2026-01-24	23:00	89275,77	89369,79	89162,08	89290,01	LONG	0,00167	5981,87	0,00648	HOLD	98,2349	237,3295
2026-01-25	00:00	89290,01	89414,38	89252,93	89406,5	LONG	0,00167	5981,87	0,00648	HOLD	98,2349	237,524
2026-01-25	01:00	89406,5	89461,4	89382,05	89395,23	LONG	0,00167	5981,87	0,00648	HOLD	98,2349	237,5052
2026-01-25	02:00	89395,22	89395,23	89276,58	89331,36	LONG	0,00167	5981,87	0,00648	HOLD	98,2349	237,3985
2026-01-25	03:00	89331,36	89399,99	89331,35	89380,01	LONG	0,00167	5981,87	0,00648	HOLD	98,2349	237,4798
2026-01-25	04:00	89380	89386,61	89270	89386,61	LONG	0,00167	5981,87	0,00648	HOLD	98,2349	237,4908
2026-01-25	05:00	89386,61	89489,84	89304,85	89430	LONG	0,00167	5981,87	0,00648	HOLD	98,2349	237,5632
2026-01-25	06:00	89429,99	89474,65	89215,59	89225,34	LONG	0,00167	5981,87	0,00648	HOLD	98,2349	237,2215
2026-01-25	07:00	89225,34	89315,18	89183,49	89315,18	LONG	0,00167	5981,87	0,00648	HOLD	98,2349	237,3715
2026-01-25	08:00	89315,18	89319,13	89102,58	89176,31	LONG	0,00167	5981,87	0,00648	HOLD	98,2349	237,1396
2026-01-25	09:00	89176,31	89268,36	89129,62	89139,04	LONG	0,00167	5981,87	0,00648	HOLD	98,2349	237,0773
2026-01-25	10:00	89139,04	89176,72	88838,72	88960,35	LONG	0,00167	5981,87	0,00648	HOLD	98,2349	236,7789
2026-01-25	11:00	88960,36	89090,13	88941,03	89006,96	LONG	0,00167	5981,87	0,00648	HOLD	98,2349	236,8568
2026-01-25	12:00	89006,97	89045,44	88870,45	88990,9	LONG	0,00167	5981,87	0,00648	HOLD	98,2349	236,8299
2026-01-25	13:00	88990,89	88990,9	88649,98	88831,36	LONG	0,00167	5981,87	0,00648	HOLD	98,2349	236,5635
2026-01-25	14:00	88831,36	88831,36	88635,84	88659,99	LONG	0,00167	5981,87	0,00648	HOLD	98,2349	236,2773
2026-01-25	15:00	88659,99	88760	88136	88300,01	LONG	0,00167	5981,87	0,00648	HOLD	98,2349	235,6762
2026-01-25	16:00	88300	88488	88238,5	88398,38	LONG	0,00167	5981,87	0,00648	HOLD	98,2349	235,8404
2026-01-25	17:00	88398,38	88671,27	88398,37	88659,51	LONG	0,00167	5981,87	0,00648	HOLD	98,2349	236,2765
2026-01-25	18:00	88659,52	88710	88536,11	88570,17	LONG	0,00167	5981,87	0,00648	HOLD	98,2349	236,1273
2026-01-25	19:00	88570,17	88800	88450	88791,99	LONG	0,00167	5981,87	0,00648	HOLD	98,2349	236,4978
2026-01-25	20:00	88791,98	88971,89	88650,98	88921	LONG	0,00167	5981,87	0,00648	HOLD	98,2349	236,7132
2026-01-25	21:00	88920,99	88938,94	88624,55	88710,1	LONG	0,00167	5981,87	0,00648	HOLD	98,2349	236,361
2026-01-25	22:00	88710,1	88760,35	88340,75	88446,5	LONG	0,00167	5981,87	0,00648	HOLD	98,2349	235,9208
2026-01-25	23:00	88446,51	88448,85	87560	88077,26	LONG	0,00167	5981,87	0,00648	HOLD	98,2349	235,3042
2026-01-26	00:00	88077,25	88108,24	87767,18	87892,17	LONG	0,00167	5981,87	0,00648	HOLD	98,2349	234,9951
2026-01-26	01:00	87892,16	87983,29	86827,1	87420,01	LONG	0,00167	5981,87	0,00648	HOLD	98,2349	234,2066
2026-01-26	02:00	87420,01	87508,15	86194,85	86495,16	LONG	0,00167	5981,87	0,00648	HOLD	98,2349	232,6621
2026-01-26	03:00	86495,17	86718,75	86222,02	86654,61	LONG	0,00167	5981,87	0,00648	HOLD	98,2349	232,9283
2026-01-26	04:00	86654,6	87013,79	86400	86568,5	LONG	0,00167	5981,87	0,00648	HOLD	98,2349	232,7845
2026-01-26	05:00	86568,51	86694,78	86217,32	86521,39	LONG	0,00167	5981,87	0,00648	HOLD	98,2349	232,7059
2026-01-26	06:00	86521,39	86791,91	86074,72	86670,36	LONG	0,00167	5981,87	0,00648	HOLD	98,2349	232,9546
2026-01-26	07:00	86670,36	87167,84	86509,63	86854,86	LONG	0,00167	5981,87	0,00648	HOLD	98,2349	233,2628
2026-01-26	08:00	86854,86	87809,99	86815,37	87698,73	LONG	0,00167	5981,87	0,00648	HOLD	98,2349	234,672
2026-01-26	09:00	87698,74	87973,11	87435,18	87563,38	LONG	0,00167	5981,87	0,00648	HOLD	98,2349	234,446
2026-01-26	10:00	87563,39	87691,41	87062,76	87282,05	LONG	0,00167	5981,87	0,00648	HOLD	98,2349	233,9762
2026-01-26	11:00	87282,04	87953	87244,27	87737,06	LONG	0,00167	5981,87	0,00648	HOLD	98,2349	234,736
2026-01-26	12:00	87737,06	87956,27	87673,12	87826,01	LONG	0,00167	5981,87	0,00648	HOLD	98,2349	234,8846
2026-01-26	13:00	87826,01	88031,73	87764	87937,44	LONG	0,00167	5981,87	0,00648	HOLD	98,2349	235,0707
2026-01-26	14:00	87937,45	88074,48	87701,72	88000,64	LONG	0,00167	5981,87	0,00648	HOLD	98,2349	235,1762
2026-01-26	15:00	88000,64	88424,45	87846,89	87975,39	LONG	0,00167	5981,87	0,00648	HOLD	98,2349	235,134
2026-01-26	16:00	87975,39	88000	87600,69	87663,12	LONG	0,00167	5981,87	0,00648	HOLD	98,2349	234,6126
2026-01-26	17:00	87663,12	87950	87660	87897,55	LONG	0,00167	5981,87	0,00648	HOLD	98,2349	235,0041
2026-01-26	18:00	87897,55	87980	87765,99	87855	LONG	0,00167	5981,87	0,00648	HOLD	98,2349	234,933
2026-01-26	19:00	87855,01	87971,99	87735,38	87799,45	LONG	0,00167	5981,87	0,00648	HOLD	98,2349	234,8402
2026-01-26	20:00	87799,44	88048	87681,4	87960,01	LONG	0,00167	5981,87	0,00648	HOLD	98,2349	235,1084
2026-01-26	21:00	87960,01	88508,41	87450,08	88178,1	LONG	0,00167	5981,87	0,00648	HOLD	98,2349	235,4726
2026-01-26	22:00	88178,09	88860	87325,03	87641,41	LONG	0,00167	5981,87	0,00648	HOLD	98,2349	234,5763
2026-01-26	23:00	87641,41	87964,6	87206	87606,99	LONG	0,00167	5981,87	0,00648	HOLD	98,2349	234,5188
2026-01-27	00:00	87607	87789,47	87035,51	87700,62	LONG	0,00167	5981,87	0,00648	HOLD	98,2349	234,6752
2026-01-27	01:00	87700,61	88403,73	87639,26	88403,72	LONG	0,00167	5981,87	0,00648	HOLD	98,2349	235,8494
2026-01-27	02:00	88403,73	88537,95	87950	88013,19	LONG	0,00167	5981,87	0,00648	HOLD	98,2349	235,1972
2026-01-27	03:00	88013,19	88118	87542,05	87629,22	LONG	0,00167	5981,87	0,00648	HOLD	98,2349	234,5559
2026-01-27	04:00	87629,23	88238,29	87573,35	88064,69	LONG	0,00167	5981,87	0,00648	HOLD	98,2349	235,2832
2026-01-27	05:00	88064,69	88270,29	88001,75	88140,01	LONG	0,00167	5981,87	0,00648	HOLD	98,2349	235,409
2026-01-27	06:00	88140,01	88659,09	88021,86	88347,08	LONG	0,00167	5981,87	0,00648	HOLD	98,2349	235,7548
2026-01-27	07:00	88347,08	88457,3	88200	88353,97	LONG	0,00167	5981,87	0,00648	HOLD	98,2349	235,7663
2026-01-27	08:00	88353,97	88700	88194,82	88550,61	LONG	0,00167	5981,87	0,00648	HOLD	98,2349	236,0947
2026-01-27	09:00	88550,61	88858,96	88550,61	88831,6	LONG	0,00167	5981,87	0,00648	HOLD	98,2349	236,5639
2026-01-27	10:00	88831,59	88898	88582,57	88788	LONG	0,00167	5981,87	0,00648	HOLD	98,2349	236,4911
2026-01-27	11:00	88787,99	89010	88511,88	88579,58	LONG	0,00167	5981,87	0,00648	HOLD	98,2349	236,143
2026-01-27	12:00	88579,58	88586,26	88399,99	88456,3	LONG	0,00167	5981,87	0,00648	HOLD	98,2349	235,9372
2026-01-27	13:00	88456,31	88522,86	88278,03	88332,67	LONG	0,00167	5981,87	0,00648	HOLD	98,2349	235,7307
2026-01-27	14:00	88332,68	88555,14	88312,6	88320,41	LONG	0,00167	5981,87	0,00648	HOLD	98,2349	235,7102
2026-01-27	15:00	88320,41	88397,85	88120,04	88170,82	LONG	0,00167	5981,87	0,00648	HOLD	98,2349	235,4604
2026-01-27	16:00	88170,83	88170,83	87868	87886,82	LONG	0,00167	5981,87	0,00648	HOLD	98,2349	234,9861
2026-01-27	17:00	87886,82	88055,75	87743,84	87786,53	LONG	0,00167	5981,87	0,00648	HOLD	98,2349	234,8186
2026-01-27	18:00	87786,53	88093,19	87743,52	87992,74	LONG	0,00167	5981,87	0,00648	HOLD	98,2349	235,163
2026-01-27	19:00	87992,74	88165,24	87955,98	87986,96	LONG	0,00167	5981,87	0,00648	HOLD	98,2349	235,1534
2026-01-27	20:00	87986,96	88076,82	87799,2	87982,15	LONG	0,00167	5981,87	0,00648	HOLD	98,2349	235,1453
2026-01-27	21:00	87982,15	88474,23	87659,23	87745,02	LONG	0,00167	5981,87	0,00648	HOLD	98,2349	234,7493
2026-01-27	22:00	87745,02	88189,44	87578,67	88047,46	LONG	0,00167	5981,87	0,00648	HOLD	98,2349	235,2544
2026-01-27	23:00	88047,46	88819,89	88002,57	88641,44	LONG	0,00167	5981,87	0,00648	HOLD	98,2349	236,2463
2026-01-28	00:00	88641,43	88699,45	87304,33	87546,58	LONG	0,00167	5981,87	0,00648	HOLD	98,2349	234,4179
2026-01-28	01:00	87546,58	88510,15	87450	88285,05	LONG	0,00167	5981,87	0,00648	HOLD	98,2349	235,6512
2026-01-28	02:00	88285,05	88549,32	88049,89	88408,77	LONG	0,00167	5981,87	0,00648	HOLD	98,2349	235,8578
2026-01-28	03:00	88408,78	89497,19	88373,49	89396,16	LONG	0,00167	5981,87	0,00648	HOLD	98,2349	237,5067
2026-01-28	04:00	89396,03	89523,16	89008,75	89081,46	LONG	0,00167	5981,87	0,00648	HOLD	98,2349	236,9812
2026-01-28	05:00	89081,47	89421,91	89021,61	89243,63	LONG	0,00167	5981,87	0,00648	HOLD	98,2349	237,252
2026-01-28	06:00	89243,63	89515,78	89143,92	89250	LONG	0,00167	5981,87	0,00648	HOLD	98,2349	237,2626
2026-01-28	07:00	89249,99	89468,01	89154,8	89467,72	LONG	0,00167	5981,87	0,00648	HOLD	98,2349	237,6262
2026-01-28	08:00	89467,73	89497,96	89196,87	89404,57	LONG	0,00167	5981,87	0,00648	HOLD	98,2349	237,5208
2026-01-28	09:00	89404,57	89453,89	89100,01	89285,77	LONG	0,00167	5981,87	0,00648	HOLD	98,2349	237,3224
2026-01-28	10:00	89285,78	89311,87	88985	89126,67	LONG	0,00167	5981,87	0,00648	HOLD	98,2349	237,0567
2026-01-28	11:00	89126,68	89160	88840	88975,04	LONG	0,00167	5981,87	0,00648	HOLD	98,2349	236,8035
2026-01-28	12:00	88975,03	89105,56	88849	89084,1	LONG	0,00167	5981,87	0,00648	HOLD	98,2349	236,9856
2026-01-28	13:00	89084,1	89400	89084,1	89317,47	LONG	0,00167	5981,87	0,00648	HOLD	98,2349	237,3753
2026-01-28	14:00	89317,47	89358,51	89099,81	89134,35	LONG	0,00167	5981,87	0,00648	HOLD	98,2349	237,0695
2026-01-28	15:00	89134,35	89258,02	88833,65	88925,47	LONG	0,00167	5981,87	0,00648	HOLD	98,2349	236,7207
2026-01-28	16:00	88925,47	89567,26	88849,99	89567,25	LONG	0,00167	5981,87	0,00648	HOLD	98,2349	237,7924
2026-01-28	17:00	89567,25	89703,87	89330,22	89403,77	LONG	0,00167	5981,87	0,00648	HOLD	98,2349	237,5194
2026-01-28	18:00	89403,76	90156,72	89313,13	90080	LONG	0,00167	5981,87	0,00648	HOLD	98,2349	238,6487
2026-01-28	19:00	90079,99	90176,88	89790	89998,69	LONG	0,00167	5981,87	0,00648	HOLD	98,2349	238,513
2026-01-28	20:00	89998,69	90488	89969,42	90257,91	LONG	0,00167	5981,87	0,00648	HOLD	98,2349	238,9459
2026-01-28	21:00	90257,91	90276,78	89460,01	89617,27	LONG	0,00167	5981,87	0,00648	HOLD	98,2349	237,876
2026-01-28	22:00	89617,27	89849,75	88904,61	89479,66	LONG	0,00167	5981,87	0,00648	HOLD	98,2349	237,6462
2026-01-28	23:00	89479,66	89830	89248,61	89629,66	LONG	0,00167	5981,87	0,00648	HOLD	98,2349	237,8967
2026-01-29	00:00	89629,66	90600	89277,21	90169,88	LONG	0,00167	5981,87	0,00648	HOLD	98,2349	238,7988
2026-01-29	01:00	90169,89	90178,91	89312,88	89546,24	LONG	0,00167	5981,87	0,00648	HOLD	98,2349	237,7574
2026-01-29	02:00	89544	89719,58	89006,36	89402,58	LONG	0,00167	5981,87	0,00648	HOLD	98,2349	237,5175
2026-01-29	03:00	89402,57	89896	89010	89130,63	LONG	0,00167	5981,87	0,00648	HOLD	98,2349	237,0633
2026-01-29	04:00	89130,63	89490,24	88878,01	89412,17	LONG	0,00167	5981,87	0,00648	HOLD	98,2349	237,5335
2026-01-29	05:00	89412,18	89479,04	89138	89396,15	LONG	0,00167	5981,87	0,00648	HOLD	98,2349	237,5067
2026-01-29	06:00	89396,15	89471,41	89209,48	89299,99	LONG	0,00167	5981,87	0,00648	HOLD	98,2349	237,3461
2026-01-29	07:00	89300	89348	88900	89143,91	LONG	0,00167	5981,87	0,00648	HOLD	98,2349	237,0855
2026-01-29	08:00	89143,92	89159,99	88548,87	88603,56	LONG	0,00167	5981,87	0,00648	HOLD	98,2349	236,1831
2026-01-29	09:00	88603,56	88754,64	87704	87907,06	LONG	0,00167	5981,87	0,00648	HOLD	98,2349	235,0199
2026-01-29	10:00	87907,05	88265,39	87771,3	88053,71	LONG	0,00167	5981,87	0,00648	HOLD	98,2349	235,2648
2026-01-29	11:00	88053,71	88345,66	87901,23	88315,2	LONG	0,00167	5981,87	0,00648	HOLD	98,2349	235,7015
2026-01-29	12:00	88315,2	88408,08	88142,66	88186,54	LONG	0,00167	5981,87	0,00648	HOLD	98,2349	235,4867
2026-01-29	13:00	88186,53	88338,67	88168,9	88319,35	LONG	0,00167	5981,87	0,00648	HOLD	98,2349	235,7085
2026-01-29	14:00	88319,35	88430,05	88250	88352,97	LONG	0,00167	5981,87	0,00648	HOLD	98,2349	235,7646
2026-01-29	15:00	88352,96	88500	87907,8	88064,16	LONG	0,00167	5981,87	0,00648	HOLD	98,2349	235,2823
2026-01-29	16:00	88064,16	88160	87892	87892,01	LONG	0,00167	5981,87	0,00648	HOLD	98,2349	234,9948
2026-01-29	17:00	87892	88046,59	87832,18	87946,46	LONG	0,00167	5981,87	0,00648	HOLD	98,2349	235,0857
2026-01-29	18:00	87946,47	88066,94	87750,01	87846,5	LONG	0,00167	5981,87	0,00648	HOLD	98,2349	234,9188
2026-01-29	19:00	87846,5	88121,29	87817,97	88121,21	LONG	0,00167	5981,87	0,00648	HOLD	98,2349	235,3776
2026-01-29	20:00	88121,21	88182,29	87951,67	88052,88	LONG	0,00167	5981,87	0,00648	HOLD	98,2349	235,2635
2026-01-29	21:00	88052,87	88075,23	87008	87014,4	LONG	0,00167	5981,87	0,00648	HOLD	98,2349	233,5292
2026-01-29	22:00	87014,4	87039,51	84366,56	84934,02	LONG	0,00167	5981,87	0,00648	HOLD	98,2349	230,055
2026-01-29	23:00	84934,02	85392,2	84268,17	85270	LONG	0,00167	5981,87	0,00648	HOLD	98,2349	230,616
2026-01-30	00:00	85270,01	85638,3	84012,78	84261,66	LONG	0,00167	5981,87	0,00648	HOLD	98,2349	228,9321
2026-01-30	01:00	84261,66	84630,55	83415	83477,02	LONG	0,00167	5981,87	0,00648	HOLD	98,2349	227,6218
2026-01-30	02:00	83477,02	84334,97	83383,33	84012,11	LONG	0,00167	5981,87	0,00648	HOLD	98,2349	228,5154
2026-01-30	03:00	84012,11	84398,36	83824,9	84216,91	LONG	0,00167	5981,87	0,00648	HOLD	98,2349	228,8574
2026-01-30	04:00	84216,91	84706,32	84200	84526,57	LONG	0,00167	5981,87	0,00648	HOLD	98,2349	229,3745
2026-01-30	05:00	84526,57	84615,74	84306,24	84570,05	LONG	0,00167	5981,87	0,00648	HOLD	98,2349	229,4471
2026-01-30	06:00	84570,04	84737,69	84445,7	84650,16	LONG	0,00167	5981,87	0,00648	HOLD	98,2349	229,5809
2026-01-30	07:00	84650,16	84735,75	84100	84192	LONG	0,00167	5981,87	0,00648	HOLD	98,2349	228,8158
2026-01-30	08:00	84192	84192,01	81118	82468,02	LONG	0,00167	5981,87	0,00648	HOLD	98,2349	225,9367
2026-01-30	09:00	82468,01	82535,89	81154	82164,88	LONG	0,00167	5981,87	0,00648	HOLD	98,2349	225,4305
2026-01-30	10:00	82164,88	82738,89	82036,35	82676,43	LONG	0,00167	5981,87	0,00648	HOLD	98,2349	226,2848
2026-01-30	11:00	82676,42	83332,2	82676,42	82938,92	LONG	0,00167	5981,87	0,00648	HOLD	98,2349	226,7231
2026-01-30	12:00	82938,92	83329,36	82903,23	82914,19	LONG	0,00167	5981,87	0,00648	HOLD	98,2349	226,6818
2026-01-30	13:00	82914,2	82919,21	82056,08	82602,81	LONG	0,00167	5981,87	0,00648	HOLD	98,2349	226,1618
2026-01-30	14:00	82602,81	83100	82483,27	82816,98	LONG	0,00167	5981,87	0,00648	HOLD	98,2349	226,5195
2026-01-30	15:00	82816,98	82995,41	82438,8	82671,7	LONG	0,00167	5981,87	0,00648	HOLD	98,2349	226,2769
2026-01-30	16:00	82671,7	82834,19	82160	82363,72	LONG	0,00167	5981,87	0,00648	HOLD	98,2349	225,7626
2026-01-30	17:00	82363,71	82897,41	82172,02	82833,92	LONG	0,00167	5981,87	0,00648	HOLD	98,2349	226,5478
2026-01-30	18:00	82833,92	83314,85	82682,15	83151,36	LONG	0,00167	5981,87	0,00648	HOLD	98,2349	227,0779
2026-01-30	19:00	83151,36	83329,35	82650	82800,5	LONG	0,00167	5981,87	0,00648	HOLD	98,2349	226,492
2026-01-30	20:00	82800,49	83087,34	82421,64	82740,92	LONG	0,00167	5981,87	0,00648	HOLD	98,2349	226,3925
2026-01-30	21:00	82740,93	83797,99	82738,68	83098	LONG	0,00167	5981,87	0,00648	HOLD	98,2349	226,9888
2026-01-30	22:00	83098	83616,46	82382,01	82883,94	LONG	0,00167	5981,87	0,00648	HOLD	98,2349	226,6313
2026-01-30	23:00	82882,84	83493,6	82549,35	83149	LONG	0,00167	5981,87	0,00648	HOLD	98,2349	227,074
2026-01-31	00:00	83149	83475,8	82641,6	82943,23	LONG	0,00167	5981,87	0,00648	HOLD	98,2349	226,7303
2026-01-31	01:00	82943,23	84160	81871,37	83931,13	LONG	0,00167	5981,87	0,00648	HOLD	98,2349	228,3801
2026-01-31	02:00	83931,13	84621,16	83917,36	84242,99	LONG	0,00167	5981,87	0,00648	HOLD	98,2349	228,9009
2026-01-31	03:00	84243	84299,99	83539,2	83906,34	LONG	0,00167	5981,87	0,00648	HOLD	98,2349	228,3387
2026-01-31	04:00	83906,34	84523,11	83790,44	84273,7	LONG	0,00167	5981,87	0,00648	HOLD	98,2349	228,9522
2026-01-31	05:00	84273,71	84327,06	83918,42	84219,99	LONG	0,00167	5981,87	0,00648	HOLD	98,2349	228,8625
2026-01-31	06:00	84220	84298,96	83933,82	84260,49	LONG	0,00167	5981,87	0,00648	HOLD	98,2349	228,9302
2026-01-31	07:00	84260,5	84270,02	84014,01	84067,83	LONG	0,00167	5981,87	0,00648	HOLD	98,2349	228,6084
2026-01-31	08:00	84067,83	84266,22	83908	83999,99	LONG	0,00167	5981,87	0,00648	HOLD	98,2349	228,4951
2026-01-31	09:00	84000	84183,42	83815,02	84130,01	LONG	0,00167	5981,87	0,00648	HOLD	98,2349	228,7123
2026-01-31	10:00	84130,01	84232	84022,69	84022,69	LONG	0,00167	5981,87	0,00648	HOLD	98,2349	228,533
2026-01-31	11:00	84022,7	84146,22	83941,43	83992,45	LONG	0,00167	5981,87	0,00648	HOLD	98,2349	228,4825
2026-01-31	12:00	83992,44	84097,37	83903,7	84000,01	LONG	0,00167	5981,87	0,00648	HOLD	98,2349	228,4952
2026-01-31	13:00	84000,01	84050,51	83638,4	83786,09	LONG	0,00167	5981,87	0,00648	HOLD	98,2349	228,1379
2026-01-31	14:00	83786,09	83805,02	83404,67	83546,81	LONG	0,00167	5981,87	0,00648	HOLD	98,2349	227,7383
2026-01-31	15:00	83546,82	83629,08	82560,75	83074,07	LONG	0,00167	5981,87	0,00648	HOLD	98,2349	226,9488
2026-01-31	16:00	83074,08	83300	82894	83109,1	LONG	0,00167	5981,87	0,00648	HOLD	98,2349	227,0073
2026-01-31	17:00	83109,1	83203,26	82917,32	83160	LONG	0,00167	5981,87	0,00648	HOLD	98,2349	227,0923
2026-01-31	18:00	83160	83160	82851,97	83020	LONG	0,00167	5981,87	0,00648	HOLD	98,2349	226,8585
2026-01-31	19:00	83020	83140	82720	82762	LONG	0,00167	5981,87	0,00648	HOLD	98,2349	226,4277
2026-01-31	20:00	82761,99	82919,29	82478,59	82767,99	LONG	0,00167	5981,87	0,00648	HOLD	98,2349	226,4377
2026-01-31	21:00	82768	82928,2	80825,76	81479,99	LONG	0,00167	5981,87	0,00648	HOLD	98,2349	224,2867
2026-01-31	22:00	81480	81789,68	81088	81302,15	LONG	0,00167	5981,87	0,00648	HOLD	98,2349	223,9897
2026-01-31	23:00	81302,16	82200	80098,01	80365,04	LONG	0,00167	5981,87	0,00648	HOLD	98,2349	222,4248
2026-02-01	00:00	80365,05	80550,74	78159,9	78893,92	LONG	0,00167	5981,87	0,00648	HOLD	98,2349	219,968
2026-02-01	01:00	78893,92	79143,64	75719,9	78038,38	LONG	0,00167	5981,87	0,00648	HOLD	98,2349	218,5392
2026-02-01	02:00	78038,39	78576,3	77194	77750,01	LONG	0,00167	5981,87	0,00648	HOLD	98,2349	218,0577
2026-02-01	03:00	77750,01	78141,95	77092,34	77999,03	LONG	0,00167	5981,87	0,00648	HOLD	98,2349	218,4735
2026-02-01	04:00	77999,02	78365,02	77372,69	78292	LONG	0,00167	5981,87	0,00648	HOLD	98,2349	218,9628
2026-02-01	05:00	78292	78499,94	78000	78155,17	LONG	0,00167	5981,87	0,00648	HOLD	98,2349	218,7343
2026-02-01	06:00	78155,16	79240	78078,67	78741,09	LONG	0,00167	5981,87	0,00648	HOLD	98,2349	219,7128
2026-02-01	07:00	78741,1	79424	78644,09	78902,31	LONG	0,00167	5981,87	0,00648	HOLD	98,2349	219,982
2026-02-01	08:00	78902,31	78943,62	78284	78532,17	LONG	0,00167	5981,87	0,00648	HOLD	98,2349	219,3639
2026-02-01	09:00	78532,32	79060,44	78378	78900,01	LONG	0,00167	5981,87	0,00648	HOLD	98,2349	219,9782
2026-02-01	10:00	78900,01	79008,36	78666,73	78868,28	LONG	0,00167	5981,87	0,00648	HOLD	98,2349	219,9252
2026-02-01	11:00	78868,29	79119,3	78720,97	78971,75	LONG	0,00167	5981,87	0,00648	HOLD	98,2349	220,098
2026-02-01	12:00	78973,22	79006	78527,13	78620,91	LONG	0,00167	5981,87	0,00648	HOLD	98,2349	219,5121
2026-02-01	13:00	78620,9	78824,1	78266,63	78300	LONG	0,00167	5981,87	0,00648	HOLD	98,2349	218,9761
2026-02-01	14:00	78300,01	78724,01	77967,69	78343	LONG	0,00167	5981,87	0,00648	HOLD	98,2349	219,048
2026-02-01	15:00	78343	78863	78252,64	78604,02	LONG	0,00167	5981,87	0,00648	HOLD	98,2349	219,4839
2026-02-01	16:00	78604,02	79136,1	78551,15	79034,45	LONG	0,00167	5981,87	0,00648	HOLD	98,2349	220,2027
2026-02-01	17:00	79034,45	79220,72	78148,1	78279,73	LONG	0,00167	5981,87	0,00648	HOLD	98,2349	218,9423
2026-02-01	18:00	78279,73	78877,89	78279,72	78743,56	LONG	0,00167	5981,87	0,00648	HOLD	98,2349	219,7169
2026-02-01	19:00	78743,57	78760	78244	78459,67	LONG	0,00167	5981,87	0,00648	HOLD	98,2349	219,2428
2026-02-01	20:00	78459,68	78768,68	78203,21	78317,51	LONG	0,00167	5981,87	0,00648	HOLD	98,2349	219,0054
2026-02-01	21:00	78317,51	78520	77236,68	78211,12	LONG	0,00167	5981,87	0,00648	HOLD	98,2349	218,8277
2026-02-01	22:00	78211,12	78254,2	76761,98	77593,4	LONG	0,00167	5981,87	0,00648	HOLD	98,2349	217,7961
2026-02-01	23:00	77593,4	77838,48	77087,76	77494,77	LONG	0,00167	5981,87	0,00648	HOLD	98,2349	217,6314
2026-02-02	00:00	77494,77	77748	77300	77745,32	LONG	0,00167	5981,87	0,00648	HOLD	98,2349	218,0498
2026-02-02	01:00	77745,33	78443,1	77727,27	78029,28	LONG	0,00167	5981,87	0,00648	HOLD	98,2349	218,524
2026-02-02	02:00	78029,29	78106,1	77000,01	77174,78	LONG	0,00167	5981,87	0,00648	HOLD	98,2349	217,097
2026-02-02	03:00	77174,77	77740,91	76606	77103,04	LONG	0,00167	5981,87	0,00648	HOLD	98,2349	216,9772
2026-02-02	04:00	77103,04	77161,26	76359,87	76526,03	LONG	0,00167	5981,87	0,00648	HOLD	98,2349	216,0136
2026-02-02	05:00	76526,03	77779,63	76456,78	77249,31	LONG	0,00167	5981,87	0,00648	HOLD	98,2349	217,2215
2026-02-02	06:00	77249,31	77610,72	75700	76968,21	LONG	0,00167	5981,87	0,00648	HOLD	98,2349	216,7521
2026-02-02	07:00	76968,22	78231,26	76606,39	77672,61	LONG	0,00167	5981,87	0,00648	HOLD	98,2349	217,9284
2026-02-02	08:00	77672,61	77942,28	76619,69	77518,87	LONG	0,00167	5981,87	0,00648	HOLD	98,2349	217,6717
2026-02-02	09:00	77518,87	77555,62	76449,84	76491,17	LONG	0,00167	5981,87	0,00648	HOLD	98,2349	215,9554
2026-02-02	10:00	76491,18	76575,93	74604	76292,98	LONG	0,00167	5981,87	0,00648	HOLD	98,2349	215,6244
2026-02-02	11:00	76292,98	76621,28	75335,9	75894,15	LONG	0,00167	5981,87	0,00648	HOLD	98,2349	214,9584
2026-02-02	12:00	75894,15	75999,99	74911,14	75502,1	LONG	0,00167	5981,87	0,00648	HOLD	98,2349	214,3036
2026-02-02	13:00	75502,1	76834,71	74957,51	76549,32	LONG	0,00167	5981,87	0,00648	HOLD	98,2349	216,0525
2026-02-02	14:00	76549,32	76958	76327,9	76660,79	LONG	0,00167	5981,87	0,00648	HOLD	98,2349	216,2387
2026-02-02	15:00	76660,78	77191,15	76628,28	76881,28	LONG	0,00167	5981,87	0,00648	HOLD	98,2349	216,6069
2026-02-02	16:00	76881,28	77815	76652	77725,33	LONG	0,00167	5981,87	0,00648	HOLD	98,2349	218,0164
2026-02-02	17:00	77725,33	77876,69	77474,85	77504,54	LONG	0,00167	5981,87	0,00648	HOLD	98,2349	217,6477
2026-02-02	18:00	77504,54	77970,62	77451,11	77759,99	LONG	0,00167	5981,87	0,00648	HOLD	98,2349	218,0743
2026-02-02	19:00	77760	78434	77706	77988,51	LONG	0,00167	5981,87	0,00648	HOLD	98,2349	218,456
2026-02-02	20:00	77988,5	78458	77800	78224,79	LONG	0,00167	5981,87	0,00648	HOLD	98,2349	218,8505
2026-02-02	21:00	78224,8	78885	77626,44	77844,79	LONG	0,00167	5981,87	0,00648	HOLD	98,2349	218,2159
2026-02-02	22:00	77844,78	79360	77564,62	78850,06	LONG	0,00167	5981,87	0,00648	HOLD	98,2349	219,8947
2026-02-02	23:00	78850,06	79288,28	78584	78634,76	LONG	0,00167	5981,87	0,00648	HOLD	98,2349	219,5352
2026-02-03	00:00	78634,75	79213,99	78603,93	78988,64	LONG	0,00167	5981,87	0,00648	HOLD	98,2349	220,1262
2026-02-03	01:00	78988,65	78988,65	78369,13	78569,84	LONG	0,00167	5981,87	0,00648	HOLD	98,2349	219,4268
2026-02-03	02:00	78569,83	78697,99	78283,27	78341,5	LONG	0,00167	5981,87	0,00648	HOLD	98,2349	219,0454
2026-02-03	03:00	78341,5	78667,38	77888	78008,59	LONG	0,00167	5981,87	0,00648	HOLD	98,2349	218,4895
2026-02-03	04:00	78008,59	78552,76	77922	78532,06	LONG	0,00167	5981,87	0,00648	HOLD	98,2349	219,3637
2026-02-03	05:00	78532,07	78853,35	78528,21	78795,2	LONG	0,00167	5981,87	0,00648	HOLD	98,2349	219,8031
2026-02-03	06:00	78795,2	78962,78	78560	78738,61	LONG	0,00167	5981,87	0,00648	HOLD	98,2349	219,7086
2026-02-03	07:00	78738,6	79099,99	78408,05	79065,24	LONG	0,00167	5981,87	0,00648	HOLD	98,2349	220,2541
2026-02-03	08:00	79065,24	79186,81	78716,79	79017,63	LONG	0,00167	5981,87	0,00648	HOLD	98,2349	220,1746
2026-02-03	09:00	79017,64	79017,64	77800	77808,01	LONG	0,00167	5981,87	0,00648	HOLD	98,2349	218,1545
2026-02-03	10:00	77808,02	78907,18	77644,09	78753,32	LONG	0,00167	5981,87	0,00648	HOLD	98,2349	219,7332
2026-02-03	11:00	78753,32	78999,99	78488	78798,39	LONG	0,00167	5981,87	0,00648	HOLD	98,2349	219,8085
2026-02-03	12:00	78798,38	78809,78	78218,98	78240,45	LONG	0,00167	5981,87	0,00648	HOLD	98,2349	218,8767
2026-02-03	13:00	78240,45	78665,91	77950	78594,17	LONG	0,00167	5981,87	0,00648	HOLD	98,2349	219,4674
2026-02-03	14:00	78594,01	78923,93	78488,01	78794,67	LONG	0,00167	5981,87	0,00648	HOLD	98,2349	219,8022
2026-02-03	15:00	78794,67	79084,29	78464,6	78747,96	LONG	0,00167	5981,87	0,00648	HOLD	98,2349	219,7242
2026-02-03	16:00	78747,96	78841,35	77950	78400,01	LONG	0,00167	5981,87	0,00648	HOLD	98,2349	219,1432
2026-02-03	17:00	78400,01	78560	78070	78120,36	LONG	0,00167	5981,87	0,00648	HOLD	98,2349	218,6761
2026-02-03	18:00	78120,36	78349,24	78004,08	78079,5	LONG	0,00167	5981,87	0,00648	HOLD	98,2349	218,6079
2026-02-03	19:00	78079,5	78416,9	78000	78330,26	LONG	0,00167	5981,87	0,00648	HOLD	98,2349	219,0267
2026-02-03	20:00	78330,26	78458,89	78187,91	78307,65	LONG	0,00167	5981,87	0,00648	HOLD	98,2349	218,9889
2026-02-03	21:00	78307,65	78434,61	77156,24	77201,22	LONG	0,00167	5981,87	0,00648	HOLD	98,2349	217,1412
2026-02-03	22:00	77201,21	78196,83	77055,54	78132,33	LONG	0,00167	5981,87	0,00648	HOLD	98,2349	218,6961
2026-02-03	23:00	78132,34	78134,53	76400	76488,08	LONG	0,00167	5981,87	0,00648	HOLD	98,2349	215,9502
2026-02-04	00:00	76488,08	76525,44	74882,28	74915,79	LONG	0,00167	5981,87	0,00648	HOLD	98,2349	213,3245
2026-02-04	01:00	74915,79	75302,76	73137,66	73139,13	LONG	0,00167	5981,87	0,00648	HOLD	98,2349	210,3575
2026-02-04	02:00	73139,12	75291,1	72945,5	74935	LONG	0,00167	5981,87	0,00648	HOLD	98,2349	213,3566
2026-02-04	03:00	74935	76721,25	74586,54	76475,52	LONG	0,00167	5981,87	0,00648	HOLD	98,2349	215,9293
2026-02-04	04:00	76475,53	76960	76124,05	76239,43	LONG	0,00167	5981,87	0,00648	HOLD	98,2349	215,535
2026-02-04	05:00	76239,43	76299,19	75406,79	75708,83	LONG	0,00167	5981,87	0,00648	HOLD	98,2349	214,6489
2026-02-04	06:00	75708,82	76000	75428,16	75770,21	LONG	0,00167	5981,87	0,00648	HOLD	98,2349	214,7514
2026-02-04	07:00	75770,21	76264	75467,22	75910,88	LONG	0,00167	5981,87	0,00648	HOLD	98,2349	214,9863
2026-02-04	08:00	75910,88	76798,12	75910,88	76423,73	LONG	0,00167	5981,87	0,00648	HOLD	98,2349	215,8428
2026-02-04	09:00	76423,73	76610,04	75707,41	75963,35	LONG	0,00167	5981,87	0,00648	HOLD	98,2349	215,0739
2026-02-04	10:00	75963,35	76971,52	75906,05	76698,17	LONG	0,00167	5981,87	0,00648	HOLD	98,2349	216,3011
2026-02-04	11:00	76698,17	76830,69	76413,64	76479,75	LONG	0,00167	5981,87	0,00648	HOLD	98,2349	215,9363
2026-02-04	12:00	76479,75	76526,8	76105,3	76279,99	LONG	0,00167	5981,87	0,00648	HOLD	98,2349	215,6027
2026-02-04	13:00	76280	76780	76259,9	76652,68	LONG	0,00167	5981,87	0,00648	HOLD	98,2349	216,2251
2026-02-04	14:00	76652,68	76657,31	76335,46	76514,3	LONG	0,00167	5981,87	0,00648	HOLD	98,2349	215,994
2026-02-04	15:00	76514,3	76600	76068,69	76587,26	LONG	0,00167	5981,87	0,00648	HOLD	98,2349	216,1159
2026-02-04	16:00	76587,26	76607,69	75967,1	76119	LONG	0,00167	5981,87	0,00648	HOLD	98,2349	215,3339
2026-02-04	17:00	76119	76338,65	76069	76302,1	LONG	0,00167	5981,87	0,00648	HOLD	98,2349	215,6396
2026-02-04	18:00	76302,1	76302,1	75666	76017,25	LONG	0,00167	5981,87	0,00648	HOLD	98,2349	215,1639
2026-02-04	19:00	76017,25	76260,85	76000	76180,85	LONG	0,00167	5981,87	0,00648	HOLD	98,2349	215,4372
2026-02-04	20:00	76180,84	76186,98	74867	74867	LONG	0,00167	5981,87	0,00648	HOLD	98,2349	213,243
2026-02-04	21:00	74867	75769,23	74256	74359,53	LONG	0,00167	5981,87	0,00648	HOLD	98,2349	212,3956
2026-02-04	22:00	74359,53	75328,28	73794,11	74136,36	LONG	0,00167	5981,87	0,00648	HOLD	98,2349	212,0229
2026-02-04	23:00	74136,48	74249,83	73076,92	73636,01	LONG	0,00167	5981,87	0,00648	HOLD	98,2349	211,1873
2026-02-05	00:00	73635,63	73863,92	72169	72576,08	LONG	0,00167	5981,87	0,00648	HOLD	98,2349	209,4172
2026-02-05	01:00	72576,08	74140	72273,68	73425,96	LONG	0,00167	5981,87	0,00648	HOLD	98,2349	210,8365
2026-02-05	02:00	73425,97	74007,28	73041,41	73923,29	LONG	0,00167	5981,87	0,00648	HOLD	98,2349	211,667
2026-02-05	03:00	73923,3	74144	73425,56	73516,3	LONG	0,00167	5981,87	0,00648	HOLD	98,2349	210,9874
2026-02-05	04:00	73516,3	73654	72210	72799,99	LONG	0,00167	5981,87	0,00648	HOLD	98,2349	209,7911
2026-02-05	05:00	72800	73680	71888	72543,38	LONG	0,00167	5981,87	0,00648	HOLD	98,2349	209,3626
2026-02-05	06:00	72543,38	73520,59	72468,12	73165,83	LONG	0,00167	5981,87	0,00648	HOLD	98,2349	210,4021
2026-02-05	07:00	73165,84	73325,6	72754,21	72868,02	LONG	0,00167	5981,87	0,00648	HOLD	98,2349	209,9047
2026-02-05	08:00	72868,02	73341,18	71995,09	72421,26	LONG	0,00167	5981,87	0,00648	HOLD	98,2349	209,1586
2026-02-05	09:00	72421,26	72854,39	71305,55	71454,44	LONG	0,00167	5981,87	0,00648	HOLD	98,2349	207,5441
2026-02-05	10:00	71454,44	71884,47	71152,78	71223,25	LONG	0,00167	5981,87	0,00648	HOLD	98,2349	207,158
2026-02-05	11:00	71223,25	71437,68	70701	70888,08	LONG	0,00167	5981,87	0,00648	HOLD	98,2349	206,5982
2026-02-05	12:00	70888,09	71150,16	70140	70732,72	LONG	0,00167	5981,87	0,00648	HOLD	98,2349	206,3388
2026-02-05	13:00	70732,73	70984,62	70434,05	70951,51	LONG	0,00167	5981,87	0,00648	HOLD	98,2349	206,7042
2026-02-05	14:00	70951,51	71622,82	70644,73	70756,85	LONG	0,00167	5981,87	0,00648	HOLD	98,2349	206,3791
2026-02-05	15:00	70756,86	71550	70683,58	71054,99	LONG	0,00167	5981,87	0,00648	HOLD	98,2349	206,877
2026-02-05	16:00	71054,99	71978,58	71049,35	71550	LONG	0,00167	5981,87	0,00648	HOLD	98,2349	207,7036
2026-02-05	17:00	71549,99	71726,79	70656,59	70858,13	LONG	0,00167	5981,87	0,00648	HOLD	98,2349	206,5482
2026-02-05	18:00	70858,13	71063,94	69922	70318,35	LONG	0,00167	5981,87	0,00648	HOLD	98,2349	205,6468
2026-02-05	19:00	70318,35	70603,49	69163	69563,57	LONG	0,00167	5981,87	0,00648	HOLD	98,2349	204,3863
2026-02-05	20:00	69563,56	69831,85	69261,11	69688,94	LONG	0,00167	5981,87	0,00648	HOLD	98,2349	204,5957
2026-02-05	21:00	69688,94	70872,04	69285,71	69404,76	LONG	0,00167	5981,87	0,00648	HOLD	98,2349	204,1211
2026-02-05	22:00	69404,75	69616,29	66720,15	67489,07	LONG	0,00167	5981,87	0,00648	HOLD	98,2349	200,9219
2026-02-05	23:00	67489,08	68681,81	66955,34	68295,15	LONG	0,00167	5981,87	0,00648	HOLD	98,2349	202,268
2026-02-06	00:00	68295,15	68374,79	66152	66181,69	LONG	0,00167	5981,87	0,00648	HOLD	98,2349	198,7386
2026-02-06	01:00	66181,68	66542,87	65385	66347	LONG	0,00167	5981,87	0,00648	HOLD	98,2349	199,0146
2026-02-06	02:00	66347,01	66637,46	65200	65265,65	LONG	0,00167	5981,87	0,00648	HOLD	98,2349	197,2088
2026-02-06	03:00	65265,66	65700	62345	63775,67	LONG	0,00167	5981,87	0,00648	HOLD	98,2349	194,7205
2026-02-06	04:00	63775,66	64775	62888,34	63213,34	LONG	0,00167	5981,87	0,00648	HOLD	98,2349	193,7814
2026-02-06	05:00	63213,34	64615,88	62690,9	63907,86	LONG	0,00167	5981,87	0,00648	HOLD	98,2349	194,9413
2026-02-06	06:00	63907,86	64908	62717,48	62909,86	LONG	0,00167	5981,87	0,00648	HOLD	98,2349	193,2746
2026-02-06	07:00	62909,87	63861,87	60000	63509,39	LONG	0,00167	5981,87	0,00648	HOLD	98,2349	194,2758
2026-02-06	08:00	63509,4	65760	63509,39	65714,96	LONG	0,00167	5981,87	0,00648	HOLD	98,2349	197,9591
2026-02-06	09:00	65714,96	66010	64201,28	64990,1	LONG	0,00167	5981,87	0,00648	HOLD	98,2349	196,7486
2026-02-06	10:00	64990,11	65172,13	63770,17	64168,33	LONG	0,00167	5981,87	0,00648	HOLD	98,2349	195,3763
2026-02-06	11:00	64168,33	65000	63914,62	64905,84	LONG	0,00167	5981,87	0,00648	HOLD	98,2349	196,6079
2026-02-06	12:00	64905,54	66826,5	64800,01	66408,11	LONG	0,00167	5981,87	0,00648	HOLD	98,2349	199,1167
2026-02-06	13:00	66408,11	66800	64856,88	64988,26	LONG	0,00167	5981,87	0,00648	HOLD	98,2349	196,7455
2026-02-06	14:00	64988,26	65543,79	64654,11	64856	LONG	0,00167	5981,87	0,00648	HOLD	98,2349	196,5247
2026-02-06	15:00	64856	65206,11	64500	64895,05	LONG	0,00167	5981,87	0,00648	HOLD	98,2349	196,5899
2026-02-06	16:00	64895,04	66163	64764,7	65799,55	LONG	0,00167	5981,87	0,00648	HOLD	98,2349	198,1004
2026-02-06	17:00	65799,55	66220	65550	65967,51	LONG	0,00167	5981,87	0,00648	HOLD	98,2349	198,3809
2026-02-06	18:00	65967,51	66755,13	65772,17	66631,32	LONG	0,00167	5981,87	0,00648	HOLD	98,2349	199,4894
2026-02-06	19:00	66631,32	66631,32	66114,49	66557,93	LONG	0,00167	5981,87	0,00648	HOLD	98,2349	199,3669
2026-02-06	20:00	66557,93	67690,7	66480,82	67316,82	LONG	0,00167	5981,87	0,00648	HOLD	98,2349	200,6342
2026-02-06	21:00	67316,82	68647,45	66629,36	68194,89	LONG	0,00167	5981,87	0,00648	HOLD	98,2349	202,1006
2026-02-06	22:00	68194,9	69192	67772	68626	LONG	0,00167	5981,87	0,00648	HOLD	98,2349	202,8206
2026-02-06	23:00	68625,99	70224,62	68428,19	69954,01	LONG	0,00167	5981,87	0,00648	HOLD	98,2349	205,0383
2026-02-07	00:00	69954,01	71500	69593,43	70753,53	LONG	0,00167	5981,87	0,00648	HOLD	98,2349	206,3735
2026-02-07	01:00	70753,53	70816	69340,91	69776,68	LONG	0,00167	5981,87	0,00648	HOLD	98,2349	204,7422
2026-02-07	02:00	69776,68	70952	69662,22	70731,46	LONG	0,00167	5981,87	0,00648	HOLD	98,2349	206,3367
2026-02-07	03:00	70731,45	70996,77	70000,12	70000,13	LONG	0,00167	5981,87	0,00648	HOLD	98,2349	205,1154
2026-02-07	04:00	70000,14	70508,75	69837,35	70358,43	LONG	0,00167	5981,87	0,00648	HOLD	98,2349	205,7137
2026-02-07	05:00	70358,44	71577,09	70279,09	71354,46	LONG	0,00167	5981,87	0,00648	HOLD	98,2349	207,3771
2026-02-07	06:00	71354,46	71751,33	70505	70580,26	LONG	0,00167	5981,87	0,00648	HOLD	98,2349	206,0842
2026-02-07	07:00	70580,26	70600	69718	69958	LONG	0,00167	5981,87	0,00648	HOLD	98,2349	205,045
2026-02-07	08:00	69958	70680,54	69741,87	70471,49	LONG	0,00167	5981,87	0,00648	HOLD	98,2349	205,9025
2026-02-07	09:00	70471,48	70624,49	70151,51	70361,37	LONG	0,00167	5981,87	0,00648	HOLD	98,2349	205,7186
2026-02-07	10:00	70361,36	70928,75	70270	70918,99	LONG	0,00167	5981,87	0,00648	HOLD	98,2349	206,6499
2026-02-07	11:00	70918,99	71690,07	70604,55	70768,13	LONG	0,00167	5981,87	0,00648	HOLD	98,2349	206,3979
2026-02-07	12:00	70768	71191,88	69800	70161,5	LONG	0,00167	5981,87	0,00648	HOLD	98,2349	205,3848
2026-02-07	13:00	70161,51	70310	68757,68	68769,65	LONG	0,00167	5981,87	0,00648	HOLD	98,2349	203,0605
2026-02-07	14:00	68769,66	69084,55	67300	68087,14	LONG	0,00167	5981,87	0,00648	HOLD	98,2349	201,9207
2026-02-07	15:00	68087,13	68790	67747,65	68495,01	LONG	0,00167	5981,87	0,00648	HOLD	98,2349	202,6018
2026-02-07	16:00	68495,01	68763,28	67885,86	68138,2	LONG	0,00167	5981,87	0,00648	HOLD	98,2349	202,0059
2026-02-07	17:00	68138,19	68299,3	67582,48	67987	LONG	0,00167	5981,87	0,00648	HOLD	98,2349	201,7534
2026-02-07	18:00	67986,99	68157,21	67700	67972,65	LONG	0,00167	5981,87	0,00648	HOLD	98,2349	201,7295
2026-02-07	19:00	67972,65	69999,99	67901,89	69024,98	LONG	0,00167	5981,87	0,00648	HOLD	98,2349	203,4869
2026-02-07	20:00	69024,98	69364,5	68821,64	69093,98	LONG	0,00167	5981,87	0,00648	HOLD	98,2349	203,6021
2026-02-07	21:00	69093,98	69187,27	68358,75	68645,99	LONG	0,00167	5981,87	0,00648	HOLD	98,2349	202,8539
2026-02-07	22:00	68646	69762,46	68556	69151,5	LONG	0,00167	5981,87	0,00648	HOLD	98,2349	203,6981
2026-02-07	23:00	69151,5	69898	68822,51	68957,16	LONG	0,00167	5981,87	0,00648	HOLD	98,2349	203,3736
2026-02-08	00:00	68957,16	69408	68531,5	69188,81	LONG	0,00167	5981,87	0,00648	HOLD	98,2349	203,7605
2026-02-08	01:00	69188,81	69690,89	69009,09	69514,11	LONG	0,00167	5981,87	0,00648	HOLD	98,2349	204,3037
2026-02-08	02:00	69514,11	69577,43	69266,66	69373,61	LONG	0,00167	5981,87	0,00648	HOLD	98,2349	204,0691
2026-02-08	03:00	69373,61	69728,83	69252,72	69631,18	LONG	0,00167	5981,87	0,00648	HOLD	98,2349	204,4992
2026-02-08	04:00	69631,18	69699,16	69356,16	69497,99	LONG	0,00167	5981,87	0,00648	HOLD	98,2349	204,2768
2026-02-08	05:00	69497,99	69727,86	69325,67	69399,34	LONG	0,00167	5981,87	0,00648	HOLD	98,2349	204,112
2026-02-08	06:00	69399,34	69462,42	68787,34	69289,38	LONG	0,00167	5981,87	0,00648	HOLD	98,2349	203,9284
2026-02-08	07:00	69289,37	69432	68888	69133,79	LONG	0,00167	5981,87	0,00648	HOLD	98,2349	203,6686
2026-02-08	08:00	69133,8	69500	69095,17	69379,57	LONG	0,00167	5981,87	0,00648	HOLD	98,2349	204,079
2026-02-08	09:00	69379,57	69696,57	69167,42	69370,7	LONG	0,00167	5981,87	0,00648	HOLD	98,2349	204,0642
2026-02-08	10:00	69370,69	69443,9	69069,65	69099,99	LONG	0,00167	5981,87	0,00648	HOLD	98,2349	203,6121
2026-02-08	11:00	69100	69372,06	68952,01	69340,16	LONG	0,00167	5981,87	0,00648	HOLD	98,2349	204,0132
2026-02-08	12:00	69340,15	69422,43	69146,47	69220,52	LONG	0,00167	5981,87	0,00648	HOLD	98,2349	203,8134
2026-02-08	13:00	69220,53	69518,56	69090	69361,18	LONG	0,00167	5981,87	0,00648	HOLD	98,2349	204,0483
2026-02-08	14:00	69361,18	69719,07	69215,69	69710,69	LONG	0,00167	5981,87	0,00648	HOLD	98,2349	204,632
2026-02-08	15:00	69710,69	70796,99	69514,15	70665,59	LONG	0,00167	5981,87	0,00648	HOLD	98,2349	206,2267
2026-02-08	16:00	70665,59	70712,71	70094,71	70107,19	LONG	0,00167	5981,87	0,00648	HOLD	98,2349	205,2941
2026-02-08	17:00	70107,2	70449,99	69890,52	70266,41	LONG	0,00167	5981,87	0,00648	HOLD	98,2349	205,56
2026-02-08	18:00	70266,41	71220	70210,26	70999,98	LONG	0,00167	5981,87	0,00648	HOLD	98,2349	206,7851
2026-02-08	19:00	70999,99	71281,74	70707,39	71249,95	LONG	0,00167	5981,87	0,00648	HOLD	98,2349	207,2026
2026-02-08	20:00	71249,65	71517,27	70956	71514,77	LONG	0,00167	5981,87	0,00648	HOLD	98,2349	207,6448
2026-02-08	21:00	71514,77	71554,95	71105	71262,19	LONG	0,00167	5981,87	0,00648	HOLD	98,2349	207,223
2026-02-08	22:00	71262,18	71465,93	70786,18	71188,99	LONG	0,00167	5981,87	0,00648	HOLD	98,2349	207,1008
2026-02-08	23:00	71188,99	71256,97	70251,33	70416	LONG	0,00167	5981,87	0,00648	HOLD	98,2349	205,8099
2026-02-09	00:00	70415,99	70871,66	70407,42	70785,99	LONG	0,00167	5981,87	0,00648	HOLD	98,2349	206,4277
2026-02-09	01:00	70786	71418	70750	71147,25	LONG	0,00167	5981,87	0,00648	HOLD	98,2349	207,031
2026-02-09	02:00	71147,24	71538,05	71142,77	71422,97	LONG	0,00167	5981,87	0,00648	HOLD	98,2349	207,4915
2026-02-09	03:00	71422,96	71427,73	70700,03	70835,17	LONG	0,00167	5981,87	0,00648	HOLD	98,2349	206,5099
2026-02-09	04:00	70835,17	71136,03	70524,14	70700	LONG	0,00167	5981,87	0,00648	HOLD	98,2349	206,2841
2026-02-09	05:00	70700,01	71100,04	70652,11	71066,09	LONG	0,00167	5981,87	0,00648	HOLD	98,2349	206,8955
2026-02-09	06:00	71066,09	72271,41	70000	70330,38	LONG	0,00167	5981,87	0,00648	HOLD	98,2349	205,6669
2026-02-09	07:00	70330,38	70774,4	70123,02	70502,38	LONG	0,00167	5981,87	0,00648	HOLD	98,2349	205,9541
2026-02-09	08:00	70502,37	70926,4	70068,18	70369,53	LONG	0,00167	5981,87	0,00648	HOLD	98,2349	205,7323
2026-02-09	09:00	70369,53	71000	70220,12	70629,99	LONG	0,00167	5981,87	0,00648	HOLD	98,2349	206,1672
2026-02-09	10:00	70629,99	71453,53	70614,07	71307,56	LONG	0,00167	5981,87	0,00648	HOLD	98,2349	207,2988
2026-02-09	11:00	71307,56	71359,37	70924,13	71005,01	LONG	0,00167	5981,87	0,00648	HOLD	98,2349	206,7935
2026-02-09	12:00	71005,01	71112	70805	71044,51	LONG	0,00167	5981,87	0,00648	HOLD	98,2349	206,8595
2026-02-09	13:00	71044,51	71044,52	70311,7	70667,95	LONG	0,00167	5981,87	0,00648	HOLD	98,2349	206,2306
2026-02-09	14:00	70667,96	70902,51	70331,57	70422,59	LONG	0,00167	5981,87	0,00648	HOLD	98,2349	205,8209
2026-02-09	15:00	70422,59	70608,83	69393,97	69873,99	LONG	0,00167	5981,87	0,00648	HOLD	98,2349	204,9047
2026-02-09	16:00	69873,45	70116	69478,63	69630,35	LONG	0,00167	5981,87	0,00648	HOLD	98,2349	204,4978
2026-02-09	17:00	69630,35	69730,38	68420,58	68727,88	LONG	0,00167	5981,87	0,00648	HOLD	98,2349	202,9907
2026-02-09	18:00	68727,88	69022,89	68573,31	68928,72	LONG	0,00167	5981,87	0,00648	HOLD	98,2349	203,3261
2026-02-09	19:00	68928,71	69262,91	68857,97	69147,01	LONG	0,00167	5981,87	0,00648	HOLD	98,2349	203,6906
2026-02-09	20:00	69147,02	69299,99	68586,48	68594,57	LONG	0,00167	5981,87	0,00648	HOLD	98,2349	202,7681
2026-02-09	21:00	68594,56	69755,59	68308	69272	LONG	0,00167	5981,87	0,00648	HOLD	98,2349	203,8994
2026-02-09	22:00	69271,99	69884,82	68780	69563,37	LONG	0,00167	5981,87	0,00648	HOLD	98,2349	204,386
2026-02-09	23:00	69563,37	70428,48	69100	70093,01	LONG	0,00167	5981,87	0,00648	HOLD	98,2349	205,2705
2026-02-10	00:00	70093	71000	69870,65	70612,29	LONG	0,00167	5981,87	0,00648	HOLD	98,2349	206,1377
2026-02-10	01:00	70612,29	71012	70088,88	70418,68	LONG	0,00167	5981,87	0,00648	HOLD	98,2349	205,8143
2026-02-10	02:00	70418,67	71075,31	70260	70957,01	LONG	0,00167	5981,87	0,00648	HOLD	98,2349	206,7133
2026-02-10	03:00	70957,01	71126	70500	70738,71	LONG	0,00167	5981,87	0,00648	HOLD	98,2349	206,3488
2026-02-10	04:00	70738,71	70807,75	69823,52	70400	LONG	0,00167	5981,87	0,00648	HOLD	98,2349	205,7831
2026-02-10	05:00	70400,01	70719,7	70271,13	70372,96	LONG	0,00167	5981,87	0,00648	HOLD	98,2349	205,738
2026-02-10	06:00	70372,96	70572,84	70083,45	70138	LONG	0,00167	5981,87	0,00648	HOLD	98,2349	205,3456
2026-02-10	07:00	70138	70255,36	69743,8	69827,33	LONG	0,00167	5981,87	0,00648	HOLD	98,2349	204,8268
2026-02-10	08:00	69827,34	70527,59	69827,34	70486,82	LONG	0,00167	5981,87	0,00648	HOLD	98,2349	205,9281
2026-02-10	09:00	70486,82	70486,82	69982,27	70102,89	LONG	0,00167	5981,87	0,00648	HOLD	98,2349	205,287
2026-02-10	10:00	70102,9	70166,22	69208,61	69511,83	LONG	0,00167	5981,87	0,00648	HOLD	98,2349	204,2999
2026-02-10	11:00	69511,83	69906,5	69469,58	69831,62	LONG	0,00167	5981,87	0,00648	HOLD	98,2349	204,8339
2026-02-10	12:00	69831,62	69864	69210,76	69447,64	LONG	0,00167	5981,87	0,00648	HOLD	98,2349	204,1927
2026-02-10	13:00	69447,63	69499,9	68682	68921,35	LONG	0,00167	5981,87	0,00648	HOLD	98,2349	203,3138
2026-02-10	14:00	68921,36	69218,64	68852,43	68919,66	LONG	0,00167	5981,87	0,00648	HOLD	98,2349	203,311
2026-02-10	15:00	68919,66	69226,16	68725,81	69142	LONG	0,00167	5981,87	0,00648	HOLD	98,2349	203,6823
2026-02-10	16:00	69141,99	69417,7	68950	69151,5	LONG	0,00167	5981,87	0,00648	HOLD	98,2349	203,6981
2026-02-10	17:00	69151,5	69258,52	68921,64	68921,68	LONG	0,00167	5981,87	0,00648	HOLD	98,2349	203,3143
2026-02-10	18:00	68921,68	69085,79	68459,89	68535,01	LONG	0,00167	5981,87	0,00648	HOLD	98,2349	202,6686
2026-02-10	19:00	68535,02	68855,35	68434	68610,12	LONG	0,00167	5981,87	0,00648	HOLD	98,2349	202,794
2026-02-10	20:00	68610,11	69143,6	68370,23	69027,95	LONG	0,00167	5981,87	0,00648	HOLD	98,2349	203,4918
2026-02-10	21:00	69027,94	69591,2	67800	68460,4	LONG	0,00167	5981,87	0,00648	HOLD	98,2349	202,544
2026-02-10	22:00	68460,4	69519,72	68300,9	69293,37	LONG	0,00167	5981,87	0,00648	HOLD	98,2349	203,9351
2026-02-10	23:00	69293,37	69810,35	68945,23	69517,71	LONG	0,00167	5981,87	0,00648	HOLD	98,2349	204,3097
2026-02-11	00:00	69517,71	69993,65	69309,35	69925,31	LONG	0,00167	5981,87	0,00648	HOLD	98,2349	204,9904
2026-02-11	01:00	69925,31	69943,44	68604,63	68894,36	LONG	0,00167	5981,87	0,00648	HOLD	98,2349	203,2687
2026-02-11	02:00	68894,36	69303,99	68690,32	69062,01	LONG	0,00167	5981,87	0,00648	HOLD	98,2349	203,5487
2026-02-11	03:00	69062	69136,91	68629,47	68753,7	LONG	0,00167	5981,87	0,00648	HOLD	98,2349	203,0338
2026-02-11	04:00	68753,69	69005,45	68362	68656,21	LONG	0,00167	5981,87	0,00648	HOLD	98,2349	202,871
2026-02-11	05:00	68656,22	68860,4	68566,8	68707,18	LONG	0,00167	5981,87	0,00648	HOLD	98,2349	202,9561
2026-02-11	06:00	68707,18	68860,09	68506,2	68841,29	LONG	0,00167	5981,87	0,00648	HOLD	98,2349	203,1801
2026-02-11	07:00	68841,28	69244,45	68784,47	69201,14	LONG	0,00167	5981,87	0,00648	HOLD	98,2349	203,781
2026-02-11	08:00	69201,14	69292,88	68914,73	68982	LONG	0,00167	5981,87	0,00648	HOLD	98,2349	203,4151
2026-02-11	09:00	68982	69168,52	68603,4	68677,33	LONG	0,00167	5981,87	0,00648	HOLD	98,2349	202,9063
2026-02-11	10:00	68677,34	68751,91	68011,11	68187,99	LONG	0,00167	5981,87	0,00648	HOLD	98,2349	202,0891
2026-02-11	11:00	68188	68325	67368	67584,46	LONG	0,00167	5981,87	0,00648	HOLD	98,2349	201,0812
2026-02-11	12:00	67584,47	67810	67397,86	67404,28	LONG	0,00167	5981,87	0,00648	HOLD	98,2349	200,7803
2026-02-11	13:00	67404,28	67491,84	66557,99	66820,32	LONG	0,00167	5981,87	0,00648	HOLD	98,2349	199,8051
2026-02-11	14:00	66819,84	67254,6	66652,27	67032,72	LONG	0,00167	5981,87	0,00648	HOLD	98,2349	200,1598
2026-02-11	15:00	67032,71	67134,42	66793,93	66981,07	LONG	0,00167	5981,87	0,00648	HOLD	98,2349	200,0735
2026-02-11	16:00	66981,08	67110,04	66716,02	66872,03	LONG	0,00167	5981,87	0,00648	HOLD	98,2349	199,8914
2026-02-11	17:00	66872,03	66891,64	66369,49	66531,99	LONG	0,00167	5981,87	0,00648	HOLD	98,2349	199,3236
2026-02-11	18:00	66531,99	67110,77	66500,84	67053,03	LONG	0,00167	5981,87	0,00648	HOLD	98,2349	200,1937
2026-02-11	19:00	67053,03	67424,24	66959,67	67133,5	LONG	0,00167	5981,87	0,00648	HOLD	98,2349	200,3281
2026-02-11	20:00	67133,51	67674,3	66799,58	67454,49	LONG	0,00167	5981,87	0,00648	HOLD	98,2349	200,8641
2026-02-11	21:00	67454,49	68834,34	66435,62	66584,6	LONG	0,00167	5981,87	0,00648	HOLD	98,2349	199,4114
2026-02-11	22:00	66584,61	66818,18	65756	66519,73	LONG	0,00167	5981,87	0,00648	HOLD	98,2349	199,3031
2026-02-11	23:00	66519,72	67250	65952	66039,09	LONG	0,00167	5981,87	0,00648	HOLD	98,2349	198,5004
2026-02-12	00:00	66039,08	66921,12	65876	66518,26	LONG	0,00167	5981,87	0,00648	HOLD	98,2349	199,3006
2026-02-12	01:00	66518,26	67305,28	66150,66	67275,34	LONG	0,00167	5981,87	0,00648	HOLD	98,2349	200,565
2026-02-12	02:00	67275,34	67860,44	67105,79	67586,67	LONG	0,00167	5981,87	0,00648	HOLD	98,2349	201,0849
2026-02-12	03:00	67586,66	67757,7	67190	67555,98	LONG	0,00167	5981,87	0,00648	HOLD	98,2349	201,0336
2026-02-12	04:00	67555,98	68369,77	67417,04	67811,17	LONG	0,00167	5981,87	0,00648	HOLD	98,2349	201,4598
2026-02-12	05:00	67810,2	67872,68	67387,24	67433,14	LONG	0,00167	5981,87	0,00648	HOLD	98,2349	200,8285
2026-02-12	06:00	67433,54	67563,77	66787,7	67082,52	LONG	0,00167	5981,87	0,00648	HOLD	98,2349	200,243
2026-02-12	07:00	67082,52	67700	67055,53	67460,75	LONG	0,00167	5981,87	0,00648	HOLD	98,2349	200,8746
2026-02-12	08:00	67460,75	68047,48	67460,75	67699,01	LONG	0,00167	5981,87	0,00648	HOLD	98,2349	201,2725
2026-02-12	09:00	67699,01	67800	67418	67439,14	LONG	0,00167	5981,87	0,00648	HOLD	98,2349	200,8385
2026-02-12	10:00	67439,14	67596	67306,61	67580,99	LONG	0,00167	5981,87	0,00648	HOLD	98,2349	201,0754
2026-02-12	11:00	67581	67682,69	67000	67018,4	LONG	0,00167	5981,87	0,00648	HOLD	98,2349	200,1359
2026-02-12	12:00	67018,4	67209,99	66670,45	67141,93	LONG	0,00167	5981,87	0,00648	HOLD	98,2349	200,3422
2026-02-12	13:00	67141,92	67355,93	67014	67125,57	LONG	0,00167	5981,87	0,00648	HOLD	98,2349	200,3148
2026-02-12	14:00	67125,57	67330	66935,64	67217,72	LONG	0,00167	5981,87	0,00648	HOLD	98,2349	200,4687
2026-02-12	15:00	67217,71	67344	66891,6	67141,15	LONG	0,00167	5981,87	0,00648	HOLD	98,2349	200,3409
2026-02-12	16:00	67141,15	67699,1	67050	67550,47	LONG	0,00167	5981,87	0,00648	HOLD	98,2349	201,0244
2026-02-12	17:00	67550,46	68026,6	67404,02	68014,01	LONG	0,00167	5981,87	0,00648	HOLD	98,2349	201,7985
2026-02-12	18:00	68014	68299	67740	68076,01	LONG	0,00167	5981,87	0,00648	HOLD	98,2349	201,9021
2026-02-12	19:00	68076,01	68162,02	67720	67865,31	LONG	0,00167	5981,87	0,00648	HOLD	98,2349	201,5502
2026-02-12	20:00	67865,32	68397,5	67680,82	68376,58	LONG	0,00167	5981,87	0,00648	HOLD	98,2349	202,404
2026-02-12	21:00	68376,58	68410,52	67493,78	67577,02	LONG	0,00167	5981,87	0,00648	HOLD	98,2349	201,0688
2026-02-12	22:00	67577,02	68000	67014,98	67134,74	LONG	0,00167	5981,87	0,00648	HOLD	98,2349	200,3302
2026-02-12	23:00	67134,74	67232,04	65556	65863,37	LONG	0,00167	5981,87	0,00648	HOLD	98,2349	198,207
2026-02-13	00:00	65863,38	66265,06	65374,56	65413,99	LONG	0,00167	5981,87	0,00648	HOLD	98,2349	197,4565
2026-02-13	01:00	65414	65800	65118	65590,95	LONG	0,00167	5981,87	0,00648	HOLD	98,2349	197,752
2026-02-13	02:00	65590,95	66117,51	65274,4	65788,36	LONG	0,00167	5981,87	0,00648	HOLD	98,2349	198,0817
2026-02-13	03:00	65788,36	66042,24	65215,06	65428,56	LONG	0,00167	5981,87	0,00648	HOLD	98,2349	197,4808
2026-02-13	04:00	65428,24	65900	65428,24	65849,87	LONG	0,00167	5981,87	0,00648	HOLD	98,2349	198,1844
2026-02-13	05:00	65849,86	66399,94	65643,34	66288	LONG	0,00167	5981,87	0,00648	HOLD	98,2349	198,9161
2026-02-13	06:00	66288,01	66488,9	66156,47	66272,17	LONG	0,00167	5981,87	0,00648	HOLD	98,2349	198,8897
2026-02-13	07:00	66272,17	66527,09	65872,46	65918,6	LONG	0,00167	5981,87	0,00648	HOLD	98,2349	198,2992
2026-02-13	08:00	65918,61	66619,9	65918,61	66454,95	LONG	0,00167	5981,87	0,00648	HOLD	98,2349	199,1949
2026-02-13	09:00	66454,95	66759,61	66384	66663,08	LONG	0,00167	5981,87	0,00648	HOLD	98,2349	199,5425
2026-02-13	10:00	66663,08	66814	66462,4	66553,08	LONG	0,00167	5981,87	0,00648	HOLD	98,2349	199,3588
2026-02-13	11:00	66553,09	66671,62	66308,48	66329,22	LONG	0,00167	5981,87	0,00648	HOLD	98,2349	198,9849
2026-02-13	12:00	66329,22	66502,27	66175,79	66175,79	LONG	0,00167	5981,87	0,00648	HOLD	98,2349	198,7287
2026-02-13	13:00	66175,79	66397,86	66002,98	66359,28	LONG	0,00167	5981,87	0,00648	HOLD	98,2349	199,0351
2026-02-13	14:00	66359,28	66568,47	66050,21	66208,96	LONG	0,00167	5981,87	0,00648	HOLD	98,2349	198,7841
2026-02-13	15:00	66208,96	66747,38	66191,52	66699,96	LONG	0,00167	5981,87	0,00648	HOLD	98,2349	199,6041
2026-02-13	16:00	66699,96	67062,93	66612,86	66959,71	LONG	0,00167	5981,87	0,00648	HOLD	98,2349	200,0379
2026-02-13	17:00	66959,72	67116	66800	66977,66	LONG	0,00167	5981,87	0,00648	HOLD	98,2349	200,0678
2026-02-13	18:00	66977,66	67226,66	66783,38	67171,42	LONG	0,00167	5981,87	0,00648	HOLD	98,2349	200,3914
2026-02-13	19:00	67171,41	67212,28	66918,38	67084	LONG	0,00167	5981,87	0,00648	HOLD	98,2349	200,2454
2026-02-13	20:00	67084,01	67615,34	66938	67274,15	LONG	0,00167	5981,87	0,00648	HOLD	98,2349	200,563
2026-02-13	21:00	67274,14	68028,45	66867,47	67733,51	LONG	0,00167	5981,87	0,00648	HOLD	98,2349	201,3301
2026-02-13	22:00	67733,51	69309,8	67692	68692,12	LONG	0,00167	5981,87	0,00648	HOLD	98,2349	202,931
2026-02-13	23:00	68692,12	69482,97	68540,83	68954,69	LONG	0,00167	5981,87	0,00648	HOLD	98,2349	203,3695
2026-02-14	00:00	68954,69	69250,25	68636,36	69047,99	LONG	0,00167	5981,87	0,00648	HOLD	98,2349	203,5253
2026-02-14	01:00	69048	69411,44	68903,27	69129,99	LONG	0,00167	5981,87	0,00648	HOLD	98,2349	203,6622
2026-02-14	02:00	69129,99	69236,33	68918,79	68938,91	LONG	0,00167	5981,87	0,00648	HOLD	98,2349	203,3431
2026-02-14	03:00	68938,91	68973,35	68683,32	68777,12	LONG	0,00167	5981,87	0,00648	HOLD	98,2349	203,0729
2026-02-14	04:00	68777,13	69079,4	68731,75	68902,48	LONG	0,00167	5981,87	0,00648	HOLD	98,2349	203,2823
2026-02-14	05:00	68902,48	69000	68726,4	68995,28	LONG	0,00167	5981,87	0,00648	HOLD	98,2349	203,4373
2026-02-14	06:00	68995,29	69000	68829,2	68853,96	LONG	0,00167	5981,87	0,00648	HOLD	98,2349	203,2013
2026-02-14	07:00	68853,97	69137,5	68768,56	69090,24	LONG	0,00167	5981,87	0,00648	HOLD	98,2349	203,5958
2026-02-14	08:00	69090,25	69108,8	68921,54	68964,51	LONG	0,00167	5981,87	0,00648	HOLD	98,2349	203,3859
2026-02-14	09:00	68964,51	69006,34	68845,6	68884,21	LONG	0,00167	5981,87	0,00648	HOLD	98,2349	203,2518
2026-02-14	10:00	68884,21	69027,14	68852	68981,99	LONG	0,00167	5981,87	0,00648	HOLD	98,2349	203,4151
2026-02-14	11:00	68982	68995,11	68789,59	68790	LONG	0,00167	5981,87	0,00648	HOLD	98,2349	203,0944
2026-02-14	12:00	68790,01	68910	68760	68773,42	LONG	0,00167	5981,87	0,00648	HOLD	98,2349	203,0668
2026-02-14	13:00	68773,41	68936,98	68730,13	68936,98	LONG	0,00167	5981,87	0,00648	HOLD	98,2349	203,3399
2026-02-14	14:00	68936,98	69343	68884,56	69219,26	LONG	0,00167	5981,87	0,00648	HOLD	98,2349	203,8113
2026-02-14	15:00	69219,27	69870,99	69218,71	69746,2	LONG	0,00167	5981,87	0,00648	HOLD	98,2349	204,6913
2026-02-14	16:00	69746,2	69900	69566,78	69714,93	LONG	0,00167	5981,87	0,00648	HOLD	98,2349	204,6391
2026-02-14	17:00	69714,94	69714,94	69585,15	69671,86	LONG	0,00167	5981,87	0,00648	HOLD	98,2349	204,5671
2026-02-14	18:00	69671,86	70560,01	69671,86	70505,74	LONG	0,00167	5981,87	0,00648	HOLD	98,2349	205,9597
2026-02-14	19:00	70505,74	70533,67	69600	69640,2	LONG	0,00167	5981,87	0,00648	HOLD	98,2349	204,5143
2026-02-14	20:00	69640,2	69771,91	69064,6	69460	LONG	0,00167	5981,87	0,00648	HOLD	98,2349	204,2133
2026-02-14	21:00	69460	69856,7	69208,09	69701,66	LONG	0,00167	5981,87	0,00648	HOLD	98,2349	204,6169
2026-02-14	22:00	69701,66	70048,39	69560	69778,28	LONG	0,00167	5981,87	0,00648	HOLD	98,2349	204,7449
2026-02-14	23:00	69778,28	69815	69283,02	69755,1	LONG	0,00167	5981,87	0,00648	HOLD	98,2349	204,7062
2026-02-15	00:00	69755,1	69930,9	69609	69739,38	LONG	0,00167	5981,87	0,00648	HOLD	98,2349	204,6799
2026-02-15	01:00	69739,38	69856,7	69672,55	69772,31	LONG	0,00167	5981,87	0,00648	HOLD	98,2349	204,7349
2026-02-15	02:00	69772,3	69920,6	69619,52	69873,99	LONG	0,00167	5981,87	0,00648	HOLD	98,2349	204,9047
2026-02-15	03:00	69873,99	70028,59	69732,75	70023,09	LONG	0,00167	5981,87	0,00648	HOLD	98,2349	205,1537
2026-02-15	04:00	70023,1	70250,46	69668,05	69935,86	LONG	0,00167	5981,87	0,00648	HOLD	98,2349	205,008
2026-02-15	05:00	69935,86	70100	69781	69959,75	LONG	0,00167	5981,87	0,00648	HOLD	98,2349	205,0479
2026-02-15	06:00	69959,74	70020	69723,18	69822,95	LONG	0,00167	5981,87	0,00648	HOLD	98,2349	204,8195
2026-02-15	07:00	69822,94	69864,74	69600	69777,07	LONG	0,00167	5981,87	0,00648	HOLD	98,2349	204,7428
2026-02-15	08:00	69777,06	69902,7	69350	69717,65	LONG	0,00167	5981,87	0,00648	HOLD	98,2349	204,6436
2026-02-15	09:00	69717,65	69753,9	69341,27	69480,01	LONG	0,00167	5981,87	0,00648	HOLD	98,2349	204,2468
2026-02-15	10:00	69480	69990,02	69251,5	69954,5	LONG	0,00167	5981,87	0,00648	HOLD	98,2349	205,0392
2026-02-15	11:00	69954,5	70518,57	69459,35	70183,99	LONG	0,00167	5981,87	0,00648	HOLD	98,2349	205,4224
2026-02-15	12:00	70184	70472,43	70132,54	70267,61	LONG	0,00167	5981,87	0,00648	HOLD	98,2349	205,5621
2026-02-15	13:00	70267,6	70540,99	70184,09	70405,12	LONG	0,00167	5981,87	0,00648	HOLD	98,2349	205,7917
2026-02-15	14:00	70405,12	70926,42	70307,11	70828,42	LONG	0,00167	5981,87	0,00648	HOLD	98,2349	206,4986
2026-02-15	15:00	70828,43	70983	70182,31	70446,52	LONG	0,00167	5981,87	0,00648	HOLD	98,2349	205,8608
2026-02-15	16:00	70446,52	70668	70370,3	70419,11	LONG	0,00167	5981,87	0,00648	HOLD	98,2349	205,8151
2026-02-15	17:00	70419,12	70523,94	70208,16	70427,02	LONG	0,00167	5981,87	0,00648	HOLD	98,2349	205,8283
2026-02-15	18:00	70427,02	70543,14	70267,6	70295,22	LONG	0,00167	5981,87	0,00648	HOLD	98,2349	205,6082
2026-02-15	19:00	70295,22	70418,48	69309,87	69314,21	LONG	0,00167	5981,87	0,00648	HOLD	98,2349	203,9699
2026-02-15	20:00	69314,22	69620,06	68772,2	68930	LONG	0,00167	5981,87	0,00648	HOLD	98,2349	203,3282
2026-02-15	21:00	68930	69219,71	68845,72	69170,51	LONG	0,00167	5981,87	0,00648	HOLD	98,2349	203,7299
2026-02-15	22:00	69170,51	69255,6	68888	69099,99	LONG	0,00167	5981,87	0,00648	HOLD	98,2349	203,6121
2026-02-15	23:00	69100	69100	68658	69017,75	LONG	0,00167	5981,87	0,00648	HOLD	98,2349	203,4748
2026-02-16	00:00	69017,76	69085,22	68203,6	68641,21	LONG	0,00167	5981,87	0,00648	HOLD	98,2349	202,846
2026-02-16	01:00	68641,21	68800	68274,31	68451,44	LONG	0,00167	5981,87	0,00648	HOLD	98,2349	202,529
2026-02-16	02:00	68451,45	68560,84	68000	68286,63	LONG	0,00167	5981,87	0,00648	HOLD	98,2349	202,2538
2026-02-16	03:00	68286,64	68560,22	68120	68450	LONG	0,00167	5981,87	0,00648	HOLD	98,2349	202,5266
2026-02-16	04:00	68450	68950,16	68450	68852,01	LONG	0,00167	5981,87	0,00648	HOLD	98,2349	203,198
2026-02-16	05:00	68852,01	69078,49	68801,06	68999,96	LONG	0,00167	5981,87	0,00648	HOLD	98,2349	203,4451
2026-02-16	06:00	68999,96	68999,96	68319,64	68832,58	LONG	0,00167	5981,87	0,00648	HOLD	98,2349	203,1656
2026-02-16	07:00	68832,59	69065,5	68700	68845,81	LONG	0,00167	5981,87	0,00648	HOLD	98,2349	203,1876
2026-02-16	08:00	68845,81	69041,97	68454,54	68630,81	LONG	0,00167	5981,87	0,00648	HOLD	98,2349	202,8286
2026-02-16	09:00	68630,81	68734	68243,68	68320,48	LONG	0,00167	5981,87	0,00648	HOLD	98,2349	202,3103
2026-02-16	10:00	68320,49	68463,96	68143,22	68424,82	LONG	0,00167	5981,87	0,00648	HOLD	98,2349	202,4846
2026-02-16	11:00	68424,82	68894,52	68417,17	68870,07	LONG	0,00167	5981,87	0,00648	HOLD	98,2349	203,2282
2026-02-16	12:00	68870,07	68900	68293,28	68385,29	LONG	0,00167	5981,87	0,00648	HOLD	98,2349	202,4186
2026-02-16	13:00	68385,29	68527,8	68228,76	68450,8	LONG	0,00167	5981,87	0,00648	HOLD	98,2349	202,528
2026-02-16	14:00	68450,8	68672,59	68380	68587,9	LONG	0,00167	5981,87	0,00648	HOLD	98,2349	202,7569
2026-02-16	15:00	68587,89	68798,7	68542,63	68762,85	LONG	0,00167	5981,87	0,00648	HOLD	98,2349	203,0491
2026-02-16	16:00	68762,86	69060,77	68748,02	68992,71	LONG	0,00167	5981,87	0,00648	HOLD	98,2349	203,433
2026-02-16	17:00	68992,7	68992,71	68690,85	68798,22	LONG	0,00167	5981,87	0,00648	HOLD	98,2349	203,1082
2026-02-16	18:00	68798,21	68918,22	68338,9	68812,83	LONG	0,00167	5981,87	0,00648	HOLD	98,2349	203,1326
2026-02-16	19:00	68812,84	69848,48	68807,54	69763,24	LONG	0,00167	5981,87	0,00648	HOLD	98,2349	204,7198
2026-02-16	20:00	69763,24	70126,67	68225	68395,1	LONG	0,00167	5981,87	0,00648	HOLD	98,2349	202,435
2026-02-16	21:00	68395,11	68718,3	68260,39	68427,64	LONG	0,00167	5981,87	0,00648	HOLD	98,2349	202,4893
2026-02-16	22:00	68427,64	68607,22	67294,11	67539,52	LONG	0,00167	5981,87	0,00648	HOLD	98,2349	201,0061
2026-02-16	23:00	67539,53	67974,86	67513,94	67888,7	LONG	0,00167	5981,87	0,00648	HOLD	98,2349	201,5893
2026-02-17	00:00	67888,7	68074,12	67600,93	67951,86	LONG	0,00167	5981,87	0,00648	HOLD	98,2349	201,6947
2026-02-17	01:00	67951,85	68245,34	67830,82	67860,13	LONG	0,00167	5981,87	0,00648	HOLD	98,2349	201,5416
2026-02-17	02:00	67860,13	68130	67824,91	67913,43	LONG	0,00167	5981,87	0,00648	HOLD	98,2349	201,6306
2026-02-17	03:00	67913,44	68549,14	67827,11	68530	LONG	0,00167	5981,87	0,00648	HOLD	98,2349	202,6602
2026-02-17	04:00	68530	68933,85	68427,18	68862,88	LONG	0,00167	5981,87	0,00648	HOLD	98,2349	203,2162
2026-02-17	05:00	68862,89	68890	68509,07	68591,02	LONG	0,00167	5981,87	0,00648	HOLD	98,2349	202,7621
2026-02-17	06:00	68591,01	68978,88	68538,57	68892,43	LONG	0,00167	5981,87	0,00648	HOLD	98,2349	203,2655
2026-02-17	07:00	68892,43	69042,74	68704,36	68878,27	LONG	0,00167	5981,87	0,00648	HOLD	98,2349	203,2419
2026-02-17	08:00	68878,27	68996,67	68563,16	68618,11	LONG	0,00167	5981,87	0,00648	HOLD	98,2349	202,8074
2026-02-17	09:00	68618,12	69241,5	68387,2	68838,48	LONG	0,00167	5981,87	0,00648	HOLD	98,2349	203,1754
2026-02-17	10:00	68838,48	68860,68	68470	68474,9	LONG	0,00167	5981,87	0,00648	HOLD	98,2349	202,5682
2026-02-17	11:00	68474,9	68707,49	68288	68481,67	LONG	0,00167	5981,87	0,00648	HOLD	98,2349	202,5795
2026-02-17	12:00	68481,68	68510,76	67892	68245,71	LONG	0,00167	5981,87	0,00648	HOLD	98,2349	202,1855
2026-02-17	13:00	68245,71	68519,99	68242,49	68400	LONG	0,00167	5981,87	0,00648	HOLD	98,2349	202,4431
2026-02-17	14:00	68400,01	68480	68165,02	68388,12	LONG	0,00167	5981,87	0,00648	HOLD	98,2349	202,4233
2026-02-17	15:00	68388,12	68479,17	68130,78	68177,53	LONG	0,00167	5981,87	0,00648	HOLD	98,2349	202,0716
2026-02-17	16:00	68177,53	68308,37	67992,03	68126,28	LONG	0,00167	5981,87	0,00648	HOLD	98,2349	201,986
2026-02-17	17:00	68126,29	68194,46	67704,96	67845,3	LONG	0,00167	5981,87	0,00648	HOLD	98,2349	201,5168
2026-02-17	18:00	67845,3	67935,73	67690	67854,6	LONG	0,00167	5981,87	0,00648	HOLD	98,2349	201,5323
2026-02-17	19:00	67854,6	68299,4	67827,52	67919,49	LONG	0,00167	5981,87	0,00648	HOLD	98,2349	201,6407
2026-02-17	20:00	67919,49	68360,5	67734,36	68136,34	LONG	0,00167	5981,87	0,00648	HOLD	98,2349	202,0028
2026-02-17	21:00	68136,35	68337,6	66734,3	66875,06	LONG	0,00167	5981,87	0,00648	HOLD	98,2349	199,8965
2026-02-17	22:00	66875,06	67409,99	66621,06	67392,05	LONG	0,00167	5981,87	0,00648	HOLD	98,2349	200,7599
2026-02-17	23:00	67392,06	68158,1	67317,6	67517,36	LONG	0,00167	5981,87	0,00648	HOLD	98,2349	200,9691
2026-02-18	00:00	67517,36	67714,28	66881,08	67244,22	LONG	0,00167	5981,87	0,00648	HOLD	98,2349	200,513
2026-02-18	01:00	67244,22	68227,41	67127,86	68098,62	LONG	0,00167	5981,87	0,00648	HOLD	98,2349	201,9398
2026-02-18	02:00	68098,63	68235,39	67695,45	67793,32	LONG	0,00167	5981,87	0,00648	HOLD	98,2349	201,43
2026-02-18	03:00	67793,32	67928,08	67484,16	67753,3	LONG	0,00167	5981,87	0,00648	HOLD	98,2349	201,3632
2026-02-18	04:00	67753,3	67926,29	67538	67680,54	LONG	0,00167	5981,87	0,00648	HOLD	98,2349	201,2416
2026-02-18	05:00	67680,55	67788,42	67513,42	67527,72	LONG	0,00167	5981,87	0,00648	HOLD	98,2349	200,9864
2026-02-18	06:00	67527,72	67617,46	67394	67503,52	LONG	0,00167	5981,87	0,00648	HOLD	98,2349	200,946
2026-02-18	07:00	67503,52	67627,97	67290,3	67302,65	LONG	0,00167	5981,87	0,00648	HOLD	98,2349	200,6106
2026-02-18	08:00	67302,65	67378,26	66892,03	67165,2	LONG	0,00167	5981,87	0,00648	HOLD	98,2349	200,381
2026-02-18	09:00	67165,21	67421,99	67153,36	67335,04	LONG	0,00167	5981,87	0,00648	HOLD	98,2349	200,6647
2026-02-18	10:00	67335,04	67705,65	67326,98	67629,11	LONG	0,00167	5981,87	0,00648	HOLD	98,2349	201,1558
2026-02-18	11:00	67629,1	67900	67500,1	67823,54	LONG	0,00167	5981,87	0,00648	HOLD	98,2349	201,4805
2026-02-18	12:00	67823,55	67938	67606,45	67654,8	LONG	0,00167	5981,87	0,00648	HOLD	98,2349	201,1987
2026-02-18	13:00	67654,81	67976,51	67614,91	67850,52	LONG	0,00167	5981,87	0,00648	HOLD	98,2349	201,5255
2026-02-18	14:00	67850,53	68219,81	67702,7	68106,44	LONG	0,00167	5981,87	0,00648	HOLD	98,2349	201,9529
2026-02-18	15:00	68106,44	68476,22	68071,58	68132,82	LONG	0,00167	5981,87	0,00648	HOLD	98,2349	201,997
2026-02-18	16:00	68132,83	68276	68010,11	68157,79	LONG	0,00167	5981,87	0,00648	HOLD	98,2349	202,0387
2026-02-18	17:00	68157,8	68184,41	67731,95	67801,26	LONG	0,00167	5981,87	0,00648	HOLD	98,2349	201,4432
2026-02-18	18:00	67801,26	67805,08	67076,9	67369,75	LONG	0,00167	5981,87	0,00648	HOLD	98,2349	200,7226
2026-02-18	19:00	67369,75	67689,76	67345	67458,06	LONG	0,00167	5981,87	0,00648	HOLD	98,2349	200,8701
2026-02-18	20:00	67458,06	67599,7	67051,81	67236,88	LONG	0,00167	5981,87	0,00648	HOLD	98,2349	200,5007
2026-02-18	21:00	67236,89	67362,26	66717,3	67223,76	LONG	0,00167	5981,87	0,00648	HOLD	98,2349	200,4788
2026-02-18	22:00	67223,77	68347,72	67192,25	67694,01	LONG	0,00167	5981,87	0,00648	HOLD	98,2349	201,2641
2026-02-18	23:00	67694,01	67706,94	66994,23	67145,34	LONG	0,00167	5981,87	0,00648	HOLD	98,2349	200,3479
2026-02-19	00:00	67145,35	67486,97	67057,13	67187,39	LONG	0,00167	5981,87	0,00648	HOLD	98,2349	200,4181
2026-02-19	01:00	67187,4	67229,76	66200	66359,99	LONG	0,00167	5981,87	0,00648	HOLD	98,2349	199,0363
2026-02-19	02:00	66360	66619	65870	66177,14	LONG	0,00167	5981,87	0,00648	HOLD	98,2349	198,731
2026-02-19	03:00	66177,15	66550	66141,9	66268,39	LONG	0,00167	5981,87	0,00648	HOLD	98,2349	198,8834
2026-02-19	04:00	66268,4	66504,2	66053,6	66342,76	LONG	0,00167	5981,87	0,00648	HOLD	98,2349	199,0076
2026-02-19	05:00	66342,76	66477,7	66232,02	66408,82	LONG	0,00167	5981,87	0,00648	HOLD	98,2349	199,1179
2026-02-19	06:00	66408,83	66502,49	66275,71	66461	LONG	0,00167	5981,87	0,00648	HOLD	98,2349	199,205
2026-02-19	07:00	66461	66597,03	66345	66446,49	LONG	0,00167	5981,87	0,00648	HOLD	98,2349	199,1808
2026-02-19	08:00	66446,49	66884,16	66446,48	66866,62	LONG	0,00167	5981,87	0,00648	HOLD	98,2349	199,8824
2026-02-19	09:00	66866,63	66958,9	66639,99	66835,2	LONG	0,00167	5981,87	0,00648	HOLD	98,2349	199,8299
2026-02-19	10:00	66835,2	66997,07	66727,27	66980,91	LONG	0,00167	5981,87	0,00648	HOLD	98,2349	200,0733
2026-02-19	11:00	66980,91	67070,56	66759	66802,75	LONG	0,00167	5981,87	0,00648	HOLD	98,2349	199,7757
2026-02-19	12:00	66802,74	66893,06	66679,76	66871,35	LONG	0,00167	5981,87	0,00648	HOLD	98,2349	199,8903
2026-02-19	13:00	66871,34	67290,4	66865,43	67150,12	LONG	0,00167	5981,87	0,00648	HOLD	98,2349	200,3558
2026-02-19	14:00	67150,12	67320	67028,7	67206,45	LONG	0,00167	5981,87	0,00648	HOLD	98,2349	200,4499
2026-02-19	15:00	67206,45	67206,45	66785,56	66966,12	LONG	0,00167	5981,87	0,00648	HOLD	98,2349	200,0486
2026-02-19	16:00	66966,12	67191,83	66754,23	66836	LONG	0,00167	5981,87	0,00648	HOLD	98,2349	199,8313
2026-02-19	17:00	66836,01	66958,4	66741,77	66843,08	LONG	0,00167	5981,87	0,00648	HOLD	98,2349	199,8431
2026-02-19	18:00	66843,08	66936,42	66478,02	66496,02	LONG	0,00167	5981,87	0,00648	HOLD	98,2349	199,2635
2026-02-19	19:00	66496,03	66680,7	66325,34	66516,67	LONG	0,00167	5981,87	0,00648	HOLD	98,2349	199,298
2026-02-19	20:00	66516,67	66556,59	65763	65913,37	LONG	0,00167	5981,87	0,00648	HOLD	98,2349	198,2905
2026-02-19	21:00	65913,38	66662,3	65631,83	66421,2	LONG	0,00167	5981,87	0,00648	HOLD	98,2349	199,1385
2026-02-19	22:00	66421,2	66755,39	65966	66398	LONG	0,00167	5981,87	0,00648	HOLD	98,2349	199,0998
2026-02-19	23:00	66398,01	66514,95	65899,25	66293,53	LONG	0,00167	5981,87	0,00648	HOLD	98,2349	198,9253
2026-02-20	00:00	66293,53	67049,99	66173,15	66369,42	LONG	0,00167	5981,87	0,00648	HOLD	98,2349	199,0521
2026-02-20	01:00	66369,42	67073,13	66228,49	67030,49	LONG	0,00167	5981,87	0,00648	HOLD	98,2349	200,1561
2026-02-20	02:00	67030,5	67198,1	66700	67050	LONG	0,00167	5981,87	0,00648	HOLD	98,2349	200,1886
2026-02-20	03:00	67050	67166,98	66823,03	67149,11	LONG	0,00167	5981,87	0,00648	HOLD	98,2349	200,3542
2026-02-20	04:00	67149,11	67168,86	66900,92	66916,51	LONG	0,00167	5981,87	0,00648	HOLD	98,2349	199,9657
2026-02-20	05:00	66916,51	67000	66652,34	66915,14	LONG	0,00167	5981,87	0,00648	HOLD	98,2349	199,9634
2026-02-20	06:00	66915,15	67023,61	66814,76	67003,73	LONG	0,00167	5981,87	0,00648	HOLD	98,2349	200,1114
2026-02-20	07:00	67003,73	67486,62	66949,41	67228,91	LONG	0,00167	5981,87	0,00648	HOLD	98,2349	200,4874
2026-02-20	08:00	67228,91	67355,79	67150	67279,9	LONG	0,00167	5981,87	0,00648	HOLD	98,2349	200,5726
2026-02-20	09:00	67279,91	67347,76	67181,28	67242,03	LONG	0,00167	5981,87	0,00648	HOLD	98,2349	200,5093
2026-02-20	10:00	67242,03	67488,67	67241,24	67366,25	LONG	0,00167	5981,87	0,00648	HOLD	98,2349	200,7168
2026-02-20	11:00	67366,25	67402,23	67115,38	67264,83	LONG	0,00167	5981,87	0,00648	HOLD	98,2349	200,5474
2026-02-20	12:00	67264,83	68006	67203,19	67790,1	LONG	0,00167	5981,87	0,00648	HOLD	98,2349	201,4246
2026-02-20	13:00	67790,11	67894,2	67660,12	67847,47	LONG	0,00167	5981,87	0,00648	HOLD	98,2349	201,5204
2026-02-20	14:00	67847,47	67990	67767,4	67825,91	LONG	0,00167	5981,87	0,00648	HOLD	98,2349	201,4844
2026-02-20	15:00	67825,91	67950,85	67747,33	67879,99	LONG	0,00167	5981,87	0,00648	HOLD	98,2349	201,5747
2026-02-20	16:00	67879,99	68230,01	67879,99	68218,85	LONG	0,00167	5981,87	0,00648	HOLD	98,2349	202,1406
2026-02-20	17:00	68218,85	68318,39	67843,42	67948,99	LONG	0,00167	5981,87	0,00648	HOLD	98,2349	201,69
2026-02-20	18:00	67948,99	67983,91	67280,6	67318,41	LONG	0,00167	5981,87	0,00648	HOLD	98,2349	200,6369
2026-02-20	19:00	67318,41	67594	67276,41	67541,77	LONG	0,00167	5981,87	0,00648	HOLD	98,2349	201,0099
2026-02-20	20:00	67541,78	67541,78	66280,2	66801,62	LONG	0,00167	5981,87	0,00648	HOLD	98,2349	199,7738
2026-02-20	21:00	66801,62	67317,5	66532,87	67069,65	LONG	0,00167	5981,87	0,00648	HOLD	98,2349	200,2215
2026-02-20	22:00	67069,65	68083,98	66536,64	67582,95	LONG	0,00167	5981,87	0,00648	HOLD	98,2349	201,0787
2026-02-20	23:00	67582,95	67921,7	67283,24	67795,47	LONG	0,00167	5981,87	0,00648	HOLD	98,2349	201,4336
2026-02-21	00:00	67795,48	67795,48	66952,11	67613,37	LONG	0,00167	5981,87	0,00648	HOLD	98,2349	201,1295
2026-02-21	01:00	67613,38	68000	67466,11	67924,21	LONG	0,00167	5981,87	0,00648	HOLD	98,2349	201,6486
2026-02-21	02:00	67924,22	68000	67548,85	67646,03	LONG	0,00167	5981,87	0,00648	HOLD	98,2349	201,184
2026-02-21	03:00	67646,03	67885,55	67520,3	67750,4	LONG	0,00167	5981,87	0,00648	HOLD	98,2349	201,3583
2026-02-21	04:00	67750,4	67840	67639,29	67825,87	LONG	0,00167	5981,87	0,00648	HOLD	98,2349	201,4843
2026-02-21	05:00	67825,87	68116,6	67639,31	68078,13	LONG	0,00167	5981,87	0,00648	HOLD	98,2349	201,9056
2026-02-21	06:00	68078,13	68233,99	67914	68020,01	LONG	0,00167	5981,87	0,00648	HOLD	98,2349	201,8086
2026-02-21	07:00	68020	68051,16	67787,19	67841	LONG	0,00167	5981,87	0,00648	HOLD	98,2349	201,5096
2026-02-21	08:00	67841	68005,99	67841	67951,24	LONG	0,00167	5981,87	0,00648	HOLD	98,2349	201,6937
2026-02-21	09:00	67951,25	68099,54	67913,3	68001,05	LONG	0,00167	5981,87	0,00648	HOLD	98,2349	201,7769
2026-02-21	10:00	68001,04	68001,04	67534,69	67667,77	LONG	0,00167	5981,87	0,00648	HOLD	98,2349	201,2203
2026-02-21	11:00	67667,77	67846,88	67593,99	67816,97	LONG	0,00167	5981,87	0,00648	HOLD	98,2349	201,4695
2026-02-21	12:00	67816,98	67888,4	67799,7	67851,93	LONG	0,00167	5981,87	0,00648	HOLD	98,2349	201,5279
2026-02-21	13:00	67851,93	67924,39	67750,96	67793,38	LONG	0,00167	5981,87	0,00648	HOLD	98,2349	201,4301
2026-02-21	14:00	67793,39	67884,74	67749,59	67856,01	LONG	0,00167	5981,87	0,00648	HOLD	98,2349	201,5347
2026-02-21	15:00	67856,01	68079,41	67807,3	68055,03	LONG	0,00167	5981,87	0,00648	HOLD	98,2349	201,867
2026-02-21	16:00	68055,04	68314,54	67978,9	68147,53	LONG	0,00167	5981,87	0,00648	HOLD	98,2349	202,0215
2026-02-21	17:00	68147,54	68250	68139,65	68215,54	LONG	0,00167	5981,87	0,00648	HOLD	98,2349	202,1351
2026-02-21	18:00	68215,55	68283,34	68084	68092,45	LONG	0,00167	5981,87	0,00648	HOLD	98,2349	201,9295
2026-02-21	19:00	68092,45	68218,2	67915	68203,42	LONG	0,00167	5981,87	0,00648	HOLD	98,2349	202,1149
2026-02-21	20:00	68203,42	68260	68106,89	68259,99	LONG	0,00167	5981,87	0,00648	HOLD	98,2349	202,2093
2026-02-21	21:00	68259,99	68644	68180,53	68450,01	LONG	0,00167	5981,87	0,00648	HOLD	98,2349	202,5267
2026-02-21	22:00	68450,01	68698,7	68417	68615	LONG	0,00167	5981,87	0,00648	HOLD	98,2349	202,8022
2026-02-21	23:00	68615,01	68630,76	68101,78	68322,6	LONG	0,00167	5981,87	0,00648	HOLD	98,2349	202,3139
2026-02-22	00:00	68322,61	68474,01	68200	68437,45	LONG	0,00167	5981,87	0,00648	HOLD	98,2349	202,5057
2026-02-22	01:00	68437,45	68644	68383,08	68574	LONG	0,00167	5981,87	0,00648	HOLD	98,2349	202,7337
2026-02-22	02:00	68573,99	68658,5	68526,81	68543,51	LONG	0,00167	5981,87	0,00648	HOLD	98,2349	202,6828
2026-02-22	03:00	68543,51	68605,63	68190	68211,19	LONG	0,00167	5981,87	0,00648	HOLD	98,2349	202,1278
2026-02-22	04:00	68211,19	68390,93	68183,1	68379,95	LONG	0,00167	5981,87	0,00648	HOLD	98,2349	202,4097
2026-02-22	05:00	68379,95	68437,56	67900	67972	LONG	0,00167	5981,87	0,00648	HOLD	98,2349	201,7284
2026-02-22	06:00	67972	68124,54	67941,02	67975,93	LONG	0,00167	5981,87	0,00648	HOLD	98,2349	201,7349
2026-02-22	07:00	67975,93	68060,4	67809,78	67946	LONG	0,00167	5981,87	0,00648	HOLD	98,2349	201,685
2026-02-22	08:00	67946	68171,46	67945,99	68159,31	LONG	0,00167	5981,87	0,00648	HOLD	98,2349	202,0412
2026-02-22	09:00	68159,32	68222,16	67872,76	67909,68	LONG	0,00167	5981,87	0,00648	HOLD	98,2349	201,6243
2026-02-22	10:00	67909,67	68062,03	67824,9	68041,43	LONG	0,00167	5981,87	0,00648	HOLD	98,2349	201,8443
2026-02-22	11:00	68041,42	68086	67966,52	67983,5	LONG	0,00167	5981,87	0,00648	HOLD	98,2349	201,7476
2026-02-22	12:00	67983,5	68011,75	67881,81	67977,52	LONG	0,00167	5981,87	0,00648	HOLD	98,2349	201,7376
2026-02-22	13:00	67977,52	68178,79	67972,89	68038,13	LONG	0,00167	5981,87	0,00648	HOLD	98,2349	201,8388
2026-02-22	14:00	68038,14	68095,57	67990,5	68005,3	LONG	0,00167	5981,87	0,00648	HOLD	98,2349	201,784
2026-02-22	15:00	68005,3	68019,46	67912,02	67950,1	LONG	0,00167	5981,87	0,00648	HOLD	98,2349	201,6918
2026-02-22	16:00	67950,11	68101,46	67948,74	68053,32	LONG	0,00167	5981,87	0,00648	HOLD	98,2349	201,8642
2026-02-22	17:00	68053,33	68153,2	68012,78	68129,56	LONG	0,00167	5981,87	0,00648	HOLD	98,2349	201,9915
2026-02-22	18:00	68129,57	68245	68129,56	68219,97	LONG	0,00167	5981,87	0,00648	HOLD	98,2349	202,1425
2026-02-22	19:00	68219,97	68232,4	67871,59	67928,22	LONG	0,00167	5981,87	0,00648	HOLD	98,2349	201,6553
2026-02-22	20:00	67928,23	68040,8	67571,08	67652,38	LONG	0,00167	5981,87	0,00648	HOLD	98,2349	201,1946
2026-02-22	21:00	67652,38	67682,47	67353,75	67443,89	LONG	0,00167	5981,87	0,00648	HOLD	98,2349	200,8464
2026-02-22	22:00	67443,89	67813,2	67303,5	67684,14	LONG	0,00167	5981,87	0,00648	HOLD	98,2349	201,2477
2026-02-22	23:00	67684,15	67718,13	67513,83	67632,76	LONG	0,00167	5981,87	0,00648	HOLD	98,2349	201,1619
2026-02-23	00:00	67632,76	67635,22	67190	67384,49	LONG	0,00167	5981,87	0,00648	HOLD	98,2349	200,7472
2026-02-23	01:00	67384,48	67461,41	67313,54	67422,62	LONG	0,00167	5981,87	0,00648	HOLD	98,2349	200,8109
2026-02-23	02:00	67422,63	67488,7	67403,37	67428,32	LONG	0,00167	5981,87	0,00648	HOLD	98,2349	200,8204
2026-02-23	03:00	67428,32	67491,96	67350	67401,74	LONG	0,00167	5981,87	0,00648	HOLD	98,2349	200,776
2026-02-23	04:00	67401,74	67643,94	67401,74	67612,66	LONG	0,00167	5981,87	0,00648	HOLD	98,2349	201,1283
2026-02-23	05:00	67612,66	67751,44	67485,34	67666,16	LONG	0,00167	5981,87	0,00648	HOLD	98,2349	201,2176
2026-02-23	06:00	67666,16	67730,98	67469,58	67643,4	LONG	0,00167	5981,87	0,00648	HOLD	98,2349	201,1796
2026-02-23	07:00	67643,39	67684,86	66715,01	66740,47	LONG	0,00167	5981,87	0,00648	HOLD	98,2349	199,6717
2026-02-23	08:00	66740,47	66740,47	64290,71	64427,65	LONG	0,00167	5981,87	0,00648	HOLD	98,2349	195,8093
2026-02-23	09:00	64427,64	64916,85	64325,98	64783,56	LONG	0,00167	5981,87	0,00648	HOLD	98,2349	196,4037
2026-02-23	10:00	64783,56	65079,79	64700	64934,17	LONG	0,00167	5981,87	0,00648	HOLD	98,2349	196,6552
2026-02-23	11:00	64934,18	65040,29	64685,64	64808,31	LONG	0,00167	5981,87	0,00648	HOLD	98,2349	196,445
2026-02-23	12:00	64808,31	65294,8	64796,85	65070,9	LONG	0,00167	5981,87	0,00648	HOLD	98,2349	196,8835
2026-02-23	13:00	65070,9	65802,09	65033,9	65757,32	LONG	0,00167	5981,87	0,00648	HOLD	98,2349	198,0299
2026-02-23	14:00	65757,33	66015,22	65641,55	65958,94	LONG	0,00167	5981,87	0,00648	HOLD	98,2349	198,3666
2026-02-23	15:00	65958,94	65958,94	65565,78	65676,44	LONG	0,00167	5981,87	0,00648	HOLD	98,2349	197,8948
2026-02-23	16:00	65676,44	66456,5	65672,76	66404,91	LONG	0,00167	5981,87	0,00648	HOLD	98,2349	199,1113
2026-02-23	17:00	66404,92	66600	66220	66319,69	LONG	0,00167	5981,87	0,00648	HOLD	98,2349	198,969
2026-02-23	18:00	66319,69	66487,37	66114,22	66207,23	LONG	0,00167	5981,87	0,00648	HOLD	98,2349	198,7812
2026-02-23	19:00	66207,23	66511,51	65886,51	66280,4	LONG	0,00167	5981,87	0,00648	HOLD	98,2349	198,9034
2026-02-23	20:00	66280,4	66430,52	66103,35	66132,66	LONG	0,00167	5981,87	0,00648	HOLD	98,2349	198,6567
2026-02-23	21:00	66132,65	66264,95	65529,73	65923,53	LONG	0,00167	5981,87	0,00648	HOLD	98,2349	198,3074
2026-02-23	22:00	65923,52	66250	65579,53	65660,1	LONG	0,00167	5981,87	0,00648	HOLD	98,2349	197,8675
2026-02-23	23:00	65660,1	65724,28	65178,83	65364,65	LONG	0,00167	5981,87	0,00648	HOLD	98,2349	197,3741
2026-02-24	00:00	65364,66	65451,01	64152,04	64813,26	LONG	0,00167	5981,87	0,00648	HOLD	98,2349	196,4533
2026-02-24	01:00	64813,27	65194,51	64586	64635,49	LONG	0,00167	5981,87	0,00648	HOLD	98,2349	196,1564
2026-02-24	02:00	64635,49	64855,18	64048,71	64295,1	LONG	0,00167	5981,87	0,00648	HOLD	98,2349	195,588
2026-02-24	03:00	64295,11	64487,94	63888,79	64473,14	LONG	0,00167	5981,87	0,00648	HOLD	98,2349	195,8853
2026-02-24	04:00	64473,14	64783,54	64459,44	64580,66	LONG	0,00167	5981,87	0,00648	HOLD	98,2349	196,0648
2026-02-24	05:00	64580,66	65035,98	64555,59	64725,56	LONG	0,00167	5981,87	0,00648	HOLD	98,2349	196,3068
2026-02-24	06:00	64725,56	64900,63	64538,9	64656,02	LONG	0,00167	5981,87	0,00648	HOLD	98,2349	196,1907
2026-02-24	07:00	64656,01	65026,75	64656,01	64941,43	LONG	0,00167	5981,87	0,00648	HOLD	98,2349	196,6673
2026-02-24	08:00	64941,42	64941,42	63433,84	64160,27	LONG	0,00167	5981,87	0,00648	HOLD	98,2349	195,3628
2026-02-24	09:00	64160,26	64500	64000	64109,81	LONG	0,00167	5981,87	0,00648	HOLD	98,2349	195,2785
2026-02-24	10:00	64109,8	64109,8	63342,9	63595,51	LONG	0,00167	5981,87	0,00648	HOLD	98,2349	194,4196
2026-02-24	11:00	63595,51	63628,52	62868,69	63378,84	LONG	0,00167	5981,87	0,00648	HOLD	98,2349	194,0578
2026-02-24	12:00	63378,84	63551,58	62700,8	63104,79	LONG	0,00167	5981,87	0,00648	HOLD	98,2349	193,6001
2026-02-24	13:00	63104,79	63322,28	62900	63082,79	LONG	0,00167	5981,87	0,00648	HOLD	98,2349	193,5634
2026-02-24	14:00	63082,79	63367,2	62866,42	63192,96	LONG	0,00167	5981,87	0,00648	HOLD	98,2349	193,7474
2026-02-24	15:00	63192,79	63444,66	63009,92	63392,15	LONG	0,00167	5981,87	0,00648	HOLD	98,2349	194,08
2026-02-24	16:00	63392,15	63411,8	62908,92	63249,99	LONG	0,00167	5981,87	0,00648	HOLD	98,2349	193,8426
2026-02-24	17:00	63250	63369,71	63112,7	63284,5	LONG	0,00167	5981,87	0,00648	HOLD	98,2349	193,9003
2026-02-24	18:00	63284,51	63317,95	63063,63	63227,1	LONG	0,00167	5981,87	0,00648	HOLD	98,2349	193,8044
2026-02-24	19:00	63227,11	63343,59	62965,21	62969,05	LONG	0,00167	5981,87	0,00648	HOLD	98,2349	193,3735
2026-02-24	20:00	62969,04	63100	62510,28	62900	LONG	0,00167	5981,87	0,00648	HOLD	98,2349	193,2581
2026-02-24	21:00	62900,01	63834,21	62762,03	63453,99	LONG	0,00167	5981,87	0,00648	HOLD	98,2349	194,1833
2026-02-24	22:00	63454	64031,76	63300	63973,97	LONG	0,00167	5981,87	0,00648	HOLD	98,2349	195,0517
2026-02-24	23:00	63973,98	64428,9	63689,54	64265,52	LONG	0,00167	5981,87	0,00648	HOLD	98,2349	195,5386
2026-02-25	00:00	64265,53	64520	64042,8	64219,71	LONG	0,00167	5981,87	0,00648	HOLD	98,2349	195,4621
2026-02-25	01:00	64219,7	64500	63872,72	64435,06	LONG	0,00167	5981,87	0,00648	HOLD	98,2349	195,8217
2026-02-25	02:00	64435,05	64743,11	64250,52	64435,03	LONG	0,00167	5981,87	0,00648	HOLD	98,2349	195,8216
2026-02-25	03:00	64435,03	64591,99	64318,03	64472,9	LONG	0,00167	5981,87	0,00648	HOLD	98,2349	195,8849
2026-02-25	04:00	64472,9	64472,9	63820,5	64042,66	LONG	0,00167	5981,87	0,00648	HOLD	98,2349	195,1664
2026-02-25	05:00	64042,66	64227,81	63973,79	64120,95	LONG	0,00167	5981,87	0,00648	HOLD	98,2349	195,2971
2026-02-25	06:00	64120,96	64248,65	63853,99	64058,15	LONG	0,00167	5981,87	0,00648	HOLD	98,2349	195,1923
2026-02-25	07:00	64058,15	64319,29	63913,27	64224,3	LONG	0,00167	5981,87	0,00648	HOLD	98,2349	195,4697
2026-02-25	08:00	64224,29	66300	64145,2	65896,75	LONG	0,00167	5981,87	0,00648	HOLD	98,2349	198,2627
2026-02-25	09:00	65896,74	66310	65866,66	65884,83	LONG	0,00167	5981,87	0,00648	HOLD	98,2349	198,2428
2026-02-25	10:00	65884,84	65955,87	65350,28	65391,73	LONG	0,00167	5981,87	0,00648	HOLD	98,2349	197,4193
2026-02-25	11:00	65391,74	65650	65116,65	65457,99	LONG	0,00167	5981,87	0,00648	HOLD	98,2349	197,53
2026-02-25	12:00	65458	65511,21	64755,26	64882,76	LONG	0,00167	5981,87	0,00648	HOLD	98,2349	196,5694
2026-02-25	13:00	64882,77	65124,04	64865,78	64898,22	LONG	0,00167	5981,87	0,00648	HOLD	98,2349	196,5952
2026-02-25	14:00	64898,22	65193,25	64781,18	65028,3	LONG	0,00167	5981,87	0,00648	HOLD	98,2349	196,8124
2026-02-25	15:00	65028,3	65586,87	64955,79	65530,49	LONG	0,00167	5981,87	0,00648	HOLD	98,2349	197,6511
2026-02-25	16:00	65530,48	65692,62	65396,47	65558,71	LONG	0,00167	5981,87	0,00648	HOLD	98,2349	197,6982
2026-02-25	17:00	65558,71	65648,74	65345	65400,87	LONG	0,00167	5981,87	0,00648	HOLD	98,2349	197,4346
2026-02-25	18:00	65400,87	65485,91	65200,8	65430,04	LONG	0,00167	5981,87	0,00648	HOLD	98,2349	197,4833
2026-02-25	19:00	65430,04	66240	65324,62	66068,94	LONG	0,00167	5981,87	0,00648	HOLD	98,2349	198,5503
2026-02-25	20:00	66068,94	66684,1	66025,39	66248,62	LONG	0,00167	5981,87	0,00648	HOLD	98,2349	198,8503
2026-02-25	21:00	66248,63	67009,78	66202,66	66973,2	LONG	0,00167	5981,87	0,00648	HOLD	98,2349	200,0604
2026-02-25	22:00	66973,19	67578	66715,13	67412,33	LONG	0,00167	5981,87	0,00648	HOLD	98,2349	200,7937
2026-02-25	23:00	67412,32	68332	67404	68297,35	LONG	0,00167	5981,87	0,00648	HOLD	98,2349	202,2717
2026-02-26	00:00	68297,35	68879,96	68016,53	68674,2	LONG	0,00167	5981,87	0,00648	HOLD	98,2349	202,9011
2026-02-26	01:00	68674,2	69550	68373,33	69328,07	LONG	0,00167	5981,87	0,00648	HOLD	98,2349	203,993
2026-02-26	02:00	69328,06	69406,93	68764,94	69038,26	LONG	0,00167	5981,87	0,00648	HOLD	98,2349	203,509
2026-02-26	03:00	69038,26	69374,95	68619,22	69148,69	LONG	0,00167	5981,87	0,00648	HOLD	98,2349	203,6935
2026-02-26	04:00	69148,69	69988,83	68773,83	68919,72	LONG	0,00167	5981,87	0,00648	HOLD	98,2349	203,3111
2026-02-26	05:00	68919,72	69176	68055,91	68432,13	LONG	0,00167	5981,87	0,00648	HOLD	98,2349	202,4968
2026-02-26	06:00	68432,13	68696,97	67600	67988,04	LONG	0,00167	5981,87	0,00648	HOLD	98,2349	201,7552
2026-02-26	07:00	67988,04	68539,17	67727,52	68335,99	LONG	0,00167	5981,87	0,00648	HOLD	98,2349	202,3362
2026-02-26	08:00	68335,99	68700	68210,35	68248,3	LONG	0,00167	5981,87	0,00648	HOLD	98,2349	202,1898
2026-02-26	09:00	68248,3	68351	67779,93	68257,45	LONG	0,00167	5981,87	0,00648	HOLD	98,2349	202,2051
2026-02-26	10:00	68257,46	68379,59	68044,18	68216,86	LONG	0,00167	5981,87	0,00648	HOLD	98,2349	202,1373
2026-02-26	11:00	68216,87	68860	68179,62	68571,36	LONG	0,00167	5981,87	0,00648	HOLD	98,2349	202,7293
2026-02-26	12:00	68571,36	68571,37	68127,58	68443,81	LONG	0,00167	5981,87	0,00648	HOLD	98,2349	202,5163
2026-02-26	13:00	68443,82	68522	68042,9	68176,75	LONG	0,00167	5981,87	0,00648	HOLD	98,2349	202,0703
2026-02-26	14:00	68176,75	68290,18	67817,87	67825,04	LONG	0,00167	5981,87	0,00648	HOLD	98,2349	201,483
2026-02-26	15:00	67825,05	68236	67792	67954,01	LONG	0,00167	5981,87	0,00648	HOLD	98,2349	201,6983
2026-02-26	16:00	67954	68644,59	67933,25	68589,41	LONG	0,00167	5981,87	0,00648	HOLD	98,2349	202,7595
2026-02-26	17:00	68589,41	68722,64	68257,64	68301,62	LONG	0,00167	5981,87	0,00648	HOLD	98,2349	202,2788
2026-02-26	18:00	68301,61	68404,25	67965,46	68051,31	LONG	0,00167	5981,87	0,00648	HOLD	98,2349	201,8608
2026-02-26	19:00	68051,3	68303,83	68009,88	68171,56	LONG	0,00167	5981,87	0,00648	HOLD	98,2349	202,0616
2026-02-26	20:00	68171,55	68213,98	67848,69	67905,35	LONG	0,00167	5981,87	0,00648	HOLD	98,2349	201,6171
2026-02-26	21:00	67905,34	68272,21	67264,22	67697,74	LONG	0,00167	5981,87	0,00648	HOLD	98,2349	201,2704
2026-02-26	22:00	67696,89	67743,36	66761,16	67382	LONG	0,00167	5981,87	0,00648	HOLD	98,2349	200,7431
2026-02-26	23:00	67382	67566,85	66500	66643,55	LONG	0,00167	5981,87	0,00648	HOLD	98,2349	199,5099
2026-02-27	00:00	66643,56	67044,1	66600,46	66826,8	LONG	0,00167	5981,87	0,00648	HOLD	98,2349	199,8159
2026-02-27	01:00	66826,8	67373,9	66575,73	67310,53	LONG	0,00167	5981,87	0,00648	HOLD	98,2349	200,6237
2026-02-27	02:00	67310,53	67903,12	67285,99	67589,22	LONG	0,00167	5981,87	0,00648	HOLD	98,2349	201,0891
2026-02-27	03:00	67589,21	67831,11	67269,42	67414,07	LONG	0,00167	5981,87	0,00648	HOLD	98,2349	200,7966
2026-02-27	04:00	67414,07	67575,97	67150,14	67463,65	LONG	0,00167	5981,87	0,00648	HOLD	98,2349	200,8794
2026-02-27	05:00	67463,65	67630,22	67301,75	67572,3	LONG	0,00167	5981,87	0,00648	HOLD	98,2349	201,0609
2026-02-27	06:00	67572,3	67656,11	67390,65	67485,18	LONG	0,00167	5981,87	0,00648	HOLD	98,2349	200,9154
2026-02-27	07:00	67485,19	67537,84	67000	67226,5	LONG	0,00167	5981,87	0,00648	HOLD	98,2349	200,4834
2026-02-27	08:00	67226,5	67398,86	66885	67352,26	LONG	0,00167	5981,87	0,00648	HOLD	98,2349	200,6934
2026-02-27	09:00	67352,26	67546,15	67263,56	67266,58	LONG	0,00167	5981,87	0,00648	HOLD	98,2349	200,5503
2026-02-27	10:00	67266,58	67712,16	67099,71	67600,84	LONG	0,00167	5981,87	0,00648	HOLD	98,2349	201,1085
2026-02-27	11:00	67600,84	68216,8	67578,67	67747,49	LONG	0,00167	5981,87	0,00648	HOLD	98,2349	201,3535
2026-02-27	12:00	67747,49	67924	67683,3	67724,99	LONG	0,00167	5981,87	0,00648	HOLD	98,2349	201,3159
2026-02-27	13:00	67725	67823,9	67525,46	67658,14	LONG	0,00167	5981,87	0,00648	HOLD	98,2349	201,2042
2026-02-27	14:00	67658,14	67774,48	67459,3	67690,6	LONG	0,00167	5981,87	0,00648	HOLD	98,2349	201,2584
2026-02-27	15:00	67690,6	68079,83	67655,86	67926,24	LONG	0,00167	5981,87	0,00648	HOLD	98,2349	201,652
2026-02-27	16:00	67926,25	68149,93	67284,22	67355,73	LONG	0,00167	5981,87	0,00648	HOLD	98,2349	200,6992
2026-02-27	17:00	67355,72	67416,78	66574	66604,91	LONG	0,00167	5981,87	0,00648	HOLD	98,2349	199,4453
2026-02-27	18:00	66604,9	66778,68	65960,01	66126,99	LONG	0,00167	5981,87	0,00648	HOLD	98,2349	198,6472
2026-02-27	19:00	66126,99	66217,42	65734,71	65928,01	LONG	0,00167	5981,87	0,00648	HOLD	98,2349	198,3149
2026-02-27	20:00	65928,01	66344,9	65649,34	66270,55	LONG	0,00167	5981,87	0,00648	HOLD	98,2349	198,887
2026-02-27	21:00	66270,55	66334,87	65686,64	65887,59	LONG	0,00167	5981,87	0,00648	HOLD	98,2349	198,2474
2026-02-27	22:00	65887,59	66311,11	65845,18	66095,4	LONG	0,00167	5981,87	0,00648	HOLD	98,2349	198,5945
2026-02-27	23:00	66095,4	66121,03	65462,93	65475,21	LONG	0,00167	5981,87	0,00648	HOLD	98,2349	197,5587
2026-02-28	00:00	65475,21	65765,06	65113,72	65703,19	LONG	0,00167	5981,87	0,00648	HOLD	98,2349	197,9395
2026-02-28	01:00	65703,18	65788,07	65228,33	65314,76	LONG	0,00167	5981,87	0,00648	HOLD	98,2349	197,2908
2026-02-28	02:00	65314,76	65457,35	65172,6	65392,18	LONG	0,00167	5981,87	0,00648	HOLD	98,2349	197,4201
2026-02-28	03:00	65392,18	65666,66	65392,18	65594,67	LONG	0,00167	5981,87	0,00648	HOLD	98,2349	197,7582
2026-02-28	04:00	65594,67	65749,94	65400	65527,59	LONG	0,00167	5981,87	0,00648	HOLD	98,2349	197,6462
2026-02-28	05:00	65527,59	65673,33	64914,46	65637,99	LONG	0,00167	5981,87	0,00648	HOLD	98,2349	197,8306
2026-02-28	06:00	65638	65953,2	65551,67	65872,1	LONG	0,00167	5981,87	0,00648	HOLD	98,2349	198,2215
2026-02-28	07:00	65872,09	66025,52	65721,13	65942	LONG	0,00167	5981,87	0,00648	HOLD	98,2349	198,3383
2026-02-28	08:00	65942,01	65971,93	65743,71	65770,36	LONG	0,00167	5981,87	0,00648	HOLD	98,2349	198,0516
2026-02-28	09:00	65770,36	66018,85	65761,94	65961,13	LONG	0,00167	5981,87	0,00648	HOLD	98,2349	198,3702
2026-02-28	10:00	65961,13	65982,34	65745,39	65797,42	LONG	0,00167	5981,87	0,00648	HOLD	98,2349	198,0968
2026-02-28	11:00	65797,42	65818,44	65488	65663,2	LONG	0,00167	5981,87	0,00648	HOLD	98,2349	197,8727
2026-02-28	12:00	65663,21	65729,65	65500	65591,03	LONG	0,00167	5981,87	0,00648	HOLD	98,2349	197,7522
2026-02-28	13:00	65591,03	65591,04	63030	63216,01	LONG	0,00167	5981,87	0,00648	HOLD	98,2349	193,7859
2026-02-28	14:00	63216,01	64327,22	63038	63826	LONG	0,00167	5981,87	0,00648	HOLD	98,2349	194,8046
2026-02-28	15:00	63825,99	63877,09	63411,39	63473,28	LONG	0,00167	5981,87	0,00648	HOLD	98,2349	194,2155
2026-02-28	16:00	63473,27	64005,35	63372,1	63658,54	LONG	0,00167	5981,87	0,00648	HOLD	98,2349	194,5249
2026-02-28	17:00	63658,55	64053,93	63452,64	64010,39	LONG	0,00167	5981,87	0,00648	HOLD	98,2349	195,1125
2026-02-28	18:00	64010,38	64307,44	63791,25	63844,2	LONG	0,00167	5981,87	0,00648	HOLD	98,2349	194,835
2026-02-28	19:00	63844,2	64082,66	63827,2	64017,19	LONG	0,00167	5981,87	0,00648	HOLD	98,2349	195,1238
2026-02-28	20:00	64017,18	65216,97	63888,89	65106,44	LONG	0,00167	5981,87	0,00648	HOLD	98,2349	196,9429
2026-02-28	21:00	65106,45	65360,51	64278,5	64435,61	LONG	0,00167	5981,87	0,00648	HOLD	98,2349	195,8226
2026-02-28	22:00	64435,62	65020,75	64200	64841,18	LONG	0,00167	5981,87	0,00648	HOLD	98,2349	196,4999
2026-02-28	23:00	64841,17	65206,25	64681,81	65094,3	LONG	0,00167	5981,87	0,00648	HOLD	98,2349	196,9226
2026-03-01	00:00	65094,29	65555	64828,03	65442,62	LONG	0,00167	5981,87	0,00648	HOLD	98,2349	197,5043
2026-03-01	01:00	65442,61	66157,61	65185,7	65911,84	LONG	0,00167	5981,87	0,00648	HOLD	98,2349	198,2879
2026-03-01	02:00	65911,83	66666,65	65602,65	66362,01	LONG	0,00167	5981,87	0,00648	HOLD	98,2349	199,0397
2026-03-01	03:00	66362,01	67151,68	66190,61	66959,62	LONG	0,00167	5981,87	0,00648	HOLD	98,2349	200,0377
2026-03-01	04:00	66959,63	67055,56	66368,42	66723,22	LONG	0,00167	5981,87	0,00648	HOLD	98,2349	199,6429
2026-03-01	05:00	66723,23	67760	66608,82	67103,64	LONG	0,00167	5981,87	0,00648	HOLD	98,2349	200,2782
2026-03-01	06:00	67103,63	67210	66733,73	66973,26	LONG	0,00167	5981,87	0,00648	HOLD	98,2349	200,0605
2026-03-01	07:00	66973,26	67121,8	66620,5	66791,29	LONG	0,00167	5981,87	0,00648	HOLD	98,2349	199,7566
2026-03-01	08:00	66791,29	67703,32	66042,72	67339,36	LONG	0,00167	5981,87	0,00648	HOLD	98,2349	200,6719
2026-03-01	09:00	67339,36	68199,99	67339,36	67620,65	LONG	0,00167	5981,87	0,00648	HOLD	98,2349	201,1416
2026-03-01	10:00	67620,65	67813,33	67400	67502,16	LONG	0,00167	5981,87	0,00648	HOLD	98,2349	200,9437
2026-03-01	11:00	67502,16	67612,14	67079,36	67346,5	LONG	0,00167	5981,87	0,00648	HOLD	98,2349	200,6838
2026-03-01	12:00	67346,5	67574,65	67200	67292,09	LONG	0,00167	5981,87	0,00648	HOLD	98,2349	200,5929
2026-03-01	13:00	67292,08	67345,8	66749,35	66926,68	LONG	0,00167	5981,87	0,00648	HOLD	98,2349	199,9827
2026-03-01	14:00	66926,69	67235,72	66784,58	67141,39	LONG	0,00167	5981,87	0,00648	HOLD	98,2349	200,3413
2026-03-01	15:00	67141,4	67292,3	66389,33	66560,14	LONG	0,00167	5981,87	0,00648	HOLD	98,2349	199,3706
2026-03-01	16:00	66560,14	66771,1	66246,95	66410,08	LONG	0,00167	5981,87	0,00648	HOLD	98,2349	199,12
2026-03-01	17:00	66410,09	66731,47	66215,71	66467,06	LONG	0,00167	5981,87	0,00648	HOLD	98,2349	199,2151
2026-03-01	18:00	66467,07	66661,61	66372,27	66468,03	LONG	0,00167	5981,87	0,00648	HOLD	98,2349	199,2168
2026-03-01	19:00	66468,04	66550	66241,97	66296,48	LONG	0,00167	5981,87	0,00648	HOLD	98,2349	198,9303
2026-03-01	20:00	66296,48	67360,57	66132,27	66934,79	LONG	0,00167	5981,87	0,00648	HOLD	98,2349	199,9962
2026-03-01	21:00	66934,8	67320,19	66752,58	66847,8	LONG	0,00167	5981,87	0,00648	HOLD	98,2349	199,851
2026-03-01	22:00	66847,8	67243,69	66828,6	66842,42	LONG	0,00167	5981,87	0,00648	HOLD	98,2349	199,842
2026-03-01	23:00	66842,42	67112,37	65730,28	66135,45	LONG	0,00167	5981,87	0,00648	HOLD	98,2349	198,6613
2026-03-02	00:00	66135,45	66219,77	65699,98	65979,61	LONG	0,00167	5981,87	0,00648	HOLD	98,2349	198,4011
2026-03-02	01:00	65979,61	66657,44	65979,61	66316,83	LONG	0,00167	5981,87	0,00648	HOLD	98,2349	198,9642
2026-03-02	02:00	66316,84	66345,95	65772,29	65962,17	LONG	0,00167	5981,87	0,00648	HOLD	98,2349	198,372
2026-03-02	03:00	65962,16	65962,16	65084,02	65300	LONG	0,00167	5981,87	0,00648	HOLD	98,2349	197,2661
2026-03-02	04:00	65300,01	65756,5	65281,83	65666,2	LONG	0,00167	5981,87	0,00648	HOLD	98,2349	197,8777
2026-03-02	05:00	65666,19	66491,43	65056	65268,71	LONG	0,00167	5981,87	0,00648	HOLD	98,2349	197,2139
2026-03-02	06:00	65268,71	66080	65125,67	65776,47	LONG	0,00167	5981,87	0,00648	HOLD	98,2349	198,0618
2026-03-02	07:00	65776,48	66796,44	65761,04	66501,52	LONG	0,00167	5981,87	0,00648	HOLD	98,2349	199,2727
2026-03-02	08:00	66501,52	67079	66358,45	66532,02	LONG	0,00167	5981,87	0,00648	HOLD	98,2349	199,3236
2026-03-02	09:00	66532,02	66609,94	65890,5	66276,77	LONG	0,00167	5981,87	0,00648	HOLD	98,2349	198,8973
2026-03-02	10:00	66276,77	67037,22	66101,07	66820,03	LONG	0,00167	5981,87	0,00648	HOLD	98,2349	199,8046
2026-03-02	11:00	66820,03	66975,74	66633,13	66862,12	LONG	0,00167	5981,87	0,00648	HOLD	98,2349	199,8749
2026-03-02	12:00	66862,11	66995,64	66547,81	66730,78	LONG	0,00167	5981,87	0,00648	HOLD	98,2349	199,6555
2026-03-02	13:00	66730,78	66739,45	66062,83	66204,9	LONG	0,00167	5981,87	0,00648	HOLD	98,2349	198,7773
2026-03-02	14:00	66204,9	66209,46	65542,6	66007,52	LONG	0,00167	5981,87	0,00648	HOLD	98,2349	198,4477
2026-03-02	15:00	66007,8	66306	65654,54	66282	LONG	0,00167	5981,87	0,00648	HOLD	98,2349	198,9061
2026-03-02	16:00	66281,99	66720,84	66164,96	66168,62	LONG	0,00167	5981,87	0,00648	HOLD	98,2349	198,7167
2026-03-02	17:00	66168,61	66381,74	66079,24	66316,4	LONG	0,00167	5981,87	0,00648	HOLD	98,2349	198,9635
2026-03-02	18:00	66316,39	66462,4	66003,59	66359,68	LONG	0,00167	5981,87	0,00648	HOLD	98,2349	199,0358
2026-03-02	19:00	66359,67	66391,38	65874,92	65963,43	LONG	0,00167	5981,87	0,00648	HOLD	98,2349	198,3741
2026-03-02	20:00	65963,43	66157,28	65350	65440,01	LONG	0,00167	5981,87	0,00648	HOLD	98,2349	197,5
2026-03-02	21:00	65440,01	67220,81	65259,21	67177,06	LONG	0,00167	5981,87	0,00648	HOLD	98,2349	200,4008
2026-03-02	22:00	67177,05	69617,74	66975,29	69130,2	LONG	0,00167	5981,87	0,00648	HOLD	98,2349	203,6626
2026-03-02	23:00	69130,2	70096	68933,69	69428,62	LONG	0,00167	5981,87	0,00648	HOLD	98,2349	204,1609
2026-03-03	00:00	69428,62	69578	68793,88	69198	LONG	0,00167	5981,87	0,00648	HOLD	98,2349	203,7758
2026-03-03	01:00	69198	69268,15	68727,83	68877,67	LONG	0,00167	5981,87	0,00648	HOLD	98,2349	203,2409
2026-03-03	02:00	68877,67	69049,32	68576,18	68966,53	LONG	0,00167	5981,87	0,00648	HOLD	98,2349	203,3892
2026-03-03	03:00	68966,52	69505	68584,9	69106,58	LONG	0,00167	5981,87	0,00648	HOLD	98,2349	203,6231
2026-03-03	04:00	69106,58	69539,77	69000,71	69413,82	LONG	0,00167	5981,87	0,00648	HOLD	98,2349	204,1362
2026-03-03	05:00	69413,82	69501,62	69136,36	69440,49	LONG	0,00167	5981,87	0,00648	HOLD	98,2349	204,1808
2026-03-03	06:00	69440,48	69479,58	68740	68830,06	LONG	0,00167	5981,87	0,00648	HOLD	98,2349	203,1613
2026-03-03	07:00	68830,06	69166,61	68644,38	69092,88	LONG	0,00167	5981,87	0,00648	HOLD	98,2349	203,6003
2026-03-03	08:00	69092,89	69258,08	68755	68760,01	LONG	0,00167	5981,87	0,00648	HOLD	98,2349	203,0444
2026-03-03	09:00	68760,01	68774,13	68210,71	68512,17	LONG	0,00167	5981,87	0,00648	HOLD	98,2349	202,6305
2026-03-03	10:00	68512,17	68550	68231,47	68377,94	LONG	0,00167	5981,87	0,00648	HOLD	98,2349	202,4063
2026-03-03	11:00	68377,94	68454,63	68050,11	68123,2	LONG	0,00167	5981,87	0,00648	HOLD	98,2349	201,9809
2026-03-03	12:00	68123,19	68617,42	67845,84	67947,75	LONG	0,00167	5981,87	0,00648	HOLD	98,2349	201,6879
2026-03-03	13:00	67947,75	68250,24	67800	68106,73	LONG	0,00167	5981,87	0,00648	HOLD	98,2349	201,9534
2026-03-03	14:00	68106,73	68275,2	67951,24	68172,8	LONG	0,00167	5981,87	0,00648	HOLD	98,2349	202,0637
2026-03-03	15:00	68172,79	68311,83	66905	67003,3	LONG	0,00167	5981,87	0,00648	HOLD	98,2349	200,1107
2026-03-03	16:00	67003,3	67184,71	66340,14	66647,98	LONG	0,00167	5981,87	0,00648	HOLD	98,2349	199,5173
2026-03-03	17:00	66647,98	67030,75	66440,46	66860,3	LONG	0,00167	5981,87	0,00648	HOLD	98,2349	199,8718
2026-03-03	18:00	66860,3	67166,5	66779,37	67026,61	LONG	0,00167	5981,87	0,00648	HOLD	98,2349	200,1496
2026-03-03	19:00	67026,6	67973,2	67025,93	67399,85	LONG	0,00167	5981,87	0,00648	HOLD	98,2349	200,7729
2026-03-03	20:00	67399,85	67435	66635,3	66931,31	LONG	0,00167	5981,87	0,00648	HOLD	98,2349	199,9904
2026-03-03	21:00	66931,32	67603,94	66158	66568,95	LONG	0,00167	5981,87	0,00648	HOLD	98,2349	199,3853
2026-03-03	22:00	66568,95	67834,93	66471,79	67725,81	LONG	0,00167	5981,87	0,00648	HOLD	98,2349	201,3172
2026-03-03	23:00	67725,82	68999	67473,09	68175,9	LONG	0,00167	5981,87	0,00648	HOLD	98,2349	202,0689
2026-03-04	00:00	68175,89	68400	67626,53	68318,66	LONG	0,00167	5981,87	0,00648	HOLD	98,2349	202,3073
2026-03-04	01:00	68318,66	68914,01	67976,47	68628,49	LONG	0,00167	5981,87	0,00648	HOLD	98,2349	202,8247
2026-03-04	02:00	68628,5	68888,88	68312,83	68435	LONG	0,00167	5981,87	0,00648	HOLD	98,2349	202,5016
2026-03-04	03:00	68435	68591,24	68092,1	68266	LONG	0,00167	5981,87	0,00648	HOLD	98,2349	202,2194
2026-03-04	04:00	68265,99	68265,99	67832,3	68024,62	LONG	0,00167	5981,87	0,00648	HOLD	98,2349	201,8163
2026-03-04	05:00	68024,63	68524,54	68024,62	68327,2	LONG	0,00167	5981,87	0,00648	HOLD	98,2349	202,3216
2026-03-04	06:00	68327,2	68860	68245,64	68338	LONG	0,00167	5981,87	0,00648	HOLD	98,2349	202,3396
2026-03-04	07:00	68338,01	68413,9	67857,61	68093,19	LONG	0,00167	5981,87	0,00648	HOLD	98,2349	201,9308
2026-03-04	08:00	68093,2	68909,34	67963,28	68405	LONG	0,00167	5981,87	0,00648	HOLD	98,2349	202,4515
2026-03-04	09:00	68405	68447,72	67984,56	68323,33	LONG	0,00167	5981,87	0,00648	HOLD	98,2349	202,3151
2026-03-04	10:00	68323,33	68383,63	67400	67732,2	LONG	0,00167	5981,87	0,00648	HOLD	98,2349	201,3279
2026-03-04	11:00	67732,19	67954,89	67467,6	67786	LONG	0,00167	5981,87	0,00648	HOLD	98,2349	201,4178
2026-03-04	12:00	67786	68397,84	67682,64	68206,59	LONG	0,00167	5981,87	0,00648	HOLD	98,2349	202,1201
2026-03-04	13:00	68206,58	68678,76	68048,63	68508,02	LONG	0,00167	5981,87	0,00648	HOLD	98,2349	202,6235
2026-03-04	14:00	68508,02	69668	68349,49	69493,13	LONG	0,00167	5981,87	0,00648	HOLD	98,2349	204,2687
2026-03-04	15:00	69493,14	71163	69098,91	71011,4	LONG	0,00167	5981,87	0,00648	HOLD	98,2349	206,8042
2026-03-04	16:00	71011,4	71893	70724,26	71520,76	LONG	0,00167	5981,87	0,00648	HOLD	98,2349	207,6548
2026-03-04	17:00	71520,76	71878,17	71200	71348,92	LONG	0,00167	5981,87	0,00648	HOLD	98,2349	207,3678
2026-03-04	18:00	71348,92	71499,75	70928,25	71111,4	LONG	0,00167	5981,87	0,00648	HOLD	98,2349	206,9712
2026-03-04	19:00	71111,4	71364,14	70588	71339,71	LONG	0,00167	5981,87	0,00648	HOLD	98,2349	207,3525
2026-03-04	20:00	71339,72	71624,99	71214,4	71477,17	LONG	0,00167	5981,87	0,00648	HOLD	98,2349	207,582
2026-03-04	21:00	71477,17	72633	71300,1	71621,04	LONG	0,00167	5981,87	0,00648	HOLD	98,2349	207,8223
2026-03-04	22:00	71621,03	73479,75	71580,62	73396,88	LONG	0,00167	5981,87	0,00648	HOLD	98,2349	210,7879
2026-03-04	23:00	73396,87	73500	72541,69	73294,84	LONG	0,00167	5981,87	0,00648	HOLD	98,2349	210,6175
2026-03-05	00:00	73294,84	73759,99	72932,8	73218,92	LONG	0,00167	5981,87	0,00648	HOLD	98,2349	210,4907
2026-03-05	01:00	73218,93	73700	72912,11	73693,5	LONG	0,00167	5981,87	0,00648	HOLD	98,2349	211,2833
2026-03-05	02:00	73693,5	74050	73516	73611,1	LONG	0,00167	5981,87	0,00648	HOLD	98,2349	211,1457
2026-03-05	03:00	73611,67	73716	73001,05	73019,68	LONG	0,00167	5981,87	0,00648	HOLD	98,2349	210,158
2026-03-05	04:00	73019,69	73322,93	72878	73309,72	LONG	0,00167	5981,87	0,00648	HOLD	98,2349	210,6424
2026-03-05	05:00	73309,73	73523,31	72638,29	72705,86	LONG	0,00167	5981,87	0,00648	HOLD	98,2349	209,6339
2026-03-05	06:00	72705,86	72880,88	72313,04	72666,77	LONG	0,00167	5981,87	0,00648	HOLD	98,2349	209,5686
2026-03-05	07:00	72666,77	73000	72553,65	72760	LONG	0,00167	5981,87	0,00648	HOLD	98,2349	209,7243
2026-03-05	08:00	72759,99	73306,82	72409,1	72538,72	LONG	0,00167	5981,87	0,00648	HOLD	98,2349	209,3548
2026-03-05	09:00	72538,72	72916,5	72336,76	72506,19	LONG	0,00167	5981,87	0,00648	HOLD	98,2349	209,3005
2026-03-05	10:00	72506,18	72750	72344,51	72497,89	LONG	0,00167	5981,87	0,00648	HOLD	98,2349	209,2866
2026-03-05	11:00	72497,89	73081,08	72447,96	72815,7	LONG	0,00167	5981,87	0,00648	HOLD	98,2349	209,8174
2026-03-05	12:00	72815,7	72912,82	72260,74	72412,15	LONG	0,00167	5981,87	0,00648	HOLD	98,2349	209,1434
2026-03-05	13:00	72412,15	72655,23	72037,56	72553,62	LONG	0,00167	5981,87	0,00648	HOLD	98,2349	209,3797
2026-03-05	14:00	72553,63	72675,07	71759,95	72055,5	LONG	0,00167	5981,87	0,00648	HOLD	98,2349	208,5478
2026-03-05	15:00	72055,5	72370,21	71757,17	72333,7	LONG	0,00167	5981,87	0,00648	HOLD	98,2349	209,0124
2026-03-05	16:00	72333,7	72875,85	72298,83	72591,59	LONG	0,00167	5981,87	0,00648	HOLD	98,2349	209,4431
2026-03-05	17:00	72591,59	73558,15	72517,06	73388,92	LONG	0,00167	5981,87	0,00648	HOLD	98,2349	210,7746
2026-03-05	18:00	73388,91	73449,96	72766,75	72915,79	LONG	0,00167	5981,87	0,00648	HOLD	98,2349	209,9845
2026-03-05	19:00	72915,8	73063,38	72666,93	72890,73	LONG	0,00167	5981,87	0,00648	HOLD	98,2349	209,9427
2026-03-05	20:00	72890,73	72935,3	72189,7	72467,79	LONG	0,00167	5981,87	0,00648	HOLD	98,2349	209,2364
2026-03-05	21:00	72467,79	72835,73	71944,18	72609,29	LONG	0,00167	5981,87	0,00648	HOLD	98,2349	209,4727
2026-03-05	22:00	72609,3	72770	71168,65	71652,77	LONG	0,00167	5981,87	0,00648	HOLD	98,2349	207,8753
2026-03-05	23:00	71652,77	71654,65	70786,06	71305,92	LONG	0,00167	5981,87	0,00648	HOLD	98,2349	207,296
2026-03-06	00:00	71305,92	71572	70645,47	70704,41	LONG	0,00167	5981,87	0,00648	HOLD	98,2349	206,2915
2026-03-06	01:00	70703,37	71090,32	70656,63	70990,65	LONG	0,00167	5981,87	0,00648	HOLD	98,2349	206,7695
2026-03-06	02:00	70990,66	71430,78	70870	70918,07	LONG	0,00167	5981,87	0,00648	HOLD	98,2349	206,6483
2026-03-06	03:00	70918,08	71394,45	70840	71236,51	LONG	0,00167	5981,87	0,00648	HOLD	98,2349	207,1801
2026-03-06	04:00	71236,51	71572,3	71023,52	71141,93	LONG	0,00167	5981,87	0,00648	HOLD	98,2349	207,0222
2026-03-06	05:00	71141,93	71364,45	71074,45	71208,54	LONG	0,00167	5981,87	0,00648	HOLD	98,2349	207,1334
2026-03-06	06:00	71208,54	71292,44	70777	70890,72	LONG	0,00167	5981,87	0,00648	HOLD	98,2349	206,6026
2026-03-06	07:00	70891,02	71047,95	70784	70988,19	LONG	0,00167	5981,87	0,00648	HOLD	98,2349	206,7654
2026-03-06	08:00	70988,19	71301,74	70344,03	71257,2	LONG	0,00167	5981,87	0,00648	HOLD	98,2349	207,2147
2026-03-06	09:00	71257,2	71419,98	71036	71252,43	LONG	0,00167	5981,87	0,00648	HOLD	98,2349	207,2067
2026-03-06	10:00	71252,43	71305,42	71000	71080,38	LONG	0,00167	5981,87	0,00648	HOLD	98,2349	206,9194
2026-03-06	11:00	71080,37	71120,17	70270,21	70613,61	LONG	0,00167	5981,87	0,00648	HOLD	98,2349	206,1399
2026-03-06	12:00	70613,61	70658,01	70143,19	70436,19	LONG	0,00167	5981,87	0,00648	HOLD	98,2349	205,8436
2026-03-06	13:00	70436,18	70853,37	70261,23	70597,23	LONG	0,00167	5981,87	0,00648	HOLD	98,2349	206,1125
2026-03-06	14:00	70597,23	71192,76	70468,97	71056,44	LONG	0,00167	5981,87	0,00648	HOLD	98,2349	206,8794
2026-03-06	15:00	71056,44	71067,58	70735,85	70789,49	LONG	0,00167	5981,87	0,00648	HOLD	98,2349	206,4336
2026-03-06	16:00	70789,49	70808,65	70300	70565,56	LONG	0,00167	5981,87	0,00648	HOLD	98,2349	206,0596
2026-03-06	17:00	70565,56	70800	70467,88	70527,93	LONG	0,00167	5981,87	0,00648	HOLD	98,2349	205,9968
2026-03-06	18:00	70527,93	70643,27	70184,01	70212,95	LONG	0,00167	5981,87	0,00648	HOLD	98,2349	205,4708
2026-03-06	19:00	70212,94	70224,84	69660	69907	LONG	0,00167	5981,87	0,00648	HOLD	98,2349	204,9598
2026-03-06	20:00	69907	70341,76	69208	69208	LONG	0,00167	5981,87	0,00648	HOLD	98,2349	203,7925
2026-03-06	21:00	69213,18	69273,87	68176,47	68409,89	LONG	0,00167	5981,87	0,00648	HOLD	98,2349	202,4597
2026-03-06	22:00	68409,89	69100	68306	68504,71	LONG	0,00167	5981,87	0,00648	HOLD	98,2349	202,618
2026-03-06	23:00	68504,71	68795,44	68222	68446,52	LONG	0,00167	5981,87	0,00648	HOLD	98,2349	202,5208
2026-03-07	00:00	68446,52	68642,69	67744,78	67955,1	LONG	0,00167	5981,87	0,00648	HOLD	98,2349	201,7002
2026-03-07	01:00	67955,1	68476,47	67955,1	68181,2	LONG	0,00167	5981,87	0,00648	HOLD	98,2349	202,0777
2026-03-07	02:00	68181,2	68485,01	68004,15	68131,79	LONG	0,00167	5981,87	0,00648	HOLD	98,2349	201,9952
2026-03-07	03:00	68131,79	68285,71	67777	68111,03	LONG	0,00167	5981,87	0,00648	HOLD	98,2349	201,9606
2026-03-07	04:00	68111,03	68333,33	67919,72	68289,1	LONG	0,00167	5981,87	0,00648	HOLD	98,2349	202,2579
2026-03-07	05:00	68289,11	68440,92	68221,38	68319,89	LONG	0,00167	5981,87	0,00648	HOLD	98,2349	202,3094
2026-03-07	06:00	68319,9	68371,24	68105,71	68114,02	LONG	0,00167	5981,87	0,00648	HOLD	98,2349	201,9656
2026-03-07	07:00	68114,02	68394,09	68105,73	68290,45	LONG	0,00167	5981,87	0,00648	HOLD	98,2349	202,2602
2026-03-07	08:00	68290,46	68369,11	68180,95	68262,01	LONG	0,00167	5981,87	0,00648	HOLD	98,2349	202,2127
2026-03-07	09:00	68262,01	68367,73	68060,6	68350,04	LONG	0,00167	5981,87	0,00648	HOLD	98,2349	202,3597
2026-03-07	10:00	68350,05	68551,04	68095,5	68095,5	LONG	0,00167	5981,87	0,00648	HOLD	98,2349	201,9346
2026-03-07	11:00	68095,5	68147,73	67817	68063,43	LONG	0,00167	5981,87	0,00648	HOLD	98,2349	201,8811
2026-03-07	12:00	68063,42	68140,49	67908	68018,26	LONG	0,00167	5981,87	0,00648	HOLD	98,2349	201,8056
2026-03-07	13:00	68018,27	68021,14	67612,21	67690,86	LONG	0,00167	5981,87	0,00648	HOLD	98,2349	201,2589
2026-03-07	14:00	67690,86	67865,23	67446,41	67842,67	LONG	0,00167	5981,87	0,00648	HOLD	98,2349	201,5124
2026-03-07	15:00	67842,67	68045,07	67720,98	67795,4	LONG	0,00167	5981,87	0,00648	HOLD	98,2349	201,4335
2026-03-07	16:00	67795,4	68074,97	67738,31	68000	LONG	0,00167	5981,87	0,00648	HOLD	98,2349	201,7751
2026-03-07	17:00	68000	68102,73	67870,43	67880,31	LONG	0,00167	5981,87	0,00648	HOLD	98,2349	201,5753
2026-03-07	18:00	67880,31	68232,27	67841,67	68010,01	LONG	0,00167	5981,87	0,00648	HOLD	98,2349	201,7919
2026-03-07	19:00	68010	68085,41	67900,01	67992,54	LONG	0,00167	5981,87	0,00648	HOLD	98,2349	201,7627
2026-03-07	20:00	67992,54	68081,16	67855,82	67931,06	LONG	0,00167	5981,87	0,00648	HOLD	98,2349	201,66
2026-03-07	21:00	67931,06	68083,79	67609,44	68016,7	LONG	0,00167	5981,87	0,00648	HOLD	98,2349	201,803
2026-03-07	22:00	68016,7	68034,67	67769,89	67877,45	LONG	0,00167	5981,87	0,00648	HOLD	98,2349	201,5705
2026-03-07	23:00	67877,45	67889,68	67702,2	67783,63	LONG	0,00167	5981,87	0,00648	HOLD	98,2349	201,4138
2026-03-08	00:00	67783,63	67935,01	67768,97	67788,41	LONG	0,00167	5981,87	0,00648	HOLD	98,2349	201,4218
2026-03-08	01:00	67788,4	67788,41	67480	67568,13	LONG	0,00167	5981,87	0,00648	HOLD	98,2349	201,0539
2026-03-08	02:00	67568,13	67572,35	66915,26	67080,34	LONG	0,00167	5981,87	0,00648	HOLD	98,2349	200,2393
2026-03-08	03:00	67080,33	67437,5	67068,01	67402,98	LONG	0,00167	5981,87	0,00648	HOLD	98,2349	200,7781
2026-03-08	04:00	67402,98	67483,05	67281,34	67452,98	LONG	0,00167	5981,87	0,00648	HOLD	98,2349	200,8616
2026-03-08	05:00	67452,97	67469,87	67101,31	67258,65	LONG	0,00167	5981,87	0,00648	HOLD	98,2349	200,5371
2026-03-08	06:00	67258,65	67403,85	67183,39	67262,91	LONG	0,00167	5981,87	0,00648	HOLD	98,2349	200,5442
2026-03-08	07:00	67262,91	67481,96	67181,04	67194,77	LONG	0,00167	5981,87	0,00648	HOLD	98,2349	200,4304
2026-03-08	08:00	67194,77	67353,57	67090	67297,27	LONG	0,00167	5981,87	0,00648	HOLD	98,2349	200,6016
2026-03-08	09:00	67297,27	67426,52	66833,58	66925,44	LONG	0,00167	5981,87	0,00648	HOLD	98,2349	199,9806
2026-03-08	10:00	66925,45	67083,1	66850	67000,26	LONG	0,00167	5981,87	0,00648	HOLD	98,2349	200,1056
2026-03-08	11:00	67000,26	67100,01	66547,15	66637,36	LONG	0,00167	5981,87	0,00648	HOLD	98,2349	199,4995
2026-03-08	12:00	66637,35	67250,24	66617,76	67149,93	LONG	0,00167	5981,87	0,00648	HOLD	98,2349	200,3555
2026-03-08	13:00	67149,93	67231,86	67035,18	67161,52	LONG	0,00167	5981,87	0,00648	HOLD	98,2349	200,3749
2026-03-08	14:00	67161,52	67465,11	67154,91	67319,91	LONG	0,00167	5981,87	0,00648	HOLD	98,2349	200,6394
2026-03-08	15:00	67319,9	67577,36	67156,93	67539,33	LONG	0,00167	5981,87	0,00648	HOLD	98,2349	201,0058
2026-03-08	16:00	67539,34	67905,03	67474	67681	LONG	0,00167	5981,87	0,00648	HOLD	98,2349	201,2424
2026-03-08	17:00	67681	68200	67680,99	67904,14	LONG	0,00167	5981,87	0,00648	HOLD	98,2349	201,6151
2026-03-08	18:00	67904,15	67904,15	67411,76	67515	LONG	0,00167	5981,87	0,00648	HOLD	98,2349	200,9652
2026-03-08	19:00	67515	67650,94	66888	67324,72	LONG	0,00167	5981,87	0,00648	HOLD	98,2349	200,6474
2026-03-08	20:00	67324,71	67431,81	66761,68	67234,86	LONG	0,00167	5981,87	0,00648	HOLD	98,2349	200,4974
2026-03-08	21:00	67234,86	67426,69	67055,73	67339,76	LONG	0,00167	5981,87	0,00648	HOLD	98,2349	200,6725
2026-03-08	22:00	67339,75	67369,36	67080	67218,23	LONG	0,00167	5981,87	0,00648	HOLD	98,2349	200,4696
2026-03-08	23:00	67218,23	67268,44	66802,47	66872,15	LONG	0,00167	5981,87	0,00648	HOLD	98,2349	199,8916
2026-03-09	00:00	66872,15	67179,98	66800,01	67065	LONG	0,00167	5981,87	0,00648	HOLD	98,2349	200,2137
2026-03-09	01:00	67065	67076	66745,54	66804	LONG	0,00167	5981,87	0,00648	HOLD	98,2349	199,7778
2026-03-09	02:00	66803,99	67485,24	66779,82	67337,42	LONG	0,00167	5981,87	0,00648	HOLD	98,2349	200,6686
2026-03-09	03:00	67337,41	67609,08	67028,45	67238,8	LONG	0,00167	5981,87	0,00648	HOLD	98,2349	200,5039
2026-03-09	04:00	67238,79	67266	66712,69	67020,01	LONG	0,00167	5981,87	0,00648	HOLD	98,2349	200,1386
2026-03-09	05:00	67020,01	67020,01	65618,49	66236,8	LONG	0,00167	5981,87	0,00648	HOLD	98,2349	198,8306
2026-03-09	06:00	66236,8	66569,24	65930,3	65971,2	LONG	0,00167	5981,87	0,00648	HOLD	98,2349	198,387
2026-03-09	07:00	65971,2	66773	65821,97	66370,01	LONG	0,00167	5981,87	0,00648	HOLD	98,2349	199,0531
2026-03-09	08:00	66370,01	66698,05	66131,25	66196,01	LONG	0,00167	5981,87	0,00648	HOLD	98,2349	198,7625
2026-03-09	09:00	66196,01	66707,58	65959	66537,32	LONG	0,00167	5981,87	0,00648	HOLD	98,2349	199,3325
2026-03-09	10:00	66537,32	67668,64	66512,88	67205,05	LONG	0,00167	5981,87	0,00648	HOLD	98,2349	200,4476
2026-03-09	11:00	67205,06	67610	67093,09	67130,14	LONG	0,00167	5981,87	0,00648	HOLD	98,2349	200,3225
2026-03-09	12:00	67131,1	68069,29	67113,02	67911,16	LONG	0,00167	5981,87	0,00648	HOLD	98,2349	201,6268
2026-03-09	13:00	67911,15	67939,55	67236,78	67267,18	LONG	0,00167	5981,87	0,00648	HOLD	98,2349	200,5513
2026-03-09	14:00	67267,18	67575,81	66853,48	67555,13	LONG	0,00167	5981,87	0,00648	HOLD	98,2349	201,0322
2026-03-09	15:00	67555,13	67929,19	67391,89	67814,69	LONG	0,00167	5981,87	0,00648	HOLD	98,2349	201,4657
2026-03-09	16:00	67814,69	68460,09	67566,65	67981,02	LONG	0,00167	5981,87	0,00648	HOLD	98,2349	201,7434
2026-03-09	17:00	67981,03	68088,92	67556,72	67608,13	LONG	0,00167	5981,87	0,00648	HOLD	98,2349	201,1207
2026-03-09	18:00	67608,13	67855,82	67344,45	67764,98	LONG	0,00167	5981,87	0,00648	HOLD	98,2349	201,3827
2026-03-09	19:00	67764,99	68348,26	67759,57	68151,93	LONG	0,00167	5981,87	0,00648	HOLD	98,2349	202,0289
2026-03-09	20:00	68151,93	69300	68133,93	68976	LONG	0,00167	5981,87	0,00648	HOLD	98,2349	203,4051
2026-03-09	21:00	68975,8	69480	68696,28	69151,5	LONG	0,00167	5981,87	0,00648	HOLD	98,2349	203,6981
2026-03-09	22:00	69151,5	69254,87	68717,86	68863,66	LONG	0,00167	5981,87	0,00648	HOLD	98,2349	203,2175
2026-03-09	23:00	68863,67	69225	68614,47	68960,12	LONG	0,00167	5981,87	0,00648	HOLD	98,2349	203,3785
2026-03-10	00:00	68960,12	69088,49	68270,34	68600,71	LONG	0,00167	5981,87	0,00648	HOLD	98,2349	202,7783
2026-03-10	01:00	68600,71	68705,76	68179,12	68356,37	LONG	0,00167	5981,87	0,00648	HOLD	98,2349	202,3703
2026-03-10	02:00	68356,37	69516,65	68356,37	68991,93	LONG	0,00167	5981,87	0,00648	HOLD	98,2349	203,4317
2026-03-10	03:00	68991,93	69145,28	68762,2	68961,71	LONG	0,00167	5981,87	0,00648	HOLD	98,2349	203,3812
2026-03-10	04:00	68961,15	69102,53	68660,94	68919,72	LONG	0,00167	5981,87	0,00648	HOLD	98,2349	203,3111
2026-03-10	05:00	68919,71	69030,56	68597	68635,88	LONG	0,00167	5981,87	0,00648	HOLD	98,2349	202,8371
2026-03-10	06:00	68635,88	68694,73	68384,69	68432,16	LONG	0,00167	5981,87	0,00648	HOLD	98,2349	202,4968
2026-03-10	07:00	68432,16	69290,42	68391,41	69157,37	LONG	0,00167	5981,87	0,00648	HOLD	98,2349	203,708
2026-03-10	08:00	69157,36	69389,06	68786,04	69260,01	LONG	0,00167	5981,87	0,00648	HOLD	98,2349	203,8794
2026-03-10	09:00	69260	70578,29	69103,12	70272,01	LONG	0,00167	5981,87	0,00648	HOLD	98,2349	205,5694
2026-03-10	10:00	70272	70370,86	69390	69429,85	LONG	0,00167	5981,87	0,00648	HOLD	98,2349	204,163
2026-03-10	11:00	69429,85	70132,27	69429,85	70072,94	LONG	0,00167	5981,87	0,00648	HOLD	98,2349	205,237
2026-03-10	12:00	70072,95	70355,06	69885,71	69971,34	LONG	0,00167	5981,87	0,00648	HOLD	98,2349	205,0673
2026-03-10	13:00	69971,34	70185,24	69750,62	69910,91	LONG	0,00167	5981,87	0,00648	HOLD	98,2349	204,9664
2026-03-10	14:00	69910,91	70546,74	69805,7	70406,01	LONG	0,00167	5981,87	0,00648	HOLD	98,2349	205,7932
2026-03-10	15:00	70406,01	71097,64	70369	70709,37	LONG	0,00167	5981,87	0,00648	HOLD	98,2349	206,2998
2026-03-10	16:00	70709,37	71300	70653,24	71078,92	LONG	0,00167	5981,87	0,00648	HOLD	98,2349	206,9169
2026-03-10	17:00	71078,92	71086,86	70660,89	70774,04	LONG	0,00167	5981,87	0,00648	HOLD	98,2349	206,4078
2026-03-10	18:00	70774,04	70865,73	70540,4	70580,94	LONG	0,00167	5981,87	0,00648	HOLD	98,2349	206,0853
2026-03-10	19:00	70580,95	70628,19	70290,88	70519,86	LONG	0,00167	5981,87	0,00648	HOLD	98,2349	205,9833
2026-03-10	20:00	70519,86	70926,46	69723,25	69921,12	LONG	0,00167	5981,87	0,00648	HOLD	98,2349	204,9834
2026-03-10	21:00	69921,12	71527,54	69266,06	71467,81	LONG	0,00167	5981,87	0,00648	HOLD	98,2349	207,5664
2026-03-10	22:00	71467,81	71777	70900,05	71346,16	LONG	0,00167	5981,87	0,00648	HOLD	98,2349	207,3632
2026-03-10	23:00	71346,17	71700	70943,31	71268,59	LONG	0,00167	5981,87	0,00648	HOLD	98,2349	207,2337
2026-03-11	00:00	71268,58	71452	70512,64	70868,61	LONG	0,00167	5981,87	0,00648	HOLD	98,2349	206,5657
2026-03-11	01:00	70868,62	70914,9	69901	70013,87	LONG	0,00167	5981,87	0,00648	HOLD	98,2349	205,1383
2026-03-11	02:00	70013,87	70290	69739	70043,63	LONG	0,00167	5981,87	0,00648	HOLD	98,2349	205,188
2026-03-11	03:00	70043,63	70350	70007,52	70235,6	LONG	0,00167	5981,87	0,00648	HOLD	98,2349	205,5086
2026-03-11	04:00	70236,34	70417,3	69541,91	69763,01	LONG	0,00167	5981,87	0,00648	HOLD	98,2349	204,7194
2026-03-11	05:00	69763,02	69869,9	69452,42	69721,58	LONG	0,00167	5981,87	0,00648	HOLD	98,2349	204,6502
2026-03-11	06:00	69721,58	69981,8	69698,46	69948,63	LONG	0,00167	5981,87	0,00648	HOLD	98,2349	205,0294
2026-03-11	07:00	69948,64	70173,25	69759,63	70044,87	LONG	0,00167	5981,87	0,00648	HOLD	98,2349	205,1901
2026-03-11	08:00	70044,87	70144	69880	70071,26	LONG	0,00167	5981,87	0,00648	HOLD	98,2349	205,2341
2026-03-11	09:00	70071,26	70119,59	69614	69810,72	LONG	0,00167	5981,87	0,00648	HOLD	98,2349	204,799
2026-03-11	10:00	69810,73	69887,11	69488,7	69551,91	LONG	0,00167	5981,87	0,00648	HOLD	98,2349	204,3668
2026-03-11	11:00	69551,91	70281,87	69501,55	70130,99	LONG	0,00167	5981,87	0,00648	HOLD	98,2349	205,3339
2026-03-11	12:00	70130,99	70200,96	69420	69510,36	LONG	0,00167	5981,87	0,00648	HOLD	98,2349	204,2974
2026-03-11	13:00	69510,37	69996	69500,01	69950,01	LONG	0,00167	5981,87	0,00648	HOLD	98,2349	205,0317
2026-03-11	14:00	69950,01	70018,49	69500,67	69648,29	LONG	0,00167	5981,87	0,00648	HOLD	98,2349	204,5278
2026-03-11	15:00	69648,28	69786,32	69500	69662,24	LONG	0,00167	5981,87	0,00648	HOLD	98,2349	204,5511
2026-03-11	16:00	69662,24	69752,06	69384,5	69466,75	LONG	0,00167	5981,87	0,00648	HOLD	98,2349	204,2246
2026-03-11	17:00	69466,75	69726,45	69390,91	69604,9	LONG	0,00167	5981,87	0,00648	HOLD	98,2349	204,4553
2026-03-11	18:00	69604,9	69755,1	69150,28	69173	LONG	0,00167	5981,87	0,00648	HOLD	98,2349	203,7341
2026-03-11	19:00	69172,99	69777,66	68977,91	69361,13	LONG	0,00167	5981,87	0,00648	HOLD	98,2349	204,0482
2026-03-11	20:00	69361,13	71091,18	69331,04	70186,09	LONG	0,00167	5981,87	0,00648	HOLD	98,2349	205,4259
2026-03-11	21:00	70186,08	70987	69906,77	70578,7	LONG	0,00167	5981,87	0,00648	HOLD	98,2349	206,0816
2026-03-11	22:00	70578,7	70654,43	69702,25	70227,91	LONG	0,00167	5981,87	0,00648	HOLD	98,2349	205,4958
2026-03-11	23:00	70227,92	70826,39	70161,78	70570,71	LONG	0,00167	5981,87	0,00648	HOLD	98,2349	206,0682
2026-03-12	00:00	70570,71	71321	70512,01	70785,99	LONG	0,00167	5981,87	0,00648	HOLD	98,2349	206,4277
2026-03-12	01:00	70785,99	70895,31	70415,27	70617,64	LONG	0,00167	5981,87	0,00648	HOLD	98,2349	206,1466
2026-03-12	02:00	70617,63	70742,38	70375,68	70641,82	LONG	0,00167	5981,87	0,00648	HOLD	98,2349	206,187
2026-03-12	03:00	70641,81	70700	70394,23	70634,96	LONG	0,00167	5981,87	0,00648	HOLD	98,2349	206,1755
2026-03-12	04:00	70634,96	70777,17	70499,94	70741,26	LONG	0,00167	5981,87	0,00648	HOLD	98,2349	206,353
2026-03-12	05:00	70741,27	70950	70241,53	70373,01	LONG	0,00167	5981,87	0,00648	HOLD	98,2349	205,7381
2026-03-12	06:00	70373,01	70505	70125,83	70191,86	LONG	0,00167	5981,87	0,00648	HOLD	98,2349	205,4355
2026-03-12	07:00	70191,86	70353,87	70130,23	70225,34	LONG	0,00167	5981,87	0,00648	HOLD	98,2349	205,4915
2026-03-12	08:00	70225,34	70226,94	69754,94	69841,31	LONG	0,00167	5981,87	0,00648	HOLD	98,2349	204,8501
2026-03-12	09:00	69841,3	69887,93	69226,52	69286,56	LONG	0,00167	5981,87	0,00648	HOLD	98,2349	203,9237
2026-03-12	10:00	69286,55	69628,25	69246,23	69446,61	LONG	0,00167	5981,87	0,00648	HOLD	98,2349	204,191
2026-03-12	11:00	69446,61	69676,88	69296,43	69372	LONG	0,00167	5981,87	0,00648	HOLD	98,2349	204,0664
2026-03-12	12:00	69372	69539,61	69205,91	69480,54	LONG	0,00167	5981,87	0,00648	HOLD	98,2349	204,2476
2026-03-12	13:00	69480,54	69561,84	69315,63	69501,44	LONG	0,00167	5981,87	0,00648	HOLD	98,2349	204,2825
2026-03-12	14:00	69501,45	69865,98	69408,88	69826,19	LONG	0,00167	5981,87	0,00648	HOLD	98,2349	204,8249
2026-03-12	15:00	69826,19	70116,37	69698,33	69917,37	LONG	0,00167	5981,87	0,00648	HOLD	98,2349	204,9772
2026-03-12	16:00	69917,36	70400	69580	69952,51	LONG	0,00167	5981,87	0,00648	HOLD	98,2349	205,0358
2026-03-12	17:00	69952,51	70511	69856	70412,11	LONG	0,00167	5981,87	0,00648	HOLD	98,2349	205,8034
2026-03-12	18:00	70412,1	70800	70367,97	70427,91	LONG	0,00167	5981,87	0,00648	HOLD	98,2349	205,8298
2026-03-12	19:00	70427,9	70617,66	70277,38	70381,8	LONG	0,00167	5981,87	0,00648	HOLD	98,2349	205,7527
2026-03-12	20:00	70381,8	70534,65	69645	69972,15	LONG	0,00167	5981,87	0,00648	HOLD	98,2349	205,0686
2026-03-12	21:00	69972,2	70660,69	69355,34	69590,09	LONG	0,00167	5981,87	0,00648	HOLD	98,2349	204,4306
2026-03-12	22:00	69590,09	70565,43	69476,14	70334,88	LONG	0,00167	5981,87	0,00648	HOLD	98,2349	205,6744
2026-03-12	23:00	70334,89	70569,15	69905,71	70381,16	LONG	0,00167	5981,87	0,00648	HOLD	98,2349	205,7517
2026-03-13	00:00	70381,15	70547,19	70076,16	70212,06	LONG	0,00167	5981,87	0,00648	HOLD	98,2349	205,4693
2026-03-13	01:00	70212,05	70303,51	69800	69819,64	LONG	0,00167	5981,87	0,00648	HOLD	98,2349	204,8139
2026-03-13	02:00	69819,64	70548,81	69770,85	70432,32	LONG	0,00167	5981,87	0,00648	HOLD	98,2349	205,8371
2026-03-13	03:00	70432,33	70555,2	70111,28	70164,49	LONG	0,00167	5981,87	0,00648	HOLD	98,2349	205,3898
2026-03-13	04:00	70164,5	70470	70164,5	70268,55	LONG	0,00167	5981,87	0,00648	HOLD	98,2349	205,5636
2026-03-13	05:00	70268,54	70305,26	70013,17	70175,64	LONG	0,00167	5981,87	0,00648	HOLD	98,2349	205,4085
2026-03-13	06:00	70175,64	70734,25	70159,35	70541,34	LONG	0,00167	5981,87	0,00648	HOLD	98,2349	206,0192
2026-03-13	07:00	70541,34	72000	70386,01	71475,61	LONG	0,00167	5981,87	0,00648	HOLD	98,2349	207,5794
2026-03-13	08:00	71475,6	71759,95	71283,99	71672,39	LONG	0,00167	5981,87	0,00648	HOLD	98,2349	207,908
2026-03-13	09:00	71672,38	71696,68	71045,52	71143,8	LONG	0,00167	5981,87	0,00648	HOLD	98,2349	207,0253
2026-03-13	10:00	71143,8	71508,87	70964,43	71405,75	LONG	0,00167	5981,87	0,00648	HOLD	98,2349	207,4627
2026-03-13	11:00	71405,76	71493,77	71214,01	71393,94	LONG	0,00167	5981,87	0,00648	HOLD	98,2349	207,443
2026-03-13	12:00	71393,93	71637,54	71242,02	71546,29	LONG	0,00167	5981,87	0,00648	HOLD	98,2349	207,6974
2026-03-13	13:00	71546,28	71593,22	71180,19	71342	LONG	0,00167	5981,87	0,00648	HOLD	98,2349	207,3563
2026-03-13	14:00	71342	71672,76	71236,08	71612,22	LONG	0,00167	5981,87	0,00648	HOLD	98,2349	207,8075
2026-03-13	15:00	71612,23	72142,85	71385,28	71821,02	LONG	0,00167	5981,87	0,00648	HOLD	98,2349	208,1562
2026-03-13	16:00	71821,01	72100,37	71589,81	72006,57	LONG	0,00167	5981,87	0,00648	HOLD	98,2349	208,4661
2026-03-13	17:00	72006,56	72575,98	71995,53	72458,12	LONG	0,00167	5981,87	0,00648	HOLD	98,2349	209,2202
2026-03-13	18:00	72458,11	72526,12	72207,41	72228,82	LONG	0,00167	5981,87	0,00648	HOLD	98,2349	208,8373
2026-03-13	19:00	72228,81	72884,68	72210	72784,73	LONG	0,00167	5981,87	0,00648	HOLD	98,2349	209,7656
2026-03-13	20:00	72784,73	73585,27	72684,88	73379,18	LONG	0,00167	5981,87	0,00648	HOLD	98,2349	210,7584
2026-03-13	21:00	73379,18	73913,74	72350	72382,72	LONG	0,00167	5981,87	0,00648	HOLD	98,2349	209,0943
2026-03-13	22:00	72382,72	72829,12	71736,34	71831,46	LONG	0,00167	5981,87	0,00648	HOLD	98,2349	208,1737
2026-03-13	23:00	71831,46	72100	71154,54	71885,57	LONG	0,00167	5981,87	0,00648	HOLD	98,2349	208,264
2026-03-14	00:00	71885,56	72249,99	70914,09	71037,93	LONG	0,00167	5981,87	0,00648	HOLD	98,2349	206,8485
2026-03-14	01:00	71037,93	71350,94	70841,23	71055,45	LONG	0,00167	5981,87	0,00648	HOLD	98,2349	206,8777
2026-03-14	02:00	71055,45	71309,94	71006,19	71189,95	LONG	0,00167	5981,87	0,00648	HOLD	98,2349	207,1024
2026-03-14	03:00	71189,96	71469,53	71150	71346,84	LONG	0,00167	5981,87	0,00648	HOLD	98,2349	207,3644
2026-03-14	04:00	71346,84	71491,03	71058,25	71104,65	LONG	0,00167	5981,87	0,00648	HOLD	98,2349	206,9599
2026-03-14	05:00	71104,65	71189,26	70559,02	70814	LONG	0,00167	5981,87	0,00648	HOLD	98,2349	206,4745
2026-03-14	06:00	70814	71005,3	70688,45	70930	LONG	0,00167	5981,87	0,00648	HOLD	98,2349	206,6682
2026-03-14	07:00	70930,01	70951,8	70555	70631,97	LONG	0,00167	5981,87	0,00648	HOLD	98,2349	206,1705
2026-03-14	08:00	70631,96	70941,05	70481,7	70831,7	LONG	0,00167	5981,87	0,00648	HOLD	98,2349	206,5041
2026-03-14	09:00	70831,7	70948,66	70735,21	70783,27	LONG	0,00167	5981,87	0,00648	HOLD	98,2349	206,4232
2026-03-14	10:00	70783,27	71185,23	70783,26	71081,3	LONG	0,00167	5981,87	0,00648	HOLD	98,2349	206,9209
2026-03-14	11:00	71081,31	71307,92	71021,11	71039,58	LONG	0,00167	5981,87	0,00648	HOLD	98,2349	206,8512
2026-03-14	12:00	71039,57	71151,3	70916,96	71013,75	LONG	0,00167	5981,87	0,00648	HOLD	98,2349	206,8081
2026-03-14	13:00	71013,75	71013,75	70317	70622,08	LONG	0,00167	5981,87	0,00648	HOLD	98,2349	206,154
2026-03-14	14:00	70622,09	70743,88	70489,03	70596,68	LONG	0,00167	5981,87	0,00648	HOLD	98,2349	206,1116
2026-03-14	15:00	70596,68	70710,76	70536,58	70585,63	LONG	0,00167	5981,87	0,00648	HOLD	98,2349	206,0931
2026-03-14	16:00	70585,64	70728,07	70400	70501,16	LONG	0,00167	5981,87	0,00648	HOLD	98,2349	205,9521
2026-03-14	17:00	70501,16	70575,1	70389,08	70570,44	LONG	0,00167	5981,87	0,00648	HOLD	98,2349	206,0678
2026-03-14	18:00	70570,44	70784,38	70562,66	70751,42	LONG	0,00167	5981,87	0,00648	HOLD	98,2349	206,37
2026-03-14	19:00	70751,42	70835,48	70616,44	70780,59	LONG	0,00167	5981,87	0,00648	HOLD	98,2349	206,4187
2026-03-14	20:00	70780,59	70930,56	70711,54	70847,35	LONG	0,00167	5981,87	0,00648	HOLD	98,2349	206,5302
2026-03-14	21:00	70847,34	70941,17	70578,76	70599,22	LONG	0,00167	5981,87	0,00648	HOLD	98,2349	206,1158
2026-03-14	22:00	70599,23	70728,59	70501	70580,09	LONG	0,00167	5981,87	0,00648	HOLD	98,2349	206,0839
2026-03-14	23:00	70580,09	70709,4	70500	70672,53	LONG	0,00167	5981,87	0,00648	HOLD	98,2349	206,2383
2026-03-15	00:00	70672,52	70733,02	70590	70617,01	LONG	0,00167	5981,87	0,00648	HOLD	98,2349	206,1455
2026-03-15	01:00	70617,01	70708,88	70559,35	70668,23	LONG	0,00167	5981,87	0,00648	HOLD	98,2349	206,2311
2026-03-15	02:00	70668,23	70740,34	70595,14	70700	LONG	0,00167	5981,87	0,00648	HOLD	98,2349	206,2841
2026-03-15	03:00	70699,99	70856,4	70650,09	70805,71	LONG	0,00167	5981,87	0,00648	HOLD	98,2349	206,4607
2026-03-15	04:00	70805,71	70825,04	70661,06	70799,99	LONG	0,00167	5981,87	0,00648	HOLD	98,2349	206,4511
2026-03-15	05:00	70799,99	70805,15	70695,29	70710,91	LONG	0,00167	5981,87	0,00648	HOLD	98,2349	206,3024
2026-03-15	06:00	70710,9	71253,17	70710,9	71211,95	LONG	0,00167	5981,87	0,00648	HOLD	98,2349	207,1391
2026-03-15	07:00	71211,95	71220,74	70967,59	70985,28	LONG	0,00167	5981,87	0,00648	HOLD	98,2349	206,7606
2026-03-15	08:00	70985,29	71037,41	70858,82	70985,83	LONG	0,00167	5981,87	0,00648	HOLD	98,2349	206,7615
2026-03-15	09:00	70985,84	71634,08	70985,84	71450,53	LONG	0,00167	5981,87	0,00648	HOLD	98,2349	207,5375
2026-03-15	10:00	71450,54	71538,03	71240,68	71363,14	LONG	0,00167	5981,87	0,00648	HOLD	98,2349	207,3916
2026-03-15	11:00	71363,13	71661,55	71330,66	71606,32	LONG	0,00167	5981,87	0,00648	HOLD	98,2349	207,7977
2026-03-15	12:00	71606,31	71800,68	71476	71489,68	LONG	0,00167	5981,87	0,00648	HOLD	98,2349	207,6029
2026-03-15	13:00	71489,67	71595,43	71373,75	71458,41	LONG	0,00167	5981,87	0,00648	HOLD	98,2349	207,5507
2026-03-15	14:00	71458,41	71658,44	71411,88	71453,59	LONG	0,00167	5981,87	0,00648	HOLD	98,2349	207,5426
2026-03-15	15:00	71453,59	71736,72	71453,59	71717,5	LONG	0,00167	5981,87	0,00648	HOLD	98,2349	207,9834
2026-03-15	16:00	71717,5	71940,49	71713,9	71791,1	LONG	0,00167	5981,87	0,00648	HOLD	98,2349	208,1063
2026-03-15	17:00	71791,11	71919,19	71714,37	71783,09	LONG	0,00167	5981,87	0,00648	HOLD	98,2349	208,0929
2026-03-15	18:00	71783,1	71888	71659,71	71839,42	LONG	0,00167	5981,87	0,00648	HOLD	98,2349	208,187
2026-03-15	19:00	71839,41	71839,42	71560,21	71610,33	LONG	0,00167	5981,87	0,00648	HOLD	98,2349	207,8044
2026-03-15	20:00	71610,33	71679,81	71263,99	71607,54	LONG	0,00167	5981,87	0,00648	HOLD	98,2349	207,7997
2026-03-15	21:00	71607,54	71635,56	71341,68	71622,03	LONG	0,00167	5981,87	0,00648	HOLD	98,2349	207,8239
2026-03-15	22:00	71622,04	71626	71410	71481,24	LONG	0,00167	5981,87	0,00648	HOLD	98,2349	207,5888
2026-03-15	23:00	71481,24	71586,75	71320,08	71437,35	LONG	0,00167	5981,87	0,00648	HOLD	98,2349	207,5155
2026-03-16	00:00	71437,35	71989,93	71409,74	71819,95	LONG	0,00167	5981,87	0,00648	HOLD	98,2349	208,1545
2026-03-16	01:00	71819,96	71885,55	71321,87	71390,53	LONG	0,00167	5981,87	0,00648	HOLD	98,2349	207,4373
2026-03-16	02:00	71390,53	71582,83	71338,67	71549,94	LONG	0,00167	5981,87	0,00648	HOLD	98,2349	207,7035
2026-03-16	03:00	71549,94	71930	71433,75	71730,81	LONG	0,00167	5981,87	0,00648	HOLD	98,2349	208,0056
2026-03-16	04:00	71730,81	72222	71629,99	72109,58	LONG	0,00167	5981,87	0,00648	HOLD	98,2349	208,6381
2026-03-16	05:00	72109,59	73081,77	71725,74	72749,44	LONG	0,00167	5981,87	0,00648	HOLD	98,2349	209,7067
2026-03-16	06:00	72749,45	73199	72420,44	72815,24	LONG	0,00167	5981,87	0,00648	HOLD	98,2349	209,8166
2026-03-16	07:00	72815,25	73008,94	72452,26	72531,26	LONG	0,00167	5981,87	0,00648	HOLD	98,2349	209,3423
2026-03-16	08:00	72531,27	72852,28	72270,41	72752,9	LONG	0,00167	5981,87	0,00648	HOLD	98,2349	209,7125
2026-03-16	09:00	72752,9	72852,28	72368,08	72514,69	LONG	0,00167	5981,87	0,00648	HOLD	98,2349	209,3147
2026-03-16	10:00	72514,69	74330,34	72436,02	73573,32	LONG	0,00167	5981,87	0,00648	HOLD	98,2349	211,0826
2026-03-16	11:00	73573,31	74451,03	73573,31	73835,62	LONG	0,00167	5981,87	0,00648	HOLD	98,2349	211,5206
2026-03-16	12:00	73835,62	74258,07	73720	74207,49	LONG	0,00167	5981,87	0,00648	HOLD	98,2349	212,1417
2026-03-16	13:00	74207,49	74207,5	73610	73714,36	LONG	0,00167	5981,87	0,00648	HOLD	98,2349	211,3181
2026-03-16	14:00	73714,36	73924,83	73385,18	73456,68	LONG	0,00167	5981,87	0,00648	HOLD	98,2349	210,8878
2026-03-16	15:00	73456,69	73776,13	72888,8	73135	LONG	0,00167	5981,87	0,00648	HOLD	98,2349	210,3506
2026-03-16	16:00	73135	73331,88	73057,25	73260,92	LONG	0,00167	5981,87	0,00648	HOLD	98,2349	210,5609
2026-03-16	17:00	73260,92	73783,42	73202,89	73783,42	LONG	0,00167	5981,87	0,00648	HOLD	98,2349	211,4335
2026-03-16	18:00	73783,42	73838,76	73515,33	73552,77	LONG	0,00167	5981,87	0,00648	HOLD	98,2349	211,0483
2026-03-16	19:00	73552,78	74044	73465,46	73864,8	LONG	0,00167	5981,87	0,00648	HOLD	98,2349	211,5694
2026-03-16	20:00	73864,81	74509,52	73787	74109,55	LONG	0,00167	5981,87	0,00648	HOLD	98,2349	211,9781
2026-03-16	21:00	74109,56	74460,19	72990,52	73565,54	LONG	0,00167	5981,87	0,00648	HOLD	98,2349	211,0696
2026-03-16	22:00	73565,54	74030	73186,5	73274,76	LONG	0,00167	5981,87	0,00648	HOLD	98,2349	210,584
2026-03-16	23:00	73274,75	73901,95	73160,66	73760,63	LONG	0,00167	5981,87	0,00648	HOLD	98,2349	211,3954
2026-03-17	00:00	73760,63	74065,7	73648,7	73943,18	LONG	0,00167	5981,87	0,00648	HOLD	98,2349	211,7003
2026-03-17	01:00	73943,17	74356,32	73860	73913,6	LONG	0,00167	5981,87	0,00648	HOLD	98,2349	211,6509
2026-03-17	02:00	73913,6	74418,6	73781,54	73963	LONG	0,00167	5981,87	0,00648	HOLD	98,2349	211,7334
2026-03-17	03:00	73963	74248,95	73863,2	74236,9	LONG	0,00167	5981,87	0,00648	HOLD	98,2349	212,1908
2026-03-17	04:00	74236,9	74799	74150	74401,36	LONG	0,00167	5981,87	0,00648	HOLD	98,2349	212,4654
2026-03-17	05:00	74401,35	74899,99	74378,43	74772,66	LONG	0,00167	5981,87	0,00648	HOLD	98,2349	213,0855
2026-03-17	06:00	74773,56	74909,08	74250,21	74884,67	LONG	0,00167	5981,87	0,00648	HOLD	98,2349	213,2725
2026-03-17	07:00	74884,67	75520,23	74614,18	75318,48	LONG	0,00167	5981,87	0,00648	HOLD	98,2349	213,997
2026-03-17	08:00	75318,48	76000	75074,37	75623,91	LONG	0,00167	5981,87	0,00648	HOLD	98,2349	214,5071
2026-03-17	09:00	75623,91	75677,66	75114,67	75198,02	LONG	0,00167	5981,87	0,00648	HOLD	98,2349	213,7958
2026-03-17	10:00	75198,02	75326,15	74268,73	74463,98	LONG	0,00167	5981,87	0,00648	HOLD	98,2349	212,57
2026-03-17	11:00	74463,98	74712,89	73980,16	74252,01	LONG	0,00167	5981,87	0,00648	HOLD	98,2349	212,216
2026-03-17	12:00	74252	74459,99	73784	74036,74	LONG	0,00167	5981,87	0,00648	HOLD	98,2349	211,8565
2026-03-17	13:00	74036,74	74276,66	73877,56	74085,45	LONG	0,00167	5981,87	0,00648	HOLD	98,2349	211,9378
2026-03-17	14:00	74085,46	74457,72	74066,4	74249,32	LONG	0,00167	5981,87	0,00648	HOLD	98,2349	212,2115
2026-03-17	15:00	74249,32	74452,97	74108,01	74188,38	LONG	0,00167	5981,87	0,00648	HOLD	98,2349	212,1097
2026-03-17	16:00	74188,38	74406,03	73841,62	73937,16	LONG	0,00167	5981,87	0,00648	HOLD	98,2349	211,6902
2026-03-17	17:00	73937,16	73960,74	73560,98	73729,45	LONG	0,00167	5981,87	0,00648	HOLD	98,2349	211,3433
2026-03-17	18:00	73729,45	74224,16	73682,01	74033,11	LONG	0,00167	5981,87	0,00648	HOLD	98,2349	211,8504
2026-03-17	19:00	74033,1	74170,55	73672,25	73739,74	LONG	0,00167	5981,87	0,00648	HOLD	98,2349	211,3605
2026-03-17	20:00	73739,74	74167,39	73399,19	73615,48	LONG	0,00167	5981,87	0,00648	HOLD	98,2349	211,153
2026-03-17	21:00	73615,49	74425,31	73424,79	74381,7	LONG	0,00167	5981,87	0,00648	HOLD	98,2349	212,4326
2026-03-17	22:00	74381,69	74893,94	73669,91	73914,39	LONG	0,00167	5981,87	0,00648	HOLD	98,2349	211,6522
2026-03-17	23:00	73914,4	74350	73855,24	74155,69	LONG	0,00167	5981,87	0,00648	HOLD	98,2349	212,0551
2026-03-18	00:00	74155,68	74594	74006,58	74523,75	LONG	0,00167	5981,87	0,00648	HOLD	98,2349	212,6698
2026-03-18	01:00	74523,76	74769,17	74386,11	74683,04	LONG	0,00167	5981,87	0,00648	HOLD	98,2349	212,9358
2026-03-18	02:00	74683,04	74800	74427,25	74512,17	LONG	0,00167	5981,87	0,00648	HOLD	98,2349	212,6505
2026-03-18	03:00	74511,21	74685,5	74359,87	74506,75	LONG	0,00167	5981,87	0,00648	HOLD	98,2349	212,6414
2026-03-18	04:00	74506,75	74799	74450,01	74685,42	LONG	0,00167	5981,87	0,00648	HOLD	98,2349	212,9398
2026-03-18	05:00	74685,42	74772,14	73934	74307,08	LONG	0,00167	5981,87	0,00648	HOLD	98,2349	212,308
2026-03-18	06:00	74307,08	74398,74	73871,74	73909,36	LONG	0,00167	5981,87	0,00648	HOLD	98,2349	211,6438
2026-03-18	07:00	73909,37	74063,22	73535,36	73867,88	LONG	0,00167	5981,87	0,00648	HOLD	98,2349	211,5745
2026-03-18	08:00	73867,88	74211,43	73820,69	74072,3	LONG	0,00167	5981,87	0,00648	HOLD	98,2349	211,9159
2026-03-18	09:00	74072,3	74476	74051,78	74338,93	LONG	0,00167	5981,87	0,00648	HOLD	98,2349	212,3612
2026-03-18	10:00	74338,93	74672,34	74250,27	74446,14	LONG	0,00167	5981,87	0,00648	HOLD	98,2349	212,5402
2026-03-18	11:00	74446,14	74486,3	74137,02	74175,49	LONG	0,00167	5981,87	0,00648	HOLD	98,2349	212,0882
2026-03-18	12:00	74175,48	74312,11	73830,76	73950	LONG	0,00167	5981,87	0,00648	HOLD	98,2349	211,7116
2026-03-18	13:00	73950,01	74225,82	73938,1	73954,03	LONG	0,00167	5981,87	0,00648	HOLD	98,2349	211,7184
2026-03-18	14:00	73954,03	73997,04	73700,01	73883,8	LONG	0,00167	5981,87	0,00648	HOLD	98,2349	211,6011
2026-03-18	15:00	73883,8	74130,02	73863,31	74044,89	LONG	0,00167	5981,87	0,00648	HOLD	98,2349	211,8701
2026-03-18	16:00	74044,9	74281,33	74042,85	74181,08	LONG	0,00167	5981,87	0,00648	HOLD	98,2349	212,0975
2026-03-18	17:00	74181,08	74267,77	73816,26	73946,35	LONG	0,00167	5981,87	0,00648	HOLD	98,2349	211,7055
2026-03-18	18:00	73946,35	74074,84	72800	72952,85	LONG	0,00167	5981,87	0,00648	HOLD	98,2349	210,0464
2026-03-18	19:00	72952,85	72981,79	72271,11	72361,24	LONG	0,00167	5981,87	0,00648	HOLD	98,2349	209,0584
2026-03-18	20:00	72361,13	72556,81	71980	72133,49	LONG	0,00167	5981,87	0,00648	HOLD	98,2349	208,6781
2026-03-18	21:00	72133,48	72222,45	71100	71193,23	LONG	0,00167	5981,87	0,00648	HOLD	98,2349	207,1078
2026-03-18	22:00	71193,23	71531,54	70857,21	71467,82	LONG	0,00167	5981,87	0,00648	HOLD	98,2349	207,5664
2026-03-18	23:00	71467,82	71565,78	71037,34	71314,08	LONG	0,00167	5981,87	0,00648	HOLD	98,2349	207,3097
2026-03-19	00:00	71314,07	71750	71199,87	71595,21	LONG	0,00167	5981,87	0,00648	HOLD	98,2349	207,7791
2026-03-19	01:00	71595,21	72000,5	70947,78	71096,74	LONG	0,00167	5981,87	0,00648	HOLD	98,2349	206,9467
2026-03-19	02:00	71096,75	71486,14	70933,85	71072,38	LONG	0,00167	5981,87	0,00648	HOLD	98,2349	206,906
2026-03-19	03:00	71072,38	71333,33	70500	71214,67	LONG	0,00167	5981,87	0,00648	HOLD	98,2349	207,1436
2026-03-19	04:00	71214,67	71451,22	71167,15	71263,67	LONG	0,00167	5981,87	0,00648	HOLD	98,2349	207,2255
2026-03-19	05:00	71263,67	71269,02	70944,56	71153,66	LONG	0,00167	5981,87	0,00648	HOLD	98,2349	207,0418
2026-03-19	06:00	71153,67	71365,4	71069,69	71246,54	LONG	0,00167	5981,87	0,00648	HOLD	98,2349	207,1969
2026-03-19	07:00	71246,55	71321,81	70976,69	71002,17	LONG	0,00167	5981,87	0,00648	HOLD	98,2349	206,7888
2026-03-19	08:00	71002,18	71182,44	70951,93	71115,23	LONG	0,00167	5981,87	0,00648	HOLD	98,2349	206,9776
2026-03-19	09:00	71115,24	71252,83	70902,37	71055,44	LONG	0,00167	5981,87	0,00648	HOLD	98,2349	206,8777
2026-03-19	10:00	71055,44	71613,79	71053,33	71215,39	LONG	0,00167	5981,87	0,00648	HOLD	98,2349	207,1448
2026-03-19	11:00	71215,39	71215,39	70654,86	70822,07	LONG	0,00167	5981,87	0,00648	HOLD	98,2349	206,488
2026-03-19	12:00	70822,06	70909,88	70661,56	70826,54	LONG	0,00167	5981,87	0,00648	HOLD	98,2349	206,4955
2026-03-19	13:00	70826,55	70979,99	70505	70583,22	LONG	0,00167	5981,87	0,00648	HOLD	98,2349	206,0891
2026-03-19	14:00	70583,22	70600,04	69478,51	70191,17	LONG	0,00167	5981,87	0,00648	HOLD	98,2349	205,4344
2026-03-19	15:00	70191,16	70300	69900	69985,19	LONG	0,00167	5981,87	0,00648	HOLD	98,2349	205,0904
2026-03-19	16:00	69985,19	70560,91	69971,99	70513	LONG	0,00167	5981,87	0,00648	HOLD	98,2349	205,9719
2026-03-19	17:00	70513	70538,74	70117	70133,72	LONG	0,00167	5981,87	0,00648	HOLD	98,2349	205,3385
2026-03-19	18:00	70133,73	70259,37	69909,09	69952,75	LONG	0,00167	5981,87	0,00648	HOLD	98,2349	205,0362
2026-03-19	19:00	69952,75	69952,76	69105,49	69290,27	LONG	0,00167	5981,87	0,00648	HOLD	98,2349	203,9299
2026-03-19	20:00	69290,28	70084,35	69081,51	69905,65	LONG	0,00167	5981,87	0,00648	HOLD	98,2349	204,9576
2026-03-19	21:00	69905,65	70179,53	69096,16	69482,25	LONG	0,00167	5981,87	0,00648	HOLD	98,2349	204,2505
2026-03-19	22:00	69482,24	69917,87	68793,35	69412,51	LONG	0,00167	5981,87	0,00648	HOLD	98,2349	204,134
2026-03-19	23:00	69412,52	69642,35	69177,19	69455,86	LONG	0,00167	5981,87	0,00648	HOLD	98,2349	204,2064
2026-03-20	00:00	69455,86	69954,18	69122,03	69854,16	LONG	0,00167	5981,87	0,00648	HOLD	98,2349	204,8716
2026-03-20	01:00	69854,15	69931,1	69581,55	69821,21	LONG	0,00167	5981,87	0,00648	HOLD	98,2349	204,8166
2026-03-20	02:00	69821,21	70596,42	69805,33	70271,99	LONG	0,00167	5981,87	0,00648	HOLD	98,2349	205,5694
2026-03-20	03:00	70272	70676	70201	70483,03	LONG	0,00167	5981,87	0,00648	HOLD	98,2349	205,9218
2026-03-20	04:00	70483,03	70695,6	70371,19	70413,47	LONG	0,00167	5981,87	0,00648	HOLD	98,2349	205,8056
2026-03-20	05:00	70413,46	70501,89	69954,05	70183,99	LONG	0,00167	5981,87	0,00648	HOLD	98,2349	205,4224
2026-03-20	06:00	70184	70282,47	69718,23	69930	LONG	0,00167	5981,87	0,00648	HOLD	98,2349	204,9982
2026-03-20	07:00	69930,01	70311,12	69837,1	70181	LONG	0,00167	5981,87	0,00648	HOLD	98,2349	205,4174
2026-03-20	08:00	70181	70588,5	70181	70403,79	LONG	0,00167	5981,87	0,00648	HOLD	98,2349	205,7895
2026-03-20	09:00	70403,8	70516,16	70086,86	70415,47	LONG	0,00167	5981,87	0,00648	HOLD	98,2349	205,809
2026-03-20	10:00	70415,48	70809,43	70388	70729,92	LONG	0,00167	5981,87	0,00648	HOLD	98,2349	206,3341
2026-03-20	11:00	70729,93	70969,71	70557,91	70783,69	LONG	0,00167	5981,87	0,00648	HOLD	98,2349	206,4239
2026-03-20	12:00	70783,7	70867,44	70521,73	70606,24	LONG	0,00167	5981,87	0,00648	HOLD	98,2349	206,1276
2026-03-20	13:00	70606,23	70646,93	70346,49	70502,9	LONG	0,00167	5981,87	0,00648	HOLD	98,2349	205,955
2026-03-20	14:00	70502,91	70939,58	70160,06	70854,66	LONG	0,00167	5981,87	0,00648	HOLD	98,2349	206,5424
2026-03-20	15:00	70854,66	71367	70800	71042,23	LONG	0,00167	5981,87	0,00648	HOLD	98,2349	206,8557
2026-03-20	16:00	71042,23	71042,23	70419,65	70583,8	LONG	0,00167	5981,87	0,00648	HOLD	98,2349	206,0901
2026-03-20	17:00	70583,81	70670,43	70218,68	70611,68	LONG	0,00167	5981,87	0,00648	HOLD	98,2349	206,1366
2026-03-20	18:00	70611,68	70810,81	70303,36	70478,71	LONG	0,00167	5981,87	0,00648	HOLD	98,2349	205,9146
2026-03-20	19:00	70478,71	70685,63	70251	70342,63	LONG	0,00167	5981,87	0,00648	HOLD	98,2349	205,6873
2026-03-20	20:00	70342,63	70613,75	69795,7	69863,84	LONG	0,00167	5981,87	0,00648	HOLD	98,2349	204,8878
2026-03-20	21:00	69863,85	70268,66	69589,38	69731,21	LONG	0,00167	5981,87	0,00648	HOLD	98,2349	204,6663
2026-03-20	22:00	69731,2	70002,68	69480	69860,09	LONG	0,00167	5981,87	0,00648	HOLD	98,2349	204,8815
2026-03-20	23:00	69860,09	70100	69608,54	69829,26	LONG	0,00167	5981,87	0,00648	HOLD	98,2349	204,83
2026-03-21	00:00	69829,27	70039,78	69388	70000	LONG	0,00167	5981,87	0,00648	HOLD	98,2349	205,1151
2026-03-21	01:00	69999,99	70071,81	69525,33	69770	LONG	0,00167	5981,87	0,00648	HOLD	98,2349	204,731
2026-03-21	02:00	69770,01	70190,18	69673,76	70177,86	LONG	0,00167	5981,87	0,00648	HOLD	98,2349	205,4122
2026-03-21	03:00	70177,85	70259,28	69754,71	70057,66	LONG	0,00167	5981,87	0,00648	HOLD	98,2349	205,2114
2026-03-21	04:00	70057,66	70726,13	69946,65	70540,73	LONG	0,00167	5981,87	0,00648	HOLD	98,2349	206,0182
2026-03-21	05:00	70540,72	70923,75	70532	70767,85	LONG	0,00167	5981,87	0,00648	HOLD	98,2349	206,3975
2026-03-21	06:00	70767,85	70771,13	70430	70510,73	LONG	0,00167	5981,87	0,00648	HOLD	98,2349	205,9681
2026-03-21	07:00	70510,73	70826	70467,36	70682,19	LONG	0,00167	5981,87	0,00648	HOLD	98,2349	206,2544
2026-03-21	08:00	70682,2	70758,5	70445,36	70464,59	LONG	0,00167	5981,87	0,00648	HOLD	98,2349	205,891
2026-03-21	09:00	70464,6	70785,9	70431,67	70737,6	LONG	0,00167	5981,87	0,00648	HOLD	98,2349	206,3469
2026-03-21	10:00	70737,6	70784,07	70632,39	70657,35	LONG	0,00167	5981,87	0,00648	HOLD	98,2349	206,2129
2026-03-21	11:00	70657,35	70819	70617,05	70642,13	LONG	0,00167	5981,87	0,00648	HOLD	98,2349	206,1875
2026-03-21	12:00	70642,14	70834,46	70635,1	70697,94	LONG	0,00167	5981,87	0,00648	HOLD	98,2349	206,2807
2026-03-21	13:00	70697,94	70831,14	70693,06	70774,65	LONG	0,00167	5981,87	0,00648	HOLD	98,2349	206,4088
2026-03-21	14:00	70773,55	70879,76	70677,44	70727,33	LONG	0,00167	5981,87	0,00648	HOLD	98,2349	206,3298
2026-03-21	15:00	70727,33	70753,79	70492,02	70594,43	LONG	0,00167	5981,87	0,00648	HOLD	98,2349	206,1078
2026-03-21	16:00	70594,42	70735,36	70570,4	70661,59	LONG	0,00167	5981,87	0,00648	HOLD	98,2349	206,22
2026-03-21	17:00	70661,59	70695,32	70559,69	70605,64	LONG	0,00167	5981,87	0,00648	HOLD	98,2349	206,1266
2026-03-21	18:00	70605,64	70652,73	70567,79	70652,72	LONG	0,00167	5981,87	0,00648	HOLD	98,2349	206,2052
2026-03-21	19:00	70652,73	70800	70652,73	70722,61	LONG	0,00167	5981,87	0,00648	HOLD	98,2349	206,3219
2026-03-21	20:00	70722,61	70812,74	70707,12	70740,18	LONG	0,00167	5981,87	0,00648	HOLD	98,2349	206,3512
2026-03-21	21:00	70740,18	71100,94	70592,53	70629,1	LONG	0,00167	5981,87	0,00648	HOLD	98,2349	206,1657
2026-03-21	22:00	70629,09	70760	70453,09	70630,02	LONG	0,00167	5981,87	0,00648	HOLD	98,2349	206,1673
2026-03-21	23:00	70630,02	70652,64	70251	70301,66	LONG	0,00167	5981,87	0,00648	HOLD	98,2349	205,6189
2026-03-22	00:00	70301,66	70426,18	70210	70304,08	LONG	0,00167	5981,87	0,00648	HOLD	98,2349	205,623
2026-03-22	01:00	70303,45	70534,38	70290,48	70389,19	LONG	0,00167	5981,87	0,00648	HOLD	98,2349	205,7651
2026-03-22	02:00	70389,18	70448,79	70324,7	70396	LONG	0,00167	5981,87	0,00648	HOLD	98,2349	205,7765
2026-03-22	03:00	70396,01	70508,11	70358,9	70462,28	LONG	0,00167	5981,87	0,00648	HOLD	98,2349	205,8871
2026-03-22	04:00	70462,27	70516,82	70268,06	70345,57	LONG	0,00167	5981,87	0,00648	HOLD	98,2349	205,6922
2026-03-22	05:00	70345,57	70384,95	70265,55	70277,22	LONG	0,00167	5981,87	0,00648	HOLD	98,2349	205,5781
2026-03-22	06:00	70277,21	70293,82	68571,42	68918,12	LONG	0,00167	5981,87	0,00648	HOLD	98,2349	203,3084
2026-03-22	07:00	68918,12	69155,86	68228,5	68954,71	LONG	0,00167	5981,87	0,00648	HOLD	98,2349	203,3695
2026-03-22	08:00	68954,7	69100	68762,31	68962,4	LONG	0,00167	5981,87	0,00648	HOLD	98,2349	203,3824
2026-03-22	09:00	68962,4	69411,1	68951,21	69278,12	LONG	0,00167	5981,87	0,00648	HOLD	98,2349	203,9096
2026-03-22	10:00	69278,12	69588,79	69123,13	69339,99	LONG	0,00167	5981,87	0,00648	HOLD	98,2349	204,0129
2026-03-22	11:00	69340	69526,85	69215,89	69358	LONG	0,00167	5981,87	0,00648	HOLD	98,2349	204,043
2026-03-22	12:00	69358	69358	69150	69153,41	LONG	0,00167	5981,87	0,00648	HOLD	98,2349	203,7013
2026-03-22	13:00	69153,41	69245,79	69059,87	69164,06	LONG	0,00167	5981,87	0,00648	HOLD	98,2349	203,7191
2026-03-22	14:00	69164,06	69250,08	68892,93	68919,38	LONG	0,00167	5981,87	0,00648	HOLD	98,2349	203,3105
2026-03-22	15:00	68919,37	68990,67	68523,96	68804,77	LONG	0,00167	5981,87	0,00648	HOLD	98,2349	203,1191
2026-03-22	16:00	68804,77	68901,65	68587,78	68826,2	LONG	0,00167	5981,87	0,00648	HOLD	98,2349	203,1549
2026-03-22	17:00	68826,21	68847,83	68584,27	68648,17	LONG	0,00167	5981,87	0,00648	HOLD	98,2349	202,8576
2026-03-22	18:00	68648,16	68691,03	68110,55	68217,95	LONG	0,00167	5981,87	0,00648	HOLD	98,2349	202,1391
2026-03-22	19:00	68217,94	68763,18	68199,04	68654,83	LONG	0,00167	5981,87	0,00648	HOLD	98,2349	202,8687
2026-03-22	20:00	68654,83	68957,24	68548,32	68700,02	LONG	0,00167	5981,87	0,00648	HOLD	98,2349	202,9442
2026-03-22	21:00	68700,02	68915,27	68542,1	68711,66	LONG	0,00167	5981,87	0,00648	HOLD	98,2349	202,9636
2026-03-22	22:00	68711,66	69005,71	68700	68847,96	LONG	0,00167	5981,87	0,00648	HOLD	98,2349	203,1912
2026-03-22	23:00	68847,97	68885,53	68665,62	68805,58	LONG	0,00167	5981,87	0,00648	HOLD	98,2349	203,1205
2026-03-23	00:00	68805,58	68848,32	68665,34	68673,02	LONG	0,00167	5981,87	0,00648	HOLD	98,2349	202,8991
2026-03-23	01:00	68672,85	68743,18	68344,57	68618,58	LONG	0,00167	5981,87	0,00648	HOLD	98,2349	202,8082
2026-03-23	02:00	68618,57	68626,07	68145,01	68199,93	LONG	0,00167	5981,87	0,00648	HOLD	98,2349	202,109
2026-03-23	03:00	68199,93	68498,4	68080	68176,46	LONG	0,00167	5981,87	0,00648	HOLD	98,2349	202,0698
2026-03-23	04:00	68176,47	68228,71	67360,66	67899,97	LONG	0,00167	5981,87	0,00648	HOLD	98,2349	201,6081
2026-03-23	05:00	67899,97	68396,94	67571,67	68339,37	LONG	0,00167	5981,87	0,00648	HOLD	98,2349	202,3419
2026-03-23	06:00	68339,38	68474	67839,99	67859	LONG	0,00167	5981,87	0,00648	HOLD	98,2349	201,5397
2026-03-23	07:00	67859	68161,41	67445,18	67669,99	LONG	0,00167	5981,87	0,00648	HOLD	98,2349	201,224
2026-03-23	08:00	67670	68157,31	67536,01	67905	LONG	0,00167	5981,87	0,00648	HOLD	98,2349	201,6165
2026-03-23	09:00	67905	68400	67801,67	68320,72	LONG	0,00167	5981,87	0,00648	HOLD	98,2349	202,3107
2026-03-23	10:00	68320,72	68585,12	68059,88	68074,6	LONG	0,00167	5981,87	0,00648	HOLD	98,2349	201,8997
2026-03-23	11:00	68074,6	68550	68057,56	68541	LONG	0,00167	5981,87	0,00648	HOLD	98,2349	202,6786
2026-03-23	12:00	68541	68915,4	68541	68899,92	LONG	0,00167	5981,87	0,00648	HOLD	98,2349	203,278
2026-03-23	13:00	68899,92	68904,42	67698,86	67874,19	LONG	0,00167	5981,87	0,00648	HOLD	98,2349	201,565
2026-03-23	14:00	67874,2	68464,42	67502,48	68333,16	LONG	0,00167	5981,87	0,00648	HOLD	98,2349	202,3315
2026-03-23	15:00	68333,16	68696,91	68328,55	68434,26	LONG	0,00167	5981,87	0,00648	HOLD	98,2349	202,5004
2026-03-23	16:00	68434,27	68471,11	67916,14	68334,01	LONG	0,00167	5981,87	0,00648	HOLD	98,2349	202,3329
2026-03-23	17:00	68334,01	68714,28	68299,82	68551,02	LONG	0,00167	5981,87	0,00648	HOLD	98,2349	202,6953
2026-03-23	18:00	68551,02	71499	68544,15	70122,15	LONG	0,00167	5981,87	0,00648	HOLD	98,2349	205,3191
2026-03-23	19:00	70122,15	70877,35	69671,95	70752,15	LONG	0,00167	5981,87	0,00648	HOLD	98,2349	206,3712
2026-03-23	20:00	70752,14	71587,98	70600	71481,13	LONG	0,00167	5981,87	0,00648	HOLD	98,2349	207,5886
2026-03-23	21:00	71481,13	71817,09	71127,14	71446,46	LONG	0,00167	5981,87	0,00648	HOLD	98,2349	207,5307
2026-03-23	22:00	71446,46	71660,01	70103,21	70131,48	LONG	0,00167	5981,87	0,00648	HOLD	98,2349	205,3347
2026-03-23	23:00	70131,48	70753,43	70131,47	70561,54	LONG	0,00167	5981,87	0,00648	HOLD	98,2349	206,0529
2026-03-24	00:00	70561,54	71119,09	70363,63	71085,16	LONG	0,00167	5981,87	0,00648	HOLD	98,2349	206,9274
2026-03-24	01:00	71085,16	71195,21	70879,85	71076,22	LONG	0,00167	5981,87	0,00648	HOLD	98,2349	206,9124
2026-03-24	02:00	71076,22	71246,01	70649,4	70679,05	LONG	0,00167	5981,87	0,00648	HOLD	98,2349	206,2492
2026-03-24	03:00	70679,04	70983,33	70559,03	70915,59	LONG	0,00167	5981,87	0,00648	HOLD	98,2349	206,6442
2026-03-24	04:00	70915,59	70998	70827,66	70851,35	LONG	0,00167	5981,87	0,00648	HOLD	98,2349	206,5369
2026-03-24	05:00	70851,36	70896,76	70520,22	70780,22	LONG	0,00167	5981,87	0,00648	HOLD	98,2349	206,4181
2026-03-24	06:00	70780,22	70998	70404,39	70906,45	LONG	0,00167	5981,87	0,00648	HOLD	98,2349	206,6289
2026-03-24	07:00	70906,45	71099,96	70423,36	70679,2	LONG	0,00167	5981,87	0,00648	HOLD	98,2349	206,2494
2026-03-24	08:00	70679,2	70891,53	70278,46	70516,57	LONG	0,00167	5981,87	0,00648	HOLD	98,2349	205,9778
2026-03-24	09:00	70516,57	70698	70369,46	70453,37	LONG	0,00167	5981,87	0,00648	HOLD	98,2349	205,8723
2026-03-24	10:00	70453,38	70583,36	70404,54	70542,9	LONG	0,00167	5981,87	0,00648	HOLD	98,2349	206,0218
2026-03-24	11:00	70542,9	70741,64	70247,91	70372,44	LONG	0,00167	5981,87	0,00648	HOLD	98,2349	205,7371
2026-03-24	12:00	70372,45	70374,38	70119,06	70283,85	LONG	0,00167	5981,87	0,00648	HOLD	98,2349	205,5892
2026-03-24	13:00	70283,84	70572,83	70253,23	70541,38	LONG	0,00167	5981,87	0,00648	HOLD	98,2349	206,0192
2026-03-24	14:00	70541,39	71400	70488	71291,7	LONG	0,00167	5981,87	0,00648	HOLD	98,2349	207,2723
2026-03-24	15:00	71291,7	71349,1	70850,11	70964,15	LONG	0,00167	5981,87	0,00648	HOLD	98,2349	206,7253
2026-03-24	16:00	70964,16	71368,61	70851,77	71316,97	LONG	0,00167	5981,87	0,00648	HOLD	98,2349	207,3145
2026-03-24	17:00	71316,98	71328,59	71078,09	71272,87	LONG	0,00167	5981,87	0,00648	HOLD	98,2349	207,2408
2026-03-24	18:00	71272,87	71327,26	70964,94	71157,77	LONG	0,00167	5981,87	0,00648	HOLD	98,2349	207,0486
2026-03-24	19:00	71157,77	71177,66	70860,18	70956,48	LONG	0,00167	5981,87	0,00648	HOLD	98,2349	206,7125
2026-03-24	20:00	70956,48	71059,59	69968,02	70100,46	LONG	0,00167	5981,87	0,00648	HOLD	98,2349	205,2829
2026-03-24	21:00	70100,46	70462,91	69507,34	69869,93	LONG	0,00167	5981,87	0,00648	HOLD	98,2349	204,8979
2026-03-24	22:00	69869,93	70255,37	69770,85	69873,04	LONG	0,00167	5981,87	0,00648	HOLD	98,2349	204,9031
2026-03-24	23:00	69873,04	70001,92	69340,08	69476,87	LONG	0,00167	5981,87	0,00648	HOLD	98,2349	204,2415
2026-03-25	00:00	69476,88	69512,73	68923,07	69238,43	LONG	0,00167	5981,87	0,00648	HOLD	98,2349	203,8433
2026-03-25	01:00	69238,44	69746,4	69168,64	69430,24	LONG	0,00167	5981,87	0,00648	HOLD	98,2349	204,1636
2026-03-25	02:00	69430,25	69700	69277,04	69377,33	LONG	0,00167	5981,87	0,00648	HOLD	98,2349	204,0753
2026-03-25	03:00	69377,33	70295,54	69296,15	70093,19	LONG	0,00167	5981,87	0,00648	HOLD	98,2349	205,2708
2026-03-25	04:00	70093,19	70400	69901,39	70332,93	LONG	0,00167	5981,87	0,00648	HOLD	98,2349	205,6711
2026-03-25	05:00	70332,93	70586,86	70140,5	70316,96	LONG	0,00167	5981,87	0,00648	HOLD	98,2349	205,6445
2026-03-25	06:00	70316,96	70832,54	70270	70556,74	LONG	0,00167	5981,87	0,00648	HOLD	98,2349	206,0449
2026-03-25	07:00	70556,74	71100,28	70476,9	70840,75	LONG	0,00167	5981,87	0,00648	HOLD	98,2349	206,5192
2026-03-25	08:00	70840,75	70977,35	70629,72	70677,18	LONG	0,00167	5981,87	0,00648	HOLD	98,2349	206,246
2026-03-25	09:00	70677,19	70781,39	70490,77	70531,09	LONG	0,00167	5981,87	0,00648	HOLD	98,2349	206,0021
2026-03-25	10:00	70531,1	70808,37	70408	70716,7	LONG	0,00167	5981,87	0,00648	HOLD	98,2349	206,312
2026-03-25	11:00	70716,7	70977,49	70703,83	70968,64	LONG	0,00167	5981,87	0,00648	HOLD	98,2349	206,7328
2026-03-25	12:00	70968,64	71345	70940	71117,66	LONG	0,00167	5981,87	0,00648	HOLD	98,2349	206,9816
2026-03-25	13:00	71117,65	71260	70984,67	70991,83	LONG	0,00167	5981,87	0,00648	HOLD	98,2349	206,7715
2026-03-25	14:00	70991,82	71270,11	70891,31	70926,88	LONG	0,00167	5981,87	0,00648	HOLD	98,2349	206,663
2026-03-25	15:00	70926,88	71503,94	70800	71248,39	LONG	0,00167	5981,87	0,00648	HOLD	98,2349	207,2
2026-03-25	16:00	71248,4	71415,12	71101,99	71345,91	LONG	0,00167	5981,87	0,00648	HOLD	98,2349	207,3628
2026-03-25	17:00	71345,91	71641,91	71291,69	71501,39	LONG	0,00167	5981,87	0,00648	HOLD	98,2349	207,6225
2026-03-25	18:00	71501,4	72026,09	71470,49	71678,97	LONG	0,00167	5981,87	0,00648	HOLD	98,2349	207,919
2026-03-25	19:00	71678,97	71955,17	71105,43	71715,24	LONG	0,00167	5981,87	0,00648	HOLD	98,2349	207,9796
2026-03-25	20:00	71715,24	71963,71	71515,84	71581,42	LONG	0,00167	5981,87	0,00648	HOLD	98,2349	207,7561
2026-03-25	21:00	71581,42	71699,87	71230,51	71234,28	LONG	0,00167	5981,87	0,00648	HOLD	98,2349	207,1764
2026-03-25	22:00	71234,28	71301,37	70530,47	70832,99	LONG	0,00167	5981,87	0,00648	HOLD	98,2349	206,5062
2026-03-25	23:00	70832,99	71752,88	70719,26	71324,01	LONG	0,00167	5981,87	0,00648	HOLD	98,2349	207,3262
2026-03-26	00:00	71324,01	71389,14	70720,38	70779	LONG	0,00167	5981,87	0,00648	HOLD	98,2349	206,4161
2026-03-26	01:00	70778,99	71149,07	70681,07	70810,34	LONG	0,00167	5981,87	0,00648	HOLD	98,2349	206,4684
2026-03-26	02:00	70810,34	71093,37	70777,51	70883,31	LONG	0,00167	5981,87	0,00648	HOLD	98,2349	206,5903
2026-03-26	03:00	70883,32	71058,82	70646,34	71009,5	LONG	0,00167	5981,87	0,00648	HOLD	98,2349	206,801
2026-03-26	04:00	71009,5	71175	70949,3	71035,24	LONG	0,00167	5981,87	0,00648	HOLD	98,2349	206,844
2026-03-26	05:00	71035,25	71594,11	70947,61	71369,08	LONG	0,00167	5981,87	0,00648	HOLD	98,2349	207,4015
2026-03-26	06:00	71369,07	71511,83	71189,55	71336,53	LONG	0,00167	5981,87	0,00648	HOLD	98,2349	207,3471
2026-03-26	07:00	71336,53	71436,82	71142,38	71299,27	LONG	0,00167	5981,87	0,00648	HOLD	98,2349	207,2849
2026-03-26	08:00	71299,27	71377,04	71159,06	71252,11	LONG	0,00167	5981,87	0,00648	HOLD	98,2349	207,2062
2026-03-26	09:00	71252,11	71289,49	70672,37	70893,01	LONG	0,00167	5981,87	0,00648	HOLD	98,2349	206,6065
2026-03-26	10:00	70893,01	70968,66	70685,69	70921,47	LONG	0,00167	5981,87	0,00648	HOLD	98,2349	206,654
2026-03-26	11:00	70921,47	70921,47	70721,46	70772,01	LONG	0,00167	5981,87	0,00648	HOLD	98,2349	206,4044
2026-03-26	12:00	70772,01	70796,32	69942,96	70016,98	LONG	0,00167	5981,87	0,00648	HOLD	98,2349	205,1435
2026-03-26	13:00	70016,97	70152,63	69855,73	70097,18	LONG	0,00167	5981,87	0,00648	HOLD	98,2349	205,2774
2026-03-26	14:00	70097,19	70167,6	69805	70087,44	LONG	0,00167	5981,87	0,00648	HOLD	98,2349	205,2612
2026-03-26	15:00	70087,44	70127,69	69806,39	70024,77	LONG	0,00167	5981,87	0,00648	HOLD	98,2349	205,1565
2026-03-26	16:00	70024,78	70144,44	69409,67	69562,41	LONG	0,00167	5981,87	0,00648	HOLD	98,2349	204,3844
2026-03-26	17:00	69562,41	69719,96	69464,58	69517,68	LONG	0,00167	5981,87	0,00648	HOLD	98,2349	204,3097
2026-03-26	18:00	69517,68	69667,56	69192,96	69276,01	LONG	0,00167	5981,87	0,00648	HOLD	98,2349	203,9061
2026-03-26	19:00	69276,01	69461,28	69226,34	69436,42	LONG	0,00167	5981,87	0,00648	HOLD	98,2349	204,174
2026-03-26	20:00	69436,42	69877,45	69218	69646,59	LONG	0,00167	5981,87	0,00648	HOLD	98,2349	204,5249
2026-03-26	21:00	69646,59	69837,12	69259,25	69479,92	LONG	0,00167	5981,87	0,00648	HOLD	98,2349	204,2466
2026-03-26	22:00	69479,91	69497,73	68632,4	69082,64	LONG	0,00167	5981,87	0,00648	HOLD	98,2349	203,5832
2026-03-26	23:00	69082,64	69142,94	68823,21	68932,52	LONG	0,00167	5981,87	0,00648	HOLD	98,2349	203,3325
2026-03-27	00:00	68932,53	69162	68377,83	68486,86	LONG	0,00167	5981,87	0,00648	HOLD	98,2349	202,5882
2026-03-27	01:00	68486,86	68603,75	68153	68497,25	LONG	0,00167	5981,87	0,00648	HOLD	98,2349	202,6055
2026-03-27	02:00	68497,25	68681,54	68358,8	68534,36	LONG	0,00167	5981,87	0,00648	HOLD	98,2349	202,6675
2026-03-27	03:00	68534,37	69478,42	68436,74	69005,21	LONG	0,00167	5981,87	0,00648	HOLD	98,2349	203,4538
2026-03-27	04:00	69005,21	69205,43	68879,05	68921,1	LONG	0,00167	5981,87	0,00648	HOLD	98,2349	203,3134
2026-03-27	05:00	68921,1	69028,89	68603,24	68892,67	LONG	0,00167	5981,87	0,00648	HOLD	98,2349	203,2659
2026-03-27	06:00	68892,66	68994,16	68640	68820,31	LONG	0,00167	5981,87	0,00648	HOLD	98,2349	203,1451
2026-03-27	07:00	68820,31	68965,15	68531,37	68785,01	LONG	0,00167	5981,87	0,00648	HOLD	98,2349	203,0861
2026-03-27	08:00	68785	69066,51	68700	69051,27	LONG	0,00167	5981,87	0,00648	HOLD	98,2349	203,5308
2026-03-27	09:00	69051,27	69179,05	68862	68903,59	LONG	0,00167	5981,87	0,00648	HOLD	98,2349	203,2841
2026-03-27	10:00	68903,58	68924	68668,72	68767,51	LONG	0,00167	5981,87	0,00648	HOLD	98,2349	203,0569
2026-03-27	11:00	68767,5	68791,4	68304,14	68578	LONG	0,00167	5981,87	0,00648	HOLD	98,2349	202,7404
2026-03-27	12:00	68577,99	68865,88	68511,79	68630,77	LONG	0,00167	5981,87	0,00648	HOLD	98,2349	202,8285
2026-03-27	13:00	68630,76	68846	68567,62	68656,15	LONG	0,00167	5981,87	0,00648	HOLD	98,2349	202,8709
2026-03-27	14:00	68656,16	68955,53	68399,18	68540,48	LONG	0,00167	5981,87	0,00648	HOLD	98,2349	202,6777
2026-03-27	15:00	68540,49	68635,07	67609,29	67920,5	LONG	0,00167	5981,87	0,00648	HOLD	98,2349	201,6424
2026-03-27	16:00	67920,51	67960,32	67548,67	67695,81	LONG	0,00167	5981,87	0,00648	HOLD	98,2349	201,2671
2026-03-27	17:00	67695,81	67778,99	66326,38	66502,41	LONG	0,00167	5981,87	0,00648	HOLD	98,2349	199,2742
2026-03-27	18:00	66502,41	66848,05	66231,96	66702,78	LONG	0,00167	5981,87	0,00648	HOLD	98,2349	199,6088
2026-03-27	19:00	66702,78	66773,25	66432,19	66619,76	LONG	0,00167	5981,87	0,00648	HOLD	98,2349	199,4701
2026-03-27	20:00	66619,75	66757,3	66025	66188,32	LONG	0,00167	5981,87	0,00648	HOLD	98,2349	198,7496
2026-03-27	21:00	66188,31	66404	65730,17	66205,06	LONG	0,00167	5981,87	0,00648	HOLD	98,2349	198,7776
2026-03-27	22:00	66205,07	66638,25	65958,75	66112,82	LONG	0,00167	5981,87	0,00648	HOLD	98,2349	198,6236
2026-03-27	23:00	66112,82	66177,99	65812,43	65979,29	LONG	0,00167	5981,87	0,00648	HOLD	98,2349	198,4006
2026-03-28	00:00	65979,29	66290	65600	65632,92	LONG	0,00167	5981,87	0,00648	HOLD	98,2349	197,8221
2026-03-28	01:00	65632,93	65951,96	65548,25	65836,69	LONG	0,00167	5981,87	0,00648	HOLD	98,2349	198,1624
2026-03-28	02:00	65836,69	66145	65700	66040,66	LONG	0,00167	5981,87	0,00648	HOLD	98,2349	198,503
2026-03-28	03:00	66040,65	66152,51	65817,44	66020,76	LONG	0,00167	5981,87	0,00648	HOLD	98,2349	198,4698
2026-03-28	04:00	66020,77	66186,01	66013	66098	LONG	0,00167	5981,87	0,00648	HOLD	98,2349	198,5988
2026-03-28	05:00	66098	66098,01	65920	66020,79	LONG	0,00167	5981,87	0,00648	HOLD	98,2349	198,4699
2026-03-28	06:00	66020,79	66420,75	65970,25	66407,28	LONG	0,00167	5981,87	0,00648	HOLD	98,2349	199,1153
2026-03-28	07:00	66407,28	66520,46	66293,35	66431,55	LONG	0,00167	5981,87	0,00648	HOLD	98,2349	199,1558
2026-03-28	08:00	66431,54	66431,55	66056,09	66178,85	LONG	0,00167	5981,87	0,00648	HOLD	98,2349	198,7338
2026-03-28	09:00	66178,86	66251,67	65932,09	66053,2	LONG	0,00167	5981,87	0,00648	HOLD	98,2349	198,524
2026-03-28	10:00	66053,2	66259,66	66053,19	66240	LONG	0,00167	5981,87	0,00648	HOLD	98,2349	198,8359
2026-03-28	11:00	66240	66304,72	66110	66285,01	LONG	0,00167	5981,87	0,00648	HOLD	98,2349	198,9111
2026-03-28	12:00	66285,01	66407,96	66202,01	66341,9	LONG	0,00167	5981,87	0,00648	HOLD	98,2349	199,0061
2026-03-28	13:00	66341,9	66500	66308,93	66382	LONG	0,00167	5981,87	0,00648	HOLD	98,2349	199,0731
2026-03-28	14:00	66382	66573,61	66379,8	66561,48	LONG	0,00167	5981,87	0,00648	HOLD	98,2349	199,3728
2026-03-28	15:00	66561,49	66570,09	66387,06	66409,33	LONG	0,00167	5981,87	0,00648	HOLD	98,2349	199,1187
2026-03-28	16:00	66409,34	66416,77	66243,01	66311,32	LONG	0,00167	5981,87	0,00648	HOLD	98,2349	198,955
2026-03-28	17:00	66311,32	66411,79	66124,4	66221,38	LONG	0,00167	5981,87	0,00648	HOLD	98,2349	198,8048
2026-03-28	18:00	66221,37	66358	66201,91	66319,47	LONG	0,00167	5981,87	0,00648	HOLD	98,2349	198,9687
2026-03-28	19:00	66319,46	66527,01	66240,87	66455,09	LONG	0,00167	5981,87	0,00648	HOLD	98,2349	199,1951
2026-03-28	20:00	66455,1	67163,99	66407,65	66835,1	LONG	0,00167	5981,87	0,00648	HOLD	98,2349	199,8298
2026-03-28	21:00	66835,1	66967,01	66666,66	66742,1	LONG	0,00167	5981,87	0,00648	HOLD	98,2349	199,6744
2026-03-28	22:00	66742,09	67288,94	66717,15	67014,91	LONG	0,00167	5981,87	0,00648	HOLD	98,2349	200,13
2026-03-28	23:00	67014,92	67096,77	66855,24	66926,95	LONG	0,00167	5981,87	0,00648	HOLD	98,2349	199,9831
2026-03-29	00:00	66926,94	66996,61	66704	66846,21	LONG	0,00167	5981,87	0,00648	HOLD	98,2349	199,8483
2026-03-29	01:00	66846,2	66963,51	66834,87	66908,03	LONG	0,00167	5981,87	0,00648	HOLD	98,2349	199,9516
2026-03-29	02:00	66908,03	66954	66804,71	66916,52	LONG	0,00167	5981,87	0,00648	HOLD	98,2349	199,9657
2026-03-29	03:00	66916,52	67010	66906	66906	LONG	0,00167	5981,87	0,00648	HOLD	98,2349	199,9482
2026-03-29	04:00	66906	66926,31	66600,01	66685,53	LONG	0,00167	5981,87	0,00648	HOLD	98,2349	199,58
2026-03-29	05:00	66685,53	66788,88	66588,22	66755,88	LONG	0,00167	5981,87	0,00648	HOLD	98,2349	199,6975
2026-03-29	06:00	66755,88	66755,88	66283,38	66377,03	LONG	0,00167	5981,87	0,00648	HOLD	98,2349	199,0648
2026-03-29	07:00	66377,04	66500	66281,4	66487,93	LONG	0,00167	5981,87	0,00648	HOLD	98,2349	199,25
2026-03-29	08:00	66487,93	66620	66385,88	66569,22	LONG	0,00167	5981,87	0,00648	HOLD	98,2349	199,3857
2026-03-29	09:00	66569,22	66843,66	66540,96	66818	LONG	0,00167	5981,87	0,00648	HOLD	98,2349	199,8012
2026-03-29	10:00	66818,01	67130,5	66760,48	66912	LONG	0,00167	5981,87	0,00648	HOLD	98,2349	199,9582
2026-03-29	11:00	66912	66936,6	66717,51	66735,14	LONG	0,00167	5981,87	0,00648	HOLD	98,2349	199,6628
2026-03-29	12:00	66735,14	66828,05	66597,1	66771,94	LONG	0,00167	5981,87	0,00648	HOLD	98,2349	199,7243
2026-03-29	13:00	66771,94	66872	66636	66738,5	LONG	0,00167	5981,87	0,00648	HOLD	98,2349	199,6684
2026-03-29	14:00	66738,5	66752,61	66556,78	66671	LONG	0,00167	5981,87	0,00648	HOLD	98,2349	199,5557
2026-03-29	15:00	66671	66772,83	66600	66724	LONG	0,00167	5981,87	0,00648	HOLD	98,2349	199,6442
2026-03-29	16:00	66724	66773,02	66549,54	66634,01	LONG	0,00167	5981,87	0,00648	HOLD	98,2349	199,4939
2026-03-29	17:00	66634,01	66634,02	66418	66502,79	LONG	0,00167	5981,87	0,00648	HOLD	98,2349	199,2748
2026-03-29	18:00	66502,8	66988,01	66502,79	66816,28	LONG	0,00167	5981,87	0,00648	HOLD	98,2349	199,7983
2026-03-29	19:00	66816,29	66870,34	66703,07	66849,88	LONG	0,00167	5981,87	0,00648	HOLD	98,2349	199,8544
2026-03-29	20:00	66849,88	66875,24	66524,28	66580,36	LONG	0,00167	5981,87	0,00648	HOLD	98,2349	199,4043
2026-03-29	21:00	66580,36	66797,01	66461	66589,64	LONG	0,00167	5981,87	0,00648	HOLD	98,2349	199,4198
2026-03-29	22:00	66589,64	66730,6	66334,37	66523	LONG	0,00167	5981,87	0,00648	HOLD	98,2349	199,3086
2026-03-29	23:00	66523,01	66665,05	66435,75	66499,35	LONG	0,00167	5981,87	0,00648	HOLD	98,2349	199,2691
2026-03-30	00:00	66499,36	66546	66158,26	66385,84	LONG	0,00167	5981,87	0,00648	HOLD	98,2349	199,0795
2026-03-30	01:00	66385,84	66540,43	66321,66	66427,26	LONG	0,00167	5981,87	0,00648	HOLD	98,2349	199,1487
2026-03-30	02:00	66427,27	66477,81	66323,3	66348,62	LONG	0,00167	5981,87	0,00648	HOLD	98,2349	199,0173
2026-03-30	03:00	66348,61	66793,83	66348,61	66614,05	LONG	0,00167	5981,87	0,00648	HOLD	98,2349	199,4606
2026-03-30	04:00	66614,04	66756,51	66509,41	66710,12	LONG	0,00167	5981,87	0,00648	HOLD	98,2349	199,621
2026-03-30	05:00	66710,12	66710,12	65000	65860,31	LONG	0,00167	5981,87	0,00648	HOLD	98,2349	198,2019
2026-03-30	06:00	65860,31	66382,98	65859,91	66010,93	LONG	0,00167	5981,87	0,00648	HOLD	98,2349	198,4534
2026-03-30	07:00	66010,93	67059,66	65800,59	66280,25	LONG	0,00167	5981,87	0,00648	HOLD	98,2349	198,9032
2026-03-30	08:00	66280,24	66834,79	66280,24	66653,74	LONG	0,00167	5981,87	0,00648	HOLD	98,2349	199,5269
2026-03-30	09:00	66653,74	67450	66580,01	67121,01	LONG	0,00167	5981,87	0,00648	HOLD	98,2349	200,3072
2026-03-30	10:00	67121,01	67319,33	66977,62	67173,8	LONG	0,00167	5981,87	0,00648	HOLD	98,2349	200,3954
2026-03-30	11:00	67173,8	67650,01	67167,92	67616,29	LONG	0,00167	5981,87	0,00648	HOLD	98,2349	201,1343
2026-03-30	12:00	67616,28	67800	67442	67492,46	LONG	0,00167	5981,87	0,00648	HOLD	98,2349	200,9276
2026-03-30	13:00	67492,46	67585,97	67278,53	67305,14	LONG	0,00167	5981,87	0,00648	HOLD	98,2349	200,6147
2026-03-30	14:00	67305,14	67624,39	67227,88	67624,39	LONG	0,00167	5981,87	0,00648	HOLD	98,2349	201,1479
2026-03-30	15:00	67624,39	67946,02	67604,56	67666,44	LONG	0,00167	5981,87	0,00648	HOLD	98,2349	201,2181
2026-03-30	16:00	67666,44	67698,62	67460	67495,46	LONG	0,00167	5981,87	0,00648	HOLD	98,2349	200,9326
2026-03-30	17:00	67495,46	67518,37	67360,41	67488,53	LONG	0,00167	5981,87	0,00648	HOLD	98,2349	200,921
2026-03-30	18:00	67488,88	68042,3	67488,88	67680,45	LONG	0,00167	5981,87	0,00648	HOLD	98,2349	201,2415
2026-03-30	19:00	67680,44	67979,93	67666,17	67899,59	LONG	0,00167	5981,87	0,00648	HOLD	98,2349	201,6075
2026-03-30	20:00	67899,59	68169,65	67428,57	67529,52	LONG	0,00167	5981,87	0,00648	HOLD	98,2349	200,9894
2026-03-30	21:00	67529,52	67864,49	67088,73	67799,54	LONG	0,00167	5981,87	0,00648	HOLD	98,2349	201,4404
2026-03-30	22:00	67799,54	67896,89	67407,63	67629,4	LONG	0,00167	5981,87	0,00648	HOLD	98,2349	201,1562
2026-03-30	23:00	67629,4	67641,65	67222	67368,1	LONG	0,00167	5981,87	0,00648	HOLD	98,2349	200,7199
2026-03-31	00:00	67368,1	67465,2	66650	66828,02	LONG	0,00167	5981,87	0,00648	HOLD	98,2349	199,8179
2026-03-31	01:00	66828,02	66929,18	66508,25	66653,46	LONG	0,00167	5981,87	0,00648	HOLD	98,2349	199,5264
2026-03-31	02:00	66653,45	66664,57	66233,13	66550,05	LONG	0,00167	5981,87	0,00648	HOLD	98,2349	199,3537
2026-03-31	03:00	66550,06	66691,48	66523,75	66651,4	LONG	0,00167	5981,87	0,00648	HOLD	98,2349	199,523
2026-03-31	04:00	66651,41	66994,17	66587,32	66809,3	LONG	0,00167	5981,87	0,00648	HOLD	98,2349	199,7867
2026-03-31	05:00	66809,3	66989,1	66683,72	66784,98	LONG	0,00167	5981,87	0,00648	HOLD	98,2349	199,7461
2026-03-31	06:00	66784,97	66797,38	66419,79	66797,37	LONG	0,00167	5981,87	0,00648	HOLD	98,2349	199,7668
2026-03-31	07:00	66797,38	67303,33	66544,51	67208,75	LONG	0,00167	5981,87	0,00648	HOLD	98,2349	200,4538
2026-03-31	08:00	67208,74	68408,37	67050	67938,54	LONG	0,00167	5981,87	0,00648	HOLD	98,2349	201,6725
2026-03-31	09:00	67938,05	68096,87	67775,18	67943,43	LONG	0,00167	5981,87	0,00648	HOLD	98,2349	201,6807
2026-03-31	10:00	67943,43	68009,99	67648,2	67704,74	LONG	0,00167	5981,87	0,00648	HOLD	98,2349	201,2821
2026-03-31	11:00	67704,74	67979,38	67405,89	67544,01	LONG	0,00167	5981,87	0,00648	HOLD	98,2349	201,0136
2026-03-31	12:00	67544,01	67780,34	67400	67681,68	LONG	0,00167	5981,87	0,00648	HOLD	98,2349	201,2435
2026-03-31	13:00	67681,69	67711,02	67333,33	67492,85	LONG	0,00167	5981,87	0,00648	HOLD	98,2349	200,9282
2026-03-31	14:00	67492,86	67524,65	67103,32	67367,69	LONG	0,00167	5981,87	0,00648	HOLD	98,2349	200,7192
2026-03-31	15:00	67367,7	67496	66688,68	66778,33	LONG	0,00167	5981,87	0,00648	HOLD	98,2349	199,735
2026-03-31	16:00	66778,34	66924,33	65998,05	66124,99	LONG	0,00167	5981,87	0,00648	HOLD	98,2349	198,6439
2026-03-31	17:00	66125	66471,08	66100,01	66363,38	LONG	0,00167	5981,87	0,00648	HOLD	98,2349	199,042
2026-03-31	18:00	66363,38	66922,58	66240,14	66685,69	LONG	0,00167	5981,87	0,00648	HOLD	98,2349	199,5802
2026-03-31	19:00	66685,69	66939,9	66520,71	66653,26	LONG	0,00167	5981,87	0,00648	HOLD	98,2349	199,5261
2026-03-31	20:00	66653,27	67412,11	66653,27	67302,29	LONG	0,00167	5981,87	0,00648	HOLD	98,2349	200,61
2026-03-31	21:00	67302,28	67767,87	66427,53	66587,45	LONG	0,00167	5981,87	0,00648	HOLD	98,2349	199,4162
2026-03-31	22:00	66587,46	67283,25	66587,46	66736,8	LONG	0,00167	5981,87	0,00648	HOLD	98,2349	199,6656
2026-03-31	23:00	66736,79	68030,19	66729,28	67665,83	LONG	0,00167	5981,87	0,00648	HOLD	98,2349	201,2171
2026-04-01	00:00	67665,83	68589,49	67403,81	67526,75	LONG	0,00167	5981,87	0,00648	HOLD	98,2349	200,9848
2026-04-01	01:00	67526,76	67947,98	67526,3	67854,05	LONG	0,00167	5981,87	0,00648	HOLD	98,2349	201,5314
2026-04-01	02:00	67854,04	68029,41	67716,35	67838,8	LONG	0,00167	5981,87	0,00648	HOLD	98,2349	201,5059
2026-04-01	03:00	67838,79	68267,27	67831,7	68265,53	LONG	0,00167	5981,87	0,00648	HOLD	98,2349	202,2186
2026-04-01	04:00	68265,53	68410,3	67884	68277,99	LONG	0,00167	5981,87	0,00648	HOLD	98,2349	202,2394
2026-04-01	05:00	68278	68341,16	67962,27	68172,87	LONG	0,00167	5981,87	0,00648	HOLD	98,2349	202,0638
2026-04-01	06:00	68173,59	68371,1	68090,2	68284,48	LONG	0,00167	5981,87	0,00648	HOLD	98,2349	202,2502
2026-04-01	07:00	68284,49	68343,77	67853,3	68330,75	LONG	0,00167	5981,87	0,00648	HOLD	98,2349	202,3275
2026-04-01	08:00	68330,76	68378,64	67760,33	67782,73	LONG	0,00167	5981,87	0,00648	HOLD	98,2349	201,4123
2026-04-01	09:00	67782,74	67913,98	67578,75	67668,89	LONG	0,00167	5981,87	0,00648	HOLD	98,2349	201,2222
2026-04-01	10:00	67668,9	68250	67668,9	68170,67	LONG	0,00167	5981,87	0,00648	HOLD	98,2349	202,0602
2026-04-01	11:00	68170,67	68476,26	68005,33	68303,83	LONG	0,00167	5981,87	0,00648	HOLD	98,2349	202,2825
2026-04-01	12:00	68303,83	68755,51	68150	68456,02	LONG	0,00167	5981,87	0,00648	HOLD	98,2349	202,5367
2026-04-01	13:00	68456,01	69236,78	68456,01	69102,85	LONG	0,00167	5981,87	0,00648	HOLD	98,2349	203,6169
2026-04-01	14:00	69102,8	69310	68667,02	68692	LONG	0,00167	5981,87	0,00648	HOLD	98,2349	202,9308
2026-04-01	15:00	68692	68851,35	68389,21	68670,16	LONG	0,00167	5981,87	0,00648	HOLD	98,2349	202,8943
2026-04-01	16:00	68670,15	68733,78	68390,25	68644	LONG	0,00167	5981,87	0,00648	HOLD	98,2349	202,8506
2026-04-01	17:00	68644,01	68662,26	68407,08	68585,55	LONG	0,00167	5981,87	0,00648	HOLD	98,2349	202,753
2026-04-01	18:00	68585,55	68736,15	68505,91	68712,52	LONG	0,00167	5981,87	0,00648	HOLD	98,2349	202,9651
2026-04-01	19:00	68712,52	68786	68248,3	68393,6	LONG	0,00167	5981,87	0,00648	HOLD	98,2349	202,4325
2026-04-01	20:00	68393,6	68681,25	67918,83	68116,07	LONG	0,00167	5981,87	0,00648	HOLD	98,2349	201,969
2026-04-01	21:00	68116,06	68690,98	68059,38	68593,55	LONG	0,00167	5981,87	0,00648	HOLD	98,2349	202,7664
2026-04-01	22:00	68593,56	68965	68428,94	68918,52	LONG	0,00167	5981,87	0,00648	HOLD	98,2349	203,3091
2026-04-01	23:00	68918,52	68986,66	68610	68816,34	LONG	0,00167	5981,87	0,00648	HOLD	98,2349	203,1384
2026-04-02	00:00	68816,35	69171,77	68247,17	68266,62	LONG	0,00167	5981,87	0,00648	HOLD	98,2349	202,2204
2026-04-02	01:00	68266,62	68330,31	67939,28	68084,76	LONG	0,00167	5981,87	0,00648	HOLD	98,2349	201,9167
2026-04-02	02:00	68084,76	68287,39	68028,19	68176,84	LONG	0,00167	5981,87	0,00648	HOLD	98,2349	202,0705
2026-04-02	03:00	68176,84	68249	67964,48	68191,09	LONG	0,00167	5981,87	0,00648	HOLD	98,2349	202,0943
2026-04-02	04:00	68191,09	68534	68171,56	68362,53	LONG	0,00167	5981,87	0,00648	HOLD	98,2349	202,3806
2026-04-02	05:00	68362,53	68362,53	68070,38	68122,99	LONG	0,00167	5981,87	0,00648	HOLD	98,2349	201,9805
2026-04-02	06:00	68122,99	68250	67996,89	68113,92	LONG	0,00167	5981,87	0,00648	HOLD	98,2349	201,9654
2026-04-02	07:00	68113,92	68653,38	68050	68600,29	LONG	0,00167	5981,87	0,00648	HOLD	98,2349	202,7776
2026-04-02	08:00	68600,29	68600,29	67050,84	67359,27	LONG	0,00167	5981,87	0,00648	HOLD	98,2349	200,7051
2026-04-02	09:00	67359,27	67359,27	66624,64	66852,99	LONG	0,00167	5981,87	0,00648	HOLD	98,2349	199,8596
2026-04-02	10:00	66852,99	66969,54	66500	66576,25	LONG	0,00167	5981,87	0,00648	HOLD	98,2349	199,3975
2026-04-02	11:00	66576,25	66655,46	66217,07	66330,27	LONG	0,00167	5981,87	0,00648	HOLD	98,2349	198,9867
2026-04-02	12:00	66330,27	66667,92	66311	66591,54	LONG	0,00167	5981,87	0,00648	HOLD	98,2349	199,423
2026-04-02	13:00	66591,54	66824,95	66548,45	66681,49	LONG	0,00167	5981,87	0,00648	HOLD	98,2349	199,5732
2026-04-02	14:00	66681,48	66961,26	66557,33	66930,79	LONG	0,00167	5981,87	0,00648	HOLD	98,2349	199,9896
2026-04-02	15:00	66930,79	66930,79	66180	66439,12	LONG	0,00167	5981,87	0,00648	HOLD	98,2349	199,1685
2026-04-02	16:00	66439,12	66517,43	66294	66469,6	LONG	0,00167	5981,87	0,00648	HOLD	98,2349	199,2194
2026-04-02	17:00	66469,6	66511,79	66229,55	66457,28	LONG	0,00167	5981,87	0,00648	HOLD	98,2349	199,1988
2026-04-02	18:00	66457,28	66516,06	66167,1	66220,28	LONG	0,00167	5981,87	0,00648	HOLD	98,2349	198,803
2026-04-02	19:00	66220,28	66248,51	65961,66	66052,71	LONG	0,00167	5981,87	0,00648	HOLD	98,2349	198,5232
2026-04-02	20:00	66052,71	66285,81	65712,12	66270,87	LONG	0,00167	5981,87	0,00648	HOLD	98,2349	198,8875
2026-04-02	21:00	66270,87	67104,86	66168,07	66868,18	LONG	0,00167	5981,87	0,00648	HOLD	98,2349	199,885
2026-04-02	22:00	66868,17	66994,51	66646,36	66852,91	LONG	0,00167	5981,87	0,00648	HOLD	98,2349	199,8595
2026-04-02	23:00	66852,91	67300	66759,28	67095,85	LONG	0,00167	5981,87	0,00648	HOLD	98,2349	200,2652
2026-04-03	00:00	67095,85	67430,99	66666,66	66679,16	LONG	0,00167	5981,87	0,00648	HOLD	98,2349	199,5693
2026-04-03	01:00	66679,16	67065,35	66596,8	66981,99	LONG	0,00167	5981,87	0,00648	HOLD	98,2349	200,0751
2026-04-03	02:00	66981,99	67109,09	66878	66975,99	LONG	0,00167	5981,87	0,00648	HOLD	98,2349	200,065
2026-04-03	03:00	66976	67100	66798	66939,25	LONG	0,00167	5981,87	0,00648	HOLD	98,2349	200,0037
2026-04-03	04:00	66939,25	67012,09	66731,08	66935,93	LONG	0,00167	5981,87	0,00648	HOLD	98,2349	199,9981
2026-04-03	05:00	66935,94	67037,48	66825,61	66982,48	LONG	0,00167	5981,87	0,00648	HOLD	98,2349	200,0759
2026-04-03	06:00	66982,48	67096,68	66855,5	66901,99	LONG	0,00167	5981,87	0,00648	HOLD	98,2349	199,9415
2026-04-03	07:00	66901,99	67000	66702,83	66785,86	LONG	0,00167	5981,87	0,00648	HOLD	98,2349	199,7475
2026-04-03	08:00	66785,87	66905,61	66483,9	66630	LONG	0,00167	5981,87	0,00648	HOLD	98,2349	199,4872
2026-04-03	09:00	66630,01	66750,57	66282	66533,81	LONG	0,00167	5981,87	0,00648	HOLD	98,2349	199,3266
2026-04-03	10:00	66533,82	66724,17	66495,69	66579,97	LONG	0,00167	5981,87	0,00648	HOLD	98,2349	199,4037
2026-04-03	11:00	66579,98	66699,99	66500,04	66602,66	LONG	0,00167	5981,87	0,00648	HOLD	98,2349	199,4416
2026-04-03	12:00	66602,67	66808,5	66416,68	66600,35	LONG	0,00167	5981,87	0,00648	HOLD	98,2349	199,4377
2026-04-03	13:00	66600,35	66800	66558,76	66796,79	LONG	0,00167	5981,87	0,00648	HOLD	98,2349	199,7658
2026-04-03	14:00	66796,8	67247,38	66758	67042,08	LONG	0,00167	5981,87	0,00648	HOLD	98,2349	200,1754
2026-04-03	15:00	67042,08	67288	66900,56	66965,39	LONG	0,00167	5981,87	0,00648	HOLD	98,2349	200,0473
2026-04-03	16:00	66965,39	67007,93	66749,35	66859,58	LONG	0,00167	5981,87	0,00648	HOLD	98,2349	199,8706
2026-04-03	17:00	66859,58	66898,97	66674,72	66883,08	LONG	0,00167	5981,87	0,00648	HOLD	98,2349	199,9099
2026-04-03	18:00	66883,09	67057,42	66823,18	67017,44	LONG	0,00167	5981,87	0,00648	HOLD	98,2349	200,1343
2026-04-03	19:00	67017,43	67370,42	66646,36	66722,16	LONG	0,00167	5981,87	0,00648	HOLD	98,2349	199,6411
2026-04-03	20:00	66722,16	66735,62	66508,1	66672	LONG	0,00167	5981,87	0,00648	HOLD	98,2349	199,5574
2026-04-03	21:00	66671,99	66990,59	66634	66929,81	LONG	0,00167	5981,87	0,00648	HOLD	98,2349	199,9879
2026-04-03	22:00	66929,8	67028,37	66823,3	66827,15	LONG	0,00167	5981,87	0,00648	HOLD	98,2349	199,8165
2026-04-03	23:00	66827,15	67069	66827,14	67010,46	LONG	0,00167	5981,87	0,00648	HOLD	98,2349	200,1226
2026-04-04	00:00	67010,45	67067	66751,86	66855,01	LONG	0,00167	5981,87	0,00648	HOLD	98,2349	199,863
2026-04-04	01:00	66855	66930	66786,12	66812,03	LONG	0,00167	5981,87	0,00648	HOLD	98,2349	199,7912
2026-04-04	02:00	66812,04	66911,19	66774,02	66885,74	LONG	0,00167	5981,87	0,00648	HOLD	98,2349	199,9143
2026-04-04	03:00	66885,73	66919,61	66831,97	66831,98	LONG	0,00167	5981,87	0,00648	HOLD	98,2349	199,8245
2026-04-04	04:00	66831,97	66970,18	66827,6	66964,21	LONG	0,00167	5981,87	0,00648	HOLD	98,2349	200,0454
2026-04-04	05:00	66964,21	66970,17	66842,76	66888,76	LONG	0,00167	5981,87	0,00648	HOLD	98,2349	199,9194
2026-04-04	06:00	66888,76	66964,3	66826,13	66964,3	LONG	0,00167	5981,87	0,00648	HOLD	98,2349	200,0455
2026-04-04	07:00	66964,29	66968,28	66876,7	66893,39	LONG	0,00167	5981,87	0,00648	HOLD	98,2349	199,9271
2026-04-04	08:00	66893,4	66924,48	66827,22	66852	LONG	0,00167	5981,87	0,00648	HOLD	98,2349	199,858
2026-04-04	09:00	66852	66919,41	66814	66844,83	LONG	0,00167	5981,87	0,00648	HOLD	98,2349	199,846
2026-04-04	10:00	66844,84	66910,22	66830,23	66832,18	LONG	0,00167	5981,87	0,00648	HOLD	98,2349	199,8249
2026-04-04	11:00	66832,18	66876,32	66775,91	66860,73	LONG	0,00167	5981,87	0,00648	HOLD	98,2349	199,8726
2026-04-04	12:00	66860,73	66936,72	66844,14	66916,29	LONG	0,00167	5981,87	0,00648	HOLD	98,2349	199,9653
2026-04-04	13:00	66916,3	67049,94	66911,2	67013,24	LONG	0,00167	5981,87	0,00648	HOLD	98,2349	200,1273
2026-04-04	14:00	67013,25	67052,99	66943,34	67014,96	LONG	0,00167	5981,87	0,00648	HOLD	98,2349	200,1301
2026-04-04	15:00	67014,95	67057,42	66918	66940	LONG	0,00167	5981,87	0,00648	HOLD	98,2349	200,0049
2026-04-04	16:00	66940	66994,52	66918	66988,05	LONG	0,00167	5981,87	0,00648	HOLD	98,2349	200,0852
2026-04-04	17:00	66988,06	67167	66918	67167	LONG	0,00167	5981,87	0,00648	HOLD	98,2349	200,384
2026-04-04	18:00	67167	67232,72	67083,43	67156,93	LONG	0,00167	5981,87	0,00648	HOLD	98,2349	200,3672
2026-04-04	19:00	67156,93	67185	67060,56	67097,87	LONG	0,00167	5981,87	0,00648	HOLD	98,2349	200,2686
2026-04-04	20:00	67097,87	67267	67082,41	67193,44	LONG	0,00167	5981,87	0,00648	HOLD	98,2349	200,4282
2026-04-04	21:00	67193,45	67223,51	67029,07	67215,24	LONG	0,00167	5981,87	0,00648	HOLD	98,2349	200,4646
2026-04-04	22:00	67215,24	67562,93	67177,39	67383,66	LONG	0,00167	5981,87	0,00648	HOLD	98,2349	200,7459
2026-04-04	23:00	67383,66	67520,85	67331,06	67366,68	LONG	0,00167	5981,87	0,00648	HOLD	98,2349	200,7175
2026-04-05	00:00	67366,68	67416,48	67292	67329,4	LONG	0,00167	5981,87	0,00648	HOLD	98,2349	200,6552
2026-04-05	01:00	67329,41	67380,98	67265	67295,47	LONG	0,00167	5981,87	0,00648	HOLD	98,2349	200,5986
2026-04-05	02:00	67295,47	67543,6	67275	67288,42	LONG	0,00167	5981,87	0,00648	HOLD	98,2349	200,5868
2026-04-05	03:00	67288,42	67295,81	67186,62	67268,4	LONG	0,00167	5981,87	0,00648	HOLD	98,2349	200,5534
2026-04-05	04:00	67268,4	67504,54	67215	67359,2	LONG	0,00167	5981,87	0,00648	HOLD	98,2349	200,705
2026-04-05	05:00	67359,21	67470,93	67341,19	67399,92	LONG	0,00167	5981,87	0,00648	HOLD	98,2349	200,773
2026-04-05	06:00	67399,91	67399,99	67261,32	67300,42	LONG	0,00167	5981,87	0,00648	HOLD	98,2349	200,6068
2026-04-05	07:00	67300,42	67307,28	67168,08	67225	LONG	0,00167	5981,87	0,00648	HOLD	98,2349	200,4809
2026-04-05	08:00	67225	67230	67080	67085	LONG	0,00167	5981,87	0,00648	HOLD	98,2349	200,2471
2026-04-05	09:00	67085	67174,92	66955,72	67170,16	LONG	0,00167	5981,87	0,00648	HOLD	98,2349	200,3893
2026-04-05	10:00	67170,17	67188,09	67089,33	67145,98	LONG	0,00167	5981,87	0,00648	HOLD	98,2349	200,3489
2026-04-05	11:00	67145,98	67188,51	67073,56	67101,65	LONG	0,00167	5981,87	0,00648	HOLD	98,2349	200,2749
2026-04-05	12:00	67101,65	67154,98	66888	66931,65	LONG	0,00167	5981,87	0,00648	HOLD	98,2349	199,991
2026-04-05	13:00	66931,65	66940	66611,66	66802,24	LONG	0,00167	5981,87	0,00648	HOLD	98,2349	199,7749
2026-04-05	14:00	66802,24	66914,48	66715,43	66820,64	LONG	0,00167	5981,87	0,00648	HOLD	98,2349	199,8056
2026-04-05	15:00	66820,64	66940	66819,42	66933,18	LONG	0,00167	5981,87	0,00648	HOLD	98,2349	199,9936
2026-04-05	16:00	66933,18	67048,64	66902,15	67035,15	LONG	0,00167	5981,87	0,00648	HOLD	98,2349	200,1638
2026-04-05	17:00	67035,15	67150	66968,35	67046,01	LONG	0,00167	5981,87	0,00648	HOLD	98,2349	200,182
2026-04-05	18:00	67046,01	67087,22	66973,67	66999	LONG	0,00167	5981,87	0,00648	HOLD	98,2349	200,1035
2026-04-05	19:00	66998,99	66999	66680,57	66783,58	LONG	0,00167	5981,87	0,00648	HOLD	98,2349	199,7437
2026-04-05	20:00	66783,59	66918,03	66693,91	66890,7	LONG	0,00167	5981,87	0,00648	HOLD	98,2349	199,9226
2026-04-05	21:00	66890,7	66963,95	66820,54	66918,03	LONG	0,00167	5981,87	0,00648	HOLD	98,2349	199,9683
2026-04-05	22:00	66918,03	67856,16	66829,02	67306,64	LONG	0,00167	5981,87	0,00648	HOLD	98,2349	200,6172
2026-04-05	23:00	67306,65	67410	67173,4	67212,62	LONG	0,00167	5981,87	0,00648	HOLD	98,2349	200,4602
2026-04-06	00:00	67212,61	67402	67187,95	67373,64	LONG	0,00167	5981,87	0,00648	HOLD	98,2349	200,7291
2026-04-06	01:00	67373,64	67451,78	67281,38	67413,78	LONG	0,00167	5981,87	0,00648	HOLD	98,2349	200,7962
2026-04-06	02:00	67413,78	67560,45	67276,67	67361,01	LONG	0,00167	5981,87	0,00648	HOLD	98,2349	200,708
2026-04-06	03:00	67361,01	67705,74	67332,66	67658,35	LONG	0,00167	5981,87	0,00648	HOLD	98,2349	201,2046
2026-04-06	04:00	67658,35	67682,42	67408,07	67553,43	LONG	0,00167	5981,87	0,00648	HOLD	98,2349	201,0294
2026-04-06	05:00	67553,44	68374,75	67347,05	68338,43	LONG	0,00167	5981,87	0,00648	HOLD	98,2349	202,3403
2026-04-06	06:00	68338,43	69136,2	68266,13	69034,18	LONG	0,00167	5981,87	0,00648	HOLD	98,2349	203,5022
2026-04-06	07:00	69034,18	69588	69034,18	69083,78	LONG	0,00167	5981,87	0,00648	HOLD	98,2349	203,5851
2026-04-06	08:00	69083,79	69139,63	68787,13	68810,18	LONG	0,00167	5981,87	0,00648	HOLD	98,2349	203,1281
2026-04-06	09:00	68810,17	69408,39	68776,61	69207,99	LONG	0,00167	5981,87	0,00648	HOLD	98,2349	203,7925
2026-04-06	10:00	69207,99	69259,06	69056,86	69123,69	LONG	0,00167	5981,87	0,00648	HOLD	98,2349	203,6517
2026-04-06	11:00	69123,69	69217,68	68980,36	69141,8	LONG	0,00167	5981,87	0,00648	HOLD	98,2349	203,6819
2026-04-06	12:00	69141,81	69247	69086	69199,31	LONG	0,00167	5981,87	0,00648	HOLD	98,2349	203,778
2026-04-06	13:00	69199,31	69354,26	68806,53	68976,67	LONG	0,00167	5981,87	0,00648	HOLD	98,2349	203,4062
2026-04-06	14:00	68976,67	69215,37	68821,07	69115,91	LONG	0,00167	5981,87	0,00648	HOLD	98,2349	203,6387
2026-04-06	15:00	69115,91	69347,85	69081,88	69224,63	LONG	0,00167	5981,87	0,00648	HOLD	98,2349	203,8203
2026-04-06	16:00	69224,63	70283,32	69214,46	69728	LONG	0,00167	5981,87	0,00648	HOLD	98,2349	204,6609
2026-04-06	17:00	69728,01	69950	69708,13	69770,88	LONG	0,00167	5981,87	0,00648	HOLD	98,2349	204,7325
2026-04-06	18:00	69770,88	69770,96	69565,01	69614,91	LONG	0,00167	5981,87	0,00648	HOLD	98,2349	204,472
2026-04-06	19:00	69614,91	69635,87	69329,23	69366,75	LONG	0,00167	5981,87	0,00648	HOLD	98,2349	204,0576
2026-04-06	20:00	69366,76	69550	69235,09	69428,23	LONG	0,00167	5981,87	0,00648	HOLD	98,2349	204,1603
2026-04-06	21:00	69428,23	69809,99	69163,86	69654,38	LONG	0,00167	5981,87	0,00648	HOLD	98,2349	204,538
2026-04-06	22:00	69654,39	69973,25	69526,87	69968,87	LONG	0,00167	5981,87	0,00648	HOLD	98,2349	205,0632
2026-04-06	23:00	69968,87	70351,46	69782,11	69799,14	LONG	0,00167	5981,87	0,00648	HOLD	98,2349	204,7797
2026-04-07	00:00	69799,14	69820	69282,02	69574,61	LONG	0,00167	5981,87	0,00648	HOLD	98,2349	204,4047
2026-04-07	01:00	69574,62	69967,78	69479,49	69888,97	LONG	0,00167	5981,87	0,00648	HOLD	98,2349	204,9297
2026-04-07	02:00	69888,97	69899,99	69583,33	69739,53	LONG	0,00167	5981,87	0,00648	HOLD	98,2349	204,6802
2026-04-07	03:00	69739,52	69974,08	69625	69826,01	LONG	0,00167	5981,87	0,00648	HOLD	98,2349	204,8246
2026-04-07	04:00	69826	69826	69423,09	69504,99	LONG	0,00167	5981,87	0,00648	HOLD	98,2349	204,2885
2026-04-07	05:00	69504,99	69581,92	68811	68811	LONG	0,00167	5981,87	0,00648	HOLD	98,2349	203,1295
2026-04-07	06:00	68811,01	68912,97	68300	68853,66	LONG	0,00167	5981,87	0,00648	HOLD	98,2349	203,2008
2026-04-07	07:00	68853,66	69128,2	68723,81	68775,7	LONG	0,00167	5981,87	0,00648	HOLD	98,2349	203,0706
2026-04-07	08:00	68775,71	68900,63	68352,52	68400,01	LONG	0,00167	5981,87	0,00648	HOLD	98,2349	202,4432
2026-04-07	09:00	68400,01	68713,92	68273,34	68674	LONG	0,00167	5981,87	0,00648	HOLD	98,2349	202,9007
2026-04-07	10:00	68674,01	68800,94	68625,59	68779,21	LONG	0,00167	5981,87	0,00648	HOLD	98,2349	203,0764
2026-04-07	11:00	68779,2	68981,83	68540,84	68854,65	LONG	0,00167	5981,87	0,00648	HOLD	98,2349	203,2024
2026-04-07	12:00	68854,65	68866	68613,2	68669	LONG	0,00167	5981,87	0,00648	HOLD	98,2349	202,8924
2026-04-07	13:00	68669	68669,01	68443	68568,35	LONG	0,00167	5981,87	0,00648	HOLD	98,2349	202,7243
2026-04-07	14:00	68568,35	68703,72	68500	68624,61	LONG	0,00167	5981,87	0,00648	HOLD	98,2349	202,8182
2026-04-07	15:00	68624,6	68984,48	68603,6	68936,71	LONG	0,00167	5981,87	0,00648	HOLD	98,2349	203,3394
2026-04-07	16:00	68936,71	69247,9	68930,04	69150,05	LONG	0,00167	5981,87	0,00648	HOLD	98,2349	203,6957
2026-04-07	17:00	69150,06	69199,87	68200	68237,93	LONG	0,00167	5981,87	0,00648	HOLD	98,2349	202,1725
2026-04-07	18:00	68237,93	68455,96	68071,96	68345,75	LONG	0,00167	5981,87	0,00648	HOLD	98,2349	202,3525
2026-04-07	19:00	68345,75	68599,13	68080	68392,18	LONG	0,00167	5981,87	0,00648	HOLD	98,2349	202,4301
2026-04-07	20:00	68392,19	68633,87	68198,12	68231,99	LONG	0,00167	5981,87	0,00648	HOLD	98,2349	202,1626
2026-04-07	21:00	68231,99	68258,26	67763,64	67860,48	LONG	0,00167	5981,87	0,00648	HOLD	98,2349	201,5421
2026-04-07	22:00	67860,49	68268,6	67732,01	68168,1	LONG	0,00167	5981,87	0,00648	HOLD	98,2349	202,0559
2026-04-07	23:00	68168,11	68454,23	68085,01	68229,99	LONG	0,00167	5981,87	0,00648	HOLD	98,2349	202,1592
2026-04-08	00:00	68230	69000	68198,22	68705,81	LONG	0,00167	5981,87	0,00648	HOLD	98,2349	202,9538
2026-04-08	01:00	68705,82	68773,24	68358,1	68442,53	LONG	0,00167	5981,87	0,00648	HOLD	98,2349	202,5142
2026-04-08	02:00	68442,52	69098,44	68358,1	69011,29	LONG	0,00167	5981,87	0,00648	HOLD	98,2349	203,464
2026-04-08	03:00	69011,29	69535,26	69011,29	69319,39	LONG	0,00167	5981,87	0,00648	HOLD	98,2349	203,9785
2026-04-08	04:00	69319,39	70216,68	69311,84	69927,64	LONG	0,00167	5981,87	0,00648	HOLD	98,2349	204,9943
2026-04-08	05:00	69927,65	71528	69927,65	71514,09	LONG	0,00167	5981,87	0,00648	HOLD	98,2349	207,6437
2026-04-08	06:00	71514,1	72761	71194,9	71924,22	LONG	0,00167	5981,87	0,00648	HOLD	98,2349	208,3286
2026-04-08	07:00	71924,22	72110,65	71541,51	71710,19	LONG	0,00167	5981,87	0,00648	HOLD	98,2349	207,9712
2026-04-08	08:00	71710,19	71758,6	71452,68	71476,97	LONG	0,00167	5981,87	0,00648	HOLD	98,2349	207,5817
2026-04-08	09:00	71476,98	71727,01	71240,99	71364,94	LONG	0,00167	5981,87	0,00648	HOLD	98,2349	207,3946
2026-04-08	10:00	71364,95	71479,97	71277,18	71287,39	LONG	0,00167	5981,87	0,00648	HOLD	98,2349	207,2651
2026-04-08	11:00	71287,39	71676,77	71287,38	71566,18	LONG	0,00167	5981,87	0,00648	HOLD	98,2349	207,7307
2026-04-08	12:00	71566,66	71831,6	71560	71731,1	LONG	0,00167	5981,87	0,00648	HOLD	98,2349	208,0061
2026-04-08	13:00	71731,1	71941,42	71581,14	71732,69	LONG	0,00167	5981,87	0,00648	HOLD	98,2349	208,0087
2026-04-08	14:00	71732,7	71902	71573,04	71627,59	LONG	0,00167	5981,87	0,00648	HOLD	98,2349	207,8332
2026-04-08	15:00	71627,59	71831,08	71627,59	71800	LONG	0,00167	5981,87	0,00648	HOLD	98,2349	208,1211
2026-04-08	16:00	71799,99	71955	71588,75	71678,87	LONG	0,00167	5981,87	0,00648	HOLD	98,2349	207,9189
2026-04-08	17:00	71678,87	71790	71457,61	71476,98	LONG	0,00167	5981,87	0,00648	HOLD	98,2349	207,5817
2026-04-08	18:00	71476,97	71739,67	71407,77	71675,12	LONG	0,00167	5981,87	0,00648	HOLD	98,2349	207,9126
2026-04-08	19:00	71675,12	72181,81	71581,76	72071,95	LONG	0,00167	5981,87	0,00648	HOLD	98,2349	208,5753
2026-04-08	20:00	72071,95	72857	71510	71600,01	LONG	0,00167	5981,87	0,00648	HOLD	98,2349	207,7872
2026-04-08	21:00	71600	71751,42	70707,23	70912,88	LONG	0,00167	5981,87	0,00648	HOLD	98,2349	206,6397
2026-04-08	22:00	70912,89	71349,05	70833,3	71310	LONG	0,00167	5981,87	0,00648	HOLD	98,2349	207,3028
2026-04-08	23:00	71309,99	71699	71250,93	71602,1	LONG	0,00167	5981,87	0,00648	HOLD	98,2349	207,7906
2026-04-09	00:00	71602,11	71963,94	71490,55	71888,19	LONG	0,00167	5981,87	0,00648	HOLD	98,2349	208,2684
2026-04-09	01:00	71888,19	71888,2	71085,22	71099,63	LONG	0,00167	5981,87	0,00648	HOLD	98,2349	206,9515
2026-04-09	02:00	71099,63	71372,22	71019	71318,48	LONG	0,00167	5981,87	0,00648	HOLD	98,2349	207,317
2026-04-09	03:00	71318,47	71481,7	71267,91	71372,93	LONG	0,00167	5981,87	0,00648	HOLD	98,2349	207,4079
2026-04-09	04:00	71372,94	71748	71330,86	71551,39	LONG	0,00167	5981,87	0,00648	HOLD	98,2349	207,706
2026-04-09	05:00	71551,4	71571,6	71064,84	71064,84	LONG	0,00167	5981,87	0,00648	HOLD	98,2349	206,8934
2026-04-09	06:00	71064,84	71204	70901,89	71069,93	LONG	0,00167	5981,87	0,00648	HOLD	98,2349	206,9019
2026-04-09	07:00	71069,93	71133,71	70650	70815,5	LONG	0,00167	5981,87	0,00648	HOLD	98,2349	206,477
2026-04-09	08:00	70815,5	70956,7	70466	70928,89	LONG	0,00167	5981,87	0,00648	HOLD	98,2349	206,6664
2026-04-09	09:00	70928,9	71198,8	70816,36	71060,64	LONG	0,00167	5981,87	0,00648	HOLD	98,2349	206,8864
2026-04-09	10:00	71060,64	71124,05	70845,27	70992,39	LONG	0,00167	5981,87	0,00648	HOLD	98,2349	206,7724
2026-04-09	11:00	70992,37	71006,13	70734,77	70782	LONG	0,00167	5981,87	0,00648	HOLD	98,2349	206,4211
2026-04-09	12:00	70781,99	71087,12	70689,38	70984	LONG	0,00167	5981,87	0,00648	HOLD	98,2349	206,7584
2026-04-09	13:00	70983,99	71082,71	70809,94	71031,84	LONG	0,00167	5981,87	0,00648	HOLD	98,2349	206,8383
2026-04-09	14:00	71031,83	71116	70955,4	70982,01	LONG	0,00167	5981,87	0,00648	HOLD	98,2349	206,7551
2026-04-09	15:00	70982,01	71380	70865,42	71249,51	LONG	0,00167	5981,87	0,00648	HOLD	98,2349	207,2018
2026-04-09	16:00	71249,51	71575	71109,99	71534,68	LONG	0,00167	5981,87	0,00648	HOLD	98,2349	207,6781
2026-04-09	17:00	71534,69	71534,69	71276,44	71276,45	LONG	0,00167	5981,87	0,00648	HOLD	98,2349	207,2468
2026-04-09	18:00	71276,45	71350	71038,5	71150,17	LONG	0,00167	5981,87	0,00648	HOLD	98,2349	207,0359
2026-04-09	19:00	71150,17	71328,79	71040	71279,63	LONG	0,00167	5981,87	0,00648	HOLD	98,2349	207,2521
2026-04-09	20:00	71279,63	71355,24	70629,3	70801,98	LONG	0,00167	5981,87	0,00648	HOLD	98,2349	206,4544
2026-04-09	21:00	70801,97	71250,39	70522,77	71123,71	LONG	0,00167	5981,87	0,00648	HOLD	98,2349	206,9917
2026-04-09	22:00	71123,71	72358	70929,44	72141,99	LONG	0,00167	5981,87	0,00648	HOLD	98,2349	208,6923
2026-04-09	23:00	72142	72399	71729,66	72080,87	LONG	0,00167	5981,87	0,00648	HOLD	98,2349	208,5902
2026-04-10	00:00	72080,86	72550	72062,38	72347,49	LONG	0,00167	5981,87	0,00648	HOLD	98,2349	209,0355
2026-04-10	01:00	72348	72380,7	71747,68	71888,69	LONG	0,00167	5981,87	0,00648	HOLD	98,2349	208,2693
2026-04-10	02:00	71888,69	72300	71750	72096,32	LONG	0,00167	5981,87	0,00648	HOLD	98,2349	208,616
2026-04-10	03:00	72096,33	72458,31	71985,95	72413,97	LONG	0,00167	5981,87	0,00648	HOLD	98,2349	209,1465
2026-04-10	04:00	72413,96	72700	72142,79	72264,95	LONG	0,00167	5981,87	0,00648	HOLD	98,2349	208,8976
2026-04-10	05:00	72264,96	73145	71945,94	71946,01	LONG	0,00167	5981,87	0,00648	HOLD	98,2349	208,365
2026-04-10	06:00	71946,01	72025,53	71585,25	71787,97	LONG	0,00167	5981,87	0,00648	HOLD	98,2349	208,1011
2026-04-10	07:00	71787,98	72028,4	71573,35	71963,03	LONG	0,00167	5981,87	0,00648	HOLD	98,2349	208,3934
2026-04-10	08:00	71963,04	72387	71673,48	72157,93	LONG	0,00167	5981,87	0,00648	HOLD	98,2349	208,7189
2026-04-10	09:00	72157,93	72291,04	71921,59	71965,36	LONG	0,00167	5981,87	0,00648	HOLD	98,2349	208,3973
2026-04-10	10:00	71965,36	72027,37	71813,73	71868,67	LONG	0,00167	5981,87	0,00648	HOLD	98,2349	208,2358
2026-04-10	11:00	71868,67	72212,84	71820,47	72117,29	LONG	0,00167	5981,87	0,00648	HOLD	98,2349	208,651
2026-04-10	12:00	72117,29	72267,89	72010,4	72127,84	LONG	0,00167	5981,87	0,00648	HOLD	98,2349	208,6686
2026-04-10	13:00	72127,84	72179,85	71792,01	71805,38	LONG	0,00167	5981,87	0,00648	HOLD	98,2349	208,1301
2026-04-10	14:00	71805,39	71837,59	71428	71481,85	LONG	0,00167	5981,87	0,00648	HOLD	98,2349	207,5898
2026-04-10	15:00	71481,85	71769,41	71426,15	71606,07	LONG	0,00167	5981,87	0,00648	HOLD	98,2349	207,7973
2026-04-10	16:00	71606,08	71873	71583,47	71787,41	LONG	0,00167	5981,87	0,00648	HOLD	98,2349	208,1001
2026-04-10	17:00	71787,41	71928,29	71711,6	71910,09	LONG	0,00167	5981,87	0,00648	HOLD	98,2349	208,305
2026-04-10	18:00	71910,1	72261,93	71903,69	72127,59	LONG	0,00167	5981,87	0,00648	HOLD	98,2349	208,6682
2026-04-10	19:00	72127,59	72458	72007,5	72258,68	LONG	0,00167	5981,87	0,00648	HOLD	98,2349	208,8871
2026-04-10	20:00	72258,69	72409,41	71899,51	72321,4	LONG	0,00167	5981,87	0,00648	HOLD	98,2349	208,9919
2026-04-10	21:00	72321,39	73155,58	72258	72909	LONG	0,00167	5981,87	0,00648	HOLD	98,2349	209,9732
2026-04-10	22:00	72909	73289,96	72355,87	72460,51	LONG	0,00167	5981,87	0,00648	HOLD	98,2349	209,2242
2026-04-10	23:00	72460,52	73069,4	72387,41	72992,33	LONG	0,00167	5981,87	0,00648	HOLD	98,2349	210,1123
2026-04-11	00:00	72992,32	73146	72802,96	73121,66	LONG	0,00167	5981,87	0,00648	HOLD	98,2349	210,3283
2026-04-11	01:00	73121,66	73159,81	72880,95	73107,07	LONG	0,00167	5981,87	0,00648	HOLD	98,2349	210,3039
2026-04-11	02:00	73107,07	73264,76	72900	73236,11	LONG	0,00167	5981,87	0,00648	HOLD	98,2349	210,5194
2026-04-11	03:00	73236,11	73434	73051,97	73361,68	LONG	0,00167	5981,87	0,00648	HOLD	98,2349	210,7291
2026-04-11	04:00	73361,68	73364,47	72934,53	73190,67	LONG	0,00167	5981,87	0,00648	HOLD	98,2349	210,4436
2026-04-11	05:00	73190,68	73244,03	72700,6	72877	LONG	0,00167	5981,87	0,00648	HOLD	98,2349	209,9197
2026-04-11	06:00	72877,01	72967,79	72791,96	72962,7	LONG	0,00167	5981,87	0,00648	HOLD	98,2349	210,0629
2026-04-11	07:00	72962,71	72962,71	72787,94	72828,42	LONG	0,00167	5981,87	0,00648	HOLD	98,2349	209,8386
2026-04-11	08:00	72828,42	72999,99	72670	72954,39	LONG	0,00167	5981,87	0,00648	HOLD	98,2349	210,049
2026-04-11	09:00	72954,39	73094,89	72910,93	72966,57	LONG	0,00167	5981,87	0,00648	HOLD	98,2349	210,0693
2026-04-11	10:00	72966,58	73075,34	72814,42	72866,63	LONG	0,00167	5981,87	0,00648	HOLD	98,2349	209,9024
2026-04-11	11:00	72866,62	72954,28	72681,9	72806,08	LONG	0,00167	5981,87	0,00648	HOLD	98,2349	209,8013
2026-04-11	12:00	72806,08	72836,55	72679,08	72722,28	LONG	0,00167	5981,87	0,00648	HOLD	98,2349	209,6613
2026-04-11	13:00	72722,28	72771,32	72612,16	72762	LONG	0,00167	5981,87	0,00648	HOLD	98,2349	209,7277
2026-04-11	14:00	72762,01	72832	72672,56	72745,38	LONG	0,00167	5981,87	0,00648	HOLD	98,2349	209,6999
2026-04-11	15:00	72745,38	72799,57	72638,44	72664,17	LONG	0,00167	5981,87	0,00648	HOLD	98,2349	209,5643
2026-04-11	16:00	72664,16	72908	72617,75	72907,11	LONG	0,00167	5981,87	0,00648	HOLD	98,2349	209,97
2026-04-11	17:00	72907,12	72915,95	72760,9	72843,71	LONG	0,00167	5981,87	0,00648	HOLD	98,2349	209,8641
2026-04-11	18:00	72843,7	72912	72826,37	72907,05	LONG	0,00167	5981,87	0,00648	HOLD	98,2349	209,9699
2026-04-11	19:00	72907,05	72982,4	72814,97	72940,49	LONG	0,00167	5981,87	0,00648	HOLD	98,2349	210,0258
2026-04-11	20:00	72940,5	72940,5	72513,09	72658,07	LONG	0,00167	5981,87	0,00648	HOLD	98,2349	209,5541
2026-04-11	21:00	72658,07	72770,91	72609,27	72704,67	LONG	0,00167	5981,87	0,00648	HOLD	98,2349	209,6319
2026-04-11	22:00	72704,66	72896,03	72678	72858,17	LONG	0,00167	5981,87	0,00648	HOLD	98,2349	209,8883
2026-04-11	23:00	72858,18	73204,74	72812,94	73034,33	LONG	0,00167	5981,87	0,00648	HOLD	98,2349	210,1825
2026-04-12	00:00	73034,34	73169,04	72942,06	73095,97	LONG	0,00167	5981,87	0,00648	HOLD	98,2349	210,2854
2026-04-12	01:00	73095,97	73726,13	73032,61	73547,89	LONG	0,00167	5981,87	0,00648	HOLD	98,2349	211,0401
2026-04-12	02:00	73547,9	73790	73472,38	73687,15	LONG	0,00167	5981,87	0,00648	HOLD	98,2349	211,2727
2026-04-12	03:00	73687,16	73689,97	73226,28	73290,43	LONG	0,00167	5981,87	0,00648	HOLD	98,2349	210,6102
2026-04-12	04:00	73290,43	73548,08	73200,48	73427,04	LONG	0,00167	5981,87	0,00648	HOLD	98,2349	210,8383
2026-04-12	05:00	73427,04	73574	73234,25	73376,01	LONG	0,00167	5981,87	0,00648	HOLD	98,2349	210,7531
2026-04-12	06:00	73376,01	73376,01	72907,4	73043,16	LONG	0,00167	5981,87	0,00648	HOLD	98,2349	210,1972
2026-04-12	07:00	73043,16	73117,32	72873,25	73079,96	LONG	0,00167	5981,87	0,00648	HOLD	98,2349	210,2587
2026-04-12	08:00	73079,96	73137,24	71310	71643,69	LONG	0,00167	5981,87	0,00648	HOLD	98,2349	207,8601
2026-04-12	09:00	71643,69	71982,46	71352,47	71761,35	LONG	0,00167	5981,87	0,00648	HOLD	98,2349	208,0566
2026-04-12	10:00	71761,35	71861,33	71593,18	71593,19	LONG	0,00167	5981,87	0,00648	HOLD	98,2349	207,7758
2026-04-12	11:00	71593,18	71685,31	71444,68	71466,53	LONG	0,00167	5981,87	0,00648	HOLD	98,2349	207,5642
2026-04-12	12:00	71466,53	71781	71417,22	71710,2	LONG	0,00167	5981,87	0,00648	HOLD	98,2349	207,9712
2026-04-12	13:00	71710,19	71753,33	71633,77	71668,01	LONG	0,00167	5981,87	0,00648	HOLD	98,2349	207,9007
2026-04-12	14:00	71668,01	71747,31	71588,57	71665	LONG	0,00167	5981,87	0,00648	HOLD	98,2349	207,8957
2026-04-12	15:00	71664,99	71805,85	71595	71629,21	LONG	0,00167	5981,87	0,00648	HOLD	98,2349	207,8359
2026-04-12	16:00	71629,21	71633,01	71488,45	71531,94	LONG	0,00167	5981,87	0,00648	HOLD	98,2349	207,6735
2026-04-12	17:00	71531,95	71682,72	71357,76	71452,89	LONG	0,00167	5981,87	0,00648	HOLD	98,2349	207,5415
2026-04-12	18:00	71452,89	71556,12	71412,57	71468,55	LONG	0,00167	5981,87	0,00648	HOLD	98,2349	207,5676
2026-04-12	19:00	71468,54	71500	71077,44	71084,01	LONG	0,00167	5981,87	0,00648	HOLD	98,2349	206,9254
2026-04-12	20:00	71084,01	71146,03	70866,82	70889,42	LONG	0,00167	5981,87	0,00648	HOLD	98,2349	206,6005
2026-04-12	21:00	70889,42	71092,78	70700	70748,34	LONG	0,00167	5981,87	0,00648	HOLD	98,2349	206,3649
2026-04-12	22:00	70748,34	70932	70604,07	70892,03	LONG	0,00167	5981,87	0,00648	HOLD	98,2349	206,6048
2026-04-12	23:00	70892,04	70959,51	70821,05	70936,27	LONG	0,00167	5981,87	0,00648	HOLD	98,2349	206,6787
2026-04-13	00:00	70936,27	71202	70900	71140,51	LONG	0,00167	5981,87	0,00648	HOLD	98,2349	207,0198
2026-04-13	01:00	71140,51	71214,08	71056,2	71137,64	LONG	0,00167	5981,87	0,00648	HOLD	98,2349	207,015
2026-04-13	02:00	71137,65	71222,58	71078,76	71084,18	LONG	0,00167	5981,87	0,00648	HOLD	98,2349	206,9257
2026-04-13	03:00	71084,18	71440	70956,83	71335,43	LONG	0,00167	5981,87	0,00648	HOLD	98,2349	207,3453
2026-04-13	04:00	71335,43	71452	71163,01	71364,02	LONG	0,00167	5981,87	0,00648	HOLD	98,2349	207,3931
2026-04-13	05:00	71364,03	71367,85	70505,88	70912,73	LONG	0,00167	5981,87	0,00648	HOLD	98,2349	206,6394
2026-04-13	06:00	70912,73	70912,73	70571,66	70740,98	LONG	0,00167	5981,87	0,00648	HOLD	98,2349	206,3526
2026-04-13	07:00	70741,56	71262,63	70615,3	71172,62	LONG	0,00167	5981,87	0,00648	HOLD	98,2349	207,0734
2026-04-13	08:00	71172,63	71227,28	71027,26	71197,64	LONG	0,00167	5981,87	0,00648	HOLD	98,2349	207,1152
2026-04-13	09:00	71197,64	71271,78	70986,71	71073,14	LONG	0,00167	5981,87	0,00648	HOLD	98,2349	206,9073
2026-04-13	10:00	71073,14	71155,42	70917,27	70976	LONG	0,00167	5981,87	0,00648	HOLD	98,2349	206,7451
2026-04-13	11:00	70975,99	71144	70854,29	70890,3	LONG	0,00167	5981,87	0,00648	HOLD	98,2349	206,6019
2026-04-13	12:00	70890,3	70920	70672,72	70878,82	LONG	0,00167	5981,87	0,00648	HOLD	98,2349	206,5828
2026-04-13	13:00	70878,82	71106,54	70878,82	71017,66	LONG	0,00167	5981,87	0,00648	HOLD	98,2349	206,8146
2026-04-13	14:00	71017,66	71067,91	70685,25	70813,88	LONG	0,00167	5981,87	0,00648	HOLD	98,2349	206,4743
2026-04-13	15:00	70813,88	70861,01	70566,99	70680,7	LONG	0,00167	5981,87	0,00648	HOLD	98,2349	206,2519
2026-04-13	16:00	70680,7	70910,68	70678	70792,88	LONG	0,00167	5981,87	0,00648	HOLD	98,2349	206,4393
2026-04-13	17:00	70792,89	70846,9	70688,28	70755,88	LONG	0,00167	5981,87	0,00648	HOLD	98,2349	206,3775
2026-04-13	18:00	70755,89	70997,12	70736,29	70929,68	LONG	0,00167	5981,87	0,00648	HOLD	98,2349	206,6677
2026-04-13	19:00	70929,68	71219,8	70758,5	71074,91	LONG	0,00167	5981,87	0,00648	HOLD	98,2349	206,9102
2026-04-13	20:00	71074,92	71700,82	70818,57	71662,65	LONG	0,00167	5981,87	0,00648	HOLD	98,2349	207,8918
2026-04-13	21:00	71662,65	72401	71375,24	72400,15	LONG	0,00167	5981,87	0,00648	HOLD	98,2349	209,1234
2026-04-13	22:00	72400,15	72464,28	71652,65	71866,59	LONG	0,00167	5981,87	0,00648	HOLD	98,2349	208,2323
2026-04-13	23:00	71866,59	72437,25	71679,8	72202,36	LONG	0,00167	5981,87	0,00648	HOLD	98,2349	208,7931
2026-04-14	00:00	72202,37	72600	72069,01	72148,87	LONG	0,00167	5981,87	0,00648	HOLD	98,2349	208,7038
2026-04-14	01:00	72148,87	72460,42	72053,78	72424,86	LONG	0,00167	5981,87	0,00648	HOLD	98,2349	209,1647
2026-04-14	02:00	72424,86	73480	72298,93	73322,82	LONG	0,00167	5981,87	0,00648	HOLD	98,2349	210,6643
2026-04-14	03:00	73322	73394,37	73007,08	73149,36	LONG	0,00167	5981,87	0,00648	HOLD	98,2349	210,3746
2026-04-14	04:00	73149,36	73368,08	73072,85	73179,71	LONG	0,00167	5981,87	0,00648	HOLD	98,2349	210,4253
2026-04-14	05:00	73179,71	74746,61	73172,01	74627,04	LONG	0,00167	5981,87	0,00648	HOLD	98,2349	212,8423
2026-04-14	06:00	74627,04	74900	74405,64	74417,99	LONG	0,00167	5981,87	0,00648	HOLD	98,2349	212,4932
2026-04-14	07:00	74418	74517,31	74102,39	74163,82	LONG	0,00167	5981,87	0,00648	HOLD	98,2349	212,0687
2026-04-14	08:00	74163,82	74431	73954,86	74386,02	LONG	0,00167	5981,87	0,00648	HOLD	98,2349	212,4398
2026-04-14	09:00	74386,03	74579,32	74283,2	74330,98	LONG	0,00167	5981,87	0,00648	HOLD	98,2349	212,3479
2026-04-14	10:00	74330,99	74496,9	74252,35	74444,43	LONG	0,00167	5981,87	0,00648	HOLD	98,2349	212,5373
2026-04-14	11:00	74444,44	74504,52	74351,55	74387,85	LONG	0,00167	5981,87	0,00648	HOLD	98,2349	212,4429
2026-04-14	12:00	74387,85	74434,41	74150,6	74210,11	LONG	0,00167	5981,87	0,00648	HOLD	98,2349	212,146
2026-04-14	13:00	74210,12	74550	74210,12	74522,73	LONG	0,00167	5981,87	0,00648	HOLD	98,2349	212,6681
2026-04-14	14:00	74522,72	74924,64	74430,92	74546	LONG	0,00167	5981,87	0,00648	HOLD	98,2349	212,707
2026-04-14	15:00	74545,99	74910	74460,64	74750	LONG	0,00167	5981,87	0,00648	HOLD	98,2349	213,0476
2026-04-14	16:00	74750	74830,93	74435,12	74500	LONG	0,00167	5981,87	0,00648	HOLD	98,2349	212,6301
2026-04-14	17:00	74500	74617,92	74333,46	74350,01	LONG	0,00167	5981,87	0,00648	HOLD	98,2349	212,3797
2026-04-14	18:00	74350,01	74450,63	74307,35	74376,52	LONG	0,00167	5981,87	0,00648	HOLD	98,2349	212,4239
2026-04-14	19:00	74376,52	74485,06	74277,19	74452	LONG	0,00167	5981,87	0,00648	HOLD	98,2349	212,55
2026-04-14	20:00	74452	75532,94	74407,74	75525,94	LONG	0,00167	5981,87	0,00648	HOLD	98,2349	214,3435
2026-04-14	21:00	75525,94	76038	75013,61	75013,62	LONG	0,00167	5981,87	0,00648	HOLD	98,2349	213,4879
2026-04-14	22:00	75013,61	75441,99	74564,34	75317,07	LONG	0,00167	5981,87	0,00648	HOLD	98,2349	213,9946
2026-04-14	23:00	75317,06	75688	74527,02	74652,2	LONG	0,00167	5981,87	0,00648	HOLD	98,2349	212,8843
2026-04-15	00:00	74652,2	74948,78	74244,63	74748,9	LONG	0,00167	5981,87	0,00648	HOLD	98,2349	213,0458
2026-04-15	01:00	74748,89	74814,99	73795,47	74093,19	LONG	0,00167	5981,87	0,00648	HOLD	98,2349	211,9508
2026-04-15	02:00	74093,18	74398,43	73882,79	74223,18	LONG	0,00167	5981,87	0,00648	HOLD	98,2349	212,1679
2026-04-15	03:00	74223,3	74434,33	74015,53	74102,29	LONG	0,00167	5981,87	0,00648	HOLD	98,2349	211,966
2026-04-15	04:00	74102,28	74320,44	73951,64	74277,15	LONG	0,00167	5981,87	0,00648	HOLD	98,2349	212,258
2026-04-15	05:00	74277,16	74373,19	73806,09	74023,15	LONG	0,00167	5981,87	0,00648	HOLD	98,2349	211,8338
2026-04-15	06:00	74023,16	74232,83	74001,08	74131,55	LONG	0,00167	5981,87	0,00648	HOLD	98,2349	212,0148
2026-04-15	07:00	74131,55	74677,19	74126,32	74568,36	LONG	0,00167	5981,87	0,00648	HOLD	98,2349	212,7443
2026-04-15	08:00	74568,37	74786,72	74500	74613,28	LONG	0,00167	5981,87	0,00648	HOLD	98,2349	212,8193
2026-04-15	09:00	74613,28	74697,47	74188	74322	LONG	0,00167	5981,87	0,00648	HOLD	98,2349	212,3329
2026-04-15	10:00	74322,01	74372,84	74173,75	74345,97	LONG	0,00167	5981,87	0,00648	HOLD	98,2349	212,3729
2026-04-15	11:00	74345,98	74434,51	74261,47	74340,38	LONG	0,00167	5981,87	0,00648	HOLD	98,2349	212,3636
2026-04-15	12:00	74340,38	74434	73864,01	74021,5	LONG	0,00167	5981,87	0,00648	HOLD	98,2349	211,831
2026-04-15	13:00	74021,5	74048,95	73855,49	73891,62	LONG	0,00167	5981,87	0,00648	HOLD	98,2349	211,6141
2026-04-15	14:00	73891,62	74016,67	73514	73730,43	LONG	0,00167	5981,87	0,00648	HOLD	98,2349	211,345
2026-04-15	15:00	73730,43	74181,9	73675,96	74110,51	LONG	0,00167	5981,87	0,00648	HOLD	98,2349	211,9797
2026-04-15	16:00	74110,52	74176,49	73909,49	74011,69	LONG	0,00167	5981,87	0,00648	HOLD	98,2349	211,8147
2026-04-15	17:00	74011,7	74250	73789,5	73864,75	LONG	0,00167	5981,87	0,00648	HOLD	98,2349	211,5693
2026-04-15	18:00	73864,76	74256,44	73864,76	74201,78	LONG	0,00167	5981,87	0,00648	HOLD	98,2349	212,1321
2026-04-15	19:00	74201,78	74466,1	74051,64	74273,77	LONG	0,00167	5981,87	0,00648	HOLD	98,2349	212,2523
2026-04-15	20:00	74273,77	74434,51	73817,23	74063,92	LONG	0,00167	5981,87	0,00648	HOLD	98,2349	211,9019
2026-04-15	21:00	74063,91	74506,84	73830	74151,81	LONG	0,00167	5981,87	0,00648	HOLD	98,2349	212,0487
2026-04-15	22:00	74151,81	74299,07	73580,85	73844,08	LONG	0,00167	5981,87	0,00648	HOLD	98,2349	211,5348
2026-04-15	23:00	73844,07	74176	73762,89	73941,09	LONG	0,00167	5981,87	0,00648	HOLD	98,2349	211,6968
2026-04-16	00:00	73941,09	74242	73915,48	74134,95	LONG	0,00167	5981,87	0,00648	HOLD	98,2349	212,0205
2026-04-16	01:00	74134,95	74399,75	74073,61	74390,29	LONG	0,00167	5981,87	0,00648	HOLD	98,2349	212,4469
2026-04-16	02:00	74390,29	75281	74355,46	75002,6	LONG	0,00167	5981,87	0,00648	HOLD	98,2349	213,4695
2026-04-16	03:00	75002,6	75039,92	74512,06	74841,68	LONG	0,00167	5981,87	0,00648	HOLD	98,2349	213,2007
2026-04-16	04:00	74841,67	74855,16	74540,23	74743,1	LONG	0,00167	5981,87	0,00648	HOLD	98,2349	213,0361
2026-04-16	05:00	74743,1	75425	74740,02	74964	LONG	0,00167	5981,87	0,00648	HOLD	98,2349	213,405
2026-04-16	06:00	74964,01	74964,01	74620,95	74809,99	LONG	0,00167	5981,87	0,00648	HOLD	98,2349	213,1478
2026-04-16	07:00	74809,99	74874,93	74451,49	74815,1	LONG	0,00167	5981,87	0,00648	HOLD	98,2349	213,1564
2026-04-16	08:00	74815,09	74815,09	74454,09	74657,66	LONG	0,00167	5981,87	0,00648	HOLD	98,2349	212,8934
2026-04-16	09:00	74657,67	75267,85	74601,27	74887,24	LONG	0,00167	5981,87	0,00648	HOLD	98,2349	213,2768
2026-04-16	10:00	74887,23	75159,26	74865,5	74888,21	LONG	0,00167	5981,87	0,00648	HOLD	98,2349	213,2785
2026-04-16	11:00	74888,21	75174,38	74728	74944,15	LONG	0,00167	5981,87	0,00648	HOLD	98,2349	213,3719
2026-04-16	12:00	74944,15	75139,82	74900	75043,48	LONG	0,00167	5981,87	0,00648	HOLD	98,2349	213,5378
2026-04-16	13:00	75043,47	75115,12	74853,72	75045,01	LONG	0,00167	5981,87	0,00648	HOLD	98,2349	213,5403
2026-04-16	14:00	75045,01	75082,78	74636	74707,03	LONG	0,00167	5981,87	0,00648	HOLD	98,2349	212,9759
2026-04-16	15:00	74707,02	74744,35	74500	74677,91	LONG	0,00167	5981,87	0,00648	HOLD	98,2349	212,9273
2026-04-16	16:00	74677,91	74901,5	74594,01	74594,02	LONG	0,00167	5981,87	0,00648	HOLD	98,2349	212,7872
2026-04-16	17:00	74594,02	74653,12	74277,34	74313	LONG	0,00167	5981,87	0,00648	HOLD	98,2349	212,3179
2026-04-16	18:00	74312,99	74663,27	74285	74574,79	LONG	0,00167	5981,87	0,00648	HOLD	98,2349	212,755
2026-04-16	19:00	74574,8	74872	74574,79	74624	LONG	0,00167	5981,87	0,00648	HOLD	98,2349	212,8372
2026-04-16	20:00	74624,01	75030,39	73309,85	73788,03	LONG	0,00167	5981,87	0,00648	HOLD	98,2349	211,4412
2026-04-16	21:00	73788,03	74197,32	73426,94	73973,33	LONG	0,00167	5981,87	0,00648	HOLD	98,2349	211,7506
2026-04-16	22:00	73973,33	74878,99	73934,44	74697,19	LONG	0,00167	5981,87	0,00648	HOLD	98,2349	212,9594
2026-04-16	23:00	74697,2	74932	74063	74175,57	LONG	0,00167	5981,87	0,00648	HOLD	98,2349	212,0883
2026-04-17	00:00	74175,58	74438,31	73912,23	74343,25	LONG	0,00167	5981,87	0,00648	HOLD	98,2349	212,3684
2026-04-17	01:00	74343,25	75089	74240	75026,71	LONG	0,00167	5981,87	0,00648	HOLD	98,2349	213,5097
2026-04-17	02:00	75026,71	75410,71	74717,97	75342,99	LONG	0,00167	5981,87	0,00648	HOLD	98,2349	214,0379
2026-04-17	03:00	75343	75534,76	75001	75223,47	LONG	0,00167	5981,87	0,00648	HOLD	98,2349	213,8383
2026-04-17	04:00	75223,48	75286,51	74789,5	74934,24	LONG	0,00167	5981,87	0,00648	HOLD	98,2349	213,3553
2026-04-17	05:00	74934,24	75117	74833,14	74867,92	LONG	0,00167	5981,87	0,00648	HOLD	98,2349	213,2446
2026-04-17	06:00	74867,92	75177,76	74840,92	75154,29	LONG	0,00167	5981,87	0,00648	HOLD	98,2349	213,7228
2026-04-17	07:00	75154,28	75154,77	74886,82	74944,98	LONG	0,00167	5981,87	0,00648	HOLD	98,2349	213,3733
2026-04-17	08:00	74944,99	75034,49	74569,99	74750	LONG	0,00167	5981,87	0,00648	HOLD	98,2349	213,0476
2026-04-17	09:00	74750	74802,98	74529,4	74700	LONG	0,00167	5981,87	0,00648	HOLD	98,2349	212,9641
2026-04-17	10:00	74700	74839,31	74606,12	74615,82	LONG	0,00167	5981,87	0,00648	HOLD	98,2349	212,8236
2026-04-17	11:00	74615,82	74871,11	74589,88	74791,39	LONG	0,00167	5981,87	0,00648	HOLD	98,2349	213,1168
2026-04-17	12:00	74791,39	74801,13	74555,12	74637,77	LONG	0,00167	5981,87	0,00648	HOLD	98,2349	212,8602
2026-04-17	13:00	74637,77	74950	74604,62	74938,52	LONG	0,00167	5981,87	0,00648	HOLD	98,2349	213,3625
2026-04-17	14:00	74938,53	75089,51	74930	75074,77	LONG	0,00167	5981,87	0,00648	HOLD	98,2349	213,59
2026-04-17	15:00	75074,76	75881,95	74993,24	75780,38	LONG	0,00167	5981,87	0,00648	HOLD	98,2349	214,7684
2026-04-17	16:00	75780,38	76370,25	75518,78	75779,99	LONG	0,00167	5981,87	0,00648	HOLD	98,2349	214,7677
2026-04-17	17:00	75779,99	75886,01	75095,93	75278,77	LONG	0,00167	5981,87	0,00648	HOLD	98,2349	213,9307
2026-04-17	18:00	75278,77	75609,77	75246,65	75589,7	LONG	0,00167	5981,87	0,00648	HOLD	98,2349	214,4499
2026-04-17	19:00	75589,7	76265,82	75531,97	76233,05	LONG	0,00167	5981,87	0,00648	HOLD	98,2349	215,5243
2026-04-17	20:00	76233,06	77417,61	76061,57	77340,12	LONG	0,00167	5981,87	0,00648	HOLD	98,2349	217,3731
2026-04-17	21:00	77340,11	78052,49	77015,39	77886,77	LONG	0,00167	5981,87	0,00648	HOLD	98,2349	218,286
2026-04-17	22:00	77886,77	77999	77444,44	77785,02	LONG	0,00167	5981,87	0,00648	HOLD	98,2349	218,1161
2026-04-17	23:00	77785,03	78333	77705,2	77857,14	LONG	0,00167	5981,87	0,00648	HOLD	98,2349	218,2366
2026-04-18	00:00	77857,15	77917,77	77101,49	77520,59	LONG	0,00167	5981,87	0,00648	HOLD	98,2349	217,6745
2026-04-18	01:00	77520,59	77565,63	77088,23	77159,89	LONG	0,00167	5981,87	0,00648	HOLD	98,2349	217,0722
2026-04-18	02:00	77159,88	77473,44	77000	77393,58	LONG	0,00167	5981,87	0,00648	HOLD	98,2349	217,4624
2026-04-18	03:00	77393,58	77611,68	77160,12	77337,64	LONG	0,00167	5981,87	0,00648	HOLD	98,2349	217,369
2026-04-18	04:00	77337,64	77494,69	77278,72	77445,73	LONG	0,00167	5981,87	0,00648	HOLD	98,2349	217,5495
2026-04-18	05:00	77445,74	77510	77274,56	77301,25	LONG	0,00167	5981,87	0,00648	HOLD	98,2349	217,3082
2026-04-18	06:00	77301,25	77302	76911	77072	LONG	0,00167	5981,87	0,00648	HOLD	98,2349	216,9254
2026-04-18	07:00	77072,01	77258,55	76978,17	77168	LONG	0,00167	5981,87	0,00648	HOLD	98,2349	217,0857
2026-04-18	08:00	77168,22	77330	77115,77	77218,07	LONG	0,00167	5981,87	0,00648	HOLD	98,2349	217,1693
2026-04-18	09:00	77218,06	77420,08	77124,63	77292,52	LONG	0,00167	5981,87	0,00648	HOLD	98,2349	217,2937
2026-04-18	10:00	77292,53	77296,95	76962,67	77005,47	LONG	0,00167	5981,87	0,00648	HOLD	98,2349	216,8143
2026-04-18	11:00	77005,47	77162,08	76884,1	77100,74	LONG	0,00167	5981,87	0,00648	HOLD	98,2349	216,9734
2026-04-18	12:00	77100,73	77278,58	77100,73	77134,66	LONG	0,00167	5981,87	0,00648	HOLD	98,2349	217,03
2026-04-18	13:00	77134,66	77217	77058,4	77136,01	LONG	0,00167	5981,87	0,00648	HOLD	98,2349	217,0323
2026-04-18	14:00	77136,01	77136,01	76890	76997,8	LONG	0,00167	5981,87	0,00648	HOLD	98,2349	216,8015
2026-04-18	15:00	76997,79	77048	76501	76738,63	LONG	0,00167	5981,87	0,00648	HOLD	98,2349	216,3687
2026-04-18	16:00	76738,62	76738,63	76409,37	76599,89	LONG	0,00167	5981,87	0,00648	HOLD	98,2349	216,137
2026-04-18	17:00	76599,89	76599,9	76132,32	76189,56	LONG	0,00167	5981,87	0,00648	HOLD	98,2349	215,4517
2026-04-18	18:00	76189,55	76189,56	75763,76	76039,05	LONG	0,00167	5981,87	0,00648	HOLD	98,2349	215,2004
2026-04-18	19:00	76039,06	76300	76039,05	76206,97	LONG	0,00167	5981,87	0,00648	HOLD	98,2349	215,4808
2026-04-18	20:00	76206,98	76212,7	75797,53	76122,87	LONG	0,00167	5981,87	0,00648	HOLD	98,2349	215,3403
2026-04-18	21:00	76122,88	76288,4	75959,68	76249,99	LONG	0,00167	5981,87	0,00648	HOLD	98,2349	215,5526
2026-04-18	22:00	76250	76363,75	76003,97	76167,34	LONG	0,00167	5981,87	0,00648	HOLD	98,2349	215,4146
2026-04-18	23:00	76167,33	76211,57	75691,03	75943,35	LONG	0,00167	5981,87	0,00648	HOLD	98,2349	215,0405
2026-04-19	00:00	75943,34	75958,23	75778,69	75828,51	LONG	0,00167	5981,87	0,00648	HOLD	98,2349	214,8488
2026-04-19	01:00	75828,51	75844,66	75445,16	75651,78	LONG	0,00167	5981,87	0,00648	HOLD	98,2349	214,5536
2026-04-19	02:00	75651,78	75796,32	75574,22	75649,85	LONG	0,00167	5981,87	0,00648	HOLD	98,2349	214,5504
2026-04-19	03:00	75649,86	75834,3	75608,44	75754,78	LONG	0,00167	5981,87	0,00648	HOLD	98,2349	214,7256
2026-04-19	04:00	75754,77	75839,1	75599,64	75821,34	LONG	0,00167	5981,87	0,00648	HOLD	98,2349	214,8368
2026-04-19	05:00	75821,35	75873,1	75608,89	75813,53	LONG	0,00167	5981,87	0,00648	HOLD	98,2349	214,8237
2026-04-19	06:00	75813,53	75891,64	75685,69	75691,76	LONG	0,00167	5981,87	0,00648	HOLD	98,2349	214,6204
2026-04-19	07:00	75691,76	75847,42	75551,73	75693,01	LONG	0,00167	5981,87	0,00648	HOLD	98,2349	214,6225
2026-04-19	08:00	75693	75798,47	75457,11	75621,95	LONG	0,00167	5981,87	0,00648	HOLD	98,2349	214,5038
2026-04-19	09:00	75621,96	75722,21	75407,84	75496	LONG	0,00167	5981,87	0,00648	HOLD	98,2349	214,2935
2026-04-19	10:00	75496,01	75637,44	75357	75515,77	LONG	0,00167	5981,87	0,00648	HOLD	98,2349	214,3265
2026-04-19	11:00	75515,76	75782,63	75424,4	75664,62	LONG	0,00167	5981,87	0,00648	HOLD	98,2349	214,5751
2026-04-19	12:00	75664,62	75687,04	75516,39	75545,6	LONG	0,00167	5981,87	0,00648	HOLD	98,2349	214,3763
2026-04-19	13:00	75545,6	75545,6	75280,92	75400,09	LONG	0,00167	5981,87	0,00648	HOLD	98,2349	214,1333
2026-04-19	14:00	75400,09	75400,09	74867,72	75252,34	LONG	0,00167	5981,87	0,00648	HOLD	98,2349	213,8866
2026-04-19	15:00	75252,33	75299,99	75071,58	75257,6	LONG	0,00167	5981,87	0,00648	HOLD	98,2349	213,8953
2026-04-19	16:00	75257,59	75265	74921,74	75015	LONG	0,00167	5981,87	0,00648	HOLD	98,2349	213,4902
2026-04-19	17:00	75015	75243,02	74933,87	75222,45	LONG	0,00167	5981,87	0,00648	HOLD	98,2349	213,8366
2026-04-19	18:00	75222,46	75641,99	75216,96	75604,11	LONG	0,00167	5981,87	0,00648	HOLD	98,2349	214,474
2026-04-19	19:00	75604,11	75700	75432,07	75571,6	LONG	0,00167	5981,87	0,00648	HOLD	98,2349	214,4197
2026-04-19	20:00	75571,61	76240,66	75552,44	75921,75	LONG	0,00167	5981,87	0,00648	HOLD	98,2349	215,0045
2026-04-19	21:00	75921,75	76147,01	75674,55	76024,01	LONG	0,00167	5981,87	0,00648	HOLD	98,2349	215,1752
2026-04-19	22:00	76024,02	76155,3	75401,44	75846,63	LONG	0,00167	5981,87	0,00648	HOLD	98,2349	214,879
2026-04-19	23:00	75846,63	75853,26	75311,11	75382,86	LONG	0,00167	5981,87	0,00648	HOLD	98,2349	214,1045
2026-04-20	00:00	75382,87	75382,87	74638,31	74791,26	LONG	0,00167	5981,87	0,00648	HOLD	98,2349	213,1165
2026-04-20	01:00	74791,27	74908,62	74608	74770,11	LONG	0,00167	5981,87	0,00648	HOLD	98,2349	213,0812
2026-04-20	02:00	74770,11	75071,61	74770,11	74965,47	LONG	0,00167	5981,87	0,00648	HOLD	98,2349	213,4075
2026-04-20	03:00	74965,46	74965,47	74427,53	74630	LONG	0,00167	5981,87	0,00648	HOLD	98,2349	212,8472
2026-04-20	04:00	74630,01	74810	74368,6	74425,15	LONG	0,00167	5981,87	0,00648	HOLD	98,2349	212,5051
2026-04-20	05:00	74425,16	74425,16	73762,9	74047,34	LONG	0,00167	5981,87	0,00648	HOLD	98,2349	211,8742
2026-04-20	06:00	74047,34	74054,22	73790	73801,79	LONG	0,00167	5981,87	0,00648	HOLD	98,2349	211,4641
2026-04-20	07:00	73801,8	74360,43	73724,31	74280,01	LONG	0,00167	5981,87	0,00648	HOLD	98,2349	212,2628
2026-04-20	08:00	74280,01	74746,93	74214,67	74595,13	LONG	0,00167	5981,87	0,00648	HOLD	98,2349	212,789
2026-04-20	09:00	74595,12	74627,99	74304,84	74410,01	LONG	0,00167	5981,87	0,00648	HOLD	98,2349	212,4799
2026-04-20	10:00	74410,01	74640,65	74359,04	74634	LONG	0,00167	5981,87	0,00648	HOLD	98,2349	212,8539
2026-04-20	11:00	74634,01	74637,43	74435,19	74567,64	LONG	0,00167	5981,87	0,00648	HOLD	98,2349	212,7431
2026-04-20	12:00	74567,63	74567,63	74095,18	74264,15	LONG	0,00167	5981,87	0,00648	HOLD	98,2349	212,2363
2026-04-20	13:00	74264,16	74894,11	74250	74786,59	LONG	0,00167	5981,87	0,00648	HOLD	98,2349	213,1087
2026-04-20	14:00	74786,59	75572	74670,86	74837,17	LONG	0,00167	5981,87	0,00648	HOLD	98,2349	213,1932
2026-04-20	15:00	74837,18	74998,83	74619,41	74728,91	LONG	0,00167	5981,87	0,00648	HOLD	98,2349	213,0124
2026-04-20	16:00	74728,92	75233	74706,87	75062,77	LONG	0,00167	5981,87	0,00648	HOLD	98,2349	213,57
2026-04-20	17:00	75062,77	75404,63	75003,63	75027,26	LONG	0,00167	5981,87	0,00648	HOLD	98,2349	213,5107
2026-04-20	18:00	75027,26	75287,88	74957,51	75192,71	LONG	0,00167	5981,87	0,00648	HOLD	98,2349	213,787
2026-04-20	19:00	75192,72	75650	75043,86	75289,9	LONG	0,00167	5981,87	0,00648	HOLD	98,2349	213,9493
2026-04-20	20:00	75289,91	75434,41	74859,11	75269,38	LONG	0,00167	5981,87	0,00648	HOLD	98,2349	213,915
2026-04-20	21:00	75269,37	75766,74	74921,42	75034,79	LONG	0,00167	5981,87	0,00648	HOLD	98,2349	213,5232
2026-04-20	22:00	75034,79	75772,72	74702	75716,77	LONG	0,00167	5981,87	0,00648	HOLD	98,2349	214,6621
2026-04-20	23:00	75716,78	75723,99	75299,26	75338,74	LONG	0,00167	5981,87	0,00648	HOLD	98,2349	214,0308
2026-04-21	00:00	75338,75	75991,47	75289,92	75898,14	LONG	0,00167	5981,87	0,00648	HOLD	98,2349	214,965
2026-04-21	01:00	75898,14	76453,19	75898,14	76423,69	LONG	0,00167	5981,87	0,00648	HOLD	98,2349	215,8427
2026-04-21	02:00	76423,69	76486,67	76154,49	76296,96	LONG	0,00167	5981,87	0,00648	HOLD	98,2349	215,6311
2026-04-21	03:00	76296,97	76558,62	76113,07	76276,17	LONG	0,00167	5981,87	0,00648	HOLD	98,2349	215,5963
2026-04-21	04:00	76276,18	76357,2	75784,05	75954,71	LONG	0,00167	5981,87	0,00648	HOLD	98,2349	215,0595
2026-04-21	05:00	75954,72	76143,71	75904,39	75974,24	LONG	0,00167	5981,87	0,00648	HOLD	98,2349	215,0921
2026-04-21	06:00	75974,24	75974,24	75617,6	75840,97	LONG	0,00167	5981,87	0,00648	HOLD	98,2349	214,8696
2026-04-21	07:00	75840,97	76099,19	75700	76092,45	LONG	0,00167	5981,87	0,00648	HOLD	98,2349	215,2895
2026-04-21	08:00	76092,46	76263,4	75866,01	75927,59	LONG	0,00167	5981,87	0,00648	HOLD	98,2349	215,0142
2026-04-21	09:00	75927,58	75932,7	75580	75581,33	LONG	0,00167	5981,87	0,00648	HOLD	98,2349	214,436
2026-04-21	10:00	75581,33	75721,12	75474,77	75710,3	LONG	0,00167	5981,87	0,00648	HOLD	98,2349	214,6513
2026-04-21	11:00	75710,31	75823,49	75600	75813,81	LONG	0,00167	5981,87	0,00648	HOLD	98,2349	214,8242
2026-04-21	12:00	75813,8	75981,1	75782,75	75802	LONG	0,00167	5981,87	0,00648	HOLD	98,2349	214,8045
2026-04-21	13:00	75802	76129,95	75703,85	75974,11	LONG	0,00167	5981,87	0,00648	HOLD	98,2349	215,0919
2026-04-21	14:00	75974,12	76300	75814,26	76084,34	LONG	0,00167	5981,87	0,00648	HOLD	98,2349	215,276
2026-04-21	15:00	76084,34	76927,57	76063,98	76507,21	LONG	0,00167	5981,87	0,00648	HOLD	98,2349	215,9822
2026-04-21	16:00	76507,21	76587,82	76155	76362,77	LONG	0,00167	5981,87	0,00648	HOLD	98,2349	215,741
2026-04-21	17:00	76362,78	76866,55	76349,59	76746,41	LONG	0,00167	5981,87	0,00648	HOLD	98,2349	216,3816
2026-04-21	18:00	76746,41	76750,68	76342	76452,94	LONG	0,00167	5981,87	0,00648	HOLD	98,2349	215,8916
2026-04-21	19:00	76452,94	76528,11	75709,03	76009,46	LONG	0,00167	5981,87	0,00648	HOLD	98,2349	215,1509
2026-04-21	20:00	76009,46	76179,75	75736,33	75899,98	LONG	0,00167	5981,87	0,00648	HOLD	98,2349	214,9681
2026-04-21	21:00	75899,98	76595,3	75625,28	75675,05	LONG	0,00167	5981,87	0,00648	HOLD	98,2349	214,5925
2026-04-21	22:00	75675,04	75979,78	75430,62	75834,65	LONG	0,00167	5981,87	0,00648	HOLD	98,2349	214,859
2026-04-21	23:00	75834,66	76190,72	75760	75781,18	LONG	0,00167	5981,87	0,00648	HOLD	98,2349	214,7697
2026-04-22	00:00	75781,19	75912,98	75052,64	75545,62	LONG	0,00167	5981,87	0,00648	HOLD	98,2349	214,3763
2026-04-22	01:00	75545,62	75668,24	75310,88	75610,21	LONG	0,00167	5981,87	0,00648	HOLD	98,2349	214,4842
2026-04-22	02:00	75610,21	75919,5	74821,57	75023,43	LONG	0,00167	5981,87	0,00648	HOLD	98,2349	213,5043
2026-04-22	03:00	75023,43	75859,56	74967,58	75698,51	LONG	0,00167	5981,87	0,00648	HOLD	98,2349	214,6317
2026-04-22	04:00	75698,51	75777,38	75431,62	75549,99	LONG	0,00167	5981,87	0,00648	HOLD	98,2349	214,3836
2026-04-22	05:00	75549,99	75650,04	75302,01	75650,04	LONG	0,00167	5981,87	0,00648	HOLD	98,2349	214,5507
2026-04-22	06:00	75650,03	76425,37	75622	76336,15	LONG	0,00167	5981,87	0,00648	HOLD	98,2349	215,6965
2026-04-22	07:00	76336,14	76500	76220,4	76370,45	LONG	0,00167	5981,87	0,00648	HOLD	98,2349	215,7538
2026-04-22	08:00	76370,46	76416,24	76132,95	76297,99	LONG	0,00167	5981,87	0,00648	HOLD	98,2349	215,6328
2026-04-22	09:00	76297,99	77645,35	76223,9	77604,71	LONG	0,00167	5981,87	0,00648	HOLD	98,2349	217,815
2026-04-22	10:00	77604,7	77733,11	77397,88	77521,48	LONG	0,00167	5981,87	0,00648	HOLD	98,2349	217,676
2026-04-22	11:00	77521,47	77700	77364,25	77523	LONG	0,00167	5981,87	0,00648	HOLD	98,2349	217,6786
2026-04-22	12:00	77523,01	78452,18	77450	77994,93	LONG	0,00167	5981,87	0,00648	HOLD	98,2349	218,4667
2026-04-22	13:00	77994,92	78042,84	77900	78010,72	LONG	0,00167	5981,87	0,00648	HOLD	98,2349	218,493
2026-04-22	14:00	78010,73	78111	77825	78012,79	LONG	0,00167	5981,87	0,00648	HOLD	98,2349	218,4965
2026-04-22	15:00	78012,78	78219,41	77941,59	78010,92	LONG	0,00167	5981,87	0,00648	HOLD	98,2349	218,4934
2026-04-22	16:00	78010,92	78184,7	77956,76	78001,95	LONG	0,00167	5981,87	0,00648	HOLD	98,2349	218,4784
2026-04-22	17:00	78001,96	78180	77951,17	78157,41	LONG	0,00167	5981,87	0,00648	HOLD	98,2349	218,738
2026-04-22	18:00	78157,41	78399	78102	78300	LONG	0,00167	5981,87	0,00648	HOLD	98,2349	218,9761
2026-04-22	19:00	78300	78508,18	78114,04	78236,05	LONG	0,00167	5981,87	0,00648	HOLD	98,2349	218,8693
2026-04-22	20:00	78236,05	78850	78162,64	78840,94	LONG	0,00167	5981,87	0,00648	HOLD	98,2349	219,8795
2026-04-22	21:00	78840,94	79174,68	78577,86	79045,75	LONG	0,00167	5981,87	0,00648	HOLD	98,2349	220,2215
2026-04-22	22:00	79045,75	79400	78837,66	79272,9	LONG	0,00167	5981,87	0,00648	HOLD	98,2349	220,6009
2026-04-22	23:00	79272,91	79472,82	78632,37	78743,59	LONG	0,00167	5981,87	0,00648	HOLD	98,2349	219,7169
2026-04-23	00:00	78743,6	79034,73	78705,71	78900	LONG	0,00167	5981,87	0,00648	HOLD	98,2349	219,9781
2026-04-23	01:00	78900,01	79163,66	78828,76	79022,39	LONG	0,00167	5981,87	0,00648	HOLD	98,2349	220,1825
2026-04-23	02:00	79022,4	79067,6	78706,81	78846,62	LONG	0,00167	5981,87	0,00648	HOLD	98,2349	219,889
2026-04-23	03:00	78846,62	78915,84	78410	78436,68	LONG	0,00167	5981,87	0,00648	HOLD	98,2349	219,2044
2026-04-23	04:00	78436,69	78821,86	78425	78762,69	LONG	0,00167	5981,87	0,00648	HOLD	98,2349	219,7488
2026-04-23	05:00	78762,68	78824	78456,15	78607,95	LONG	0,00167	5981,87	0,00648	HOLD	98,2349	219,4904
2026-04-23	06:00	78607,95	78607,95	78155,83	78178,23	LONG	0,00167	5981,87	0,00648	HOLD	98,2349	218,7728
2026-04-23	07:00	78178,22	78574,44	77582,17	78424,29	LONG	0,00167	5981,87	0,00648	HOLD	98,2349	219,1837
2026-04-23	08:00	78424,3	78472,95	78057,5	78359,23	LONG	0,00167	5981,87	0,00648	HOLD	98,2349	219,0751
2026-04-23	09:00	78359,71	78359,72	77761,2	77939,92	LONG	0,00167	5981,87	0,00648	HOLD	98,2349	218,3748
2026-04-23	10:00	77939,91	78025,99	77453,43	77746,46	LONG	0,00167	5981,87	0,00648	HOLD	98,2349	218,0517
2026-04-23	11:00	77746,47	77949,09	77675,8	77920,09	LONG	0,00167	5981,87	0,00648	HOLD	98,2349	218,3417
2026-04-23	12:00	77920,09	78110,01	77750	78033,87	LONG	0,00167	5981,87	0,00648	HOLD	98,2349	218,5317
2026-04-23	13:00	78034	78339,35	78034	78211,43	LONG	0,00167	5981,87	0,00648	HOLD	98,2349	218,8282
2026-04-23	14:00	78211,43	78248,39	77981,88	78048,62	LONG	0,00167	5981,87	0,00648	HOLD	98,2349	218,5563
2026-04-23	15:00	78048,61	78175,52	77714,86	77858,35	LONG	0,00167	5981,87	0,00648	HOLD	98,2349	218,2386
2026-04-23	16:00	77858,34	77860,8	77440,85	77655,34	LONG	0,00167	5981,87	0,00648	HOLD	98,2349	217,8996
2026-04-23	17:00	77655,35	77709,16	77174,01	77403,63	LONG	0,00167	5981,87	0,00648	HOLD	98,2349	217,4792
2026-04-23	18:00	77403,63	77757,31	77365,57	77704,62	LONG	0,00167	5981,87	0,00648	HOLD	98,2349	217,9819
2026-04-23	19:00	77704,61	77870,54	77491,18	77870,53	LONG	0,00167	5981,87	0,00648	HOLD	98,2349	218,2589
2026-04-23	20:00	77870,54	77904,37	77379,92	77532,23	LONG	0,00167	5981,87	0,00648	HOLD	98,2349	217,694
2026-04-23	21:00	77532,23	78201,53	77414	78180,77	LONG	0,00167	5981,87	0,00648	HOLD	98,2349	218,777
2026-04-23	22:00	78180,78	78662,5	77983,25	78376,76	LONG	0,00167	5981,87	0,00648	HOLD	98,2349	219,1043
2026-04-23	23:00	78376,77	78509,82	78030	78103,72	LONG	0,00167	5981,87	0,00648	HOLD	98,2349	218,6484
2026-04-24	00:00	78103,72	78184,85	76960	77769,21	LONG	0,00167	5981,87	0,00648	HOLD	98,2349	218,0897
2026-04-24	01:00	77769,2	78146,75	77678,65	77678,65	LONG	0,00167	5981,87	0,00648	HOLD	98,2349	217,9385
2026-04-24	02:00	77678,65	77886,88	77592,92	77727,26	LONG	0,00167	5981,87	0,00648	HOLD	98,2349	218,0197
2026-04-24	03:00	77727,25	78050	77637,5	77886,97	LONG	0,00167	5981,87	0,00648	HOLD	98,2349	218,2864
2026-04-24	04:00	77886,97	78070	77800	77864,83	LONG	0,00167	5981,87	0,00648	HOLD	98,2349	218,2494
2026-04-24	05:00	77864,84	78331	77864,83	78235,3	LONG	0,00167	5981,87	0,00648	HOLD	98,2349	218,8681
2026-04-24	06:00	78235,29	78298,01	78030	78257,48	LONG	0,00167	5981,87	0,00648	HOLD	98,2349	218,9051
2026-04-24	07:00	78257,48	78490,83	78172,01	78417,22	LONG	0,00167	5981,87	0,00648	HOLD	98,2349	219,1719
2026-04-24	08:00	78417,22	78450	77952,16	78429,73	LONG	0,00167	5981,87	0,00648	HOLD	98,2349	219,1928
2026-04-24	09:00	78429,73	78581,93	78067,17	78125,65	LONG	0,00167	5981,87	0,00648	HOLD	98,2349	218,685
2026-04-24	10:00	78125,65	78178,4	77555	77737,85	LONG	0,00167	5981,87	0,00648	HOLD	98,2349	218,0374
2026-04-24	11:00	77737,84	77854,57	77482,49	77670	LONG	0,00167	5981,87	0,00648	HOLD	98,2349	217,924
2026-04-24	12:00	77670,01	78057,65	77457	77953,48	LONG	0,00167	5981,87	0,00648	HOLD	98,2349	218,3975
2026-04-24	13:00	77953,48	77979,54	77761,2	77789,75	LONG	0,00167	5981,87	0,00648	HOLD	98,2349	218,124
2026-04-24	14:00	77789,75	77855,67	77543,52	77644,6	LONG	0,00167	5981,87	0,00648	HOLD	98,2349	217,8816
2026-04-24	15:00	77644,59	78000	77550,73	77785,71	LONG	0,00167	5981,87	0,00648	HOLD	98,2349	218,1173
2026-04-24	16:00	77785,7	77804,23	77402,01	77527,69	LONG	0,00167	5981,87	0,00648	HOLD	98,2349	217,6864
2026-04-24	17:00	77527,7	77784	77444,95	77752,36	LONG	0,00167	5981,87	0,00648	HOLD	98,2349	218,0616
2026-04-24	18:00	77752,37	78372,58	77752,37	78240,26	LONG	0,00167	5981,87	0,00648	HOLD	98,2349	218,8764
2026-04-24	19:00	78240,27	78345,15	78016,51	78275,66	LONG	0,00167	5981,87	0,00648	HOLD	98,2349	218,9355
2026-04-24	20:00	78275,65	78479,37	77913,27	78093,79	LONG	0,00167	5981,87	0,00648	HOLD	98,2349	218,6318
2026-04-24	21:00	78093,8	78093,8	77681,74	78037,64	LONG	0,00167	5981,87	0,00648	HOLD	98,2349	218,538
2026-04-24	22:00	78037,65	78233,18	77577,22	78038,62	LONG	0,00167	5981,87	0,00648	HOLD	98,2349	218,5396
2026-04-24	23:00	78038,63	78060,29	77586,86	77777,28	LONG	0,00167	5981,87	0,00648	HOLD	98,2349	218,1032
2026-04-25	00:00	77776,76	77829,17	77489,6	77681,71	LONG	0,00167	5981,87	0,00648	HOLD	98,2349	217,9436
2026-04-25	01:00	77681,72	77717,08	77363,63	77618,24	LONG	0,00167	5981,87	0,00648	HOLD	98,2349	217,8376
2026-04-25	02:00	77618,25	77748,66	77532,46	77628,85	LONG	0,00167	5981,87	0,00648	HOLD	98,2349	217,8553
2026-04-25	03:00	77628,84	77757,14	77458	77718,31	LONG	0,00167	5981,87	0,00648	HOLD	98,2349	218,0047
2026-04-25	04:00	77718,31	77756,15	77536,48	77536,48	LONG	0,00167	5981,87	0,00648	HOLD	98,2349	217,7011
2026-04-25	05:00	77536,49	77616,78	77264,08	77328,91	LONG	0,00167	5981,87	0,00648	HOLD	98,2349	217,3544
2026-04-25	06:00	77328,92	77456,87	77328,92	77437,13	LONG	0,00167	5981,87	0,00648	HOLD	98,2349	217,5351
2026-04-25	07:00	77437,13	77502,99	77309,92	77456,88	LONG	0,00167	5981,87	0,00648	HOLD	98,2349	217,5681
2026-04-25	08:00	77456,88	77620,52	77440,8	77541,63	LONG	0,00167	5981,87	0,00648	HOLD	98,2349	217,7097
2026-04-25	09:00	77541,63	77644,04	77504,43	77607,8	LONG	0,00167	5981,87	0,00648	HOLD	98,2349	217,8202
2026-04-25	10:00	77607,8	77711,87	77550,27	77679,07	LONG	0,00167	5981,87	0,00648	HOLD	98,2349	217,9392
2026-04-25	11:00	77679,08	77691,23	77596,37	77619,05	LONG	0,00167	5981,87	0,00648	HOLD	98,2349	217,839
2026-04-25	12:00	77619,05	77619,05	77485,51	77510,28	LONG	0,00167	5981,87	0,00648	HOLD	98,2349	217,6573
2026-04-25	13:00	77510,27	77582,28	77489,35	77503,63	LONG	0,00167	5981,87	0,00648	HOLD	98,2349	217,6462
2026-04-25	14:00	77503,63	77566,26	77450	77501,19	LONG	0,00167	5981,87	0,00648	HOLD	98,2349	217,6421
2026-04-25	15:00	77501,19	77654,41	77491,36	77643,37	LONG	0,00167	5981,87	0,00648	HOLD	98,2349	217,8796
2026-04-25	16:00	77643,38	77779,65	77587,1	77714,55	LONG	0,00167	5981,87	0,00648	HOLD	98,2349	217,9984
2026-04-25	17:00	77714,56	77885,35	77714,55	77787,77	LONG	0,00167	5981,87	0,00648	HOLD	98,2349	218,1207
2026-04-25	18:00	77787,76	77787,77	77607,03	77682,3	LONG	0,00167	5981,87	0,00648	HOLD	98,2349	217,9446
2026-04-25	19:00	77682,29	77717,95	77550,61	77557,14	LONG	0,00167	5981,87	0,00648	HOLD	98,2349	217,7356
2026-04-25	20:00	77557,14	77710,91	77557,14	77691,69	LONG	0,00167	5981,87	0,00648	HOLD	98,2349	217,9603
2026-04-25	21:00	77691,7	77752,54	77638	77656,75	LONG	0,00167	5981,87	0,00648	HOLD	98,2349	217,9019
2026-04-25	22:00	77656,74	77722,7	77299,89	77330,26	LONG	0,00167	5981,87	0,00648	HOLD	98,2349	217,3567
2026-04-25	23:00	77330,25	77454,31	77140,23	77397,27	LONG	0,00167	5981,87	0,00648	HOLD	98,2349	217,4686
2026-04-26	00:00	77397,27	77407,03	77210,96	77245,77	LONG	0,00167	5981,87	0,00648	HOLD	98,2349	217,2156
2026-04-26	01:00	77245,78	77389,01	77216,29	77313	LONG	0,00167	5981,87	0,00648	HOLD	98,2349	217,3279
2026-04-26	02:00	77313	77343,81	77193,79	77330,01	LONG	0,00167	5981,87	0,00648	HOLD	98,2349	217,3563
2026-04-26	03:00	77330	77481,7	77311,05	77479,13	LONG	0,00167	5981,87	0,00648	HOLD	98,2349	217,6053
2026-04-26	04:00	77479,14	77530	77415,2	77525,84	LONG	0,00167	5981,87	0,00648	HOLD	98,2349	217,6833
2026-04-26	05:00	77525,83	77634,77	77498,81	77557,01	LONG	0,00167	5981,87	0,00648	HOLD	98,2349	217,7353
2026-04-26	06:00	77557,01	77650	77530	77625	LONG	0,00167	5981,87	0,00648	HOLD	98,2349	217,8489
2026-04-26	07:00	77625	77642,43	77445,94	77502,4	LONG	0,00167	5981,87	0,00648	HOLD	98,2349	217,6442
2026-04-26	08:00	77502,39	77572,81	77451,16	77461,16	LONG	0,00167	5981,87	0,00648	HOLD	98,2349	217,5753
2026-04-26	09:00	77461,16	77590,97	77452,07	77512,67	LONG	0,00167	5981,87	0,00648	HOLD	98,2349	217,6613
2026-04-26	10:00	77512,67	77541,96	77326,51	77400,21	LONG	0,00167	5981,87	0,00648	HOLD	98,2349	217,4735
2026-04-26	11:00	77400,21	77814,43	77383,46	77774,29	LONG	0,00167	5981,87	0,00648	HOLD	98,2349	218,0982
2026-04-26	12:00	77774,29	78200	77719,77	77983,31	LONG	0,00167	5981,87	0,00648	HOLD	98,2349	218,4473
2026-04-26	13:00	77983,31	78045	77899,45	77999,04	LONG	0,00167	5981,87	0,00648	HOLD	98,2349	218,4735
2026-04-26	14:00	77999,04	78121,45	77968,36	78102,53	LONG	0,00167	5981,87	0,00648	HOLD	98,2349	218,6464
2026-04-26	15:00	78102,53	78210	78019,65	78032,59	LONG	0,00167	5981,87	0,00648	HOLD	98,2349	218,5296
2026-04-26	16:00	78032,59	78058,45	77926,59	77999,99	LONG	0,00167	5981,87	0,00648	HOLD	98,2349	218,4751
2026-04-26	17:00	78000	78050,19	77954	78002,43	LONG	0,00167	5981,87	0,00648	HOLD	98,2349	218,4792
2026-04-26	18:00	78002,43	78149,99	78002,42	78101,44	LONG	0,00167	5981,87	0,00648	HOLD	98,2349	218,6445
2026-04-26	19:00	78101,43	78101,5	77770	77833,08	LONG	0,00167	5981,87	0,00648	HOLD	98,2349	218,1964
2026-04-26	20:00	77833,08	77996,69	77797,13	77977,79	LONG	0,00167	5981,87	0,00648	HOLD	98,2349	218,4381
2026-04-26	21:00	77977,79	78173,15	77871,85	78095,66	LONG	0,00167	5981,87	0,00648	HOLD	98,2349	218,6349
2026-04-26	22:00	78095,65	78121,92	77988,89	78049	LONG	0,00167	5981,87	0,00648	HOLD	98,2349	218,557
2026-04-26	23:00	78049	78086,47	77919,42	77919,43	LONG	0,00167	5981,87	0,00648	HOLD	98,2349	218,3406
2026-04-27	00:00	77919,43	78050	77850	78018,57	LONG	0,00167	5981,87	0,00648	HOLD	98,2349	218,5062
2026-04-27	01:00	78018,57	78346,89	77988,11	78283,96	LONG	0,00167	5981,87	0,00648	HOLD	98,2349	218,9494
2026-04-27	02:00	78283,97	78500	78013,76	78221,16	LONG	0,00167	5981,87	0,00648	HOLD	98,2349	218,8445
2026-04-27	03:00	78221,17	78377,77	78158,04	78194,22	LONG	0,00167	5981,87	0,00648	HOLD	98,2349	218,7995
2026-04-27	04:00	78194,21	78961	77843,75	78417,41	LONG	0,00167	5981,87	0,00648	HOLD	98,2349	219,1722
2026-04-27	05:00	78417,41	78850,3	77953,26	78313,52	LONG	0,00167	5981,87	0,00648	HOLD	98,2349	218,9987
2026-04-27	06:00	78313,52	78901,63	78041,05	78657,55	LONG	0,00167	5981,87	0,00648	HOLD	98,2349	219,5733
2026-04-27	07:00	78657,55	79392,4	78400,03	79308,6	LONG	0,00167	5981,87	0,00648	HOLD	98,2349	220,6605
2026-04-27	08:00	79309	79485,66	78730,71	79283,66	LONG	0,00167	5981,87	0,00648	HOLD	98,2349	220,6189
2026-04-27	09:00	79283,65	79304	79030,91	79130,01	LONG	0,00167	5981,87	0,00648	HOLD	98,2349	220,3623
2026-04-27	10:00	79130,01	79316,5	79077,81	79105,49	LONG	0,00167	5981,87	0,00648	HOLD	98,2349	220,3213
2026-04-27	11:00	79105,5	79160	78872,42	78924,22	LONG	0,00167	5981,87	0,00648	HOLD	98,2349	220,0186
2026-04-27	12:00	78924,21	78938	77562,63	77785,54	LONG	0,00167	5981,87	0,00648	HOLD	98,2349	218,117
2026-04-27	13:00	77785,55	77871,9	77465,05	77700,12	LONG	0,00167	5981,87	0,00648	HOLD	98,2349	217,9743
2026-04-27	14:00	77700,12	77734,79	77562,08	77606,6	LONG	0,00167	5981,87	0,00648	HOLD	98,2349	217,8182
2026-04-27	15:00	77606,59	77816,18	77553,23	77804,34	LONG	0,00167	5981,87	0,00648	HOLD	98,2349	218,1484
2026-04-27	16:00	77804,34	77980	77700	77900,01	LONG	0,00167	5981,87	0,00648	HOLD	98,2349	218,3082
2026-04-27	17:00	77900,01	77935,66	77792,46	77850,01	LONG	0,00167	5981,87	0,00648	HOLD	98,2349	218,2247
2026-04-27	18:00	77850,01	77885,46	77740,39	77844,26	LONG	0,00167	5981,87	0,00648	HOLD	98,2349	218,2151
2026-04-27	19:00	77844,25	77867,33	77620	77667,36	LONG	0,00167	5981,87	0,00648	HOLD	98,2349	217,9196
2026-04-27	20:00	77667,36	77966,8	77571,79	77746,74	LONG	0,00167	5981,87	0,00648	HOLD	98,2349	218,0522
2026-04-27	21:00	77746,74	78265,34	77680	77815,25	LONG	0,00167	5981,87	0,00648	HOLD	98,2349	218,1666
2026-04-27	22:00	77815,26	77827,17	76564,33	76793,09	LONG	0,00167	5981,87	0,00648	HOLD	98,2349	216,4596
2026-04-27	23:00	76793,1	76868,01	76546	76618,59	LONG	0,00167	5981,87	0,00648	HOLD	98,2349	216,1682
2026-04-28	00:00	76618,59	76990,43	76618,59	76743,24	LONG	0,00167	5981,87	0,00648	HOLD	98,2349	216,3764
2026-04-28	01:00	76743,23	76890,99	76668,52	76834,06	LONG	0,00167	5981,87	0,00648	HOLD	98,2349	216,528
2026-04-28	02:00	76834,05	76894,7	76459,64	76878,07	LONG	0,00167	5981,87	0,00648	HOLD	98,2349	216,6015
2026-04-28	03:00	76878,23	77067,8	76844,16	76960,43	LONG	0,00167	5981,87	0,00648	HOLD	98,2349	216,7391
2026-04-28	04:00	76960,43	76981,53	76786,8	76786,81	LONG	0,00167	5981,87	0,00648	HOLD	98,2349	216,4491
2026-04-28	05:00	76786,81	77082,78	76763,71	77066,42	LONG	0,00167	5981,87	0,00648	HOLD	98,2349	216,9161
2026-04-28	06:00	77066,42	77450	77018,56	77371,32	LONG	0,00167	5981,87	0,00648	HOLD	98,2349	217,4252
2026-04-28	07:00	77371,32	77478	77210,92	77379,62	LONG	0,00167	5981,87	0,00648	HOLD	98,2349	217,4391
2026-04-28	08:00	77379,62	77394,1	77038,1	77084,68	LONG	0,00167	5981,87	0,00648	HOLD	98,2349	216,9466
2026-04-28	09:00	77084,69	77227,03	76672,56	76890,93	LONG	0,00167	5981,87	0,00648	HOLD	98,2349	216,623
2026-04-28	10:00	76890,92	76890,92	76672	76815,18	LONG	0,00167	5981,87	0,00648	HOLD	98,2349	216,4965
2026-04-28	11:00	76815,18	76950	76701,35	76888,08	LONG	0,00167	5981,87	0,00648	HOLD	98,2349	216,6182
2026-04-28	12:00	76888,08	77154	76811,01	76885,98	LONG	0,00167	5981,87	0,00648	HOLD	98,2349	216,6147
2026-04-28	13:00	76885,97	77027,91	76588	76720	LONG	0,00167	5981,87	0,00648	HOLD	98,2349	216,3375
2026-04-28	14:00	76720,01	76922,22	76424,9	76879,28	LONG	0,00167	5981,87	0,00648	HOLD	98,2349	216,6035
2026-04-28	15:00	76879,28	77013,63	76741,12	76858,59	LONG	0,00167	5981,87	0,00648	HOLD	98,2349	216,569
2026-04-28	16:00	76858,59	76863,54	76495,91	76598	LONG	0,00167	5981,87	0,00648	HOLD	98,2349	216,1338
2026-04-28	17:00	76597,99	76692,19	76484,7	76618,35	LONG	0,00167	5981,87	0,00648	HOLD	98,2349	216,1678
2026-04-28	18:00	76618,35	76649,86	76130,1	76229	LONG	0,00167	5981,87	0,00648	HOLD	98,2349	215,5176
2026-04-28	19:00	76228,99	76421,94	76168,84	76372,05	LONG	0,00167	5981,87	0,00648	HOLD	98,2349	215,7565
2026-04-28	20:00	76372,04	76411,72	75924,98	76189,84	LONG	0,00167	5981,87	0,00648	HOLD	98,2349	215,4522
2026-04-28	21:00	76189,85	76199,99	75666,6	75949,99	LONG	0,00167	5981,87	0,00648	HOLD	98,2349	215,0516
2026-04-28	22:00	75950	76085,42	75836,88	76066,38	LONG	0,00167	5981,87	0,00648	HOLD	98,2349	215,246
2026-04-28	23:00	76066,37	76218,06	75881,28	76125,04	LONG	0,00167	5981,87	0,00648	HOLD	98,2349	215,344
2026-04-29	00:00	76125,04	76262,63	75959,05	76187,3	LONG	0,00167	5981,87	0,00648	HOLD	98,2349	215,4479
2026-04-29	01:00	76187,3	76280,91	76137,86	76242,18	LONG	0,00167	5981,87	0,00648	HOLD	98,2349	215,5396
2026-04-29	02:00	76242,17	76380,83	76066,35	76330,97	LONG	0,00167	5981,87	0,00648	HOLD	98,2349	215,6879
2026-04-29	03:00	76330,97	76480	76323,71	76463,95	LONG	0,00167	5981,87	0,00648	HOLD	98,2349	215,9099
2026-04-29	04:00	76463,95	76481,3	76267,61	76357,15	LONG	0,00167	5981,87	0,00648	HOLD	98,2349	215,7316
2026-04-29	05:00	76357,15	76446,26	76218	76242,17	LONG	0,00167	5981,87	0,00648	HOLD	98,2349	215,5396
2026-04-29	06:00	76242,17	76370	76197,02	76342,77	LONG	0,00167	5981,87	0,00648	HOLD	98,2349	215,7076
2026-04-29	07:00	76342,78	76557,97	76276	76512	LONG	0,00167	5981,87	0,00648	HOLD	98,2349	215,9902
2026-04-29	08:00	76511,99	76668,02	76187,75	76571	LONG	0,00167	5981,87	0,00648	HOLD	98,2349	216,0887
2026-04-29	09:00	76571	76666,82	76402,72	76531,29	LONG	0,00167	5981,87	0,00648	HOLD	98,2349	216,0224
2026-04-29	10:00	76531,29	77127,62	76519,94	76994,78	LONG	0,00167	5981,87	0,00648	HOLD	98,2349	216,7964
2026-04-29	11:00	76994,77	77455,71	76880	77269,76	LONG	0,00167	5981,87	0,00648	HOLD	98,2349	217,2556
2026-04-29	12:00	77269,76	77329,31	77198,07	77288,38	LONG	0,00167	5981,87	0,00648	HOLD	98,2349	217,2867
2026-04-29	13:00	77288,39	77337,57	76907,07	77031,06	LONG	0,00167	5981,87	0,00648	HOLD	98,2349	216,857
2026-04-29	14:00	77031,07	77182,91	77031,06	77053,64	LONG	0,00167	5981,87	0,00648	HOLD	98,2349	216,8947
2026-04-29	15:00	77053,65	77148,79	76972,32	77046,32	LONG	0,00167	5981,87	0,00648	HOLD	98,2349	216,8825
2026-04-29	16:00	77046,31	77800	76972,32	77642	LONG	0,00167	5981,87	0,00648	HOLD	98,2349	217,8773
2026-04-29	17:00	77642	77904,93	77559,19	77619,61	LONG	0,00167	5981,87	0,00648	HOLD	98,2349	217,8399
2026-04-29	18:00	77619,62	77694,61	77485,81	77590,03	LONG	0,00167	5981,87	0,00648	HOLD	98,2349	217,7905
2026-04-29	19:00	77590,04	77596,39	76850	77143,68	LONG	0,00167	5981,87	0,00648	HOLD	98,2349	217,0451
2026-04-29	20:00	77143,68	77240	76425,62	76783,43	LONG	0,00167	5981,87	0,00648	HOLD	98,2349	216,4435
2026-04-29	21:00	76783,42	76927,69	76489,99	76570	LONG	0,00167	5981,87	0,00648	HOLD	98,2349	216,087
2026-04-29	22:00	76570	76634,61	75705,32	75924,25	LONG	0,00167	5981,87	0,00648	HOLD	98,2349	215,0086
2026-04-29	23:00	75924,24	76125,47	75696,13	75803,54	LONG	0,00167	5981,87	0,00648	HOLD	98,2349	214,8071
2026-04-30	00:00	75803,55	76184,01	75803,55	76184,01	LONG	0,00167	5981,87	0,00648	HOLD	98,2349	215,4424
2026-04-30	01:00	76184	76274,8	74937,52	75513,91	LONG	0,00167	5981,87	0,00648	HOLD	98,2349	214,3234
2026-04-30	02:00	75513,92	75591,83	75302,31	75563,86	LONG	0,00167	5981,87	0,00648	HOLD	98,2349	214,4068
2026-04-30	03:00	75563,87	75857,32	75497,43	75676,79	LONG	0,00167	5981,87	0,00648	HOLD	98,2349	214,5954
2026-04-30	04:00	75676,79	76088,9	75607,7	75933,93	LONG	0,00167	5981,87	0,00648	HOLD	98,2349	215,0248
