2022-05-02	20:00	38500,42	39155,47	38242,51	38910	LONG	0,00167	5981,87	0,00451	HOLD	98,2349	153,1948
2022-05-02	21:00	38916,27	39104,02	38606,21	38840	LONG	0,00167	5981,87	0,00451	HOLD	98,2349	153,0779
2022-05-02	22:00	38840	38901,37	38605,71	38696,05	LONG	0,00167	5981,87	0,00451	HOLD	98,2349	152,8375
2022-05-02	23:00	38696,05	38868,88	38519,56	38551	LONG	0,00167	5981,87	0,00451	HOLD	98,2349	152,5953
2022-05-03	00:00	38550,99	38610,16	38193,66	38370,56	LONG	0,00167	5981,87	0,00451	HOLD	98,2349	152,294
2022-05-03	01:00	38370,56	38454,31	38052	38209,49	LONG	0,00167	5981,87	0,00451	HOLD	98,2349	152,025
2022-05-03	02:00	38209,5	38584,63	38152,81	38563,38	LONG	0,00167	5981,87	0,00451	HOLD	98,2349	152,616
2022-05-03	03:00	38563,39	38614,81	38305,06	38316,36	LONG	0,00167	5981,87	0,00451	HOLD	98,2349	152,2035
2022-05-03	04:00	38316,36	38770	38280,76	38639,67	LONG	0,00167	5981,87	0,00451	HOLD	98,2349	152,7434
2022-05-03	05:00	38639,67	38908,56	38572,32	38591,04	LONG	0,00167	5981,87	0,00451	HOLD	98,2349	152,6622
2022-05-03	06:00	38591,03	38747,46	38458,9	38525,16	LONG	0,00167	5981,87	0,00451	HOLD	98,2349	152,5522
2022-05-03	07:00	38525,16	38573,82	38384,6	38410,01	LONG	0,00167	5981,87	0,00451	HOLD	98,2349	152,3599
2022-05-03	08:00	38410	38518,12	38358	38518,03	LONG	0,00167	5981,87	0,00451	HOLD	98,2349	152,5403
2022-05-03	09:00	38518,04	38609,27	38317,06	38404,99	LONG	0,00167	5981,87	0,00451	HOLD	98,2349	152,3515
2022-05-03	10:00	38404,99	38625	38396,06	38521,64	LONG	0,00167	5981,87	0,00451	HOLD	98,2349	152,5463
2022-05-03	11:00	38521,63	38561,1	38450	38501,06	LONG	0,00167	5981,87	0,00451	HOLD	98,2349	152,5119
2022-05-03	12:00	38501,06	38544,39	38385,67	38526,52	LONG	0,00167	5981,87	0,00451	HOLD	98,2349	152,5544
2022-05-03	13:00	38526,53	38579,77	38443,66	38470,79	LONG	0,00167	5981,87	0,00451	HOLD	98,2349	152,4614
2022-05-03	14:00	38470,8	38569,62	38420,53	38559,99	LONG	0,00167	5981,87	0,00451	HOLD	98,2349	152,6103
2022-05-03	15:00	38559,99	38651,51	38530	38530,01	LONG	0,00167	5981,87	0,00451	HOLD	98,2349	152,5603
2022-05-03	16:00	38530	38568,69	38440,42	38454,54	LONG	0,00167	5981,87	0,00451	HOLD	98,2349	152,4342
2022-05-03	17:00	38454,55	38475,03	38363,63	38421,33	LONG	0,00167	5981,87	0,00451	HOLD	98,2349	152,3788
2022-05-03	18:00	38421,33	38570,01	38261,16	38570,01	LONG	0,00167	5981,87	0,00451	HOLD	98,2349	152,6271
2022-05-03	19:00	38570,01	38607,09	38416,81	38446,62	LONG	0,00167	5981,87	0,00451	HOLD	98,2349	152,421
2022-05-03	20:00	38446,63	38475	38152	38364,82	LONG	0,00167	5981,87	0,00451	HOLD	98,2349	152,2844
2022-05-03	21:00	38364,82	38480,02	38173,16	38278,7	LONG	0,00167	5981,87	0,00451	HOLD	98,2349	152,1406
2022-05-03	22:00	38278,69	38420	38214,38	38326,36	LONG	0,00167	5981,87	0,00451	HOLD	98,2349	152,2202
2022-05-03	23:00	38326,37	38396,05	38050	38149,23	LONG	0,00167	5981,87	0,00451	HOLD	98,2349	151,9244
2022-05-04	00:00	38149,24	38315	38052	38052,01	LONG	0,00167	5981,87	0,00451	HOLD	98,2349	151,762
2022-05-04	01:00	38052	38052,01	37570,5	37763,78	LONG	0,00167	5981,87	0,00451	HOLD	98,2349	151,2807
2022-05-04	02:00	37763,79	37786,32	37517,8	37717,49	LONG	0,00167	5981,87	0,00451	HOLD	98,2349	151,2034
2022-05-04	03:00	37717,5	37879,99	37530,01	37785,8	LONG	0,00167	5981,87	0,00451	HOLD	98,2349	151,3174
2022-05-04	04:00	37785,79	38036,46	37625,93	37795,58	LONG	0,00167	5981,87	0,00451	HOLD	98,2349	151,3338
2022-05-04	05:00	37795,59	37880	37730	37739,69	LONG	0,00167	5981,87	0,00451	HOLD	98,2349	151,2404
2022-05-04	06:00	37739,68	37763,68	37632,54	37728,95	LONG	0,00167	5981,87	0,00451	HOLD	98,2349	151,2225
2022-05-04	07:00	37728,95	37943,66	37670	37902,06	LONG	0,00167	5981,87	0,00451	HOLD	98,2349	151,5116
2022-05-04	08:00	37902,06	37995,06	37872,83	37888,01	LONG	0,00167	5981,87	0,00451	HOLD	98,2349	151,4881
2022-05-04	09:00	37888,02	38050	37882,37	37962,62	LONG	0,00167	5981,87	0,00451	HOLD	98,2349	151,6127
2022-05-04	10:00	37962,62	38100	37961,83	38013,62	LONG	0,00167	5981,87	0,00451	HOLD	98,2349	151,6979
2022-05-04	11:00	38013,62	38094,07	37944,25	37998,69	LONG	0,00167	5981,87	0,00451	HOLD	98,2349	151,673
2022-05-04	12:00	37998,7	38136	37970	38091,4	LONG	0,00167	5981,87	0,00451	HOLD	98,2349	151,8278
2022-05-04	13:00	38091,4	38436,74	38082,85	38409,2	LONG	0,00167	5981,87	0,00451	HOLD	98,2349	152,3585
2022-05-04	14:00	38409,2	38757,27	38303,9	38701,32	LONG	0,00167	5981,87	0,00451	HOLD	98,2349	152,8463
2022-05-04	15:00	38701,32	39100	38670	38968,53	LONG	0,00167	5981,87	0,00451	HOLD	98,2349	153,2926
2022-05-04	16:00	38968,53	39088	38813,45	38884,13	LONG	0,00167	5981,87	0,00451	HOLD	98,2349	153,1516
2022-05-04	17:00	38884,13	39066,44	38850,37	38995,84	LONG	0,00167	5981,87	0,00451	HOLD	98,2349	153,3382
2022-05-04	18:00	38995,84	39047,96	38867,29	39002,3	LONG	0,00167	5981,87	0,00451	HOLD	98,2349	153,349
2022-05-04	19:00	39002,31	39182	38860,31	38964,28	LONG	0,00167	5981,87	0,00451	HOLD	98,2349	153,2855
2022-05-04	20:00	38964,29	39097,01	38691,5	38712,06	LONG	0,00167	5981,87	0,00451	HOLD	98,2349	152,8643
2022-05-04	21:00	38712,05	38876,34	38658,96	38786,21	LONG	0,00167	5981,87	0,00451	HOLD	98,2349	152,9881
2022-05-04	22:00	38786,22	39091,13	38718,53	38973,2	LONG	0,00167	5981,87	0,00451	HOLD	98,2349	153,3004
2022-05-04	23:00	38973,2	39475	38868,15	39189,99	LONG	0,00167	5981,87	0,00451	HOLD	98,2349	153,6624
2022-05-05	00:00	39189,99	39249,99	38811,28	38985,3	LONG	0,00167	5981,87	0,00451	HOLD	98,2349	153,3206
2022-05-05	01:00	38985,31	39800	38590,97	39617,08	LONG	0,00167	5981,87	0,00451	HOLD	98,2349	154,3757
2022-05-05	02:00	39617,08	40023,77	39534,68	39859,22	LONG	0,00167	5981,87	0,00451	HOLD	98,2349	154,78
2022-05-05	03:00	39859,23	39942,35	39753,98	39811,15	LONG	0,00167	5981,87	0,00451	HOLD	98,2349	154,6998
2022-05-05	04:00	39811,16	39891,12	39714,1	39741,08	LONG	0,00167	5981,87	0,00451	HOLD	98,2349	154,5827
2022-05-05	05:00	39741,08	39774,6	39678	39681,81	LONG	0,00167	5981,87	0,00451	HOLD	98,2349	154,4838
2022-05-05	06:00	39681,8	39735,28	39614,54	39690	LONG	0,00167	5981,87	0,00451	HOLD	98,2349	154,4974
2022-05-05	07:00	39690	39743,47	39536,66	39661,34	LONG	0,00167	5981,87	0,00451	HOLD	98,2349	154,4496
2022-05-05	08:00	39661,35	39708,96	39600	39629,7	LONG	0,00167	5981,87	0,00451	HOLD	98,2349	154,3967
2022-05-05	09:00	39629,71	39798,09	39554,46	39773,33	LONG	0,00167	5981,87	0,00451	HOLD	98,2349	154,6366
2022-05-05	10:00	39773,32	39773,33	39673,01	39729,41	LONG	0,00167	5981,87	0,00451	HOLD	98,2349	154,5633
2022-05-05	11:00	39729,4	39764,7	39678,97	39752,93	LONG	0,00167	5981,87	0,00451	HOLD	98,2349	154,6025
2022-05-05	12:00	39752,93	39845,51	39568,43	39602,65	LONG	0,00167	5981,87	0,00451	HOLD	98,2349	154,3516
2022-05-05	13:00	39602,65	39689,93	39534,02	39549,28	LONG	0,00167	5981,87	0,00451	HOLD	98,2349	154,2624
2022-05-05	14:00	39549,28	39619,94	39516,92	39588,84	LONG	0,00167	5981,87	0,00451	HOLD	98,2349	154,3285
2022-05-05	15:00	39588,85	39629,85	39444,01	39482,98	LONG	0,00167	5981,87	0,00451	HOLD	98,2349	154,1517
2022-05-05	16:00	39482,98	39560	39407,17	39485,25	LONG	0,00167	5981,87	0,00451	HOLD	98,2349	154,1555
2022-05-05	17:00	39485,25	39619,37	39456,02	39513,66	LONG	0,00167	5981,87	0,00451	HOLD	98,2349	154,203
2022-05-05	18:00	39513,67	39576	39451,42	39492,83	LONG	0,00167	5981,87	0,00451	HOLD	98,2349	154,1682
2022-05-05	19:00	39492,84	39545,66	39455,34	39503,95	LONG	0,00167	5981,87	0,00451	HOLD	98,2349	154,1867
2022-05-05	20:00	39503,96	39503,96	38960,53	38992,54	LONG	0,00167	5981,87	0,00451	HOLD	98,2349	153,3327
2022-05-05	21:00	38992,53	39053,69	38090,29	38209	LONG	0,00167	5981,87	0,00451	HOLD	98,2349	152,0242
2022-05-05	22:00	38209,01	38220,88	36514,29	36909,67	LONG	0,00167	5981,87	0,00451	HOLD	98,2349	149,8543
2022-05-05	23:00	36909,67	37322	36784,87	37036,55	LONG	0,00167	5981,87	0,00451	HOLD	98,2349	150,0662
2022-05-06	00:00	37036,55	37162,48	36770,05	36816,56	LONG	0,00167	5981,87	0,00451	HOLD	98,2349	149,6988
2022-05-06	01:00	36816,55	36852,65	36001	36387,03	LONG	0,00167	5981,87	0,00451	HOLD	98,2349	148,9815
2022-05-06	02:00	36386,83	36390	35571,9	36316	LONG	0,00167	5981,87	0,00451	HOLD	98,2349	148,8629
2022-05-06	03:00	36316,01	36477,71	36132,85	36466,44	LONG	0,00167	5981,87	0,00451	HOLD	98,2349	149,1141
2022-05-06	04:00	36466,44	36600	36328,8	36458,58	LONG	0,00167	5981,87	0,00451	HOLD	98,2349	149,101
2022-05-06	05:00	36458,58	36495	36211,89	36238,63	LONG	0,00167	5981,87	0,00451	HOLD	98,2349	148,7337
2022-05-06	06:00	36238,62	36600	36238,62	36552,97	LONG	0,00167	5981,87	0,00451	HOLD	98,2349	149,2586
2022-05-06	07:00	36552,97	36675,63	36290	36373,41	LONG	0,00167	5981,87	0,00451	HOLD	98,2349	148,9587
2022-05-06	08:00	36373,42	36406,33	36163,44	36311,56	LONG	0,00167	5981,87	0,00451	HOLD	98,2349	148,8554
2022-05-06	09:00	36311,57	36553,33	36311,56	36433,4	LONG	0,00167	5981,87	0,00451	HOLD	98,2349	149,0589
2022-05-06	10:00	36433,41	36474,6	36360,31	36461,82	LONG	0,00167	5981,87	0,00451	HOLD	98,2349	149,1064
2022-05-06	11:00	36461,81	36472,91	36287,46	36435,42	LONG	0,00167	5981,87	0,00451	HOLD	98,2349	149,0623
2022-05-06	12:00	36435,43	36509,69	36381,56	36501,45	LONG	0,00167	5981,87	0,00451	HOLD	98,2349	149,1726
2022-05-06	13:00	36501,46	36550	36393,12	36409,12	LONG	0,00167	5981,87	0,00451	HOLD	98,2349	149,0184
2022-05-06	14:00	36409,12	36448	35833,01	36371,94	LONG	0,00167	5981,87	0,00451	HOLD	98,2349	148,9563
2022-05-06	15:00	36371,94	36514,63	36163,92	36218,08	LONG	0,00167	5981,87	0,00451	HOLD	98,2349	148,6993
2022-05-06	16:00	36218,07	36432,16	36169,39	36406,54	LONG	0,00167	5981,87	0,00451	HOLD	98,2349	149,0141
2022-05-06	17:00	36406,54	36426,52	35793,81	35944,81	LONG	0,00167	5981,87	0,00451	HOLD	98,2349	148,243
2022-05-06	18:00	35944,82	36128,31	35587,1	35780,84	LONG	0,00167	5981,87	0,00451	HOLD	98,2349	147,9691
2022-05-06	19:00	35780,83	36339,26	35688,6	35826,22	LONG	0,00167	5981,87	0,00451	HOLD	98,2349	148,0449
2022-05-06	20:00	35826,22	36063,72	35258	35747,51	LONG	0,00167	5981,87	0,00451	HOLD	98,2349	147,9135
2022-05-06	21:00	35747,51	36246,49	35637,21	36140,18	LONG	0,00167	5981,87	0,00451	HOLD	98,2349	148,5692
2022-05-06	22:00	36140,17	36436,2	35950	36004,34	LONG	0,00167	5981,87	0,00451	HOLD	98,2349	148,3424
2022-05-06	23:00	36004,33	36235,29	35928,48	36218,01	LONG	0,00167	5981,87	0,00451	HOLD	98,2349	148,6992
2022-05-07	00:00	36218,02	36239,4	35848,13	35896,43	LONG	0,00167	5981,87	0,00451	HOLD	98,2349	148,1622
2022-05-07	01:00	35896,42	36100	35834,03	35940,01	LONG	0,00167	5981,87	0,00451	HOLD	98,2349	148,235
2022-05-07	02:00	35940	36151,79	35841,63	36001,35	LONG	0,00167	5981,87	0,00451	HOLD	98,2349	148,3374
2022-05-07	03:00	36001,34	36113,89	35863,59	36082,53	LONG	0,00167	5981,87	0,00451	HOLD	98,2349	148,473
2022-05-07	04:00	36082,53	36102,4	35894,91	35959,47	LONG	0,00167	5981,87	0,00451	HOLD	98,2349	148,2675
2022-05-07	05:00	35959,47	36072,57	35881,55	35999,24	LONG	0,00167	5981,87	0,00451	HOLD	98,2349	148,3339
2022-05-07	06:00	35999,23	36116,81	35999,23	36013,77	LONG	0,00167	5981,87	0,00451	HOLD	98,2349	148,3581
2022-05-07	07:00	36013,77	36077,98	35945	35995,93	LONG	0,00167	5981,87	0,00451	HOLD	98,2349	148,3283
2022-05-07	08:00	35995,94	36045,21	35918,67	36017,05	LONG	0,00167	5981,87	0,00451	HOLD	98,2349	148,3636
2022-05-07	09:00	36017,06	36030	35936,28	35953,64	LONG	0,00167	5981,87	0,00451	HOLD	98,2349	148,2577
2022-05-07	10:00	35953,63	35959,99	35760	35812,21	LONG	0,00167	5981,87	0,00451	HOLD	98,2349	148,0215
2022-05-07	11:00	35812,22	35882,67	35725,72	35746,63	LONG	0,00167	5981,87	0,00451	HOLD	98,2349	147,912
2022-05-07	12:00	35746,62	35900	35722,24	35898,95	LONG	0,00167	5981,87	0,00451	HOLD	98,2349	148,1664
2022-05-07	13:00	35898,96	35909,75	35790,02	35806,27	LONG	0,00167	5981,87	0,00451	HOLD	98,2349	148,0116
2022-05-07	14:00	35806,28	35961,05	35800	35921,6	LONG	0,00167	5981,87	0,00451	HOLD	98,2349	148,2042
2022-05-07	15:00	35921,6	36069,01	35879,96	36015,01	LONG	0,00167	5981,87	0,00451	HOLD	98,2349	148,3602
2022-05-07	16:00	36015	36060,83	35965,14	35986,05	LONG	0,00167	5981,87	0,00451	HOLD	98,2349	148,3118
2022-05-07	17:00	35986,04	36144	35955,17	36087,43	LONG	0,00167	5981,87	0,00451	HOLD	98,2349	148,4812
2022-05-07	18:00	36087,44	36146,3	35999,99	36055,86	LONG	0,00167	5981,87	0,00451	HOLD	98,2349	148,4284
2022-05-07	19:00	36055,86	36055,86	35970,09	36033,4	LONG	0,00167	5981,87	0,00451	HOLD	98,2349	148,3909
2022-05-07	20:00	36033,4	36049,42	35866	35900,74	LONG	0,00167	5981,87	0,00451	HOLD	98,2349	148,1694
2022-05-07	21:00	35900,73	35995,99	35882,1	35962,96	LONG	0,00167	5981,87	0,00451	HOLD	98,2349	148,2733
2022-05-07	22:00	35962,96	36085,5	35946,19	35962,47	LONG	0,00167	5981,87	0,00451	HOLD	98,2349	148,2725
2022-05-07	23:00	35962,47	35979,42	35885,01	35965,83	LONG	0,00167	5981,87	0,00451	HOLD	98,2349	148,2781
2022-05-08	00:00	35965,83	35965,84	35865,89	35886,31	LONG	0,00167	5981,87	0,00451	HOLD	98,2349	148,1453
2022-05-08	01:00	35886,31	35997,14	35869,79	35896,35	LONG	0,00167	5981,87	0,00451	HOLD	98,2349	148,162
2022-05-08	02:00	35896,35	35925,62	35852,06	35876,36	LONG	0,00167	5981,87	0,00451	HOLD	98,2349	148,1287
2022-05-08	03:00	35876,37	35876,37	35752,35	35785,69	LONG	0,00167	5981,87	0,00451	HOLD	98,2349	147,9772
2022-05-08	04:00	35785,69	35820,91	35000	35026,37	LONG	0,00167	5981,87	0,00451	HOLD	98,2349	146,7092
2022-05-08	05:00	35026,37	35328,47	34785	35046,06	LONG	0,00167	5981,87	0,00451	HOLD	98,2349	146,7421
2022-05-08	06:00	35046,07	35769,69	35015,53	35472,39	LONG	0,00167	5981,87	0,00451	HOLD	98,2349	147,454
2022-05-08	07:00	35472,4	35514,22	35071,97	35107,02	LONG	0,00167	5981,87	0,00451	HOLD	98,2349	146,8439
2022-05-08	08:00	35107,02	35237,33	34690,5	34824,17	LONG	0,00167	5981,87	0,00451	HOLD	98,2349	146,3715
2022-05-08	09:00	34824,18	34925,5	34315,78	34575,77	LONG	0,00167	5981,87	0,00451	HOLD	98,2349	145,9567
2022-05-08	10:00	34575,76	34634,52	34210	34480,24	LONG	0,00167	5981,87	0,00451	HOLD	98,2349	145,7971
2022-05-08	11:00	34480,23	34678,97	34397,46	34400,81	LONG	0,00167	5981,87	0,00451	HOLD	98,2349	145,6645
2022-05-08	12:00	34400,81	34477,39	34318,46	34449,15	LONG	0,00167	5981,87	0,00451	HOLD	98,2349	145,7452
2022-05-08	13:00	34449,14	34952,5	34449,14	34778,1	LONG	0,00167	5981,87	0,00451	HOLD	98,2349	146,2946
2022-05-08	14:00	34778,09	34906,04	34579,17	34596,55	LONG	0,00167	5981,87	0,00451	HOLD	98,2349	145,9914
2022-05-08	15:00	34596,55	34729,79	34501,57	34664,04	LONG	0,00167	5981,87	0,00451	HOLD	98,2349	146,1041
2022-05-08	16:00	34664,05	34705,9	34520,32	34571,29	LONG	0,00167	5981,87	0,00451	HOLD	98,2349	145,9492
2022-05-08	17:00	34571,29	34799,71	34515,45	34730,95	LONG	0,00167	5981,87	0,00451	HOLD	98,2349	146,2158
2022-05-08	18:00	34730,94	34870,88	34715,94	34786,24	LONG	0,00167	5981,87	0,00451	HOLD	98,2349	146,3082
2022-05-08	19:00	34786,25	34843,01	34600	34627,6	LONG	0,00167	5981,87	0,00451	HOLD	98,2349	146,0432
2022-05-08	20:00	34627,59	34679,83	34361	34371,16	LONG	0,00167	5981,87	0,00451	HOLD	98,2349	145,615
2022-05-08	21:00	34371,16	34586,62	34301,01	34450,84	LONG	0,00167	5981,87	0,00451	HOLD	98,2349	145,748
2022-05-08	22:00	34450,83	34594,07	34350	34357,92	LONG	0,00167	5981,87	0,00451	HOLD	98,2349	145,5929
2022-05-08	23:00	34357,91	34550	34312	34383,19	LONG	0,00167	5981,87	0,00451	HOLD	98,2349	145,6351
2022-05-09	00:00	34383,18	34389,1	33713,95	34068,7	LONG	0,00167	5981,87	0,00451	HOLD	98,2349	145,1099
2022-05-09	01:00	34068,7	34629,53	33821,5	34515,54	LONG	0,00167	5981,87	0,00451	HOLD	98,2349	145,8561
2022-05-09	02:00	34515,54	34763,34	34488,92	34587,64	LONG	0,00167	5981,87	0,00451	HOLD	98,2349	145,9765
2022-05-09	03:00	34587,64	34640	34216,54	34229,76	LONG	0,00167	5981,87	0,00451	HOLD	98,2349	145,3788
2022-05-09	04:00	34229,75	34476,35	34229,75	34460,7	LONG	0,00167	5981,87	0,00451	HOLD	98,2349	145,7645
2022-05-09	05:00	34460,7	34479,28	34031,54	34275,27	LONG	0,00167	5981,87	0,00451	HOLD	98,2349	145,4548
2022-05-09	06:00	34275,27	34289,52	33930	34038,4	LONG	0,00167	5981,87	0,00451	HOLD	98,2349	145,0593
2022-05-09	07:00	34038,39	34231,72	33986,57	34142,51	LONG	0,00167	5981,87	0,00451	HOLD	98,2349	145,2331
2022-05-09	08:00	34142,5	34243,15	34022,76	34053,61	LONG	0,00167	5981,87	0,00451	HOLD	98,2349	145,0847
2022-05-09	09:00	34053,6	34068,44	33267,26	33496,16	LONG	0,00167	5981,87	0,00451	HOLD	98,2349	144,1537
2022-05-09	10:00	33496,16	33823,52	33363,06	33563,15	LONG	0,00167	5981,87	0,00451	HOLD	98,2349	144,2656
2022-05-09	11:00	33563,15	33838,42	33520,57	33648,89	LONG	0,00167	5981,87	0,00451	HOLD	98,2349	144,4088
2022-05-09	12:00	33648,9	33731,6	33462,06	33510,6	LONG	0,00167	5981,87	0,00451	HOLD	98,2349	144,1778
2022-05-09	13:00	33510,6	33593,27	33340,29	33571,73	LONG	0,00167	5981,87	0,00451	HOLD	98,2349	144,2799
2022-05-09	14:00	33571,74	33749,45	33504,73	33523,27	LONG	0,00167	5981,87	0,00451	HOLD	98,2349	144,199
2022-05-09	15:00	33523,27	33759,78	33150	33671,42	LONG	0,00167	5981,87	0,00451	HOLD	98,2349	144,4464
2022-05-09	16:00	33671,42	33777	33423	33501,69	LONG	0,00167	5981,87	0,00451	HOLD	98,2349	144,163
2022-05-09	17:00	33501,68	33547	32650,39	32822,22	LONG	0,00167	5981,87	0,00451	HOLD	98,2349	143,0282
2022-05-09	18:00	32822,21	33180,24	32663,82	33122,31	LONG	0,00167	5981,87	0,00451	HOLD	98,2349	143,5294
2022-05-09	19:00	33122,31	33134,28	32812,85	32858,81	LONG	0,00167	5981,87	0,00451	HOLD	98,2349	143,0894
2022-05-09	20:00	32858,82	33424,21	32733,46	33036,38	LONG	0,00167	5981,87	0,00451	HOLD	98,2349	143,3859
2022-05-09	21:00	33037,29	33068,28	32420	32455,61	LONG	0,00167	5981,87	0,00451	HOLD	98,2349	142,416
2022-05-09	22:00	32455,61	32676,23	32061,29	32341,53	LONG	0,00167	5981,87	0,00451	HOLD	98,2349	142,2255
2022-05-09	23:00	32341,53	32588,2	31581,11	31692,1	LONG	0,00167	5981,87	0,00451	HOLD	98,2349	141,1409
2022-05-10	00:00	31692,09	31982,22	31000	31268,1	LONG	0,00167	5981,87	0,00451	HOLD	98,2349	140,4329
2022-05-10	01:00	31268,1	31454,13	30334,07	30786,98	LONG	0,00167	5981,87	0,00451	HOLD	98,2349	139,6294
2022-05-10	02:00	30786,97	31101,83	30369,85	30944,82	LONG	0,00167	5981,87	0,00451	HOLD	98,2349	139,893
2022-05-10	03:00	30940,62	31899,99	30635,89	30954,25	LONG	0,00167	5981,87	0,00451	HOLD	98,2349	139,9087
2022-05-10	04:00	30954,25	31542,35	30758,19	30835,14	LONG	0,00167	5981,87	0,00451	HOLD	98,2349	139,7098
2022-05-10	05:00	30835,15	31340,66	30646,54	31087,89	LONG	0,00167	5981,87	0,00451	HOLD	98,2349	140,1319
2022-05-10	06:00	31087,88	31220,62	30033,33	30076,31	LONG	0,00167	5981,87	0,00451	HOLD	98,2349	138,4426
2022-05-10	07:00	30074,23	30991,44	29730,4	30800,11	LONG	0,00167	5981,87	0,00451	HOLD	98,2349	139,6513
2022-05-10	08:00	30800,11	31463,42	30662,15	30888,81	LONG	0,00167	5981,87	0,00451	HOLD	98,2349	139,7995
2022-05-10	09:00	30888,8	31402,04	30777,14	31041,99	LONG	0,00167	5981,87	0,00451	HOLD	98,2349	140,0553
2022-05-10	10:00	31041,99	31182,78	30625	30642,55	LONG	0,00167	5981,87	0,00451	HOLD	98,2349	139,3882
2022-05-10	11:00	30642,55	31350	30600	31219,46	LONG	0,00167	5981,87	0,00451	HOLD	98,2349	140,3516
2022-05-10	12:00	31219,46	31983,86	31206,6	31827,87	LONG	0,00167	5981,87	0,00451	HOLD	98,2349	141,3677
2022-05-10	13:00	31827,87	32658,99	31810,6	32080,02	LONG	0,00167	5981,87	0,00451	HOLD	98,2349	141,7888
2022-05-10	14:00	32080,01	32204,08	31605,69	31609,78	LONG	0,00167	5981,87	0,00451	HOLD	98,2349	141,0035
2022-05-10	15:00	31609,79	32016,66	31540,72	31749,81	LONG	0,00167	5981,87	0,00451	HOLD	98,2349	141,2373
2022-05-10	16:00	31749,81	31932,36	31313,13	31397,69	LONG	0,00167	5981,87	0,00451	HOLD	98,2349	140,6493
2022-05-10	17:00	31397,68	31575,7	31240	31305,27	LONG	0,00167	5981,87	0,00451	HOLD	98,2349	140,4949
2022-05-10	18:00	31305,27	31828,24	31249,09	31622,24	LONG	0,00167	5981,87	0,00451	HOLD	98,2349	141,0243
2022-05-10	19:00	31622,24	32311,22	31518,17	32158,11	LONG	0,00167	5981,87	0,00451	HOLD	98,2349	141,9192
2022-05-10	20:00	32158,12	32383,8	31540	31815,77	LONG	0,00167	5981,87	0,00451	HOLD	98,2349	141,3475
2022-05-10	21:00	31815,76	32194,66	30819,98	31085,34	LONG	0,00167	5981,87	0,00451	HOLD	98,2349	140,1277
2022-05-10	22:00	31085,33	31536,12	30860	31320	LONG	0,00167	5981,87	0,00451	HOLD	98,2349	140,5195
2022-05-10	23:00	31320	31447,97	30962,9	31217,91	LONG	0,00167	5981,87	0,00451	HOLD	98,2349	140,3491
2022-05-11	00:00	31217,92	31805,15	31198,37	31682,51	LONG	0,00167	5981,87	0,00451	HOLD	98,2349	141,1249
2022-05-11	01:00	31683,41	31787,59	31415,75	31624,51	LONG	0,00167	5981,87	0,00451	HOLD	98,2349	141,0281
2022-05-11	02:00	31624,52	31700	31205,39	31330,03	LONG	0,00167	5981,87	0,00451	HOLD	98,2349	140,5363
2022-05-11	03:00	31330	31353,43	30914,56	31009,27	LONG	0,00167	5981,87	0,00451	HOLD	98,2349	140,0006
2022-05-11	04:00	31009,28	31152,28	30239,04	30239,04	LONG	0,00167	5981,87	0,00451	HOLD	98,2349	138,7143
2022-05-11	05:00	30239,04	30948,83	30147,78	30785,18	LONG	0,00167	5981,87	0,00451	HOLD	98,2349	139,6264
2022-05-11	06:00	30785,18	31260,97	30691,34	31017,1	LONG	0,00167	5981,87	0,00451	HOLD	98,2349	140,0137
2022-05-11	07:00	31017,11	31348,91	30802,28	31043,78	LONG	0,00167	5981,87	0,00451	HOLD	98,2349	140,0583
2022-05-11	08:00	31043,79	31093,31	30695,09	30768,31	LONG	0,00167	5981,87	0,00451	HOLD	98,2349	139,5982
2022-05-11	09:00	30768,31	31545,19	30626,22	31479,82	LONG	0,00167	5981,87	0,00451	HOLD	98,2349	140,7864
2022-05-11	10:00	31479,82	31691,89	31157,77	31205,96	LONG	0,00167	5981,87	0,00451	HOLD	98,2349	140,3291
2022-05-11	11:00	31205,95	31398,24	31049,25	31218,02	LONG	0,00167	5981,87	0,00451	HOLD	98,2349	140,3492
2022-05-11	12:00	31218,01	31888,85	31077,32	31438,77	LONG	0,00167	5981,87	0,00451	HOLD	98,2349	140,7179
2022-05-11	13:00	31438,77	31522,44	30351,09	30498,04	LONG	0,00167	5981,87	0,00451	HOLD	98,2349	139,1469
2022-05-11	14:00	30498,04	30808,64	30200	30614,99	LONG	0,00167	5981,87	0,00451	HOLD	98,2349	139,3422
2022-05-11	15:00	30614,99	31419,88	30376,61	31406,8	LONG	0,00167	5981,87	0,00451	HOLD	98,2349	140,6645
2022-05-11	16:00	31406,79	31789,47	31089,81	31755,24	LONG	0,00167	5981,87	0,00451	HOLD	98,2349	141,2464
2022-05-11	17:00	31755,25	32162,59	31579,44	31843,87	LONG	0,00167	5981,87	0,00451	HOLD	98,2349	141,3944
2022-05-11	18:00	31843,87	31906,53	31467,35	31533,15	LONG	0,00167	5981,87	0,00451	HOLD	98,2349	140,8755
2022-05-11	19:00	31533,14	31785,51	29039,54	29329,3	LONG	0,00167	5981,87	0,00451	HOLD	98,2349	137,1951
2022-05-11	20:00	29329,3	31888,77	29150,67	31231,96	LONG	0,00167	5981,87	0,00451	HOLD	98,2349	140,3725
2022-05-11	21:00	31228,05	32000	30700	31811,78	LONG	0,00167	5981,87	0,00451	HOLD	98,2349	141,3408
2022-05-11	22:00	31811,78	31850	30783,74	30977,61	LONG	0,00167	5981,87	0,00451	HOLD	98,2349	139,9478
2022-05-11	23:00	30977,61	31131,58	30206,3	30327,19	LONG	0,00167	5981,87	0,00451	HOLD	98,2349	138,8615
2022-05-12	00:00	30327,2	30380	29402	29924,38	LONG	0,00167	5981,87	0,00451	HOLD	98,2349	138,1889
2022-05-12	01:00	29924,38	30266,1	29750	29915,9	LONG	0,00167	5981,87	0,00451	HOLD	98,2349	138,1747
2022-05-12	02:00	29915,9	30046	29190	29372,22	LONG	0,00167	5981,87	0,00451	HOLD	98,2349	137,2667
2022-05-12	03:00	29372,21	29652,63	28200	28486,14	LONG	0,00167	5981,87	0,00451	HOLD	98,2349	135,787
2022-05-12	04:00	28499,94	29361,19	27785	29117,98	LONG	0,00167	5981,87	0,00451	HOLD	98,2349	136,8422
2022-05-12	05:00	29117,98	29358,58	28537,73	28863,11	LONG	0,00167	5981,87	0,00451	HOLD	98,2349	136,4165
2022-05-12	06:00	28863,12	29130,36	28629,4	29103,94	LONG	0,00167	5981,87	0,00451	HOLD	98,2349	136,8187
2022-05-12	07:00	29103,94	30243	28963,61	29831,35	LONG	0,00167	5981,87	0,00451	HOLD	98,2349	138,0335
2022-05-12	08:00	29831,36	30018,2	29113,01	29227,17	LONG	0,00167	5981,87	0,00451	HOLD	98,2349	137,0245
2022-05-12	09:00	29227,18	29474,29	28691,5	28809,82	LONG	0,00167	5981,87	0,00451	HOLD	98,2349	136,3275
2022-05-12	10:00	28809,83	29000,01	28367,07	28406,15	LONG	0,00167	5981,87	0,00451	HOLD	98,2349	135,6534
2022-05-12	11:00	28406,15	28478,7	27113	27793,62	LONG	0,00167	5981,87	0,00451	HOLD	98,2349	134,6305
2022-05-12	12:00	27793,63	27867,97	26700	27128,94	LONG	0,00167	5981,87	0,00451	HOLD	98,2349	133,5205
2022-05-12	13:00	27128,93	27999,73	26973,28	27114,84	LONG	0,00167	5981,87	0,00451	HOLD	98,2349	133,4969
2022-05-12	14:00	27114,84	28643,93	26750	28193,4	LONG	0,00167	5981,87	0,00451	HOLD	98,2349	135,2981
2022-05-12	15:00	28193,4	28323,9	27477,7	28112,8	LONG	0,00167	5981,87	0,00451	HOLD	98,2349	135,1635
2022-05-12	16:00	28112,81	28535,07	27906,64	28061,73	LONG	0,00167	5981,87	0,00451	HOLD	98,2349	135,0782
2022-05-12	17:00	28061,74	28929,85	27750	28622,32	LONG	0,00167	5981,87	0,00451	HOLD	98,2349	136,0144
2022-05-12	18:00	28622,31	29294	28325	28472,98	LONG	0,00167	5981,87	0,00451	HOLD	98,2349	135,765
2022-05-12	19:00	28472,98	28777,28	27955	28506,3	LONG	0,00167	5981,87	0,00451	HOLD	98,2349	135,8207
2022-05-12	20:00	28506,3	28891	27902,95	28208,31	LONG	0,00167	5981,87	0,00451	HOLD	98,2349	135,323
2022-05-12	21:00	28208,32	29672,35	27970,82	29580,94	LONG	0,00167	5981,87	0,00451	HOLD	98,2349	137,6153
2022-05-12	22:00	29580,94	29813	29018,94	29021,27	LONG	0,00167	5981,87	0,00451	HOLD	98,2349	136,6807
2022-05-12	23:00	29021,26	29967,03	28928,58	29701,1	LONG	0,00167	5981,87	0,00451	HOLD	98,2349	137,816
2022-05-13	00:00	29708,84	29763,41	28536,41	28648,87	LONG	0,00167	5981,87	0,00451	HOLD	98,2349	136,0588
2022-05-13	01:00	28648,86	28812,06	28186,74	28352,18	LONG	0,00167	5981,87	0,00451	HOLD	98,2349	135,5633
2022-05-13	02:00	28352,19	28897,19	28286,56	28641,15	LONG	0,00167	5981,87	0,00451	HOLD	98,2349	136,0459
2022-05-13	03:00	28640	28982,48	28500	28617,1	LONG	0,00167	5981,87	0,00451	HOLD	98,2349	136,0057
2022-05-13	04:00	28614,38	28623,38	28001	28445,2	LONG	0,00167	5981,87	0,00451	HOLD	98,2349	135,7186
2022-05-13	05:00	28445,2	28843,7	28344,98	28821,52	LONG	0,00167	5981,87	0,00451	HOLD	98,2349	136,3471
2022-05-13	06:00	28824,1	29300	28821,2	29029,75	LONG	0,00167	5981,87	0,00451	HOLD	98,2349	136,6948
2022-05-13	07:00	29029,74	29605	28751,67	29545,39	LONG	0,00167	5981,87	0,00451	HOLD	98,2349	137,5559
2022-05-13	08:00	29545,38	29747,7	29255,25	29522,93	LONG	0,00167	5981,87	0,00451	HOLD	98,2349	137,5184
2022-05-13	09:00	29522,94	30225,02	29420,01	30140,97	LONG	0,00167	5981,87	0,00451	HOLD	98,2349	138,5506
2022-05-13	10:00	30140,98	30800	30025	30582,54	LONG	0,00167	5981,87	0,00451	HOLD	98,2349	139,288
2022-05-13	11:00	30582,54	30624,77	30266,92	30471,6	LONG	0,00167	5981,87	0,00451	HOLD	98,2349	139,1027
2022-05-13	12:00	30471,59	31083,37	30425,85	30532,64	LONG	0,00167	5981,87	0,00451	HOLD	98,2349	139,2047
2022-05-13	13:00	30531,19	30690	30327,56	30390,75	LONG	0,00167	5981,87	0,00451	HOLD	98,2349	138,9677
2022-05-13	14:00	30390,76	30513,12	30154,24	30171,13	LONG	0,00167	5981,87	0,00451	HOLD	98,2349	138,6009
2022-05-13	15:00	30171,13	30459,15	30171,13	30335,38	LONG	0,00167	5981,87	0,00451	HOLD	98,2349	138,8752
2022-05-13	16:00	30335,38	30767,38	30333,33	30442,54	LONG	0,00167	5981,87	0,00451	HOLD	98,2349	139,0542
2022-05-13	17:00	30442,54	30600,69	30180	30475,72	LONG	0,00167	5981,87	0,00451	HOLD	98,2349	139,1096
2022-05-13	18:00	30475,71	30762,71	30246,92	30668,08	LONG	0,00167	5981,87	0,00451	HOLD	98,2349	139,4308
2022-05-13	19:00	30668,07	30837	30451	30719,31	LONG	0,00167	5981,87	0,00451	HOLD	98,2349	139,5164
2022-05-13	20:00	30719,3	30870	30346,51	30749,99	LONG	0,00167	5981,87	0,00451	HOLD	98,2349	139,5676
2022-05-13	21:00	30750	31033	30619	30692,08	LONG	0,00167	5981,87	0,00451	HOLD	98,2349	139,4709
2022-05-13	22:00	30692,08	30730	30227,62	30339,99	LONG	0,00167	5981,87	0,00451	HOLD	98,2349	138,8829
2022-05-13	23:00	30340	30537,78	29733	29939,96	LONG	0,00167	5981,87	0,00451	HOLD	98,2349	138,2149
2022-05-14	00:00	29939,96	30299	29561	29599,65	LONG	0,00167	5981,87	0,00451	HOLD	98,2349	137,6466
2022-05-14	01:00	29599,65	30250	29382,66	30131,98	LONG	0,00167	5981,87	0,00451	HOLD	98,2349	138,5355
2022-05-14	02:00	30131,99	30236,81	29950,07	30084,11	LONG	0,00167	5981,87	0,00451	HOLD	98,2349	138,4556
2022-05-14	03:00	30084,1	30125,02	29781,73	29798,11	LONG	0,00167	5981,87	0,00451	HOLD	98,2349	137,978
2022-05-14	04:00	29798,11	30100	29704,13	30046,65	LONG	0,00167	5981,87	0,00451	HOLD	98,2349	138,393
2022-05-14	05:00	30046,65	30139,16	29801	29809,47	LONG	0,00167	5981,87	0,00451	HOLD	98,2349	137,997
2022-05-14	06:00	29809,47	29850	29200	29287,05	LONG	0,00167	5981,87	0,00451	HOLD	98,2349	137,1245
2022-05-14	07:00	29287,05	29622,69	29219,37	29507,47	LONG	0,00167	5981,87	0,00451	HOLD	98,2349	137,4926
2022-05-14	08:00	29507,47	29824,69	29368,23	29706,36	LONG	0,00167	5981,87	0,00451	HOLD	98,2349	137,8248
2022-05-14	09:00	29706,35	29769,27	29513,37	29524,44	LONG	0,00167	5981,87	0,00451	HOLD	98,2349	137,521
2022-05-14	10:00	29524,45	29688	29466,84	29569,89	LONG	0,00167	5981,87	0,00451	HOLD	98,2349	137,5969
2022-05-14	11:00	29569,89	29591,71	29200	29355,87	LONG	0,00167	5981,87	0,00451	HOLD	98,2349	137,2394
2022-05-14	12:00	29355,87	29526,83	29271,84	29451,96	LONG	0,00167	5981,87	0,00451	HOLD	98,2349	137,3999
2022-05-14	13:00	29451,95	29611,7	29390,2	29510,26	LONG	0,00167	5981,87	0,00451	HOLD	98,2349	137,4973
2022-05-14	14:00	29510,26	29584,1	29400	29431,59	LONG	0,00167	5981,87	0,00451	HOLD	98,2349	137,3659
2022-05-14	15:00	29431,58	29599,51	29361,01	29538,33	LONG	0,00167	5981,87	0,00451	HOLD	98,2349	137,5442
2022-05-14	16:00	29538,32	29599,41	29364	29495,68	LONG	0,00167	5981,87	0,00451	HOLD	98,2349	137,4729
2022-05-14	17:00	29495,69	29590,99	29252,19	29321,18	LONG	0,00167	5981,87	0,00451	HOLD	98,2349	137,1815
2022-05-14	18:00	29321,18	29374,14	28830	29074,24	LONG	0,00167	5981,87	0,00451	HOLD	98,2349	136,7691
2022-05-14	19:00	29074,24	29260,29	28949,35	29102,21	LONG	0,00167	5981,87	0,00451	HOLD	98,2349	136,8158
2022-05-14	20:00	29102,21	29169,1	28786,76	28835,22	LONG	0,00167	5981,87	0,00451	HOLD	98,2349	136,37
2022-05-14	21:00	28835,23	28981,5	28660,76	28942,74	LONG	0,00167	5981,87	0,00451	HOLD	98,2349	136,5495
2022-05-14	22:00	28942,73	29098,08	28768	28818,06	LONG	0,00167	5981,87	0,00451	HOLD	98,2349	136,3413
2022-05-14	23:00	28818,05	29694,15	28630	29351,51	LONG	0,00167	5981,87	0,00451	HOLD	98,2349	137,2322
2022-05-15	00:00	29351,5	29626,06	29250	29613,1	LONG	0,00167	5981,87	0,00451	HOLD	98,2349	137,669
2022-05-15	01:00	29613,09	29942,82	29464,07	29526,58	LONG	0,00167	5981,87	0,00451	HOLD	98,2349	137,5245
2022-05-15	02:00	29526,57	29650	29285,19	29338,78	LONG	0,00167	5981,87	0,00451	HOLD	98,2349	137,2109
2022-05-15	03:00	29338,79	29653,69	29300	29380,36	LONG	0,00167	5981,87	0,00451	HOLD	98,2349	137,2803
2022-05-15	04:00	29380,36	29886,68	29365,2	29701,15	LONG	0,00167	5981,87	0,00451	HOLD	98,2349	137,8161
2022-05-15	05:00	29701,15	30343,27	29578,28	30239,33	LONG	0,00167	5981,87	0,00451	HOLD	98,2349	138,7148
2022-05-15	06:00	30239,33	30300	29900	30086,74	LONG	0,00167	5981,87	0,00451	HOLD	98,2349	138,46
2022-05-15	07:00	30086,74	30273,21	29933,73	29963,54	LONG	0,00167	5981,87	0,00451	HOLD	98,2349	138,2543
2022-05-15	08:00	29963,55	29996,62	29818,85	29936,69	LONG	0,00167	5981,87	0,00451	HOLD	98,2349	138,2094
2022-05-15	09:00	29936,7	30076,08	29746	29849,99	LONG	0,00167	5981,87	0,00451	HOLD	98,2349	138,0646
2022-05-15	10:00	29850	29900,69	29553,47	29721,65	LONG	0,00167	5981,87	0,00451	HOLD	98,2349	137,8503
2022-05-15	11:00	29721,66	29799	29480	29614,12	LONG	0,00167	5981,87	0,00451	HOLD	98,2349	137,6707
2022-05-15	12:00	29614,11	29839,56	29495,62	29802,34	LONG	0,00167	5981,87	0,00451	HOLD	98,2349	137,9851
2022-05-15	13:00	29802,33	30008,33	29716,46	29961,08	LONG	0,00167	5981,87	0,00451	HOLD	98,2349	138,2501
2022-05-15	14:00	29961,08	30061,54	29785,56	29825,99	LONG	0,00167	5981,87	0,00451	HOLD	98,2349	138,0245
2022-05-15	15:00	29826	29859,55	29547,48	29587,86	LONG	0,00167	5981,87	0,00451	HOLD	98,2349	137,6269
2022-05-15	16:00	29587,86	29794,53	29551,92	29757,22	LONG	0,00167	5981,87	0,00451	HOLD	98,2349	137,9097
2022-05-15	17:00	29757,23	29952,01	29564,47	29947,03	LONG	0,00167	5981,87	0,00451	HOLD	98,2349	138,2267
2022-05-15	18:00	29947,04	30327,68	29783,78	30241,46	LONG	0,00167	5981,87	0,00451	HOLD	98,2349	138,7184
2022-05-15	19:00	30241,46	30561,37	30178,55	30310	LONG	0,00167	5981,87	0,00451	HOLD	98,2349	138,8328
2022-05-15	20:00	30309,99	30400	30100	30181,92	LONG	0,00167	5981,87	0,00451	HOLD	98,2349	138,6189
2022-05-15	21:00	30181,92	30223,34	29782,01	29974,67	LONG	0,00167	5981,87	0,00451	HOLD	98,2349	138,2728
2022-05-15	22:00	29974,67	30178,41	29847,82	30013,47	LONG	0,00167	5981,87	0,00451	HOLD	98,2349	138,3376
2022-05-15	23:00	30013,46	30296,36	29950,01	30213,05	LONG	0,00167	5981,87	0,00451	HOLD	98,2349	138,6709
2022-05-16	00:00	30213,05	30293,22	29962,95	29990	LONG	0,00167	5981,87	0,00451	HOLD	98,2349	138,2984
2022-05-16	01:00	29990,01	30423	29936,49	30312,1	LONG	0,00167	5981,87	0,00451	HOLD	98,2349	138,8363
2022-05-16	02:00	30312,11	30500	30190	30457,88	LONG	0,00167	5981,87	0,00451	HOLD	98,2349	139,0798
2022-05-16	03:00	30457,88	31180	30355,22	31058,19	LONG	0,00167	5981,87	0,00451	HOLD	98,2349	140,0823
2022-05-16	04:00	31058,19	31220	30858,01	31075,87	LONG	0,00167	5981,87	0,00451	HOLD	98,2349	140,1118
2022-05-16	05:00	31075,87	31460	31075,36	31090,7	LONG	0,00167	5981,87	0,00451	HOLD	98,2349	140,1366
2022-05-16	06:00	31090,7	31397,93	31047,61	31328,89	LONG	0,00167	5981,87	0,00451	HOLD	98,2349	140,5344
2022-05-16	07:00	31328,89	31328,9	31048	31111,5	LONG	0,00167	5981,87	0,00451	HOLD	98,2349	140,1713
2022-05-16	08:00	31111,5	31159,52	30686,55	30776,06	LONG	0,00167	5981,87	0,00451	HOLD	98,2349	139,6112
2022-05-16	09:00	30776,05	30780	30376	30496,35	LONG	0,00167	5981,87	0,00451	HOLD	98,2349	139,144
2022-05-16	10:00	30496,36	30520,87	30211,32	30323,23	LONG	0,00167	5981,87	0,00451	HOLD	98,2349	138,8549
2022-05-16	11:00	30323,23	30443,04	30132,86	30330,01	LONG	0,00167	5981,87	0,00451	HOLD	98,2349	138,8663
2022-05-16	12:00	30330	30473,31	30250,01	30291,11	LONG	0,00167	5981,87	0,00451	HOLD	98,2349	138,8013
2022-05-16	13:00	30291,12	30291,12	29376,2	29578,31	LONG	0,00167	5981,87	0,00451	HOLD	98,2349	137,6109
2022-05-16	14:00	29578,3	29741,28	29258	29593,89	LONG	0,00167	5981,87	0,00451	HOLD	98,2349	137,6369
2022-05-16	15:00	29593,89	29900	29574,06	29797,9	LONG	0,00167	5981,87	0,00451	HOLD	98,2349	137,9776
2022-05-16	16:00	29797,9	29797,91	29470	29611,29	LONG	0,00167	5981,87	0,00451	HOLD	98,2349	137,666
2022-05-16	17:00	29611,29	30205	29433,9	30177,89	LONG	0,00167	5981,87	0,00451	HOLD	98,2349	138,6122
2022-05-16	18:00	30177,89	30202,18	29918,81	29950,95	LONG	0,00167	5981,87	0,00451	HOLD	98,2349	138,2332
2022-05-16	19:00	29950,95	30252,77	29583,83	29893,45	LONG	0,00167	5981,87	0,00451	HOLD	98,2349	138,1372
2022-05-16	20:00	29893,44	30082,91	29450	29519,14	LONG	0,00167	5981,87	0,00451	HOLD	98,2349	137,5121
2022-05-16	21:00	29519,14	29842,88	29450,53	29489,45	LONG	0,00167	5981,87	0,00451	HOLD	98,2349	137,4625
2022-05-16	22:00	29489,46	29734,63	29313,48	29676,56	LONG	0,00167	5981,87	0,00451	HOLD	98,2349	137,775
2022-05-16	23:00	29676,56	29746,26	29087,04	29317,97	LONG	0,00167	5981,87	0,00451	HOLD	98,2349	137,1762
2022-05-17	00:00	29317,98	29819,72	29255,68	29727,47	LONG	0,00167	5981,87	0,00451	HOLD	98,2349	137,86
2022-05-17	01:00	29727,47	29985,3	29673,67	29906,86	LONG	0,00167	5981,87	0,00451	HOLD	98,2349	138,1596
2022-05-17	02:00	29906,86	29976,94	29543,27	29576,7	LONG	0,00167	5981,87	0,00451	HOLD	98,2349	137,6082
2022-05-17	03:00	29576,7	29958,18	29543,46	29943,48	LONG	0,00167	5981,87	0,00451	HOLD	98,2349	138,2208
2022-05-17	04:00	29943,47	30259,78	29906,59	30170	LONG	0,00167	5981,87	0,00451	HOLD	98,2349	138,599
2022-05-17	05:00	30170,01	30225,94	29980,02	30018,45	LONG	0,00167	5981,87	0,00451	HOLD	98,2349	138,346
2022-05-17	06:00	30018,45	30107,85	29827,92	29874,01	LONG	0,00167	5981,87	0,00451	HOLD	98,2349	138,1047
2022-05-17	07:00	29874,01	30227,79	29807,16	30150,03	LONG	0,00167	5981,87	0,00451	HOLD	98,2349	138,5657
2022-05-17	08:00	30150,03	30180,78	29780,97	29998,27	LONG	0,00167	5981,87	0,00451	HOLD	98,2349	138,3123
2022-05-17	09:00	29998,26	30140,89	29894,72	30065	LONG	0,00167	5981,87	0,00451	HOLD	98,2349	138,4237
2022-05-17	10:00	30064,99	30508	30020,3	30363,59	LONG	0,00167	5981,87	0,00451	HOLD	98,2349	138,9223
2022-05-17	11:00	30363,59	30438,95	30244,52	30384,61	LONG	0,00167	5981,87	0,00451	HOLD	98,2349	138,9574
2022-05-17	12:00	30384,61	30530	30282,76	30466,17	LONG	0,00167	5981,87	0,00451	HOLD	98,2349	139,0936
2022-05-17	13:00	30466,17	30544,8	30351,14	30529,99	LONG	0,00167	5981,87	0,00451	HOLD	98,2349	139,2002
2022-05-17	14:00	30530	30578,14	30352	30412,06	LONG	0,00167	5981,87	0,00451	HOLD	98,2349	139,0033
2022-05-17	15:00	30412,05	30788,37	30395	30577,16	LONG	0,00167	5981,87	0,00451	HOLD	98,2349	139,279
2022-05-17	16:00	30577,16	30732,97	30566,92	30643,05	LONG	0,00167	5981,87	0,00451	HOLD	98,2349	139,389
2022-05-17	17:00	30643,05	30650,3	30448,48	30456,89	LONG	0,00167	5981,87	0,00451	HOLD	98,2349	139,0781
2022-05-17	18:00	30456,89	30529,69	30271,21	30319,47	LONG	0,00167	5981,87	0,00451	HOLD	98,2349	138,8487
2022-05-17	19:00	30319,48	30650	30290	30585,44	LONG	0,00167	5981,87	0,00451	HOLD	98,2349	139,2928
2022-05-17	20:00	30585,45	30748	30388,22	30516,67	LONG	0,00167	5981,87	0,00451	HOLD	98,2349	139,178
2022-05-17	21:00	30516,66	30557,48	29944,48	30066,01	LONG	0,00167	5981,87	0,00451	HOLD	98,2349	138,4254
2022-05-17	22:00	30066,01	30232,8	29976,37	30153,74	LONG	0,00167	5981,87	0,00451	HOLD	98,2349	138,5719
2022-05-17	23:00	30153,74	30223	29883,91	30145,93	LONG	0,00167	5981,87	0,00451	HOLD	98,2349	138,5588
2022-05-18	00:00	30145,93	30272,38	30084,72	30090,76	LONG	0,00167	5981,87	0,00451	HOLD	98,2349	138,4667
2022-05-18	01:00	30090,75	30244	29450,38	29851,95	LONG	0,00167	5981,87	0,00451	HOLD	98,2349	138,0679
2022-05-18	02:00	29851,95	30320	29807,45	30097,09	LONG	0,00167	5981,87	0,00451	HOLD	98,2349	138,4773
2022-05-18	03:00	30097,1	30219,51	30045,85	30106,56	LONG	0,00167	5981,87	0,00451	HOLD	98,2349	138,4931
2022-05-18	04:00	30106,56	30669	30080	30551,79	LONG	0,00167	5981,87	0,00451	HOLD	98,2349	139,2366
2022-05-18	05:00	30551,8	30609,25	30237,18	30351,47	LONG	0,00167	5981,87	0,00451	HOLD	98,2349	138,9021
2022-05-18	06:00	30351,46	30569,99	30351,46	30444,93	LONG	0,00167	5981,87	0,00451	HOLD	98,2349	139,0582
2022-05-18	07:00	30444,93	30709,99	30416,34	30501,58	LONG	0,00167	5981,87	0,00451	HOLD	98,2349	139,1528
2022-05-18	08:00	30501,57	30513,77	30063,18	30125,4	LONG	0,00167	5981,87	0,00451	HOLD	98,2349	138,5246
2022-05-18	09:00	30125,41	30237,27	30087,7	30216,22	LONG	0,00167	5981,87	0,00451	HOLD	98,2349	138,6762
2022-05-18	10:00	30216,22	30221,41	29732,49	29831,4	LONG	0,00167	5981,87	0,00451	HOLD	98,2349	138,0336
2022-05-18	11:00	29831,4	29934,13	29754,6	29830	LONG	0,00167	5981,87	0,00451	HOLD	98,2349	138,0312
2022-05-18	12:00	29829,99	30051,02	29799,99	30032,2	LONG	0,00167	5981,87	0,00451	HOLD	98,2349	138,3689
2022-05-18	13:00	30032,19	30090,51	29739,02	29742,23	LONG	0,00167	5981,87	0,00451	HOLD	98,2349	137,8847
2022-05-18	14:00	29742,23	29918,2	29682,97	29910,25	LONG	0,00167	5981,87	0,00451	HOLD	98,2349	138,1653
2022-05-18	15:00	29910,25	29952,93	29742,99	29875,17	LONG	0,00167	5981,87	0,00451	HOLD	98,2349	138,1067
2022-05-18	16:00	29875,17	30023,85	29760,42	29957,35	LONG	0,00167	5981,87	0,00451	HOLD	98,2349	138,2439
2022-05-18	17:00	29957,34	30046,79	29903,37	29950,93	LONG	0,00167	5981,87	0,00451	HOLD	98,2349	138,2332
2022-05-18	18:00	29950,94	29972,08	29753,66	29833,58	LONG	0,00167	5981,87	0,00451	HOLD	98,2349	138,0372
2022-05-18	19:00	29833,59	29909,66	29514,13	29549,51	LONG	0,00167	5981,87	0,00451	HOLD	98,2349	137,5628
2022-05-18	20:00	29549,5	29680	29289,23	29348,78	LONG	0,00167	5981,87	0,00451	HOLD	98,2349	137,2276
2022-05-18	21:00	29348,79	29500	29064,74	29240,01	LONG	0,00167	5981,87	0,00451	HOLD	98,2349	137,046
2022-05-18	22:00	29240	29241,85	28875	28984,99	LONG	0,00167	5981,87	0,00451	HOLD	98,2349	136,6201
2022-05-18	23:00	28984,98	29290	28750	29222,94	LONG	0,00167	5981,87	0,00451	HOLD	98,2349	137,0175
2022-05-19	00:00	29222,93	29227,43	28929,41	28986,62	LONG	0,00167	5981,87	0,00451	HOLD	98,2349	136,6228
2022-05-19	01:00	28986,63	29263,24	28881,35	29207,12	LONG	0,00167	5981,87	0,00451	HOLD	98,2349	136,991
2022-05-19	02:00	29207,12	29538,19	29185	29276,55	LONG	0,00167	5981,87	0,00451	HOLD	98,2349	137,107
2022-05-19	03:00	29276,55	29293,4	28960,87	29236,47	LONG	0,00167	5981,87	0,00451	HOLD	98,2349	137,04
2022-05-19	04:00	29236,48	29349,21	29100	29208,32	LONG	0,00167	5981,87	0,00451	HOLD	98,2349	136,993
2022-05-19	05:00	29208,31	29411,07	28911,05	28976,15	LONG	0,00167	5981,87	0,00451	HOLD	98,2349	136,6053
2022-05-19	06:00	28976,15	29100	28654,47	28715,32	LONG	0,00167	5981,87	0,00451	HOLD	98,2349	136,1697
2022-05-19	07:00	28715,33	29056,56	28700,01	28915,78	LONG	0,00167	5981,87	0,00451	HOLD	98,2349	136,5045
2022-05-19	08:00	28915,79	29044,29	28723	28766,72	LONG	0,00167	5981,87	0,00451	HOLD	98,2349	136,2556
2022-05-19	09:00	28766,73	29337,52	28691,38	29167,98	LONG	0,00167	5981,87	0,00451	HOLD	98,2349	136,9257
2022-05-19	10:00	29167,97	29322,8	29086,8	29196,78	LONG	0,00167	5981,87	0,00451	HOLD	98,2349	136,9738
2022-05-19	11:00	29196,77	29286,32	29085,26	29096,77	LONG	0,00167	5981,87	0,00451	HOLD	98,2349	136,8067
2022-05-19	12:00	29096,77	29200	29029,88	29059,99	LONG	0,00167	5981,87	0,00451	HOLD	98,2349	136,7453
2022-05-19	13:00	29059,99	29432,8	29059,99	29319,92	LONG	0,00167	5981,87	0,00451	HOLD	98,2349	137,1794
2022-05-19	14:00	29319,92	29353,8	29084	29192,13	LONG	0,00167	5981,87	0,00451	HOLD	98,2349	136,966
2022-05-19	15:00	29192,13	29259,46	28950,06	28966,75	LONG	0,00167	5981,87	0,00451	HOLD	98,2349	136,5896
2022-05-19	16:00	28966,75	29061,94	28855,42	29010	LONG	0,00167	5981,87	0,00451	HOLD	98,2349	136,6618
2022-05-19	17:00	29009,99	29274,12	28932,63	29205,84	LONG	0,00167	5981,87	0,00451	HOLD	98,2349	136,9889
2022-05-19	18:00	29205,84	29540	29122,08	29500,2	LONG	0,00167	5981,87	0,00451	HOLD	98,2349	137,4805
2022-05-19	19:00	29499,81	29659,33	29380,89	29498,45	LONG	0,00167	5981,87	0,00451	HOLD	98,2349	137,4776
2022-05-19	20:00	29498,45	29777	29353,82	29517,33	LONG	0,00167	5981,87	0,00451	HOLD	98,2349	137,5091
2022-05-19	21:00	29517,32	29900	29504,68	29867,71	LONG	0,00167	5981,87	0,00451	HOLD	98,2349	138,0942
2022-05-19	22:00	29867,7	30545,18	29802,72	30389,45	LONG	0,00167	5981,87	0,00451	HOLD	98,2349	138,9655
2022-05-19	23:00	30389,45	30456,56	30086,84	30153,02	LONG	0,00167	5981,87	0,00451	HOLD	98,2349	138,5707
2022-05-20	00:00	30153,02	30266,41	29961,7	30191,17	LONG	0,00167	5981,87	0,00451	HOLD	98,2349	138,6344
2022-05-20	01:00	30191,17	30357,81	30136,74	30224,06	LONG	0,00167	5981,87	0,00451	HOLD	98,2349	138,6893
2022-05-20	02:00	30224,06	30306,64	29967,2	29967,4	LONG	0,00167	5981,87	0,00451	HOLD	98,2349	138,2607
2022-05-20	03:00	29967,4	30270,2	29950,45	30270,19	LONG	0,00167	5981,87	0,00451	HOLD	98,2349	138,7664
2022-05-20	04:00	30270,2	30486,57	30204,13	30276,23	LONG	0,00167	5981,87	0,00451	HOLD	98,2349	138,7764
2022-05-20	05:00	30276,24	30278,95	30110	30185,18	LONG	0,00167	5981,87	0,00451	HOLD	98,2349	138,6244
2022-05-20	06:00	30185,18	30450,11	30153,6	30319,23	LONG	0,00167	5981,87	0,00451	HOLD	98,2349	138,8483
2022-05-20	07:00	30319,22	30363,69	30142,93	30264,01	LONG	0,00167	5981,87	0,00451	HOLD	98,2349	138,756
2022-05-20	08:00	30264	30777,33	30130,48	30475,57	LONG	0,00167	5981,87	0,00451	HOLD	98,2349	139,1093
2022-05-20	09:00	30475,58	30512,8	30228,63	30336,34	LONG	0,00167	5981,87	0,00451	HOLD	98,2349	138,8768
2022-05-20	10:00	30336,34	30345,24	30136,08	30175,03	LONG	0,00167	5981,87	0,00451	HOLD	98,2349	138,6074
2022-05-20	11:00	30175,04	30249,1	30012	30099,67	LONG	0,00167	5981,87	0,00451	HOLD	98,2349	138,4816
2022-05-20	12:00	30099,66	30194,27	30025,45	30185,39	LONG	0,00167	5981,87	0,00451	HOLD	98,2349	138,6247
2022-05-20	13:00	30185,39	30187,81	29850,51	30005,76	LONG	0,00167	5981,87	0,00451	HOLD	98,2349	138,3248
2022-05-20	14:00	30005,77	30362,16	29965,21	30256,74	LONG	0,00167	5981,87	0,00451	HOLD	98,2349	138,7439
2022-05-20	15:00	30256,74	30409,89	30151,89	30183,99	LONG	0,00167	5981,87	0,00451	HOLD	98,2349	138,6224
2022-05-20	16:00	30183,99	30390	30110,04	30301,81	LONG	0,00167	5981,87	0,00451	HOLD	98,2349	138,8192
2022-05-20	17:00	30301,81	30430,16	30262,28	30418,99	LONG	0,00167	5981,87	0,00451	HOLD	98,2349	139,0149
2022-05-20	18:00	30418,99	30535,4	30239,08	30414,07	LONG	0,00167	5981,87	0,00451	HOLD	98,2349	139,0066
2022-05-20	19:00	30414,06	30449,98	30080,74	30250,25	LONG	0,00167	5981,87	0,00451	HOLD	98,2349	138,7331
2022-05-20	20:00	30250,25	30425	30103,06	30362,53	LONG	0,00167	5981,87	0,00451	HOLD	98,2349	138,9206
2022-05-20	21:00	30362,55	30367,29	29400	29489,33	LONG	0,00167	5981,87	0,00451	HOLD	98,2349	137,4623
2022-05-20	22:00	29489,32	29491,84	29071,39	29152,9	LONG	0,00167	5981,87	0,00451	HOLD	98,2349	136,9005
2022-05-20	23:00	29152,9	29152,91	28730	28901,08	LONG	0,00167	5981,87	0,00451	HOLD	98,2349	136,4799
2022-05-21	00:00	28901,09	29025,25	28734	28959,22	LONG	0,00167	5981,87	0,00451	HOLD	98,2349	136,577
2022-05-21	01:00	28959,22	29093,32	28813,45	29010	LONG	0,00167	5981,87	0,00451	HOLD	98,2349	136,6618
2022-05-21	02:00	29009,99	29359,23	28934,28	29291,55	LONG	0,00167	5981,87	0,00451	HOLD	98,2349	137,132
2022-05-21	03:00	29291,55	29357,72	29123,77	29141,88	LONG	0,00167	5981,87	0,00451	HOLD	98,2349	136,8821
2022-05-21	04:00	29141,89	29311,38	29134,99	29183,6	LONG	0,00167	5981,87	0,00451	HOLD	98,2349	136,9518
2022-05-21	05:00	29183,59	29326,82	29140	29152,93	LONG	0,00167	5981,87	0,00451	HOLD	98,2349	136,9005
2022-05-21	06:00	29152,93	29391,4	29152	29201,01	LONG	0,00167	5981,87	0,00451	HOLD	98,2349	136,9808
2022-05-21	07:00	29201,01	29347,52	29164,95	29279,17	LONG	0,00167	5981,87	0,00451	HOLD	98,2349	137,1114
2022-05-21	08:00	29279,16	29300	28947,28	29150	LONG	0,00167	5981,87	0,00451	HOLD	98,2349	136,8956
2022-05-21	09:00	29150	29258,57	29076,14	29228,98	LONG	0,00167	5981,87	0,00451	HOLD	98,2349	137,0275
2022-05-21	10:00	29228,97	29288,01	29124,59	29258,18	LONG	0,00167	5981,87	0,00451	HOLD	98,2349	137,0763
2022-05-21	11:00	29258,17	29272,18	29205,23	29255,16	LONG	0,00167	5981,87	0,00451	HOLD	98,2349	137,0713
2022-05-21	12:00	29255,16	29325	29223,52	29286,28	LONG	0,00167	5981,87	0,00451	HOLD	98,2349	137,1232
2022-05-21	13:00	29286,28	29376,1	29230,03	29362,93	LONG	0,00167	5981,87	0,00451	HOLD	98,2349	137,2512
2022-05-21	14:00	29362,93	29566	29320	29423,18	LONG	0,00167	5981,87	0,00451	HOLD	98,2349	137,3519
2022-05-21	15:00	29423,18	29481,1	29357,76	29375,04	LONG	0,00167	5981,87	0,00451	HOLD	98,2349	137,2715
2022-05-21	16:00	29375,04	29384,31	29246,74	29342,89	LONG	0,00167	5981,87	0,00451	HOLD	98,2349	137,2178
2022-05-21	17:00	29342,88	29432,29	29218,49	29299,87	LONG	0,00167	5981,87	0,00451	HOLD	98,2349	137,1459
2022-05-21	18:00	29299,88	29319,99	29168,68	29288	LONG	0,00167	5981,87	0,00451	HOLD	98,2349	137,1261
2022-05-21	19:00	29288	29347,56	29190	29293,05	LONG	0,00167	5981,87	0,00451	HOLD	98,2349	137,1345
2022-05-21	20:00	29293,04	29371,28	29240	29308,93	LONG	0,00167	5981,87	0,00451	HOLD	98,2349	137,1611
2022-05-21	21:00	29308,94	29484,9	29258,99	29405,92	LONG	0,00167	5981,87	0,00451	HOLD	98,2349	137,323
2022-05-21	22:00	29405,91	29645,7	29277,77	29552,47	LONG	0,00167	5981,87	0,00451	HOLD	98,2349	137,5678
2022-05-21	23:00	29552,47	29656,18	29495,93	29563,17	LONG	0,00167	5981,87	0,00451	HOLD	98,2349	137,5856
2022-05-22	00:00	29563,17	29600	29390,62	29408,74	LONG	0,00167	5981,87	0,00451	HOLD	98,2349	137,3277
2022-05-22	01:00	29408,74	29493,4	29404,25	29478,06	LONG	0,00167	5981,87	0,00451	HOLD	98,2349	137,4435
2022-05-22	02:00	29478,06	29580,02	29428,65	29464,31	LONG	0,00167	5981,87	0,00451	HOLD	98,2349	137,4205
2022-05-22	03:00	29464,32	29523,98	29350	29429,29	LONG	0,00167	5981,87	0,00451	HOLD	98,2349	137,3621
2022-05-22	04:00	29429,29	29464,65	29340	29352,56	LONG	0,00167	5981,87	0,00451	HOLD	98,2349	137,2339
2022-05-22	05:00	29352,55	29414,26	29311,07	29414,26	LONG	0,00167	5981,87	0,00451	HOLD	98,2349	137,337
2022-05-22	06:00	29414,25	29538,66	29408,36	29445,06	LONG	0,00167	5981,87	0,00451	HOLD	98,2349	137,3884
2022-05-22	07:00	29445,07	29505	29396,2	29474,8	LONG	0,00167	5981,87	0,00451	HOLD	98,2349	137,4381
2022-05-22	08:00	29474,81	29545,75	29474,8	29505,7	LONG	0,00167	5981,87	0,00451	HOLD	98,2349	137,4897
2022-05-22	09:00	29505,7	29516,23	29365,88	29400,17	LONG	0,00167	5981,87	0,00451	HOLD	98,2349	137,3134
2022-05-22	10:00	29400,18	29490	29331,26	29363,5	LONG	0,00167	5981,87	0,00451	HOLD	98,2349	137,2522
2022-05-22	11:00	29363,5	29363,51	29255,11	29286,1	LONG	0,00167	5981,87	0,00451	HOLD	98,2349	137,1229
2022-05-22	12:00	29286,09	29418,23	29286,09	29369,68	LONG	0,00167	5981,87	0,00451	HOLD	98,2349	137,2625
2022-05-22	13:00	29369,69	29415	29363,74	29404,73	LONG	0,00167	5981,87	0,00451	HOLD	98,2349	137,321
2022-05-22	14:00	29404,74	29457,89	29358,83	29441,78	LONG	0,00167	5981,87	0,00451	HOLD	98,2349	137,3829
2022-05-22	15:00	29441,78	29594,07	29421,53	29555,02	LONG	0,00167	5981,87	0,00451	HOLD	98,2349	137,572
2022-05-22	16:00	29555,03	30201	29538,16	30140,78	LONG	0,00167	5981,87	0,00451	HOLD	98,2349	138,5502
2022-05-22	17:00	30140,79	30311,31	30102,11	30187,84	LONG	0,00167	5981,87	0,00451	HOLD	98,2349	138,6288
2022-05-22	18:00	30187,84	30259,69	29800	29897,52	LONG	0,00167	5981,87	0,00451	HOLD	98,2349	138,144
2022-05-22	19:00	29897,52	30236,63	29892,18	30170,1	LONG	0,00167	5981,87	0,00451	HOLD	98,2349	138,5992
2022-05-22	20:00	30170,09	30172,67	29974,2	30080	LONG	0,00167	5981,87	0,00451	HOLD	98,2349	138,4487
2022-05-22	21:00	30080	30148,9	29929,98	29964,77	LONG	0,00167	5981,87	0,00451	HOLD	98,2349	138,2563
2022-05-22	22:00	29964,78	29981,25	29668,51	29844,01	LONG	0,00167	5981,87	0,00451	HOLD	98,2349	138,0546
2022-05-22	23:00	29844,01	29973,98	29738,57	29926,67	LONG	0,00167	5981,87	0,00451	HOLD	98,2349	138,1927
2022-05-23	00:00	29926,68	30177,93	29885,52	29931,68	LONG	0,00167	5981,87	0,00451	HOLD	98,2349	138,201
2022-05-23	01:00	29931,67	30053,99	29844,95	30036,19	LONG	0,00167	5981,87	0,00451	HOLD	98,2349	138,3756
2022-05-23	02:00	30036,19	30088,16	29906,79	29936,01	LONG	0,00167	5981,87	0,00451	HOLD	98,2349	138,2083
2022-05-23	03:00	29936,02	30099,21	29910,14	29938,75	LONG	0,00167	5981,87	0,00451	HOLD	98,2349	138,2129
2022-05-23	04:00	29938,75	30079,55	29911,09	30017,71	LONG	0,00167	5981,87	0,00451	HOLD	98,2349	138,3447
2022-05-23	05:00	30017,7	30486,32	30017,7	30275,59	LONG	0,00167	5981,87	0,00451	HOLD	98,2349	138,7754
2022-05-23	06:00	30275,58	30487,99	30275,58	30293,94	LONG	0,00167	5981,87	0,00451	HOLD	98,2349	138,806
2022-05-23	07:00	30293,93	30459,56	30193,53	30280,51	LONG	0,00167	5981,87	0,00451	HOLD	98,2349	138,7836
2022-05-23	08:00	30280,51	30280,52	30167,18	30220	LONG	0,00167	5981,87	0,00451	HOLD	98,2349	138,6825
2022-05-23	09:00	30220	30220	30048,77	30128,5	LONG	0,00167	5981,87	0,00451	HOLD	98,2349	138,5297
2022-05-23	10:00	30128,51	30205,69	30097,28	30171,32	LONG	0,00167	5981,87	0,00451	HOLD	98,2349	138,6012
2022-05-23	11:00	30171,32	30242,22	30101,07	30126,63	LONG	0,00167	5981,87	0,00451	HOLD	98,2349	138,5266
2022-05-23	12:00	30126,64	30330,01	30108,98	30301,46	LONG	0,00167	5981,87	0,00451	HOLD	98,2349	138,8186
2022-05-23	13:00	30301,46	30655	30284,91	30487,77	LONG	0,00167	5981,87	0,00451	HOLD	98,2349	139,1297
2022-05-23	14:00	30487,77	30670,51	30418,98	30457,01	LONG	0,00167	5981,87	0,00451	HOLD	98,2349	139,0783
2022-05-23	15:00	30457,01	30523,51	30281,89	30345,73	LONG	0,00167	5981,87	0,00451	HOLD	98,2349	138,8925
2022-05-23	16:00	30345,73	30520	30299,99	30441,94	LONG	0,00167	5981,87	0,00451	HOLD	98,2349	139,0532
2022-05-23	17:00	30441,94	30556,28	30410,2	30484,01	LONG	0,00167	5981,87	0,00451	HOLD	98,2349	139,1234
2022-05-23	18:00	30484	30616,18	30336,42	30397,11	LONG	0,00167	5981,87	0,00451	HOLD	98,2349	138,9783
2022-05-23	19:00	30397,12	30625,98	30352,18	30385,02	LONG	0,00167	5981,87	0,00451	HOLD	98,2349	138,9581
2022-05-23	20:00	30385,01	30559,56	30160	30323,07	LONG	0,00167	5981,87	0,00451	HOLD	98,2349	138,8547
2022-05-23	21:00	30323,06	30345	29967,07	30256,51	LONG	0,00167	5981,87	0,00451	HOLD	98,2349	138,7435
2022-05-23	22:00	30256,51	30480	30232,52	30373,53	LONG	0,00167	5981,87	0,00451	HOLD	98,2349	138,9389
2022-05-23	23:00	30373,53	30529,9	30162,95	30255,95	LONG	0,00167	5981,87	0,00451	HOLD	98,2349	138,7426
2022-05-24	00:00	30255,96	30256,85	30042,09	30099,22	LONG	0,00167	5981,87	0,00451	HOLD	98,2349	138,4808
2022-05-24	01:00	30099,22	30160	29820,55	29879,36	LONG	0,00167	5981,87	0,00451	HOLD	98,2349	138,1137
2022-05-24	02:00	29879,36	29883,44	29078,3	29089,9	LONG	0,00167	5981,87	0,00451	HOLD	98,2349	136,7953
2022-05-24	03:00	29089,91	29459,45	29041,54	29345,89	LONG	0,00167	5981,87	0,00451	HOLD	98,2349	137,2228
2022-05-24	04:00	29345,88	29499,03	29286,77	29346,34	LONG	0,00167	5981,87	0,00451	HOLD	98,2349	137,2235
2022-05-24	05:00	29346,33	29346,34	29035,58	29211,24	LONG	0,00167	5981,87	0,00451	HOLD	98,2349	136,9979
2022-05-24	06:00	29211,24	29211,25	28866,35	29109,15	LONG	0,00167	5981,87	0,00451	HOLD	98,2349	136,8274
2022-05-24	07:00	29109,14	29257,39	29056,7	29147,93	LONG	0,00167	5981,87	0,00451	HOLD	98,2349	136,8922
2022-05-24	08:00	29147,93	29243,17	29106,26	29224,82	LONG	0,00167	5981,87	0,00451	HOLD	98,2349	137,0206
2022-05-24	09:00	29224,83	29298,91	29190,01	29267,45	LONG	0,00167	5981,87	0,00451	HOLD	98,2349	137,0918
2022-05-24	10:00	29267,46	29326,74	29237,09	29299,92	LONG	0,00167	5981,87	0,00451	HOLD	98,2349	137,146
2022-05-24	11:00	29299,91	29439,26	29251,41	29358,74	LONG	0,00167	5981,87	0,00451	HOLD	98,2349	137,2442
2022-05-24	12:00	29358,74	29428,31	29295,74	29347,86	LONG	0,00167	5981,87	0,00451	HOLD	98,2349	137,2261
2022-05-24	13:00	29347,86	29396,06	29241,61	29338,98	LONG	0,00167	5981,87	0,00451	HOLD	98,2349	137,2112
2022-05-24	14:00	29338,98	29432,52	29312,85	29404,55	LONG	0,00167	5981,87	0,00451	HOLD	98,2349	137,3207
2022-05-24	15:00	29404,54	29404,55	29155,03	29158,44	LONG	0,00167	5981,87	0,00451	HOLD	98,2349	136,9097
2022-05-24	16:00	29158,43	29359,99	29123,89	29340	LONG	0,00167	5981,87	0,00451	HOLD	98,2349	137,2129
2022-05-24	17:00	29339,99	29371,12	29265,12	29344,34	LONG	0,00167	5981,87	0,00451	HOLD	98,2349	137,2202
2022-05-24	18:00	29344,34	29430,83	29240,98	29295,74	LONG	0,00167	5981,87	0,00451	HOLD	98,2349	137,139
2022-05-24	19:00	29295,75	29345,49	29150	29258,03	LONG	0,00167	5981,87	0,00451	HOLD	98,2349	137,0761
2022-05-24	20:00	29258,04	29326,92	28910	28960,87	LONG	0,00167	5981,87	0,00451	HOLD	98,2349	136,5798
2022-05-24	21:00	28960,87	29122,75	28669	29069,03	LONG	0,00167	5981,87	0,00451	HOLD	98,2349	136,7604
2022-05-24	22:00	29069,04	29650	28979,93	29382,31	LONG	0,00167	5981,87	0,00451	HOLD	98,2349	137,2836
2022-05-24	23:00	29382,32	29593,77	29241,95	29328,15	LONG	0,00167	5981,87	0,00451	HOLD	98,2349	137,1932
2022-05-25	00:00	29328,16	29398,09	29150,81	29341,02	LONG	0,00167	5981,87	0,00451	HOLD	98,2349	137,2146
2022-05-25	01:00	29341,02	29487,67	29101	29176,16	LONG	0,00167	5981,87	0,00451	HOLD	98,2349	136,9393
2022-05-25	02:00	29176,16	29470,5	29161,4	29391,62	LONG	0,00167	5981,87	0,00451	HOLD	98,2349	137,2991
2022-05-25	03:00	29391,62	29493,99	29250,22	29462,95	LONG	0,00167	5981,87	0,00451	HOLD	98,2349	137,4183
2022-05-25	04:00	29462,95	29650	29416,74	29586,76	LONG	0,00167	5981,87	0,00451	HOLD	98,2349	137,625
2022-05-25	05:00	29586,76	29638,51	29531,84	29605,6	LONG	0,00167	5981,87	0,00451	HOLD	98,2349	137,6565
2022-05-25	06:00	29605,6	29845,86	29582,11	29654,58	LONG	0,00167	5981,87	0,00451	HOLD	98,2349	137,7383
2022-05-25	07:00	29654,58	29688,92	29557,36	29625,21	LONG	0,00167	5981,87	0,00451	HOLD	98,2349	137,6892
2022-05-25	08:00	29625,2	29803,22	29573,04	29789,69	LONG	0,00167	5981,87	0,00451	HOLD	98,2349	137,9639
2022-05-25	09:00	29789,69	30180,85	29734,07	30114,78	LONG	0,00167	5981,87	0,00451	HOLD	98,2349	138,5068
2022-05-25	10:00	30114,78	30222,87	30069,59	30198,09	LONG	0,00167	5981,87	0,00451	HOLD	98,2349	138,646
2022-05-25	11:00	30198,09	30223,74	30068,65	30103,44	LONG	0,00167	5981,87	0,00451	HOLD	98,2349	138,4879
2022-05-25	12:00	30103,43	30140,01	29844,36	29869,25	LONG	0,00167	5981,87	0,00451	HOLD	98,2349	138,0968
2022-05-25	13:00	29869,25	29913,81	29666,67	29807,98	LONG	0,00167	5981,87	0,00451	HOLD	98,2349	137,9945
2022-05-25	14:00	29807,97	29851,02	29691,41	29701,46	LONG	0,00167	5981,87	0,00451	HOLD	98,2349	137,8166
2022-05-25	15:00	29701,47	29941,41	29560,67	29821,03	LONG	0,00167	5981,87	0,00451	HOLD	98,2349	138,0163
2022-05-25	16:00	29821,04	29876,75	29685,26	29813	LONG	0,00167	5981,87	0,00451	HOLD	98,2349	138,0029
2022-05-25	17:00	29813	29857,6	29683,2	29724,27	LONG	0,00167	5981,87	0,00451	HOLD	98,2349	137,8547
2022-05-25	18:00	29724,27	29758,38	29294,21	29409,01	LONG	0,00167	5981,87	0,00451	HOLD	98,2349	137,3282
2022-05-25	19:00	29409,01	29625	29339,57	29567,64	LONG	0,00167	5981,87	0,00451	HOLD	98,2349	137,5931
2022-05-25	20:00	29567,65	29862,06	29490,01	29713	LONG	0,00167	5981,87	0,00451	HOLD	98,2349	137,8359
2022-05-25	21:00	29713,01	29909	29661,55	29783,35	LONG	0,00167	5981,87	0,00451	HOLD	98,2349	137,9533
2022-05-25	22:00	29783,35	29828,4	29600	29629,36	LONG	0,00167	5981,87	0,00451	HOLD	98,2349	137,6962
2022-05-25	23:00	29629,35	29700,01	29430,54	29563,36	LONG	0,00167	5981,87	0,00451	HOLD	98,2349	137,586
2022-05-26	00:00	29563,36	29783,24	29540	29711,63	LONG	0,00167	5981,87	0,00451	HOLD	98,2349	137,8336
2022-05-26	01:00	29711,64	30034,37	29535,02	29885,61	LONG	0,00167	5981,87	0,00451	HOLD	98,2349	138,1241
2022-05-26	02:00	29885,61	29976,9	29570,55	29599,1	LONG	0,00167	5981,87	0,00451	HOLD	98,2349	137,6456
2022-05-26	03:00	29599,1	29804,08	29560,71	29792,24	LONG	0,00167	5981,87	0,00451	HOLD	98,2349	137,9682
2022-05-26	04:00	29792,25	29849,52	29741,78	29824,98	LONG	0,00167	5981,87	0,00451	HOLD	98,2349	138,0229
2022-05-26	05:00	29824,99	29880	29747,82	29785,55	LONG	0,00167	5981,87	0,00451	HOLD	98,2349	137,957
2022-05-26	06:00	29785,56	29787,05	29537,31	29542,15	LONG	0,00167	5981,87	0,00451	HOLD	98,2349	137,5505
2022-05-26	07:00	29542,14	29877,42	29503,72	29786,79	LONG	0,00167	5981,87	0,00451	HOLD	98,2349	137,9591
2022-05-26	08:00	29786,8	29819,9	29661,28	29677,27	LONG	0,00167	5981,87	0,00451	HOLD	98,2349	137,7762
2022-05-26	09:00	29677,28	29886,64	29677,27	29809,55	LONG	0,00167	5981,87	0,00451	HOLD	98,2349	137,9971
2022-05-26	10:00	29809,56	29857	29675	29837,16	LONG	0,00167	5981,87	0,00451	HOLD	98,2349	138,0432
2022-05-26	11:00	29837,16	29876,72	29747,6	29772,13	LONG	0,00167	5981,87	0,00451	HOLD	98,2349	137,9346
2022-05-26	12:00	29772,13	29850	29664,52	29720,54	LONG	0,00167	5981,87	0,00451	HOLD	98,2349	137,8484
2022-05-26	13:00	29720,55	29750,37	29337,77	29681,29	LONG	0,00167	5981,87	0,00451	HOLD	98,2349	137,7829
2022-05-26	14:00	29681,3	29746,94	29564,94	29733,7	LONG	0,00167	5981,87	0,00451	HOLD	98,2349	137,8704
2022-05-26	15:00	29733,71	29744,25	28877	29009,59	LONG	0,00167	5981,87	0,00451	HOLD	98,2349	136,6612
2022-05-26	16:00	29009,58	29255,45	28881,75	29193,66	LONG	0,00167	5981,87	0,00451	HOLD	98,2349	136,9686
2022-05-26	17:00	29193,66	29256,68	29117,22	29144,26	LONG	0,00167	5981,87	0,00451	HOLD	98,2349	136,8861
2022-05-26	18:00	29144,26	29186,1	28925,33	28998,4	LONG	0,00167	5981,87	0,00451	HOLD	98,2349	136,6425
2022-05-26	19:00	28998,4	29144,38	28800	28951,46	LONG	0,00167	5981,87	0,00451	HOLD	98,2349	136,5641
2022-05-26	20:00	28951,46	28981,41	28019,56	28811	LONG	0,00167	5981,87	0,00451	HOLD	98,2349	136,3295
2022-05-26	21:00	28811	29361,89	28792,46	29250,71	LONG	0,00167	5981,87	0,00451	HOLD	98,2349	137,0638
2022-05-26	22:00	29250,7	29495	29222,15	29393,1	LONG	0,00167	5981,87	0,00451	HOLD	98,2349	137,3016
2022-05-26	23:00	29393,1	29787,69	29370	29586,31	LONG	0,00167	5981,87	0,00451	HOLD	98,2349	137,6243
2022-05-27	00:00	29586,31	29677,96	29464,81	29638,62	LONG	0,00167	5981,87	0,00451	HOLD	98,2349	137,7116
2022-05-27	01:00	29638,61	29645,79	29479,99	29605,21	LONG	0,00167	5981,87	0,00451	HOLD	98,2349	137,6558
2022-05-27	02:00	29605,21	29619,79	29373,35	29379,76	LONG	0,00167	5981,87	0,00451	HOLD	98,2349	137,2793
2022-05-27	03:00	29379,76	29593,7	29285,13	29460,01	LONG	0,00167	5981,87	0,00451	HOLD	98,2349	137,4134
2022-05-27	04:00	29460,01	29682,84	29460	29578,92	LONG	0,00167	5981,87	0,00451	HOLD	98,2349	137,6119
2022-05-27	05:00	29578,92	29669,63	29489,27	29508,87	LONG	0,00167	5981,87	0,00451	HOLD	98,2349	137,495
2022-05-27	06:00	29508,88	29556,47	29174	29201,35	LONG	0,00167	5981,87	0,00451	HOLD	98,2349	136,9814
2022-05-27	07:00	29201,35	29390,34	29025,3	29074,51	LONG	0,00167	5981,87	0,00451	HOLD	98,2349	136,7696
2022-05-27	08:00	29074,5	29131,65	28880	28959,82	LONG	0,00167	5981,87	0,00451	HOLD	98,2349	136,578
2022-05-27	09:00	28959,82	29088,88	28840,39	28988,95	LONG	0,00167	5981,87	0,00451	HOLD	98,2349	136,6267
2022-05-27	10:00	28988,94	29155,26	28970,92	29020,01	LONG	0,00167	5981,87	0,00451	HOLD	98,2349	136,6786
2022-05-27	11:00	29020,01	29113,89	28873,06	28927,29	LONG	0,00167	5981,87	0,00451	HOLD	98,2349	136,5237
2022-05-27	12:00	28927,3	29051,6	28643,89	28799,99	LONG	0,00167	5981,87	0,00451	HOLD	98,2349	136,3111
2022-05-27	13:00	28799,99	29039	28650	28974,53	LONG	0,00167	5981,87	0,00451	HOLD	98,2349	136,6026
2022-05-27	14:00	28974,53	29214	28900,17	28992,99	LONG	0,00167	5981,87	0,00451	HOLD	98,2349	136,6334
2022-05-27	15:00	28993	29142,75	28785,56	28940,95	LONG	0,00167	5981,87	0,00451	HOLD	98,2349	136,5465
2022-05-27	16:00	28940,95	29085,18	28884,21	29033,24	LONG	0,00167	5981,87	0,00451	HOLD	98,2349	136,7007
2022-05-27	17:00	29033,25	29051,54	28779,4	28834,75	LONG	0,00167	5981,87	0,00451	HOLD	98,2349	136,3692
2022-05-27	18:00	28834,76	29054,48	28810	28912,96	LONG	0,00167	5981,87	0,00451	HOLD	98,2349	136,4998
2022-05-27	19:00	28912,95	29397,66	28861,77	29259,9	LONG	0,00167	5981,87	0,00451	HOLD	98,2349	137,0792
2022-05-27	20:00	29259,91	29379,54	29125,68	29324,71	LONG	0,00167	5981,87	0,00451	HOLD	98,2349	137,1874
2022-05-27	21:00	29324,72	29341,41	28742,92	28787,42	LONG	0,00167	5981,87	0,00451	HOLD	98,2349	136,2901
2022-05-27	22:00	28787,42	28965,41	28639,26	28850,45	LONG	0,00167	5981,87	0,00451	HOLD	98,2349	136,3954
2022-05-27	23:00	28850,46	28936,44	28659	28733,99	LONG	0,00167	5981,87	0,00451	HOLD	98,2349	136,2009
2022-05-28	00:00	28734	28868,93	28340	28388,14	LONG	0,00167	5981,87	0,00451	HOLD	98,2349	135,6233
2022-05-28	01:00	28388,13	28489,99	28282,9	28466,67	LONG	0,00167	5981,87	0,00451	HOLD	98,2349	135,7545
2022-05-28	02:00	28466,68	29056	28414	28880	LONG	0,00167	5981,87	0,00451	HOLD	98,2349	136,4447
2022-05-28	03:00	28880	29025	28699,99	28755,88	LONG	0,00167	5981,87	0,00451	HOLD	98,2349	136,2375
2022-05-28	04:00	28755,88	28842,46	28700	28718,71	LONG	0,00167	5981,87	0,00451	HOLD	98,2349	136,1754
2022-05-28	05:00	28718,71	28907,13	28650,01	28822,96	LONG	0,00167	5981,87	0,00451	HOLD	98,2349	136,3495
2022-05-28	06:00	28822,96	28856,31	28504,64	28629,8	LONG	0,00167	5981,87	0,00451	HOLD	98,2349	136,0269
2022-05-28	07:00	28629,81	28825,44	28558,24	28806,3	LONG	0,00167	5981,87	0,00451	HOLD	98,2349	136,3217
2022-05-28	08:00	28806,3	28842,93	28450	28615,82	LONG	0,00167	5981,87	0,00451	HOLD	98,2349	136,0036
2022-05-28	09:00	28615,83	28743,02	28598,43	28685,95	LONG	0,00167	5981,87	0,00451	HOLD	98,2349	136,1207
2022-05-28	10:00	28685,94	28854,05	28630,81	28819,2	LONG	0,00167	5981,87	0,00451	HOLD	98,2349	136,3432
2022-05-28	11:00	28819,2	28890	28754,4	28833,13	LONG	0,00167	5981,87	0,00451	HOLD	98,2349	136,3665
2022-05-28	12:00	28833,12	28949,39	28777,02	28876,96	LONG	0,00167	5981,87	0,00451	HOLD	98,2349	136,4397
2022-05-28	13:00	28876,96	28917,98	28770,78	28865,21	LONG	0,00167	5981,87	0,00451	HOLD	98,2349	136,42
2022-05-28	14:00	28865,2	28917,15	28819,2	28885,72	LONG	0,00167	5981,87	0,00451	HOLD	98,2349	136,4543
2022-05-28	15:00	28885,71	28925	28766,68	28838,49	LONG	0,00167	5981,87	0,00451	HOLD	98,2349	136,3754
2022-05-28	16:00	28838,49	28884,55	28768,2	28804,82	LONG	0,00167	5981,87	0,00451	HOLD	98,2349	136,3192
2022-05-28	17:00	28804,81	28849,79	28771,38	28804,9	LONG	0,00167	5981,87	0,00451	HOLD	98,2349	136,3193
2022-05-28	18:00	28804,89	28930,81	28779,49	28828,02	LONG	0,00167	5981,87	0,00451	HOLD	98,2349	136,3579
2022-05-28	19:00	28828,02	29032	28795,78	28979,86	LONG	0,00167	5981,87	0,00451	HOLD	98,2349	136,6115
2022-05-28	20:00	28979,85	29266	28945,71	29071,81	LONG	0,00167	5981,87	0,00451	HOLD	98,2349	136,7651
2022-05-28	21:00	29071,81	29101,64	28930	28957,23	LONG	0,00167	5981,87	0,00451	HOLD	98,2349	136,5737
2022-05-28	22:00	28957,23	29089,32	28890	28988,21	LONG	0,00167	5981,87	0,00451	HOLD	98,2349	136,6255
2022-05-28	23:00	28988,2	29050	28902,84	28907,5	LONG	0,00167	5981,87	0,00451	HOLD	98,2349	136,4907
2022-05-29	00:00	28907,5	29030	28784,48	28886,61	LONG	0,00167	5981,87	0,00451	HOLD	98,2349	136,4558
2022-05-29	01:00	28886,61	29019,16	28886,6	29001,74	LONG	0,00167	5981,87	0,00451	HOLD	98,2349	136,648
2022-05-29	02:00	29001,74	29067,01	28943,03	29019,82	LONG	0,00167	5981,87	0,00451	HOLD	98,2349	136,6782
2022-05-29	03:00	29019,81	29042,22	28985,43	29026,27	LONG	0,00167	5981,87	0,00451	HOLD	98,2349	136,689
2022-05-29	04:00	29026,27	29060	28991,9	29017,47	LONG	0,00167	5981,87	0,00451	HOLD	98,2349	136,6743
2022-05-29	05:00	29017,46	29040	28960	28992,65	LONG	0,00167	5981,87	0,00451	HOLD	98,2349	136,6329
2022-05-29	06:00	28992,65	29154,61	28991,05	29031,33	LONG	0,00167	5981,87	0,00451	HOLD	98,2349	136,6975
2022-05-29	07:00	29031,33	29045,34	28970,3	29005,47	LONG	0,00167	5981,87	0,00451	HOLD	98,2349	136,6543
2022-05-29	08:00	29005,46	29024,65	28900	28925,85	LONG	0,00167	5981,87	0,00451	HOLD	98,2349	136,5213
2022-05-29	09:00	28925,85	28925,86	28839,21	28904,13	LONG	0,00167	5981,87	0,00451	HOLD	98,2349	136,485
2022-05-29	10:00	28904,12	28997,21	28876,08	28984,32	LONG	0,00167	5981,87	0,00451	HOLD	98,2349	136,619
2022-05-29	11:00	28984,31	28984,32	28914,96	28941,09	LONG	0,00167	5981,87	0,00451	HOLD	98,2349	136,5468
2022-05-29	12:00	28941,1	29049,39	28932,97	29043,09	LONG	0,00167	5981,87	0,00451	HOLD	98,2349	136,7171
2022-05-29	13:00	29043,1	29060,32	28987,52	29034,84	LONG	0,00167	5981,87	0,00451	HOLD	98,2349	136,7033
2022-05-29	14:00	29034,84	29037,98	28996,42	29008,35	LONG	0,00167	5981,87	0,00451	HOLD	98,2349	136,6591
2022-05-29	15:00	29008,35	29190	28987,24	29063,3	LONG	0,00167	5981,87	0,00451	HOLD	98,2349	136,7509
2022-05-29	16:00	29063,29	29075	28952,7	28990,46	LONG	0,00167	5981,87	0,00451	HOLD	98,2349	136,6292
2022-05-29	17:00	28990,46	29216,76	28990,45	29159,49	LONG	0,00167	5981,87	0,00451	HOLD	98,2349	136,9115
2022-05-29	18:00	29159,5	29235,76	29112,01	29213,85	LONG	0,00167	5981,87	0,00451	HOLD	98,2349	137,0023
2022-05-29	19:00	29213,85	29489	29198,01	29380,43	LONG	0,00167	5981,87	0,00451	HOLD	98,2349	137,2805
2022-05-29	20:00	29380,43	29483,57	29312	29332,97	LONG	0,00167	5981,87	0,00451	HOLD	98,2349	137,2012
2022-05-29	21:00	29332,96	29382,94	29289,1	29298,95	LONG	0,00167	5981,87	0,00451	HOLD	98,2349	137,1444
2022-05-29	22:00	29298,95	29298,96	29166,51	29215,98	LONG	0,00167	5981,87	0,00451	HOLD	98,2349	137,0058
2022-05-29	23:00	29215,97	29339,95	29215,97	29285,25	LONG	0,00167	5981,87	0,00451	HOLD	98,2349	137,1215
2022-05-30	00:00	29285,25	29355,5	29179,81	29222,97	LONG	0,00167	5981,87	0,00451	HOLD	98,2349	137,0175
2022-05-30	01:00	29222,96	29253,28	29162,07	29165,95	LONG	0,00167	5981,87	0,00451	HOLD	98,2349	136,9223
2022-05-30	02:00	29165,95	29199,57	29077,98	29126,41	LONG	0,00167	5981,87	0,00451	HOLD	98,2349	136,8562
2022-05-30	03:00	29126,4	29182,95	29091,67	29182,95	LONG	0,00167	5981,87	0,00451	HOLD	98,2349	136,9507
2022-05-30	04:00	29182,95	29242,93	29171,1	29235,64	LONG	0,00167	5981,87	0,00451	HOLD	98,2349	137,0387
2022-05-30	05:00	29235,64	29587,78	29175,29	29426,81	LONG	0,00167	5981,87	0,00451	HOLD	98,2349	137,3579
2022-05-30	06:00	29426,81	29499,8	29400,45	29468,1	LONG	0,00167	5981,87	0,00451	HOLD	98,2349	137,4269
2022-05-30	07:00	29468,1	29470,61	29299,62	29322,46	LONG	0,00167	5981,87	0,00451	HOLD	98,2349	137,1837
2022-05-30	08:00	29322,45	29775,99	29320,21	29770,01	LONG	0,00167	5981,87	0,00451	HOLD	98,2349	137,9311
2022-05-30	09:00	29770	30279,15	29761,48	30216,71	LONG	0,00167	5981,87	0,00451	HOLD	98,2349	138,677
2022-05-30	10:00	30216,7	30400	30209,62	30353,07	LONG	0,00167	5981,87	0,00451	HOLD	98,2349	138,9048
2022-05-30	11:00	30353,07	30432,12	30236,55	30332,84	LONG	0,00167	5981,87	0,00451	HOLD	98,2349	138,871
2022-05-30	12:00	30332,83	30479,87	30297,05	30462,09	LONG	0,00167	5981,87	0,00451	HOLD	98,2349	139,0868
2022-05-30	13:00	30462,08	30928,71	30421,19	30702,52	LONG	0,00167	5981,87	0,00451	HOLD	98,2349	139,4884
2022-05-30	14:00	30702,52	30742,97	30542,14	30636,12	LONG	0,00167	5981,87	0,00451	HOLD	98,2349	139,3775
2022-05-30	15:00	30636,12	30736	30571,04	30731,78	LONG	0,00167	5981,87	0,00451	HOLD	98,2349	139,5372
2022-05-30	16:00	30731,78	30765,09	30593,72	30716,03	LONG	0,00167	5981,87	0,00451	HOLD	98,2349	139,5109
2022-05-30	17:00	30716,02	30758,49	30556,63	30596,27	LONG	0,00167	5981,87	0,00451	HOLD	98,2349	139,3109
2022-05-30	18:00	30596,27	30706,44	30581,52	30665,37	LONG	0,00167	5981,87	0,00451	HOLD	98,2349	139,4263
2022-05-30	19:00	30665,38	30931	30354,47	30537,25	LONG	0,00167	5981,87	0,00451	HOLD	98,2349	139,2123
2022-05-30	20:00	30537,25	30572,13	30269,22	30519,3	LONG	0,00167	5981,87	0,00451	HOLD	98,2349	139,1824
2022-05-30	21:00	30519,3	30748,64	30440,2	30467,42	LONG	0,00167	5981,87	0,00451	HOLD	98,2349	139,0957
2022-05-30	22:00	30467,42	30679	30450	30634,08	LONG	0,00167	5981,87	0,00451	HOLD	98,2349	139,3741
2022-05-30	23:00	30634,08	30714,22	30566,54	30622,04	LONG	0,00167	5981,87	0,00451	HOLD	98,2349	139,3539
2022-05-31	00:00	30622,04	30786,49	30582,7	30706,84	LONG	0,00167	5981,87	0,00451	HOLD	98,2349	139,4956
2022-05-31	01:00	30706,85	30720	30643,04	30674,8	LONG	0,00167	5981,87	0,00451	HOLD	98,2349	139,4421
2022-05-31	02:00	30674,79	30878,1	30586,27	30643,11	LONG	0,00167	5981,87	0,00451	HOLD	98,2349	139,3891
2022-05-31	03:00	30643,1	31438,48	30500	31277,18	LONG	0,00167	5981,87	0,00451	HOLD	98,2349	140,448
2022-05-31	04:00	31277,18	32222	30992,34	31807,98	LONG	0,00167	5981,87	0,00451	HOLD	98,2349	141,3345
2022-05-31	05:00	31807,99	31912,79	31400	31768,45	LONG	0,00167	5981,87	0,00451	HOLD	98,2349	141,2685
2022-05-31	06:00	31768,45	31894,6	31623,17	31734,22	LONG	0,00167	5981,87	0,00451	HOLD	98,2349	141,2113
2022-05-31	07:00	31734,23	31861,55	31445,59	31573,73	LONG	0,00167	5981,87	0,00451	HOLD	98,2349	140,9433
2022-05-31	08:00	31573,74	31619,38	31440,52	31558,69	LONG	0,00167	5981,87	0,00451	HOLD	98,2349	140,9182
2022-05-31	09:00	31558,69	31718	31520,87	31695,53	LONG	0,00167	5981,87	0,00451	HOLD	98,2349	141,1467
2022-05-31	10:00	31695,54	31835,73	31627,79	31772,82	LONG	0,00167	5981,87	0,00451	HOLD	98,2349	141,2758
2022-05-31	11:00	31772,81	31800,67	31654,72	31691,5	LONG	0,00167	5981,87	0,00451	HOLD	98,2349	141,1399
2022-05-31	12:00	31691,51	31739,48	31621,02	31641,63	LONG	0,00167	5981,87	0,00451	HOLD	98,2349	141,0567
2022-05-31	13:00	31641,64	31662,22	31434,66	31499,46	LONG	0,00167	5981,87	0,00451	HOLD	98,2349	140,8192
2022-05-31	14:00	31499,46	31585,14	31480,95	31573,77	LONG	0,00167	5981,87	0,00451	HOLD	98,2349	140,9433
2022-05-31	15:00	31573,76	31726,18	31570,12	31624,82	LONG	0,00167	5981,87	0,00451	HOLD	98,2349	141,0286
2022-05-31	16:00	31624,82	31640,77	31496,09	31546,01	LONG	0,00167	5981,87	0,00451	HOLD	98,2349	140,897
2022-05-31	17:00	31546,01	31698,34	31518,39	31669,99	LONG	0,00167	5981,87	0,00451	HOLD	98,2349	141,104
2022-05-31	18:00	31670	31842,69	31662,62	31767	LONG	0,00167	5981,87	0,00451	HOLD	98,2349	141,266
2022-05-31	19:00	31766,99	31803,62	31547,93	31613,68	LONG	0,00167	5981,87	0,00451	HOLD	98,2349	141,01
2022-05-31	20:00	31613,68	31927,58	31200,01	31392,79	LONG	0,00167	5981,87	0,00451	HOLD	98,2349	140,6411
2022-05-31	21:00	31392,79	31740	31226,01	31684,45	LONG	0,00167	5981,87	0,00451	HOLD	98,2349	141,1282
2022-05-31	22:00	31684,45	32181,37	31558,82	32058,53	LONG	0,00167	5981,87	0,00451	HOLD	98,2349	141,7529
2022-05-31	23:00	32058,52	32399	31839,67	32158,03	LONG	0,00167	5981,87	0,00451	HOLD	98,2349	141,9191
2022-06-01	00:00	32158,04	32197,25	31891,03	32122,09	LONG	0,00167	5981,87	0,00451	HOLD	98,2349	141,859
2022-06-01	01:00	32122,09	32161,99	31592,33	31682,91	LONG	0,00167	5981,87	0,00451	HOLD	98,2349	141,1256
2022-06-01	02:00	31682,09	31784,7	31570,53	31625,71	LONG	0,00167	5981,87	0,00451	HOLD	98,2349	141,0301
2022-06-01	03:00	31625,71	31813,65	31584,29	31813,65	LONG	0,00167	5981,87	0,00451	HOLD	98,2349	141,3439
2022-06-01	04:00	31813,65	31831,94	31657,26	31720,01	LONG	0,00167	5981,87	0,00451	HOLD	98,2349	141,1876
2022-06-01	05:00	31720	31895,01	31683,9	31869,28	LONG	0,00167	5981,87	0,00451	HOLD	98,2349	141,4368
2022-06-01	06:00	31869,27	31936,5	31770,29	31801,04	LONG	0,00167	5981,87	0,00451	HOLD	98,2349	141,3229
2022-06-01	07:00	31801,05	31982,97	31688,01	31936,54	LONG	0,00167	5981,87	0,00451	HOLD	98,2349	141,5492
2022-06-01	08:00	31936,53	31947,26	31836,99	31926,12	LONG	0,00167	5981,87	0,00451	HOLD	98,2349	141,5318
2022-06-01	09:00	31926,13	31926,13	31731,01	31806,72	LONG	0,00167	5981,87	0,00451	HOLD	98,2349	141,3324
2022-06-01	10:00	31806,71	31806,72	31614,01	31627,3	LONG	0,00167	5981,87	0,00451	HOLD	98,2349	141,0327
2022-06-01	11:00	31627,29	31670	31371,45	31566,6	LONG	0,00167	5981,87	0,00451	HOLD	98,2349	140,9314
2022-06-01	12:00	31566,6	31626,93	31445,76	31622,28	LONG	0,00167	5981,87	0,00451	HOLD	98,2349	141,0243
2022-06-01	13:00	31622,28	31669,01	31568,69	31584,62	LONG	0,00167	5981,87	0,00451	HOLD	98,2349	140,9615
2022-06-01	14:00	31584,62	31642,68	31474,4	31482,43	LONG	0,00167	5981,87	0,00451	HOLD	98,2349	140,7908
2022-06-01	15:00	31482,42	31647,31	31450	31624,91	LONG	0,00167	5981,87	0,00451	HOLD	98,2349	141,0287
2022-06-01	16:00	31624,9	31708,39	31614	31695,99	LONG	0,00167	5981,87	0,00451	HOLD	98,2349	141,1474
2022-06-01	17:00	31696	31709,99	31540,46	31553	LONG	0,00167	5981,87	0,00451	HOLD	98,2349	140,9087
2022-06-01	18:00	31552,99	31670,69	31444	31609,16	LONG	0,00167	5981,87	0,00451	HOLD	98,2349	141,0024
2022-06-01	19:00	31609,15	31846,27	31533,66	31727,65	LONG	0,00167	5981,87	0,00451	HOLD	98,2349	141,2003
2022-06-01	20:00	31727,65	31901,34	31649,43	31739,45	LONG	0,00167	5981,87	0,00451	HOLD	98,2349	141,22
2022-06-01	21:00	31739,44	31819,02	30955	31172,49	LONG	0,00167	5981,87	0,00451	HOLD	98,2349	140,2732
2022-06-01	22:00	31172,48	31239,14	30600	30742,59	LONG	0,00167	5981,87	0,00451	HOLD	98,2349	139,5553
2022-06-01	23:00	30742,59	30744,19	30291,67	30419,62	LONG	0,00167	5981,87	0,00451	HOLD	98,2349	139,0159
2022-06-02	00:00	30419,62	30429,71	29901,29	30179,67	LONG	0,00167	5981,87	0,00451	HOLD	98,2349	138,6152
2022-06-02	01:00	30179,68	30445	30119,41	30167,69	LONG	0,00167	5981,87	0,00451	HOLD	98,2349	138,5952
2022-06-02	02:00	30167,69	30351,74	30002,92	30126,72	LONG	0,00167	5981,87	0,00451	HOLD	98,2349	138,5268
2022-06-02	03:00	30126,71	30162,44	29301	29636,09	LONG	0,00167	5981,87	0,00451	HOLD	98,2349	137,7074
2022-06-02	04:00	29636,1	29772,15	29576,72	29592,93	LONG	0,00167	5981,87	0,00451	HOLD	98,2349	137,6353
2022-06-02	05:00	29592,92	29769,61	29519,58	29747,16	LONG	0,00167	5981,87	0,00451	HOLD	98,2349	137,8929
2022-06-02	06:00	29747,17	30074,95	29728,8	29805,83	LONG	0,00167	5981,87	0,00451	HOLD	98,2349	137,9909
2022-06-02	07:00	29805,84	29817,89	29594,55	29680	LONG	0,00167	5981,87	0,00451	HOLD	98,2349	137,7807
2022-06-02	08:00	29680,01	29888,02	29640,18	29811,89	LONG	0,00167	5981,87	0,00451	HOLD	98,2349	138,001
2022-06-02	09:00	29811,9	29903,74	29778,12	29826,16	LONG	0,00167	5981,87	0,00451	HOLD	98,2349	138,0248
2022-06-02	10:00	29826,16	29856,93	29703,05	29730,12	LONG	0,00167	5981,87	0,00451	HOLD	98,2349	137,8644
2022-06-02	11:00	29730,12	29824,11	29650,93	29817,24	LONG	0,00167	5981,87	0,00451	HOLD	98,2349	138,0099
2022-06-02	12:00	29817,24	29885,29	29683,82	29875,72	LONG	0,00167	5981,87	0,00451	HOLD	98,2349	138,1076
2022-06-02	13:00	29875,72	29951,73	29806,79	29915,24	LONG	0,00167	5981,87	0,00451	HOLD	98,2349	138,1736
2022-06-02	14:00	29915,24	30123,35	29901,01	29968,26	LONG	0,00167	5981,87	0,00451	HOLD	98,2349	138,2621
2022-06-02	15:00	29968,27	30020,84	29914,14	29938,48	LONG	0,00167	5981,87	0,00451	HOLD	98,2349	138,2124
2022-06-02	16:00	29938,47	30019,23	29871	29934,5	LONG	0,00167	5981,87	0,00451	HOLD	98,2349	138,2058
2022-06-02	17:00	29934,5	30171,82	29865	30034,37	LONG	0,00167	5981,87	0,00451	HOLD	98,2349	138,3725
2022-06-02	18:00	30034,37	30210,18	29961,04	30173,67	LONG	0,00167	5981,87	0,00451	HOLD	98,2349	138,6052
2022-06-02	19:00	30173,66	30186,64	30051,36	30089,29	LONG	0,00167	5981,87	0,00451	HOLD	98,2349	138,4643
2022-06-02	20:00	30089,29	30251,96	29597,01	29895,28	LONG	0,00167	5981,87	0,00451	HOLD	98,2349	138,1403
2022-06-02	21:00	29895,29	30144,93	29768,27	30052,08	LONG	0,00167	5981,87	0,00451	HOLD	98,2349	138,4021
2022-06-02	22:00	30052,08	30387,84	30040,97	30212,73	LONG	0,00167	5981,87	0,00451	HOLD	98,2349	138,6704
2022-06-02	23:00	30212,73	30408,54	30184,72	30294,44	LONG	0,00167	5981,87	0,00451	HOLD	98,2349	138,8069
2022-06-03	00:00	30294,45	30353,51	30166,42	30193,95	LONG	0,00167	5981,87	0,00451	HOLD	98,2349	138,639
2022-06-03	01:00	30193,95	30330	29977,45	30138,75	LONG	0,00167	5981,87	0,00451	HOLD	98,2349	138,5469
2022-06-03	02:00	30138,74	30301,14	30068,96	30293,01	LONG	0,00167	5981,87	0,00451	HOLD	98,2349	138,8045
2022-06-03	03:00	30293	30389,56	30243,15	30243,74	LONG	0,00167	5981,87	0,00451	HOLD	98,2349	138,7222
2022-06-03	04:00	30243,74	30382,69	30235,7	30367,37	LONG	0,00167	5981,87	0,00451	HOLD	98,2349	138,9287
2022-06-03	05:00	30367,37	30689	30324,1	30482,95	LONG	0,00167	5981,87	0,00451	HOLD	98,2349	139,1217
2022-06-03	06:00	30482,95	30642,79	30433,05	30452,62	LONG	0,00167	5981,87	0,00451	HOLD	98,2349	139,071
2022-06-03	07:00	30452,63	30515,2	30359,54	30401,53	LONG	0,00167	5981,87	0,00451	HOLD	98,2349	138,9857
2022-06-03	08:00	30401,53	30699	30384,92	30628,38	LONG	0,00167	5981,87	0,00451	HOLD	98,2349	139,3645
2022-06-03	09:00	30628,39	30667,33	30532,34	30549,76	LONG	0,00167	5981,87	0,00451	HOLD	98,2349	139,2332
2022-06-03	10:00	30549,77	30562,15	30468,17	30529,96	LONG	0,00167	5981,87	0,00451	HOLD	98,2349	139,2002
2022-06-03	11:00	30529,96	30547,2	30422,62	30425	LONG	0,00167	5981,87	0,00451	HOLD	98,2349	139,0249
2022-06-03	12:00	30425,01	30561,32	30413,08	30540,64	LONG	0,00167	5981,87	0,00451	HOLD	98,2349	139,218
2022-06-03	13:00	30540,64	30543,95	30363,07	30363,08	LONG	0,00167	5981,87	0,00451	HOLD	98,2349	138,9215
2022-06-03	14:00	30363,07	30489,71	30282,29	30443,74	LONG	0,00167	5981,87	0,00451	HOLD	98,2349	139,0562
2022-06-03	15:00	30443,7	30529,07	30393,46	30440,97	LONG	0,00167	5981,87	0,00451	HOLD	98,2349	139,0516
2022-06-03	16:00	30440,97	30475,48	30156,41	30250	LONG	0,00167	5981,87	0,00451	HOLD	98,2349	138,7326
2022-06-03	17:00	30249,99	30268,05	29745,37	29821,3	LONG	0,00167	5981,87	0,00451	HOLD	98,2349	138,0167
2022-06-03	18:00	29821,3	29954,67	29680	29758,19	LONG	0,00167	5981,87	0,00451	HOLD	98,2349	137,9113
2022-06-03	19:00	29758,2	29889,49	29486,1	29531,45	LONG	0,00167	5981,87	0,00451	HOLD	98,2349	137,5327
2022-06-03	20:00	29531,35	29773,5	29439,71	29722,17	LONG	0,00167	5981,87	0,00451	HOLD	98,2349	137,8512
2022-06-03	21:00	29722,18	29767,62	29282,36	29478,65	LONG	0,00167	5981,87	0,00451	HOLD	98,2349	137,4445
2022-06-03	22:00	29478,65	29576,35	29339,63	29506,24	LONG	0,00167	5981,87	0,00451	HOLD	98,2349	137,4906
2022-06-03	23:00	29506,25	29558,16	29401	29544,18	LONG	0,00167	5981,87	0,00451	HOLD	98,2349	137,5539
2022-06-04	00:00	29544,19	29677,14	29436,3	29507,86	LONG	0,00167	5981,87	0,00451	HOLD	98,2349	137,4933
2022-06-04	01:00	29507,85	29560	29465,4	29549,97	LONG	0,00167	5981,87	0,00451	HOLD	98,2349	137,5636
2022-06-04	02:00	29549,97	29620	29491,09	29572,52	LONG	0,00167	5981,87	0,00451	HOLD	98,2349	137,6013
2022-06-04	03:00	29572,52	29741,76	29558,3	29662,43	LONG	0,00167	5981,87	0,00451	HOLD	98,2349	137,7514
2022-06-04	04:00	29662,43	29863,25	29652,24	29807,1	LONG	0,00167	5981,87	0,00451	HOLD	98,2349	137,993
2022-06-04	05:00	29807,1	29887,56	29704,81	29730,41	LONG	0,00167	5981,87	0,00451	HOLD	98,2349	137,8649
2022-06-04	06:00	29730,41	29744,21	29648,2	29700,21	LONG	0,00167	5981,87	0,00451	HOLD	98,2349	137,8145
2022-06-04	07:00	29700,21	29763,35	29680,36	29717,59	LONG	0,00167	5981,87	0,00451	HOLD	98,2349	137,8435
2022-06-04	08:00	29717,59	29747,13	29546,86	29584,26	LONG	0,00167	5981,87	0,00451	HOLD	98,2349	137,6209
2022-06-04	09:00	29584,26	29619,15	29500	29568,26	LONG	0,00167	5981,87	0,00451	HOLD	98,2349	137,5941
2022-06-04	10:00	29568,26	29643,55	29549,55	29560,12	LONG	0,00167	5981,87	0,00451	HOLD	98,2349	137,5805
2022-06-04	11:00	29560,12	29734,49	29546,78	29715,67	LONG	0,00167	5981,87	0,00451	HOLD	98,2349	137,8403
2022-06-04	12:00	29715,67	29723,49	29654,87	29682,1	LONG	0,00167	5981,87	0,00451	HOLD	98,2349	137,7842
2022-06-04	13:00	29682,11	29714	29655,38	29694,9	LONG	0,00167	5981,87	0,00451	HOLD	98,2349	137,8056
2022-06-04	14:00	29694,9	29705,81	29646,27	29700,96	LONG	0,00167	5981,87	0,00451	HOLD	98,2349	137,8157
2022-06-04	15:00	29700,96	29800	29681,16	29750,03	LONG	0,00167	5981,87	0,00451	HOLD	98,2349	137,8977
2022-06-04	16:00	29750,03	29771,32	29673,64	29724,96	LONG	0,00167	5981,87	0,00451	HOLD	98,2349	137,8558
2022-06-04	17:00	29724,96	29791,04	29706,7	29729,9	LONG	0,00167	5981,87	0,00451	HOLD	98,2349	137,8641
2022-06-04	18:00	29729,9	29742,09	29594,91	29681,69	LONG	0,00167	5981,87	0,00451	HOLD	98,2349	137,7836
2022-06-04	19:00	29681,68	29703,64	29516,01	29538	LONG	0,00167	5981,87	0,00451	HOLD	98,2349	137,5436
2022-06-04	20:00	29538	29654,52	29522,99	29596,11	LONG	0,00167	5981,87	0,00451	HOLD	98,2349	137,6406
2022-06-04	21:00	29596,11	29988,88	29485	29777,32	LONG	0,00167	5981,87	0,00451	HOLD	98,2349	137,9433
2022-06-04	22:00	29777,31	29888,01	29750,29	29858,8	LONG	0,00167	5981,87	0,00451	HOLD	98,2349	138,0793
2022-06-04	23:00	29858,79	29858,8	29747,63	29751,41	LONG	0,00167	5981,87	0,00451	HOLD	98,2349	137,9
2022-06-05	00:00	29751,41	29755,24	29613,26	29712,52	LONG	0,00167	5981,87	0,00451	HOLD	98,2349	137,8351
2022-06-05	01:00	29712,52	29799,82	29712,51	29768,67	LONG	0,00167	5981,87	0,00451	HOLD	98,2349	137,9288
2022-06-05	02:00	29768,68	29775,37	29634,05	29655,41	LONG	0,00167	5981,87	0,00451	HOLD	98,2349	137,7397
2022-06-05	03:00	29655,41	29750	29632,05	29749,77	LONG	0,00167	5981,87	0,00451	HOLD	98,2349	137,8973
2022-06-05	04:00	29749,77	29862,57	29745,51	29846,33	LONG	0,00167	5981,87	0,00451	HOLD	98,2349	138,0585
2022-06-05	05:00	29846,33	29977,99	29791,65	29808,01	LONG	0,00167	5981,87	0,00451	HOLD	98,2349	137,9945
2022-06-05	06:00	29808,02	29869,4	29771,22	29864,04	LONG	0,00167	5981,87	0,00451	HOLD	98,2349	138,0881
2022-06-05	07:00	29864,03	29897,18	29729,37	29740,64	LONG	0,00167	5981,87	0,00451	HOLD	98,2349	137,882
2022-06-05	08:00	29740,64	29755,23	29681,85	29691,74	LONG	0,00167	5981,87	0,00451	HOLD	98,2349	137,8003
2022-06-05	09:00	29691,73	29799,99	29678,5	29793,99	LONG	0,00167	5981,87	0,00451	HOLD	98,2349	137,9711
2022-06-05	10:00	29793,99	29819,95	29748,88	29766,95	LONG	0,00167	5981,87	0,00451	HOLD	98,2349	137,9259
2022-06-05	11:00	29766,95	29782,19	29686	29722,9	LONG	0,00167	5981,87	0,00451	HOLD	98,2349	137,8524
2022-06-05	12:00	29722,9	29819,85	29722,89	29793,95	LONG	0,00167	5981,87	0,00451	HOLD	98,2349	137,971
2022-06-05	13:00	29793,94	29796,83	29729,7	29729,71	LONG	0,00167	5981,87	0,00451	HOLD	98,2349	137,8638
2022-06-05	14:00	29729,71	29810,2	29645,67	29645,67	LONG	0,00167	5981,87	0,00451	HOLD	98,2349	137,7234
2022-06-05	15:00	29645,68	29738,73	29643,93	29691,81	LONG	0,00167	5981,87	0,00451	HOLD	98,2349	137,8005
2022-06-05	16:00	29691,82	29691,82	29531,42	29639,46	LONG	0,00167	5981,87	0,00451	HOLD	98,2349	137,713
2022-06-05	17:00	29639,46	29710	29600	29641,65	LONG	0,00167	5981,87	0,00451	HOLD	98,2349	137,7167
2022-06-05	18:00	29641,65	29742,13	29588,95	29718,69	LONG	0,00167	5981,87	0,00451	HOLD	98,2349	137,8454
2022-06-05	19:00	29718,69	29780,65	29675,24	29717,99	LONG	0,00167	5981,87	0,00451	HOLD	98,2349	137,8442
2022-06-05	20:00	29718	29754,89	29640,73	29656,46	LONG	0,00167	5981,87	0,00451	HOLD	98,2349	137,7414
2022-06-05	21:00	29656,45	29837,86	29626,65	29791,71	LONG	0,00167	5981,87	0,00451	HOLD	98,2349	137,9673
2022-06-05	22:00	29791,72	29981	29781,7	29972,22	LONG	0,00167	5981,87	0,00451	HOLD	98,2349	138,2687
2022-06-05	23:00	29972,23	30189	29761	29866,94	LONG	0,00167	5981,87	0,00451	HOLD	98,2349	138,0929
2022-06-06	00:00	29866,95	30132,47	29846,38	30021,99	LONG	0,00167	5981,87	0,00451	HOLD	98,2349	138,3519
2022-06-06	01:00	30022	30092,09	29979,44	29996,31	LONG	0,00167	5981,87	0,00451	HOLD	98,2349	138,309
2022-06-06	02:00	29996,31	30100	29956,07	30049,86	LONG	0,00167	5981,87	0,00451	HOLD	98,2349	138,3984
2022-06-06	03:00	30049,85	30127,47	29945,84	29945,84	LONG	0,00167	5981,87	0,00451	HOLD	98,2349	138,2247
2022-06-06	04:00	29945,85	29996,75	29815,75	29965,23	LONG	0,00167	5981,87	0,00451	HOLD	98,2349	138,2571
2022-06-06	05:00	29965,23	30070,83	29875,01	30022,67	LONG	0,00167	5981,87	0,00451	HOLD	98,2349	138,353
2022-06-06	06:00	30022,67	30050,92	29894,89	29919,21	LONG	0,00167	5981,87	0,00451	HOLD	98,2349	138,1802
2022-06-06	07:00	29919,2	30396,99	29890,23	30301,7	LONG	0,00167	5981,87	0,00451	HOLD	98,2349	138,819
2022-06-06	08:00	30301,69	30924,56	30301,69	30844,07	LONG	0,00167	5981,87	0,00451	HOLD	98,2349	139,7247
2022-06-06	09:00	30844,06	31145,32	30844,06	30926,11	LONG	0,00167	5981,87	0,00451	HOLD	98,2349	139,8617
2022-06-06	10:00	30926,12	31276,87	30926,11	31251	LONG	0,00167	5981,87	0,00451	HOLD	98,2349	140,4043
2022-06-06	11:00	31250,99	31357	31148,43	31222,91	LONG	0,00167	5981,87	0,00451	HOLD	98,2349	140,3574
2022-06-06	12:00	31222,91	31283,34	31153,6	31169,05	LONG	0,00167	5981,87	0,00451	HOLD	98,2349	140,2675
2022-06-06	13:00	31169,05	31434,75	31160,42	31274,23	LONG	0,00167	5981,87	0,00451	HOLD	98,2349	140,4431
2022-06-06	14:00	31274,23	31393,15	31196,74	31292,77	LONG	0,00167	5981,87	0,00451	HOLD	98,2349	140,4741
2022-06-06	15:00	31292,76	31483,28	31281	31469,28	LONG	0,00167	5981,87	0,00451	HOLD	98,2349	140,7688
2022-06-06	16:00	31469,27	31550	31380	31475,14	LONG	0,00167	5981,87	0,00451	HOLD	98,2349	140,7786
2022-06-06	17:00	31475,13	31535,9	31390	31483,19	LONG	0,00167	5981,87	0,00451	HOLD	98,2349	140,7921
2022-06-06	18:00	31483,19	31599,37	31338,37	31396,71	LONG	0,00167	5981,87	0,00451	HOLD	98,2349	140,6476
2022-06-06	19:00	31396,72	31479,57	31346,95	31408,96	LONG	0,00167	5981,87	0,00451	HOLD	98,2349	140,6681
2022-06-06	20:00	31408,97	31527,9	31256	31442,96	LONG	0,00167	5981,87	0,00451	HOLD	98,2349	140,7249
2022-06-06	21:00	31442,96	31765,64	31421,73	31506,69	LONG	0,00167	5981,87	0,00451	HOLD	98,2349	140,8313
2022-06-06	22:00	31506,69	31559,41	31162,55	31541,42	LONG	0,00167	5981,87	0,00451	HOLD	98,2349	140,8893
2022-06-06	23:00	31541,41	31555,75	31223,78	31310,95	LONG	0,00167	5981,87	0,00451	HOLD	98,2349	140,5044
2022-06-07	00:00	31310,95	31372,99	31000,01	31346,12	LONG	0,00167	5981,87	0,00451	HOLD	98,2349	140,5632
2022-06-07	01:00	31346,12	31437,6	31230,24	31349,5	LONG	0,00167	5981,87	0,00451	HOLD	98,2349	140,5688
2022-06-07	02:00	31349,5	31483,96	31244,99	31470,72	LONG	0,00167	5981,87	0,00451	HOLD	98,2349	140,7712
2022-06-07	03:00	31470,72	31542,66	31272,39	31462,49	LONG	0,00167	5981,87	0,00451	HOLD	98,2349	140,7575
2022-06-07	04:00	31462,49	31599,85	31410,23	31488,86	LONG	0,00167	5981,87	0,00451	HOLD	98,2349	140,8015
2022-06-07	05:00	31488,86	31543,4	31381,58	31395,55	LONG	0,00167	5981,87	0,00451	HOLD	98,2349	140,6457
2022-06-07	06:00	31395,55	31431,14	31317,61	31373,1	LONG	0,00167	5981,87	0,00451	HOLD	98,2349	140,6082
2022-06-07	07:00	31373,1	31381,03	30131,01	30197,77	LONG	0,00167	5981,87	0,00451	HOLD	98,2349	138,6454
2022-06-07	08:00	30197,77	30257,14	29295,18	29568,47	LONG	0,00167	5981,87	0,00451	HOLD	98,2349	137,5945
2022-06-07	09:00	29568,47	29568,48	29218,96	29402,08	LONG	0,00167	5981,87	0,00451	HOLD	98,2349	137,3166
2022-06-07	10:00	29402,09	29668,1	29340	29563,62	LONG	0,00167	5981,87	0,00451	HOLD	98,2349	137,5864
2022-06-07	11:00	29563,61	29608	29455,4	29522,42	LONG	0,00167	5981,87	0,00451	HOLD	98,2349	137,5176
2022-06-07	12:00	29522,42	29632,49	29401	29478,41	LONG	0,00167	5981,87	0,00451	HOLD	98,2349	137,4441
2022-06-07	13:00	29478,4	29561,26	29441,92	29521,24	LONG	0,00167	5981,87	0,00451	HOLD	98,2349	137,5156
2022-06-07	14:00	29521,23	29598,75	29493,92	29585,12	LONG	0,00167	5981,87	0,00451	HOLD	98,2349	137,6223
2022-06-07	15:00	29585,12	29733,63	29560,54	29652,76	LONG	0,00167	5981,87	0,00451	HOLD	98,2349	137,7353
2022-06-07	16:00	29652,76	29663,91	29550	29561,54	LONG	0,00167	5981,87	0,00451	HOLD	98,2349	137,5829
2022-06-07	17:00	29561,53	29655,96	29532,5	29597,79	LONG	0,00167	5981,87	0,00451	HOLD	98,2349	137,6435
2022-06-07	18:00	29597,79	29617,57	29345	29521,5	LONG	0,00167	5981,87	0,00451	HOLD	98,2349	137,516
2022-06-07	19:00	29521,51	29570	29401,44	29504,21	LONG	0,00167	5981,87	0,00451	HOLD	98,2349	137,4872
2022-06-07	20:00	29504,21	29715,57	29430,01	29564,48	LONG	0,00167	5981,87	0,00451	HOLD	98,2349	137,5878
2022-06-07	21:00	29564,47	30041,25	29506,33	29908,73	LONG	0,00167	5981,87	0,00451	HOLD	98,2349	138,1627
2022-06-07	22:00	29908,72	30027,01	29775,8	29891,17	LONG	0,00167	5981,87	0,00451	HOLD	98,2349	138,1334
2022-06-07	23:00	29891,17	29950	29747,62	29918,31	LONG	0,00167	5981,87	0,00451	HOLD	98,2349	138,1787
2022-06-08	00:00	29918,32	29989,3	29863,2	29943,75	LONG	0,00167	5981,87	0,00451	HOLD	98,2349	138,2212
2022-06-08	01:00	29943,76	30268,65	29925,19	30193,41	LONG	0,00167	5981,87	0,00451	HOLD	98,2349	138,6381
2022-06-08	02:00	30193,42	31429,85	30189,78	31059,71	LONG	0,00167	5981,87	0,00451	HOLD	98,2349	140,0849
2022-06-08	03:00	31059,71	31589,6	31048,99	31350,33	LONG	0,00167	5981,87	0,00451	HOLD	98,2349	140,5702
2022-06-08	04:00	31350,33	31547,56	31271,1	31401,21	LONG	0,00167	5981,87	0,00451	HOLD	98,2349	140,6552
2022-06-08	05:00	31401,21	31568	30300	31259,96	LONG	0,00167	5981,87	0,00451	HOLD	98,2349	140,4193
2022-06-08	06:00	31259,96	31386,46	30914,26	31125,33	LONG	0,00167	5981,87	0,00451	HOLD	98,2349	140,1944
2022-06-08	07:00	31125,32	31327,22	31050,83	31079,67	LONG	0,00167	5981,87	0,00451	HOLD	98,2349	140,1182
2022-06-08	08:00	31079,67	31230	30738,51	31118,19	LONG	0,00167	5981,87	0,00451	HOLD	98,2349	140,1825
2022-06-08	09:00	31118,19	31244,16	30948,83	30973,14	LONG	0,00167	5981,87	0,00451	HOLD	98,2349	139,9403
2022-06-08	10:00	30973,13	31028,92	29843,88	30026,72	LONG	0,00167	5981,87	0,00451	HOLD	98,2349	138,3598
2022-06-08	11:00	30026,71	30396	29872,55	30248,45	LONG	0,00167	5981,87	0,00451	HOLD	98,2349	138,7301
2022-06-08	12:00	30248,45	30650,02	30213,34	30548,89	LONG	0,00167	5981,87	0,00451	HOLD	98,2349	139,2318
2022-06-08	13:00	30548,89	30686,63	30352,58	30534,75	LONG	0,00167	5981,87	0,00451	HOLD	98,2349	139,2082
2022-06-08	14:00	30534,74	30637,84	30314,45	30561,77	LONG	0,00167	5981,87	0,00451	HOLD	98,2349	139,2533
2022-06-08	15:00	30561,77	30616,85	30431,48	30505,23	LONG	0,00167	5981,87	0,00451	HOLD	98,2349	139,1589
2022-06-08	16:00	30505,24	30575,76	30373,17	30530,6	LONG	0,00167	5981,87	0,00451	HOLD	98,2349	139,2012
2022-06-08	17:00	30530,6	30535,31	30336,81	30382,78	LONG	0,00167	5981,87	0,00451	HOLD	98,2349	138,9544
2022-06-08	18:00	30382,79	30510,01	30340,72	30410,85	LONG	0,00167	5981,87	0,00451	HOLD	98,2349	139,0013
2022-06-08	19:00	30410,85	30450,22	30111,01	30137,78	LONG	0,00167	5981,87	0,00451	HOLD	98,2349	138,5452
2022-06-08	20:00	30137,79	30901,67	30051,16	30766,49	LONG	0,00167	5981,87	0,00451	HOLD	98,2349	139,5952
2022-06-08	21:00	30766,5	30797	30338,75	30425,75	LONG	0,00167	5981,87	0,00451	HOLD	98,2349	139,0261
2022-06-08	22:00	30425,76	30558,06	30375,39	30476,77	LONG	0,00167	5981,87	0,00451	HOLD	98,2349	139,1113
2022-06-08	23:00	30476,77	30552,64	30213,92	30331,51	LONG	0,00167	5981,87	0,00451	HOLD	98,2349	138,8688
2022-06-09	00:00	30331,51	30457,43	30287,62	30382,62	LONG	0,00167	5981,87	0,00451	HOLD	98,2349	138,9541
2022-06-09	01:00	30382,61	30421,05	29916,45	30234,87	LONG	0,00167	5981,87	0,00451	HOLD	98,2349	138,7074
2022-06-09	02:00	30234,86	30307,94	30075,17	30140,14	LONG	0,00167	5981,87	0,00451	HOLD	98,2349	138,5492
2022-06-09	03:00	30140,14	30321,92	30102,86	30202,53	LONG	0,00167	5981,87	0,00451	HOLD	98,2349	138,6534
2022-06-09	04:00	30202,53	30499	30200,16	30424,25	LONG	0,00167	5981,87	0,00451	HOLD	98,2349	139,0236
2022-06-09	05:00	30424,24	30457,23	30283,32	30310,55	LONG	0,00167	5981,87	0,00451	HOLD	98,2349	138,8338
2022-06-09	06:00	30310,55	30370,17	30189,22	30204,77	LONG	0,00167	5981,87	0,00451	HOLD	98,2349	138,6571
2022-06-09	07:00	30204,77	30274,24	30070,24	30223,76	LONG	0,00167	5981,87	0,00451	HOLD	98,2349	138,6888
2022-06-09	08:00	30223,76	30323,51	30090,39	30090,5	LONG	0,00167	5981,87	0,00451	HOLD	98,2349	138,4663
2022-06-09	09:00	30090,51	30213,18	30075,42	30203,15	LONG	0,00167	5981,87	0,00451	HOLD	98,2349	138,6544
2022-06-09	10:00	30203,14	30303,51	30189,54	30293,49	LONG	0,00167	5981,87	0,00451	HOLD	98,2349	138,8053
2022-06-09	11:00	30293,5	30302,05	30235,85	30267,46	LONG	0,00167	5981,87	0,00451	HOLD	98,2349	138,7618
2022-06-09	12:00	30267,46	30465,59	30250,35	30315,29	LONG	0,00167	5981,87	0,00451	HOLD	98,2349	138,8417
2022-06-09	13:00	30315,29	30350	30283,57	30334,47	LONG	0,00167	5981,87	0,00451	HOLD	98,2349	138,8737
2022-06-09	14:00	30334,46	30487,54	30317,21	30487,54	LONG	0,00167	5981,87	0,00451	HOLD	98,2349	139,1293
2022-06-09	15:00	30487,53	30569	30360,27	30510,57	LONG	0,00167	5981,87	0,00451	HOLD	98,2349	139,1678
2022-06-09	16:00	30510,56	30700	30482,82	30549,46	LONG	0,00167	5981,87	0,00451	HOLD	98,2349	139,2327
2022-06-09	17:00	30549,45	30600,04	30384,66	30433,81	LONG	0,00167	5981,87	0,00451	HOLD	98,2349	139,0396
2022-06-09	18:00	30433,81	30453,4	30251,89	30299,47	LONG	0,00167	5981,87	0,00451	HOLD	98,2349	138,8153
2022-06-09	19:00	30299,46	30366,68	30004,77	30112,88	LONG	0,00167	5981,87	0,00451	HOLD	98,2349	138,5037
2022-06-09	20:00	30112,87	30258,99	29944,1	30167,3	LONG	0,00167	5981,87	0,00451	HOLD	98,2349	138,5945
2022-06-09	21:00	30167,3	30287,07	30059,29	30116,57	LONG	0,00167	5981,87	0,00451	HOLD	98,2349	138,5098
2022-06-09	22:00	30116,56	30389,05	30036,19	30302,24	LONG	0,00167	5981,87	0,00451	HOLD	98,2349	138,8199
2022-06-09	23:00	30302,23	30375,34	30180,2	30351,93	LONG	0,00167	5981,87	0,00451	HOLD	98,2349	138,9029
2022-06-10	00:00	30351,94	30450	30207,92	30323,53	LONG	0,00167	5981,87	0,00451	HOLD	98,2349	138,8554
2022-06-10	01:00	30323,54	30347	30141,91	30148,23	LONG	0,00167	5981,87	0,00451	HOLD	98,2349	138,5627
2022-06-10	02:00	30148,23	30173,22	29976	30017,12	LONG	0,00167	5981,87	0,00451	HOLD	98,2349	138,3437
2022-06-10	03:00	30017,12	30197,77	29970,51	30185,93	LONG	0,00167	5981,87	0,00451	HOLD	98,2349	138,6256
2022-06-10	04:00	30185,92	30250	30134,61	30139,31	LONG	0,00167	5981,87	0,00451	HOLD	98,2349	138,5478
2022-06-10	05:00	30139,3	30155,66	30017	30067,61	LONG	0,00167	5981,87	0,00451	HOLD	98,2349	138,4281
2022-06-10	06:00	30067,61	30124,04	30000	30109,93	LONG	0,00167	5981,87	0,00451	HOLD	98,2349	138,4987
2022-06-10	07:00	30109,93	30145,38	29578,96	29755,12	LONG	0,00167	5981,87	0,00451	HOLD	98,2349	137,9062
2022-06-10	08:00	29755,11	30057,51	29739,9	29885,72	LONG	0,00167	5981,87	0,00451	HOLD	98,2349	138,1243
2022-06-10	09:00	29885,73	30039,13	29874,06	30024	LONG	0,00167	5981,87	0,00451	HOLD	98,2349	138,3552
2022-06-10	10:00	30024	30382,8	30024	30114,38	LONG	0,00167	5981,87	0,00451	HOLD	98,2349	138,5062
2022-06-10	11:00	30114,38	30147,2	30042,13	30093	LONG	0,00167	5981,87	0,00451	HOLD	98,2349	138,4705
2022-06-10	12:00	30093	30185	30087,94	30104,12	LONG	0,00167	5981,87	0,00451	HOLD	98,2349	138,489
2022-06-10	13:00	30104,11	30226,79	30067,97	30095,48	LONG	0,00167	5981,87	0,00451	HOLD	98,2349	138,4746
2022-06-10	14:00	30095,48	30135,68	30052,43	30052,43	LONG	0,00167	5981,87	0,00451	HOLD	98,2349	138,4027
2022-06-10	15:00	30052,44	30114,25	30005	30020,81	LONG	0,00167	5981,87	0,00451	HOLD	98,2349	138,3499
2022-06-10	16:00	30020,8	30078,84	29868	29897,09	LONG	0,00167	5981,87	0,00451	HOLD	98,2349	138,1433
2022-06-10	17:00	29897,09	30012,88	29875,09	30000,65	LONG	0,00167	5981,87	0,00451	HOLD	98,2349	138,3162
2022-06-10	18:00	30000,64	30089,51	29968,91	30020,56	LONG	0,00167	5981,87	0,00451	HOLD	98,2349	138,3495
2022-06-10	19:00	30020,56	30184,4	29501	29642,6	LONG	0,00167	5981,87	0,00451	HOLD	98,2349	137,7183
2022-06-10	20:00	29642,6	29717,1	29258	29396,04	LONG	0,00167	5981,87	0,00451	HOLD	98,2349	137,3065
2022-06-10	21:00	29396,04	29694,47	29222,67	29565,01	LONG	0,00167	5981,87	0,00451	HOLD	98,2349	137,5887
2022-06-10	22:00	29565,01	29622,59	29353,81	29454,53	LONG	0,00167	5981,87	0,00451	HOLD	98,2349	137,4042
2022-06-10	23:00	29454,52	29484,45	28850	29045,46	LONG	0,00167	5981,87	0,00451	HOLD	98,2349	136,7211
2022-06-11	00:00	29045,47	29197,1	28922,72	29115,01	LONG	0,00167	5981,87	0,00451	HOLD	98,2349	136,8372
2022-06-11	01:00	29115,01	29142,06	28976,67	29056,8	LONG	0,00167	5981,87	0,00451	HOLD	98,2349	136,74
2022-06-11	02:00	29056,79	29160	28945,63	28980,02	LONG	0,00167	5981,87	0,00451	HOLD	98,2349	136,6118
2022-06-11	03:00	28980,03	29261,39	28970	29204,02	LONG	0,00167	5981,87	0,00451	HOLD	98,2349	136,9859
2022-06-11	04:00	29204,01	29400	29154,81	29200,01	LONG	0,00167	5981,87	0,00451	HOLD	98,2349	136,9792
2022-06-11	05:00	29200,01	29304,21	29100	29178,15	LONG	0,00167	5981,87	0,00451	HOLD	98,2349	136,9427
2022-06-11	06:00	29178,15	29212,8	29031,52	29091,88	LONG	0,00167	5981,87	0,00451	HOLD	98,2349	136,7986
2022-06-11	07:00	29091,87	29248,42	29047,93	29233,79	LONG	0,00167	5981,87	0,00451	HOLD	98,2349	137,0356
2022-06-11	08:00	29233,79	29266,75	29180,81	29209,05	LONG	0,00167	5981,87	0,00451	HOLD	98,2349	136,9943
2022-06-11	09:00	29209,05	29300,17	29185,69	29269,68	LONG	0,00167	5981,87	0,00451	HOLD	98,2349	137,0955
2022-06-11	10:00	29269,68	29315,21	29229,87	29272,43	LONG	0,00167	5981,87	0,00451	HOLD	98,2349	137,1001
2022-06-11	11:00	29272,43	29386,38	29251,17	29383,2	LONG	0,00167	5981,87	0,00451	HOLD	98,2349	137,2851
2022-06-11	12:00	29383,2	29440,41	29253,25	29283,45	LONG	0,00167	5981,87	0,00451	HOLD	98,2349	137,1185
2022-06-11	13:00	29283,45	29314,78	29265,26	29314,5	LONG	0,00167	5981,87	0,00451	HOLD	98,2349	137,1704
2022-06-11	14:00	29314,5	29358,65	29279,99	29326,83	LONG	0,00167	5981,87	0,00451	HOLD	98,2349	137,1909
2022-06-11	15:00	29326,83	29345,11	28990	28994,03	LONG	0,00167	5981,87	0,00451	HOLD	98,2349	136,6352
2022-06-11	16:00	28994,04	29184,1	28742,38	29073,02	LONG	0,00167	5981,87	0,00451	HOLD	98,2349	136,7671
2022-06-11	17:00	29073,02	29122,39	28850	28922,01	LONG	0,00167	5981,87	0,00451	HOLD	98,2349	136,5149
2022-06-11	18:00	28922,01	28961,46	28590	28734,01	LONG	0,00167	5981,87	0,00451	HOLD	98,2349	136,2009
2022-06-11	19:00	28734,01	28870	28479,6	28479,61	LONG	0,00167	5981,87	0,00451	HOLD	98,2349	135,7761
2022-06-11	20:00	28479,6	28869,63	28348,78	28780,11	LONG	0,00167	5981,87	0,00451	HOLD	98,2349	136,2779
2022-06-11	21:00	28780,11	28781,98	28386,7	28429,65	LONG	0,00167	5981,87	0,00451	HOLD	98,2349	135,6927
2022-06-11	22:00	28429,65	28605,15	28251	28405,54	LONG	0,00167	5981,87	0,00451	HOLD	98,2349	135,6524
2022-06-11	23:00	28405,55	28505,61	28099,99	28470,8	LONG	0,00167	5981,87	0,00451	HOLD	98,2349	135,7614
2022-06-12	00:00	28470,79	28582,06	28390,38	28499,25	LONG	0,00167	5981,87	0,00451	HOLD	98,2349	135,8089
2022-06-12	01:00	28499,24	28794,46	28454,69	28611,35	LONG	0,00167	5981,87	0,00451	HOLD	98,2349	135,9961
2022-06-12	02:00	28611,34	28759,29	28592,66	28595,28	LONG	0,00167	5981,87	0,00451	HOLD	98,2349	135,9693
2022-06-12	03:00	28595,27	28623,63	28378,37	28408,17	LONG	0,00167	5981,87	0,00451	HOLD	98,2349	135,6568
2022-06-12	04:00	28408,18	28620,27	28389,91	28561,05	LONG	0,00167	5981,87	0,00451	HOLD	98,2349	135,9121
2022-06-12	05:00	28561,04	28683,54	28538,14	28635,76	LONG	0,00167	5981,87	0,00451	HOLD	98,2349	136,0369
2022-06-12	06:00	28635,75	28645	28250,04	28424,7	LONG	0,00167	5981,87	0,00451	HOLD	98,2349	135,6844
2022-06-12	07:00	28424,71	28544,96	28376,11	28506,53	LONG	0,00167	5981,87	0,00451	HOLD	98,2349	135,821
2022-06-12	08:00	28506,53	28516,94	28171	28244,71	LONG	0,00167	5981,87	0,00451	HOLD	98,2349	135,3838
2022-06-12	09:00	28244,7	28346,72	27307,32	27427,48	LONG	0,00167	5981,87	0,00451	HOLD	98,2349	134,019
2022-06-12	10:00	27427,48	27764,64	27249	27553,23	LONG	0,00167	5981,87	0,00451	HOLD	98,2349	134,229
2022-06-12	11:00	27553,22	27656,05	27428,48	27436,64	LONG	0,00167	5981,87	0,00451	HOLD	98,2349	134,0343
2022-06-12	12:00	27436,63	27473,14	27190	27270,79	LONG	0,00167	5981,87	0,00451	HOLD	98,2349	133,7574
2022-06-12	13:00	27270,79	27553,12	27245,7	27485,79	LONG	0,00167	5981,87	0,00451	HOLD	98,2349	134,1164
2022-06-12	14:00	27485,8	27677,18	27395,6	27645,89	LONG	0,00167	5981,87	0,00451	HOLD	98,2349	134,3838
2022-06-12	15:00	27645,88	27726,15	27532,8	27568,21	LONG	0,00167	5981,87	0,00451	HOLD	98,2349	134,2541
2022-06-12	16:00	27568,21	27611,13	27455,17	27469,84	LONG	0,00167	5981,87	0,00451	HOLD	98,2349	134,0898
2022-06-12	17:00	27469,97	27580	27360,16	27444,46	LONG	0,00167	5981,87	0,00451	HOLD	98,2349	134,0474
2022-06-12	18:00	27444,46	27526,59	27342,82	27457,39	LONG	0,00167	5981,87	0,00451	HOLD	98,2349	134,069
2022-06-12	19:00	27457,39	27583,1	27424,74	27436,71	LONG	0,00167	5981,87	0,00451	HOLD	98,2349	134,0344
2022-06-12	20:00	27436,72	27475,06	27234,55	27313,36	LONG	0,00167	5981,87	0,00451	HOLD	98,2349	133,8285
2022-06-12	21:00	27313,35	27965,76	26890	27815	LONG	0,00167	5981,87	0,00451	HOLD	98,2349	134,6662
2022-06-12	22:00	27814,99	28347,89	27776,99	28094,42	LONG	0,00167	5981,87	0,00451	HOLD	98,2349	135,1328
2022-06-12	23:00	28094,42	28177,64	27812	27932,6	LONG	0,00167	5981,87	0,00451	HOLD	98,2349	134,8626
2022-06-13	00:00	27932,6	28238,58	27921,78	28124,01	LONG	0,00167	5981,87	0,00451	HOLD	98,2349	135,1822
2022-06-13	01:00	28124,01	28141,34	27876,95	27908,06	LONG	0,00167	5981,87	0,00451	HOLD	98,2349	134,8216
2022-06-13	02:00	27908,07	27939,18	27423,73	27424,71	LONG	0,00167	5981,87	0,00451	HOLD	98,2349	134,0144
2022-06-13	03:00	27424,71	27557,05	27359,19	27377	LONG	0,00167	5981,87	0,00451	HOLD	98,2349	133,9347
2022-06-13	04:00	27376,99	27532,07	27333,33	27369,34	LONG	0,00167	5981,87	0,00451	HOLD	98,2349	133,9219
2022-06-13	05:00	27369,35	27454,38	26925,27	26995,44	LONG	0,00167	5981,87	0,00451	HOLD	98,2349	133,2975
2022-06-13	06:00	26995,44	27190	26560	26574,53	LONG	0,00167	5981,87	0,00451	HOLD	98,2349	132,5946
2022-06-13	07:00	26574,53	26895,84	26285,56	26307,16	LONG	0,00167	5981,87	0,00451	HOLD	98,2349	132,1481
2022-06-13	08:00	26307,16	26470,53	25602,17	25771,59	LONG	0,00167	5981,87	0,00451	HOLD	98,2349	131,2537
2022-06-13	09:00	25771,6	25862,98	25334,66	25341,4	LONG	0,00167	5981,87	0,00451	HOLD	98,2349	130,5353
2022-06-13	10:00	25341,39	25672,59	24900	25520,05	LONG	0,00167	5981,87	0,00451	HOLD	98,2349	130,8336
2022-06-13	11:00	25520,05	26257,31	25371,82	25389,99	LONG	0,00167	5981,87	0,00451	HOLD	98,2349	130,6164
2022-06-13	12:00	25388,71	25849,99	25190,27	25234,44	LONG	0,00167	5981,87	0,00451	HOLD	98,2349	130,3567
2022-06-13	13:00	25234,44	25607	25057,33	25358,14	LONG	0,00167	5981,87	0,00451	HOLD	98,2349	130,5632
2022-06-13	14:00	25358,15	25472,58	24555	24811,59	LONG	0,00167	5981,87	0,00451	HOLD	98,2349	129,6505
2022-06-13	15:00	24811,59	24941,17	24152,88	24182,6	LONG	0,00167	5981,87	0,00451	HOLD	98,2349	128,6001
2022-06-13	16:00	24182,6	24651,17	23788	24052,83	LONG	0,00167	5981,87	0,00451	HOLD	98,2349	128,3834
2022-06-13	17:00	24052,82	24324,19	23841,57	23990,63	LONG	0,00167	5981,87	0,00451	HOLD	98,2349	128,2795
2022-06-13	18:00	23990,63	24104,7	23500	23729,43	LONG	0,00167	5981,87	0,00451	HOLD	98,2349	127,8433
2022-06-13	19:00	23729,43	24376,09	23633,66	23683,31	LONG	0,00167	5981,87	0,00451	HOLD	98,2349	127,7663
2022-06-13	20:00	23683,3	23979,67	23338,73	23651,94	LONG	0,00167	5981,87	0,00451	HOLD	98,2349	127,7139
2022-06-13	21:00	23651,94	23740	22600	22804,62	LONG	0,00167	5981,87	0,00451	HOLD	98,2349	126,2989
2022-06-13	22:00	22804,62	23507,48	22618,63	23271,54	LONG	0,00167	5981,87	0,00451	HOLD	98,2349	127,0786
2022-06-13	23:00	23271,53	24204,55	23123,97	23733,48	LONG	0,00167	5981,87	0,00451	HOLD	98,2349	127,8501
2022-06-14	00:00	23732,85	23761,4	23106,2	23538,33	LONG	0,00167	5981,87	0,00451	HOLD	98,2349	127,5242
2022-06-14	01:00	23538,32	23810,87	23363,61	23375,01	LONG	0,00167	5981,87	0,00451	HOLD	98,2349	127,2514
2022-06-14	02:00	23375,02	23410,83	23101,01	23218,22	LONG	0,00167	5981,87	0,00451	HOLD	98,2349	126,9896
2022-06-14	03:00	23215,97	23787,3	23191,48	23245,83	LONG	0,00167	5981,87	0,00451	HOLD	98,2349	127,0357
2022-06-14	04:00	23245,82	23390,54	22862,09	23061,45	LONG	0,00167	5981,87	0,00451	HOLD	98,2349	126,7278
2022-06-14	05:00	23061,44	23131,51	22563	22587,9	LONG	0,00167	5981,87	0,00451	HOLD	98,2349	125,9369
2022-06-14	06:00	22587,9	22650	21925,77	22487,41	LONG	0,00167	5981,87	0,00451	HOLD	98,2349	125,7691
2022-06-14	07:00	22485,27	22796,71	21756,73	21759,51	LONG	0,00167	5981,87	0,00451	HOLD	98,2349	124,5535
2022-06-14	08:00	21759,51	21887,84	20855	20855	LONG	0,00167	5981,87	0,00451	HOLD	98,2349	123,043
2022-06-14	09:00	20855	21790	20846	21548,74	LONG	0,00167	5981,87	0,00451	HOLD	98,2349	124,2015
2022-06-14	10:00	21548,74	22300	21327,36	22127,91	LONG	0,00167	5981,87	0,00451	HOLD	98,2349	125,1688
2022-06-14	11:00	22127,92	22466,88	21763,71	21977,83	LONG	0,00167	5981,87	0,00451	HOLD	98,2349	124,9181
2022-06-14	12:00	21977,83	23362,88	21918,66	22747,24	LONG	0,00167	5981,87	0,00451	HOLD	98,2349	126,203
2022-06-14	13:00	22747,25	22909,5	22323,78	22633,82	LONG	0,00167	5981,87	0,00451	HOLD	98,2349	126,0136
2022-06-14	14:00	22633,81	23041,27	22171	22877,52	LONG	0,00167	5981,87	0,00451	HOLD	98,2349	126,4206
2022-06-14	15:00	22877,52	22979,96	22572,35	22609,91	LONG	0,00167	5981,87	0,00451	HOLD	98,2349	125,9737
2022-06-14	16:00	22609,9	22700	22289,36	22298,92	LONG	0,00167	5981,87	0,00451	HOLD	98,2349	125,4543
2022-06-14	17:00	22298,92	22648,13	22250,43	22381,28	LONG	0,00167	5981,87	0,00451	HOLD	98,2349	125,5919
2022-06-14	18:00	22381,27	22422,1	21725,22	21994,56	LONG	0,00167	5981,87	0,00451	HOLD	98,2349	124,9461
2022-06-14	19:00	21994,56	22455,91	21811,01	22150,85	LONG	0,00167	5981,87	0,00451	HOLD	98,2349	125,2071
2022-06-14	20:00	22150,85	22591,78	21967	22411,33	LONG	0,00167	5981,87	0,00451	HOLD	98,2349	125,6421
2022-06-14	21:00	22416,91	22555	22019,06	22513,72	LONG	0,00167	5981,87	0,00451	HOLD	98,2349	125,8131
2022-06-14	22:00	22513,71	22800	22260,94	22680,38	LONG	0,00167	5981,87	0,00451	HOLD	98,2349	126,0914
2022-06-14	23:00	22680,38	22777,07	22421,16	22484,69	LONG	0,00167	5981,87	0,00451	HOLD	98,2349	125,7646
2022-06-15	00:00	22484,69	22740	22325	22361,56	LONG	0,00167	5981,87	0,00451	HOLD	98,2349	125,5589
2022-06-15	01:00	22361,94	22590,72	22219,23	22297,16	LONG	0,00167	5981,87	0,00451	HOLD	98,2349	125,4514
2022-06-15	02:00	22297,16	22331,77	22126,4	22196,28	LONG	0,00167	5981,87	0,00451	HOLD	98,2349	125,2829
2022-06-15	03:00	22190,93	22244,44	21839,48	21989,87	LONG	0,00167	5981,87	0,00451	HOLD	98,2349	124,9382
2022-06-15	04:00	21989,88	22099,57	21358	21484,73	LONG	0,00167	5981,87	0,00451	HOLD	98,2349	124,0946
2022-06-15	05:00	21484,74	21659	21475,87	21598,93	LONG	0,00167	5981,87	0,00451	HOLD	98,2349	124,2854
2022-06-15	06:00	21598,92	22344	21579,07	22136,41	LONG	0,00167	5981,87	0,00451	HOLD	98,2349	125,1829
2022-06-15	07:00	22136,42	22153,2	21741,59	21808,32	LONG	0,00167	5981,87	0,00451	HOLD	98,2349	124,635
2022-06-15	08:00	21808,33	22297,37	21770,68	22163,99	LONG	0,00167	5981,87	0,00451	HOLD	98,2349	125,229
2022-06-15	09:00	22164	22174,98	21851,39	21985,86	LONG	0,00167	5981,87	0,00451	HOLD	98,2349	124,9315
2022-06-15	10:00	21985,85	22044,44	21406,68	21455,8	LONG	0,00167	5981,87	0,00451	HOLD	98,2349	124,0463
2022-06-15	11:00	21455,8	21490,67	20923,51	21148,79	LONG	0,00167	5981,87	0,00451	HOLD	98,2349	123,5336
2022-06-15	12:00	21148,8	21350	20750	21226,31	LONG	0,00167	5981,87	0,00451	HOLD	98,2349	123,6631
2022-06-15	13:00	21226,31	21412,29	20965,03	21336	LONG	0,00167	5981,87	0,00451	HOLD	98,2349	123,8463
2022-06-15	14:00	21336,01	21445,71	20652,18	20722,92	LONG	0,00167	5981,87	0,00451	HOLD	98,2349	122,8224
2022-06-15	15:00	20722,92	20755,8	20185	20265,06	LONG	0,00167	5981,87	0,00451	HOLD	98,2349	122,0578
2022-06-15	16:00	20265,07	20425,01	20111,62	20238,04	LONG	0,00167	5981,87	0,00451	HOLD	98,2349	122,0127
2022-06-15	17:00	20238,03	20819,37	20200,58	20573,58	LONG	0,00167	5981,87	0,00451	HOLD	98,2349	122,573
2022-06-15	18:00	20573,59	21290	20394,8	21177,03	LONG	0,00167	5981,87	0,00451	HOLD	98,2349	123,5808
2022-06-15	19:00	21177,04	21580	21045,13	21197,61	LONG	0,00167	5981,87	0,00451	HOLD	98,2349	123,6152
2022-06-15	20:00	21197,62	21798,95	21149,82	21561,5	LONG	0,00167	5981,87	0,00451	HOLD	98,2349	124,2228
2022-06-15	21:00	21561,49	21773,34	21080,26	21215,09	LONG	0,00167	5981,87	0,00451	HOLD	98,2349	123,6443
2022-06-15	22:00	21215,08	21500	21133	21419,1	LONG	0,00167	5981,87	0,00451	HOLD	98,2349	123,985
2022-06-15	23:00	21419,09	21545,6	20632,84	20723	LONG	0,00167	5981,87	0,00451	HOLD	98,2349	122,8226
2022-06-16	00:00	20723	21507,04	20500	21117,26	LONG	0,00167	5981,87	0,00451	HOLD	98,2349	123,481
2022-06-16	01:00	21117,26	22496,52	20250	21540,07	LONG	0,00167	5981,87	0,00451	HOLD	98,2349	124,1871
2022-06-16	02:00	21540,07	22280	21449,74	21632,04	LONG	0,00167	5981,87	0,00451	HOLD	98,2349	124,3406
2022-06-16	03:00	21632,03	21927,43	21450	21681,79	LONG	0,00167	5981,87	0,00451	HOLD	98,2349	124,4237
2022-06-16	04:00	21681,79	22445,53	21642,46	22214,02	LONG	0,00167	5981,87	0,00451	HOLD	98,2349	125,3126
2022-06-16	05:00	22214,03	22800	22207,1	22474,41	LONG	0,00167	5981,87	0,00451	HOLD	98,2349	125,7474
2022-06-16	06:00	22474,42	22686,81	22422,67	22583,72	LONG	0,00167	5981,87	0,00451	HOLD	98,2349	125,93
2022-06-16	07:00	22583,72	22806,59	22484,93	22680	LONG	0,00167	5981,87	0,00451	HOLD	98,2349	126,0907
2022-06-16	08:00	22680	22995,73	22352,56	22368,42	LONG	0,00167	5981,87	0,00451	HOLD	98,2349	125,5704
2022-06-16	09:00	22368,42	22543,93	22324,22	22454,07	LONG	0,00167	5981,87	0,00451	HOLD	98,2349	125,7134
2022-06-16	10:00	22454,06	22530	22167,08	22211,62	LONG	0,00167	5981,87	0,00451	HOLD	98,2349	125,3085
2022-06-16	11:00	22211,62	22361,98	22037,67	22093,97	LONG	0,00167	5981,87	0,00451	HOLD	98,2349	125,1121
2022-06-16	12:00	22093,96	22198,99	21915,24	21941,97	LONG	0,00167	5981,87	0,00451	HOLD	98,2349	124,8582
2022-06-16	13:00	21941,98	22006,32	21712	21797,51	LONG	0,00167	5981,87	0,00451	HOLD	98,2349	124,617
2022-06-16	14:00	21797,51	21939,66	21646,64	21764,17	LONG	0,00167	5981,87	0,00451	HOLD	98,2349	124,5613
2022-06-16	15:00	21764,18	21888	21604,14	21786,97	LONG	0,00167	5981,87	0,00451	HOLD	98,2349	124,5994
2022-06-16	16:00	21786,97	21793,58	21125,03	21273,85	LONG	0,00167	5981,87	0,00451	HOLD	98,2349	123,7425
2022-06-16	17:00	21273,86	21361,26	20852,35	21243,04	LONG	0,00167	5981,87	0,00451	HOLD	98,2349	123,691
2022-06-16	18:00	21247,9	21295,8	20893,69	21044,55	LONG	0,00167	5981,87	0,00451	HOLD	98,2349	123,3595
2022-06-16	19:00	21044,56	21510,2	20921,99	21144,79	LONG	0,00167	5981,87	0,00451	HOLD	98,2349	123,5269
2022-06-16	20:00	21144,8	21364	20901,01	21022,04	LONG	0,00167	5981,87	0,00451	HOLD	98,2349	123,3219
2022-06-16	21:00	21022,04	21140,93	20745	20924,33	LONG	0,00167	5981,87	0,00451	HOLD	98,2349	123,1588
2022-06-16	22:00	20924,32	21278,77	20917,33	21074,77	LONG	0,00167	5981,87	0,00451	HOLD	98,2349	123,41
2022-06-16	23:00	21074,77	21250,01	20818	21186,1	LONG	0,00167	5981,87	0,00451	HOLD	98,2349	123,5959
2022-06-17	00:00	21186,1	21500	21055	21068,65	LONG	0,00167	5981,87	0,00451	HOLD	98,2349	123,3998
2022-06-17	01:00	21068,64	21123,48	20914,27	21029,37	LONG	0,00167	5981,87	0,00451	HOLD	98,2349	123,3342
2022-06-17	02:00	21029,36	21130,84	20860,01	20875,48	LONG	0,00167	5981,87	0,00451	HOLD	98,2349	123,0772
2022-06-17	03:00	20875,48	21048,38	20502	20712,58	LONG	0,00167	5981,87	0,00451	HOLD	98,2349	122,8052
2022-06-17	04:00	20712,58	20932	20631,01	20685,5	LONG	0,00167	5981,87	0,00451	HOLD	98,2349	122,7599
2022-06-17	05:00	20685,5	20707,78	20343,22	20364,99	LONG	0,00167	5981,87	0,00451	HOLD	98,2349	122,2247
2022-06-17	06:00	20364,98	20492,52	20232	20401,31	LONG	0,00167	5981,87	0,00451	HOLD	98,2349	122,2853
2022-06-17	07:00	20400,6	20630	20246,66	20363,63	LONG	0,00167	5981,87	0,00451	HOLD	98,2349	122,2224
2022-06-17	08:00	20363,64	20949,2	20347,03	20880,8	LONG	0,00167	5981,87	0,00451	HOLD	98,2349	123,0861
2022-06-17	09:00	20880,81	21059,68	20543,09	20580,3	LONG	0,00167	5981,87	0,00451	HOLD	98,2349	122,5842
2022-06-17	10:00	20580,29	20680,5	20352,67	20383,38	LONG	0,00167	5981,87	0,00451	HOLD	98,2349	122,2554
2022-06-17	11:00	20383,37	20633,65	20326	20536,92	LONG	0,00167	5981,87	0,00451	HOLD	98,2349	122,5118
2022-06-17	12:00	20536,91	20974,71	20526,69	20807,76	LONG	0,00167	5981,87	0,00451	HOLD	98,2349	122,9641
2022-06-17	13:00	20807,77	20994,28	20616,2	20898,02	LONG	0,00167	5981,87	0,00451	HOLD	98,2349	123,1148
2022-06-17	14:00	20898,02	21286,01	20829,05	21100,64	LONG	0,00167	5981,87	0,00451	HOLD	98,2349	123,4532
2022-06-17	15:00	21100,65	21365,43	21022,21	21069,39	LONG	0,00167	5981,87	0,00451	HOLD	98,2349	123,401
2022-06-17	16:00	21069,39	21137,93	20877,17	20972,66	LONG	0,00167	5981,87	0,00451	HOLD	98,2349	123,2395
2022-06-17	17:00	20972,66	21150	20847,49	21119,5	LONG	0,00167	5981,87	0,00451	HOLD	98,2349	123,4847
2022-06-17	18:00	21119,5	21218	20943,56	20972,04	LONG	0,00167	5981,87	0,00451	HOLD	98,2349	123,2384
2022-06-17	19:00	20972,04	21047,41	20588	20654,49	LONG	0,00167	5981,87	0,00451	HOLD	98,2349	122,7081
2022-06-17	20:00	20654,5	20920,65	20569,63	20801,35	LONG	0,00167	5981,87	0,00451	HOLD	98,2349	122,9534
2022-06-17	21:00	20801,34	20810,76	20386,93	20550,71	LONG	0,00167	5981,87	0,00451	HOLD	98,2349	122,5348
2022-06-17	22:00	20550,71	20749,24	20524,84	20663,7	LONG	0,00167	5981,87	0,00451	HOLD	98,2349	122,7235
2022-06-17	23:00	20661,95	20791,96	20530	20571,21	LONG	0,00167	5981,87	0,00451	HOLD	98,2349	122,5691
2022-06-18	00:00	20571,2	20714,23	20510,06	20592,6	LONG	0,00167	5981,87	0,00451	HOLD	98,2349	122,6048
2022-06-18	01:00	20592,59	20653,13	20468,88	20517,62	LONG	0,00167	5981,87	0,00451	HOLD	98,2349	122,4796
2022-06-18	02:00	20517,62	20547,06	20440,92	20515,59	LONG	0,00167	5981,87	0,00451	HOLD	98,2349	122,4762
2022-06-18	03:00	20515,59	20723	20515,13	20652,65	LONG	0,00167	5981,87	0,00451	HOLD	98,2349	122,7051
2022-06-18	04:00	20652,65	20680	20513,03	20554,16	LONG	0,00167	5981,87	0,00451	HOLD	98,2349	122,5406
2022-06-18	05:00	20554,16	20605,58	20368,2	20451,19	LONG	0,00167	5981,87	0,00451	HOLD	98,2349	122,3686
2022-06-18	06:00	20451,19	20544,43	20428,22	20468,81	LONG	0,00167	5981,87	0,00451	HOLD	98,2349	122,3981
2022-06-18	07:00	20468,81	20792,06	20440,82	20569,14	LONG	0,00167	5981,87	0,00451	HOLD	98,2349	122,5656
2022-06-18	08:00	20569,14	20599,29	20375,16	20390,01	LONG	0,00167	5981,87	0,00451	HOLD	98,2349	122,2665
2022-06-18	09:00	20390,02	20523,25	20322,08	20475,28	LONG	0,00167	5981,87	0,00451	HOLD	98,2349	122,4089
2022-06-18	10:00	20475,28	20498,75	20380,7	20459,65	LONG	0,00167	5981,87	0,00451	HOLD	98,2349	122,3828
2022-06-18	11:00	20459,65	20499,67	20397,06	20493,37	LONG	0,00167	5981,87	0,00451	HOLD	98,2349	122,4391
2022-06-18	12:00	20493,38	20537,34	20394,46	20424,05	LONG	0,00167	5981,87	0,00451	HOLD	98,2349	122,3233
2022-06-18	13:00	20424,04	20446,52	19120	19439,26	LONG	0,00167	5981,87	0,00451	HOLD	98,2349	120,6787
2022-06-18	14:00	19439,26	19600	19066,8	19258,58	LONG	0,00167	5981,87	0,00451	HOLD	98,2349	120,377
2022-06-18	15:00	19258,58	19393	18742,5	19008,88	LONG	0,00167	5981,87	0,00451	HOLD	98,2349	119,96
2022-06-18	16:00	19008,89	19218,18	18901,01	19173,92	LONG	0,00167	5981,87	0,00451	HOLD	98,2349	120,2356
2022-06-18	17:00	19173,91	19540	19149,27	19395,33	LONG	0,00167	5981,87	0,00451	HOLD	98,2349	120,6053
2022-06-18	18:00	19395,33	19464,15	19237,05	19243,98	LONG	0,00167	5981,87	0,00451	HOLD	98,2349	120,3526
2022-06-18	19:00	19243,99	19291,99	19125,01	19155,45	LONG	0,00167	5981,87	0,00451	HOLD	98,2349	120,2047
2022-06-18	20:00	19155,46	19233,71	19090,92	19200,11	LONG	0,00167	5981,87	0,00451	HOLD	98,2349	120,2793
2022-06-18	21:00	19200,12	19261,75	19069,68	19077,58	LONG	0,00167	5981,87	0,00451	HOLD	98,2349	120,0747
2022-06-18	22:00	19077,58	19123,97	18942,75	18953,76	LONG	0,00167	5981,87	0,00451	HOLD	98,2349	119,8679
2022-06-18	23:00	18953,76	19101,28	18811	18875,25	LONG	0,00167	5981,87	0,00451	HOLD	98,2349	119,7368
2022-06-19	00:00	18875,25	18964,93	18511	18621,13	LONG	0,00167	5981,87	0,00451	HOLD	98,2349	119,3124
2022-06-19	01:00	18621,12	18653,57	18128	18215,78	LONG	0,00167	5981,87	0,00451	HOLD	98,2349	118,6355
2022-06-19	02:00	18215,77	18358,75	18031,13	18067,6	LONG	0,00167	5981,87	0,00451	HOLD	98,2349	118,388
2022-06-19	03:00	18067,61	18177,41	17622	17809	LONG	0,00167	5981,87	0,00451	HOLD	98,2349	117,9562
2022-06-19	04:00	17808,99	18919,78	17763,38	18517,72	LONG	0,00167	5981,87	0,00451	HOLD	98,2349	119,1397
2022-06-19	05:00	18517,71	19493,23	18425,56	19186,93	LONG	0,00167	5981,87	0,00451	HOLD	98,2349	120,2573
2022-06-19	06:00	19186,92	19269,99	18908,96	18970,79	LONG	0,00167	5981,87	0,00451	HOLD	98,2349	119,8964
2022-06-19	07:00	18970,79	19198	18859,29	18972,29	LONG	0,00167	5981,87	0,00451	HOLD	98,2349	119,8989
2022-06-19	08:00	18972,28	19042,48	18410,79	18480,1	LONG	0,00167	5981,87	0,00451	HOLD	98,2349	119,0769
2022-06-19	09:00	18480,1	18529,32	18224,98	18380,1	LONG	0,00167	5981,87	0,00451	HOLD	98,2349	118,9099
2022-06-19	10:00	18380,1	18750	18262,56	18311,09	LONG	0,00167	5981,87	0,00451	HOLD	98,2349	118,7947
2022-06-19	11:00	18311,1	18621,57	18264,66	18504,96	LONG	0,00167	5981,87	0,00451	HOLD	98,2349	119,1184
2022-06-19	12:00	18504,96	18543,47	17960,41	18126,08	LONG	0,00167	5981,87	0,00451	HOLD	98,2349	118,4857
2022-06-19	13:00	18126,08	18481,31	18053,13	18256,55	LONG	0,00167	5981,87	0,00451	HOLD	98,2349	118,7036
2022-06-19	14:00	18256,54	18546	18245	18306,93	LONG	0,00167	5981,87	0,00451	HOLD	98,2349	118,7877
2022-06-19	15:00	18307,39	18712,06	18264,67	18671,79	LONG	0,00167	5981,87	0,00451	HOLD	98,2349	119,397
2022-06-19	16:00	18671,78	19314,91	18577,25	19006,11	LONG	0,00167	5981,87	0,00451	HOLD	98,2349	119,9553
2022-06-19	17:00	19006,11	20057,2	18898,74	19907,41	LONG	0,00167	5981,87	0,00451	HOLD	98,2349	121,4605
2022-06-19	18:00	19907,41	20150	19573,3	19692,5	LONG	0,00167	5981,87	0,00451	HOLD	98,2349	121,1016
2022-06-19	19:00	19692,49	19944,52	19284,5	19344,27	LONG	0,00167	5981,87	0,00451	HOLD	98,2349	120,5201
2022-06-19	20:00	19344,26	19592,57	19130,84	19185,87	LONG	0,00167	5981,87	0,00451	HOLD	98,2349	120,2555
2022-06-19	21:00	19185,86	19514,14	19156,22	19472,24	LONG	0,00167	5981,87	0,00451	HOLD	98,2349	120,7338
2022-06-19	22:00	19472,24	19945,88	19327,44	19824,97	LONG	0,00167	5981,87	0,00451	HOLD	98,2349	121,3228
2022-06-19	23:00	19824,96	19872,18	19350,08	19520,84	LONG	0,00167	5981,87	0,00451	HOLD	98,2349	120,8149
2022-06-20	00:00	19521,68	19597,64	19388,82	19445,99	LONG	0,00167	5981,87	0,00451	HOLD	98,2349	120,6899
2022-06-20	01:00	19445,6	20263,29	19413,44	20254,52	LONG	0,00167	5981,87	0,00451	HOLD	98,2349	122,0402
2022-06-20	02:00	20254,52	20344,91	19840,93	20124,08	LONG	0,00167	5981,87	0,00451	HOLD	98,2349	121,8224
2022-06-20	03:00	20124,07	20716,25	20050,47	20639,48	LONG	0,00167	5981,87	0,00451	HOLD	98,2349	122,6831
2022-06-20	04:00	20639,48	20660,44	20287	20395,64	LONG	0,00167	5981,87	0,00451	HOLD	98,2349	122,2759
2022-06-20	05:00	20395,63	20815,95	20313	20695,22	LONG	0,00167	5981,87	0,00451	HOLD	98,2349	122,7762
2022-06-20	06:00	20695,22	20713,77	20412,47	20574	LONG	0,00167	5981,87	0,00451	HOLD	98,2349	122,5737
2022-06-20	07:00	20574	20687,99	20056,01	20060,39	LONG	0,00167	5981,87	0,00451	HOLD	98,2349	121,716
2022-06-20	08:00	20060,4	20161,19	19637,03	19795,52	LONG	0,00167	5981,87	0,00451	HOLD	98,2349	121,2737
2022-06-20	09:00	19795,53	20117,77	19670,74	19946,18	LONG	0,00167	5981,87	0,00451	HOLD	98,2349	121,5253
2022-06-20	10:00	19946,17	20197,28	19854,68	19980,49	LONG	0,00167	5981,87	0,00451	HOLD	98,2349	121,5826
2022-06-20	11:00	19980,49	20182,02	19813,3	19857,89	LONG	0,00167	5981,87	0,00451	HOLD	98,2349	121,3778
2022-06-20	12:00	19857,9	20118,36	19776,58	20107,81	LONG	0,00167	5981,87	0,00451	HOLD	98,2349	121,7952
2022-06-20	13:00	20107,81	20258,29	19925	20140,04	LONG	0,00167	5981,87	0,00451	HOLD	98,2349	121,849
2022-06-20	14:00	20140,05	20158,83	19876,01	20086,63	LONG	0,00167	5981,87	0,00451	HOLD	98,2349	121,7598
2022-06-20	15:00	20086,62	20658,7	20023,14	20568,22	LONG	0,00167	5981,87	0,00451	HOLD	98,2349	122,5641
2022-06-20	16:00	20568,23	21022	20475,61	20652,36	LONG	0,00167	5981,87	0,00451	HOLD	98,2349	122,7046
2022-06-20	17:00	20652,36	20990	20468,1	20884,11	LONG	0,00167	5981,87	0,00451	HOLD	98,2349	123,0916
2022-06-20	18:00	20884,1	20962,65	20677,57	20801,79	LONG	0,00167	5981,87	0,00451	HOLD	98,2349	122,9541
2022-06-20	19:00	20801,79	20820	20364,33	20555,68	LONG	0,00167	5981,87	0,00451	HOLD	98,2349	122,5431
2022-06-20	20:00	20555,67	20715,88	20385,15	20525,56	LONG	0,00167	5981,87	0,00451	HOLD	98,2349	122,4928
2022-06-20	21:00	20525,55	20931	20509,99	20845,95	LONG	0,00167	5981,87	0,00451	HOLD	98,2349	123,0279
2022-06-20	22:00	20845,94	21090	20571,86	20824,74	LONG	0,00167	5981,87	0,00451	HOLD	98,2349	122,9925
2022-06-20	23:00	20824,74	20832,82	20206,11	20280,93	LONG	0,00167	5981,87	0,00451	HOLD	98,2349	122,0843
2022-06-21	00:00	20280,93	20450	19967,01	19977,6	LONG	0,00167	5981,87	0,00451	HOLD	98,2349	121,5777
2022-06-21	01:00	19977,59	20110,84	19832,95	20046,43	LONG	0,00167	5981,87	0,00451	HOLD	98,2349	121,6927
2022-06-21	02:00	20046,44	20200	19886,27	20072,81	LONG	0,00167	5981,87	0,00451	HOLD	98,2349	121,7367
2022-06-21	03:00	20072,8	20529,74	20001,53	20455,54	LONG	0,00167	5981,87	0,00451	HOLD	98,2349	122,3759
2022-06-21	04:00	20455,55	20633,88	20320,13	20418,45	LONG	0,00167	5981,87	0,00451	HOLD	98,2349	122,314
2022-06-21	05:00	20418,44	20582,25	20251,59	20489,62	LONG	0,00167	5981,87	0,00451	HOLD	98,2349	122,4328
2022-06-21	06:00	20489,62	20784,77	20378,22	20573,89	LONG	0,00167	5981,87	0,00451	HOLD	98,2349	122,5735
2022-06-21	07:00	20573,9	20705,74	20396,77	20672,3	LONG	0,00167	5981,87	0,00451	HOLD	98,2349	122,7379
2022-06-21	08:00	20672,3	20783,99	20504,89	20670,88	LONG	0,00167	5981,87	0,00451	HOLD	98,2349	122,7355
2022-06-21	09:00	20670,87	20699,93	20348,4	20433,49	LONG	0,00167	5981,87	0,00451	HOLD	98,2349	122,3391
2022-06-21	10:00	20433,49	20665,26	20365	20614,04	LONG	0,00167	5981,87	0,00451	HOLD	98,2349	122,6406
2022-06-21	11:00	20614,04	20740,72	20474,41	20656,17	LONG	0,00167	5981,87	0,00451	HOLD	98,2349	122,7109
2022-06-21	12:00	20656,17	21029,93	20621,14	20890,77	LONG	0,00167	5981,87	0,00451	HOLD	98,2349	123,1027
2022-06-21	13:00	20890,77	21202	20890,77	21192,08	LONG	0,00167	5981,87	0,00451	HOLD	98,2349	123,6059
2022-06-21	14:00	21192,08	21333	20952,46	21120,28	LONG	0,00167	5981,87	0,00451	HOLD	98,2349	123,486
2022-06-21	15:00	21120,28	21500,01	21051,25	21356,32	LONG	0,00167	5981,87	0,00451	HOLD	98,2349	123,8802
2022-06-21	16:00	21356,32	21470	21166,94	21200	LONG	0,00167	5981,87	0,00451	HOLD	98,2349	123,6191
2022-06-21	17:00	21200,01	21307,83	21061,54	21299,27	LONG	0,00167	5981,87	0,00451	HOLD	98,2349	123,7849
2022-06-21	18:00	21299,02	21361,03	20911,13	20962,42	LONG	0,00167	5981,87	0,00451	HOLD	98,2349	123,2224
2022-06-21	19:00	20962,42	21163,24	20853,36	21106,2	LONG	0,00167	5981,87	0,00451	HOLD	98,2349	123,4625
2022-06-21	20:00	21106,19	21650	20995,64	21619,31	LONG	0,00167	5981,87	0,00451	HOLD	98,2349	124,3194
2022-06-21	21:00	21619,31	21723	21427,82	21590,79	LONG	0,00167	5981,87	0,00451	HOLD	98,2349	124,2718
2022-06-21	22:00	21590,79	21604,27	21339,07	21392,19	LONG	0,00167	5981,87	0,00451	HOLD	98,2349	123,9401
2022-06-21	23:00	21392,18	21550,39	21355,77	21401,52	LONG	0,00167	5981,87	0,00451	HOLD	98,2349	123,9557
2022-06-22	00:00	21401,52	21457,82	21195,7	21242,94	LONG	0,00167	5981,87	0,00451	HOLD	98,2349	123,6909
2022-06-22	01:00	21242,93	21256,99	21076,48	21100,01	LONG	0,00167	5981,87	0,00451	HOLD	98,2349	123,4522
2022-06-22	02:00	21100	21306,51	20870,01	20888,64	LONG	0,00167	5981,87	0,00451	HOLD	98,2349	123,0992
2022-06-22	03:00	20888,63	20987,38	20666	20859,86	LONG	0,00167	5981,87	0,00451	HOLD	98,2349	123,0511
2022-06-22	04:00	20859,86	21054,99	20808	20972,91	LONG	0,00167	5981,87	0,00451	HOLD	98,2349	123,2399
2022-06-22	05:00	20972,91	21003,7	20741,03	20897	LONG	0,00167	5981,87	0,00451	HOLD	98,2349	123,1131
2022-06-22	06:00	20897	20943,17	20551	20723,52	LONG	0,00167	5981,87	0,00451	HOLD	98,2349	122,8234
2022-06-22	07:00	20723,51	20736,68	20421,38	20587,01	LONG	0,00167	5981,87	0,00451	HOLD	98,2349	122,5954
2022-06-22	08:00	20587,01	20719,21	20388,01	20411,24	LONG	0,00167	5981,87	0,00451	HOLD	98,2349	122,3019
2022-06-22	09:00	20411,23	20526,67	20330	20466,47	LONG	0,00167	5981,87	0,00451	HOLD	98,2349	122,3941
2022-06-22	10:00	20466,47	20567,6	20253,96	20317,88	LONG	0,00167	5981,87	0,00451	HOLD	98,2349	122,146
2022-06-22	11:00	20317,89	20469,5	20275,34	20435,08	LONG	0,00167	5981,87	0,00451	HOLD	98,2349	122,3417
2022-06-22	12:00	20435,08	20595,42	20364,74	20368,76	LONG	0,00167	5981,87	0,00451	HOLD	98,2349	122,231
2022-06-22	13:00	20368,77	20450,99	19950,34	20112,97	LONG	0,00167	5981,87	0,00451	HOLD	98,2349	121,8038
2022-06-22	14:00	20112,97	20249,71	19966,62	20099,62	LONG	0,00167	5981,87	0,00451	HOLD	98,2349	121,7815
2022-06-22	15:00	20099,62	20257	20038,85	20235,07	LONG	0,00167	5981,87	0,00451	HOLD	98,2349	122,0077
2022-06-22	16:00	20235,06	20499,9	20232,29	20428,56	LONG	0,00167	5981,87	0,00451	HOLD	98,2349	122,3308
2022-06-22	17:00	20428,57	20550	20357,14	20419,23	LONG	0,00167	5981,87	0,00451	HOLD	98,2349	122,3153
2022-06-22	18:00	20419,24	20676,7	20399,01	20506,3	LONG	0,00167	5981,87	0,00451	HOLD	98,2349	122,4607
2022-06-22	19:00	20506,3	20573,37	20106,06	20365,5	LONG	0,00167	5981,87	0,00451	HOLD	98,2349	122,2255
2022-06-22	20:00	20365,49	20772,61	20235,08	20723,95	LONG	0,00167	5981,87	0,00451	HOLD	98,2349	122,8241
2022-06-22	21:00	20723,95	20900	20640	20693,98	LONG	0,00167	5981,87	0,00451	HOLD	98,2349	122,7741
2022-06-22	22:00	20693,98	20702,79	20035,54	20080,1	LONG	0,00167	5981,87	0,00451	HOLD	98,2349	121,7489
2022-06-22	23:00	20080,85	20345,76	19840,86	20322,73	LONG	0,00167	5981,87	0,00451	HOLD	98,2349	122,1541
2022-06-23	00:00	20322,72	20380	20150	20267,42	LONG	0,00167	5981,87	0,00451	HOLD	98,2349	122,0617
2022-06-23	01:00	20267,43	20378,47	20200	20218,15	LONG	0,00167	5981,87	0,00451	HOLD	98,2349	121,9795
2022-06-23	02:00	20218,15	20266,32	19913	20117,34	LONG	0,00167	5981,87	0,00451	HOLD	98,2349	121,8111
2022-06-23	03:00	20117,34	20239,87	19770,51	19879,97	LONG	0,00167	5981,87	0,00451	HOLD	98,2349	121,4147
2022-06-23	04:00	19879,98	20064,67	19831,19	20005,3	LONG	0,00167	5981,87	0,00451	HOLD	98,2349	121,624
2022-06-23	05:00	20005,3	20169,09	19918,31	20103,32	LONG	0,00167	5981,87	0,00451	HOLD	98,2349	121,7877
2022-06-23	06:00	20103,32	20139,53	19960,51	19987,99	LONG	0,00167	5981,87	0,00451	HOLD	98,2349	121,5951
2022-06-23	07:00	19988	20510	19890,07	20419,14	LONG	0,00167	5981,87	0,00451	HOLD	98,2349	122,3151
2022-06-23	08:00	20419,15	20612,22	20339,13	20375,49	LONG	0,00167	5981,87	0,00451	HOLD	98,2349	122,2422
2022-06-23	09:00	20375,48	20492,01	20347,63	20363	LONG	0,00167	5981,87	0,00451	HOLD	98,2349	122,2214
2022-06-23	10:00	20363,01	20376,72	20211,43	20213,79	LONG	0,00167	5981,87	0,00451	HOLD	98,2349	121,9722
2022-06-23	11:00	20213,78	20394,99	20168,26	20357,17	LONG	0,00167	5981,87	0,00451	HOLD	98,2349	122,2116
2022-06-23	12:00	20357,17	20474,36	20273,9	20349,16	LONG	0,00167	5981,87	0,00451	HOLD	98,2349	122,1982
2022-06-23	13:00	20349,16	20657,14	20303,76	20548,51	LONG	0,00167	5981,87	0,00451	HOLD	98,2349	122,5312
2022-06-23	14:00	20548,52	20623,87	20424,98	20461,83	LONG	0,00167	5981,87	0,00451	HOLD	98,2349	122,3864
2022-06-23	15:00	20461,83	20659,46	20454,32	20576,66	LONG	0,00167	5981,87	0,00451	HOLD	98,2349	122,5782
2022-06-23	16:00	20576,65	20785,52	20488,02	20746,4	LONG	0,00167	5981,87	0,00451	HOLD	98,2349	122,8616
2022-06-23	17:00	20746,4	20812,12	20662,53	20699,54	LONG	0,00167	5981,87	0,00451	HOLD	98,2349	122,7834
2022-06-23	18:00	20699,54	20719,69	20591,53	20638,79	LONG	0,00167	5981,87	0,00451	HOLD	98,2349	122,6819
2022-06-23	19:00	20638,89	20829,21	20493,21	20563,48	LONG	0,00167	5981,87	0,00451	HOLD	98,2349	122,5562
2022-06-23	20:00	20563,48	20653,8	20365,13	20459,94	LONG	0,00167	5981,87	0,00451	HOLD	98,2349	122,3832
2022-06-23	21:00	20459,94	20615,94	20397,59	20609,71	LONG	0,00167	5981,87	0,00451	HOLD	98,2349	122,6334
2022-06-23	22:00	20609,71	20615,93	20287,41	20351,91	LONG	0,00167	5981,87	0,00451	HOLD	98,2349	122,2028
2022-06-23	23:00	20351,91	20366,98	20211,66	20284,28	LONG	0,00167	5981,87	0,00451	HOLD	98,2349	122,0899
2022-06-24	00:00	20284,28	20395,08	20170	20319,32	LONG	0,00167	5981,87	0,00451	HOLD	98,2349	122,1484
2022-06-24	01:00	20319,32	20456	20288,91	20431,92	LONG	0,00167	5981,87	0,00451	HOLD	98,2349	122,3364
2022-06-24	02:00	20431,92	20945,55	20390,82	20910,06	LONG	0,00167	5981,87	0,00451	HOLD	98,2349	123,1349
2022-06-24	03:00	20910,06	21123	20743,75	20815,25	LONG	0,00167	5981,87	0,00451	HOLD	98,2349	122,9766
2022-06-24	04:00	20815,26	20852,44	20672,72	20687,76	LONG	0,00167	5981,87	0,00451	HOLD	98,2349	122,7637
2022-06-24	05:00	20687,75	21233	20683,2	20991,75	LONG	0,00167	5981,87	0,00451	HOLD	98,2349	123,2714
2022-06-24	06:00	20991,75	21203,7	20975,88	21110,13	LONG	0,00167	5981,87	0,00451	HOLD	98,2349	123,4691
2022-06-24	07:00	21110,12	21199,88	20973,68	21007,18	LONG	0,00167	5981,87	0,00451	HOLD	98,2349	123,2971
2022-06-24	08:00	21007,18	21183,78	20985,14	21047,6	LONG	0,00167	5981,87	0,00451	HOLD	98,2349	123,3646
2022-06-24	09:00	21047,59	21369,85	21015,14	21173,46	LONG	0,00167	5981,87	0,00451	HOLD	98,2349	123,5748
2022-06-24	10:00	21173,47	21277,5	21040	21073,73	LONG	0,00167	5981,87	0,00451	HOLD	98,2349	123,4083
2022-06-24	11:00	21073,73	21154,62	20983,01	21050,15	LONG	0,00167	5981,87	0,00451	HOLD	98,2349	123,3689
2022-06-24	12:00	21050,15	21168,13	20864,84	20910,89	LONG	0,00167	5981,87	0,00451	HOLD	98,2349	123,1363
2022-06-24	13:00	20910,89	20962,17	20780,59	20842,16	LONG	0,00167	5981,87	0,00451	HOLD	98,2349	123,0215
2022-06-24	14:00	20842,16	21000,59	20736,72	20913,72	LONG	0,00167	5981,87	0,00451	HOLD	98,2349	123,1411
2022-06-24	15:00	20913,73	21094	20900	21053,33	LONG	0,00167	5981,87	0,00451	HOLD	98,2349	123,3742
2022-06-24	16:00	21053,33	21077,12	20745,01	20824,99	LONG	0,00167	5981,87	0,00451	HOLD	98,2349	122,9929
2022-06-24	17:00	20824,99	21000,3	20792,59	20995,36	LONG	0,00167	5981,87	0,00451	HOLD	98,2349	123,2774
2022-06-24	18:00	20995,36	21326,52	20979,81	21169,53	LONG	0,00167	5981,87	0,00451	HOLD	98,2349	123,5683
2022-06-24	19:00	21169,53	21457	21086,01	21215,25	LONG	0,00167	5981,87	0,00451	HOLD	98,2349	123,6446
2022-06-24	20:00	21215,24	21376	21142,86	21199,99	LONG	0,00167	5981,87	0,00451	HOLD	98,2349	123,6191
2022-06-24	21:00	21199,98	21374,99	21053,72	21120,78	LONG	0,00167	5981,87	0,00451	HOLD	98,2349	123,4868
2022-06-24	22:00	21120,77	21129,86	20822,9	20884,17	LONG	0,00167	5981,87	0,00451	HOLD	98,2349	123,0917
2022-06-24	23:00	20884,17	21100	20784,76	21044,61	LONG	0,00167	5981,87	0,00451	HOLD	98,2349	123,3596
2022-06-25	00:00	21044,61	21228,92	20933,32	20972,4	LONG	0,00167	5981,87	0,00451	HOLD	98,2349	123,2391
2022-06-25	01:00	20972,41	21132,07	20904,02	21126,61	LONG	0,00167	5981,87	0,00451	HOLD	98,2349	123,4966
2022-06-25	02:00	21126,61	21267,36	21027,19	21253,61	LONG	0,00167	5981,87	0,00451	HOLD	98,2349	123,7087
2022-06-25	03:00	21253,79	21341,97	21146	21200,42	LONG	0,00167	5981,87	0,00451	HOLD	98,2349	123,6198
2022-06-25	04:00	21200,41	21365	21182,8	21317,48	LONG	0,00167	5981,87	0,00451	HOLD	98,2349	123,8153
2022-06-25	05:00	21317,47	21558,41	21300	21310,99	LONG	0,00167	5981,87	0,00451	HOLD	98,2349	123,8045
2022-06-25	06:00	21310,73	21394,35	21194,01	21237,69	LONG	0,00167	5981,87	0,00451	HOLD	98,2349	123,6821
2022-06-25	07:00	21237,68	21302,81	21121,72	21194,12	LONG	0,00167	5981,87	0,00451	HOLD	98,2349	123,6093
2022-06-25	08:00	21194,12	21342,86	21147,84	21331,33	LONG	0,00167	5981,87	0,00451	HOLD	98,2349	123,8385
2022-06-25	09:00	21331,33	21379,65	21151,38	21177,36	LONG	0,00167	5981,87	0,00451	HOLD	98,2349	123,5813
2022-06-25	10:00	21177,36	21345,89	21157,41	21300,62	LONG	0,00167	5981,87	0,00451	HOLD	98,2349	123,7872
2022-06-25	11:00	21300,62	21306,55	21206,68	21234,48	LONG	0,00167	5981,87	0,00451	HOLD	98,2349	123,6767
2022-06-25	12:00	21234,49	21323,48	21214,59	21216,88	LONG	0,00167	5981,87	0,00451	HOLD	98,2349	123,6473
2022-06-25	13:00	21216,87	21308,08	21180,4	21303,62	LONG	0,00167	5981,87	0,00451	HOLD	98,2349	123,7922
2022-06-25	14:00	21303,61	21614,5	21297,93	21508,13	LONG	0,00167	5981,87	0,00451	HOLD	98,2349	124,1337
2022-06-25	15:00	21508,09	21555,71	21353,97	21395,38	LONG	0,00167	5981,87	0,00451	HOLD	98,2349	123,9454
2022-06-25	16:00	21395,37	21500,39	21358,88	21432,69	LONG	0,00167	5981,87	0,00451	HOLD	98,2349	124,0077
2022-06-25	17:00	21432,69	21484,47	21385,14	21433,15	LONG	0,00167	5981,87	0,00451	HOLD	98,2349	124,0085
2022-06-25	18:00	21433,16	21475	21318,63	21340,22	LONG	0,00167	5981,87	0,00451	HOLD	98,2349	123,8533
2022-06-25	19:00	21340,22	21372,89	21031,92	21147,94	LONG	0,00167	5981,87	0,00451	HOLD	98,2349	123,5322
2022-06-25	20:00	21147,95	21245,77	21070,93	21165,45	LONG	0,00167	5981,87	0,00451	HOLD	98,2349	123,5614
2022-06-25	21:00	21165,45	21223,21	21080	21128,9	LONG	0,00167	5981,87	0,00451	HOLD	98,2349	123,5004
2022-06-25	22:00	21128,9	21184,55	20906,62	20961,89	LONG	0,00167	5981,87	0,00451	HOLD	98,2349	123,2215
2022-06-25	23:00	20961,89	21070	20915	21053,63	LONG	0,00167	5981,87	0,00451	HOLD	98,2349	123,3747
2022-06-26	00:00	21053,63	21164,21	21014,32	21096,77	LONG	0,00167	5981,87	0,00451	HOLD	98,2349	123,4467
2022-06-26	01:00	21096,76	21256,96	21043,75	21236,85	LONG	0,00167	5981,87	0,00451	HOLD	98,2349	123,6807
2022-06-26	02:00	21236,84	21271,62	21154,87	21206,2	LONG	0,00167	5981,87	0,00451	HOLD	98,2349	123,6295
2022-06-26	03:00	21206,21	21250	21146,04	21226,14	LONG	0,00167	5981,87	0,00451	HOLD	98,2349	123,6628
2022-06-26	04:00	21226,14	21523,14	21207,7	21512,07	LONG	0,00167	5981,87	0,00451	HOLD	98,2349	124,1403
2022-06-26	05:00	21512,07	21526,41	21390,68	21431,33	LONG	0,00167	5981,87	0,00451	HOLD	98,2349	124,0055
2022-06-26	06:00	21431,32	21588,43	21428,28	21491,19	LONG	0,00167	5981,87	0,00451	HOLD	98,2349	124,1054
2022-06-26	07:00	21491,18	21544,49	21393,63	21468,29	LONG	0,00167	5981,87	0,00451	HOLD	98,2349	124,0672
2022-06-26	08:00	21468,29	21538,55	21328,39	21395,07	LONG	0,00167	5981,87	0,00451	HOLD	98,2349	123,9449
2022-06-26	09:00	21395,08	21421,06	21282,13	21352,77	LONG	0,00167	5981,87	0,00451	HOLD	98,2349	123,8743
2022-06-26	10:00	21352,78	21456,12	21333,22	21426,23	LONG	0,00167	5981,87	0,00451	HOLD	98,2349	123,9969
2022-06-26	11:00	21426,23	21479,81	21359,57	21424,82	LONG	0,00167	5981,87	0,00451	HOLD	98,2349	123,9946
2022-06-26	12:00	21424,81	21484,98	21373,84	21442,01	LONG	0,00167	5981,87	0,00451	HOLD	98,2349	124,0233
2022-06-26	13:00	21442,01	21526	21336,96	21476,19	LONG	0,00167	5981,87	0,00451	HOLD	98,2349	124,0804
2022-06-26	14:00	21476,19	21484,93	21365,05	21396,52	LONG	0,00167	5981,87	0,00451	HOLD	98,2349	123,9473
2022-06-26	15:00	21396,52	21470,77	21384,99	21453,21	LONG	0,00167	5981,87	0,00451	HOLD	98,2349	124,042
2022-06-26	16:00	21453,22	21480,82	21365,15	21414,83	LONG	0,00167	5981,87	0,00451	HOLD	98,2349	123,9779
2022-06-26	17:00	21414,84	21449,81	21378,69	21417,86	LONG	0,00167	5981,87	0,00451	HOLD	98,2349	123,983
2022-06-26	18:00	21417,87	21777	21398,9	21708,6	LONG	0,00167	5981,87	0,00451	HOLD	98,2349	124,4685
2022-06-26	19:00	21708,6	21888	21413,57	21456,36	LONG	0,00167	5981,87	0,00451	HOLD	98,2349	124,0473
2022-06-26	20:00	21456,37	21486,75	21307,09	21408,93	LONG	0,00167	5981,87	0,00451	HOLD	98,2349	123,9681
2022-06-26	21:00	21408,94	21493,67	21395,87	21411,58	LONG	0,00167	5981,87	0,00451	HOLD	98,2349	123,9725
2022-06-26	22:00	21411,58	21416,72	21197,12	21326,11	LONG	0,00167	5981,87	0,00451	HOLD	98,2349	123,8297
2022-06-26	23:00	21325,98	21445,88	21273,77	21352,02	LONG	0,00167	5981,87	0,00451	HOLD	98,2349	123,873
2022-06-27	00:00	21352,03	21366,59	21128,41	21260,66	LONG	0,00167	5981,87	0,00451	HOLD	98,2349	123,7204
2022-06-27	01:00	21260,66	21269,01	21115,3	21186,64	LONG	0,00167	5981,87	0,00451	HOLD	98,2349	123,5968
2022-06-27	02:00	21186,64	21309,09	21182,62	21283,6	LONG	0,00167	5981,87	0,00451	HOLD	98,2349	123,7588
2022-06-27	03:00	21283,6	21425	21236,86	21401,73	LONG	0,00167	5981,87	0,00451	HOLD	98,2349	123,956
2022-06-27	04:00	21401,73	21421,88	21327,52	21381,85	LONG	0,00167	5981,87	0,00451	HOLD	98,2349	123,9228
2022-06-27	05:00	21381,86	21403,05	20964,73	21143,78	LONG	0,00167	5981,87	0,00451	HOLD	98,2349	123,5253
2022-06-27	06:00	21143,78	21235,73	20971,59	21038,07	LONG	0,00167	5981,87	0,00451	HOLD	98,2349	123,3487
2022-06-27	07:00	21038,08	21119,29	20975,97	21048,72	LONG	0,00167	5981,87	0,00451	HOLD	98,2349	123,3665
2022-06-27	08:00	21048,71	21137,86	20926,01	21090,55	LONG	0,00167	5981,87	0,00451	HOLD	98,2349	123,4364
2022-06-27	09:00	21090,55	21190,1	21046,67	21131,3	LONG	0,00167	5981,87	0,00451	HOLD	98,2349	123,5044
2022-06-27	10:00	21131,3	21186,7	21112,13	21171,32	LONG	0,00167	5981,87	0,00451	HOLD	98,2349	123,5712
2022-06-27	11:00	21171,33	21318,66	21149,09	21246,58	LONG	0,00167	5981,87	0,00451	HOLD	98,2349	123,6969
2022-06-27	12:00	21246,58	21268,05	21142,86	21182,6	LONG	0,00167	5981,87	0,00451	HOLD	98,2349	123,5901
2022-06-27	13:00	21182,6	21278,5	21166,42	21267,6	LONG	0,00167	5981,87	0,00451	HOLD	98,2349	123,732
2022-06-27	14:00	21267,59	21404,52	21260	21363,22	LONG	0,00167	5981,87	0,00451	HOLD	98,2349	123,8917
2022-06-27	15:00	21363,23	21539,85	21338,5	21489,8	LONG	0,00167	5981,87	0,00451	HOLD	98,2349	124,1031
2022-06-27	16:00	21489,81	21500,58	21422,97	21454,57	LONG	0,00167	5981,87	0,00451	HOLD	98,2349	124,0443
2022-06-27	17:00	21454,58	21492,42	21393,94	21437,18	LONG	0,00167	5981,87	0,00451	HOLD	98,2349	124,0152
2022-06-27	18:00	21437,18	21450	21285,48	21304,55	LONG	0,00167	5981,87	0,00451	HOLD	98,2349	123,7937
2022-06-27	19:00	21304,56	21343,83	21169,97	21235,84	LONG	0,00167	5981,87	0,00451	HOLD	98,2349	123,679
2022-06-27	20:00	21235,84	21285	20722,04	20737,81	LONG	0,00167	5981,87	0,00451	HOLD	98,2349	122,8473
2022-06-27	21:00	20737,82	20845,37	20590	20820,51	LONG	0,00167	5981,87	0,00451	HOLD	98,2349	122,9854
2022-06-27	22:00	20820,5	20851,51	20675,11	20754,73	LONG	0,00167	5981,87	0,00451	HOLD	98,2349	122,8755
2022-06-27	23:00	20754,74	20811,68	20660,01	20759,66	LONG	0,00167	5981,87	0,00451	HOLD	98,2349	122,8838
2022-06-28	00:00	20759,65	20783,66	20700,11	20726,78	LONG	0,00167	5981,87	0,00451	HOLD	98,2349	122,8289
2022-06-28	01:00	20726,77	20945	20510	20821,05	LONG	0,00167	5981,87	0,00451	HOLD	98,2349	122,9863
2022-06-28	02:00	20821,05	20894,22	20723,34	20855,37	LONG	0,00167	5981,87	0,00451	HOLD	98,2349	123,0436
2022-06-28	03:00	20855,38	20966,73	20855,37	20913,56	LONG	0,00167	5981,87	0,00451	HOLD	98,2349	123,1408
2022-06-28	04:00	20913,57	20916,9	20783,15	20803,24	LONG	0,00167	5981,87	0,00451	HOLD	98,2349	122,9566
2022-06-28	05:00	20803,25	20950	20762,8	20814,42	LONG	0,00167	5981,87	0,00451	HOLD	98,2349	122,9752
2022-06-28	06:00	20814,42	20887,99	20680	20742,56	LONG	0,00167	5981,87	0,00451	HOLD	98,2349	122,8552
2022-06-28	07:00	20742,57	20873,82	20684	20770,5	LONG	0,00167	5981,87	0,00451	HOLD	98,2349	122,9019
2022-06-28	08:00	20770,5	20814,7	20553,04	20619,45	LONG	0,00167	5981,87	0,00451	HOLD	98,2349	122,6496
2022-06-28	09:00	20619,44	20684,39	20510	20640,98	LONG	0,00167	5981,87	0,00451	HOLD	98,2349	122,6856
2022-06-28	10:00	20640,99	20758,16	20630,98	20735,03	LONG	0,00167	5981,87	0,00451	HOLD	98,2349	122,8426
2022-06-28	11:00	20735,03	20795,09	20703,3	20771,57	LONG	0,00167	5981,87	0,00451	HOLD	98,2349	122,9037
2022-06-28	12:00	20771,58	20829,1	20735,42	20741,3	LONG	0,00167	5981,87	0,00451	HOLD	98,2349	122,8531
2022-06-28	13:00	20741,29	20900	20741,29	20862,65	LONG	0,00167	5981,87	0,00451	HOLD	98,2349	123,0558
2022-06-28	14:00	20862,64	20933	20830,43	20879,39	LONG	0,00167	5981,87	0,00451	HOLD	98,2349	123,0837
2022-06-28	15:00	20879,39	21150,29	20870,01	21119,32	LONG	0,00167	5981,87	0,00451	HOLD	98,2349	123,4844
2022-06-28	16:00	21119,32	21212,1	21046,89	21060,1	LONG	0,00167	5981,87	0,00451	HOLD	98,2349	123,3855
2022-06-28	17:00	21060,1	21090,7	20994,87	21023,26	LONG	0,00167	5981,87	0,00451	HOLD	98,2349	123,324
2022-06-28	18:00	21023,25	21086,87	20904,74	20998,13	LONG	0,00167	5981,87	0,00451	HOLD	98,2349	123,282
2022-06-28	19:00	20998,14	21128,88	20944,04	20953,31	LONG	0,00167	5981,87	0,00451	HOLD	98,2349	123,2072
2022-06-28	20:00	20953,31	21129,19	20869,2	21058,34	LONG	0,00167	5981,87	0,00451	HOLD	98,2349	123,3826
2022-06-28	21:00	21058,34	21088,95	20716,67	20845,08	LONG	0,00167	5981,87	0,00451	HOLD	98,2349	123,0264
2022-06-28	22:00	20845,09	20845,09	20588	20606,4	LONG	0,00167	5981,87	0,00451	HOLD	98,2349	122,6278
2022-06-28	23:00	20606,4	20771,8	20552	20715,58	LONG	0,00167	5981,87	0,00451	HOLD	98,2349	122,8102
2022-06-29	00:00	20715,57	20725	20596,34	20630,01	LONG	0,00167	5981,87	0,00451	HOLD	98,2349	122,6673
2022-06-29	01:00	20630,02	20638,7	20259,33	20349,08	LONG	0,00167	5981,87	0,00451	HOLD	98,2349	122,1981
2022-06-29	02:00	20349,07	20362,47	20218	20255,01	LONG	0,00167	5981,87	0,00451	HOLD	98,2349	122,041
2022-06-29	03:00	20255,01	20321,92	20202,01	20277,57	LONG	0,00167	5981,87	0,00451	HOLD	98,2349	122,0787
2022-06-29	04:00	20277,58	20397,47	20274,31	20393,44	LONG	0,00167	5981,87	0,00451	HOLD	98,2349	122,2722
2022-06-29	05:00	20393,43	20463,2	20268,05	20308,02	LONG	0,00167	5981,87	0,00451	HOLD	98,2349	122,1295
2022-06-29	06:00	20308,01	20367,41	20210	20281,29	LONG	0,00167	5981,87	0,00451	HOLD	98,2349	122,0849
2022-06-29	07:00	20281,28	20388,79	20152	20289,83	LONG	0,00167	5981,87	0,00451	HOLD	98,2349	122,0992
2022-06-29	08:00	20289,83	20385	20236,34	20357,67	LONG	0,00167	5981,87	0,00451	HOLD	98,2349	122,2125
2022-06-29	09:00	20357,66	20398	20283,87	20347,46	LONG	0,00167	5981,87	0,00451	HOLD	98,2349	122,1954
2022-06-29	10:00	20347,47	20390,84	20231,23	20282,96	LONG	0,00167	5981,87	0,00451	HOLD	98,2349	122,0877
2022-06-29	11:00	20282,96	20371,75	20250	20307,37	LONG	0,00167	5981,87	0,00451	HOLD	98,2349	122,1285
2022-06-29	12:00	20307,38	20381,1	20071,64	20182,8	LONG	0,00167	5981,87	0,00451	HOLD	98,2349	121,9204
2022-06-29	13:00	20182,81	20211,89	19889	19941,82	LONG	0,00167	5981,87	0,00451	HOLD	98,2349	121,518
2022-06-29	14:00	19941,82	20133,1	19900,57	20093,75	LONG	0,00167	5981,87	0,00451	HOLD	98,2349	121,7717
2022-06-29	15:00	20093,74	20149	19961,81	19990,38	LONG	0,00167	5981,87	0,00451	HOLD	98,2349	121,5991
2022-06-29	16:00	19990,38	20233,98	19971,01	20063,27	LONG	0,00167	5981,87	0,00451	HOLD	98,2349	121,7208
2022-06-29	17:00	20063,26	20147,12	20025	20097	LONG	0,00167	5981,87	0,00451	HOLD	98,2349	121,7771
2022-06-29	18:00	20097	20122,43	19854,92	20104,8	LONG	0,00167	5981,87	0,00451	HOLD	98,2349	121,7902
2022-06-29	19:00	20104,81	20189,13	19977,18	20014,12	LONG	0,00167	5981,87	0,00451	HOLD	98,2349	121,6387
2022-06-29	20:00	20014,12	20141,89	19892,97	20083,99	LONG	0,00167	5981,87	0,00451	HOLD	98,2349	121,7554
2022-06-29	21:00	20083,99	20254,2	20036,71	20126,02	LONG	0,00167	5981,87	0,00451	HOLD	98,2349	121,8256
2022-06-29	22:00	20126,01	20142,79	20000	20084,48	LONG	0,00167	5981,87	0,00451	HOLD	98,2349	121,7562
2022-06-29	23:00	20084,48	20100	19980,71	20020,87	LONG	0,00167	5981,87	0,00451	HOLD	98,2349	121,65
2022-06-30	00:00	20020,87	20081,38	19921,85	20081,37	LONG	0,00167	5981,87	0,00451	HOLD	98,2349	121,751
2022-06-30	01:00	20081,38	20123	20036,3	20052,68	LONG	0,00167	5981,87	0,00451	HOLD	98,2349	121,7031
2022-06-30	02:00	20052,67	20268	20036,94	20223,63	LONG	0,00167	5981,87	0,00451	HOLD	98,2349	121,9886
2022-06-30	03:00	20223,63	20432,31	20128	20224,04	LONG	0,00167	5981,87	0,00451	HOLD	98,2349	121,9893
2022-06-30	04:00	20224,04	20357,06	20196,8	20295,35	LONG	0,00167	5981,87	0,00451	HOLD	98,2349	122,1084
2022-06-30	05:00	20295,35	20326,12	20151,77	20213,64	LONG	0,00167	5981,87	0,00451	HOLD	98,2349	121,9719
2022-06-30	06:00	20213,64	20218,89	20052,74	20123,01	LONG	0,00167	5981,87	0,00451	HOLD	98,2349	121,8206
2022-06-30	07:00	20123	20179,08	20011,17	20037,92	LONG	0,00167	5981,87	0,00451	HOLD	98,2349	121,6785
2022-06-30	08:00	20037,91	20084,99	19951,08	20018,44	LONG	0,00167	5981,87	0,00451	HOLD	98,2349	121,6459
2022-06-30	09:00	20018,45	20121,74	20001,5	20083,78	LONG	0,00167	5981,87	0,00451	HOLD	98,2349	121,7551
2022-06-30	10:00	20083,78	20097,09	20047,73	20077,01	LONG	0,00167	5981,87	0,00451	HOLD	98,2349	121,7437
2022-06-30	11:00	20077,01	20091,15	20010,83	20052,28	LONG	0,00167	5981,87	0,00451	HOLD	98,2349	121,7024
2022-06-30	12:00	20052,28	20070	19964,55	20001,75	LONG	0,00167	5981,87	0,00451	HOLD	98,2349	121,6181
2022-06-30	13:00	20001,75	20028,47	19355	19420,34	LONG	0,00167	5981,87	0,00451	HOLD	98,2349	120,6471
2022-06-30	14:00	19420,33	19467,79	19310	19435,9	LONG	0,00167	5981,87	0,00451	HOLD	98,2349	120,6731
2022-06-30	15:00	19435,89	19440,73	19134,02	19234,06	LONG	0,00167	5981,87	0,00451	HOLD	98,2349	120,336
2022-06-30	16:00	19234,06	19260,6	18921,59	19154,16	LONG	0,00167	5981,87	0,00451	HOLD	98,2349	120,2026
2022-06-30	17:00	19154,16	19171,82	18987,88	19108,64	LONG	0,00167	5981,87	0,00451	HOLD	98,2349	120,1266
2022-06-30	18:00	19108,64	19188,97	19013,35	19101,36	LONG	0,00167	5981,87	0,00451	HOLD	98,2349	120,1144
2022-06-30	19:00	19101,35	19341,26	19064,3	19204,37	LONG	0,00167	5981,87	0,00451	HOLD	98,2349	120,2864
2022-06-30	20:00	19204,36	19266,7	18756,71	18868,29	LONG	0,00167	5981,87	0,00451	HOLD	98,2349	119,7252
2022-06-30	21:00	18868,3	19160	18860	19123,18	LONG	0,00167	5981,87	0,00451	HOLD	98,2349	120,1509
2022-06-30	22:00	19123,19	19258,43	19091,88	19143,98	LONG	0,00167	5981,87	0,00451	HOLD	98,2349	120,1856
2022-06-30	23:00	19143,97	19295,89	19068,64	19140,42	LONG	0,00167	5981,87	0,00451	HOLD	98,2349	120,1796
2022-07-01	00:00	19140,42	19222	19071,43	19105,67	LONG	0,00167	5981,87	0,00451	HOLD	98,2349	120,1216
2022-07-01	01:00	19105,67	19126,26	18961,9	18973,86	LONG	0,00167	5981,87	0,00451	HOLD	98,2349	119,9015
2022-07-01	02:00	18973,86	19046,39	18850,21	18927,34	LONG	0,00167	5981,87	0,00451	HOLD	98,2349	119,8238
2022-07-01	03:00	18927,33	19075,49	18626	18755,93	LONG	0,00167	5981,87	0,00451	HOLD	98,2349	119,5375
2022-07-01	04:00	18755,93	18967,57	18724,18	18819,8	LONG	0,00167	5981,87	0,00451	HOLD	98,2349	119,6442
2022-07-01	05:00	18819,79	18957,08	18740,83	18894,54	LONG	0,00167	5981,87	0,00451	HOLD	98,2349	119,769
2022-07-01	06:00	18894,53	19980	18881,51	19942,21	LONG	0,00167	5981,87	0,00451	HOLD	98,2349	121,5186
2022-07-01	07:00	19942,21	20918,35	19658,97	20295,08	LONG	0,00167	5981,87	0,00451	HOLD	98,2349	122,1079
2022-07-01	08:00	20295,09	20475,15	20260	20416,46	LONG	0,00167	5981,87	0,00451	HOLD	98,2349	122,3106
2022-07-01	09:00	20416,45	20552,29	20269,95	20300,69	LONG	0,00167	5981,87	0,00451	HOLD	98,2349	122,1173
2022-07-01	10:00	20300,68	20309,55	19688	19730,76	LONG	0,00167	5981,87	0,00451	HOLD	98,2349	121,1655
2022-07-01	11:00	19730,77	19773,71	19366,89	19409,23	LONG	0,00167	5981,87	0,00451	HOLD	98,2349	120,6286
2022-07-01	12:00	19409,23	19579,43	19315,91	19465,37	LONG	0,00167	5981,87	0,00451	HOLD	98,2349	120,7223
2022-07-01	13:00	19465,37	19492	19361,55	19401,67	LONG	0,00167	5981,87	0,00451	HOLD	98,2349	120,6159
2022-07-01	14:00	19401,66	19669,42	19337	19579,11	LONG	0,00167	5981,87	0,00451	HOLD	98,2349	120,9123
2022-07-01	15:00	19579,11	19821,28	19476,48	19524,57	LONG	0,00167	5981,87	0,00451	HOLD	98,2349	120,8212
2022-07-01	16:00	19524,56	19561,87	19371,55	19424,45	LONG	0,00167	5981,87	0,00451	HOLD	98,2349	120,654
2022-07-01	17:00	19424,45	19496,8	19000	19070,56	LONG	0,00167	5981,87	0,00451	HOLD	98,2349	120,063
2022-07-01	18:00	19070,57	19226,68	18975	19191,03	LONG	0,00167	5981,87	0,00451	HOLD	98,2349	120,2642
2022-07-01	19:00	19191,02	19346,92	19130,21	19288,12	LONG	0,00167	5981,87	0,00451	HOLD	98,2349	120,4263
2022-07-01	20:00	19288,12	19669,22	19208,64	19450,24	LONG	0,00167	5981,87	0,00451	HOLD	98,2349	120,697
2022-07-01	21:00	19450,24	19535,71	19290,35	19408,92	LONG	0,00167	5981,87	0,00451	HOLD	98,2349	120,628
2022-07-01	22:00	19408,91	19483,41	19212,62	19290,94	LONG	0,00167	5981,87	0,00451	HOLD	98,2349	120,431
2022-07-01	23:00	19290,95	19465	19253,01	19347,96	LONG	0,00167	5981,87	0,00451	HOLD	98,2349	120,5262
2022-07-02	00:00	19347,97	19530	19323,72	19487,94	LONG	0,00167	5981,87	0,00451	HOLD	98,2349	120,76
2022-07-02	01:00	19487,93	19544,52	19390,51	19440,28	LONG	0,00167	5981,87	0,00451	HOLD	98,2349	120,6804
2022-07-02	02:00	19440,28	19442,85	19279,03	19390,17	LONG	0,00167	5981,87	0,00451	HOLD	98,2349	120,5967
2022-07-02	03:00	19390,17	19686,71	19349,29	19431,77	LONG	0,00167	5981,87	0,00451	HOLD	98,2349	120,6662
2022-07-02	04:00	19431,78	19522,55	19336,63	19397,02	LONG	0,00167	5981,87	0,00451	HOLD	98,2349	120,6082
2022-07-02	05:00	19397,03	19416,67	19290	19300,62	LONG	0,00167	5981,87	0,00451	HOLD	98,2349	120,4472
2022-07-02	06:00	19300,62	19461,53	19221,03	19279,8	LONG	0,00167	5981,87	0,00451	HOLD	98,2349	120,4124
2022-07-02	07:00	19279,8	19387,44	19157,58	19179,58	LONG	0,00167	5981,87	0,00451	HOLD	98,2349	120,245
2022-07-02	08:00	19179,58	19295,02	19144,29	19229,98	LONG	0,00167	5981,87	0,00451	HOLD	98,2349	120,3292
2022-07-02	09:00	19229,97	19283,39	19110	19197,58	LONG	0,00167	5981,87	0,00451	HOLD	98,2349	120,2751
2022-07-02	10:00	19197,58	19226,99	19063,52	19130,9	LONG	0,00167	5981,87	0,00451	HOLD	98,2349	120,1637
2022-07-02	11:00	19130,9	19236,82	19113	19195,88	LONG	0,00167	5981,87	0,00451	HOLD	98,2349	120,2723
2022-07-02	12:00	19195,88	19299	19177,53	19238,26	LONG	0,00167	5981,87	0,00451	HOLD	98,2349	120,343
2022-07-02	13:00	19238,26	19283,16	19188,28	19216,69	LONG	0,00167	5981,87	0,00451	HOLD	98,2349	120,307
2022-07-02	14:00	19216,69	19273,62	19112,51	19126,81	LONG	0,00167	5981,87	0,00451	HOLD	98,2349	120,1569
2022-07-02	15:00	19126,81	19195,6	19082,69	19113,83	LONG	0,00167	5981,87	0,00451	HOLD	98,2349	120,1352
2022-07-02	16:00	19113,84	19185,2	18977,01	19170,15	LONG	0,00167	5981,87	0,00451	HOLD	98,2349	120,2293
2022-07-02	17:00	19170,14	19285,01	19134,1	19240,34	LONG	0,00167	5981,87	0,00451	HOLD	98,2349	120,3465
2022-07-02	18:00	19240,34	19270,9	19160,33	19195,21	LONG	0,00167	5981,87	0,00451	HOLD	98,2349	120,2711
2022-07-02	19:00	19195,21	19467,39	19152,13	19344,57	LONG	0,00167	5981,87	0,00451	HOLD	98,2349	120,5206
2022-07-02	20:00	19344,56	19346,76	19223,16	19266,64	LONG	0,00167	5981,87	0,00451	HOLD	98,2349	120,3904
2022-07-02	21:00	19266,63	19359,74	19255,17	19283,33	LONG	0,00167	5981,87	0,00451	HOLD	98,2349	120,4183
2022-07-02	22:00	19283,34	19298,79	19171,77	19229,39	LONG	0,00167	5981,87	0,00451	HOLD	98,2349	120,3282
2022-07-02	23:00	19229,39	19335,71	19191,91	19294,03	LONG	0,00167	5981,87	0,00451	HOLD	98,2349	120,4362
2022-07-03	00:00	19294,02	19346,93	19285,22	19299,36	LONG	0,00167	5981,87	0,00451	HOLD	98,2349	120,4451
2022-07-03	01:00	19299,37	19399,86	19259,37	19320,15	LONG	0,00167	5981,87	0,00451	HOLD	98,2349	120,4798
2022-07-03	02:00	19320,15	19408,01	19196	19273,27	LONG	0,00167	5981,87	0,00451	HOLD	98,2349	120,4015
2022-07-03	03:00	19273,27	19286,74	19201,99	19263,3	LONG	0,00167	5981,87	0,00451	HOLD	98,2349	120,3849
2022-07-03	04:00	19263,29	19383,01	19250,16	19355,24	LONG	0,00167	5981,87	0,00451	HOLD	98,2349	120,5384
2022-07-03	05:00	19355,24	19371,69	19314,73	19331,34	LONG	0,00167	5981,87	0,00451	HOLD	98,2349	120,4985
2022-07-03	06:00	19331,35	19342,63	19200	19252,81	LONG	0,00167	5981,87	0,00451	HOLD	98,2349	120,3673
2022-07-03	07:00	19252,82	19292,04	19173,46	19246,54	LONG	0,00167	5981,87	0,00451	HOLD	98,2349	120,3569
2022-07-03	08:00	19246,54	19259,92	19174,06	19189,31	LONG	0,00167	5981,87	0,00451	HOLD	98,2349	120,2613
2022-07-03	09:00	19189,31	19284,16	19183,68	19261,41	LONG	0,00167	5981,87	0,00451	HOLD	98,2349	120,3817
2022-07-03	10:00	19261,42	19307,42	19238	19264,29	LONG	0,00167	5981,87	0,00451	HOLD	98,2349	120,3865
2022-07-03	11:00	19264,29	19325,94	18781	19263,59	LONG	0,00167	5981,87	0,00451	HOLD	98,2349	120,3853
2022-07-03	12:00	19263,58	19400	19030	19043,6	LONG	0,00167	5981,87	0,00451	HOLD	98,2349	120,018
2022-07-03	13:00	19043,59	19245,58	19033,73	19150	LONG	0,00167	5981,87	0,00451	HOLD	98,2349	120,1956
2022-07-03	14:00	19150	19160,21	19091,84	19139,74	LONG	0,00167	5981,87	0,00451	HOLD	98,2349	120,1785
2022-07-03	15:00	19139,75	19155,44	18930,19	19014,88	LONG	0,00167	5981,87	0,00451	HOLD	98,2349	119,97
2022-07-03	16:00	19014,89	19079,11	18955,42	19042,27	LONG	0,00167	5981,87	0,00451	HOLD	98,2349	120,0157
2022-07-03	17:00	19042,26	19119,28	19028,19	19072,03	LONG	0,00167	5981,87	0,00451	HOLD	98,2349	120,0654
2022-07-03	18:00	19072,04	19144,78	19063,01	19089,8	LONG	0,00167	5981,87	0,00451	HOLD	98,2349	120,0951
2022-07-03	19:00	19089,79	19121,05	18982,2	19069,51	LONG	0,00167	5981,87	0,00451	HOLD	98,2349	120,0612
2022-07-03	20:00	19069,51	19083,4	18967,13	18977,22	LONG	0,00167	5981,87	0,00451	HOLD	98,2349	119,9071
2022-07-03	21:00	18977,21	19100	18964	19078,94	LONG	0,00167	5981,87	0,00451	HOLD	98,2349	120,077
2022-07-03	22:00	19078,95	19136,43	19033,1	19046,78	LONG	0,00167	5981,87	0,00451	HOLD	98,2349	120,0233
2022-07-03	23:00	19046,78	19200	19011,66	19157,23	LONG	0,00167	5981,87	0,00451	HOLD	98,2349	120,2077
2022-07-04	00:00	19157,24	19247,38	19114,35	19221,77	LONG	0,00167	5981,87	0,00451	HOLD	98,2349	120,3155
2022-07-04	01:00	19221,76	19299	19182,64	19236,74	LONG	0,00167	5981,87	0,00451	HOLD	98,2349	120,3405
2022-07-04	02:00	19236,73	19565,05	19224,88	19492,16	LONG	0,00167	5981,87	0,00451	HOLD	98,2349	120,767
2022-07-04	03:00	19492,15	19647,63	19414,89	19445,43	LONG	0,00167	5981,87	0,00451	HOLD	98,2349	120,689
2022-07-04	04:00	19445,44	19469,57	19265	19300,92	LONG	0,00167	5981,87	0,00451	HOLD	98,2349	120,4477
2022-07-04	05:00	19300,92	19379,84	19231,38	19299,99	LONG	0,00167	5981,87	0,00451	HOLD	98,2349	120,4461
2022-07-04	06:00	19299,99	19340,59	19213,58	19315,83	LONG	0,00167	5981,87	0,00451	HOLD	98,2349	120,4726
2022-07-04	07:00	19315,83	19343,43	19216,29	19263,4	LONG	0,00167	5981,87	0,00451	HOLD	98,2349	120,385
2022-07-04	08:00	19263,4	19270,23	19140,01	19226,6	LONG	0,00167	5981,87	0,00451	HOLD	98,2349	120,3236
2022-07-04	09:00	19226,59	19235,14	19058,58	19072,49	LONG	0,00167	5981,87	0,00451	HOLD	98,2349	120,0662
2022-07-04	10:00	19072,49	19130,5	19055,31	19103,54	LONG	0,00167	5981,87	0,00451	HOLD	98,2349	120,1181
2022-07-04	11:00	19103,54	19145,94	19082,92	19125,19	LONG	0,00167	5981,87	0,00451	HOLD	98,2349	120,1542
2022-07-04	12:00	19125,19	19150	19115,02	19137,19	LONG	0,00167	5981,87	0,00451	HOLD	98,2349	120,1742
2022-07-04	13:00	19137,19	19189	19084,19	19101,42	LONG	0,00167	5981,87	0,00451	HOLD	98,2349	120,1145
2022-07-04	14:00	19101,43	19140,54	19084,29	19120,6	LONG	0,00167	5981,87	0,00451	HOLD	98,2349	120,1465
2022-07-04	15:00	19120,6	19174,15	19110,04	19147,25	LONG	0,00167	5981,87	0,00451	HOLD	98,2349	120,191
2022-07-04	16:00	19147,25	19445,48	19140,19	19367,05	LONG	0,00167	5981,87	0,00451	HOLD	98,2349	120,5581
2022-07-04	17:00	19367,06	19554,97	19367,05	19470,65	LONG	0,00167	5981,87	0,00451	HOLD	98,2349	120,7311
2022-07-04	18:00	19470,64	19855,7	19463,63	19806,49	LONG	0,00167	5981,87	0,00451	HOLD	98,2349	121,292
2022-07-04	19:00	19806,48	19888	19644,8	19712,8	LONG	0,00167	5981,87	0,00451	HOLD	98,2349	121,1355
2022-07-04	20:00	19712,8	19756,07	19526,3	19530,55	LONG	0,00167	5981,87	0,00451	HOLD	98,2349	120,8312
2022-07-04	21:00	19530,54	19641,86	19496,84	19609,71	LONG	0,00167	5981,87	0,00451	HOLD	98,2349	120,9634
2022-07-04	22:00	19609,72	20143,02	19609,7	19801,47	LONG	0,00167	5981,87	0,00451	HOLD	98,2349	121,2836
2022-07-04	23:00	19801,48	19831,21	19676,9	19740,96	LONG	0,00167	5981,87	0,00451	HOLD	98,2349	121,1825
2022-07-05	00:00	19740,95	20050	19719,83	19899,41	LONG	0,00167	5981,87	0,00451	HOLD	98,2349	121,4472
2022-07-05	01:00	19899,41	19993,46	19826,25	19930,71	LONG	0,00167	5981,87	0,00451	HOLD	98,2349	121,4994
2022-07-05	02:00	19930,71	19961,89	19758,21	19829,99	LONG	0,00167	5981,87	0,00451	HOLD	98,2349	121,3312
2022-07-05	03:00	19829,98	19876,77	19733,95	19782,79	LONG	0,00167	5981,87	0,00451	HOLD	98,2349	121,2524
2022-07-05	04:00	19782,79	20031,58	19749,51	19958,75	LONG	0,00167	5981,87	0,00451	HOLD	98,2349	121,5463
2022-07-05	05:00	19958,76	20252,22	19871,88	20163,67	LONG	0,00167	5981,87	0,00451	HOLD	98,2349	121,8885
2022-07-05	06:00	20163,66	20354,01	20113,91	20236,71	LONG	0,00167	5981,87	0,00451	HOLD	98,2349	122,0104
2022-07-05	07:00	20236,71	20478,4	20179,74	20395,59	LONG	0,00167	5981,87	0,00451	HOLD	98,2349	122,2758
2022-07-05	08:00	20395,6	20423,45	20249,65	20299,14	LONG	0,00167	5981,87	0,00451	HOLD	98,2349	122,1147
2022-07-05	09:00	20299,14	20299,99	20159,59	20173,87	LONG	0,00167	5981,87	0,00451	HOLD	98,2349	121,9055
2022-07-05	10:00	20173,87	20318	20173,86	20312,98	LONG	0,00167	5981,87	0,00451	HOLD	98,2349	122,1378
2022-07-05	11:00	20312,99	20316,45	20183,8	20272,38	LONG	0,00167	5981,87	0,00451	HOLD	98,2349	122,07
2022-07-05	12:00	20272,39	20470,78	20226,95	20296,3	LONG	0,00167	5981,87	0,00451	HOLD	98,2349	122,11
2022-07-05	13:00	20296,3	20437,86	20291,18	20387,81	LONG	0,00167	5981,87	0,00451	HOLD	98,2349	122,2628
2022-07-05	14:00	20387,82	20397,88	20177	20215,69	LONG	0,00167	5981,87	0,00451	HOLD	98,2349	121,9753
2022-07-05	15:00	20215,68	20215,69	19802,87	19894,92	LONG	0,00167	5981,87	0,00451	HOLD	98,2349	121,4397
2022-07-05	16:00	19894,93	19936,62	19636,86	19770,3	LONG	0,00167	5981,87	0,00451	HOLD	98,2349	121,2315
2022-07-05	17:00	19770,3	19821,95	19700,39	19740,94	LONG	0,00167	5981,87	0,00451	HOLD	98,2349	121,1825
2022-07-05	18:00	19740,94	19808,46	19478	19520,39	LONG	0,00167	5981,87	0,00451	HOLD	98,2349	120,8142
2022-07-05	19:00	19520,4	19545,45	19359	19373,75	LONG	0,00167	5981,87	0,00451	HOLD	98,2349	120,5693
2022-07-05	20:00	19373,74	19536,27	19304,4	19403,35	LONG	0,00167	5981,87	0,00451	HOLD	98,2349	120,6187
2022-07-05	21:00	19403,34	19594,52	19375	19464,53	LONG	0,00167	5981,87	0,00451	HOLD	98,2349	120,7209
2022-07-05	22:00	19464,52	19540	19322,04	19519,98	LONG	0,00167	5981,87	0,00451	HOLD	98,2349	120,8135
2022-07-05	23:00	19519,98	19715,06	19479,53	19552,4	LONG	0,00167	5981,87	0,00451	HOLD	98,2349	120,8677
2022-07-06	00:00	19552,41	19788	19543,79	19703,85	LONG	0,00167	5981,87	0,00451	HOLD	98,2349	121,1206
2022-07-06	01:00	19703,85	20142,6	19673,12	20117,5	LONG	0,00167	5981,87	0,00451	HOLD	98,2349	121,8114
2022-07-06	02:00	20117,49	20500	20063,29	20398,21	LONG	0,00167	5981,87	0,00451	HOLD	98,2349	122,2802
2022-07-06	03:00	20398,21	20750	20361,34	20458,93	LONG	0,00167	5981,87	0,00451	HOLD	98,2349	122,3816
2022-07-06	04:00	20458,93	20495,62	20175	20373,12	LONG	0,00167	5981,87	0,00451	HOLD	98,2349	122,2383
2022-07-06	05:00	20373,12	20439,99	20252,38	20435,25	LONG	0,00167	5981,87	0,00451	HOLD	98,2349	122,342
2022-07-06	06:00	20435,24	20435,99	20103,05	20175,83	LONG	0,00167	5981,87	0,00451	HOLD	98,2349	121,9088
2022-07-06	07:00	20175,84	20414,01	20087,02	20261,88	LONG	0,00167	5981,87	0,00451	HOLD	98,2349	122,0525
2022-07-06	08:00	20261,89	20314,28	19828,71	19877,48	LONG	0,00167	5981,87	0,00451	HOLD	98,2349	121,4105
2022-07-06	09:00	19877,48	19977,18	19796,92	19860,6	LONG	0,00167	5981,87	0,00451	HOLD	98,2349	121,3823
2022-07-06	10:00	19860,6	19985,68	19761,25	19951,47	LONG	0,00167	5981,87	0,00451	HOLD	98,2349	121,5341
2022-07-06	11:00	19951,47	20337,84	19895,72	20098,75	LONG	0,00167	5981,87	0,00451	HOLD	98,2349	121,7801
2022-07-06	12:00	20098,75	20195,59	19909,53	20048,08	LONG	0,00167	5981,87	0,00451	HOLD	98,2349	121,6954
2022-07-06	13:00	20048,08	20100	19864,45	20089,67	LONG	0,00167	5981,87	0,00451	HOLD	98,2349	121,7649
2022-07-06	14:00	20089,67	20243,83	20080,46	20162,22	LONG	0,00167	5981,87	0,00451	HOLD	98,2349	121,886
2022-07-06	15:00	20162,21	20303,65	20085,93	20184,57	LONG	0,00167	5981,87	0,00451	HOLD	98,2349	121,9234
2022-07-06	16:00	20184,36	20285,76	20121,76	20202,75	LONG	0,00167	5981,87	0,00451	HOLD	98,2349	121,9537
2022-07-06	17:00	20202,76	20220	20045	20132,99	LONG	0,00167	5981,87	0,00451	HOLD	98,2349	121,8372
2022-07-06	18:00	20133	20159,43	20033,37	20103,43	LONG	0,00167	5981,87	0,00451	HOLD	98,2349	121,7879
2022-07-06	19:00	20103,44	20185,21	19961,02	20154,77	LONG	0,00167	5981,87	0,00451	HOLD	98,2349	121,8736
2022-07-06	20:00	20154,77	20366,2	20042,85	20228,36	LONG	0,00167	5981,87	0,00451	HOLD	98,2349	121,9965
2022-07-06	21:00	20228,35	20297,25	20102,36	20198,56	LONG	0,00167	5981,87	0,00451	HOLD	98,2349	121,9467
2022-07-06	22:00	20198,56	20200,98	20059,01	20148,86	LONG	0,00167	5981,87	0,00451	HOLD	98,2349	121,8637
2022-07-06	23:00	20148,85	20328,16	20133,55	20301,84	LONG	0,00167	5981,87	0,00451	HOLD	98,2349	122,1192
2022-07-07	00:00	20301,85	20396,72	20234,37	20266,09	LONG	0,00167	5981,87	0,00451	HOLD	98,2349	122,0595
2022-07-07	01:00	20266,09	20448,19	20185,85	20383,36	LONG	0,00167	5981,87	0,00451	HOLD	98,2349	122,2554
2022-07-07	02:00	20383,37	20478,08	20277,75	20328,55	LONG	0,00167	5981,87	0,00451	HOLD	98,2349	122,1638
2022-07-07	03:00	20328,55	20444,71	20277,04	20399,74	LONG	0,00167	5981,87	0,00451	HOLD	98,2349	122,2827
2022-07-07	04:00	20399,73	20433,15	20299,8	20354,91	LONG	0,00167	5981,87	0,00451	HOLD	98,2349	122,2078
2022-07-07	05:00	20354,9	20611	20343,85	20513,76	LONG	0,00167	5981,87	0,00451	HOLD	98,2349	122,4731
2022-07-07	06:00	20513,77	20675,22	20491,53	20564,51	LONG	0,00167	5981,87	0,00451	HOLD	98,2349	122,5579
2022-07-07	07:00	20564,51	20594,77	20480,45	20533,49	LONG	0,00167	5981,87	0,00451	HOLD	98,2349	122,5061
2022-07-07	08:00	20533,48	20568,15	20467,26	20515,63	LONG	0,00167	5981,87	0,00451	HOLD	98,2349	122,4762
2022-07-07	09:00	20515,64	20545	20385,87	20419,98	LONG	0,00167	5981,87	0,00451	HOLD	98,2349	122,3165
2022-07-07	10:00	20419,98	20489,84	20393,75	20480,61	LONG	0,00167	5981,87	0,00451	HOLD	98,2349	122,4178
2022-07-07	11:00	20480,6	20493,72	20358	20416,42	LONG	0,00167	5981,87	0,00451	HOLD	98,2349	122,3106
2022-07-07	12:00	20416,42	20446,1	20251,68	20302,18	LONG	0,00167	5981,87	0,00451	HOLD	98,2349	122,1198
2022-07-07	13:00	20302,18	20369,29	20280,4	20339,18	LONG	0,00167	5981,87	0,00451	HOLD	98,2349	122,1816
2022-07-07	14:00	20339,19	20468,16	20330,46	20440,01	LONG	0,00167	5981,87	0,00451	HOLD	98,2349	122,35
2022-07-07	15:00	20440,01	20555	20391,16	20523,09	LONG	0,00167	5981,87	0,00451	HOLD	98,2349	122,4887
2022-07-07	16:00	20523,08	20619,5	20467,54	20559,15	LONG	0,00167	5981,87	0,00451	HOLD	98,2349	122,5489
2022-07-07	17:00	20559,16	20585,77	20463,61	20502,08	LONG	0,00167	5981,87	0,00451	HOLD	98,2349	122,4536
2022-07-07	18:00	20502,09	20510	20429,99	20507,83	LONG	0,00167	5981,87	0,00451	HOLD	98,2349	122,4632
2022-07-07	19:00	20507,83	20510	20383,36	20428,59	LONG	0,00167	5981,87	0,00451	HOLD	98,2349	122,3309
2022-07-07	20:00	20428,6	20559,93	20378,16	20539,87	LONG	0,00167	5981,87	0,00451	HOLD	98,2349	122,5167
2022-07-07	21:00	20539,87	20969	20504,72	20918,97	LONG	0,00167	5981,87	0,00451	HOLD	98,2349	123,1498
2022-07-07	22:00	20918,97	21035	20830,01	20888,44	LONG	0,00167	5981,87	0,00451	HOLD	98,2349	123,0988
2022-07-07	23:00	20888,44	21200	20866,38	21093,04	LONG	0,00167	5981,87	0,00451	HOLD	98,2349	123,4405
2022-07-08	00:00	21093,03	21106,23	20837,67	20910,65	LONG	0,00167	5981,87	0,00451	HOLD	98,2349	123,1359
2022-07-08	01:00	20910,65	21406,89	20880,58	21357,71	LONG	0,00167	5981,87	0,00451	HOLD	98,2349	123,8825
2022-07-08	02:00	21357,7	21837,74	21325	21812,47	LONG	0,00167	5981,87	0,00451	HOLD	98,2349	124,642
2022-07-08	03:00	21812,46	21838,1	21526,4	21624,03	LONG	0,00167	5981,87	0,00451	HOLD	98,2349	124,3273
2022-07-08	04:00	21624,03	21727,87	21567,56	21667,99	LONG	0,00167	5981,87	0,00451	HOLD	98,2349	124,4007
2022-07-08	05:00	21667,99	21760,38	21589,69	21628,17	LONG	0,00167	5981,87	0,00451	HOLD	98,2349	124,3342
2022-07-08	06:00	21628,18	21720	21567,56	21624,98	LONG	0,00167	5981,87	0,00451	HOLD	98,2349	124,3289
2022-07-08	07:00	21624,99	21740,67	21578,14	21724,73	LONG	0,00167	5981,87	0,00451	HOLD	98,2349	124,4954
2022-07-08	08:00	21724,74	22527,37	21640	22137,21	LONG	0,00167	5981,87	0,00451	HOLD	98,2349	125,1843
2022-07-08	09:00	22137,21	22156,97	21878,46	21990,2	LONG	0,00167	5981,87	0,00451	HOLD	98,2349	124,9388
2022-07-08	10:00	21990,21	22132,28	21936,84	22130,56	LONG	0,00167	5981,87	0,00451	HOLD	98,2349	125,1732
2022-07-08	11:00	22130,57	22242,29	21966,01	21982,43	LONG	0,00167	5981,87	0,00451	HOLD	98,2349	124,9258
2022-07-08	12:00	21982,43	22063,94	21750	21843,33	LONG	0,00167	5981,87	0,00451	HOLD	98,2349	124,6935
2022-07-08	13:00	21843,34	21873,63	21760,99	21826,13	LONG	0,00167	5981,87	0,00451	HOLD	98,2349	124,6648
2022-07-08	14:00	21826,13	21860,59	21710,56	21797,64	LONG	0,00167	5981,87	0,00451	HOLD	98,2349	124,6172
2022-07-08	15:00	21797,65	21822,1	21427,52	21436,79	LONG	0,00167	5981,87	0,00451	HOLD	98,2349	124,0146
2022-07-08	16:00	21436,8	21580,07	21317	21568,85	LONG	0,00167	5981,87	0,00451	HOLD	98,2349	124,2351
2022-07-08	17:00	21568,84	21732,77	21491,02	21536,54	LONG	0,00167	5981,87	0,00451	HOLD	98,2349	124,1812
2022-07-08	18:00	21536,55	21670,76	21465,04	21583,98	LONG	0,00167	5981,87	0,00451	HOLD	98,2349	124,2604
2022-07-08	19:00	21583,99	21714,99	21189,26	21380	LONG	0,00167	5981,87	0,00451	HOLD	98,2349	123,9197
2022-07-08	20:00	21380,01	21483,73	21206,42	21272,6	LONG	0,00167	5981,87	0,00451	HOLD	98,2349	123,7404
2022-07-08	21:00	21272,61	21856,37	21196,45	21769,09	LONG	0,00167	5981,87	0,00451	HOLD	98,2349	124,5695
2022-07-08	22:00	21769,09	22130	21701,24	21962,52	LONG	0,00167	5981,87	0,00451	HOLD	98,2349	124,8926
2022-07-08	23:00	21964,3	21979,51	21550	21689,36	LONG	0,00167	5981,87	0,00451	HOLD	98,2349	124,4364
2022-07-09	00:00	21690,73	21837,64	21629,96	21767,47	LONG	0,00167	5981,87	0,00451	HOLD	98,2349	124,5668
2022-07-09	01:00	21758,71	21886,4	21661,22	21736,26	LONG	0,00167	5981,87	0,00451	HOLD	98,2349	124,5147
2022-07-09	02:00	21736,35	21876,93	21664,14	21811,9	LONG	0,00167	5981,87	0,00451	HOLD	98,2349	124,641
2022-07-09	03:00	21811,9	22045,91	21771,42	21855,41	LONG	0,00167	5981,87	0,00451	HOLD	98,2349	124,7137
2022-07-09	04:00	21855,41	22020	21692,85	21700,37	LONG	0,00167	5981,87	0,00451	HOLD	98,2349	124,4548
2022-07-09	05:00	21700,37	21844,83	21684,75	21773,03	LONG	0,00167	5981,87	0,00451	HOLD	98,2349	124,5761
2022-07-09	06:00	21775,3	21962,48	21580,71	21594,75	LONG	0,00167	5981,87	0,00451	HOLD	98,2349	124,2784
2022-07-09	07:00	21594,75	21696,39	21430	21547,42	LONG	0,00167	5981,87	0,00451	HOLD	98,2349	124,1993
2022-07-09	08:00	21547,42	21600,2	21403,24	21505,55	LONG	0,00167	5981,87	0,00451	HOLD	98,2349	124,1294
2022-07-09	09:00	21506,82	21656	21495,49	21586,37	LONG	0,00167	5981,87	0,00451	HOLD	98,2349	124,2644
2022-07-09	10:00	21584,27	21630	21465,19	21612,62	LONG	0,00167	5981,87	0,00451	HOLD	98,2349	124,3082
2022-07-09	11:00	21612,62	21636,23	21507,37	21554,52	LONG	0,00167	5981,87	0,00451	HOLD	98,2349	124,2112
2022-07-09	12:00	21554,52	21611	21485,82	21517,76	LONG	0,00167	5981,87	0,00451	HOLD	98,2349	124,1498
2022-07-09	13:00	21517,13	21578,84	21488,92	21560,1	LONG	0,00167	5981,87	0,00451	HOLD	98,2349	124,2205
2022-07-09	14:00	21561,09	21728,63	21554,89	21654,72	LONG	0,00167	5981,87	0,00451	HOLD	98,2349	124,3785
2022-07-09	15:00	21654,72	21735	21600,2	21722,94	LONG	0,00167	5981,87	0,00451	HOLD	98,2349	124,4925
2022-07-09	16:00	21722,94	21729,72	21601,77	21654,79	LONG	0,00167	5981,87	0,00451	HOLD	98,2349	124,3786
2022-07-09	17:00	21654,03	21750	21624,54	21735,33	LONG	0,00167	5981,87	0,00451	HOLD	98,2349	124,5131
2022-07-09	18:00	21735,89	21778,73	21322,12	21447,29	LONG	0,00167	5981,87	0,00451	HOLD	98,2349	124,0321
2022-07-09	19:00	21447,29	21558,49	21379,64	21514,78	LONG	0,00167	5981,87	0,00451	HOLD	98,2349	124,1448
2022-07-09	20:00	21514,78	21625,92	21499,63	21563,5	LONG	0,00167	5981,87	0,00451	HOLD	98,2349	124,2262
2022-07-09	21:00	21562	21717,62	21535,21	21594,55	LONG	0,00167	5981,87	0,00451	HOLD	98,2349	124,278
2022-07-09	22:00	21596,03	21650	21536,98	21546,9	LONG	0,00167	5981,87	0,00451	HOLD	98,2349	124,1985
2022-07-09	23:00	21545,89	21718,34	21530,32	21693,15	LONG	0,00167	5981,87	0,00451	HOLD	98,2349	124,4427
2022-07-10	00:00	21693,15	21980	21666,15	21880,69	LONG	0,00167	5981,87	0,00451	HOLD	98,2349	124,7559
2022-07-10	01:00	21880,69	21916,61	21734,76	21750,87	LONG	0,00167	5981,87	0,00451	HOLD	98,2349	124,5391
2022-07-10	02:00	21750,87	21771,71	21517,87	21621,4	LONG	0,00167	5981,87	0,00451	HOLD	98,2349	124,3229
2022-07-10	03:00	21621,49	21699,99	21582,74	21680,6	LONG	0,00167	5981,87	0,00451	HOLD	98,2349	124,4217
2022-07-10	04:00	21680,6	21750	21635,35	21708,05	LONG	0,00167	5981,87	0,00451	HOLD	98,2349	124,4676
2022-07-10	05:00	21709,07	21754	21593,32	21627,51	LONG	0,00167	5981,87	0,00451	HOLD	98,2349	124,3331
2022-07-10	06:00	21627,51	21650	21546,06	21591,83	LONG	0,00167	5981,87	0,00451	HOLD	98,2349	124,2735
2022-07-10	07:00	21592,15	21607,65	21366,7	21372,91	LONG	0,00167	5981,87	0,00451	HOLD	98,2349	123,9079
2022-07-10	08:00	21372,91	21498,79	21336,48	21414,18	LONG	0,00167	5981,87	0,00451	HOLD	98,2349	123,9768
2022-07-10	09:00	21413,1	21493,11	21091,81	21311,11	LONG	0,00167	5981,87	0,00451	HOLD	98,2349	123,8047
2022-07-10	10:00	21310,01	21347,81	21227,25	21294,98	LONG	0,00167	5981,87	0,00451	HOLD	98,2349	123,7778
2022-07-10	11:00	21295,76	21310	21161,36	21276,18	LONG	0,00167	5981,87	0,00451	HOLD	98,2349	123,7464
2022-07-10	12:00	21276,98	21373,48	21266,62	21358,75	LONG	0,00167	5981,87	0,00451	HOLD	98,2349	123,8843
2022-07-10	13:00	21360,14	21363,19	21225,73	21295,65	LONG	0,00167	5981,87	0,00451	HOLD	98,2349	123,7789
2022-07-10	14:00	21297,28	21360,58	21245,15	21338,12	LONG	0,00167	5981,87	0,00451	HOLD	98,2349	123,8498
2022-07-10	15:00	21339,46	21424,67	21255,25	21324,16	LONG	0,00167	5981,87	0,00451	HOLD	98,2349	123,8265
2022-07-10	16:00	21325,36	21361,52	21286	21325	LONG	0,00167	5981,87	0,00451	HOLD	98,2349	123,8279
2022-07-10	17:00	21326,13	21355,85	21220,53	21277,09	LONG	0,00167	5981,87	0,00451	HOLD	98,2349	123,7479
2022-07-10	18:00	21277,09	21304,96	21161,67	21301,84	LONG	0,00167	5981,87	0,00451	HOLD	98,2349	123,7892
2022-07-10	19:00	21301,84	21345,14	21270,46	21307,22	LONG	0,00167	5981,87	0,00451	HOLD	98,2349	123,7982
2022-07-10	20:00	21307,23	21313,99	20951,01	21080	LONG	0,00167	5981,87	0,00451	HOLD	98,2349	123,4187
2022-07-10	21:00	21078,97	21080	20835,73	20865,63	LONG	0,00167	5981,87	0,00451	HOLD	98,2349	123,0607
2022-07-10	22:00	20863,92	20979,76	20839,23	20899,76	LONG	0,00167	5981,87	0,00451	HOLD	98,2349	123,1177
2022-07-10	23:00	20898,44	21052,47	20655	20932,35	LONG	0,00167	5981,87	0,00451	HOLD	98,2349	123,1722
2022-07-11	00:00	20932,35	20954,67	20879,42	20902,05	LONG	0,00167	5981,87	0,00451	HOLD	98,2349	123,1216
2022-07-11	01:00	20902,05	20915,93	20757,33	20844,81	LONG	0,00167	5981,87	0,00451	HOLD	98,2349	123,026
2022-07-11	02:00	20844,82	20929,34	20731,86	20920,54	LONG	0,00167	5981,87	0,00451	HOLD	98,2349	123,1524
2022-07-11	03:00	20921,4	21022,08	20827,71	20987,27	LONG	0,00167	5981,87	0,00451	HOLD	98,2349	123,2639
2022-07-11	04:00	20987,27	21180,92	20963,92	21038,24	LONG	0,00167	5981,87	0,00451	HOLD	98,2349	123,349
2022-07-11	05:00	21035,22	21038,92	20698,9	20839,8	LONG	0,00167	5981,87	0,00451	HOLD	98,2349	123,0176
2022-07-11	06:00	20839,8	20883,01	20760,75	20862,47	LONG	0,00167	5981,87	0,00451	HOLD	98,2349	123,0555
2022-07-11	07:00	20861,11	20868,48	20675,11	20809,56	LONG	0,00167	5981,87	0,00451	HOLD	98,2349	122,9671
2022-07-11	08:00	20812,8	20815,87	20518,43	20555,18	LONG	0,00167	5981,87	0,00451	HOLD	98,2349	122,5423
2022-07-11	09:00	20552,75	20599,44	20453,36	20548,82	LONG	0,00167	5981,87	0,00451	HOLD	98,2349	122,5317
2022-07-11	10:00	20551,29	20668,14	20482,53	20540,69	LONG	0,00167	5981,87	0,00451	HOLD	98,2349	122,5181
2022-07-11	11:00	20540,68	20606,11	20425	20527,84	LONG	0,00167	5981,87	0,00451	HOLD	98,2349	122,4966
2022-07-11	12:00	20528,71	20580,13	20468	20506,53	LONG	0,00167	5981,87	0,00451	HOLD	98,2349	122,461
2022-07-11	13:00	20504,4	20525,25	20353,72	20402,91	LONG	0,00167	5981,87	0,00451	HOLD	98,2349	122,288
2022-07-11	14:00	20402,91	20478,79	20381,52	20439,91	LONG	0,00167	5981,87	0,00451	HOLD	98,2349	122,3498
2022-07-11	15:00	20439,17	20557,92	20411,56	20530	LONG	0,00167	5981,87	0,00451	HOLD	98,2349	122,5002
2022-07-11	16:00	20530	20626,78	20501,17	20552,02	LONG	0,00167	5981,87	0,00451	HOLD	98,2349	122,537
2022-07-11	17:00	20549,18	20632,59	20511,19	20533	LONG	0,00167	5981,87	0,00451	HOLD	98,2349	122,5053
2022-07-11	18:00	20533	20584,56	20426,39	20473,06	LONG	0,00167	5981,87	0,00451	HOLD	98,2349	122,4052
2022-07-11	19:00	20474,55	20617,48	20416,11	20587,68	LONG	0,00167	5981,87	0,00451	HOLD	98,2349	122,5966
2022-07-11	20:00	20587,68	20762,02	20271,1	20373,4	LONG	0,00167	5981,87	0,00451	HOLD	98,2349	122,2387
2022-07-11	21:00	20377,32	20488,99	20285,54	20387,23	LONG	0,00167	5981,87	0,00451	HOLD	98,2349	122,2618
2022-07-11	22:00	20387,23	20468	20360	20437,44	LONG	0,00167	5981,87	0,00451	HOLD	98,2349	122,3457
2022-07-11	23:00	20440	20520,89	20400	20418,96	LONG	0,00167	5981,87	0,00451	HOLD	98,2349	122,3148
2022-07-12	00:00	20420,61	20653,27	20414,47	20616,23	LONG	0,00167	5981,87	0,00451	HOLD	98,2349	122,6442
2022-07-12	01:00	20616,23	20716,29	20553,73	20569,36	LONG	0,00167	5981,87	0,00451	HOLD	98,2349	122,566
2022-07-12	02:00	20568,7	20591,59	20420	20509,47	LONG	0,00167	5981,87	0,00451	HOLD	98,2349	122,466
2022-07-12	03:00	20509,47	20565,05	20390,92	20431,78	LONG	0,00167	5981,87	0,00451	HOLD	98,2349	122,3362
2022-07-12	04:00	20434,33	20441,75	20154,01	20239,38	LONG	0,00167	5981,87	0,00451	HOLD	98,2349	122,0149
2022-07-12	05:00	20239,42	20242,58	19961,8	20007,25	LONG	0,00167	5981,87	0,00451	HOLD	98,2349	121,6272
2022-07-12	06:00	20007,25	20055,22	19875,23	19963,61	LONG	0,00167	5981,87	0,00451	HOLD	98,2349	121,5544
2022-07-12	07:00	19963,61	20006,54	19786,46	19809,84	LONG	0,00167	5981,87	0,00451	HOLD	98,2349	121,2976
2022-07-12	08:00	19812,93	19956,16	19802,18	19890,34	LONG	0,00167	5981,87	0,00451	HOLD	98,2349	121,432
2022-07-12	09:00	19890,47	19986,84	19882,72	19971,06	LONG	0,00167	5981,87	0,00451	HOLD	98,2349	121,5668
2022-07-12	10:00	19971,06	19976,8	19877,06	19942,33	LONG	0,00167	5981,87	0,00451	HOLD	98,2349	121,5188
2022-07-12	11:00	19942,33	20037,98	19927,76	20004,57	LONG	0,00167	5981,87	0,00451	HOLD	98,2349	121,6228
2022-07-12	12:00	20004,57	20059,42	19948,5	19956,82	LONG	0,00167	5981,87	0,00451	HOLD	98,2349	121,543
2022-07-12	13:00	19954,48	19956,82	19802,15	19847,14	LONG	0,00167	5981,87	0,00451	HOLD	98,2349	121,3599
2022-07-12	14:00	19847,14	19871,24	19620	19730,99	LONG	0,00167	5981,87	0,00451	HOLD	98,2349	121,1659
2022-07-12	15:00	19731	19819,34	19665,67	19772,21	LONG	0,00167	5981,87	0,00451	HOLD	98,2349	121,2347
2022-07-12	16:00	19770,32	19807,26	19558,12	19603,42	LONG	0,00167	5981,87	0,00451	HOLD	98,2349	120,9529
2022-07-12	17:00	19601,29	19720,5	19594,09	19619,36	LONG	0,00167	5981,87	0,00451	HOLD	98,2349	120,9795
2022-07-12	18:00	19617,79	19836,6	19598,01	19773,9	LONG	0,00167	5981,87	0,00451	HOLD	98,2349	121,2376
2022-07-12	19:00	19775,56	19968	19770	19874,12	LONG	0,00167	5981,87	0,00451	HOLD	98,2349	121,4049
2022-07-12	20:00	19874,12	20010	19765,01	19784,54	LONG	0,00167	5981,87	0,00451	HOLD	98,2349	121,2553
2022-07-12	21:00	19784,54	19939,27	19695,3	19918,24	LONG	0,00167	5981,87	0,00451	HOLD	98,2349	121,4786
2022-07-12	22:00	19916,46	19999	19859	19886,33	LONG	0,00167	5981,87	0,00451	HOLD	98,2349	121,4253
2022-07-12	23:00	19886,33	20007,23	19880	19903,57	LONG	0,00167	5981,87	0,00451	HOLD	98,2349	121,4541
2022-07-13	00:00	19901,87	19926,98	19823,1	19878,25	LONG	0,00167	5981,87	0,00451	HOLD	98,2349	121,4118
2022-07-13	01:00	19879,21	19890,65	19702,41	19731,18	LONG	0,00167	5981,87	0,00451	HOLD	98,2349	121,1662
2022-07-13	02:00	19730,73	19732,5	19278	19398,74	LONG	0,00167	5981,87	0,00451	HOLD	98,2349	120,611
2022-07-13	03:00	19398,74	19555	19379,07	19461,99	LONG	0,00167	5981,87	0,00451	HOLD	98,2349	120,7167
2022-07-13	04:00	19460,56	19528	19345	19349,5	LONG	0,00167	5981,87	0,00451	HOLD	98,2349	120,5288
2022-07-13	05:00	19348,59	19479,99	19240	19375,37	LONG	0,00167	5981,87	0,00451	HOLD	98,2349	120,572
2022-07-13	06:00	19377,18	19451,33	19253,37	19328,75	LONG	0,00167	5981,87	0,00451	HOLD	98,2349	120,4942
2022-07-13	07:00	19331,28	19450,02	19265,4	19428,23	LONG	0,00167	5981,87	0,00451	HOLD	98,2349	120,6603
2022-07-13	08:00	19428,23	19478	19378,37	19427,28	LONG	0,00167	5981,87	0,00451	HOLD	98,2349	120,6587
2022-07-13	09:00	19429,2	19545	19427,03	19506,34	LONG	0,00167	5981,87	0,00451	HOLD	98,2349	120,7907
2022-07-13	10:00	19506,35	19582,51	19460	19473,68	LONG	0,00167	5981,87	0,00451	HOLD	98,2349	120,7362
2022-07-13	11:00	19473,68	19524,7	19420	19480,61	LONG	0,00167	5981,87	0,00451	HOLD	98,2349	120,7478
2022-07-13	12:00	19480,61	19581,45	19442,96	19520	LONG	0,00167	5981,87	0,00451	HOLD	98,2349	120,8135
2022-07-13	13:00	19518,92	19557,37	19469,84	19547,22	LONG	0,00167	5981,87	0,00451	HOLD	98,2349	120,859
2022-07-13	14:00	19547,22	19875	19490,41	19705,25	LONG	0,00167	5981,87	0,00451	HOLD	98,2349	121,1229
2022-07-13	15:00	19707,06	19930	19670,02	19853,92	LONG	0,00167	5981,87	0,00451	HOLD	98,2349	121,3712
2022-07-13	16:00	19851,96	19899,64	19769,07	19810	LONG	0,00167	5981,87	0,00451	HOLD	98,2349	121,2978
2022-07-13	17:00	19807,77	19818,42	19702	19788,37	LONG	0,00167	5981,87	0,00451	HOLD	98,2349	121,2617
2022-07-13	18:00	19787,96	19888,44	19755,52	19843,89	LONG	0,00167	5981,87	0,00451	HOLD	98,2349	121,3544
2022-07-13	19:00	19845,33	20128,39	18910,94	19165,01	LONG	0,00167	5981,87	0,00451	HOLD	98,2349	120,2207
2022-07-13	20:00	19165,01	19350,07	18917,26	19293,33	LONG	0,00167	5981,87	0,00451	HOLD	98,2349	120,435
2022-07-13	21:00	19294	19688	19194,66	19574,57	LONG	0,00167	5981,87	0,00451	HOLD	98,2349	120,9047
2022-07-13	22:00	19574,57	19699	19384,73	19456,2	LONG	0,00167	5981,87	0,00451	HOLD	98,2349	120,707
2022-07-13	23:00	19454,99	19640	19230	19631,78	LONG	0,00167	5981,87	0,00451	HOLD	98,2349	121,0002
2022-07-14	00:00	19631,78	20046,15	19618,22	19884,07	LONG	0,00167	5981,87	0,00451	HOLD	98,2349	121,4215
2022-07-14	01:00	19882,94	19893,43	19676,18	19845,02	LONG	0,00167	5981,87	0,00451	HOLD	98,2349	121,3563
2022-07-14	02:00	19846,67	19870,27	19633,34	19652,15	LONG	0,00167	5981,87	0,00451	HOLD	98,2349	121,0342
2022-07-14	03:00	19652,15	19761,43	19584,37	19670,02	LONG	0,00167	5981,87	0,00451	HOLD	98,2349	121,0641
2022-07-14	04:00	19670,02	19958	19646,24	19923,51	LONG	0,00167	5981,87	0,00451	HOLD	98,2349	121,4874
2022-07-14	05:00	19925,05	20030,67	19828,71	19846,97	LONG	0,00167	5981,87	0,00451	HOLD	98,2349	121,3596
2022-07-14	06:00	19845,41	20366,61	19835,15	20234,87	LONG	0,00167	5981,87	0,00451	HOLD	98,2349	122,0074
2022-07-14	07:00	20234,87	20430,76	20164,06	20306,05	LONG	0,00167	5981,87	0,00451	HOLD	98,2349	122,1262
2022-07-14	08:00	20304,55	20435,72	20226,64	20277,84	LONG	0,00167	5981,87	0,00451	HOLD	98,2349	122,0791
2022-07-14	09:00	20277,84	20312,95	20180,21	20257,1	LONG	0,00167	5981,87	0,00451	HOLD	98,2349	122,0445
2022-07-14	10:00	20258,77	20376,73	20205,39	20224,24	LONG	0,00167	5981,87	0,00451	HOLD	98,2349	121,9896
2022-07-14	11:00	20224,24	20276,9	20057,31	20083,01	LONG	0,00167	5981,87	0,00451	HOLD	98,2349	121,7538
2022-07-14	12:00	20083,01	20218,77	20048,99	20114,33	LONG	0,00167	5981,87	0,00451	HOLD	98,2349	121,8061
2022-07-14	13:00	20116,44	20149,83	19894,76	20023,69	LONG	0,00167	5981,87	0,00451	HOLD	98,2349	121,6547
2022-07-14	14:00	20026,25	20052,06	19923,56	19990,72	LONG	0,00167	5981,87	0,00451	HOLD	98,2349	121,5996
2022-07-14	15:00	19990,72	20057,03	19737,33	19764,62	LONG	0,00167	5981,87	0,00451	HOLD	98,2349	121,2221
2022-07-14	16:00	19764,62	19839,65	19678,26	19823,11	LONG	0,00167	5981,87	0,00451	HOLD	98,2349	121,3197
2022-07-14	17:00	19822,54	19852,41	19732,08	19781,13	LONG	0,00167	5981,87	0,00451	HOLD	98,2349	121,2496
2022-07-14	18:00	19779,2	19808,75	19635,22	19738,13	LONG	0,00167	5981,87	0,00451	HOLD	98,2349	121,1778
2022-07-14	19:00	19738,13	19878,92	19616,07	19783,6	LONG	0,00167	5981,87	0,00451	HOLD	98,2349	121,2538
2022-07-14	20:00	19782,16	19822,64	19645,8	19762,87	LONG	0,00167	5981,87	0,00451	HOLD	98,2349	121,2191
2022-07-14	21:00	19765,35	19957,35	19671,91	19893,58	LONG	0,00167	5981,87	0,00451	HOLD	98,2349	121,4374
2022-07-14	22:00	19895,57	20466	19893,46	20390,5	LONG	0,00167	5981,87	0,00451	HOLD	98,2349	122,2673
2022-07-14	23:00	20390	20485,92	20143,96	20223,21	LONG	0,00167	5981,87	0,00451	HOLD	98,2349	121,9879
2022-07-15	00:00	20220,75	20786,12	20187,73	20738,17	LONG	0,00167	5981,87	0,00451	HOLD	98,2349	122,8479
2022-07-15	01:00	20738,17	20789,46	20625,19	20695,7	LONG	0,00167	5981,87	0,00451	HOLD	98,2349	122,777
2022-07-15	02:00	20695,7	20900	20587,43	20605,75	LONG	0,00167	5981,87	0,00451	HOLD	98,2349	122,6267
2022-07-15	03:00	20608,36	20705,06	20520,9	20682,33	LONG	0,00167	5981,87	0,00451	HOLD	98,2349	122,7546
2022-07-15	04:00	20682,33	20720	20438,12	20478,23	LONG	0,00167	5981,87	0,00451	HOLD	98,2349	122,4138
2022-07-15	05:00	20475,9	20565,87	20446,68	20501,54	LONG	0,00167	5981,87	0,00451	HOLD	98,2349	122,4527
2022-07-15	06:00	20501,54	20606,31	20469,24	20588,84	LONG	0,00167	5981,87	0,00451	HOLD	98,2349	122,5985
2022-07-15	07:00	20588,84	20606,86	20382,36	20397,79	LONG	0,00167	5981,87	0,00451	HOLD	98,2349	122,2795
2022-07-15	08:00	20399,21	20658,46	20382,29	20628,23	LONG	0,00167	5981,87	0,00451	HOLD	98,2349	122,6643
2022-07-15	09:00	20629,27	20833	20436,01	20489,64	LONG	0,00167	5981,87	0,00451	HOLD	98,2349	122,4328
2022-07-15	10:00	20489,64	20633,61	20444,96	20611,83	LONG	0,00167	5981,87	0,00451	HOLD	98,2349	122,6369
2022-07-15	11:00	20613,21	20705,62	20494,29	20542,86	LONG	0,00167	5981,87	0,00451	HOLD	98,2349	122,5217
2022-07-15	12:00	20542,86	20676,95	20518,78	20666,1	LONG	0,00167	5981,87	0,00451	HOLD	98,2349	122,7275
2022-07-15	13:00	20667,43	20695,87	20594,22	20603,22	LONG	0,00167	5981,87	0,00451	HOLD	98,2349	122,6225
2022-07-15	14:00	20603,22	20936	20562,53	20835,38	LONG	0,00167	5981,87	0,00451	HOLD	98,2349	123,0102
2022-07-15	15:00	20835,38	21044,56	20720,16	20869,81	LONG	0,00167	5981,87	0,00451	HOLD	98,2349	123,0677
2022-07-15	16:00	20867,1	21059,32	20842,37	20896,45	LONG	0,00167	5981,87	0,00451	HOLD	98,2349	123,1122
2022-07-15	17:00	20896,45	20922	20801,4	20868,33	LONG	0,00167	5981,87	0,00451	HOLD	98,2349	123,0653
2022-07-15	18:00	20869,96	20950,62	20759,94	20769,74	LONG	0,00167	5981,87	0,00451	HOLD	98,2349	122,9006
2022-07-15	19:00	20769,74	21041	20759,39	20986,53	LONG	0,00167	5981,87	0,00451	HOLD	98,2349	123,2626
2022-07-15	20:00	20986,53	21090	20791,84	20861,02	LONG	0,00167	5981,87	0,00451	HOLD	98,2349	123,053
2022-07-15	21:00	20859,94	21003,69	20858,05	20890,53	LONG	0,00167	5981,87	0,00451	HOLD	98,2349	123,1023
2022-07-15	22:00	20890,53	20964,99	20777	20792,19	LONG	0,00167	5981,87	0,00451	HOLD	98,2349	122,9381
2022-07-15	23:00	20792,19	20819,6	20636,7	20756,16	LONG	0,00167	5981,87	0,00451	HOLD	98,2349	122,8779
2022-07-16	00:00	20759,35	20928	20740,63	20786,11	LONG	0,00167	5981,87	0,00451	HOLD	98,2349	122,9279
2022-07-16	01:00	20786,09	21052,38	20772,79	21037,25	LONG	0,00167	5981,87	0,00451	HOLD	98,2349	123,3473
2022-07-16	02:00	21034,13	21189	20940,69	21165,85	LONG	0,00167	5981,87	0,00451	HOLD	98,2349	123,5621
2022-07-16	03:00	21165,85	21200	20894,94	20933,89	LONG	0,00167	5981,87	0,00451	HOLD	98,2349	123,1747
2022-07-16	04:00	20936,41	21020	20830,02	20967,4	LONG	0,00167	5981,87	0,00451	HOLD	98,2349	123,2307
2022-07-16	05:00	20967,4	20989,56	20799,8	20890,79	LONG	0,00167	5981,87	0,00451	HOLD	98,2349	123,1028
2022-07-16	06:00	20891,25	20946,44	20760	20830,04	LONG	0,00167	5981,87	0,00451	HOLD	98,2349	123,0013
2022-07-16	07:00	20830,04	20865,38	20666	20681,21	LONG	0,00167	5981,87	0,00451	HOLD	98,2349	122,7528
2022-07-16	08:00	20681,21	20757,19	20630	20716	LONG	0,00167	5981,87	0,00451	HOLD	98,2349	122,8109
2022-07-16	09:00	20717,24	20746,37	20600	20702,6	LONG	0,00167	5981,87	0,00451	HOLD	98,2349	122,7885
2022-07-16	10:00	20702,6	20769,01	20686,78	20738	LONG	0,00167	5981,87	0,00451	HOLD	98,2349	122,8476
2022-07-16	11:00	20738	20764,83	20650	20745,97	LONG	0,00167	5981,87	0,00451	HOLD	98,2349	122,8609
2022-07-16	12:00	20745,97	20750	20557,77	20595,04	LONG	0,00167	5981,87	0,00451	HOLD	98,2349	122,6089
2022-07-16	13:00	20595,04	20620	20478,61	20548,15	LONG	0,00167	5981,87	0,00451	HOLD	98,2349	122,5306
2022-07-16	14:00	20548,15	20618	20499,79	20546,18	LONG	0,00167	5981,87	0,00451	HOLD	98,2349	122,5273
2022-07-16	15:00	20546,18	20661,99	20539,85	20606,76	LONG	0,00167	5981,87	0,00451	HOLD	98,2349	122,6284
2022-07-16	16:00	20606,76	20638	20573,33	20612,11	LONG	0,00167	5981,87	0,00451	HOLD	98,2349	122,6374
2022-07-16	17:00	20612,11	20685,9	20591,8	20633,94	LONG	0,00167	5981,87	0,00451	HOLD	98,2349	122,6738
2022-07-16	18:00	20633,94	20676,52	20600,28	20616,69	LONG	0,00167	5981,87	0,00451	HOLD	98,2349	122,645
2022-07-16	19:00	20616,69	20743,92	20588,72	20697,12	LONG	0,00167	5981,87	0,00451	HOLD	98,2349	122,7793
2022-07-16	20:00	20697,12	20862,72	20681,6	20839,6	LONG	0,00167	5981,87	0,00451	HOLD	98,2349	123,0173
2022-07-16	21:00	20839,6	20873,1	20732,65	20816,1	LONG	0,00167	5981,87	0,00451	HOLD	98,2349	122,978
2022-07-16	22:00	20814,39	20957,46	20811,74	20943,02	LONG	0,00167	5981,87	0,00451	HOLD	98,2349	123,19
2022-07-16	23:00	20943,02	21490	20921,07	21466,78	LONG	0,00167	5981,87	0,00451	HOLD	98,2349	124,0647
2022-07-17	00:00	21464,13	21588,94	21216,91	21246,65	LONG	0,00167	5981,87	0,00451	HOLD	98,2349	123,697
2022-07-17	01:00	21246,65	21362,05	21198,07	21289,51	LONG	0,00167	5981,87	0,00451	HOLD	98,2349	123,7686
2022-07-17	02:00	21292,24	21394,04	21150	21192,04	LONG	0,00167	5981,87	0,00451	HOLD	98,2349	123,6058
2022-07-17	03:00	21190	21225,56	20911,64	21211,36	LONG	0,00167	5981,87	0,00451	HOLD	98,2349	123,6381
2022-07-17	04:00	21213,78	21345,99	21086,44	21196,69	LONG	0,00167	5981,87	0,00451	HOLD	98,2349	123,6136
2022-07-17	05:00	21196,69	21316,27	21137,45	21296,65	LONG	0,00167	5981,87	0,00451	HOLD	98,2349	123,7805
2022-07-17	06:00	21296,65	21304,5	21155,23	21195,6	LONG	0,00167	5981,87	0,00451	HOLD	98,2349	123,6118
2022-07-17	07:00	21195,6	21348,86	21187,19	21295,57	LONG	0,00167	5981,87	0,00451	HOLD	98,2349	123,7787
2022-07-17	08:00	21292,88	21339,52	21082,8	21155,33	LONG	0,00167	5981,87	0,00451	HOLD	98,2349	123,5445
2022-07-17	09:00	21155,33	21236,96	21128,22	21159,93	LONG	0,00167	5981,87	0,00451	HOLD	98,2349	123,5522
2022-07-17	10:00	21159,93	21460,85	21155,89	21324,18	LONG	0,00167	5981,87	0,00451	HOLD	98,2349	123,8265
2022-07-17	11:00	21322,27	21475,64	21231,01	21258,45	LONG	0,00167	5981,87	0,00451	HOLD	98,2349	123,7168
2022-07-17	12:00	21259,61	21400,65	21251	21357,66	LONG	0,00167	5981,87	0,00451	HOLD	98,2349	123,8824
2022-07-17	13:00	21356,25	21597,88	21344,58	21575,05	LONG	0,00167	5981,87	0,00451	HOLD	98,2349	124,2455
2022-07-17	14:00	21576,82	21684,54	21463,24	21467,61	LONG	0,00167	5981,87	0,00451	HOLD	98,2349	124,0661
2022-07-17	15:00	21467,61	21518,87	21373,56	21456,52	LONG	0,00167	5981,87	0,00451	HOLD	98,2349	124,0475
2022-07-17	16:00	21456,52	21549	21275,12	21367,06	LONG	0,00167	5981,87	0,00451	HOLD	98,2349	123,8981
2022-07-17	17:00	21364,94	21398,51	21209,71	21386,16	LONG	0,00167	5981,87	0,00451	HOLD	98,2349	123,93
2022-07-17	18:00	21383,69	21483,03	21292,2	21456,79	LONG	0,00167	5981,87	0,00451	HOLD	98,2349	124,048
2022-07-17	19:00	21459,35	21500	21340,73	21382,44	LONG	0,00167	5981,87	0,00451	HOLD	98,2349	123,9238
2022-07-17	20:00	21380,78	21388,51	21113,73	21117,48	LONG	0,00167	5981,87	0,00451	HOLD	98,2349	123,4813
2022-07-17	21:00	21117,48	21260,94	21075,07	21203,82	LONG	0,00167	5981,87	0,00451	HOLD	98,2349	123,6255
2022-07-17	22:00	21205,22	21278	21123,4	21170,09	LONG	0,00167	5981,87	0,00451	HOLD	98,2349	123,5692
2022-07-17	23:00	21170,09	21215,62	21002	21149,79	LONG	0,00167	5981,87	0,00451	HOLD	98,2349	123,5353
2022-07-18	00:00	21148,36	21355	20824	20921,42	LONG	0,00167	5981,87	0,00451	HOLD	98,2349	123,1539
2022-07-18	01:00	20921,43	21064,53	20853,47	20973,9	LONG	0,00167	5981,87	0,00451	HOLD	98,2349	123,2416
2022-07-18	02:00	20976,03	21082,11	20933,57	21026,85	LONG	0,00167	5981,87	0,00451	HOLD	98,2349	123,33
2022-07-18	03:00	21029,12	21046	20910,23	20935,47	LONG	0,00167	5981,87	0,00451	HOLD	98,2349	123,1774
2022-07-18	04:00	20935,47	21055	20883,01	21018,99	LONG	0,00167	5981,87	0,00451	HOLD	98,2349	123,3169
2022-07-18	05:00	21018,99	21080	20921,88	21002,15	LONG	0,00167	5981,87	0,00451	HOLD	98,2349	123,2887
2022-07-18	06:00	21002,15	21008	20750,01	20798,16	LONG	0,00167	5981,87	0,00451	HOLD	98,2349	122,9481
2022-07-18	07:00	20799,58	20924,31	20762,45	20822,85	LONG	0,00167	5981,87	0,00451	HOLD	98,2349	122,9893
2022-07-18	08:00	20822,85	21013,35	20814,8	20977,91	LONG	0,00167	5981,87	0,00451	HOLD	98,2349	123,2483
2022-07-18	09:00	20978,87	21377,48	20960	21335,52	LONG	0,00167	5981,87	0,00451	HOLD	98,2349	123,8455
2022-07-18	10:00	21336,55	21379,99	21193,01	21280,02	LONG	0,00167	5981,87	0,00451	HOLD	98,2349	123,7528
2022-07-18	11:00	21282,6	21328,42	21170,01	21300,29	LONG	0,00167	5981,87	0,00451	HOLD	98,2349	123,7866
2022-07-18	12:00	21302,78	21880,04	21290,21	21862,01	LONG	0,00167	5981,87	0,00451	HOLD	98,2349	124,7247
2022-07-18	13:00	21862	22358,23	21771,53	22194,47	LONG	0,00167	5981,87	0,00451	HOLD	98,2349	125,2799
2022-07-18	14:00	22197,69	22400	22101,88	22245,93	LONG	0,00167	5981,87	0,00451	HOLD	98,2349	125,3658
2022-07-18	15:00	22245,93	22515	22152,01	22289,81	LONG	0,00167	5981,87	0,00451	HOLD	98,2349	125,4391
2022-07-18	16:00	22289,81	22400	22220	22242,04	LONG	0,00167	5981,87	0,00451	HOLD	98,2349	125,3593
2022-07-18	17:00	22241	22367,92	22137,79	22199,64	LONG	0,00167	5981,87	0,00451	HOLD	98,2349	125,2885
2022-07-18	18:00	22199,64	22330	21960,71	22133,31	LONG	0,00167	5981,87	0,00451	HOLD	98,2349	125,1778
2022-07-18	19:00	22132,08	22320	21898	22287,05	LONG	0,00167	5981,87	0,00451	HOLD	98,2349	125,4345
2022-07-18	20:00	22287,05	22318	22069	22139,16	LONG	0,00167	5981,87	0,00451	HOLD	98,2349	125,1875
2022-07-18	21:00	22136,28	22240	21988,05	22213,08	LONG	0,00167	5981,87	0,00451	HOLD	98,2349	125,311
2022-07-18	22:00	22211,87	22777,63	22158,3	22675,83	LONG	0,00167	5981,87	0,00451	HOLD	98,2349	126,0838
2022-07-18	23:00	22675,83	22713,28	22110,77	22202	LONG	0,00167	5981,87	0,00451	HOLD	98,2349	125,2925
2022-07-19	00:00	22200,57	22222,4	21821,05	21878,06	LONG	0,00167	5981,87	0,00451	HOLD	98,2349	124,7515
2022-07-19	01:00	21876,3	22010,7	21801,56	21832,7	LONG	0,00167	5981,87	0,00451	HOLD	98,2349	124,6758
2022-07-19	02:00	21835,17	21879,53	21388	21617,92	LONG	0,00167	5981,87	0,00451	HOLD	98,2349	124,3171
2022-07-19	03:00	21617,92	21678,43	21434,35	21493,18	LONG	0,00167	5981,87	0,00451	HOLD	98,2349	124,1088
2022-07-19	04:00	21491,79	21756,3	21445,25	21659,73	LONG	0,00167	5981,87	0,00451	HOLD	98,2349	124,3869
2022-07-19	05:00	21660,9	21860,28	21556	21792,51	LONG	0,00167	5981,87	0,00451	HOLD	98,2349	124,6086
2022-07-19	06:00	21792,73	22650	21768,92	22432,58	LONG	0,00167	5981,87	0,00451	HOLD	98,2349	125,6776
2022-07-19	07:00	22432,58	22961,72	22166,71	22345,94	LONG	0,00167	5981,87	0,00451	HOLD	98,2349	125,5329
2022-07-19	08:00	22342,67	22393,02	22000,01	22054,99	LONG	0,00167	5981,87	0,00451	HOLD	98,2349	125,047
2022-07-19	09:00	22054,99	22173,34	21926,84	22096,71	LONG	0,00167	5981,87	0,00451	HOLD	98,2349	125,1166
2022-07-19	10:00	22096,94	22280	21807,46	21903,55	LONG	0,00167	5981,87	0,00451	HOLD	98,2349	124,7941
2022-07-19	11:00	21903,55	21955,33	21701,32	21892,58	LONG	0,00167	5981,87	0,00451	HOLD	98,2349	124,7758
2022-07-19	12:00	21895,04	22119,6	21826,11	21997,23	LONG	0,00167	5981,87	0,00451	HOLD	98,2349	124,9505
2022-07-19	13:00	21997,23	22133,89	21579,54	21760,43	LONG	0,00167	5981,87	0,00451	HOLD	98,2349	124,5551
2022-07-19	14:00	21760,43	21880,97	21687,24	21764,88	LONG	0,00167	5981,87	0,00451	HOLD	98,2349	124,5625
2022-07-19	15:00	21764,88	21937,04	21696,6	21922,08	LONG	0,00167	5981,87	0,00451	HOLD	98,2349	124,825
2022-07-19	16:00	21922,08	21969,8	21805,67	21905,75	LONG	0,00167	5981,87	0,00451	HOLD	98,2349	124,7977
2022-07-19	17:00	21903,36	22113,23	21810	22004,92	LONG	0,00167	5981,87	0,00451	HOLD	98,2349	124,9634
2022-07-19	18:00	22002,01	22230	21909	21974,49	LONG	0,00167	5981,87	0,00451	HOLD	98,2349	124,9125
2022-07-19	19:00	21977,19	22199,04	21971,84	22175,5	LONG	0,00167	5981,87	0,00451	HOLD	98,2349	125,2482
2022-07-19	20:00	22175,5	22440,67	22041,45	22320,63	LONG	0,00167	5981,87	0,00451	HOLD	98,2349	125,4906
2022-07-19	21:00	22317,63	22640,12	22101,4	22626,42	LONG	0,00167	5981,87	0,00451	HOLD	98,2349	126,0013
2022-07-19	22:00	22626,18	23199,9	22461,05	23136,08	LONG	0,00167	5981,87	0,00451	HOLD	98,2349	126,8524
2022-07-19	23:00	23128,31	23441,38	22950,21	23234,23	LONG	0,00167	5981,87	0,00451	HOLD	98,2349	127,0163
2022-07-20	00:00	23236,66	23529	23072,22	23460,08	LONG	0,00167	5981,87	0,00451	HOLD	98,2349	127,3935
2022-07-20	01:00	23460,08	23525,96	23221,48	23410,55	LONG	0,00167	5981,87	0,00451	HOLD	98,2349	127,3108
2022-07-20	02:00	23410,55	23706,26	23346,43	23401,99	LONG	0,00167	5981,87	0,00451	HOLD	98,2349	127,2965
2022-07-20	03:00	23399,88	23443,57	23147,14	23300,14	LONG	0,00167	5981,87	0,00451	HOLD	98,2349	127,1264
2022-07-20	04:00	23303,93	23800	23253,38	23650,26	LONG	0,00167	5981,87	0,00451	HOLD	98,2349	127,7111
2022-07-20	05:00	23650,26	23659,15	23334,76	23501,76	LONG	0,00167	5981,87	0,00451	HOLD	98,2349	127,4631
2022-07-20	06:00	23498,35	23630	23227,85	23396,62	LONG	0,00167	5981,87	0,00451	HOLD	98,2349	127,2875
2022-07-20	07:00	23398,48	23439,38	22922	23034,49	LONG	0,00167	5981,87	0,00451	HOLD	98,2349	126,6827
2022-07-20	08:00	23034,49	23338,3	22931,42	23259,48	LONG	0,00167	5981,87	0,00451	HOLD	98,2349	127,0585
2022-07-20	09:00	23256,89	23502	23205,77	23370,43	LONG	0,00167	5981,87	0,00451	HOLD	98,2349	127,2438
2022-07-20	10:00	23371,35	23522,4	23267,27	23436,85	LONG	0,00167	5981,87	0,00451	HOLD	98,2349	127,3547
2022-07-20	11:00	23438,01	23519,69	23303,43	23394,12	LONG	0,00167	5981,87	0,00451	HOLD	98,2349	127,2833
2022-07-20	12:00	23394,12	23562	23315	23498,44	LONG	0,00167	5981,87	0,00451	HOLD	98,2349	127,4575
2022-07-20	13:00	23498,44	23822,31	23485,41	23781,71	LONG	0,00167	5981,87	0,00451	HOLD	98,2349	127,9306
2022-07-20	14:00	23783,59	23864,15	23371,68	23381,18	LONG	0,00167	5981,87	0,00451	HOLD	98,2349	127,2617
2022-07-20	15:00	23381,18	23519,53	23314,7	23366,87	LONG	0,00167	5981,87	0,00451	HOLD	98,2349	127,2378
2022-07-20	16:00	23369,19	23578,87	23313,9	23524,84	LONG	0,00167	5981,87	0,00451	HOLD	98,2349	127,5016
2022-07-20	17:00	23524,66	23888,04	23502,99	23709,06	LONG	0,00167	5981,87	0,00451	HOLD	98,2349	127,8093
2022-07-20	18:00	23709,06	23835	23583,8	23728,55	LONG	0,00167	5981,87	0,00451	HOLD	98,2349	127,8418
2022-07-20	19:00	23728,55	23935	23567,91	23804,01	LONG	0,00167	5981,87	0,00451	HOLD	98,2349	127,9678
2022-07-20	20:00	23804,54	24075,99	23761,36	23781,35	LONG	0,00167	5981,87	0,00451	HOLD	98,2349	127,93
2022-07-20	21:00	23781,35	24199,74	23687	24191,35	LONG	0,00167	5981,87	0,00451	HOLD	98,2349	128,6147
2022-07-20	22:00	24191,35	24276,74	24040,22	24172,63	LONG	0,00167	5981,87	0,00451	HOLD	98,2349	128,5834
2022-07-20	23:00	24172,64	24201,94	23546,19	23683,97	LONG	0,00167	5981,87	0,00451	HOLD	98,2349	127,7674
2022-07-21	00:00	23686,63	23749,99	23400	23515,48	LONG	0,00167	5981,87	0,00451	HOLD	98,2349	127,486
2022-07-21	01:00	23515,48	23867,39	23509,05	23762,85	LONG	0,00167	5981,87	0,00451	HOLD	98,2349	127,8991
2022-07-21	02:00	23765,37	23950	23556,57	23660,38	LONG	0,00167	5981,87	0,00451	HOLD	98,2349	127,728
2022-07-21	03:00	23663,24	23767,73	22906,19	23259,7	LONG	0,00167	5981,87	0,00451	HOLD	98,2349	127,0588
2022-07-21	04:00	23262,32	23799,62	23238,07	23608,15	LONG	0,00167	5981,87	0,00451	HOLD	98,2349	127,6408
2022-07-21	05:00	23607,06	23641,78	23304,56	23309,06	LONG	0,00167	5981,87	0,00451	HOLD	98,2349	127,1413
2022-07-21	06:00	23309,06	23401,88	23111	23223,3	LONG	0,00167	5981,87	0,00451	HOLD	98,2349	126,9981
2022-07-21	07:00	23223,3	23386,56	23122,34	23249,7	LONG	0,00167	5981,87	0,00451	HOLD	98,2349	127,0421
2022-07-21	08:00	23249,7	23442,77	23160,5	23235,64	LONG	0,00167	5981,87	0,00451	HOLD	98,2349	127,0187
2022-07-21	09:00	23233,61	23338,51	22689,42	22694,58	LONG	0,00167	5981,87	0,00451	HOLD	98,2349	126,1151
2022-07-21	10:00	22692,06	22866,14	22666	22777,2	LONG	0,00167	5981,87	0,00451	HOLD	98,2349	126,2531
2022-07-21	11:00	22779,12	22943,18	22638,53	22881,41	LONG	0,00167	5981,87	0,00451	HOLD	98,2349	126,4271
2022-07-21	12:00	22881,41	22993,71	22813,27	22942	LONG	0,00167	5981,87	0,00451	HOLD	98,2349	126,5283
2022-07-21	13:00	22943,15	22967,57	22750,14	22790,23	LONG	0,00167	5981,87	0,00451	HOLD	98,2349	126,2748
2022-07-21	14:00	22790,23	23099,51	22773,49	22931,56	LONG	0,00167	5981,87	0,00451	HOLD	98,2349	126,5108
2022-07-21	15:00	22929,28	22971,34	22797,03	22878,77	LONG	0,00167	5981,87	0,00451	HOLD	98,2349	126,4227
2022-07-21	16:00	22878,77	23022,54	22855,29	23003,58	LONG	0,00167	5981,87	0,00451	HOLD	98,2349	126,6311
2022-07-21	17:00	23003,58	23074,12	22846,95	22869,55	LONG	0,00167	5981,87	0,00451	HOLD	98,2349	126,4073
2022-07-21	18:00	22870,88	22906,87	22466,34	22606,04	LONG	0,00167	5981,87	0,00451	HOLD	98,2349	125,9672
2022-07-21	19:00	22607,92	22850	22542,14	22800,2	LONG	0,00167	5981,87	0,00451	HOLD	98,2349	126,2915
2022-07-21	20:00	22802,82	22812,77	22561,27	22704,96	LONG	0,00167	5981,87	0,00451	HOLD	98,2349	126,1324
2022-07-21	21:00	22702,3	22761,77	22341,46	22558,2	LONG	0,00167	5981,87	0,00451	HOLD	98,2349	125,8873
2022-07-21	22:00	22555,31	22679,24	22520,17	22642,34	LONG	0,00167	5981,87	0,00451	HOLD	98,2349	126,0279
2022-07-21	23:00	22639,37	23199,15	22632,72	23034	LONG	0,00167	5981,87	0,00451	HOLD	98,2349	126,6819
2022-07-22	00:00	23031,27	23207,94	22772,05	22852,28	LONG	0,00167	5981,87	0,00451	HOLD	98,2349	126,3784
2022-07-22	01:00	22852,28	23005,42	22818,01	22928,77	LONG	0,00167	5981,87	0,00451	HOLD	98,2349	126,5062
2022-07-22	02:00	22932,32	23200	22916,1	23194,4	LONG	0,00167	5981,87	0,00451	HOLD	98,2349	126,9498
2022-07-22	03:00	23194,4	23308,8	23089,97	23120,65	LONG	0,00167	5981,87	0,00451	HOLD	98,2349	126,8266
2022-07-22	04:00	23120,65	23250	23077,3	23207,99	LONG	0,00167	5981,87	0,00451	HOLD	98,2349	126,9725
2022-07-22	05:00	23207,99	23231,35	22931,35	23017,08	LONG	0,00167	5981,87	0,00451	HOLD	98,2349	126,6537
2022-07-22	06:00	23017,08	23233,09	23000,17	23152,19	LONG	0,00167	5981,87	0,00451	HOLD	98,2349	126,8793
2022-07-22	07:00	23152,19	23352,53	23090	23270,16	LONG	0,00167	5981,87	0,00451	HOLD	98,2349	127,0763
2022-07-22	08:00	23269,2	23308,74	23066,04	23103,05	LONG	0,00167	5981,87	0,00451	HOLD	98,2349	126,7972
2022-07-22	09:00	23103,05	23134,49	22962,45	22987,42	LONG	0,00167	5981,87	0,00451	HOLD	98,2349	126,6041
2022-07-22	10:00	22987,42	23043,35	22861,43	22909,9	LONG	0,00167	5981,87	0,00451	HOLD	98,2349	126,4747
2022-07-22	11:00	22907,25	22992,63	22805,89	22969,85	LONG	0,00167	5981,87	0,00451	HOLD	98,2349	126,5748
2022-07-22	12:00	22968,45	23173,41	22886,94	23146,46	LONG	0,00167	5981,87	0,00451	HOLD	98,2349	126,8697
2022-07-22	13:00	23148,46	23227,44	23084,06	23166,26	LONG	0,00167	5981,87	0,00451	HOLD	98,2349	126,9028
2022-07-22	14:00	23166,26	23320	23015	23118,79	LONG	0,00167	5981,87	0,00451	HOLD	98,2349	126,8235
2022-07-22	15:00	23121,63	23320	23068	23301,73	LONG	0,00167	5981,87	0,00451	HOLD	98,2349	127,129
2022-07-22	16:00	23304,92	23524,52	23262,72	23448,78	LONG	0,00167	5981,87	0,00451	HOLD	98,2349	127,3746
2022-07-22	17:00	23450,64	23590,56	23413,04	23438,05	LONG	0,00167	5981,87	0,00451	HOLD	98,2349	127,3567
2022-07-22	18:00	23434,38	23634,4	23404,01	23610,58	LONG	0,00167	5981,87	0,00451	HOLD	98,2349	127,6448
2022-07-22	19:00	23612,15	23696,95	23558,59	23590,07	LONG	0,00167	5981,87	0,00451	HOLD	98,2349	127,6106
2022-07-22	20:00	23588,13	23756,49	23430	23456,28	LONG	0,00167	5981,87	0,00451	HOLD	98,2349	127,3871
2022-07-22	21:00	23456,27	23675,36	23327,29	23661,82	LONG	0,00167	5981,87	0,00451	HOLD	98,2349	127,7304
2022-07-22	22:00	23664,07	23665,59	23227,81	23290,68	LONG	0,00167	5981,87	0,00451	HOLD	98,2349	127,1106
2022-07-22	23:00	23290,71	23344,62	23050,09	23108,14	LONG	0,00167	5981,87	0,00451	HOLD	98,2349	126,8057
2022-07-23	00:00	23110,53	23199	22887	23017,79	LONG	0,00167	5981,87	0,00451	HOLD	98,2349	126,6549
2022-07-23	01:00	23017,79	23071,65	22915	23026,01	LONG	0,00167	5981,87	0,00451	HOLD	98,2349	126,6686
2022-07-23	02:00	23026,01	23138,45	22543,64	22586,26	LONG	0,00167	5981,87	0,00451	HOLD	98,2349	125,9342
2022-07-23	03:00	22582,88	22729,9	22500	22604,97	LONG	0,00167	5981,87	0,00451	HOLD	98,2349	125,9654
2022-07-23	04:00	22603,36	22785,95	22572,33	22737,99	LONG	0,00167	5981,87	0,00451	HOLD	98,2349	126,1876
2022-07-23	05:00	22737,99	22780,18	22637,31	22726,27	LONG	0,00167	5981,87	0,00451	HOLD	98,2349	126,168
2022-07-23	06:00	22724,27	22770,07	22653,91	22684,83	LONG	0,00167	5981,87	0,00451	HOLD	98,2349	126,0988
2022-07-23	07:00	22684,83	22818,97	22550,14	22767,19	LONG	0,00167	5981,87	0,00451	HOLD	98,2349	126,2363
2022-07-23	08:00	22766,55	22860,36	22736,33	22787,77	LONG	0,00167	5981,87	0,00451	HOLD	98,2349	126,2707
2022-07-23	09:00	22787,77	22904,39	22774,18	22834,24	LONG	0,00167	5981,87	0,00451	HOLD	98,2349	126,3483
2022-07-23	10:00	22833,04	22902,5	22795,22	22808,55	LONG	0,00167	5981,87	0,00451	HOLD	98,2349	126,3054
2022-07-23	11:00	22808,55	22987,93	22727,54	22895,4	LONG	0,00167	5981,87	0,00451	HOLD	98,2349	126,4505
2022-07-23	12:00	22896,56	23000,77	22842,65	22902,46	LONG	0,00167	5981,87	0,00451	HOLD	98,2349	126,4623
2022-07-23	13:00	22902,46	22935,97	22810	22827,46	LONG	0,00167	5981,87	0,00451	HOLD	98,2349	126,337
2022-07-23	14:00	22827,46	22846,4	22675,12	22770,52	LONG	0,00167	5981,87	0,00451	HOLD	98,2349	126,2419
2022-07-23	15:00	22771,94	22877,26	22561,72	22610,54	LONG	0,00167	5981,87	0,00451	HOLD	98,2349	125,9747
2022-07-23	16:00	22608,56	22700,97	22524,36	22666,17	LONG	0,00167	5981,87	0,00451	HOLD	98,2349	126,0676
2022-07-23	17:00	22666,17	22717,31	22405,26	22516,58	LONG	0,00167	5981,87	0,00451	HOLD	98,2349	125,8178
2022-07-23	18:00	22516,58	22540	22210,67	22227,53	LONG	0,00167	5981,87	0,00451	HOLD	98,2349	125,3351
2022-07-23	19:00	22230,28	22364,29	22087,04	22280,96	LONG	0,00167	5981,87	0,00451	HOLD	98,2349	125,4243
2022-07-23	20:00	22282,72	22389,53	22264,38	22341,04	LONG	0,00167	5981,87	0,00451	HOLD	98,2349	125,5247
2022-07-23	21:00	22339,97	22363,6	22039,89	22150,14	LONG	0,00167	5981,87	0,00451	HOLD	98,2349	125,2059
2022-07-23	22:00	22147,7	22307,5	22117,42	22215,61	LONG	0,00167	5981,87	0,00451	HOLD	98,2349	125,3152
2022-07-23	23:00	22216,9	22290,57	22174,22	22189,54	LONG	0,00167	5981,87	0,00451	HOLD	98,2349	125,2717
2022-07-24	00:00	22189,54	22256,58	21947,22	22033,92	LONG	0,00167	5981,87	0,00451	HOLD	98,2349	125,0118
2022-07-24	01:00	22031,84	22239,18	21934,57	22076,02	LONG	0,00167	5981,87	0,00451	HOLD	98,2349	125,0821
2022-07-24	02:00	22076,02	22332	22031,31	22272,5	LONG	0,00167	5981,87	0,00451	HOLD	98,2349	125,4102
2022-07-24	03:00	22272,5	22380,69	22244,73	22325,82	LONG	0,00167	5981,87	0,00451	HOLD	98,2349	125,4993
2022-07-24	04:00	22323,02	22360,16	22221,54	22243,32	LONG	0,00167	5981,87	0,00451	HOLD	98,2349	125,3615
2022-07-24	05:00	22244,84	22517,1	22231,89	22469,08	LONG	0,00167	5981,87	0,00451	HOLD	98,2349	125,7385
2022-07-24	06:00	22469,08	22559	22426,72	22451,07	LONG	0,00167	5981,87	0,00451	HOLD	98,2349	125,7084
2022-07-24	07:00	22448,58	22677,37	22448,58	22549,18	LONG	0,00167	5981,87	0,00451	HOLD	98,2349	125,8723
2022-07-24	08:00	22550,51	22589,28	22372,54	22423,58	LONG	0,00167	5981,87	0,00451	HOLD	98,2349	125,6625
2022-07-24	09:00	22426,04	22483,28	22348,46	22469,09	LONG	0,00167	5981,87	0,00451	HOLD	98,2349	125,7385
2022-07-24	10:00	22469,09	22476,13	22288	22331,86	LONG	0,00167	5981,87	0,00451	HOLD	98,2349	125,5093
2022-07-24	11:00	22331,86	22412,43	22257,15	22396,51	LONG	0,00167	5981,87	0,00451	HOLD	98,2349	125,6173
2022-07-24	12:00	22396,51	22787,21	22390,24	22749,98	LONG	0,00167	5981,87	0,00451	HOLD	98,2349	126,2076
2022-07-24	13:00	22748,92	22768,36	22631,14	22679	LONG	0,00167	5981,87	0,00451	HOLD	98,2349	126,0891
2022-07-24	14:00	22680,38	22839,99	22667,13	22701,6	LONG	0,00167	5981,87	0,00451	HOLD	98,2349	126,1268
2022-07-24	15:00	22704,09	22744,37	22566	22681,91	LONG	0,00167	5981,87	0,00451	HOLD	98,2349	126,0939
2022-07-24	16:00	22681,91	22763,36	22598,5	22617,09	LONG	0,00167	5981,87	0,00451	HOLD	98,2349	125,9857
2022-07-24	17:00	22618,27	22681,1	22480	22521,8	LONG	0,00167	5981,87	0,00451	HOLD	98,2349	125,8265
2022-07-24	18:00	22521,8	22822,81	22507,74	22657,63	LONG	0,00167	5981,87	0,00451	HOLD	98,2349	126,0534
2022-07-24	19:00	22657,63	22774,56	22444	22495,59	LONG	0,00167	5981,87	0,00451	HOLD	98,2349	125,7828
2022-07-24	20:00	22495,59	22597,92	22447,44	22569,34	LONG	0,00167	5981,87	0,00451	HOLD	98,2349	125,9059
2022-07-24	21:00	22567,75	22800	22533,73	22774,3	LONG	0,00167	5981,87	0,00451	HOLD	98,2349	126,2482
2022-07-24	22:00	22774,3	22911,31	22741,4	22847,08	LONG	0,00167	5981,87	0,00451	HOLD	98,2349	126,3698
2022-07-24	23:00	22847,08	22880,87	22630	22709,01	LONG	0,00167	5981,87	0,00451	HOLD	98,2349	126,1392
2022-07-25	00:00	22709,01	22852,47	22661,76	22772,14	LONG	0,00167	5981,87	0,00451	HOLD	98,2349	126,2446
2022-07-25	01:00	22772,14	22794,55	22680	22712,48	LONG	0,00167	5981,87	0,00451	HOLD	98,2349	126,145
2022-07-25	02:00	22712,48	22803,84	22663,44	22700,4	LONG	0,00167	5981,87	0,00451	HOLD	98,2349	126,1248
2022-07-25	03:00	22699,12	22805,69	22670,21	22718,33	LONG	0,00167	5981,87	0,00451	HOLD	98,2349	126,1548
2022-07-25	04:00	22718,33	22828,02	22671,41	22808,44	LONG	0,00167	5981,87	0,00451	HOLD	98,2349	126,3052
2022-07-25	05:00	22806,47	23014,64	22555,27	22657,2	LONG	0,00167	5981,87	0,00451	HOLD	98,2349	126,0527
2022-07-25	06:00	22661,22	22759,56	22513,7	22579,68	LONG	0,00167	5981,87	0,00451	HOLD	98,2349	125,9232
2022-07-25	07:00	22577,13	22666	22264,79	22320,27	LONG	0,00167	5981,87	0,00451	HOLD	98,2349	125,49
2022-07-25	08:00	22322,47	22328,15	22117,48	22205,42	LONG	0,00167	5981,87	0,00451	HOLD	98,2349	125,2982
2022-07-25	09:00	22205,55	22211,42	21863	21953,27	LONG	0,00167	5981,87	0,00451	HOLD	98,2349	124,8771
2022-07-25	10:00	21951,46	21958,03	21753,57	21867,75	LONG	0,00167	5981,87	0,00451	HOLD	98,2349	124,7343
2022-07-25	11:00	21867,75	21912,2	21737,82	21894,8	LONG	0,00167	5981,87	0,00451	HOLD	98,2349	124,7795
2022-07-25	12:00	21892,53	21943,43	21808,01	21913,69	LONG	0,00167	5981,87	0,00451	HOLD	98,2349	124,811
2022-07-25	13:00	21915,22	21948	21820,15	21910,67	LONG	0,00167	5981,87	0,00451	HOLD	98,2349	124,806
2022-07-25	14:00	21910,67	22002,62	21880,4	21962,33	LONG	0,00167	5981,87	0,00451	HOLD	98,2349	124,8922
2022-07-25	15:00	21962,33	22107,63	21868,36	22049	LONG	0,00167	5981,87	0,00451	HOLD	98,2349	125,037
2022-07-25	16:00	22050,75	22110,98	21983,44	21999,44	LONG	0,00167	5981,87	0,00451	HOLD	98,2349	124,9542
2022-07-25	17:00	21999,44	22081,6	21960,72	22051,51	LONG	0,00167	5981,87	0,00451	HOLD	98,2349	125,0412
2022-07-25	18:00	22051,51	22103,62	21913,46	21941,25	LONG	0,00167	5981,87	0,00451	HOLD	98,2349	124,857
2022-07-25	19:00	21942,18	21994,23	21814,4	21976,18	LONG	0,00167	5981,87	0,00451	HOLD	98,2349	124,9154
2022-07-25	20:00	21973,74	22003,12	21767,3	21899,76	LONG	0,00167	5981,87	0,00451	HOLD	98,2349	124,7877
2022-07-25	21:00	21899,68	21932,95	21683,4	21886,42	LONG	0,00167	5981,87	0,00451	HOLD	98,2349	124,7655
2022-07-25	22:00	21885,75	21932,27	21748,05	21895,79	LONG	0,00167	5981,87	0,00451	HOLD	98,2349	124,7811
2022-07-25	23:00	21893,94	21982,75	21837,77	21952,2	LONG	0,00167	5981,87	0,00451	HOLD	98,2349	124,8753
2022-07-26	00:00	21951,48	22021,47	21838,9	21863,12	LONG	0,00167	5981,87	0,00451	HOLD	98,2349	124,7266
2022-07-26	01:00	21863,12	21942,62	21777	21824,28	LONG	0,00167	5981,87	0,00451	HOLD	98,2349	124,6617
2022-07-26	02:00	21824,28	21905,56	21552,53	21890,17	LONG	0,00167	5981,87	0,00451	HOLD	98,2349	124,7717
2022-07-26	03:00	21892,66	22259,98	21886,27	22167,91	LONG	0,00167	5981,87	0,00451	HOLD	98,2349	125,2356
2022-07-26	04:00	22167,91	22188,44	21962,86	22025,2	LONG	0,00167	5981,87	0,00451	HOLD	98,2349	124,9972
2022-07-26	05:00	22022,79	22028,14	21509,79	21658,38	LONG	0,00167	5981,87	0,00451	HOLD	98,2349	124,3846
2022-07-26	06:00	21661,66	21759,98	21250	21310,9	LONG	0,00167	5981,87	0,00451	HOLD	98,2349	123,8043
2022-07-26	07:00	21310,9	21347,82	20971,4	20996,9	LONG	0,00167	5981,87	0,00451	HOLD	98,2349	123,28
2022-07-26	08:00	20994,94	21122	20970,05	21076,7	LONG	0,00167	5981,87	0,00451	HOLD	98,2349	123,4132
2022-07-26	09:00	21076,7	21126,73	21025,28	21071,81	LONG	0,00167	5981,87	0,00451	HOLD	98,2349	123,4051
2022-07-26	10:00	21068,65	21234,56	20856,48	21141,53	LONG	0,00167	5981,87	0,00451	HOLD	98,2349	123,5215
2022-07-26	11:00	21141,53	21272,21	21097,87	21126,91	LONG	0,00167	5981,87	0,00451	HOLD	98,2349	123,4971
2022-07-26	12:00	21128,52	21179,33	21062,96	21145,03	LONG	0,00167	5981,87	0,00451	HOLD	98,2349	123,5273
2022-07-26	13:00	21146,64	21167,05	21063,24	21079,27	LONG	0,00167	5981,87	0,00451	HOLD	98,2349	123,4175
2022-07-26	14:00	21076,98	21145	21017,21	21066,86	LONG	0,00167	5981,87	0,00451	HOLD	98,2349	123,3968
2022-07-26	15:00	21066,86	21113	20986,35	21065,3	LONG	0,00167	5981,87	0,00451	HOLD	98,2349	123,3942
2022-07-26	16:00	21067,26	21161,37	21060,41	21120,36	LONG	0,00167	5981,87	0,00451	HOLD	98,2349	123,4861
2022-07-26	17:00	21119,09	21151,58	21046,1	21075,84	LONG	0,00167	5981,87	0,00451	HOLD	98,2349	123,4118
2022-07-26	18:00	21077,53	21155,15	20932,7	21090,22	LONG	0,00167	5981,87	0,00451	HOLD	98,2349	123,4358
2022-07-26	19:00	21090,22	21196,58	20963,88	21033,31	LONG	0,00167	5981,87	0,00451	HOLD	98,2349	123,3408
2022-07-26	20:00	21033,31	21053,98	20774,74	20947,22	LONG	0,00167	5981,87	0,00451	HOLD	98,2349	123,197
2022-07-26	21:00	20947,22	21038,52	20833,17	20949,43	LONG	0,00167	5981,87	0,00451	HOLD	98,2349	123,2007
2022-07-26	22:00	20947,42	20964,92	20706,5	20746,81	LONG	0,00167	5981,87	0,00451	HOLD	98,2349	122,8623
2022-07-26	23:00	20746,81	20951,38	20734,79	20937,41	LONG	0,00167	5981,87	0,00451	HOLD	98,2349	123,1806
2022-07-27	00:00	20937,41	21083,49	20901,43	20919,36	LONG	0,00167	5981,87	0,00451	HOLD	98,2349	123,1505
2022-07-27	01:00	20919,36	20999,3	20817	20905,71	LONG	0,00167	5981,87	0,00451	HOLD	98,2349	123,1277
2022-07-27	02:00	20905,71	20944,36	20805	20915,57	LONG	0,00167	5981,87	0,00451	HOLD	98,2349	123,1441
2022-07-27	03:00	20911,55	20993,9	20809,53	20983,99	LONG	0,00167	5981,87	0,00451	HOLD	98,2349	123,2584
2022-07-27	04:00	20985,3	21119,99	20820,8	20942,82	LONG	0,00167	5981,87	0,00451	HOLD	98,2349	123,1897
2022-07-27	05:00	20942,82	21165,51	20919,46	21110,33	LONG	0,00167	5981,87	0,00451	HOLD	98,2349	123,4694
2022-07-27	06:00	21114,24	21300	21061,39	21254,67	LONG	0,00167	5981,87	0,00451	HOLD	98,2349	123,7104
2022-07-27	07:00	21254,67	21284	21133,42	21208,13	LONG	0,00167	5981,87	0,00451	HOLD	98,2349	123,6327
2022-07-27	08:00	21207,23	21235,21	21136,17	21157,37	LONG	0,00167	5981,87	0,00451	HOLD	98,2349	123,548
2022-07-27	09:00	21157,37	21204,11	21091,08	21186,7	LONG	0,00167	5981,87	0,00451	HOLD	98,2349	123,5969
2022-07-27	10:00	21186,16	21201,4	21042,53	21076,86	LONG	0,00167	5981,87	0,00451	HOLD	98,2349	123,4135
2022-07-27	11:00	21076,86	21137,77	21059	21108,72	LONG	0,00167	5981,87	0,00451	HOLD	98,2349	123,4667
2022-07-27	12:00	21108,72	21280	21094,13	21247,25	LONG	0,00167	5981,87	0,00451	HOLD	98,2349	123,698
2022-07-27	13:00	21248,63	21267,95	21162,02	21256,38	LONG	0,00167	5981,87	0,00451	HOLD	98,2349	123,7133
2022-07-27	14:00	21256,38	21451,33	21240	21347,36	LONG	0,00167	5981,87	0,00451	HOLD	98,2349	123,8652
2022-07-27	15:00	21346,11	21439,29	21335,21	21355,33	LONG	0,00167	5981,87	0,00451	HOLD	98,2349	123,8785
2022-07-27	16:00	21354,45	21365,74	21250,54	21292,31	LONG	0,00167	5981,87	0,00451	HOLD	98,2349	123,7733
2022-07-27	17:00	21291,54	21336,2	21249,68	21287,5	LONG	0,00167	5981,87	0,00451	HOLD	98,2349	123,7653
2022-07-27	18:00	21287,5	21366,4	21129,65	21200,23	LONG	0,00167	5981,87	0,00451	HOLD	98,2349	123,6195
2022-07-27	19:00	21200,6	21421,71	21157,07	21371,93	LONG	0,00167	5981,87	0,00451	HOLD	98,2349	123,9063
2022-07-27	20:00	21371,93	21484,28	21280,81	21463,9	LONG	0,00167	5981,87	0,00451	HOLD	98,2349	124,0599
2022-07-27	21:00	21463,9	21493,69	21392,49	21459,9	LONG	0,00167	5981,87	0,00451	HOLD	98,2349	124,0532
2022-07-27	22:00	21459,9	21547,53	21421,02	21530,86	LONG	0,00167	5981,87	0,00451	HOLD	98,2349	124,1717
2022-07-27	23:00	21530,86	21713,69	21461,58	21533,89	LONG	0,00167	5981,87	0,00451	HOLD	98,2349	124,1767
2022-07-28	00:00	21530,71	21740	21455,25	21620,55	LONG	0,00167	5981,87	0,00451	HOLD	98,2349	124,3215
2022-07-28	01:00	21618,72	22700	21617,24	22554,45	LONG	0,00167	5981,87	0,00451	HOLD	98,2349	125,8811
2022-07-28	02:00	22554,45	23112,63	22554,45	22773,62	LONG	0,00167	5981,87	0,00451	HOLD	98,2349	126,2471
2022-07-28	03:00	22773,62	22913,83	22667,36	22776,58	LONG	0,00167	5981,87	0,00451	HOLD	98,2349	126,252
2022-07-28	04:00	22776,58	22792,14	22576	22677,84	LONG	0,00167	5981,87	0,00451	HOLD	98,2349	126,0871
2022-07-28	05:00	22675,53	22960	22647,72	22873,39	LONG	0,00167	5981,87	0,00451	HOLD	98,2349	126,4137
2022-07-28	06:00	22875,97	22997,17	22805,58	22952,45	LONG	0,00167	5981,87	0,00451	HOLD	98,2349	126,5457
2022-07-28	07:00	22954,31	23062,9	22751,95	22785,32	LONG	0,00167	5981,87	0,00451	HOLD	98,2349	126,2666
2022-07-28	08:00	22785,34	22801,81	22717,27	22775,69	LONG	0,00167	5981,87	0,00451	HOLD	98,2349	126,2505
2022-07-28	09:00	22775,69	23460,58	22701,44	23282,54	LONG	0,00167	5981,87	0,00451	HOLD	98,2349	127,097
2022-07-28	10:00	23282,54	23322,49	23096,88	23133,45	LONG	0,00167	5981,87	0,00451	HOLD	98,2349	126,848
2022-07-28	11:00	23133,45	23196,09	23056,99	23066,63	LONG	0,00167	5981,87	0,00451	HOLD	98,2349	126,7364
2022-07-28	12:00	23067,86	23257,11	23032	23242,79	LONG	0,00167	5981,87	0,00451	HOLD	98,2349	127,0306
2022-07-28	13:00	23242,79	23273,81	23047,79	23124,86	LONG	0,00167	5981,87	0,00451	HOLD	98,2349	126,8337
2022-07-28	14:00	23122,37	23125,77	22887	22925,1	LONG	0,00167	5981,87	0,00451	HOLD	98,2349	126,5001
2022-07-28	15:00	22925,1	23028,68	22871,06	22965,67	LONG	0,00167	5981,87	0,00451	HOLD	98,2349	126,5678
2022-07-28	16:00	22963,68	23008,58	22816,26	22978,45	LONG	0,00167	5981,87	0,00451	HOLD	98,2349	126,5892
2022-07-28	17:00	22978,45	23100	22911	22979,17	LONG	0,00167	5981,87	0,00451	HOLD	98,2349	126,5904
2022-07-28	18:00	22981,61	23138,28	22956,32	23114,52	LONG	0,00167	5981,87	0,00451	HOLD	98,2349	126,8164
2022-07-28	19:00	23116,19	23200	22582,13	23034,04	LONG	0,00167	5981,87	0,00451	HOLD	98,2349	126,682
2022-07-28	20:00	23034,04	23268,29	22766,08	22852,26	LONG	0,00167	5981,87	0,00451	HOLD	98,2349	126,3784
2022-07-28	21:00	22854,38	23140,18	22736,79	23130,78	LONG	0,00167	5981,87	0,00451	HOLD	98,2349	126,8435
2022-07-28	22:00	23130,78	23992	23109,59	23745,57	LONG	0,00167	5981,87	0,00451	HOLD	98,2349	127,8702
2022-07-28	23:00	23747,85	23944,84	23662,52	23764,13	LONG	0,00167	5981,87	0,00451	HOLD	98,2349	127,9012
2022-07-29	00:00	23762,71	24106,96	23747,55	23999,83	LONG	0,00167	5981,87	0,00451	HOLD	98,2349	128,2949
2022-07-29	01:00	23999,83	24007,49	23711,73	23800,53	LONG	0,00167	5981,87	0,00451	HOLD	98,2349	127,962
2022-07-29	02:00	23801,67	23894,28	23675,34	23794,26	LONG	0,00167	5981,87	0,00451	HOLD	98,2349	127,9516
2022-07-29	03:00	23792,1	24199,72	23784,26	24025,88	LONG	0,00167	5981,87	0,00451	HOLD	98,2349	128,3384
2022-07-29	04:00	24025,88	24158,21	23836,09	23927,69	LONG	0,00167	5981,87	0,00451	HOLD	98,2349	128,1744
2022-07-29	05:00	23927,69	23988,32	23803,87	23961,92	LONG	0,00167	5981,87	0,00451	HOLD	98,2349	128,2315
2022-07-29	06:00	23961,92	23981,74	23711	23842,93	LONG	0,00167	5981,87	0,00451	HOLD	98,2349	128,0328
2022-07-29	07:00	23845,25	23947,73	23701	23880,6	LONG	0,00167	5981,87	0,00451	HOLD	98,2349	128,0957
2022-07-29	08:00	23882,01	23897,63	23744,35	23848,14	LONG	0,00167	5981,87	0,00451	HOLD	98,2349	128,0415
2022-07-29	09:00	23848,14	23911,21	23730,76	23780,39	LONG	0,00167	5981,87	0,00451	HOLD	98,2349	127,9284
2022-07-29	10:00	23780,39	23934,47	23755,78	23912,85	LONG	0,00167	5981,87	0,00451	HOLD	98,2349	128,1496
2022-07-29	11:00	23912,7	24037,56	23882,95	24013,87	LONG	0,00167	5981,87	0,00451	HOLD	98,2349	128,3183
2022-07-29	12:00	24013,87	24112	23864,18	23987,26	LONG	0,00167	5981,87	0,00451	HOLD	98,2349	128,2739
2022-07-29	13:00	23987,47	24442,66	23900	23940,35	LONG	0,00167	5981,87	0,00451	HOLD	98,2349	128,1955
2022-07-29	14:00	23940,35	23994,72	23820,27	23943,26	LONG	0,00167	5981,87	0,00451	HOLD	98,2349	128,2004
2022-07-29	15:00	23941,63	23983,99	23778,42	23927,08	LONG	0,00167	5981,87	0,00451	HOLD	98,2349	128,1734
2022-07-29	16:00	23927,08	24094,93	23860	24062,55	LONG	0,00167	5981,87	0,00451	HOLD	98,2349	128,3996
2022-07-29	17:00	24064,41	24131,54	23979,32	24006,04	LONG	0,00167	5981,87	0,00451	HOLD	98,2349	128,3052
2022-07-29	18:00	24007,1	24024,91	23530,96	23720,56	LONG	0,00167	5981,87	0,00451	HOLD	98,2349	127,8285
2022-07-29	19:00	23718,71	23752,22	23434,38	23512,45	LONG	0,00167	5981,87	0,00451	HOLD	98,2349	127,4809
2022-07-29	20:00	23510,89	23761,22	23414,03	23695,41	LONG	0,00167	5981,87	0,00451	HOLD	98,2349	127,7865
2022-07-29	21:00	23695,41	24222	23661,51	24036,61	LONG	0,00167	5981,87	0,00451	HOLD	98,2349	128,3563
2022-07-29	22:00	24034,81	24071,04	23870,59	24010,74	LONG	0,00167	5981,87	0,00451	HOLD	98,2349	128,3131
2022-07-29	23:00	24012,76	24024,8	23606,18	23845,48	LONG	0,00167	5981,87	0,00451	HOLD	98,2349	128,0371
2022-07-30	00:00	23845,48	23867,2	23625,69	23777,89	LONG	0,00167	5981,87	0,00451	HOLD	98,2349	127,9242
2022-07-30	01:00	23775,26	24051,22	23736,27	23929,72	LONG	0,00167	5981,87	0,00451	HOLD	98,2349	128,1778
2022-07-30	02:00	23929,72	23963,72	23750	23895,13	LONG	0,00167	5981,87	0,00451	HOLD	98,2349	128,12
2022-07-30	03:00	23895,14	23977,86	23798,03	23941,24	LONG	0,00167	5981,87	0,00451	HOLD	98,2349	128,197
2022-07-30	04:00	23941,24	23994,44	23702,52	23819,41	LONG	0,00167	5981,87	0,00451	HOLD	98,2349	127,9936
2022-07-30	05:00	23819,41	23970,73	23745,61	23942,89	LONG	0,00167	5981,87	0,00451	HOLD	98,2349	128,1998
2022-07-30	06:00	23942,89	24138,69	23700	23773,75	LONG	0,00167	5981,87	0,00451	HOLD	98,2349	127,9173
2022-07-30	07:00	23777,28	23943,64	23747,02	23919,79	LONG	0,00167	5981,87	0,00451	HOLD	98,2349	128,1612
2022-07-30	08:00	23919,79	23968,9	23674,14	23917,35	LONG	0,00167	5981,87	0,00451	HOLD	98,2349	128,1571
2022-07-30	09:00	23917,35	23927,59	23744	23835,07	LONG	0,00167	5981,87	0,00451	HOLD	98,2349	128,0197
2022-07-30	10:00	23835,07	23855,25	23742,81	23801,35	LONG	0,00167	5981,87	0,00451	HOLD	98,2349	127,9634
2022-07-30	11:00	23802,8	23823,87	23650	23739,21	LONG	0,00167	5981,87	0,00451	HOLD	98,2349	127,8596
2022-07-30	12:00	23740,91	23797,81	23711,1	23793,25	LONG	0,00167	5981,87	0,00451	HOLD	98,2349	127,9499
2022-07-30	13:00	23793,25	23849,24	23753,24	23812,12	LONG	0,00167	5981,87	0,00451	HOLD	98,2349	127,9814
2022-07-30	14:00	23812,12	23914	23807,86	23880,76	LONG	0,00167	5981,87	0,00451	HOLD	98,2349	128,096
2022-07-30	15:00	23878,58	23955	23828	23895,01	LONG	0,00167	5981,87	0,00451	HOLD	98,2349	128,1198
2022-07-30	16:00	23895,01	23958,9	23835,51	23916,88	LONG	0,00167	5981,87	0,00451	HOLD	98,2349	128,1563
2022-07-30	17:00	23915,1	23935	23732,56	23809,94	LONG	0,00167	5981,87	0,00451	HOLD	98,2349	127,9777
2022-07-30	18:00	23809,94	24073,05	23807,84	23956,38	LONG	0,00167	5981,87	0,00451	HOLD	98,2349	128,2223
2022-07-30	19:00	23956,38	24390	23916,97	24377,5	LONG	0,00167	5981,87	0,00451	HOLD	98,2349	128,9256
2022-07-30	20:00	24377,5	24668	24330	24490,53	LONG	0,00167	5981,87	0,00451	HOLD	98,2349	129,1143
2022-07-30	21:00	24491,73	24588,36	24335	24352,53	LONG	0,00167	5981,87	0,00451	HOLD	98,2349	128,8839
2022-07-30	22:00	24349,83	24608,68	24347,3	24529,1	LONG	0,00167	5981,87	0,00451	HOLD	98,2349	129,1787
2022-07-30	23:00	24526,57	24583,57	24450,2	24577,29	LONG	0,00167	5981,87	0,00451	HOLD	98,2349	129,2592
2022-07-31	00:00	24574,07	24593,02	24450,16	24492,24	LONG	0,00167	5981,87	0,00451	HOLD	98,2349	129,1172
2022-07-31	01:00	24494,36	24567,89	24466,12	24511,94	LONG	0,00167	5981,87	0,00451	HOLD	98,2349	129,1501
2022-07-31	02:00	24513,6	24517,73	23862	23920,65	LONG	0,00167	5981,87	0,00451	HOLD	98,2349	128,1626
2022-07-31	03:00	23923,74	24078,94	23808,76	23963,03	LONG	0,00167	5981,87	0,00451	HOLD	98,2349	128,2334
2022-07-31	04:00	23963,03	24005	23836,46	23860,51	LONG	0,00167	5981,87	0,00451	HOLD	98,2349	128,0622
2022-07-31	05:00	23860,51	23863,12	23502,25	23700,98	LONG	0,00167	5981,87	0,00451	HOLD	98,2349	127,7958
2022-07-31	06:00	23699,58	23738,65	23545,98	23643,51	LONG	0,00167	5981,87	0,00451	HOLD	98,2349	127,6998
2022-07-31	07:00	23644,64	23782	23520	23747,03	LONG	0,00167	5981,87	0,00451	HOLD	98,2349	127,8727
2022-07-31	08:00	23745,67	23839,99	23680	23727,73	LONG	0,00167	5981,87	0,00451	HOLD	98,2349	127,8405
2022-07-31	09:00	23725,36	23886,92	23720,49	23794,81	LONG	0,00167	5981,87	0,00451	HOLD	98,2349	127,9525
2022-07-31	10:00	23794,81	23814	23682,26	23737,4	LONG	0,00167	5981,87	0,00451	HOLD	98,2349	127,8566
2022-07-31	11:00	23739,41	23832,34	23735,9	23802,86	LONG	0,00167	5981,87	0,00451	HOLD	98,2349	127,9659
2022-07-31	12:00	23801,3	23842,2	23701,23	23710,66	LONG	0,00167	5981,87	0,00451	HOLD	98,2349	127,8119
2022-07-31	13:00	23710,67	23801,21	23706,07	23775,82	LONG	0,00167	5981,87	0,00451	HOLD	98,2349	127,9208
2022-07-31	14:00	23777,3	23815	23670	23713,1	LONG	0,00167	5981,87	0,00451	HOLD	98,2349	127,816
2022-07-31	15:00	23713,1	23747	23574,96	23596,18	LONG	0,00167	5981,87	0,00451	HOLD	98,2349	127,6208
2022-07-31	16:00	23595,17	23755,28	23558,21	23752,27	LONG	0,00167	5981,87	0,00451	HOLD	98,2349	127,8814
2022-07-31	17:00	23752,26	23850	23705,52	23825,63	LONG	0,00167	5981,87	0,00451	HOLD	98,2349	128,0039
2022-07-31	18:00	23825,62	23860	23745,69	23801,07	LONG	0,00167	5981,87	0,00451	HOLD	98,2349	127,9629
2022-07-31	19:00	23802,56	23861,83	23741,05	23810,34	LONG	0,00167	5981,87	0,00451	HOLD	98,2349	127,9784
2022-07-31	20:00	23810,34	23826,6	23666,83	23711,24	LONG	0,00167	5981,87	0,00451	HOLD	98,2349	127,8129
2022-07-31	21:00	23712,12	23833,45	23605,21	23720,86	LONG	0,00167	5981,87	0,00451	HOLD	98,2349	127,829
2022-07-31	22:00	23721,79	23789,79	23648,05	23774,97	LONG	0,00167	5981,87	0,00451	HOLD	98,2349	127,9193
2022-07-31	23:00	23774,97	23820,67	23707,11	23768,3	LONG	0,00167	5981,87	0,00451	HOLD	98,2349	127,9082
2022-08-01	00:00	23768,3	23787,32	23700	23736,21	LONG	0,00167	5981,87	0,00451	HOLD	98,2349	127,8546
2022-08-01	01:00	23738	24194,82	23400	23746,77	LONG	0,00167	5981,87	0,00451	HOLD	98,2349	127,8722
2022-08-01	02:00	23748,65	23982,89	23700,37	23845,88	LONG	0,00167	5981,87	0,00451	HOLD	98,2349	128,0378
2022-08-01	03:00	23843,69	23892,43	23772,75	23797,15	LONG	0,00167	5981,87	0,00451	HOLD	98,2349	127,9564
2022-08-01	04:00	23797,22	23827,25	23531,61	23589,58	LONG	0,00167	5981,87	0,00451	HOLD	98,2349	127,6097
2022-08-01	05:00	23591,06	23593,45	23227,31	23377,48	LONG	0,00167	5981,87	0,00451	HOLD	98,2349	127,2555
2022-08-01	06:00	23379,82	23469	23266,6	23293,32	LONG	0,00167	5981,87	0,00451	HOLD	98,2349	127,115
2022-08-01	07:00	23296,36	23394,97	23257,37	23374,96	LONG	0,00167	5981,87	0,00451	HOLD	98,2349	127,2513
2022-08-01	08:00	23376,65	23443,38	23323,52	23418,8	LONG	0,00167	5981,87	0,00451	HOLD	98,2349	127,3245
2022-08-01	09:00	23418,8	23466,55	23371,23	23420,08	LONG	0,00167	5981,87	0,00451	HOLD	98,2349	127,3267
2022-08-01	10:00	23420,08	23436,83	23313,38	23375,62	LONG	0,00167	5981,87	0,00451	HOLD	98,2349	127,2524
2022-08-01	11:00	23376,59	23417,76	23344,65	23392,4	LONG	0,00167	5981,87	0,00451	HOLD	98,2349	127,2805
2022-08-01	12:00	23390,9	23425	23273,06	23327,47	LONG	0,00167	5981,87	0,00451	HOLD	98,2349	127,172
2022-08-01	13:00	23329,99	23346,42	23150	23223,77	LONG	0,00167	5981,87	0,00451	HOLD	98,2349	126,9988
2022-08-01	14:00	23223,77	23347,96	23112	23322,05	LONG	0,00167	5981,87	0,00451	HOLD	98,2349	127,163
2022-08-01	15:00	23323,26	23379	23271,22	23287,76	LONG	0,00167	5981,87	0,00451	HOLD	98,2349	127,1057
2022-08-01	16:00	23287,76	23377,64	23260,5	23311,76	LONG	0,00167	5981,87	0,00451	HOLD	98,2349	127,1458
2022-08-01	17:00	23311,76	23319,84	22974,68	23037,35	LONG	0,00167	5981,87	0,00451	HOLD	98,2349	126,6875
2022-08-01	18:00	23037,35	23294,4	22939,57	23227,79	LONG	0,00167	5981,87	0,00451	HOLD	98,2349	127,0056
2022-08-01	19:00	23227,79	23318,15	23120	23140,09	LONG	0,00167	5981,87	0,00451	HOLD	98,2349	126,8591
2022-08-01	20:00	23140,09	23325,22	22961,6	23244,83	LONG	0,00167	5981,87	0,00451	HOLD	98,2349	127,034
2022-08-01	21:00	23242,59	23509,68	23209,6	23437,41	LONG	0,00167	5981,87	0,00451	HOLD	98,2349	127,3556
2022-08-01	22:00	23437,41	23467,58	23280,23	23326,73	LONG	0,00167	5981,87	0,00451	HOLD	98,2349	127,1708
2022-08-01	23:00	23325,19	23355	23137,34	23198,94	LONG	0,00167	5981,87	0,00451	HOLD	98,2349	126,9574
2022-08-02	00:00	23198,94	23211,95	22876,74	22963,69	LONG	0,00167	5981,87	0,00451	HOLD	98,2349	126,5645
2022-08-02	01:00	22963,75	22996,82	22850	22953,36	LONG	0,00167	5981,87	0,00451	HOLD	98,2349	126,5473
2022-08-02	02:00	22953,39	23040,94	22872,27	22953,59	LONG	0,00167	5981,87	0,00451	HOLD	98,2349	126,5476
2022-08-02	03:00	22955,37	23131,61	22915,84	23118,88	LONG	0,00167	5981,87	0,00451	HOLD	98,2349	126,8237
2022-08-02	04:00	23115,91	23132,37	22981,8	23019,09	LONG	0,00167	5981,87	0,00451	HOLD	98,2349	126,657
2022-08-02	05:00	23019,09	23195	22908,45	23164,79	LONG	0,00167	5981,87	0,00451	HOLD	98,2349	126,9003
2022-08-02	06:00	23166,1	23417,11	23164,59	23268,01	LONG	0,00167	5981,87	0,00451	HOLD	98,2349	127,0727
2022-08-02	07:00	23266,9	23447,62	23160,02	23187,65	LONG	0,00167	5981,87	0,00451	HOLD	98,2349	126,9385
2022-08-02	08:00	23187,65	23245	22944	22997,14	LONG	0,00167	5981,87	0,00451	HOLD	98,2349	126,6204
2022-08-02	09:00	22997,14	23080,37	22824,77	22912,95	LONG	0,00167	5981,87	0,00451	HOLD	98,2349	126,4798
2022-08-02	10:00	22912,95	22922,29	22780	22853,11	LONG	0,00167	5981,87	0,00451	HOLD	98,2349	126,3798
2022-08-02	11:00	22851,34	22900,93	22750	22862,28	LONG	0,00167	5981,87	0,00451	HOLD	98,2349	126,3951
2022-08-02	12:00	22860,83	22909	22834,56	22852,71	LONG	0,00167	5981,87	0,00451	HOLD	98,2349	126,3792
2022-08-02	13:00	22852,71	22937,5	22850,5	22874,63	LONG	0,00167	5981,87	0,00451	HOLD	98,2349	126,4158
2022-08-02	14:00	22873,35	22920	22715,61	22887,8	LONG	0,00167	5981,87	0,00451	HOLD	98,2349	126,4378
2022-08-02	15:00	22889,62	22910,34	22783	22809,74	LONG	0,00167	5981,87	0,00451	HOLD	98,2349	126,3074
2022-08-02	16:00	22809,74	22845	22654,37	22711,08	LONG	0,00167	5981,87	0,00451	HOLD	98,2349	126,1426
2022-08-02	17:00	22711,68	22868	22673,84	22858,17	LONG	0,00167	5981,87	0,00451	HOLD	98,2349	126,3883
2022-08-02	18:00	22858,17	22973,08	22836	22882,61	LONG	0,00167	5981,87	0,00451	HOLD	98,2349	126,4291
2022-08-02	19:00	22882,61	22910,35	22666,05	22735,46	LONG	0,00167	5981,87	0,00451	HOLD	98,2349	126,1834
2022-08-02	20:00	22737,06	22887,43	22700	22799,96	LONG	0,00167	5981,87	0,00451	HOLD	98,2349	126,2911
2022-08-02	21:00	22799,96	23151,24	22670	23025,61	LONG	0,00167	5981,87	0,00451	HOLD	98,2349	126,6679
2022-08-02	22:00	23025,61	23109,1	22806,52	22979,5	LONG	0,00167	5981,87	0,00451	HOLD	98,2349	126,5909
2022-08-02	23:00	22977,78	23459,89	22946,73	23378,71	LONG	0,00167	5981,87	0,00451	HOLD	98,2349	127,2576
2022-08-03	00:00	23380,12	23442,9	23149,3	23186,84	LONG	0,00167	5981,87	0,00451	HOLD	98,2349	126,9372
2022-08-03	01:00	23186,84	23282,33	22961,59	22981,11	LONG	0,00167	5981,87	0,00451	HOLD	98,2349	126,5936
2022-08-03	02:00	22982,89	23100	22870,1	22951,21	LONG	0,00167	5981,87	0,00451	HOLD	98,2349	126,5437
2022-08-03	03:00	22951,21	23063,6	22910	23030,58	LONG	0,00167	5981,87	0,00451	HOLD	98,2349	126,6762
2022-08-03	04:00	23028,83	23146,67	22943,29	23093,38	LONG	0,00167	5981,87	0,00451	HOLD	98,2349	126,7811
2022-08-03	05:00	23093,02	23148,6	23024,36	23100,92	LONG	0,00167	5981,87	0,00451	HOLD	98,2349	126,7937
2022-08-03	06:00	23100,92	23134,99	22927,61	22987,79	LONG	0,00167	5981,87	0,00451	HOLD	98,2349	126,6048
2022-08-03	07:00	22985,93	23079,39	22727	22793,56	LONG	0,00167	5981,87	0,00451	HOLD	98,2349	126,2804
2022-08-03	08:00	22793,57	22836	22681,22	22801,57	LONG	0,00167	5981,87	0,00451	HOLD	98,2349	126,2938
2022-08-03	09:00	22803,27	22857	22725,5	22776,69	LONG	0,00167	5981,87	0,00451	HOLD	98,2349	126,2522
2022-08-03	10:00	22776,69	22882,4	22758,3	22862,72	LONG	0,00167	5981,87	0,00451	HOLD	98,2349	126,3959
2022-08-03	11:00	22863,65	22901,94	22822,4	22831,56	LONG	0,00167	5981,87	0,00451	HOLD	98,2349	126,3438
2022-08-03	12:00	22831,56	22962,72	22802	22916,75	LONG	0,00167	5981,87	0,00451	HOLD	98,2349	126,4861
2022-08-03	13:00	22915,59	23074,86	22913,66	23043,44	LONG	0,00167	5981,87	0,00451	HOLD	98,2349	126,6977
2022-08-03	14:00	23044,99	23055	22954	22989,96	LONG	0,00167	5981,87	0,00451	HOLD	98,2349	126,6084
2022-08-03	15:00	22989,16	23300	22987,46	23294,8	LONG	0,00167	5981,87	0,00451	HOLD	98,2349	127,1175
2022-08-03	16:00	23293,27	23400	23286,24	23383,55	LONG	0,00167	5981,87	0,00451	HOLD	98,2349	127,2657
2022-08-03	17:00	23385,48	23453,35	23326,43	23410,54	LONG	0,00167	5981,87	0,00451	HOLD	98,2349	127,3107
2022-08-03	18:00	23410,53	23471,5	23291,07	23402,83	LONG	0,00167	5981,87	0,00451	HOLD	98,2349	127,2979
2022-08-03	19:00	23405,14	23647,68	23239,34	23264,69	LONG	0,00167	5981,87	0,00451	HOLD	98,2349	127,0672
2022-08-03	20:00	23263,57	23400	23229,28	23341,12	LONG	0,00167	5981,87	0,00451	HOLD	98,2349	127,1948
2022-08-03	21:00	23341,12	23430,19	23207,29	23301,49	LONG	0,00167	5981,87	0,00451	HOLD	98,2349	127,1286
2022-08-03	22:00	23300,01	23404,99	23257,95	23352,76	LONG	0,00167	5981,87	0,00451	HOLD	98,2349	127,2143
2022-08-03	23:00	23352,76	23528,17	23256,87	23440,93	LONG	0,00167	5981,87	0,00451	HOLD	98,2349	127,3615
2022-08-04	00:00	23440,93	23574,98	23400,61	23448,59	LONG	0,00167	5981,87	0,00451	HOLD	98,2349	127,3743
2022-08-04	01:00	23448,59	23531,46	23352,08	23487,95	LONG	0,00167	5981,87	0,00451	HOLD	98,2349	127,44
2022-08-04	02:00	23487,95	23541,85	23414,51	23462	LONG	0,00167	5981,87	0,00451	HOLD	98,2349	127,3967
2022-08-04	03:00	23460,51	23486,48	23245	23322,38	LONG	0,00167	5981,87	0,00451	HOLD	98,2349	127,1635
2022-08-04	04:00	23323,84	23367	23252	23267,83	LONG	0,00167	5981,87	0,00451	HOLD	98,2349	127,0724
2022-08-04	05:00	23267,83	23282	22876,85	22932,21	LONG	0,00167	5981,87	0,00451	HOLD	98,2349	126,5119
2022-08-04	06:00	22932,21	22934,61	22720	22818,37	LONG	0,00167	5981,87	0,00451	HOLD	98,2349	126,3218
2022-08-04	07:00	22816,91	23023,82	22791,46	23006,01	LONG	0,00167	5981,87	0,00451	HOLD	98,2349	126,6352
2022-08-04	08:00	23006	23223,32	22998,18	23141,21	LONG	0,00167	5981,87	0,00451	HOLD	98,2349	126,861
2022-08-04	09:00	23141,21	23192,44	23080	23134,92	LONG	0,00167	5981,87	0,00451	HOLD	98,2349	126,8505
2022-08-04	10:00	23133,45	23156	23028,09	23095,74	LONG	0,00167	5981,87	0,00451	HOLD	98,2349	126,785
2022-08-04	11:00	23095,74	23174,45	23066,16	23084,45	LONG	0,00167	5981,87	0,00451	HOLD	98,2349	126,7662
2022-08-04	12:00	23085,58	23150	23051,43	23123,82	LONG	0,00167	5981,87	0,00451	HOLD	98,2349	126,8319
2022-08-04	13:00	23122,44	23185,35	22815,35	22937,73	LONG	0,00167	5981,87	0,00451	HOLD	98,2349	126,5212
2022-08-04	14:00	22937,73	23030,92	22908,3	22947,92	LONG	0,00167	5981,87	0,00451	HOLD	98,2349	126,5382
2022-08-04	15:00	22947,92	22950	22767,86	22798,24	LONG	0,00167	5981,87	0,00451	HOLD	98,2349	126,2882
2022-08-04	16:00	22799,8	22909,67	22786,78	22870,1	LONG	0,00167	5981,87	0,00451	HOLD	98,2349	126,4082
2022-08-04	17:00	22868,67	22956,41	22819,6	22863,83	LONG	0,00167	5981,87	0,00451	HOLD	98,2349	126,3977
2022-08-04	18:00	22863,83	22924,07	22800	22885,01	LONG	0,00167	5981,87	0,00451	HOLD	98,2349	126,4331
2022-08-04	19:00	22885,01	22985,6	22750	22895,8	LONG	0,00167	5981,87	0,00451	HOLD	98,2349	126,4511
2022-08-04	20:00	22897,12	23148,99	22840	23029,09	LONG	0,00167	5981,87	0,00451	HOLD	98,2349	126,6737
2022-08-04	21:00	23027,6	23141	22785,06	22922,38	LONG	0,00167	5981,87	0,00451	HOLD	98,2349	126,4955
2022-08-04	22:00	22921,34	22953,68	22765,73	22931,68	LONG	0,00167	5981,87	0,00451	HOLD	98,2349	126,511
2022-08-04	23:00	22931,68	22980	22527	22587,5	LONG	0,00167	5981,87	0,00451	HOLD	98,2349	125,9363
2022-08-05	00:00	22585,47	22659,99	22550,57	22633,95	LONG	0,00167	5981,87	0,00451	HOLD	98,2349	126,0138
2022-08-05	01:00	22632,97	22719,99	22400	22539,02	LONG	0,00167	5981,87	0,00451	HOLD	98,2349	125,8553
2022-08-05	02:00	22541,68	22639,34	22427,27	22451,24	LONG	0,00167	5981,87	0,00451	HOLD	98,2349	125,7087
2022-08-05	03:00	22451,28	22555	22449,09	22511,22	LONG	0,00167	5981,87	0,00451	HOLD	98,2349	125,8089
2022-08-05	04:00	22511,22	22570,47	22481,7	22495,34	LONG	0,00167	5981,87	0,00451	HOLD	98,2349	125,7824
2022-08-05	05:00	22495,34	22639,77	22450	22622,52	LONG	0,00167	5981,87	0,00451	HOLD	98,2349	125,9948
2022-08-05	06:00	22622,52	22670	22570	22622,98	LONG	0,00167	5981,87	0,00451	HOLD	98,2349	125,9955
2022-08-05	07:00	22622,41	22682,65	22586,95	22632	LONG	0,00167	5981,87	0,00451	HOLD	98,2349	126,0106
2022-08-05	08:00	22632	22920,61	22627,24	22893,44	LONG	0,00167	5981,87	0,00451	HOLD	98,2349	126,4472
2022-08-05	09:00	22893,44	23115,38	22858,59	23044,91	LONG	0,00167	5981,87	0,00451	HOLD	98,2349	126,7001
2022-08-05	10:00	23044,91	23200	23040	23175,32	LONG	0,00167	5981,87	0,00451	HOLD	98,2349	126,9179
2022-08-05	11:00	23173,9	23247,84	23093,94	23152,02	LONG	0,00167	5981,87	0,00451	HOLD	98,2349	126,879
2022-08-05	12:00	23152,02	23228,59	23065,82	23189,78	LONG	0,00167	5981,87	0,00451	HOLD	98,2349	126,9421
2022-08-05	13:00	23189,77	23432,51	23188,9	23282,02	LONG	0,00167	5981,87	0,00451	HOLD	98,2349	127,0961
2022-08-05	14:00	23282,02	23299,27	23157,49	23186,08	LONG	0,00167	5981,87	0,00451	HOLD	98,2349	126,9359
2022-08-05	15:00	23185,08	23254,92	23095,17	23151,46	LONG	0,00167	5981,87	0,00451	HOLD	98,2349	126,8781
2022-08-05	16:00	23151,46	23189,66	23120,48	23132,21	LONG	0,00167	5981,87	0,00451	HOLD	98,2349	126,8459
2022-08-05	17:00	23132,21	23253,39	23105,47	23196,04	LONG	0,00167	5981,87	0,00451	HOLD	98,2349	126,9525
2022-08-05	18:00	23195,46	23441,1	23151,04	23405,13	LONG	0,00167	5981,87	0,00451	HOLD	98,2349	127,3017
2022-08-05	19:00	23403,67	23472,86	22921,25	23018,93	LONG	0,00167	5981,87	0,00451	HOLD	98,2349	126,6568
2022-08-05	20:00	23018,93	23101	22879,42	23054,81	LONG	0,00167	5981,87	0,00451	HOLD	98,2349	126,7167
2022-08-05	21:00	23053,25	23360	23022,5	23177,08	LONG	0,00167	5981,87	0,00451	HOLD	98,2349	126,9209
2022-08-05	22:00	23177,08	23204,64	22957,98	22988,25	LONG	0,00167	5981,87	0,00451	HOLD	98,2349	126,6055
2022-08-05	23:00	22988,26	23076,69	22900	23034,35	LONG	0,00167	5981,87	0,00451	HOLD	98,2349	126,6825
2022-08-06	00:00	23034,35	23104	22800	22828,26	LONG	0,00167	5981,87	0,00451	HOLD	98,2349	126,3383
2022-08-06	01:00	22828,26	22892,73	22754,13	22806,02	LONG	0,00167	5981,87	0,00451	HOLD	98,2349	126,3012
2022-08-06	02:00	22806,02	22957,51	22775,23	22932,83	LONG	0,00167	5981,87	0,00451	HOLD	98,2349	126,513
2022-08-06	03:00	22931,23	23004,34	22839,27	22983,39	LONG	0,00167	5981,87	0,00451	HOLD	98,2349	126,5974
2022-08-06	04:00	22981,3	23223,53	22980	23106,58	LONG	0,00167	5981,87	0,00451	HOLD	98,2349	126,8031
2022-08-06	05:00	23106,58	23281,98	23106,58	23243,41	LONG	0,00167	5981,87	0,00451	HOLD	98,2349	127,0316
2022-08-06	06:00	23244,67	23329	23154,7	23312,42	LONG	0,00167	5981,87	0,00451	HOLD	98,2349	127,1469
2022-08-06	07:00	23313,56	23354,36	23201,27	23264,97	LONG	0,00167	5981,87	0,00451	HOLD	98,2349	127,0676
2022-08-06	08:00	23264,97	23297	23187,62	23224,39	LONG	0,00167	5981,87	0,00451	HOLD	98,2349	126,9999
2022-08-06	09:00	23223,24	23288,52	23190,93	23266,26	LONG	0,00167	5981,87	0,00451	HOLD	98,2349	127,0698
2022-08-06	10:00	23266,22	23283,72	23152,42	23173,65	LONG	0,00167	5981,87	0,00451	HOLD	98,2349	126,9151
2022-08-06	11:00	23173,65	23227,71	23160,27	23208,23	LONG	0,00167	5981,87	0,00451	HOLD	98,2349	126,9729
2022-08-06	12:00	23209,9	23236,93	23141,22	23195,99	LONG	0,00167	5981,87	0,00451	HOLD	98,2349	126,9524
2022-08-06	13:00	23194,7	23211,2	23140,02	23187,74	LONG	0,00167	5981,87	0,00451	HOLD	98,2349	126,9387
2022-08-06	14:00	23187,19	23236,55	23166,29	23205,87	LONG	0,00167	5981,87	0,00451	HOLD	98,2349	126,9689
2022-08-06	15:00	23204,77	23258,61	23100	23151,86	LONG	0,00167	5981,87	0,00451	HOLD	98,2349	126,8787
2022-08-06	16:00	23153,33	23196,64	23135,9	23170,28	LONG	0,00167	5981,87	0,00451	HOLD	98,2349	126,9095
2022-08-06	17:00	23170,28	23213	23167,37	23179,51	LONG	0,00167	5981,87	0,00451	HOLD	98,2349	126,9249
2022-08-06	18:00	23179,5	23201,69	23150,95	23157,42	LONG	0,00167	5981,87	0,00451	HOLD	98,2349	126,888
2022-08-06	19:00	23157,42	23204,67	23153,59	23172,47	LONG	0,00167	5981,87	0,00451	HOLD	98,2349	126,9132
2022-08-06	20:00	23172,47	23236,49	23166,01	23188,74	LONG	0,00167	5981,87	0,00451	HOLD	98,2349	126,9403
2022-08-06	21:00	23189,9	23234,58	23172,2	23220,36	LONG	0,00167	5981,87	0,00451	HOLD	98,2349	126,9931
2022-08-06	22:00	23220,36	23232,22	23172,16	23202,21	LONG	0,00167	5981,87	0,00451	HOLD	98,2349	126,9628
2022-08-06	23:00	23201,18	23226,66	23143,04	23156,72	LONG	0,00167	5981,87	0,00451	HOLD	98,2349	126,8869
2022-08-07	00:00	23156,72	23256,37	22982,49	23128,83	LONG	0,00167	5981,87	0,00451	HOLD	98,2349	126,8403
2022-08-07	01:00	23130,69	23211,27	23083,69	23181,57	LONG	0,00167	5981,87	0,00451	HOLD	98,2349	126,9284
2022-08-07	02:00	23180,23	23205	23145,12	23185,12	LONG	0,00167	5981,87	0,00451	HOLD	98,2349	126,9343
2022-08-07	03:00	23186,32	23200	23103,03	23172,41	LONG	0,00167	5981,87	0,00451	HOLD	98,2349	126,9131
2022-08-07	04:00	23174,35	23207,65	23168	23178,84	LONG	0,00167	5981,87	0,00451	HOLD	98,2349	126,9238
2022-08-07	05:00	23178,84	23220	23147,45	23173,63	LONG	0,00167	5981,87	0,00451	HOLD	98,2349	126,9151
2022-08-07	06:00	23173,63	23174,97	22909,52	22954,21	LONG	0,00167	5981,87	0,00451	HOLD	98,2349	126,5487
2022-08-07	07:00	22954,21	23051,92	22844,62	22889,24	LONG	0,00167	5981,87	0,00451	HOLD	98,2349	126,4402
2022-08-07	08:00	22889,25	22938	22854,26	22911,34	LONG	0,00167	5981,87	0,00451	HOLD	98,2349	126,4771
2022-08-07	09:00	22910,32	23007,75	22903,6	22996,12	LONG	0,00167	5981,87	0,00451	HOLD	98,2349	126,6187
2022-08-07	10:00	22996,12	23042,31	22968,65	22990,1	LONG	0,00167	5981,87	0,00451	HOLD	98,2349	126,6086
2022-08-07	11:00	22990,1	23025	22938,47	22950,57	LONG	0,00167	5981,87	0,00451	HOLD	98,2349	126,5426
2022-08-07	12:00	22949,17	22998,93	22946,89	22969,39	LONG	0,00167	5981,87	0,00451	HOLD	98,2349	126,574
2022-08-07	13:00	22969,39	23020,44	22965,45	23005,76	LONG	0,00167	5981,87	0,00451	HOLD	98,2349	126,6348
2022-08-07	14:00	23005,2	23029,62	22990,49	23015,95	LONG	0,00167	5981,87	0,00451	HOLD	98,2349	126,6518
2022-08-07	15:00	23014,6	23025,95	22902,16	22924,9	LONG	0,00167	5981,87	0,00451	HOLD	98,2349	126,4997
2022-08-07	16:00	22924,9	22980,27	22890,52	22977,27	LONG	0,00167	5981,87	0,00451	HOLD	98,2349	126,5872
2022-08-07	17:00	22978,05	23013,82	22957,47	22999,48	LONG	0,00167	5981,87	0,00451	HOLD	98,2349	126,6243
2022-08-07	18:00	22998,69	23055	22961,99	23038,48	LONG	0,00167	5981,87	0,00451	HOLD	98,2349	126,6894
2022-08-07	19:00	23038,48	23151	23035	23115,02	LONG	0,00167	5981,87	0,00451	HOLD	98,2349	126,8172
2022-08-07	20:00	23115,02	23184,21	23115,02	23152,76	LONG	0,00167	5981,87	0,00451	HOLD	98,2349	126,8803
2022-08-07	21:00	23153,02	23172,84	23055,94	23119,59	LONG	0,00167	5981,87	0,00451	HOLD	98,2349	126,8249
2022-08-07	22:00	23118,57	23123,63	23010,84	23023,14	LONG	0,00167	5981,87	0,00451	HOLD	98,2349	126,6638
2022-08-07	23:00	23021,97	23137,29	22994	23093,7	LONG	0,00167	5981,87	0,00451	HOLD	98,2349	126,7816
2022-08-08	00:00	23093,13	23300	23090	23240,4	LONG	0,00167	5981,87	0,00451	HOLD	98,2349	127,0266
2022-08-08	01:00	23238,33	23287,26	23184,36	23215,6	LONG	0,00167	5981,87	0,00451	HOLD	98,2349	126,9852
2022-08-08	02:00	23214,59	23224,11	23141,48	23161,02	LONG	0,00167	5981,87	0,00451	HOLD	98,2349	126,894
2022-08-08	03:00	23162,46	23279,97	23151,63	23264,01	LONG	0,00167	5981,87	0,00451	HOLD	98,2349	127,066
2022-08-08	04:00	23264,01	23402	23262,02	23311,34	LONG	0,00167	5981,87	0,00451	HOLD	98,2349	127,1451
2022-08-08	05:00	23311,34	23323	23215,6	23244,63	LONG	0,00167	5981,87	0,00451	HOLD	98,2349	127,0337
2022-08-08	06:00	23244,63	23252,92	23051,71	23174,39	LONG	0,00167	5981,87	0,00451	HOLD	98,2349	126,9164
2022-08-08	07:00	23174,39	23350	23154,25	23264,25	LONG	0,00167	5981,87	0,00451	HOLD	98,2349	127,0664
2022-08-08	08:00	23262,89	23275,15	23162,98	23220,08	LONG	0,00167	5981,87	0,00451	HOLD	98,2349	126,9927
2022-08-08	09:00	23218,93	23328,72	23203,82	23302,44	LONG	0,00167	5981,87	0,00451	HOLD	98,2349	127,1302
2022-08-08	10:00	23303,17	23344	23254,36	23306,63	LONG	0,00167	5981,87	0,00451	HOLD	98,2349	127,1372
2022-08-08	11:00	23306,62	23359,76	23278,14	23341,39	LONG	0,00167	5981,87	0,00451	HOLD	98,2349	127,1953
2022-08-08	12:00	23341,39	23467	23331,32	23430,31	LONG	0,00167	5981,87	0,00451	HOLD	98,2349	127,3438
2022-08-08	13:00	23430,31	23792,86	23430,31	23729,49	LONG	0,00167	5981,87	0,00451	HOLD	98,2349	127,8434
2022-08-08	14:00	23729,49	23852,43	23682,07	23807,68	LONG	0,00167	5981,87	0,00451	HOLD	98,2349	127,974
2022-08-08	15:00	23807,53	24175,07	23771,01	24133,46	LONG	0,00167	5981,87	0,00451	HOLD	98,2349	128,518
2022-08-08	16:00	24133,46	24189,43	24056,11	24090,38	LONG	0,00167	5981,87	0,00451	HOLD	98,2349	128,4461
2022-08-08	17:00	24092,18	24120	24000	24061,06	LONG	0,00167	5981,87	0,00451	HOLD	98,2349	128,3971
2022-08-08	18:00	24059,74	24182,3	24013,28	24166,12	LONG	0,00167	5981,87	0,00451	HOLD	98,2349	128,5726
2022-08-08	19:00	24166,12	24245	24066,87	24122,21	LONG	0,00167	5981,87	0,00451	HOLD	98,2349	128,4992
2022-08-08	20:00	24122,21	24211,99	24007,55	24160,36	LONG	0,00167	5981,87	0,00451	HOLD	98,2349	128,5629
2022-08-08	21:00	24160,27	24222,61	24076,53	24145,76	LONG	0,00167	5981,87	0,00451	HOLD	98,2349	128,5386
2022-08-08	22:00	24147,52	24211,42	23892,57	23991,38	LONG	0,00167	5981,87	0,00451	HOLD	98,2349	128,2807
2022-08-08	23:00	23991,38	24011,93	23841,6	23939,66	LONG	0,00167	5981,87	0,00451	HOLD	98,2349	128,1944
2022-08-09	00:00	23939,66	23992,78	23901,22	23964,99	LONG	0,00167	5981,87	0,00451	HOLD	98,2349	128,2367
2022-08-09	01:00	23963,73	23982,23	23875,44	23917,89	LONG	0,00167	5981,87	0,00451	HOLD	98,2349	128,158
2022-08-09	02:00	23917,89	23957,63	23793,33	23926,83	LONG	0,00167	5981,87	0,00451	HOLD	98,2349	128,1729
2022-08-09	03:00	23926,84	24104,55	23908,96	24066,49	LONG	0,00167	5981,87	0,00451	HOLD	98,2349	128,4062
2022-08-09	04:00	24066,49	24068,31	23762,38	23850,33	LONG	0,00167	5981,87	0,00451	HOLD	98,2349	128,0452
2022-08-09	05:00	23850,33	23854,47	23670,88	23813,39	LONG	0,00167	5981,87	0,00451	HOLD	98,2349	127,9835
2022-08-09	06:00	23813,39	23922,7	23755,36	23810	LONG	0,00167	5981,87	0,00451	HOLD	98,2349	127,9778
2022-08-09	07:00	23810,98	23869,96	23727,95	23794	LONG	0,00167	5981,87	0,00451	HOLD	98,2349	127,9511
2022-08-09	08:00	23792,61	23839,16	23708,31	23733,96	LONG	0,00167	5981,87	0,00451	HOLD	98,2349	127,8509
2022-08-09	09:00	23732,97	23815,95	23626,87	23807,74	LONG	0,00167	5981,87	0,00451	HOLD	98,2349	127,9741
2022-08-09	10:00	23807,74	23849	23776,98	23828,96	LONG	0,00167	5981,87	0,00451	HOLD	98,2349	128,0095
2022-08-09	11:00	23828,98	23904,26	23792,11	23884,91	LONG	0,00167	5981,87	0,00451	HOLD	98,2349	128,1029
2022-08-09	12:00	23884,91	23933,25	23850	23873,74	LONG	0,00167	5981,87	0,00451	HOLD	98,2349	128,0843
2022-08-09	13:00	23873,74	23881,22	23754,51	23849,8	LONG	0,00167	5981,87	0,00451	HOLD	98,2349	128,0443
2022-08-09	14:00	23849,8	23906,78	23815,49	23878,12	LONG	0,00167	5981,87	0,00451	HOLD	98,2349	128,0916
2022-08-09	15:00	23878,12	23890,47	23768,04	23777,27	LONG	0,00167	5981,87	0,00451	HOLD	98,2349	127,9232
2022-08-09	16:00	23777,27	23829	23470	23472,62	LONG	0,00167	5981,87	0,00451	HOLD	98,2349	127,4144
2022-08-09	17:00	23472,62	23531,87	23336,15	23350,39	LONG	0,00167	5981,87	0,00451	HOLD	98,2349	127,2103
2022-08-09	18:00	23350,39	23414,35	23182,55	23263,92	LONG	0,00167	5981,87	0,00451	HOLD	98,2349	127,0659
2022-08-09	19:00	23263,34	23307,3	23200,27	23244,76	LONG	0,00167	5981,87	0,00451	HOLD	98,2349	127,0339
2022-08-09	20:00	23245,15	23327,07	23012,85	23068,42	LONG	0,00167	5981,87	0,00451	HOLD	98,2349	126,7394
2022-08-09	21:00	23068,42	23125,15	22865	23098,85	LONG	0,00167	5981,87	0,00451	HOLD	98,2349	126,7902
2022-08-09	22:00	23098,85	23157,89	23029,15	23075	LONG	0,00167	5981,87	0,00451	HOLD	98,2349	126,7504
2022-08-09	23:00	23075	23120	22988,09	23071,96	LONG	0,00167	5981,87	0,00451	HOLD	98,2349	126,7453
2022-08-10	00:00	23071,96	23132,11	22970	23053,98	LONG	0,00167	5981,87	0,00451	HOLD	98,2349	126,7153
2022-08-10	01:00	23053,98	23073,96	22986	23053,55	LONG	0,00167	5981,87	0,00451	HOLD	98,2349	126,7146
2022-08-10	02:00	23051,41	23098	23006	23053,82	LONG	0,00167	5981,87	0,00451	HOLD	98,2349	126,715
2022-08-10	03:00	23053,82	23184,97	23050	23137,35	LONG	0,00167	5981,87	0,00451	HOLD	98,2349	126,8545
2022-08-10	04:00	23137,35	23217,57	23123,47	23191,6	LONG	0,00167	5981,87	0,00451	HOLD	98,2349	126,9451
2022-08-10	05:00	23191,6	23265	23117,92	23170,32	LONG	0,00167	5981,87	0,00451	HOLD	98,2349	126,9096
2022-08-10	06:00	23170,32	23242,23	23133,31	23149,95	LONG	0,00167	5981,87	0,00451	HOLD	98,2349	126,8756
2022-08-10	07:00	23151,32	23151,32	22664,69	22771,87	LONG	0,00167	5981,87	0,00451	HOLD	98,2349	126,2442
2022-08-10	08:00	22771,87	22949,09	22761,11	22886,25	LONG	0,00167	5981,87	0,00451	HOLD	98,2349	126,4352
2022-08-10	09:00	22885,9	22924,4	22760	22913,53	LONG	0,00167	5981,87	0,00451	HOLD	98,2349	126,4807
2022-08-10	10:00	22913,53	22939,52	22850	22863,75	LONG	0,00167	5981,87	0,00451	HOLD	98,2349	126,3976
2022-08-10	11:00	22863,75	23004,52	22849,46	22943,35	LONG	0,00167	5981,87	0,00451	HOLD	98,2349	126,5305
2022-08-10	12:00	22941,32	22966,62	22880	22900,86	LONG	0,00167	5981,87	0,00451	HOLD	98,2349	126,4596
2022-08-10	13:00	22899,26	22954,92	22829,17	22936,65	LONG	0,00167	5981,87	0,00451	HOLD	98,2349	126,5193
2022-08-10	14:00	22936,65	23011,5	22923	22963,67	LONG	0,00167	5981,87	0,00451	HOLD	98,2349	126,5645
2022-08-10	15:00	22963,67	23139	22961,96	23103,3	LONG	0,00167	5981,87	0,00451	HOLD	98,2349	126,7977
2022-08-10	16:00	23103,3	23129,58	23025,49	23082,32	LONG	0,00167	5981,87	0,00451	HOLD	98,2349	126,7626
2022-08-10	17:00	23083,81	23091,18	22983,08	23064,45	LONG	0,00167	5981,87	0,00451	HOLD	98,2349	126,7328
2022-08-10	18:00	23063,68	23204	23047,49	23123,95	LONG	0,00167	5981,87	0,00451	HOLD	98,2349	126,8321
2022-08-10	19:00	23122,36	24056,22	23004,58	23985,18	LONG	0,00167	5981,87	0,00451	HOLD	98,2349	128,2704
2022-08-10	20:00	23983,92	24178	23852,83	24018,75	LONG	0,00167	5981,87	0,00451	HOLD	98,2349	128,3265
2022-08-10	21:00	24016,31	24082,2	23830,05	24002,48	LONG	0,00167	5981,87	0,00451	HOLD	98,2349	128,2993
2022-08-10	22:00	24003,48	24078	23917,52	23997,1	LONG	0,00167	5981,87	0,00451	HOLD	98,2349	128,2903
2022-08-10	23:00	23997,1	24092,52	23930,39	23960,18	LONG	0,00167	5981,87	0,00451	HOLD	98,2349	128,2286
2022-08-11	00:00	23960,18	23969,36	23826,5	23915,64	LONG	0,00167	5981,87	0,00451	HOLD	98,2349	128,1543
2022-08-11	01:00	23915,5	23931,25	23475,4	23598,15	LONG	0,00167	5981,87	0,00451	HOLD	98,2349	127,6241
2022-08-11	02:00	23599,87	23708,81	23539	23638,95	LONG	0,00167	5981,87	0,00451	HOLD	98,2349	127,6922
2022-08-11	03:00	23638,95	23938,86	23622,96	23893,94	LONG	0,00167	5981,87	0,00451	HOLD	98,2349	128,118
2022-08-11	04:00	23893,94	24226	23771,43	23958,64	LONG	0,00167	5981,87	0,00451	HOLD	98,2349	128,2261
2022-08-11	05:00	23957,96	24026,37	23803,35	23842,75	LONG	0,00167	5981,87	0,00451	HOLD	98,2349	128,0325
2022-08-11	06:00	23842,75	23967,61	23820,15	23954,05	LONG	0,00167	5981,87	0,00451	HOLD	98,2349	128,2184
2022-08-11	07:00	23954,05	24095,12	23912,39	24049,93	LONG	0,00167	5981,87	0,00451	HOLD	98,2349	128,3785
2022-08-11	08:00	24051,88	24491,22	24042,51	24436,84	LONG	0,00167	5981,87	0,00451	HOLD	98,2349	129,0247
2022-08-11	09:00	24438,33	24463,64	24195,23	24263,85	LONG	0,00167	5981,87	0,00451	HOLD	98,2349	128,7358
2022-08-11	10:00	24263,85	24379,46	24210,01	24324,38	LONG	0,00167	5981,87	0,00451	HOLD	98,2349	128,8369
2022-08-11	11:00	24324,37	24543,35	24287,47	24520,24	LONG	0,00167	5981,87	0,00451	HOLD	98,2349	129,1639
2022-08-11	12:00	24520,24	24660	24473,29	24559,66	LONG	0,00167	5981,87	0,00451	HOLD	98,2349	129,2298
2022-08-11	13:00	24558,36	24621,41	24478,01	24542,61	LONG	0,00167	5981,87	0,00451	HOLD	98,2349	129,2013
2022-08-11	14:00	24541,44	24745	24355,78	24431,88	LONG	0,00167	5981,87	0,00451	HOLD	98,2349	129,0164
2022-08-11	15:00	24431,88	24555,52	24345,08	24524,03	LONG	0,00167	5981,87	0,00451	HOLD	98,2349	129,1703
2022-08-11	16:00	24523,65	24538	24438	24441,13	LONG	0,00167	5981,87	0,00451	HOLD	98,2349	129,0318
2022-08-11	17:00	24441,13	24522,24	24381,23	24478,3	LONG	0,00167	5981,87	0,00451	HOLD	98,2349	129,0939
2022-08-11	18:00	24479,06	24685,2	24462,98	24559,37	LONG	0,00167	5981,87	0,00451	HOLD	98,2349	129,2293
2022-08-11	19:00	24559,37	24918,54	24531,05	24862,02	LONG	0,00167	5981,87	0,00451	HOLD	98,2349	129,7347
2022-08-11	20:00	24862,02	24880	24528,29	24731,75	LONG	0,00167	5981,87	0,00451	HOLD	98,2349	129,5172
2022-08-11	21:00	24731,75	24869,5	24425,63	24562,81	LONG	0,00167	5981,87	0,00451	HOLD	98,2349	129,235
2022-08-11	22:00	24564,56	24584,58	24280,18	24343,68	LONG	0,00167	5981,87	0,00451	HOLD	98,2349	128,8691
2022-08-11	23:00	24343,68	24416,5	24245	24339,41	LONG	0,00167	5981,87	0,00451	HOLD	98,2349	128,862
2022-08-12	00:00	24339,41	24418,5	24279,72	24342,78	LONG	0,00167	5981,87	0,00451	HOLD	98,2349	128,8676
2022-08-12	01:00	24342,78	24344,57	24081,22	24148,75	LONG	0,00167	5981,87	0,00451	HOLD	98,2349	128,5436
2022-08-12	02:00	24147,63	24229,29	24081,23	24221,81	LONG	0,00167	5981,87	0,00451	HOLD	98,2349	128,6656
2022-08-12	03:00	24222,73	24239,02	24037,58	24203,27	LONG	0,00167	5981,87	0,00451	HOLD	98,2349	128,6346
2022-08-12	04:00	24202,28	24334,46	24045	24183,29	LONG	0,00167	5981,87	0,00451	HOLD	98,2349	128,6012
2022-08-12	05:00	24183,3	24210	23890,67	23893,28	LONG	0,00167	5981,87	0,00451	HOLD	98,2349	128,1169
2022-08-12	06:00	23893,27	23962,11	23852,13	23934,39	LONG	0,00167	5981,87	0,00451	HOLD	98,2349	128,1856
2022-08-12	07:00	23933,09	24009,67	23761,84	23964,37	LONG	0,00167	5981,87	0,00451	HOLD	98,2349	128,2356
2022-08-12	08:00	23965,31	24000	23853,65	23906,32	LONG	0,00167	5981,87	0,00451	HOLD	98,2349	128,1387
2022-08-12	09:00	23906,32	24097,97	23795,41	24011,51	LONG	0,00167	5981,87	0,00451	HOLD	98,2349	128,3144
2022-08-12	10:00	24011,51	24070,44	23940	24010,11	LONG	0,00167	5981,87	0,00451	HOLD	98,2349	128,312
2022-08-12	11:00	24011,25	24048,61	23911,12	23931,99	LONG	0,00167	5981,87	0,00451	HOLD	98,2349	128,1816
2022-08-12	12:00	23930,73	24060	23925,36	23949,96	LONG	0,00167	5981,87	0,00451	HOLD	98,2349	128,2116
2022-08-12	13:00	23949,96	23990	23880	23952,26	LONG	0,00167	5981,87	0,00451	HOLD	98,2349	128,2154
2022-08-12	14:00	23953,22	23985,41	23907,29	23960,99	LONG	0,00167	5981,87	0,00451	HOLD	98,2349	128,23
2022-08-12	15:00	23960,99	23999,7	23910,48	23920,97	LONG	0,00167	5981,87	0,00451	HOLD	98,2349	128,1632
2022-08-12	16:00	23920,18	24143	23900	23983,42	LONG	0,00167	5981,87	0,00451	HOLD	98,2349	128,2675
2022-08-12	17:00	23983,42	24001,17	23707,31	23747,98	LONG	0,00167	5981,87	0,00451	HOLD	98,2349	127,8743
2022-08-12	18:00	23749,73	23813,38	23583	23672,99	LONG	0,00167	5981,87	0,00451	HOLD	98,2349	127,749
2022-08-12	19:00	23672,98	23807,56	23653,66	23782,64	LONG	0,00167	5981,87	0,00451	HOLD	98,2349	127,9322
2022-08-12	20:00	23782,64	23900	23721,2	23829,49	LONG	0,00167	5981,87	0,00451	HOLD	98,2349	128,0104
2022-08-12	21:00	23828,98	23873,34	23704,78	23814,72	LONG	0,00167	5981,87	0,00451	HOLD	98,2349	127,9857
2022-08-12	22:00	23814,72	24012,21	23802,92	23980,66	LONG	0,00167	5981,87	0,00451	HOLD	98,2349	128,2628
2022-08-12	23:00	23979,58	24085,17	23952,03	23990,84	LONG	0,00167	5981,87	0,00451	HOLD	98,2349	128,2798
2022-08-13	00:00	23989,52	24053,51	23979	24009,06	LONG	0,00167	5981,87	0,00451	HOLD	98,2349	128,3103
2022-08-13	01:00	24009,06	24271,58	23980,3	24124,64	LONG	0,00167	5981,87	0,00451	HOLD	98,2349	128,5033
2022-08-13	02:00	24124,64	24256,79	24119,69	24177,57	LONG	0,00167	5981,87	0,00451	HOLD	98,2349	128,5917
2022-08-13	03:00	24177,57	24286,61	24048,29	24225,2	LONG	0,00167	5981,87	0,00451	HOLD	98,2349	128,6712
2022-08-13	04:00	24225,2	24247,68	24091,78	24114,68	LONG	0,00167	5981,87	0,00451	HOLD	98,2349	128,4867
2022-08-13	05:00	24115,61	24249,55	24073,97	24239,17	LONG	0,00167	5981,87	0,00451	HOLD	98,2349	128,6946
2022-08-13	06:00	24239,13	24456,5	24202,48	24403,68	LONG	0,00167	5981,87	0,00451	HOLD	98,2349	128,9693
2022-08-13	07:00	24401,7	24495,08	24334,37	24485,12	LONG	0,00167	5981,87	0,00451	HOLD	98,2349	129,1053
2022-08-13	08:00	24483,47	24600,02	24437,59	24554,47	LONG	0,00167	5981,87	0,00451	HOLD	98,2349	129,2211
2022-08-13	09:00	24555,04	24696	24513,26	24681,25	LONG	0,00167	5981,87	0,00451	HOLD	98,2349	129,4328
2022-08-13	10:00	24681,25	24811,24	24597,05	24796,53	LONG	0,00167	5981,87	0,00451	HOLD	98,2349	129,6253
2022-08-13	11:00	24796,53	24839,95	24694	24731,22	LONG	0,00167	5981,87	0,00451	HOLD	98,2349	129,5163
2022-08-13	12:00	24731,22	24750,01	24653,51	24710,86	LONG	0,00167	5981,87	0,00451	HOLD	98,2349	129,4823
2022-08-13	13:00	24711,58	24888	24602,92	24651,64	LONG	0,00167	5981,87	0,00451	HOLD	98,2349	129,3834
2022-08-13	14:00	24651,64	24705,82	24552,13	24572,12	LONG	0,00167	5981,87	0,00451	HOLD	98,2349	129,2506
2022-08-13	15:00	24574,03	24653,48	24364,59	24404,68	LONG	0,00167	5981,87	0,00451	HOLD	98,2349	128,971
2022-08-13	16:00	24404,68	24648,95	24356,11	24584,04	LONG	0,00167	5981,87	0,00451	HOLD	98,2349	129,2705
2022-08-13	17:00	24584,04	24602,88	24413,13	24498,92	LONG	0,00167	5981,87	0,00451	HOLD	98,2349	129,1283
2022-08-13	18:00	24499,88	24505,98	24291,22	24435,91	LONG	0,00167	5981,87	0,00451	HOLD	98,2349	129,0231
2022-08-13	19:00	24435,91	24477	24300	24441,92	LONG	0,00167	5981,87	0,00451	HOLD	98,2349	129,0331
2022-08-13	20:00	24443,41	24528,25	24412,22	24461,56	LONG	0,00167	5981,87	0,00451	HOLD	98,2349	129,0659
2022-08-13	21:00	24461,56	24532,59	24422,34	24470,51	LONG	0,00167	5981,87	0,00451	HOLD	98,2349	129,0809
2022-08-13	22:00	24470,51	24600,88	24439	24512,66	LONG	0,00167	5981,87	0,00451	HOLD	98,2349	129,1513
2022-08-13	23:00	24512,66	24563,98	24451,22	24482,84	LONG	0,00167	5981,87	0,00451	HOLD	98,2349	129,1015
2022-08-14	00:00	24482,78	24578,2	24459,57	24572,21	LONG	0,00167	5981,87	0,00451	HOLD	98,2349	129,2507
2022-08-14	01:00	24570,63	24593,37	24393,89	24453,92	LONG	0,00167	5981,87	0,00451	HOLD	98,2349	129,0532
2022-08-14	02:00	24452,1	24497,48	24336,16	24398,56	LONG	0,00167	5981,87	0,00451	HOLD	98,2349	128,9607
2022-08-14	03:00	24398,56	24506,1	24319,09	24486,13	LONG	0,00167	5981,87	0,00451	HOLD	98,2349	129,107
2022-08-14	04:00	24484,91	24545	24455,7	24498,46	LONG	0,00167	5981,87	0,00451	HOLD	98,2349	129,1276
2022-08-14	05:00	24498,46	24525,7	24384,1	24387,08	LONG	0,00167	5981,87	0,00451	HOLD	98,2349	128,9416
2022-08-14	06:00	24386,27	24495	24360	24441,38	LONG	0,00167	5981,87	0,00451	HOLD	98,2349	129,0322
2022-08-14	07:00	24443,06	24518,06	24343,3	24510,36	LONG	0,00167	5981,87	0,00451	HOLD	98,2349	129,1474
2022-08-14	08:00	24511,39	24640	24407,37	24586,3	LONG	0,00167	5981,87	0,00451	HOLD	98,2349	129,2743
2022-08-14	09:00	24584,79	24615,36	24500,16	24595,77	LONG	0,00167	5981,87	0,00451	HOLD	98,2349	129,2901
2022-08-14	10:00	24595,77	24625	24538,85	24570,02	LONG	0,00167	5981,87	0,00451	HOLD	98,2349	129,2471
2022-08-14	11:00	24570,33	24641,97	24500	24567,47	LONG	0,00167	5981,87	0,00451	HOLD	98,2349	129,2428
2022-08-14	12:00	24567,46	24619,14	24522,74	24588,64	LONG	0,00167	5981,87	0,00451	HOLD	98,2349	129,2782
2022-08-14	13:00	24588,64	24680,85	24582,43	24676,74	LONG	0,00167	5981,87	0,00451	HOLD	98,2349	129,4253
2022-08-14	14:00	24676,73	25047,56	24666,12	24873,32	LONG	0,00167	5981,87	0,00451	HOLD	98,2349	129,7536
2022-08-14	15:00	24873,32	24883,24	24594,83	24657,09	LONG	0,00167	5981,87	0,00451	HOLD	98,2349	129,3925
2022-08-14	16:00	24655,85	24795,36	24623,09	24751,31	LONG	0,00167	5981,87	0,00451	HOLD	98,2349	129,5498
2022-08-14	17:00	24751,31	24752,17	24603,01	24621,34	LONG	0,00167	5981,87	0,00451	HOLD	98,2349	129,3328
2022-08-14	18:00	24619,98	24676,92	24524,32	24564,49	LONG	0,00167	5981,87	0,00451	HOLD	98,2349	129,2378
2022-08-14	19:00	24564,5	24593,43	24470,74	24527,46	LONG	0,00167	5981,87	0,00451	HOLD	98,2349	129,176
2022-08-14	20:00	24527,48	24534,04	24400	24477,07	LONG	0,00167	5981,87	0,00451	HOLD	98,2349	129,0918
2022-08-14	21:00	24475,67	24532,5	24460,12	24514,5	LONG	0,00167	5981,87	0,00451	HOLD	98,2349	129,1544
2022-08-14	22:00	24514,5	24540	24466,04	24524,54	LONG	0,00167	5981,87	0,00451	HOLD	98,2349	129,1711
2022-08-14	23:00	24525,51	24568,74	24302,5	24311,45	LONG	0,00167	5981,87	0,00451	HOLD	98,2349	128,8153
