2023-03-11	08:00	20215,53	20686,51	20215,5	20586,75	LONG	0,00167	5981,87	0,00451	HOLD	98,2349	122,595
2023-03-11	09:00	20586,75	20640,11	20374,07	20492,43	LONG	0,00167	5981,87	0,00451	HOLD	98,2349	122,4375
2023-03-11	10:00	20491,36	20502,75	20315,01	20393,88	LONG	0,00167	5981,87	0,00451	HOLD	98,2349	122,2729
2023-03-11	11:00	20393,89	20414,81	20271,23	20339,7	LONG	0,00167	5981,87	0,00451	HOLD	98,2349	122,1824
2023-03-11	12:00	20339,69	20435,43	20307,45	20391,39	LONG	0,00167	5981,87	0,00451	HOLD	98,2349	122,2688
2023-03-11	13:00	20391,4	20408,46	20200	20284,61	LONG	0,00167	5981,87	0,00451	HOLD	98,2349	122,0904
2023-03-11	14:00	20283,9	20320,77	19823,82	19850,81	LONG	0,00167	5981,87	0,00451	HOLD	98,2349	121,366
2023-03-11	15:00	19850,81	20208,36	19765,03	20071,82	LONG	0,00167	5981,87	0,00451	HOLD	98,2349	121,7351
2023-03-11	16:00	20071,82	20147,15	19955,43	20092,78	LONG	0,00167	5981,87	0,00451	HOLD	98,2349	121,7701
2023-03-11	17:00	20092,78	20160,15	19997,5	20036,75	LONG	0,00167	5981,87	0,00451	HOLD	98,2349	121,6765
2023-03-11	18:00	20035,98	20107,99	19971,71	20086,07	LONG	0,00167	5981,87	0,00451	HOLD	98,2349	121,7589
2023-03-11	19:00	20086,07	20129,06	20030	20031,65	LONG	0,00167	5981,87	0,00451	HOLD	98,2349	121,668
2023-03-11	20:00	20032,41	20143,93	20030,01	20078,23	LONG	0,00167	5981,87	0,00451	HOLD	98,2349	121,7458
2023-03-11	21:00	20077,14	20205,46	20072,82	20112,33	LONG	0,00167	5981,87	0,00451	HOLD	98,2349	121,8027
2023-03-11	22:00	20113,14	20147	20040,77	20061,98	LONG	0,00167	5981,87	0,00451	HOLD	98,2349	121,7186
2023-03-11	23:00	20062,77	20104,61	19992,24	20091,11	LONG	0,00167	5981,87	0,00451	HOLD	98,2349	121,7673
2023-03-12	00:00	20091,75	20331,44	20066	20246,92	LONG	0,00167	5981,87	0,00451	HOLD	98,2349	122,0275
2023-03-12	01:00	20245,48	20324,21	20197,64	20226,72	LONG	0,00167	5981,87	0,00451	HOLD	98,2349	121,9938
2023-03-12	02:00	20227,46	20252,88	20145,01	20220,96	LONG	0,00167	5981,87	0,00451	HOLD	98,2349	121,9841
2023-03-12	03:00	20220,98	20456	20214,63	20349,4	LONG	0,00167	5981,87	0,00451	HOLD	98,2349	122,1986
2023-03-12	04:00	20349,4	20364,49	20280	20353,91	LONG	0,00167	5981,87	0,00451	HOLD	98,2349	122,2062
2023-03-12	05:00	20353,91	20450	20300	20333,55	LONG	0,00167	5981,87	0,00451	HOLD	98,2349	122,1722
2023-03-12	06:00	20332,53	20529,91	20330,41	20455,73	LONG	0,00167	5981,87	0,00451	HOLD	98,2349	122,3762
2023-03-12	07:00	20455,73	20502,46	20342,69	20453,41	LONG	0,00167	5981,87	0,00451	HOLD	98,2349	122,3723
2023-03-12	08:00	20453,41	20483,89	20380	20419,33	LONG	0,00167	5981,87	0,00451	HOLD	98,2349	122,3154
2023-03-12	09:00	20419,33	20430,66	20303,53	20377,2	LONG	0,00167	5981,87	0,00451	HOLD	98,2349	122,2451
2023-03-12	10:00	20377,21	20464,91	20351,13	20376,46	LONG	0,00167	5981,87	0,00451	HOLD	98,2349	122,2438
2023-03-12	11:00	20376,47	20403,03	20325,32	20386,99	LONG	0,00167	5981,87	0,00451	HOLD	98,2349	122,2614
2023-03-12	12:00	20386,3	20440,8	20350,02	20354,68	LONG	0,00167	5981,87	0,00451	HOLD	98,2349	122,2075
2023-03-12	13:00	20354,68	20383,17	20318	20331,8	LONG	0,00167	5981,87	0,00451	HOLD	98,2349	122,1692
2023-03-12	14:00	20331,2	20374,08	20270,6	20346,71	LONG	0,00167	5981,87	0,00451	HOLD	98,2349	122,1941
2023-03-12	15:00	20346,71	20395	20333,8	20376,88	LONG	0,00167	5981,87	0,00451	HOLD	98,2349	122,2445
2023-03-12	16:00	20376,83	20432,56	20362,64	20382,18	LONG	0,00167	5981,87	0,00451	HOLD	98,2349	122,2534
2023-03-12	17:00	20382,73	20448,82	20365,08	20425,93	LONG	0,00167	5981,87	0,00451	HOLD	98,2349	122,3264
2023-03-12	18:00	20425,93	20497,34	20416,02	20445,43	LONG	0,00167	5981,87	0,00451	HOLD	98,2349	122,359
2023-03-12	19:00	20445,56	20446,7	20317,39	20381,25	LONG	0,00167	5981,87	0,00451	HOLD	98,2349	122,2518
2023-03-12	20:00	20380,62	20466	20369	20383,95	LONG	0,00167	5981,87	0,00451	HOLD	98,2349	122,2563
2023-03-12	21:00	20383,95	20406,75	20327,59	20339,55	LONG	0,00167	5981,87	0,00451	HOLD	98,2349	122,1822
2023-03-12	22:00	20338,28	20411,8	20284,39	20358,96	LONG	0,00167	5981,87	0,00451	HOLD	98,2349	122,2146
2023-03-12	23:00	20359,59	20419	20341,85	20389,55	LONG	0,00167	5981,87	0,00451	HOLD	98,2349	122,2657
2023-03-13	00:00	20390,15	20857,62	20373,13	20785,52	LONG	0,00167	5981,87	0,00451	HOLD	98,2349	122,927
2023-03-13	01:00	20786,52	21331,75	20692,01	21076,45	LONG	0,00167	5981,87	0,00451	HOLD	98,2349	123,4128
2023-03-13	02:00	21075,05	21224,99	20735,19	20779,54	LONG	0,00167	5981,87	0,00451	HOLD	98,2349	122,917
2023-03-13	03:00	20779,54	21361,57	20755,76	21259,02	LONG	0,00167	5981,87	0,00451	HOLD	98,2349	123,7177
2023-03-13	04:00	21257,96	21291,21	21136,15	21272,4	LONG	0,00167	5981,87	0,00451	HOLD	98,2349	123,7401
2023-03-13	05:00	21272,82	21903	21100,69	21702,38	LONG	0,00167	5981,87	0,00451	HOLD	98,2349	124,4581
2023-03-13	06:00	21703,97	22150	21602	21997,11	LONG	0,00167	5981,87	0,00451	HOLD	98,2349	124,9503
2023-03-13	07:00	21998,05	22600	21860,74	22446,02	LONG	0,00167	5981,87	0,00451	HOLD	98,2349	125,7
2023-03-13	08:00	22448,97	22478,4	22250,37	22294,1	LONG	0,00167	5981,87	0,00451	HOLD	98,2349	125,4463
2023-03-13	09:00	22295,4	22356,8	22066,4	22182,01	LONG	0,00167	5981,87	0,00451	HOLD	98,2349	125,2591
2023-03-13	10:00	22182,65	22282,4	22114,39	22231,62	LONG	0,00167	5981,87	0,00451	HOLD	98,2349	125,3419
2023-03-13	11:00	22232,76	22459,62	22222,88	22320,07	LONG	0,00167	5981,87	0,00451	HOLD	98,2349	125,4897
2023-03-13	12:00	22320,07	22402,29	22285,3	22397,11	LONG	0,00167	5981,87	0,00451	HOLD	98,2349	125,6183
2023-03-13	13:00	22397,11	22506	22245	22381,9	LONG	0,00167	5981,87	0,00451	HOLD	98,2349	125,5929
2023-03-13	14:00	22381,11	22495	22319,06	22458,72	LONG	0,00167	5981,87	0,00451	HOLD	98,2349	125,7212
2023-03-13	15:00	22458,87	22539,64	22170,75	22191,1	LONG	0,00167	5981,87	0,00451	HOLD	98,2349	125,2743
2023-03-13	16:00	22191,11	22262,35	21813,88	21963,37	LONG	0,00167	5981,87	0,00451	HOLD	98,2349	124,894
2023-03-13	17:00	21961,74	22177	21816,67	22124,51	LONG	0,00167	5981,87	0,00451	HOLD	98,2349	125,1631
2023-03-13	18:00	22125,45	22220	22017	22106,64	LONG	0,00167	5981,87	0,00451	HOLD	98,2349	125,1332
2023-03-13	19:00	22106,63	22156,17	21959	22130,32	LONG	0,00167	5981,87	0,00451	HOLD	98,2349	125,1728
2023-03-13	20:00	22130,32	22590	22127,87	22479,64	LONG	0,00167	5981,87	0,00451	HOLD	98,2349	125,7561
2023-03-13	21:00	22479,64	23560,16	22400	23484,63	LONG	0,00167	5981,87	0,00451	HOLD	98,2349	127,4345
2023-03-13	22:00	23484,64	24500	23461,55	23981,72	LONG	0,00167	5981,87	0,00451	HOLD	98,2349	128,2646
2023-03-13	23:00	23981,72	24203,92	23755	23955,16	LONG	0,00167	5981,87	0,00451	HOLD	98,2349	128,2203
2023-03-14	00:00	23954,14	24174,95	23821,42	24109,1	LONG	0,00167	5981,87	0,00451	HOLD	98,2349	128,4773
2023-03-14	01:00	24109,7	24304,56	23978,74	24256,15	LONG	0,00167	5981,87	0,00451	HOLD	98,2349	128,7229
2023-03-14	02:00	24257,37	24393,83	24105	24279,91	LONG	0,00167	5981,87	0,00451	HOLD	98,2349	128,7626
2023-03-14	03:00	24277,25	24311,99	24054	24134,11	LONG	0,00167	5981,87	0,00451	HOLD	98,2349	128,5191
2023-03-14	04:00	24135,78	24215	24040,28	24085,04	LONG	0,00167	5981,87	0,00451	HOLD	98,2349	128,4372
2023-03-14	05:00	24083,58	24232,29	24082,09	24201,15	LONG	0,00167	5981,87	0,00451	HOLD	98,2349	128,6311
2023-03-14	06:00	24202,45	24214,18	23938	24113,48	LONG	0,00167	5981,87	0,00451	HOLD	98,2349	128,4847
2023-03-14	07:00	24112,27	24249,8	23986,02	24166,31	LONG	0,00167	5981,87	0,00451	HOLD	98,2349	128,5729
2023-03-14	08:00	24165,37	24441,48	24112,01	24402,53	LONG	0,00167	5981,87	0,00451	HOLD	98,2349	128,9674
2023-03-14	09:00	24403,42	24496,41	24251,01	24274,69	LONG	0,00167	5981,87	0,00451	HOLD	98,2349	128,7539
2023-03-14	10:00	24275,95	24409,9	24220,7	24374,2	LONG	0,00167	5981,87	0,00451	HOLD	98,2349	128,9201
2023-03-14	11:00	24375,68	24432,1	24322,46	24414,06	LONG	0,00167	5981,87	0,00451	HOLD	98,2349	128,9866
2023-03-14	12:00	24414,9	24820	24188,4	24317,8	LONG	0,00167	5981,87	0,00451	HOLD	98,2349	128,8259
2023-03-14	13:00	24317,8	24437,31	24284,42	24325,38	LONG	0,00167	5981,87	0,00451	HOLD	98,2349	128,8385
2023-03-14	14:00	24325,38	24403,6	24139,06	24247,64	LONG	0,00167	5981,87	0,00451	HOLD	98,2349	128,7087
2023-03-14	15:00	24246,75	24290,74	24118,28	24219,61	LONG	0,00167	5981,87	0,00451	HOLD	98,2349	128,6619
2023-03-14	16:00	24219,61	24287,27	24150	24280,22	LONG	0,00167	5981,87	0,00451	HOLD	98,2349	128,7631
2023-03-14	17:00	24280,74	24621,16	24247,82	24569,36	LONG	0,00167	5981,87	0,00451	HOLD	98,2349	129,246
2023-03-14	18:00	24568,41	24820	24443,1	24743,04	LONG	0,00167	5981,87	0,00451	HOLD	98,2349	129,536
2023-03-14	19:00	24743,05	26025	24458,04	25832,57	LONG	0,00167	5981,87	0,00451	HOLD	98,2349	131,3555
2023-03-14	20:00	25832,57	26386,87	25588	25759,64	LONG	0,00167	5981,87	0,00451	HOLD	98,2349	131,2337
2023-03-14	21:00	25762,88	26140	25633,88	25815,75	LONG	0,00167	5981,87	0,00451	HOLD	98,2349	131,3274
2023-03-14	22:00	25819,65	25959,27	25770	25894,67	LONG	0,00167	5981,87	0,00451	HOLD	98,2349	131,4592
2023-03-14	23:00	25894,67	26001,81	25715,63	25867,21	LONG	0,00167	5981,87	0,00451	HOLD	98,2349	131,4134
2023-03-15	00:00	25868,5	25889	25601,4	25628,25	LONG	0,00167	5981,87	0,00451	HOLD	98,2349	131,0143
2023-03-15	01:00	25629,32	25650,37	24850,82	24990,18	LONG	0,00167	5981,87	0,00451	HOLD	98,2349	129,9487
2023-03-15	02:00	24987,84	25160	24212,49	25054,15	LONG	0,00167	5981,87	0,00451	HOLD	98,2349	130,0556
2023-03-15	03:00	25048,39	25167,9	24487,9	24570,06	LONG	0,00167	5981,87	0,00451	HOLD	98,2349	129,2471
2023-03-15	04:00	24570,06	24628,88	23976,42	24535,95	LONG	0,00167	5981,87	0,00451	HOLD	98,2349	129,1902
2023-03-15	05:00	24536,99	24790	24388	24698,39	LONG	0,00167	5981,87	0,00451	HOLD	98,2349	129,4615
2023-03-15	06:00	24698,39	24777,87	24603,43	24670,41	LONG	0,00167	5981,87	0,00451	HOLD	98,2349	129,4147
2023-03-15	07:00	24670,41	24742,29	24284,6	24720,06	LONG	0,00167	5981,87	0,00451	HOLD	98,2349	129,4976
2023-03-15	08:00	24722,48	25074,24	24650,4	24906,01	LONG	0,00167	5981,87	0,00451	HOLD	98,2349	129,8082
2023-03-15	09:00	24906	24971,22	24797,04	24827,89	LONG	0,00167	5981,87	0,00451	HOLD	98,2349	129,6777
2023-03-15	10:00	24826,9	24855	24642,63	24717,65	LONG	0,00167	5981,87	0,00451	HOLD	98,2349	129,4936
2023-03-15	11:00	24716,87	24816,66	24666,57	24799,9	LONG	0,00167	5981,87	0,00451	HOLD	98,2349	129,631
2023-03-15	12:00	24799,9	24873,8	24672,83	24699,71	LONG	0,00167	5981,87	0,00451	HOLD	98,2349	129,4637
2023-03-15	13:00	24700,61	24847,49	24599	24781,98	LONG	0,00167	5981,87	0,00451	HOLD	98,2349	129,601
2023-03-15	14:00	24780,59	24918,59	24711,5	24871,28	LONG	0,00167	5981,87	0,00451	HOLD	98,2349	129,7502
2023-03-15	15:00	24872,54	24922,22	24750,41	24754,7	LONG	0,00167	5981,87	0,00451	HOLD	98,2349	129,5555
2023-03-15	16:00	24754,7	24785	24462,19	24516,74	LONG	0,00167	5981,87	0,00451	HOLD	98,2349	129,1581
2023-03-15	17:00	24514,84	24648,1	24385,83	24538,14	LONG	0,00167	5981,87	0,00451	HOLD	98,2349	129,1938
2023-03-15	18:00	24539,68	24817,53	24255	24754,5	LONG	0,00167	5981,87	0,00451	HOLD	98,2349	129,5552
2023-03-15	19:00	24753,27	25196,97	24405,38	24808,12	LONG	0,00167	5981,87	0,00451	HOLD	98,2349	129,6447
2023-03-15	20:00	24808,12	25128	24708,89	24777,01	LONG	0,00167	5981,87	0,00451	HOLD	98,2349	129,5927
2023-03-15	21:00	24777,01	24952,35	24429,64	24706,61	LONG	0,00167	5981,87	0,00451	HOLD	98,2349	129,4752
2023-03-15	22:00	24706,61	24819,92	24371,6	24471,01	LONG	0,00167	5981,87	0,00451	HOLD	98,2349	129,0817
2023-03-15	23:00	24471,01	24523	24060,35	24104,69	LONG	0,00167	5981,87	0,00451	HOLD	98,2349	128,47
2023-03-16	00:00	24102,12	24360	23896,95	24281,86	LONG	0,00167	5981,87	0,00451	HOLD	98,2349	128,7658
2023-03-16	01:00	24280,33	24512,38	24139,73	24409,25	LONG	0,00167	5981,87	0,00451	HOLD	98,2349	128,9786
2023-03-16	02:00	24410,66	24479,9	24155,04	24366,71	LONG	0,00167	5981,87	0,00451	HOLD	98,2349	128,9075
2023-03-16	03:00	24369,97	24430	24229,68	24318,56	LONG	0,00167	5981,87	0,00451	HOLD	98,2349	128,8271
2023-03-16	04:00	24317,04	24450	24286,06	24422,31	LONG	0,00167	5981,87	0,00451	HOLD	98,2349	129,0004
2023-03-16	05:00	24422,31	24633,02	24273,75	24361,12	LONG	0,00167	5981,87	0,00451	HOLD	98,2349	128,8982
2023-03-16	06:00	24362,78	24443,05	24223	24285,66	LONG	0,00167	5981,87	0,00451	HOLD	98,2349	128,7722
2023-03-16	07:00	24285,66	24384,12	24144,87	24202,64	LONG	0,00167	5981,87	0,00451	HOLD	98,2349	128,6336
2023-03-16	08:00	24201,11	24344,36	24123	24322,5	LONG	0,00167	5981,87	0,00451	HOLD	98,2349	128,8337
2023-03-16	09:00	24322,5	24439,8	24301,59	24362,64	LONG	0,00167	5981,87	0,00451	HOLD	98,2349	128,9008
2023-03-16	10:00	24363,88	24382,95	24231,1	24265,43	LONG	0,00167	5981,87	0,00451	HOLD	98,2349	128,7384
2023-03-16	11:00	24265,44	24313,72	24182	24262,65	LONG	0,00167	5981,87	0,00451	HOLD	98,2349	128,7338
2023-03-16	12:00	24263,36	24461,04	24228	24342,8	LONG	0,00167	5981,87	0,00451	HOLD	98,2349	128,8676
2023-03-16	13:00	24342,8	24599,96	24336,35	24568,74	LONG	0,00167	5981,87	0,00451	HOLD	98,2349	129,2449
2023-03-16	14:00	24568,76	24685	24527,51	24614,27	LONG	0,00167	5981,87	0,00451	HOLD	98,2349	129,321
2023-03-16	15:00	24615,79	24660,49	24555	24581,1	LONG	0,00167	5981,87	0,00451	HOLD	98,2349	129,2656
2023-03-16	16:00	24581,1	24848,88	24374,35	24658,21	LONG	0,00167	5981,87	0,00451	HOLD	98,2349	129,3944
2023-03-16	17:00	24658,21	25066,32	24567,43	24930,23	LONG	0,00167	5981,87	0,00451	HOLD	98,2349	129,8486
2023-03-16	18:00	24930,23	24935,2	24724,57	24824,62	LONG	0,00167	5981,87	0,00451	HOLD	98,2349	129,6723
2023-03-16	19:00	24826,33	24913,35	24646	24720,18	LONG	0,00167	5981,87	0,00451	HOLD	98,2349	129,4978
2023-03-16	20:00	24720,18	24850	24515,23	24832,09	LONG	0,00167	5981,87	0,00451	HOLD	98,2349	129,6847
2023-03-16	21:00	24832,09	25032,74	24678,57	24846,64	LONG	0,00167	5981,87	0,00451	HOLD	98,2349	129,709
2023-03-16	22:00	24846,64	24939,45	24752,03	24888,44	LONG	0,00167	5981,87	0,00451	HOLD	98,2349	129,7788
2023-03-16	23:00	24889,94	24918,95	24690	24780,79	LONG	0,00167	5981,87	0,00451	HOLD	98,2349	129,5991
2023-03-17	00:00	24779,02	24810	24620	24684,98	LONG	0,00167	5981,87	0,00451	HOLD	98,2349	129,4391
2023-03-17	01:00	24684,94	24831	24620	24790,77	LONG	0,00167	5981,87	0,00451	HOLD	98,2349	129,6157
2023-03-17	02:00	24788,96	25167,4	24786,27	24953,21	LONG	0,00167	5981,87	0,00451	HOLD	98,2349	129,887
2023-03-17	03:00	24953,21	24959,04	24623,52	24696,87	LONG	0,00167	5981,87	0,00451	HOLD	98,2349	129,4589
2023-03-17	04:00	24698,41	25090	24655,62	24914,01	LONG	0,00167	5981,87	0,00451	HOLD	98,2349	129,8215
2023-03-17	05:00	24915,22	24999,42	24832,01	24981,59	LONG	0,00167	5981,87	0,00451	HOLD	98,2349	129,9344
2023-03-17	06:00	24982,64	25075	24920,5	24998,78	LONG	0,00167	5981,87	0,00451	HOLD	98,2349	129,9631
2023-03-17	07:00	24998,78	25002,61	24890	24918,14	LONG	0,00167	5981,87	0,00451	HOLD	98,2349	129,8284
2023-03-17	08:00	24919,03	25730	24910	25666,59	LONG	0,00167	5981,87	0,00451	HOLD	98,2349	131,0783
2023-03-17	09:00	25663,78	25896	25491,39	25580,16	LONG	0,00167	5981,87	0,00451	HOLD	98,2349	130,934
2023-03-17	10:00	25578,86	25788,5	25561,66	25781,66	LONG	0,00167	5981,87	0,00451	HOLD	98,2349	131,2705
2023-03-17	11:00	25781,66	25879,91	25700	25722,04	LONG	0,00167	5981,87	0,00451	HOLD	98,2349	131,1709
2023-03-17	12:00	25721,25	25769	25656	25765,88	LONG	0,00167	5981,87	0,00451	HOLD	98,2349	131,2442
2023-03-17	13:00	25765,88	26196,4	25756,39	26142,14	LONG	0,00167	5981,87	0,00451	HOLD	98,2349	131,8725
2023-03-17	14:00	26140,84	26169,39	25881,73	26058,45	LONG	0,00167	5981,87	0,00451	HOLD	98,2349	131,7328
2023-03-17	15:00	26060,07	26212	25918,02	25996,41	LONG	0,00167	5981,87	0,00451	HOLD	98,2349	131,6291
2023-03-17	16:00	25995,56	26344,16	25993,28	26240,16	LONG	0,00167	5981,87	0,00451	HOLD	98,2349	132,0362
2023-03-17	17:00	26240,16	26788,81	26228,57	26706,71	LONG	0,00167	5981,87	0,00451	HOLD	98,2349	132,8153
2023-03-17	18:00	26705,7	26970	26574,53	26918,73	LONG	0,00167	5981,87	0,00451	HOLD	98,2349	133,1694
2023-03-17	19:00	26920,11	26935,12	26351,35	26631,94	LONG	0,00167	5981,87	0,00451	HOLD	98,2349	132,6905
2023-03-17	20:00	26633,99	26756,58	26365,84	26453,89	LONG	0,00167	5981,87	0,00451	HOLD	98,2349	132,3931
2023-03-17	21:00	26453,88	26623,9	26118,19	26283	LONG	0,00167	5981,87	0,00451	HOLD	98,2349	132,1078
2023-03-17	22:00	26283	26516,46	26235,53	26421,34	LONG	0,00167	5981,87	0,00451	HOLD	98,2349	132,3388
2023-03-17	23:00	26419,28	26573,43	26355,41	26393,98	LONG	0,00167	5981,87	0,00451	HOLD	98,2349	132,2931
2023-03-18	00:00	26393,98	26650	26380,04	26487,79	LONG	0,00167	5981,87	0,00451	HOLD	98,2349	132,4498
2023-03-18	01:00	26487,39	26619,26	26264	26617,57	LONG	0,00167	5981,87	0,00451	HOLD	98,2349	132,6665
2023-03-18	02:00	26614,66	26860,66	26563,67	26834,87	LONG	0,00167	5981,87	0,00451	HOLD	98,2349	133,0294
2023-03-18	03:00	26834,87	26880	26588,38	26769,59	LONG	0,00167	5981,87	0,00451	HOLD	98,2349	132,9204
2023-03-18	04:00	26769,59	27239,49	26729,72	27094,27	LONG	0,00167	5981,87	0,00451	HOLD	98,2349	133,4626
2023-03-18	05:00	27094,27	27756,84	26971,01	27513,31	LONG	0,00167	5981,87	0,00451	HOLD	98,2349	134,1624
2023-03-18	06:00	27513,31	27699,26	27251,6	27395,13	LONG	0,00167	5981,87	0,00451	HOLD	98,2349	133,965
2023-03-18	07:00	27395,13	27652,61	27060	27627,51	LONG	0,00167	5981,87	0,00451	HOLD	98,2349	134,3531
2023-03-18	08:00	27623,5	27724,85	27226,29	27329,78	LONG	0,00167	5981,87	0,00451	HOLD	98,2349	133,8559
2023-03-18	09:00	27329,19	27483	27215	27290,98	LONG	0,00167	5981,87	0,00451	HOLD	98,2349	133,7911
2023-03-18	10:00	27289,76	27357,33	27167,56	27307,54	LONG	0,00167	5981,87	0,00451	HOLD	98,2349	133,8187
2023-03-18	11:00	27306,57	27403,79	27212,56	27331,24	LONG	0,00167	5981,87	0,00451	HOLD	98,2349	133,8583
2023-03-18	12:00	27331,24	27612,31	27294,99	27578,05	LONG	0,00167	5981,87	0,00451	HOLD	98,2349	134,2705
2023-03-18	13:00	27578,04	27609,78	27443,04	27505,28	LONG	0,00167	5981,87	0,00451	HOLD	98,2349	134,149
2023-03-18	14:00	27504,1	27513,47	27277	27359,89	LONG	0,00167	5981,87	0,00451	HOLD	98,2349	133,9062
2023-03-18	15:00	27360,43	27365,79	27055,83	27217,57	LONG	0,00167	5981,87	0,00451	HOLD	98,2349	133,6685
2023-03-18	16:00	27216,53	27438,9	27130,43	27398,26	LONG	0,00167	5981,87	0,00451	HOLD	98,2349	133,9702
2023-03-18	17:00	27398,26	27500	27359,22	27465,19	LONG	0,00167	5981,87	0,00451	HOLD	98,2349	134,082
2023-03-18	18:00	27464,65	27482,04	27307,2	27443,09	LONG	0,00167	5981,87	0,00451	HOLD	98,2349	134,0451
2023-03-18	19:00	27443,09	27637,2	27281,93	27503,25	LONG	0,00167	5981,87	0,00451	HOLD	98,2349	134,1456
2023-03-18	20:00	27503,25	27536,73	27351,06	27414,93	LONG	0,00167	5981,87	0,00451	HOLD	98,2349	133,9981
2023-03-18	21:00	27414,04	27615	27398	27525,56	LONG	0,00167	5981,87	0,00451	HOLD	98,2349	134,1828
2023-03-18	22:00	27526,17	27543,83	27057	27226,23	LONG	0,00167	5981,87	0,00451	HOLD	98,2349	133,6829
2023-03-18	23:00	27227,63	27463	26578	27343,98	LONG	0,00167	5981,87	0,00451	HOLD	98,2349	133,8796
2023-03-19	00:00	27345,82	27489,94	26904,35	27307,07	LONG	0,00167	5981,87	0,00451	HOLD	98,2349	133,8179
2023-03-19	01:00	27309,57	27369,86	27213,3	27319,7	LONG	0,00167	5981,87	0,00451	HOLD	98,2349	133,839
2023-03-19	02:00	27319,7	27431,58	27270,01	27329,83	LONG	0,00167	5981,87	0,00451	HOLD	98,2349	133,856
2023-03-19	03:00	27329,14	27449,95	27235	27317,96	LONG	0,00167	5981,87	0,00451	HOLD	98,2349	133,8361
2023-03-19	04:00	27316,12	27346,47	27138,83	27189,87	LONG	0,00167	5981,87	0,00451	HOLD	98,2349	133,6222
2023-03-19	05:00	27192,19	27240	26862,15	26910,45	LONG	0,00167	5981,87	0,00451	HOLD	98,2349	133,1556
2023-03-19	06:00	26910,45	27066	26810	26907,49	LONG	0,00167	5981,87	0,00451	HOLD	98,2349	133,1507
2023-03-19	07:00	26907,49	27125,94	26901,02	27077,54	LONG	0,00167	5981,87	0,00451	HOLD	98,2349	133,4346
2023-03-19	08:00	27077,54	27188,09	27030,73	27104,91	LONG	0,00167	5981,87	0,00451	HOLD	98,2349	133,4803
2023-03-19	09:00	27104,91	27187,17	27054,78	27116,07	LONG	0,00167	5981,87	0,00451	HOLD	98,2349	133,499
2023-03-19	10:00	27116,07	27255,19	27080,57	27198,71	LONG	0,00167	5981,87	0,00451	HOLD	98,2349	133,637
2023-03-19	11:00	27198,71	27291,4	27117,58	27142	LONG	0,00167	5981,87	0,00451	HOLD	98,2349	133,5423
2023-03-19	12:00	27141	27194,28	27034,13	27060,08	LONG	0,00167	5981,87	0,00451	HOLD	98,2349	133,4055
2023-03-19	13:00	27061,14	27089,71	26893,77	26934,96	LONG	0,00167	5981,87	0,00451	HOLD	98,2349	133,1965
2023-03-19	14:00	26934,96	27012,21	26827,22	26974,81	LONG	0,00167	5981,87	0,00451	HOLD	98,2349	133,2631
2023-03-19	15:00	26973,76	27094,02	26872	26982,58	LONG	0,00167	5981,87	0,00451	HOLD	98,2349	133,2761
2023-03-19	16:00	26982,57	27048	26912,84	27043,27	LONG	0,00167	5981,87	0,00451	HOLD	98,2349	133,3774
2023-03-19	17:00	27043,24	27108	26977,77	27052,8	LONG	0,00167	5981,87	0,00451	HOLD	98,2349	133,3933
2023-03-19	18:00	27052,8	27200	26931,64	27160,98	LONG	0,00167	5981,87	0,00451	HOLD	98,2349	133,574
2023-03-19	19:00	27162,33	27388,54	27135,67	27246,96	LONG	0,00167	5981,87	0,00451	HOLD	98,2349	133,7176
2023-03-19	20:00	27246,96	27286,65	27110,12	27178,27	LONG	0,00167	5981,87	0,00451	HOLD	98,2349	133,6029
2023-03-19	21:00	27178,26	27365,64	27176,27	27327,72	LONG	0,00167	5981,87	0,00451	HOLD	98,2349	133,8524
2023-03-19	22:00	27327,74	27750	27304,54	27546,62	LONG	0,00167	5981,87	0,00451	HOLD	98,2349	134,218
2023-03-19	23:00	27546,62	28186,87	27470	27923,37	LONG	0,00167	5981,87	0,00451	HOLD	98,2349	134,8472
2023-03-20	00:00	27918,86	28065	27716,18	27897,98	LONG	0,00167	5981,87	0,00451	HOLD	98,2349	134,8048
2023-03-20	01:00	27897,98	28320	27833,73	28303,69	LONG	0,00167	5981,87	0,00451	HOLD	98,2349	135,4823
2023-03-20	02:00	28309,09	28376	28162,6	28255,87	LONG	0,00167	5981,87	0,00451	HOLD	98,2349	135,4024
2023-03-20	03:00	28255,35	28390,1	27738	27889,22	LONG	0,00167	5981,87	0,00451	HOLD	98,2349	134,7901
2023-03-20	04:00	27887,19	28216,92	27868	27975,77	LONG	0,00167	5981,87	0,00451	HOLD	98,2349	134,9347
2023-03-20	05:00	27977,53	28162,62	27870,01	28112,88	LONG	0,00167	5981,87	0,00451	HOLD	98,2349	135,1637
2023-03-20	06:00	28110,24	28299,31	27891,56	27972,87	LONG	0,00167	5981,87	0,00451	HOLD	98,2349	134,9298
2023-03-20	07:00	27972,87	28057,44	27779,65	27825,47	LONG	0,00167	5981,87	0,00451	HOLD	98,2349	134,6837
2023-03-20	08:00	27824,83	27878,89	27566	27675,84	LONG	0,00167	5981,87	0,00451	HOLD	98,2349	134,4338
2023-03-20	09:00	27675,84	27747,16	27213,06	27434,91	LONG	0,00167	5981,87	0,00451	HOLD	98,2349	134,0314
2023-03-20	10:00	27436,06	27496,74	27124,47	27269,17	LONG	0,00167	5981,87	0,00451	HOLD	98,2349	133,7547
2023-03-20	11:00	27269,18	27464,97	27141,36	27437	LONG	0,00167	5981,87	0,00451	HOLD	98,2349	134,0349
2023-03-20	12:00	27436,29	27540,89	27340,88	27519,97	LONG	0,00167	5981,87	0,00451	HOLD	98,2349	134,1735
2023-03-20	13:00	27520,9	27733	27465,42	27628,5	LONG	0,00167	5981,87	0,00451	HOLD	98,2349	134,3547
2023-03-20	14:00	27629,77	28268	27626,64	28183,13	LONG	0,00167	5981,87	0,00451	HOLD	98,2349	135,281
2023-03-20	15:00	28183,13	28443,32	28006	28313,85	LONG	0,00167	5981,87	0,00451	HOLD	98,2349	135,4993
2023-03-20	16:00	28313,85	28472	28020	28198,04	LONG	0,00167	5981,87	0,00451	HOLD	98,2349	135,3059
2023-03-20	17:00	28198,05	28256,98	27919,66	28101,4	LONG	0,00167	5981,87	0,00451	HOLD	98,2349	135,1445
2023-03-20	18:00	28101,4	28267,1	28037,99	28188,93	LONG	0,00167	5981,87	0,00451	HOLD	98,2349	135,2907
2023-03-20	19:00	28188,95	28258,58	28078,01	28224,99	LONG	0,00167	5981,87	0,00451	HOLD	98,2349	135,3509
2023-03-20	20:00	28223,49	28226,65	27715,8	27822,73	LONG	0,00167	5981,87	0,00451	HOLD	98,2349	134,6791
2023-03-20	21:00	27821,17	28150	27816,66	28055,89	LONG	0,00167	5981,87	0,00451	HOLD	98,2349	135,0685
2023-03-20	22:00	28054,95	28129,83	27620	27694,46	LONG	0,00167	5981,87	0,00451	HOLD	98,2349	134,4649
2023-03-20	23:00	27698,15	27787,74	27461,35	27553,81	LONG	0,00167	5981,87	0,00451	HOLD	98,2349	134,23
2023-03-21	00:00	27553,81	27800	27489,45	27626,96	LONG	0,00167	5981,87	0,00451	HOLD	98,2349	134,3522
2023-03-21	01:00	27623,82	28041,48	27570,58	27980,02	LONG	0,00167	5981,87	0,00451	HOLD	98,2349	134,9418
2023-03-21	02:00	27980,02	28013	27633,17	27785,1	LONG	0,00167	5981,87	0,00451	HOLD	98,2349	134,6163
2023-03-21	03:00	27784,57	28034,19	27752,94	28001	LONG	0,00167	5981,87	0,00451	HOLD	98,2349	134,9768
2023-03-21	04:00	28002,37	28186,71	27921,68	27996,09	LONG	0,00167	5981,87	0,00451	HOLD	98,2349	134,9686
2023-03-21	05:00	27996,09	28058,1	27859,75	27952,2	LONG	0,00167	5981,87	0,00451	HOLD	98,2349	134,8953
2023-03-21	06:00	27950,87	28015,21	27577,02	27717,01	LONG	0,00167	5981,87	0,00451	HOLD	98,2349	134,5025
2023-03-21	07:00	27717,01	27953,33	27664,51	27850,21	LONG	0,00167	5981,87	0,00451	HOLD	98,2349	134,725
2023-03-21	08:00	27850,21	27934,63	27711	27875,65	LONG	0,00167	5981,87	0,00451	HOLD	98,2349	134,7675
2023-03-21	09:00	27874,6	27907,8	27773,29	27779,74	LONG	0,00167	5981,87	0,00451	HOLD	98,2349	134,6073
2023-03-21	10:00	27779,74	27838	27726,13	27787,29	LONG	0,00167	5981,87	0,00451	HOLD	98,2349	134,6199
2023-03-21	11:00	27787,29	27968	27780,05	27906,81	LONG	0,00167	5981,87	0,00451	HOLD	98,2349	134,8195
2023-03-21	12:00	27907,08	27917,95	27732,34	27801,41	LONG	0,00167	5981,87	0,00451	HOLD	98,2349	134,6435
2023-03-21	13:00	27802,21	27803,21	27606,96	27637,01	LONG	0,00167	5981,87	0,00451	HOLD	98,2349	134,3689
2023-03-21	14:00	27637,01	27684,88	27303,1	27505,25	LONG	0,00167	5981,87	0,00451	HOLD	98,2349	134,1489
2023-03-21	15:00	27505,25	27686,42	27393,52	27646,65	LONG	0,00167	5981,87	0,00451	HOLD	98,2349	134,385
2023-03-21	16:00	27647,95	28099,99	27550	27929,23	LONG	0,00167	5981,87	0,00451	HOLD	98,2349	134,857
2023-03-21	17:00	27927,06	28177	27897,48	27962,2	LONG	0,00167	5981,87	0,00451	HOLD	98,2349	134,912
2023-03-21	18:00	27962,2	28078,01	27877,29	28040,13	LONG	0,00167	5981,87	0,00451	HOLD	98,2349	135,0422
2023-03-21	19:00	28040,13	28244,87	27922,39	28188,92	LONG	0,00167	5981,87	0,00451	HOLD	98,2349	135,2906
2023-03-21	20:00	28188,92	28224,8	27900	28037,9	LONG	0,00167	5981,87	0,00451	HOLD	98,2349	135,0384
2023-03-21	21:00	28037,04	28123,75	27730	27887,98	LONG	0,00167	5981,87	0,00451	HOLD	98,2349	134,7881
2023-03-21	22:00	27890,45	28107,69	27854,12	28041,06	LONG	0,00167	5981,87	0,00451	HOLD	98,2349	135,0437
2023-03-21	23:00	28041,06	28438,55	28012,65	28343,92	LONG	0,00167	5981,87	0,00451	HOLD	98,2349	135,5495
2023-03-22	00:00	28343,92	28416	27960,66	27988,69	LONG	0,00167	5981,87	0,00451	HOLD	98,2349	134,9563
2023-03-22	01:00	27988,69	28163	27935,07	28128,77	LONG	0,00167	5981,87	0,00451	HOLD	98,2349	135,1902
2023-03-22	02:00	28128,77	28226,33	28080,56	28126,84	LONG	0,00167	5981,87	0,00451	HOLD	98,2349	135,187
2023-03-22	03:00	28126,85	28214,99	28035,06	28077,28	LONG	0,00167	5981,87	0,00451	HOLD	98,2349	135,1042
2023-03-22	04:00	28077,35	28104	27900	27997,84	LONG	0,00167	5981,87	0,00451	HOLD	98,2349	134,9715
2023-03-22	05:00	27997,84	28072,27	27921,25	28031,17	LONG	0,00167	5981,87	0,00451	HOLD	98,2349	135,0272
2023-03-22	06:00	28031,86	28150	27986,09	28105,47	LONG	0,00167	5981,87	0,00451	HOLD	98,2349	135,1513
2023-03-22	07:00	28107,81	28117,25	27945,44	28028,91	LONG	0,00167	5981,87	0,00451	HOLD	98,2349	135,0234
2023-03-22	08:00	28028,91	28097,04	27975	28086,85	LONG	0,00167	5981,87	0,00451	HOLD	98,2349	135,1202
2023-03-22	09:00	28086,85	28147	28048	28049,59	LONG	0,00167	5981,87	0,00451	HOLD	98,2349	135,058
2023-03-22	10:00	28049,59	28280	28021	28154,14	LONG	0,00167	5981,87	0,00451	HOLD	98,2349	135,2326
2023-03-22	11:00	28154,14	28224,97	28122,12	28196,41	LONG	0,00167	5981,87	0,00451	HOLD	98,2349	135,3031
2023-03-22	12:00	28196,42	28288	28181,15	28201,52	LONG	0,00167	5981,87	0,00451	HOLD	98,2349	135,3117
2023-03-22	13:00	28201,53	28218,58	28151	28205,16	LONG	0,00167	5981,87	0,00451	HOLD	98,2349	135,3178
2023-03-22	14:00	28205,16	28238,83	28028,24	28103,69	LONG	0,00167	5981,87	0,00451	HOLD	98,2349	135,1483
2023-03-22	15:00	28103,68	28213,23	28053,71	28086,99	LONG	0,00167	5981,87	0,00451	HOLD	98,2349	135,1204
2023-03-22	16:00	28086,99	28130	28000	28099,99	LONG	0,00167	5981,87	0,00451	HOLD	98,2349	135,1421
2023-03-22	17:00	28099,99	28186,7	28067,63	28154,95	LONG	0,00167	5981,87	0,00451	HOLD	98,2349	135,2339
2023-03-22	18:00	28154,95	28200	28115,85	28122,74	LONG	0,00167	5981,87	0,00451	HOLD	98,2349	135,1801
2023-03-22	19:00	28122,73	28246,25	28105,35	28220,08	LONG	0,00167	5981,87	0,00451	HOLD	98,2349	135,3427
2023-03-22	20:00	28220,07	28391,99	28166,66	28285,56	LONG	0,00167	5981,87	0,00451	HOLD	98,2349	135,452
2023-03-22	21:00	28285,55	28736	28279,69	28563,61	LONG	0,00167	5981,87	0,00451	HOLD	98,2349	135,9164
2023-03-22	22:00	28563,61	28730	28442,83	28595,07	LONG	0,00167	5981,87	0,00451	HOLD	98,2349	135,9689
2023-03-22	23:00	28595,06	28703	28482,84	28647,26	LONG	0,00167	5981,87	0,00451	HOLD	98,2349	136,0561
2023-03-23	00:00	28647,26	28647,27	28315	28516,34	LONG	0,00167	5981,87	0,00451	HOLD	98,2349	135,8374
2023-03-23	01:00	28516,34	28868,05	27781,51	28027,99	LONG	0,00167	5981,87	0,00451	HOLD	98,2349	135,0219
2023-03-23	02:00	28028	28028	26650,27	26667,33	LONG	0,00167	5981,87	0,00451	HOLD	98,2349	132,7496
2023-03-23	03:00	26668,8	27377	26601,8	27311,29	LONG	0,00167	5981,87	0,00451	HOLD	98,2349	133,825
2023-03-23	04:00	27311,28	27437,98	27073,11	27083,55	LONG	0,00167	5981,87	0,00451	HOLD	98,2349	133,4447
2023-03-23	05:00	27083,55	27254	26973,76	27209,19	LONG	0,00167	5981,87	0,00451	HOLD	98,2349	133,6545
2023-03-23	06:00	27209,2	27340	27186,99	27250,97	LONG	0,00167	5981,87	0,00451	HOLD	98,2349	133,7243
2023-03-23	07:00	27250,97	27428,69	27195,63	27322,28	LONG	0,00167	5981,87	0,00451	HOLD	98,2349	133,8433
2023-03-23	08:00	27322,27	27322,28	27105	27150,91	LONG	0,00167	5981,87	0,00451	HOLD	98,2349	133,5572
2023-03-23	09:00	27150,91	27346,16	27144,62	27346,16	LONG	0,00167	5981,87	0,00451	HOLD	98,2349	133,8832
2023-03-23	10:00	27346,16	27415,64	27299	27356,78	LONG	0,00167	5981,87	0,00451	HOLD	98,2349	133,901
2023-03-23	11:00	27356,79	27420	27258	27275,16	LONG	0,00167	5981,87	0,00451	HOLD	98,2349	133,7647
2023-03-23	12:00	27275,16	27700	27274,77	27629,18	LONG	0,00167	5981,87	0,00451	HOLD	98,2349	134,3559
2023-03-23	13:00	27629,19	27690,44	27560,48	27647,67	LONG	0,00167	5981,87	0,00451	HOLD	98,2349	134,3868
2023-03-23	14:00	27647,68	27672,83	27537	27631,93	LONG	0,00167	5981,87	0,00451	HOLD	98,2349	134,3605
2023-03-23	15:00	27631,93	27738,27	27560,14	27632,02	LONG	0,00167	5981,87	0,00451	HOLD	98,2349	134,3606
2023-03-23	16:00	27632,03	27640,61	27575	27622,82	LONG	0,00167	5981,87	0,00451	HOLD	98,2349	134,3453
2023-03-23	17:00	27622,82	27667,57	27587,01	27612,55	LONG	0,00167	5981,87	0,00451	HOLD	98,2349	134,3281
2023-03-23	18:00	27612,54	27629,99	27439,5	27584,53	LONG	0,00167	5981,87	0,00451	HOLD	98,2349	134,2813
2023-03-23	19:00	27584,52	27645,37	27450	27469,99	LONG	0,00167	5981,87	0,00451	HOLD	98,2349	134,09
2023-03-23	20:00	27470	27495,68	27275,92	27369	LONG	0,00167	5981,87	0,00451	HOLD	98,2349	133,9214
2023-03-23	21:00	27369,01	28099,99	27300	28045,3	LONG	0,00167	5981,87	0,00451	HOLD	98,2349	135,0508
2023-03-23	22:00	28045,31	28750	27975,27	28580,87	LONG	0,00167	5981,87	0,00451	HOLD	98,2349	135,9452
2023-03-23	23:00	28580,86	28647,05	28351,81	28464,96	LONG	0,00167	5981,87	0,00451	HOLD	98,2349	135,7516
2023-03-24	00:00	28464,96	28509,98	28150	28297,16	LONG	0,00167	5981,87	0,00451	HOLD	98,2349	135,4714
2023-03-24	01:00	28297,16	28395	27784,68	27903,8	LONG	0,00167	5981,87	0,00451	HOLD	98,2349	134,8145
2023-03-24	02:00	27903,79	28456,2	27772,22	28369,99	LONG	0,00167	5981,87	0,00451	HOLD	98,2349	135,593
2023-03-24	03:00	28369,82	28371,92	28096,6	28280,03	LONG	0,00167	5981,87	0,00451	HOLD	98,2349	135,4428
2023-03-24	04:00	28280,03	28280,03	27967,93	28163,79	LONG	0,00167	5981,87	0,00451	HOLD	98,2349	135,2487
2023-03-24	05:00	28163,8	28265,17	28087,93	28214,1	LONG	0,00167	5981,87	0,00451	HOLD	98,2349	135,3327
2023-03-24	06:00	28214,1	28438	28186,74	28295,41	LONG	0,00167	5981,87	0,00451	HOLD	98,2349	135,4685
2023-03-24	07:00	28295,42	28374,3	28182,02	28195,3	LONG	0,00167	5981,87	0,00451	HOLD	98,2349	135,3013
2023-03-24	08:00	28195,29	28318,8	28137,93	28253	LONG	0,00167	5981,87	0,00451	HOLD	98,2349	135,3977
2023-03-24	09:00	28253	28309,99	28134,86	28186,28	LONG	0,00167	5981,87	0,00451	HOLD	98,2349	135,2862
2023-03-24	10:00	28186,28	28237,1	28158,4	28219,98	LONG	0,00167	5981,87	0,00451	HOLD	98,2349	135,3425
2023-03-24	11:00	28219,98	28254,48	28102,15	28130,41	LONG	0,00167	5981,87	0,00451	HOLD	98,2349	135,1929
2023-03-24	12:00	28130,41	28300,22	28130,4	28284,45	LONG	0,00167	5981,87	0,00451	HOLD	98,2349	135,4502
2023-03-24	13:00	28284,45	28335,32	28234	28262,83	LONG	0,00167	5981,87	0,00451	HOLD	98,2349	135,4141
2023-03-24	14:00	28262,84	28320	28162,43	28274,59	LONG	0,00167	5981,87	0,00451	HOLD	98,2349	135,4337
2023-03-24	15:00	28274,58	28295,72	27934,48	28034,37	LONG	0,00167	5981,87	0,00451	HOLD	98,2349	135,0325
2023-03-24	16:00	28034,38	28190,35	28000	28041,11	LONG	0,00167	5981,87	0,00451	HOLD	98,2349	135,0438
2023-03-24	17:00	28041,11	28085,06	27941	28039,71	LONG	0,00167	5981,87	0,00451	HOLD	98,2349	135,0415
2023-03-24	18:00	28039,71	28091,03	27963,84	28080	LONG	0,00167	5981,87	0,00451	HOLD	98,2349	135,1087
2023-03-24	19:00	28080	28080	28080	28080	LONG	0,00167	5981,87	0,00451	HOLD	98,2349	135,1087
2023-03-24	21:00	28079,99	28253,01	27835	27989,06	LONG	0,00167	5981,87	0,00451	HOLD	98,2349	134,9569
2023-03-24	22:00	27989,07	28076,82	27843,41	28018,04	LONG	0,00167	5981,87	0,00451	HOLD	98,2349	135,0053
2023-03-24	23:00	28018,04	28059,63	27831,33	27831,33	LONG	0,00167	5981,87	0,00451	HOLD	98,2349	134,6935
2023-03-25	00:00	27831,33	27909,28	27523,81	27609,99	LONG	0,00167	5981,87	0,00451	HOLD	98,2349	134,3238
2023-03-25	01:00	27609,99	27815,58	27562,51	27740,01	LONG	0,00167	5981,87	0,00451	HOLD	98,2349	134,541
2023-03-25	02:00	27740,02	27880,84	27687,18	27821,6	LONG	0,00167	5981,87	0,00451	HOLD	98,2349	134,6772
2023-03-25	03:00	27821,59	27860	27486,89	27584,82	LONG	0,00167	5981,87	0,00451	HOLD	98,2349	134,2818
2023-03-25	04:00	27584,83	27621,66	27000	27335,14	LONG	0,00167	5981,87	0,00451	HOLD	98,2349	133,8648
2023-03-25	05:00	27335,13	27443,19	27275,15	27298,05	LONG	0,00167	5981,87	0,00451	HOLD	98,2349	133,8029
2023-03-25	06:00	27298,06	27517,14	27280,88	27454,47	LONG	0,00167	5981,87	0,00451	HOLD	98,2349	134,0641
2023-03-25	07:00	27454,46	27586	27425,19	27556,35	LONG	0,00167	5981,87	0,00451	HOLD	98,2349	134,2342
2023-03-25	08:00	27556,34	27566,12	27420	27498,54	LONG	0,00167	5981,87	0,00451	HOLD	98,2349	134,1377
2023-03-25	09:00	27498,54	27658,2	27459,18	27599,66	LONG	0,00167	5981,87	0,00451	HOLD	98,2349	134,3066
2023-03-25	10:00	27599,66	27639,94	27540,53	27581,65	LONG	0,00167	5981,87	0,00451	HOLD	98,2349	134,2765
2023-03-25	11:00	27581,65	27608,2	27492,57	27535,25	LONG	0,00167	5981,87	0,00451	HOLD	98,2349	134,199
2023-03-25	12:00	27535,26	27544,39	27375,9	27458,73	LONG	0,00167	5981,87	0,00451	HOLD	98,2349	134,0712
2023-03-25	13:00	27458,74	27536,5	27405,5	27495,66	LONG	0,00167	5981,87	0,00451	HOLD	98,2349	134,1329
2023-03-25	14:00	27495,66	27583,97	27470,26	27485,36	LONG	0,00167	5981,87	0,00451	HOLD	98,2349	134,1157
2023-03-25	15:00	27485,37	27512,65	27337,96	27422,56	LONG	0,00167	5981,87	0,00451	HOLD	98,2349	134,0108
2023-03-25	16:00	27422,56	27519	27309,8	27481,96	LONG	0,00167	5981,87	0,00451	HOLD	98,2349	134,11
2023-03-25	17:00	27481,96	27537,79	27397,47	27477,01	LONG	0,00167	5981,87	0,00451	HOLD	98,2349	134,1017
2023-03-25	18:00	27477	27530	27423,59	27457,2	LONG	0,00167	5981,87	0,00451	HOLD	98,2349	134,0687
2023-03-25	19:00	27457,19	27480,17	27372,81	27451,71	LONG	0,00167	5981,87	0,00451	HOLD	98,2349	134,0595
2023-03-25	20:00	27451,72	27619	27357,14	27566,96	LONG	0,00167	5981,87	0,00451	HOLD	98,2349	134,252
2023-03-25	21:00	27566,97	27648	27519,39	27527,06	LONG	0,00167	5981,87	0,00451	HOLD	98,2349	134,1853
2023-03-25	22:00	27527,06	27787,33	27485	27647,43	LONG	0,00167	5981,87	0,00451	HOLD	98,2349	134,3864
2023-03-25	23:00	27647,44	27730	27624,14	27629,22	LONG	0,00167	5981,87	0,00451	HOLD	98,2349	134,3559
2023-03-26	00:00	27629,23	27647,36	27380	27481,58	LONG	0,00167	5981,87	0,00451	HOLD	98,2349	134,1094
2023-03-26	01:00	27481,57	27535,63	27431,05	27442,92	LONG	0,00167	5981,87	0,00451	HOLD	98,2349	134,0448
2023-03-26	02:00	27442,92	27442,92	27159,57	27189,68	LONG	0,00167	5981,87	0,00451	HOLD	98,2349	133,6219
2023-03-26	03:00	27189,69	27430,14	27156,09	27354,72	LONG	0,00167	5981,87	0,00451	HOLD	98,2349	133,8975
2023-03-26	04:00	27354,73	27455	27349,09	27411,54	LONG	0,00167	5981,87	0,00451	HOLD	98,2349	133,9924
2023-03-26	05:00	27411,54	27529,29	27391,05	27447,32	LONG	0,00167	5981,87	0,00451	HOLD	98,2349	134,0522
2023-03-26	06:00	27447,31	27486,5	27404,99	27462,95	LONG	0,00167	5981,87	0,00451	HOLD	98,2349	134,0783
2023-03-26	07:00	27462,96	27630,32	27417,76	27531,28	LONG	0,00167	5981,87	0,00451	HOLD	98,2349	134,1924
2023-03-26	08:00	27531,28	27650	27516,91	27593,34	LONG	0,00167	5981,87	0,00451	HOLD	98,2349	134,296
2023-03-26	09:00	27593,34	27615,25	27563,51	27589,64	LONG	0,00167	5981,87	0,00451	HOLD	98,2349	134,2898
2023-03-26	10:00	27589,63	27617,65	27504,83	27529,26	LONG	0,00167	5981,87	0,00451	HOLD	98,2349	134,189
2023-03-26	11:00	27529,27	27536,7	27462,27	27516,61	LONG	0,00167	5981,87	0,00451	HOLD	98,2349	134,1679
2023-03-26	12:00	27516,62	27556,06	27462,15	27544,81	LONG	0,00167	5981,87	0,00451	HOLD	98,2349	134,215
2023-03-26	13:00	27544,81	27570,93	27478,9	27496,68	LONG	0,00167	5981,87	0,00451	HOLD	98,2349	134,1346
2023-03-26	14:00	27496,67	27536,23	27481,26	27504,94	LONG	0,00167	5981,87	0,00451	HOLD	98,2349	134,1484
2023-03-26	15:00	27504,94	27766,13	27480,01	27659,2	LONG	0,00167	5981,87	0,00451	HOLD	98,2349	134,406
2023-03-26	16:00	27659,2	27735,35	27626,21	27686,73	LONG	0,00167	5981,87	0,00451	HOLD	98,2349	134,452
2023-03-26	17:00	27686,74	27717,76	27635,45	27678,63	LONG	0,00167	5981,87	0,00451	HOLD	98,2349	134,4385
2023-03-26	18:00	27678,62	27915,08	27649,38	27865,95	LONG	0,00167	5981,87	0,00451	HOLD	98,2349	134,7513
2023-03-26	19:00	27865,96	27985	27837,37	27919,74	LONG	0,00167	5981,87	0,00451	HOLD	98,2349	134,8411
2023-03-26	20:00	27919,73	28194,4	27883,21	28149,99	LONG	0,00167	5981,87	0,00451	HOLD	98,2349	135,2256
2023-03-26	21:00	28150	28150	27695	27795,22	LONG	0,00167	5981,87	0,00451	HOLD	98,2349	134,6332
2023-03-26	22:00	27795,22	27878,89	27717,26	27803,89	LONG	0,00167	5981,87	0,00451	HOLD	98,2349	134,6476
2023-03-26	23:00	27803,89	27878,43	27635,18	27699,28	LONG	0,00167	5981,87	0,00451	HOLD	98,2349	134,4729
2023-03-27	00:00	27699,27	27857,85	27660	27837,82	LONG	0,00167	5981,87	0,00451	HOLD	98,2349	134,7043
2023-03-27	01:00	27837,81	27934,57	27772,78	27808,76	LONG	0,00167	5981,87	0,00451	HOLD	98,2349	134,6558
2023-03-27	02:00	27808,75	27856,66	27785	27827,95	LONG	0,00167	5981,87	0,00451	HOLD	98,2349	134,6878
2023-03-27	03:00	27827,95	27900	27670,71	27777,63	LONG	0,00167	5981,87	0,00451	HOLD	98,2349	134,6038
2023-03-27	04:00	27777,63	27838,11	27750,49	27838,11	LONG	0,00167	5981,87	0,00451	HOLD	98,2349	134,7048
2023-03-27	05:00	27838,1	28079,83	27804,4	28040,29	LONG	0,00167	5981,87	0,00451	HOLD	98,2349	135,0424
2023-03-27	06:00	28040,28	28143	27949	27968,05	LONG	0,00167	5981,87	0,00451	HOLD	98,2349	134,9218
2023-03-27	07:00	27968,05	28023,86	27917,16	27994,28	LONG	0,00167	5981,87	0,00451	HOLD	98,2349	134,9656
2023-03-27	08:00	27994,27	28013,57	27801,06	27826,98	LONG	0,00167	5981,87	0,00451	HOLD	98,2349	134,6862
2023-03-27	09:00	27826,98	27890,16	27781,6	27879,16	LONG	0,00167	5981,87	0,00451	HOLD	98,2349	134,7733
2023-03-27	10:00	27879,16	27930,16	27829,99	27888,68	LONG	0,00167	5981,87	0,00451	HOLD	98,2349	134,7892
2023-03-27	11:00	27888,68	27935,17	27871,91	27906,98	LONG	0,00167	5981,87	0,00451	HOLD	98,2349	134,8198
2023-03-27	12:00	27906,98	27918,02	27675,31	27715,18	LONG	0,00167	5981,87	0,00451	HOLD	98,2349	134,4995
2023-03-27	13:00	27715,19	27800	27666	27785,85	LONG	0,00167	5981,87	0,00451	HOLD	98,2349	134,6175
2023-03-27	14:00	27785,86	27850	27734,9	27808,81	LONG	0,00167	5981,87	0,00451	HOLD	98,2349	134,6559
2023-03-27	15:00	27808,8	27866,63	27768,55	27848,53	LONG	0,00167	5981,87	0,00451	HOLD	98,2349	134,7222
2023-03-27	16:00	27848,53	27972,98	27820	27925,63	LONG	0,00167	5981,87	0,00451	HOLD	98,2349	134,8509
2023-03-27	17:00	27925,64	27943,48	27864,89	27915,39	LONG	0,00167	5981,87	0,00451	HOLD	98,2349	134,8338
2023-03-27	18:00	27915,38	27996,28	27839	27892,69	LONG	0,00167	5981,87	0,00451	HOLD	98,2349	134,7959
2023-03-27	19:00	27892,69	27923,42	27690,36	27749,99	LONG	0,00167	5981,87	0,00451	HOLD	98,2349	134,5576
2023-03-27	20:00	27749,99	27844,69	27600	27692,99	LONG	0,00167	5981,87	0,00451	HOLD	98,2349	134,4624
2023-03-27	21:00	27693	27734,67	26938,88	26960,38	LONG	0,00167	5981,87	0,00451	HOLD	98,2349	133,239
2023-03-27	22:00	26960,38	27040	26508,14	26903,62	LONG	0,00167	5981,87	0,00451	HOLD	98,2349	133,1442
2023-03-27	23:00	26903,63	27313,42	26858,79	27145,5	LONG	0,00167	5981,87	0,00451	HOLD	98,2349	133,5481
2023-03-28	00:00	27145,51	27211,26	26922,17	26960	LONG	0,00167	5981,87	0,00451	HOLD	98,2349	133,2383
2023-03-28	01:00	26959,99	27176,79	26949,23	27090,81	LONG	0,00167	5981,87	0,00451	HOLD	98,2349	133,4568
2023-03-28	02:00	27090,8	27143,23	26942,25	26968,94	LONG	0,00167	5981,87	0,00451	HOLD	98,2349	133,2533
2023-03-28	03:00	26968,93	27059,48	26877,82	27043,84	LONG	0,00167	5981,87	0,00451	HOLD	98,2349	133,3784
2023-03-28	04:00	27043,85	27198,99	27009,88	27170,63	LONG	0,00167	5981,87	0,00451	HOLD	98,2349	133,5901
2023-03-28	05:00	27170,64	27255	27078,92	27099,99	LONG	0,00167	5981,87	0,00451	HOLD	98,2349	133,4721
2023-03-28	06:00	27100	27175,66	27066,02	27124,91	LONG	0,00167	5981,87	0,00451	HOLD	98,2349	133,5137
2023-03-28	07:00	27124,9	27160	26936	26960,92	LONG	0,00167	5981,87	0,00451	HOLD	98,2349	133,2399
2023-03-28	08:00	26960,93	27176,05	26800	27074,81	LONG	0,00167	5981,87	0,00451	HOLD	98,2349	133,4301
2023-03-28	09:00	27074,81	27083,4	26970,19	27037,58	LONG	0,00167	5981,87	0,00451	HOLD	98,2349	133,3679
2023-03-28	10:00	27037,58	27046,51	26910,35	26971,71	LONG	0,00167	5981,87	0,00451	HOLD	98,2349	133,2579
2023-03-28	11:00	26971,71	26999,33	26893,99	26964,6	LONG	0,00167	5981,87	0,00451	HOLD	98,2349	133,246
2023-03-28	12:00	26964,59	26998,7	26872,11	26974,63	LONG	0,00167	5981,87	0,00451	HOLD	98,2349	133,2628
2023-03-28	13:00	26974,63	27142,25	26974,63	27070,52	LONG	0,00167	5981,87	0,00451	HOLD	98,2349	133,4229
2023-03-28	14:00	27070,53	27103,44	26934	26962,88	LONG	0,00167	5981,87	0,00451	HOLD	98,2349	133,2432
2023-03-28	15:00	26962,89	27033,99	26925,8	27013,68	LONG	0,00167	5981,87	0,00451	HOLD	98,2349	133,328
2023-03-28	16:00	27013,68	27044,79	26820,5	26875,03	LONG	0,00167	5981,87	0,00451	HOLD	98,2349	133,0964
2023-03-28	17:00	26875,03	26932,97	26631,78	26740,96	LONG	0,00167	5981,87	0,00451	HOLD	98,2349	132,8725
2023-03-28	18:00	26740,96	27155,38	26725,53	27057,36	LONG	0,00167	5981,87	0,00451	HOLD	98,2349	133,4009
2023-03-28	19:00	27057,36	27210	26852,16	26983,02	LONG	0,00167	5981,87	0,00451	HOLD	98,2349	133,2768
2023-03-28	20:00	26983,02	27029,5	26835,31	26881,97	LONG	0,00167	5981,87	0,00451	HOLD	98,2349	133,108
2023-03-28	21:00	26881,97	27022,86	26846,43	26943,01	LONG	0,00167	5981,87	0,00451	HOLD	98,2349	133,21
2023-03-28	22:00	26943,01	27072,09	26923,3	26998,63	LONG	0,00167	5981,87	0,00451	HOLD	98,2349	133,3029
2023-03-28	23:00	26998,63	27024,32	26852,05	26882,07	LONG	0,00167	5981,87	0,00451	HOLD	98,2349	133,1082
2023-03-29	00:00	26882,07	26925,32	26745	26863,2	LONG	0,00167	5981,87	0,00451	HOLD	98,2349	133,0767
2023-03-29	01:00	26863,2	27390	26838,21	27344,13	LONG	0,00167	5981,87	0,00451	HOLD	98,2349	133,8798
2023-03-29	02:00	27344,13	27520	27158,15	27425,99	LONG	0,00167	5981,87	0,00451	HOLD	98,2349	134,0165
2023-03-29	03:00	27425,98	27492,8	27242,96	27307,2	LONG	0,00167	5981,87	0,00451	HOLD	98,2349	133,8182
2023-03-29	04:00	27307,21	27328,29	27095,66	27190,54	LONG	0,00167	5981,87	0,00451	HOLD	98,2349	133,6233
2023-03-29	05:00	27190,54	27232,94	27133,61	27218,39	LONG	0,00167	5981,87	0,00451	HOLD	98,2349	133,6699
2023-03-29	06:00	27218,4	27319,1	27210,96	27261,07	LONG	0,00167	5981,87	0,00451	HOLD	98,2349	133,7411
2023-03-29	07:00	27261,06	27340	27240,1	27268,73	LONG	0,00167	5981,87	0,00451	HOLD	98,2349	133,7539
2023-03-29	08:00	27268,74	27479,36	27262,01	27325,78	LONG	0,00167	5981,87	0,00451	HOLD	98,2349	133,8492
2023-03-29	09:00	27325,77	27413,97	27297	27395	LONG	0,00167	5981,87	0,00451	HOLD	98,2349	133,9648
2023-03-29	10:00	27395	27409,88	27326,88	27367,45	LONG	0,00167	5981,87	0,00451	HOLD	98,2349	133,9188
2023-03-29	11:00	27367,44	27612,95	27349,68	27568,07	LONG	0,00167	5981,87	0,00451	HOLD	98,2349	134,2538
2023-03-29	12:00	27568,06	27650	27520,55	27544,14	LONG	0,00167	5981,87	0,00451	HOLD	98,2349	134,2139
2023-03-29	13:00	27544,14	28158	27507,6	28052,3	LONG	0,00167	5981,87	0,00451	HOLD	98,2349	135,0625
2023-03-29	14:00	28052,3	28164,48	27969,69	28086,82	LONG	0,00167	5981,87	0,00451	HOLD	98,2349	135,1201
2023-03-29	15:00	28086,82	28650	28040,34	28506,99	LONG	0,00167	5981,87	0,00451	HOLD	98,2349	135,8218
2023-03-29	16:00	28506,99	28562,75	28313,25	28319,89	LONG	0,00167	5981,87	0,00451	HOLD	98,2349	135,5094
2023-03-29	17:00	28319,89	28438,81	28246,01	28382,23	LONG	0,00167	5981,87	0,00451	HOLD	98,2349	135,6135
2023-03-29	18:00	28382,23	28383,92	28272,86	28353,99	LONG	0,00167	5981,87	0,00451	HOLD	98,2349	135,5663
2023-03-29	19:00	28354	28479,27	28230,85	28441,77	LONG	0,00167	5981,87	0,00451	HOLD	98,2349	135,7129
2023-03-29	20:00	28441,77	28493,55	28327,29	28425,91	LONG	0,00167	5981,87	0,00451	HOLD	98,2349	135,6864
2023-03-29	21:00	28425,9	28590	28266,66	28290,97	LONG	0,00167	5981,87	0,00451	HOLD	98,2349	135,4611
2023-03-29	22:00	28290,97	28490	28270,99	28442,79	LONG	0,00167	5981,87	0,00451	HOLD	98,2349	135,7146
2023-03-29	23:00	28442,8	28447,72	28135,82	28152,46	LONG	0,00167	5981,87	0,00451	HOLD	98,2349	135,2298
2023-03-30	00:00	28152,45	28333	28139,84	28252,33	LONG	0,00167	5981,87	0,00451	HOLD	98,2349	135,3965
2023-03-30	01:00	28252,34	28349	28195,69	28316,13	LONG	0,00167	5981,87	0,00451	HOLD	98,2349	135,5031
2023-03-30	02:00	28316,13	28448,68	28279,29	28419,49	LONG	0,00167	5981,87	0,00451	HOLD	98,2349	135,6757
2023-03-30	03:00	28419,49	28468,13	28356,23	28388,58	LONG	0,00167	5981,87	0,00451	HOLD	98,2349	135,6241
2023-03-30	04:00	28388,58	28500	28290,35	28291	LONG	0,00167	5981,87	0,00451	HOLD	98,2349	135,4611
2023-03-30	05:00	28291,01	28429,28	28211	28389,41	LONG	0,00167	5981,87	0,00451	HOLD	98,2349	135,6255
2023-03-30	06:00	28389,41	28456,84	28319,48	28348,6	LONG	0,00167	5981,87	0,00451	HOLD	98,2349	135,5573
2023-03-30	07:00	28348,6	28457,48	28235,25	28328,47	LONG	0,00167	5981,87	0,00451	HOLD	98,2349	135,5237
2023-03-30	08:00	28328,48	28382	28245,06	28350	LONG	0,00167	5981,87	0,00451	HOLD	98,2349	135,5596
2023-03-30	09:00	28350	29184,68	28343,39	28964,76	LONG	0,00167	5981,87	0,00451	HOLD	98,2349	136,5863
2023-03-30	10:00	28964,76	29002,67	28090,06	28489,18	LONG	0,00167	5981,87	0,00451	HOLD	98,2349	135,7921
2023-03-30	11:00	28489,19	28701,96	28442,79	28587,64	LONG	0,00167	5981,87	0,00451	HOLD	98,2349	135,9565
2023-03-30	12:00	28587,63	28633,7	28491,39	28613,98	LONG	0,00167	5981,87	0,00451	HOLD	98,2349	136,0005
2023-03-30	13:00	28613,97	28674,69	28566,67	28613,88	LONG	0,00167	5981,87	0,00451	HOLD	98,2349	136,0003
2023-03-30	14:00	28613,89	28775,6	28579,43	28725,01	LONG	0,00167	5981,87	0,00451	HOLD	98,2349	136,1859
2023-03-30	15:00	28725	28748,76	28568,54	28572,81	LONG	0,00167	5981,87	0,00451	HOLD	98,2349	135,9317
2023-03-30	16:00	28572,81	28600	28500	28583,59	LONG	0,00167	5981,87	0,00451	HOLD	98,2349	135,9497
2023-03-30	17:00	28583,59	28624,74	28518,29	28602,48	LONG	0,00167	5981,87	0,00451	HOLD	98,2349	135,9813
2023-03-30	18:00	28602,48	28710,15	28580,65	28644,79	LONG	0,00167	5981,87	0,00451	HOLD	98,2349	136,0519
2023-03-30	19:00	28644,79	28691,45	28568,23	28646,35	LONG	0,00167	5981,87	0,00451	HOLD	98,2349	136,0545
2023-03-30	20:00	28646,34	28646,35	28410,34	28517,96	LONG	0,00167	5981,87	0,00451	HOLD	98,2349	135,8401
2023-03-30	21:00	28517,95	28542,97	28262	28428,47	LONG	0,00167	5981,87	0,00451	HOLD	98,2349	135,6907
2023-03-30	22:00	28428,48	28482,13	28169,5	28300,33	LONG	0,00167	5981,87	0,00451	HOLD	98,2349	135,4767
2023-03-30	23:00	28300,32	28301,01	28046,15	28247,27	LONG	0,00167	5981,87	0,00451	HOLD	98,2349	135,3881
2023-03-31	00:00	28247,26	28277	27735	27839,41	LONG	0,00167	5981,87	0,00451	HOLD	98,2349	134,707
2023-03-31	01:00	27839,4	27953,57	27686	27903,69	LONG	0,00167	5981,87	0,00451	HOLD	98,2349	134,8143
2023-03-31	02:00	27903,69	28075,53	27880	27986,09	LONG	0,00167	5981,87	0,00451	HOLD	98,2349	134,9519
2023-03-31	03:00	27986,1	28179,7	27900	28149,8	LONG	0,00167	5981,87	0,00451	HOLD	98,2349	135,2253
2023-03-31	04:00	28149,8	28197,96	28012,1	28068,5	LONG	0,00167	5981,87	0,00451	HOLD	98,2349	135,0895
2023-03-31	05:00	28068,5	28140	27786,66	27898,59	LONG	0,00167	5981,87	0,00451	HOLD	98,2349	134,8058
2023-03-31	06:00	27898,59	28055	27841,47	28028,53	LONG	0,00167	5981,87	0,00451	HOLD	98,2349	135,0228
2023-03-31	07:00	28028,53	28338,34	27916,34	28249,17	LONG	0,00167	5981,87	0,00451	HOLD	98,2349	135,3913
2023-03-31	08:00	28249,18	28375	28116,57	28153,12	LONG	0,00167	5981,87	0,00451	HOLD	98,2349	135,2309
2023-03-31	09:00	28153,13	28206,2	28080,33	28146,79	LONG	0,00167	5981,87	0,00451	HOLD	98,2349	135,2203
2023-03-31	10:00	28146,79	28235,45	28112	28168,41	LONG	0,00167	5981,87	0,00451	HOLD	98,2349	135,2564
2023-03-31	11:00	28168,41	28205,42	28091,65	28179,6	LONG	0,00167	5981,87	0,00451	HOLD	98,2349	135,2751
2023-03-31	12:00	28179,61	28219,36	27941,29	28034,52	LONG	0,00167	5981,87	0,00451	HOLD	98,2349	135,0328
2023-03-31	13:00	28034,51	28103,16	28010,56	28079,96	LONG	0,00167	5981,87	0,00451	HOLD	98,2349	135,1087
2023-03-31	14:00	28079,95	28090,17	27511,71	27738,48	LONG	0,00167	5981,87	0,00451	HOLD	98,2349	134,5384
2023-03-31	15:00	27738,48	27847,87	27688	27797,32	LONG	0,00167	5981,87	0,00451	HOLD	98,2349	134,6367
2023-03-31	16:00	27797,31	27878,84	27770	27819,99	LONG	0,00167	5981,87	0,00451	HOLD	98,2349	134,6745
2023-03-31	17:00	27820	27992,05	27798,48	27893,8	LONG	0,00167	5981,87	0,00451	HOLD	98,2349	134,7978
2023-03-31	18:00	27893,81	27980	27842,1	27927,97	LONG	0,00167	5981,87	0,00451	HOLD	98,2349	134,8549
2023-03-31	19:00	27927,97	28185,63	27870,93	28110,36	LONG	0,00167	5981,87	0,00451	HOLD	98,2349	135,1594
2023-03-31	20:00	28110,37	28551,2	28082,71	28370,78	LONG	0,00167	5981,87	0,00451	HOLD	98,2349	135,5943
2023-03-31	21:00	28370,78	28656,69	28320,79	28521,78	LONG	0,00167	5981,87	0,00451	HOLD	98,2349	135,8465
2023-03-31	22:00	28521,78	28593,34	28360	28494,99	LONG	0,00167	5981,87	0,00451	HOLD	98,2349	135,8018
2023-03-31	23:00	28495	28541,18	28365,99	28430,76	LONG	0,00167	5981,87	0,00451	HOLD	98,2349	135,6945
2023-04-01	00:00	28430,75	28473	28276,65	28334,53	LONG	0,00167	5981,87	0,00451	HOLD	98,2349	135,5338
2023-04-01	01:00	28334,52	28426,98	28262,87	28315,5	LONG	0,00167	5981,87	0,00451	HOLD	98,2349	135,502
2023-04-01	02:00	28315,49	28524,12	28279,24	28469,31	LONG	0,00167	5981,87	0,00451	HOLD	98,2349	135,7589
2023-04-01	03:00	28469,31	28474,06	28337,46	28391,8	LONG	0,00167	5981,87	0,00451	HOLD	98,2349	135,6294
2023-04-01	04:00	28391,8	28590	28363,68	28477,19	LONG	0,00167	5981,87	0,00451	HOLD	98,2349	135,772
2023-04-01	05:00	28477,19	28632,94	28442,25	28570,31	LONG	0,00167	5981,87	0,00451	HOLD	98,2349	135,9276
2023-04-01	06:00	28570,31	28595,75	28465,36	28465,36	LONG	0,00167	5981,87	0,00451	HOLD	98,2349	135,7523
2023-04-01	07:00	28465,36	28547,2	28408,57	28438,27	LONG	0,00167	5981,87	0,00451	HOLD	98,2349	135,7071
2023-04-01	08:00	28438,26	28625,61	28410,35	28610,63	LONG	0,00167	5981,87	0,00451	HOLD	98,2349	135,9949
2023-04-01	09:00	28610,62	28819,71	28467,31	28583,36	LONG	0,00167	5981,87	0,00451	HOLD	98,2349	135,9494
2023-04-01	10:00	28583,36	28603,78	28503,29	28541,1	LONG	0,00167	5981,87	0,00451	HOLD	98,2349	135,8788
2023-04-01	11:00	28541,1	28625,1	28526,59	28580	LONG	0,00167	5981,87	0,00451	HOLD	98,2349	135,9437
2023-04-01	12:00	28580,01	28589,13	28530,59	28571,08	LONG	0,00167	5981,87	0,00451	HOLD	98,2349	135,9288
2023-04-01	13:00	28571,08	28572,93	28353,78	28482,72	LONG	0,00167	5981,87	0,00451	HOLD	98,2349	135,7813
2023-04-01	14:00	28482,71	28482,72	28351,35	28424,99	LONG	0,00167	5981,87	0,00451	HOLD	98,2349	135,6849
2023-04-01	15:00	28424,98	28485,11	28389,37	28440,56	LONG	0,00167	5981,87	0,00451	HOLD	98,2349	135,7109
2023-04-01	16:00	28440,56	28464,65	28420,54	28425,49	LONG	0,00167	5981,87	0,00451	HOLD	98,2349	135,6857
2023-04-01	17:00	28425,49	28474,15	28389,77	28465,32	LONG	0,00167	5981,87	0,00451	HOLD	98,2349	135,7522
2023-04-01	18:00	28465,32	28475,97	28360,65	28372,85	LONG	0,00167	5981,87	0,00451	HOLD	98,2349	135,5978
2023-04-01	19:00	28372,84	28424,05	28320,35	28422,89	LONG	0,00167	5981,87	0,00451	HOLD	98,2349	135,6814
2023-04-01	20:00	28422,88	28473,9	28377,63	28417,8	LONG	0,00167	5981,87	0,00451	HOLD	98,2349	135,6729
2023-04-01	21:00	28417,81	28420,88	28292,32	28318,04	LONG	0,00167	5981,87	0,00451	HOLD	98,2349	135,5063
2023-04-01	22:00	28318,04	28405,31	28220,27	28400,07	LONG	0,00167	5981,87	0,00451	HOLD	98,2349	135,6433
2023-04-01	23:00	28400,07	28443,04	28280	28326	LONG	0,00167	5981,87	0,00451	HOLD	98,2349	135,5196
2023-04-02	00:00	28326	28383,32	28317,39	28372,37	LONG	0,00167	5981,87	0,00451	HOLD	98,2349	135,597
2023-04-02	01:00	28372,36	28382,9	28333,19	28376,74	LONG	0,00167	5981,87	0,00451	HOLD	98,2349	135,6043
2023-04-02	02:00	28376,74	28384,23	28343,81	28381,98	LONG	0,00167	5981,87	0,00451	HOLD	98,2349	135,613
2023-04-02	03:00	28381,97	28577	28379,63	28446,78	LONG	0,00167	5981,87	0,00451	HOLD	98,2349	135,7213
2023-04-02	04:00	28446,79	28517,44	28429,93	28477,72	LONG	0,00167	5981,87	0,00451	HOLD	98,2349	135,7729
2023-04-02	05:00	28477,73	28538,08	28477,72	28517,94	LONG	0,00167	5981,87	0,00451	HOLD	98,2349	135,8401
2023-04-02	06:00	28517,95	28555	28445	28452,73	LONG	0,00167	5981,87	0,00451	HOLD	98,2349	135,7312
2023-04-02	07:00	28452,74	28499,99	28355	28366,3	LONG	0,00167	5981,87	0,00451	HOLD	98,2349	135,5869
2023-04-02	08:00	28366,3	28434,68	28355,54	28388,34	LONG	0,00167	5981,87	0,00451	HOLD	98,2349	135,6237
2023-04-02	09:00	28388,35	28430,29	28375	28406,13	LONG	0,00167	5981,87	0,00451	HOLD	98,2349	135,6534
2023-04-02	10:00	28406,13	28530	28401,41	28476,59	LONG	0,00167	5981,87	0,00451	HOLD	98,2349	135,771
2023-04-02	11:00	28476,58	28485,18	28383,37	28386,09	LONG	0,00167	5981,87	0,00451	HOLD	98,2349	135,6199
2023-04-02	12:00	28386,1	28473,16	28381,54	28470,01	LONG	0,00167	5981,87	0,00451	HOLD	98,2349	135,7601
2023-04-02	13:00	28470,01	28490,4	28414,36	28458,26	LONG	0,00167	5981,87	0,00451	HOLD	98,2349	135,7404
2023-04-02	14:00	28458,26	28477,78	28413,3	28416,38	LONG	0,00167	5981,87	0,00451	HOLD	98,2349	135,6705
2023-04-02	15:00	28416,37	28422,21	28364,57	28381,37	LONG	0,00167	5981,87	0,00451	HOLD	98,2349	135,612
2023-04-02	16:00	28381,36	28450,9	28368,53	28410,57	LONG	0,00167	5981,87	0,00451	HOLD	98,2349	135,6608
2023-04-02	17:00	28410,57	28413,71	28361	28367,25	LONG	0,00167	5981,87	0,00451	HOLD	98,2349	135,5884
2023-04-02	18:00	28367,25	28390,95	28306,8	28357,93	LONG	0,00167	5981,87	0,00451	HOLD	98,2349	135,5729
2023-04-02	19:00	28357,93	28361	28240,17	28265,26	LONG	0,00167	5981,87	0,00451	HOLD	98,2349	135,4181
2023-04-02	20:00	28265,25	28346,05	28135,8	28279,53	LONG	0,00167	5981,87	0,00451	HOLD	98,2349	135,442
2023-04-02	21:00	28279,52	28350	28239,45	28273,1	LONG	0,00167	5981,87	0,00451	HOLD	98,2349	135,4312
2023-04-02	22:00	28273,1	28275,73	28037,59	28124,81	LONG	0,00167	5981,87	0,00451	HOLD	98,2349	135,1836
2023-04-02	23:00	28124,8	28143,54	27927	28121,97	LONG	0,00167	5981,87	0,00451	HOLD	98,2349	135,1788
2023-04-03	00:00	28121,97	28229,9	28109,16	28194,39	LONG	0,00167	5981,87	0,00451	HOLD	98,2349	135,2998
2023-04-03	01:00	28194,4	28213,39	28152,8	28156,98	LONG	0,00167	5981,87	0,00451	HOLD	98,2349	135,2373
2023-04-03	02:00	28156,97	28172,76	27856,43	27943,85	LONG	0,00167	5981,87	0,00451	HOLD	98,2349	134,8814
2023-04-03	03:00	27943,84	28088,38	27902,71	28058,75	LONG	0,00167	5981,87	0,00451	HOLD	98,2349	135,0733
2023-04-03	04:00	28058,75	28156,34	27981	28014,8	LONG	0,00167	5981,87	0,00451	HOLD	98,2349	134,9999
2023-04-03	05:00	28014,8	28115,76	27858,29	28105,81	LONG	0,00167	5981,87	0,00451	HOLD	98,2349	135,1518
2023-04-03	06:00	28105,8	28203,35	28044,23	28171,87	LONG	0,00167	5981,87	0,00451	HOLD	98,2349	135,2622
2023-04-03	07:00	28171,87	28182,17	28064,52	28114,62	LONG	0,00167	5981,87	0,00451	HOLD	98,2349	135,1666
2023-04-03	08:00	28114,63	28144,12	27560	27709,94	LONG	0,00167	5981,87	0,00451	HOLD	98,2349	134,4907
2023-04-03	09:00	27709,85	27815,42	27658,36	27719,09	LONG	0,00167	5981,87	0,00451	HOLD	98,2349	134,506
2023-04-03	10:00	27719,09	27777,72	27623,45	27753,85	LONG	0,00167	5981,87	0,00451	HOLD	98,2349	134,5641
2023-04-03	11:00	27753,85	27756,72	27588	27704,39	LONG	0,00167	5981,87	0,00451	HOLD	98,2349	134,4815
2023-04-03	12:00	27704,4	27764,86	27660	27679,57	LONG	0,00167	5981,87	0,00451	HOLD	98,2349	134,44
2023-04-03	13:00	27679,58	27793,25	27644,5	27779,48	LONG	0,00167	5981,87	0,00451	HOLD	98,2349	134,6069
2023-04-03	14:00	27779,47	27962,9	27771,09	27958,74	LONG	0,00167	5981,87	0,00451	HOLD	98,2349	134,9062
2023-04-03	15:00	27958,73	28450	27958,73	28335	LONG	0,00167	5981,87	0,00451	HOLD	98,2349	135,5346
2023-04-03	16:00	28335	28398	28300	28327,33	LONG	0,00167	5981,87	0,00451	HOLD	98,2349	135,5218
2023-04-03	17:00	28327,33	28500,99	28301,13	28303,77	LONG	0,00167	5981,87	0,00451	HOLD	98,2349	135,4824
2023-04-03	18:00	28303,76	28319,58	28215,59	28253,73	LONG	0,00167	5981,87	0,00451	HOLD	98,2349	135,3989
2023-04-03	19:00	28253,73	28257,69	28063,17	28163,01	LONG	0,00167	5981,87	0,00451	HOLD	98,2349	135,2474
2023-04-03	20:00	28163	28375	28116,02	28258,78	LONG	0,00167	5981,87	0,00451	HOLD	98,2349	135,4073
2023-04-03	21:00	28258,79	28303,25	27945,19	27995,04	LONG	0,00167	5981,87	0,00451	HOLD	98,2349	134,9669
2023-04-03	22:00	27995,04	28112,99	27951,57	28051,48	LONG	0,00167	5981,87	0,00451	HOLD	98,2349	135,0611
2023-04-03	23:00	28051,48	28129,99	27918,45	27930,84	LONG	0,00167	5981,87	0,00451	HOLD	98,2349	134,8596
2023-04-04	00:00	27930,83	28084,62	27875	27986,48	LONG	0,00167	5981,87	0,00451	HOLD	98,2349	134,9526
2023-04-04	01:00	27986,48	28237	27938,46	28152	LONG	0,00167	5981,87	0,00451	HOLD	98,2349	135,229
2023-04-04	02:00	28152	28238,53	28037,2	28081,08	LONG	0,00167	5981,87	0,00451	HOLD	98,2349	135,1105
2023-04-04	03:00	28081,08	28093,56	27460	27582,78	LONG	0,00167	5981,87	0,00451	HOLD	98,2349	134,2784
2023-04-04	04:00	27582,77	27765	27200,24	27714,56	LONG	0,00167	5981,87	0,00451	HOLD	98,2349	134,4985
2023-04-04	05:00	27714,57	27943,62	27668	27799,99	LONG	0,00167	5981,87	0,00451	HOLD	98,2349	134,6411
2023-04-04	06:00	27800	28000	27739,75	27800	LONG	0,00167	5981,87	0,00451	HOLD	98,2349	134,6411
2023-04-04	07:00	27800	27868,31	27662,79	27760,58	LONG	0,00167	5981,87	0,00451	HOLD	98,2349	134,5753
2023-04-04	08:00	27760,58	27900,24	27693,8	27816,16	LONG	0,00167	5981,87	0,00451	HOLD	98,2349	134,6681
2023-04-04	09:00	27816,16	27950,62	27780,79	27857,35	LONG	0,00167	5981,87	0,00451	HOLD	98,2349	134,7369
2023-04-04	10:00	27857,35	27965	27850	27855,06	LONG	0,00167	5981,87	0,00451	HOLD	98,2349	134,7331
2023-04-04	11:00	27855,06	27885,28	27775,37	27813,86	LONG	0,00167	5981,87	0,00451	HOLD	98,2349	134,6643
2023-04-04	12:00	27813,86	27939,18	27813,86	27890,01	LONG	0,00167	5981,87	0,00451	HOLD	98,2349	134,7915
2023-04-04	13:00	27890,01	28145	27860,17	28078,14	LONG	0,00167	5981,87	0,00451	HOLD	98,2349	135,1056
2023-04-04	14:00	28078,13	28143,03	27962,47	28021,3	LONG	0,00167	5981,87	0,00451	HOLD	98,2349	135,0107
2023-04-04	15:00	28021,31	28137,98	27931,2	28103,48	LONG	0,00167	5981,87	0,00451	HOLD	98,2349	135,148
2023-04-04	16:00	28103,49	28207,27	28028,79	28198,76	LONG	0,00167	5981,87	0,00451	HOLD	98,2349	135,3071
2023-04-04	17:00	28198,77	28350	28172,48	28219,63	LONG	0,00167	5981,87	0,00451	HOLD	98,2349	135,3419
2023-04-04	18:00	28219,64	28444,44	28164,33	28289,52	LONG	0,00167	5981,87	0,00451	HOLD	98,2349	135,4586
2023-04-04	19:00	28289,51	28381,19	28205,67	28267,68	LONG	0,00167	5981,87	0,00451	HOLD	98,2349	135,4222
2023-04-04	20:00	28267,69	28399	28061	28111,04	LONG	0,00167	5981,87	0,00451	HOLD	98,2349	135,1606
2023-04-04	21:00	28111,03	28257	28079,69	28123	LONG	0,00167	5981,87	0,00451	HOLD	98,2349	135,1806
2023-04-04	22:00	28123	28144,58	27947,59	28030,04	LONG	0,00167	5981,87	0,00451	HOLD	98,2349	135,0253
2023-04-04	23:00	28030,05	28131,35	27971,07	28098,99	LONG	0,00167	5981,87	0,00451	HOLD	98,2349	135,1405
2023-04-05	00:00	28098,98	28235,04	28079,99	28226,99	LONG	0,00167	5981,87	0,00451	HOLD	98,2349	135,3542
2023-04-05	01:00	28226,98	28260	28083,33	28114,42	LONG	0,00167	5981,87	0,00451	HOLD	98,2349	135,1662
2023-04-05	02:00	28114,42	28199	28070,7	28189,25	LONG	0,00167	5981,87	0,00451	HOLD	98,2349	135,2912
2023-04-05	03:00	28189,25	28305	28174,44	28250,04	LONG	0,00167	5981,87	0,00451	HOLD	98,2349	135,3927
2023-04-05	04:00	28250,04	28254,11	28160,51	28223,62	LONG	0,00167	5981,87	0,00451	HOLD	98,2349	135,3486
2023-04-05	05:00	28223,62	28258,93	28182,22	28187,26	LONG	0,00167	5981,87	0,00451	HOLD	98,2349	135,2879
2023-04-05	06:00	28187,25	28211,86	28078,63	28165,47	LONG	0,00167	5981,87	0,00451	HOLD	98,2349	135,2515
2023-04-05	07:00	28165,47	28733	28099,68	28661,81	LONG	0,00167	5981,87	0,00451	HOLD	98,2349	136,0804
2023-04-05	08:00	28661,81	28740	28543,34	28571,41	LONG	0,00167	5981,87	0,00451	HOLD	98,2349	135,9294
2023-04-05	09:00	28571,42	28775	28522,99	28565,57	LONG	0,00167	5981,87	0,00451	HOLD	98,2349	135,9196
2023-04-05	10:00	28565,58	28575,79	28428,69	28544,72	LONG	0,00167	5981,87	0,00451	HOLD	98,2349	135,8848
2023-04-05	11:00	28544,73	28577,38	28483,09	28506,62	LONG	0,00167	5981,87	0,00451	HOLD	98,2349	135,8212
2023-04-05	12:00	28506,61	28624,35	28480,67	28582,84	LONG	0,00167	5981,87	0,00451	HOLD	98,2349	135,9485
2023-04-05	13:00	28582,84	28603,59	28491,29	28534,42	LONG	0,00167	5981,87	0,00451	HOLD	98,2349	135,8676
2023-04-05	14:00	28534,43	28540	28455	28525,21	LONG	0,00167	5981,87	0,00451	HOLD	98,2349	135,8522
2023-04-05	15:00	28525,2	28600	28450,5	28543,8	LONG	0,00167	5981,87	0,00451	HOLD	98,2349	135,8833
2023-04-05	16:00	28543,8	28595,94	28502,16	28508,76	LONG	0,00167	5981,87	0,00451	HOLD	98,2349	135,8248
2023-04-05	17:00	28508,75	28529,72	28476,24	28510	LONG	0,00167	5981,87	0,00451	HOLD	98,2349	135,8268
2023-04-05	18:00	28510	28567,85	28480,72	28554,38	LONG	0,00167	5981,87	0,00451	HOLD	98,2349	135,901
2023-04-05	19:00	28554,37	28750	28312,5	28568,95	LONG	0,00167	5981,87	0,00451	HOLD	98,2349	135,9253
2023-04-05	20:00	28568,57	28600,5	28300	28404,58	LONG	0,00167	5981,87	0,00451	HOLD	98,2349	135,6508
2023-04-05	21:00	28404,57	28476,81	28087	28105,2	LONG	0,00167	5981,87	0,00451	HOLD	98,2349	135,1508
2023-04-05	22:00	28105,19	28127	27860	28031,09	LONG	0,00167	5981,87	0,00451	HOLD	98,2349	135,0271
2023-04-05	23:00	28031,09	28053,88	27805,1	27947,99	LONG	0,00167	5981,87	0,00451	HOLD	98,2349	134,8883
2023-04-06	00:00	27947,99	28120	27919,23	28023,74	LONG	0,00167	5981,87	0,00451	HOLD	98,2349	135,0148
2023-04-06	01:00	28023,75	28060	27935,71	28030,2	LONG	0,00167	5981,87	0,00451	HOLD	98,2349	135,0256
2023-04-06	02:00	28030,19	28308,04	27967,8	28240,64	LONG	0,00167	5981,87	0,00451	HOLD	98,2349	135,377
2023-04-06	03:00	28240,64	28300	28132,82	28150,61	LONG	0,00167	5981,87	0,00451	HOLD	98,2349	135,2267
2023-04-06	04:00	28150,61	28217,37	28134,39	28181,06	LONG	0,00167	5981,87	0,00451	HOLD	98,2349	135,2775
2023-04-06	05:00	28181,06	28236,15	28132,16	28175,28	LONG	0,00167	5981,87	0,00451	HOLD	98,2349	135,2679
2023-04-06	06:00	28175,28	28212,5	28137,67	28170,01	LONG	0,00167	5981,87	0,00451	HOLD	98,2349	135,2591
2023-04-06	07:00	28170,01	28182,05	27918,35	27999,15	LONG	0,00167	5981,87	0,00451	HOLD	98,2349	134,9737
2023-04-06	08:00	27999,14	28090	27878,6	28064,46	LONG	0,00167	5981,87	0,00451	HOLD	98,2349	135,0828
2023-04-06	09:00	28064,45	28095,71	27978,21	28039,73	LONG	0,00167	5981,87	0,00451	HOLD	98,2349	135,0415
2023-04-06	10:00	28039,74	28153,69	28022,48	28128,42	LONG	0,00167	5981,87	0,00451	HOLD	98,2349	135,1896
2023-04-06	11:00	28128,42	28130	28067,28	28068,91	LONG	0,00167	5981,87	0,00451	HOLD	98,2349	135,0902
2023-04-06	12:00	28068,91	28081,06	27969,61	28036,75	LONG	0,00167	5981,87	0,00451	HOLD	98,2349	135,0365
2023-04-06	13:00	28036,75	28073,92	28006,46	28063,91	LONG	0,00167	5981,87	0,00451	HOLD	98,2349	135,0819
2023-04-06	14:00	28063,91	28088,88	27907,77	27910,97	LONG	0,00167	5981,87	0,00451	HOLD	98,2349	134,8265
2023-04-06	15:00	27910,97	27988,58	27850	27953,62	LONG	0,00167	5981,87	0,00451	HOLD	98,2349	134,8977
2023-04-06	16:00	27953,61	28028,6	27900	27904,04	LONG	0,00167	5981,87	0,00451	HOLD	98,2349	134,8149
2023-04-06	17:00	27904,04	27907,59	27711	27850	LONG	0,00167	5981,87	0,00451	HOLD	98,2349	134,7246
2023-04-06	18:00	27849,99	27954,42	27846,12	27945,52	LONG	0,00167	5981,87	0,00451	HOLD	98,2349	134,8842
2023-04-06	19:00	27945,51	28085	27856,54	27903,73	LONG	0,00167	5981,87	0,00451	HOLD	98,2349	134,8144
2023-04-06	20:00	27903,73	27979,01	27750	27891,16	LONG	0,00167	5981,87	0,00451	HOLD	98,2349	134,7934
2023-04-06	21:00	27891,16	27978,54	27888,26	27952,78	LONG	0,00167	5981,87	0,00451	HOLD	98,2349	134,8963
2023-04-06	22:00	27952,78	28181,05	27943,76	28090,39	LONG	0,00167	5981,87	0,00451	HOLD	98,2349	135,1261
2023-04-06	23:00	28090,39	28165,88	28046,88	28065,14	LONG	0,00167	5981,87	0,00451	HOLD	98,2349	135,0839
2023-04-07	00:00	28065,15	28084,18	28014,99	28041,4	LONG	0,00167	5981,87	0,00451	HOLD	98,2349	135,0443
2023-04-07	01:00	28041,41	28094,41	27954,06	27963,35	LONG	0,00167	5981,87	0,00451	HOLD	98,2349	134,9139
2023-04-07	02:00	27963,34	28056,67	27950,9	28017,77	LONG	0,00167	5981,87	0,00451	HOLD	98,2349	135,0048
2023-04-07	03:00	28017,77	28121,87	27966	27975,85	LONG	0,00167	5981,87	0,00451	HOLD	98,2349	134,9348
2023-04-07	04:00	27975,85	28052,8	27957,04	27989,16	LONG	0,00167	5981,87	0,00451	HOLD	98,2349	134,957
2023-04-07	05:00	27989,15	28008,43	27900	28007,86	LONG	0,00167	5981,87	0,00451	HOLD	98,2349	134,9883
2023-04-07	06:00	28007,87	28055,62	28007,86	28033,82	LONG	0,00167	5981,87	0,00451	HOLD	98,2349	135,0316
2023-04-07	07:00	28033,83	28100	27998,04	28097,99	LONG	0,00167	5981,87	0,00451	HOLD	98,2349	135,1388
2023-04-07	08:00	28097,99	28098,2	28036,63	28056,51	LONG	0,00167	5981,87	0,00451	HOLD	98,2349	135,0695
2023-04-07	09:00	28056,51	28072,94	27926,52	28017,22	LONG	0,00167	5981,87	0,00451	HOLD	98,2349	135,0039
2023-04-07	10:00	28017,22	28049,84	27979,75	28038,66	LONG	0,00167	5981,87	0,00451	HOLD	98,2349	135,0397
2023-04-07	11:00	28038,67	28062,73	27999,9	28021,77	LONG	0,00167	5981,87	0,00451	HOLD	98,2349	135,0115
2023-04-07	12:00	28021,77	28021,77	27863,23	27980	LONG	0,00167	5981,87	0,00451	HOLD	98,2349	134,9417
2023-04-07	13:00	27980	27984,75	27900	27960,09	LONG	0,00167	5981,87	0,00451	HOLD	98,2349	134,9085
2023-04-07	14:00	27960,09	27960,1	27766,94	27839,78	LONG	0,00167	5981,87	0,00451	HOLD	98,2349	134,7076
2023-04-07	15:00	27839,79	27937,82	27785	27816,76	LONG	0,00167	5981,87	0,00451	HOLD	98,2349	134,6691
2023-04-07	16:00	27816,76	27894,99	27790,1	27869,48	LONG	0,00167	5981,87	0,00451	HOLD	98,2349	134,7572
2023-04-07	17:00	27869,48	27961,67	27861,38	27933,36	LONG	0,00167	5981,87	0,00451	HOLD	98,2349	134,8639
2023-04-07	18:00	27933,36	27935,98	27800	27840,9	LONG	0,00167	5981,87	0,00451	HOLD	98,2349	134,7094
2023-04-07	19:00	27840,89	27981	27800	27892,63	LONG	0,00167	5981,87	0,00451	HOLD	98,2349	134,7958
2023-04-07	20:00	27892,63	27929,37	27833,97	27896,93	LONG	0,00167	5981,87	0,00451	HOLD	98,2349	134,803
2023-04-07	21:00	27896,92	27984,75	27893,26	27914,64	LONG	0,00167	5981,87	0,00451	HOLD	98,2349	134,8326
2023-04-07	22:00	27914,64	27954,51	27907,69	27944,1	LONG	0,00167	5981,87	0,00451	HOLD	98,2349	134,8818
2023-04-07	23:00	27944,09	27953,47	27856	27879,3	LONG	0,00167	5981,87	0,00451	HOLD	98,2349	134,7736
2023-04-08	00:00	27879,3	27941,11	27879,3	27911,51	LONG	0,00167	5981,87	0,00451	HOLD	98,2349	134,8274
2023-04-08	01:00	27911,5	27930	27874,13	27891,77	LONG	0,00167	5981,87	0,00451	HOLD	98,2349	134,7944
2023-04-08	02:00	27891,76	27905,15	27869,26	27897,52	LONG	0,00167	5981,87	0,00451	HOLD	98,2349	134,804
2023-04-08	03:00	27897,51	27922,99	27839,02	27864,2	LONG	0,00167	5981,87	0,00451	HOLD	98,2349	134,7484
2023-04-08	04:00	27864,21	27909,27	27858,3	27891,13	LONG	0,00167	5981,87	0,00451	HOLD	98,2349	134,7933
2023-04-08	05:00	27891,13	27980,74	27864,99	27955,99	LONG	0,00167	5981,87	0,00451	HOLD	98,2349	134,9016
2023-04-08	06:00	27955,99	27973,04	27894,32	27906,33	LONG	0,00167	5981,87	0,00451	HOLD	98,2349	134,8187
2023-04-08	07:00	27906,34	27919,61	27859,02	27880,27	LONG	0,00167	5981,87	0,00451	HOLD	98,2349	134,7752
2023-04-08	08:00	27880,26	27935,15	27880,02	27903,24	LONG	0,00167	5981,87	0,00451	HOLD	98,2349	134,8136
2023-04-08	09:00	27903,24	27965,76	27902,95	27956,76	LONG	0,00167	5981,87	0,00451	HOLD	98,2349	134,9029
2023-04-08	10:00	27956,77	28059,39	27939,46	28023,39	LONG	0,00167	5981,87	0,00451	HOLD	98,2349	135,0142
2023-04-08	11:00	28023,39	28040,72	27974,14	27984,98	LONG	0,00167	5981,87	0,00451	HOLD	98,2349	134,9501
2023-04-08	12:00	27984,97	28154,99	27979,03	28140,92	LONG	0,00167	5981,87	0,00451	HOLD	98,2349	135,2105
2023-04-08	13:00	28140,91	28152,57	28086,28	28113,12	LONG	0,00167	5981,87	0,00451	HOLD	98,2349	135,1641
2023-04-08	14:00	28113,13	28122,38	28063,89	28086,22	LONG	0,00167	5981,87	0,00451	HOLD	98,2349	135,1191
2023-04-08	15:00	28086,22	28114,94	28018,61	28025,53	LONG	0,00167	5981,87	0,00451	HOLD	98,2349	135,0178
2023-04-08	16:00	28025,53	28062,28	28013,15	28032,49	LONG	0,00167	5981,87	0,00451	HOLD	98,2349	135,0294
2023-04-08	17:00	28032,49	28034,68	27994,7	28011,62	LONG	0,00167	5981,87	0,00451	HOLD	98,2349	134,9945
2023-04-08	18:00	28011,61	28032,64	27990,57	28016,09	LONG	0,00167	5981,87	0,00451	HOLD	98,2349	135,002
2023-04-08	19:00	28016,09	28032,08	27950	27987,57	LONG	0,00167	5981,87	0,00451	HOLD	98,2349	134,9544
2023-04-08	20:00	27987,58	28046,26	27970,08	28020,66	LONG	0,00167	5981,87	0,00451	HOLD	98,2349	135,0096
2023-04-08	21:00	28020,66	28057	28010,4	28027,67	LONG	0,00167	5981,87	0,00451	HOLD	98,2349	135,0214
2023-04-08	22:00	28027,66	28028,7	27985,38	28014,7	LONG	0,00167	5981,87	0,00451	HOLD	98,2349	134,9997
2023-04-08	23:00	28014,71	28020	27995,93	28002,53	LONG	0,00167	5981,87	0,00451	HOLD	98,2349	134,9794
2023-04-09	00:00	28002,52	28017,04	27897,26	27935,11	LONG	0,00167	5981,87	0,00451	HOLD	98,2349	134,8668
2023-04-09	01:00	27935,11	27955	27872,11	27904,38	LONG	0,00167	5981,87	0,00451	HOLD	98,2349	134,8155
2023-04-09	02:00	27904,37	27952,17	27875,96	27924,13	LONG	0,00167	5981,87	0,00451	HOLD	98,2349	134,8484
2023-04-09	03:00	27924,13	27955	27911,41	27911,69	LONG	0,00167	5981,87	0,00451	HOLD	98,2349	134,8277
2023-04-09	04:00	27911,7	27935,09	27900,44	27929,8	LONG	0,00167	5981,87	0,00451	HOLD	98,2349	134,8579
2023-04-09	05:00	27929,8	27951	27885,86	27937,77	LONG	0,00167	5981,87	0,00451	HOLD	98,2349	134,8712
2023-04-09	06:00	27937,77	27987,41	27927,71	27938,38	LONG	0,00167	5981,87	0,00451	HOLD	98,2349	134,8722
2023-04-09	07:00	27938,38	28075	27924,9	28036,76	LONG	0,00167	5981,87	0,00451	HOLD	98,2349	135,0365
2023-04-09	08:00	28036,76	28082,1	28030	28077,78	LONG	0,00167	5981,87	0,00451	HOLD	98,2349	135,105
2023-04-09	09:00	28077,78	28083,45	28031,08	28036,3	LONG	0,00167	5981,87	0,00451	HOLD	98,2349	135,0358
2023-04-09	10:00	28036,31	28054,01	28018,63	28027,71	LONG	0,00167	5981,87	0,00451	HOLD	98,2349	135,0214
2023-04-09	11:00	28027,71	28041,06	28010	28037,39	LONG	0,00167	5981,87	0,00451	HOLD	98,2349	135,0376
2023-04-09	12:00	28037,38	28067,46	27991,43	27999,25	LONG	0,00167	5981,87	0,00451	HOLD	98,2349	134,9739
2023-04-09	13:00	27999,25	27999,25	27851	27880,13	LONG	0,00167	5981,87	0,00451	HOLD	98,2349	134,775
2023-04-09	14:00	27880,12	27915,34	27840,51	27903,02	LONG	0,00167	5981,87	0,00451	HOLD	98,2349	134,8132
2023-04-09	15:00	27903,01	27922,31	27800	27881,64	LONG	0,00167	5981,87	0,00451	HOLD	98,2349	134,7775
2023-04-09	16:00	27881,65	27938,86	27881,64	27898,58	LONG	0,00167	5981,87	0,00451	HOLD	98,2349	134,8058
2023-04-09	17:00	27898,59	27914,29	27861,55	27893,22	LONG	0,00167	5981,87	0,00451	HOLD	98,2349	134,7968
2023-04-09	18:00	27893,23	27949,99	27866,87	27930,2	LONG	0,00167	5981,87	0,00451	HOLD	98,2349	134,8586
2023-04-09	19:00	27930,2	27973,39	27919,4	27930,07	LONG	0,00167	5981,87	0,00451	HOLD	98,2349	134,8584
2023-04-09	20:00	27930,07	27930,08	27873,46	27905,62	LONG	0,00167	5981,87	0,00451	HOLD	98,2349	134,8175
2023-04-09	21:00	27905,62	27925,01	27800	27866,49	LONG	0,00167	5981,87	0,00451	HOLD	98,2349	134,7522
2023-04-09	22:00	27866,48	27918,26	27835,26	27891,91	LONG	0,00167	5981,87	0,00451	HOLD	98,2349	134,7946
2023-04-09	23:00	27891,91	27942,55	27890,75	27896,98	LONG	0,00167	5981,87	0,00451	HOLD	98,2349	134,8031
2023-04-10	00:00	27896,97	27930,1	27876,68	27906,68	LONG	0,00167	5981,87	0,00451	HOLD	98,2349	134,8193
2023-04-10	01:00	27906,67	28050	27906,67	28026,72	LONG	0,00167	5981,87	0,00451	HOLD	98,2349	135,0198
2023-04-10	02:00	28027,18	28250	27998,88	28140,4	LONG	0,00167	5981,87	0,00451	HOLD	98,2349	135,2096
2023-04-10	03:00	28140,41	28160,67	28094,5	28114,63	LONG	0,00167	5981,87	0,00451	HOLD	98,2349	135,1666
2023-04-10	04:00	28114,63	28476,34	28114,63	28437,19	LONG	0,00167	5981,87	0,00451	HOLD	98,2349	135,7052
2023-04-10	05:00	28437,2	28530	28360	28371,39	LONG	0,00167	5981,87	0,00451	HOLD	98,2349	135,5954
2023-04-10	06:00	28371,38	28429,55	28292,54	28323,76	LONG	0,00167	5981,87	0,00451	HOLD	98,2349	135,5158
2023-04-10	07:00	28323,76	28425,43	28285,61	28381,25	LONG	0,00167	5981,87	0,00451	HOLD	98,2349	135,6118
2023-04-10	08:00	28381,24	28381,25	28244,18	28304,05	LONG	0,00167	5981,87	0,00451	HOLD	98,2349	135,4829
2023-04-10	09:00	28304,04	28350	28271,14	28296	LONG	0,00167	5981,87	0,00451	HOLD	98,2349	135,4695
2023-04-10	10:00	28296,01	28319,55	28266,01	28278,45	LONG	0,00167	5981,87	0,00451	HOLD	98,2349	135,4402
2023-04-10	11:00	28278,45	28317,61	28212,28	28234,51	LONG	0,00167	5981,87	0,00451	HOLD	98,2349	135,3668
2023-04-10	12:00	28234,52	28314,27	28196,61	28282,16	LONG	0,00167	5981,87	0,00451	HOLD	98,2349	135,4463
2023-04-10	13:00	28282,17	28305	28253,7	28277,94	LONG	0,00167	5981,87	0,00451	HOLD	98,2349	135,4393
2023-04-10	14:00	28277,94	28325,43	28233,8	28284,57	LONG	0,00167	5981,87	0,00451	HOLD	98,2349	135,4504
2023-04-10	15:00	28284,57	28375,02	28284,57	28295,16	LONG	0,00167	5981,87	0,00451	HOLD	98,2349	135,4681
2023-04-10	16:00	28295,17	28350,02	28275,29	28310,29	LONG	0,00167	5981,87	0,00451	HOLD	98,2349	135,4933
2023-04-10	17:00	28310,28	28361,51	28293,67	28331,88	LONG	0,00167	5981,87	0,00451	HOLD	98,2349	135,5294
2023-04-10	18:00	28331,88	28369,99	28275,01	28305,6	LONG	0,00167	5981,87	0,00451	HOLD	98,2349	135,4855
2023-04-10	19:00	28305,59	28317,81	28255	28277,86	LONG	0,00167	5981,87	0,00451	HOLD	98,2349	135,4392
2023-04-10	20:00	28277,85	28297,36	28170	28217,46	LONG	0,00167	5981,87	0,00451	HOLD	98,2349	135,3383
2023-04-10	21:00	28217,45	28341,97	28199,3	28305,43	LONG	0,00167	5981,87	0,00451	HOLD	98,2349	135,4852
2023-04-10	22:00	28305,42	28575,04	28305,42	28439,38	LONG	0,00167	5981,87	0,00451	HOLD	98,2349	135,7089
2023-04-10	23:00	28439,39	29150	28356,51	29036,85	LONG	0,00167	5981,87	0,00451	HOLD	98,2349	136,7067
2023-04-11	00:00	29036,85	29380	29000	29160	LONG	0,00167	5981,87	0,00451	HOLD	98,2349	136,9123
2023-04-11	01:00	29160	29289,99	29115	29273,14	LONG	0,00167	5981,87	0,00451	HOLD	98,2349	137,1013
2023-04-11	02:00	29273,14	29295,46	29057,04	29173,06	LONG	0,00167	5981,87	0,00451	HOLD	98,2349	136,9342
2023-04-11	03:00	29173,05	29215,02	29069,1	29115,11	LONG	0,00167	5981,87	0,00451	HOLD	98,2349	136,8374
2023-04-11	04:00	29115,11	29278,78	29090,34	29222,34	LONG	0,00167	5981,87	0,00451	HOLD	98,2349	137,0165
2023-04-11	05:00	29222,34	29747,01	29222,34	29594	LONG	0,00167	5981,87	0,00451	HOLD	98,2349	137,6371
2023-04-11	06:00	29594	29770	29590	29637,34	LONG	0,00167	5981,87	0,00451	HOLD	98,2349	137,7095
2023-04-11	07:00	29637,35	29990	29590	29928,86	LONG	0,00167	5981,87	0,00451	HOLD	98,2349	138,1963
2023-04-11	08:00	29928,85	30308,23	29754,49	30189,9	LONG	0,00167	5981,87	0,00451	HOLD	98,2349	138,6323
2023-04-11	09:00	30189,9	30430	29987,6	30083,01	LONG	0,00167	5981,87	0,00451	HOLD	98,2349	138,4538
2023-04-11	10:00	30083,01	30124,12	29936,91	30115,95	LONG	0,00167	5981,87	0,00451	HOLD	98,2349	138,5088
2023-04-11	11:00	30115,95	30169,14	30017,37	30109,01	LONG	0,00167	5981,87	0,00451	HOLD	98,2349	138,4972
2023-04-11	12:00	30109,01	30147	29800	29883,84	LONG	0,00167	5981,87	0,00451	HOLD	98,2349	138,1212
2023-04-11	13:00	29883,84	30087,77	29878,92	30035,78	LONG	0,00167	5981,87	0,00451	HOLD	98,2349	138,3749
2023-04-11	14:00	30035,78	30160,53	30035,59	30106,89	LONG	0,00167	5981,87	0,00451	HOLD	98,2349	138,4936
2023-04-11	15:00	30106,9	30147,38	30045	30093,9	LONG	0,00167	5981,87	0,00451	HOLD	98,2349	138,472
2023-04-11	16:00	30093,91	30094,01	29974	30052,38	LONG	0,00167	5981,87	0,00451	HOLD	98,2349	138,4026
2023-04-11	17:00	30052,38	30144,83	30008,95	30122,5	LONG	0,00167	5981,87	0,00451	HOLD	98,2349	138,5197
2023-04-11	18:00	30122,49	30123,91	30050,69	30055,15	LONG	0,00167	5981,87	0,00451	HOLD	98,2349	138,4072
2023-04-11	19:00	30055,14	30200,58	30010,41	30098,92	LONG	0,00167	5981,87	0,00451	HOLD	98,2349	138,4803
2023-04-11	20:00	30098,92	30250	30073,01	30246,31	LONG	0,00167	5981,87	0,00451	HOLD	98,2349	138,7265
2023-04-11	21:00	30246,3	30280	29975	30060,39	LONG	0,00167	5981,87	0,00451	HOLD	98,2349	138,416
2023-04-11	22:00	30060,39	30246,26	30044,65	30194,22	LONG	0,00167	5981,87	0,00451	HOLD	98,2349	138,6395
2023-04-11	23:00	30194,23	30263,71	30100	30127,98	LONG	0,00167	5981,87	0,00451	HOLD	98,2349	138,5289
2023-04-12	00:00	30127,98	30220	30040	30207,57	LONG	0,00167	5981,87	0,00451	HOLD	98,2349	138,6618
2023-04-12	01:00	30207,57	30240	30151,68	30230,24	LONG	0,00167	5981,87	0,00451	HOLD	98,2349	138,6996
2023-04-12	02:00	30230,23	30550	30105,01	30130,02	LONG	0,00167	5981,87	0,00451	HOLD	98,2349	138,5323
2023-04-12	03:00	30130,02	30173,76	29940	30164,23	LONG	0,00167	5981,87	0,00451	HOLD	98,2349	138,5894
2023-04-12	04:00	30164,24	30239,59	30130,23	30189,52	LONG	0,00167	5981,87	0,00451	HOLD	98,2349	138,6316
2023-04-12	05:00	30189,51	30272,28	30147,64	30263,75	LONG	0,00167	5981,87	0,00451	HOLD	98,2349	138,7556
2023-04-12	06:00	30263,74	30274,19	30160	30200,42	LONG	0,00167	5981,87	0,00451	HOLD	98,2349	138,6498
2023-04-12	07:00	30200,43	30350,07	30193,67	30224,78	LONG	0,00167	5981,87	0,00451	HOLD	98,2349	138,6905
2023-04-12	08:00	30224,77	30292,44	30122,72	30170,8	LONG	0,00167	5981,87	0,00451	HOLD	98,2349	138,6004
2023-04-12	09:00	30170,8	30170,8	29811,82	29916,16	LONG	0,00167	5981,87	0,00451	HOLD	98,2349	138,1751
2023-04-12	10:00	29916,16	29989,19	29858,19	29922,04	LONG	0,00167	5981,87	0,00451	HOLD	98,2349	138,1849
2023-04-12	11:00	29922,04	29995,35	29887,03	29978,58	LONG	0,00167	5981,87	0,00451	HOLD	98,2349	138,2794
2023-04-12	12:00	29978,59	29999,23	29891,46	29920	LONG	0,00167	5981,87	0,00451	HOLD	98,2349	138,1815
2023-04-12	13:00	29919,99	29956,81	29850	29932,89	LONG	0,00167	5981,87	0,00451	HOLD	98,2349	138,2031
2023-04-12	14:00	29932,88	30070,42	29924,26	29987	LONG	0,00167	5981,87	0,00451	HOLD	98,2349	138,2934
2023-04-12	15:00	29986,99	30050,47	29913,71	29914,97	LONG	0,00167	5981,87	0,00451	HOLD	98,2349	138,1731
2023-04-12	16:00	29914,97	30007,83	29895,98	30007,68	LONG	0,00167	5981,87	0,00451	HOLD	98,2349	138,328
2023-04-12	17:00	30007,67	30029,37	29978,13	29996,27	LONG	0,00167	5981,87	0,00451	HOLD	98,2349	138,3089
2023-04-12	18:00	29996,28	30019,65	29930,95	30016,3	LONG	0,00167	5981,87	0,00451	HOLD	98,2349	138,3424
2023-04-12	19:00	30016,31	30486	29919	30157,09	LONG	0,00167	5981,87	0,00451	HOLD	98,2349	138,5775
2023-04-12	20:00	30157,09	30340,22	29964	30053,73	LONG	0,00167	5981,87	0,00451	HOLD	98,2349	138,4049
2023-04-12	21:00	30053,72	30263,4	30016,95	30024,69	LONG	0,00167	5981,87	0,00451	HOLD	98,2349	138,3564
2023-04-12	22:00	30024,69	30066,96	29637,4	29964,02	LONG	0,00167	5981,87	0,00451	HOLD	98,2349	138,2551
2023-04-12	23:00	29964,03	30034,99	29915,01	29939,02	LONG	0,00167	5981,87	0,00451	HOLD	98,2349	138,2133
2023-04-13	00:00	29939,02	30091,01	29907,14	30023,92	LONG	0,00167	5981,87	0,00451	HOLD	98,2349	138,3551
2023-04-13	01:00	30023,93	30057,52	29845,01	29917,26	LONG	0,00167	5981,87	0,00451	HOLD	98,2349	138,177
2023-04-13	02:00	29917,27	29949,76	29760,13	29798,59	LONG	0,00167	5981,87	0,00451	HOLD	98,2349	137,9788
2023-04-13	03:00	29798,59	29955	29775,68	29947,47	LONG	0,00167	5981,87	0,00451	HOLD	98,2349	138,2274
2023-04-13	04:00	29947,48	29979,74	29900,77	29944,12	LONG	0,00167	5981,87	0,00451	HOLD	98,2349	138,2218
2023-04-13	05:00	29944,12	29975,41	29796,21	29841,35	LONG	0,00167	5981,87	0,00451	HOLD	98,2349	138,0502
2023-04-13	06:00	29841,35	29939,61	29823,45	29888,07	LONG	0,00167	5981,87	0,00451	HOLD	98,2349	138,1282
2023-04-13	07:00	29888,07	30035,28	29854,59	29984,69	LONG	0,00167	5981,87	0,00451	HOLD	98,2349	138,2896
2023-04-13	08:00	29984,7	30077,49	29945,64	30065,13	LONG	0,00167	5981,87	0,00451	HOLD	98,2349	138,4239
2023-04-13	09:00	30065,13	30200	29997,51	30116,51	LONG	0,00167	5981,87	0,00451	HOLD	98,2349	138,5097
2023-04-13	10:00	30116,51	30121,7	30040	30072,17	LONG	0,00167	5981,87	0,00451	HOLD	98,2349	138,4357
2023-04-13	11:00	30072,17	30106,16	30041,22	30053,65	LONG	0,00167	5981,87	0,00451	HOLD	98,2349	138,4047
2023-04-13	12:00	30053,65	30128,59	30041,48	30105,08	LONG	0,00167	5981,87	0,00451	HOLD	98,2349	138,4906
2023-04-13	13:00	30105,08	30116,87	29986,64	30016,54	LONG	0,00167	5981,87	0,00451	HOLD	98,2349	138,3428
2023-04-13	14:00	30016,53	30107,1	29982,93	30068,6	LONG	0,00167	5981,87	0,00451	HOLD	98,2349	138,4297
2023-04-13	15:00	30068,6	30269	30039	30188,14	LONG	0,00167	5981,87	0,00451	HOLD	98,2349	138,6293
2023-04-13	16:00	30188,15	30374,87	30150,5	30204,85	LONG	0,00167	5981,87	0,00451	HOLD	98,2349	138,6572
2023-04-13	17:00	30204,85	30244,09	30152	30203,14	LONG	0,00167	5981,87	0,00451	HOLD	98,2349	138,6544
2023-04-13	18:00	30203,13	30235	30151	30159,82	LONG	0,00167	5981,87	0,00451	HOLD	98,2349	138,582
2023-04-13	19:00	30159,81	30303,64	30134,16	30272,14	LONG	0,00167	5981,87	0,00451	HOLD	98,2349	138,7696
2023-04-13	20:00	30272,13	30328,91	30165,01	30175,75	LONG	0,00167	5981,87	0,00451	HOLD	98,2349	138,6086
2023-04-13	21:00	30175,75	30530	30173,94	30435,34	LONG	0,00167	5981,87	0,00451	HOLD	98,2349	139,0422
2023-04-13	22:00	30435,33	30595	30300	30441,43	LONG	0,00167	5981,87	0,00451	HOLD	98,2349	139,0523
2023-04-13	23:00	30441,43	30476,42	30262,4	30322,37	LONG	0,00167	5981,87	0,00451	HOLD	98,2349	138,8535
2023-04-14	00:00	30322,38	30435,48	30283,72	30425,85	LONG	0,00167	5981,87	0,00451	HOLD	98,2349	139,0263
2023-04-14	01:00	30425,85	30535,76	30409,78	30440,78	LONG	0,00167	5981,87	0,00451	HOLD	98,2349	139,0512
2023-04-14	02:00	30440,79	30440,79	30307,09	30335,13	LONG	0,00167	5981,87	0,00451	HOLD	98,2349	138,8748
2023-04-14	03:00	30335,13	30335,14	30205	30251,97	LONG	0,00167	5981,87	0,00451	HOLD	98,2349	138,7359
2023-04-14	04:00	30251,96	30328,42	30245,01	30283,7	LONG	0,00167	5981,87	0,00451	HOLD	98,2349	138,7889
2023-04-14	05:00	30283,7	30394,7	30283,69	30296,09	LONG	0,00167	5981,87	0,00451	HOLD	98,2349	138,8096
2023-04-14	06:00	30296,09	30388,71	30280,11	30373,84	LONG	0,00167	5981,87	0,00451	HOLD	98,2349	138,9395
2023-04-14	07:00	30373,84	30799,61	30310,03	30745,73	LONG	0,00167	5981,87	0,00451	HOLD	98,2349	139,5605
2023-04-14	08:00	30745,72	30893,79	30682,09	30775,34	LONG	0,00167	5981,87	0,00451	HOLD	98,2349	139,61
2023-04-14	09:00	30775,34	30808,78	30520	30595,8	LONG	0,00167	5981,87	0,00451	HOLD	98,2349	139,3101
2023-04-14	10:00	30595,8	30738,64	30549,33	30690,88	LONG	0,00167	5981,87	0,00451	HOLD	98,2349	139,4689
2023-04-14	11:00	30690,89	30754,05	30674,53	30708,82	LONG	0,00167	5981,87	0,00451	HOLD	98,2349	139,4989
2023-04-14	12:00	30708,82	30836,54	30698,25	30796,28	LONG	0,00167	5981,87	0,00451	HOLD	98,2349	139,6449
2023-04-14	13:00	30796,27	31000	30714,5	30942,87	LONG	0,00167	5981,87	0,00451	HOLD	98,2349	139,8897
2023-04-14	14:00	30942,86	30963,69	30725,01	30733,72	LONG	0,00167	5981,87	0,00451	HOLD	98,2349	139,5405
2023-04-14	15:00	30733,73	30788,47	30657,14	30730,22	LONG	0,00167	5981,87	0,00451	HOLD	98,2349	139,5346
2023-04-14	16:00	30730,22	30798,29	30700	30794,16	LONG	0,00167	5981,87	0,00451	HOLD	98,2349	139,6414
2023-04-14	17:00	30794,16	30827,27	30758,89	30766,01	LONG	0,00167	5981,87	0,00451	HOLD	98,2349	139,5944
2023-04-14	18:00	30766,01	30806,7	30727,63	30801,89	LONG	0,00167	5981,87	0,00451	HOLD	98,2349	139,6543
2023-04-14	19:00	30801,89	30850	30575	30616,98	LONG	0,00167	5981,87	0,00451	HOLD	98,2349	139,3455
2023-04-14	20:00	30616,98	30749,58	30610,03	30721,54	LONG	0,00167	5981,87	0,00451	HOLD	98,2349	139,5201
2023-04-14	21:00	30721,54	30757,6	30483,21	30599,89	LONG	0,00167	5981,87	0,00451	HOLD	98,2349	139,317
2023-04-14	22:00	30599,89	30629	30101	30237,89	LONG	0,00167	5981,87	0,00451	HOLD	98,2349	138,7124
2023-04-14	23:00	30237,88	30269,41	29966	30147,49	LONG	0,00167	5981,87	0,00451	HOLD	98,2349	138,5615
2023-04-15	00:00	30147,49	30282,08	30131	30276,62	LONG	0,00167	5981,87	0,00451	HOLD	98,2349	138,7771
2023-04-15	01:00	30276,62	30357,8	30243,22	30277,1	LONG	0,00167	5981,87	0,00451	HOLD	98,2349	138,7779
2023-04-15	02:00	30277,11	30346,99	30200,76	30324,09	LONG	0,00167	5981,87	0,00451	HOLD	98,2349	138,8564
2023-04-15	03:00	30324,09	30522,07	30272,25	30448,82	LONG	0,00167	5981,87	0,00451	HOLD	98,2349	139,0647
2023-04-15	04:00	30448,82	30510,15	30393,26	30454,09	LONG	0,00167	5981,87	0,00451	HOLD	98,2349	139,0735
2023-04-15	05:00	30454,09	30454,09	30410,96	30435,34	LONG	0,00167	5981,87	0,00451	HOLD	98,2349	139,0422
2023-04-15	06:00	30435,33	30481,87	30370,52	30466,93	LONG	0,00167	5981,87	0,00451	HOLD	98,2349	139,0949
2023-04-15	07:00	30466,93	30595,6	30372,48	30372,48	LONG	0,00167	5981,87	0,00451	HOLD	98,2349	138,9372
2023-04-15	08:00	30372,48	30399	30278,08	30370,01	LONG	0,00167	5981,87	0,00451	HOLD	98,2349	138,9331
2023-04-15	09:00	30370,01	30441,17	30346,4	30380	LONG	0,00167	5981,87	0,00451	HOLD	98,2349	138,9497
2023-04-15	10:00	30380	30421,94	30362,62	30376,14	LONG	0,00167	5981,87	0,00451	HOLD	98,2349	138,9433
2023-04-15	11:00	30376,13	30394,5	30337,97	30356,11	LONG	0,00167	5981,87	0,00451	HOLD	98,2349	138,9098
2023-04-15	12:00	30356,1	30434,83	30352,52	30427,05	LONG	0,00167	5981,87	0,00451	HOLD	98,2349	139,0283
2023-04-15	13:00	30427,05	30436,46	30363,23	30390,99	LONG	0,00167	5981,87	0,00451	HOLD	98,2349	138,9681
2023-04-15	14:00	30390,99	30467,92	30389,35	30433,3	LONG	0,00167	5981,87	0,00451	HOLD	98,2349	139,0388
2023-04-15	15:00	30433,29	30456,73	30364,7	30385,12	LONG	0,00167	5981,87	0,00451	HOLD	98,2349	138,9583
2023-04-15	16:00	30385,13	30464,9	30385,12	30459,94	LONG	0,00167	5981,87	0,00451	HOLD	98,2349	139,0832
2023-04-15	17:00	30459,94	30470	30373,41	30417,07	LONG	0,00167	5981,87	0,00451	HOLD	98,2349	139,0116
2023-04-15	18:00	30417,06	30439,7	30365,56	30385,3	LONG	0,00167	5981,87	0,00451	HOLD	98,2349	138,9586
2023-04-15	19:00	30385,31	30444	30377,38	30423,28	LONG	0,00167	5981,87	0,00451	HOLD	98,2349	139,022
2023-04-15	20:00	30423,29	30442,66	30285	30335,19	LONG	0,00167	5981,87	0,00451	HOLD	98,2349	138,8749
2023-04-15	21:00	30335,19	30376,95	30302,24	30359,39	LONG	0,00167	5981,87	0,00451	HOLD	98,2349	138,9153
2023-04-15	22:00	30359,38	30420	30323,41	30325,27	LONG	0,00167	5981,87	0,00451	HOLD	98,2349	138,8583
2023-04-15	23:00	30325,27	30339,35	30261,95	30319,98	LONG	0,00167	5981,87	0,00451	HOLD	98,2349	138,8495
2023-04-16	00:00	30319,98	30319,99	30202	30246,21	LONG	0,00167	5981,87	0,00451	HOLD	98,2349	138,7263
2023-04-16	01:00	30246,22	30301,72	30244,75	30300,77	LONG	0,00167	5981,87	0,00451	HOLD	98,2349	138,8174
2023-04-16	02:00	30300,76	30331,75	30226,72	30331,74	LONG	0,00167	5981,87	0,00451	HOLD	98,2349	138,8691
2023-04-16	03:00	30331,74	30344,84	30261,33	30280,65	LONG	0,00167	5981,87	0,00451	HOLD	98,2349	138,7838
2023-04-16	04:00	30280,65	30308,76	30239,86	30263,77	LONG	0,00167	5981,87	0,00451	HOLD	98,2349	138,7556
2023-04-16	05:00	30263,77	30360,19	30236,39	30350,98	LONG	0,00167	5981,87	0,00451	HOLD	98,2349	138,9013
2023-04-16	06:00	30350,99	30359,92	30282,35	30295,09	LONG	0,00167	5981,87	0,00451	HOLD	98,2349	138,8079
2023-04-16	07:00	30295,1	30319,04	30270,11	30277,54	LONG	0,00167	5981,87	0,00451	HOLD	98,2349	138,7786
2023-04-16	08:00	30277,53	30277,54	30120	30236,95	LONG	0,00167	5981,87	0,00451	HOLD	98,2349	138,7108
2023-04-16	09:00	30236,96	30284,78	30224,43	30264,2	LONG	0,00167	5981,87	0,00451	HOLD	98,2349	138,7564
2023-04-16	10:00	30264,2	30269,33	30229,34	30249,37	LONG	0,00167	5981,87	0,00451	HOLD	98,2349	138,7316
2023-04-16	11:00	30249,36	30316	30245,82	30298,52	LONG	0,00167	5981,87	0,00451	HOLD	98,2349	138,8137
2023-04-16	12:00	30298,53	30340,06	30295,97	30306,32	LONG	0,00167	5981,87	0,00451	HOLD	98,2349	138,8267
2023-04-16	13:00	30306,32	30347,38	30302,68	30306,07	LONG	0,00167	5981,87	0,00451	HOLD	98,2349	138,8263
2023-04-16	14:00	30306,06	30399,4	30300	30344,97	LONG	0,00167	5981,87	0,00451	HOLD	98,2349	138,8912
2023-04-16	15:00	30344,97	30353,96	30328,01	30337,4	LONG	0,00167	5981,87	0,00451	HOLD	98,2349	138,8786
2023-04-16	16:00	30337,4	30337,41	30254,99	30279,34	LONG	0,00167	5981,87	0,00451	HOLD	98,2349	138,7816
2023-04-16	17:00	30279,34	30290,16	30257,21	30290,15	LONG	0,00167	5981,87	0,00451	HOLD	98,2349	138,7997
2023-04-16	18:00	30290,15	30321,6	30220,4	30226,45	LONG	0,00167	5981,87	0,00451	HOLD	98,2349	138,6933
2023-04-16	19:00	30226,46	30277,38	30219,71	30260	LONG	0,00167	5981,87	0,00451	HOLD	98,2349	138,7493
2023-04-16	20:00	30260,01	30260,01	30160,4	30249,99	LONG	0,00167	5981,87	0,00451	HOLD	98,2349	138,7326
2023-04-16	21:00	30249,99	30320	30245,01	30311,83	LONG	0,00167	5981,87	0,00451	HOLD	98,2349	138,8359
2023-04-16	22:00	30311,83	30362	30300	30332,98	LONG	0,00167	5981,87	0,00451	HOLD	98,2349	138,8712
2023-04-16	23:00	30332,98	30335	30259,69	30335	LONG	0,00167	5981,87	0,00451	HOLD	98,2349	138,8746
2023-04-17	00:00	30335	30379,62	30300	30300	LONG	0,00167	5981,87	0,00451	HOLD	98,2349	138,8161
2023-04-17	01:00	30300	30480	30298,87	30478,43	LONG	0,00167	5981,87	0,00451	HOLD	98,2349	139,1141
2023-04-17	02:00	30478,43	30549,99	30281,69	30309,06	LONG	0,00167	5981,87	0,00451	HOLD	98,2349	138,8313
2023-04-17	03:00	30309,05	30407,98	30192	30343,04	LONG	0,00167	5981,87	0,00451	HOLD	98,2349	138,888
2023-04-17	04:00	30343,04	30390	30267,31	30385,62	LONG	0,00167	5981,87	0,00451	HOLD	98,2349	138,9591
2023-04-17	05:00	30385,61	30404,82	30300,72	30331,04	LONG	0,00167	5981,87	0,00451	HOLD	98,2349	138,868
2023-04-17	06:00	30331,03	30349,65	30245	30304,65	LONG	0,00167	5981,87	0,00451	HOLD	98,2349	138,8239
2023-04-17	07:00	30304,66	30316,06	29790,01	29842,86	LONG	0,00167	5981,87	0,00451	HOLD	98,2349	138,0527
2023-04-17	08:00	29842,86	29993,89	29740,64	29946,22	LONG	0,00167	5981,87	0,00451	HOLD	98,2349	138,2253
2023-04-17	09:00	29946,22	30101,31	29890,57	30020	LONG	0,00167	5981,87	0,00451	HOLD	98,2349	138,3485
2023-04-17	10:00	30020	30040,64	29950	29982,8	LONG	0,00167	5981,87	0,00451	HOLD	98,2349	138,2864
2023-04-17	11:00	29982,8	29985,27	29909,17	29981,18	LONG	0,00167	5981,87	0,00451	HOLD	98,2349	138,2837
2023-04-17	12:00	29981,18	30007,56	29930,99	29997,89	LONG	0,00167	5981,87	0,00451	HOLD	98,2349	138,3116
2023-04-17	13:00	29997,9	30004,33	29888	29901,28	LONG	0,00167	5981,87	0,00451	HOLD	98,2349	138,1503
2023-04-17	14:00	29901,27	29940	29832	29838,3	LONG	0,00167	5981,87	0,00451	HOLD	98,2349	138,0451
2023-04-17	15:00	29838,3	29919,15	29801	29918,1	LONG	0,00167	5981,87	0,00451	HOLD	98,2349	138,1784
2023-04-17	16:00	29918,1	29922,5	29845,95	29876,97	LONG	0,00167	5981,87	0,00451	HOLD	98,2349	138,1097
2023-04-17	17:00	29876,96	29888,88	29764,28	29884,66	LONG	0,00167	5981,87	0,00451	HOLD	98,2349	138,1225
2023-04-17	18:00	29884,67	29889,16	29366	29570,81	LONG	0,00167	5981,87	0,00451	HOLD	98,2349	137,5984
2023-04-17	19:00	29570,8	29593,14	29442,91	29529,85	LONG	0,00167	5981,87	0,00451	HOLD	98,2349	137,53
2023-04-17	20:00	29529,86	29536,51	29250	29402,2	LONG	0,00167	5981,87	0,00451	HOLD	98,2349	137,3168
2023-04-17	21:00	29402,2	29481,96	29356,75	29440,42	LONG	0,00167	5981,87	0,00451	HOLD	98,2349	137,3806
2023-04-17	22:00	29440,41	29464,06	29240,65	29358,31	LONG	0,00167	5981,87	0,00451	HOLD	98,2349	137,2435
2023-04-17	23:00	29358,3	29480	29330,85	29464,43	LONG	0,00167	5981,87	0,00451	HOLD	98,2349	137,4207
2023-04-18	00:00	29464,42	29527,26	29447,63	29462,67	LONG	0,00167	5981,87	0,00451	HOLD	98,2349	137,4178
2023-04-18	01:00	29462,67	29572	29458,09	29524,97	LONG	0,00167	5981,87	0,00451	HOLD	98,2349	137,5218
2023-04-18	02:00	29524,96	29580,17	29458	29467,24	LONG	0,00167	5981,87	0,00451	HOLD	98,2349	137,4254
2023-04-18	03:00	29467,25	29492,8	29421,11	29443,75	LONG	0,00167	5981,87	0,00451	HOLD	98,2349	137,3862
2023-04-18	04:00	29443,75	29471,97	29391,92	29452,22	LONG	0,00167	5981,87	0,00451	HOLD	98,2349	137,4003
2023-04-18	05:00	29452,22	29536,93	29452,21	29502,28	LONG	0,00167	5981,87	0,00451	HOLD	98,2349	137,4839
2023-04-18	06:00	29502,28	29510,6	29396,88	29430,27	LONG	0,00167	5981,87	0,00451	HOLD	98,2349	137,3637
2023-04-18	07:00	29430,27	29450,29	29280,01	29364,16	LONG	0,00167	5981,87	0,00451	HOLD	98,2349	137,2533
2023-04-18	08:00	29364,16	29414,28	29096,78	29373,53	LONG	0,00167	5981,87	0,00451	HOLD	98,2349	137,2689
2023-04-18	09:00	29373,53	29489,47	29373,52	29465,84	LONG	0,00167	5981,87	0,00451	HOLD	98,2349	137,4231
2023-04-18	10:00	29465,83	29500	29442,54	29446,99	LONG	0,00167	5981,87	0,00451	HOLD	98,2349	137,3916
2023-04-18	11:00	29447	29506,76	29442,56	29494,69	LONG	0,00167	5981,87	0,00451	HOLD	98,2349	137,4713
2023-04-18	12:00	29494,7	29593,39	29494,69	29542,14	LONG	0,00167	5981,87	0,00451	HOLD	98,2349	137,5505
2023-04-18	13:00	29542,15	29740	29542,14	29720,98	LONG	0,00167	5981,87	0,00451	HOLD	98,2349	137,8492
2023-04-18	14:00	29720,98	29803	29672,87	29775,62	LONG	0,00167	5981,87	0,00451	HOLD	98,2349	137,9404
2023-04-18	15:00	29775,61	29831	29693,1	29703,89	LONG	0,00167	5981,87	0,00451	HOLD	98,2349	137,8206
2023-04-18	16:00	29703,89	29939,99	29700	29897,68	LONG	0,00167	5981,87	0,00451	HOLD	98,2349	138,1443
2023-04-18	17:00	29897,69	29971,71	29868,03	29899,26	LONG	0,00167	5981,87	0,00451	HOLD	98,2349	138,1469
2023-04-18	18:00	29899,26	30381,68	29888,9	30380,59	LONG	0,00167	5981,87	0,00451	HOLD	98,2349	138,9507
2023-04-18	19:00	30380,59	30485	30279,8	30303,14	LONG	0,00167	5981,87	0,00451	HOLD	98,2349	138,8214
2023-04-18	20:00	30303,14	30433,18	30282,63	30381,31	LONG	0,00167	5981,87	0,00451	HOLD	98,2349	138,9519
2023-04-18	21:00	30381,32	30390,96	30118,41	30247,81	LONG	0,00167	5981,87	0,00451	HOLD	98,2349	138,729
2023-04-18	22:00	30247,81	30284,78	30099,37	30184,86	LONG	0,00167	5981,87	0,00451	HOLD	98,2349	138,6239
2023-04-18	23:00	30184,85	30262,3	30158,33	30220,85	LONG	0,00167	5981,87	0,00451	HOLD	98,2349	138,684
2023-04-19	00:00	30220,85	30262,86	30014,14	30025,51	LONG	0,00167	5981,87	0,00451	HOLD	98,2349	138,3577
2023-04-19	01:00	30025,51	30274,21	29945,58	30144,5	LONG	0,00167	5981,87	0,00451	HOLD	98,2349	138,5565
2023-04-19	02:00	30144,5	30236,9	30100	30221,52	LONG	0,00167	5981,87	0,00451	HOLD	98,2349	138,6851
2023-04-19	03:00	30221,53	30450	30150	30419,12	LONG	0,00167	5981,87	0,00451	HOLD	98,2349	139,0151
2023-04-19	04:00	30419,12	30442,73	30278,79	30371,69	LONG	0,00167	5981,87	0,00451	HOLD	98,2349	138,9359
2023-04-19	05:00	30371,68	30404,19	30295,23	30370,86	LONG	0,00167	5981,87	0,00451	HOLD	98,2349	138,9345
2023-04-19	06:00	30370,85	30408,44	30305,66	30380,01	LONG	0,00167	5981,87	0,00451	HOLD	98,2349	138,9498
2023-04-19	07:00	30380,01	30413,53	30282,95	30319,25	LONG	0,00167	5981,87	0,00451	HOLD	98,2349	138,8483
2023-04-19	08:00	30319,25	30348,28	30223,12	30233,42	LONG	0,00167	5981,87	0,00451	HOLD	98,2349	138,705
2023-04-19	09:00	30233,42	30259,4	30126	30200,63	LONG	0,00167	5981,87	0,00451	HOLD	98,2349	138,6502
2023-04-19	10:00	30200,63	30277,32	30172,59	30211,23	LONG	0,00167	5981,87	0,00451	HOLD	98,2349	138,6679
2023-04-19	11:00	30211,23	30237,69	30148	30202,57	LONG	0,00167	5981,87	0,00451	HOLD	98,2349	138,6534
2023-04-19	12:00	30202,57	30325,51	30177,66	30268,27	LONG	0,00167	5981,87	0,00451	HOLD	98,2349	138,7632
2023-04-19	13:00	30268,28	30272,77	30006	30008,13	LONG	0,00167	5981,87	0,00451	HOLD	98,2349	138,3287
2023-04-19	14:00	30008,13	30124,21	29980	30077,76	LONG	0,00167	5981,87	0,00451	HOLD	98,2349	138,445
2023-04-19	15:00	30077,76	30077,76	29000	29168,47	LONG	0,00167	5981,87	0,00451	HOLD	98,2349	136,9265
2023-04-19	16:00	29168,47	29327,21	29040	29200,57	LONG	0,00167	5981,87	0,00451	HOLD	98,2349	136,9801
2023-04-19	17:00	29200,58	29286,64	29100	29257,26	LONG	0,00167	5981,87	0,00451	HOLD	98,2349	137,0748
2023-04-19	18:00	29257,26	29333	29235,53	29310,65	LONG	0,00167	5981,87	0,00451	HOLD	98,2349	137,1639
2023-04-19	19:00	29310,64	29310,65	29185	29218,66	LONG	0,00167	5981,87	0,00451	HOLD	98,2349	137,0103
2023-04-19	20:00	29218,66	29333	29181,65	29333	LONG	0,00167	5981,87	0,00451	HOLD	98,2349	137,2013
2023-04-19	21:00	29333	29500	29330,66	29393,46	LONG	0,00167	5981,87	0,00451	HOLD	98,2349	137,3022
2023-04-19	22:00	29393,46	29428,9	29100	29260,44	LONG	0,00167	5981,87	0,00451	HOLD	98,2349	137,0801
2023-04-19	23:00	29260,43	29370	29240,01	29315,24	LONG	0,00167	5981,87	0,00451	HOLD	98,2349	137,1716
2023-04-20	00:00	29315,24	29325,73	29080	29318,14	LONG	0,00167	5981,87	0,00451	HOLD	98,2349	137,1764
2023-04-20	01:00	29318,14	29354,3	29220,01	29277,45	LONG	0,00167	5981,87	0,00451	HOLD	98,2349	137,1085
2023-04-20	02:00	29277,46	29344,59	29200	29227,07	LONG	0,00167	5981,87	0,00451	HOLD	98,2349	137,0243
2023-04-20	03:00	29227,06	29315,61	29147,27	29237,71	LONG	0,00167	5981,87	0,00451	HOLD	98,2349	137,0421
2023-04-20	04:00	29237,71	29240,15	28813,88	29170	LONG	0,00167	5981,87	0,00451	HOLD	98,2349	136,929
2023-04-20	05:00	29169,99	29237,29	29036,95	29076,2	LONG	0,00167	5981,87	0,00451	HOLD	98,2349	136,7724
2023-04-20	06:00	29076,2	29088,18	28520	28797,1	LONG	0,00167	5981,87	0,00451	HOLD	98,2349	136,3063
2023-04-20	07:00	28797,1	28965,99	28650,58	28920,01	LONG	0,00167	5981,87	0,00451	HOLD	98,2349	136,5116
2023-04-20	08:00	28920,01	29000	28838,47	28934,07	LONG	0,00167	5981,87	0,00451	HOLD	98,2349	136,535
2023-04-20	09:00	28934,07	28958,06	28716,08	28742,57	LONG	0,00167	5981,87	0,00451	HOLD	98,2349	136,2152
2023-04-20	10:00	28742,58	28883,3	28549	28862,52	LONG	0,00167	5981,87	0,00451	HOLD	98,2349	136,4156
2023-04-20	11:00	28862,51	28956,19	28845,71	28867,52	LONG	0,00167	5981,87	0,00451	HOLD	98,2349	136,4239
2023-04-20	12:00	28867,52	28945	28818,8	28893,52	LONG	0,00167	5981,87	0,00451	HOLD	98,2349	136,4673
2023-04-20	13:00	28893,53	29088,3	28893,52	28925,58	LONG	0,00167	5981,87	0,00451	HOLD	98,2349	136,5209
2023-04-20	14:00	28925,58	28947,16	28852,17	28869,66	LONG	0,00167	5981,87	0,00451	HOLD	98,2349	136,4275
2023-04-20	15:00	28869,66	28951	28729	28826,6	LONG	0,00167	5981,87	0,00451	HOLD	98,2349	136,3556
2023-04-20	16:00	28826,61	28909,86	28822,13	28866	LONG	0,00167	5981,87	0,00451	HOLD	98,2349	136,4214
2023-04-20	17:00	28866	28906,5	28778,57	28855,22	LONG	0,00167	5981,87	0,00451	HOLD	98,2349	136,4034
2023-04-20	18:00	28855,23	28860,23	28590	28607,13	LONG	0,00167	5981,87	0,00451	HOLD	98,2349	135,989
2023-04-20	19:00	28607,12	28978,69	28334	28893	LONG	0,00167	5981,87	0,00451	HOLD	98,2349	136,4665
2023-04-20	20:00	28892,99	28898,57	28715,92	28820,08	LONG	0,00167	5981,87	0,00451	HOLD	98,2349	136,3447
2023-04-20	21:00	28820,07	28875,47	28676	28719,71	LONG	0,00167	5981,87	0,00451	HOLD	98,2349	136,1771
2023-04-20	22:00	28719,72	28734,93	28440,66	28506,69	LONG	0,00167	5981,87	0,00451	HOLD	98,2349	135,8213
2023-04-20	23:00	28506,7	28658,81	28260	28442,56	LONG	0,00167	5981,87	0,00451	HOLD	98,2349	135,7142
2023-04-21	00:00	28442,56	28607,54	28351,86	28452,2	LONG	0,00167	5981,87	0,00451	HOLD	98,2349	135,7303
2023-04-21	01:00	28452,21	28526,93	28280,96	28360,49	LONG	0,00167	5981,87	0,00451	HOLD	98,2349	135,5772
2023-04-21	02:00	28360,48	28361,83	28010	28104,38	LONG	0,00167	5981,87	0,00451	HOLD	98,2349	135,1495
2023-04-21	03:00	28104,38	28321,69	28012	28204,56	LONG	0,00167	5981,87	0,00451	HOLD	98,2349	135,3168
2023-04-21	04:00	28204,57	28286,4	28160	28230,4	LONG	0,00167	5981,87	0,00451	HOLD	98,2349	135,3599
2023-04-21	05:00	28230,41	28365,5	28177,42	28249,1	LONG	0,00167	5981,87	0,00451	HOLD	98,2349	135,3911
2023-04-21	06:00	28249,1	28318,65	28183,97	28243,65	LONG	0,00167	5981,87	0,00451	HOLD	98,2349	135,382
2023-04-21	07:00	28243,65	28374,02	28090	28291,26	LONG	0,00167	5981,87	0,00451	HOLD	98,2349	135,4615
2023-04-21	08:00	28291,25	28320,25	28192,08	28200,91	LONG	0,00167	5981,87	0,00451	HOLD	98,2349	135,3107
2023-04-21	09:00	28200,91	28248,46	28136,63	28247,5	LONG	0,00167	5981,87	0,00451	HOLD	98,2349	135,3885
2023-04-21	10:00	28247,49	28333,6	28239,99	28321,41	LONG	0,00167	5981,87	0,00451	HOLD	98,2349	135,5119
2023-04-21	11:00	28321,42	28348	28226,38	28236,16	LONG	0,00167	5981,87	0,00451	HOLD	98,2349	135,3695
2023-04-21	12:00	28236,15	28257,7	28154,73	28158,21	LONG	0,00167	5981,87	0,00451	HOLD	98,2349	135,2394
2023-04-21	13:00	28158,22	28216,1	27815,89	27916,88	LONG	0,00167	5981,87	0,00451	HOLD	98,2349	134,8363
2023-04-21	14:00	27916,87	28173,94	27839,31	28155,03	LONG	0,00167	5981,87	0,00451	HOLD	98,2349	135,234
2023-04-21	15:00	28155,02	28237,3	28015,71	28071,9	LONG	0,00167	5981,87	0,00451	HOLD	98,2349	135,0952
2023-04-21	16:00	28071,89	28112,5	27967,09	28060,85	LONG	0,00167	5981,87	0,00451	HOLD	98,2349	135,0768
2023-04-21	17:00	28060,85	28152,62	27936,8	28001,96	LONG	0,00167	5981,87	0,00451	HOLD	98,2349	134,9784
2023-04-21	18:00	28001,96	28093,55	27919,69	28066,21	LONG	0,00167	5981,87	0,00451	HOLD	98,2349	135,0857
2023-04-21	19:00	28066,22	28230,43	27962,65	28218,64	LONG	0,00167	5981,87	0,00451	HOLD	98,2349	135,3403
2023-04-21	20:00	28218,65	28308,45	28091,99	28113,44	LONG	0,00167	5981,87	0,00451	HOLD	98,2349	135,1646
2023-04-21	21:00	28113,44	28225,93	28034,64	28060,86	LONG	0,00167	5981,87	0,00451	HOLD	98,2349	135,0768
2023-04-21	22:00	28060,87	28139,62	27985,45	28040,7	LONG	0,00167	5981,87	0,00451	HOLD	98,2349	135,0431
2023-04-21	23:00	28040,7	28090,54	27951,9	28042,71	LONG	0,00167	5981,87	0,00451	HOLD	98,2349	135,0465
2023-04-22	00:00	28042,71	28057,67	27777,01	27901,63	LONG	0,00167	5981,87	0,00451	HOLD	98,2349	134,8109
2023-04-22	01:00	27901,64	27989,68	27712,75	27783,96	LONG	0,00167	5981,87	0,00451	HOLD	98,2349	134,6144
2023-04-22	02:00	27783,97	27801	27184,54	27279,91	LONG	0,00167	5981,87	0,00451	HOLD	98,2349	133,7726
2023-04-22	03:00	27279,9	27409,62	27166	27270,88	LONG	0,00167	5981,87	0,00451	HOLD	98,2349	133,7575
2023-04-22	04:00	27270,87	27377,29	27233,63	27279,99	LONG	0,00167	5981,87	0,00451	HOLD	98,2349	133,7727
2023-04-22	05:00	27279,99	27351,29	27125	27266,08	LONG	0,00167	5981,87	0,00451	HOLD	98,2349	133,7495
2023-04-22	06:00	27266,07	27341,63	27199,39	27262,84	LONG	0,00167	5981,87	0,00451	HOLD	98,2349	133,7441
2023-04-22	07:00	27262,84	27331,99	27217,16	27225,08	LONG	0,00167	5981,87	0,00451	HOLD	98,2349	133,681
2023-04-22	08:00	27225,07	27310	27140,35	27291,67	LONG	0,00167	5981,87	0,00451	HOLD	98,2349	133,7922
2023-04-22	09:00	27291,66	27321,69	27233,71	27241,52	LONG	0,00167	5981,87	0,00451	HOLD	98,2349	133,7085
2023-04-22	10:00	27241,53	27367,77	27235,89	27322,16	LONG	0,00167	5981,87	0,00451	HOLD	98,2349	133,8431
2023-04-22	11:00	27322,15	27371,01	27303	27347,99	LONG	0,00167	5981,87	0,00451	HOLD	98,2349	133,8863
2023-04-22	12:00	27347,98	27397,63	27308	27397,63	LONG	0,00167	5981,87	0,00451	HOLD	98,2349	133,9692
2023-04-22	13:00	27397,62	27397,63	27303,27	27346,5	LONG	0,00167	5981,87	0,00451	HOLD	98,2349	133,8838
2023-04-22	14:00	27346,51	27351,94	27225	27277,76	LONG	0,00167	5981,87	0,00451	HOLD	98,2349	133,769
2023-04-22	15:00	27277,75	27308,07	27188	27211,42	LONG	0,00167	5981,87	0,00451	HOLD	98,2349	133,6582
2023-04-22	16:00	27211,42	27271,67	27211,41	27239,06	LONG	0,00167	5981,87	0,00451	HOLD	98,2349	133,7044
2023-04-22	17:00	27239,07	27267,99	27184,24	27250,04	LONG	0,00167	5981,87	0,00451	HOLD	98,2349	133,7227
2023-04-22	18:00	27250,05	27324,58	27238,85	27286,65	LONG	0,00167	5981,87	0,00451	HOLD	98,2349	133,7838
2023-04-22	19:00	27286,65	27359,06	27283,18	27338,04	LONG	0,00167	5981,87	0,00451	HOLD	98,2349	133,8697
2023-04-22	20:00	27338,05	27358,41	27231	27254,99	LONG	0,00167	5981,87	0,00451	HOLD	98,2349	133,731
2023-04-22	21:00	27255	27497,99	27244,56	27476,09	LONG	0,00167	5981,87	0,00451	HOLD	98,2349	134,1002
2023-04-22	22:00	27476,1	27562,17	27382,07	27488,93	LONG	0,00167	5981,87	0,00451	HOLD	98,2349	134,1217
2023-04-22	23:00	27488,93	27696	27484,63	27586,57	LONG	0,00167	5981,87	0,00451	HOLD	98,2349	134,2847
2023-04-23	00:00	27586,56	27804,38	27567,6	27668,63	LONG	0,00167	5981,87	0,00451	HOLD	98,2349	134,4218
2023-04-23	01:00	27668,62	27676,64	27523,67	27601,29	LONG	0,00167	5981,87	0,00451	HOLD	98,2349	134,3093
2023-04-23	02:00	27601,3	27658,52	27586,32	27622,61	LONG	0,00167	5981,87	0,00451	HOLD	98,2349	134,3449
2023-04-23	03:00	27622,61	27700,07	27622,61	27634,45	LONG	0,00167	5981,87	0,00451	HOLD	98,2349	134,3647
2023-04-23	04:00	27634,45	27669,09	27566,91	27669,09	LONG	0,00167	5981,87	0,00451	HOLD	98,2349	134,4225
2023-04-23	05:00	27669,09	27875,06	27650,63	27853,28	LONG	0,00167	5981,87	0,00451	HOLD	98,2349	134,7301
2023-04-23	06:00	27853,28	27882,72	27800,8	27816,85	LONG	0,00167	5981,87	0,00451	HOLD	98,2349	134,6693
2023-04-23	07:00	27816,85	27816,85	27415,56	27541,8	LONG	0,00167	5981,87	0,00451	HOLD	98,2349	134,2099
2023-04-23	08:00	27541,79	27661,97	27477,03	27551,15	LONG	0,00167	5981,87	0,00451	HOLD	98,2349	134,2256
2023-04-23	09:00	27551,14	27600	27483,68	27592,02	LONG	0,00167	5981,87	0,00451	HOLD	98,2349	134,2938
2023-04-23	10:00	27592,02	27643,57	27533,76	27557,84	LONG	0,00167	5981,87	0,00451	HOLD	98,2349	134,2367
2023-04-23	11:00	27557,83	27627,44	27547,04	27605,82	LONG	0,00167	5981,87	0,00451	HOLD	98,2349	134,3169
2023-04-23	12:00	27605,82	27620,18	27531,85	27585,14	LONG	0,00167	5981,87	0,00451	HOLD	98,2349	134,2823
2023-04-23	13:00	27585,13	27624,95	27555,7	27588,14	LONG	0,00167	5981,87	0,00451	HOLD	98,2349	134,2873
2023-04-23	14:00	27588,15	27751,47	27550,83	27718,9	LONG	0,00167	5981,87	0,00451	HOLD	98,2349	134,5057
2023-04-23	15:00	27718,89	27777	27669,27	27710,51	LONG	0,00167	5981,87	0,00451	HOLD	98,2349	134,4917
2023-04-23	16:00	27710,51	27724,49	27587,09	27628,95	LONG	0,00167	5981,87	0,00451	HOLD	98,2349	134,3555
2023-04-23	17:00	27628,95	27642,89	27482,79	27527,61	LONG	0,00167	5981,87	0,00451	HOLD	98,2349	134,1863
2023-04-23	18:00	27527,61	27648,43	27508,57	27642,9	LONG	0,00167	5981,87	0,00451	HOLD	98,2349	134,3788
2023-04-23	19:00	27642,89	27735,25	27589,44	27605,99	LONG	0,00167	5981,87	0,00451	HOLD	98,2349	134,3171
2023-04-23	20:00	27605,99	27663,08	27572,55	27630,76	LONG	0,00167	5981,87	0,00451	HOLD	98,2349	134,3585
2023-04-23	21:00	27630,76	27680,03	27500	27552,51	LONG	0,00167	5981,87	0,00451	HOLD	98,2349	134,2278
2023-04-23	22:00	27552,51	27576,92	27311,25	27474,47	LONG	0,00167	5981,87	0,00451	HOLD	98,2349	134,0975
2023-04-23	23:00	27474,47	27689,83	27368,72	27584,42	LONG	0,00167	5981,87	0,00451	HOLD	98,2349	134,2811
2023-04-24	00:00	27584,43	27632,31	27479,83	27512,97	LONG	0,00167	5981,87	0,00451	HOLD	98,2349	134,1618
2023-04-24	01:00	27512,97	27543,49	27330	27455,7	LONG	0,00167	5981,87	0,00451	HOLD	98,2349	134,0662
2023-04-24	02:00	27455,69	27526,81	27411,93	27465,77	LONG	0,00167	5981,87	0,00451	HOLD	98,2349	134,083
2023-04-24	03:00	27465,78	27546,83	27402,88	27504,62	LONG	0,00167	5981,87	0,00451	HOLD	98,2349	134,1479
2023-04-24	04:00	27504,62	27552,76	27490	27517,83	LONG	0,00167	5981,87	0,00451	HOLD	98,2349	134,1699
2023-04-24	05:00	27517,83	27642,03	27423,46	27591,73	LONG	0,00167	5981,87	0,00451	HOLD	98,2349	134,2933
2023-04-24	06:00	27591,73	27650,28	27543,47	27590,6	LONG	0,00167	5981,87	0,00451	HOLD	98,2349	134,2914
2023-04-24	07:00	27590,59	27871,69	27427,3	27807,49	LONG	0,00167	5981,87	0,00451	HOLD	98,2349	134,6537
2023-04-24	08:00	27807,5	28000	27685	27752,48	LONG	0,00167	5981,87	0,00451	HOLD	98,2349	134,5618
2023-04-24	09:00	27752,47	27827,53	27670,28	27745,17	LONG	0,00167	5981,87	0,00451	HOLD	98,2349	134,5496
2023-04-24	10:00	27745,17	27791,91	27677,12	27790,48	LONG	0,00167	5981,87	0,00451	HOLD	98,2349	134,6252
2023-04-24	11:00	27790,49	27800	27696,12	27702,34	LONG	0,00167	5981,87	0,00451	HOLD	98,2349	134,4781
2023-04-24	12:00	27702,33	27758,48	27633,17	27654,83	LONG	0,00167	5981,87	0,00451	HOLD	98,2349	134,3987
2023-04-24	13:00	27654,83	27703,85	27466,75	27546,68	LONG	0,00167	5981,87	0,00451	HOLD	98,2349	134,2181
2023-04-24	14:00	27546,69	27546,69	27350	27451,97	LONG	0,00167	5981,87	0,00451	HOLD	98,2349	134,0599
2023-04-24	15:00	27451,98	27519,74	27157,14	27185,75	LONG	0,00167	5981,87	0,00451	HOLD	98,2349	133,6153
2023-04-24	16:00	27185,74	27373,21	27167,1	27313,1	LONG	0,00167	5981,87	0,00451	HOLD	98,2349	133,828
2023-04-24	17:00	27313,1	27436,13	27307,66	27418,91	LONG	0,00167	5981,87	0,00451	HOLD	98,2349	134,0047
2023-04-24	18:00	27418,91	27553,24	27378,42	27550,84	LONG	0,00167	5981,87	0,00451	HOLD	98,2349	134,225
2023-04-24	19:00	27550,83	27580	27425,95	27443,85	LONG	0,00167	5981,87	0,00451	HOLD	98,2349	134,0464
2023-04-24	20:00	27443,84	27720,57	27389,49	27624,25	LONG	0,00167	5981,87	0,00451	HOLD	98,2349	134,3476
2023-04-24	21:00	27624,24	27700	27280,09	27430,19	LONG	0,00167	5981,87	0,00451	HOLD	98,2349	134,0236
2023-04-24	22:00	27430,19	27431,78	27200	27267,05	LONG	0,00167	5981,87	0,00451	HOLD	98,2349	133,7511
2023-04-24	23:00	27267,06	27394,52	27028,64	27110,55	LONG	0,00167	5981,87	0,00451	HOLD	98,2349	133,4898
2023-04-25	00:00	27110,56	27409,46	26942,82	27381,49	LONG	0,00167	5981,87	0,00451	HOLD	98,2349	133,9422
2023-04-25	01:00	27381,48	27579,8	27290	27339,9	LONG	0,00167	5981,87	0,00451	HOLD	98,2349	133,8728
2023-04-25	02:00	27339,91	27416,15	27321,68	27383,29	LONG	0,00167	5981,87	0,00451	HOLD	98,2349	133,9452
2023-04-25	03:00	27383,28	27483	27340,15	27460,44	LONG	0,00167	5981,87	0,00451	HOLD	98,2349	134,0741
2023-04-25	04:00	27460,44	27460,45	27320,47	27414,64	LONG	0,00167	5981,87	0,00451	HOLD	98,2349	133,9976
2023-04-25	05:00	27414,64	27518,2	27382,6	27463,87	LONG	0,00167	5981,87	0,00451	HOLD	98,2349	134,0798
2023-04-25	06:00	27463,86	27560,73	27443,58	27510,93	LONG	0,00167	5981,87	0,00451	HOLD	98,2349	134,1584
2023-04-25	07:00	27510,93	27590,28	27432,01	27459,04	LONG	0,00167	5981,87	0,00451	HOLD	98,2349	134,0717
2023-04-25	08:00	27459,04	27517	27368,86	27403,24	LONG	0,00167	5981,87	0,00451	HOLD	98,2349	133,9786
2023-04-25	09:00	27403,25	27429,99	27321,58	27402,81	LONG	0,00167	5981,87	0,00451	HOLD	98,2349	133,9778
2023-04-25	10:00	27402,82	27432,62	27313,74	27345,72	LONG	0,00167	5981,87	0,00451	HOLD	98,2349	133,8825
2023-04-25	11:00	27345,71	27445,99	27331,41	27410	LONG	0,00167	5981,87	0,00451	HOLD	98,2349	133,9898
2023-04-25	12:00	27409,99	27459,58	27320,5	27413,2	LONG	0,00167	5981,87	0,00451	HOLD	98,2349	133,9952
2023-04-25	13:00	27413,2	27446,13	27345,39	27357,31	LONG	0,00167	5981,87	0,00451	HOLD	98,2349	133,9018
2023-04-25	14:00	27357,32	27405,25	27240,8	27266,54	LONG	0,00167	5981,87	0,00451	HOLD	98,2349	133,7503
2023-04-25	15:00	27266,54	27443,63	27192	27430,87	LONG	0,00167	5981,87	0,00451	HOLD	98,2349	134,0247
2023-04-25	16:00	27430,87	27441,84	27284,12	27323	LONG	0,00167	5981,87	0,00451	HOLD	98,2349	133,8446
2023-04-25	17:00	27323	27350,56	27286,9	27331,01	LONG	0,00167	5981,87	0,00451	HOLD	98,2349	133,8579
2023-04-25	18:00	27331,01	27434,28	27314,48	27390,96	LONG	0,00167	5981,87	0,00451	HOLD	98,2349	133,958
2023-04-25	19:00	27390,96	27478,5	27357,2	27394,26	LONG	0,00167	5981,87	0,00451	HOLD	98,2349	133,9636
2023-04-25	20:00	27394,25	27482,71	27320,99	27344,62	LONG	0,00167	5981,87	0,00451	HOLD	98,2349	133,8807
2023-04-25	21:00	27344,62	27396,84	27199,17	27294,69	LONG	0,00167	5981,87	0,00451	HOLD	98,2349	133,7973
2023-04-25	22:00	27294,68	27433,96	27272,69	27345	LONG	0,00167	5981,87	0,00451	HOLD	98,2349	133,8813
2023-04-25	23:00	27345	27419,06	27316,2	27393,27	LONG	0,00167	5981,87	0,00451	HOLD	98,2349	133,9619
2023-04-26	00:00	27393,27	27650,1	27320	27617,65	LONG	0,00167	5981,87	0,00451	HOLD	98,2349	134,3366
2023-04-26	01:00	27617,66	27790,19	27553,3	27577,66	LONG	0,00167	5981,87	0,00451	HOLD	98,2349	134,2698
2023-04-26	02:00	27577,66	27660,07	27478,22	27611,4	LONG	0,00167	5981,87	0,00451	HOLD	98,2349	134,3262
2023-04-26	03:00	27611,39	28047,39	27611,01	27975,01	LONG	0,00167	5981,87	0,00451	HOLD	98,2349	134,9334
2023-04-26	04:00	27975,01	28309,61	27975,01	28262,89	LONG	0,00167	5981,87	0,00451	HOLD	98,2349	135,4142
2023-04-26	05:00	28262,89	28399,99	28195,6	28233,25	LONG	0,00167	5981,87	0,00451	HOLD	98,2349	135,3647
2023-04-26	06:00	28233,26	28359,14	28161,54	28300,79	LONG	0,00167	5981,87	0,00451	HOLD	98,2349	135,4775
2023-04-26	07:00	28300,8	28481	28266,17	28299,63	LONG	0,00167	5981,87	0,00451	HOLD	98,2349	135,4755
2023-04-26	08:00	28299,63	28401,41	28244,62	28392,01	LONG	0,00167	5981,87	0,00451	HOLD	98,2349	135,6298
2023-04-26	09:00	28392,02	28412,34	28345,45	28389,28	LONG	0,00167	5981,87	0,00451	HOLD	98,2349	135,6252
2023-04-26	10:00	28389,28	28461,85	28306,01	28309,1	LONG	0,00167	5981,87	0,00451	HOLD	98,2349	135,4913
2023-04-26	11:00	28309,09	28370,93	28301,05	28328,94	LONG	0,00167	5981,87	0,00451	HOLD	98,2349	135,5245
2023-04-26	12:00	28328,94	28418,55	28328,94	28395,25	LONG	0,00167	5981,87	0,00451	HOLD	98,2349	135,6352
2023-04-26	13:00	28395,26	28599	28339,51	28395,01	LONG	0,00167	5981,87	0,00451	HOLD	98,2349	135,6348
2023-04-26	14:00	28395	28405,93	28314,4	28376,18	LONG	0,00167	5981,87	0,00451	HOLD	98,2349	135,6034
2023-04-26	15:00	28376,19	28780	28371,99	28727,19	LONG	0,00167	5981,87	0,00451	HOLD	98,2349	136,1895
2023-04-26	16:00	28727,19	28935,81	28683,83	28867,5	LONG	0,00167	5981,87	0,00451	HOLD	98,2349	136,4239
2023-04-26	17:00	28867,5	29105,36	28779,75	28998,82	LONG	0,00167	5981,87	0,00451	HOLD	98,2349	136,6432
2023-04-26	18:00	28998,81	29138,83	28858,57	28952,32	LONG	0,00167	5981,87	0,00451	HOLD	98,2349	136,5655
2023-04-26	19:00	28952,31	30020	28952,31	29965,45	LONG	0,00167	5981,87	0,00451	HOLD	98,2349	138,2574
2023-04-26	20:00	29965,45	30036	29652,9	29847,06	LONG	0,00167	5981,87	0,00451	HOLD	98,2349	138,0597
2023-04-26	21:00	29847,07	29898,41	29524,55	29700,22	LONG	0,00167	5981,87	0,00451	HOLD	98,2349	137,8145
2023-04-26	22:00	29700,22	29856,96	29680,02	29820,03	LONG	0,00167	5981,87	0,00451	HOLD	98,2349	138,0146
2023-04-26	23:00	29820,02	29900	29731,45	29810,28	LONG	0,00167	5981,87	0,00451	HOLD	98,2349	137,9983
2023-04-27	00:00	29810,27	29847,8	29650	29720,92	LONG	0,00167	5981,87	0,00451	HOLD	98,2349	137,8491
2023-04-27	01:00	29720,92	29808,69	29708,67	29741,53	LONG	0,00167	5981,87	0,00451	HOLD	98,2349	137,8835
2023-04-27	02:00	29741,52	29741,53	27694,06	27884,24	LONG	0,00167	5981,87	0,00451	HOLD	98,2349	134,7818
2023-04-27	03:00	27884,25	28420,9	27235	28413,39	LONG	0,00167	5981,87	0,00451	HOLD	98,2349	135,6655
2023-04-27	04:00	28413,38	28704,23	28088,88	28677,65	LONG	0,00167	5981,87	0,00451	HOLD	98,2349	136,1068
2023-04-27	05:00	28677,65	28739,99	28168,74	28298,25	LONG	0,00167	5981,87	0,00451	HOLD	98,2349	135,4732
2023-04-27	06:00	28298,26	28454,29	28261,58	28415,29	LONG	0,00167	5981,87	0,00451	HOLD	98,2349	135,6687
2023-04-27	07:00	28415,29	29480,5	28378,86	29225,54	LONG	0,00167	5981,87	0,00451	HOLD	98,2349	137,0218
2023-04-27	08:00	29225,54	29343,35	28553,74	28741,72	LONG	0,00167	5981,87	0,00451	HOLD	98,2349	136,2138
2023-04-27	09:00	28741,72	29107,66	28741,71	29034,33	LONG	0,00167	5981,87	0,00451	HOLD	98,2349	136,7025
2023-04-27	10:00	29034,33	29050	28835	28885,79	LONG	0,00167	5981,87	0,00451	HOLD	98,2349	136,4544
2023-04-27	11:00	28885,78	29153	28870,81	29096,12	LONG	0,00167	5981,87	0,00451	HOLD	98,2349	136,8057
2023-04-27	12:00	29096,11	29278,88	29050,68	29083,11	LONG	0,00167	5981,87	0,00451	HOLD	98,2349	136,7839
2023-04-27	13:00	29083,12	29096,54	28632,25	28793,3	LONG	0,00167	5981,87	0,00451	HOLD	98,2349	136,3
2023-04-27	14:00	28793,3	28956,62	28697,51	28893,83	LONG	0,00167	5981,87	0,00451	HOLD	98,2349	136,4678
2023-04-27	15:00	28893,84	29094,75	28780,45	28955,43	LONG	0,00167	5981,87	0,00451	HOLD	98,2349	136,5707
2023-04-27	16:00	28955,43	29035,08	28870	28931,71	LONG	0,00167	5981,87	0,00451	HOLD	98,2349	136,5311
2023-04-27	17:00	28931,71	29035,91	28890	28990,77	LONG	0,00167	5981,87	0,00451	HOLD	98,2349	136,6297
2023-04-27	18:00	28990,76	29139,85	28882	28934,21	LONG	0,00167	5981,87	0,00451	HOLD	98,2349	136,5353
2023-04-27	19:00	28934,21	29054,46	28661,58	28862,13	LONG	0,00167	5981,87	0,00451	HOLD	98,2349	136,4149
2023-04-27	20:00	28862,14	28960,26	28852,82	28936,32	LONG	0,00167	5981,87	0,00451	HOLD	98,2349	136,5388
2023-04-27	21:00	28936,33	29090	28936,32	28974,54	LONG	0,00167	5981,87	0,00451	HOLD	98,2349	136,6026
2023-04-27	22:00	28974,54	29555	28831,06	29149,73	LONG	0,00167	5981,87	0,00451	HOLD	98,2349	136,8952
2023-04-27	23:00	29149,74	29215,79	29013,44	29129,75	LONG	0,00167	5981,87	0,00451	HOLD	98,2349	136,8618
2023-04-28	00:00	29129,74	29443,43	29092,08	29296,14	LONG	0,00167	5981,87	0,00451	HOLD	98,2349	137,1397
2023-04-28	01:00	29296,14	29890	29232,79	29772,12	LONG	0,00167	5981,87	0,00451	HOLD	98,2349	137,9346
2023-04-28	02:00	29772,12	29858,19	29450,98	29673,98	LONG	0,00167	5981,87	0,00451	HOLD	98,2349	137,7707
2023-04-28	03:00	29673,98	29754,99	29467,99	29619,3	LONG	0,00167	5981,87	0,00451	HOLD	98,2349	137,6794
2023-04-28	04:00	29619,3	29783,15	29536,36	29647,07	LONG	0,00167	5981,87	0,00451	HOLD	98,2349	137,7257
2023-04-28	05:00	29647,08	29664,01	29255,53	29385,2	LONG	0,00167	5981,87	0,00451	HOLD	98,2349	137,2884
2023-04-28	06:00	29385,21	29499,99	29377	29472,77	LONG	0,00167	5981,87	0,00451	HOLD	98,2349	137,4347
2023-04-28	07:00	29472,77	29563,01	29354,23	29554,25	LONG	0,00167	5981,87	0,00451	HOLD	98,2349	137,5707
2023-04-28	08:00	29554,25	29599,54	29400,62	29516,32	LONG	0,00167	5981,87	0,00451	HOLD	98,2349	137,5074
2023-04-28	09:00	29516,33	29544,38	29373,4	29395,89	LONG	0,00167	5981,87	0,00451	HOLD	98,2349	137,3063
2023-04-28	10:00	29395,89	29436,61	29330	29420,52	LONG	0,00167	5981,87	0,00451	HOLD	98,2349	137,3474
2023-04-28	11:00	29420,52	29540	29409	29501,91	LONG	0,00167	5981,87	0,00451	HOLD	98,2349	137,4833
2023-04-28	12:00	29501,91	29566,92	29456,56	29473,95	LONG	0,00167	5981,87	0,00451	HOLD	98,2349	137,4366
2023-04-28	13:00	29473,94	29516,01	29396,89	29467,12	LONG	0,00167	5981,87	0,00451	HOLD	98,2349	137,4252
2023-04-28	14:00	29467,11	29522	29432	29488,83	LONG	0,00167	5981,87	0,00451	HOLD	98,2349	137,4615
2023-04-28	15:00	29488,83	29495,34	29142,25	29251,98	LONG	0,00167	5981,87	0,00451	HOLD	98,2349	137,0659
2023-04-28	16:00	29251,99	29301,13	29137,76	29199,44	LONG	0,00167	5981,87	0,00451	HOLD	98,2349	136,9782
2023-04-28	17:00	29199,44	29348,09	29175,6	29262,33	LONG	0,00167	5981,87	0,00451	HOLD	98,2349	137,0832
2023-04-28	18:00	29262,34	29324,83	29200	29235,36	LONG	0,00167	5981,87	0,00451	HOLD	98,2349	137,0382
2023-04-28	19:00	29235,36	29467,36	29186,67	29229,29	LONG	0,00167	5981,87	0,00451	HOLD	98,2349	137,0281
2023-04-28	20:00	29229,28	29357,92	28891	29029,48	LONG	0,00167	5981,87	0,00451	HOLD	98,2349	136,6944
2023-04-28	21:00	29029,49	29301,45	29003,24	29096,69	LONG	0,00167	5981,87	0,00451	HOLD	98,2349	136,8066
2023-04-28	22:00	29096,69	29175,9	28938,1	29146,89	LONG	0,00167	5981,87	0,00451	HOLD	98,2349	136,8904
2023-04-28	23:00	29146,88	29300	29101,28	29273,42	LONG	0,00167	5981,87	0,00451	HOLD	98,2349	137,1018
2023-04-29	00:00	29273,42	29286,35	29144,28	29239,36	LONG	0,00167	5981,87	0,00451	HOLD	98,2349	137,0449
2023-04-29	01:00	29239,37	29255,4	29120	29242,66	LONG	0,00167	5981,87	0,00451	HOLD	98,2349	137,0504
2023-04-29	02:00	29242,67	29437,81	29242,66	29328,53	LONG	0,00167	5981,87	0,00451	HOLD	98,2349	137,1938
2023-04-29	03:00	29328,53	29408,35	29298,47	29338,01	LONG	0,00167	5981,87	0,00451	HOLD	98,2349	137,2096
2023-04-29	04:00	29338	29366,53	29303,28	29328,6	LONG	0,00167	5981,87	0,00451	HOLD	98,2349	137,1939
2023-04-29	05:00	29328,61	29429,36	29322,97	29345,34	LONG	0,00167	5981,87	0,00451	HOLD	98,2349	137,2219
2023-04-29	06:00	29345,35	29391,25	29276,75	29311,7	LONG	0,00167	5981,87	0,00451	HOLD	98,2349	137,1657
2023-04-29	07:00	29311,69	29400	29195,58	29262,02	LONG	0,00167	5981,87	0,00451	HOLD	98,2349	137,0827
2023-04-29	08:00	29262,03	29299	29215,37	29272,64	LONG	0,00167	5981,87	0,00451	HOLD	98,2349	137,1005
2023-04-29	09:00	29272,65	29396,55	29270,76	29374,87	LONG	0,00167	5981,87	0,00451	HOLD	98,2349	137,2712
2023-04-29	10:00	29374,88	29397,59	29338,93	29345,74	LONG	0,00167	5981,87	0,00451	HOLD	98,2349	137,2225
2023-04-29	11:00	29345,75	29448,88	29342	29372,66	LONG	0,00167	5981,87	0,00451	HOLD	98,2349	137,2675
2023-04-29	12:00	29372,67	29431,63	29353,27	29356,03	LONG	0,00167	5981,87	0,00451	HOLD	98,2349	137,2397
2023-04-29	13:00	29356,03	29382,09	29289,44	29328,64	LONG	0,00167	5981,87	0,00451	HOLD	98,2349	137,194
2023-04-29	14:00	29328,64	29369,07	29294,65	29345,54	LONG	0,00167	5981,87	0,00451	HOLD	98,2349	137,2222
2023-04-29	15:00	29345,54	29360	29272,16	29313,87	LONG	0,00167	5981,87	0,00451	HOLD	98,2349	137,1693
2023-04-29	16:00	29313,86	29316,59	29250,96	29298,84	LONG	0,00167	5981,87	0,00451	HOLD	98,2349	137,1442
2023-04-29	17:00	29298,85	29309,4	29241,55	29267,56	LONG	0,00167	5981,87	0,00451	HOLD	98,2349	137,092
2023-04-29	18:00	29267,56	29334,63	29234,39	29332,11	LONG	0,00167	5981,87	0,00451	HOLD	98,2349	137,1998
2023-04-29	19:00	29332,11	29340	29281,36	29281,37	LONG	0,00167	5981,87	0,00451	HOLD	98,2349	137,115
2023-04-29	20:00	29281,37	29391,52	29281,29	29384,1	LONG	0,00167	5981,87	0,00451	HOLD	98,2349	137,2866
2023-04-29	21:00	29384,1	29393,39	29325,34	29336,06	LONG	0,00167	5981,87	0,00451	HOLD	98,2349	137,2064
2023-04-29	22:00	29336,05	29345,72	29210,24	29271,21	LONG	0,00167	5981,87	0,00451	HOLD	98,2349	137,0981
2023-04-29	23:00	29271,21	29300	29244,88	29281,78	LONG	0,00167	5981,87	0,00451	HOLD	98,2349	137,1157
2023-04-30	00:00	29281,78	29281,78	29031	29155,24	LONG	0,00167	5981,87	0,00451	HOLD	98,2349	136,9044
2023-04-30	01:00	29155,24	29218,29	29128,84	29176	LONG	0,00167	5981,87	0,00451	HOLD	98,2349	136,9391
2023-04-30	02:00	29176	29309,05	29165,08	29240,67	LONG	0,00167	5981,87	0,00451	HOLD	98,2349	137,0471
2023-04-30	03:00	29240,68	29265	29201,11	29221,43	LONG	0,00167	5981,87	0,00451	HOLD	98,2349	137,0149
2023-04-30	04:00	29221,44	29256,51	29171,46	29230	LONG	0,00167	5981,87	0,00451	HOLD	98,2349	137,0292
2023-04-30	05:00	29229,99	29236,73	29181,15	29200,65	LONG	0,00167	5981,87	0,00451	HOLD	98,2349	136,9802
2023-04-30	06:00	29200,66	29241,72	29138,25	29230,45	LONG	0,00167	5981,87	0,00451	HOLD	98,2349	137,03
2023-04-30	07:00	29230,45	29230,49	29120,43	29136	LONG	0,00167	5981,87	0,00451	HOLD	98,2349	136,8723
2023-04-30	08:00	29136,01	29168,46	29086,28	29096,99	LONG	0,00167	5981,87	0,00451	HOLD	98,2349	136,8071
2023-04-30	09:00	29097	29180	29079,59	29176,96	LONG	0,00167	5981,87	0,00451	HOLD	98,2349	136,9407
2023-04-30	10:00	29176,95	29190,45	29143,81	29178,87	LONG	0,00167	5981,87	0,00451	HOLD	98,2349	136,9439
2023-04-30	11:00	29178,88	29217,17	29171,22	29210,61	LONG	0,00167	5981,87	0,00451	HOLD	98,2349	136,9969
2023-04-30	12:00	29210,62	29265	29205,65	29258,49	LONG	0,00167	5981,87	0,00451	HOLD	98,2349	137,0768
2023-04-30	13:00	29258,49	29281,18	29239,14	29271,38	LONG	0,00167	5981,87	0,00451	HOLD	98,2349	137,0983
2023-04-30	14:00	29271,39	29295,96	29264,82	29266,43	LONG	0,00167	5981,87	0,00451	HOLD	98,2349	137,0901
2023-04-30	15:00	29266,43	29348,31	29242,09	29269,99	LONG	0,00167	5981,87	0,00451	HOLD	98,2349	137,096
2023-04-30	16:00	29270	29283,19	29223,73	29258,6	LONG	0,00167	5981,87	0,00451	HOLD	98,2349	137,077
2023-04-30	17:00	29258,61	29315	29178,56	29221,93	LONG	0,00167	5981,87	0,00451	HOLD	98,2349	137,0158
2023-04-30	18:00	29221,92	29252,32	29160,53	29197,01	LONG	0,00167	5981,87	0,00451	HOLD	98,2349	136,9741
2023-04-30	19:00	29197,02	29249,97	29182,74	29238,2	LONG	0,00167	5981,87	0,00451	HOLD	98,2349	137,0429
2023-04-30	20:00	29238,2	29330,14	29237,29	29292,51	LONG	0,00167	5981,87	0,00451	HOLD	98,2349	137,1336
2023-04-30	21:00	29292,51	29436,49	29255	29395,01	LONG	0,00167	5981,87	0,00451	HOLD	98,2349	137,3048
2023-04-30	22:00	29395,01	29969,39	29395	29655,18	LONG	0,00167	5981,87	0,00451	HOLD	98,2349	137,7393
2023-04-30	23:00	29655,18	29870,22	29620,3	29717,55	LONG	0,00167	5981,87	0,00451	HOLD	98,2349	137,8435
2023-05-01	00:00	29717,55	29825,41	29644,36	29644,37	LONG	0,00167	5981,87	0,00451	HOLD	98,2349	137,7212
2023-05-01	01:00	29644,37	29671,69	29513	29577,09	LONG	0,00167	5981,87	0,00451	HOLD	98,2349	137,6089
2023-05-01	02:00	29577,09	29594,35	29211,28	29361,13	LONG	0,00167	5981,87	0,00451	HOLD	98,2349	137,2482
2023-05-01	03:00	29361,13	29361,13	29160,96	29329,89	LONG	0,00167	5981,87	0,00451	HOLD	98,2349	137,1961
2023-05-01	04:00	29329,9	29486,5	29316,39	29411,21	LONG	0,00167	5981,87	0,00451	HOLD	98,2349	137,3319
2023-05-01	05:00	29411,21	29432,15	29367,15	29378,72	LONG	0,00167	5981,87	0,00451	HOLD	98,2349	137,2776
2023-05-01	06:00	29378,72	29420,23	29177,92	29233,21	LONG	0,00167	5981,87	0,00451	HOLD	98,2349	137,0346
2023-05-01	07:00	29233,2	29337,34	29215,93	29315,57	LONG	0,00167	5981,87	0,00451	HOLD	98,2349	137,1721
2023-05-01	08:00	29315,57	29315,57	28369,95	28504,36	LONG	0,00167	5981,87	0,00451	HOLD	98,2349	135,8174
2023-05-01	09:00	28504,36	28680,38	28414	28549,41	LONG	0,00167	5981,87	0,00451	HOLD	98,2349	135,8927
2023-05-01	10:00	28549,42	28592,95	28436,27	28561,06	LONG	0,00167	5981,87	0,00451	HOLD	98,2349	135,9121
2023-05-01	11:00	28561,07	28589,84	28486,29	28555	LONG	0,00167	5981,87	0,00451	HOLD	98,2349	135,902
2023-05-01	12:00	28555,01	28635,53	28250,15	28483,68	LONG	0,00167	5981,87	0,00451	HOLD	98,2349	135,7829
2023-05-01	13:00	28483,68	28598,05	28447,21	28594,34	LONG	0,00167	5981,87	0,00451	HOLD	98,2349	135,9677
2023-05-01	14:00	28594,34	28713,94	28577,52	28629,09	LONG	0,00167	5981,87	0,00451	HOLD	98,2349	136,0257
2023-05-01	15:00	28629,08	28631,96	28550,1	28574,45	LONG	0,00167	5981,87	0,00451	HOLD	98,2349	135,9345
2023-05-01	16:00	28574,45	28670,1	28500	28524,98	LONG	0,00167	5981,87	0,00451	HOLD	98,2349	135,8519
2023-05-01	17:00	28524,99	28561,39	28487,42	28552,43	LONG	0,00167	5981,87	0,00451	HOLD	98,2349	135,8977
2023-05-01	18:00	28552,42	28591,63	28504,63	28523,86	LONG	0,00167	5981,87	0,00451	HOLD	98,2349	135,85
2023-05-01	19:00	28523,85	28610,26	28452,25	28596,32	LONG	0,00167	5981,87	0,00451	HOLD	98,2349	135,971
2023-05-01	20:00	28596,32	28629,42	28442,58	28457,84	LONG	0,00167	5981,87	0,00451	HOLD	98,2349	135,7397
2023-05-01	21:00	28457,84	28573,57	28311,11	28473,3	LONG	0,00167	5981,87	0,00451	HOLD	98,2349	135,7656
2023-05-01	22:00	28473,31	28488,31	28075,36	28170,64	LONG	0,00167	5981,87	0,00451	HOLD	98,2349	135,2601
2023-05-01	23:00	28170,64	28388,16	28014,5	28360,8	LONG	0,00167	5981,87	0,00451	HOLD	98,2349	135,5777
2023-05-02	00:00	28360,8	28410,95	28167,44	28278,22	LONG	0,00167	5981,87	0,00451	HOLD	98,2349	135,4398
2023-05-02	01:00	28278,21	28292,15	28090,71	28173,83	LONG	0,00167	5981,87	0,00451	HOLD	98,2349	135,2654
2023-05-02	02:00	28173,83	28190,25	27799,99	27843,36	LONG	0,00167	5981,87	0,00451	HOLD	98,2349	134,7136
2023-05-02	03:00	27843,35	27964,48	27666,95	27678,09	LONG	0,00167	5981,87	0,00451	HOLD	98,2349	134,4376
2023-05-02	04:00	27678,09	28085,81	27672,86	27985,46	LONG	0,00167	5981,87	0,00451	HOLD	98,2349	134,9509
2023-05-02	05:00	27985,46	28159,26	27940	28020,01	LONG	0,00167	5981,87	0,00451	HOLD	98,2349	135,0086
2023-05-02	06:00	28020	28144,49	28009,36	28068,26	LONG	0,00167	5981,87	0,00451	HOLD	98,2349	135,0891
2023-05-02	07:00	28068,26	28145,6	27978,11	28050,42	LONG	0,00167	5981,87	0,00451	HOLD	98,2349	135,0593
2023-05-02	08:00	28050,42	28092,61	27918,49	27942,87	LONG	0,00167	5981,87	0,00451	HOLD	98,2349	134,8797
2023-05-02	09:00	27942,86	28035,98	27925,74	28008,52	LONG	0,00167	5981,87	0,00451	HOLD	98,2349	134,9894
2023-05-02	10:00	28008,53	28046,52	27931,43	28043,76	LONG	0,00167	5981,87	0,00451	HOLD	98,2349	135,0482
2023-05-02	11:00	28043,75	28046,52	27918,45	27927,69	LONG	0,00167	5981,87	0,00451	HOLD	98,2349	134,8544
2023-05-02	12:00	27927,68	28015	27872	28000,01	LONG	0,00167	5981,87	0,00451	HOLD	98,2349	134,9752
2023-05-02	13:00	28000	28035,02	27967,13	27999,1	LONG	0,00167	5981,87	0,00451	HOLD	98,2349	134,9736
2023-05-02	14:00	27999,1	28164,55	27992,84	28057,47	LONG	0,00167	5981,87	0,00451	HOLD	98,2349	135,0711
2023-05-02	15:00	28057,47	28133,33	28014,06	28028,54	LONG	0,00167	5981,87	0,00451	HOLD	98,2349	135,0228
2023-05-02	16:00	28028,55	28069,2	27939,4	27983,2	LONG	0,00167	5981,87	0,00451	HOLD	98,2349	134,9471
2023-05-02	17:00	27983,21	28045,72	27967,56	28016,52	LONG	0,00167	5981,87	0,00451	HOLD	98,2349	135,0027
2023-05-02	18:00	28016,53	28098,59	28012,9	28084,83	LONG	0,00167	5981,87	0,00451	HOLD	98,2349	135,1168
2023-05-02	19:00	28084,83	28250	28004,53	28106,95	LONG	0,00167	5981,87	0,00451	HOLD	98,2349	135,1537
2023-05-02	20:00	28106,94	28141	27936,26	28009,07	LONG	0,00167	5981,87	0,00451	HOLD	98,2349	134,9903
2023-05-02	21:00	28009,07	28629,93	27910	28374,22	LONG	0,00167	5981,87	0,00451	HOLD	98,2349	135,6001
2023-05-02	22:00	28374,22	28767,08	28263,7	28540,68	LONG	0,00167	5981,87	0,00451	HOLD	98,2349	135,8781
2023-05-02	23:00	28540,69	28614,45	28444,3	28468,58	LONG	0,00167	5981,87	0,00451	HOLD	98,2349	135,7577
2023-05-03	00:00	28468,58	28594,58	28431,48	28583,52	LONG	0,00167	5981,87	0,00451	HOLD	98,2349	135,9496
2023-05-03	01:00	28583,53	28811,98	28537,19	28718,9	LONG	0,00167	5981,87	0,00451	HOLD	98,2349	136,1757
2023-05-03	02:00	28718,9	28879,88	28655,66	28686,14	LONG	0,00167	5981,87	0,00451	HOLD	98,2349	136,121
2023-05-03	03:00	28686,13	28788,99	28622,44	28675,98	LONG	0,00167	5981,87	0,00451	HOLD	98,2349	136,104
2023-05-03	04:00	28675,98	28693,66	28616,08	28660,46	LONG	0,00167	5981,87	0,00451	HOLD	98,2349	136,0781
2023-05-03	05:00	28660,45	28815,43	28651,99	28736,91	LONG	0,00167	5981,87	0,00451	HOLD	98,2349	136,2058
2023-05-03	06:00	28736,91	28770,18	28625,19	28669,86	LONG	0,00167	5981,87	0,00451	HOLD	98,2349	136,0938
2023-05-03	07:00	28669,85	28689,35	28488,17	28503,72	LONG	0,00167	5981,87	0,00451	HOLD	98,2349	135,8164
2023-05-03	08:00	28503,71	28594,56	28489,42	28542,06	LONG	0,00167	5981,87	0,00451	HOLD	98,2349	135,8804
2023-05-03	09:00	28542,06	28543,9	28336,3	28508,62	LONG	0,00167	5981,87	0,00451	HOLD	98,2349	135,8245
2023-05-03	10:00	28508,62	28538,3	28444,13	28520,9	LONG	0,00167	5981,87	0,00451	HOLD	98,2349	135,845
2023-05-03	11:00	28520,89	28525,24	28428,61	28514,99	LONG	0,00167	5981,87	0,00451	HOLD	98,2349	135,8352
2023-05-03	12:00	28514,99	28524,12	28452,1	28477,19	LONG	0,00167	5981,87	0,00451	HOLD	98,2349	135,772
2023-05-03	13:00	28477,2	28680	28427,56	28600,02	LONG	0,00167	5981,87	0,00451	HOLD	98,2349	135,9772
2023-05-03	14:00	28600,02	28674,69	28582,44	28653,8	LONG	0,00167	5981,87	0,00451	HOLD	98,2349	136,067
2023-05-03	15:00	28653,81	28767,93	28589	28691,21	LONG	0,00167	5981,87	0,00451	HOLD	98,2349	136,1295
2023-05-03	16:00	28691,21	28696,78	28602,54	28665,36	LONG	0,00167	5981,87	0,00451	HOLD	98,2349	136,0863
2023-05-03	17:00	28665,37	28678,23	28557,16	28573,49	LONG	0,00167	5981,87	0,00451	HOLD	98,2349	135,9329
2023-05-03	18:00	28573,49	28646,43	28526,18	28543,74	LONG	0,00167	5981,87	0,00451	HOLD	98,2349	135,8832
2023-05-03	19:00	28543,73	28583,33	28207,61	28306,53	LONG	0,00167	5981,87	0,00451	HOLD	98,2349	135,487
2023-05-03	20:00	28306,53	28400	28128,31	28373,55	LONG	0,00167	5981,87	0,00451	HOLD	98,2349	135,599
2023-05-03	21:00	28373,55	28384,69	28113,69	28215,86	LONG	0,00167	5981,87	0,00451	HOLD	98,2349	135,3356
2023-05-03	22:00	28215,86	28347,29	28152,46	28311,51	LONG	0,00167	5981,87	0,00451	HOLD	98,2349	135,4954
2023-05-03	23:00	28311,52	28488	28247,41	28476,96	LONG	0,00167	5981,87	0,00451	HOLD	98,2349	135,7717
2023-05-04	00:00	28476,96	28780	28380	28576,7	LONG	0,00167	5981,87	0,00451	HOLD	98,2349	135,9382
2023-05-04	01:00	28576,7	28800	28218,65	28444,29	LONG	0,00167	5981,87	0,00451	HOLD	98,2349	135,7171
2023-05-04	02:00	28444,29	28507,82	28211,08	28322,98	LONG	0,00167	5981,87	0,00451	HOLD	98,2349	135,5145
2023-05-04	03:00	28322,97	28577,21	28285,19	28518,72	LONG	0,00167	5981,87	0,00451	HOLD	98,2349	135,8414
2023-05-04	04:00	28518,71	29057,62	28517,71	28923,52	LONG	0,00167	5981,87	0,00451	HOLD	98,2349	136,5174
2023-05-04	05:00	28923,53	29266,66	28923,52	29107,13	LONG	0,00167	5981,87	0,00451	HOLD	98,2349	136,824
2023-05-04	06:00	29107,13	29143,47	28941,44	29026,16	LONG	0,00167	5981,87	0,00451	HOLD	98,2349	136,6888
2023-05-04	07:00	29026,16	29104,27	28950,98	29043,94	LONG	0,00167	5981,87	0,00451	HOLD	98,2349	136,7185
2023-05-04	08:00	29043,93	29078,75	28975	29070,67	LONG	0,00167	5981,87	0,00451	HOLD	98,2349	136,7632
2023-05-04	09:00	29070,67	29195,94	28991,35	29060,61	LONG	0,00167	5981,87	0,00451	HOLD	98,2349	136,7464
2023-05-04	10:00	29060,6	29100	29016,78	29096,86	LONG	0,00167	5981,87	0,00451	HOLD	98,2349	136,8069
2023-05-04	11:00	29096,85	29130	29064,31	29102,33	LONG	0,00167	5981,87	0,00451	HOLD	98,2349	136,816
2023-05-04	12:00	29102,32	29215,9	29057,82	29203,9	LONG	0,00167	5981,87	0,00451	HOLD	98,2349	136,9857
2023-05-04	13:00	29203,9	29237,73	29090,56	29166,72	LONG	0,00167	5981,87	0,00451	HOLD	98,2349	136,9236
2023-05-04	14:00	29166,72	29177,46	29038,31	29058,19	LONG	0,00167	5981,87	0,00451	HOLD	98,2349	136,7423
2023-05-04	15:00	29058,2	29110,45	28982,58	29089,26	LONG	0,00167	5981,87	0,00451	HOLD	98,2349	136,7942
2023-05-04	16:00	29089,26	29109,65	29035,26	29088,97	LONG	0,00167	5981,87	0,00451	HOLD	98,2349	136,7937
2023-05-04	17:00	29088,98	29379,83	29065,23	29243,62	LONG	0,00167	5981,87	0,00451	HOLD	98,2349	137,052
2023-05-04	18:00	29243,62	29264,48	29111,06	29154,66	LONG	0,00167	5981,87	0,00451	HOLD	98,2349	136,9034
2023-05-04	19:00	29154,65	29232,87	28982,91	29054,84	LONG	0,00167	5981,87	0,00451	HOLD	98,2349	136,7367
2023-05-04	20:00	29054,85	29086,33	28663,64	28761,51	LONG	0,00167	5981,87	0,00451	HOLD	98,2349	136,2469
2023-05-04	21:00	28761,52	28938,54	28736,33	28783,65	LONG	0,00167	5981,87	0,00451	HOLD	98,2349	136,2838
2023-05-04	22:00	28783,66	28949,66	28774,58	28866,19	LONG	0,00167	5981,87	0,00451	HOLD	98,2349	136,4217
2023-05-04	23:00	28866,2	28972,92	28795,01	28924,82	LONG	0,00167	5981,87	0,00451	HOLD	98,2349	136,5196
2023-05-05	00:00	28924,83	28957,64	28792	28842,29	LONG	0,00167	5981,87	0,00451	HOLD	98,2349	136,3818
2023-05-05	01:00	28842,29	28855,42	28673,59	28799,23	LONG	0,00167	5981,87	0,00451	HOLD	98,2349	136,3099
2023-05-05	02:00	28799,23	28897,22	28723,08	28895,12	LONG	0,00167	5981,87	0,00451	HOLD	98,2349	136,47
2023-05-05	03:00	28895,31	28920	28816,48	28870,16	LONG	0,00167	5981,87	0,00451	HOLD	98,2349	136,4283
2023-05-05	04:00	28870,16	28895,28	28784,25	28839,98	LONG	0,00167	5981,87	0,00451	HOLD	98,2349	136,3779
2023-05-05	05:00	28839,98	28852,17	28748	28779,9	LONG	0,00167	5981,87	0,00451	HOLD	98,2349	136,2776
2023-05-05	06:00	28779,91	28856,51	28770,34	28838,16	LONG	0,00167	5981,87	0,00451	HOLD	98,2349	136,3749
2023-05-05	07:00	28838,16	28961,21	28819,77	28937,63	LONG	0,00167	5981,87	0,00451	HOLD	98,2349	136,541
2023-05-05	08:00	28937,62	29349	28880,03	29325,74	LONG	0,00167	5981,87	0,00451	HOLD	98,2349	137,1891
2023-05-05	09:00	29325,75	29531	29200	29246,26	LONG	0,00167	5981,87	0,00451	HOLD	98,2349	137,0564
2023-05-05	10:00	29246,27	29295,09	29144,44	29198,23	LONG	0,00167	5981,87	0,00451	HOLD	98,2349	136,9762
2023-05-05	11:00	29198,22	29275	29179,81	29228,08	LONG	0,00167	5981,87	0,00451	HOLD	98,2349	137,026
2023-05-05	12:00	29228,08	29258,77	29157,56	29198	LONG	0,00167	5981,87	0,00451	HOLD	98,2349	136,9758
2023-05-05	13:00	29198,01	29230,87	29125,01	29163,8	LONG	0,00167	5981,87	0,00451	HOLD	98,2349	136,9187
2023-05-05	14:00	29163,79	29241,42	29029,87	29062,29	LONG	0,00167	5981,87	0,00451	HOLD	98,2349	136,7492
2023-05-05	15:00	29062,29	29118,46	29036,31	29058	LONG	0,00167	5981,87	0,00451	HOLD	98,2349	136,742
2023-05-05	16:00	29058,01	29141,14	29022,27	29101	LONG	0,00167	5981,87	0,00451	HOLD	98,2349	136,8138
2023-05-05	17:00	29100,99	29137,99	29069,23	29110,68	LONG	0,00167	5981,87	0,00451	HOLD	98,2349	136,83
2023-05-05	18:00	29110,67	29195,97	29069,06	29149,36	LONG	0,00167	5981,87	0,00451	HOLD	98,2349	136,8946
2023-05-05	19:00	29149,36	29274,23	28800	28952,39	LONG	0,00167	5981,87	0,00451	HOLD	98,2349	136,5656
2023-05-05	20:00	28952,38	29254,41	28897,31	29175,57	LONG	0,00167	5981,87	0,00451	HOLD	98,2349	136,9383
2023-05-05	21:00	29175,57	29439,99	29113,42	29259,19	LONG	0,00167	5981,87	0,00451	HOLD	98,2349	137,078
2023-05-05	22:00	29259,2	29371,68	29159,25	29356,45	LONG	0,00167	5981,87	0,00451	HOLD	98,2349	137,2404
2023-05-05	23:00	29356,44	29677	29356,44	29586,93	LONG	0,00167	5981,87	0,00451	HOLD	98,2349	137,6253
2023-05-06	00:00	29586,94	29677	29454,24	29460,39	LONG	0,00167	5981,87	0,00451	HOLD	98,2349	137,414
2023-05-06	01:00	29460,39	29562,01	29315,78	29399,16	LONG	0,00167	5981,87	0,00451	HOLD	98,2349	137,3117
2023-05-06	02:00	29399,16	29561,66	29374,95	29561,66	LONG	0,00167	5981,87	0,00451	HOLD	98,2349	137,5831
2023-05-06	03:00	29561,66	29588,04	29450,69	29493,12	LONG	0,00167	5981,87	0,00451	HOLD	98,2349	137,4687
2023-05-06	04:00	29493,13	29545,32	29453,27	29486,78	LONG	0,00167	5981,87	0,00451	HOLD	98,2349	137,4581
2023-05-06	05:00	29486,79	29650	29475,58	29589,73	LONG	0,00167	5981,87	0,00451	HOLD	98,2349	137,63
2023-05-06	06:00	29589,73	29599,18	29475,35	29505,61	LONG	0,00167	5981,87	0,00451	HOLD	98,2349	137,4895
2023-05-06	07:00	29505,6	29820	29475,37	29671,11	LONG	0,00167	5981,87	0,00451	HOLD	98,2349	137,7659
2023-05-06	08:00	29671,12	29689,05	29491,9	29541,39	LONG	0,00167	5981,87	0,00451	HOLD	98,2349	137,5493
2023-05-06	09:00	29541,38	29550,39	29435,13	29463,76	LONG	0,00167	5981,87	0,00451	HOLD	98,2349	137,4196
2023-05-06	10:00	29463,77	29466,76	29337,83	29353,61	LONG	0,00167	5981,87	0,00451	HOLD	98,2349	137,2357
2023-05-06	11:00	29353,62	29427,61	29317,08	29343,31	LONG	0,00167	5981,87	0,00451	HOLD	98,2349	137,2185
2023-05-06	12:00	29343,3	29385,18	29333,05	29346,99	LONG	0,00167	5981,87	0,00451	HOLD	98,2349	137,2246
2023-05-06	13:00	29346,99	29388,56	29250,65	29386,17	LONG	0,00167	5981,87	0,00451	HOLD	98,2349	137,29
2023-05-06	14:00	29386,18	29437,01	29362,5	29363,35	LONG	0,00167	5981,87	0,00451	HOLD	98,2349	137,2519
2023-05-06	15:00	29363,34	29367,2	29132,14	29330,12	LONG	0,00167	5981,87	0,00451	HOLD	98,2349	137,1964
2023-05-06	16:00	29330,12	29356,47	29280	29285,06	LONG	0,00167	5981,87	0,00451	HOLD	98,2349	137,1212
2023-05-06	17:00	29285,05	29327,71	29207,11	29238,57	LONG	0,00167	5981,87	0,00451	HOLD	98,2349	137,0436
2023-05-06	18:00	29238,58	29271,33	29200,01	29266,15	LONG	0,00167	5981,87	0,00451	HOLD	98,2349	137,0896
2023-05-06	19:00	29266,16	29267,24	29000	29096,85	LONG	0,00167	5981,87	0,00451	HOLD	98,2349	136,8069
2023-05-06	20:00	29096,85	29096,86	28863,89	28935,84	LONG	0,00167	5981,87	0,00451	HOLD	98,2349	136,538
2023-05-06	21:00	28935,84	28935,85	28526,67	28606,61	LONG	0,00167	5981,87	0,00451	HOLD	98,2349	135,9882
2023-05-06	22:00	28606,62	28633,01	28300	28576,61	LONG	0,00167	5981,87	0,00451	HOLD	98,2349	135,9381
2023-05-06	23:00	28576,62	28713,83	28535,26	28701,53	LONG	0,00167	5981,87	0,00451	HOLD	98,2349	136,1467
2023-05-07	00:00	28701,53	28843,85	28669,48	28771,89	LONG	0,00167	5981,87	0,00451	HOLD	98,2349	136,2642
2023-05-07	01:00	28771,89	28964	28770,44	28912,43	LONG	0,00167	5981,87	0,00451	HOLD	98,2349	136,4989
2023-05-07	02:00	28912,43	28964,68	28840,5	28842,82	LONG	0,00167	5981,87	0,00451	HOLD	98,2349	136,3827
2023-05-07	03:00	28842,82	28870	28774,57	28795,89	LONG	0,00167	5981,87	0,00451	HOLD	98,2349	136,3043
2023-05-07	04:00	28795,9	28824,41	28642	28807,43	LONG	0,00167	5981,87	0,00451	HOLD	98,2349	136,3236
2023-05-07	05:00	28807,43	28858,72	28758,44	28835,12	LONG	0,00167	5981,87	0,00451	HOLD	98,2349	136,3698
2023-05-07	06:00	28835,11	28880,49	28809,23	28848,2	LONG	0,00167	5981,87	0,00451	HOLD	98,2349	136,3916
2023-05-07	07:00	28848,19	28956,3	28791,85	28942,72	LONG	0,00167	5981,87	0,00451	HOLD	98,2349	136,5495
2023-05-07	08:00	28942,73	29138,29	28814,48	28887,79	LONG	0,00167	5981,87	0,00451	HOLD	98,2349	136,4578
2023-05-07	09:00	28887,78	28945,48	28813,82	28816,2	LONG	0,00167	5981,87	0,00451	HOLD	98,2349	136,3382
2023-05-07	10:00	28816,2	28845,63	28744,08	28798,56	LONG	0,00167	5981,87	0,00451	HOLD	98,2349	136,3087
2023-05-07	11:00	28798,57	28853,28	28787,02	28840,03	LONG	0,00167	5981,87	0,00451	HOLD	98,2349	136,378
2023-05-07	12:00	28840,03	28911,05	28824,88	28890	LONG	0,00167	5981,87	0,00451	HOLD	98,2349	136,4614
2023-05-07	13:00	28890	28936	28851,78	28914,55	LONG	0,00167	5981,87	0,00451	HOLD	98,2349	136,5024
2023-05-07	14:00	28914,56	28952,56	28892,04	28910,41	LONG	0,00167	5981,87	0,00451	HOLD	98,2349	136,4955
2023-05-07	15:00	28910,42	28960,03	28843,76	28857,06	LONG	0,00167	5981,87	0,00451	HOLD	98,2349	136,4064
2023-05-07	16:00	28857,06	28890,77	28757,38	28815,77	LONG	0,00167	5981,87	0,00451	HOLD	98,2349	136,3375
2023-05-07	17:00	28815,77	28863,75	28794,89	28847,74	LONG	0,00167	5981,87	0,00451	HOLD	98,2349	136,3909
2023-05-07	18:00	28847,74	28919,41	28705,12	28840,06	LONG	0,00167	5981,87	0,00451	HOLD	98,2349	136,378
2023-05-07	19:00	28840,07	28940	28840	28919,07	LONG	0,00167	5981,87	0,00451	HOLD	98,2349	136,51
2023-05-07	20:00	28919,06	28989,99	28884,65	28920	LONG	0,00167	5981,87	0,00451	HOLD	98,2349	136,5115
2023-05-07	21:00	28920	29095,88	28884,44	29045,71	LONG	0,00167	5981,87	0,00451	HOLD	98,2349	136,7215
2023-05-07	22:00	29045,71	29053,21	28900,99	28942,67	LONG	0,00167	5981,87	0,00451	HOLD	98,2349	136,5494
2023-05-07	23:00	28942,66	28973,09	28807	28953,65	LONG	0,00167	5981,87	0,00451	HOLD	98,2349	136,5677
2023-05-08	00:00	28953,64	29029,11	28877,55	28904,56	LONG	0,00167	5981,87	0,00451	HOLD	98,2349	136,4858
2023-05-08	01:00	28904,56	28954,99	28857,49	28857,62	LONG	0,00167	5981,87	0,00451	HOLD	98,2349	136,4074
2023-05-08	02:00	28857,5	28930,29	28770,69	28907,73	LONG	0,00167	5981,87	0,00451	HOLD	98,2349	136,4911
2023-05-08	03:00	28907,73	28949,34	28885,09	28912,07	LONG	0,00167	5981,87	0,00451	HOLD	98,2349	136,4983
2023-05-08	04:00	28912,08	28952,87	28750	28772,83	LONG	0,00167	5981,87	0,00451	HOLD	98,2349	136,2658
2023-05-08	05:00	28772,84	28840,86	28716	28739,22	LONG	0,00167	5981,87	0,00451	HOLD	98,2349	136,2096
2023-05-08	06:00	28739,22	28792,19	28395,23	28430,1	LONG	0,00167	5981,87	0,00451	HOLD	98,2349	135,6934
2023-05-08	07:00	28430,09	28631,01	28357,7	28572,17	LONG	0,00167	5981,87	0,00451	HOLD	98,2349	135,9307
2023-05-08	08:00	28572,17	28587,77	28034,34	28220,34	LONG	0,00167	5981,87	0,00451	HOLD	98,2349	135,3431
2023-05-08	09:00	28220,35	28302,08	28129,74	28284,98	LONG	0,00167	5981,87	0,00451	HOLD	98,2349	135,4511
2023-05-08	10:00	28284,98	28284,98	28004,23	28199,71	LONG	0,00167	5981,87	0,00451	HOLD	98,2349	135,3087
2023-05-08	11:00	28199,72	28227,01	28112,79	28125	LONG	0,00167	5981,87	0,00451	HOLD	98,2349	135,1839
2023-05-08	12:00	28125,01	28262,19	28075,24	28260,47	LONG	0,00167	5981,87	0,00451	HOLD	98,2349	135,4101
2023-05-08	13:00	28260,46	28260,47	28124,39	28170,75	LONG	0,00167	5981,87	0,00451	HOLD	98,2349	135,2603
2023-05-08	14:00	28170,74	28192,12	27830,85	27975,48	LONG	0,00167	5981,87	0,00451	HOLD	98,2349	134,9342
2023-05-08	15:00	27975,47	27989,11	27577,01	27704,94	LONG	0,00167	5981,87	0,00451	HOLD	98,2349	134,4824
2023-05-08	16:00	27704,95	27937,5	27680	27914,94	LONG	0,00167	5981,87	0,00451	HOLD	98,2349	134,8331
2023-05-08	17:00	27914,94	27951,75	27868,82	27936,14	LONG	0,00167	5981,87	0,00451	HOLD	98,2349	134,8685
2023-05-08	18:00	27936,14	27973,44	27870,27	27934,09	LONG	0,00167	5981,87	0,00451	HOLD	98,2349	134,8651
2023-05-08	19:00	27934,09	27942,48	27747,41	27766,81	LONG	0,00167	5981,87	0,00451	HOLD	98,2349	134,5857
2023-05-08	20:00	27766,82	27971,79	27732,23	27855,78	LONG	0,00167	5981,87	0,00451	HOLD	98,2349	134,7343
2023-05-08	21:00	27855,78	27980	27669,5	27970,53	LONG	0,00167	5981,87	0,00451	HOLD	98,2349	134,9259
2023-05-08	22:00	27970,53	28082,14	27857,34	27887,58	LONG	0,00167	5981,87	0,00451	HOLD	98,2349	134,7874
2023-05-08	23:00	27887,58	27930,21	27833,58	27867,2	LONG	0,00167	5981,87	0,00451	HOLD	98,2349	134,7534
2023-05-09	00:00	27867,21	27908,93	27523	27530	LONG	0,00167	5981,87	0,00451	HOLD	98,2349	134,1902
2023-05-09	01:00	27530	27613,74	27310,07	27475,26	LONG	0,00167	5981,87	0,00451	HOLD	98,2349	134,0988
2023-05-09	02:00	27475,26	27498,35	27289,39	27340,72	LONG	0,00167	5981,87	0,00451	HOLD	98,2349	133,8741
2023-05-09	03:00	27340,72	27550,88	27262	27534,91	LONG	0,00167	5981,87	0,00451	HOLD	98,2349	134,1984
2023-05-09	04:00	27534,92	27656,53	27421,07	27541,41	LONG	0,00167	5981,87	0,00451	HOLD	98,2349	134,2093
2023-05-09	05:00	27541,41	27660,88	27528,35	27653,09	LONG	0,00167	5981,87	0,00451	HOLD	98,2349	134,3958
2023-05-09	06:00	27653,09	27699,8	27584,47	27668,79	LONG	0,00167	5981,87	0,00451	HOLD	98,2349	134,422
2023-05-09	07:00	27668,8	27668,89	27534,55	27578,26	LONG	0,00167	5981,87	0,00451	HOLD	98,2349	134,2708
2023-05-09	08:00	27578,27	27749,34	27560,85	27701,39	LONG	0,00167	5981,87	0,00451	HOLD	98,2349	134,4765
2023-05-09	09:00	27701,4	27701,4	27564,24	27641,55	LONG	0,00167	5981,87	0,00451	HOLD	98,2349	134,3765
2023-05-09	10:00	27641,54	27648,91	27543,97	27629,34	LONG	0,00167	5981,87	0,00451	HOLD	98,2349	134,3561
2023-05-09	11:00	27629,35	27649,43	27565,71	27608,96	LONG	0,00167	5981,87	0,00451	HOLD	98,2349	134,3221
2023-05-09	12:00	27608,96	27618	27512,36	27549,7	LONG	0,00167	5981,87	0,00451	HOLD	98,2349	134,2231
2023-05-09	13:00	27549,7	27588,88	27437,32	27547,76	LONG	0,00167	5981,87	0,00451	HOLD	98,2349	134,2199
2023-05-09	14:00	27547,76	27673,72	27506,29	27666,64	LONG	0,00167	5981,87	0,00451	HOLD	98,2349	134,4184
2023-05-09	15:00	27666,63	27670,23	27550,94	27569,87	LONG	0,00167	5981,87	0,00451	HOLD	98,2349	134,2568
2023-05-09	16:00	27569,87	27598,47	27534,93	27579,99	LONG	0,00167	5981,87	0,00451	HOLD	98,2349	134,2737
2023-05-09	17:00	27580	27651,22	27553,38	27584,56	LONG	0,00167	5981,87	0,00451	HOLD	98,2349	134,2814
2023-05-09	18:00	27584,56	27728,99	27517,7	27678,31	LONG	0,00167	5981,87	0,00451	HOLD	98,2349	134,4379
2023-05-09	19:00	27678,31	27815,8	27644,99	27758,34	LONG	0,00167	5981,87	0,00451	HOLD	98,2349	134,5716
2023-05-09	20:00	27758,35	27818	27556,8	27619,3	LONG	0,00167	5981,87	0,00451	HOLD	98,2349	134,3394
2023-05-09	21:00	27619,31	27631,72	27402,94	27540,31	LONG	0,00167	5981,87	0,00451	HOLD	98,2349	134,2075
2023-05-09	22:00	27540,32	27584,48	27370,01	27400,39	LONG	0,00167	5981,87	0,00451	HOLD	98,2349	133,9738
2023-05-09	23:00	27400,39	27700	27353	27699,14	LONG	0,00167	5981,87	0,00451	HOLD	98,2349	134,4727
2023-05-10	00:00	27699,15	27750	27566,41	27614,43	LONG	0,00167	5981,87	0,00451	HOLD	98,2349	134,3312
2023-05-10	01:00	27614,43	27680,1	27520	27556,34	LONG	0,00167	5981,87	0,00451	HOLD	98,2349	134,2342
2023-05-10	02:00	27556,35	27719,85	27464,9	27716,32	LONG	0,00167	5981,87	0,00451	HOLD	98,2349	134,5014
2023-05-10	03:00	27716,32	27775,18	27606,09	27649,22	LONG	0,00167	5981,87	0,00451	HOLD	98,2349	134,3893
2023-05-10	04:00	27649,21	27658,53	27579,72	27602,74	LONG	0,00167	5981,87	0,00451	HOLD	98,2349	134,3117
2023-05-10	05:00	27602,74	27608,16	27521,49	27579,61	LONG	0,00167	5981,87	0,00451	HOLD	98,2349	134,2731
2023-05-10	06:00	27579,6	27659,59	27577,7	27628,27	LONG	0,00167	5981,87	0,00451	HOLD	98,2349	134,3544
2023-05-10	07:00	27628,28	27786,01	27620,19	27747,06	LONG	0,00167	5981,87	0,00451	HOLD	98,2349	134,5527
2023-05-10	08:00	27747,07	27849,94	27670,23	27697,98	LONG	0,00167	5981,87	0,00451	HOLD	98,2349	134,4708
2023-05-10	09:00	27697,98	27741,56	27651,8	27671,74	LONG	0,00167	5981,87	0,00451	HOLD	98,2349	134,4269
2023-05-10	10:00	27671,74	27724	27660	27685,29	LONG	0,00167	5981,87	0,00451	HOLD	98,2349	134,4496
2023-05-10	11:00	27685,29	27691,88	27647,56	27689,78	LONG	0,00167	5981,87	0,00451	HOLD	98,2349	134,4571
2023-05-10	12:00	27689,78	27720,97	27652,54	27655,55	LONG	0,00167	5981,87	0,00451	HOLD	98,2349	134,3999
2023-05-10	13:00	27655,55	27655,56	27580	27628,27	LONG	0,00167	5981,87	0,00451	HOLD	98,2349	134,3544
2023-05-10	14:00	27628,27	27631,39	27529,88	27542,26	LONG	0,00167	5981,87	0,00451	HOLD	98,2349	134,2107
2023-05-10	15:00	27542,26	27597,74	27474,91	27572,48	LONG	0,00167	5981,87	0,00451	HOLD	98,2349	134,2612
2023-05-10	16:00	27572,47	27607,38	27537	27577,7	LONG	0,00167	5981,87	0,00451	HOLD	98,2349	134,2699
2023-05-10	17:00	27577,69	27614,53	27536,4	27590,09	LONG	0,00167	5981,87	0,00451	HOLD	98,2349	134,2906
2023-05-10	18:00	27590,09	27679,1	27590,09	27677,09	LONG	0,00167	5981,87	0,00451	HOLD	98,2349	134,4359
2023-05-10	19:00	27677,08	28183,92	27635,81	28175,28	LONG	0,00167	5981,87	0,00451	HOLD	98,2349	135,2679
2023-05-10	20:00	28175,27	28331,42	28033,27	28169,76	LONG	0,00167	5981,87	0,00451	HOLD	98,2349	135,2586
2023-05-10	21:00	28169,76	28254,91	28053,07	28089,31	LONG	0,00167	5981,87	0,00451	HOLD	98,2349	135,1243
2023-05-10	22:00	28089,3	28227,95	28077,28	28153,2	LONG	0,00167	5981,87	0,00451	HOLD	98,2349	135,231
2023-05-10	23:00	28153,21	28299,15	28145,79	28182,17	LONG	0,00167	5981,87	0,00451	HOLD	98,2349	135,2794
2023-05-11	00:00	28182,18	28218,88	26777	27498,72	LONG	0,00167	5981,87	0,00451	HOLD	98,2349	134,138
2023-05-11	01:00	27498,73	27539,57	27355,09	27432,18	LONG	0,00167	5981,87	0,00451	HOLD	98,2349	134,0269
2023-05-11	02:00	27432,18	27790,49	27411,72	27692,26	LONG	0,00167	5981,87	0,00451	HOLD	98,2349	134,4612
2023-05-11	03:00	27692,27	27982,23	27652,68	27857,22	LONG	0,00167	5981,87	0,00451	HOLD	98,2349	134,7367
2023-05-11	04:00	27857,22	27868,4	27219	27508,57	LONG	0,00167	5981,87	0,00451	HOLD	98,2349	134,1545
2023-05-11	05:00	27508,57	27699	27490,62	27670,34	LONG	0,00167	5981,87	0,00451	HOLD	98,2349	134,4246
2023-05-11	06:00	27670,35	27723,99	27572,85	27598,75	LONG	0,00167	5981,87	0,00451	HOLD	98,2349	134,3051
2023-05-11	07:00	27598,74	27622,68	27426,99	27515,09	LONG	0,00167	5981,87	0,00451	HOLD	98,2349	134,1653
2023-05-11	08:00	27515,09	27579,67	27474,21	27554,12	LONG	0,00167	5981,87	0,00451	HOLD	98,2349	134,2305
2023-05-11	09:00	27554,12	27577,82	27498,48	27503,66	LONG	0,00167	5981,87	0,00451	HOLD	98,2349	134,1463
2023-05-11	10:00	27503,66	27503,66	27367,76	27446,9	LONG	0,00167	5981,87	0,00451	HOLD	98,2349	134,0515
2023-05-11	11:00	27446,9	27494,99	27395,88	27493,55	LONG	0,00167	5981,87	0,00451	HOLD	98,2349	134,1294
2023-05-11	12:00	27493,56	27536,96	27422,03	27528,85	LONG	0,00167	5981,87	0,00451	HOLD	98,2349	134,1883
2023-05-11	13:00	27528,86	27536,18	27457,3	27504,52	LONG	0,00167	5981,87	0,00451	HOLD	98,2349	134,1477
2023-05-11	14:00	27504,53	27553,21	27416,02	27450,07	LONG	0,00167	5981,87	0,00451	HOLD	98,2349	134,0568
2023-05-11	15:00	27450,07	27450,07	27257,98	27390,46	LONG	0,00167	5981,87	0,00451	HOLD	98,2349	133,9572
2023-05-11	16:00	27390,47	27448,95	27345,07	27417,47	LONG	0,00167	5981,87	0,00451	HOLD	98,2349	134,0023
2023-05-11	17:00	27417,47	27490,29	27408,93	27459,86	LONG	0,00167	5981,87	0,00451	HOLD	98,2349	134,0731
2023-05-11	18:00	27459,87	27482,56	27375,02	27405,61	LONG	0,00167	5981,87	0,00451	HOLD	98,2349	133,9825
2023-05-11	19:00	27405,62	27630,14	27300,82	27399	LONG	0,00167	5981,87	0,00451	HOLD	98,2349	133,9715
2023-05-11	20:00	27399	27494,94	27099,98	27206,61	LONG	0,00167	5981,87	0,00451	HOLD	98,2349	133,6502
2023-05-11	21:00	27206,62	27343,37	26952	27121,19	LONG	0,00167	5981,87	0,00451	HOLD	98,2349	133,5075
2023-05-11	22:00	27121,19	27223,81	27046,49	27179,42	LONG	0,00167	5981,87	0,00451	HOLD	98,2349	133,6048
2023-05-11	23:00	27179,43	27219,52	27097,25	27129,17	LONG	0,00167	5981,87	0,00451	HOLD	98,2349	133,5209
2023-05-12	00:00	27129,17	27148,58	26742,9	26907,28	LONG	0,00167	5981,87	0,00451	HOLD	98,2349	133,1503
2023-05-12	01:00	26907,27	26993,19	26770,26	26963,73	LONG	0,00167	5981,87	0,00451	HOLD	98,2349	133,2446
2023-05-12	02:00	26963,74	27055	26702,05	26843,05	LONG	0,00167	5981,87	0,00451	HOLD	98,2349	133,043
2023-05-12	03:00	26843,06	27037,61	26807,22	26996,18	LONG	0,00167	5981,87	0,00451	HOLD	98,2349	133,2988
2023-05-12	04:00	26996,17	27060,47	26941,51	26977,99	LONG	0,00167	5981,87	0,00451	HOLD	98,2349	133,2684
2023-05-12	05:00	26978	27056,44	26900	26903,81	LONG	0,00167	5981,87	0,00451	HOLD	98,2349	133,1445
2023-05-12	06:00	26903,8	27056,18	26820	26968,62	LONG	0,00167	5981,87	0,00451	HOLD	98,2349	133,2527
2023-05-12	07:00	26968,61	27042,96	26922,54	27033,78	LONG	0,00167	5981,87	0,00451	HOLD	98,2349	133,3616
2023-05-12	08:00	27033,78	27091,12	26850	26878,48	LONG	0,00167	5981,87	0,00451	HOLD	98,2349	133,1022
2023-05-12	09:00	26878,48	26889,99	26539,28	26646,7	LONG	0,00167	5981,87	0,00451	HOLD	98,2349	132,7151
2023-05-12	10:00	26646,7	26707,96	26528,01	26584,32	LONG	0,00167	5981,87	0,00451	HOLD	98,2349	132,611
2023-05-12	11:00	26584,33	26710	26513,18	26654,19	LONG	0,00167	5981,87	0,00451	HOLD	98,2349	132,7276
2023-05-12	12:00	26654,19	26667,89	26177	26276,67	LONG	0,00167	5981,87	0,00451	HOLD	98,2349	132,0972
2023-05-12	13:00	26276,68	26318,62	26120,74	26299,75	LONG	0,00167	5981,87	0,00451	HOLD	98,2349	132,1357
2023-05-12	14:00	26299,74	26390,14	26265,18	26311,52	LONG	0,00167	5981,87	0,00451	HOLD	98,2349	132,1554
2023-05-12	15:00	26311,51	26374,99	26234,79	26289,12	LONG	0,00167	5981,87	0,00451	HOLD	98,2349	132,118
2023-05-12	16:00	26289,12	26437	26289,12	26380,93	LONG	0,00167	5981,87	0,00451	HOLD	98,2349	132,2713
2023-05-12	17:00	26380,92	26430,22	26334,17	26343,27	LONG	0,00167	5981,87	0,00451	HOLD	98,2349	132,2084
2023-05-12	18:00	26343,28	26423,26	26322,01	26348,01	LONG	0,00167	5981,87	0,00451	HOLD	98,2349	132,2163
2023-05-12	19:00	26348,02	26486,48	26324,02	26412,22	LONG	0,00167	5981,87	0,00451	HOLD	98,2349	132,3235
2023-05-12	20:00	26412,23	26556,96	26358,89	26450	LONG	0,00167	5981,87	0,00451	HOLD	98,2349	132,3866
2023-05-12	21:00	26450	26614,67	26292,1	26313,85	LONG	0,00167	5981,87	0,00451	HOLD	98,2349	132,1593
2023-05-12	22:00	26313,84	26394,8	26271,65	26320,84	LONG	0,00167	5981,87	0,00451	HOLD	98,2349	132,1709
2023-05-12	23:00	26320,83	26408,19	26241,07	26290,98	LONG	0,00167	5981,87	0,00451	HOLD	98,2349	132,1211
2023-05-13	00:00	26290,99	26403,49	26277,21	26304,49	LONG	0,00167	5981,87	0,00451	HOLD	98,2349	132,1436
2023-05-13	01:00	26304,48	26365,7	26299,29	26299,3	LONG	0,00167	5981,87	0,00451	HOLD	98,2349	132,135
2023-05-13	02:00	26299,29	26500	25811,46	26459,62	LONG	0,00167	5981,87	0,00451	HOLD	98,2349	132,4027
2023-05-13	03:00	26459,63	26500	26360,85	26438,42	LONG	0,00167	5981,87	0,00451	HOLD	98,2349	132,3673
2023-05-13	04:00	26438,42	26810,58	26438,41	26750,09	LONG	0,00167	5981,87	0,00451	HOLD	98,2349	132,8878
2023-05-13	05:00	26750,1	26894,9	26637,42	26684,77	LONG	0,00167	5981,87	0,00451	HOLD	98,2349	132,7787
2023-05-13	06:00	26684,78	26806,5	26657,04	26795,01	LONG	0,00167	5981,87	0,00451	HOLD	98,2349	132,9628
2023-05-13	07:00	26795,01	26850	26692,03	26838,99	LONG	0,00167	5981,87	0,00451	HOLD	98,2349	133,0363
2023-05-13	08:00	26838,99	26983,98	26785,66	26827,2	LONG	0,00167	5981,87	0,00451	HOLD	98,2349	133,0166
2023-05-13	09:00	26827,2	26840	26764,17	26779,94	LONG	0,00167	5981,87	0,00451	HOLD	98,2349	132,9376
2023-05-13	10:00	26779,95	26855,23	26772,58	26808,27	LONG	0,00167	5981,87	0,00451	HOLD	98,2349	132,985
2023-05-13	11:00	26808,27	26845,59	26752,83	26797,75	LONG	0,00167	5981,87	0,00451	HOLD	98,2349	132,9674
2023-05-13	12:00	26797,75	26870,19	26737,59	26741,03	LONG	0,00167	5981,87	0,00451	HOLD	98,2349	132,8727
2023-05-13	13:00	26741,02	26766,84	26712,87	26731,59	LONG	0,00167	5981,87	0,00451	HOLD	98,2349	132,8569
2023-05-13	14:00	26731,58	26796,1	26695,41	26771,88	LONG	0,00167	5981,87	0,00451	HOLD	98,2349	132,9242
2023-05-13	15:00	26771,87	26815,03	26746,53	26799,73	LONG	0,00167	5981,87	0,00451	HOLD	98,2349	132,9707
2023-05-13	16:00	26799,74	26849,81	26790	26842,05	LONG	0,00167	5981,87	0,00451	HOLD	98,2349	133,0414
2023-05-13	17:00	26842,05	26877	26765,61	26830,69	LONG	0,00167	5981,87	0,00451	HOLD	98,2349	133,0224
2023-05-13	18:00	26830,68	26863	26796,92	26823,94	LONG	0,00167	5981,87	0,00451	HOLD	98,2349	133,0111
2023-05-13	19:00	26823,93	26904,98	26763,51	26824,6	LONG	0,00167	5981,87	0,00451	HOLD	98,2349	133,0122
2023-05-13	20:00	26824,6	26888,68	26782,58	26821,38	LONG	0,00167	5981,87	0,00451	HOLD	98,2349	133,0068
2023-05-13	21:00	26821,38	26847,36	26736	26789,12	LONG	0,00167	5981,87	0,00451	HOLD	98,2349	132,953
2023-05-13	22:00	26789,12	26822,79	26760,69	26816,25	LONG	0,00167	5981,87	0,00451	HOLD	98,2349	132,9983
2023-05-13	23:00	26816,25	26834,02	26782,29	26822,8	LONG	0,00167	5981,87	0,00451	HOLD	98,2349	133,0092
2023-05-14	00:00	26822,8	26848,02	26792,53	26812,32	LONG	0,00167	5981,87	0,00451	HOLD	98,2349	132,9917
2023-05-14	01:00	26812,31	27045,45	26757,32	26785	LONG	0,00167	5981,87	0,00451	HOLD	98,2349	132,9461
2023-05-14	02:00	26785	26958,13	26770,73	26837,94	LONG	0,00167	5981,87	0,00451	HOLD	98,2349	133,0345
2023-05-14	03:00	26837,93	26922,21	26836,71	26904,86	LONG	0,00167	5981,87	0,00451	HOLD	98,2349	133,1463
2023-05-14	04:00	26904,86	26939,4	26853,3	26862,56	LONG	0,00167	5981,87	0,00451	HOLD	98,2349	133,0756
2023-05-14	05:00	26862,55	26899,67	26839,88	26889,94	LONG	0,00167	5981,87	0,00451	HOLD	98,2349	133,1213
2023-05-14	06:00	26889,95	26929,08	26750	26775,28	LONG	0,00167	5981,87	0,00451	HOLD	98,2349	132,9299
2023-05-14	07:00	26775,27	26811,65	26560,53	26741,31	LONG	0,00167	5981,87	0,00451	HOLD	98,2349	132,8731
2023-05-14	08:00	26741,31	26751,96	26635,65	26730	LONG	0,00167	5981,87	0,00451	HOLD	98,2349	132,8542
2023-05-14	09:00	26729,99	26839,73	26720,97	26810,64	LONG	0,00167	5981,87	0,00451	HOLD	98,2349	132,9889
2023-05-14	10:00	26810,64	26874,42	26784,47	26865,03	LONG	0,00167	5981,87	0,00451	HOLD	98,2349	133,0797
2023-05-14	11:00	26865,04	26876,94	26793,53	26825,87	LONG	0,00167	5981,87	0,00451	HOLD	98,2349	133,0143
2023-05-14	12:00	26825,88	26849,89	26802,82	26828,49	LONG	0,00167	5981,87	0,00451	HOLD	98,2349	133,0187
2023-05-14	13:00	26828,49	26898,87	26822,97	26843,29	LONG	0,00167	5981,87	0,00451	HOLD	98,2349	133,0434
2023-05-14	14:00	26843,29	26873,66	26828,67	26855,21	LONG	0,00167	5981,87	0,00451	HOLD	98,2349	133,0633
2023-05-14	15:00	26855,22	26886,73	26829,98	26845,53	LONG	0,00167	5981,87	0,00451	HOLD	98,2349	133,0472
2023-05-14	16:00	26845,53	26868,73	26808,81	26842,53	LONG	0,00167	5981,87	0,00451	HOLD	98,2349	133,0422
2023-05-14	17:00	26842,53	26849,97	26814,35	26827,07	LONG	0,00167	5981,87	0,00451	HOLD	98,2349	133,0163
2023-05-14	18:00	26827,07	26829,26	26790,02	26805,98	LONG	0,00167	5981,87	0,00451	HOLD	98,2349	132,9811
2023-05-14	19:00	26805,97	26880	26744,7	26871,33	LONG	0,00167	5981,87	0,00451	HOLD	98,2349	133,0903
2023-05-14	20:00	26871,32	26929,99	26819,12	26912,42	LONG	0,00167	5981,87	0,00451	HOLD	98,2349	133,1589
2023-05-14	21:00	26912,41	26977	26850,11	26963,41	LONG	0,00167	5981,87	0,00451	HOLD	98,2349	133,244
2023-05-14	22:00	26963,42	27200	26960,98	27082,02	LONG	0,00167	5981,87	0,00451	HOLD	98,2349	133,4421
2023-05-14	23:00	27082,01	27135,04	26925,17	26958,7	LONG	0,00167	5981,87	0,00451	HOLD	98,2349	133,2362
2023-05-15	00:00	26958,69	26982,02	26866,09	26940,72	LONG	0,00167	5981,87	0,00451	HOLD	98,2349	133,2061
2023-05-15	01:00	26940,71	26953,49	26856	26920,72	LONG	0,00167	5981,87	0,00451	HOLD	98,2349	133,1727
2023-05-15	02:00	26920,72	26939,35	26827,23	26878,97	LONG	0,00167	5981,87	0,00451	HOLD	98,2349	133,103
2023-05-15	03:00	26878,96	26961,55	26842,57	26942,55	LONG	0,00167	5981,87	0,00451	HOLD	98,2349	133,2092
2023-05-15	04:00	26942,55	26957,93	26882,03	26906,62	LONG	0,00167	5981,87	0,00451	HOLD	98,2349	133,1492
2023-05-15	05:00	26906,62	26943,63	26870,42	26900,79	LONG	0,00167	5981,87	0,00451	HOLD	98,2349	133,1395
2023-05-15	06:00	26900,79	26928,53	26854,19	26917,62	LONG	0,00167	5981,87	0,00451	HOLD	98,2349	133,1676
2023-05-15	07:00	26917,61	26931,24	26726	26800,25	LONG	0,00167	5981,87	0,00451	HOLD	98,2349	132,9716
2023-05-15	08:00	26800,25	27290,93	26780	27208,38	LONG	0,00167	5981,87	0,00451	HOLD	98,2349	133,6531
2023-05-15	09:00	27208,38	27253,52	27122,21	27162,07	LONG	0,00167	5981,87	0,00451	HOLD	98,2349	133,5758
2023-05-15	10:00	27162,07	27259,72	27161	27232,8	LONG	0,00167	5981,87	0,00451	HOLD	98,2349	133,6939
2023-05-15	11:00	27232,8	27300	27180,01	27289,04	LONG	0,00167	5981,87	0,00451	HOLD	98,2349	133,7878
2023-05-15	12:00	27289,03	27380	27235,34	27335,52	LONG	0,00167	5981,87	0,00451	HOLD	98,2349	133,8655
2023-05-15	13:00	27335,52	27550,03	27312,38	27475,63	LONG	0,00167	5981,87	0,00451	HOLD	98,2349	134,0994
2023-05-15	14:00	27475,64	27498,02	27387,53	27407,48	LONG	0,00167	5981,87	0,00451	HOLD	98,2349	133,9856
2023-05-15	15:00	27407,47	27448	27385,8	27434,67	LONG	0,00167	5981,87	0,00451	HOLD	98,2349	134,031
2023-05-15	16:00	27434,67	27485,5	27335	27390,5	LONG	0,00167	5981,87	0,00451	HOLD	98,2349	133,9573
2023-05-15	17:00	27390,51	27450,19	27351,01	27416,61	LONG	0,00167	5981,87	0,00451	HOLD	98,2349	134,0009
2023-05-15	18:00	27416,61	27454,66	27315,55	27336,12	LONG	0,00167	5981,87	0,00451	HOLD	98,2349	133,8665
2023-05-15	19:00	27336,12	27411,99	27330,8	27395,73	LONG	0,00167	5981,87	0,00451	HOLD	98,2349	133,966
2023-05-15	20:00	27395,72	27450	27347,37	27374,25	LONG	0,00167	5981,87	0,00451	HOLD	98,2349	133,9301
2023-05-15	21:00	27374,25	27534	27221,2	27404,71	LONG	0,00167	5981,87	0,00451	HOLD	98,2349	133,981
2023-05-15	22:00	27404,71	27448,52	27366,12	27396,8	LONG	0,00167	5981,87	0,00451	HOLD	98,2349	133,9678
2023-05-15	23:00	27396,81	27586	27366,53	27482,65	LONG	0,00167	5981,87	0,00451	HOLD	98,2349	134,1112
2023-05-16	00:00	27482,66	27663,59	27416,53	27506,41	LONG	0,00167	5981,87	0,00451	HOLD	98,2349	134,1508
2023-05-16	01:00	27506,42	27525,59	27381,47	27431,88	LONG	0,00167	5981,87	0,00451	HOLD	98,2349	134,0264
2023-05-16	02:00	27431,88	27443,8	27317,9	27418,24	LONG	0,00167	5981,87	0,00451	HOLD	98,2349	134,0036
2023-05-16	03:00	27418,24	27418,24	27331,66	27346,3	LONG	0,00167	5981,87	0,00451	HOLD	98,2349	133,8835
2023-05-16	04:00	27346,31	27386,05	27315,95	27362,45	LONG	0,00167	5981,87	0,00451	HOLD	98,2349	133,9104
2023-05-16	05:00	27362,45	27368	27250,26	27310,17	LONG	0,00167	5981,87	0,00451	HOLD	98,2349	133,8231
2023-05-16	06:00	27310,16	27317,79	27126,73	27162,14	LONG	0,00167	5981,87	0,00451	HOLD	98,2349	133,5759
2023-05-16	07:00	27162,15	27296,89	27082,99	27205,57	LONG	0,00167	5981,87	0,00451	HOLD	98,2349	133,6484
2023-05-16	08:00	27205,56	27252,17	26852,11	27024,64	LONG	0,00167	5981,87	0,00451	HOLD	98,2349	133,3463
2023-05-16	09:00	27024,64	27089	26976,61	27080,49	LONG	0,00167	5981,87	0,00451	HOLD	98,2349	133,4396
2023-05-16	10:00	27080,49	27145,3	27061,66	27130	LONG	0,00167	5981,87	0,00451	HOLD	98,2349	133,5222
2023-05-16	11:00	27130,02	27145,88	27080	27114,73	LONG	0,00167	5981,87	0,00451	HOLD	98,2349	133,4967
2023-05-16	12:00	27114,74	27157,86	27033,69	27061,55	LONG	0,00167	5981,87	0,00451	HOLD	98,2349	133,4079
2023-05-16	13:00	27061,54	27085	26993,71	27065,57	LONG	0,00167	5981,87	0,00451	HOLD	98,2349	133,4146
2023-05-16	14:00	27065,57	27252,59	27062,55	27252,58	LONG	0,00167	5981,87	0,00451	HOLD	98,2349	133,727
2023-05-16	15:00	27252,58	27286,08	27095,4	27202,22	LONG	0,00167	5981,87	0,00451	HOLD	98,2349	133,6428
2023-05-16	16:00	27202,21	27221,43	27071,88	27092,56	LONG	0,00167	5981,87	0,00451	HOLD	98,2349	133,4597
2023-05-16	17:00	27092,55	27110,06	26987,02	27013,92	LONG	0,00167	5981,87	0,00451	HOLD	98,2349	133,3284
2023-05-16	18:00	27013,93	27126,98	26996,82	27059,03	LONG	0,00167	5981,87	0,00451	HOLD	98,2349	133,4037
2023-05-16	19:00	27059,03	27137,69	26976,95	27060	LONG	0,00167	5981,87	0,00451	HOLD	98,2349	133,4053
2023-05-16	20:00	27060	27128,21	26976,09	26984,84	LONG	0,00167	5981,87	0,00451	HOLD	98,2349	133,2798
2023-05-16	21:00	26984,84	27042,39	26900	26982,79	LONG	0,00167	5981,87	0,00451	HOLD	98,2349	133,2764
2023-05-16	22:00	26982,8	27090,77	26980,02	27038,02	LONG	0,00167	5981,87	0,00451	HOLD	98,2349	133,3686
2023-05-16	23:00	27038,01	27151,51	26981,48	27052,83	LONG	0,00167	5981,87	0,00451	HOLD	98,2349	133,3934
2023-05-17	00:00	27052,84	27100	26959,46	27086,56	LONG	0,00167	5981,87	0,00451	HOLD	98,2349	133,4497
2023-05-17	01:00	27086,56	27116,92	27000,57	27051,78	LONG	0,00167	5981,87	0,00451	HOLD	98,2349	133,3916
2023-05-17	02:00	27051,79	27071,98	26880	26933,05	LONG	0,00167	5981,87	0,00451	HOLD	98,2349	133,1933
2023-05-17	03:00	26933,06	26993,45	26897,34	26951,41	LONG	0,00167	5981,87	0,00451	HOLD	98,2349	133,224
2023-05-17	04:00	26951,41	27049	26923,12	27012,97	LONG	0,00167	5981,87	0,00451	HOLD	98,2349	133,3268
2023-05-17	05:00	27012,98	27039,99	26975,71	26998,36	LONG	0,00167	5981,87	0,00451	HOLD	98,2349	133,3024
2023-05-17	06:00	26998,37	27049,74	26962,13	27033,84	LONG	0,00167	5981,87	0,00451	HOLD	98,2349	133,3617
2023-05-17	07:00	27033,85	27115	26982,93	27098,59	LONG	0,00167	5981,87	0,00451	HOLD	98,2349	133,4698
2023-05-17	08:00	27098,58	27238,55	27058,61	27170,77	LONG	0,00167	5981,87	0,00451	HOLD	98,2349	133,5903
2023-05-17	09:00	27170,78	27191,58	27062,66	27065,15	LONG	0,00167	5981,87	0,00451	HOLD	98,2349	133,4139
2023-05-17	10:00	27065,15	27131,7	27041	27060,04	LONG	0,00167	5981,87	0,00451	HOLD	98,2349	133,4054
2023-05-17	11:00	27060,05	27100	27055,09	27072,5	LONG	0,00167	5981,87	0,00451	HOLD	98,2349	133,4262
2023-05-17	12:00	27072,51	27072,51	26985,37	26990,78	LONG	0,00167	5981,87	0,00451	HOLD	98,2349	133,2897
2023-05-17	13:00	26990,78	27005,97	26931,54	26993,92	LONG	0,00167	5981,87	0,00451	HOLD	98,2349	133,295
2023-05-17	14:00	26993,93	27032,66	26760	26845,14	LONG	0,00167	5981,87	0,00451	HOLD	98,2349	133,0465
2023-05-17	15:00	26845,14	26861,89	26774,83	26813,07	LONG	0,00167	5981,87	0,00451	HOLD	98,2349	132,993
2023-05-17	16:00	26813,08	26877,42	26798,55	26871,8	LONG	0,00167	5981,87	0,00451	HOLD	98,2349	133,091
2023-05-17	17:00	26871,8	26914,3	26835	26868,21	LONG	0,00167	5981,87	0,00451	HOLD	98,2349	133,0851
2023-05-17	18:00	26868,22	26868,22	26573,62	26637,62	LONG	0,00167	5981,87	0,00451	HOLD	98,2349	132,7
2023-05-17	19:00	26637,61	26760,56	26600,1	26669,89	LONG	0,00167	5981,87	0,00451	HOLD	98,2349	132,7539
2023-05-17	20:00	26669,88	26757,77	26590,68	26635,91	LONG	0,00167	5981,87	0,00451	HOLD	98,2349	132,6971
2023-05-17	21:00	26635,91	26830,22	26544,71	26780,77	LONG	0,00167	5981,87	0,00451	HOLD	98,2349	132,939
2023-05-17	22:00	26780,78	26836,06	26708,68	26796,93	LONG	0,00167	5981,87	0,00451	HOLD	98,2349	132,966
2023-05-17	23:00	26796,93	26947,76	26741,36	26905,1	LONG	0,00167	5981,87	0,00451	HOLD	98,2349	133,1467
2023-05-18	00:00	26905,1	27174	26862,19	27086,12	LONG	0,00167	5981,87	0,00451	HOLD	98,2349	133,449
2023-05-18	01:00	27086,12	27205	27064,95	27099,07	LONG	0,00167	5981,87	0,00451	HOLD	98,2349	133,4706
2023-05-18	02:00	27099,08	27447,29	27099,07	27385,09	LONG	0,00167	5981,87	0,00451	HOLD	98,2349	133,9482
2023-05-18	03:00	27385,09	27467,02	27274,45	27340,59	LONG	0,00167	5981,87	0,00451	HOLD	98,2349	133,8739
2023-05-18	04:00	27340,6	27500	27275	27364,96	LONG	0,00167	5981,87	0,00451	HOLD	98,2349	133,9146
2023-05-18	05:00	27364,96	27388,88	27301,12	27333,73	LONG	0,00167	5981,87	0,00451	HOLD	98,2349	133,8625
2023-05-18	06:00	27333,72	27431	27333,72	27405,61	LONG	0,00167	5981,87	0,00451	HOLD	98,2349	133,9825
2023-05-18	07:00	27405,62	27485,33	27354,15	27357,42	LONG	0,00167	5981,87	0,00451	HOLD	98,2349	133,902
2023-05-18	08:00	27357,42	27392,55	27306,59	27323,21	LONG	0,00167	5981,87	0,00451	HOLD	98,2349	133,8449
2023-05-18	09:00	27323,21	27388,86	27286,58	27349,32	LONG	0,00167	5981,87	0,00451	HOLD	98,2349	133,8885
2023-05-18	10:00	27349,32	27378,9	27331,9	27365,69	LONG	0,00167	5981,87	0,00451	HOLD	98,2349	133,9158
2023-05-18	11:00	27365,69	27367,09	27300	27302,62	LONG	0,00167	5981,87	0,00451	HOLD	98,2349	133,8105
2023-05-18	12:00	27302,62	27318,63	27217,01	27220,16	LONG	0,00167	5981,87	0,00451	HOLD	98,2349	133,6728
2023-05-18	13:00	27220,16	27250	27152,29	27210,88	LONG	0,00167	5981,87	0,00451	HOLD	98,2349	133,6573
2023-05-18	14:00	27210,89	27454,14	27200	27391,61	LONG	0,00167	5981,87	0,00451	HOLD	98,2349	133,9591
2023-05-18	15:00	27391,61	27440,01	27346,45	27388,54	LONG	0,00167	5981,87	0,00451	HOLD	98,2349	133,954
2023-05-18	16:00	27388,53	27430	27354,63	27405	LONG	0,00167	5981,87	0,00451	HOLD	98,2349	133,9815
2023-05-18	17:00	27405	27423,74	27334,02	27347,86	LONG	0,00167	5981,87	0,00451	HOLD	98,2349	133,8861
2023-05-18	18:00	27347,86	27400	27342,62	27398,97	LONG	0,00167	5981,87	0,00451	HOLD	98,2349	133,9714
2023-05-18	19:00	27398,97	27472,14	27226,33	27237,02	LONG	0,00167	5981,87	0,00451	HOLD	98,2349	133,701
2023-05-18	20:00	27237,02	27283	27180,17	27257,21	LONG	0,00167	5981,87	0,00451	HOLD	98,2349	133,7347
2023-05-18	21:00	27257,21	27404,51	27021,95	27244,99	LONG	0,00167	5981,87	0,00451	HOLD	98,2349	133,7143
2023-05-18	22:00	27245	27300	27045,1	27086,77	LONG	0,00167	5981,87	0,00451	HOLD	98,2349	133,45
2023-05-18	23:00	27086,78	27118,36	26981,56	27069,56	LONG	0,00167	5981,87	0,00451	HOLD	98,2349	133,4213
2023-05-19	00:00	27069,55	27090,58	26361,2	26488,99	LONG	0,00167	5981,87	0,00451	HOLD	98,2349	132,4518
2023-05-19	01:00	26489	26653,4	26409,77	26617,62	LONG	0,00167	5981,87	0,00451	HOLD	98,2349	132,6666
2023-05-19	02:00	26617,62	26847,99	26572,71	26734,01	LONG	0,00167	5981,87	0,00451	HOLD	98,2349	132,8609
2023-05-19	03:00	26734,01	26771,53	26691,2	26720,63	LONG	0,00167	5981,87	0,00451	HOLD	98,2349	132,8386
2023-05-19	04:00	26720,63	27065,27	26720,63	26917,24	LONG	0,00167	5981,87	0,00451	HOLD	98,2349	133,1669
2023-05-19	05:00	26917,24	26948,14	26843,93	26891,75	LONG	0,00167	5981,87	0,00451	HOLD	98,2349	133,1244
2023-05-19	06:00	26891,74	26894,92	26817,48	26821,28	LONG	0,00167	5981,87	0,00451	HOLD	98,2349	133,0067
2023-05-19	07:00	26821,28	26929,04	26799,28	26885,47	LONG	0,00167	5981,87	0,00451	HOLD	98,2349	133,1139
2023-05-19	08:00	26885,47	26914,64	26749,33	26809,99	LONG	0,00167	5981,87	0,00451	HOLD	98,2349	132,9878
2023-05-19	09:00	26810	26849,21	26762,77	26802,05	LONG	0,00167	5981,87	0,00451	HOLD	98,2349	132,9746
2023-05-19	10:00	26802,05	26874,59	26769,35	26834,73	LONG	0,00167	5981,87	0,00451	HOLD	98,2349	133,0291
2023-05-19	11:00	26834,73	26876,25	26812,03	26875	LONG	0,00167	5981,87	0,00451	HOLD	98,2349	133,0964
2023-05-19	12:00	26874,99	26888,82	26827,28	26876,45	LONG	0,00167	5981,87	0,00451	HOLD	98,2349	133,0988
2023-05-19	13:00	26876,44	26938,49	26866,05	26902,72	LONG	0,00167	5981,87	0,00451	HOLD	98,2349	133,1427
2023-05-19	14:00	26902,72	26960,24	26844,04	26851,38	LONG	0,00167	5981,87	0,00451	HOLD	98,2349	133,0569
2023-05-19	15:00	26851,39	26926,61	26834,32	26886,52	LONG	0,00167	5981,87	0,00451	HOLD	98,2349	133,1156
2023-05-19	16:00	26886,53	26906,73	26819	26842,18	LONG	0,00167	5981,87	0,00451	HOLD	98,2349	133,0416
2023-05-19	17:00	26842,18	26876,66	26790,72	26823,08	LONG	0,00167	5981,87	0,00451	HOLD	98,2349	133,0097
2023-05-19	18:00	26823,08	26878,88	26798,54	26855,89	LONG	0,00167	5981,87	0,00451	HOLD	98,2349	133,0645
2023-05-19	19:00	26855,9	26988,2	26855,89	26909,94	LONG	0,00167	5981,87	0,00451	HOLD	98,2349	133,1547
2023-05-19	20:00	26909,93	26955	26843,2	26865,46	LONG	0,00167	5981,87	0,00451	HOLD	98,2349	133,0805
2023-05-19	21:00	26865,47	26865,47	26762,31	26835,33	LONG	0,00167	5981,87	0,00451	HOLD	98,2349	133,0301
2023-05-19	22:00	26835,34	27183,6	26630	26883,65	LONG	0,00167	5981,87	0,00451	HOLD	98,2349	133,1108
2023-05-19	23:00	26883,65	26961,34	26801,56	26837,72	LONG	0,00167	5981,87	0,00451	HOLD	98,2349	133,0341
2023-05-20	00:00	26837,73	26973,56	26825	26919,17	LONG	0,00167	5981,87	0,00451	HOLD	98,2349	133,1702
2023-05-20	01:00	26919,16	26937,62	26872,83	26890,8	LONG	0,00167	5981,87	0,00451	HOLD	98,2349	133,1228
2023-05-20	02:00	26890,8	26890,81	26780,73	26834,46	LONG	0,00167	5981,87	0,00451	HOLD	98,2349	133,0287
2023-05-20	03:00	26834,47	26875,81	26807,73	26831,04	LONG	0,00167	5981,87	0,00451	HOLD	98,2349	133,023
2023-05-20	04:00	26831,03	26906,13	26826,57	26906,12	LONG	0,00167	5981,87	0,00451	HOLD	98,2349	133,1484
2023-05-20	05:00	26906,13	26921,21	26862,18	26871,15	LONG	0,00167	5981,87	0,00451	HOLD	98,2349	133,09
2023-05-20	06:00	26871,15	26900	26864,03	26880,26	LONG	0,00167	5981,87	0,00451	HOLD	98,2349	133,1052
2023-05-20	07:00	26880,26	26908,42	26825,11	26845,71	LONG	0,00167	5981,87	0,00451	HOLD	98,2349	133,0475
2023-05-20	08:00	26845,71	26885,86	26845,54	26858,98	LONG	0,00167	5981,87	0,00451	HOLD	98,2349	133,0696
2023-05-20	09:00	26858,98	26870,05	26832,36	26839,63	LONG	0,00167	5981,87	0,00451	HOLD	98,2349	133,0373
2023-05-20	10:00	26839,63	26874,74	26839,62	26865,58	LONG	0,00167	5981,87	0,00451	HOLD	98,2349	133,0807
2023-05-20	11:00	26865,59	26873,63	26851,11	26873,63	LONG	0,00167	5981,87	0,00451	HOLD	98,2349	133,0941
2023-05-20	12:00	26873,62	26873,63	26840	26869,36	LONG	0,00167	5981,87	0,00451	HOLD	98,2349	133,087
2023-05-20	13:00	26869,36	26870	26835,1	26854,04	LONG	0,00167	5981,87	0,00451	HOLD	98,2349	133,0614
2023-05-20	14:00	26854,05	26857,21	26840	26854,98	LONG	0,00167	5981,87	0,00451	HOLD	98,2349	133,063
2023-05-20	15:00	26854,98	26917,38	26854,97	26908,98	LONG	0,00167	5981,87	0,00451	HOLD	98,2349	133,1531
2023-05-20	16:00	26908,99	26913,53	26869,96	26880,31	LONG	0,00167	5981,87	0,00451	HOLD	98,2349	133,1053
2023-05-20	17:00	26880,31	26902,68	26874,88	26887,08	LONG	0,00167	5981,87	0,00451	HOLD	98,2349	133,1166
2023-05-20	18:00	26887,08	26904,11	26871,78	26880,06	LONG	0,00167	5981,87	0,00451	HOLD	98,2349	133,1048
2023-05-20	19:00	26880,05	26945,66	26880,05	26895,77	LONG	0,00167	5981,87	0,00451	HOLD	98,2349	133,1311
2023-05-20	20:00	26895,77	26916,76	26875,51	26889,11	LONG	0,00167	5981,87	0,00451	HOLD	98,2349	133,12
2023-05-20	21:00	26889,12	26928,23	26889,11	26920,01	LONG	0,00167	5981,87	0,00451	HOLD	98,2349	133,1716
2023-05-20	22:00	26920,02	26976	26891,6	26945,66	LONG	0,00167	5981,87	0,00451	HOLD	98,2349	133,2144
2023-05-20	23:00	26945,67	26948,19	26913,25	26918,46	LONG	0,00167	5981,87	0,00451	HOLD	98,2349	133,169
2023-05-21	00:00	26918,46	27146,22	26917,69	27139,45	LONG	0,00167	5981,87	0,00451	HOLD	98,2349	133,538
2023-05-21	01:00	27139,46	27150	27027,14	27029,05	LONG	0,00167	5981,87	0,00451	HOLD	98,2349	133,3537
2023-05-21	02:00	27029,04	27073,61	26969,55	27063,03	LONG	0,00167	5981,87	0,00451	HOLD	98,2349	133,4104
2023-05-21	03:00	27063,04	27091,95	27004,16	27011,29	LONG	0,00167	5981,87	0,00451	HOLD	98,2349	133,324
2023-05-21	04:00	27011,29	27055,69	26967,18	27033,03	LONG	0,00167	5981,87	0,00451	HOLD	98,2349	133,3603
2023-05-21	05:00	27033,02	27068,06	27011,31	27067,32	LONG	0,00167	5981,87	0,00451	HOLD	98,2349	133,4176
2023-05-21	06:00	27067,31	27129,36	27045,73	27102,43	LONG	0,00167	5981,87	0,00451	HOLD	98,2349	133,4762
2023-05-21	07:00	27102,42	27277,55	27063,09	27237,75	LONG	0,00167	5981,87	0,00451	HOLD	98,2349	133,7022
2023-05-21	08:00	27237,76	27257,19	27150,95	27158,79	LONG	0,00167	5981,87	0,00451	HOLD	98,2349	133,5703
2023-05-21	09:00	27158,79	27191,04	27145,59	27168,54	LONG	0,00167	5981,87	0,00451	HOLD	98,2349	133,5866
2023-05-21	10:00	27168,53	27191,1	27156,6	27176,22	LONG	0,00167	5981,87	0,00451	HOLD	98,2349	133,5994
2023-05-21	11:00	27176,22	27176,22	27118	27129,32	LONG	0,00167	5981,87	0,00451	HOLD	98,2349	133,5211
2023-05-21	12:00	27129,32	27138,34	27089,74	27098,85	LONG	0,00167	5981,87	0,00451	HOLD	98,2349	133,4702
2023-05-21	13:00	27098,84	27103	27065,01	27083,85	LONG	0,00167	5981,87	0,00451	HOLD	98,2349	133,4452
2023-05-21	14:00	27083,85	27083,86	27047,88	27054,99	LONG	0,00167	5981,87	0,00451	HOLD	98,2349	133,397
2023-05-21	15:00	27055	27072,67	27025,74	27042,87	LONG	0,00167	5981,87	0,00451	HOLD	98,2349	133,3767
2023-05-21	16:00	27042,88	27077,22	27030	27077,21	LONG	0,00167	5981,87	0,00451	HOLD	98,2349	133,4341
2023-05-21	17:00	27077,22	27085,81	26890,39	26955	LONG	0,00167	5981,87	0,00451	HOLD	98,2349	133,23
2023-05-21	18:00	26954,99	26955	26776,23	26829,94	LONG	0,00167	5981,87	0,00451	HOLD	98,2349	133,0211
2023-05-21	19:00	26829,93	26949,82	26803,58	26930,01	LONG	0,00167	5981,87	0,00451	HOLD	98,2349	133,1883
2023-05-21	20:00	26930	26935,79	26888,07	26890,69	LONG	0,00167	5981,87	0,00451	HOLD	98,2349	133,1226
2023-05-21	21:00	26890,69	26972,21	26881	26898,32	LONG	0,00167	5981,87	0,00451	HOLD	98,2349	133,1353
2023-05-21	22:00	26898,32	26977	26811	26898,97	LONG	0,00167	5981,87	0,00451	HOLD	98,2349	133,1364
2023-05-21	23:00	26898,97	26916,81	26851,65	26886,43	LONG	0,00167	5981,87	0,00451	HOLD	98,2349	133,1155
2023-05-22	00:00	26886,42	26933,33	26832,98	26871,55	LONG	0,00167	5981,87	0,00451	HOLD	98,2349	133,0906
2023-05-22	01:00	26871,55	26894,75	26846,38	26872,28	LONG	0,00167	5981,87	0,00451	HOLD	98,2349	133,0918
2023-05-22	02:00	26872,27	26916,99	26855,8	26902,12	LONG	0,00167	5981,87	0,00451	HOLD	98,2349	133,1417
2023-05-22	03:00	26902,13	26926,29	26820	26845,8	LONG	0,00167	5981,87	0,00451	HOLD	98,2349	133,0476
2023-05-22	04:00	26845,79	26846,65	26666,03	26745,15	LONG	0,00167	5981,87	0,00451	HOLD	98,2349	132,8795
2023-05-22	05:00	26745,15	26794,81	26731,42	26754,81	LONG	0,00167	5981,87	0,00451	HOLD	98,2349	132,8957
2023-05-22	06:00	26754,82	26804,63	26726,15	26747,78	LONG	0,00167	5981,87	0,00451	HOLD	98,2349	132,8839
2023-05-22	07:00	26747,78	26779,54	26549,29	26656,11	LONG	0,00167	5981,87	0,00451	HOLD	98,2349	132,7308
2023-05-22	08:00	26656,1	26688,23	26560	26584,17	LONG	0,00167	5981,87	0,00451	HOLD	98,2349	132,6107
2023-05-22	09:00	26584,17	26666,04	26538,21	26649,67	LONG	0,00167	5981,87	0,00451	HOLD	98,2349	132,7201
2023-05-22	10:00	26649,67	26675,69	26635,77	26644,8	LONG	0,00167	5981,87	0,00451	HOLD	98,2349	132,712
2023-05-22	11:00	26644,8	26728,79	26643,12	26691,67	LONG	0,00167	5981,87	0,00451	HOLD	98,2349	132,7902
2023-05-22	12:00	26691,66	26800	26691,66	26756,09	LONG	0,00167	5981,87	0,00451	HOLD	98,2349	132,8978
2023-05-22	13:00	26756,08	26913,14	26751,46	26821,69	LONG	0,00167	5981,87	0,00451	HOLD	98,2349	133,0074
2023-05-22	14:00	26821,68	26875,77	26795,03	26843,13	LONG	0,00167	5981,87	0,00451	HOLD	98,2349	133,0432
2023-05-22	15:00	26843,12	26900	26826,62	26826,62	LONG	0,00167	5981,87	0,00451	HOLD	98,2349	133,0156
2023-05-22	16:00	26826,62	26887,62	26824,66	26862,57	LONG	0,00167	5981,87	0,00451	HOLD	98,2349	133,0756
2023-05-22	17:00	26862,56	26875,56	26795,75	26831,77	LONG	0,00167	5981,87	0,00451	HOLD	98,2349	133,0242
2023-05-22	18:00	26831,77	26834,12	26767,34	26826,78	LONG	0,00167	5981,87	0,00451	HOLD	98,2349	133,0159
2023-05-22	19:00	26826,79	26866	26731	26731,6	LONG	0,00167	5981,87	0,00451	HOLD	98,2349	132,8569
2023-05-22	20:00	26731,61	27099,89	26702,91	27007	LONG	0,00167	5981,87	0,00451	HOLD	98,2349	133,3168
2023-05-22	21:00	27007,01	27041,34	26769,49	26957,28	LONG	0,00167	5981,87	0,00451	HOLD	98,2349	133,2338
2023-05-22	22:00	26957,27	26977,23	26811,73	26877,18	LONG	0,00167	5981,87	0,00451	HOLD	98,2349	133,1
2023-05-22	23:00	26877,17	26925,1	26835,65	26873,16	LONG	0,00167	5981,87	0,00451	HOLD	98,2349	133,0933
2023-05-23	00:00	26873,16	26896,87	26781,99	26850,16	LONG	0,00167	5981,87	0,00451	HOLD	98,2349	133,0549
2023-05-23	01:00	26850,16	26930	26836,44	26880,19	LONG	0,00167	5981,87	0,00451	HOLD	98,2349	133,1051
2023-05-23	02:00	26880,19	26889,96	26819,1	26862,43	LONG	0,00167	5981,87	0,00451	HOLD	98,2349	133,0754
2023-05-23	03:00	26862,43	26934,93	26833,21	26895,13	LONG	0,00167	5981,87	0,00451	HOLD	98,2349	133,13
2023-05-23	04:00	26895,14	26959,52	26880,44	26900,52	LONG	0,00167	5981,87	0,00451	HOLD	98,2349	133,139
2023-05-23	05:00	26900,52	26913,78	26872,02	26872,03	LONG	0,00167	5981,87	0,00451	HOLD	98,2349	133,0914
2023-05-23	06:00	26872,02	26883,17	26834,45	26849,27	LONG	0,00167	5981,87	0,00451	HOLD	98,2349	133,0534
2023-05-23	07:00	26849,28	26936,58	26798,11	26822,33	LONG	0,00167	5981,87	0,00451	HOLD	98,2349	133,0084
2023-05-23	08:00	26822,34	27110	26803,36	26994,98	LONG	0,00167	5981,87	0,00451	HOLD	98,2349	133,2968
2023-05-23	09:00	26994,98	27173,53	26994,97	27128,42	LONG	0,00167	5981,87	0,00451	HOLD	98,2349	133,5196
2023-05-23	10:00	27128,41	27442,03	27115,2	27366,67	LONG	0,00167	5981,87	0,00451	HOLD	98,2349	133,9175
2023-05-23	11:00	27366,67	27435,34	27338,35	27381,65	LONG	0,00167	5981,87	0,00451	HOLD	98,2349	133,9425
2023-05-23	12:00	27381,64	27495,83	27366,69	27387,49	LONG	0,00167	5981,87	0,00451	HOLD	98,2349	133,9523
2023-05-23	13:00	27387,5	27426,52	27278,18	27292,49	LONG	0,00167	5981,87	0,00451	HOLD	98,2349	133,7936
2023-05-23	14:00	27292,5	27324,28	27205,01	27304,4	LONG	0,00167	5981,87	0,00451	HOLD	98,2349	133,8135
2023-05-23	15:00	27304,4	27337	27250,32	27334,52	LONG	0,00167	5981,87	0,00451	HOLD	98,2349	133,8638
2023-05-23	16:00	27334,52	27347,07	27269,86	27273,54	LONG	0,00167	5981,87	0,00451	HOLD	98,2349	133,762
2023-05-23	17:00	27273,54	27334,78	27253,27	27327,8	LONG	0,00167	5981,87	0,00451	HOLD	98,2349	133,8526
2023-05-23	18:00	27327,8	27349	27283,22	27337,36	LONG	0,00167	5981,87	0,00451	HOLD	98,2349	133,8685
2023-05-23	19:00	27337,36	27386,26	27240,45	27284,78	LONG	0,00167	5981,87	0,00451	HOLD	98,2349	133,7807
2023-05-23	20:00	27284,77	27306,72	27175,19	27236,03	LONG	0,00167	5981,87	0,00451	HOLD	98,2349	133,6993
2023-05-23	21:00	27236,04	27358,22	27233,17	27321,35	LONG	0,00167	5981,87	0,00451	HOLD	98,2349	133,8418
2023-05-23	22:00	27321,34	27359,93	27291,02	27320,05	LONG	0,00167	5981,87	0,00451	HOLD	98,2349	133,8396
2023-05-23	23:00	27320,04	27328,48	27200,16	27229,23	LONG	0,00167	5981,87	0,00451	HOLD	98,2349	133,688
2023-05-24	00:00	27229,24	27270,23	27185,52	27203,71	LONG	0,00167	5981,87	0,00451	HOLD	98,2349	133,6453
2023-05-24	01:00	27203,71	27219,97	27119	27139,01	LONG	0,00167	5981,87	0,00451	HOLD	98,2349	133,5373
2023-05-24	02:00	27139,01	27219,48	27100,79	27181,22	LONG	0,00167	5981,87	0,00451	HOLD	98,2349	133,6078
2023-05-24	03:00	27181,23	27242,67	27151,38	27215,11	LONG	0,00167	5981,87	0,00451	HOLD	98,2349	133,6644
2023-05-24	04:00	27215,1	27239,41	27187,56	27200,38	LONG	0,00167	5981,87	0,00451	HOLD	98,2349	133,6398
2023-05-24	05:00	27200,37	27221,12	27178,09	27194,91	LONG	0,00167	5981,87	0,00451	HOLD	98,2349	133,6306
2023-05-24	06:00	27194,91	27249,38	27192,35	27219,61	LONG	0,00167	5981,87	0,00451	HOLD	98,2349	133,6719
2023-05-24	07:00	27219,61	27219,61	27124,91	27156,7	LONG	0,00167	5981,87	0,00451	HOLD	98,2349	133,5668
2023-05-24	08:00	27156,71	27188,93	27134,99	27138,19	LONG	0,00167	5981,87	0,00451	HOLD	98,2349	133,5359
2023-05-24	09:00	27138,2	27170,71	27111	27161,76	LONG	0,00167	5981,87	0,00451	HOLD	98,2349	133,5753
2023-05-24	10:00	27161,75	27164,59	26649,88	26786	LONG	0,00167	5981,87	0,00451	HOLD	98,2349	132,9478
2023-05-24	11:00	26786,01	26812,63	26704,71	26804,12	LONG	0,00167	5981,87	0,00451	HOLD	98,2349	132,978
2023-05-24	12:00	26804,11	26830,42	26718,03	26775,45	LONG	0,00167	5981,87	0,00451	HOLD	98,2349	132,9301
2023-05-24	13:00	26775,44	26775,45	26613	26712,55	LONG	0,00167	5981,87	0,00451	HOLD	98,2349	132,8251
2023-05-24	14:00	26712,56	26757,72	26646	26678,67	LONG	0,00167	5981,87	0,00451	HOLD	98,2349	132,7685
2023-05-24	15:00	26678,67	26754,02	26670	26748,58	LONG	0,00167	5981,87	0,00451	HOLD	98,2349	132,8853
2023-05-24	16:00	26748,58	26839,02	26737,4	26750,8	LONG	0,00167	5981,87	0,00451	HOLD	98,2349	132,889
2023-05-24	17:00	26750,8	26762,6	26715,06	26730	LONG	0,00167	5981,87	0,00451	HOLD	98,2349	132,8542
2023-05-24	18:00	26730,01	26764,91	26680,64	26742,24	LONG	0,00167	5981,87	0,00451	HOLD	98,2349	132,8747
2023-05-24	19:00	26742,25	26742,25	26661,05	26695,41	LONG	0,00167	5981,87	0,00451	HOLD	98,2349	132,7965
2023-05-24	20:00	26695,41	26709,62	26274,69	26442,86	LONG	0,00167	5981,87	0,00451	HOLD	98,2349	132,3747
2023-05-24	21:00	26442,85	26442,86	26144,36	26254,93	LONG	0,00167	5981,87	0,00451	HOLD	98,2349	132,0609
2023-05-24	22:00	26254,93	26377,63	26080,5	26314,69	LONG	0,00167	5981,87	0,00451	HOLD	98,2349	132,1607
2023-05-24	23:00	26314,69	26326,47	26159,97	26238,01	LONG	0,00167	5981,87	0,00451	HOLD	98,2349	132,0326
2023-05-25	00:00	26238,01	26358,99	26170,18	26285,01	LONG	0,00167	5981,87	0,00451	HOLD	98,2349	132,1111
2023-05-25	01:00	26285,01	26324,41	26214	26220,55	LONG	0,00167	5981,87	0,00451	HOLD	98,2349	132,0035
2023-05-25	02:00	26220,55	26397,64	26201,67	26252,33	LONG	0,00167	5981,87	0,00451	HOLD	98,2349	132,0565
2023-05-25	03:00	26252,34	26486,46	26242,62	26404,18	LONG	0,00167	5981,87	0,00451	HOLD	98,2349	132,3101
2023-05-25	04:00	26404,18	26464,65	26310,48	26368,66	LONG	0,00167	5981,87	0,00451	HOLD	98,2349	132,2508
2023-05-25	05:00	26368,66	26406	26313,47	26348,52	LONG	0,00167	5981,87	0,00451	HOLD	98,2349	132,2172
2023-05-25	06:00	26348,52	26394,16	26318,25	26329,01	LONG	0,00167	5981,87	0,00451	HOLD	98,2349	132,1846
2023-05-25	07:00	26329	26394,37	26197,12	26236,47	LONG	0,00167	5981,87	0,00451	HOLD	98,2349	132,03
2023-05-25	08:00	26236,46	26318,58	25871,89	26124,08	LONG	0,00167	5981,87	0,00451	HOLD	98,2349	131,8424
2023-05-25	09:00	26124,08	26147	26052,88	26122,71	LONG	0,00167	5981,87	0,00451	HOLD	98,2349	131,8401
2023-05-25	10:00	26122,72	26227,71	26122,71	26183,72	LONG	0,00167	5981,87	0,00451	HOLD	98,2349	131,942
2023-05-25	11:00	26183,73	26269,3	26153	26224,39	LONG	0,00167	5981,87	0,00451	HOLD	98,2349	132,0099
2023-05-25	12:00	26224,39	26279,45	26214,4	26260,12	LONG	0,00167	5981,87	0,00451	HOLD	98,2349	132,0695
2023-05-25	13:00	26260,11	26300	26220,01	26261,27	LONG	0,00167	5981,87	0,00451	HOLD	98,2349	132,0715
2023-05-25	14:00	26261,26	26267,29	26126,76	26131,27	LONG	0,00167	5981,87	0,00451	HOLD	98,2349	131,8544
2023-05-25	15:00	26131,27	26252,26	26128,37	26223,87	LONG	0,00167	5981,87	0,00451	HOLD	98,2349	132,009
2023-05-25	16:00	26223,87	26286,76	26223,04	26284,76	LONG	0,00167	5981,87	0,00451	HOLD	98,2349	132,1107
2023-05-25	17:00	26284,76	26302,88	26213,79	26248,18	LONG	0,00167	5981,87	0,00451	HOLD	98,2349	132,0496
2023-05-25	18:00	26248,17	26335,16	26205,84	26296,62	LONG	0,00167	5981,87	0,00451	HOLD	98,2349	132,1305
2023-05-25	19:00	26296,61	26499,99	26296,61	26403,52	LONG	0,00167	5981,87	0,00451	HOLD	98,2349	132,309
2023-05-25	20:00	26403,52	26432,96	26269,53	26338,37	LONG	0,00167	5981,87	0,00451	HOLD	98,2349	132,2002
2023-05-25	21:00	26338,36	26426,85	26287,9	26364,65	LONG	0,00167	5981,87	0,00451	HOLD	98,2349	132,2441
2023-05-25	22:00	26364,66	26391,71	26168,6	26226,12	LONG	0,00167	5981,87	0,00451	HOLD	98,2349	132,0128
2023-05-25	23:00	26226,12	26320,03	26207,47	26276,73	LONG	0,00167	5981,87	0,00451	HOLD	98,2349	132,0973
2023-05-26	00:00	26276,73	26393,75	26250,01	26350,84	LONG	0,00167	5981,87	0,00451	HOLD	98,2349	132,221
2023-05-26	01:00	26350,85	26413,08	26330,47	26374,54	LONG	0,00167	5981,87	0,00451	HOLD	98,2349	132,2606
2023-05-26	02:00	26374,53	26631,98	26370,16	26468,68	LONG	0,00167	5981,87	0,00451	HOLD	98,2349	132,4178
2023-05-26	03:00	26468,67	26522,8	26458,52	26485,21	LONG	0,00167	5981,87	0,00451	HOLD	98,2349	132,4454
2023-05-26	04:00	26485,21	26485,22	26437,53	26475,86	LONG	0,00167	5981,87	0,00451	HOLD	98,2349	132,4298
2023-05-26	05:00	26475,85	26478,44	26432,46	26454,41	LONG	0,00167	5981,87	0,00451	HOLD	98,2349	132,394
2023-05-26	06:00	26454,41	26551,02	26454,41	26473,79	LONG	0,00167	5981,87	0,00451	HOLD	98,2349	132,4264
2023-05-26	07:00	26473,8	26505,24	26384,36	26469,93	LONG	0,00167	5981,87	0,00451	HOLD	98,2349	132,4199
2023-05-26	08:00	26469,94	26539,34	26350	26414,9	LONG	0,00167	5981,87	0,00451	HOLD	98,2349	132,328
2023-05-26	09:00	26414,9	26442,37	26385,36	26403,34	LONG	0,00167	5981,87	0,00451	HOLD	98,2349	132,3087
2023-05-26	10:00	26403,34	26467,56	26394,54	26435,14	LONG	0,00167	5981,87	0,00451	HOLD	98,2349	132,3618
2023-05-26	11:00	26435,14	26450,85	26410,03	26426,43	LONG	0,00167	5981,87	0,00451	HOLD	98,2349	132,3473
2023-05-26	12:00	26426,44	26432,1	26336,99	26347,43	LONG	0,00167	5981,87	0,00451	HOLD	98,2349	132,2154
2023-05-26	13:00	26347,44	26442,8	26327,24	26434,4	LONG	0,00167	5981,87	0,00451	HOLD	98,2349	132,3606
2023-05-26	14:00	26434,4	26534,05	26414,36	26501,33	LONG	0,00167	5981,87	0,00451	HOLD	98,2349	132,4724
2023-05-26	15:00	26501,34	26549	26468,26	26473,36	LONG	0,00167	5981,87	0,00451	HOLD	98,2349	132,4257
2023-05-26	16:00	26473,37	26473,5	26427,93	26445,45	LONG	0,00167	5981,87	0,00451	HOLD	98,2349	132,379
2023-05-26	17:00	26445,46	26485,86	26423,62	26450,13	LONG	0,00167	5981,87	0,00451	HOLD	98,2349	132,3869
2023-05-26	18:00	26450,12	26500	26429,16	26463,29	LONG	0,00167	5981,87	0,00451	HOLD	98,2349	132,4088
2023-05-26	19:00	26463,29	26528,64	26355,81	26440,04	LONG	0,00167	5981,87	0,00451	HOLD	98,2349	132,37
2023-05-26	20:00	26440,04	26593,35	26440,04	26539,97	LONG	0,00167	5981,87	0,00451	HOLD	98,2349	132,5369
2023-05-26	21:00	26539,98	26932,16	26539,97	26760,01	LONG	0,00167	5981,87	0,00451	HOLD	98,2349	132,9044
2023-05-26	22:00	26760	26846,29	26741,61	26750,21	LONG	0,00167	5981,87	0,00451	HOLD	98,2349	132,888
2023-05-26	23:00	26750,22	26830	26744,63	26792,36	LONG	0,00167	5981,87	0,00451	HOLD	98,2349	132,9584
2023-05-27	00:00	26792,35	26837,34	26686,04	26713	LONG	0,00167	5981,87	0,00451	HOLD	98,2349	132,8259
2023-05-27	01:00	26713	26757,09	26610,49	26730,69	LONG	0,00167	5981,87	0,00451	HOLD	98,2349	132,8554
2023-05-27	02:00	26730,68	26822,88	26730,68	26767,21	LONG	0,00167	5981,87	0,00451	HOLD	98,2349	132,9164
2023-05-27	03:00	26767,22	26807,5	26736,11	26747,66	LONG	0,00167	5981,87	0,00451	HOLD	98,2349	132,8837
2023-05-27	04:00	26747,66	26790	26722,35	26725,24	LONG	0,00167	5981,87	0,00451	HOLD	98,2349	132,8463
2023-05-27	05:00	26725,23	26754,11	26686	26686	LONG	0,00167	5981,87	0,00451	HOLD	98,2349	132,7808
2023-05-27	06:00	26686,01	26726,77	26686	26705,92	LONG	0,00167	5981,87	0,00451	HOLD	98,2349	132,814
2023-05-27	07:00	26705,93	26713,4	26633	26651,92	LONG	0,00167	5981,87	0,00451	HOLD	98,2349	132,7238
2023-05-27	08:00	26651,93	26713,76	26645,62	26713,76	LONG	0,00167	5981,87	0,00451	HOLD	98,2349	132,8271
2023-05-27	09:00	26713,75	26742,98	26688,08	26742,97	LONG	0,00167	5981,87	0,00451	HOLD	98,2349	132,8759
2023-05-27	10:00	26742,98	26782,73	26713,15	26752	LONG	0,00167	5981,87	0,00451	HOLD	98,2349	132,891
2023-05-27	11:00	26752	26786,51	26725,5	26760,96	LONG	0,00167	5981,87	0,00451	HOLD	98,2349	132,9059
2023-05-27	12:00	26760,95	26763,71	26724,76	26725,16	LONG	0,00167	5981,87	0,00451	HOLD	98,2349	132,8462
2023-05-27	13:00	26725,16	26763,99	26710	26749,47	LONG	0,00167	5981,87	0,00451	HOLD	98,2349	132,8868
2023-05-27	14:00	26749,46	26749,47	26710	26722,8	LONG	0,00167	5981,87	0,00451	HOLD	98,2349	132,8422
2023-05-27	15:00	26722,8	26722,8	26676,17	26688,65	LONG	0,00167	5981,87	0,00451	HOLD	98,2349	132,7852
2023-05-27	16:00	26688,64	26732,66	26683,43	26699,17	LONG	0,00167	5981,87	0,00451	HOLD	98,2349	132,8028
2023-05-27	17:00	26699,16	26716,55	26667,93	26676,89	LONG	0,00167	5981,87	0,00451	HOLD	98,2349	132,7655
2023-05-27	18:00	26676,89	26714,01	26666,37	26699,02	LONG	0,00167	5981,87	0,00451	HOLD	98,2349	132,8025
2023-05-27	19:00	26699,02	26743,8	26677,4	26711,5	LONG	0,00167	5981,87	0,00451	HOLD	98,2349	132,8233
2023-05-27	20:00	26711,5	26777,77	26551	26628,29	LONG	0,00167	5981,87	0,00451	HOLD	98,2349	132,6844
2023-05-27	21:00	26628,29	26724,19	26607,42	26666,87	LONG	0,00167	5981,87	0,00451	HOLD	98,2349	132,7488
2023-05-27	22:00	26666,87	26690,06	26636,98	26690,05	LONG	0,00167	5981,87	0,00451	HOLD	98,2349	132,7875
2023-05-27	23:00	26690,06	26694,26	26620,35	26664,07	LONG	0,00167	5981,87	0,00451	HOLD	98,2349	132,7441
2023-05-28	00:00	26664,07	26765,03	26663,62	26756,7	LONG	0,00167	5981,87	0,00451	HOLD	98,2349	132,8988
2023-05-28	01:00	26756,71	26846	26702,63	26702,64	LONG	0,00167	5981,87	0,00451	HOLD	98,2349	132,8086
2023-05-28	02:00	26702,64	26765,73	26702,63	26729,6	LONG	0,00167	5981,87	0,00451	HOLD	98,2349	132,8536
2023-05-28	03:00	26729,6	26751,52	26726,01	26751,52	LONG	0,00167	5981,87	0,00451	HOLD	98,2349	132,8902
2023-05-28	04:00	26751,52	26774,95	26733,84	26771,27	LONG	0,00167	5981,87	0,00451	HOLD	98,2349	132,9232
2023-05-28	05:00	26771,28	26835,93	26761,88	26803,28	LONG	0,00167	5981,87	0,00451	HOLD	98,2349	132,9766
2023-05-28	06:00	26803,28	26895	26803,27	26854,27	LONG	0,00167	5981,87	0,00451	HOLD	98,2349	133,0618
2023-05-28	07:00	26854,28	27119,5	26764,36	27072,42	LONG	0,00167	5981,87	0,00451	HOLD	98,2349	133,4261
2023-05-28	08:00	27072,41	27165,62	27070,83	27093,94	LONG	0,00167	5981,87	0,00451	HOLD	98,2349	133,462
2023-05-28	09:00	27093,94	27129,64	27072,16	27100,01	LONG	0,00167	5981,87	0,00451	HOLD	98,2349	133,4722
2023-05-28	10:00	27100	27247,1	27100	27187,23	LONG	0,00167	5981,87	0,00451	HOLD	98,2349	133,6178
2023-05-28	11:00	27187,24	27285,52	27167,97	27167,97	LONG	0,00167	5981,87	0,00451	HOLD	98,2349	133,5857
2023-05-28	12:00	27167,98	27190,81	27128,41	27164,75	LONG	0,00167	5981,87	0,00451	HOLD	98,2349	133,5803
2023-05-28	13:00	27164,75	27228,91	27164,75	27184,9	LONG	0,00167	5981,87	0,00451	HOLD	98,2349	133,6139
2023-05-28	14:00	27184,9	27229,15	27182,01	27226,37	LONG	0,00167	5981,87	0,00451	HOLD	98,2349	133,6832
2023-05-28	15:00	27226,38	27247,42	27178,36	27197,63	LONG	0,00167	5981,87	0,00451	HOLD	98,2349	133,6352
2023-05-28	16:00	27197,63	27198,99	27136,01	27156,68	LONG	0,00167	5981,87	0,00451	HOLD	98,2349	133,5668
2023-05-28	17:00	27156,69	27218,94	27147,19	27212,35	LONG	0,00167	5981,87	0,00451	HOLD	98,2349	133,6598
2023-05-28	18:00	27212,34	27344,23	27153,75	27153,76	LONG	0,00167	5981,87	0,00451	HOLD	98,2349	133,5619
2023-05-28	19:00	27153,76	27187,37	27100,02	27142,48	LONG	0,00167	5981,87	0,00451	HOLD	98,2349	133,5431
2023-05-28	20:00	27142,49	27226,46	27134,75	27181,31	LONG	0,00167	5981,87	0,00451	HOLD	98,2349	133,6079
2023-05-28	21:00	27181,31	27239,99	27168,09	27190,21	LONG	0,00167	5981,87	0,00451	HOLD	98,2349	133,6228
2023-05-28	22:00	27190,21	27280	27171,56	27272,17	LONG	0,00167	5981,87	0,00451	HOLD	98,2349	133,7597
2023-05-28	23:00	27272,17	27344	27224,7	27252,27	LONG	0,00167	5981,87	0,00451	HOLD	98,2349	133,7264
2023-05-29	00:00	27252,26	27424,44	27212,91	27351,59	LONG	0,00167	5981,87	0,00451	HOLD	98,2349	133,8923
2023-05-29	01:00	27351,59	27746,33	27314,49	27589,75	LONG	0,00167	5981,87	0,00451	HOLD	98,2349	134,29
2023-05-29	02:00	27589,76	27630,36	27477,56	27525,99	LONG	0,00167	5981,87	0,00451	HOLD	98,2349	134,1835
2023-05-29	03:00	27525,99	27593,84	27525,99	27554,48	LONG	0,00167	5981,87	0,00451	HOLD	98,2349	134,2311
2023-05-29	04:00	27554,47	27956	27548,68	27835,02	LONG	0,00167	5981,87	0,00451	HOLD	98,2349	134,6996
2023-05-29	05:00	27835,03	28175	27835,02	28090,39	LONG	0,00167	5981,87	0,00451	HOLD	98,2349	135,1261
2023-05-29	06:00	28090,39	28261,32	28050,69	28065	LONG	0,00167	5981,87	0,00451	HOLD	98,2349	135,0837
2023-05-29	07:00	28065,01	28447,14	28065	28192,53	LONG	0,00167	5981,87	0,00451	HOLD	98,2349	135,2967
2023-05-29	08:00	28192,52	28214,68	28133,71	28166,57	LONG	0,00167	5981,87	0,00451	HOLD	98,2349	135,2533
2023-05-29	09:00	28166,57	28179	28096	28096,01	LONG	0,00167	5981,87	0,00451	HOLD	98,2349	135,1355
2023-05-29	10:00	28096,01	28134,25	27914,28	27954,99	LONG	0,00167	5981,87	0,00451	HOLD	98,2349	134,9
2023-05-29	11:00	27954,99	28004,41	27854	27947,07	LONG	0,00167	5981,87	0,00451	HOLD	98,2349	134,8867
2023-05-29	12:00	27947,07	28047,01	27938,36	27990,72	LONG	0,00167	5981,87	0,00451	HOLD	98,2349	134,9596
2023-05-29	13:00	27990,71	28037,28	27982,59	28002,49	LONG	0,00167	5981,87	0,00451	HOLD	98,2349	134,9793
2023-05-29	14:00	28002,49	28002,55	27841	27907,87	LONG	0,00167	5981,87	0,00451	HOLD	98,2349	134,8213
2023-05-29	15:00	27907,86	27945	27846,72	27900,61	LONG	0,00167	5981,87	0,00451	HOLD	98,2349	134,8092
2023-05-29	16:00	27900,6	27944,77	27857,22	27939,95	LONG	0,00167	5981,87	0,00451	HOLD	98,2349	134,8749
2023-05-29	17:00	27939,96	27971,01	27745,78	27857,59	LONG	0,00167	5981,87	0,00451	HOLD	98,2349	134,7373
2023-05-29	18:00	27857,6	27936,53	27842,93	27913,87	LONG	0,00167	5981,87	0,00451	HOLD	98,2349	134,8313
2023-05-29	19:00	27913,87	27949,7	27862,92	27876,98	LONG	0,00167	5981,87	0,00451	HOLD	98,2349	134,7697
2023-05-29	20:00	27876,98	27944,13	27862,44	27903,12	LONG	0,00167	5981,87	0,00451	HOLD	98,2349	134,8134
2023-05-29	21:00	27903,12	27932,53	27699	27787,77	LONG	0,00167	5981,87	0,00451	HOLD	98,2349	134,6207
2023-05-29	22:00	27787,77	27841,94	27588	27630,51	LONG	0,00167	5981,87	0,00451	HOLD	98,2349	134,3581
2023-05-29	23:00	27630,5	27673,64	27545,53	27597,24	LONG	0,00167	5981,87	0,00451	HOLD	98,2349	134,3025
2023-05-30	00:00	27597,24	27737,99	27524,6	27689,14	LONG	0,00167	5981,87	0,00451	HOLD	98,2349	134,456
2023-05-30	01:00	27689,14	27719,02	27612,36	27635,45	LONG	0,00167	5981,87	0,00451	HOLD	98,2349	134,3663
2023-05-30	02:00	27635,46	27706,62	27621,51	27637,94	LONG	0,00167	5981,87	0,00451	HOLD	98,2349	134,3705
2023-05-30	03:00	27637,94	27697,7	27627,81	27682,77	LONG	0,00167	5981,87	0,00451	HOLD	98,2349	134,4454
2023-05-30	04:00	27682,78	27724,72	27650	27666,7	LONG	0,00167	5981,87	0,00451	HOLD	98,2349	134,4185
2023-05-30	05:00	27666,7	27693,33	27554,57	27689,22	LONG	0,00167	5981,87	0,00451	HOLD	98,2349	134,4561
2023-05-30	06:00	27689,22	27818	27681,76	27736,4	LONG	0,00167	5981,87	0,00451	HOLD	98,2349	134,5349
2023-05-30	07:00	27736,39	27768,15	27584,45	27709,55	LONG	0,00167	5981,87	0,00451	HOLD	98,2349	134,4901
2023-05-30	08:00	27709,55	27795,55	27699,76	27766,03	LONG	0,00167	5981,87	0,00451	HOLD	98,2349	134,5844
2023-05-30	09:00	27766,03	27795,39	27722,74	27783,43	LONG	0,00167	5981,87	0,00451	HOLD	98,2349	134,6135
2023-05-30	10:00	27783,43	27940,55	27773,69	27829,23	LONG	0,00167	5981,87	0,00451	HOLD	98,2349	134,69
2023-05-30	11:00	27829,23	27848,09	27760,38	27776,19	LONG	0,00167	5981,87	0,00451	HOLD	98,2349	134,6014
2023-05-30	12:00	27776,18	27776,19	27672,93	27753,38	LONG	0,00167	5981,87	0,00451	HOLD	98,2349	134,5633
2023-05-30	13:00	27753,38	27821,86	27752,88	27795,81	LONG	0,00167	5981,87	0,00451	HOLD	98,2349	134,6341
2023-05-30	14:00	27795,82	27848,28	27729,1	27733,22	LONG	0,00167	5981,87	0,00451	HOLD	98,2349	134,5296
2023-05-30	15:00	27733,22	27817,81	27712,19	27781,78	LONG	0,00167	5981,87	0,00451	HOLD	98,2349	134,6107
2023-05-30	16:00	27781,77	27893	27781,77	27852,33	LONG	0,00167	5981,87	0,00451	HOLD	98,2349	134,7285
2023-05-30	17:00	27852,34	28037,22	27852,33	27900,18	LONG	0,00167	5981,87	0,00451	HOLD	98,2349	134,8084
2023-05-30	18:00	27900,18	28038,59	27856,85	28021,4	LONG	0,00167	5981,87	0,00451	HOLD	98,2349	135,0109
2023-05-30	19:00	28021,39	28027,78	27794,73	27903,51	LONG	0,00167	5981,87	0,00451	HOLD	98,2349	134,814
2023-05-30	20:00	27903,52	27969,65	27755,01	27800,01	LONG	0,00167	5981,87	0,00451	HOLD	98,2349	134,6412
2023-05-30	21:00	27800,02	27865	27621	27622,65	LONG	0,00167	5981,87	0,00451	HOLD	98,2349	134,345
2023-05-30	22:00	27622,65	27738,01	27615	27673,08	LONG	0,00167	5981,87	0,00451	HOLD	98,2349	134,4292
2023-05-30	23:00	27673,08	27743,48	27554	27713,43	LONG	0,00167	5981,87	0,00451	HOLD	98,2349	134,4966
2023-05-31	00:00	27713,43	27776,15	27625,14	27696,12	LONG	0,00167	5981,87	0,00451	HOLD	98,2349	134,4677
2023-05-31	01:00	27696,12	27799	27664,32	27765,84	LONG	0,00167	5981,87	0,00451	HOLD	98,2349	134,5841
2023-05-31	02:00	27765,84	27862,84	27750,8	27850,2	LONG	0,00167	5981,87	0,00451	HOLD	98,2349	134,725
2023-05-31	03:00	27850,21	27855,13	27751,51	27762,51	LONG	0,00167	5981,87	0,00451	HOLD	98,2349	134,5785
2023-05-31	04:00	27762,52	27842	27655,14	27719,37	LONG	0,00167	5981,87	0,00451	HOLD	98,2349	134,5065
2023-05-31	05:00	27719,38	27758,91	27651,17	27738,52	LONG	0,00167	5981,87	0,00451	HOLD	98,2349	134,5385
2023-05-31	06:00	27738,52	27742,96	27673,44	27694,4	LONG	0,00167	5981,87	0,00451	HOLD	98,2349	134,4648
2023-05-31	07:00	27694,39	27757,42	27657,99	27754,78	LONG	0,00167	5981,87	0,00451	HOLD	98,2349	134,5656
2023-05-31	08:00	27754,79	27835,51	27738,67	27742,09	LONG	0,00167	5981,87	0,00451	HOLD	98,2349	134,5444
2023-05-31	09:00	27742,09	27742,09	27571,04	27673,47	LONG	0,00167	5981,87	0,00451	HOLD	98,2349	134,4298
2023-05-31	10:00	27673,47	27690,44	27600	27657,3	LONG	0,00167	5981,87	0,00451	HOLD	98,2349	134,4028
2023-05-31	11:00	27657,29	27677,67	27250,88	27257,7	LONG	0,00167	5981,87	0,00451	HOLD	98,2349	133,7355
2023-05-31	12:00	27257,7	27282,58	27021	27088,15	LONG	0,00167	5981,87	0,00451	HOLD	98,2349	133,4524
2023-05-31	13:00	27088,16	27188,97	26968,49	27163,37	LONG	0,00167	5981,87	0,00451	HOLD	98,2349	133,578
2023-05-31	14:00	27163,36	27206,35	27117,71	27167,9	LONG	0,00167	5981,87	0,00451	HOLD	98,2349	133,5855
2023-05-31	15:00	27167,91	27203,73	27107,62	27136,93	LONG	0,00167	5981,87	0,00451	HOLD	98,2349	133,5338
2023-05-31	16:00	27136,92	27157,58	27044,86	27133,28	LONG	0,00167	5981,87	0,00451	HOLD	98,2349	133,5277
2023-05-31	17:00	27133,27	27142,76	27046,2	27056,53	LONG	0,00167	5981,87	0,00451	HOLD	98,2349	133,3995
2023-05-31	18:00	27056,52	27130	26994,33	27097,18	LONG	0,00167	5981,87	0,00451	HOLD	98,2349	133,4674
2023-05-31	19:00	27097,18	27119	27043,92	27072,34	LONG	0,00167	5981,87	0,00451	HOLD	98,2349	133,426
2023-05-31	20:00	27072,34	27231,34	27060	27117,11	LONG	0,00167	5981,87	0,00451	HOLD	98,2349	133,5007
2023-05-31	21:00	27117,1	27119,24	26851	27033,86	LONG	0,00167	5981,87	0,00451	HOLD	98,2349	133,3617
2023-05-31	22:00	27033,87	27064,03	26880,58	26911,54	LONG	0,00167	5981,87	0,00451	HOLD	98,2349	133,1574
2023-05-31	23:00	26911,55	26979,04	26839,01	26936,01	LONG	0,00167	5981,87	0,00451	HOLD	98,2349	133,1983
2023-06-01	00:00	26936	27084,51	26916,35	27055,4	LONG	0,00167	5981,87	0,00451	HOLD	98,2349	133,3977
2023-06-01	01:00	27055,39	27093,32	27020,1	27037,06	LONG	0,00167	5981,87	0,00451	HOLD	98,2349	133,367
2023-06-01	02:00	27037,06	27123,43	27000,2	27010,57	LONG	0,00167	5981,87	0,00451	HOLD	98,2349	133,3228
2023-06-01	03:00	27010,57	27116,13	27005,16	27114,2	LONG	0,00167	5981,87	0,00451	HOLD	98,2349	133,4959
2023-06-01	04:00	27114,19	27119,77	27045,61	27090,79	LONG	0,00167	5981,87	0,00451	HOLD	98,2349	133,4568
2023-06-01	05:00	27090,78	27193,24	27084,92	27183,98	LONG	0,00167	5981,87	0,00451	HOLD	98,2349	133,6124
2023-06-01	06:00	27183,97	27299,99	27159,63	27210,35	LONG	0,00167	5981,87	0,00451	HOLD	98,2349	133,6564
2023-06-01	07:00	27210,36	27350	27023,35	27065,77	LONG	0,00167	5981,87	0,00451	HOLD	98,2349	133,415
2023-06-01	08:00	27065,76	27165,47	27059,74	27078,56	LONG	0,00167	5981,87	0,00451	HOLD	98,2349	133,4363
2023-06-01	09:00	27078,56	27114,16	26640	26719,26	LONG	0,00167	5981,87	0,00451	HOLD	98,2349	132,8363
2023-06-01	10:00	26719,26	26838,89	26605,05	26779,94	LONG	0,00167	5981,87	0,00451	HOLD	98,2349	132,9376
2023-06-01	11:00	26779,93	26822,81	26746	26804,15	LONG	0,00167	5981,87	0,00451	HOLD	98,2349	132,9781
2023-06-01	12:00	26804,14	26863,62	26784,89	26849,2	LONG	0,00167	5981,87	0,00451	HOLD	98,2349	133,0533
2023-06-01	13:00	26849,2	26883,6	26778,08	26785,13	LONG	0,00167	5981,87	0,00451	HOLD	98,2349	132,9463
2023-06-01	14:00	26785,14	26864,09	26764,16	26802,67	LONG	0,00167	5981,87	0,00451	HOLD	98,2349	132,9756
2023-06-01	15:00	26802,66	26922,76	26790,96	26912,53	LONG	0,00167	5981,87	0,00451	HOLD	98,2349	133,1591
2023-06-01	16:00	26912,54	26951,07	26899,54	26908,63	LONG	0,00167	5981,87	0,00451	HOLD	98,2349	133,1526
2023-06-01	17:00	26908,63	26934,83	26858,33	26860	LONG	0,00167	5981,87	0,00451	HOLD	98,2349	133,0713
2023-06-01	18:00	26860	26905,02	26841,65	26892,96	LONG	0,00167	5981,87	0,00451	HOLD	98,2349	133,1264
2023-06-01	19:00	26892,95	26964,88	26782,53	26941,79	LONG	0,00167	5981,87	0,00451	HOLD	98,2349	133,2079
2023-06-01	20:00	26941,8	26971,07	26867,95	26891,74	LONG	0,00167	5981,87	0,00451	HOLD	98,2349	133,1243
2023-06-01	21:00	26891,74	26981,34	26833,01	26898,08	LONG	0,00167	5981,87	0,00451	HOLD	98,2349	133,1349
2023-06-01	22:00	26898,07	26947,24	26860,01	26894,48	LONG	0,00167	5981,87	0,00451	HOLD	98,2349	133,1289
2023-06-01	23:00	26894,47	27175	26795,06	27092,08	LONG	0,00167	5981,87	0,00451	HOLD	98,2349	133,4589
2023-06-02	00:00	27092,07	27137,42	26916,29	26956,94	LONG	0,00167	5981,87	0,00451	HOLD	98,2349	133,2332
2023-06-02	01:00	26956,93	27048,43	26938,06	26964,77	LONG	0,00167	5981,87	0,00451	HOLD	98,2349	133,2463
2023-06-02	02:00	26964,76	26984,68	26656	26862,68	LONG	0,00167	5981,87	0,00451	HOLD	98,2349	133,0758
2023-06-02	03:00	26862,68	26919,99	26828,82	26863	LONG	0,00167	5981,87	0,00451	HOLD	98,2349	133,0764
2023-06-02	04:00	26862,99	26942,98	26855,77	26889,84	LONG	0,00167	5981,87	0,00451	HOLD	98,2349	133,1212
2023-06-02	05:00	26889,85	26902,43	26849,43	26880,97	LONG	0,00167	5981,87	0,00451	HOLD	98,2349	133,1064
2023-06-02	06:00	26880,97	26883,51	26713,34	26817,93	LONG	0,00167	5981,87	0,00451	HOLD	98,2349	133,0011
2023-06-02	07:00	26817,93	26824,64	26505	26786,03	LONG	0,00167	5981,87	0,00451	HOLD	98,2349	132,9478
2023-06-02	08:00	26786,04	26849,09	26716,8	26811,9	LONG	0,00167	5981,87	0,00451	HOLD	98,2349	132,991
2023-06-02	09:00	26811,89	26984,26	26811,89	26960,01	LONG	0,00167	5981,87	0,00451	HOLD	98,2349	133,2384
2023-06-02	10:00	26960,01	27017	26932,16	27000	LONG	0,00167	5981,87	0,00451	HOLD	98,2349	133,3051
2023-06-02	11:00	27000,01	27120	26949,4	27068,27	LONG	0,00167	5981,87	0,00451	HOLD	98,2349	133,4192
2023-06-02	12:00	27068,27	27213	27064,96	27152,6	LONG	0,00167	5981,87	0,00451	HOLD	98,2349	133,56
2023-06-02	13:00	27152,6	27164,94	27068	27071,06	LONG	0,00167	5981,87	0,00451	HOLD	98,2349	133,4238
2023-06-02	14:00	27071,05	27114,16	27045,8	27049,65	LONG	0,00167	5981,87	0,00451	HOLD	98,2349	133,3881
2023-06-02	15:00	27049,65	27172,39	27049,38	27166,14	LONG	0,00167	5981,87	0,00451	HOLD	98,2349	133,5826
2023-06-02	16:00	27166,13	27183,07	27068,47	27080,68	LONG	0,00167	5981,87	0,00451	HOLD	98,2349	133,4399
2023-06-02	17:00	27080,68	27104,2	27061,6	27096,99	LONG	0,00167	5981,87	0,00451	HOLD	98,2349	133,4671
2023-06-02	18:00	27096,98	27171,46	27072,55	27130,75	LONG	0,00167	5981,87	0,00451	HOLD	98,2349	133,5235
2023-06-02	19:00	27130,75	27240	26987	27095,42	LONG	0,00167	5981,87	0,00451	HOLD	98,2349	133,4645
2023-06-02	20:00	27095,43	27134,4	26860,71	26908,84	LONG	0,00167	5981,87	0,00451	HOLD	98,2349	133,1529
2023-06-02	21:00	26908,85	26986,08	26890	26964,74	LONG	0,00167	5981,87	0,00451	HOLD	98,2349	133,2463
2023-06-02	22:00	26964,75	27107,34	26962,99	27095,92	LONG	0,00167	5981,87	0,00451	HOLD	98,2349	133,4653
2023-06-02	23:00	27095,93	27120,02	27032,93	27056,06	LONG	0,00167	5981,87	0,00451	HOLD	98,2349	133,3988
2023-06-03	00:00	27056,06	27093,82	27023,58	27057,58	LONG	0,00167	5981,87	0,00451	HOLD	98,2349	133,4013
2023-06-03	01:00	27057,57	27193,62	27006,22	27192,6	LONG	0,00167	5981,87	0,00451	HOLD	98,2349	133,6268
2023-06-03	02:00	27192,61	27287,64	27131,02	27239,02	LONG	0,00167	5981,87	0,00451	HOLD	98,2349	133,7043
2023-06-03	03:00	27239,03	27274,1	27172,84	27172,84	LONG	0,00167	5981,87	0,00451	HOLD	98,2349	133,5938
2023-06-03	04:00	27172,84	27246,11	27143,37	27207,4	LONG	0,00167	5981,87	0,00451	HOLD	98,2349	133,6515
2023-06-03	05:00	27207,41	27300	27199	27262,92	LONG	0,00167	5981,87	0,00451	HOLD	98,2349	133,7442
2023-06-03	06:00	27262,91	27269,22	27229,9	27242,59	LONG	0,00167	5981,87	0,00451	HOLD	98,2349	133,7103
2023-06-03	07:00	27242,59	27242,6	27152,2	27165,09	LONG	0,00167	5981,87	0,00451	HOLD	98,2349	133,5808
2023-06-03	08:00	27165,08	27189,4	27092	27130,4	LONG	0,00167	5981,87	0,00451	HOLD	98,2349	133,5229
2023-06-03	09:00	27130,41	27169,26	27129,17	27153,26	LONG	0,00167	5981,87	0,00451	HOLD	98,2349	133,5611
2023-06-03	10:00	27153,26	27171,47	27131,89	27143,2	LONG	0,00167	5981,87	0,00451	HOLD	98,2349	133,5443
2023-06-03	11:00	27143,2	27163,77	27105,73	27160,24	LONG	0,00167	5981,87	0,00451	HOLD	98,2349	133,5727
2023-06-03	12:00	27160,24	27168,4	27137,34	27157,2	LONG	0,00167	5981,87	0,00451	HOLD	98,2349	133,5677
2023-06-03	13:00	27157,2	27212,78	27157,2	27182,35	LONG	0,00167	5981,87	0,00451	HOLD	98,2349	133,6097
2023-06-03	14:00	27182,35	27200,01	27165,23	27174,42	LONG	0,00167	5981,87	0,00451	HOLD	98,2349	133,5964
2023-06-03	15:00	27174,42	27181	27141,94	27146,62	LONG	0,00167	5981,87	0,00451	HOLD	98,2349	133,55
2023-06-03	16:00	27146,62	27151,52	27129,41	27151,51	LONG	0,00167	5981,87	0,00451	HOLD	98,2349	133,5582
2023-06-03	17:00	27151,51	27180,03	27112,73	27140	LONG	0,00167	5981,87	0,00451	HOLD	98,2349	133,5389
2023-06-03	18:00	27139,99	27171,48	27123,74	27129,79	LONG	0,00167	5981,87	0,00451	HOLD	98,2349	133,5219
2023-06-03	19:00	27129,78	27173,73	27129,78	27165,81	LONG	0,00167	5981,87	0,00451	HOLD	98,2349	133,582
2023-06-03	20:00	27165,81	27183,99	27149,88	27166,98	LONG	0,00167	5981,87	0,00451	HOLD	98,2349	133,584
2023-06-03	21:00	27166,97	27193,62	27166,97	27171,24	LONG	0,00167	5981,87	0,00451	HOLD	98,2349	133,5911
2023-06-03	22:00	27171,25	27333,29	27126,85	27305,26	LONG	0,00167	5981,87	0,00451	HOLD	98,2349	133,8149
2023-06-03	23:00	27305,27	27318,63	27227,19	27248,48	LONG	0,00167	5981,87	0,00451	HOLD	98,2349	133,7201
2023-06-04	00:00	27248,49	27253,57	27111,79	27160,9	LONG	0,00167	5981,87	0,00451	HOLD	98,2349	133,5738
2023-06-04	01:00	27160,91	27183,09	27125,34	27147,43	LONG	0,00167	5981,87	0,00451	HOLD	98,2349	133,5514
2023-06-04	02:00	27147,44	27163,13	27025,59	27096,36	LONG	0,00167	5981,87	0,00451	HOLD	98,2349	133,4661
2023-06-04	03:00	27096,37	27124,68	27054,41	27062,33	LONG	0,00167	5981,87	0,00451	HOLD	98,2349	133,4092
2023-06-04	04:00	27062,34	27074,66	26914,93	27004,41	LONG	0,00167	5981,87	0,00451	HOLD	98,2349	133,3125
2023-06-04	05:00	27004,41	27079,79	27004,4	27071,55	LONG	0,00167	5981,87	0,00451	HOLD	98,2349	133,4246
2023-06-04	06:00	27071,55	27085,51	27050,38	27069,22	LONG	0,00167	5981,87	0,00451	HOLD	98,2349	133,4207
2023-06-04	07:00	27069,22	27069,23	27001,59	27005,13	LONG	0,00167	5981,87	0,00451	HOLD	98,2349	133,3137
2023-06-04	08:00	27005,13	27079,79	26951	27041,03	LONG	0,00167	5981,87	0,00451	HOLD	98,2349	133,3737
2023-06-04	09:00	27041,04	27100,43	27034,13	27091,27	LONG	0,00167	5981,87	0,00451	HOLD	98,2349	133,4576
2023-06-04	10:00	27091,28	27091,28	27042,85	27061,38	LONG	0,00167	5981,87	0,00451	HOLD	98,2349	133,4076
2023-06-04	11:00	27061,37	27083,56	27042,37	27054,95	LONG	0,00167	5981,87	0,00451	HOLD	98,2349	133,3969
2023-06-04	12:00	27054,95	27056,47	27027	27038,63	LONG	0,00167	5981,87	0,00451	HOLD	98,2349	133,3697
2023-06-04	13:00	27038,62	27141,7	27038,62	27127,78	LONG	0,00167	5981,87	0,00451	HOLD	98,2349	133,5185
2023-06-04	14:00	27127,78	27163,94	27127,78	27150,45	LONG	0,00167	5981,87	0,00451	HOLD	98,2349	133,5564
2023-06-04	15:00	27150,46	27158,12	27123,81	27150,82	LONG	0,00167	5981,87	0,00451	HOLD	98,2349	133,557
2023-06-04	16:00	27150,81	27249,86	27150,81	27215,89	LONG	0,00167	5981,87	0,00451	HOLD	98,2349	133,6657
2023-06-04	17:00	27215,88	27230,17	27190,34	27221,05	LONG	0,00167	5981,87	0,00451	HOLD	98,2349	133,6743
2023-06-04	18:00	27221,06	27235,67	27175,51	27198,55	LONG	0,00167	5981,87	0,00451	HOLD	98,2349	133,6367
2023-06-04	19:00	27198,54	27216,58	27160,11	27210,1	LONG	0,00167	5981,87	0,00451	HOLD	98,2349	133,656
2023-06-04	20:00	27210,1	27298	27206,36	27245,46	LONG	0,00167	5981,87	0,00451	HOLD	98,2349	133,7151
2023-06-04	21:00	27245,47	27271,05	27170	27234,2	LONG	0,00167	5981,87	0,00451	HOLD	98,2349	133,6963
2023-06-04	22:00	27234,2	27244,58	27178,99	27179	LONG	0,00167	5981,87	0,00451	HOLD	98,2349	133,6041
2023-06-04	23:00	27179	27197,98	27155	27170,66	LONG	0,00167	5981,87	0,00451	HOLD	98,2349	133,5901
2023-06-05	00:00	27170,66	27210,41	27168,05	27176,76	LONG	0,00167	5981,87	0,00451	HOLD	98,2349	133,6003
2023-06-05	01:00	27176,75	27209,03	27176,75	27194,18	LONG	0,00167	5981,87	0,00451	HOLD	98,2349	133,6294
2023-06-05	02:00	27194,19	27222	27188,49	27213,11	LONG	0,00167	5981,87	0,00451	HOLD	98,2349	133,661
2023-06-05	03:00	27213,11	27269,09	27205,84	27241,51	LONG	0,00167	5981,87	0,00451	HOLD	98,2349	133,7085
2023-06-05	04:00	27241,5	27280	27187,39	27194,57	LONG	0,00167	5981,87	0,00451	HOLD	98,2349	133,6301
2023-06-05	05:00	27194,57	27455,02	27188,27	27234,06	LONG	0,00167	5981,87	0,00451	HOLD	98,2349	133,696
2023-06-05	06:00	27234,06	27319,84	27043,65	27115,21	LONG	0,00167	5981,87	0,00451	HOLD	98,2349	133,4975
2023-06-05	07:00	27115,2	27129,33	26966	27024,76	LONG	0,00167	5981,87	0,00451	HOLD	98,2349	133,3465
2023-06-05	08:00	27024,75	27054,97	26948,1	27047,14	LONG	0,00167	5981,87	0,00451	HOLD	98,2349	133,3839
2023-06-05	09:00	27047,14	27079,05	26859	26922,71	LONG	0,00167	5981,87	0,00451	HOLD	98,2349	133,1761
2023-06-05	10:00	26922,72	26924,81	26791,04	26843,58	LONG	0,00167	5981,87	0,00451	HOLD	98,2349	133,0439
2023-06-05	11:00	26843,57	26870,54	26769,51	26837	LONG	0,00167	5981,87	0,00451	HOLD	98,2349	133,0329
2023-06-05	12:00	26837	26837,91	26740,38	26816,7	LONG	0,00167	5981,87	0,00451	HOLD	98,2349	132,999
2023-06-05	13:00	26816,7	26834,63	26761,26	26765,34	LONG	0,00167	5981,87	0,00451	HOLD	98,2349	132,9133
2023-06-05	14:00	26765,33	26832,38	26742,13	26829,99	LONG	0,00167	5981,87	0,00451	HOLD	98,2349	133,0212
2023-06-05	15:00	26830	26840,77	26794,79	26798,64	LONG	0,00167	5981,87	0,00451	HOLD	98,2349	132,9689
2023-06-05	16:00	26798,63	26825,09	26713,74	26776,99	LONG	0,00167	5981,87	0,00451	HOLD	98,2349	132,9327
2023-06-05	17:00	26777	26792,7	26714	26716,8	LONG	0,00167	5981,87	0,00451	HOLD	98,2349	132,8322
2023-06-05	18:00	26716,8	26799,66	26668	26773,39	LONG	0,00167	5981,87	0,00451	HOLD	98,2349	132,9267
2023-06-05	19:00	26773,39	26782,63	26654,39	26690,76	LONG	0,00167	5981,87	0,00451	HOLD	98,2349	132,7887
2023-06-05	20:00	26690,76	26765,3	26640	26728,64	LONG	0,00167	5981,87	0,00451	HOLD	98,2349	132,852
2023-06-05	21:00	26728,63	26817,61	26699,99	26802,21	LONG	0,00167	5981,87	0,00451	HOLD	98,2349	132,9748
2023-06-05	22:00	26802,21	26809,59	26000	26007,53	LONG	0,00167	5981,87	0,00451	HOLD	98,2349	131,6477
2023-06-05	23:00	26007,53	26074,51	25471	25809,05	LONG	0,00167	5981,87	0,00451	HOLD	98,2349	131,3163
2023-06-06	00:00	25809,05	25809,7	25578,96	25756,28	LONG	0,00167	5981,87	0,00451	HOLD	98,2349	131,2281
2023-06-06	01:00	25756,27	25756,28	25526,15	25564,43	LONG	0,00167	5981,87	0,00451	HOLD	98,2349	130,9077
2023-06-06	02:00	25564,42	25637,82	25388	25629,99	LONG	0,00167	5981,87	0,00451	HOLD	98,2349	131,0172
2023-06-06	03:00	25630	25680,01	25587,47	25631,16	LONG	0,00167	5981,87	0,00451	HOLD	98,2349	131,0192
2023-06-06	04:00	25631,15	25685,84	25509,98	25658,35	LONG	0,00167	5981,87	0,00451	HOLD	98,2349	131,0646
2023-06-06	05:00	25658,35	25774,9	25647,29	25710,73	LONG	0,00167	5981,87	0,00451	HOLD	98,2349	131,1521
2023-06-06	06:00	25710,74	25858,42	25701,42	25728,2	LONG	0,00167	5981,87	0,00451	HOLD	98,2349	131,1812
2023-06-06	07:00	25728,2	25756,34	25675,26	25690,89	LONG	0,00167	5981,87	0,00451	HOLD	98,2349	131,1189
2023-06-06	08:00	25690,89	25695,59	25611,9	25640,01	LONG	0,00167	5981,87	0,00451	HOLD	98,2349	131,034
2023-06-06	09:00	25640,02	25801,09	25601	25764,76	LONG	0,00167	5981,87	0,00451	HOLD	98,2349	131,2423
2023-06-06	10:00	25764,76	25764,76	25712,02	25730,83	LONG	0,00167	5981,87	0,00451	HOLD	98,2349	131,1856
2023-06-06	11:00	25730,83	25806,6	25726,11	25797,65	LONG	0,00167	5981,87	0,00451	HOLD	98,2349	131,2972
2023-06-06	12:00	25797,66	25821,41	25758	25769,95	LONG	0,00167	5981,87	0,00451	HOLD	98,2349	131,251
2023-06-06	13:00	25769,96	25807,63	25752,6	25766,21	LONG	0,00167	5981,87	0,00451	HOLD	98,2349	131,2447
2023-06-06	14:00	25766,21	25809,9	25706,18	25722,33	LONG	0,00167	5981,87	0,00451	HOLD	98,2349	131,1714
2023-06-06	15:00	25722,34	25746,03	25670,9	25707,8	LONG	0,00167	5981,87	0,00451	HOLD	98,2349	131,1472
2023-06-06	16:00	25707,8	25789,71	25691,72	25750,76	LONG	0,00167	5981,87	0,00451	HOLD	98,2349	131,2189
2023-06-06	17:00	25750,75	25797	25741,99	25742,36	LONG	0,00167	5981,87	0,00451	HOLD	98,2349	131,2049
2023-06-06	18:00	25742,36	25749,17	25640,33	25686,64	LONG	0,00167	5981,87	0,00451	HOLD	98,2349	131,1118
2023-06-06	19:00	25686,64	25737,23	25351,02	25533,41	LONG	0,00167	5981,87	0,00451	HOLD	98,2349	130,8559
2023-06-06	20:00	25533,41	25784,31	25385,8	25735,2	LONG	0,00167	5981,87	0,00451	HOLD	98,2349	131,1929
2023-06-06	21:00	25735,2	26111,15	25735,2	26024,73	LONG	0,00167	5981,87	0,00451	HOLD	98,2349	131,6764
2023-06-06	22:00	26024,72	26143,69	25925,85	26066,11	LONG	0,00167	5981,87	0,00451	HOLD	98,2349	131,7455
2023-06-06	23:00	26066,12	26401	26066,11	26369,99	LONG	0,00167	5981,87	0,00451	HOLD	98,2349	132,253
2023-06-07	00:00	26370	26780	26290,56	26669,16	LONG	0,00167	5981,87	0,00451	HOLD	98,2349	132,7526
2023-06-07	01:00	26669,16	26782,52	26637,64	26698,08	LONG	0,00167	5981,87	0,00451	HOLD	98,2349	132,8009
2023-06-07	02:00	26698,08	27216,89	26690,93	27080,13	LONG	0,00167	5981,87	0,00451	HOLD	98,2349	133,439
2023-06-07	03:00	27080,12	27222	26857,92	26944,98	LONG	0,00167	5981,87	0,00451	HOLD	98,2349	133,2133
2023-06-07	04:00	26944,99	27092,82	26938,06	27057,03	LONG	0,00167	5981,87	0,00451	HOLD	98,2349	133,4004
2023-06-07	05:00	27057,03	27188,46	27044,34	27152,65	LONG	0,00167	5981,87	0,00451	HOLD	98,2349	133,5601
2023-06-07	06:00	27152,66	27355,33	27120,02	27230,08	LONG	0,00167	5981,87	0,00451	HOLD	98,2349	133,6894
2023-06-07	07:00	27230,07	27391,77	27163,06	27179,8	LONG	0,00167	5981,87	0,00451	HOLD	98,2349	133,6054
2023-06-07	08:00	27179,8	27222,14	27065,89	27085,83	LONG	0,00167	5981,87	0,00451	HOLD	98,2349	133,4485
2023-06-07	09:00	27085,82	27093,95	26912,69	26943,69	LONG	0,00167	5981,87	0,00451	HOLD	98,2349	133,2111
2023-06-07	10:00	26943,68	26967,88	26720,47	26909,01	LONG	0,00167	5981,87	0,00451	HOLD	98,2349	133,1532
2023-06-07	11:00	26909,01	26965	26874,76	26933,12	LONG	0,00167	5981,87	0,00451	HOLD	98,2349	133,1935
2023-06-07	12:00	26933,11	26980,04	26871,71	26912,99	LONG	0,00167	5981,87	0,00451	HOLD	98,2349	133,1598
2023-06-07	13:00	26912,99	26943,9	26814,71	26829,3	LONG	0,00167	5981,87	0,00451	HOLD	98,2349	133,0201
2023-06-07	14:00	26829,3	26899,99	26753,01	26795,87	LONG	0,00167	5981,87	0,00451	HOLD	98,2349	132,9642
2023-06-07	15:00	26795,87	26840,9	26761,41	26816,47	LONG	0,00167	5981,87	0,00451	HOLD	98,2349	132,9986
2023-06-07	16:00	26816,47	26816,47	26428,58	26486,28	LONG	0,00167	5981,87	0,00451	HOLD	98,2349	132,4472
2023-06-07	17:00	26486,28	26629,99	26352	26595,74	LONG	0,00167	5981,87	0,00451	HOLD	98,2349	132,63
2023-06-07	18:00	26595,73	26968	26579,6	26896,14	LONG	0,00167	5981,87	0,00451	HOLD	98,2349	133,1317
2023-06-07	19:00	26896,14	26932,1	26743,02	26802,35	LONG	0,00167	5981,87	0,00451	HOLD	98,2349	132,9751
2023-06-07	20:00	26802,35	26864,26	26670,94	26818,62	LONG	0,00167	5981,87	0,00451	HOLD	98,2349	133,0022
2023-06-07	21:00	26818,63	26818,63	26340,55	26443,57	LONG	0,00167	5981,87	0,00451	HOLD	98,2349	132,3759
2023-06-07	22:00	26443,56	26679,03	26236	26349,52	LONG	0,00167	5981,87	0,00451	HOLD	98,2349	132,2188
2023-06-07	23:00	26349,52	26439,34	26240,47	26329,16	LONG	0,00167	5981,87	0,00451	HOLD	98,2349	132,1848
2023-06-08	00:00	26329,15	26553,78	26272,63	26507,04	LONG	0,00167	5981,87	0,00451	HOLD	98,2349	132,4819
2023-06-08	01:00	26507,05	26530,08	26441,56	26472,94	LONG	0,00167	5981,87	0,00451	HOLD	98,2349	132,425
2023-06-08	02:00	26472,95	26531,05	26442,37	26482,42	LONG	0,00167	5981,87	0,00451	HOLD	98,2349	132,4408
2023-06-08	03:00	26482,43	26493,3	26317,4	26359,93	LONG	0,00167	5981,87	0,00451	HOLD	98,2349	132,2362
2023-06-08	04:00	26359,94	26457,23	26125,01	26156	LONG	0,00167	5981,87	0,00451	HOLD	98,2349	131,8957
2023-06-08	05:00	26154,52	26373,33	26132,4	26275,9	LONG	0,00167	5981,87	0,00451	HOLD	98,2349	132,0959
2023-06-08	06:00	26275,9	26364,95	26257,35	26339,34	LONG	0,00167	5981,87	0,00451	HOLD	98,2349	132,2018
2023-06-08	07:00	26339,34	26440,49	26305,11	26390,01	LONG	0,00167	5981,87	0,00451	HOLD	98,2349	132,2865
2023-06-08	08:00	26390,01	26470	26383,9	26443,6	LONG	0,00167	5981,87	0,00451	HOLD	98,2349	132,376
2023-06-08	09:00	26443,6	26446	26363,48	26386,51	LONG	0,00167	5981,87	0,00451	HOLD	98,2349	132,2806
2023-06-08	10:00	26386,5	26386,51	26210	26344,17	LONG	0,00167	5981,87	0,00451	HOLD	98,2349	132,2099
2023-06-08	11:00	26344,16	26428,06	26326,19	26400,97	LONG	0,00167	5981,87	0,00451	HOLD	98,2349	132,3048
2023-06-08	12:00	26400,96	26435,22	26350	26377,51	LONG	0,00167	5981,87	0,00451	HOLD	98,2349	132,2656
2023-06-08	13:00	26377,51	26495,01	26290,19	26427,34	LONG	0,00167	5981,87	0,00451	HOLD	98,2349	132,3488
2023-06-08	14:00	26427,34	26523,93	26416,92	26444,69	LONG	0,00167	5981,87	0,00451	HOLD	98,2349	132,3778
2023-06-08	15:00	26444,68	26463,99	26403,87	26441,54	LONG	0,00167	5981,87	0,00451	HOLD	98,2349	132,3725
2023-06-08	16:00	26441,55	26444,18	26370	26385,06	LONG	0,00167	5981,87	0,00451	HOLD	98,2349	132,2782
2023-06-08	17:00	26385,05	26496,1	26368,04	26484,77	LONG	0,00167	5981,87	0,00451	HOLD	98,2349	132,4447
2023-06-08	18:00	26484,77	26504,94	26408,92	26432	LONG	0,00167	5981,87	0,00451	HOLD	98,2349	132,3566
2023-06-08	19:00	26432,01	26575,95	26370	26462,9	LONG	0,00167	5981,87	0,00451	HOLD	98,2349	132,4082
2023-06-08	20:00	26462,9	26479	26300	26400,93	LONG	0,00167	5981,87	0,00451	HOLD	98,2349	132,3047
2023-06-08	21:00	26400,92	26686,87	26351,32	26648,55	LONG	0,00167	5981,87	0,00451	HOLD	98,2349	132,7182
2023-06-08	22:00	26648,54	26810	26579,97	26721,68	LONG	0,00167	5981,87	0,00451	HOLD	98,2349	132,8403
2023-06-08	23:00	26721,69	26732,24	26414,02	26498,4	LONG	0,00167	5981,87	0,00451	HOLD	98,2349	132,4675
2023-06-09	00:00	26498,39	26515,12	26435,01	26485	LONG	0,00167	5981,87	0,00451	HOLD	98,2349	132,4451
2023-06-09	01:00	26485	26571,99	26442	26550	LONG	0,00167	5981,87	0,00451	HOLD	98,2349	132,5536
2023-06-09	02:00	26550	26564,38	26515,99	26539,9	LONG	0,00167	5981,87	0,00451	HOLD	98,2349	132,5368
2023-06-09	03:00	26539,86	26649,97	26521,07	26637,3	LONG	0,00167	5981,87	0,00451	HOLD	98,2349	132,6994
2023-06-09	04:00	26637,31	26644,51	26552	26573,42	LONG	0,00167	5981,87	0,00451	HOLD	98,2349	132,5928
2023-06-09	05:00	26573,42	26601,77	26525,89	26544,38	LONG	0,00167	5981,87	0,00451	HOLD	98,2349	132,5443
2023-06-09	06:00	26544,39	26553,53	26488,01	26498,61	LONG	0,00167	5981,87	0,00451	HOLD	98,2349	132,4678
2023-06-09	07:00	26498,62	26509,72	26430	26456,95	LONG	0,00167	5981,87	0,00451	HOLD	98,2349	132,3982
2023-06-09	08:00	26456,95	26596,58	26439,98	26504,21	LONG	0,00167	5981,87	0,00451	HOLD	98,2349	132,4772
2023-06-09	09:00	26504,21	26537,18	26269,91	26457,51	LONG	0,00167	5981,87	0,00451	HOLD	98,2349	132,3992
2023-06-09	10:00	26457,5	26501,75	26439,11	26483,7	LONG	0,00167	5981,87	0,00451	HOLD	98,2349	132,4429
2023-06-09	11:00	26483,69	26507,11	26424,35	26491,38	LONG	0,00167	5981,87	0,00451	HOLD	98,2349	132,4557
2023-06-09	12:00	26491,38	26533,3	26475,51	26504,54	LONG	0,00167	5981,87	0,00451	HOLD	98,2349	132,4777
2023-06-09	13:00	26504,54	26576,55	26475,24	26492,93	LONG	0,00167	5981,87	0,00451	HOLD	98,2349	132,4583
2023-06-09	14:00	26492,92	26500	26440,38	26493,43	LONG	0,00167	5981,87	0,00451	HOLD	98,2349	132,4592
2023-06-09	15:00	26493,44	26650	26491,66	26642,37	LONG	0,00167	5981,87	0,00451	HOLD	98,2349	132,7079
2023-06-09	16:00	26642,38	26685,43	26591	26639,03	LONG	0,00167	5981,87	0,00451	HOLD	98,2349	132,7023
2023-06-09	17:00	26639,03	26675,82	26602,51	26635,4	LONG	0,00167	5981,87	0,00451	HOLD	98,2349	132,6963
2023-06-09	18:00	26635,39	26644,96	26560	26610,19	LONG	0,00167	5981,87	0,00451	HOLD	98,2349	132,6542
2023-06-09	19:00	26610,18	26699,99	26610,18	26673,76	LONG	0,00167	5981,87	0,00451	HOLD	98,2349	132,7603
2023-06-09	20:00	26673,75	26783,33	26627,21	26634,65	LONG	0,00167	5981,87	0,00451	HOLD	98,2349	132,695
2023-06-09	21:00	26634,64	26712,52	26536,96	26594,64	LONG	0,00167	5981,87	0,00451	HOLD	98,2349	132,6282
2023-06-09	22:00	26594,63	26633,76	26452,86	26477,37	LONG	0,00167	5981,87	0,00451	HOLD	98,2349	132,4324
2023-06-09	23:00	26477,36	26529,54	26442,98	26482,84	LONG	0,00167	5981,87	0,00451	HOLD	98,2349	132,4415
2023-06-10	00:00	26482,83	26515	26417,92	26496,06	LONG	0,00167	5981,87	0,00451	HOLD	98,2349	132,4636
2023-06-10	01:00	26496,05	26516,71	26412,44	26450	LONG	0,00167	5981,87	0,00451	HOLD	98,2349	132,3866
2023-06-10	02:00	26450	26490	26383,05	26407,15	LONG	0,00167	5981,87	0,00451	HOLD	98,2349	132,3151
2023-06-10	03:00	26407,15	26470	26397,11	26451,16	LONG	0,00167	5981,87	0,00451	HOLD	98,2349	132,3886
2023-06-10	04:00	26451,16	26499,5	26445,75	26479,52	LONG	0,00167	5981,87	0,00451	HOLD	98,2349	132,4359
2023-06-10	05:00	26479,51	26500	26458,07	26492,69	LONG	0,00167	5981,87	0,00451	HOLD	98,2349	132,4579
2023-06-10	06:00	26492,69	26498,17	26449,78	26477,81	LONG	0,00167	5981,87	0,00451	HOLD	98,2349	132,4331
2023-06-10	07:00	26477,8	26487,26	26450	26459,99	LONG	0,00167	5981,87	0,00451	HOLD	98,2349	132,4033
2023-06-10	08:00	26459,99	26533,87	26311,31	26396,93	LONG	0,00167	5981,87	0,00451	HOLD	98,2349	132,298
2023-06-10	09:00	26396,94	26437,08	26280	26326,92	LONG	0,00167	5981,87	0,00451	HOLD	98,2349	132,1811
2023-06-10	10:00	26326,93	26365,74	26266	26323,07	LONG	0,00167	5981,87	0,00451	HOLD	98,2349	132,1747
2023-06-10	11:00	26323,07	26349,17	25715,46	25765,28	LONG	0,00167	5981,87	0,00451	HOLD	98,2349	131,2432
2023-06-10	12:00	25765,29	25808,12	25456,41	25518,06	LONG	0,00167	5981,87	0,00451	HOLD	98,2349	130,8303
2023-06-10	13:00	25518,06	25638,93	25457,46	25538,81	LONG	0,00167	5981,87	0,00451	HOLD	98,2349	130,865
2023-06-10	14:00	25538,81	25743,8	25493,27	25651,09	LONG	0,00167	5981,87	0,00451	HOLD	98,2349	131,0525
2023-06-10	15:00	25651,08	25750,25	25561,25	25669,07	LONG	0,00167	5981,87	0,00451	HOLD	98,2349	131,0825
2023-06-10	16:00	25669,06	25682,78	25614,85	25651,88	LONG	0,00167	5981,87	0,00451	HOLD	98,2349	131,0538
2023-06-10	17:00	25651,89	25701,68	25598,49	25698,31	LONG	0,00167	5981,87	0,00451	HOLD	98,2349	131,1313
2023-06-10	18:00	25698,3	25739,29	25659,07	25731,4	LONG	0,00167	5981,87	0,00451	HOLD	98,2349	131,1866
2023-06-10	19:00	25731,41	25731,41	25608,58	25616,18	LONG	0,00167	5981,87	0,00451	HOLD	98,2349	130,9942
2023-06-10	20:00	25616,19	25679,06	25572,94	25657,49	LONG	0,00167	5981,87	0,00451	HOLD	98,2349	131,0632
2023-06-10	21:00	25657,5	25706,57	25627	25668,34	LONG	0,00167	5981,87	0,00451	HOLD	98,2349	131,0813
2023-06-10	22:00	25668,35	25679,93	25600	25628,8	LONG	0,00167	5981,87	0,00451	HOLD	98,2349	131,0152
2023-06-10	23:00	25628,81	25649,5	25582,01	25588,67	LONG	0,00167	5981,87	0,00451	HOLD	98,2349	130,9482
2023-06-11	00:00	25588,67	26154	25400	26022,34	LONG	0,00167	5981,87	0,00451	HOLD	98,2349	131,6725
2023-06-11	01:00	26022,34	26043,49	25358	25547,28	LONG	0,00167	5981,87	0,00451	HOLD	98,2349	130,8791
2023-06-11	02:00	25547,28	25750,95	25540,56	25750	LONG	0,00167	5981,87	0,00451	HOLD	98,2349	131,2176
2023-06-11	03:00	25750,01	25873,54	25679,59	25751,25	LONG	0,00167	5981,87	0,00451	HOLD	98,2349	131,2197
2023-06-11	04:00	25751,25	25829,72	25687,26	25761,28	LONG	0,00167	5981,87	0,00451	HOLD	98,2349	131,2365
2023-06-11	05:00	25761,29	25932,02	25745,78	25875,16	LONG	0,00167	5981,87	0,00451	HOLD	98,2349	131,4267
2023-06-11	06:00	25875,17	25892,38	25830	25841,21	LONG	0,00167	5981,87	0,00451	HOLD	98,2349	131,37
2023-06-11	07:00	25841,22	25850	25730,86	25750,28	LONG	0,00167	5981,87	0,00451	HOLD	98,2349	131,2181
2023-06-11	08:00	25750,27	25864,32	25718,97	25824,99	LONG	0,00167	5981,87	0,00451	HOLD	98,2349	131,3429
2023-06-11	09:00	25824,99	25827,93	25747,28	25766,72	LONG	0,00167	5981,87	0,00451	HOLD	98,2349	131,2456
2023-06-11	10:00	25766,71	25770	25695	25727,51	LONG	0,00167	5981,87	0,00451	HOLD	98,2349	131,1801
2023-06-11	11:00	25727,51	25759,99	25634,7	25727,74	LONG	0,00167	5981,87	0,00451	HOLD	98,2349	131,1805
2023-06-11	12:00	25727,74	25834,59	25727,74	25819,1	LONG	0,00167	5981,87	0,00451	HOLD	98,2349	131,333
2023-06-11	13:00	25819,1	25823,91	25767,34	25786,49	LONG	0,00167	5981,87	0,00451	HOLD	98,2349	131,2786
2023-06-11	14:00	25786,49	25796,88	25740,02	25741,33	LONG	0,00167	5981,87	0,00451	HOLD	98,2349	131,2032
2023-06-11	15:00	25741,32	25768,54	25695,08	25740,2	LONG	0,00167	5981,87	0,00451	HOLD	98,2349	131,2013
2023-06-11	16:00	25740,21	25772,97	25701,42	25706,26	LONG	0,00167	5981,87	0,00451	HOLD	98,2349	131,1446
2023-06-11	17:00	25706,25	25795,27	25695	25774,08	LONG	0,00167	5981,87	0,00451	HOLD	98,2349	131,2579
2023-06-11	18:00	25774,08	25842,44	25757,13	25796,06	LONG	0,00167	5981,87	0,00451	HOLD	98,2349	131,2946
2023-06-11	19:00	25796,05	25798,72	25747,61	25750	LONG	0,00167	5981,87	0,00451	HOLD	98,2349	131,2176
2023-06-11	20:00	25750,01	25776,13	25672,68	25703,33	LONG	0,00167	5981,87	0,00451	HOLD	98,2349	131,1397
2023-06-11	21:00	25703,32	25806,11	25694,72	25753,19	LONG	0,00167	5981,87	0,00451	HOLD	98,2349	131,223
2023-06-11	22:00	25753,18	25778,08	25732,95	25751,36	LONG	0,00167	5981,87	0,00451	HOLD	98,2349	131,2199
2023-06-11	23:00	25751,36	25953,24	25738,07	25868,39	LONG	0,00167	5981,87	0,00451	HOLD	98,2349	131,4154
2023-06-12	00:00	25868,39	26080,74	25836,88	25941,63	LONG	0,00167	5981,87	0,00451	HOLD	98,2349	131,5377
2023-06-12	01:00	25941,63	26047,58	25927,86	25975	LONG	0,00167	5981,87	0,00451	HOLD	98,2349	131,5934
2023-06-12	02:00	25974,99	26106,66	25934,56	26030,89	LONG	0,00167	5981,87	0,00451	HOLD	98,2349	131,6867
2023-06-12	03:00	26030,89	26206,88	26030,88	26123,68	LONG	0,00167	5981,87	0,00451	HOLD	98,2349	131,8417
2023-06-12	04:00	26123,69	26139,78	25972,64	26046,37	LONG	0,00167	5981,87	0,00451	HOLD	98,2349	131,7126
2023-06-12	05:00	26046,37	26070	25745,03	25895,8	LONG	0,00167	5981,87	0,00451	HOLD	98,2349	131,4611
2023-06-12	06:00	25895,79	25938,8	25819,66	25925,55	LONG	0,00167	5981,87	0,00451	HOLD	98,2349	131,5108
2023-06-12	07:00	25925,54	26028,5	25856,84	25965,13	LONG	0,00167	5981,87	0,00451	HOLD	98,2349	131,5769
2023-06-12	08:00	25965,13	26000	25891,66	25935,17	LONG	0,00167	5981,87	0,00451	HOLD	98,2349	131,5269
2023-06-12	09:00	25935,17	25959,56	25602,11	25773,47	LONG	0,00167	5981,87	0,00451	HOLD	98,2349	131,2568
2023-06-12	10:00	25773,48	25848,84	25752,87	25791,29	LONG	0,00167	5981,87	0,00451	HOLD	98,2349	131,2866
2023-06-12	11:00	25791,29	25823,53	25756,57	25814,98	LONG	0,00167	5981,87	0,00451	HOLD	98,2349	131,3262
2023-06-12	12:00	25814,99	25818,89	25762,57	25772,8	LONG	0,00167	5981,87	0,00451	HOLD	98,2349	131,2557
2023-06-12	13:00	25772,8	25905,63	25744,06	25844,34	LONG	0,00167	5981,87	0,00451	HOLD	98,2349	131,3752
2023-06-12	14:00	25844,34	25858,31	25773,2	25802,98	LONG	0,00167	5981,87	0,00451	HOLD	98,2349	131,3061
2023-06-12	15:00	25802,97	25948,91	25780	25939,32	LONG	0,00167	5981,87	0,00451	HOLD	98,2349	131,5338
2023-06-12	16:00	25939,31	26106,48	25920	25965,1	LONG	0,00167	5981,87	0,00451	HOLD	98,2349	131,5769
2023-06-12	17:00	25965,1	26059,59	25944,18	25964,59	LONG	0,00167	5981,87	0,00451	HOLD	98,2349	131,576
2023-06-12	18:00	25964,6	26029,25	25936,3	25988,83	LONG	0,00167	5981,87	0,00451	HOLD	98,2349	131,6165
2023-06-12	19:00	25988,82	25993,6	25899,89	25933,1	LONG	0,00167	5981,87	0,00451	HOLD	98,2349	131,5234
2023-06-12	20:00	25933,1	25933,11	25779,71	25798,3	LONG	0,00167	5981,87	0,00451	HOLD	98,2349	131,2983
2023-06-12	21:00	25798,29	25878,84	25734,47	25846,35	LONG	0,00167	5981,87	0,00451	HOLD	98,2349	131,3785
2023-06-12	22:00	25846,35	25866,34	25766,86	25824,63	LONG	0,00167	5981,87	0,00451	HOLD	98,2349	131,3423
2023-06-12	23:00	25824,63	25905,23	25789,26	25825,41	LONG	0,00167	5981,87	0,00451	HOLD	98,2349	131,3436
2023-06-13	00:00	25825,41	25966,18	25652,04	25804,56	LONG	0,00167	5981,87	0,00451	HOLD	98,2349	131,3088
2023-06-13	01:00	25804,55	25863,48	25756,77	25845,31	LONG	0,00167	5981,87	0,00451	HOLD	98,2349	131,3768
2023-06-13	02:00	25845,32	25851,27	25761,47	25824,23	LONG	0,00167	5981,87	0,00451	HOLD	98,2349	131,3416
2023-06-13	03:00	25824,23	25898,99	25804,3	25893,48	LONG	0,00167	5981,87	0,00451	HOLD	98,2349	131,4573
2023-06-13	04:00	25893,48	25939,33	25880,12	25930,52	LONG	0,00167	5981,87	0,00451	HOLD	98,2349	131,5191
2023-06-13	05:00	25930,52	25970,05	25888,98	25929,93	LONG	0,00167	5981,87	0,00451	HOLD	98,2349	131,5181
2023-06-13	06:00	25929,93	25938,48	25870	25905,19	LONG	0,00167	5981,87	0,00451	HOLD	98,2349	131,4768
2023-06-13	07:00	25905,2	26033,91	25820	25868,89	LONG	0,00167	5981,87	0,00451	HOLD	98,2349	131,4162
2023-06-13	08:00	25868,88	26048,7	25818,07	25970,67	LONG	0,00167	5981,87	0,00451	HOLD	98,2349	131,5862
2023-06-13	09:00	25970,67	26157,99	25937,11	26125,49	LONG	0,00167	5981,87	0,00451	HOLD	98,2349	131,8447
2023-06-13	10:00	26125,49	26151,37	26043,04	26063,85	LONG	0,00167	5981,87	0,00451	HOLD	98,2349	131,7418
2023-06-13	11:00	26063,85	26070,18	25973,7	26055,51	LONG	0,00167	5981,87	0,00451	HOLD	98,2349	131,7278
2023-06-13	12:00	26055,51	26121,01	26030,89	26080,82	LONG	0,00167	5981,87	0,00451	HOLD	98,2349	131,7701
2023-06-13	13:00	26080,82	26133,03	26054,56	26080,01	LONG	0,00167	5981,87	0,00451	HOLD	98,2349	131,7688
2023-06-13	14:00	26080,01	26114,94	26070	26073,92	LONG	0,00167	5981,87	0,00451	HOLD	98,2349	131,7586
2023-06-13	15:00	26073,91	26272,25	26060,77	26176,83	LONG	0,00167	5981,87	0,00451	HOLD	98,2349	131,9304
2023-06-13	16:00	26176,82	26206,81	26105,09	26147,37	LONG	0,00167	5981,87	0,00451	HOLD	98,2349	131,8813
2023-06-13	17:00	26147,37	26170,89	26111,91	26156,31	LONG	0,00167	5981,87	0,00451	HOLD	98,2349	131,8962
2023-06-13	18:00	26156,31	26212,5	26086,9	26191,81	LONG	0,00167	5981,87	0,00451	HOLD	98,2349	131,9555
2023-06-13	19:00	26191,81	26433,21	25891,25	26082,29	LONG	0,00167	5981,87	0,00451	HOLD	98,2349	131,7726
2023-06-13	20:00	26082,29	26143,68	26001,64	26032,92	LONG	0,00167	5981,87	0,00451	HOLD	98,2349	131,6901
2023-06-13	21:00	26032,91	26050	25901,07	25985,67	LONG	0,00167	5981,87	0,00451	HOLD	98,2349	131,6112
2023-06-13	22:00	25985,66	25985,67	25712,57	25759,54	LONG	0,00167	5981,87	0,00451	HOLD	98,2349	131,2336
2023-06-13	23:00	25759,54	25880,3	25739,38	25865,29	LONG	0,00167	5981,87	0,00451	HOLD	98,2349	131,4102
2023-06-14	00:00	25865,3	25893,46	25777,44	25821,88	LONG	0,00167	5981,87	0,00451	HOLD	98,2349	131,3377
2023-06-14	01:00	25821,87	25978,37	25802,79	25889,63	LONG	0,00167	5981,87	0,00451	HOLD	98,2349	131,4508
2023-06-14	02:00	25889,64	25928,72	25868,99	25902,84	LONG	0,00167	5981,87	0,00451	HOLD	98,2349	131,4729
2023-06-14	03:00	25902,83	25959,26	25821,83	25847,98	LONG	0,00167	5981,87	0,00451	HOLD	98,2349	131,3813
2023-06-14	04:00	25847,97	25880,64	25817,72	25847,45	LONG	0,00167	5981,87	0,00451	HOLD	98,2349	131,3804
2023-06-14	05:00	25847,44	25863,29	25808,1	25840	LONG	0,00167	5981,87	0,00451	HOLD	98,2349	131,3679
2023-06-14	06:00	25840,01	25937,66	25840	25934,25	LONG	0,00167	5981,87	0,00451	HOLD	98,2349	131,5253
2023-06-14	07:00	25934,24	26030	25911,6	25989,72	LONG	0,00167	5981,87	0,00451	HOLD	98,2349	131,618
2023-06-14	08:00	25989,72	26052,5	25957,95	26046,27	LONG	0,00167	5981,87	0,00451	HOLD	98,2349	131,7124
2023-06-14	09:00	26046,27	26055,99	26013,6	26027,4	LONG	0,00167	5981,87	0,00451	HOLD	98,2349	131,6809
2023-06-14	10:00	26027,4	26031,68	25964,46	25985,07	LONG	0,00167	5981,87	0,00451	HOLD	98,2349	131,6102
2023-06-14	11:00	25985,06	26005,36	25967,16	25981,01	LONG	0,00167	5981,87	0,00451	HOLD	98,2349	131,6034
2023-06-14	12:00	25981	25984,83	25837,13	25845,14	LONG	0,00167	5981,87	0,00451	HOLD	98,2349	131,3765
2023-06-14	13:00	25845,14	25925,13	25840	25894,54	LONG	0,00167	5981,87	0,00451	HOLD	98,2349	131,459
2023-06-14	14:00	25894,53	25923,84	25872,02	25897,72	LONG	0,00167	5981,87	0,00451	HOLD	98,2349	131,4643
2023-06-14	15:00	25897,71	25942,88	25885,35	25928,3	LONG	0,00167	5981,87	0,00451	HOLD	98,2349	131,5154
2023-06-14	16:00	25928,3	25989,98	25911,23	25980,53	LONG	0,00167	5981,87	0,00451	HOLD	98,2349	131,6026
2023-06-14	17:00	25980,53	25988,67	25939,04	25956,99	LONG	0,00167	5981,87	0,00451	HOLD	98,2349	131,5633
2023-06-14	18:00	25957	26028,58	25950	25975,71	LONG	0,00167	5981,87	0,00451	HOLD	98,2349	131,5946
2023-06-14	19:00	25975,71	26085,33	25963,1	26022,15	LONG	0,00167	5981,87	0,00451	HOLD	98,2349	131,6721
2023-06-14	20:00	26022,15	26029,98	25927,22	25990	LONG	0,00167	5981,87	0,00451	HOLD	98,2349	131,6184
2023-06-14	21:00	25990	26030	25970	26001,27	LONG	0,00167	5981,87	0,00451	HOLD	98,2349	131,6373
2023-06-14	22:00	26001,26	26020	25950	25986,75	LONG	0,00167	5981,87	0,00451	HOLD	98,2349	131,613
2023-06-14	23:00	25986,74	26012,02	25962,25	25965,86	LONG	0,00167	5981,87	0,00451	HOLD	98,2349	131,5781
2023-06-15	00:00	25965,87	26045	25888	26027,04	LONG	0,00167	5981,87	0,00451	HOLD	98,2349	131,6803
2023-06-15	01:00	26027,03	26098	25753,38	25915,03	LONG	0,00167	5981,87	0,00451	HOLD	98,2349	131,4932
2023-06-15	02:00	25915,02	25979,45	25833,88	25874,59	LONG	0,00167	5981,87	0,00451	HOLD	98,2349	131,4257
2023-06-15	03:00	25874,58	25879,69	24820,56	24934,21	LONG	0,00167	5981,87	0,00451	HOLD	98,2349	129,8553
2023-06-15	04:00	24934,21	25190,03	24826,08	25121,25	LONG	0,00167	5981,87	0,00451	HOLD	98,2349	130,1676
2023-06-15	05:00	25121,25	25121,25	24950	25034,98	LONG	0,00167	5981,87	0,00451	HOLD	98,2349	130,0236
2023-06-15	06:00	25034,98	25140	24972,37	25128,6	LONG	0,00167	5981,87	0,00451	HOLD	98,2349	130,1799
2023-06-15	07:00	25128,6	25206,52	25084,26	25206,51	LONG	0,00167	5981,87	0,00451	HOLD	98,2349	130,31
2023-06-15	08:00	25206,52	25206,52	25030,01	25064,79	LONG	0,00167	5981,87	0,00451	HOLD	98,2349	130,0733
2023-06-15	09:00	25064,79	25133,86	25050,73	25083,79	LONG	0,00167	5981,87	0,00451	HOLD	98,2349	130,1051
2023-06-15	10:00	25083,79	25093,69	25051,91	25065,35	LONG	0,00167	5981,87	0,00451	HOLD	98,2349	130,0743
2023-06-15	11:00	25065,35	25065,35	24980	25028,15	LONG	0,00167	5981,87	0,00451	HOLD	98,2349	130,0122
2023-06-15	12:00	25028,15	25056,48	24924,61	25031,42	LONG	0,00167	5981,87	0,00451	HOLD	98,2349	130,0176
2023-06-15	13:00	25031,42	25072,35	24906	24927,95	LONG	0,00167	5981,87	0,00451	HOLD	98,2349	129,8448
2023-06-15	14:00	24927,94	25007,14	24872,35	24983,8	LONG	0,00167	5981,87	0,00451	HOLD	98,2349	129,9381
2023-06-15	15:00	24983,81	25048	24960	24974,26	LONG	0,00167	5981,87	0,00451	HOLD	98,2349	129,9222
2023-06-15	16:00	24974,27	25011,75	24900,38	24947,71	LONG	0,00167	5981,87	0,00451	HOLD	98,2349	129,8778
2023-06-15	17:00	24947,71	24975,17	24873,05	24923,51	LONG	0,00167	5981,87	0,00451	HOLD	98,2349	129,8374
2023-06-15	18:00	24923,51	25050	24800	25014,97	LONG	0,00167	5981,87	0,00451	HOLD	98,2349	129,9901
2023-06-15	19:00	25014,97	25037,63	24921,11	24954,45	LONG	0,00167	5981,87	0,00451	HOLD	98,2349	129,8891
2023-06-15	20:00	24954,45	25108,54	24940	25055,22	LONG	0,00167	5981,87	0,00451	HOLD	98,2349	130,0574
2023-06-15	21:00	25055,22	25079,15	24992,05	25014,62	LONG	0,00167	5981,87	0,00451	HOLD	98,2349	129,9896
2023-06-15	22:00	25014,62	25033,23	24953,02	24959,95	LONG	0,00167	5981,87	0,00451	HOLD	98,2349	129,8983
2023-06-15	23:00	24959,96	25017,72	24929	24999,99	LONG	0,00167	5981,87	0,00451	HOLD	98,2349	129,9651
2023-06-16	00:00	25000	25164,99	24963,42	25144,72	LONG	0,00167	5981,87	0,00451	HOLD	98,2349	130,2068
2023-06-16	01:00	25143,85	25390,77	25068,2	25389,97	LONG	0,00167	5981,87	0,00451	HOLD	98,2349	130,6164
2023-06-16	02:00	25389,97	25518,49	25349,22	25455,49	LONG	0,00167	5981,87	0,00451	HOLD	98,2349	130,7258
2023-06-16	03:00	25455,49	25610,6	25220,25	25566	LONG	0,00167	5981,87	0,00451	HOLD	98,2349	130,9104
2023-06-16	04:00	25566	25759,01	25511,98	25574,6	LONG	0,00167	5981,87	0,00451	HOLD	98,2349	130,9247
2023-06-16	05:00	25574,6	25653,84	25549,06	25629,3	LONG	0,00167	5981,87	0,00451	HOLD	98,2349	131,0161
2023-06-16	06:00	25629,29	25635	25554,8	25598,49	LONG	0,00167	5981,87	0,00451	HOLD	98,2349	130,9646
2023-06-16	07:00	25598,49	25598,49	25440,39	25496,59	LONG	0,00167	5981,87	0,00451	HOLD	98,2349	130,7944
2023-06-16	08:00	25496,59	25576,57	25452,98	25517,48	LONG	0,00167	5981,87	0,00451	HOLD	98,2349	130,8293
2023-06-16	09:00	25517,47	25560,1	25483,94	25554,88	LONG	0,00167	5981,87	0,00451	HOLD	98,2349	130,8918
2023-06-16	10:00	25554,88	25606,59	25530,52	25561,74	LONG	0,00167	5981,87	0,00451	HOLD	98,2349	130,9032
2023-06-16	11:00	25561,75	25629,73	25523,51	25528,77	LONG	0,00167	5981,87	0,00451	HOLD	98,2349	130,8482
2023-06-16	12:00	25528,77	25570,7	25475,84	25553,04	LONG	0,00167	5981,87	0,00451	HOLD	98,2349	130,8887
2023-06-16	13:00	25553,04	25628,77	25537,42	25578,58	LONG	0,00167	5981,87	0,00451	HOLD	98,2349	130,9314
2023-06-16	14:00	25578,59	25623,87	25536,82	25537,01	LONG	0,00167	5981,87	0,00451	HOLD	98,2349	130,8619
2023-06-16	15:00	25537	25624,38	25537	25545,25	LONG	0,00167	5981,87	0,00451	HOLD	98,2349	130,8757
2023-06-16	16:00	25545,25	25621,16	25545,24	25595,95	LONG	0,00167	5981,87	0,00451	HOLD	98,2349	130,9604
2023-06-16	17:00	25595,96	25603,92	25557,19	25570	LONG	0,00167	5981,87	0,00451	HOLD	98,2349	130,917
2023-06-16	18:00	25570	25570,01	25462,03	25474,51	LONG	0,00167	5981,87	0,00451	HOLD	98,2349	130,7576
2023-06-16	19:00	25474,51	25588,97	25473	25569,99	LONG	0,00167	5981,87	0,00451	HOLD	98,2349	130,917
2023-06-16	20:00	25570	25628,29	25487,22	25492,64	LONG	0,00167	5981,87	0,00451	HOLD	98,2349	130,7879
2023-06-16	21:00	25492,64	25725	25175,56	25616,01	LONG	0,00167	5981,87	0,00451	HOLD	98,2349	130,9939
2023-06-16	22:00	25616	25896,78	25558,33	25840,01	LONG	0,00167	5981,87	0,00451	HOLD	98,2349	131,368
2023-06-16	23:00	25840	25993,61	25774,02	25959,77	LONG	0,00167	5981,87	0,00451	HOLD	98,2349	131,568
2023-06-17	00:00	25959,77	26330	25952,22	26320,99	LONG	0,00167	5981,87	0,00451	HOLD	98,2349	132,1712
2023-06-17	01:00	26321	26518	26274,21	26361,4	LONG	0,00167	5981,87	0,00451	HOLD	98,2349	132,2387
2023-06-17	02:00	26361,41	26410,04	26286,84	26382,43	LONG	0,00167	5981,87	0,00451	HOLD	98,2349	132,2738
2023-06-17	03:00	26382,43	26464,58	26336,78	26412,13	LONG	0,00167	5981,87	0,00451	HOLD	98,2349	132,3234
2023-06-17	04:00	26412,13	26418,34	26287,97	26297,84	LONG	0,00167	5981,87	0,00451	HOLD	98,2349	132,1325
2023-06-17	05:00	26297,84	26387,57	26297,83	26370,51	LONG	0,00167	5981,87	0,00451	HOLD	98,2349	132,2539
2023-06-17	06:00	26370,52	26384,58	26333,86	26345	LONG	0,00167	5981,87	0,00451	HOLD	98,2349	132,2113
2023-06-17	07:00	26345,01	26372,4	26313,11	26313,11	LONG	0,00167	5981,87	0,00451	HOLD	98,2349	132,158
2023-06-17	08:00	26313,11	26336,27	26193,88	26198,47	LONG	0,00167	5981,87	0,00451	HOLD	98,2349	131,9666
2023-06-17	09:00	26198,47	26293,3	26181	26276,67	LONG	0,00167	5981,87	0,00451	HOLD	98,2349	132,0972
2023-06-17	10:00	26276,66	26293,06	26245,01	26262,16	LONG	0,00167	5981,87	0,00451	HOLD	98,2349	132,0729
2023-06-17	11:00	26262,17	26363,69	26246	26358,49	LONG	0,00167	5981,87	0,00451	HOLD	98,2349	132,2338
2023-06-17	12:00	26358,5	26839,99	26342,19	26690,45	LONG	0,00167	5981,87	0,00451	HOLD	98,2349	132,7882
2023-06-17	13:00	26690,44	26784	26648,74	26665,12	LONG	0,00167	5981,87	0,00451	HOLD	98,2349	132,7459
2023-06-17	14:00	26665,13	26675,02	26563,55	26593,57	LONG	0,00167	5981,87	0,00451	HOLD	98,2349	132,6264
2023-06-17	15:00	26593,58	26657,09	26555,2	26601,01	LONG	0,00167	5981,87	0,00451	HOLD	98,2349	132,6388
2023-06-17	16:00	26601	26638,52	26563,58	26596,09	LONG	0,00167	5981,87	0,00451	HOLD	98,2349	132,6306
2023-06-17	17:00	26596,09	26639,82	26580,38	26588,77	LONG	0,00167	5981,87	0,00451	HOLD	98,2349	132,6184
2023-06-17	18:00	26588,77	26603,87	26473,5	26507,76	LONG	0,00167	5981,87	0,00451	HOLD	98,2349	132,4831
2023-06-17	19:00	26507,75	26585,48	26421	26521,05	LONG	0,00167	5981,87	0,00451	HOLD	98,2349	132,5053
2023-06-17	20:00	26521,04	26578,85	26508,17	26551,15	LONG	0,00167	5981,87	0,00451	HOLD	98,2349	132,5556
2023-06-17	21:00	26551,14	26558,26	26465,01	26496,62	LONG	0,00167	5981,87	0,00451	HOLD	98,2349	132,4645
2023-06-17	22:00	26496,63	26543,4	26311	26410,82	LONG	0,00167	5981,87	0,00451	HOLD	98,2349	132,3212
2023-06-17	23:00	26410,82	26505,19	26378,95	26473,14	LONG	0,00167	5981,87	0,00451	HOLD	98,2349	132,4253
2023-06-18	00:00	26473,15	26490,61	26401,6	26423,42	LONG	0,00167	5981,87	0,00451	HOLD	98,2349	132,3423
2023-06-18	01:00	26423,41	26538,37	26413,1	26521,43	LONG	0,00167	5981,87	0,00451	HOLD	98,2349	132,5059
2023-06-18	02:00	26521,44	26524,66	26466,08	26475,3	LONG	0,00167	5981,87	0,00451	HOLD	98,2349	132,4289
2023-06-18	03:00	26475,31	26552,91	26465,42	26541,86	LONG	0,00167	5981,87	0,00451	HOLD	98,2349	132,54
2023-06-18	04:00	26541,85	26546,71	26476,88	26525,4	LONG	0,00167	5981,87	0,00451	HOLD	98,2349	132,5126
2023-06-18	05:00	26525,4	26595,13	26524,25	26570,15	LONG	0,00167	5981,87	0,00451	HOLD	98,2349	132,5873
2023-06-18	06:00	26570,15	26574,3	26495	26516,99	LONG	0,00167	5981,87	0,00451	HOLD	98,2349	132,4985
2023-06-18	07:00	26516,99	26539,61	26378,98	26453,96	LONG	0,00167	5981,87	0,00451	HOLD	98,2349	132,3933
2023-06-18	08:00	26453,95	26496,24	26427,28	26492,12	LONG	0,00167	5981,87	0,00451	HOLD	98,2349	132,457
2023-06-18	09:00	26492,12	26517,62	26460,13	26475,52	LONG	0,00167	5981,87	0,00451	HOLD	98,2349	132,4293
2023-06-18	10:00	26475,53	26548,63	26475,52	26548,45	LONG	0,00167	5981,87	0,00451	HOLD	98,2349	132,5511
2023-06-18	11:00	26548,46	26559,63	26494,46	26535,51	LONG	0,00167	5981,87	0,00451	HOLD	98,2349	132,5294
2023-06-18	12:00	26535,51	26641,96	26534,03	26540,01	LONG	0,00167	5981,87	0,00451	HOLD	98,2349	132,537
2023-06-18	13:00	26540,02	26589,71	26472,03	26544,02	LONG	0,00167	5981,87	0,00451	HOLD	98,2349	132,5437
2023-06-18	14:00	26544,02	26680	26544,01	26584,98	LONG	0,00167	5981,87	0,00451	HOLD	98,2349	132,6121
2023-06-18	15:00	26584,99	26596	26494,44	26499,32	LONG	0,00167	5981,87	0,00451	HOLD	98,2349	132,469
2023-06-18	16:00	26499,32	26540,85	26456,83	26527,34	LONG	0,00167	5981,87	0,00451	HOLD	98,2349	132,5158
2023-06-18	17:00	26527,34	26534,77	26476	26508	LONG	0,00167	5981,87	0,00451	HOLD	98,2349	132,4835
2023-06-18	18:00	26507,99	26508,07	26476,08	26500	LONG	0,00167	5981,87	0,00451	HOLD	98,2349	132,4701
2023-06-18	19:00	26500	26572	26444	26534,97	LONG	0,00167	5981,87	0,00451	HOLD	98,2349	132,5285
2023-06-18	20:00	26534,97	26550	26482	26486	LONG	0,00167	5981,87	0,00451	HOLD	98,2349	132,4468
2023-06-18	21:00	26486,01	26573,35	26457	26549,99	LONG	0,00167	5981,87	0,00451	HOLD	98,2349	132,5536
2023-06-18	22:00	26550	26570	26526,92	26562,09	LONG	0,00167	5981,87	0,00451	HOLD	98,2349	132,5738
2023-06-18	23:00	26562,09	26649,74	26525,99	26620,12	LONG	0,00167	5981,87	0,00451	HOLD	98,2349	132,6707
2023-06-19	00:00	26620,11	26657,99	26560,62	26630	LONG	0,00167	5981,87	0,00451	HOLD	98,2349	132,6872
2023-06-19	01:00	26630	26643,54	26582,08	26620,87	LONG	0,00167	5981,87	0,00451	HOLD	98,2349	132,672
2023-06-19	02:00	26620,87	26651	26600,01	26650	LONG	0,00167	5981,87	0,00451	HOLD	98,2349	132,7206
2023-06-19	03:00	26650,01	26700	26355,1	26473,74	LONG	0,00167	5981,87	0,00451	HOLD	98,2349	132,4263
2023-06-19	04:00	26473,74	26487,01	26396,16	26415,34	LONG	0,00167	5981,87	0,00451	HOLD	98,2349	132,3288
2023-06-19	05:00	26415,34	26459,14	26378	26402,26	LONG	0,00167	5981,87	0,00451	HOLD	98,2349	132,3069
2023-06-19	06:00	26402,26	26461,3	26255,85	26339,97	LONG	0,00167	5981,87	0,00451	HOLD	98,2349	132,2029
2023-06-19	07:00	26339,98	26400	26256,61	26366,1	LONG	0,00167	5981,87	0,00451	HOLD	98,2349	132,2465
2023-06-19	08:00	26366,1	26450	26348,26	26437,43	LONG	0,00167	5981,87	0,00451	HOLD	98,2349	132,3657
2023-06-19	09:00	26437,44	26469,58	26422,6	26446,33	LONG	0,00167	5981,87	0,00451	HOLD	98,2349	132,3805
2023-06-19	10:00	26446,33	26453,94	26380	26403,36	LONG	0,00167	5981,87	0,00451	HOLD	98,2349	132,3088
2023-06-19	11:00	26403,36	26436,91	26369	26428,55	LONG	0,00167	5981,87	0,00451	HOLD	98,2349	132,3508
2023-06-19	12:00	26428,54	26467,39	26424	26465,59	LONG	0,00167	5981,87	0,00451	HOLD	98,2349	132,4127
2023-06-19	13:00	26465,6	26478,87	26403,73	26427,98	LONG	0,00167	5981,87	0,00451	HOLD	98,2349	132,3499
2023-06-19	14:00	26427,99	26439,76	26381,48	26428,01	LONG	0,00167	5981,87	0,00451	HOLD	98,2349	132,3499
2023-06-19	15:00	26428	26459,18	26390,45	26417,25	LONG	0,00167	5981,87	0,00451	HOLD	98,2349	132,3319
2023-06-19	16:00	26417,25	26432	26364,4	26401,03	LONG	0,00167	5981,87	0,00451	HOLD	98,2349	132,3049
2023-06-19	17:00	26401,02	26429,98	26370,29	26377,99	LONG	0,00167	5981,87	0,00451	HOLD	98,2349	132,2664
2023-06-19	18:00	26378	26448	26366,08	26447,73	LONG	0,00167	5981,87	0,00451	HOLD	98,2349	132,3829
2023-06-19	19:00	26447,73	26576	26429,26	26531,39	LONG	0,00167	5981,87	0,00451	HOLD	98,2349	132,5226
2023-06-19	20:00	26531,39	26576,87	26500,54	26535,17	LONG	0,00167	5981,87	0,00451	HOLD	98,2349	132,5289
2023-06-19	21:00	26535,17	26539,96	26384,3	26423,23	LONG	0,00167	5981,87	0,00451	HOLD	98,2349	132,3419
2023-06-19	22:00	26423,24	26456	26348,01	26444	LONG	0,00167	5981,87	0,00451	HOLD	98,2349	132,3766
2023-06-19	23:00	26443,99	26534,32	26308,45	26499,65	LONG	0,00167	5981,87	0,00451	HOLD	98,2349	132,4696
2023-06-20	00:00	26499,64	26704	26484	26665,06	LONG	0,00167	5981,87	0,00451	HOLD	98,2349	132,7458
2023-06-20	01:00	26665,06	27068,09	26482	26496	LONG	0,00167	5981,87	0,00451	HOLD	98,2349	132,4635
2023-06-20	02:00	26495,99	26704,1	26369,99	26682,28	LONG	0,00167	5981,87	0,00451	HOLD	98,2349	132,7745
2023-06-20	03:00	26682,29	26859,36	26678,61	26723,99	LONG	0,00167	5981,87	0,00451	HOLD	98,2349	132,8442
2023-06-20	04:00	26724	26770,19	26652,19	26770,18	LONG	0,00167	5981,87	0,00451	HOLD	98,2349	132,9213
2023-06-20	05:00	26770,19	26831,77	26734,04	26754,99	LONG	0,00167	5981,87	0,00451	HOLD	98,2349	132,896
2023-06-20	06:00	26754,98	26857,8	26723,27	26844,35	LONG	0,00167	5981,87	0,00451	HOLD	98,2349	133,0452
2023-06-20	07:00	26844,35	27031,49	26798,68	26982,28	LONG	0,00167	5981,87	0,00451	HOLD	98,2349	133,2755
2023-06-20	08:00	26982,29	27179,03	26881,35	26902,31	LONG	0,00167	5981,87	0,00451	HOLD	98,2349	133,142
2023-06-20	09:00	26902,32	26945,25	26875,96	26914,5	LONG	0,00167	5981,87	0,00451	HOLD	98,2349	133,1624
2023-06-20	10:00	26914,51	26972,3	26888	26896,52	LONG	0,00167	5981,87	0,00451	HOLD	98,2349	133,1323
2023-06-20	11:00	26896,53	26969,64	26896,52	26965,94	LONG	0,00167	5981,87	0,00451	HOLD	98,2349	133,2483
2023-06-20	12:00	26965,94	27033,24	26794,01	26820,46	LONG	0,00167	5981,87	0,00451	HOLD	98,2349	133,0053
2023-06-20	13:00	26821,36	26843,6	26755	26789,15	LONG	0,00167	5981,87	0,00451	HOLD	98,2349	132,953
2023-06-20	14:00	26789,15	26840	26758,76	26832,44	LONG	0,00167	5981,87	0,00451	HOLD	98,2349	133,0253
2023-06-20	15:00	26832,45	26837,4	26740	26754,25	LONG	0,00167	5981,87	0,00451	HOLD	98,2349	132,8947
2023-06-20	16:00	26754,24	26814,68	26702,47	26780,56	LONG	0,00167	5981,87	0,00451	HOLD	98,2349	132,9387
2023-06-20	17:00	26780,57	26831,52	26748,91	26775,98	LONG	0,00167	5981,87	0,00451	HOLD	98,2349	132,931
2023-06-20	18:00	26775,99	26912	26754	26907,99	LONG	0,00167	5981,87	0,00451	HOLD	98,2349	133,1515
2023-06-20	19:00	26907,99	26980	26834,62	26851,99	LONG	0,00167	5981,87	0,00451	HOLD	98,2349	133,058
2023-06-20	20:00	26851,99	26950	26783,27	26812,01	LONG	0,00167	5981,87	0,00451	HOLD	98,2349	132,9912
2023-06-20	21:00	26812	26845,97	26652	26780	LONG	0,00167	5981,87	0,00451	HOLD	98,2349	132,9377
2023-06-20	22:00	26780	27134,73	26740	27071,93	LONG	0,00167	5981,87	0,00451	HOLD	98,2349	133,4253
2023-06-20	23:00	27071,94	27395	27001,73	27380,54	LONG	0,00167	5981,87	0,00451	HOLD	98,2349	133,9406
2023-06-21	00:00	27380,55	27965	27339,85	27796	LONG	0,00167	5981,87	0,00451	HOLD	98,2349	134,6345
2023-06-21	01:00	27796	28140	27778	28070,54	LONG	0,00167	5981,87	0,00451	HOLD	98,2349	135,0929
2023-06-21	02:00	28070,53	28110,29	27788,13	27982,77	LONG	0,00167	5981,87	0,00451	HOLD	98,2349	134,9464
2023-06-21	03:00	27982,77	28249,78	27872	28157,99	LONG	0,00167	5981,87	0,00451	HOLD	98,2349	135,239
2023-06-21	04:00	28158	28306,41	28067,91	28130	LONG	0,00167	5981,87	0,00451	HOLD	98,2349	135,1922
2023-06-21	05:00	28130	28270,98	28104,3	28213,47	LONG	0,00167	5981,87	0,00451	HOLD	98,2349	135,3316
2023-06-21	06:00	28213,47	28402,74	28147,67	28307,99	LONG	0,00167	5981,87	0,00451	HOLD	98,2349	135,4895
2023-06-21	07:00	28308	28490,35	28257,99	28414	LONG	0,00167	5981,87	0,00451	HOLD	98,2349	135,6665
2023-06-21	08:00	28413,99	29088,09	28395,31	28785,93	LONG	0,00167	5981,87	0,00451	HOLD	98,2349	136,2876
2023-06-21	09:00	28785,93	28899,02	28759,15	28789,05	LONG	0,00167	5981,87	0,00451	HOLD	98,2349	136,2929
2023-06-21	10:00	28789,05	28803,76	28678	28711,15	LONG	0,00167	5981,87	0,00451	HOLD	98,2349	136,1628
2023-06-21	11:00	28711,15	28807,65	28680	28785,53	LONG	0,00167	5981,87	0,00451	HOLD	98,2349	136,287
2023-06-21	12:00	28785,1	28990	28770,89	28982,02	LONG	0,00167	5981,87	0,00451	HOLD	98,2349	136,6151
2023-06-21	13:00	28982,01	29005	28771,87	28858,01	LONG	0,00167	5981,87	0,00451	HOLD	98,2349	136,408
2023-06-21	14:00	28858,01	28919,66	28823,64	28872,28	LONG	0,00167	5981,87	0,00451	HOLD	98,2349	136,4318
2023-06-21	15:00	28872,28	28914,99	28787,7	28824,41	LONG	0,00167	5981,87	0,00451	HOLD	98,2349	136,3519
2023-06-21	16:00	28824,41	28962,88	28821,13	28923,69	LONG	0,00167	5981,87	0,00451	HOLD	98,2349	136,5177
2023-06-21	17:00	28923,69	29221,99	28815,23	28834,91	LONG	0,00167	5981,87	0,00451	HOLD	98,2349	136,3694
2023-06-21	18:00	28834,92	29040,37	28801	28930	LONG	0,00167	5981,87	0,00451	HOLD	98,2349	136,5282
2023-06-21	19:00	28930	29151,8	28889,11	28893,73	LONG	0,00167	5981,87	0,00451	HOLD	98,2349	136,4677
2023-06-21	20:00	28893,74	29404,96	28875,81	29311,99	LONG	0,00167	5981,87	0,00451	HOLD	98,2349	137,1662
2023-06-21	21:00	29311,99	29591,99	29073,7	29536,01	LONG	0,00167	5981,87	0,00451	HOLD	98,2349	137,5403
2023-06-21	22:00	29536,02	30000	29467,78	29851,58	LONG	0,00167	5981,87	0,00451	HOLD	98,2349	138,0673
2023-06-21	23:00	29851,58	30800	29763,37	30164,58	LONG	0,00167	5981,87	0,00451	HOLD	98,2349	138,59
2023-06-22	00:00	30164,58	30350	29854	30080,23	LONG	0,00167	5981,87	0,00451	HOLD	98,2349	138,4491
2023-06-22	01:00	30080,23	30291,98	30010,18	30131,39	LONG	0,00167	5981,87	0,00451	HOLD	98,2349	138,5346
2023-06-22	02:00	30131,38	30183,37	29903,82	30112,03	LONG	0,00167	5981,87	0,00451	HOLD	98,2349	138,5022
2023-06-22	03:00	30112,02	30152,71	29860	29988,01	LONG	0,00167	5981,87	0,00451	HOLD	98,2349	138,2951
2023-06-22	04:00	29988,01	30032,7	29800	29880,95	LONG	0,00167	5981,87	0,00451	HOLD	98,2349	138,1163
2023-06-22	05:00	29880,96	30149,99	29857,76	30114,56	LONG	0,00167	5981,87	0,00451	HOLD	98,2349	138,5065
2023-06-22	06:00	30114,55	30195,77	29970,9	29993,89	LONG	0,00167	5981,87	0,00451	HOLD	98,2349	138,3049
2023-06-22	07:00	29993,89	30245,51	29891,15	30139,48	LONG	0,00167	5981,87	0,00451	HOLD	98,2349	138,5481
2023-06-22	08:00	30139,47	30213,83	30062,36	30159,06	LONG	0,00167	5981,87	0,00451	HOLD	98,2349	138,5808
2023-06-22	09:00	30159,07	30500	30084,68	30472,11	LONG	0,00167	5981,87	0,00451	HOLD	98,2349	139,1036
2023-06-22	10:00	30472,12	30493,58	30241,91	30296,01	LONG	0,00167	5981,87	0,00451	HOLD	98,2349	138,8095
2023-06-22	11:00	30296	30350	30198	30350	LONG	0,00167	5981,87	0,00451	HOLD	98,2349	138,8996
2023-06-22	12:00	30349,99	30350	30237,57	30285,3	LONG	0,00167	5981,87	0,00451	HOLD	98,2349	138,7916
2023-06-22	13:00	30285,29	30293,85	30036,91	30130,02	LONG	0,00167	5981,87	0,00451	HOLD	98,2349	138,5323
2023-06-22	14:00	30130,02	30190	30010	30100,75	LONG	0,00167	5981,87	0,00451	HOLD	98,2349	138,4834
2023-06-22	15:00	30100,75	30152	30040	30096,7	LONG	0,00167	5981,87	0,00451	HOLD	98,2349	138,4766
2023-06-22	16:00	30096,69	30178,19	30057,08	30134,36	LONG	0,00167	5981,87	0,00451	HOLD	98,2349	138,5395
2023-06-22	17:00	30134,36	30244	30096,77	30178	LONG	0,00167	5981,87	0,00451	HOLD	98,2349	138,6124
2023-06-22	18:00	30178	30184,68	29840,09	29928	LONG	0,00167	5981,87	0,00451	HOLD	98,2349	138,1949
2023-06-22	19:00	29928,01	30137,68	29918,48	30115,49	LONG	0,00167	5981,87	0,00451	HOLD	98,2349	138,508
2023-06-22	20:00	30115,48	30351,14	30107,47	30235,99	LONG	0,00167	5981,87	0,00451	HOLD	98,2349	138,7092
2023-06-22	21:00	30235,99	30291,99	29525,61	29746,76	LONG	0,00167	5981,87	0,00451	HOLD	98,2349	137,8922
2023-06-22	22:00	29746,75	29963,58	29646,95	29850,65	LONG	0,00167	5981,87	0,00451	HOLD	98,2349	138,0657
2023-06-22	23:00	29850,65	30176,96	29821,5	29970,02	LONG	0,00167	5981,87	0,00451	HOLD	98,2349	138,2651
2023-06-23	00:00	29970,01	30187,27	29887,38	30145,29	LONG	0,00167	5981,87	0,00451	HOLD	98,2349	138,5578
2023-06-23	01:00	30145,3	30167,08	29964,76	30133,99	LONG	0,00167	5981,87	0,00451	HOLD	98,2349	138,5389
2023-06-23	02:00	30133,99	30234,83	30044,1	30213,11	LONG	0,00167	5981,87	0,00451	HOLD	98,2349	138,671
2023-06-23	03:00	30213,11	30256,76	30081,5	30152,07	LONG	0,00167	5981,87	0,00451	HOLD	98,2349	138,5691
2023-06-23	04:00	30152,08	30164,17	29961,03	30054,07	LONG	0,00167	5981,87	0,00451	HOLD	98,2349	138,4054
2023-06-23	05:00	30054,06	30084,72	29880	29927,77	LONG	0,00167	5981,87	0,00451	HOLD	98,2349	138,1945
2023-06-23	06:00	29927,78	29998	29884,91	29884,92	LONG	0,00167	5981,87	0,00451	HOLD	98,2349	138,123
2023-06-23	07:00	29884,92	30054	29875,92	30010	LONG	0,00167	5981,87	0,00451	HOLD	98,2349	138,3318
2023-06-23	08:00	30010,01	30045,45	29926,26	29933,53	LONG	0,00167	5981,87	0,00451	HOLD	98,2349	138,2041
2023-06-23	09:00	29933,52	29984,91	29800	29984,91	LONG	0,00167	5981,87	0,00451	HOLD	98,2349	138,2899
2023-06-23	10:00	29984,91	30025,9	29975,73	30007,96	LONG	0,00167	5981,87	0,00451	HOLD	98,2349	138,3284
2023-06-23	11:00	30007,97	30082,25	29987,54	30002	LONG	0,00167	5981,87	0,00451	HOLD	98,2349	138,3185
2023-06-23	12:00	30002	30073,85	29987,05	30042	LONG	0,00167	5981,87	0,00451	HOLD	98,2349	138,3853
