2022-11-27	04:00	16500,95	16549,66	16495,61	16516,25	LONG	0,00167	5981,87	0,00451	HOLD	98,2349	115,7973
2022-11-27	05:00	16516,25	16520	16385	16425,29	LONG	0,00167	5981,87	0,00451	HOLD	98,2349	115,6454
2022-11-27	06:00	16425,29	16483,69	16416,2	16458,57	LONG	0,00167	5981,87	0,00451	HOLD	98,2349	115,701
2022-11-27	07:00	16457,61	16503,91	16446,59	16462,67	LONG	0,00167	5981,87	0,00451	HOLD	98,2349	115,7078
2022-11-27	08:00	16462,67	16510,37	16461,13	16485,56	LONG	0,00167	5981,87	0,00451	HOLD	98,2349	115,746
2022-11-27	09:00	16484,95	16536,86	16482,01	16528,2	LONG	0,00167	5981,87	0,00451	HOLD	98,2349	115,8172
2022-11-27	10:00	16528,48	16575,31	16517,08	16527,22	LONG	0,00167	5981,87	0,00451	HOLD	98,2349	115,8156
2022-11-27	11:00	16527,22	16600	16522,23	16565,7	LONG	0,00167	5981,87	0,00451	HOLD	98,2349	115,8799
2022-11-27	12:00	16565,7	16580	16531,11	16537,01	LONG	0,00167	5981,87	0,00451	HOLD	98,2349	115,8319
2022-11-27	13:00	16537,01	16594,97	16536,43	16554,51	LONG	0,00167	5981,87	0,00451	HOLD	98,2349	115,8612
2022-11-27	14:00	16554,52	16572	16548,04	16562,98	LONG	0,00167	5981,87	0,00451	HOLD	98,2349	115,8753
2022-11-27	15:00	16562,98	16583,43	16522,14	16531,75	LONG	0,00167	5981,87	0,00451	HOLD	98,2349	115,8232
2022-11-27	16:00	16531,75	16547,72	16514,01	16522,92	LONG	0,00167	5981,87	0,00451	HOLD	98,2349	115,8084
2022-11-27	17:00	16522,97	16593,91	16513	16541,82	LONG	0,00167	5981,87	0,00451	HOLD	98,2349	115,84
2022-11-27	18:00	16541,82	16562,98	16527,57	16550,91	LONG	0,00167	5981,87	0,00451	HOLD	98,2349	115,8552
2022-11-27	19:00	16550,57	16578,66	16537,48	16559,55	LONG	0,00167	5981,87	0,00451	HOLD	98,2349	115,8696
2022-11-27	20:00	16559,86	16565,3	16524	16539,51	LONG	0,00167	5981,87	0,00451	HOLD	98,2349	115,8361
2022-11-27	21:00	16539,51	16557,05	16520	16539,48	LONG	0,00167	5981,87	0,00451	HOLD	98,2349	115,8361
2022-11-27	22:00	16539,48	16586,74	16520,26	16574,28	LONG	0,00167	5981,87	0,00451	HOLD	98,2349	115,8942
2022-11-27	23:00	16573,76	16581,6	16533,53	16537,55	LONG	0,00167	5981,87	0,00451	HOLD	98,2349	115,8329
2022-11-28	00:00	16537,55	16548,31	16520,88	16534,2	LONG	0,00167	5981,87	0,00451	HOLD	98,2349	115,8273
2022-11-28	01:00	16534,2	16567,23	16532	16564,77	LONG	0,00167	5981,87	0,00451	HOLD	98,2349	115,8783
2022-11-28	02:00	16564,77	16567,63	16531,75	16555,39	LONG	0,00167	5981,87	0,00451	HOLD	98,2349	115,8626
2022-11-28	03:00	16555,39	16573,6	16546,83	16558,87	LONG	0,00167	5981,87	0,00451	HOLD	98,2349	115,8685
2022-11-28	04:00	16558,87	16595	16555,41	16578,17	LONG	0,00167	5981,87	0,00451	HOLD	98,2349	115,9007
2022-11-28	05:00	16578,17	16597,36	16559,02	16573,03	LONG	0,00167	5981,87	0,00451	HOLD	98,2349	115,8921
2022-11-28	06:00	16573,03	16575,4	16401	16428,78	LONG	0,00167	5981,87	0,00451	HOLD	98,2349	115,6512
2022-11-28	07:00	16428,77	16487,04	16417	16446,79	LONG	0,00167	5981,87	0,00451	HOLD	98,2349	115,6813
2022-11-28	08:00	16446,79	16470	16090	16144,12	LONG	0,00167	5981,87	0,00451	HOLD	98,2349	115,1758
2022-11-28	09:00	16143,4	16191,58	16051,9	16117,63	LONG	0,00167	5981,87	0,00451	HOLD	98,2349	115,1316
2022-11-28	10:00	16118,22	16206,59	16104,62	16178,22	LONG	0,00167	5981,87	0,00451	HOLD	98,2349	115,2328
2022-11-28	11:00	16177,49	16246,98	16167,71	16209,96	LONG	0,00167	5981,87	0,00451	HOLD	98,2349	115,2858
2022-11-28	12:00	16210,3	16226,96	16146,04	16159,31	LONG	0,00167	5981,87	0,00451	HOLD	98,2349	115,2012
2022-11-28	13:00	16158,82	16217,71	16136	16212,45	LONG	0,00167	5981,87	0,00451	HOLD	98,2349	115,2899
2022-11-28	14:00	16213,36	16235,2	16190,24	16222,06	LONG	0,00167	5981,87	0,00451	HOLD	98,2349	115,306
2022-11-28	15:00	16224,14	16270,59	16193,08	16235,26	LONG	0,00167	5981,87	0,00451	HOLD	98,2349	115,328
2022-11-28	16:00	16235,26	16248	16187,01	16218,07	LONG	0,00167	5981,87	0,00451	HOLD	98,2349	115,2993
2022-11-28	17:00	16218,07	16225,62	16178,24	16196,75	LONG	0,00167	5981,87	0,00451	HOLD	98,2349	115,2637
2022-11-28	18:00	16197,21	16230,77	16190,97	16213,29	LONG	0,00167	5981,87	0,00451	HOLD	98,2349	115,2913
2022-11-28	19:00	16213,29	16239,31	16162,04	16185,77	LONG	0,00167	5981,87	0,00451	HOLD	98,2349	115,2454
2022-11-28	20:00	16185,77	16213,48	16150,35	16179,27	LONG	0,00167	5981,87	0,00451	HOLD	98,2349	115,2345
2022-11-28	21:00	16179,46	16310,43	16170,22	16216,4	LONG	0,00167	5981,87	0,00451	HOLD	98,2349	115,2965
2022-11-28	22:00	16216,47	16238,05	16120,38	16146,26	LONG	0,00167	5981,87	0,00451	HOLD	98,2349	115,1794
2022-11-28	23:00	16146,26	16399,69	15995,27	16311,56	LONG	0,00167	5981,87	0,00451	HOLD	98,2349	115,4554
2022-11-29	00:00	16310,53	16388,99	16192,55	16207,12	LONG	0,00167	5981,87	0,00451	HOLD	98,2349	115,281
2022-11-29	01:00	16207,12	16232,83	16145	16158,71	LONG	0,00167	5981,87	0,00451	HOLD	98,2349	115,2002
2022-11-29	02:00	16159,59	16257,85	16150	16224,75	LONG	0,00167	5981,87	0,00451	HOLD	98,2349	115,3105
2022-11-29	03:00	16225,53	16271,09	16211,26	16256,33	LONG	0,00167	5981,87	0,00451	HOLD	98,2349	115,3632
2022-11-29	04:00	16256,33	16262,77	16186	16199,59	LONG	0,00167	5981,87	0,00451	HOLD	98,2349	115,2685
2022-11-29	05:00	16200,56	16235,21	16195,72	16220,76	LONG	0,00167	5981,87	0,00451	HOLD	98,2349	115,3038
2022-11-29	06:00	16220,36	16245,92	16195,63	16212,91	LONG	0,00167	5981,87	0,00451	HOLD	98,2349	115,2907
2022-11-29	07:00	16212,18	16224,83	16100	16179,02	LONG	0,00167	5981,87	0,00451	HOLD	98,2349	115,2341
2022-11-29	08:00	16178,74	16309,03	16171,17	16250,77	LONG	0,00167	5981,87	0,00451	HOLD	98,2349	115,3539
2022-11-29	09:00	16250,77	16306,13	16246,86	16265,83	LONG	0,00167	5981,87	0,00451	HOLD	98,2349	115,3791
2022-11-29	10:00	16265,83	16305	16259,51	16287,66	LONG	0,00167	5981,87	0,00451	HOLD	98,2349	115,4155
2022-11-29	11:00	16287,53	16491,99	16278,9	16432,98	LONG	0,00167	5981,87	0,00451	HOLD	98,2349	115,6582
2022-11-29	12:00	16432,22	16541,59	16432,19	16484,85	LONG	0,00167	5981,87	0,00451	HOLD	98,2349	115,7448
2022-11-29	13:00	16484,85	16515,37	16450,23	16462,91	LONG	0,00167	5981,87	0,00451	HOLD	98,2349	115,7082
2022-11-29	14:00	16462,91	16506,47	16458,95	16463,31	LONG	0,00167	5981,87	0,00451	HOLD	98,2349	115,7089
2022-11-29	15:00	16463,95	16548,71	16430	16498,61	LONG	0,00167	5981,87	0,00451	HOLD	98,2349	115,7678
2022-11-29	16:00	16498,03	16527,51	16480,59	16516,64	LONG	0,00167	5981,87	0,00451	HOLD	98,2349	115,7979
2022-11-29	17:00	16516,64	16534,18	16484,77	16504,35	LONG	0,00167	5981,87	0,00451	HOLD	98,2349	115,7774
2022-11-29	18:00	16505,01	16541,86	16488,47	16497,64	LONG	0,00167	5981,87	0,00451	HOLD	98,2349	115,7662
2022-11-29	19:00	16496,73	16508,04	16468,08	16486,66	LONG	0,00167	5981,87	0,00451	HOLD	98,2349	115,7479
2022-11-29	20:00	16486,67	16489	16380,89	16412,54	LONG	0,00167	5981,87	0,00451	HOLD	98,2349	115,6241
2022-11-29	21:00	16412,54	16463	16328,84	16361,78	LONG	0,00167	5981,87	0,00451	HOLD	98,2349	115,5393
2022-11-29	22:00	16362,64	16457,3	16343,47	16393,48	LONG	0,00167	5981,87	0,00451	HOLD	98,2349	115,5923
2022-11-29	23:00	16394,34	16429,28	16342,59	16410,67	LONG	0,00167	5981,87	0,00451	HOLD	98,2349	115,621
2022-11-30	00:00	16410,67	16427,59	16358,87	16379,72	LONG	0,00167	5981,87	0,00451	HOLD	98,2349	115,5693
2022-11-30	01:00	16379,72	16438,99	16357,19	16419,68	LONG	0,00167	5981,87	0,00451	HOLD	98,2349	115,636
2022-11-30	02:00	16419,68	16479,84	16417,54	16426,56	LONG	0,00167	5981,87	0,00451	HOLD	98,2349	115,6475
2022-11-30	03:00	16426,56	16512,39	16423,19	16496,48	LONG	0,00167	5981,87	0,00451	HOLD	98,2349	115,7643
2022-11-30	04:00	16495,74	16499,99	16453,12	16465,95	LONG	0,00167	5981,87	0,00451	HOLD	98,2349	115,7133
2022-11-30	05:00	16465,36	16500,39	16452,39	16495,59	LONG	0,00167	5981,87	0,00451	HOLD	98,2349	115,7628
2022-11-30	06:00	16494,61	16526,91	16426,24	16442,53	LONG	0,00167	5981,87	0,00451	HOLD	98,2349	115,6742
2022-11-30	07:00	16442,91	16899,1	16428,3	16845,72	LONG	0,00167	5981,87	0,00451	HOLD	98,2349	116,3475
2022-11-30	08:00	16846,85	16950,82	16825,16	16880,19	LONG	0,00167	5981,87	0,00451	HOLD	98,2349	116,4051
2022-11-30	09:00	16879,22	17162,2	16879	16961,35	LONG	0,00167	5981,87	0,00451	HOLD	98,2349	116,5406
2022-11-30	10:00	16961,35	16979,23	16840,02	16845,25	LONG	0,00167	5981,87	0,00451	HOLD	98,2349	116,3467
2022-11-30	11:00	16845,25	16891,02	16794,16	16879,53	LONG	0,00167	5981,87	0,00451	HOLD	98,2349	116,404
2022-11-30	12:00	16879,53	16914,58	16861,39	16864,1	LONG	0,00167	5981,87	0,00451	HOLD	98,2349	116,3782
2022-11-30	13:00	16863,45	16870,77	16830,38	16860,61	LONG	0,00167	5981,87	0,00451	HOLD	98,2349	116,3724
2022-11-30	14:00	16860,61	16920,16	16858,9	16884,18	LONG	0,00167	5981,87	0,00451	HOLD	98,2349	116,4117
2022-11-30	15:00	16883,87	16930,66	16874,02	16890,65	LONG	0,00167	5981,87	0,00451	HOLD	98,2349	116,4225
2022-11-30	16:00	16890,65	16906	16835,75	16879,49	LONG	0,00167	5981,87	0,00451	HOLD	98,2349	116,4039
2022-11-30	17:00	16879,83	16899,56	16863,99	16865,06	LONG	0,00167	5981,87	0,00451	HOLD	98,2349	116,3798
2022-11-30	18:00	16865,49	16898,86	16864,29	16879,32	LONG	0,00167	5981,87	0,00451	HOLD	98,2349	116,4036
2022-11-30	19:00	16879,32	16888	16768,72	16777,24	LONG	0,00167	5981,87	0,00451	HOLD	98,2349	116,2331
2022-11-30	20:00	16777,24	16897	16766,68	16810,12	LONG	0,00167	5981,87	0,00451	HOLD	98,2349	116,288
2022-11-30	21:00	16810,12	16888	16805,53	16847,01	LONG	0,00167	5981,87	0,00451	HOLD	98,2349	116,3496
2022-11-30	22:00	16847,01	16870,06	16796,89	16865,64	LONG	0,00167	5981,87	0,00451	HOLD	98,2349	116,3808
2022-11-30	23:00	16865,64	16907,9	16828,55	16861,98	LONG	0,00167	5981,87	0,00451	HOLD	98,2349	116,3746
2022-12-01	00:00	16861,98	16876,52	16720,56	16789,66	LONG	0,00167	5981,87	0,00451	HOLD	98,2349	116,2539
2022-12-01	01:00	16789,66	16986	16705	16921,44	LONG	0,00167	5981,87	0,00451	HOLD	98,2349	116,4739
2022-12-01	02:00	16920,45	17147,16	16917,3	17062,85	LONG	0,00167	5981,87	0,00451	HOLD	98,2349	116,7101
2022-12-01	03:00	17061,14	17103,52	17030,21	17097,19	LONG	0,00167	5981,87	0,00451	HOLD	98,2349	116,7674
2022-12-01	04:00	17098,37	17111,7	17028,37	17106,65	LONG	0,00167	5981,87	0,00451	HOLD	98,2349	116,7832
2022-12-01	05:00	17106,64	17249	17069,04	17148,29	LONG	0,00167	5981,87	0,00451	HOLD	98,2349	116,8528
2022-12-01	06:00	17148,29	17227,23	17109,98	17163,64	LONG	0,00167	5981,87	0,00451	HOLD	98,2349	116,8784
2022-12-01	07:00	17165,53	17236,29	17122,65	17161,55	LONG	0,00167	5981,87	0,00451	HOLD	98,2349	116,8749
2022-12-01	08:00	17161,55	17170,32	17105,37	17117,13	LONG	0,00167	5981,87	0,00451	HOLD	98,2349	116,8007
2022-12-01	09:00	17117,13	17142,99	17088,01	17123,98	LONG	0,00167	5981,87	0,00451	HOLD	98,2349	116,8122
2022-12-01	10:00	17124,53	17169,73	17122,18	17150,98	LONG	0,00167	5981,87	0,00451	HOLD	98,2349	116,8573
2022-12-01	11:00	17150,98	17168	17129,27	17142,23	LONG	0,00167	5981,87	0,00451	HOLD	98,2349	116,8427
2022-12-01	12:00	17142,23	17151,75	17059,58	17110,11	LONG	0,00167	5981,87	0,00451	HOLD	98,2349	116,789
2022-12-01	13:00	17110,95	17130	17084,49	17120,89	LONG	0,00167	5981,87	0,00451	HOLD	98,2349	116,807
2022-12-01	14:00	17120,35	17124,67	17064,11	17070,21	LONG	0,00167	5981,87	0,00451	HOLD	98,2349	116,7224
2022-12-01	15:00	17070,21	17137,75	17058,51	17110,79	LONG	0,00167	5981,87	0,00451	HOLD	98,2349	116,7902
2022-12-01	16:00	17110,79	17119,25	17086,01	17111,7	LONG	0,00167	5981,87	0,00451	HOLD	98,2349	116,7917
2022-12-01	17:00	17111,4	17113,98	17086,01	17096,31	LONG	0,00167	5981,87	0,00451	HOLD	98,2349	116,766
2022-12-01	18:00	17096,31	17107,74	17042,37	17102,47	LONG	0,00167	5981,87	0,00451	HOLD	98,2349	116,7763
2022-12-01	19:00	17102,47	17156,33	17100	17136,27	LONG	0,00167	5981,87	0,00451	HOLD	98,2349	116,8327
2022-12-01	20:00	17136,27	17324	16974,44	17088,86	LONG	0,00167	5981,87	0,00451	HOLD	98,2349	116,7535
2022-12-01	21:00	17089,84	17143,78	17027,66	17104,27	LONG	0,00167	5981,87	0,00451	HOLD	98,2349	116,7793
2022-12-01	22:00	17104,27	17145,58	16895,02	16977,67	LONG	0,00167	5981,87	0,00451	HOLD	98,2349	116,5679
2022-12-01	23:00	16977,6	17000	16919,4	16981,76	LONG	0,00167	5981,87	0,00451	HOLD	98,2349	116,5747
2022-12-02	00:00	16981,76	16990	16928,2	16967,67	LONG	0,00167	5981,87	0,00451	HOLD	98,2349	116,5512
2022-12-02	01:00	16967,67	16976,33	16908,05	16931,04	LONG	0,00167	5981,87	0,00451	HOLD	98,2349	116,49
2022-12-02	02:00	16931,74	16961,32	16897,15	16951,8	LONG	0,00167	5981,87	0,00451	HOLD	98,2349	116,5246
2022-12-02	03:00	16952,49	16967,79	16909,11	16916,12	LONG	0,00167	5981,87	0,00451	HOLD	98,2349	116,4651
2022-12-02	04:00	16917,05	16939,27	16855,01	16924,08	LONG	0,00167	5981,87	0,00451	HOLD	98,2349	116,4784
2022-12-02	05:00	16924,08	16987,29	16917,42	16965,24	LONG	0,00167	5981,87	0,00451	HOLD	98,2349	116,5471
2022-12-02	06:00	16965,9	16980,24	16940,83	16977,37	LONG	0,00167	5981,87	0,00451	HOLD	98,2349	116,5674
2022-12-02	07:00	16978	17046,45	16951,46	17037,82	LONG	0,00167	5981,87	0,00451	HOLD	98,2349	116,6683
2022-12-02	08:00	17037,82	17048,99	16869,57	16925,79	LONG	0,00167	5981,87	0,00451	HOLD	98,2349	116,4812
2022-12-02	09:00	16925,25	16942,22	16857,89	16920,59	LONG	0,00167	5981,87	0,00451	HOLD	98,2349	116,4725
2022-12-02	10:00	16920,59	16930,35	16890,05	16902,03	LONG	0,00167	5981,87	0,00451	HOLD	98,2349	116,4415
2022-12-02	11:00	16902,03	16934,1	16879,08	16927,78	LONG	0,00167	5981,87	0,00451	HOLD	98,2349	116,4845
2022-12-02	12:00	16927,78	16944,84	16922,73	16934,84	LONG	0,00167	5981,87	0,00451	HOLD	98,2349	116,4963
2022-12-02	13:00	16935,46	16953,55	16907,21	16910,53	LONG	0,00167	5981,87	0,00451	HOLD	98,2349	116,4557
2022-12-02	14:00	16910,82	16973,72	16906,99	16955,82	LONG	0,00167	5981,87	0,00451	HOLD	98,2349	116,5314
2022-12-02	15:00	16955,42	16972	16936,15	16964,56	LONG	0,00167	5981,87	0,00451	HOLD	98,2349	116,546
2022-12-02	16:00	16964,56	16989,57	16956	16962,17	LONG	0,00167	5981,87	0,00451	HOLD	98,2349	116,542
2022-12-02	17:00	16962,17	16976,15	16946,13	16969,21	LONG	0,00167	5981,87	0,00451	HOLD	98,2349	116,5537
2022-12-02	18:00	16969,21	17065	16954,45	16996,92	LONG	0,00167	5981,87	0,00451	HOLD	98,2349	116,6
2022-12-02	19:00	16996,92	17047,28	16985,79	17031,5	LONG	0,00167	5981,87	0,00451	HOLD	98,2349	116,6577
2022-12-02	20:00	17031,5	17105,73	16787,85	16889,18	LONG	0,00167	5981,87	0,00451	HOLD	98,2349	116,4201
2022-12-02	21:00	16889,18	16989,23	16853,52	16909,54	LONG	0,00167	5981,87	0,00451	HOLD	98,2349	116,4541
2022-12-02	22:00	16909,01	16979,87	16892,59	16938,94	LONG	0,00167	5981,87	0,00451	HOLD	98,2349	116,5032
2022-12-02	23:00	16938,94	16948,75	16902,1	16936,51	LONG	0,00167	5981,87	0,00451	HOLD	98,2349	116,4991
2022-12-03	00:00	16936,75	16973,43	16930,21	16936,33	LONG	0,00167	5981,87	0,00451	HOLD	98,2349	116,4988
2022-12-03	01:00	16935,68	16967,55	16933,08	16953,93	LONG	0,00167	5981,87	0,00451	HOLD	98,2349	116,5282
2022-12-03	02:00	16954,63	16997,19	16930,03	16987,01	LONG	0,00167	5981,87	0,00451	HOLD	98,2349	116,5834
2022-12-03	03:00	16987,01	17057,42	16977,49	17029,59	LONG	0,00167	5981,87	0,00451	HOLD	98,2349	116,6546
2022-12-03	04:00	17029,59	17050,64	16994,59	17012,38	LONG	0,00167	5981,87	0,00451	HOLD	98,2349	116,6258
2022-12-03	05:00	17012,38	17079	17010,14	17041,94	LONG	0,00167	5981,87	0,00451	HOLD	98,2349	116,6752
2022-12-03	06:00	17041,26	17099	17041,18	17092,74	LONG	0,00167	5981,87	0,00451	HOLD	98,2349	116,76
2022-12-03	07:00	17092,13	17188,98	17038	17047,93	LONG	0,00167	5981,87	0,00451	HOLD	98,2349	116,6852
2022-12-03	08:00	17047,93	17056,25	17012,34	17051,11	LONG	0,00167	5981,87	0,00451	HOLD	98,2349	116,6905
2022-12-03	09:00	17051,11	17058,95	17012,65	17028,46	LONG	0,00167	5981,87	0,00451	HOLD	98,2349	116,6527
2022-12-03	10:00	17028,46	17032,52	17011	17020,89	LONG	0,00167	5981,87	0,00451	HOLD	98,2349	116,64
2022-12-03	11:00	17021,16	17036,24	17008,41	17015,45	LONG	0,00167	5981,87	0,00451	HOLD	98,2349	116,6309
2022-12-03	12:00	17015,45	17026,47	17011	17016,31	LONG	0,00167	5981,87	0,00451	HOLD	98,2349	116,6324
2022-12-03	13:00	17016,31	17018,49	16943,73	16976,72	LONG	0,00167	5981,87	0,00451	HOLD	98,2349	116,5663
2022-12-03	14:00	16976,11	16984,33	16925,55	16964,51	LONG	0,00167	5981,87	0,00451	HOLD	98,2349	116,5459
2022-12-03	15:00	16964,51	16967,38	16918	16947,09	LONG	0,00167	5981,87	0,00451	HOLD	98,2349	116,5168
2022-12-03	16:00	16947,09	16987	16929,81	16979,13	LONG	0,00167	5981,87	0,00451	HOLD	98,2349	116,5703
2022-12-03	17:00	16979,13	16984,5	16951,47	16963,51	LONG	0,00167	5981,87	0,00451	HOLD	98,2349	116,5442
2022-12-03	18:00	16963,51	16965,66	16880,88	16943,43	LONG	0,00167	5981,87	0,00451	HOLD	98,2349	116,5107
2022-12-03	19:00	16943,43	16968,99	16930,42	16965,71	LONG	0,00167	5981,87	0,00451	HOLD	98,2349	116,5479
2022-12-03	20:00	16966,19	16966,64	16942,56	16952,53	LONG	0,00167	5981,87	0,00451	HOLD	98,2349	116,5259
2022-12-03	21:00	16953,24	16955,31	16921,07	16947,15	LONG	0,00167	5981,87	0,00451	HOLD	98,2349	116,5169
2022-12-03	22:00	16947,15	16983,77	16940,54	16961,49	LONG	0,00167	5981,87	0,00451	HOLD	98,2349	116,5408
2022-12-03	23:00	16961,04	16967,54	16945,01	16954,6	LONG	0,00167	5981,87	0,00451	HOLD	98,2349	116,5293
2022-12-04	00:00	16954,6	16982,01	16938,88	16971,08	LONG	0,00167	5981,87	0,00451	HOLD	98,2349	116,5568
2022-12-04	01:00	16971,08	16983,65	16950,52	16969,45	LONG	0,00167	5981,87	0,00451	HOLD	98,2349	116,5541
2022-12-04	02:00	16969,36	16972,93	16937,84	16953,4	LONG	0,00167	5981,87	0,00451	HOLD	98,2349	116,5273
2022-12-04	03:00	16953,88	16959,61	16911,94	16934,23	LONG	0,00167	5981,87	0,00451	HOLD	98,2349	116,4953
2022-12-04	04:00	16934,16	16952,12	16875	16947,76	LONG	0,00167	5981,87	0,00451	HOLD	98,2349	116,5179
2022-12-04	05:00	16947,76	16952,36	16858,74	16901,27	LONG	0,00167	5981,87	0,00451	HOLD	98,2349	116,4403
2022-12-04	06:00	16901,27	16917,01	16870,69	16885,2	LONG	0,00167	5981,87	0,00451	HOLD	98,2349	116,4134
2022-12-04	07:00	16885,2	16967,53	16878,25	16948,14	LONG	0,00167	5981,87	0,00451	HOLD	98,2349	116,5185
2022-12-04	08:00	16948,56	17049,45	16935	16967,26	LONG	0,00167	5981,87	0,00451	HOLD	98,2349	116,5505
2022-12-04	09:00	16967,26	16986,85	16945,61	16973,96	LONG	0,00167	5981,87	0,00451	HOLD	98,2349	116,5617
2022-12-04	10:00	16973,7	16979,28	16948	16959,64	LONG	0,00167	5981,87	0,00451	HOLD	98,2349	116,5377
2022-12-04	11:00	16959,64	17020,9	16958,15	17007,7	LONG	0,00167	5981,87	0,00451	HOLD	98,2349	116,618
2022-12-04	12:00	17007,7	17068	17000,11	17015,09	LONG	0,00167	5981,87	0,00451	HOLD	98,2349	116,6303
2022-12-04	13:00	17015,68	17047	16993	16999,02	LONG	0,00167	5981,87	0,00451	HOLD	98,2349	116,6035
2022-12-04	14:00	16999,02	17016,22	16989	16996,39	LONG	0,00167	5981,87	0,00451	HOLD	98,2349	116,5991
2022-12-04	15:00	16996,39	17050	16976,05	17012,1	LONG	0,00167	5981,87	0,00451	HOLD	98,2349	116,6253
2022-12-04	16:00	17012,1	17033,77	17000	17000,65	LONG	0,00167	5981,87	0,00451	HOLD	98,2349	116,6062
2022-12-04	17:00	17000,17	17008,99	16991,54	17001,95	LONG	0,00167	5981,87	0,00451	HOLD	98,2349	116,6084
2022-12-04	18:00	17001,43	17006,23	16905,01	16948,64	LONG	0,00167	5981,87	0,00451	HOLD	98,2349	116,5194
2022-12-04	19:00	16948,64	16962,89	16926,54	16956,92	LONG	0,00167	5981,87	0,00451	HOLD	98,2349	116,5332
2022-12-04	20:00	16957,33	16959	16915	16946,81	LONG	0,00167	5981,87	0,00451	HOLD	98,2349	116,5163
2022-12-04	21:00	16946,66	17014,18	16930,89	17006,96	LONG	0,00167	5981,87	0,00451	HOLD	98,2349	116,6168
2022-12-04	22:00	17007,72	17067,45	17006,99	17029,88	LONG	0,00167	5981,87	0,00451	HOLD	98,2349	116,655
2022-12-04	23:00	17029,88	17100	17003,79	17016,6	LONG	0,00167	5981,87	0,00451	HOLD	98,2349	116,6329
2022-12-05	00:00	17016,6	17058,64	16972,36	17052,24	LONG	0,00167	5981,87	0,00451	HOLD	98,2349	116,6924
2022-12-05	01:00	17052,21	17159	17034,73	17064,6	LONG	0,00167	5981,87	0,00451	HOLD	98,2349	116,713
2022-12-05	02:00	17064,61	17104,96	17047,41	17085,53	LONG	0,00167	5981,87	0,00451	HOLD	98,2349	116,748
2022-12-05	03:00	17085,53	17127,88	17069,01	17091,76	LONG	0,00167	5981,87	0,00451	HOLD	98,2349	116,7584
2022-12-05	04:00	17091,18	17120	17072,38	17110,25	LONG	0,00167	5981,87	0,00451	HOLD	98,2349	116,7893
2022-12-05	05:00	17110,25	17133,4	17075,55	17103,53	LONG	0,00167	5981,87	0,00451	HOLD	98,2349	116,778
2022-12-05	06:00	17103,29	17202,84	17080	17105,7	LONG	0,00167	5981,87	0,00451	HOLD	98,2349	116,7817
2022-12-05	07:00	17106,65	17268,38	17076,85	17216,15	LONG	0,00167	5981,87	0,00451	HOLD	98,2349	116,9661
2022-12-05	08:00	17216,15	17300	17196,19	17268,49	LONG	0,00167	5981,87	0,00451	HOLD	98,2349	117,0535
2022-12-05	09:00	17269,05	17349,99	17234,04	17245,12	LONG	0,00167	5981,87	0,00451	HOLD	98,2349	117,0145
2022-12-05	10:00	17245,12	17277,96	17185,78	17196,88	LONG	0,00167	5981,87	0,00451	HOLD	98,2349	116,9339
2022-12-05	11:00	17197,22	17424,25	17191,74	17354,32	LONG	0,00167	5981,87	0,00451	HOLD	98,2349	117,1969
2022-12-05	12:00	17354,32	17407,38	17303,02	17340,42	LONG	0,00167	5981,87	0,00451	HOLD	98,2349	117,1736
2022-12-05	13:00	17340,42	17347	17284,19	17308,88	LONG	0,00167	5981,87	0,00451	HOLD	98,2349	117,121
2022-12-05	14:00	17308,28	17364,68	17293,87	17313,93	LONG	0,00167	5981,87	0,00451	HOLD	98,2349	117,1294
2022-12-05	15:00	17313,34	17386	17300	17359,53	LONG	0,00167	5981,87	0,00451	HOLD	98,2349	117,2056
2022-12-05	16:00	17359,21	17363,2	17281,42	17303,76	LONG	0,00167	5981,87	0,00451	HOLD	98,2349	117,1124
2022-12-05	17:00	17303,76	17327,83	17282,2	17299,28	LONG	0,00167	5981,87	0,00451	HOLD	98,2349	117,1049
2022-12-05	18:00	17298,85	17315	17282,95	17310,51	LONG	0,00167	5981,87	0,00451	HOLD	98,2349	117,1237
2022-12-05	19:00	17310,08	17313,48	17230,01	17254,05	LONG	0,00167	5981,87	0,00451	HOLD	98,2349	117,0294
2022-12-05	20:00	17254,63	17285,57	17211	17232,41	LONG	0,00167	5981,87	0,00451	HOLD	98,2349	116,9933
2022-12-05	21:00	17232,4	17238,76	17171,45	17206,82	LONG	0,00167	5981,87	0,00451	HOLD	98,2349	116,9505
2022-12-05	22:00	17206,82	17207,27	17015,32	17083,92	LONG	0,00167	5981,87	0,00451	HOLD	98,2349	116,7453
2022-12-05	23:00	17083,92	17106,14	16980,28	17043,22	LONG	0,00167	5981,87	0,00451	HOLD	98,2349	116,6773
2022-12-06	00:00	17043,22	17087,84	16999,84	17055,01	LONG	0,00167	5981,87	0,00451	HOLD	98,2349	116,697
2022-12-06	01:00	17055,01	17129,72	17035,99	17048,07	LONG	0,00167	5981,87	0,00451	HOLD	98,2349	116,6854
2022-12-06	02:00	17048,98	17061,41	16867	16926,65	LONG	0,00167	5981,87	0,00451	HOLD	98,2349	116,4826
2022-12-06	03:00	16926,65	16951,4	16899,09	16938,55	LONG	0,00167	5981,87	0,00451	HOLD	98,2349	116,5025
2022-12-06	04:00	16938,55	16979,01	16931	16973,42	LONG	0,00167	5981,87	0,00451	HOLD	98,2349	116,5608
2022-12-06	05:00	16973,93	16975	16930	16944	LONG	0,00167	5981,87	0,00451	HOLD	98,2349	116,5116
2022-12-06	06:00	16944	16989,59	16917,35	16966,35	LONG	0,00167	5981,87	0,00451	HOLD	98,2349	116,5489
2022-12-06	07:00	16966,35	17050,61	16965,98	17043,86	LONG	0,00167	5981,87	0,00451	HOLD	98,2349	116,6784
2022-12-06	08:00	17044,26	17102,97	17025,46	17031,22	LONG	0,00167	5981,87	0,00451	HOLD	98,2349	116,6573
2022-12-06	09:00	17031,68	17083,37	17010,01	17033,74	LONG	0,00167	5981,87	0,00451	HOLD	98,2349	116,6615
2022-12-06	10:00	17034,34	17059,35	16996,51	17003,88	LONG	0,00167	5981,87	0,00451	HOLD	98,2349	116,6116
2022-12-06	11:00	17003,84	17015,59	16966,34	17003,9	LONG	0,00167	5981,87	0,00451	HOLD	98,2349	116,6117
2022-12-06	12:00	17003,33	17009,13	16962,18	16976,06	LONG	0,00167	5981,87	0,00451	HOLD	98,2349	116,5652
2022-12-06	13:00	16976,21	17023,41	16955,13	17001,51	LONG	0,00167	5981,87	0,00451	HOLD	98,2349	116,6077
2022-12-06	14:00	17001,51	17019,46	16988,2	17001,17	LONG	0,00167	5981,87	0,00451	HOLD	98,2349	116,6071
2022-12-06	15:00	17001,17	17041,96	16970,03	17034,17	LONG	0,00167	5981,87	0,00451	HOLD	98,2349	116,6622
2022-12-06	16:00	17034,31	17037,55	16972	16974,34	LONG	0,00167	5981,87	0,00451	HOLD	98,2349	116,5623
2022-12-06	17:00	16974,41	16985,64	16938,52	16966,84	LONG	0,00167	5981,87	0,00451	HOLD	98,2349	116,5498
2022-12-06	18:00	16967,47	16992,19	16906,37	16983,9	LONG	0,00167	5981,87	0,00451	HOLD	98,2349	116,5783
2022-12-06	19:00	16983,42	17022,33	16976,27	16996,9	LONG	0,00167	5981,87	0,00451	HOLD	98,2349	116,6
2022-12-06	20:00	16996,9	17032,95	16975,13	16984,94	LONG	0,00167	5981,87	0,00451	HOLD	98,2349	116,58
2022-12-06	21:00	16984,94	17018,67	16958	16972,26	LONG	0,00167	5981,87	0,00451	HOLD	98,2349	116,5588
2022-12-06	22:00	16972,26	17024,67	16930	16985,27	LONG	0,00167	5981,87	0,00451	HOLD	98,2349	116,5805
2022-12-06	23:00	16985,27	17021,56	16965,64	16986,4	LONG	0,00167	5981,87	0,00451	HOLD	98,2349	116,5824
2022-12-07	00:00	16986,91	17006,44	16944,77	16959,77	LONG	0,00167	5981,87	0,00451	HOLD	98,2349	116,538
2022-12-07	01:00	16959,77	16998,42	16912,24	16971,71	LONG	0,00167	5981,87	0,00451	HOLD	98,2349	116,5579
2022-12-07	02:00	16972,49	16986,87	16925	16970,93	LONG	0,00167	5981,87	0,00451	HOLD	98,2349	116,5566
2022-12-07	03:00	16970,52	16997,9	16951,75	16989,6	LONG	0,00167	5981,87	0,00451	HOLD	98,2349	116,5878
2022-12-07	04:00	16988,99	17010,85	16974,73	16993,5	LONG	0,00167	5981,87	0,00451	HOLD	98,2349	116,5943
2022-12-07	05:00	16993,69	16997,99	16958,98	16973,83	LONG	0,00167	5981,87	0,00451	HOLD	98,2349	116,5614
2022-12-07	06:00	16973,83	17107,01	16972,36	17088,96	LONG	0,00167	5981,87	0,00451	HOLD	98,2349	116,7537
2022-12-07	07:00	17088,96	17142,21	17046,43	17064,79	LONG	0,00167	5981,87	0,00451	HOLD	98,2349	116,7133
2022-12-07	08:00	17065,32	17073,73	17018,94	17041,01	LONG	0,00167	5981,87	0,00451	HOLD	98,2349	116,6736
2022-12-07	09:00	17041	17067,64	17032,86	17055,11	LONG	0,00167	5981,87	0,00451	HOLD	98,2349	116,6972
2022-12-07	10:00	17055,11	17055,54	17020,02	17025,03	LONG	0,00167	5981,87	0,00451	HOLD	98,2349	116,6469
2022-12-07	11:00	17024,97	17043,76	17012,79	17040,56	LONG	0,00167	5981,87	0,00451	HOLD	98,2349	116,6729
2022-12-07	12:00	17040,56	17046,48	16973,26	17004,51	LONG	0,00167	5981,87	0,00451	HOLD	98,2349	116,6127
2022-12-07	13:00	17004,2	17006,58	16932,84	16956,03	LONG	0,00167	5981,87	0,00451	HOLD	98,2349	116,5317
2022-12-07	14:00	16956,03	16959,54	16729,35	16763,03	LONG	0,00167	5981,87	0,00451	HOLD	98,2349	116,2094
2022-12-07	15:00	16763,03	16816	16678,83	16793,36	LONG	0,00167	5981,87	0,00451	HOLD	98,2349	116,2601
2022-12-07	16:00	16792,46	16836,69	16788,24	16834,76	LONG	0,00167	5981,87	0,00451	HOLD	98,2349	116,3292
2022-12-07	17:00	16834,76	16835,38	16787,4	16825,53	LONG	0,00167	5981,87	0,00451	HOLD	98,2349	116,3138
2022-12-07	18:00	16826,09	16832,85	16780,33	16793,29	LONG	0,00167	5981,87	0,00451	HOLD	98,2349	116,2599
2022-12-07	19:00	16793,29	16810,81	16765,12	16794,22	LONG	0,00167	5981,87	0,00451	HOLD	98,2349	116,2615
2022-12-07	20:00	16794,21	16872	16793	16855,24	LONG	0,00167	5981,87	0,00451	HOLD	98,2349	116,3634
2022-12-07	21:00	16855,24	16897,38	16821,15	16837,91	LONG	0,00167	5981,87	0,00451	HOLD	98,2349	116,3345
2022-12-07	22:00	16838,86	16858,88	16810,01	16837,48	LONG	0,00167	5981,87	0,00451	HOLD	98,2349	116,3337
2022-12-07	23:00	16837,48	16850,24	16778,21	16810,75	LONG	0,00167	5981,87	0,00451	HOLD	98,2349	116,2891
2022-12-08	00:00	16809,68	16826,47	16798,3	16805,85	LONG	0,00167	5981,87	0,00451	HOLD	98,2349	116,2809
2022-12-08	01:00	16805,99	16839,38	16783,05	16783,88	LONG	0,00167	5981,87	0,00451	HOLD	98,2349	116,2442
2022-12-08	02:00	16783,88	16832	16783,07	16815,73	LONG	0,00167	5981,87	0,00451	HOLD	98,2349	116,2974
2022-12-08	03:00	16815,13	16844,5	16801,02	16822,12	LONG	0,00167	5981,87	0,00451	HOLD	98,2349	116,3081
2022-12-08	04:00	16821,63	16834	16807,29	16828,88	LONG	0,00167	5981,87	0,00451	HOLD	98,2349	116,3194
2022-12-08	05:00	16829,53	16855	16793,7	16841,87	LONG	0,00167	5981,87	0,00451	HOLD	98,2349	116,3411
2022-12-08	06:00	16841,87	16865,81	16825	16836,64	LONG	0,00167	5981,87	0,00451	HOLD	98,2349	116,3323
2022-12-08	07:00	16836,64	16890,01	16810	16812,53	LONG	0,00167	5981,87	0,00451	HOLD	98,2349	116,2921
2022-12-08	08:00	16813,01	16847,41	16780,01	16831,68	LONG	0,00167	5981,87	0,00451	HOLD	98,2349	116,324
2022-12-08	09:00	16831,09	16883,51	16808,36	16843,46	LONG	0,00167	5981,87	0,00451	HOLD	98,2349	116,3437
2022-12-08	10:00	16843,84	16866,86	16823,79	16834,32	LONG	0,00167	5981,87	0,00451	HOLD	98,2349	116,3285
2022-12-08	11:00	16834,32	16851	16811	16816,89	LONG	0,00167	5981,87	0,00451	HOLD	98,2349	116,2993
2022-12-08	12:00	16816,89	16826,53	16801,03	16819,23	LONG	0,00167	5981,87	0,00451	HOLD	98,2349	116,3033
2022-12-08	13:00	16819,03	16819,62	16777	16804,77	LONG	0,00167	5981,87	0,00451	HOLD	98,2349	116,2791
2022-12-08	14:00	16805,18	16844,96	16800,03	16825,55	LONG	0,00167	5981,87	0,00451	HOLD	98,2349	116,3138
2022-12-08	15:00	16825,55	16839,99	16817,81	16832,77	LONG	0,00167	5981,87	0,00451	HOLD	98,2349	116,3259
2022-12-08	16:00	16832	16846,34	16793	16801,58	LONG	0,00167	5981,87	0,00451	HOLD	98,2349	116,2738
2022-12-08	17:00	16801,18	16834,66	16798,71	16822,91	LONG	0,00167	5981,87	0,00451	HOLD	98,2349	116,3094
2022-12-08	18:00	16822,91	16863,01	16733,49	16851,02	LONG	0,00167	5981,87	0,00451	HOLD	98,2349	116,3563
2022-12-08	19:00	16850,88	16879,16	16826,02	16829,14	LONG	0,00167	5981,87	0,00451	HOLD	98,2349	116,3198
2022-12-08	20:00	16829,14	16870	16802,88	16856,57	LONG	0,00167	5981,87	0,00451	HOLD	98,2349	116,3656
2022-12-08	21:00	16856,57	16939,84	16829,26	16897,41	LONG	0,00167	5981,87	0,00451	HOLD	98,2349	116,4338
2022-12-08	22:00	16897,98	16957,79	16881,26	16917,4	LONG	0,00167	5981,87	0,00451	HOLD	98,2349	116,4672
2022-12-08	23:00	16917,39	16957,88	16909,46	16947,8	LONG	0,00167	5981,87	0,00451	HOLD	98,2349	116,518
2022-12-09	00:00	16947,8	16977,36	16933,65	16966,57	LONG	0,00167	5981,87	0,00451	HOLD	98,2349	116,5493
2022-12-09	01:00	16966,57	17282,15	16958,96	17248,03	LONG	0,00167	5981,87	0,00451	HOLD	98,2349	117,0194
2022-12-09	02:00	17248,03	17299	17187	17251,62	LONG	0,00167	5981,87	0,00451	HOLD	98,2349	117,0253
2022-12-09	03:00	17251,32	17297,65	17154,94	17195,91	LONG	0,00167	5981,87	0,00451	HOLD	98,2349	116,9323
2022-12-09	04:00	17195,91	17204,78	17169,25	17180,93	LONG	0,00167	5981,87	0,00451	HOLD	98,2349	116,9073
2022-12-09	05:00	17180,93	17246,88	17176,04	17201,83	LONG	0,00167	5981,87	0,00451	HOLD	98,2349	116,9422
2022-12-09	06:00	17202,36	17279,76	17201,23	17224,1	LONG	0,00167	5981,87	0,00451	HOLD	98,2349	116,9794
2022-12-09	07:00	17224,1	17259	17186,5	17204,52	LONG	0,00167	5981,87	0,00451	HOLD	98,2349	116,9467
2022-12-09	08:00	17204,52	17300	17198,12	17234,84	LONG	0,00167	5981,87	0,00451	HOLD	98,2349	116,9973
2022-12-09	09:00	17235,43	17255,61	17204,42	17216,38	LONG	0,00167	5981,87	0,00451	HOLD	98,2349	116,9665
2022-12-09	10:00	17215,82	17234,09	17191,05	17202,66	LONG	0,00167	5981,87	0,00451	HOLD	98,2349	116,9436
2022-12-09	11:00	17202,01	17229	17188	17225,41	LONG	0,00167	5981,87	0,00451	HOLD	98,2349	116,9816
2022-12-09	12:00	17225,41	17225,41	17200,8	17218,24	LONG	0,00167	5981,87	0,00451	HOLD	98,2349	116,9696
2022-12-09	13:00	17218,24	17220	17191,41	17218	LONG	0,00167	5981,87	0,00451	HOLD	98,2349	116,9692
2022-12-09	14:00	17218	17235,85	17210,54	17211,93	LONG	0,00167	5981,87	0,00451	HOLD	98,2349	116,9591
2022-12-09	15:00	17211,65	17216	17200	17206,31	LONG	0,00167	5981,87	0,00451	HOLD	98,2349	116,9497
2022-12-09	16:00	17206,31	17263,7	17201,76	17237,4	LONG	0,00167	5981,87	0,00451	HOLD	98,2349	117,0016
2022-12-09	17:00	17238,06	17269,39	17203,12	17216,21	LONG	0,00167	5981,87	0,00451	HOLD	98,2349	116,9662
2022-12-09	18:00	17216,21	17257,28	17209,29	17241,44	LONG	0,00167	5981,87	0,00451	HOLD	98,2349	117,0083
2022-12-09	19:00	17241,16	17360	17170,85	17256,24	LONG	0,00167	5981,87	0,00451	HOLD	98,2349	117,0331
2022-12-09	20:00	17257,31	17275,22	17058,21	17150,7	LONG	0,00167	5981,87	0,00451	HOLD	98,2349	116,8568
2022-12-09	21:00	17151,55	17173,94	17079,83	17156,25	LONG	0,00167	5981,87	0,00451	HOLD	98,2349	116,8661
2022-12-09	22:00	17156,25	17199,36	17136,94	17181,5	LONG	0,00167	5981,87	0,00451	HOLD	98,2349	116,9082
2022-12-09	23:00	17181,5	17187,51	17152,07	17159,9	LONG	0,00167	5981,87	0,00451	HOLD	98,2349	116,8722
2022-12-10	00:00	17159,12	17171,38	17150,61	17164,34	LONG	0,00167	5981,87	0,00451	HOLD	98,2349	116,8796
2022-12-10	01:00	17163,99	17164,48	17119,03	17147,42	LONG	0,00167	5981,87	0,00451	HOLD	98,2349	116,8513
2022-12-10	02:00	17147,42	17165,2	17122,48	17142,67	LONG	0,00167	5981,87	0,00451	HOLD	98,2349	116,8434
2022-12-10	03:00	17142,67	17151,63	17096,38	17101,31	LONG	0,00167	5981,87	0,00451	HOLD	98,2349	116,7743
2022-12-10	04:00	17101,31	17124,33	17067,1	17111,1	LONG	0,00167	5981,87	0,00451	HOLD	98,2349	116,7907
2022-12-10	05:00	17111,1	17132,97	17105,49	17132,97	LONG	0,00167	5981,87	0,00451	HOLD	98,2349	116,8272
2022-12-10	06:00	17132,87	17158,22	17117,11	17128,56	LONG	0,00167	5981,87	0,00451	HOLD	98,2349	116,8198
2022-12-10	07:00	17128,56	17169,09	17120,77	17152,88	LONG	0,00167	5981,87	0,00451	HOLD	98,2349	116,8605
2022-12-10	08:00	17152,44	17166,4	17146,64	17154,43	LONG	0,00167	5981,87	0,00451	HOLD	98,2349	116,863
2022-12-10	09:00	17154,1	17159,31	17116,4	17141,04	LONG	0,00167	5981,87	0,00451	HOLD	98,2349	116,8407
2022-12-10	10:00	17141,37	17159,5	17134,58	17145,08	LONG	0,00167	5981,87	0,00451	HOLD	98,2349	116,8474
2022-12-10	11:00	17145,08	17163,51	17137,88	17152,17	LONG	0,00167	5981,87	0,00451	HOLD	98,2349	116,8593
2022-12-10	12:00	17152,09	17157,41	17132,5	17134,12	LONG	0,00167	5981,87	0,00451	HOLD	98,2349	116,8291
2022-12-10	13:00	17134,12	17163,98	17130,28	17147,21	LONG	0,00167	5981,87	0,00451	HOLD	98,2349	116,851
2022-12-10	14:00	17147,18	17178	17139,26	17154,06	LONG	0,00167	5981,87	0,00451	HOLD	98,2349	116,8624
2022-12-10	15:00	17154,06	17157,72	17140	17141,82	LONG	0,00167	5981,87	0,00451	HOLD	98,2349	116,842
2022-12-10	16:00	17141,82	17147,18	17112,52	17145,29	LONG	0,00167	5981,87	0,00451	HOLD	98,2349	116,8478
2022-12-10	17:00	17145,29	17173,44	17140,84	17163,94	LONG	0,00167	5981,87	0,00451	HOLD	98,2349	116,8789
2022-12-10	18:00	17163,54	17173,91	17151,33	17168,61	LONG	0,00167	5981,87	0,00451	HOLD	98,2349	116,8867
2022-12-10	19:00	17168,17	17178,16	17140,23	17159,01	LONG	0,00167	5981,87	0,00451	HOLD	98,2349	116,8707
2022-12-10	20:00	17159,12	17194,35	17141,55	17158,24	LONG	0,00167	5981,87	0,00451	HOLD	98,2349	116,8694
2022-12-10	21:00	17158,24	17175,71	17142,91	17166,34	LONG	0,00167	5981,87	0,00451	HOLD	98,2349	116,8829
2022-12-10	22:00	17166,16	17225,12	17160,72	17207,7	LONG	0,00167	5981,87	0,00451	HOLD	98,2349	116,952
2022-12-10	23:00	17207,69	17227,72	17170,55	17189,29	LONG	0,00167	5981,87	0,00451	HOLD	98,2349	116,9213
2022-12-11	00:00	17189,81	17201,18	17160,14	17169,18	LONG	0,00167	5981,87	0,00451	HOLD	98,2349	116,8877
2022-12-11	01:00	17169,18	17194,76	17167,69	17185,62	LONG	0,00167	5981,87	0,00451	HOLD	98,2349	116,9151
2022-12-11	02:00	17185,23	17191,29	17165,14	17175,8	LONG	0,00167	5981,87	0,00451	HOLD	98,2349	116,8987
2022-12-11	03:00	17175,5	17183,87	17166,73	17171,31	LONG	0,00167	5981,87	0,00451	HOLD	98,2349	116,8912
2022-12-11	04:00	17171,31	17177,16	17125	17125,43	LONG	0,00167	5981,87	0,00451	HOLD	98,2349	116,8146
2022-12-11	05:00	17125,43	17159,82	17112,25	17138,24	LONG	0,00167	5981,87	0,00451	HOLD	98,2349	116,836
2022-12-11	06:00	17138,24	17149,65	17092	17127,49	LONG	0,00167	5981,87	0,00451	HOLD	98,2349	116,8181
2022-12-11	07:00	17127,49	17146,8	17121,92	17141,07	LONG	0,00167	5981,87	0,00451	HOLD	98,2349	116,8407
2022-12-11	08:00	17140,78	17170,6	17135,19	17163,92	LONG	0,00167	5981,87	0,00451	HOLD	98,2349	116,8789
2022-12-11	09:00	17164,4	17166,9	17139,79	17143,85	LONG	0,00167	5981,87	0,00451	HOLD	98,2349	116,8454
2022-12-11	10:00	17143,85	17175	17140,03	17153,61	LONG	0,00167	5981,87	0,00451	HOLD	98,2349	116,8617
2022-12-11	11:00	17153,81	17172,14	17150,29	17168,54	LONG	0,00167	5981,87	0,00451	HOLD	98,2349	116,8866
2022-12-11	12:00	17168,74	17190,33	17152,53	17174,82	LONG	0,00167	5981,87	0,00451	HOLD	98,2349	116,8971
2022-12-11	13:00	17174,82	17200	17163	17172,22	LONG	0,00167	5981,87	0,00451	HOLD	98,2349	116,8927
2022-12-11	14:00	17172,22	17194,07	17152,94	17180,88	LONG	0,00167	5981,87	0,00451	HOLD	98,2349	116,9072
2022-12-11	15:00	17180,88	17187,67	17154,56	17176,67	LONG	0,00167	5981,87	0,00451	HOLD	98,2349	116,9002
2022-12-11	16:00	17176,67	17177,32	17160,01	17168,21	LONG	0,00167	5981,87	0,00451	HOLD	98,2349	116,8861
2022-12-11	17:00	17167,86	17174,66	17148,22	17167,04	LONG	0,00167	5981,87	0,00451	HOLD	98,2349	116,8841
2022-12-11	18:00	17166,81	17171,99	17140,01	17167,43	LONG	0,00167	5981,87	0,00451	HOLD	98,2349	116,8848
2022-12-11	19:00	17167,12	17169,76	17145,66	17160,19	LONG	0,00167	5981,87	0,00451	HOLD	98,2349	116,8727
2022-12-11	20:00	17159,9	17169,8	17127,96	17157,5	LONG	0,00167	5981,87	0,00451	HOLD	98,2349	116,8682
2022-12-11	21:00	17157,21	17159,58	17130,1	17154,75	LONG	0,00167	5981,87	0,00451	HOLD	98,2349	116,8636
2022-12-11	22:00	17154,94	17157,77	17139,67	17153,52	LONG	0,00167	5981,87	0,00451	HOLD	98,2349	116,8615
2022-12-11	23:00	17153,52	17169,4	17146	17163,97	LONG	0,00167	5981,87	0,00451	HOLD	98,2349	116,879
2022-12-12	00:00	17164,13	17177,65	17163,68	17177,19	LONG	0,00167	5981,87	0,00451	HOLD	98,2349	116,901
2022-12-12	01:00	17177,18	17214,78	17168	17202,15	LONG	0,00167	5981,87	0,00451	HOLD	98,2349	116,9427
2022-12-12	02:00	17203	17270,99	17136	17177,43	LONG	0,00167	5981,87	0,00451	HOLD	98,2349	116,9015
2022-12-12	03:00	17177,88	17179,4	17088	17100,97	LONG	0,00167	5981,87	0,00451	HOLD	98,2349	116,7738
2022-12-12	04:00	17100,97	17148,94	17089,1	17113,2	LONG	0,00167	5981,87	0,00451	HOLD	98,2349	116,7942
2022-12-12	05:00	17113,2	17129,03	17090,03	17101,41	LONG	0,00167	5981,87	0,00451	HOLD	98,2349	116,7745
2022-12-12	06:00	17101,41	17129,3	17071	17085,05	LONG	0,00167	5981,87	0,00451	HOLD	98,2349	116,7472
2022-12-12	07:00	17085,05	17087,67	16929,65	16950,25	LONG	0,00167	5981,87	0,00451	HOLD	98,2349	116,5221
2022-12-12	08:00	16949,76	16979,11	16921	16951,26	LONG	0,00167	5981,87	0,00451	HOLD	98,2349	116,5237
2022-12-12	09:00	16951,26	16959,42	16871,85	16902,51	LONG	0,00167	5981,87	0,00451	HOLD	98,2349	116,4423
2022-12-12	10:00	16902,51	16921,12	16875,73	16918,97	LONG	0,00167	5981,87	0,00451	HOLD	98,2349	116,4698
2022-12-12	11:00	16918,69	16938,21	16903,64	16932,45	LONG	0,00167	5981,87	0,00451	HOLD	98,2349	116,4923
2022-12-12	12:00	16933,01	16948,66	16923,91	16945,12	LONG	0,00167	5981,87	0,00451	HOLD	98,2349	116,5135
2022-12-12	13:00	16945,12	16945,31	16926,01	16939,47	LONG	0,00167	5981,87	0,00451	HOLD	98,2349	116,5041
2022-12-12	14:00	16939,34	16943,94	16906,05	16923,94	LONG	0,00167	5981,87	0,00451	HOLD	98,2349	116,4781
2022-12-12	15:00	16923,61	16941,31	16903,49	16935,11	LONG	0,00167	5981,87	0,00451	HOLD	98,2349	116,4968
2022-12-12	16:00	16935,11	16975	16930,69	16961,21	LONG	0,00167	5981,87	0,00451	HOLD	98,2349	116,5404
2022-12-12	17:00	16961,41	17008,4	16959,54	16987,47	LONG	0,00167	5981,87	0,00451	HOLD	98,2349	116,5842
2022-12-12	18:00	16987,47	16993,54	16978,74	16988,62	LONG	0,00167	5981,87	0,00451	HOLD	98,2349	116,5861
2022-12-12	19:00	16989,45	17010	16920,61	16961,55	LONG	0,00167	5981,87	0,00451	HOLD	98,2349	116,5409
2022-12-12	20:00	16962,13	17002,89	16960	16970,47	LONG	0,00167	5981,87	0,00451	HOLD	98,2349	116,5558
2022-12-12	21:00	16970,49	17054,79	16967,93	17018,29	LONG	0,00167	5981,87	0,00451	HOLD	98,2349	116,6357
2022-12-12	22:00	17017,89	17043,63	17003,8	17010,81	LONG	0,00167	5981,87	0,00451	HOLD	98,2349	116,6232
2022-12-12	23:00	17010,19	17022,02	16988,01	17002,49	LONG	0,00167	5981,87	0,00451	HOLD	98,2349	116,6093
2022-12-13	00:00	17002,5	17015	16981,03	17010,09	LONG	0,00167	5981,87	0,00451	HOLD	98,2349	116,622
2022-12-13	01:00	17010,5	17032	17005	17023,15	LONG	0,00167	5981,87	0,00451	HOLD	98,2349	116,6438
2022-12-13	02:00	17023,15	17046,43	17005,7	17043,22	LONG	0,00167	5981,87	0,00451	HOLD	98,2349	116,6773
2022-12-13	03:00	17043,22	17124,99	17042,48	17123,19	LONG	0,00167	5981,87	0,00451	HOLD	98,2349	116,8109
2022-12-13	04:00	17123,57	17219,72	17118	17175,67	LONG	0,00167	5981,87	0,00451	HOLD	98,2349	116,8985
2022-12-13	05:00	17175,67	17193,04	17141,44	17157,98	LONG	0,00167	5981,87	0,00451	HOLD	98,2349	116,869
2022-12-13	06:00	17157,98	17241,89	17153,6	17209,83	LONG	0,00167	5981,87	0,00451	HOLD	98,2349	116,9556
2022-12-13	07:00	17208,93	17238,7	17145	17159,1	LONG	0,00167	5981,87	0,00451	HOLD	98,2349	116,8708
2022-12-13	08:00	17159,1	17166,98	17140,09	17146,05	LONG	0,00167	5981,87	0,00451	HOLD	98,2349	116,849
2022-12-13	09:00	17146,05	17158,99	17119,02	17151,39	LONG	0,00167	5981,87	0,00451	HOLD	98,2349	116,858
2022-12-13	10:00	17151,74	17167,85	17135	17152,37	LONG	0,00167	5981,87	0,00451	HOLD	98,2349	116,8596
2022-12-13	11:00	17152,37	17189,42	17135,34	17168,95	LONG	0,00167	5981,87	0,00451	HOLD	98,2349	116,8873
2022-12-13	12:00	17169,31	17196,5	17161,32	17186,44	LONG	0,00167	5981,87	0,00451	HOLD	98,2349	116,9165
2022-12-13	13:00	17185,59	17208,47	17141	17151,56	LONG	0,00167	5981,87	0,00451	HOLD	98,2349	116,8582
2022-12-13	14:00	17151,56	17179,41	17080,14	17165,17	LONG	0,00167	5981,87	0,00451	HOLD	98,2349	116,881
2022-12-13	15:00	17164,82	17187,18	17155	17160,16	LONG	0,00167	5981,87	0,00451	HOLD	98,2349	116,8726
2022-12-13	16:00	17160,14	17500	17155,5	17427,82	LONG	0,00167	5981,87	0,00451	HOLD	98,2349	117,3196
2022-12-13	17:00	17427,82	17477,06	17357,74	17392,26	LONG	0,00167	5981,87	0,00451	HOLD	98,2349	117,2602
2022-12-13	18:00	17392,63	17482,59	17387,02	17444,63	LONG	0,00167	5981,87	0,00451	HOLD	98,2349	117,3477
2022-12-13	19:00	17444,32	17500	17404,11	17426,84	LONG	0,00167	5981,87	0,00451	HOLD	98,2349	117,318
2022-12-13	20:00	17427,02	18000	17395	17897,86	LONG	0,00167	5981,87	0,00451	HOLD	98,2349	118,1046
2022-12-13	21:00	17899,26	17951,83	17832,16	17871,78	LONG	0,00167	5981,87	0,00451	HOLD	98,2349	118,061
2022-12-13	22:00	17871,78	17887,41	17731	17752,94	LONG	0,00167	5981,87	0,00451	HOLD	98,2349	117,8626
2022-12-13	23:00	17753,54	17840	17722,09	17757,07	LONG	0,00167	5981,87	0,00451	HOLD	98,2349	117,8694
2022-12-14	00:00	17758,27	17792,55	17618,38	17643,73	LONG	0,00167	5981,87	0,00451	HOLD	98,2349	117,6802
2022-12-14	01:00	17644,6	17732	17631,17	17713,69	LONG	0,00167	5981,87	0,00451	HOLD	98,2349	117,797
2022-12-14	02:00	17713,69	17787,18	17695,3	17740,86	LONG	0,00167	5981,87	0,00451	HOLD	98,2349	117,8424
2022-12-14	03:00	17741,83	17781,97	17705,7	17747,22	LONG	0,00167	5981,87	0,00451	HOLD	98,2349	117,853
2022-12-14	04:00	17748,32	17779,12	17730,23	17767,73	LONG	0,00167	5981,87	0,00451	HOLD	98,2349	117,8873
2022-12-14	05:00	17767,73	17788,2	17705,01	17776,88	LONG	0,00167	5981,87	0,00451	HOLD	98,2349	117,9025
2022-12-14	06:00	17776,88	17818,99	17741,47	17774,7	LONG	0,00167	5981,87	0,00451	HOLD	98,2349	117,8989
2022-12-14	07:00	17775,82	17834,05	17750	17818,88	LONG	0,00167	5981,87	0,00451	HOLD	98,2349	117,9727
2022-12-14	08:00	17818,4	17845	17771,92	17780,99	LONG	0,00167	5981,87	0,00451	HOLD	98,2349	117,9094
2022-12-14	09:00	17781,44	17810,7	17751,51	17794,93	LONG	0,00167	5981,87	0,00451	HOLD	98,2349	117,9327
2022-12-14	10:00	17794,44	17838,28	17780,21	17781,68	LONG	0,00167	5981,87	0,00451	HOLD	98,2349	117,9105
2022-12-14	11:00	17781,68	17789,65	17750	17769,29	LONG	0,00167	5981,87	0,00451	HOLD	98,2349	117,8899
2022-12-14	12:00	17769,29	17790,67	17734,19	17784,86	LONG	0,00167	5981,87	0,00451	HOLD	98,2349	117,9159
2022-12-14	13:00	17785,28	17796,79	17761,74	17783,33	LONG	0,00167	5981,87	0,00451	HOLD	98,2349	117,9133
2022-12-14	14:00	17784,13	17817,46	17777,73	17806,01	LONG	0,00167	5981,87	0,00451	HOLD	98,2349	117,9512
2022-12-14	15:00	17805,54	17878,5	17793,35	17840,19	LONG	0,00167	5981,87	0,00451	HOLD	98,2349	118,0083
2022-12-14	16:00	17840,71	17847,78	17785	17815,22	LONG	0,00167	5981,87	0,00451	HOLD	98,2349	117,9666
2022-12-14	17:00	17815,22	17838,33	17795,06	17828,13	LONG	0,00167	5981,87	0,00451	HOLD	98,2349	117,9881
2022-12-14	18:00	17827,67	17859,38	17807,24	17824,93	LONG	0,00167	5981,87	0,00451	HOLD	98,2349	117,9828
2022-12-14	19:00	17824,93	17934,78	17815,75	17914,27	LONG	0,00167	5981,87	0,00451	HOLD	98,2349	118,132
2022-12-14	20:00	17913,65	17963,93	17861,59	17894,86	LONG	0,00167	5981,87	0,00451	HOLD	98,2349	118,0996
2022-12-14	21:00	17894,85	18095	17892,97	18062,07	LONG	0,00167	5981,87	0,00451	HOLD	98,2349	118,3788
2022-12-14	22:00	18062,82	18116	18019,32	18061,83	LONG	0,00167	5981,87	0,00451	HOLD	98,2349	118,3784
2022-12-14	23:00	18061,83	18157,4	18054,51	18103,26	LONG	0,00167	5981,87	0,00451	HOLD	98,2349	118,4476
2022-12-15	00:00	18102,44	18150	18074,94	18096,48	LONG	0,00167	5981,87	0,00451	HOLD	98,2349	118,4363
2022-12-15	01:00	18096,48	18387,95	17915,31	18213,47	LONG	0,00167	5981,87	0,00451	HOLD	98,2349	118,6316
2022-12-15	02:00	18222,21	18350	17709,62	17792,9	LONG	0,00167	5981,87	0,00451	HOLD	98,2349	117,9293
2022-12-15	03:00	17792,9	17947,33	17660,94	17765,97	LONG	0,00167	5981,87	0,00451	HOLD	98,2349	117,8843
2022-12-15	04:00	17765,98	17849,83	17764,41	17832,65	LONG	0,00167	5981,87	0,00451	HOLD	98,2349	117,9957
2022-12-15	05:00	17831,61	17878,73	17791,09	17837	LONG	0,00167	5981,87	0,00451	HOLD	98,2349	118,0029
2022-12-15	06:00	17837	17846,63	17775	17803,15	LONG	0,00167	5981,87	0,00451	HOLD	98,2349	117,9464
2022-12-15	07:00	17804,01	17854,82	17783,03	17792,15	LONG	0,00167	5981,87	0,00451	HOLD	98,2349	117,928
2022-12-15	08:00	17791,53	17822,16	17605,01	17631,6	LONG	0,00167	5981,87	0,00451	HOLD	98,2349	117,6599
2022-12-15	09:00	17631,77	17726,35	17561	17716,77	LONG	0,00167	5981,87	0,00451	HOLD	98,2349	117,8021
2022-12-15	10:00	17716,77	17754,97	17696,17	17729,56	LONG	0,00167	5981,87	0,00451	HOLD	98,2349	117,8235
2022-12-15	11:00	17729,57	17732,46	17681,3	17708,01	LONG	0,00167	5981,87	0,00451	HOLD	98,2349	117,7875
2022-12-15	12:00	17708,14	17738,22	17691,1	17714,01	LONG	0,00167	5981,87	0,00451	HOLD	98,2349	117,7975
2022-12-15	13:00	17714,01	17746	17707,29	17718,95	LONG	0,00167	5981,87	0,00451	HOLD	98,2349	117,8058
2022-12-15	14:00	17719,38	17738,86	17683,32	17691,45	LONG	0,00167	5981,87	0,00451	HOLD	98,2349	117,7599
2022-12-15	15:00	17690,84	17713,24	17620,01	17627,85	LONG	0,00167	5981,87	0,00451	HOLD	98,2349	117,6537
2022-12-15	16:00	17628,47	17697,56	17610,22	17695,53	LONG	0,00167	5981,87	0,00451	HOLD	98,2349	117,7667
2022-12-15	17:00	17696,2	17698,29	17646,19	17665,84	LONG	0,00167	5981,87	0,00451	HOLD	98,2349	117,7171
2022-12-15	18:00	17665,21	17726	17651	17720,33	LONG	0,00167	5981,87	0,00451	HOLD	98,2349	117,8081
2022-12-15	19:00	17720,33	17725,93	17660,01	17683,43	LONG	0,00167	5981,87	0,00451	HOLD	98,2349	117,7465
2022-12-15	20:00	17683,89	17692,87	17454,39	17506,34	LONG	0,00167	5981,87	0,00451	HOLD	98,2349	117,4507
2022-12-15	21:00	17505,46	17550,11	17401,8	17454,83	LONG	0,00167	5981,87	0,00451	HOLD	98,2349	117,3647
2022-12-15	22:00	17454,85	17492,37	17374,89	17429,05	LONG	0,00167	5981,87	0,00451	HOLD	98,2349	117,3217
2022-12-15	23:00	17428,43	17446,37	17341,77	17398,61	LONG	0,00167	5981,87	0,00451	HOLD	98,2349	117,2708
2022-12-16	00:00	17399,54	17443,36	17375,29	17399,32	LONG	0,00167	5981,87	0,00451	HOLD	98,2349	117,272
2022-12-16	01:00	17398,6	17422,43	17314	17401,02	LONG	0,00167	5981,87	0,00451	HOLD	98,2349	117,2748
2022-12-16	02:00	17401,02	17474,38	17390	17442,25	LONG	0,00167	5981,87	0,00451	HOLD	98,2349	117,3437
2022-12-16	03:00	17442,8	17457,44	17410,43	17417,57	LONG	0,00167	5981,87	0,00451	HOLD	98,2349	117,3025
2022-12-16	04:00	17417,57	17430,34	17340,26	17396,01	LONG	0,00167	5981,87	0,00451	HOLD	98,2349	117,2665
2022-12-16	05:00	17396,76	17409	17275,51	17339,91	LONG	0,00167	5981,87	0,00451	HOLD	98,2349	117,1728
2022-12-16	06:00	17339,91	17378,96	17289,07	17356,34	LONG	0,00167	5981,87	0,00451	HOLD	98,2349	117,2002
2022-12-16	07:00	17356,96	17428	17345,15	17427,46	LONG	0,00167	5981,87	0,00451	HOLD	98,2349	117,319
2022-12-16	08:00	17426,66	17428,55	17375,25	17386,82	LONG	0,00167	5981,87	0,00451	HOLD	98,2349	117,2511
2022-12-16	09:00	17386,82	17427,37	17385,78	17402,69	LONG	0,00167	5981,87	0,00451	HOLD	98,2349	117,2776
2022-12-16	10:00	17403,2	17428,22	17400	17425,76	LONG	0,00167	5981,87	0,00451	HOLD	98,2349	117,3162
2022-12-16	11:00	17425,76	17427,6	17389	17390	LONG	0,00167	5981,87	0,00451	HOLD	98,2349	117,2564
2022-12-16	12:00	17390	17413,08	17372,7	17408,96	LONG	0,00167	5981,87	0,00451	HOLD	98,2349	117,2881
2022-12-16	13:00	17408,5	17426	17381,54	17422,45	LONG	0,00167	5981,87	0,00451	HOLD	98,2349	117,3106
2022-12-16	14:00	17422,45	17531,73	17421,02	17503,35	LONG	0,00167	5981,87	0,00451	HOLD	98,2349	117,4457
2022-12-16	15:00	17503,36	17519,64	17180,01	17221,25	LONG	0,00167	5981,87	0,00451	HOLD	98,2349	116,9746
2022-12-16	16:00	17221,25	17223,34	16950,81	17038,97	LONG	0,00167	5981,87	0,00451	HOLD	98,2349	116,6702
2022-12-16	17:00	17038,97	17039,8	16918,97	16994,06	LONG	0,00167	5981,87	0,00451	HOLD	98,2349	116,5952
2022-12-16	18:00	16994,84	17044,45	16970	17027,09	LONG	0,00167	5981,87	0,00451	HOLD	98,2349	116,6504
2022-12-16	19:00	17027,09	17037,76	16979,36	17035,14	LONG	0,00167	5981,87	0,00451	HOLD	98,2349	116,6638
2022-12-16	20:00	17035,14	17035,14	16935,57	16946,22	LONG	0,00167	5981,87	0,00451	HOLD	98,2349	116,5153
2022-12-16	21:00	16946,22	17085	16890,46	17029,59	LONG	0,00167	5981,87	0,00451	HOLD	98,2349	116,6546
2022-12-16	22:00	17030,34	17032,16	16910,13	16972,34	LONG	0,00167	5981,87	0,00451	HOLD	98,2349	116,559
2022-12-16	23:00	16972,33	16979,02	16732,36	16811,67	LONG	0,00167	5981,87	0,00451	HOLD	98,2349	116,2906
2022-12-17	00:00	16810,64	16837,97	16757,3	16796,29	LONG	0,00167	5981,87	0,00451	HOLD	98,2349	116,2649
2022-12-17	01:00	16796,94	16835,92	16774,84	16809,16	LONG	0,00167	5981,87	0,00451	HOLD	98,2349	116,2864
2022-12-17	02:00	16809,16	16880,56	16798,17	16864,81	LONG	0,00167	5981,87	0,00451	HOLD	98,2349	116,3794
2022-12-17	03:00	16865,22	16956,55	16853,61	16872,58	LONG	0,00167	5981,87	0,00451	HOLD	98,2349	116,3924
2022-12-17	04:00	16873,4	16890	16809,01	16831,24	LONG	0,00167	5981,87	0,00451	HOLD	98,2349	116,3233
2022-12-17	05:00	16831,25	16871,98	16690,34	16723,5	LONG	0,00167	5981,87	0,00451	HOLD	98,2349	116,1434
2022-12-17	06:00	16723,5	16737,19	16527,32	16632,12	LONG	0,00167	5981,87	0,00451	HOLD	98,2349	115,9908
2022-12-17	07:00	16631,5	16729,32	16600,31	16705,54	LONG	0,00167	5981,87	0,00451	HOLD	98,2349	116,1134
2022-12-17	08:00	16705,54	16724,55	16657,7	16669,4	LONG	0,00167	5981,87	0,00451	HOLD	98,2349	116,053
2022-12-17	09:00	16669,4	16682,59	16579,85	16657,11	LONG	0,00167	5981,87	0,00451	HOLD	98,2349	116,0325
2022-12-17	10:00	16657,88	16704,65	16643,49	16676,85	LONG	0,00167	5981,87	0,00451	HOLD	98,2349	116,0655
2022-12-17	11:00	16676,85	16721,45	16653,53	16705,53	LONG	0,00167	5981,87	0,00451	HOLD	98,2349	116,1134
2022-12-17	12:00	16706,05	16735,66	16675,01	16688,98	LONG	0,00167	5981,87	0,00451	HOLD	98,2349	116,0857
2022-12-17	13:00	16688,98	16772	16670,08	16711,7	LONG	0,00167	5981,87	0,00451	HOLD	98,2349	116,1237
2022-12-17	14:00	16711,07	16749,27	16676,91	16745,54	LONG	0,00167	5981,87	0,00451	HOLD	98,2349	116,1802
2022-12-17	15:00	16746,15	16755,38	16708,38	16719,91	LONG	0,00167	5981,87	0,00451	HOLD	98,2349	116,1374
2022-12-17	16:00	16719,91	16735,32	16676,11	16694,68	LONG	0,00167	5981,87	0,00451	HOLD	98,2349	116,0953
2022-12-17	17:00	16695,26	16757,42	16661,71	16730,38	LONG	0,00167	5981,87	0,00451	HOLD	98,2349	116,1549
2022-12-17	18:00	16730,38	16752,03	16688	16708,22	LONG	0,00167	5981,87	0,00451	HOLD	98,2349	116,1179
2022-12-17	19:00	16707,55	16729,18	16667	16694,13	LONG	0,00167	5981,87	0,00451	HOLD	98,2349	116,0943
2022-12-17	20:00	16694,6	16707,73	16650	16668,41	LONG	0,00167	5981,87	0,00451	HOLD	98,2349	116,0514
2022-12-17	21:00	16667,6	16712,28	16642	16648,79	LONG	0,00167	5981,87	0,00451	HOLD	98,2349	116,0186
2022-12-17	22:00	16648,79	16707,99	16645,23	16700,26	LONG	0,00167	5981,87	0,00451	HOLD	98,2349	116,1046
2022-12-17	23:00	16700,78	16701,96	16675,79	16693,79	LONG	0,00167	5981,87	0,00451	HOLD	98,2349	116,0938
2022-12-18	00:00	16694,09	16700,36	16647,15	16672,81	LONG	0,00167	5981,87	0,00451	HOLD	98,2349	116,0587
2022-12-18	01:00	16672,8	16721,77	16664,18	16702,21	LONG	0,00167	5981,87	0,00451	HOLD	98,2349	116,1078
2022-12-18	02:00	16701,69	16718,66	16685	16691,63	LONG	0,00167	5981,87	0,00451	HOLD	98,2349	116,0902
2022-12-18	03:00	16692,16	16709,98	16685,03	16701,48	LONG	0,00167	5981,87	0,00451	HOLD	98,2349	116,1066
2022-12-18	04:00	16701,46	16737,1	16691,31	16709,53	LONG	0,00167	5981,87	0,00451	HOLD	98,2349	116,1201
2022-12-18	05:00	16709,53	16766	16700	16739,34	LONG	0,00167	5981,87	0,00451	HOLD	98,2349	116,1698
2022-12-18	06:00	16739,77	16796,82	16720	16776,52	LONG	0,00167	5981,87	0,00451	HOLD	98,2349	116,2319
2022-12-18	07:00	16777,54	16784,8	16721,74	16747,07	LONG	0,00167	5981,87	0,00451	HOLD	98,2349	116,1827
2022-12-18	08:00	16747,07	16747,71	16702,23	16713,55	LONG	0,00167	5981,87	0,00451	HOLD	98,2349	116,1268
2022-12-18	09:00	16714	16736,86	16708	16731,19	LONG	0,00167	5981,87	0,00451	HOLD	98,2349	116,1562
2022-12-18	10:00	16731,19	16744,13	16724,88	16741,02	LONG	0,00167	5981,87	0,00451	HOLD	98,2349	116,1726
2022-12-18	11:00	16741,02	16804,7	16735,74	16764,79	LONG	0,00167	5981,87	0,00451	HOLD	98,2349	116,2123
2022-12-18	12:00	16764,79	16768,66	16735	16739,58	LONG	0,00167	5981,87	0,00451	HOLD	98,2349	116,1702
2022-12-18	13:00	16739,06	16746,7	16718,01	16736,02	LONG	0,00167	5981,87	0,00451	HOLD	98,2349	116,1643
2022-12-18	14:00	16736,5	16761,17	16733,95	16750,83	LONG	0,00167	5981,87	0,00451	HOLD	98,2349	116,189
2022-12-18	15:00	16750,83	16767,58	16737,48	16753,46	LONG	0,00167	5981,87	0,00451	HOLD	98,2349	116,1934
2022-12-18	16:00	16752,46	16754,76	16663,07	16696,88	LONG	0,00167	5981,87	0,00451	HOLD	98,2349	116,0989
2022-12-18	17:00	16696,32	16717,37	16687,24	16705,17	LONG	0,00167	5981,87	0,00451	HOLD	98,2349	116,1128
2022-12-18	18:00	16705,17	16725,82	16697,77	16711,35	LONG	0,00167	5981,87	0,00451	HOLD	98,2349	116,1231
2022-12-18	19:00	16711,35	16738	16701,28	16719,91	LONG	0,00167	5981,87	0,00451	HOLD	98,2349	116,1374
2022-12-18	20:00	16719,91	16730,54	16691,33	16710,05	LONG	0,00167	5981,87	0,00451	HOLD	98,2349	116,1209
2022-12-18	21:00	16709,99	16727	16680,33	16686,69	LONG	0,00167	5981,87	0,00451	HOLD	98,2349	116,0819
2022-12-18	22:00	16686,69	16700,92	16673,63	16683,84	LONG	0,00167	5981,87	0,00451	HOLD	98,2349	116,0772
2022-12-18	23:00	16683,83	16705,83	16676,15	16694,85	LONG	0,00167	5981,87	0,00451	HOLD	98,2349	116,0955
2022-12-19	00:00	16694,98	16716,96	16677	16712,58	LONG	0,00167	5981,87	0,00451	HOLD	98,2349	116,1252
2022-12-19	01:00	16711,88	16794,99	16710,04	16746,22	LONG	0,00167	5981,87	0,00451	HOLD	98,2349	116,1813
2022-12-19	02:00	16746,93	16768,42	16722,83	16750,82	LONG	0,00167	5981,87	0,00451	HOLD	98,2349	116,189
2022-12-19	03:00	16751,52	16773,04	16746,51	16758,16	LONG	0,00167	5981,87	0,00451	HOLD	98,2349	116,2013
2022-12-19	04:00	16758,16	16783,22	16737,01	16746,51	LONG	0,00167	5981,87	0,00451	HOLD	98,2349	116,1818
2022-12-19	05:00	16746,94	16863,26	16723,4	16761,68	LONG	0,00167	5981,87	0,00451	HOLD	98,2349	116,2071
2022-12-19	06:00	16761,68	16819,21	16731,01	16738,21	LONG	0,00167	5981,87	0,00451	HOLD	98,2349	116,168
2022-12-19	07:00	16739	16815,99	16715,44	16775,24	LONG	0,00167	5981,87	0,00451	HOLD	98,2349	116,2298
2022-12-19	08:00	16774,25	16804,15	16750,27	16785,69	LONG	0,00167	5981,87	0,00451	HOLD	98,2349	116,2472
2022-12-19	09:00	16785,15	16788,25	16720	16723,73	LONG	0,00167	5981,87	0,00451	HOLD	98,2349	116,1438
2022-12-19	10:00	16723,72	16732,15	16627,35	16681,47	LONG	0,00167	5981,87	0,00451	HOLD	98,2349	116,0732
2022-12-19	11:00	16681,43	16735,98	16672,88	16713,66	LONG	0,00167	5981,87	0,00451	HOLD	98,2349	116,127
2022-12-19	12:00	16713,66	16731,32	16693,94	16706,21	LONG	0,00167	5981,87	0,00451	HOLD	98,2349	116,1145
2022-12-19	13:00	16705,87	16750	16697,01	16739,36	LONG	0,00167	5981,87	0,00451	HOLD	98,2349	116,1699
2022-12-19	14:00	16738,84	16750	16697,03	16722,23	LONG	0,00167	5981,87	0,00451	HOLD	98,2349	116,1413
2022-12-19	15:00	16722,23	16763,66	16707,1	16757,42	LONG	0,00167	5981,87	0,00451	HOLD	98,2349	116,2
2022-12-19	16:00	16757,91	16770	16732,52	16752,25	LONG	0,00167	5981,87	0,00451	HOLD	98,2349	116,1914
2022-12-19	17:00	16752,25	16784	16746,81	16767,49	LONG	0,00167	5981,87	0,00451	HOLD	98,2349	116,2169
2022-12-19	18:00	16767,88	16771,71	16725,65	16734,46	LONG	0,00167	5981,87	0,00451	HOLD	98,2349	116,1617
2022-12-19	19:00	16734,46	16756,31	16716	16743,68	LONG	0,00167	5981,87	0,00451	HOLD	98,2349	116,1771
2022-12-19	20:00	16743,68	16757,5	16710	16710,18	LONG	0,00167	5981,87	0,00451	HOLD	98,2349	116,1211
2022-12-19	21:00	16710,05	16765,71	16666,79	16733,92	LONG	0,00167	5981,87	0,00451	HOLD	98,2349	116,1608
2022-12-19	22:00	16734,57	16742,63	16665,03	16669,08	LONG	0,00167	5981,87	0,00451	HOLD	98,2349	116,0525
2022-12-19	23:00	16668,23	16702,83	16584	16635,86	LONG	0,00167	5981,87	0,00451	HOLD	98,2349	115,997
2022-12-20	00:00	16635,49	16650	16505	16599,79	LONG	0,00167	5981,87	0,00451	HOLD	98,2349	115,9368
2022-12-20	01:00	16599,78	16637,46	16527,38	16545,44	LONG	0,00167	5981,87	0,00451	HOLD	98,2349	115,846
2022-12-20	02:00	16544,08	16588,82	16525,6	16555,74	LONG	0,00167	5981,87	0,00451	HOLD	98,2349	115,8632
2022-12-20	03:00	16555,74	16615,48	16538,44	16599,71	LONG	0,00167	5981,87	0,00451	HOLD	98,2349	115,9367
2022-12-20	04:00	16599,71	16649	16584,94	16590,32	LONG	0,00167	5981,87	0,00451	HOLD	98,2349	115,921
2022-12-20	05:00	16590,31	16609,78	16256,3	16416,82	LONG	0,00167	5981,87	0,00451	HOLD	98,2349	115,6312
2022-12-20	06:00	16416,82	16459,18	16373,14	16438,88	LONG	0,00167	5981,87	0,00451	HOLD	98,2349	115,6681
2022-12-20	07:00	16438,88	16480	16397,2	16462,01	LONG	0,00167	5981,87	0,00451	HOLD	98,2349	115,7067
2022-12-20	08:00	16461,81	16607,94	16444	16580,23	LONG	0,00167	5981,87	0,00451	HOLD	98,2349	115,9041
2022-12-20	09:00	16580,25	16856,5	16550,15	16721,05	LONG	0,00167	5981,87	0,00451	HOLD	98,2349	116,1393
2022-12-20	10:00	16721,93	16829	16673,69	16727,24	LONG	0,00167	5981,87	0,00451	HOLD	98,2349	116,1496
2022-12-20	11:00	16727,25	16880,58	16689,1	16792,03	LONG	0,00167	5981,87	0,00451	HOLD	98,2349	116,2578
2022-12-20	12:00	16792,03	16814,03	16753,19	16785,78	LONG	0,00167	5981,87	0,00451	HOLD	98,2349	116,2474
2022-12-20	13:00	16786,37	16841,53	16748,18	16837,51	LONG	0,00167	5981,87	0,00451	HOLD	98,2349	116,3338
2022-12-20	14:00	16837,51	16849	16780,08	16802,83	LONG	0,00167	5981,87	0,00451	HOLD	98,2349	116,2759
2022-12-20	15:00	16802,23	16840,49	16769,25	16824,94	LONG	0,00167	5981,87	0,00451	HOLD	98,2349	116,3128
2022-12-20	16:00	16824,34	16858,42	16798,59	16811,83	LONG	0,00167	5981,87	0,00451	HOLD	98,2349	116,2909
2022-12-20	17:00	16811,15	16829,79	16766	16778,26	LONG	0,00167	5981,87	0,00451	HOLD	98,2349	116,2348
2022-12-20	18:00	16777,69	16846,25	16763,78	16814,25	LONG	0,00167	5981,87	0,00451	HOLD	98,2349	116,2949
2022-12-20	19:00	16814,71	16856,66	16800,31	16817,23	LONG	0,00167	5981,87	0,00451	HOLD	98,2349	116,2999
2022-12-20	20:00	16816,44	16830,82	16782,13	16795,62	LONG	0,00167	5981,87	0,00451	HOLD	98,2349	116,2638
2022-12-20	21:00	16795,05	16984,15	16710,12	16901,93	LONG	0,00167	5981,87	0,00451	HOLD	98,2349	116,4414
2022-12-20	22:00	16899,35	17061,27	16897,85	16918,83	LONG	0,00167	5981,87	0,00451	HOLD	98,2349	116,4696
2022-12-20	23:00	16918,15	16936,32	16770,01	16834,4	LONG	0,00167	5981,87	0,00451	HOLD	98,2349	116,3286
2022-12-21	00:00	16833,62	16857,74	16783,6	16815,83	LONG	0,00167	5981,87	0,00451	HOLD	98,2349	116,2976
2022-12-21	01:00	16815,83	16868	16767	16835,76	LONG	0,00167	5981,87	0,00451	HOLD	98,2349	116,3309
2022-12-21	02:00	16835,75	16915,92	16834,83	16900,3	LONG	0,00167	5981,87	0,00451	HOLD	98,2349	116,4386
2022-12-21	03:00	16900,93	16926,99	16838,56	16859,3	LONG	0,00167	5981,87	0,00451	HOLD	98,2349	116,3702
2022-12-21	04:00	16858,86	16894,73	16833,51	16877,19	LONG	0,00167	5981,87	0,00451	HOLD	98,2349	116,4
2022-12-21	05:00	16877,21	16911,06	16847,19	16869,24	LONG	0,00167	5981,87	0,00451	HOLD	98,2349	116,3868
2022-12-21	06:00	16869	16925,49	16867,88	16895,56	LONG	0,00167	5981,87	0,00451	HOLD	98,2349	116,4307
2022-12-21	07:00	16896,15	16925	16815,26	16841,07	LONG	0,00167	5981,87	0,00451	HOLD	98,2349	116,3397
2022-12-21	08:00	16840,59	16879,29	16828,3	16867,05	LONG	0,00167	5981,87	0,00451	HOLD	98,2349	116,3831
2022-12-21	09:00	16867,33	16880,91	16840,71	16850,25	LONG	0,00167	5981,87	0,00451	HOLD	98,2349	116,3551
2022-12-21	10:00	16850,87	16852,88	16794,84	16837,1	LONG	0,00167	5981,87	0,00451	HOLD	98,2349	116,3331
2022-12-21	11:00	16836,44	16838,29	16782,07	16794,25	LONG	0,00167	5981,87	0,00451	HOLD	98,2349	116,2615
2022-12-21	12:00	16795,44	16847,91	16767,53	16833,49	LONG	0,00167	5981,87	0,00451	HOLD	98,2349	116,3271
2022-12-21	13:00	16833,49	16856,84	16819,01	16837,8	LONG	0,00167	5981,87	0,00451	HOLD	98,2349	116,3343
2022-12-21	14:00	16837,3	16854,72	16813,44	16816,18	LONG	0,00167	5981,87	0,00451	HOLD	98,2349	116,2982
2022-12-21	15:00	16816,18	16894,75	16795,69	16864,08	LONG	0,00167	5981,87	0,00451	HOLD	98,2349	116,3782
2022-12-21	16:00	16863,87	16882,01	16845,22	16868,72	LONG	0,00167	5981,87	0,00451	HOLD	98,2349	116,3859
2022-12-21	17:00	16868,15	16882	16851,43	16861,69	LONG	0,00167	5981,87	0,00451	HOLD	98,2349	116,3742
2022-12-21	18:00	16861,69	16894,91	16852,97	16878,47	LONG	0,00167	5981,87	0,00451	HOLD	98,2349	116,4022
2022-12-21	19:00	16878,47	16886,47	16834	16834,03	LONG	0,00167	5981,87	0,00451	HOLD	98,2349	116,328
2022-12-21	20:00	16834,03	16853,52	16811	16847,57	LONG	0,00167	5981,87	0,00451	HOLD	98,2349	116,3506
2022-12-21	21:00	16847,57	16914,72	16723	16796,34	LONG	0,00167	5981,87	0,00451	HOLD	98,2349	116,265
2022-12-21	22:00	16794,28	16872	16765,89	16861,13	LONG	0,00167	5981,87	0,00451	HOLD	98,2349	116,3732
2022-12-21	23:00	16860,51	16866,4	16779,13	16780,84	LONG	0,00167	5981,87	0,00451	HOLD	98,2349	116,2391
2022-12-22	00:00	16780,76	16820,53	16770,55	16815,52	LONG	0,00167	5981,87	0,00451	HOLD	98,2349	116,2971
2022-12-22	01:00	16814,72	16832,99	16775,13	16789,15	LONG	0,00167	5981,87	0,00451	HOLD	98,2349	116,253
2022-12-22	02:00	16788,64	16806,6	16728,09	16756,2	LONG	0,00167	5981,87	0,00451	HOLD	98,2349	116,198
2022-12-22	03:00	16756,2	16782,6	16729,22	16781,46	LONG	0,00167	5981,87	0,00451	HOLD	98,2349	116,2402
2022-12-22	04:00	16781,46	16802,27	16753,12	16793,07	LONG	0,00167	5981,87	0,00451	HOLD	98,2349	116,2596
2022-12-22	05:00	16793,59	16794,18	16757,2	16764,88	LONG	0,00167	5981,87	0,00451	HOLD	98,2349	116,2125
2022-12-22	06:00	16764,88	16835,11	16749,64	16824,67	LONG	0,00167	5981,87	0,00451	HOLD	98,2349	116,3123
2022-12-22	07:00	16824,68	16858,98	16809,78	16856,85	LONG	0,00167	5981,87	0,00451	HOLD	98,2349	116,3661
2022-12-22	08:00	16857,61	16860,77	16815,22	16818,02	LONG	0,00167	5981,87	0,00451	HOLD	98,2349	116,3012
2022-12-22	09:00	16818,02	16853,97	16812,15	16853,47	LONG	0,00167	5981,87	0,00451	HOLD	98,2349	116,3604
2022-12-22	10:00	16853,86	16858,19	16832,47	16852,8	LONG	0,00167	5981,87	0,00451	HOLD	98,2349	116,3593
2022-12-22	11:00	16852,44	16859,54	16832,24	16836,95	LONG	0,00167	5981,87	0,00451	HOLD	98,2349	116,3328
2022-12-22	12:00	16836,95	16840,83	16815,07	16823,38	LONG	0,00167	5981,87	0,00451	HOLD	98,2349	116,3102
2022-12-22	13:00	16823,43	16827,27	16793,5	16808,09	LONG	0,00167	5981,87	0,00451	HOLD	98,2349	116,2847
2022-12-22	14:00	16808,09	16831,45	16783,43	16826,87	LONG	0,00167	5981,87	0,00451	HOLD	98,2349	116,316
2022-12-22	15:00	16826,23	16857	16801,3	16837,02	LONG	0,00167	5981,87	0,00451	HOLD	98,2349	116,333
2022-12-22	16:00	16837,01	16868,52	16823,43	16847,66	LONG	0,00167	5981,87	0,00451	HOLD	98,2349	116,3507
2022-12-22	17:00	16847,66	16860,87	16819	16823,07	LONG	0,00167	5981,87	0,00451	HOLD	98,2349	116,3097
2022-12-22	18:00	16823,07	16846,08	16812	16834,8	LONG	0,00167	5981,87	0,00451	HOLD	98,2349	116,3293
2022-12-22	19:00	16834,2	16845,45	16812,16	16815,24	LONG	0,00167	5981,87	0,00451	HOLD	98,2349	116,2966
2022-12-22	20:00	16815,66	16822,99	16761,28	16780,04	LONG	0,00167	5981,87	0,00451	HOLD	98,2349	116,2378
2022-12-22	21:00	16780,48	16792,13	16629,26	16675,03	LONG	0,00167	5981,87	0,00451	HOLD	98,2349	116,0624
2022-12-22	22:00	16674,53	16714,23	16610,92	16636,54	LONG	0,00167	5981,87	0,00451	HOLD	98,2349	115,9982
2022-12-22	23:00	16636,54	16669,5	16620,07	16662,08	LONG	0,00167	5981,87	0,00451	HOLD	98,2349	116,0408
2022-12-23	00:00	16661,67	16665,7	16566	16591,96	LONG	0,00167	5981,87	0,00451	HOLD	98,2349	115,9237
2022-12-23	01:00	16592,79	16624,69	16559,85	16616,01	LONG	0,00167	5981,87	0,00451	HOLD	98,2349	115,9639
2022-12-23	02:00	16616,49	16664,65	16607,72	16662,13	LONG	0,00167	5981,87	0,00451	HOLD	98,2349	116,0409
2022-12-23	03:00	16662,72	16852,79	16647,01	16781,42	LONG	0,00167	5981,87	0,00451	HOLD	98,2349	116,2401
2022-12-23	04:00	16780,24	16826,13	16771,09	16796,47	LONG	0,00167	5981,87	0,00451	HOLD	98,2349	116,2652
2022-12-23	05:00	16796,47	16847,49	16781,95	16798,41	LONG	0,00167	5981,87	0,00451	HOLD	98,2349	116,2685
2022-12-23	06:00	16797,86	16829,85	16797,63	16821,43	LONG	0,00167	5981,87	0,00451	HOLD	98,2349	116,3069
2022-12-23	07:00	16821,9	16832,76	16770	16781,5	LONG	0,00167	5981,87	0,00451	HOLD	98,2349	116,2402
2022-12-23	08:00	16781,5	16807,87	16771,97	16799,2	LONG	0,00167	5981,87	0,00451	HOLD	98,2349	116,2698
2022-12-23	09:00	16799,2	16869	16778,9	16848,03	LONG	0,00167	5981,87	0,00451	HOLD	98,2349	116,3514
2022-12-23	10:00	16848,03	16893,9	16822,92	16828,23	LONG	0,00167	5981,87	0,00451	HOLD	98,2349	116,3183
2022-12-23	11:00	16828,54	16841,59	16808,54	16837,13	LONG	0,00167	5981,87	0,00451	HOLD	98,2349	116,3331
2022-12-23	12:00	16837,72	16847,82	16817,73	16821,85	LONG	0,00167	5981,87	0,00451	HOLD	98,2349	116,3076
2022-12-23	13:00	16822,26	16849,35	16805,53	16840,74	LONG	0,00167	5981,87	0,00451	HOLD	98,2349	116,3392
2022-12-23	14:00	16840,74	16856,54	16833,86	16848,01	LONG	0,00167	5981,87	0,00451	HOLD	98,2349	116,3513
2022-12-23	15:00	16848,45	16860,06	16810,23	16835,61	LONG	0,00167	5981,87	0,00451	HOLD	98,2349	116,3306
2022-12-23	16:00	16835,25	16846,66	16817,44	16837,45	LONG	0,00167	5981,87	0,00451	HOLD	98,2349	116,3337
2022-12-23	17:00	16837,45	16890,89	16832,41	16856,4	LONG	0,00167	5981,87	0,00451	HOLD	98,2349	116,3653
2022-12-23	18:00	16856,4	16861,7	16842,06	16844,02	LONG	0,00167	5981,87	0,00451	HOLD	98,2349	116,3447
2022-12-23	19:00	16844,02	16877,06	16840	16872,39	LONG	0,00167	5981,87	0,00451	HOLD	98,2349	116,392
2022-12-23	20:00	16872,39	16955,14	16731,13	16841,76	LONG	0,00167	5981,87	0,00451	HOLD	98,2349	116,3409
2022-12-23	21:00	16842,48	16855,31	16762,05	16789,75	LONG	0,00167	5981,87	0,00451	HOLD	98,2349	116,254
2022-12-23	22:00	16790,48	16891,81	16781	16832,16	LONG	0,00167	5981,87	0,00451	HOLD	98,2349	116,3248
2022-12-23	23:00	16832,15	16847,52	16816	16827,49	LONG	0,00167	5981,87	0,00451	HOLD	98,2349	116,3171
2022-12-24	00:00	16827,14	16855,55	16823,68	16841,85	LONG	0,00167	5981,87	0,00451	HOLD	98,2349	116,341
2022-12-24	01:00	16842,05	16856,84	16821	16836,49	LONG	0,00167	5981,87	0,00451	HOLD	98,2349	116,3321
2022-12-24	02:00	16836,26	16860,07	16830,01	16844,79	LONG	0,00167	5981,87	0,00451	HOLD	98,2349	116,3459
2022-12-24	03:00	16844,79	16851,57	16786,72	16812,25	LONG	0,00167	5981,87	0,00451	HOLD	98,2349	116,2916
2022-12-24	04:00	16812,26	16825	16788,28	16812,4	LONG	0,00167	5981,87	0,00451	HOLD	98,2349	116,2919
2022-12-24	05:00	16812,4	16812,4	16765,67	16792,92	LONG	0,00167	5981,87	0,00451	HOLD	98,2349	116,2593
2022-12-24	06:00	16792,92	16799,27	16772,44	16778,5	LONG	0,00167	5981,87	0,00451	HOLD	98,2349	116,2352
2022-12-24	07:00	16778,52	16816,62	16776,62	16805,92	LONG	0,00167	5981,87	0,00451	HOLD	98,2349	116,281
2022-12-24	08:00	16806,24	16827	16798,03	16814,05	LONG	0,00167	5981,87	0,00451	HOLD	98,2349	116,2946
2022-12-24	09:00	16813,67	16831	16801,29	16828,14	LONG	0,00167	5981,87	0,00451	HOLD	98,2349	116,3181
2022-12-24	10:00	16827,79	16844,08	16823,3	16840,65	LONG	0,00167	5981,87	0,00451	HOLD	98,2349	116,339
2022-12-24	11:00	16840,8	16846,8	16822,26	16828,35	LONG	0,00167	5981,87	0,00451	HOLD	98,2349	116,3185
2022-12-24	12:00	16828,02	16828,79	16805,01	16823,1	LONG	0,00167	5981,87	0,00451	HOLD	98,2349	116,3097
2022-12-24	13:00	16822,74	16823,9	16807,19	16816,27	LONG	0,00167	5981,87	0,00451	HOLD	98,2349	116,2983
2022-12-24	14:00	16815,97	16857,37	16808,01	16848,26	LONG	0,00167	5981,87	0,00451	HOLD	98,2349	116,3517
2022-12-24	15:00	16848,26	16859,44	16825,63	16827,89	LONG	0,00167	5981,87	0,00451	HOLD	98,2349	116,3177
2022-12-24	16:00	16827,58	16849,77	16817,99	16830,62	LONG	0,00167	5981,87	0,00451	HOLD	98,2349	116,3223
2022-12-24	17:00	16830,97	16836,5	16825,75	16828,79	LONG	0,00167	5981,87	0,00451	HOLD	98,2349	116,3192
2022-12-24	18:00	16828,54	16837,28	16821,79	16824,41	LONG	0,00167	5981,87	0,00451	HOLD	98,2349	116,3119
2022-12-24	19:00	16824,42	16833	16820	16821,25	LONG	0,00167	5981,87	0,00451	HOLD	98,2349	116,3066
2022-12-24	20:00	16821,6	16830,26	16815,09	16818,3	LONG	0,00167	5981,87	0,00451	HOLD	98,2349	116,3017
2022-12-24	21:00	16818,44	16838,91	16816,02	16832,41	LONG	0,00167	5981,87	0,00451	HOLD	98,2349	116,3253
2022-12-24	22:00	16832,1	16840	16830,31	16836,35	LONG	0,00167	5981,87	0,00451	HOLD	98,2349	116,3318
2022-12-24	23:00	16835,93	16841,42	16823	16836,15	LONG	0,00167	5981,87	0,00451	HOLD	98,2349	116,3315
2022-12-25	00:00	16836,35	16844,9	16830,4	16841,67	LONG	0,00167	5981,87	0,00451	HOLD	98,2349	116,3407
2022-12-25	01:00	16841,98	16847,54	16828,01	16842,36	LONG	0,00167	5981,87	0,00451	HOLD	98,2349	116,3419
2022-12-25	02:00	16842,36	16865	16833,57	16843,59	LONG	0,00167	5981,87	0,00451	HOLD	98,2349	116,3439
2022-12-25	03:00	16843,92	16846,49	16835,74	16840,5	LONG	0,00167	5981,87	0,00451	HOLD	98,2349	116,3388
2022-12-25	04:00	16840,25	16869,99	16821,01	16823,97	LONG	0,00167	5981,87	0,00451	HOLD	98,2349	116,3112
2022-12-25	05:00	16823,97	16841,57	16814	16825,85	LONG	0,00167	5981,87	0,00451	HOLD	98,2349	116,3143
2022-12-25	06:00	16826,22	16853,72	16808,15	16836,12	LONG	0,00167	5981,87	0,00451	HOLD	98,2349	116,3315
2022-12-25	07:00	16835,73	16847,97	16830,61	16843,95	LONG	0,00167	5981,87	0,00451	HOLD	98,2349	116,3445
2022-12-25	08:00	16843,95	16852,95	16840,57	16845,01	LONG	0,00167	5981,87	0,00451	HOLD	98,2349	116,3463
2022-12-25	09:00	16844,66	16848,1	16823,02	16827,29	LONG	0,00167	5981,87	0,00451	HOLD	98,2349	116,3167
2022-12-25	10:00	16826,93	16838,84	16825	16832,14	LONG	0,00167	5981,87	0,00451	HOLD	98,2349	116,3248
2022-12-25	11:00	16832,14	16833,35	16815,03	16822,38	LONG	0,00167	5981,87	0,00451	HOLD	98,2349	116,3085
2022-12-25	12:00	16822,27	16843	16802	16831,74	LONG	0,00167	5981,87	0,00451	HOLD	98,2349	116,3241
2022-12-25	13:00	16832,27	16833,92	16816,76	16829,88	LONG	0,00167	5981,87	0,00451	HOLD	98,2349	116,321
2022-12-25	14:00	16829,88	16832,22	16818,25	16821,97	LONG	0,00167	5981,87	0,00451	HOLD	98,2349	116,3078
2022-12-25	15:00	16821,97	16834,41	16821,71	16830,22	LONG	0,00167	5981,87	0,00451	HOLD	98,2349	116,3216
2022-12-25	16:00	16830,22	16835,93	16826,46	16832,5	LONG	0,00167	5981,87	0,00451	HOLD	98,2349	116,3254
2022-12-25	17:00	16832,25	16834,16	16821	16825,29	LONG	0,00167	5981,87	0,00451	HOLD	98,2349	116,3134
2022-12-25	18:00	16825,29	16827,54	16815,4	16821,51	LONG	0,00167	5981,87	0,00451	HOLD	98,2349	116,3071
2022-12-25	19:00	16821,51	16824,99	16815,44	16818,25	LONG	0,00167	5981,87	0,00451	HOLD	98,2349	116,3016
2022-12-25	20:00	16818,68	16823,04	16800	16811,53	LONG	0,00167	5981,87	0,00451	HOLD	98,2349	116,2904
2022-12-25	21:00	16811,82	16832,99	16721	16828,68	LONG	0,00167	5981,87	0,00451	HOLD	98,2349	116,319
2022-12-25	22:00	16828,68	16857,96	16787	16793,09	LONG	0,00167	5981,87	0,00451	HOLD	98,2349	116,2596
2022-12-25	23:00	16793,49	16821,82	16771,7	16815,96	LONG	0,00167	5981,87	0,00451	HOLD	98,2349	116,2978
2022-12-26	00:00	16815,96	16822,27	16792,12	16796,35	LONG	0,00167	5981,87	0,00451	HOLD	98,2349	116,265
2022-12-26	01:00	16796,17	16803,75	16774,5	16779,47	LONG	0,00167	5981,87	0,00451	HOLD	98,2349	116,2369
2022-12-26	02:00	16779,75	16795,96	16727	16794,07	LONG	0,00167	5981,87	0,00451	HOLD	98,2349	116,2612
2022-12-26	03:00	16794,07	16795,25	16753,44	16768,64	LONG	0,00167	5981,87	0,00451	HOLD	98,2349	116,2188
2022-12-26	04:00	16769,01	16845,63	16761,23	16830,88	LONG	0,00167	5981,87	0,00451	HOLD	98,2349	116,3227
2022-12-26	05:00	16830,3	16846	16804,45	16821,83	LONG	0,00167	5981,87	0,00451	HOLD	98,2349	116,3076
2022-12-26	06:00	16821,65	16838,32	16811,5	16832,11	LONG	0,00167	5981,87	0,00451	HOLD	98,2349	116,3248
2022-12-26	07:00	16832,11	16837,48	16820,75	16831,48	LONG	0,00167	5981,87	0,00451	HOLD	98,2349	116,3237
2022-12-26	08:00	16831,49	16875,28	16827,13	16856,36	LONG	0,00167	5981,87	0,00451	HOLD	98,2349	116,3653
2022-12-26	09:00	16856,36	16900	16853,46	16889,69	LONG	0,00167	5981,87	0,00451	HOLD	98,2349	116,4209
2022-12-26	10:00	16889,77	16897,46	16872,44	16894,19	LONG	0,00167	5981,87	0,00451	HOLD	98,2349	116,4284
2022-12-26	11:00	16894,54	16924	16865,67	16877,15	LONG	0,00167	5981,87	0,00451	HOLD	98,2349	116,4
2022-12-26	12:00	16877,15	16890,98	16852,5	16853,3	LONG	0,00167	5981,87	0,00451	HOLD	98,2349	116,3602
2022-12-26	13:00	16853,3	16868,63	16848,16	16853,88	LONG	0,00167	5981,87	0,00451	HOLD	98,2349	116,3611
2022-12-26	14:00	16853,88	16856	16835	16843,65	LONG	0,00167	5981,87	0,00451	HOLD	98,2349	116,344
2022-12-26	15:00	16843,76	16847,02	16818	16839,35	LONG	0,00167	5981,87	0,00451	HOLD	98,2349	116,3369
2022-12-26	16:00	16839,35	16852,94	16832,16	16832,98	LONG	0,00167	5981,87	0,00451	HOLD	98,2349	116,3262
2022-12-26	17:00	16832,98	16865,62	16828,58	16847,65	LONG	0,00167	5981,87	0,00451	HOLD	98,2349	116,3507
2022-12-26	18:00	16847,65	16873,15	16844,56	16864,04	LONG	0,00167	5981,87	0,00451	HOLD	98,2349	116,3781
2022-12-26	19:00	16864,64	16868,34	16850,27	16858,93	LONG	0,00167	5981,87	0,00451	HOLD	98,2349	116,3696
2022-12-26	20:00	16858,65	16860,66	16831,85	16838,13	LONG	0,00167	5981,87	0,00451	HOLD	98,2349	116,3348
2022-12-26	21:00	16838,13	16845,5	16826,13	16832,9	LONG	0,00167	5981,87	0,00451	HOLD	98,2349	116,3261
2022-12-26	22:00	16833,12	16838,19	16791	16809,51	LONG	0,00167	5981,87	0,00451	HOLD	98,2349	116,287
2022-12-26	23:00	16809,51	16842,71	16798,38	16839,47	LONG	0,00167	5981,87	0,00451	HOLD	98,2349	116,3371
2022-12-27	00:00	16839,03	16845,22	16827,03	16835,33	LONG	0,00167	5981,87	0,00451	HOLD	98,2349	116,3301
2022-12-27	01:00	16835,34	16844,09	16813,95	16819,57	LONG	0,00167	5981,87	0,00451	HOLD	98,2349	116,3038
2022-12-27	02:00	16819,57	16862,23	16815,71	16841	LONG	0,00167	5981,87	0,00451	HOLD	98,2349	116,3396
2022-12-27	03:00	16841	16848,4	16834,16	16842,58	LONG	0,00167	5981,87	0,00451	HOLD	98,2349	116,3423
2022-12-27	04:00	16842,26	16852,61	16822,71	16833,38	LONG	0,00167	5981,87	0,00451	HOLD	98,2349	116,3269
2022-12-27	05:00	16833,38	16849,56	16831,48	16838,7	LONG	0,00167	5981,87	0,00451	HOLD	98,2349	116,3358
2022-12-27	06:00	16838,7	16944,52	16817,82	16919,39	LONG	0,00167	5981,87	0,00451	HOLD	98,2349	116,4705
2022-12-27	07:00	16919,39	16972,83	16839	16870,39	LONG	0,00167	5981,87	0,00451	HOLD	98,2349	116,3887
2022-12-27	08:00	16870,86	16890,08	16851,78	16865,6	LONG	0,00167	5981,87	0,00451	HOLD	98,2349	116,3807
2022-12-27	09:00	16865,6	16891,68	16865,51	16880,19	LONG	0,00167	5981,87	0,00451	HOLD	98,2349	116,4051
2022-12-27	10:00	16880,04	16884,87	16856,4	16876,51	LONG	0,00167	5981,87	0,00451	HOLD	98,2349	116,3989
2022-12-27	11:00	16876,82	16894,57	16868,29	16891,26	LONG	0,00167	5981,87	0,00451	HOLD	98,2349	116,4235
2022-12-27	12:00	16891,27	16897	16868,86	16872,11	LONG	0,00167	5981,87	0,00451	HOLD	98,2349	116,3916
2022-12-27	13:00	16872,1	16891,99	16858,75	16890	LONG	0,00167	5981,87	0,00451	HOLD	98,2349	116,4214
2022-12-27	14:00	16890	16891	16853,52	16869,19	LONG	0,00167	5981,87	0,00451	HOLD	98,2349	116,3867
2022-12-27	15:00	16869,68	16874,06	16830,75	16849,22	LONG	0,00167	5981,87	0,00451	HOLD	98,2349	116,3533
2022-12-27	16:00	16849,79	16882,03	16839,65	16876,95	LONG	0,00167	5981,87	0,00451	HOLD	98,2349	116,3996
2022-12-27	17:00	16876,95	16878,95	16850,55	16859,25	LONG	0,00167	5981,87	0,00451	HOLD	98,2349	116,3701
2022-12-27	18:00	16858,94	16862,61	16806,57	16832,4	LONG	0,00167	5981,87	0,00451	HOLD	98,2349	116,3253
2022-12-27	19:00	16832,01	16839	16798	16812	LONG	0,00167	5981,87	0,00451	HOLD	98,2349	116,2912
2022-12-27	20:00	16812	16838,21	16801,91	16819,8	LONG	0,00167	5981,87	0,00451	HOLD	98,2349	116,3042
2022-12-27	21:00	16819,44	16830,66	16733,21	16772,25	LONG	0,00167	5981,87	0,00451	HOLD	98,2349	116,2248
2022-12-27	22:00	16771,85	16839,49	16745,35	16799,78	LONG	0,00167	5981,87	0,00451	HOLD	98,2349	116,2708
2022-12-27	23:00	16799,92	16804,98	16757,75	16777,2	LONG	0,00167	5981,87	0,00451	HOLD	98,2349	116,2331
2022-12-28	00:00	16777,2	16784,33	16620,04	16679,7	LONG	0,00167	5981,87	0,00451	HOLD	98,2349	116,0702
2022-12-28	01:00	16680,28	16683,67	16613,16	16636,46	LONG	0,00167	5981,87	0,00451	HOLD	98,2349	115,998
2022-12-28	02:00	16636,46	16691,63	16592,37	16690,75	LONG	0,00167	5981,87	0,00451	HOLD	98,2349	116,0887
2022-12-28	03:00	16690,75	16697,52	16656,72	16666,46	LONG	0,00167	5981,87	0,00451	HOLD	98,2349	116,0481
2022-12-28	04:00	16666,46	16716,93	16651,03	16703,55	LONG	0,00167	5981,87	0,00451	HOLD	98,2349	116,1101
2022-12-28	05:00	16702,83	16708,8	16686,39	16690,96	LONG	0,00167	5981,87	0,00451	HOLD	98,2349	116,089
2022-12-28	06:00	16690,96	16723,24	16684,82	16706,36	LONG	0,00167	5981,87	0,00451	HOLD	98,2349	116,1148
2022-12-28	07:00	16706,06	16724,69	16667,28	16686,23	LONG	0,00167	5981,87	0,00451	HOLD	98,2349	116,0811
2022-12-28	08:00	16686,23	16755,2	16649,99	16695,55	LONG	0,00167	5981,87	0,00451	HOLD	98,2349	116,0967
2022-12-28	09:00	16695,55	16713,41	16677,42	16683,81	LONG	0,00167	5981,87	0,00451	HOLD	98,2349	116,0771
2022-12-28	10:00	16683,81	16694,68	16559,79	16650,65	LONG	0,00167	5981,87	0,00451	HOLD	98,2349	116,0217
2022-12-28	11:00	16650,65	16678,85	16641,25	16660,44	LONG	0,00167	5981,87	0,00451	HOLD	98,2349	116,0381
2022-12-28	12:00	16660,15	16668	16585,71	16602,98	LONG	0,00167	5981,87	0,00451	HOLD	98,2349	115,9421
2022-12-28	13:00	16603,96	16622,09	16592,18	16612,64	LONG	0,00167	5981,87	0,00451	HOLD	98,2349	115,9583
2022-12-28	14:00	16612,21	16655,17	16610,99	16647,16	LONG	0,00167	5981,87	0,00451	HOLD	98,2349	116,0159
2022-12-28	15:00	16647,16	16666,58	16632	16643,65	LONG	0,00167	5981,87	0,00451	HOLD	98,2349	116,01
2022-12-28	16:00	16643,66	16681	16632	16659	LONG	0,00167	5981,87	0,00451	HOLD	98,2349	116,0357
2022-12-28	17:00	16659	16682	16646,05	16665,33	LONG	0,00167	5981,87	0,00451	HOLD	98,2349	116,0462
2022-12-28	18:00	16664,88	16689,3	16659,85	16678,98	LONG	0,00167	5981,87	0,00451	HOLD	98,2349	116,069
2022-12-28	19:00	16678,52	16687,57	16651,54	16655,69	LONG	0,00167	5981,87	0,00451	HOLD	98,2349	116,0301
2022-12-28	20:00	16655,7	16664,97	16640,67	16652,02	LONG	0,00167	5981,87	0,00451	HOLD	98,2349	116,024
2022-12-28	21:00	16652,02	16767,31	16627,94	16739,01	LONG	0,00167	5981,87	0,00451	HOLD	98,2349	116,1693
2022-12-28	22:00	16739,66	16785,19	16569,94	16578,52	LONG	0,00167	5981,87	0,00451	HOLD	98,2349	115,9013
2022-12-28	23:00	16578,02	16627,92	16563,63	16608,23	LONG	0,00167	5981,87	0,00451	HOLD	98,2349	115,9509
2022-12-29	00:00	16607,86	16658,9	16590,37	16640,45	LONG	0,00167	5981,87	0,00451	HOLD	98,2349	116,0047
2022-12-29	01:00	16640,02	16668	16617,21	16632,92	LONG	0,00167	5981,87	0,00451	HOLD	98,2349	115,9921
2022-12-29	02:00	16633,18	16647,1	16591,38	16595,92	LONG	0,00167	5981,87	0,00451	HOLD	98,2349	115,9303
2022-12-29	03:00	16595,43	16615,67	16578,57	16596	LONG	0,00167	5981,87	0,00451	HOLD	98,2349	115,9305
2022-12-29	04:00	16596,9	16598,42	16465,33	16527,88	LONG	0,00167	5981,87	0,00451	HOLD	98,2349	115,8167
2022-12-29	05:00	16527,88	16542,41	16475,98	16518,03	LONG	0,00167	5981,87	0,00451	HOLD	98,2349	115,8003
2022-12-29	06:00	16518,03	16560,64	16511,16	16547,31	LONG	0,00167	5981,87	0,00451	HOLD	98,2349	115,8491
2022-12-29	07:00	16547,32	16594	16540,65	16583,19	LONG	0,00167	5981,87	0,00451	HOLD	98,2349	115,9091
2022-12-29	08:00	16583,19	16586,92	16544	16548,53	LONG	0,00167	5981,87	0,00451	HOLD	98,2349	115,8512
2022-12-29	09:00	16548,53	16555	16488,91	16540,93	LONG	0,00167	5981,87	0,00451	HOLD	98,2349	115,8385
2022-12-29	10:00	16540,93	16563,49	16534,62	16558,33	LONG	0,00167	5981,87	0,00451	HOLD	98,2349	115,8676
2022-12-29	11:00	16558,33	16583,87	16539,85	16572,23	LONG	0,00167	5981,87	0,00451	HOLD	98,2349	115,8908
2022-12-29	12:00	16572,67	16582,79	16556,71	16576,59	LONG	0,00167	5981,87	0,00451	HOLD	98,2349	115,898
2022-12-29	13:00	16577,21	16582,38	16558	16564,49	LONG	0,00167	5981,87	0,00451	HOLD	98,2349	115,8778
2022-12-29	14:00	16564,6	16572,71	16534,04	16556,37	LONG	0,00167	5981,87	0,00451	HOLD	98,2349	115,8643
2022-12-29	15:00	16556,37	16567,36	16517,54	16530,88	LONG	0,00167	5981,87	0,00451	HOLD	98,2349	115,8217
2022-12-29	16:00	16530,16	16630	16529,84	16591,59	LONG	0,00167	5981,87	0,00451	HOLD	98,2349	115,9231
2022-12-29	17:00	16591,59	16610,75	16578,49	16604,78	LONG	0,00167	5981,87	0,00451	HOLD	98,2349	115,9451
2022-12-29	18:00	16604,78	16622,06	16588,16	16598,7	LONG	0,00167	5981,87	0,00451	HOLD	98,2349	115,935
2022-12-29	19:00	16598,7	16623,72	16590,64	16616,87	LONG	0,00167	5981,87	0,00451	HOLD	98,2349	115,9653
2022-12-29	20:00	16616,79	16651,48	16593,51	16616,84	LONG	0,00167	5981,87	0,00451	HOLD	98,2349	115,9653
2022-12-29	21:00	16616,84	16663,77	16601,89	16629,53	LONG	0,00167	5981,87	0,00451	HOLD	98,2349	115,9865
2022-12-29	22:00	16630,12	16664,41	16607,98	16616,6	LONG	0,00167	5981,87	0,00451	HOLD	98,2349	115,9649
2022-12-29	23:00	16616,6	16654,54	16606,44	16632,06	LONG	0,00167	5981,87	0,00451	HOLD	98,2349	115,9907
2022-12-30	00:00	16632,06	16639,16	16595,5	16616,47	LONG	0,00167	5981,87	0,00451	HOLD	98,2349	115,9646
2022-12-30	01:00	16616,06	16636,72	16603,04	16633,73	LONG	0,00167	5981,87	0,00451	HOLD	98,2349	115,9935
2022-12-30	02:00	16633,73	16642,08	16590,82	16612,4	LONG	0,00167	5981,87	0,00451	HOLD	98,2349	115,9579
2022-12-30	03:00	16612,4	16618,63	16555,57	16599,24	LONG	0,00167	5981,87	0,00451	HOLD	98,2349	115,9359
2022-12-30	04:00	16599,24	16614,88	16590,76	16599,54	LONG	0,00167	5981,87	0,00451	HOLD	98,2349	115,9364
2022-12-30	05:00	16599,53	16639	16595,09	16619,56	LONG	0,00167	5981,87	0,00451	HOLD	98,2349	115,9698
2022-12-30	06:00	16619,56	16654,51	16612,39	16633,47	LONG	0,00167	5981,87	0,00451	HOLD	98,2349	115,993
2022-12-30	07:00	16633,47	16648,77	16617,74	16629,52	LONG	0,00167	5981,87	0,00451	HOLD	98,2349	115,9864
2022-12-30	08:00	16629,52	16635,81	16601,24	16608,63	LONG	0,00167	5981,87	0,00451	HOLD	98,2349	115,9516
2022-12-30	09:00	16608,63	16624,4	16579,75	16604,06	LONG	0,00167	5981,87	0,00451	HOLD	98,2349	115,9439
2022-12-30	10:00	16603,63	16615,55	16582,95	16599,08	LONG	0,00167	5981,87	0,00451	HOLD	98,2349	115,9356
2022-12-30	11:00	16598,79	16615,35	16590,86	16613,79	LONG	0,00167	5981,87	0,00451	HOLD	98,2349	115,9602
2022-12-30	12:00	16613,94	16614,54	16517,09	16554,39	LONG	0,00167	5981,87	0,00451	HOLD	98,2349	115,861
2022-12-30	13:00	16554,39	16574,66	16534,52	16544,94	LONG	0,00167	5981,87	0,00451	HOLD	98,2349	115,8452
2022-12-30	14:00	16545,55	16546,38	16429	16474,93	LONG	0,00167	5981,87	0,00451	HOLD	98,2349	115,7283
2022-12-30	15:00	16475,1	16510,09	16458,25	16500,24	LONG	0,00167	5981,87	0,00451	HOLD	98,2349	115,7705
2022-12-30	16:00	16500,24	16531,1	16497,31	16517,21	LONG	0,00167	5981,87	0,00451	HOLD	98,2349	115,7989
2022-12-30	17:00	16517,55	16530,64	16485,51	16488,71	LONG	0,00167	5981,87	0,00451	HOLD	98,2349	115,7513
2022-12-30	18:00	16488,87	16518,3	16484	16496,27	LONG	0,00167	5981,87	0,00451	HOLD	98,2349	115,7639
2022-12-30	19:00	16495,96	16507,92	16472,31	16494,58	LONG	0,00167	5981,87	0,00451	HOLD	98,2349	115,7611
2022-12-30	20:00	16494,14	16505,95	16457,63	16465,88	LONG	0,00167	5981,87	0,00451	HOLD	98,2349	115,7132
2022-12-30	21:00	16465,87	16500,44	16333	16413,4	LONG	0,00167	5981,87	0,00451	HOLD	98,2349	115,6255
2022-12-30	22:00	16414,18	16580,7	16400,4	16555,26	LONG	0,00167	5981,87	0,00451	HOLD	98,2349	115,8624
2022-12-30	23:00	16555,26	16577	16515,45	16545,86	LONG	0,00167	5981,87	0,00451	HOLD	98,2349	115,8467
2022-12-31	00:00	16545,86	16551,4	16517,08	16533,12	LONG	0,00167	5981,87	0,00451	HOLD	98,2349	115,8255
2022-12-31	01:00	16533,77	16574,61	16518,81	16565,77	LONG	0,00167	5981,87	0,00451	HOLD	98,2349	115,88
2022-12-31	02:00	16565,77	16570,53	16523,81	16525,37	LONG	0,00167	5981,87	0,00451	HOLD	98,2349	115,8125
2022-12-31	03:00	16525,91	16571,51	16523,91	16568,69	LONG	0,00167	5981,87	0,00451	HOLD	98,2349	115,8849
2022-12-31	04:00	16569,36	16677,35	16568,31	16585,06	LONG	0,00167	5981,87	0,00451	HOLD	98,2349	115,9122
2022-12-31	05:00	16585,06	16597	16577,57	16583,27	LONG	0,00167	5981,87	0,00451	HOLD	98,2349	115,9092
2022-12-31	06:00	16582,81	16618,75	16568	16607,48	LONG	0,00167	5981,87	0,00451	HOLD	98,2349	115,9496
2022-12-31	07:00	16607,48	16616,37	16578	16580,32	LONG	0,00167	5981,87	0,00451	HOLD	98,2349	115,9043
2022-12-31	08:00	16580,32	16583,69	16562,36	16568,24	LONG	0,00167	5981,87	0,00451	HOLD	98,2349	115,8841
2022-12-31	09:00	16568,23	16579,79	16560,47	16575,94	LONG	0,00167	5981,87	0,00451	HOLD	98,2349	115,897
2022-12-31	10:00	16576,18	16577,38	16550,01	16552,46	LONG	0,00167	5981,87	0,00451	HOLD	98,2349	115,8578
2022-12-31	11:00	16552,46	16555,59	16541,75	16551,89	LONG	0,00167	5981,87	0,00451	HOLD	98,2349	115,8568
2022-12-31	12:00	16551,89	16566,37	16531	16538,76	LONG	0,00167	5981,87	0,00451	HOLD	98,2349	115,8349
2022-12-31	13:00	16538,29	16556,67	16534,03	16546,71	LONG	0,00167	5981,87	0,00451	HOLD	98,2349	115,8481
2022-12-31	14:00	16546,43	16568,12	16542,36	16565,09	LONG	0,00167	5981,87	0,00451	HOLD	98,2349	115,8788
2022-12-31	15:00	16564,81	16583,9	16549	16554,05	LONG	0,00167	5981,87	0,00451	HOLD	98,2349	115,8604
2022-12-31	16:00	16554,05	16557,98	16540,01	16544,26	LONG	0,00167	5981,87	0,00451	HOLD	98,2349	115,8441
2022-12-31	17:00	16543,79	16573,8	16543	16566,03	LONG	0,00167	5981,87	0,00451	HOLD	98,2349	115,8804
2022-12-31	18:00	16565,74	16580,41	16563,3	16567,15	LONG	0,00167	5981,87	0,00451	HOLD	98,2349	115,8823
2022-12-31	19:00	16567,52	16582,36	16547,12	16575,44	LONG	0,00167	5981,87	0,00451	HOLD	98,2349	115,8961
2022-12-31	20:00	16575,07	16606,84	16572,01	16600,89	LONG	0,00167	5981,87	0,00451	HOLD	98,2349	115,9386
2022-12-31	21:00	16600,89	16644,09	16580,7	16586,43	LONG	0,00167	5981,87	0,00451	HOLD	98,2349	115,9145
2022-12-31	22:00	16586,43	16625,79	16585,51	16590,1	LONG	0,00167	5981,87	0,00451	HOLD	98,2349	115,9206
2022-12-31	23:00	16590,1	16613,3	16581,24	16600,39	LONG	0,00167	5981,87	0,00451	HOLD	98,2349	115,9378
2023-01-01	00:00	16600,93	16604,37	16571,01	16582,08	LONG	0,00167	5981,87	0,00451	HOLD	98,2349	115,9072
2023-01-01	01:00	16581,45	16589,36	16571,8	16577,79	LONG	0,00167	5981,87	0,00451	HOLD	98,2349	115,9001
2023-01-01	02:00	16577,78	16590,06	16565,1	16570,14	LONG	0,00167	5981,87	0,00451	HOLD	98,2349	115,8873
2023-01-01	03:00	16570,14	16574,97	16564,09	16568,6	LONG	0,00167	5981,87	0,00451	HOLD	98,2349	115,8847
2023-01-01	04:00	16568,19	16571,64	16544,12	16548,28	LONG	0,00167	5981,87	0,00451	HOLD	98,2349	115,8508
2023-01-01	05:00	16548,28	16567,49	16470	16520,81	LONG	0,00167	5981,87	0,00451	HOLD	98,2349	115,8049
2023-01-01	06:00	16520,28	16551,24	16487,74	16542,4	LONG	0,00167	5981,87	0,00451	HOLD	98,2349	115,841
2023-01-01	07:00	16541,77	16545,7	16508,39	16529,67	LONG	0,00167	5981,87	0,00451	HOLD	98,2349	115,8197
2023-01-01	08:00	16529,59	16556,8	16525,78	16551,47	LONG	0,00167	5981,87	0,00451	HOLD	98,2349	115,8561
2023-01-01	09:00	16551,47	16559,77	16538,14	16548,19	LONG	0,00167	5981,87	0,00451	HOLD	98,2349	115,8506
2023-01-01	10:00	16548,19	16548,19	16518,21	16533,04	LONG	0,00167	5981,87	0,00451	HOLD	98,2349	115,8253
2023-01-01	11:00	16533,04	16535,97	16511,92	16521,85	LONG	0,00167	5981,87	0,00451	HOLD	98,2349	115,8066
2023-01-01	12:00	16522,22	16534,98	16512,3	16530,71	LONG	0,00167	5981,87	0,00451	HOLD	98,2349	115,8214
2023-01-01	13:00	16530,71	16550	16528,81	16539,79	LONG	0,00167	5981,87	0,00451	HOLD	98,2349	115,8366
2023-01-01	14:00	16539,79	16544,57	16499,01	16526,19	LONG	0,00167	5981,87	0,00451	HOLD	98,2349	115,8139
2023-01-01	15:00	16525,7	16534,03	16508,45	16513,34	LONG	0,00167	5981,87	0,00451	HOLD	98,2349	115,7924
2023-01-01	16:00	16513,33	16542,49	16505,2	16537,88	LONG	0,00167	5981,87	0,00451	HOLD	98,2349	115,8334
2023-01-01	17:00	16538,32	16548,71	16533,42	16548,34	LONG	0,00167	5981,87	0,00451	HOLD	98,2349	115,8509
2023-01-01	18:00	16547,98	16557	16540,2	16556,66	LONG	0,00167	5981,87	0,00451	HOLD	98,2349	115,8648
2023-01-01	19:00	16556,66	16572,94	16548,58	16560,93	LONG	0,00167	5981,87	0,00451	HOLD	98,2349	115,8719
2023-01-01	20:00	16561,29	16567,26	16539,05	16548,04	LONG	0,00167	5981,87	0,00451	HOLD	98,2349	115,8504
2023-01-01	21:00	16547,61	16558,56	16540,85	16542,94	LONG	0,00167	5981,87	0,00451	HOLD	98,2349	115,8419
2023-01-01	22:00	16542,94	16559,99	16533,68	16558,73	LONG	0,00167	5981,87	0,00451	HOLD	98,2349	115,8682
2023-01-01	23:00	16558,73	16584,66	16558	16565,14	LONG	0,00167	5981,87	0,00451	HOLD	98,2349	115,8789
2023-01-02	00:00	16565,13	16596,64	16562,51	16578,85	LONG	0,00167	5981,87	0,00451	HOLD	98,2349	115,9018
2023-01-02	01:00	16579,25	16603,89	16578,85	16591,88	LONG	0,00167	5981,87	0,00451	HOLD	98,2349	115,9236
2023-01-02	02:00	16591,35	16623,65	16591,34	16603,08	LONG	0,00167	5981,87	0,00451	HOLD	98,2349	115,9423
2023-01-02	03:00	16603,53	16628	16600,55	16604,51	LONG	0,00167	5981,87	0,00451	HOLD	98,2349	115,9447
2023-01-02	04:00	16604,51	16608,83	16592,63	16606,68	LONG	0,00167	5981,87	0,00451	HOLD	98,2349	115,9483
2023-01-02	05:00	16607,02	16613,85	16586,24	16602,12	LONG	0,00167	5981,87	0,00451	HOLD	98,2349	115,9407
2023-01-02	06:00	16602,39	16625	16600,8	16616,75	LONG	0,00167	5981,87	0,00451	HOLD	98,2349	115,9651
2023-01-02	07:00	16617,17	16629,05	16581,25	16588,35	LONG	0,00167	5981,87	0,00451	HOLD	98,2349	115,9177
2023-01-02	08:00	16587,97	16589,2	16548,7	16565,04	LONG	0,00167	5981,87	0,00451	HOLD	98,2349	115,8788
2023-01-02	09:00	16565,03	16595,92	16555	16587,85	LONG	0,00167	5981,87	0,00451	HOLD	98,2349	115,9169
2023-01-02	10:00	16587,99	16707,25	16581,8	16661,94	LONG	0,00167	5981,87	0,00451	HOLD	98,2349	116,0406
2023-01-02	11:00	16662,38	16674,84	16629,29	16639,44	LONG	0,00167	5981,87	0,00451	HOLD	98,2349	116,003
2023-01-02	12:00	16639,74	16662,94	16619,44	16647,58	LONG	0,00167	5981,87	0,00451	HOLD	98,2349	116,0166
2023-01-02	13:00	16648,37	16663,27	16635,93	16641,1	LONG	0,00167	5981,87	0,00451	HOLD	98,2349	116,0058
2023-01-02	14:00	16641,1	16769,51	16637,44	16721,28	LONG	0,00167	5981,87	0,00451	HOLD	98,2349	116,1397
2023-01-02	15:00	16721,27	16772,01	16707,52	16733,71	LONG	0,00167	5981,87	0,00451	HOLD	98,2349	116,1604
2023-01-02	16:00	16733,71	16745,68	16710,54	16717,5	LONG	0,00167	5981,87	0,00451	HOLD	98,2349	116,1334
2023-01-02	17:00	16717,5	16762,86	16708,68	16727,95	LONG	0,00167	5981,87	0,00451	HOLD	98,2349	116,1508
2023-01-02	18:00	16727,72	16741,72	16704,07	16735,11	LONG	0,00167	5981,87	0,00451	HOLD	98,2349	116,1628
2023-01-02	19:00	16735,51	16746,29	16719,3	16721,54	LONG	0,00167	5981,87	0,00451	HOLD	98,2349	116,1401
2023-01-02	20:00	16721,96	16725,6	16685	16694,78	LONG	0,00167	5981,87	0,00451	HOLD	98,2349	116,0954
2023-01-02	21:00	16695,12	16710,41	16669,15	16698,69	LONG	0,00167	5981,87	0,00451	HOLD	98,2349	116,102
2023-01-02	22:00	16698,69	16750	16692,01	16734,66	LONG	0,00167	5981,87	0,00451	HOLD	98,2349	116,162
2023-01-02	23:00	16734,66	16739,64	16708,23	16710,88	LONG	0,00167	5981,87	0,00451	HOLD	98,2349	116,1223
2023-01-03	00:00	16710,69	16723	16707,12	16715,42	LONG	0,00167	5981,87	0,00451	HOLD	98,2349	116,1299
2023-01-03	01:00	16715,42	16731,71	16707,47	16723,81	LONG	0,00167	5981,87	0,00451	HOLD	98,2349	116,1439
2023-01-03	02:00	16723,64	16738,22	16715,88	16737,56	LONG	0,00167	5981,87	0,00451	HOLD	98,2349	116,1669
2023-01-03	03:00	16737,56	16738,23	16709,29	16728,52	LONG	0,00167	5981,87	0,00451	HOLD	98,2349	116,1518
2023-01-03	04:00	16728,52	16799,23	16718,41	16757,76	LONG	0,00167	5981,87	0,00451	HOLD	98,2349	116,2006
2023-01-03	05:00	16757,76	16763,78	16690,18	16698,4	LONG	0,00167	5981,87	0,00451	HOLD	98,2349	116,1015
2023-01-03	06:00	16698,4	16722,98	16660,51	16672,87	LONG	0,00167	5981,87	0,00451	HOLD	98,2349	116,0588
2023-01-03	07:00	16672,78	16706,14	16647,81	16695,59	LONG	0,00167	5981,87	0,00451	HOLD	98,2349	116,0968
2023-01-03	08:00	16695,59	16696,04	16651,42	16677,6	LONG	0,00167	5981,87	0,00451	HOLD	98,2349	116,0667
2023-01-03	09:00	16677,6	16688,53	16671,6	16674,03	LONG	0,00167	5981,87	0,00451	HOLD	98,2349	116,0608
2023-01-03	10:00	16674,04	16700,28	16666,91	16691,81	LONG	0,00167	5981,87	0,00451	HOLD	98,2349	116,0905
2023-01-03	11:00	16691,81	16699,63	16681,79	16685,64	LONG	0,00167	5981,87	0,00451	HOLD	98,2349	116,0802
2023-01-03	12:00	16685,21	16727,72	16683,31	16725,5	LONG	0,00167	5981,87	0,00451	HOLD	98,2349	116,1467
2023-01-03	13:00	16725,5	16778,4	16722,31	16727,58	LONG	0,00167	5981,87	0,00451	HOLD	98,2349	116,1502
2023-01-03	14:00	16727,58	16732,64	16707,57	16729,74	LONG	0,00167	5981,87	0,00451	HOLD	98,2349	116,1538
2023-01-03	15:00	16730,15	16735,84	16698,15	16715,22	LONG	0,00167	5981,87	0,00451	HOLD	98,2349	116,1296
2023-01-03	16:00	16714,77	16766	16714	16741,31	LONG	0,00167	5981,87	0,00451	HOLD	98,2349	116,1731
2023-01-03	17:00	16741,22	16749,1	16721,89	16724,32	LONG	0,00167	5981,87	0,00451	HOLD	98,2349	116,1448
2023-01-03	18:00	16724	16737,58	16709,87	16721,03	LONG	0,00167	5981,87	0,00451	HOLD	98,2349	116,1393
2023-01-03	19:00	16721,42	16728,02	16703	16710,85	LONG	0,00167	5981,87	0,00451	HOLD	98,2349	116,1223
2023-01-03	20:00	16710,85	16739,93	16709,41	16725,53	LONG	0,00167	5981,87	0,00451	HOLD	98,2349	116,1468
2023-01-03	21:00	16725,53	16773	16631,95	16661,23	LONG	0,00167	5981,87	0,00451	HOLD	98,2349	116,0394
2023-01-03	22:00	16662,08	16683,45	16617,79	16676,94	LONG	0,00167	5981,87	0,00451	HOLD	98,2349	116,0656
2023-01-03	23:00	16677,54	16688,2	16611,3	16622,58	LONG	0,00167	5981,87	0,00451	HOLD	98,2349	115,9749
2023-01-04	00:00	16621,93	16644	16605,28	16633,65	LONG	0,00167	5981,87	0,00451	HOLD	98,2349	115,9933
2023-01-04	01:00	16633,15	16653,53	16626,8	16645,08	LONG	0,00167	5981,87	0,00451	HOLD	98,2349	116,0124
2023-01-04	02:00	16644,51	16657,54	16622,41	16643,37	LONG	0,00167	5981,87	0,00451	HOLD	98,2349	116,0096
2023-01-04	03:00	16643,77	16680,44	16640,4	16661,37	LONG	0,00167	5981,87	0,00451	HOLD	98,2349	116,0396
2023-01-04	04:00	16661,37	16685,73	16658,36	16664,63	LONG	0,00167	5981,87	0,00451	HOLD	98,2349	116,0451
2023-01-04	05:00	16664,44	16680,37	16647,71	16677,11	LONG	0,00167	5981,87	0,00451	HOLD	98,2349	116,0659
2023-01-04	06:00	16677,11	16695	16667,16	16675,18	LONG	0,00167	5981,87	0,00451	HOLD	98,2349	116,0627
2023-01-04	07:00	16675,65	16677,15	16652,66	16660,53	LONG	0,00167	5981,87	0,00451	HOLD	98,2349	116,0382
2023-01-04	08:00	16660,53	16737,23	16657,68	16701,97	LONG	0,00167	5981,87	0,00451	HOLD	98,2349	116,1074
2023-01-04	09:00	16701,63	16754,52	16701,5	16736,52	LONG	0,00167	5981,87	0,00451	HOLD	98,2349	116,1651
2023-01-04	10:00	16736,52	16877,65	16736,39	16862,02	LONG	0,00167	5981,87	0,00451	HOLD	98,2349	116,3747
2023-01-04	11:00	16862,61	16910,98	16849,44	16860,5	LONG	0,00167	5981,87	0,00451	HOLD	98,2349	116,3722
2023-01-04	12:00	16861,05	16867,22	16840,36	16857,57	LONG	0,00167	5981,87	0,00451	HOLD	98,2349	116,3673
2023-01-04	13:00	16857,57	16880	16849,31	16878,18	LONG	0,00167	5981,87	0,00451	HOLD	98,2349	116,4017
2023-01-04	14:00	16878,87	16891,27	16850	16869,44	LONG	0,00167	5981,87	0,00451	HOLD	98,2349	116,3871
2023-01-04	15:00	16869,49	16919	16833,5	16864,95	LONG	0,00167	5981,87	0,00451	HOLD	98,2349	116,3796
2023-01-04	16:00	16864,51	16869,7	16831,13	16844,91	LONG	0,00167	5981,87	0,00451	HOLD	98,2349	116,3461
2023-01-04	17:00	16844,69	16848,06	16832,1	16844,92	LONG	0,00167	5981,87	0,00451	HOLD	98,2349	116,3462
2023-01-04	18:00	16845,3	16854,24	16834,42	16835,35	LONG	0,00167	5981,87	0,00451	HOLD	98,2349	116,3302
2023-01-04	19:00	16835,35	16846,95	16804,08	16812,19	LONG	0,00167	5981,87	0,00451	HOLD	98,2349	116,2915
2023-01-04	20:00	16812,57	16837,34	16808,55	16828,2	LONG	0,00167	5981,87	0,00451	HOLD	98,2349	116,3182
2023-01-04	21:00	16828,4	16863,09	16795,24	16830,12	LONG	0,00167	5981,87	0,00451	HOLD	98,2349	116,3214
2023-01-04	22:00	16830,12	16858,51	16765,3	16854,05	LONG	0,00167	5981,87	0,00451	HOLD	98,2349	116,3614
2023-01-04	23:00	16853,55	16897	16829	16858,85	LONG	0,00167	5981,87	0,00451	HOLD	98,2349	116,3694
2023-01-05	00:00	16858,85	16940	16849,5	16893,24	LONG	0,00167	5981,87	0,00451	HOLD	98,2349	116,4269
2023-01-05	01:00	16892,98	16985,91	16872,07	16948,04	LONG	0,00167	5981,87	0,00451	HOLD	98,2349	116,5184
2023-01-05	02:00	16948,04	16991,87	16787,85	16842,36	LONG	0,00167	5981,87	0,00451	HOLD	98,2349	116,3419
2023-01-05	03:00	16842,32	16852,23	16777	16806,49	LONG	0,00167	5981,87	0,00451	HOLD	98,2349	116,282
2023-01-05	04:00	16806,49	16832,73	16793,73	16826,81	LONG	0,00167	5981,87	0,00451	HOLD	98,2349	116,3159
2023-01-05	05:00	16827,21	16853,71	16814,93	16826,68	LONG	0,00167	5981,87	0,00451	HOLD	98,2349	116,3157
2023-01-05	06:00	16826,72	16869,56	16815,54	16850,36	LONG	0,00167	5981,87	0,00451	HOLD	98,2349	116,3552
2023-01-05	07:00	16850,36	16878,18	16827,24	16828,45	LONG	0,00167	5981,87	0,00451	HOLD	98,2349	116,3187
2023-01-05	08:00	16828,09	16849,99	16807,72	16832,9	LONG	0,00167	5981,87	0,00451	HOLD	98,2349	116,3261
2023-01-05	09:00	16833,37	16844,44	16823,3	16836,8	LONG	0,00167	5981,87	0,00451	HOLD	98,2349	116,3326
2023-01-05	10:00	16836,8	16838,57	16818,86	16827,71	LONG	0,00167	5981,87	0,00451	HOLD	98,2349	116,3174
2023-01-05	11:00	16827,71	16842,85	16821,21	16836,41	LONG	0,00167	5981,87	0,00451	HOLD	98,2349	116,3319
2023-01-05	12:00	16836,41	16849,37	16835,04	16844,12	LONG	0,00167	5981,87	0,00451	HOLD	98,2349	116,3448
2023-01-05	13:00	16844,12	16845,8	16812,56	16817,13	LONG	0,00167	5981,87	0,00451	HOLD	98,2349	116,2997
2023-01-05	14:00	16817,34	16824,4	16789,87	16823,64	LONG	0,00167	5981,87	0,00451	HOLD	98,2349	116,3106
2023-01-05	15:00	16823,05	16829,99	16792,85	16807,53	LONG	0,00167	5981,87	0,00451	HOLD	98,2349	116,2837
2023-01-05	16:00	16807,74	16814,23	16780,75	16807,12	LONG	0,00167	5981,87	0,00451	HOLD	98,2349	116,283
2023-01-05	17:00	16807,22	16837,59	16803,49	16825,08	LONG	0,00167	5981,87	0,00451	HOLD	98,2349	116,313
2023-01-05	18:00	16825,36	16839	16814,71	16833,6	LONG	0,00167	5981,87	0,00451	HOLD	98,2349	116,3273
2023-01-05	19:00	16833,6	16834,7	16816,68	16822,13	LONG	0,00167	5981,87	0,00451	HOLD	98,2349	116,3081
2023-01-05	20:00	16822,13	16832,54	16777,86	16780,25	LONG	0,00167	5981,87	0,00451	HOLD	98,2349	116,2382
2023-01-05	21:00	16780,79	16837	16753	16829,59	LONG	0,00167	5981,87	0,00451	HOLD	98,2349	116,3206
2023-01-05	22:00	16830,28	16879,82	16823,1	16842,94	LONG	0,00167	5981,87	0,00451	HOLD	98,2349	116,3429
2023-01-05	23:00	16842,94	16865,21	16823,22	16838,28	LONG	0,00167	5981,87	0,00451	HOLD	98,2349	116,3351
2023-01-06	00:00	16837,96	16846,88	16811,82	16814,48	LONG	0,00167	5981,87	0,00451	HOLD	98,2349	116,2953
2023-01-06	01:00	16814,18	16847,59	16800,5	16841,93	LONG	0,00167	5981,87	0,00451	HOLD	98,2349	116,3412
2023-01-06	02:00	16841,94	16875,5	16826,67	16863,85	LONG	0,00167	5981,87	0,00451	HOLD	98,2349	116,3778
2023-01-06	03:00	16864,29	16873,52	16846,63	16859,02	LONG	0,00167	5981,87	0,00451	HOLD	98,2349	116,3697
2023-01-06	04:00	16859,02	16864,84	16834,17	16848,51	LONG	0,00167	5981,87	0,00451	HOLD	98,2349	116,3522
2023-01-06	05:00	16848,51	16857,96	16832,34	16837,85	LONG	0,00167	5981,87	0,00451	HOLD	98,2349	116,3344
2023-01-06	06:00	16838,09	16847,88	16818,91	16831,85	LONG	0,00167	5981,87	0,00451	HOLD	98,2349	116,3243
2023-01-06	07:00	16831,85	16872,57	16825,85	16859,78	LONG	0,00167	5981,87	0,00451	HOLD	98,2349	116,371
2023-01-06	08:00	16859,44	16863,16	16820,18	16827,8	LONG	0,00167	5981,87	0,00451	HOLD	98,2349	116,3176
2023-01-06	09:00	16827,45	16839,79	16802,01	16837,06	LONG	0,00167	5981,87	0,00451	HOLD	98,2349	116,333
2023-01-06	10:00	16836,65	16842,03	16826,46	16833,56	LONG	0,00167	5981,87	0,00451	HOLD	98,2349	116,3272
2023-01-06	11:00	16833,56	16837,87	16805,31	16822,99	LONG	0,00167	5981,87	0,00451	HOLD	98,2349	116,3095
2023-01-06	12:00	16823,24	16823,63	16792,12	16810,18	LONG	0,00167	5981,87	0,00451	HOLD	98,2349	116,2881
2023-01-06	13:00	16809,74	16816,45	16779,96	16786,86	LONG	0,00167	5981,87	0,00451	HOLD	98,2349	116,2492
2023-01-06	14:00	16786,6	16802,87	16780,15	16794,06	LONG	0,00167	5981,87	0,00451	HOLD	98,2349	116,2612
2023-01-06	15:00	16794,33	16812,22	16791,47	16802,11	LONG	0,00167	5981,87	0,00451	HOLD	98,2349	116,2747
2023-01-06	16:00	16802,11	16802,27	16762,5	16787,1	LONG	0,00167	5981,87	0,00451	HOLD	98,2349	116,2496
2023-01-06	17:00	16787,1	16802,98	16760	16767,06	LONG	0,00167	5981,87	0,00451	HOLD	98,2349	116,2161
2023-01-06	18:00	16767,15	16772,78	16709,88	16738,22	LONG	0,00167	5981,87	0,00451	HOLD	98,2349	116,168
2023-01-06	19:00	16738,74	16749	16717,66	16731,02	LONG	0,00167	5981,87	0,00451	HOLD	98,2349	116,1559
2023-01-06	20:00	16730,65	16817	16679	16774,19	LONG	0,00167	5981,87	0,00451	HOLD	98,2349	116,228
2023-01-06	21:00	16774,19	16791,49	16720	16748,82	LONG	0,00167	5981,87	0,00451	HOLD	98,2349	116,1857
2023-01-06	22:00	16748,82	16849	16748,26	16840,82	LONG	0,00167	5981,87	0,00451	HOLD	98,2349	116,3393
2023-01-06	23:00	16840,1	16854	16805,04	16827,21	LONG	0,00167	5981,87	0,00451	HOLD	98,2349	116,3166
2023-01-07	00:00	16827,21	16845,78	16811,63	16821,27	LONG	0,00167	5981,87	0,00451	HOLD	98,2349	116,3067
2023-01-07	01:00	16821,58	16864,15	16821,12	16850,45	LONG	0,00167	5981,87	0,00451	HOLD	98,2349	116,3554
2023-01-07	02:00	16850,64	16965,41	16845	16939,91	LONG	0,00167	5981,87	0,00451	HOLD	98,2349	116,5048
2023-01-07	03:00	16940,41	17041	16886,21	16897,48	LONG	0,00167	5981,87	0,00451	HOLD	98,2349	116,4339
2023-01-07	04:00	16897,96	16952,7	16889,27	16931,27	LONG	0,00167	5981,87	0,00451	HOLD	98,2349	116,4904
2023-01-07	05:00	16931,27	16967,41	16930,68	16958,35	LONG	0,00167	5981,87	0,00451	HOLD	98,2349	116,5356
2023-01-07	06:00	16958,35	16980	16942,1	16950,65	LONG	0,00167	5981,87	0,00451	HOLD	98,2349	116,5227
2023-01-07	07:00	16950,31	16979,38	16930,46	16978,18	LONG	0,00167	5981,87	0,00451	HOLD	98,2349	116,5687
2023-01-07	08:00	16978,15	16981,91	16944,15	16950,02	LONG	0,00167	5981,87	0,00451	HOLD	98,2349	116,5217
2023-01-07	09:00	16950,02	16956,11	16936,26	16944,24	LONG	0,00167	5981,87	0,00451	HOLD	98,2349	116,512
2023-01-07	10:00	16943,93	16958,06	16936,58	16952,46	LONG	0,00167	5981,87	0,00451	HOLD	98,2349	116,5258
2023-01-07	11:00	16952,73	16954,45	16936,04	16938,27	LONG	0,00167	5981,87	0,00451	HOLD	98,2349	116,5021
2023-01-07	12:00	16937,85	16942,06	16932,37	16934,28	LONG	0,00167	5981,87	0,00451	HOLD	98,2349	116,4954
2023-01-07	13:00	16934,02	16936,89	16922,14	16933,29	LONG	0,00167	5981,87	0,00451	HOLD	98,2349	116,4937
2023-01-07	14:00	16933,56	16948,78	16931,94	16948,09	LONG	0,00167	5981,87	0,00451	HOLD	98,2349	116,5185
2023-01-07	15:00	16948,18	16954,95	16926,99	16929,76	LONG	0,00167	5981,87	0,00451	HOLD	98,2349	116,4878
2023-01-07	16:00	16929,58	16933,95	16921,44	16928,51	LONG	0,00167	5981,87	0,00451	HOLD	98,2349	116,4858
2023-01-07	17:00	16928,78	16930,56	16912,18	16922,51	LONG	0,00167	5981,87	0,00451	HOLD	98,2349	116,4757
2023-01-07	18:00	16922,51	16925,9	16908,07	16918,3	LONG	0,00167	5981,87	0,00451	HOLD	98,2349	116,4687
2023-01-07	19:00	16918,3	16920,07	16908	16916,14	LONG	0,00167	5981,87	0,00451	HOLD	98,2349	116,4651
2023-01-07	20:00	16916,14	16936,58	16914,14	16919,34	LONG	0,00167	5981,87	0,00451	HOLD	98,2349	116,4704
2023-01-07	21:00	16919,34	16947,7	16908,6	16937,92	LONG	0,00167	5981,87	0,00451	HOLD	98,2349	116,5015
2023-01-07	22:00	16937,63	16947,64	16934,35	16940,42	LONG	0,00167	5981,87	0,00451	HOLD	98,2349	116,5056
2023-01-07	23:00	16940,6	16940,61	16916	16922,79	LONG	0,00167	5981,87	0,00451	HOLD	98,2349	116,4762
2023-01-08	00:00	16922,79	16935,87	16918,85	16928,85	LONG	0,00167	5981,87	0,00451	HOLD	98,2349	116,4863
2023-01-08	01:00	16928,85	16940	16928,22	16938,12	LONG	0,00167	5981,87	0,00451	HOLD	98,2349	116,5018
2023-01-08	02:00	16938,12	16946,13	16935,23	16944,05	LONG	0,00167	5981,87	0,00451	HOLD	98,2349	116,5117
2023-01-08	03:00	16944,05	16951,92	16937,04	16945,77	LONG	0,00167	5981,87	0,00451	HOLD	98,2349	116,5146
2023-01-08	04:00	16945,44	16950,25	16937	16939,31	LONG	0,00167	5981,87	0,00451	HOLD	98,2349	116,5038
2023-01-08	05:00	16939,06	16941,69	16929,46	16936,31	LONG	0,00167	5981,87	0,00451	HOLD	98,2349	116,4988
2023-01-08	06:00	16936,31	16948,04	16931,05	16943,57	LONG	0,00167	5981,87	0,00451	HOLD	98,2349	116,5109
2023-01-08	07:00	16943,83	16955	16911	16926,66	LONG	0,00167	5981,87	0,00451	HOLD	98,2349	116,4827
2023-01-08	08:00	16926,66	16936	16915,25	16929,82	LONG	0,00167	5981,87	0,00451	HOLD	98,2349	116,4879
2023-01-08	09:00	16929,82	16934	16919,07	16931,18	LONG	0,00167	5981,87	0,00451	HOLD	98,2349	116,4902
2023-01-08	10:00	16931,46	16944,62	16926,17	16944,02	LONG	0,00167	5981,87	0,00451	HOLD	98,2349	116,5117
2023-01-08	11:00	16944,02	16944,99	16934,4	16934,75	LONG	0,00167	5981,87	0,00451	HOLD	98,2349	116,4962
2023-01-08	12:00	16934,95	16944,21	16933,54	16943,73	LONG	0,00167	5981,87	0,00451	HOLD	98,2349	116,5112
2023-01-08	13:00	16943,73	16951,97	16933,26	16950,92	LONG	0,00167	5981,87	0,00451	HOLD	98,2349	116,5232
2023-01-08	14:00	16950,92	16957,12	16943,16	16953,77	LONG	0,00167	5981,87	0,00451	HOLD	98,2349	116,5279
2023-01-08	15:00	16953,77	16956,01	16940,01	16946,07	LONG	0,00167	5981,87	0,00451	HOLD	98,2349	116,5151
2023-01-08	16:00	16945,91	16967,67	16925,05	16935,6	LONG	0,00167	5981,87	0,00451	HOLD	98,2349	116,4976
2023-01-08	17:00	16935,6	16940	16933,14	16936,41	LONG	0,00167	5981,87	0,00451	HOLD	98,2349	116,4989
2023-01-08	18:00	16936,41	16954	16926,3	16927,42	LONG	0,00167	5981,87	0,00451	HOLD	98,2349	116,4839
2023-01-08	19:00	16927,42	16932,51	16921,4	16923,75	LONG	0,00167	5981,87	0,00451	HOLD	98,2349	116,4778
2023-01-08	20:00	16924,01	16938,49	16920,37	16933,03	LONG	0,00167	5981,87	0,00451	HOLD	98,2349	116,4933
2023-01-08	21:00	16933,32	16954,3	16931,25	16952,44	LONG	0,00167	5981,87	0,00451	HOLD	98,2349	116,5257
2023-01-08	22:00	16952,44	17019,79	16938	17000,43	LONG	0,00167	5981,87	0,00451	HOLD	98,2349	116,6059
2023-01-08	23:00	17000,43	17022,08	16916,1	16936,87	LONG	0,00167	5981,87	0,00451	HOLD	98,2349	116,4997
2023-01-09	00:00	16936,87	16952,03	16920,3	16928,5	LONG	0,00167	5981,87	0,00451	HOLD	98,2349	116,4857
2023-01-09	01:00	16928,89	16936,49	16919,94	16929,84	LONG	0,00167	5981,87	0,00451	HOLD	98,2349	116,488
2023-01-09	02:00	16930,03	16939,45	16923,84	16927,25	LONG	0,00167	5981,87	0,00451	HOLD	98,2349	116,4836
2023-01-09	03:00	16927,25	16982,43	16924,41	16966,67	LONG	0,00167	5981,87	0,00451	HOLD	98,2349	116,5495
2023-01-09	04:00	16966,95	16988,02	16945,5	16957,46	LONG	0,00167	5981,87	0,00451	HOLD	98,2349	116,5341
2023-01-09	05:00	16957,28	16976,53	16952,67	16963,14	LONG	0,00167	5981,87	0,00451	HOLD	98,2349	116,5436
2023-01-09	06:00	16963,27	17176,99	16962,95	17127,83	LONG	0,00167	5981,87	0,00451	HOLD	98,2349	116,8186
2023-01-09	07:00	17127,83	17199	17104,66	17184,51	LONG	0,00167	5981,87	0,00451	HOLD	98,2349	116,9133
2023-01-09	08:00	17185,28	17230	17145,52	17175,02	LONG	0,00167	5981,87	0,00451	HOLD	98,2349	116,8974
2023-01-09	09:00	17175,02	17252,6	17161,7	17191,47	LONG	0,00167	5981,87	0,00451	HOLD	98,2349	116,9249
2023-01-09	10:00	17191,47	17217,34	17176,72	17197	LONG	0,00167	5981,87	0,00451	HOLD	98,2349	116,9341
2023-01-09	11:00	17197	17253,19	17194,32	17226,49	LONG	0,00167	5981,87	0,00451	HOLD	98,2349	116,9834
2023-01-09	12:00	17227,11	17262,56	17200,6	17205,95	LONG	0,00167	5981,87	0,00451	HOLD	98,2349	116,9491
2023-01-09	13:00	17205,95	17220,59	17180	17189,24	LONG	0,00167	5981,87	0,00451	HOLD	98,2349	116,9212
2023-01-09	14:00	17189,25	17215,48	17183,92	17198,48	LONG	0,00167	5981,87	0,00451	HOLD	98,2349	116,9366
2023-01-09	15:00	17198,01	17240	17186,95	17191,68	LONG	0,00167	5981,87	0,00451	HOLD	98,2349	116,9252
2023-01-09	16:00	17191,68	17270	17189,53	17238,38	LONG	0,00167	5981,87	0,00451	HOLD	98,2349	117,0032
2023-01-09	17:00	17238,38	17285,48	17235,59	17264,5	LONG	0,00167	5981,87	0,00451	HOLD	98,2349	117,0469
2023-01-09	18:00	17264,1	17278,87	17236,21	17238,93	LONG	0,00167	5981,87	0,00451	HOLD	98,2349	117,0042
2023-01-09	19:00	17239,47	17254,97	17228,85	17249,06	LONG	0,00167	5981,87	0,00451	HOLD	98,2349	117,0211
2023-01-09	20:00	17249,4	17295,55	17190,74	17226,9	LONG	0,00167	5981,87	0,00451	HOLD	98,2349	116,9841
2023-01-09	21:00	17227,3	17276,13	17206,98	17264,25	LONG	0,00167	5981,87	0,00451	HOLD	98,2349	117,0464
2023-01-09	22:00	17263,67	17335,35	17228,67	17268,49	LONG	0,00167	5981,87	0,00451	HOLD	98,2349	117,0535
2023-01-09	23:00	17268,49	17357,7	17268,02	17327,84	LONG	0,00167	5981,87	0,00451	HOLD	98,2349	117,1526
2023-01-10	00:00	17328,25	17375,77	17316,43	17356,96	LONG	0,00167	5981,87	0,00451	HOLD	98,2349	117,2013
2023-01-10	01:00	17356,57	17398,8	17323,71	17350,71	LONG	0,00167	5981,87	0,00451	HOLD	98,2349	117,1908
2023-01-10	02:00	17351,1	17352,68	17293,34	17293,69	LONG	0,00167	5981,87	0,00451	HOLD	98,2349	117,0956
2023-01-10	03:00	17294,19	17313,3	17177,87	17221,29	LONG	0,00167	5981,87	0,00451	HOLD	98,2349	116,9747
2023-01-10	04:00	17221,29	17246,26	17165,04	17182,48	LONG	0,00167	5981,87	0,00451	HOLD	98,2349	116,9099
2023-01-10	05:00	17182,36	17222,32	17167,35	17204,83	LONG	0,00167	5981,87	0,00451	HOLD	98,2349	116,9472
2023-01-10	06:00	17204,83	17205,57	17128	17178,26	LONG	0,00167	5981,87	0,00451	HOLD	98,2349	116,9028
2023-01-10	07:00	17179,04	17220,29	17178,19	17219,19	LONG	0,00167	5981,87	0,00451	HOLD	98,2349	116,9712
2023-01-10	08:00	17219,19	17235	17188,31	17194,39	LONG	0,00167	5981,87	0,00451	HOLD	98,2349	116,9298
2023-01-10	09:00	17193,97	17215	17146,34	17185,94	LONG	0,00167	5981,87	0,00451	HOLD	98,2349	116,9157
2023-01-10	10:00	17185,73	17208,17	17172,47	17205,72	LONG	0,00167	5981,87	0,00451	HOLD	98,2349	116,9487
2023-01-10	11:00	17205,31	17222,5	17196,04	17221,68	LONG	0,00167	5981,87	0,00451	HOLD	98,2349	116,9753
2023-01-10	12:00	17222,05	17233,91	17207,05	17228,77	LONG	0,00167	5981,87	0,00451	HOLD	98,2349	116,9872
2023-01-10	13:00	17228,66	17233,5	17189,15	17203,95	LONG	0,00167	5981,87	0,00451	HOLD	98,2349	116,9457
2023-01-10	14:00	17203,95	17211	17192	17203,2	LONG	0,00167	5981,87	0,00451	HOLD	98,2349	116,9445
2023-01-10	15:00	17203,2	17270,69	17187,73	17256,34	LONG	0,00167	5981,87	0,00451	HOLD	98,2349	117,0332
2023-01-10	16:00	17256,34	17277,87	17242,12	17247,71	LONG	0,00167	5981,87	0,00451	HOLD	98,2349	117,0188
2023-01-10	17:00	17247,71	17276,6	17233,48	17271,02	LONG	0,00167	5981,87	0,00451	HOLD	98,2349	117,0577
2023-01-10	18:00	17271,02	17286,02	17250,95	17252,89	LONG	0,00167	5981,87	0,00451	HOLD	98,2349	117,0275
2023-01-10	19:00	17252,89	17257,19	17218,44	17224,15	LONG	0,00167	5981,87	0,00451	HOLD	98,2349	116,9795
2023-01-10	20:00	17224,15	17255,55	17212,14	17246,05	LONG	0,00167	5981,87	0,00451	HOLD	98,2349	117,016
2023-01-10	21:00	17246,45	17326,07	17220	17286,59	LONG	0,00167	5981,87	0,00451	HOLD	98,2349	117,0837
2023-01-10	22:00	17287,01	17375	17271,38	17327,7	LONG	0,00167	5981,87	0,00451	HOLD	98,2349	117,1524
2023-01-10	23:00	17327,7	17341,97	17282	17302,15	LONG	0,00167	5981,87	0,00451	HOLD	98,2349	117,1097
2023-01-11	00:00	17302,55	17339,29	17287,11	17325,97	LONG	0,00167	5981,87	0,00451	HOLD	98,2349	117,1495
2023-01-11	01:00	17325,61	17443,95	17323,02	17433,95	LONG	0,00167	5981,87	0,00451	HOLD	98,2349	117,3298
2023-01-11	02:00	17433,7	17456,07	17398,28	17432,85	LONG	0,00167	5981,87	0,00451	HOLD	98,2349	117,328
2023-01-11	03:00	17432,85	17495,69	17405,3	17477,15	LONG	0,00167	5981,87	0,00451	HOLD	98,2349	117,402
2023-01-11	04:00	17477,95	17499	17448,75	17463,56	LONG	0,00167	5981,87	0,00451	HOLD	98,2349	117,3793
2023-01-11	05:00	17463,86	17464,56	17418,98	17428,08	LONG	0,00167	5981,87	0,00451	HOLD	98,2349	117,32
2023-01-11	06:00	17428,08	17444,97	17403,73	17440,66	LONG	0,00167	5981,87	0,00451	HOLD	98,2349	117,341
2023-01-11	07:00	17440,64	17502,83	17428,37	17466,02	LONG	0,00167	5981,87	0,00451	HOLD	98,2349	117,3834
2023-01-11	08:00	17466,02	17510	17436,03	17458,05	LONG	0,00167	5981,87	0,00451	HOLD	98,2349	117,3701
2023-01-11	09:00	17458,49	17462,7	17383,08	17388,2	LONG	0,00167	5981,87	0,00451	HOLD	98,2349	117,2534
2023-01-11	10:00	17387,67	17425,2	17366,58	17416,14	LONG	0,00167	5981,87	0,00451	HOLD	98,2349	117,3001
2023-01-11	11:00	17416,49	17425,42	17391	17408,39	LONG	0,00167	5981,87	0,00451	HOLD	98,2349	117,2872
2023-01-11	12:00	17407,98	17436,73	17397,27	17406,3	LONG	0,00167	5981,87	0,00451	HOLD	98,2349	117,2837
2023-01-11	13:00	17406,16	17442,47	17388	17437,29	LONG	0,00167	5981,87	0,00451	HOLD	98,2349	117,3354
2023-01-11	14:00	17436,89	17462,99	17426,07	17446,65	LONG	0,00167	5981,87	0,00451	HOLD	98,2349	117,351
2023-01-11	15:00	17447,02	17451,38	17408,68	17447,6	LONG	0,00167	5981,87	0,00451	HOLD	98,2349	117,3526
2023-01-11	16:00	17447,95	17472,15	17439,7	17446,71	LONG	0,00167	5981,87	0,00451	HOLD	98,2349	117,3511
2023-01-11	17:00	17446,86	17459	17435,18	17441,24	LONG	0,00167	5981,87	0,00451	HOLD	98,2349	117,342
2023-01-11	18:00	17441,24	17454,51	17427,86	17437,75	LONG	0,00167	5981,87	0,00451	HOLD	98,2349	117,3362
2023-01-11	19:00	17437,75	17437,75	17402	17418,56	LONG	0,00167	5981,87	0,00451	HOLD	98,2349	117,3041
2023-01-11	20:00	17418,56	17435,74	17383,48	17413,43	LONG	0,00167	5981,87	0,00451	HOLD	98,2349	117,2956
2023-01-11	21:00	17413,43	17435,87	17376	17413,97	LONG	0,00167	5981,87	0,00451	HOLD	98,2349	117,2965
2023-01-11	22:00	17413,97	17437,71	17315,6	17332,43	LONG	0,00167	5981,87	0,00451	HOLD	98,2349	117,1603
2023-01-11	23:00	17331,9	17368,37	17320,42	17347,62	LONG	0,00167	5981,87	0,00451	HOLD	98,2349	117,1857
2023-01-12	00:00	17347,79	17393,5	17342,51	17382,08	LONG	0,00167	5981,87	0,00451	HOLD	98,2349	117,2432
2023-01-12	01:00	17382,05	17571,7	17380,76	17487,09	LONG	0,00167	5981,87	0,00451	HOLD	98,2349	117,4186
2023-01-12	02:00	17486,44	17557,76	17468,57	17550,29	LONG	0,00167	5981,87	0,00451	HOLD	98,2349	117,5241
2023-01-12	03:00	17549,62	17581,75	17508,86	17550,57	LONG	0,00167	5981,87	0,00451	HOLD	98,2349	117,5246
2023-01-12	04:00	17550,57	17571,38	17529,39	17558,6	LONG	0,00167	5981,87	0,00451	HOLD	98,2349	117,538
2023-01-12	05:00	17559,49	17597	17514,06	17556,41	LONG	0,00167	5981,87	0,00451	HOLD	98,2349	117,5343
2023-01-12	06:00	17556,41	18000	17550,87	17943,26	LONG	0,00167	5981,87	0,00451	HOLD	98,2349	118,1804
2023-01-12	07:00	17943,26	18297,37	17907,25	18264,1	LONG	0,00167	5981,87	0,00451	HOLD	98,2349	118,7162
2023-01-12	08:00	18264,1	18292,56	18140,58	18221,51	LONG	0,00167	5981,87	0,00451	HOLD	98,2349	118,6451
2023-01-12	09:00	18222,31	18385,71	18179,49	18207,54	LONG	0,00167	5981,87	0,00451	HOLD	98,2349	118,6217
2023-01-12	10:00	18206,85	18240,17	18196,83	18224,68	LONG	0,00167	5981,87	0,00451	HOLD	98,2349	118,6504
2023-01-12	11:00	18224,68	18232,5	18197,46	18215,66	LONG	0,00167	5981,87	0,00451	HOLD	98,2349	118,6353
2023-01-12	12:00	18215,74	18241,43	18075,19	18087,54	LONG	0,00167	5981,87	0,00451	HOLD	98,2349	118,4213
2023-01-12	13:00	18087,54	18164,19	18085,3	18147,77	LONG	0,00167	5981,87	0,00451	HOLD	98,2349	118,5219
2023-01-12	14:00	18147,25	18177,97	18117,3	18138,22	LONG	0,00167	5981,87	0,00451	HOLD	98,2349	118,506
2023-01-12	15:00	18138,21	18152,17	18071,06	18151,52	LONG	0,00167	5981,87	0,00451	HOLD	98,2349	118,5282
2023-01-12	16:00	18151,52	18173,72	18129,31	18164,67	LONG	0,00167	5981,87	0,00451	HOLD	98,2349	118,5501
2023-01-12	17:00	18164,13	18218	18142,18	18185,6	LONG	0,00167	5981,87	0,00451	HOLD	98,2349	118,5851
2023-01-12	18:00	18185,6	18222,59	18163,57	18200,8	LONG	0,00167	5981,87	0,00451	HOLD	98,2349	118,6105
2023-01-12	19:00	18200,8	18279,86	18170,27	18268,94	LONG	0,00167	5981,87	0,00451	HOLD	98,2349	118,7243
2023-01-12	20:00	18269,59	18380,47	17892,05	18284,91	LONG	0,00167	5981,87	0,00451	HOLD	98,2349	118,7509
2023-01-12	21:00	18284,91	18356,58	17925,09	17998,56	LONG	0,00167	5981,87	0,00451	HOLD	98,2349	118,2727
2023-01-12	22:00	17997,63	18142,8	17988,01	18086,62	LONG	0,00167	5981,87	0,00451	HOLD	98,2349	118,4198
2023-01-12	23:00	18087,28	18144	18054,61	18134,55	LONG	0,00167	5981,87	0,00451	HOLD	98,2349	118,4998
2023-01-13	00:00	18134,55	18872	18105,56	18837,06	LONG	0,00167	5981,87	0,00451	HOLD	98,2349	119,673
2023-01-13	01:00	18837,06	18988	18615,21	18796,93	LONG	0,00167	5981,87	0,00451	HOLD	98,2349	119,606
2023-01-13	02:00	18796,93	19060	18760,34	18885,35	LONG	0,00167	5981,87	0,00451	HOLD	98,2349	119,7537
2023-01-13	03:00	18885,35	19087	18820,63	19048,95	LONG	0,00167	5981,87	0,00451	HOLD	98,2349	120,0269
2023-01-13	04:00	19048,95	19117,04	18762	18830,07	LONG	0,00167	5981,87	0,00451	HOLD	98,2349	119,6614
2023-01-13	05:00	18830,07	18936,21	18776,83	18913,92	LONG	0,00167	5981,87	0,00451	HOLD	98,2349	119,8014
2023-01-13	06:00	18913,38	18915,56	18844,55	18846,62	LONG	0,00167	5981,87	0,00451	HOLD	98,2349	119,689
2023-01-13	07:00	18846,62	18887	18714,12	18771,61	LONG	0,00167	5981,87	0,00451	HOLD	98,2349	119,5637
2023-01-13	08:00	18771,61	18819,37	18744,58	18811,48	LONG	0,00167	5981,87	0,00451	HOLD	98,2349	119,6303
2023-01-13	09:00	18811,4	18842,73	18786,1	18835,48	LONG	0,00167	5981,87	0,00451	HOLD	98,2349	119,6704
2023-01-13	10:00	18835,48	18883,55	18823,54	18876,37	LONG	0,00167	5981,87	0,00451	HOLD	98,2349	119,7387
2023-01-13	11:00	18876,37	18883,79	18818,31	18821,27	LONG	0,00167	5981,87	0,00451	HOLD	98,2349	119,6467
2023-01-13	12:00	18821,27	18835,77	18778,41	18787,71	LONG	0,00167	5981,87	0,00451	HOLD	98,2349	119,5906
2023-01-13	13:00	18787,71	18864,21	18780,57	18852,68	LONG	0,00167	5981,87	0,00451	HOLD	98,2349	119,6991
2023-01-13	14:00	18853,1	18857,87	18785	18824,25	LONG	0,00167	5981,87	0,00451	HOLD	98,2349	119,6516
2023-01-13	15:00	18825	18860,17	18810,01	18842,15	LONG	0,00167	5981,87	0,00451	HOLD	98,2349	119,6815
2023-01-13	16:00	18842,68	18938,99	18839,17	18910,23	LONG	0,00167	5981,87	0,00451	HOLD	98,2349	119,7952
2023-01-13	17:00	18910,8	19057,7	18858,98	19042,01	LONG	0,00167	5981,87	0,00451	HOLD	98,2349	120,0153
2023-01-13	18:00	19042,87	19045,17	18888,79	18920,95	LONG	0,00167	5981,87	0,00451	HOLD	98,2349	119,8131
2023-01-13	19:00	18920,95	18936,98	18811,52	18864,59	LONG	0,00167	5981,87	0,00451	HOLD	98,2349	119,719
2023-01-13	20:00	18864,59	18902,04	18812	18854,84	LONG	0,00167	5981,87	0,00451	HOLD	98,2349	119,7027
2023-01-13	21:00	18854,84	19143,28	18833,51	18996,27	LONG	0,00167	5981,87	0,00451	HOLD	98,2349	119,9389
2023-01-13	22:00	18996,27	19310,91	18984,09	19261,19	LONG	0,00167	5981,87	0,00451	HOLD	98,2349	120,3813
2023-01-13	23:00	19261,19	19276,41	19060,15	19133,39	LONG	0,00167	5981,87	0,00451	HOLD	98,2349	120,1679
2023-01-14	00:00	19133,39	19406,26	19105,5	19256,06	LONG	0,00167	5981,87	0,00451	HOLD	98,2349	120,3728
2023-01-14	01:00	19255,84	19387,37	19253,76	19292,44	LONG	0,00167	5981,87	0,00451	HOLD	98,2349	120,4335
2023-01-14	02:00	19293,25	19373	19246,12	19362,01	LONG	0,00167	5981,87	0,00451	HOLD	98,2349	120,5497
2023-01-14	03:00	19363,43	19497,18	19315,77	19473,67	LONG	0,00167	5981,87	0,00451	HOLD	98,2349	120,7362
2023-01-14	04:00	19474,82	19911,82	19375,52	19816,81	LONG	0,00167	5981,87	0,00451	HOLD	98,2349	121,3092
2023-01-14	05:00	19816,81	20000	19786,43	19849,41	LONG	0,00167	5981,87	0,00451	HOLD	98,2349	121,3637
2023-01-14	06:00	19848,53	19942,2	19728,62	19930,01	LONG	0,00167	5981,87	0,00451	HOLD	98,2349	121,4983
2023-01-14	07:00	19930,01	21258	19888,05	20891,67	LONG	0,00167	5981,87	0,00451	HOLD	98,2349	123,1042
2023-01-14	08:00	20891,67	21088	20691,13	20927,44	LONG	0,00167	5981,87	0,00451	HOLD	98,2349	123,164
2023-01-14	09:00	20926,78	21037,89	20820,06	20938,93	LONG	0,00167	5981,87	0,00451	HOLD	98,2349	123,1832
2023-01-14	10:00	20937,87	20986,3	20781,81	20967,23	LONG	0,00167	5981,87	0,00451	HOLD	98,2349	123,2304
2023-01-14	11:00	20967,23	21033,64	20878,33	20894,86	LONG	0,00167	5981,87	0,00451	HOLD	98,2349	123,1096
2023-01-14	12:00	20895,43	20914,81	20777,37	20841,62	LONG	0,00167	5981,87	0,00451	HOLD	98,2349	123,0206
2023-01-14	13:00	20840,65	20973,63	20838,53	20955,57	LONG	0,00167	5981,87	0,00451	HOLD	98,2349	123,2109
2023-01-14	14:00	20954,37	20967,94	20850	20897,36	LONG	0,00167	5981,87	0,00451	HOLD	98,2349	123,1137
2023-01-14	15:00	20897,36	21022,39	20875,6	21003,35	LONG	0,00167	5981,87	0,00451	HOLD	98,2349	123,2907
2023-01-14	16:00	21003,35	21010,83	20306,64	20523,75	LONG	0,00167	5981,87	0,00451	HOLD	98,2349	122,4898
2023-01-14	17:00	20523,75	20526,88	20225,06	20496,77	LONG	0,00167	5981,87	0,00451	HOLD	98,2349	122,4447
2023-01-14	18:00	20496,77	20755,19	20472,39	20721,73	LONG	0,00167	5981,87	0,00451	HOLD	98,2349	122,8204
2023-01-14	19:00	20721,03	20975	20575,06	20911,19	LONG	0,00167	5981,87	0,00451	HOLD	98,2349	123,1368
2023-01-14	20:00	20911,19	20982,26	20782,86	20940,71	LONG	0,00167	5981,87	0,00451	HOLD	98,2349	123,1861
2023-01-14	21:00	20939,26	21200	20568,12	20834,4	LONG	0,00167	5981,87	0,00451	HOLD	98,2349	123,0086
2023-01-14	22:00	20832,6	20896	20629,84	20786,74	LONG	0,00167	5981,87	0,00451	HOLD	98,2349	122,929
2023-01-14	23:00	20785,85	20866,24	20750,81	20810,66	LONG	0,00167	5981,87	0,00451	HOLD	98,2349	122,9689
2023-01-15	00:00	20809,94	20911,23	20725,32	20755,78	LONG	0,00167	5981,87	0,00451	HOLD	98,2349	122,8773
2023-01-15	01:00	20755,78	20800	20660	20757,99	LONG	0,00167	5981,87	0,00451	HOLD	98,2349	122,881
2023-01-15	02:00	20757,99	20861,28	20717,41	20783,68	LONG	0,00167	5981,87	0,00451	HOLD	98,2349	122,9239
2023-01-15	03:00	20783,68	20899,4	20758	20877,47	LONG	0,00167	5981,87	0,00451	HOLD	98,2349	123,0805
2023-01-15	04:00	20876,31	20947,84	20827,31	20900,66	LONG	0,00167	5981,87	0,00451	HOLD	98,2349	123,1192
2023-01-15	05:00	20900,66	21023,93	20864,29	20989,97	LONG	0,00167	5981,87	0,00451	HOLD	98,2349	123,2684
2023-01-15	06:00	20989,97	21072,27	20933,33	20954,92	LONG	0,00167	5981,87	0,00451	HOLD	98,2349	123,2099
2023-01-15	07:00	20952,76	21001,84	20623,21	20767,05	LONG	0,00167	5981,87	0,00451	HOLD	98,2349	122,8961
2023-01-15	08:00	20766,57	20789,96	20647,78	20770,29	LONG	0,00167	5981,87	0,00451	HOLD	98,2349	122,9015
2023-01-15	09:00	20771,27	20816,7	20667,96	20672,91	LONG	0,00167	5981,87	0,00451	HOLD	98,2349	122,7389
2023-01-15	10:00	20672,79	20742,83	20551,01	20719,09	LONG	0,00167	5981,87	0,00451	HOLD	98,2349	122,816
2023-01-15	11:00	20719,09	20759,87	20679	20698,14	LONG	0,00167	5981,87	0,00451	HOLD	98,2349	122,781
2023-01-15	12:00	20698,14	20785	20677,38	20749,76	LONG	0,00167	5981,87	0,00451	HOLD	98,2349	122,8672
2023-01-15	13:00	20748,94	20789,58	20698	20717	LONG	0,00167	5981,87	0,00451	HOLD	98,2349	122,8125
2023-01-15	14:00	20717	20739,82	20666,88	20735,69	LONG	0,00167	5981,87	0,00451	HOLD	98,2349	122,8437
2023-01-15	15:00	20735,69	20755,22	20591,21	20617,71	LONG	0,00167	5981,87	0,00451	HOLD	98,2349	122,6467
2023-01-15	16:00	20617,93	20754,54	20573,13	20750,59	LONG	0,00167	5981,87	0,00451	HOLD	98,2349	122,8686
2023-01-15	17:00	20748,94	20759	20692,17	20732,83	LONG	0,00167	5981,87	0,00451	HOLD	98,2349	122,839
2023-01-15	18:00	20732,83	20741,64	20657,81	20722,23	LONG	0,00167	5981,87	0,00451	HOLD	98,2349	122,8213
2023-01-15	19:00	20722,23	20744,89	20652,24	20694,03	LONG	0,00167	5981,87	0,00451	HOLD	98,2349	122,7742
2023-01-15	20:00	20694,03	20844,29	20685	20705,79	LONG	0,00167	5981,87	0,00451	HOLD	98,2349	122,7938
2023-01-15	21:00	20705,79	20818,15	20670,7	20787,58	LONG	0,00167	5981,87	0,00451	HOLD	98,2349	122,9304
2023-01-15	22:00	20787,87	20994,05	20776,47	20908,28	LONG	0,00167	5981,87	0,00451	HOLD	98,2349	123,132
2023-01-15	23:00	20906,97	20961,81	20850,72	20869,2	LONG	0,00167	5981,87	0,00451	HOLD	98,2349	123,0667
2023-01-16	00:00	20871,09	21050,74	20865,33	20920,23	LONG	0,00167	5981,87	0,00451	HOLD	98,2349	123,1519
2023-01-16	01:00	20921,48	20923,59	20665	20817,94	LONG	0,00167	5981,87	0,00451	HOLD	98,2349	122,9811
2023-01-16	02:00	20817,94	20903,47	20776,78	20870,15	LONG	0,00167	5981,87	0,00451	HOLD	98,2349	123,0683
2023-01-16	03:00	20870,15	20929,99	20836,1	20905,69	LONG	0,00167	5981,87	0,00451	HOLD	98,2349	123,1276
2023-01-16	04:00	20904,74	20932,4	20860,01	20900,62	LONG	0,00167	5981,87	0,00451	HOLD	98,2349	123,1192
2023-01-16	05:00	20900,62	20952,37	20746,39	20911,27	LONG	0,00167	5981,87	0,00451	HOLD	98,2349	123,137
2023-01-16	06:00	20911,27	20938,6	20837	20871,5	LONG	0,00167	5981,87	0,00451	HOLD	98,2349	123,0705
2023-01-16	07:00	20872,99	20999,25	20770,2	20966,58	LONG	0,00167	5981,87	0,00451	HOLD	98,2349	123,2293
2023-01-16	08:00	20966,58	21322	20913,2	21182,87	LONG	0,00167	5981,87	0,00451	HOLD	98,2349	123,5905
2023-01-16	09:00	21182,87	21439,59	21118,94	21209,31	LONG	0,00167	5981,87	0,00451	HOLD	98,2349	123,6347
2023-01-16	10:00	21208,54	21229,92	21028,02	21075,68	LONG	0,00167	5981,87	0,00451	HOLD	98,2349	123,4115
2023-01-16	11:00	21074,8	21166,8	21037,64	21148,99	LONG	0,00167	5981,87	0,00451	HOLD	98,2349	123,534
2023-01-16	12:00	21147,98	21216,7	21119,05	21187,16	LONG	0,00167	5981,87	0,00451	HOLD	98,2349	123,5977
2023-01-16	13:00	21187,89	21260	21106,96	21149,8	LONG	0,00167	5981,87	0,00451	HOLD	98,2349	123,5353
2023-01-16	14:00	21149,8	21159,7	21066,23	21109,23	LONG	0,00167	5981,87	0,00451	HOLD	98,2349	123,4676
2023-01-16	15:00	21109,4	21113,22	20666	20747,7	LONG	0,00167	5981,87	0,00451	HOLD	98,2349	122,8638
2023-01-16	16:00	20746,75	20840	20720	20824,08	LONG	0,00167	5981,87	0,00451	HOLD	98,2349	122,9914
2023-01-16	17:00	20824,55	20900	20800	20850,68	LONG	0,00167	5981,87	0,00451	HOLD	98,2349	123,0358
2023-01-16	18:00	20850,31	20860,4	20781,11	20817,56	LONG	0,00167	5981,87	0,00451	HOLD	98,2349	122,9805
2023-01-16	19:00	20816,63	20867,41	20777,04	20787,54	LONG	0,00167	5981,87	0,00451	HOLD	98,2349	122,9303
2023-01-16	20:00	20787,54	20870	20766,35	20827,47	LONG	0,00167	5981,87	0,00451	HOLD	98,2349	122,997
2023-01-16	21:00	20827,47	20894	20756	20860,68	LONG	0,00167	5981,87	0,00451	HOLD	98,2349	123,0525
2023-01-16	22:00	20860,68	21053,89	20611,48	20994,17	LONG	0,00167	5981,87	0,00451	HOLD	98,2349	123,2754
2023-01-16	23:00	20995,37	21050	20916,43	20998,5	LONG	0,00167	5981,87	0,00451	HOLD	98,2349	123,2826
2023-01-17	00:00	20998,5	21176,5	20985,33	21103,99	LONG	0,00167	5981,87	0,00451	HOLD	98,2349	123,4588
2023-01-17	01:00	21102,71	21296,37	21053,55	21281,97	LONG	0,00167	5981,87	0,00451	HOLD	98,2349	123,756
2023-01-17	02:00	21281,96	21414,42	21216	21308,57	LONG	0,00167	5981,87	0,00451	HOLD	98,2349	123,8005
2023-01-17	03:00	21307,29	21474,05	21216,05	21292	LONG	0,00167	5981,87	0,00451	HOLD	98,2349	123,7728
2023-01-17	04:00	21292	21294	21048,16	21132,36	LONG	0,00167	5981,87	0,00451	HOLD	98,2349	123,5062
2023-01-17	05:00	21133,34	21224,12	21127,04	21185,89	LONG	0,00167	5981,87	0,00451	HOLD	98,2349	123,5956
2023-01-17	06:00	21185,89	21227	21097,27	21185,65	LONG	0,00167	5981,87	0,00451	HOLD	98,2349	123,5952
2023-01-17	07:00	21185,65	21299,04	21064,56	21109,52	LONG	0,00167	5981,87	0,00451	HOLD	98,2349	123,468
2023-01-17	08:00	21108,16	21146,13	20841,31	21041,3	LONG	0,00167	5981,87	0,00451	HOLD	98,2349	123,3541
2023-01-17	09:00	21039,96	21110,86	20986,34	21102,13	LONG	0,00167	5981,87	0,00451	HOLD	98,2349	123,4557
2023-01-17	10:00	21102,13	21173,4	21061,93	21124,57	LONG	0,00167	5981,87	0,00451	HOLD	98,2349	123,4932
2023-01-17	11:00	21124,57	21236,62	21102,02	21159,29	LONG	0,00167	5981,87	0,00451	HOLD	98,2349	123,5512
2023-01-17	12:00	21159,29	21185,87	21130	21151,21	LONG	0,00167	5981,87	0,00451	HOLD	98,2349	123,5377
2023-01-17	13:00	21151,21	21156,28	21063,52	21075,27	LONG	0,00167	5981,87	0,00451	HOLD	98,2349	123,4108
2023-01-17	14:00	21076,5	21177,14	21060,8	21133,65	LONG	0,00167	5981,87	0,00451	HOLD	98,2349	123,5083
2023-01-17	15:00	21133,65	21214,18	21128,59	21200,95	LONG	0,00167	5981,87	0,00451	HOLD	98,2349	123,6207
2023-01-17	16:00	21199,51	21249,46	21145	21174,92	LONG	0,00167	5981,87	0,00451	HOLD	98,2349	123,5773
2023-01-17	17:00	21173,9	21181,88	21082,48	21129,69	LONG	0,00167	5981,87	0,00451	HOLD	98,2349	123,5017
2023-01-17	18:00	21130,43	21236,74	21103	21219,75	LONG	0,00167	5981,87	0,00451	HOLD	98,2349	123,6521
2023-01-17	19:00	21219,21	21352	21190,27	21252,23	LONG	0,00167	5981,87	0,00451	HOLD	98,2349	123,7064
2023-01-17	20:00	21253,23	21271,18	21177,42	21235,07	LONG	0,00167	5981,87	0,00451	HOLD	98,2349	123,6777
2023-01-17	21:00	21235,07	21647,45	21056	21281,66	LONG	0,00167	5981,87	0,00451	HOLD	98,2349	123,7555
2023-01-17	22:00	21281,66	21389,48	21030	21176,06	LONG	0,00167	5981,87	0,00451	HOLD	98,2349	123,5792
2023-01-17	23:00	21176,06	21250	21084	21162,92	LONG	0,00167	5981,87	0,00451	HOLD	98,2349	123,5572
2023-01-18	00:00	21161,92	21246,15	21086	21220,78	LONG	0,00167	5981,87	0,00451	HOLD	98,2349	123,6538
2023-01-18	01:00	21222,39	21412	21184,95	21362,89	LONG	0,00167	5981,87	0,00451	HOLD	98,2349	123,8912
2023-01-18	02:00	21362,89	21383,14	21283,27	21336,46	LONG	0,00167	5981,87	0,00451	HOLD	98,2349	123,847
2023-01-18	03:00	21336,46	21398,48	21263,22	21390,44	LONG	0,00167	5981,87	0,00451	HOLD	98,2349	123,9372
2023-01-18	04:00	21391,82	21413,15	21274,56	21312,63	LONG	0,00167	5981,87	0,00451	HOLD	98,2349	123,8072
2023-01-18	05:00	21312,63	21339,99	21206,63	21232,38	LONG	0,00167	5981,87	0,00451	HOLD	98,2349	123,6732
2023-01-18	06:00	21232,38	21275	21121,71	21134,81	LONG	0,00167	5981,87	0,00451	HOLD	98,2349	123,5103
2023-01-18	07:00	21132,29	21242,55	21103,15	21202,97	LONG	0,00167	5981,87	0,00451	HOLD	98,2349	123,6241
2023-01-18	08:00	21202,42	21264,98	21175	21243,96	LONG	0,00167	5981,87	0,00451	HOLD	98,2349	123,6926
2023-01-18	09:00	21243,96	21352,46	21152	21292,56	LONG	0,00167	5981,87	0,00451	HOLD	98,2349	123,7737
2023-01-18	10:00	21293,76	21377,44	21255,69	21258,54	LONG	0,00167	5981,87	0,00451	HOLD	98,2349	123,7169
2023-01-18	11:00	21257	21301,23	21228,54	21279,61	LONG	0,00167	5981,87	0,00451	HOLD	98,2349	123,7521
2023-01-18	12:00	21279,61	21320	21254,27	21311,33	LONG	0,00167	5981,87	0,00451	HOLD	98,2349	123,8051
2023-01-18	13:00	21311,32	21316,24	21244,88	21261,76	LONG	0,00167	5981,87	0,00451	HOLD	98,2349	123,7223
2023-01-18	14:00	21261,03	21308,42	21246,43	21307,94	LONG	0,00167	5981,87	0,00451	HOLD	98,2349	123,7994
2023-01-18	15:00	21307,94	21316,77	21210	21249,31	LONG	0,00167	5981,87	0,00451	HOLD	98,2349	123,7015
2023-01-18	16:00	21249,31	21282	21151	21230,09	LONG	0,00167	5981,87	0,00451	HOLD	98,2349	123,6694
2023-01-18	17:00	21230,54	21257,31	21164,51	21183,83	LONG	0,00167	5981,87	0,00451	HOLD	98,2349	123,5921
2023-01-18	18:00	21183,02	21237,47	21172,9	21204,67	LONG	0,00167	5981,87	0,00451	HOLD	98,2349	123,6269
2023-01-18	19:00	21204,67	21295,97	21202,57	21259,18	LONG	0,00167	5981,87	0,00451	HOLD	98,2349	123,718
2023-01-18	20:00	21260,13	21471,27	21196,03	21403,31	LONG	0,00167	5981,87	0,00451	HOLD	98,2349	123,9587
2023-01-18	21:00	21403,31	21650	21314,12	21424,3	LONG	0,00167	5981,87	0,00451	HOLD	98,2349	123,9937
2023-01-18	22:00	21424,3	21560	20842	21042,73	LONG	0,00167	5981,87	0,00451	HOLD	98,2349	123,3565
2023-01-18	23:00	21042,73	21042,73	20407,15	20845,47	LONG	0,00167	5981,87	0,00451	HOLD	98,2349	123,0271
2023-01-19	00:00	20849,89	21136,8	20743,53	20887,85	LONG	0,00167	5981,87	0,00451	HOLD	98,2349	123,0979
2023-01-19	01:00	20887,85	21063,52	20840,81	20936,83	LONG	0,00167	5981,87	0,00451	HOLD	98,2349	123,1796
2023-01-19	02:00	20936,37	20980	20881,19	20906,54	LONG	0,00167	5981,87	0,00451	HOLD	98,2349	123,1291
2023-01-19	03:00	20905,37	20938,67	20666,79	20732,6	LONG	0,00167	5981,87	0,00451	HOLD	98,2349	122,8386
2023-01-19	04:00	20731,35	20841,18	20712,96	20780,36	LONG	0,00167	5981,87	0,00451	HOLD	98,2349	122,9183
2023-01-19	05:00	20780,36	20815	20624,02	20805,8	LONG	0,00167	5981,87	0,00451	HOLD	98,2349	122,9608
2023-01-19	06:00	20805,8	20818,01	20642,69	20677,47	LONG	0,00167	5981,87	0,00451	HOLD	98,2349	122,7465
2023-01-19	07:00	20677,47	20764,64	20660,15	20694,01	LONG	0,00167	5981,87	0,00451	HOLD	98,2349	122,7741
2023-01-19	08:00	20694,64	20775,85	20676,32	20716,95	LONG	0,00167	5981,87	0,00451	HOLD	98,2349	122,8124
2023-01-19	09:00	20716,95	20777,82	20659,19	20763,66	LONG	0,00167	5981,87	0,00451	HOLD	98,2349	122,8905
2023-01-19	10:00	20763,32	20817,85	20742,3	20748,04	LONG	0,00167	5981,87	0,00451	HOLD	98,2349	122,8644
2023-01-19	11:00	20748,04	20874,81	20742,71	20810,18	LONG	0,00167	5981,87	0,00451	HOLD	98,2349	122,9681
2023-01-19	12:00	20810,53	20851,14	20793,34	20814,82	LONG	0,00167	5981,87	0,00451	HOLD	98,2349	122,9759
2023-01-19	13:00	20814,82	20856	20799	20828,59	LONG	0,00167	5981,87	0,00451	HOLD	98,2349	122,9989
2023-01-19	14:00	20829,12	20848,83	20803,39	20818,95	LONG	0,00167	5981,87	0,00451	HOLD	98,2349	122,9828
2023-01-19	15:00	20818,94	20846,75	20758	20769,06	LONG	0,00167	5981,87	0,00451	HOLD	98,2349	122,8995
2023-01-19	16:00	20769,06	20810	20730,58	20795,39	LONG	0,00167	5981,87	0,00451	HOLD	98,2349	122,9434
2023-01-19	17:00	20794,73	20802,97	20749,98	20796,47	LONG	0,00167	5981,87	0,00451	HOLD	98,2349	122,9452
2023-01-19	18:00	20796,47	20799,83	20706,9	20743,72	LONG	0,00167	5981,87	0,00451	HOLD	98,2349	122,8572
2023-01-19	19:00	20744,17	20775,71	20679,65	20727,03	LONG	0,00167	5981,87	0,00451	HOLD	98,2349	122,8293
2023-01-19	20:00	20728,3	20813,98	20660,8	20776,95	LONG	0,00167	5981,87	0,00451	HOLD	98,2349	122,9126
2023-01-19	21:00	20776,06	20883,8	20718,83	20799,4	LONG	0,00167	5981,87	0,00451	HOLD	98,2349	122,9501
2023-01-19	22:00	20799,98	20960,23	20785	20876,44	LONG	0,00167	5981,87	0,00451	HOLD	98,2349	123,0788
2023-01-19	23:00	20876,44	20926,84	20826,76	20875,41	LONG	0,00167	5981,87	0,00451	HOLD	98,2349	123,0771
2023-01-20	00:00	20874,69	20944,71	20791,13	20841,16	LONG	0,00167	5981,87	0,00451	HOLD	98,2349	123,0199
2023-01-20	01:00	20841,16	21023,11	20831,08	20977,73	LONG	0,00167	5981,87	0,00451	HOLD	98,2349	123,248
2023-01-20	02:00	20978,76	21142,07	20949,34	21090,95	LONG	0,00167	5981,87	0,00451	HOLD	98,2349	123,437
2023-01-20	03:00	21092,1	21192	21036,76	21102,44	LONG	0,00167	5981,87	0,00451	HOLD	98,2349	123,4562
2023-01-20	04:00	21102,44	21115,28	20919,31	20932,98	LONG	0,00167	5981,87	0,00451	HOLD	98,2349	123,1732
2023-01-20	05:00	20933,65	21083,57	20930,01	21065,23	LONG	0,00167	5981,87	0,00451	HOLD	98,2349	123,3941
2023-01-20	06:00	21065,84	21125,43	21015,81	21071,59	LONG	0,00167	5981,87	0,00451	HOLD	98,2349	123,4047
2023-01-20	07:00	21071,59	21121,42	21028,95	21054,74	LONG	0,00167	5981,87	0,00451	HOLD	98,2349	123,3766
2023-01-20	08:00	21054,02	21151,67	21013,96	21117,28	LONG	0,00167	5981,87	0,00451	HOLD	98,2349	123,481
2023-01-20	09:00	21116,44	21219,6	21078,55	21079,66	LONG	0,00167	5981,87	0,00451	HOLD	98,2349	123,4182
2023-01-20	10:00	21079,66	21113,61	21058,02	21087,74	LONG	0,00167	5981,87	0,00451	HOLD	98,2349	123,4317
2023-01-20	11:00	21087,74	21127,33	20972,24	20991,01	LONG	0,00167	5981,87	0,00451	HOLD	98,2349	123,2701
2023-01-20	12:00	20991,01	21037,78	20953,23	20982,27	LONG	0,00167	5981,87	0,00451	HOLD	98,2349	123,2555
2023-01-20	13:00	20983,09	20999,8	20926,14	20943,73	LONG	0,00167	5981,87	0,00451	HOLD	98,2349	123,1912
2023-01-20	14:00	20943,73	20987	20861,28	20959,44	LONG	0,00167	5981,87	0,00451	HOLD	98,2349	123,2174
2023-01-20	15:00	20958,43	20976,35	20898,79	20946,15	LONG	0,00167	5981,87	0,00451	HOLD	98,2349	123,1952
2023-01-20	16:00	20946,98	20993,99	20905,22	20959,17	LONG	0,00167	5981,87	0,00451	HOLD	98,2349	123,217
2023-01-20	17:00	20959,76	20970,3	20915,41	20962,16	LONG	0,00167	5981,87	0,00451	HOLD	98,2349	123,2219
2023-01-20	18:00	20962,68	20984,87	20935,17	20963,51	LONG	0,00167	5981,87	0,00451	HOLD	98,2349	123,2242
2023-01-20	19:00	20963,34	21127,28	20955,53	21089,54	LONG	0,00167	5981,87	0,00451	HOLD	98,2349	123,4347
2023-01-20	20:00	21088,82	21147	21041,41	21058,68	LONG	0,00167	5981,87	0,00451	HOLD	98,2349	123,3831
2023-01-20	21:00	21059,71	21168,69	21013,73	21153,97	LONG	0,00167	5981,87	0,00451	HOLD	98,2349	123,5423
2023-01-20	22:00	21153	21247,55	21105,99	21144,77	LONG	0,00167	5981,87	0,00451	HOLD	98,2349	123,5269
2023-01-20	23:00	21145,05	21415,64	21140,99	21313,29	LONG	0,00167	5981,87	0,00451	HOLD	98,2349	123,8083
2023-01-21	00:00	21313,29	21410	21279,9	21353,61	LONG	0,00167	5981,87	0,00451	HOLD	98,2349	123,8757
2023-01-21	01:00	21353,62	21437,3	21290,57	21384,49	LONG	0,00167	5981,87	0,00451	HOLD	98,2349	123,9272
2023-01-21	02:00	21385,52	21529	21356,7	21496,67	LONG	0,00167	5981,87	0,00451	HOLD	98,2349	124,1146
2023-01-21	03:00	21496,67	22385,41	21495,75	22288,37	LONG	0,00167	5981,87	0,00451	HOLD	98,2349	125,4367
2023-01-21	04:00	22288,91	22448	22207,78	22315,41	LONG	0,00167	5981,87	0,00451	HOLD	98,2349	125,4819
2023-01-21	05:00	22316,49	22729,99	22313,66	22595,08	LONG	0,00167	5981,87	0,00451	HOLD	98,2349	125,9489
2023-01-21	06:00	22593,98	22755,93	22537,8	22667,21	LONG	0,00167	5981,87	0,00451	HOLD	98,2349	126,0694
2023-01-21	07:00	22666	22792,86	22422	22576,17	LONG	0,00167	5981,87	0,00451	HOLD	98,2349	125,9173
2023-01-21	08:00	22576,86	22618,78	22551,72	22563,99	LONG	0,00167	5981,87	0,00451	HOLD	98,2349	125,897
2023-01-21	09:00	22563,04	22623,21	22508,33	22551,05	LONG	0,00167	5981,87	0,00451	HOLD	98,2349	125,8754
2023-01-21	10:00	22551,05	22571,4	22492,68	22547,35	LONG	0,00167	5981,87	0,00451	HOLD	98,2349	125,8692
2023-01-21	11:00	22547,83	22643,65	22514,6	22597,96	LONG	0,00167	5981,87	0,00451	HOLD	98,2349	125,9537
2023-01-21	12:00	22597,96	22621,39	22562,84	22573,98	LONG	0,00167	5981,87	0,00451	HOLD	98,2349	125,9137
2023-01-21	13:00	22573,99	22622,99	22554,72	22620,93	LONG	0,00167	5981,87	0,00451	HOLD	98,2349	125,9921
2023-01-21	14:00	22620,42	22670	22600,74	22638,36	LONG	0,00167	5981,87	0,00451	HOLD	98,2349	126,0212
2023-01-21	15:00	22638,36	22776,31	22626,62	22700,63	LONG	0,00167	5981,87	0,00451	HOLD	98,2349	126,1252
2023-01-21	16:00	22700,62	23100	22685,48	23037,49	LONG	0,00167	5981,87	0,00451	HOLD	98,2349	126,6878
2023-01-21	17:00	23037,46	23335,77	22595,23	22777,52	LONG	0,00167	5981,87	0,00451	HOLD	98,2349	126,2536
2023-01-21	18:00	22778,51	22953,93	22652,61	22905,65	LONG	0,00167	5981,87	0,00451	HOLD	98,2349	126,4676
2023-01-21	19:00	22907,01	23087,63	22888	23039,5	LONG	0,00167	5981,87	0,00451	HOLD	98,2349	126,6911
2023-01-21	20:00	23041,12	23050	22851,94	22930,04	LONG	0,00167	5981,87	0,00451	HOLD	98,2349	126,5083
2023-01-21	21:00	22930,87	23018,92	22875,54	22955,26	LONG	0,00167	5981,87	0,00451	HOLD	98,2349	126,5504
2023-01-21	22:00	22955,8	23280	22930,92	22998,9	LONG	0,00167	5981,87	0,00451	HOLD	98,2349	126,6233
2023-01-21	23:00	22998,9	23269,73	22980	23197,45	LONG	0,00167	5981,87	0,00451	HOLD	98,2349	126,9549
2023-01-22	00:00	23196,43	23371,8	23126,06	23226,65	LONG	0,00167	5981,87	0,00451	HOLD	98,2349	127,0036
2023-01-22	01:00	23225,17	23269,99	23053,24	23248,52	LONG	0,00167	5981,87	0,00451	HOLD	98,2349	127,0402
2023-01-22	02:00	23247,4	23308,06	23174,08	23270,5	LONG	0,00167	5981,87	0,00451	HOLD	98,2349	127,0769
2023-01-22	03:00	23270,97	23299,55	23080	23093,38	LONG	0,00167	5981,87	0,00451	HOLD	98,2349	126,7811
2023-01-22	04:00	23093,38	23220	23009,11	23204,64	LONG	0,00167	5981,87	0,00451	HOLD	98,2349	126,9669
2023-01-22	05:00	23203,41	23210,91	22737,36	22759,71	LONG	0,00167	5981,87	0,00451	HOLD	98,2349	126,2239
2023-01-22	06:00	22757,14	22964,6	22680,73	22783,55	LONG	0,00167	5981,87	0,00451	HOLD	98,2349	126,2637
2023-01-22	07:00	22783,35	22979,88	22700,06	22877,48	LONG	0,00167	5981,87	0,00451	HOLD	98,2349	126,4205
2023-01-22	08:00	22877,48	22891,76	22688,78	22792,13	LONG	0,00167	5981,87	0,00451	HOLD	98,2349	126,278
2023-01-22	09:00	22793,12	22833,26	22602,55	22707,64	LONG	0,00167	5981,87	0,00451	HOLD	98,2349	126,1369
2023-01-22	10:00	22706,9	22774,18	22668,48	22758,3	LONG	0,00167	5981,87	0,00451	HOLD	98,2349	126,2215
2023-01-22	11:00	22759,08	22868,98	22716,72	22847,79	LONG	0,00167	5981,87	0,00451	HOLD	98,2349	126,371
2023-01-22	12:00	22847,31	22895,4	22832,56	22878,37	LONG	0,00167	5981,87	0,00451	HOLD	98,2349	126,422
2023-01-22	13:00	22878,37	22967,33	22862,7	22919,67	LONG	0,00167	5981,87	0,00451	HOLD	98,2349	126,491
2023-01-22	14:00	22920,74	22959,68	22875	22895,2	LONG	0,00167	5981,87	0,00451	HOLD	98,2349	126,4501
2023-01-22	15:00	22895,49	22921,24	22809,56	22909,76	LONG	0,00167	5981,87	0,00451	HOLD	98,2349	126,4744
2023-01-22	16:00	22908,2	22938,12	22833,59	22856,68	LONG	0,00167	5981,87	0,00451	HOLD	98,2349	126,3858
2023-01-22	17:00	22857,48	22903,51	22839,09	22872,97	LONG	0,00167	5981,87	0,00451	HOLD	98,2349	126,413
2023-01-22	18:00	22872,21	22884,91	22726,02	22783,61	LONG	0,00167	5981,87	0,00451	HOLD	98,2349	126,2638
2023-01-22	19:00	22784,74	22871,68	22700,01	22869,56	LONG	0,00167	5981,87	0,00451	HOLD	98,2349	126,4073
2023-01-22	20:00	22869,56	22930,01	22846,82	22897,79	LONG	0,00167	5981,87	0,00451	HOLD	98,2349	126,4545
2023-01-22	21:00	22897,79	23040	22866,81	22990,41	LONG	0,00167	5981,87	0,00451	HOLD	98,2349	126,6091
2023-01-22	22:00	22990,42	23078,71	22645,59	22794,51	LONG	0,00167	5981,87	0,00451	HOLD	98,2349	126,282
2023-01-22	23:00	22794,63	22862,27	22689,72	22819,28	LONG	0,00167	5981,87	0,00451	HOLD	98,2349	126,3233
2023-01-23	00:00	22819,38	22959,71	22780,5	22922,34	LONG	0,00167	5981,87	0,00451	HOLD	98,2349	126,4955
2023-01-23	01:00	22922,34	22936,84	22818,84	22838	LONG	0,00167	5981,87	0,00451	HOLD	98,2349	126,3546
2023-01-23	02:00	22838	22856,75	22687,13	22722,15	LONG	0,00167	5981,87	0,00451	HOLD	98,2349	126,1611
2023-01-23	03:00	22721,88	22736	22292,37	22459,46	LONG	0,00167	5981,87	0,00451	HOLD	98,2349	125,7224
2023-01-23	04:00	22459,46	22639,71	22317	22585,37	LONG	0,00167	5981,87	0,00451	HOLD	98,2349	125,9327
2023-01-23	05:00	22585,38	22698	22536,26	22676,48	LONG	0,00167	5981,87	0,00451	HOLD	98,2349	126,0849
2023-01-23	06:00	22676,48	22773,89	22641,11	22707,88	LONG	0,00167	5981,87	0,00451	HOLD	98,2349	126,1373
2023-01-23	07:00	22706,02	22811,15	22660,67	22745,28	LONG	0,00167	5981,87	0,00451	HOLD	98,2349	126,1998
2023-01-23	08:00	22744,83	22826,46	22690,3	22699,37	LONG	0,00167	5981,87	0,00451	HOLD	98,2349	126,1231
2023-01-23	09:00	22699,37	22757,65	22690,3	22752,05	LONG	0,00167	5981,87	0,00451	HOLD	98,2349	126,2111
2023-01-23	10:00	22752,71	22771,14	22646,43	22661,02	LONG	0,00167	5981,87	0,00451	HOLD	98,2349	126,059
2023-01-23	11:00	22661,02	22759,49	22659,12	22758,32	LONG	0,00167	5981,87	0,00451	HOLD	98,2349	126,2215
2023-01-23	12:00	22758,32	22769,71	22706,25	22723,63	LONG	0,00167	5981,87	0,00451	HOLD	98,2349	126,1636
2023-01-23	13:00	22724,48	22794,33	22691,66	22773,33	LONG	0,00167	5981,87	0,00451	HOLD	98,2349	126,2466
2023-01-23	14:00	22773,92	22786	22600,14	22695,9	LONG	0,00167	5981,87	0,00451	HOLD	98,2349	126,1173
2023-01-23	15:00	22696,61	22769,53	22662,38	22719,28	LONG	0,00167	5981,87	0,00451	HOLD	98,2349	126,1563
2023-01-23	16:00	22719,28	22788	22703,26	22784,18	LONG	0,00167	5981,87	0,00451	HOLD	98,2349	126,2647
2023-01-23	17:00	22784,85	22957,25	22764,91	22909,95	LONG	0,00167	5981,87	0,00451	HOLD	98,2349	126,4748
2023-01-23	18:00	22909,95	22930	22826,23	22904,58	LONG	0,00167	5981,87	0,00451	HOLD	98,2349	126,4658
2023-01-23	19:00	22904,58	22978	22808,9	22910,74	LONG	0,00167	5981,87	0,00451	HOLD	98,2349	126,4761
2023-01-23	20:00	22911,6	22939,49	22668,43	22798,41	LONG	0,00167	5981,87	0,00451	HOLD	98,2349	126,2885
2023-01-23	21:00	22799,89	23115	22500	22622,05	LONG	0,00167	5981,87	0,00451	HOLD	98,2349	125,994
2023-01-23	22:00	22627,71	22920	22586,68	22853,14	LONG	0,00167	5981,87	0,00451	HOLD	98,2349	126,3799
2023-01-23	23:00	22855,44	22935,78	22765,27	22911,17	LONG	0,00167	5981,87	0,00451	HOLD	98,2349	126,4768
2023-01-24	00:00	22911,86	23067,86	22850,15	23065,22	LONG	0,00167	5981,87	0,00451	HOLD	98,2349	126,7341
2023-01-24	01:00	23065,22	23180	22862,07	22936,2	LONG	0,00167	5981,87	0,00451	HOLD	98,2349	126,5186
2023-01-24	02:00	22935,95	22967,99	22654	22792,47	LONG	0,00167	5981,87	0,00451	HOLD	98,2349	126,2786
2023-01-24	03:00	22792,47	23034,9	22753,71	23022,64	LONG	0,00167	5981,87	0,00451	HOLD	98,2349	126,663
2023-01-24	04:00	23020,53	23044,56	22937,54	22996	LONG	0,00167	5981,87	0,00451	HOLD	98,2349	126,6185
2023-01-24	05:00	22996,82	23034,46	22852,01	22925,32	LONG	0,00167	5981,87	0,00451	HOLD	98,2349	126,5004
2023-01-24	06:00	22925,32	22959,92	22869,12	22916,45	LONG	0,00167	5981,87	0,00451	HOLD	98,2349	126,4856
2023-01-24	07:00	22917,81	23009,79	22864,67	22986,44	LONG	0,00167	5981,87	0,00451	HOLD	98,2349	126,6025
2023-01-24	08:00	22985,52	23105,52	22930,12	23089,46	LONG	0,00167	5981,87	0,00451	HOLD	98,2349	126,7745
2023-01-24	09:00	23088,48	23144,76	23036,27	23036,68	LONG	0,00167	5981,87	0,00451	HOLD	98,2349	126,6864
2023-01-24	10:00	23036,68	23084	23002,31	23079,27	LONG	0,00167	5981,87	0,00451	HOLD	98,2349	126,7575
2023-01-24	11:00	23079,87	23121,66	23062,82	23072,15	LONG	0,00167	5981,87	0,00451	HOLD	98,2349	126,7456
2023-01-24	12:00	23072,17	23162,2	23026,01	23118,17	LONG	0,00167	5981,87	0,00451	HOLD	98,2349	126,8225
2023-01-24	13:00	23118,44	23155,82	23062,55	23095,63	LONG	0,00167	5981,87	0,00451	HOLD	98,2349	126,7848
2023-01-24	14:00	23094,85	23128,99	23006,98	23054,08	LONG	0,00167	5981,87	0,00451	HOLD	98,2349	126,7155
2023-01-24	15:00	23054,7	23090,25	23033,8	23053,12	LONG	0,00167	5981,87	0,00451	HOLD	98,2349	126,7139
2023-01-24	16:00	23052,67	23058,29	22770	22852,79	LONG	0,00167	5981,87	0,00451	HOLD	98,2349	126,3793
2023-01-24	17:00	22852,21	22942,7	22846,12	22902,51	LONG	0,00167	5981,87	0,00451	HOLD	98,2349	126,4623
2023-01-24	18:00	22902,51	22933,32	22866,23	22917,66	LONG	0,00167	5981,87	0,00451	HOLD	98,2349	126,4876
2023-01-24	19:00	22917,11	23035,31	22882,09	22964,13	LONG	0,00167	5981,87	0,00451	HOLD	98,2349	126,5652
2023-01-24	20:00	22963,2	23016,8	22785,01	22859,93	LONG	0,00167	5981,87	0,00451	HOLD	98,2349	126,3912
2023-01-24	21:00	22860,37	22961,18	22711	22859,1	LONG	0,00167	5981,87	0,00451	HOLD	98,2349	126,3898
2023-01-24	22:00	22859,1	22959,88	22750,01	22931,36	LONG	0,00167	5981,87	0,00451	HOLD	98,2349	126,5105
2023-01-24	23:00	22931,36	22949,26	22841,48	22875,18	LONG	0,00167	5981,87	0,00451	HOLD	98,2349	126,4167
2023-01-25	00:00	22875,18	22927,37	22785,59	22913,49	LONG	0,00167	5981,87	0,00451	HOLD	98,2349	126,4807
2023-01-25	01:00	22913,49	23050	22877,19	22999,85	LONG	0,00167	5981,87	0,00451	HOLD	98,2349	126,6249
2023-01-25	02:00	23000	23079	22961,85	23018,53	LONG	0,00167	5981,87	0,00451	HOLD	98,2349	126,6561
2023-01-25	03:00	23017,73	23040,27	22879,08	23010,34	LONG	0,00167	5981,87	0,00451	HOLD	98,2349	126,6424
2023-01-25	04:00	23009,3	23080,45	22818,02	22902,84	LONG	0,00167	5981,87	0,00451	HOLD	98,2349	126,4629
2023-01-25	05:00	22902,84	22929,63	22669,42	22755,52	LONG	0,00167	5981,87	0,00451	HOLD	98,2349	126,2169
2023-01-25	06:00	22755,47	22786,96	22462,93	22632,89	LONG	0,00167	5981,87	0,00451	HOLD	98,2349	126,0121
2023-01-25	07:00	22631,94	22715,06	22498	22652,23	LONG	0,00167	5981,87	0,00451	HOLD	98,2349	126,0444
2023-01-25	08:00	22651,23	22665,58	22300	22490,64	LONG	0,00167	5981,87	0,00451	HOLD	98,2349	125,7745
2023-01-25	09:00	22491,58	22597,64	22481,31	22549,89	LONG	0,00167	5981,87	0,00451	HOLD	98,2349	125,8735
2023-01-25	10:00	22550,24	22650	22535,09	22643,61	LONG	0,00167	5981,87	0,00451	HOLD	98,2349	126,03
2023-01-25	11:00	22643,04	22658,64	22620,12	22624,83	LONG	0,00167	5981,87	0,00451	HOLD	98,2349	125,9986
2023-01-25	12:00	22625,32	22737,58	22606,04	22670,72	LONG	0,00167	5981,87	0,00451	HOLD	98,2349	126,0752
2023-01-25	13:00	22671,42	22739,18	22634,86	22713,76	LONG	0,00167	5981,87	0,00451	HOLD	98,2349	126,1471
2023-01-25	14:00	22713,59	22772	22694,79	22712,45	LONG	0,00167	5981,87	0,00451	HOLD	98,2349	126,1449
2023-01-25	15:00	22711,85	22739,11	22655,67	22659,72	LONG	0,00167	5981,87	0,00451	HOLD	98,2349	126,0569
2023-01-25	16:00	22659,71	22709,73	22570,76	22607,26	LONG	0,00167	5981,87	0,00451	HOLD	98,2349	125,9693
2023-01-25	17:00	22607,26	22630,78	22475	22611,9	LONG	0,00167	5981,87	0,00451	HOLD	98,2349	125,977
2023-01-25	18:00	22610,91	22628,42	22561,18	22598,47	LONG	0,00167	5981,87	0,00451	HOLD	98,2349	125,9546
2023-01-25	19:00	22598,45	22745	22591,7	22694,23	LONG	0,00167	5981,87	0,00451	HOLD	98,2349	126,1145
2023-01-25	20:00	22694,22	22729,99	22565,01	22595,72	LONG	0,00167	5981,87	0,00451	HOLD	98,2349	125,95
2023-01-25	21:00	22595,08	22625,73	22415,35	22435,47	LONG	0,00167	5981,87	0,00451	HOLD	98,2349	125,6824
2023-01-25	22:00	22435,47	22606,35	22335	22577,86	LONG	0,00167	5981,87	0,00451	HOLD	98,2349	125,9202
2023-01-25	23:00	22578,79	22690,44	22516,98	22629,75	LONG	0,00167	5981,87	0,00451	HOLD	98,2349	126,0068
2023-01-26	00:00	22629,75	22653,93	22510	22568,94	LONG	0,00167	5981,87	0,00451	HOLD	98,2349	125,9053
2023-01-26	01:00	22569,11	22726,43	22555,44	22724,9	LONG	0,00167	5981,87	0,00451	HOLD	98,2349	126,1657
2023-01-26	02:00	22724,9	22765,3	22651,75	22748,86	LONG	0,00167	5981,87	0,00451	HOLD	98,2349	126,2057
2023-01-26	03:00	22749,97	22950,91	22749,93	22938,09	LONG	0,00167	5981,87	0,00451	HOLD	98,2349	126,5218
2023-01-26	04:00	22935,92	23700	22832,38	23592,55	LONG	0,00167	5981,87	0,00451	HOLD	98,2349	127,6147
2023-01-26	05:00	23592,56	23816,73	22816,66	22932,2	LONG	0,00167	5981,87	0,00451	HOLD	98,2349	126,5119
2023-01-26	06:00	22933,23	23212	22886,4	23060,94	LONG	0,00167	5981,87	0,00451	HOLD	98,2349	126,7269
2023-01-26	07:00	23060,42	23282,47	23041,14	23240,42	LONG	0,00167	5981,87	0,00451	HOLD	98,2349	127,0266
2023-01-26	08:00	23240,42	23247	23133,49	23163,24	LONG	0,00167	5981,87	0,00451	HOLD	98,2349	126,8978
2023-01-26	09:00	23163,24	23265	23137,79	23178,98	LONG	0,00167	5981,87	0,00451	HOLD	98,2349	126,924
2023-01-26	10:00	23178,98	23231,89	23104,67	23136,16	LONG	0,00167	5981,87	0,00451	HOLD	98,2349	126,8525
2023-01-26	11:00	23136,16	23197,8	23105,35	23179,35	LONG	0,00167	5981,87	0,00451	HOLD	98,2349	126,9247
2023-01-26	12:00	23178,7	23192,47	23130,55	23147,48	LONG	0,00167	5981,87	0,00451	HOLD	98,2349	126,8714
2023-01-26	13:00	23148,26	23164,11	22897,17	23087,87	LONG	0,00167	5981,87	0,00451	HOLD	98,2349	126,7719
2023-01-26	14:00	23088,63	23096,78	22951,27	22966,73	LONG	0,00167	5981,87	0,00451	HOLD	98,2349	126,5696
2023-01-26	15:00	22965,81	23048,49	22923,56	23003,87	LONG	0,00167	5981,87	0,00451	HOLD	98,2349	126,6316
2023-01-26	16:00	23003,11	23036,69	22900	22970,7	LONG	0,00167	5981,87	0,00451	HOLD	98,2349	126,5762
2023-01-26	17:00	22970,7	22995,72	22850,01	22939,26	LONG	0,00167	5981,87	0,00451	HOLD	98,2349	126,5237
2023-01-26	18:00	22939,26	22993,9	22895,48	22992,94	LONG	0,00167	5981,87	0,00451	HOLD	98,2349	126,6134
2023-01-26	19:00	22992,09	23147,98	22962,2	23120,96	LONG	0,00167	5981,87	0,00451	HOLD	98,2349	126,8271
2023-01-26	20:00	23120,96	23154,21	22880,95	23128,35	LONG	0,00167	5981,87	0,00451	HOLD	98,2349	126,8395
2023-01-26	21:00	23127,49	23250	22922	23039,35	LONG	0,00167	5981,87	0,00451	HOLD	98,2349	126,6909
2023-01-26	22:00	23037,23	23179,38	22901	22958,02	LONG	0,00167	5981,87	0,00451	HOLD	98,2349	126,555
2023-01-26	23:00	22955,16	23032,16	22853,81	23003,98	LONG	0,00167	5981,87	0,00451	HOLD	98,2349	126,6318
2023-01-27	00:00	23003,33	23062,77	22958,5	22982,85	LONG	0,00167	5981,87	0,00451	HOLD	98,2349	126,5965
2023-01-27	01:00	22983,25	23106,51	22959	23037,16	LONG	0,00167	5981,87	0,00451	HOLD	98,2349	126,6872
2023-01-27	02:00	23038,01	23091,7	22980,87	23070	LONG	0,00167	5981,87	0,00451	HOLD	98,2349	126,742
2023-01-27	03:00	23068,57	23195	23037	23112,57	LONG	0,00167	5981,87	0,00451	HOLD	98,2349	126,8131
2023-01-27	04:00	23110,98	23121,32	22963,07	23081,77	LONG	0,00167	5981,87	0,00451	HOLD	98,2349	126,7617
2023-01-27	05:00	23081,78	23150	22989,36	23003,79	LONG	0,00167	5981,87	0,00451	HOLD	98,2349	126,6315
2023-01-27	06:00	23004,81	23036,3	22967,3	23009,65	LONG	0,00167	5981,87	0,00451	HOLD	98,2349	126,6413
2023-01-27	07:00	23009,65	23076,62	22897,02	22925,5	LONG	0,00167	5981,87	0,00451	HOLD	98,2349	126,5007
2023-01-27	08:00	22925,08	22968,73	22534,88	22647,48	LONG	0,00167	5981,87	0,00451	HOLD	98,2349	126,0364
2023-01-27	09:00	22647,44	22815,4	22602,85	22781,67	LONG	0,00167	5981,87	0,00451	HOLD	98,2349	126,2605
2023-01-27	10:00	22781,67	22843,29	22761,49	22772,62	LONG	0,00167	5981,87	0,00451	HOLD	98,2349	126,2454
2023-01-27	11:00	22772,2	22858,22	22760,64	22802,81	LONG	0,00167	5981,87	0,00451	HOLD	98,2349	126,2958
2023-01-27	12:00	22802,3	23100	22796,95	23034,92	LONG	0,00167	5981,87	0,00451	HOLD	98,2349	126,6835
2023-01-27	13:00	23034,92	23054,96	22970	23002,92	LONG	0,00167	5981,87	0,00451	HOLD	98,2349	126,63
2023-01-27	14:00	23002,48	23081,83	22934,35	23072,77	LONG	0,00167	5981,87	0,00451	HOLD	98,2349	126,7467
2023-01-27	15:00	23072,29	23083,87	22925,1	22964,51	LONG	0,00167	5981,87	0,00451	HOLD	98,2349	126,5659
2023-01-27	16:00	22964,51	22985,88	22905	22947,87	LONG	0,00167	5981,87	0,00451	HOLD	98,2349	126,5381
2023-01-27	17:00	22947,87	22989,99	22903,03	22948,04	LONG	0,00167	5981,87	0,00451	HOLD	98,2349	126,5384
2023-01-27	18:00	22948,98	22973,75	22915,12	22967,47	LONG	0,00167	5981,87	0,00451	HOLD	98,2349	126,5708
2023-01-27	19:00	22967,48	22988,49	22857,14	22932,41	LONG	0,00167	5981,87	0,00451	HOLD	98,2349	126,5123
2023-01-27	20:00	22932,43	23022	22851,08	22899,82	LONG	0,00167	5981,87	0,00451	HOLD	98,2349	126,4578
2023-01-27	21:00	22900,53	23052,69	22841,19	22967,66	LONG	0,00167	5981,87	0,00451	HOLD	98,2349	126,5711
2023-01-27	22:00	22967,66	23148	22928,2	22933,96	LONG	0,00167	5981,87	0,00451	HOLD	98,2349	126,5149
2023-01-27	23:00	22932,2	23144	22924,01	23129,72	LONG	0,00167	5981,87	0,00451	HOLD	98,2349	126,8418
2023-01-28	00:00	23130,75	23244,99	23077,8	23204,74	LONG	0,00167	5981,87	0,00451	HOLD	98,2349	126,9671
2023-01-28	01:00	23204,74	23252,63	23131,3	23183,91	LONG	0,00167	5981,87	0,00451	HOLD	98,2349	126,9323
2023-01-28	02:00	23183,91	23284,32	23158,23	23253,06	LONG	0,00167	5981,87	0,00451	HOLD	98,2349	127,0478
2023-01-28	03:00	23253,06	23500	23016,79	23108,82	LONG	0,00167	5981,87	0,00451	HOLD	98,2349	126,8069
2023-01-28	04:00	23108,82	23196,24	23050	23080,88	LONG	0,00167	5981,87	0,00451	HOLD	98,2349	126,7602
2023-01-28	05:00	23080,88	23100,09	22951,33	23008,22	LONG	0,00167	5981,87	0,00451	HOLD	98,2349	126,6389
2023-01-28	06:00	23007,4	23083,08	23005,09	23074,16	LONG	0,00167	5981,87	0,00451	HOLD	98,2349	126,749
2023-01-28	07:00	23074,16	23189	23042,54	23151,84	LONG	0,00167	5981,87	0,00451	HOLD	98,2349	126,8787
2023-01-28	08:00	23151,27	23172,3	23072,7	23090,53	LONG	0,00167	5981,87	0,00451	HOLD	98,2349	126,7763
2023-01-28	09:00	23091,12	23127,49	23067,8	23086,84	LONG	0,00167	5981,87	0,00451	HOLD	98,2349	126,7702
2023-01-28	10:00	23086,84	23147,33	23080,2	23117,44	LONG	0,00167	5981,87	0,00451	HOLD	98,2349	126,8213
2023-01-28	11:00	23117,44	23133,4	23079,09	23092,24	LONG	0,00167	5981,87	0,00451	HOLD	98,2349	126,7792
2023-01-28	12:00	23092,24	23110	23021,74	23066,38	LONG	0,00167	5981,87	0,00451	HOLD	98,2349	126,736
2023-01-28	13:00	23066,94	23081	23010	23038,21	LONG	0,00167	5981,87	0,00451	HOLD	98,2349	126,689
2023-01-28	14:00	23038,68	23043,49	22951,01	22991,51	LONG	0,00167	5981,87	0,00451	HOLD	98,2349	126,611
2023-01-28	15:00	22991,86	23016,79	22953,04	22978,64	LONG	0,00167	5981,87	0,00451	HOLD	98,2349	126,5895
2023-01-28	16:00	22978,87	23017,27	22905	22998,6	LONG	0,00167	5981,87	0,00451	HOLD	98,2349	126,6228
2023-01-28	17:00	22998,24	23012,57	22947	22974,47	LONG	0,00167	5981,87	0,00451	HOLD	98,2349	126,5825
2023-01-28	18:00	22974,03	22999,99	22937,01	22981,51	LONG	0,00167	5981,87	0,00451	HOLD	98,2349	126,5943
2023-01-28	19:00	22981,51	22983,12	22917,39	22955,25	LONG	0,00167	5981,87	0,00451	HOLD	98,2349	126,5504
2023-01-28	20:00	22954,76	22974,83	22878,46	22970,1	LONG	0,00167	5981,87	0,00451	HOLD	98,2349	126,5752
2023-01-28	21:00	22970,8	22982,95	22947	22949,43	LONG	0,00167	5981,87	0,00451	HOLD	98,2349	126,5407
2023-01-28	22:00	22949,44	23044,12	22933,58	23012,54	LONG	0,00167	5981,87	0,00451	HOLD	98,2349	126,6461
2023-01-28	23:00	23012,02	23052,82	23005,79	23018,14	LONG	0,00167	5981,87	0,00451	HOLD	98,2349	126,6554
2023-01-29	00:00	23018,14	23029,93	22975	23018,96	LONG	0,00167	5981,87	0,00451	HOLD	98,2349	126,6568
2023-01-29	01:00	23018,96	23029,92	22977,1	22998,31	LONG	0,00167	5981,87	0,00451	HOLD	98,2349	126,6223
2023-01-29	02:00	22998,31	23043,12	22990	23039,35	LONG	0,00167	5981,87	0,00451	HOLD	98,2349	126,6909
2023-01-29	03:00	23039,35	23042,91	22953,07	22966,91	LONG	0,00167	5981,87	0,00451	HOLD	98,2349	126,5699
2023-01-29	04:00	22966,89	23010	22942	23001,41	LONG	0,00167	5981,87	0,00451	HOLD	98,2349	126,6275
2023-01-29	05:00	23001,41	23016,5	22973,35	22977,63	LONG	0,00167	5981,87	0,00451	HOLD	98,2349	126,5878
2023-01-29	06:00	22978,2	23031,9	22961,34	23022,6	LONG	0,00167	5981,87	0,00451	HOLD	98,2349	126,6629
2023-01-29	07:00	23021,4	23145,38	22967,76	23112,95	LONG	0,00167	5981,87	0,00451	HOLD	98,2349	126,8138
2023-01-29	08:00	23112,95	23492	23112,14	23232,32	LONG	0,00167	5981,87	0,00451	HOLD	98,2349	127,0131
2023-01-29	09:00	23231,22	23279,41	23051,43	23143,08	LONG	0,00167	5981,87	0,00451	HOLD	98,2349	126,8641
2023-01-29	10:00	23143,64	23198,63	23104,35	23193,43	LONG	0,00167	5981,87	0,00451	HOLD	98,2349	126,9482
2023-01-29	11:00	23194,27	23241,28	23144,99	23228,89	LONG	0,00167	5981,87	0,00451	HOLD	98,2349	127,0074
2023-01-29	12:00	23228,89	23255	23190,08	23249,5	LONG	0,00167	5981,87	0,00451	HOLD	98,2349	127,0418
2023-01-29	13:00	23249,5	23268,51	23183,17	23198,58	LONG	0,00167	5981,87	0,00451	HOLD	98,2349	126,9568
2023-01-29	14:00	23199,3	23220,76	23174,47	23203,86	LONG	0,00167	5981,87	0,00451	HOLD	98,2349	126,9656
2023-01-29	15:00	23203,39	23224,55	23153,64	23172,28	LONG	0,00167	5981,87	0,00451	HOLD	98,2349	126,9128
2023-01-29	16:00	23172,28	23373,89	23156,89	23296,8	LONG	0,00167	5981,87	0,00451	HOLD	98,2349	127,1208
2023-01-29	17:00	23296,8	23500	23295,06	23448,03	LONG	0,00167	5981,87	0,00451	HOLD	98,2349	127,3734
2023-01-29	18:00	23447,1	23605,74	23270,03	23432,17	LONG	0,00167	5981,87	0,00451	HOLD	98,2349	127,3469
2023-01-29	19:00	23431,39	23543,56	23350,47	23478,21	LONG	0,00167	5981,87	0,00451	HOLD	98,2349	127,4238
2023-01-29	20:00	23478,21	23666	23457,93	23538,94	LONG	0,00167	5981,87	0,00451	HOLD	98,2349	127,5252
2023-01-29	21:00	23538,04	23596,88	23412,1	23538,58	LONG	0,00167	5981,87	0,00451	HOLD	98,2349	127,5246
2023-01-29	22:00	23538,04	23549,62	23470,15	23525,09	LONG	0,00167	5981,87	0,00451	HOLD	98,2349	127,502
2023-01-29	23:00	23525,09	23650	23472	23586,44	LONG	0,00167	5981,87	0,00451	HOLD	98,2349	127,6045
2023-01-30	00:00	23586,44	23641,8	23546,83	23591,38	LONG	0,00167	5981,87	0,00451	HOLD	98,2349	127,6127
2023-01-30	01:00	23591,38	23759	23536,65	23678,99	LONG	0,00167	5981,87	0,00451	HOLD	98,2349	127,7591
2023-01-30	02:00	23677,95	23960,54	23661	23897,84	LONG	0,00167	5981,87	0,00451	HOLD	98,2349	128,1245
2023-01-30	03:00	23896,65	23910,6	23600	23698,65	LONG	0,00167	5981,87	0,00451	HOLD	98,2349	127,7919
2023-01-30	04:00	23698,65	23828,76	23656,33	23794,2	LONG	0,00167	5981,87	0,00451	HOLD	98,2349	127,9515
2023-01-30	05:00	23795,24	23821,21	23720,08	23765,93	LONG	0,00167	5981,87	0,00451	HOLD	98,2349	127,9042
2023-01-30	06:00	23765,93	23877,8	23727,17	23742,3	LONG	0,00167	5981,87	0,00451	HOLD	98,2349	127,8648
2023-01-30	07:00	23743,37	23800,51	23683,96	23751,43	LONG	0,00167	5981,87	0,00451	HOLD	98,2349	127,88
2023-01-30	08:00	23751,02	23765,9	23625,83	23670,08	LONG	0,00167	5981,87	0,00451	HOLD	98,2349	127,7442
2023-01-30	09:00	23670,08	23673,49	23567,1	23645,76	LONG	0,00167	5981,87	0,00451	HOLD	98,2349	127,7036
2023-01-30	10:00	23645,76	23703,61	23621,74	23701,44	LONG	0,00167	5981,87	0,00451	HOLD	98,2349	127,7965
2023-01-30	11:00	23700,78	23769,32	23694,31	23717,76	LONG	0,00167	5981,87	0,00451	HOLD	98,2349	127,8238
2023-01-30	12:00	23717,76	23733,86	23663	23728,71	LONG	0,00167	5981,87	0,00451	HOLD	98,2349	127,8421
2023-01-30	13:00	23728,71	23744,6	23658	23692,38	LONG	0,00167	5981,87	0,00451	HOLD	98,2349	127,7814
2023-01-30	14:00	23691,84	23706,36	23599,15	23642,81	LONG	0,00167	5981,87	0,00451	HOLD	98,2349	127,6986
2023-01-30	15:00	23642,81	23676,98	23507	23548,76	LONG	0,00167	5981,87	0,00451	HOLD	98,2349	127,5416
2023-01-30	16:00	23547,79	23552,65	23110	23191,2	LONG	0,00167	5981,87	0,00451	HOLD	98,2349	126,9444
2023-01-30	17:00	23191,2	23305,73	23101,62	23243,54	LONG	0,00167	5981,87	0,00451	HOLD	98,2349	127,0319
2023-01-30	18:00	23244,5	23275,55	23017	23077,47	LONG	0,00167	5981,87	0,00451	HOLD	98,2349	126,7545
2023-01-30	19:00	23077,47	23153,06	22962,68	23076,27	LONG	0,00167	5981,87	0,00451	HOLD	98,2349	126,7525
2023-01-30	20:00	23076,27	23132,74	23045	23057,19	LONG	0,00167	5981,87	0,00451	HOLD	98,2349	126,7206
2023-01-30	21:00	23057,72	23289,86	23027,3	23287,7	LONG	0,00167	5981,87	0,00451	HOLD	98,2349	127,1056
2023-01-30	22:00	23288,97	23301,82	23048,79	23178,51	LONG	0,00167	5981,87	0,00451	HOLD	98,2349	126,9233
2023-01-30	23:00	23178,51	23248,86	23110,38	23170,38	LONG	0,00167	5981,87	0,00451	HOLD	98,2349	126,9097
2023-01-31	00:00	23170,38	23237,86	23088,06	23108,94	LONG	0,00167	5981,87	0,00451	HOLD	98,2349	126,8071
2023-01-31	01:00	23109,92	23180	23067,34	23138,83	LONG	0,00167	5981,87	0,00451	HOLD	98,2349	126,857
2023-01-31	02:00	23139,06	23141,82	22627,9	22784,86	LONG	0,00167	5981,87	0,00451	HOLD	98,2349	126,2659
2023-01-31	03:00	22784,86	22810	22558,88	22697,83	LONG	0,00167	5981,87	0,00451	HOLD	98,2349	126,1205
2023-01-31	04:00	22697,83	22794,8	22674,05	22743,7	LONG	0,00167	5981,87	0,00451	HOLD	98,2349	126,1971
2023-01-31	05:00	22744,64	22768,02	22500	22729,81	LONG	0,00167	5981,87	0,00451	HOLD	98,2349	126,1739
2023-01-31	06:00	22731,1	22840,69	22703,61	22826,15	LONG	0,00167	5981,87	0,00451	HOLD	98,2349	126,3348
2023-01-31	07:00	22827,38	22877,45	22714,77	22828,32	LONG	0,00167	5981,87	0,00451	HOLD	98,2349	126,3384
2023-01-31	08:00	22828,32	22862	22755,23	22830,23	LONG	0,00167	5981,87	0,00451	HOLD	98,2349	126,3416
2023-01-31	09:00	22830,23	22913,71	22817,3	22857,93	LONG	0,00167	5981,87	0,00451	HOLD	98,2349	126,3879
2023-01-31	10:00	22857,93	22869,94	22814,81	22835,01	LONG	0,00167	5981,87	0,00451	HOLD	98,2349	126,3496
2023-01-31	11:00	22835,46	22865,58	22800,33	22861,59	LONG	0,00167	5981,87	0,00451	HOLD	98,2349	126,394
2023-01-31	12:00	22862,32	22873,01	22754,23	22759,14	LONG	0,00167	5981,87	0,00451	HOLD	98,2349	126,2229
2023-01-31	13:00	22759,14	22867,77	22743,05	22812,12	LONG	0,00167	5981,87	0,00451	HOLD	98,2349	126,3114
2023-01-31	14:00	22812,12	22989,48	22809,67	22978,24	LONG	0,00167	5981,87	0,00451	HOLD	98,2349	126,5888
2023-01-31	15:00	22978,24	22996,84	22835,01	22912,62	LONG	0,00167	5981,87	0,00451	HOLD	98,2349	126,4792
2023-01-31	16:00	22912,6	22942,13	22882,89	22891,34	LONG	0,00167	5981,87	0,00451	HOLD	98,2349	126,4437
2023-01-31	17:00	22892,45	22913	22815	22828,87	LONG	0,00167	5981,87	0,00451	HOLD	98,2349	126,3394
2023-01-31	18:00	22828,15	22881,44	22810,03	22865,43	LONG	0,00167	5981,87	0,00451	HOLD	98,2349	126,4004
2023-01-31	19:00	22865,97	22923,99	22851,01	22895,15	LONG	0,00167	5981,87	0,00451	HOLD	98,2349	126,45
2023-01-31	20:00	22895,82	23127,5	22884,86	23127,11	LONG	0,00167	5981,87	0,00451	HOLD	98,2349	126,8374
2023-01-31	21:00	23126,94	23197,38	23056	23119,64	LONG	0,00167	5981,87	0,00451	HOLD	98,2349	126,8249
2023-01-31	22:00	23118,76	23206,84	23075,01	23121,8	LONG	0,00167	5981,87	0,00451	HOLD	98,2349	126,8285
2023-01-31	23:00	23121,8	23221,14	23081,08	23109,17	LONG	0,00167	5981,87	0,00451	HOLD	98,2349	126,8075
2023-02-01	00:00	23109,88	23182,13	23086,01	23152,42	LONG	0,00167	5981,87	0,00451	HOLD	98,2349	126,8797
2023-02-01	01:00	23151,76	23187	23115,06	23165,96	LONG	0,00167	5981,87	0,00451	HOLD	98,2349	126,9023
2023-02-01	02:00	23166,54	23188,58	23087,28	23163,88	LONG	0,00167	5981,87	0,00451	HOLD	98,2349	126,8988
2023-02-01	03:00	23162,99	23172,8	23045,07	23095,41	LONG	0,00167	5981,87	0,00451	HOLD	98,2349	126,7845
2023-02-01	04:00	23095,41	23124,34	22812,69	22948,69	LONG	0,00167	5981,87	0,00451	HOLD	98,2349	126,5395
2023-02-01	05:00	22947,66	23320	22872,12	23181,81	LONG	0,00167	5981,87	0,00451	HOLD	98,2349	126,9288
2023-02-01	06:00	23181,81	23188,7	23081,19	23125,13	LONG	0,00167	5981,87	0,00451	HOLD	98,2349	126,8341
2023-02-01	07:00	23125,13	23168,9	22997,1	23085,73	LONG	0,00167	5981,87	0,00451	HOLD	98,2349	126,7683
2023-02-01	08:00	23085,36	23184,29	23055,25	23123,09	LONG	0,00167	5981,87	0,00451	HOLD	98,2349	126,8307
2023-02-01	09:00	23123,1	23130,93	23078,5	23108,43	LONG	0,00167	5981,87	0,00451	HOLD	98,2349	126,8062
2023-02-01	10:00	23107,17	23134,59	23038,07	23130,19	LONG	0,00167	5981,87	0,00451	HOLD	98,2349	126,8426
2023-02-01	11:00	23130,7	23157,41	23107,83	23135,98	LONG	0,00167	5981,87	0,00451	HOLD	98,2349	126,8522
2023-02-01	12:00	23136,75	23167,39	23111,39	23118,67	LONG	0,00167	5981,87	0,00451	HOLD	98,2349	126,8233
2023-02-01	13:00	23118,68	23131,98	23048,25	23065,77	LONG	0,00167	5981,87	0,00451	HOLD	98,2349	126,735
2023-02-01	14:00	23065,77	23115,54	23017,07	23076,68	LONG	0,00167	5981,87	0,00451	HOLD	98,2349	126,7532
2023-02-01	15:00	23076,67	23087,43	22938,16	22982,03	LONG	0,00167	5981,87	0,00451	HOLD	98,2349	126,5951
2023-02-01	16:00	22982,15	23021,87	22919,33	22991,86	LONG	0,00167	5981,87	0,00451	HOLD	98,2349	126,6115
2023-02-01	17:00	22992,69	23011,87	22942,84	22996,3	LONG	0,00167	5981,87	0,00451	HOLD	98,2349	126,619
2023-02-01	18:00	22996,3	23100	22987,6	23077,52	LONG	0,00167	5981,87	0,00451	HOLD	98,2349	126,7546
2023-02-01	19:00	23078,43	23108,09	23048,1	23060,63	LONG	0,00167	5981,87	0,00451	HOLD	98,2349	126,7264
2023-02-01	20:00	23061,34	23140,89	23015,34	23086,1	LONG	0,00167	5981,87	0,00451	HOLD	98,2349	126,7689
2023-02-01	21:00	23086,78	23144,85	23028,88	23101	LONG	0,00167	5981,87	0,00451	HOLD	98,2349	126,7938
2023-02-01	22:00	23101	23111,78	22938,36	22979,73	LONG	0,00167	5981,87	0,00451	HOLD	98,2349	126,5913
2023-02-01	23:00	22979,73	23036,63	22918,2	22999,85	LONG	0,00167	5981,87	0,00451	HOLD	98,2349	126,6249
2023-02-02	00:00	23000,62	23038,93	22929	22994,27	LONG	0,00167	5981,87	0,00451	HOLD	98,2349	126,6156
2023-02-02	01:00	22993,32	23128	22943,47	23077,26	LONG	0,00167	5981,87	0,00451	HOLD	98,2349	126,7542
2023-02-02	02:00	23075,53	23494,77	22760,23	23385,99	LONG	0,00167	5981,87	0,00451	HOLD	98,2349	127,2697
2023-02-02	03:00	23385,99	23650	23320,01	23573,11	LONG	0,00167	5981,87	0,00451	HOLD	98,2349	127,5822
2023-02-02	04:00	23571,72	23800	23535,27	23681,05	LONG	0,00167	5981,87	0,00451	HOLD	98,2349	127,7625
2023-02-02	05:00	23681,05	23812,66	23654,83	23714,5	LONG	0,00167	5981,87	0,00451	HOLD	98,2349	127,8184
2023-02-02	06:00	23713,81	23786,38	23682,94	23732,66	LONG	0,00167	5981,87	0,00451	HOLD	98,2349	127,8487
2023-02-02	07:00	23731,41	24255	23690,02	24189,85	LONG	0,00167	5981,87	0,00451	HOLD	98,2349	128,6122
2023-02-02	08:00	24188,09	24209,91	23946,59	23950,55	LONG	0,00167	5981,87	0,00451	HOLD	98,2349	128,2126
2023-02-02	09:00	23950,55	23988,26	23830,02	23885,19	LONG	0,00167	5981,87	0,00451	HOLD	98,2349	128,1034
2023-02-02	10:00	23884,85	23934	23847,28	23848,6	LONG	0,00167	5981,87	0,00451	HOLD	98,2349	128,0423
2023-02-02	11:00	23848,6	23907,79	23838,3	23882,87	LONG	0,00167	5981,87	0,00451	HOLD	98,2349	128,0995
2023-02-02	12:00	23882,87	23921,1	23800	23804,61	LONG	0,00167	5981,87	0,00451	HOLD	98,2349	127,9688
2023-02-02	13:00	23803,74	23831,17	23658,2	23786,46	LONG	0,00167	5981,87	0,00451	HOLD	98,2349	127,9385
2023-02-02	14:00	23786,46	23832,28	23738,75	23781,12	LONG	0,00167	5981,87	0,00451	HOLD	98,2349	127,9296
2023-02-02	15:00	23780,65	23852,75	23766,16	23799,59	LONG	0,00167	5981,87	0,00451	HOLD	98,2349	127,9605
2023-02-02	16:00	23799,16	23836	23750	23830,91	LONG	0,00167	5981,87	0,00451	HOLD	98,2349	128,0128
2023-02-02	17:00	23830,23	23835	23770,8	23780,17	LONG	0,00167	5981,87	0,00451	HOLD	98,2349	127,928
2023-02-02	18:00	23780,84	23850,68	23772,68	23820,49	LONG	0,00167	5981,87	0,00451	HOLD	98,2349	127,9954
2023-02-02	19:00	23820,49	23831,92	23760,83	23800,76	LONG	0,00167	5981,87	0,00451	HOLD	98,2349	127,9624
2023-02-02	20:00	23800,77	23816,92	23715,41	23766,53	LONG	0,00167	5981,87	0,00451	HOLD	98,2349	127,9052
2023-02-02	21:00	23766,53	23945,68	23525	23609,11	LONG	0,00167	5981,87	0,00451	HOLD	98,2349	127,6424
2023-02-02	22:00	23609,11	23927,21	23550,8	23839,5	LONG	0,00167	5981,87	0,00451	HOLD	98,2349	128,0271
2023-02-02	23:00	23839,5	23898,98	23765,09	23790,35	LONG	0,00167	5981,87	0,00451	HOLD	98,2349	127,945
2023-02-03	00:00	23790,35	23935,05	23780,01	23893,33	LONG	0,00167	5981,87	0,00451	HOLD	98,2349	128,117
2023-02-03	01:00	23894,1	24144,62	23889,88	24054,54	LONG	0,00167	5981,87	0,00451	HOLD	98,2349	128,3862
2023-02-03	02:00	24055,71	24071	23725,76	23802,57	LONG	0,00167	5981,87	0,00451	HOLD	98,2349	127,9654
2023-02-03	03:00	23802,57	23878	23748,55	23872,75	LONG	0,00167	5981,87	0,00451	HOLD	98,2349	128,0826
2023-02-03	04:00	23872,76	23924,81	23413,02	23455,65	LONG	0,00167	5981,87	0,00451	HOLD	98,2349	127,3861
2023-02-03	05:00	23455,65	23618,98	23363,27	23556,13	LONG	0,00167	5981,87	0,00451	HOLD	98,2349	127,5539
2023-02-03	06:00	23556,7	23595,5	23423,75	23488,94	LONG	0,00167	5981,87	0,00451	HOLD	98,2349	127,4417
2023-02-03	07:00	23489,33	23585,04	23436,06	23552,89	LONG	0,00167	5981,87	0,00451	HOLD	98,2349	127,5485
2023-02-03	08:00	23553,32	23590,11	23522,7	23555,12	LONG	0,00167	5981,87	0,00451	HOLD	98,2349	127,5522
2023-02-03	09:00	23555,12	23580,6	23411,47	23475,45	LONG	0,00167	5981,87	0,00451	HOLD	98,2349	127,4191
2023-02-03	10:00	23475,46	23536,35	23413,01	23534,18	LONG	0,00167	5981,87	0,00451	HOLD	98,2349	127,5172
2023-02-03	11:00	23533,64	23566,18	23507,21	23516,73	LONG	0,00167	5981,87	0,00451	HOLD	98,2349	127,4881
2023-02-03	12:00	23516,73	23549,37	23501,24	23523,58	LONG	0,00167	5981,87	0,00451	HOLD	98,2349	127,4995
2023-02-03	13:00	23523,57	23552,4	23505,9	23513,55	LONG	0,00167	5981,87	0,00451	HOLD	98,2349	127,4828
2023-02-03	14:00	23512,71	23545,28	23447,25	23456,23	LONG	0,00167	5981,87	0,00451	HOLD	98,2349	127,387
2023-02-03	15:00	23456,22	23472	23322,3	23423,52	LONG	0,00167	5981,87	0,00451	HOLD	98,2349	127,3324
2023-02-03	16:00	23423,52	23447,24	23399,78	23423,17	LONG	0,00167	5981,87	0,00451	HOLD	98,2349	127,3318
2023-02-03	17:00	23423,17	23443,5	23352,79	23431,91	LONG	0,00167	5981,87	0,00451	HOLD	98,2349	127,3464
2023-02-03	18:00	23431,91	23541,7	23416,23	23534,13	LONG	0,00167	5981,87	0,00451	HOLD	98,2349	127,5171
2023-02-03	19:00	23533,32	23570,76	23486,13	23524,75	LONG	0,00167	5981,87	0,00451	HOLD	98,2349	127,5015
2023-02-03	20:00	23524,2	23546,34	23244,11	23346,63	LONG	0,00167	5981,87	0,00451	HOLD	98,2349	127,204
2023-02-03	21:00	23346,63	23597,68	23227,16	23518,32	LONG	0,00167	5981,87	0,00451	HOLD	98,2349	127,4907
2023-02-03	22:00	23518,42	23710,8	23408,76	23603,36	LONG	0,00167	5981,87	0,00451	HOLD	98,2349	127,6328
2023-02-03	23:00	23604,62	23715,7	23513,73	23519,21	LONG	0,00167	5981,87	0,00451	HOLD	98,2349	127,4922
2023-02-04	00:00	23518,92	23662,39	23501,2	23506,58	LONG	0,00167	5981,87	0,00451	HOLD	98,2349	127,4711
2023-02-04	01:00	23508,21	23527,79	23366	23418,3	LONG	0,00167	5981,87	0,00451	HOLD	98,2349	127,3237
2023-02-04	02:00	23417,75	23439,16	23300,76	23307,99	LONG	0,00167	5981,87	0,00451	HOLD	98,2349	127,1395
2023-02-04	03:00	23308,05	23403,94	23204,62	23338,35	LONG	0,00167	5981,87	0,00451	HOLD	98,2349	127,1902
2023-02-04	04:00	23337,66	23394,35	23302,48	23379,01	LONG	0,00167	5981,87	0,00451	HOLD	98,2349	127,2581
2023-02-04	05:00	23379,01	23443,36	23375,88	23421,02	LONG	0,00167	5981,87	0,00451	HOLD	98,2349	127,3282
2023-02-04	06:00	23421,72	23472	23402,86	23431,9	LONG	0,00167	5981,87	0,00451	HOLD	98,2349	127,3464
2023-02-04	07:00	23431,9	23465,15	23382,01	23411,3	LONG	0,00167	5981,87	0,00451	HOLD	98,2349	127,312
2023-02-04	08:00	23411,39	23442,24	23365	23373,87	LONG	0,00167	5981,87	0,00451	HOLD	98,2349	127,2495
2023-02-04	09:00	23373,87	23399	23347,72	23386,89	LONG	0,00167	5981,87	0,00451	HOLD	98,2349	127,2712
2023-02-04	10:00	23386,53	23393,89	23331,16	23343,43	LONG	0,00167	5981,87	0,00451	HOLD	98,2349	127,1987
2023-02-04	11:00	23343,12	23361,33	23314,14	23337,71	LONG	0,00167	5981,87	0,00451	HOLD	98,2349	127,1891
2023-02-04	12:00	23337,7	23338,78	23263,44	23312,38	LONG	0,00167	5981,87	0,00451	HOLD	98,2349	127,1468
2023-02-04	13:00	23312,76	23347,62	23253,96	23338,23	LONG	0,00167	5981,87	0,00451	HOLD	98,2349	127,19
2023-02-04	14:00	23338,23	23357,33	23293,55	23329,18	LONG	0,00167	5981,87	0,00451	HOLD	98,2349	127,1749
2023-02-04	15:00	23329,18	23345,91	23296,01	23297,59	LONG	0,00167	5981,87	0,00451	HOLD	98,2349	127,1221
2023-02-04	16:00	23297,83	23353,76	23292,19	23340,02	LONG	0,00167	5981,87	0,00451	HOLD	98,2349	127,193
2023-02-04	17:00	23340,02	23369,4	23331,24	23335,83	LONG	0,00167	5981,87	0,00451	HOLD	98,2349	127,186
2023-02-04	18:00	23336,09	23376,27	23332,55	23363,76	LONG	0,00167	5981,87	0,00451	HOLD	98,2349	127,2326
2023-02-04	19:00	23364,14	23417,52	23340,44	23412,84	LONG	0,00167	5981,87	0,00451	HOLD	98,2349	127,3146
2023-02-04	20:00	23412,84	23587,78	23408,19	23503,73	LONG	0,00167	5981,87	0,00451	HOLD	98,2349	127,4664
2023-02-04	21:00	23503,75	23510	23393,32	23464,36	LONG	0,00167	5981,87	0,00451	HOLD	98,2349	127,4006
2023-02-04	22:00	23464,36	23473,47	23387,67	23421,45	LONG	0,00167	5981,87	0,00451	HOLD	98,2349	127,329
2023-02-04	23:00	23421,45	23455,52	23358,57	23407,83	LONG	0,00167	5981,87	0,00451	HOLD	98,2349	127,3062
2023-02-05	00:00	23408,28	23465	23392,28	23439,63	LONG	0,00167	5981,87	0,00451	HOLD	98,2349	127,3593
2023-02-05	01:00	23439,01	23472,5	23402,22	23445,66	LONG	0,00167	5981,87	0,00451	HOLD	98,2349	127,3694
2023-02-05	02:00	23445,66	23454,94	23415,01	23425,89	LONG	0,00167	5981,87	0,00451	HOLD	98,2349	127,3364
2023-02-05	03:00	23425,28	23442,27	23389	23412,48	LONG	0,00167	5981,87	0,00451	HOLD	98,2349	127,314
2023-02-05	04:00	23412,48	23418,42	23372,92	23413,98	LONG	0,00167	5981,87	0,00451	HOLD	98,2349	127,3165
2023-02-05	05:00	23413,54	23449,96	23391,26	23402,89	LONG	0,00167	5981,87	0,00451	HOLD	98,2349	127,298
2023-02-05	06:00	23402,89	23423,67	23259,62	23326,84	LONG	0,00167	5981,87	0,00451	HOLD	98,2349	127,171
2023-02-05	07:00	23327,66	23371,99	23230	23291	LONG	0,00167	5981,87	0,00451	HOLD	98,2349	127,1111
2023-02-05	08:00	23290,99	23333,06	23261,22	23319,48	LONG	0,00167	5981,87	0,00451	HOLD	98,2349	127,1587
2023-02-05	09:00	23319,86	23347,59	23292	23292,21	LONG	0,00167	5981,87	0,00451	HOLD	98,2349	127,1131
2023-02-05	10:00	23292,22	23349,73	23289,4	23344,53	LONG	0,00167	5981,87	0,00451	HOLD	98,2349	127,2005
2023-02-05	11:00	23344,53	23377,54	23326,23	23364	LONG	0,00167	5981,87	0,00451	HOLD	98,2349	127,233
2023-02-05	12:00	23364,33	23390	23360,73	23375,6	LONG	0,00167	5981,87	0,00451	HOLD	98,2349	127,2524
2023-02-05	13:00	23375,12	23433,33	23343,51	23392,8	LONG	0,00167	5981,87	0,00451	HOLD	98,2349	127,2811
2023-02-05	14:00	23392,35	23404,6	23360,92	23377,4	LONG	0,00167	5981,87	0,00451	HOLD	98,2349	127,2554
2023-02-05	15:00	23377,03	23419,74	23363,98	23393,26	LONG	0,00167	5981,87	0,00451	HOLD	98,2349	127,2819
2023-02-05	16:00	23393,26	23398,2	23356,4	23365,02	LONG	0,00167	5981,87	0,00451	HOLD	98,2349	127,2347
2023-02-05	17:00	23365,02	23404,23	23360,86	23395,57	LONG	0,00167	5981,87	0,00451	HOLD	98,2349	127,2857
2023-02-05	18:00	23396,12	23404,53	23345	23356,33	LONG	0,00167	5981,87	0,00451	HOLD	98,2349	127,2202
2023-02-05	19:00	23356,86	23374,8	23000,01	23170,56	LONG	0,00167	5981,87	0,00451	HOLD	98,2349	126,91
2023-02-05	20:00	23170,56	23218,28	23070,02	23167,62	LONG	0,00167	5981,87	0,00451	HOLD	98,2349	126,9051
2023-02-05	21:00	23166,96	23212,16	23140	23163,45	LONG	0,00167	5981,87	0,00451	HOLD	98,2349	126,8981
2023-02-05	22:00	23163,45	23203,64	23060,01	23096,16	LONG	0,00167	5981,87	0,00451	HOLD	98,2349	126,7857
2023-02-05	23:00	23096,92	23157,75	22990,8	23075,54	LONG	0,00167	5981,87	0,00451	HOLD	98,2349	126,7513
2023-02-06	00:00	23075,53	23108,3	22807,99	22851,48	LONG	0,00167	5981,87	0,00451	HOLD	98,2349	126,3771
2023-02-06	01:00	22851,48	22950,9	22815	22843,92	LONG	0,00167	5981,87	0,00451	HOLD	98,2349	126,3645
2023-02-06	02:00	22843,92	22916,33	22743	22891,8	LONG	0,00167	5981,87	0,00451	HOLD	98,2349	126,4444
2023-02-06	03:00	22892,65	22942,03	22852,01	22886,3	LONG	0,00167	5981,87	0,00451	HOLD	98,2349	126,4353
2023-02-06	04:00	22886,9	22897,86	22795,01	22896,41	LONG	0,00167	5981,87	0,00451	HOLD	98,2349	126,4521
2023-02-06	05:00	22896,41	23030	22887,13	22979,51	LONG	0,00167	5981,87	0,00451	HOLD	98,2349	126,5909
2023-02-06	06:00	22979,51	23005,81	22900,91	22932,91	LONG	0,00167	5981,87	0,00451	HOLD	98,2349	126,5131
2023-02-06	07:00	22932,91	23094,92	22918,61	23054,44	LONG	0,00167	5981,87	0,00451	HOLD	98,2349	126,7161
2023-02-06	08:00	23055,04	23066,02	22964,16	22978,08	LONG	0,00167	5981,87	0,00451	HOLD	98,2349	126,5885
2023-02-06	09:00	22977,72	23003,83	22869,03	22877,82	LONG	0,00167	5981,87	0,00451	HOLD	98,2349	126,4211
2023-02-06	10:00	22878,52	22924,85	22823	22895,48	LONG	0,00167	5981,87	0,00451	HOLD	98,2349	126,4506
2023-02-06	11:00	22895,48	22928,2	22868,86	22873,12	LONG	0,00167	5981,87	0,00451	HOLD	98,2349	126,4133
2023-02-06	12:00	22873,11	22890,56	22628,13	22774,76	LONG	0,00167	5981,87	0,00451	HOLD	98,2349	126,249
2023-02-06	13:00	22773,91	22803,6	22720	22783,44	LONG	0,00167	5981,87	0,00451	HOLD	98,2349	126,2635
2023-02-06	14:00	22783,44	22887,99	22753,03	22879,69	LONG	0,00167	5981,87	0,00451	HOLD	98,2349	126,4242
2023-02-06	15:00	22880,91	22939,99	22833,65	22862,99	LONG	0,00167	5981,87	0,00451	HOLD	98,2349	126,3963
2023-02-06	16:00	22862,53	22883,64	22815,62	22837,98	LONG	0,00167	5981,87	0,00451	HOLD	98,2349	126,3546
2023-02-06	17:00	22837,49	22870	22804,33	22842,41	LONG	0,00167	5981,87	0,00451	HOLD	98,2349	126,362
2023-02-06	18:00	22842,86	22895	22735,46	22878,23	LONG	0,00167	5981,87	0,00451	HOLD	98,2349	126,4218
2023-02-06	19:00	22878,23	22935,27	22828,54	22885,94	LONG	0,00167	5981,87	0,00451	HOLD	98,2349	126,4347
2023-02-06	20:00	22885,44	22923,81	22807,28	22828,79	LONG	0,00167	5981,87	0,00451	HOLD	98,2349	126,3392
2023-02-06	21:00	22828,79	22900	22777,01	22842,47	LONG	0,00167	5981,87	0,00451	HOLD	98,2349	126,3621
2023-02-06	22:00	22842,47	23054,66	22745,01	23041,39	LONG	0,00167	5981,87	0,00451	HOLD	98,2349	126,6943
2023-02-06	23:00	23042,86	23158,25	22921,25	22999,62	LONG	0,00167	5981,87	0,00451	HOLD	98,2349	126,6245
2023-02-07	00:00	22998,82	23071,26	22952,2	23035,78	LONG	0,00167	5981,87	0,00451	HOLD	98,2349	126,6849
2023-02-07	01:00	23035,78	23076,66	22953,89	23018,13	LONG	0,00167	5981,87	0,00451	HOLD	98,2349	126,6554
2023-02-07	02:00	23018,7	23124,98	22980,59	23031,03	LONG	0,00167	5981,87	0,00451	HOLD	98,2349	126,677
2023-02-07	03:00	23030,29	23032,13	22963,12	23005,84	LONG	0,00167	5981,87	0,00451	HOLD	98,2349	126,6349
2023-02-07	04:00	23004,61	23011,5	22901	22915,05	LONG	0,00167	5981,87	0,00451	HOLD	98,2349	126,4833
2023-02-07	05:00	22915,05	22926,13	22840	22879,37	LONG	0,00167	5981,87	0,00451	HOLD	98,2349	126,4237
2023-02-07	06:00	22879,93	22890,34	22638	22762,52	LONG	0,00167	5981,87	0,00451	HOLD	98,2349	126,2286
2023-02-07	07:00	22762,52	22826,03	22745,78	22795,13	LONG	0,00167	5981,87	0,00451	HOLD	98,2349	126,283
2023-02-07	08:00	22795,72	22864,28	22791	22849,16	LONG	0,00167	5981,87	0,00451	HOLD	98,2349	126,3732
2023-02-07	09:00	22849,16	22889,61	22805	22883,71	LONG	0,00167	5981,87	0,00451	HOLD	98,2349	126,4309
2023-02-07	10:00	22883,71	22897,67	22850,62	22877,99	LONG	0,00167	5981,87	0,00451	HOLD	98,2349	126,4214
2023-02-07	11:00	22877,99	22928,39	22861,45	22870,35	LONG	0,00167	5981,87	0,00451	HOLD	98,2349	126,4086
2023-02-07	12:00	22870,94	22949,74	22864,37	22936,72	LONG	0,00167	5981,87	0,00451	HOLD	98,2349	126,5195
2023-02-07	13:00	22935,92	22986,71	22920,32	22927,38	LONG	0,00167	5981,87	0,00451	HOLD	98,2349	126,5039
2023-02-07	14:00	22926,9	22960,83	22888,11	22910,91	LONG	0,00167	5981,87	0,00451	HOLD	98,2349	126,4764
2023-02-07	15:00	22910,91	22921,27	22862,85	22872,67	LONG	0,00167	5981,87	0,00451	HOLD	98,2349	126,4125
2023-02-07	16:00	22872,95	23044,86	22871,12	23011,79	LONG	0,00167	5981,87	0,00451	HOLD	98,2349	126,6448
2023-02-07	17:00	23010,93	23064,56	22971,84	22983,51	LONG	0,00167	5981,87	0,00451	HOLD	98,2349	126,5976
2023-02-07	18:00	22984,04	23022,82	22965,01	22977,24	LONG	0,00167	5981,87	0,00451	HOLD	98,2349	126,5871
2023-02-07	19:00	22977,24	23035,74	22963,63	23023,67	LONG	0,00167	5981,87	0,00451	HOLD	98,2349	126,6647
2023-02-07	20:00	23023,67	23042	22938,13	22982,54	LONG	0,00167	5981,87	0,00451	HOLD	98,2349	126,596
2023-02-07	21:00	22982,65	23018,46	22932	22976,86	LONG	0,00167	5981,87	0,00451	HOLD	98,2349	126,5865
2023-02-07	22:00	22976,85	22983	22876,35	22904,89	LONG	0,00167	5981,87	0,00451	HOLD	98,2349	126,4663
2023-02-07	23:00	22904,89	23026,96	22870,23	22977,98	LONG	0,00167	5981,87	0,00451	HOLD	98,2349	126,5884
2023-02-08	00:00	22977,98	23337	22890,01	23282,92	LONG	0,00167	5981,87	0,00451	HOLD	98,2349	127,0976
2023-02-08	01:00	23282,92	23350,25	22769,05	22932,28	LONG	0,00167	5981,87	0,00451	HOLD	98,2349	126,512
2023-02-08	02:00	22931,98	23138,86	22921,88	23091,9	LONG	0,00167	5981,87	0,00451	HOLD	98,2349	126,7786
2023-02-08	03:00	23092,87	23250	23029,11	23194,36	LONG	0,00167	5981,87	0,00451	HOLD	98,2349	126,9497
2023-02-08	04:00	23194,36	23269,53	23176,8	23196,25	LONG	0,00167	5981,87	0,00451	HOLD	98,2349	126,9529
2023-02-08	05:00	23196,25	23309,29	23141,56	23228,69	LONG	0,00167	5981,87	0,00451	HOLD	98,2349	127,0071
2023-02-08	06:00	23228,15	23296,2	23228,09	23240,46	LONG	0,00167	5981,87	0,00451	HOLD	98,2349	127,0267
2023-02-08	07:00	23242,42	23361,64	23228,83	23326,4	LONG	0,00167	5981,87	0,00451	HOLD	98,2349	127,1702
2023-02-08	08:00	23326,4	23452	23279,16	23287,66	LONG	0,00167	5981,87	0,00451	HOLD	98,2349	127,1055
2023-02-08	09:00	23287,66	23309,18	23237,54	23244,6	LONG	0,00167	5981,87	0,00451	HOLD	98,2349	127,0336
2023-02-08	10:00	23244,6	23279,25	23225,19	23255,34	LONG	0,00167	5981,87	0,00451	HOLD	98,2349	127,0516
2023-02-08	11:00	23255,34	23287,3	23239,62	23246,71	LONG	0,00167	5981,87	0,00451	HOLD	98,2349	127,0371
2023-02-08	12:00	23246,71	23258	23183,17	23224,39	LONG	0,00167	5981,87	0,00451	HOLD	98,2349	126,9999
2023-02-08	13:00	23223,74	23236,9	23185,89	23198,27	LONG	0,00167	5981,87	0,00451	HOLD	98,2349	126,9563
2023-02-08	14:00	23198,83	23239,33	23184,05	23232,68	LONG	0,00167	5981,87	0,00451	HOLD	98,2349	127,0137
2023-02-08	15:00	23233,23	23239,44	23163	23205,96	LONG	0,00167	5981,87	0,00451	HOLD	98,2349	126,9691
2023-02-08	16:00	23206,4	23224,9	23175,81	23202,9	LONG	0,00167	5981,87	0,00451	HOLD	98,2349	126,964
2023-02-08	17:00	23202,9	23205,78	23132,21	23159,81	LONG	0,00167	5981,87	0,00451	HOLD	98,2349	126,892
2023-02-08	18:00	23160,16	23184,63	23136,1	23159,07	LONG	0,00167	5981,87	0,00451	HOLD	98,2349	126,8908
2023-02-08	19:00	23159,07	23199,58	23085,89	23123,44	LONG	0,00167	5981,87	0,00451	HOLD	98,2349	126,8313
2023-02-08	20:00	23122,88	23141,8	23043,72	23114,88	LONG	0,00167	5981,87	0,00451	HOLD	98,2349	126,817
2023-02-08	21:00	23114,87	23132,36	22990,14	23051,91	LONG	0,00167	5981,87	0,00451	HOLD	98,2349	126,7118
2023-02-08	22:00	23050,6	23051,91	22857	22872,28	LONG	0,00167	5981,87	0,00451	HOLD	98,2349	126,4118
2023-02-08	23:00	22871,28	22971,52	22665,85	22966,3	LONG	0,00167	5981,87	0,00451	HOLD	98,2349	126,5689
2023-02-09	00:00	22965,01	23027	22908,25	23004,04	LONG	0,00167	5981,87	0,00451	HOLD	98,2349	126,6319
2023-02-09	01:00	23005,12	23042,95	22832,53	22893,03	LONG	0,00167	5981,87	0,00451	HOLD	98,2349	126,4465
2023-02-09	02:00	22893,96	22928,78	22821,75	22874,89	LONG	0,00167	5981,87	0,00451	HOLD	98,2349	126,4162
2023-02-09	03:00	22873,9	22912,6	22778,93	22829,87	LONG	0,00167	5981,87	0,00451	HOLD	98,2349	126,341
2023-02-09	04:00	22829,87	22980,3	22818,37	22955,37	LONG	0,00167	5981,87	0,00451	HOLD	98,2349	126,5506
2023-02-09	05:00	22956,11	22975,57	22915,72	22928,75	LONG	0,00167	5981,87	0,00451	HOLD	98,2349	126,5062
2023-02-09	06:00	22929,28	22970,61	22873,6	22963	LONG	0,00167	5981,87	0,00451	HOLD	98,2349	126,5634
2023-02-09	07:00	22961,85	23011,39	22926,35	22980,64	LONG	0,00167	5981,87	0,00451	HOLD	98,2349	126,5928
2023-02-09	08:00	22980,12	22993,9	22933,6	22948,13	LONG	0,00167	5981,87	0,00451	HOLD	98,2349	126,5385
2023-02-09	09:00	22948,13	22956,92	22801,15	22806,76	LONG	0,00167	5981,87	0,00451	HOLD	98,2349	126,3024
2023-02-09	10:00	22806,76	22816,77	22424,48	22518,44	LONG	0,00167	5981,87	0,00451	HOLD	98,2349	125,8209
2023-02-09	11:00	22519,56	22611,56	22353,71	22568,57	LONG	0,00167	5981,87	0,00451	HOLD	98,2349	125,9047
2023-02-09	12:00	22569,04	22641,16	22533,84	22603,08	LONG	0,00167	5981,87	0,00451	HOLD	98,2349	125,9623
2023-02-09	13:00	22602,5	22733,54	22573,9	22719,25	LONG	0,00167	5981,87	0,00451	HOLD	98,2349	126,1563
2023-02-09	14:00	22719,22	22737,48	22645,05	22676,41	LONG	0,00167	5981,87	0,00451	HOLD	98,2349	126,0847
2023-02-09	15:00	22676,41	22770	22665,13	22720,65	LONG	0,00167	5981,87	0,00451	HOLD	98,2349	126,1586
2023-02-09	16:00	22720,65	22746,55	22680	22738,69	LONG	0,00167	5981,87	0,00451	HOLD	98,2349	126,1888
2023-02-09	17:00	22738,69	22741,2	22670,6	22698,53	LONG	0,00167	5981,87	0,00451	HOLD	98,2349	126,1217
2023-02-09	18:00	22698,9	22739,69	22663,32	22685,79	LONG	0,00167	5981,87	0,00451	HOLD	98,2349	126,1004
2023-02-09	19:00	22685,79	22782	22564,4	22705,5	LONG	0,00167	5981,87	0,00451	HOLD	98,2349	126,1333
2023-02-09	20:00	22706,09	22769,31	22683,74	22747,58	LONG	0,00167	5981,87	0,00451	HOLD	98,2349	126,2036
2023-02-09	21:00	22747,58	22831,41	22673,46	22694,29	LONG	0,00167	5981,87	0,00451	HOLD	98,2349	126,1146
2023-02-09	22:00	22693,22	22712,56	22556,32	22610,94	LONG	0,00167	5981,87	0,00451	HOLD	98,2349	125,9754
2023-02-09	23:00	22610,94	22623,41	22452	22511,8	LONG	0,00167	5981,87	0,00451	HOLD	98,2349	125,8098
2023-02-10	00:00	22510,24	22599,85	22450	22537,33	LONG	0,00167	5981,87	0,00451	HOLD	98,2349	125,8525
2023-02-10	01:00	22536,33	22600	22464,28	22514,75	LONG	0,00167	5981,87	0,00451	HOLD	98,2349	125,8148
2023-02-10	02:00	22514,75	22530	21881	22032,71	LONG	0,00167	5981,87	0,00451	HOLD	98,2349	125,0098
2023-02-10	03:00	22030,99	22084,46	21836	21994,21	LONG	0,00167	5981,87	0,00451	HOLD	98,2349	124,9455
2023-02-10	04:00	21994,21	22006,91	21695	21856,3	LONG	0,00167	5981,87	0,00451	HOLD	98,2349	124,7152
2023-02-10	05:00	21856,3	21955,14	21688	21767,53	LONG	0,00167	5981,87	0,00451	HOLD	98,2349	124,5669
2023-02-10	06:00	21767,53	21855,74	21743	21796,35	LONG	0,00167	5981,87	0,00451	HOLD	98,2349	124,615
2023-02-10	07:00	21797,83	21880,18	21756	21824,09	LONG	0,00167	5981,87	0,00451	HOLD	98,2349	124,6614
2023-02-10	08:00	21824,09	21897,24	21795,07	21894,16	LONG	0,00167	5981,87	0,00451	HOLD	98,2349	124,7784
2023-02-10	09:00	21894,63	21938,16	21854,01	21917,77	LONG	0,00167	5981,87	0,00451	HOLD	98,2349	124,8178
2023-02-10	10:00	21918,73	21929,27	21818,18	21825,59	LONG	0,00167	5981,87	0,00451	HOLD	98,2349	124,6639
2023-02-10	11:00	21825,59	21833,28	21704	21786,08	LONG	0,00167	5981,87	0,00451	HOLD	98,2349	124,5979
2023-02-10	12:00	21786,07	21843,73	21622,4	21796,78	LONG	0,00167	5981,87	0,00451	HOLD	98,2349	124,6158
2023-02-10	13:00	21796,78	21880	21777,02	21874,73	LONG	0,00167	5981,87	0,00451	HOLD	98,2349	124,7459
2023-02-10	14:00	21874,73	21926,2	21829,01	21911,71	LONG	0,00167	5981,87	0,00451	HOLD	98,2349	124,8077
2023-02-10	15:00	21910,61	21926,91	21861,45	21889,38	LONG	0,00167	5981,87	0,00451	HOLD	98,2349	124,7704
2023-02-10	16:00	21888,75	21905,29	21811,71	21820,23	LONG	0,00167	5981,87	0,00451	HOLD	98,2349	124,6549
2023-02-10	17:00	21820,22	21855,47	21796,98	21849,38	LONG	0,00167	5981,87	0,00451	HOLD	98,2349	124,7036
2023-02-10	18:00	21850,24	21851,9	21713,96	21733,52	LONG	0,00167	5981,87	0,00451	HOLD	98,2349	124,5101
2023-02-10	19:00	21732,63	21791,5	21682,44	21718,48	LONG	0,00167	5981,87	0,00451	HOLD	98,2349	124,485
2023-02-10	20:00	21719,29	21830	21711,76	21767,87	LONG	0,00167	5981,87	0,00451	HOLD	98,2349	124,5675
2023-02-10	21:00	21767,88	21890	21754,82	21841,55	LONG	0,00167	5981,87	0,00451	HOLD	98,2349	124,6905
2023-02-10	22:00	21841,31	21901,24	21520	21654,09	LONG	0,00167	5981,87	0,00451	HOLD	98,2349	124,3775
2023-02-10	23:00	21652,75	21744,18	21573,47	21607,11	LONG	0,00167	5981,87	0,00451	HOLD	98,2349	124,299
2023-02-11	00:00	21607,09	21699,52	21558,13	21692,07	LONG	0,00167	5981,87	0,00451	HOLD	98,2349	124,4409
2023-02-11	01:00	21693,04	21738,56	21671,67	21703,9	LONG	0,00167	5981,87	0,00451	HOLD	98,2349	124,4607
2023-02-11	02:00	21703,91	21799	21663,25	21771,09	LONG	0,00167	5981,87	0,00451	HOLD	98,2349	124,5729
2023-02-11	03:00	21772,26	21790,92	21714,29	21724,4	LONG	0,00167	5981,87	0,00451	HOLD	98,2349	124,4949
2023-02-11	04:00	21725,39	21729,04	21451	21536,31	LONG	0,00167	5981,87	0,00451	HOLD	98,2349	124,1808
2023-02-11	05:00	21535,07	21639,84	21519,23	21571,19	LONG	0,00167	5981,87	0,00451	HOLD	98,2349	124,239
2023-02-11	06:00	21570,6	21663,07	21551,42	21625,19	LONG	0,00167	5981,87	0,00451	HOLD	98,2349	124,3292
2023-02-11	07:00	21625,19	21691,63	21599,78	21657,62	LONG	0,00167	5981,87	0,00451	HOLD	98,2349	124,3834
2023-02-11	08:00	21658,6	21700,77	21611,53	21635,49	LONG	0,00167	5981,87	0,00451	HOLD	98,2349	124,3464
2023-02-11	09:00	21635,92	21680	21619,84	21652,2	LONG	0,00167	5981,87	0,00451	HOLD	98,2349	124,3743
2023-02-11	10:00	21652,2	21725,95	21646,82	21678,56	LONG	0,00167	5981,87	0,00451	HOLD	98,2349	124,4183
2023-02-11	11:00	21678,56	21693,86	21665,12	21686,79	LONG	0,00167	5981,87	0,00451	HOLD	98,2349	124,4321
2023-02-11	12:00	21686,79	21710,76	21668,81	21675,26	LONG	0,00167	5981,87	0,00451	HOLD	98,2349	124,4128
2023-02-11	13:00	21675,26	21682,12	21655,15	21669,73	LONG	0,00167	5981,87	0,00451	HOLD	98,2349	124,4036
2023-02-11	14:00	21669,73	21715,38	21640,03	21692,63	LONG	0,00167	5981,87	0,00451	HOLD	98,2349	124,4418
2023-02-11	15:00	21692,63	21705	21678,49	21687,29	LONG	0,00167	5981,87	0,00451	HOLD	98,2349	124,4329
2023-02-11	16:00	21686,95	21702,59	21674,92	21698,37	LONG	0,00167	5981,87	0,00451	HOLD	98,2349	124,4514
2023-02-11	17:00	21698,37	21702,42	21658,01	21670,32	LONG	0,00167	5981,87	0,00451	HOLD	98,2349	124,4046
2023-02-11	18:00	21670,5	21702,78	21664,62	21697,44	LONG	0,00167	5981,87	0,00451	HOLD	98,2349	124,4499
2023-02-11	19:00	21697,44	21777,54	21662,11	21713,77	LONG	0,00167	5981,87	0,00451	HOLD	98,2349	124,4771
2023-02-11	20:00	21713,77	21768	21695,32	21747,49	LONG	0,00167	5981,87	0,00451	HOLD	98,2349	124,5335
2023-02-11	21:00	21747,5	21756,98	21714,1	21751,04	LONG	0,00167	5981,87	0,00451	HOLD	98,2349	124,5394
2023-02-11	22:00	21751,04	21758,63	21718,21	21735,78	LONG	0,00167	5981,87	0,00451	HOLD	98,2349	124,5139
2023-02-11	23:00	21735,78	21737,89	21679,19	21693,14	LONG	0,00167	5981,87	0,00451	HOLD	98,2349	124,4427
2023-02-12	00:00	21693,48	21700	21663,26	21698,86	LONG	0,00167	5981,87	0,00451	HOLD	98,2349	124,4522
2023-02-12	01:00	21698,86	21731,49	21618,23	21654,03	LONG	0,00167	5981,87	0,00451	HOLD	98,2349	124,3774
2023-02-12	02:00	21654,43	21673,68	21645,63	21662,63	LONG	0,00167	5981,87	0,00451	HOLD	98,2349	124,3917
2023-02-12	03:00	21662,36	21717,14	21645,21	21671,38	LONG	0,00167	5981,87	0,00451	HOLD	98,2349	124,4063
2023-02-12	04:00	21671,83	21850	21661,59	21823,56	LONG	0,00167	5981,87	0,00451	HOLD	98,2349	124,6605
2023-02-12	05:00	21823,56	21878,99	21778,84	21824,52	LONG	0,00167	5981,87	0,00451	HOLD	98,2349	124,6621
2023-02-12	06:00	21824,52	21906,32	21809,25	21862,55	LONG	0,00167	5981,87	0,00451	HOLD	98,2349	124,7256
2023-02-12	07:00	21862,02	21890,16	21803	21816,37	LONG	0,00167	5981,87	0,00451	HOLD	98,2349	124,6485
2023-02-12	08:00	21816,37	21844,81	21785,17	21808,28	LONG	0,00167	5981,87	0,00451	HOLD	98,2349	124,635
2023-02-12	09:00	21808,28	21821,31	21766	21816,22	LONG	0,00167	5981,87	0,00451	HOLD	98,2349	124,6482
2023-02-12	10:00	21815,61	21821,87	21778,32	21781,38	LONG	0,00167	5981,87	0,00451	HOLD	98,2349	124,59
2023-02-12	11:00	21781,38	21790,79	21761,04	21782,97	LONG	0,00167	5981,87	0,00451	HOLD	98,2349	124,5927
2023-02-12	12:00	21782,97	21803,2	21772,19	21799,98	LONG	0,00167	5981,87	0,00451	HOLD	98,2349	124,6211
2023-02-12	13:00	21799,5	21817,15	21792,25	21809,62	LONG	0,00167	5981,87	0,00451	HOLD	98,2349	124,6372
2023-02-12	14:00	21809,77	21813,16	21795,79	21798,42	LONG	0,00167	5981,87	0,00451	HOLD	98,2349	124,6185
2023-02-12	15:00	21798,42	21852,97	21798,01	21804,89	LONG	0,00167	5981,87	0,00451	HOLD	98,2349	124,6293
2023-02-12	16:00	21804,89	21960	21801,14	21907	LONG	0,00167	5981,87	0,00451	HOLD	98,2349	124,7998
2023-02-12	17:00	21907	21922,06	21842,74	21880,47	LONG	0,00167	5981,87	0,00451	HOLD	98,2349	124,7555
2023-02-12	18:00	21880,03	21893,8	21859,35	21888,31	LONG	0,00167	5981,87	0,00451	HOLD	98,2349	124,7686
2023-02-12	19:00	21888,31	21897,12	21811,26	21821,6	LONG	0,00167	5981,87	0,00451	HOLD	98,2349	124,6572
2023-02-12	20:00	21820,7	21836,88	21756,04	21817,51	LONG	0,00167	5981,87	0,00451	HOLD	98,2349	124,6504
2023-02-12	21:00	21817,81	21995,6	21810,27	21923,78	LONG	0,00167	5981,87	0,00451	HOLD	98,2349	124,8279
2023-02-12	22:00	21923,78	21976,38	21882,69	21945,3	LONG	0,00167	5981,87	0,00451	HOLD	98,2349	124,8638
2023-02-12	23:00	21944,14	22090	21914,07	22004,65	LONG	0,00167	5981,87	0,00451	HOLD	98,2349	124,9629
2023-02-13	00:00	22004,65	22054,45	21966,19	21988,25	LONG	0,00167	5981,87	0,00451	HOLD	98,2349	124,9355
2023-02-13	01:00	21988,25	21993,67	21940,73	21971,86	LONG	0,00167	5981,87	0,00451	HOLD	98,2349	124,9081
2023-02-13	02:00	21972,02	22031,09	21920	21997,18	LONG	0,00167	5981,87	0,00451	HOLD	98,2349	124,9504
2023-02-13	03:00	21997,18	22028,78	21947,4	21968,06	LONG	0,00167	5981,87	0,00451	HOLD	98,2349	124,9018
2023-02-13	04:00	21968,4	21978,52	21703,29	21738,38	LONG	0,00167	5981,87	0,00451	HOLD	98,2349	124,5182
2023-02-13	05:00	21738,38	21829,88	21630	21794,52	LONG	0,00167	5981,87	0,00451	HOLD	98,2349	124,612
2023-02-13	06:00	21794,52	21835,1	21725	21783,54	LONG	0,00167	5981,87	0,00451	HOLD	98,2349	124,5937
2023-02-13	07:00	21782,37	21876,43	21689,66	21811,28	LONG	0,00167	5981,87	0,00451	HOLD	98,2349	124,64
2023-02-13	08:00	21810,45	21834,11	21653	21708,4	LONG	0,00167	5981,87	0,00451	HOLD	98,2349	124,4682
2023-02-13	09:00	21709,1	21765,17	21622,47	21758,01	LONG	0,00167	5981,87	0,00451	HOLD	98,2349	124,551
2023-02-13	10:00	21758,39	21820	21746,83	21808,6	LONG	0,00167	5981,87	0,00451	HOLD	98,2349	124,6355
2023-02-13	11:00	21808,6	21865,57	21795,23	21838,38	LONG	0,00167	5981,87	0,00451	HOLD	98,2349	124,6852
2023-02-13	12:00	21838,38	21869,51	21820,25	21832,95	LONG	0,00167	5981,87	0,00451	HOLD	98,2349	124,6762
2023-02-13	13:00	21832,95	21852,7	21802,55	21823,04	LONG	0,00167	5981,87	0,00451	HOLD	98,2349	124,6596
2023-02-13	14:00	21823,82	21894,99	21792,86	21867,69	LONG	0,00167	5981,87	0,00451	HOLD	98,2349	124,7342
2023-02-13	15:00	21867,74	21874,97	21701,95	21720,67	LONG	0,00167	5981,87	0,00451	HOLD	98,2349	124,4887
2023-02-13	16:00	21722	21756,98	21480	21584,74	LONG	0,00167	5981,87	0,00451	HOLD	98,2349	124,2617
2023-02-13	17:00	21584,74	21650	21433	21594,16	LONG	0,00167	5981,87	0,00451	HOLD	98,2349	124,2774
2023-02-13	18:00	21594,16	21637,99	21568,17	21603,11	LONG	0,00167	5981,87	0,00451	HOLD	98,2349	124,2923
2023-02-13	19:00	21602,8	21701,34	21585,96	21657,47	LONG	0,00167	5981,87	0,00451	HOLD	98,2349	124,3831
2023-02-13	20:00	21658,15	21669,85	21568	21572,88	LONG	0,00167	5981,87	0,00451	HOLD	98,2349	124,2419
2023-02-13	21:00	21572,88	21687,95	21558,45	21669,64	LONG	0,00167	5981,87	0,00451	HOLD	98,2349	124,4034
2023-02-13	22:00	21669,65	21680,53	21556	21563,02	LONG	0,00167	5981,87	0,00451	HOLD	98,2349	124,2254
2023-02-13	23:00	21561,84	21645,59	21433	21503,76	LONG	0,00167	5981,87	0,00451	HOLD	98,2349	124,1264
2023-02-14	00:00	21504,46	21546,61	21351,07	21458,38	LONG	0,00167	5981,87	0,00451	HOLD	98,2349	124,0506
2023-02-14	01:00	21460,44	21678	21442,71	21634,6	LONG	0,00167	5981,87	0,00451	HOLD	98,2349	124,3449
2023-02-14	02:00	21634,63	21663,78	21534,07	21607,81	LONG	0,00167	5981,87	0,00451	HOLD	98,2349	124,3002
2023-02-14	03:00	21607,81	21672,99	21559,95	21662,68	LONG	0,00167	5981,87	0,00451	HOLD	98,2349	124,3918
2023-02-14	04:00	21663,57	21678,34	21583,4	21614,52	LONG	0,00167	5981,87	0,00451	HOLD	98,2349	124,3114
2023-02-14	05:00	21614,52	21679,36	21602,44	21640,37	LONG	0,00167	5981,87	0,00451	HOLD	98,2349	124,3546
2023-02-14	06:00	21641,27	21845,79	21633,08	21773,97	LONG	0,00167	5981,87	0,00451	HOLD	98,2349	124,5777
2023-02-14	07:00	21774,63	21816,62	21729,74	21737,95	LONG	0,00167	5981,87	0,00451	HOLD	98,2349	124,5175
2023-02-14	08:00	21737,96	21760,29	21677,47	21707,11	LONG	0,00167	5981,87	0,00451	HOLD	98,2349	124,466
2023-02-14	09:00	21706,6	21740,74	21693,95	21716,23	LONG	0,00167	5981,87	0,00451	HOLD	98,2349	124,4812
2023-02-14	10:00	21716,23	21747,97	21690,55	21700,42	LONG	0,00167	5981,87	0,00451	HOLD	98,2349	124,4548
2023-02-14	11:00	21700,42	21739,72	21684,59	21704,95	LONG	0,00167	5981,87	0,00451	HOLD	98,2349	124,4624
2023-02-14	12:00	21704,95	21737,6	21697,86	21725,23	LONG	0,00167	5981,87	0,00451	HOLD	98,2349	124,4963
2023-02-14	13:00	21725,79	21767,98	21718	21744,02	LONG	0,00167	5981,87	0,00451	HOLD	98,2349	124,5277
2023-02-14	14:00	21744,01	21789,46	21736,51	21768,48	LONG	0,00167	5981,87	0,00451	HOLD	98,2349	124,5685
2023-02-14	15:00	21767,56	21772,86	21666,39	21694,92	LONG	0,00167	5981,87	0,00451	HOLD	98,2349	124,4457
2023-02-14	16:00	21694,92	21875,42	21680,85	21817,09	LONG	0,00167	5981,87	0,00451	HOLD	98,2349	124,6497
2023-02-14	17:00	21817,73	21839,97	21781,39	21809,49	LONG	0,00167	5981,87	0,00451	HOLD	98,2349	124,637
2023-02-14	18:00	21809,49	21817,98	21774,45	21809,81	LONG	0,00167	5981,87	0,00451	HOLD	98,2349	124,6375
2023-02-14	19:00	21809,81	21897	21794,42	21859,32	LONG	0,00167	5981,87	0,00451	HOLD	98,2349	124,7202
2023-02-14	20:00	21859,32	21894,18	21532,77	21720,09	LONG	0,00167	5981,87	0,00451	HOLD	98,2349	124,4877
2023-02-14	21:00	21719,05	22260	21570	22247,39	LONG	0,00167	5981,87	0,00451	HOLD	98,2349	125,3683
2023-02-14	22:00	22247,39	22319,08	21859,9	22041,45	LONG	0,00167	5981,87	0,00451	HOLD	98,2349	125,0244
2023-02-14	23:00	22040,52	22135,75	21917,31	22008,36	LONG	0,00167	5981,87	0,00451	HOLD	98,2349	124,9691
2023-02-15	00:00	22009,21	22086,75	21996,05	22050,16	LONG	0,00167	5981,87	0,00451	HOLD	98,2349	125,0389
2023-02-15	01:00	22050,88	22179,6	22045,53	22114,15	LONG	0,00167	5981,87	0,00451	HOLD	98,2349	125,1458
2023-02-15	02:00	22114,95	22245	22064,48	22208,65	LONG	0,00167	5981,87	0,00451	HOLD	98,2349	125,3036
2023-02-15	03:00	22207,96	22258,94	22168,78	22252,94	LONG	0,00167	5981,87	0,00451	HOLD	98,2349	125,3776
2023-02-15	04:00	22250,47	22285	22122,7	22241,14	LONG	0,00167	5981,87	0,00451	HOLD	98,2349	125,3578
2023-02-15	05:00	22241,89	22250	22151,07	22187,69	LONG	0,00167	5981,87	0,00451	HOLD	98,2349	125,2686
2023-02-15	06:00	22188,07	22261,57	22167	22199,84	LONG	0,00167	5981,87	0,00451	HOLD	98,2349	125,2889
2023-02-15	07:00	22199,84	22200,88	22105	22149,74	LONG	0,00167	5981,87	0,00451	HOLD	98,2349	125,2052
2023-02-15	08:00	22150,21	22170,22	22094,34	22109,62	LONG	0,00167	5981,87	0,00451	HOLD	98,2349	125,1382
2023-02-15	09:00	22109,62	22128,2	22047,28	22072,85	LONG	0,00167	5981,87	0,00451	HOLD	98,2349	125,0768
2023-02-15	10:00	22072,24	22137,59	22067,96	22099,49	LONG	0,00167	5981,87	0,00451	HOLD	98,2349	125,1213
2023-02-15	11:00	22099,13	22118	22072,55	22084,9	LONG	0,00167	5981,87	0,00451	HOLD	98,2349	125,0969
2023-02-15	12:00	22084,34	22148,82	22082,56	22134,08	LONG	0,00167	5981,87	0,00451	HOLD	98,2349	125,1791
2023-02-15	13:00	22134,08	22158,42	22108	22117,68	LONG	0,00167	5981,87	0,00451	HOLD	98,2349	125,1517
2023-02-15	14:00	22118,05	22199,29	22098	22109,89	LONG	0,00167	5981,87	0,00451	HOLD	98,2349	125,1387
2023-02-15	15:00	22109,89	22131,63	22089,11	22094,02	LONG	0,00167	5981,87	0,00451	HOLD	98,2349	125,1122
2023-02-15	16:00	22094,62	22199,6	22089,78	22170,51	LONG	0,00167	5981,87	0,00451	HOLD	98,2349	125,2399
2023-02-15	17:00	22169,7	22257,91	22145,76	22234,96	LONG	0,00167	5981,87	0,00451	HOLD	98,2349	125,3475
2023-02-15	18:00	22234,74	22500	22222,81	22445,13	LONG	0,00167	5981,87	0,00451	HOLD	98,2349	125,6985
2023-02-15	19:00	22444,28	22916,98	22443,24	22772,21	LONG	0,00167	5981,87	0,00451	HOLD	98,2349	126,2447
2023-02-15	20:00	22772,21	22783,74	22666	22698,86	LONG	0,00167	5981,87	0,00451	HOLD	98,2349	126,1222
2023-02-15	21:00	22698,81	22797,88	22620	22684,47	LONG	0,00167	5981,87	0,00451	HOLD	98,2349	126,0982
2023-02-15	22:00	22685,6	22884,77	22661,66	22809,46	LONG	0,00167	5981,87	0,00451	HOLD	98,2349	126,3069
2023-02-15	23:00	22809,46	22943,17	22746,36	22763,1	LONG	0,00167	5981,87	0,00451	HOLD	98,2349	126,2295
2023-02-16	00:00	22763,1	22835,89	22745,03	22805,48	LONG	0,00167	5981,87	0,00451	HOLD	98,2349	126,3003
2023-02-16	01:00	22805,48	23052,99	22771,86	22973,86	LONG	0,00167	5981,87	0,00451	HOLD	98,2349	126,5815
2023-02-16	02:00	22974,54	23353,87	22945,54	23318,9	LONG	0,00167	5981,87	0,00451	HOLD	98,2349	127,1577
2023-02-16	03:00	23320,18	24300	23296,3	24145,04	LONG	0,00167	5981,87	0,00451	HOLD	98,2349	128,5374
2023-02-16	04:00	24146,6	24250	24009,7	24175,86	LONG	0,00167	5981,87	0,00451	HOLD	98,2349	128,5888
2023-02-16	05:00	24175,01	24380	24108,77	24151,6	LONG	0,00167	5981,87	0,00451	HOLD	98,2349	128,5483
2023-02-16	06:00	24150,26	24344	24148	24324,05	LONG	0,00167	5981,87	0,00451	HOLD	98,2349	128,8363
2023-02-16	07:00	24322,87	24905	24278,58	24583,17	LONG	0,00167	5981,87	0,00451	HOLD	98,2349	129,269
2023-02-16	08:00	24584,4	24683,81	24560,96	24627,17	LONG	0,00167	5981,87	0,00451	HOLD	98,2349	129,3425
2023-02-16	09:00	24627,17	24744,75	24604,34	24687,88	LONG	0,00167	5981,87	0,00451	HOLD	98,2349	129,4439
2023-02-16	10:00	24687,88	24758,38	24655,22	24732,42	LONG	0,00167	5981,87	0,00451	HOLD	98,2349	129,5183
2023-02-16	11:00	24731,6	24756,35	24631,35	24634,15	LONG	0,00167	5981,87	0,00451	HOLD	98,2349	129,3542
2023-02-16	12:00	24633,46	24714,82	24602	24681,94	LONG	0,00167	5981,87	0,00451	HOLD	98,2349	129,434
2023-02-16	13:00	24681,94	24734,37	24568,1	24586,08	LONG	0,00167	5981,87	0,00451	HOLD	98,2349	129,2739
2023-02-16	14:00	24583,9	24657,48	24430,12	24612,95	LONG	0,00167	5981,87	0,00451	HOLD	98,2349	129,3188
2023-02-16	15:00	24611,51	24664,49	24565,9	24580,34	LONG	0,00167	5981,87	0,00451	HOLD	98,2349	129,2643
2023-02-16	16:00	24579,25	24652,49	24557,11	24643,64	LONG	0,00167	5981,87	0,00451	HOLD	98,2349	129,37
2023-02-16	17:00	24642,73	24659	24600,5	24617,72	LONG	0,00167	5981,87	0,00451	HOLD	98,2349	129,3267
2023-02-16	18:00	24617,2	24624,99	24509,07	24568,55	LONG	0,00167	5981,87	0,00451	HOLD	98,2349	129,2446
2023-02-16	19:00	24567,93	24609,72	24448,78	24585,55	LONG	0,00167	5981,87	0,00451	HOLD	98,2349	129,273
2023-02-16	20:00	24585,54	24663,99	24355	24445,81	LONG	0,00167	5981,87	0,00451	HOLD	98,2349	129,0396
2023-02-16	21:00	24446,19	24497,96	24283,35	24423,8	LONG	0,00167	5981,87	0,00451	HOLD	98,2349	129,0029
2023-02-16	22:00	24423,8	25091	24381,14	25072,67	LONG	0,00167	5981,87	0,00451	HOLD	98,2349	130,0865
2023-02-16	23:00	25072,67	25250	24606,14	24898,43	LONG	0,00167	5981,87	0,00451	HOLD	98,2349	129,7955
2023-02-17	00:00	24897,39	24960,46	24766	24891,88	LONG	0,00167	5981,87	0,00451	HOLD	98,2349	129,7846
2023-02-17	01:00	24891,88	25040,32	24855	24971,47	LONG	0,00167	5981,87	0,00451	HOLD	98,2349	129,9175
2023-02-17	02:00	24970,77	24998,68	24831,45	24872,58	LONG	0,00167	5981,87	0,00451	HOLD	98,2349	129,7524
2023-02-17	03:00	24872,58	24879,81	24447,47	24565,36	LONG	0,00167	5981,87	0,00451	HOLD	98,2349	129,2393
2023-02-17	04:00	24565,36	24578,58	24357,83	24537,04	LONG	0,00167	5981,87	0,00451	HOLD	98,2349	129,192
2023-02-17	05:00	24538,38	24552,46	23966,2	23994,76	LONG	0,00167	5981,87	0,00451	HOLD	98,2349	128,2864
2023-02-17	06:00	23994,78	24096,7	23505,25	23517,72	LONG	0,00167	5981,87	0,00451	HOLD	98,2349	127,4897
2023-02-17	07:00	23517,72	23778,22	23339,37	23713,37	LONG	0,00167	5981,87	0,00451	HOLD	98,2349	127,8165
2023-02-17	08:00	23713,37	23880	23638,63	23849,87	LONG	0,00167	5981,87	0,00451	HOLD	98,2349	128,0444
2023-02-17	09:00	23849,87	23854,85	23751,85	23772,31	LONG	0,00167	5981,87	0,00451	HOLD	98,2349	127,9149
2023-02-17	10:00	23772,31	23914,58	23757,14	23838,64	LONG	0,00167	5981,87	0,00451	HOLD	98,2349	128,0257
2023-02-17	11:00	23838,64	23883,12	23722,61	23805,15	LONG	0,00167	5981,87	0,00451	HOLD	98,2349	127,9697
2023-02-17	12:00	23805,14	23812,29	23686,29	23707,55	LONG	0,00167	5981,87	0,00451	HOLD	98,2349	127,8068
2023-02-17	13:00	23708,43	23751,09	23612	23668,1	LONG	0,00167	5981,87	0,00451	HOLD	98,2349	127,7409
2023-02-17	14:00	23668,1	23786,11	23628,36	23637,04	LONG	0,00167	5981,87	0,00451	HOLD	98,2349	127,689
2023-02-17	15:00	23635,84	23814,31	23532,69	23797,21	LONG	0,00167	5981,87	0,00451	HOLD	98,2349	127,9565
2023-02-17	16:00	23797,9	23861,78	23712,21	23743,22	LONG	0,00167	5981,87	0,00451	HOLD	98,2349	127,8663
2023-02-17	17:00	23743,01	23790	23672,62	23753,42	LONG	0,00167	5981,87	0,00451	HOLD	98,2349	127,8834
2023-02-17	18:00	23754,17	23842,02	23735,68	23789,82	LONG	0,00167	5981,87	0,00451	HOLD	98,2349	127,9441
2023-02-17	19:00	23789,12	23909,87	23766,62	23869,46	LONG	0,00167	5981,87	0,00451	HOLD	98,2349	128,0771
2023-02-17	20:00	23870,38	23888,96	23753	23782,23	LONG	0,00167	5981,87	0,00451	HOLD	98,2349	127,9315
2023-02-17	21:00	23783,12	24247,38	23710	23865,86	LONG	0,00167	5981,87	0,00451	HOLD	98,2349	128,0711
2023-02-17	22:00	23863,31	24280	23850,08	24130,5	LONG	0,00167	5981,87	0,00451	HOLD	98,2349	128,5131
2023-02-17	23:00	24130,5	24332,75	23917,65	24091,21	LONG	0,00167	5981,87	0,00451	HOLD	98,2349	128,4475
2023-02-18	00:00	24091,21	24520	24084,84	24298,35	LONG	0,00167	5981,87	0,00451	HOLD	98,2349	128,7934
2023-02-18	01:00	24298,35	24416,65	24219,23	24360,66	LONG	0,00167	5981,87	0,00451	HOLD	98,2349	128,8974
2023-02-18	02:00	24360,66	24560,64	24237,26	24524,49	LONG	0,00167	5981,87	0,00451	HOLD	98,2349	129,171
2023-02-18	03:00	24524,49	25021,11	24515	24820,92	LONG	0,00167	5981,87	0,00451	HOLD	98,2349	129,6661
2023-02-18	04:00	24820,92	24835,06	24405,88	24476,42	LONG	0,00167	5981,87	0,00451	HOLD	98,2349	129,0908
2023-02-18	05:00	24476,42	24737,84	24051,73	24679,14	LONG	0,00167	5981,87	0,00451	HOLD	98,2349	129,4293
2023-02-18	06:00	24678,09	24750	24511,81	24569,97	LONG	0,00167	5981,87	0,00451	HOLD	98,2349	129,247
2023-02-18	07:00	24568,24	24787,5	24533,54	24632,74	LONG	0,00167	5981,87	0,00451	HOLD	98,2349	129,3518
2023-02-18	08:00	24631,51	24683,73	24572,32	24660,14	LONG	0,00167	5981,87	0,00451	HOLD	98,2349	129,3976
2023-02-18	09:00	24660,14	24674,31	24503,49	24555,86	LONG	0,00167	5981,87	0,00451	HOLD	98,2349	129,2234
2023-02-18	10:00	24556,61	24639,55	24535,32	24609,68	LONG	0,00167	5981,87	0,00451	HOLD	98,2349	129,3133
2023-02-18	11:00	24609,68	24653,86	24592,88	24624,01	LONG	0,00167	5981,87	0,00451	HOLD	98,2349	129,3372
2023-02-18	12:00	24624,01	24646,78	24600	24641,42	LONG	0,00167	5981,87	0,00451	HOLD	98,2349	129,3663
2023-02-18	13:00	24641,8	24676,9	24607,42	24626,66	LONG	0,00167	5981,87	0,00451	HOLD	98,2349	129,3417
2023-02-18	14:00	24625,86	24626,65	24430	24519,01	LONG	0,00167	5981,87	0,00451	HOLD	98,2349	129,1619
2023-02-18	15:00	24519,01	24607,82	24458,82	24588,51	LONG	0,00167	5981,87	0,00451	HOLD	98,2349	129,278
2023-02-18	16:00	24588,51	24596,02	24540,49	24553,04	LONG	0,00167	5981,87	0,00451	HOLD	98,2349	129,2187
2023-02-18	17:00	24553,43	24566,32	24453,23	24456,81	LONG	0,00167	5981,87	0,00451	HOLD	98,2349	129,058
2023-02-18	18:00	24456,72	24555,89	24436,46	24519,42	LONG	0,00167	5981,87	0,00451	HOLD	98,2349	129,1626
2023-02-18	19:00	24519,93	24647,94	24488,43	24620,33	LONG	0,00167	5981,87	0,00451	HOLD	98,2349	129,3311
2023-02-18	20:00	24619,18	24644,06	24559,02	24581,77	LONG	0,00167	5981,87	0,00451	HOLD	98,2349	129,2667
2023-02-18	21:00	24581,77	24734,32	24531,68	24691,13	LONG	0,00167	5981,87	0,00451	HOLD	98,2349	129,4493
2023-02-18	22:00	24692,09	24723,92	24627,07	24668,26	LONG	0,00167	5981,87	0,00451	HOLD	98,2349	129,4111
2023-02-18	23:00	24667,02	24694,01	24635,01	24642,84	LONG	0,00167	5981,87	0,00451	HOLD	98,2349	129,3687
2023-02-19	00:00	24642,19	24713,09	24577	24686	LONG	0,00167	5981,87	0,00451	HOLD	98,2349	129,4408
2023-02-19	01:00	24685,26	24877	24640,13	24710,54	LONG	0,00167	5981,87	0,00451	HOLD	98,2349	129,4817
2023-02-19	02:00	24710,18	24734,14	24567,9	24608,34	LONG	0,00167	5981,87	0,00451	HOLD	98,2349	129,3111
2023-02-19	03:00	24608,34	24628,62	24514,03	24594,7	LONG	0,00167	5981,87	0,00451	HOLD	98,2349	129,2883
2023-02-19	04:00	24594,69	24639,4	24580,62	24615,83	LONG	0,00167	5981,87	0,00451	HOLD	98,2349	129,3236
2023-02-19	05:00	24616,31	24664,9	24599,22	24627,32	LONG	0,00167	5981,87	0,00451	HOLD	98,2349	129,3428
2023-02-19	06:00	24627,32	24666	24618,67	24631,95	LONG	0,00167	5981,87	0,00451	HOLD	98,2349	129,3505
2023-02-19	07:00	24632,05	24764,85	24622,18	24739,25	LONG	0,00167	5981,87	0,00451	HOLD	98,2349	129,5297
2023-02-19	08:00	24739,23	24770,67	24635,94	24707,49	LONG	0,00167	5981,87	0,00451	HOLD	98,2349	129,4767
2023-02-19	09:00	24708,1	24733,29	24667,3	24683,57	LONG	0,00167	5981,87	0,00451	HOLD	98,2349	129,4367
2023-02-19	10:00	24683,02	24710	24660,05	24681,69	LONG	0,00167	5981,87	0,00451	HOLD	98,2349	129,4336
2023-02-19	11:00	24682,1	24729,2	24672,5	24712,85	LONG	0,00167	5981,87	0,00451	HOLD	98,2349	129,4856
2023-02-19	12:00	24712,38	24850	24706,39	24757,63	LONG	0,00167	5981,87	0,00451	HOLD	98,2349	129,5604
2023-02-19	13:00	24758,16	24760,79	24610,2	24628,59	LONG	0,00167	5981,87	0,00451	HOLD	98,2349	129,3449
2023-02-19	14:00	24629,41	24666,57	24563,23	24582,62	LONG	0,00167	5981,87	0,00451	HOLD	98,2349	129,2681
2023-02-19	15:00	24582,62	24628,47	24560,47	24569,06	LONG	0,00167	5981,87	0,00451	HOLD	98,2349	129,2455
2023-02-19	16:00	24569,69	24629,99	24566,42	24599,42	LONG	0,00167	5981,87	0,00451	HOLD	98,2349	129,2962
2023-02-19	17:00	24599,42	24683,74	24581	24654,81	LONG	0,00167	5981,87	0,00451	HOLD	98,2349	129,3887
2023-02-19	18:00	24654,16	24706,77	24645,52	24669,43	LONG	0,00167	5981,87	0,00451	HOLD	98,2349	129,4131
2023-02-19	19:00	24669,43	24705,5	24656,44	24696,68	LONG	0,00167	5981,87	0,00451	HOLD	98,2349	129,4586
2023-02-19	20:00	24696,68	24714	24668,75	24669,99	LONG	0,00167	5981,87	0,00451	HOLD	98,2349	129,414
2023-02-19	21:00	24670,72	24800	24668,38	24758,6	LONG	0,00167	5981,87	0,00451	HOLD	98,2349	129,562
2023-02-19	22:00	24757,79	25046	24733,4	24922,21	LONG	0,00167	5981,87	0,00451	HOLD	98,2349	129,8352
2023-02-19	23:00	24922,21	25192	24660	24777,62	LONG	0,00167	5981,87	0,00451	HOLD	98,2349	129,5938
2023-02-20	00:00	24777,62	24807,96	24318,39	24361,74	LONG	0,00167	5981,87	0,00451	HOLD	98,2349	128,8992
2023-02-20	01:00	24364,38	24531,91	24277,53	24464,45	LONG	0,00167	5981,87	0,00451	HOLD	98,2349	129,0708
2023-02-20	02:00	24465,4	24569,86	24455,56	24523,79	LONG	0,00167	5981,87	0,00451	HOLD	98,2349	129,1699
2023-02-20	03:00	24523,04	24533,79	24252,67	24518,52	LONG	0,00167	5981,87	0,00451	HOLD	98,2349	129,1611
2023-02-20	04:00	24518,52	24580,28	24479,35	24541,08	LONG	0,00167	5981,87	0,00451	HOLD	98,2349	129,1987
2023-02-20	05:00	24541,87	24565,4	24446,86	24491,15	LONG	0,00167	5981,87	0,00451	HOLD	98,2349	129,1154
2023-02-20	06:00	24491,84	24492,59	24192,57	24271,76	LONG	0,00167	5981,87	0,00451	HOLD	98,2349	128,749
2023-02-20	07:00	24272,51	24411,52	24141,3	24211,07	LONG	0,00167	5981,87	0,00451	HOLD	98,2349	128,6476
2023-02-20	08:00	24210,49	24298	23840,83	24236,97	LONG	0,00167	5981,87	0,00451	HOLD	98,2349	128,6909
2023-02-20	09:00	24236,97	24385	24154,1	24344,03	LONG	0,00167	5981,87	0,00451	HOLD	98,2349	128,8697
2023-02-20	10:00	24344,03	24480,44	24316,4	24418,95	LONG	0,00167	5981,87	0,00451	HOLD	98,2349	128,9948
2023-02-20	11:00	24417,86	24555	24402,87	24484,26	LONG	0,00167	5981,87	0,00451	HOLD	98,2349	129,1039
2023-02-20	12:00	24484,26	24509,54	24423,66	24492,32	LONG	0,00167	5981,87	0,00451	HOLD	98,2349	129,1173
2023-02-20	13:00	24491,18	24535,91	24419,45	24501,55	LONG	0,00167	5981,87	0,00451	HOLD	98,2349	129,1327
2023-02-20	14:00	24502,62	24540	24453,13	24503,65	LONG	0,00167	5981,87	0,00451	HOLD	98,2349	129,1362
2023-02-20	15:00	24503,65	24570,04	24405,05	24459,14	LONG	0,00167	5981,87	0,00451	HOLD	98,2349	129,0619
2023-02-20	16:00	24459,14	24945	24373,33	24884,3	LONG	0,00167	5981,87	0,00451	HOLD	98,2349	129,7719
2023-02-20	17:00	24882,56	24983,71	24765,15	24907,56	LONG	0,00167	5981,87	0,00451	HOLD	98,2349	129,8108
2023-02-20	18:00	24908,44	24958,38	24677,47	24890	LONG	0,00167	5981,87	0,00451	HOLD	98,2349	129,7814
2023-02-20	19:00	24889	24918,21	24720	24815,98	LONG	0,00167	5981,87	0,00451	HOLD	98,2349	129,6578
2023-02-20	20:00	24815,97	24925	24800,8	24855,25	LONG	0,00167	5981,87	0,00451	HOLD	98,2349	129,7234
2023-02-20	21:00	24854,37	25121,23	24783,44	24971	LONG	0,00167	5981,87	0,00451	HOLD	98,2349	129,9167
2023-02-20	22:00	24970	25100	24860	24942,87	LONG	0,00167	5981,87	0,00451	HOLD	98,2349	129,8697
2023-02-20	23:00	24942,87	24957,32	24622	24884,2	LONG	0,00167	5981,87	0,00451	HOLD	98,2349	129,7718
2023-02-21	00:00	24883,03	24906,38	24761,87	24810,05	LONG	0,00167	5981,87	0,00451	HOLD	98,2349	129,6479
2023-02-21	01:00	24810,51	24842,06	24750	24819,67	LONG	0,00167	5981,87	0,00451	HOLD	98,2349	129,664
2023-02-21	02:00	24820,46	24888,23	24803,39	24872,19	LONG	0,00167	5981,87	0,00451	HOLD	98,2349	129,7517
2023-02-21	03:00	24872,18	24887,2	24768,01	24800,92	LONG	0,00167	5981,87	0,00451	HOLD	98,2349	129,6327
2023-02-21	04:00	24800,92	24828,5	24751,77	24769,57	LONG	0,00167	5981,87	0,00451	HOLD	98,2349	129,5803
2023-02-21	05:00	24768,7	24783,43	24655	24704,52	LONG	0,00167	5981,87	0,00451	HOLD	98,2349	129,4717
2023-02-21	06:00	24704,18	24848,22	24697,27	24842,2	LONG	0,00167	5981,87	0,00451	HOLD	98,2349	129,7016
2023-02-21	07:00	24843,89	24940	24781,5	24858,6	LONG	0,00167	5981,87	0,00451	HOLD	98,2349	129,729
2023-02-21	08:00	24858,6	24931,26	24802,34	24863,71	LONG	0,00167	5981,87	0,00451	HOLD	98,2349	129,7375
2023-02-21	09:00	24862,93	25093,23	24856,04	24911,51	LONG	0,00167	5981,87	0,00451	HOLD	98,2349	129,8174
2023-02-21	10:00	24910,32	25014,35	24847	24926,56	LONG	0,00167	5981,87	0,00451	HOLD	98,2349	129,8425
2023-02-21	11:00	24926,56	24944,6	24854,18	24904,14	LONG	0,00167	5981,87	0,00451	HOLD	98,2349	129,8051
2023-02-21	12:00	24904,98	24964,4	24870,27	24945,37	LONG	0,00167	5981,87	0,00451	HOLD	98,2349	129,8739
2023-02-21	13:00	24946,44	25045,04	24923,34	25032,42	LONG	0,00167	5981,87	0,00451	HOLD	98,2349	130,0193
2023-02-21	14:00	25033,02	25050	24936,99	24999,95	LONG	0,00167	5981,87	0,00451	HOLD	98,2349	129,9651
2023-02-21	15:00	24999,77	25250	24627,44	24689,23	LONG	0,00167	5981,87	0,00451	HOLD	98,2349	129,4462
2023-02-21	16:00	24689,66	24836,98	24555,55	24799,99	LONG	0,00167	5981,87	0,00451	HOLD	98,2349	129,6311
2023-02-21	17:00	24799,99	24806,98	24675,39	24702,72	LONG	0,00167	5981,87	0,00451	HOLD	98,2349	129,4687
2023-02-21	18:00	24703,2	24755	24561,58	24572,83	LONG	0,00167	5981,87	0,00451	HOLD	98,2349	129,2518
2023-02-21	19:00	24572,83	24665,31	24488	24634	LONG	0,00167	5981,87	0,00451	HOLD	98,2349	129,3539
2023-02-21	20:00	24633,99	24698	24510,27	24569,8	LONG	0,00167	5981,87	0,00451	HOLD	98,2349	129,2467
2023-02-21	21:00	24569,73	24790	24548,33	24684,93	LONG	0,00167	5981,87	0,00451	HOLD	98,2349	129,439
2023-02-21	22:00	24684,7	24722	24408	24558,09	LONG	0,00167	5981,87	0,00451	HOLD	98,2349	129,2272
2023-02-21	23:00	24556,81	24588,33	24279,35	24403,27	LONG	0,00167	5981,87	0,00451	HOLD	98,2349	128,9686
2023-02-22	00:00	24402,23	24660,78	24370,83	24655,45	LONG	0,00167	5981,87	0,00451	HOLD	98,2349	129,3897
2023-02-22	01:00	24656,65	24745,78	24560	24685,06	LONG	0,00167	5981,87	0,00451	HOLD	98,2349	129,4392
2023-02-22	02:00	24685,84	24697,35	24550	24602,88	LONG	0,00167	5981,87	0,00451	HOLD	98,2349	129,302
2023-02-22	03:00	24602,88	24639,56	24419,74	24465,63	LONG	0,00167	5981,87	0,00451	HOLD	98,2349	129,0727
2023-02-22	04:00	24464,31	24538,52	24148,34	24201,2	LONG	0,00167	5981,87	0,00451	HOLD	98,2349	128,6311
2023-02-22	05:00	24201,2	24425	24154,98	24384,11	LONG	0,00167	5981,87	0,00451	HOLD	98,2349	128,9366
2023-02-22	06:00	24383,8	24459,12	24335,6	24452,16	LONG	0,00167	5981,87	0,00451	HOLD	98,2349	129,0502
2023-02-22	07:00	24450,67	24476,05	24264,27	24412,47	LONG	0,00167	5981,87	0,00451	HOLD	98,2349	128,984
2023-02-22	08:00	24411,32	24436,01	24108	24175,5	LONG	0,00167	5981,87	0,00451	HOLD	98,2349	128,5882
2023-02-22	09:00	24175,72	24192,32	23855,55	24170,47	LONG	0,00167	5981,87	0,00451	HOLD	98,2349	128,5798
2023-02-22	10:00	24172,23	24270,88	24120,35	24201,85	LONG	0,00167	5981,87	0,00451	HOLD	98,2349	128,6322
2023-02-22	11:00	24202,67	24221,6	24023,47	24155,23	LONG	0,00167	5981,87	0,00451	HOLD	98,2349	128,5544
2023-02-22	12:00	24156,53	24172,01	23992,93	24107,02	LONG	0,00167	5981,87	0,00451	HOLD	98,2349	128,4739
2023-02-22	13:00	24105,55	24129,1	23931,09	23950,15	LONG	0,00167	5981,87	0,00451	HOLD	98,2349	128,2119
2023-02-22	14:00	23950,15	24101,62	23931	24060,95	LONG	0,00167	5981,87	0,00451	HOLD	98,2349	128,3969
2023-02-22	15:00	24059,73	24070,98	23860,61	23965,78	LONG	0,00167	5981,87	0,00451	HOLD	98,2349	128,238
2023-02-22	16:00	23965,78	24171,9	23941,83	24105,6	LONG	0,00167	5981,87	0,00451	HOLD	98,2349	128,4715
2023-02-22	17:00	24107,54	24200	24076,06	24181,69	LONG	0,00167	5981,87	0,00451	HOLD	98,2349	128,5986
2023-02-22	18:00	24182,38	24216,55	24043,43	24160,87	LONG	0,00167	5981,87	0,00451	HOLD	98,2349	128,5638
2023-02-22	19:00	24160,87	24235,37	24086,19	24129,68	LONG	0,00167	5981,87	0,00451	HOLD	98,2349	128,5117
2023-02-22	20:00	24130,67	24155,37	23958	24109,71	LONG	0,00167	5981,87	0,00451	HOLD	98,2349	128,4784
2023-02-22	21:00	24110,8	24118,51	23916,32	23939,75	LONG	0,00167	5981,87	0,00451	HOLD	98,2349	128,1945
2023-02-22	22:00	23939,75	24005,11	23627,08	23713,61	LONG	0,00167	5981,87	0,00451	HOLD	98,2349	127,8169
2023-02-22	23:00	23714,94	23766,68	23574,69	23634,98	LONG	0,00167	5981,87	0,00451	HOLD	98,2349	127,6856
2023-02-23	00:00	23633,64	23785,79	23588,63	23745,83	LONG	0,00167	5981,87	0,00451	HOLD	98,2349	127,8707
2023-02-23	01:00	23745,83	23834,32	23720	23740,08	LONG	0,00167	5981,87	0,00451	HOLD	98,2349	127,8611
2023-02-23	02:00	23740,08	23972,97	23650	23791,67	LONG	0,00167	5981,87	0,00451	HOLD	98,2349	127,9472
2023-02-23	03:00	23791,68	23877,99	23735,19	23799,49	LONG	0,00167	5981,87	0,00451	HOLD	98,2349	127,9603
2023-02-23	04:00	23798,25	23848,81	23740	23801,77	LONG	0,00167	5981,87	0,00451	HOLD	98,2349	127,9641
2023-02-23	05:00	23802,73	24105,01	23780,74	24100,68	LONG	0,00167	5981,87	0,00451	HOLD	98,2349	128,4633
2023-02-23	06:00	24102,93	24218,92	24077,64	24182,21	LONG	0,00167	5981,87	0,00451	HOLD	98,2349	128,5994
2023-02-23	07:00	24182,21	24246,06	24124,33	24129,22	LONG	0,00167	5981,87	0,00451	HOLD	98,2349	128,5109
2023-02-23	08:00	24129,96	24208,16	24125,16	24189,43	LONG	0,00167	5981,87	0,00451	HOLD	98,2349	128,6115
2023-02-23	09:00	24189,43	24594	24165,77	24531,61	LONG	0,00167	5981,87	0,00451	HOLD	98,2349	129,1829
2023-02-23	10:00	24531,61	24599,59	24433,83	24454,85	LONG	0,00167	5981,87	0,00451	HOLD	98,2349	129,0547
2023-02-23	11:00	24454,85	24526,08	24421,48	24521,24	LONG	0,00167	5981,87	0,00451	HOLD	98,2349	129,1656
2023-02-23	12:00	24519,92	24523,56	24346,32	24391,34	LONG	0,00167	5981,87	0,00451	HOLD	98,2349	128,9487
2023-02-23	13:00	24391,34	24416,11	24311,35	24390,36	LONG	0,00167	5981,87	0,00451	HOLD	98,2349	128,947
2023-02-23	14:00	24389,6	24430	24361,77	24376,27	LONG	0,00167	5981,87	0,00451	HOLD	98,2349	128,9235
2023-02-23	15:00	24377,12	24494,28	24362,41	24406,78	LONG	0,00167	5981,87	0,00451	HOLD	98,2349	128,9745
2023-02-23	16:00	24406,78	24468,75	24264,58	24282,42	LONG	0,00167	5981,87	0,00451	HOLD	98,2349	128,7668
2023-02-23	17:00	24282,42	24314,34	24190	24255,92	LONG	0,00167	5981,87	0,00451	HOLD	98,2349	128,7225
2023-02-23	18:00	24255,93	24268,61	23647,46	23780,2	LONG	0,00167	5981,87	0,00451	HOLD	98,2349	127,9281
2023-02-23	19:00	23780,21	24008	23608	23912,09	LONG	0,00167	5981,87	0,00451	HOLD	98,2349	128,1483
2023-02-23	20:00	23912,82	24228,44	23837,67	24010,23	LONG	0,00167	5981,87	0,00451	HOLD	98,2349	128,3122
2023-02-23	21:00	24007,81	24160,44	23911,94	24011,3	LONG	0,00167	5981,87	0,00451	HOLD	98,2349	128,314
2023-02-23	22:00	24012,02	24064,3	23861,45	23950,92	LONG	0,00167	5981,87	0,00451	HOLD	98,2349	128,2132
2023-02-23	23:00	23951,83	24008,76	23752,93	23762,61	LONG	0,00167	5981,87	0,00451	HOLD	98,2349	127,8987
2023-02-24	00:00	23760,23	23985,02	23745	23840,97	LONG	0,00167	5981,87	0,00451	HOLD	98,2349	128,0296
2023-02-24	01:00	23840,97	23907,14	23725,1	23861,72	LONG	0,00167	5981,87	0,00451	HOLD	98,2349	128,0642
2023-02-24	02:00	23861,72	24056	23835	23971,5	LONG	0,00167	5981,87	0,00451	HOLD	98,2349	128,2475
2023-02-24	03:00	23971,51	24069,87	23902,04	23943,8	LONG	0,00167	5981,87	0,00451	HOLD	98,2349	128,2013
2023-02-24	04:00	23943,8	24014,48	23862,44	23873,57	LONG	0,00167	5981,87	0,00451	HOLD	98,2349	128,084
2023-02-24	05:00	23874,98	23902,38	23756,77	23866,11	LONG	0,00167	5981,87	0,00451	HOLD	98,2349	128,0715
2023-02-24	06:00	23866,11	23958	23825	23940,2	LONG	0,00167	5981,87	0,00451	HOLD	98,2349	128,1953
2023-02-24	07:00	23940,2	24022,87	23890	23958,71	LONG	0,00167	5981,87	0,00451	HOLD	98,2349	128,2262
2023-02-24	08:00	23958,71	24132,35	23956,8	24002,85	LONG	0,00167	5981,87	0,00451	HOLD	98,2349	128,2999
2023-02-24	09:00	24001,78	24029,91	23907,15	23940,42	LONG	0,00167	5981,87	0,00451	HOLD	98,2349	128,1956
2023-02-24	10:00	23940,42	23998,1	23921,46	23954,05	LONG	0,00167	5981,87	0,00451	HOLD	98,2349	128,2184
2023-02-24	11:00	23954,5	23986,12	23923,88	23942,21	LONG	0,00167	5981,87	0,00451	HOLD	98,2349	128,1986
2023-02-24	12:00	23941,77	23948,15	23850	23896,6	LONG	0,00167	5981,87	0,00451	HOLD	98,2349	128,1225
2023-02-24	13:00	23896,6	23913,59	23780	23892,06	LONG	0,00167	5981,87	0,00451	HOLD	98,2349	128,1149
2023-02-24	14:00	23891,19	23905	23766,6	23830,32	LONG	0,00167	5981,87	0,00451	HOLD	98,2349	128,0118
2023-02-24	15:00	23831,22	23973,79	23754,03	23900,34	LONG	0,00167	5981,87	0,00451	HOLD	98,2349	128,1287
2023-02-24	16:00	23900,34	23934,28	23811,03	23829,03	LONG	0,00167	5981,87	0,00451	HOLD	98,2349	128,0096
2023-02-24	17:00	23829,03	23886,47	23778	23861,86	LONG	0,00167	5981,87	0,00451	HOLD	98,2349	128,0644
2023-02-24	18:00	23860,81	23897,33	23832,99	23883,72	LONG	0,00167	5981,87	0,00451	HOLD	98,2349	128,101
2023-02-24	19:00	23883,72	24027,44	23858,75	23886,7	LONG	0,00167	5981,87	0,00451	HOLD	98,2349	128,1059
2023-02-24	20:00	23886,7	24005	23680	23781,76	LONG	0,00167	5981,87	0,00451	HOLD	98,2349	127,9307
2023-02-24	21:00	23781,76	23860,88	23685,27	23810,2	LONG	0,00167	5981,87	0,00451	HOLD	98,2349	127,9782
2023-02-24	22:00	23810,2	23846,26	23322,01	23351,31	LONG	0,00167	5981,87	0,00451	HOLD	98,2349	127,2118
2023-02-24	23:00	23349,25	23353,1	22940	23191,67	LONG	0,00167	5981,87	0,00451	HOLD	98,2349	126,9452
2023-02-25	00:00	23191,68	23197,26	23019,27	23066,45	LONG	0,00167	5981,87	0,00451	HOLD	98,2349	126,7361
2023-02-25	01:00	23066,45	23150	23013	23087,59	LONG	0,00167	5981,87	0,00451	HOLD	98,2349	126,7714
2023-02-25	02:00	23087,36	23190,72	22841,19	23182,27	LONG	0,00167	5981,87	0,00451	HOLD	98,2349	126,9295
2023-02-25	03:00	23182,27	23332,79	23147,72	23213,62	LONG	0,00167	5981,87	0,00451	HOLD	98,2349	126,9819
2023-02-25	04:00	23213,62	23239,25	23062,3	23102,59	LONG	0,00167	5981,87	0,00451	HOLD	98,2349	126,7965
2023-02-25	05:00	23103,97	23171,18	22974,3	23119,86	LONG	0,00167	5981,87	0,00451	HOLD	98,2349	126,8253
2023-02-25	06:00	23119,86	23209,42	23030	23185,29	LONG	0,00167	5981,87	0,00451	HOLD	98,2349	126,9346
2023-02-25	07:00	23184,04	23203,93	23108,77	23165,61	LONG	0,00167	5981,87	0,00451	HOLD	98,2349	126,9017
2023-02-25	08:00	23165,61	23207,71	23132,96	23182,56	LONG	0,00167	5981,87	0,00451	HOLD	98,2349	126,93
2023-02-25	09:00	23182,56	23219,13	23050	23085,01	LONG	0,00167	5981,87	0,00451	HOLD	98,2349	126,7671
2023-02-25	10:00	23085,01	23128,04	23045,33	23077,64	LONG	0,00167	5981,87	0,00451	HOLD	98,2349	126,7548
2023-02-25	11:00	23077,12	23129,65	23055,02	23127,22	LONG	0,00167	5981,87	0,00451	HOLD	98,2349	126,8376
2023-02-25	12:00	23127,73	23129,1	23023,23	23040,57	LONG	0,00167	5981,87	0,00451	HOLD	98,2349	126,6929
2023-02-25	13:00	23040,57	23106,35	23038,34	23088,6	LONG	0,00167	5981,87	0,00451	HOLD	98,2349	126,7731
2023-02-25	14:00	23089,06	23123,7	23069,03	23117,16	LONG	0,00167	5981,87	0,00451	HOLD	98,2349	126,8208
2023-02-25	15:00	23117,1	23158,16	23096,99	23100,98	LONG	0,00167	5981,87	0,00451	HOLD	98,2349	126,7938
2023-02-25	16:00	23101,27	23122,93	23000	23059,24	LONG	0,00167	5981,87	0,00451	HOLD	98,2349	126,7241
2023-02-25	17:00	23059,24	23066,59	22925,22	22931,05	LONG	0,00167	5981,87	0,00451	HOLD	98,2349	126,51
2023-02-25	18:00	22931,05	23014,92	22906,5	22983,85	LONG	0,00167	5981,87	0,00451	HOLD	98,2349	126,5982
2023-02-25	19:00	22983,85	23021,36	22858,35	23018,34	LONG	0,00167	5981,87	0,00451	HOLD	98,2349	126,6558
2023-02-25	20:00	23017,47	23086	22990,33	23004,12	LONG	0,00167	5981,87	0,00451	HOLD	98,2349	126,632
2023-02-25	21:00	23003,34	23049	22976,29	23001,87	LONG	0,00167	5981,87	0,00451	HOLD	98,2349	126,6283
2023-02-25	22:00	23001,87	23033,44	22970,17	23006,18	LONG	0,00167	5981,87	0,00451	HOLD	98,2349	126,6355
2023-02-25	23:00	23006,18	23086,29	22995,04	23012,55	LONG	0,00167	5981,87	0,00451	HOLD	98,2349	126,6461
2023-02-26	00:00	23012,95	23052,29	23002,48	23042,52	LONG	0,00167	5981,87	0,00451	HOLD	98,2349	126,6962
2023-02-26	01:00	23042,05	23051,31	22969,31	22979,3	LONG	0,00167	5981,87	0,00451	HOLD	98,2349	126,5906
2023-02-26	02:00	22979,3	23017,11	22912,1	22983,05	LONG	0,00167	5981,87	0,00451	HOLD	98,2349	126,5968
2023-02-26	03:00	22983,78	22999,35	22722	22922,58	LONG	0,00167	5981,87	0,00451	HOLD	98,2349	126,4959
2023-02-26	04:00	22923,32	22961,95	22847,15	22934,42	LONG	0,00167	5981,87	0,00451	HOLD	98,2349	126,5156
2023-02-26	05:00	22933,68	23172	22901,88	23118,73	LONG	0,00167	5981,87	0,00451	HOLD	98,2349	126,8234
2023-02-26	06:00	23117,99	23185,99	23094,8	23157,07	LONG	0,00167	5981,87	0,00451	HOLD	98,2349	126,8874
2023-02-26	07:00	23157,07	23166,91	23080,09	23097,97	LONG	0,00167	5981,87	0,00451	HOLD	98,2349	126,7888
2023-02-26	08:00	23097,25	23126,88	23068,51	23112,7	LONG	0,00167	5981,87	0,00451	HOLD	98,2349	126,8134
2023-02-26	09:00	23112,7	23249,99	23059,18	23236,01	LONG	0,00167	5981,87	0,00451	HOLD	98,2349	127,0193
2023-02-26	10:00	23237,29	23250	23184,1	23214,53	LONG	0,00167	5981,87	0,00451	HOLD	98,2349	126,9834
2023-02-26	11:00	23214,53	23227,17	23152,35	23189,27	LONG	0,00167	5981,87	0,00451	HOLD	98,2349	126,9412
2023-02-26	12:00	23189,59	23202	23125	23127,06	LONG	0,00167	5981,87	0,00451	HOLD	98,2349	126,8373
2023-02-26	13:00	23126,44	23171	23090	23167,4	LONG	0,00167	5981,87	0,00451	HOLD	98,2349	126,9047
2023-02-26	14:00	23167,72	23209,96	23138,4	23154,57	LONG	0,00167	5981,87	0,00451	HOLD	98,2349	126,8833
2023-02-26	15:00	23154,57	23175,36	23112,35	23151,95	LONG	0,00167	5981,87	0,00451	HOLD	98,2349	126,8789
2023-02-26	16:00	23152,39	23293,97	23150,33	23279,5	LONG	0,00167	5981,87	0,00451	HOLD	98,2349	127,0919
2023-02-26	17:00	23278,19	23282,25	23207,19	23236,81	LONG	0,00167	5981,87	0,00451	HOLD	98,2349	127,0206
2023-02-26	18:00	23236,91	23260	23200,03	23253,44	LONG	0,00167	5981,87	0,00451	HOLD	98,2349	127,0484
2023-02-26	19:00	23253,44	23280,84	23126,47	23161,99	LONG	0,00167	5981,87	0,00451	HOLD	98,2349	126,8957
2023-02-26	20:00	23162,46	23219,31	23137	23214,15	LONG	0,00167	5981,87	0,00451	HOLD	98,2349	126,9828
2023-02-26	21:00	23213,15	23331,26	23180,02	23193,65	LONG	0,00167	5981,87	0,00451	HOLD	98,2349	126,9485
2023-02-26	22:00	23194,36	23250	23175,42	23247,23	LONG	0,00167	5981,87	0,00451	HOLD	98,2349	127,038
2023-02-26	23:00	23247,96	23256,65	23164,04	23184,92	LONG	0,00167	5981,87	0,00451	HOLD	98,2349	126,934
2023-02-27	00:00	23184,92	23244,6	23137	23239,54	LONG	0,00167	5981,87	0,00451	HOLD	98,2349	127,0252
2023-02-27	01:00	23239,54	23539,94	23221,82	23486,43	LONG	0,00167	5981,87	0,00451	HOLD	98,2349	127,4375
2023-02-27	02:00	23487,3	23544,93	23366,87	23499,33	LONG	0,00167	5981,87	0,00451	HOLD	98,2349	127,459
2023-02-27	03:00	23499,33	23689,99	23461,89	23639,68	LONG	0,00167	5981,87	0,00451	HOLD	98,2349	127,6934
2023-02-27	04:00	23639,68	23653	23550,75	23560,6	LONG	0,00167	5981,87	0,00451	HOLD	98,2349	127,5613
2023-02-27	05:00	23560,61	23595,76	23323,42	23476,41	LONG	0,00167	5981,87	0,00451	HOLD	98,2349	127,4207
2023-02-27	06:00	23477,14	23637,88	23455	23554,85	LONG	0,00167	5981,87	0,00451	HOLD	98,2349	127,5517
2023-02-27	07:00	23554,85	23567,69	23451,66	23492,64	LONG	0,00167	5981,87	0,00451	HOLD	98,2349	127,4479
2023-02-27	08:00	23492,15	23563	23432,76	23552,76	LONG	0,00167	5981,87	0,00451	HOLD	98,2349	127,5483
2023-02-27	09:00	23553,52	23644,65	23522,72	23558,64	LONG	0,00167	5981,87	0,00451	HOLD	98,2349	127,5581
2023-02-27	10:00	23558,64	23642	23540,74	23551,62	LONG	0,00167	5981,87	0,00451	HOLD	98,2349	127,5463
2023-02-27	11:00	23551,99	23561,34	23463,47	23491,46	LONG	0,00167	5981,87	0,00451	HOLD	98,2349	127,4459
2023-02-27	12:00	23490,81	23509,94	23346,16	23391,52	LONG	0,00167	5981,87	0,00451	HOLD	98,2349	127,279
2023-02-27	13:00	23391,13	23435,93	23370,34	23405,39	LONG	0,00167	5981,87	0,00451	HOLD	98,2349	127,3021
2023-02-27	14:00	23405,82	23456,85	23401,55	23423,31	LONG	0,00167	5981,87	0,00451	HOLD	98,2349	127,3321
2023-02-27	15:00	23423,88	23455,31	23340	23358,91	LONG	0,00167	5981,87	0,00451	HOLD	98,2349	127,2245
2023-02-27	16:00	23359,32	23439,76	23332,65	23389,37	LONG	0,00167	5981,87	0,00451	HOLD	98,2349	127,2754
2023-02-27	17:00	23388,94	23420	23348,74	23378,79	LONG	0,00167	5981,87	0,00451	HOLD	98,2349	127,2577
2023-02-27	18:00	23378,79	23448,43	23369,36	23428,87	LONG	0,00167	5981,87	0,00451	HOLD	98,2349	127,3414
2023-02-27	19:00	23428,87	23440,94	23379,25	23403,18	LONG	0,00167	5981,87	0,00451	HOLD	98,2349	127,2985
2023-02-27	20:00	23403,18	23800,45	23397,35	23703,01	LONG	0,00167	5981,87	0,00451	HOLD	98,2349	127,7992
2023-02-27	21:00	23704,29	23862,29	23675,5	23803,46	LONG	0,00167	5981,87	0,00451	HOLD	98,2349	127,9669
2023-02-27	22:00	23803,46	23897,99	23465,1	23559,4	LONG	0,00167	5981,87	0,00451	HOLD	98,2349	127,5593
2023-02-27	23:00	23557,66	23618,3	23159,33	23391,49	LONG	0,00167	5981,87	0,00451	HOLD	98,2349	127,2789
2023-02-28	00:00	23391,55	23425	23266,66	23334,4	LONG	0,00167	5981,87	0,00451	HOLD	98,2349	127,1836
2023-02-28	01:00	23333,49	23370	23150	23288,77	LONG	0,00167	5981,87	0,00451	HOLD	98,2349	127,1074
2023-02-28	02:00	23288,55	23360	23218,56	23276,35	LONG	0,00167	5981,87	0,00451	HOLD	98,2349	127,0866
2023-02-28	03:00	23276,34	23329,83	23106,77	23321,37	LONG	0,00167	5981,87	0,00451	HOLD	98,2349	127,1618
2023-02-28	04:00	23320,38	23397,34	23294,47	23381,38	LONG	0,00167	5981,87	0,00451	HOLD	98,2349	127,262
2023-02-28	05:00	23381,38	23557,79	23361,07	23482,13	LONG	0,00167	5981,87	0,00451	HOLD	98,2349	127,4303
2023-02-28	06:00	23481,28	23582,98	23448,2	23492,09	LONG	0,00167	5981,87	0,00451	HOLD	98,2349	127,4469
2023-02-28	07:00	23492,09	23549,99	23409,79	23420,55	LONG	0,00167	5981,87	0,00451	HOLD	98,2349	127,3275
2023-02-28	08:00	23420,55	23460,01	23349,57	23433,16	LONG	0,00167	5981,87	0,00451	HOLD	98,2349	127,3485
2023-02-28	09:00	23433,16	23475,73	23386,79	23441,76	LONG	0,00167	5981,87	0,00451	HOLD	98,2349	127,3629
2023-02-28	10:00	23441,76	23526	23436,12	23467,52	LONG	0,00167	5981,87	0,00451	HOLD	98,2349	127,4059
2023-02-28	11:00	23467,01	23470,44	23386,31	23415	LONG	0,00167	5981,87	0,00451	HOLD	98,2349	127,3182
2023-02-28	12:00	23414,64	23447,76	23364,01	23378,45	LONG	0,00167	5981,87	0,00451	HOLD	98,2349	127,2572
2023-02-28	13:00	23377,69	23414,34	23362,25	23392,3	LONG	0,00167	5981,87	0,00451	HOLD	98,2349	127,2803
2023-02-28	14:00	23391,69	23397,58	23212,8	23236,68	LONG	0,00167	5981,87	0,00451	HOLD	98,2349	127,0204
2023-02-28	15:00	23235,63	23302,94	23200	23264,21	LONG	0,00167	5981,87	0,00451	HOLD	98,2349	127,0664
2023-02-28	16:00	23263,3	23321,76	23244,21	23267,79	LONG	0,00167	5981,87	0,00451	HOLD	98,2349	127,0724
2023-02-28	17:00	23268,43	23391,03	23253,5	23363,9	LONG	0,00167	5981,87	0,00451	HOLD	98,2349	127,2329
2023-02-28	18:00	23363,9	23421,98	23335,47	23392,69	LONG	0,00167	5981,87	0,00451	HOLD	98,2349	127,2809
2023-02-28	19:00	23391,96	23506,11	23385,29	23454,54	LONG	0,00167	5981,87	0,00451	HOLD	98,2349	127,3842
2023-02-28	20:00	23454,01	23487,78	23368,79	23403,17	LONG	0,00167	5981,87	0,00451	HOLD	98,2349	127,2984
2023-02-28	21:00	23403,17	23579,12	23315,42	23425,94	LONG	0,00167	5981,87	0,00451	HOLD	98,2349	127,3365
2023-02-28	22:00	23425,19	23546,32	23403,45	23518,3	LONG	0,00167	5981,87	0,00451	HOLD	98,2349	127,4907
2023-02-28	23:00	23519,08	23600	23426,47	23456,05	LONG	0,00167	5981,87	0,00451	HOLD	98,2349	127,3867
2023-03-01	00:00	23456,05	23558,34	23447,5	23526,54	LONG	0,00167	5981,87	0,00451	HOLD	98,2349	127,5045
2023-03-01	01:00	23525,9	23550	23436,88	23481,63	LONG	0,00167	5981,87	0,00451	HOLD	98,2349	127,4295
2023-03-01	02:00	23481,63	23492,84	23205,06	23264,36	LONG	0,00167	5981,87	0,00451	HOLD	98,2349	127,0666
2023-03-01	03:00	23263,38	23343,55	23166,35	23272,05	LONG	0,00167	5981,87	0,00451	HOLD	98,2349	127,0795
2023-03-01	04:00	23270,59	23277,98	23020,97	23139,89	LONG	0,00167	5981,87	0,00451	HOLD	98,2349	126,8588
2023-03-01	05:00	23138,89	23240,82	23094,69	23161,38	LONG	0,00167	5981,87	0,00451	HOLD	98,2349	126,8946
2023-03-01	06:00	23160,47	23199,96	23098,35	23141,57	LONG	0,00167	5981,87	0,00451	HOLD	98,2349	126,8616
2023-03-01	07:00	23141,57	23219,99	23020,03	23101	LONG	0,00167	5981,87	0,00451	HOLD	98,2349	126,7938
2023-03-01	08:00	23101	23296,94	23075,14	23245,96	LONG	0,00167	5981,87	0,00451	HOLD	98,2349	127,0359
2023-03-01	09:00	23245,96	23336,46	23234,2	23331,21	LONG	0,00167	5981,87	0,00451	HOLD	98,2349	127,1783
2023-03-01	10:00	23332,57	23498	23305,97	23441,14	LONG	0,00167	5981,87	0,00451	HOLD	98,2349	127,3618
2023-03-01	11:00	23440,37	23847	23425,44	23794,48	LONG	0,00167	5981,87	0,00451	HOLD	98,2349	127,9519
2023-03-01	12:00	23794,48	23821,56	23631,97	23694,17	LONG	0,00167	5981,87	0,00451	HOLD	98,2349	127,7844
2023-03-01	13:00	23695,14	23803,39	23666	23752,75	LONG	0,00167	5981,87	0,00451	HOLD	98,2349	127,8822
2023-03-01	14:00	23752,75	23762,22	23681	23716,06	LONG	0,00167	5981,87	0,00451	HOLD	98,2349	127,821
2023-03-01	15:00	23716,06	24000	23681,81	23867,78	LONG	0,00167	5981,87	0,00451	HOLD	98,2349	128,0743
2023-03-01	16:00	23869,01	23907,68	23725,07	23756,14	LONG	0,00167	5981,87	0,00451	HOLD	98,2349	127,8879
2023-03-01	17:00	23755,74	23787,46	23673,44	23777,62	LONG	0,00167	5981,87	0,00451	HOLD	98,2349	127,9238
2023-03-01	18:00	23777,62	23788,4	23700	23739,17	LONG	0,00167	5981,87	0,00451	HOLD	98,2349	127,8596
2023-03-01	19:00	23739,87	23820,51	23701,09	23722,6	LONG	0,00167	5981,87	0,00451	HOLD	98,2349	127,8319
2023-03-01	20:00	23722,6	23735,17	23616,45	23689,45	LONG	0,00167	5981,87	0,00451	HOLD	98,2349	127,7765
2023-03-01	21:00	23689,97	23888	23570	23679,86	LONG	0,00167	5981,87	0,00451	HOLD	98,2349	127,7605
2023-03-01	22:00	23679,86	23770	23550,8	23711,09	LONG	0,00167	5981,87	0,00451	HOLD	98,2349	127,8127
2023-03-01	23:00	23711,09	23746,24	23555,06	23691,9	LONG	0,00167	5981,87	0,00451	HOLD	98,2349	127,7806
2023-03-02	00:00	23692,54	23744,68	23669,3	23704,68	LONG	0,00167	5981,87	0,00451	HOLD	98,2349	127,802
2023-03-02	01:00	23704,68	23724,82	23646,73	23690,88	LONG	0,00167	5981,87	0,00451	HOLD	98,2349	127,7789
2023-03-02	02:00	23690,88	23695,57	23328,16	23355,14	LONG	0,00167	5981,87	0,00451	HOLD	98,2349	127,2182
2023-03-02	03:00	23354,03	23471,62	23300	23421,23	LONG	0,00167	5981,87	0,00451	HOLD	98,2349	127,3286
2023-03-02	04:00	23421,23	23593,32	23368,41	23553,73	LONG	0,00167	5981,87	0,00451	HOLD	98,2349	127,5499
2023-03-02	05:00	23553,94	23579,52	23440,39	23531,94	LONG	0,00167	5981,87	0,00451	HOLD	98,2349	127,5135
2023-03-02	06:00	23531,41	23674,6	23501,2	23628,97	LONG	0,00167	5981,87	0,00451	HOLD	98,2349	127,6755
2023-03-02	07:00	23629,76	23796,93	23595,11	23606,95	LONG	0,00167	5981,87	0,00451	HOLD	98,2349	127,6387
2023-03-02	08:00	23606,31	23635,87	23445,63	23513,5	LONG	0,00167	5981,87	0,00451	HOLD	98,2349	127,4827
2023-03-02	09:00	23514,29	23543,63	23448,92	23494,47	LONG	0,00167	5981,87	0,00451	HOLD	98,2349	127,4509
2023-03-02	10:00	23494,47	23513,49	23423,17	23494,29	LONG	0,00167	5981,87	0,00451	HOLD	98,2349	127,4506
2023-03-02	11:00	23494,29	23546,82	23469,43	23536,33	LONG	0,00167	5981,87	0,00451	HOLD	98,2349	127,5208
2023-03-02	12:00	23536,34	23544,76	23410,65	23445,71	LONG	0,00167	5981,87	0,00451	HOLD	98,2349	127,3695
2023-03-02	13:00	23445,48	23474,35	23374,46	23437,86	LONG	0,00167	5981,87	0,00451	HOLD	98,2349	127,3564
2023-03-02	14:00	23437,86	23448,08	23335,41	23391,87	LONG	0,00167	5981,87	0,00451	HOLD	98,2349	127,2796
2023-03-02	15:00	23391,87	23466,68	23347,76	23443,67	LONG	0,00167	5981,87	0,00451	HOLD	98,2349	127,3661
2023-03-02	16:00	23443,67	23468,5	23386,45	23400,39	LONG	0,00167	5981,87	0,00451	HOLD	98,2349	127,2938
2023-03-02	17:00	23399,85	23419,66	23337,37	23375,64	LONG	0,00167	5981,87	0,00451	HOLD	98,2349	127,2525
2023-03-02	18:00	23375,22	23429,83	23359,24	23414,73	LONG	0,00167	5981,87	0,00451	HOLD	98,2349	127,3177
2023-03-02	19:00	23414,73	23434,26	23319	23355,54	LONG	0,00167	5981,87	0,00451	HOLD	98,2349	127,2189
2023-03-02	20:00	23354,61	23412	23236	23308,95	LONG	0,00167	5981,87	0,00451	HOLD	98,2349	127,1411
2023-03-02	21:00	23309,98	23349,21	23195,9	23305,46	LONG	0,00167	5981,87	0,00451	HOLD	98,2349	127,1353
2023-03-02	22:00	23305,46	23383,83	23274,08	23361,11	LONG	0,00167	5981,87	0,00451	HOLD	98,2349	127,2282
2023-03-02	23:00	23361,1	23387,84	23250,24	23279,98	LONG	0,00167	5981,87	0,00451	HOLD	98,2349	127,0927
2023-03-03	00:00	23279,45	23319,36	23231,29	23268,91	LONG	0,00167	5981,87	0,00451	HOLD	98,2349	127,0742
2023-03-03	01:00	23269,02	23458,94	23254,31	23441,14	LONG	0,00167	5981,87	0,00451	HOLD	98,2349	127,3618
2023-03-03	02:00	23441,14	23507,97	23388,76	23463,99	LONG	0,00167	5981,87	0,00451	HOLD	98,2349	127,4
2023-03-03	03:00	23463,4	23567,52	23425,09	23467,06	LONG	0,00167	5981,87	0,00451	HOLD	98,2349	127,4051
2023-03-03	04:00	23467,64	23474,09	23386,44	23408,65	LONG	0,00167	5981,87	0,00451	HOLD	98,2349	127,3076
2023-03-03	05:00	23409,47	23557,01	23408,65	23460,97	LONG	0,00167	5981,87	0,00451	HOLD	98,2349	127,395
2023-03-03	06:00	23460,27	23504,01	23429,32	23465,32	LONG	0,00167	5981,87	0,00451	HOLD	98,2349	127,4022
2023-03-03	07:00	23465,32	23476,95	23398,85	23418,5	LONG	0,00167	5981,87	0,00451	HOLD	98,2349	127,324
2023-03-03	08:00	23417,58	23425,7	21971,13	22150,31	LONG	0,00167	5981,87	0,00451	HOLD	98,2349	125,2062
2023-03-03	09:00	22150,31	22454,94	22099,18	22348,57	LONG	0,00167	5981,87	0,00451	HOLD	98,2349	125,5373
2023-03-03	10:00	22347,51	22400,87	22276,9	22319,69	LONG	0,00167	5981,87	0,00451	HOLD	98,2349	125,489
2023-03-03	11:00	22319,69	22393,33	22251,08	22376,5	LONG	0,00167	5981,87	0,00451	HOLD	98,2349	125,5839
2023-03-03	12:00	22376,46	22411,36	22329,14	22341,8	LONG	0,00167	5981,87	0,00451	HOLD	98,2349	125,5259
2023-03-03	13:00	22341,8	22402,25	22325,81	22378,73	LONG	0,00167	5981,87	0,00451	HOLD	98,2349	125,5876
2023-03-03	14:00	22379,01	22404,7	22332,03	22360,78	LONG	0,00167	5981,87	0,00451	HOLD	98,2349	125,5576
2023-03-03	15:00	22360,78	22453,88	22354,36	22430,33	LONG	0,00167	5981,87	0,00451	HOLD	98,2349	125,6738
2023-03-03	16:00	22430,33	22479,97	22346,84	22368,54	LONG	0,00167	5981,87	0,00451	HOLD	98,2349	125,5706
2023-03-03	17:00	22368,54	22393,65	22339,26	22351,43	LONG	0,00167	5981,87	0,00451	HOLD	98,2349	125,542
2023-03-03	18:00	22352,09	22367,53	22300,14	22342,92	LONG	0,00167	5981,87	0,00451	HOLD	98,2349	125,5278
2023-03-03	19:00	22343,06	22370	22323,16	22354	LONG	0,00167	5981,87	0,00451	HOLD	98,2349	125,5463
2023-03-03	20:00	22353,46	22428,34	22172,65	22402,8	LONG	0,00167	5981,87	0,00451	HOLD	98,2349	125,6278
2023-03-03	21:00	22402,79	22498,99	22361,02	22376	LONG	0,00167	5981,87	0,00451	HOLD	98,2349	125,5831
2023-03-03	22:00	22377,34	22417,48	22228,99	22336,33	LONG	0,00167	5981,87	0,00451	HOLD	98,2349	125,5168
2023-03-03	23:00	22335,84	22382,14	22322	22374,15	LONG	0,00167	5981,87	0,00451	HOLD	98,2349	125,58
2023-03-04	00:00	22375,36	22448,25	22366,26	22413,17	LONG	0,00167	5981,87	0,00451	HOLD	98,2349	125,6451
2023-03-04	01:00	22413,38	22422,91	22229,25	22313,2	LONG	0,00167	5981,87	0,00451	HOLD	98,2349	125,4782
2023-03-04	02:00	22313,2	22397,76	22289,84	22358,48	LONG	0,00167	5981,87	0,00451	HOLD	98,2349	125,5538
2023-03-04	03:00	22357,83	22378,22	22274	22308,16	LONG	0,00167	5981,87	0,00451	HOLD	98,2349	125,4698
2023-03-04	04:00	22307,08	22316,15	22147	22239,92	LONG	0,00167	5981,87	0,00451	HOLD	98,2349	125,3558
2023-03-04	05:00	22239,92	22338,75	22224,68	22320,99	LONG	0,00167	5981,87	0,00451	HOLD	98,2349	125,4912
2023-03-04	06:00	22320,99	22377,26	22313,17	22354,34	LONG	0,00167	5981,87	0,00451	HOLD	98,2349	125,5469
2023-03-04	07:00	22354,34	22392,17	22330,01	22368,49	LONG	0,00167	5981,87	0,00451	HOLD	98,2349	125,5705
2023-03-04	08:00	22369,11	22392,11	22336	22342,01	LONG	0,00167	5981,87	0,00451	HOLD	98,2349	125,5263
2023-03-04	09:00	22342,39	22359,39	22333,78	22339,87	LONG	0,00167	5981,87	0,00451	HOLD	98,2349	125,5227
2023-03-04	10:00	22339,87	22354,55	22323,05	22346,66	LONG	0,00167	5981,87	0,00451	HOLD	98,2349	125,5341
2023-03-04	11:00	22346,65	22368	22325,9	22343,94	LONG	0,00167	5981,87	0,00451	HOLD	98,2349	125,5295
2023-03-04	12:00	22343,94	22344,88	22269,94	22328,18	LONG	0,00167	5981,87	0,00451	HOLD	98,2349	125,5032
2023-03-04	13:00	22328,18	22410	22313,21	22364,69	LONG	0,00167	5981,87	0,00451	HOLD	98,2349	125,5642
2023-03-04	14:00	22364,69	22378,23	22351	22359,09	LONG	0,00167	5981,87	0,00451	HOLD	98,2349	125,5548
2023-03-04	15:00	22359,44	22363,68	22331,78	22341,21	LONG	0,00167	5981,87	0,00451	HOLD	98,2349	125,525
2023-03-04	16:00	22341,55	22376,97	22339,51	22350,97	LONG	0,00167	5981,87	0,00451	HOLD	98,2349	125,5413
2023-03-04	17:00	22350,72	22357,68	22322,3	22332,76	LONG	0,00167	5981,87	0,00451	HOLD	98,2349	125,5109
2023-03-04	18:00	22332,84	22358,3	22331,89	22349,46	LONG	0,00167	5981,87	0,00451	HOLD	98,2349	125,5387
2023-03-04	19:00	22349,46	22398	22338,84	22385,31	LONG	0,00167	5981,87	0,00451	HOLD	98,2349	125,5986
2023-03-04	20:00	22385,31	22388,22	22355,37	22355,8	LONG	0,00167	5981,87	0,00451	HOLD	98,2349	125,5493
2023-03-04	21:00	22355,8	22368	22331,13	22342,79	LONG	0,00167	5981,87	0,00451	HOLD	98,2349	125,5276
2023-03-04	22:00	22343,18	22352,48	22307,98	22317,87	LONG	0,00167	5981,87	0,00451	HOLD	98,2349	125,486
2023-03-04	23:00	22317,38	22347,93	22293,05	22324,86	LONG	0,00167	5981,87	0,00451	HOLD	98,2349	125,4977
2023-03-05	00:00	22324,9	22333,97	22301,85	22307,12	LONG	0,00167	5981,87	0,00451	HOLD	98,2349	125,468
2023-03-05	01:00	22306,85	22332	22245,43	22320,97	LONG	0,00167	5981,87	0,00451	HOLD	98,2349	125,4912
2023-03-05	02:00	22320,66	22326,2	22227,2	22250,78	LONG	0,00167	5981,87	0,00451	HOLD	98,2349	125,3739
2023-03-05	03:00	22250,67	22265	22184	22250,34	LONG	0,00167	5981,87	0,00451	HOLD	98,2349	125,3732
2023-03-05	04:00	22250,33	22251,61	22157,08	22213,65	LONG	0,00167	5981,87	0,00451	HOLD	98,2349	125,3119
2023-03-05	05:00	22213,65	22359	22202	22305,98	LONG	0,00167	5981,87	0,00451	HOLD	98,2349	125,4661
2023-03-05	06:00	22306,45	22353,2	22290,78	22346,57	LONG	0,00167	5981,87	0,00451	HOLD	98,2349	125,5339
2023-03-05	07:00	22346,57	22389,32	22313,41	22379,25	LONG	0,00167	5981,87	0,00451	HOLD	98,2349	125,5885
2023-03-05	08:00	22379,83	22662,09	22348	22591,68	LONG	0,00167	5981,87	0,00451	HOLD	98,2349	125,9432
2023-03-05	09:00	22591,14	22612,84	22189,22	22360,82	LONG	0,00167	5981,87	0,00451	HOLD	98,2349	125,5577
2023-03-05	10:00	22360,82	22441,05	22356,5	22387,02	LONG	0,00167	5981,87	0,00451	HOLD	98,2349	125,6015
2023-03-05	11:00	22387,02	22470,93	22378,18	22440,73	LONG	0,00167	5981,87	0,00451	HOLD	98,2349	125,6912
2023-03-05	12:00	22440,73	22446,56	22391,18	22418,99	LONG	0,00167	5981,87	0,00451	HOLD	98,2349	125,6549
2023-03-05	13:00	22419,32	22427	22401,54	22415,73	LONG	0,00167	5981,87	0,00451	HOLD	98,2349	125,6494
2023-03-05	14:00	22415,76	22421,21	22365,26	22375,7	LONG	0,00167	5981,87	0,00451	HOLD	98,2349	125,5826
2023-03-05	15:00	22375,7	22399,45	22328	22342,71	LONG	0,00167	5981,87	0,00451	HOLD	98,2349	125,5275
2023-03-05	16:00	22342,09	22398,28	22316,63	22368,47	LONG	0,00167	5981,87	0,00451	HOLD	98,2349	125,5705
2023-03-05	17:00	22369,14	22448,8	22363,27	22410,83	LONG	0,00167	5981,87	0,00451	HOLD	98,2349	125,6412
2023-03-05	18:00	22410,83	22422,54	22381	22389,77	LONG	0,00167	5981,87	0,00451	HOLD	98,2349	125,6061
2023-03-05	19:00	22390,12	22444	22388,57	22420,34	LONG	0,00167	5981,87	0,00451	HOLD	98,2349	125,6571
2023-03-05	20:00	22419,89	22494,96	22418,02	22465,77	LONG	0,00167	5981,87	0,00451	HOLD	98,2349	125,733
2023-03-05	21:00	22465,77	22478,87	22417,01	22432,46	LONG	0,00167	5981,87	0,00451	HOLD	98,2349	125,6774
2023-03-05	22:00	22431,75	22470,7	22421,5	22436,18	LONG	0,00167	5981,87	0,00451	HOLD	98,2349	125,6836
2023-03-05	23:00	22436,7	22460,07	22421,28	22442,92	LONG	0,00167	5981,87	0,00451	HOLD	98,2349	125,6948
2023-03-06	00:00	22442,92	22455	22419,82	22427,47	LONG	0,00167	5981,87	0,00451	HOLD	98,2349	125,669
2023-03-06	01:00	22427,47	22449,51	22422,02	22429,26	LONG	0,00167	5981,87	0,00451	HOLD	98,2349	125,672
2023-03-06	02:00	22428,98	22450	22374,6	22403,45	LONG	0,00167	5981,87	0,00451	HOLD	98,2349	125,6289
2023-03-06	03:00	22403,45	22425	22395,8	22409,05	LONG	0,00167	5981,87	0,00451	HOLD	98,2349	125,6383
2023-03-06	04:00	22408,58	22560	22331	22483,46	LONG	0,00167	5981,87	0,00451	HOLD	98,2349	125,7625
2023-03-06	05:00	22483,46	22486,86	22380	22433	LONG	0,00167	5981,87	0,00451	HOLD	98,2349	125,6783
2023-03-06	06:00	22432,48	22462,22	22361,75	22430,24	LONG	0,00167	5981,87	0,00451	HOLD	98,2349	125,6736
2023-03-06	07:00	22430,24	22470,08	22361,43	22446,48	LONG	0,00167	5981,87	0,00451	HOLD	98,2349	125,7008
2023-03-06	08:00	22446,48	22508	22322,34	22379,24	LONG	0,00167	5981,87	0,00451	HOLD	98,2349	125,5885
2023-03-06	09:00	22378,49	22405,94	22258	22391,58	LONG	0,00167	5981,87	0,00451	HOLD	98,2349	125,6091
2023-03-06	10:00	22391,12	22417,29	22368,35	22387,19	LONG	0,00167	5981,87	0,00451	HOLD	98,2349	125,6017
2023-03-06	11:00	22387,19	22399,6	22334,06	22342,63	LONG	0,00167	5981,87	0,00451	HOLD	98,2349	125,5273
2023-03-06	12:00	22342,63	22372,32	22313,94	22370,18	LONG	0,00167	5981,87	0,00451	HOLD	98,2349	125,5733
2023-03-06	13:00	22369,79	22436	22364,8	22405,93	LONG	0,00167	5981,87	0,00451	HOLD	98,2349	125,633
2023-03-06	14:00	22406,59	22434	22385,12	22392,74	LONG	0,00167	5981,87	0,00451	HOLD	98,2349	125,611
2023-03-06	15:00	22392,74	22450	22356,08	22413,23	LONG	0,00167	5981,87	0,00451	HOLD	98,2349	125,6452
2023-03-06	16:00	22413,23	22421,3	22364,07	22403,68	LONG	0,00167	5981,87	0,00451	HOLD	98,2349	125,6293
2023-03-06	17:00	22403,09	22414	22371	22399,78	LONG	0,00167	5981,87	0,00451	HOLD	98,2349	125,6228
2023-03-06	18:00	22399,78	22402,63	22355	22379,57	LONG	0,00167	5981,87	0,00451	HOLD	98,2349	125,589
2023-03-06	19:00	22379,95	22413,54	22357,08	22397,42	LONG	0,00167	5981,87	0,00451	HOLD	98,2349	125,6188
2023-03-06	20:00	22397,72	22487,99	22387,01	22439,77	LONG	0,00167	5981,87	0,00451	HOLD	98,2349	125,6896
2023-03-06	21:00	22440,32	22483,92	22403,2	22450	LONG	0,00167	5981,87	0,00451	HOLD	98,2349	125,7066
2023-03-06	22:00	22449,46	22602,19	22432,07	22553,42	LONG	0,00167	5981,87	0,00451	HOLD	98,2349	125,8794
2023-03-06	23:00	22554,43	22586,98	22465,6	22524,46	LONG	0,00167	5981,87	0,00451	HOLD	98,2349	125,831
2023-03-07	00:00	22524,46	22536,07	22470,89	22481,63	LONG	0,00167	5981,87	0,00451	HOLD	98,2349	125,7595
2023-03-07	01:00	22481,63	22539,68	22465	22504,09	LONG	0,00167	5981,87	0,00451	HOLD	98,2349	125,797
2023-03-07	02:00	22504,08	22512,72	22358	22393,35	LONG	0,00167	5981,87	0,00451	HOLD	98,2349	125,612
2023-03-07	03:00	22393,35	22416,41	22331	22352,17	LONG	0,00167	5981,87	0,00451	HOLD	98,2349	125,5433
2023-03-07	04:00	22352,17	22439,99	22320,01	22408,53	LONG	0,00167	5981,87	0,00451	HOLD	98,2349	125,6374
2023-03-07	05:00	22408,53	22450	22407,08	22433,65	LONG	0,00167	5981,87	0,00451	HOLD	98,2349	125,6793
2023-03-07	06:00	22433,65	22446,09	22390,07	22410	LONG	0,00167	5981,87	0,00451	HOLD	98,2349	125,6398
2023-03-07	07:00	22409,41	22428	22377,69	22415,92	LONG	0,00167	5981,87	0,00451	HOLD	98,2349	125,6497
2023-03-07	08:00	22415,54	22508,88	22411,8	22484,8	LONG	0,00167	5981,87	0,00451	HOLD	98,2349	125,7648
2023-03-07	09:00	22484,8	22509,99	22452,48	22497,86	LONG	0,00167	5981,87	0,00451	HOLD	98,2349	125,7866
2023-03-07	10:00	22497,87	22557,91	22445,22	22460,54	LONG	0,00167	5981,87	0,00451	HOLD	98,2349	125,7242
2023-03-07	11:00	22460,99	22479,8	22453,98	22474,36	LONG	0,00167	5981,87	0,00451	HOLD	98,2349	125,7473
2023-03-07	12:00	22474,36	22479,85	22443,73	22460,67	LONG	0,00167	5981,87	0,00451	HOLD	98,2349	125,7245
2023-03-07	13:00	22460,09	22461,31	22408,09	22438,52	LONG	0,00167	5981,87	0,00451	HOLD	98,2349	125,6875
2023-03-07	14:00	22438,07	22453,9	22410,24	22419,71	LONG	0,00167	5981,87	0,00451	HOLD	98,2349	125,6561
2023-03-07	15:00	22420,29	22426,65	22395,05	22420,18	LONG	0,00167	5981,87	0,00451	HOLD	98,2349	125,6568
2023-03-07	16:00	22420,53	22426,17	22345,49	22381,17	LONG	0,00167	5981,87	0,00451	HOLD	98,2349	125,5917
2023-03-07	17:00	22381,17	22432,6	22367,3	22372,85	LONG	0,00167	5981,87	0,00451	HOLD	98,2349	125,5778
2023-03-07	18:00	22372,85	22398,11	22321	22351,02	LONG	0,00167	5981,87	0,00451	HOLD	98,2349	125,5413
2023-03-07	19:00	22351,02	22410,2	22335,36	22399,07	LONG	0,00167	5981,87	0,00451	HOLD	98,2349	125,6216
2023-03-07	20:00	22399,07	22410	22354,1	22363,89	LONG	0,00167	5981,87	0,00451	HOLD	98,2349	125,5628
2023-03-07	21:00	22363,53	22383,58	22200,32	22309,18	LONG	0,00167	5981,87	0,00451	HOLD	98,2349	125,4715
2023-03-07	22:00	22309,18	22489,88	21927	22320,9	LONG	0,00167	5981,87	0,00451	HOLD	98,2349	125,491
2023-03-07	23:00	22321,98	22394,08	22192,84	22238,77	LONG	0,00167	5981,87	0,00451	HOLD	98,2349	125,3539
2023-03-08	00:00	22238,77	22360	22224,96	22309,28	LONG	0,00167	5981,87	0,00451	HOLD	98,2349	125,4716
2023-03-08	01:00	22308,25	22331,49	22160,64	22199,96	LONG	0,00167	5981,87	0,00451	HOLD	98,2349	125,2891
2023-03-08	02:00	22198,49	22249,98	22054,92	22124,77	LONG	0,00167	5981,87	0,00451	HOLD	98,2349	125,1635
2023-03-08	03:00	22125,99	22145,29	21996	22054,51	LONG	0,00167	5981,87	0,00451	HOLD	98,2349	125,0462
2023-03-08	04:00	22055,64	22116,66	21943	22056,26	LONG	0,00167	5981,87	0,00451	HOLD	98,2349	125,0491
2023-03-08	05:00	22055,95	22122,22	21981,64	22105,65	LONG	0,00167	5981,87	0,00451	HOLD	98,2349	125,1316
2023-03-08	06:00	22105,65	22230,51	22075,51	22197,96	LONG	0,00167	5981,87	0,00451	HOLD	98,2349	125,2857
2023-03-08	07:00	22198,56	22287	22190,32	22245,86	LONG	0,00167	5981,87	0,00451	HOLD	98,2349	125,3657
2023-03-08	08:00	22245,86	22256,66	22136,84	22173,7	LONG	0,00167	5981,87	0,00451	HOLD	98,2349	125,2452
2023-03-08	09:00	22174,57	22211,3	22158,37	22177	LONG	0,00167	5981,87	0,00451	HOLD	98,2349	125,2507
2023-03-08	10:00	22177	22191,73	22084,3	22152,52	LONG	0,00167	5981,87	0,00451	HOLD	98,2349	125,2099
2023-03-08	11:00	22152,52	22167,73	22105,18	22141,79	LONG	0,00167	5981,87	0,00451	HOLD	98,2349	125,1919
2023-03-08	12:00	22141,79	22147,73	21840,13	21954,98	LONG	0,00167	5981,87	0,00451	HOLD	98,2349	124,88
2023-03-08	13:00	21954,31	22051,62	21930,2	22025,63	LONG	0,00167	5981,87	0,00451	HOLD	98,2349	124,9979
2023-03-08	14:00	22025,63	22039,15	21961,17	21971,03	LONG	0,00167	5981,87	0,00451	HOLD	98,2349	124,9068
2023-03-08	15:00	21971,83	22034,16	21944,55	21989,14	LONG	0,00167	5981,87	0,00451	HOLD	98,2349	124,937
2023-03-08	16:00	21989,14	22030	21974,5	22012,75	LONG	0,00167	5981,87	0,00451	HOLD	98,2349	124,9764
2023-03-08	17:00	22012,75	22144,2	22001	22111,25	LONG	0,00167	5981,87	0,00451	HOLD	98,2349	125,1409
2023-03-08	18:00	22111,25	22134,85	22055,25	22072,45	LONG	0,00167	5981,87	0,00451	HOLD	98,2349	125,0761
2023-03-08	19:00	22071,98	22107,82	21993,61	22014,17	LONG	0,00167	5981,87	0,00451	HOLD	98,2349	124,9788
2023-03-08	20:00	22014,17	22062	21940	21989,16	LONG	0,00167	5981,87	0,00451	HOLD	98,2349	124,937
2023-03-08	21:00	21989,16	22030,52	21922,22	21974,73	LONG	0,00167	5981,87	0,00451	HOLD	98,2349	124,9129
2023-03-08	22:00	21974,73	22229,04	21876,66	22140,8	LONG	0,00167	5981,87	0,00451	HOLD	98,2349	125,1903
2023-03-08	23:00	22139,97	22218,3	22058,3	22140,61	LONG	0,00167	5981,87	0,00451	HOLD	98,2349	125,19
2023-03-09	00:00	22140,61	22150	22022,52	22034,48	LONG	0,00167	5981,87	0,00451	HOLD	98,2349	125,0127
2023-03-09	01:00	22034,48	22063,03	21944,25	22022,75	LONG	0,00167	5981,87	0,00451	HOLD	98,2349	124,9931
2023-03-09	02:00	22021,97	22061,6	21987,26	21997,25	LONG	0,00167	5981,87	0,00451	HOLD	98,2349	124,9505
2023-03-09	03:00	21997,25	22133,75	21969,56	22101,26	LONG	0,00167	5981,87	0,00451	HOLD	98,2349	125,1242
2023-03-09	04:00	22099,95	22113,57	21907,09	22009,75	LONG	0,00167	5981,87	0,00451	HOLD	98,2349	124,9714
2023-03-09	05:00	22010,37	22016,16	21660	21802,16	LONG	0,00167	5981,87	0,00451	HOLD	98,2349	124,6247
2023-03-09	06:00	21800,47	21838,12	21580	21705,44	LONG	0,00167	5981,87	0,00451	HOLD	98,2349	124,4632
2023-03-09	07:00	21704,37	21765,15	21675,4	21719,42	LONG	0,00167	5981,87	0,00451	HOLD	98,2349	124,4866
2023-03-09	08:00	21720,15	21762,38	21629,43	21702,94	LONG	0,00167	5981,87	0,00451	HOLD	98,2349	124,4591
2023-03-09	09:00	21703,55	21793,65	21700,44	21769,65	LONG	0,00167	5981,87	0,00451	HOLD	98,2349	124,5705
2023-03-09	10:00	21769,14	21806,68	21744,46	21769,66	LONG	0,00167	5981,87	0,00451	HOLD	98,2349	124,5705
2023-03-09	11:00	21770,37	21774,69	21720,11	21740,43	LONG	0,00167	5981,87	0,00451	HOLD	98,2349	124,5217
2023-03-09	12:00	21740,39	21761,33	21728	21738,93	LONG	0,00167	5981,87	0,00451	HOLD	98,2349	124,5192
2023-03-09	13:00	21738,93	21746,04	21683,49	21741,8	LONG	0,00167	5981,87	0,00451	HOLD	98,2349	124,5239
2023-03-09	14:00	21741,25	21742,39	21665,67	21688,54	LONG	0,00167	5981,87	0,00451	HOLD	98,2349	124,435
2023-03-09	15:00	21688,54	21698,38	21602	21681,52	LONG	0,00167	5981,87	0,00451	HOLD	98,2349	124,4233
2023-03-09	16:00	21682,31	21700	21585	21641,58	LONG	0,00167	5981,87	0,00451	HOLD	98,2349	124,3566
2023-03-09	17:00	21641,07	21683,68	21527	21648,43	LONG	0,00167	5981,87	0,00451	HOLD	98,2349	124,368
2023-03-09	18:00	21646,98	21674,11	21620	21669,38	LONG	0,00167	5981,87	0,00451	HOLD	98,2349	124,403
2023-03-09	19:00	21669,38	21674,98	21600,96	21611,34	LONG	0,00167	5981,87	0,00451	HOLD	98,2349	124,3061
2023-03-09	20:00	21611,89	21730,77	21552,84	21703,76	LONG	0,00167	5981,87	0,00451	HOLD	98,2349	124,4604
2023-03-09	21:00	21703,76	21834,99	21686,72	21722,89	LONG	0,00167	5981,87	0,00451	HOLD	98,2349	124,4924
2023-03-09	22:00	21722,1	21807,66	21633,95	21648,57	LONG	0,00167	5981,87	0,00451	HOLD	98,2349	124,3683
2023-03-09	23:00	21647,42	21675,22	21416,79	21478,85	LONG	0,00167	5981,87	0,00451	HOLD	98,2349	124,0848
2023-03-10	00:00	21479,31	21524,96	21400	21469,46	LONG	0,00167	5981,87	0,00451	HOLD	98,2349	124,0691
2023-03-10	01:00	21470,47	21491,86	20967	21012,89	LONG	0,00167	5981,87	0,00451	HOLD	98,2349	123,3067
2023-03-10	02:00	21013,32	21020,64	20766,2	20854,93	LONG	0,00167	5981,87	0,00451	HOLD	98,2349	123,0429
2023-03-10	03:00	20856,3	20867,3	20042,72	20116,66	LONG	0,00167	5981,87	0,00451	HOLD	98,2349	121,81
2023-03-10	04:00	20119,83	20416,04	20112,18	20213,61	LONG	0,00167	5981,87	0,00451	HOLD	98,2349	121,9719
2023-03-10	05:00	20213,61	20494,96	20213,01	20343,58	LONG	0,00167	5981,87	0,00451	HOLD	98,2349	122,1889
2023-03-10	06:00	20343,58	20379,58	20274,62	20362,22	LONG	0,00167	5981,87	0,00451	HOLD	98,2349	122,22
2023-03-10	07:00	20362,21	20367,78	20022	20120,27	LONG	0,00167	5981,87	0,00451	HOLD	98,2349	121,816
2023-03-10	08:00	20121,38	20159,5	19776,22	20111,01	LONG	0,00167	5981,87	0,00451	HOLD	98,2349	121,8005
2023-03-10	09:00	20111,87	20141,72	20024,95	20040,44	LONG	0,00167	5981,87	0,00451	HOLD	98,2349	121,6827
2023-03-10	10:00	20040,44	20134,5	19977,48	20052,07	LONG	0,00167	5981,87	0,00451	HOLD	98,2349	121,7021
2023-03-10	11:00	20052,07	20065	19833,01	19876,69	LONG	0,00167	5981,87	0,00451	HOLD	98,2349	121,4092
2023-03-10	12:00	19876,15	20046	19854,09	19990,1	LONG	0,00167	5981,87	0,00451	HOLD	98,2349	121,5986
2023-03-10	13:00	19990,1	20024,76	19839,62	19873,46	LONG	0,00167	5981,87	0,00451	HOLD	98,2349	121,4038
2023-03-10	14:00	19873,46	20039,19	19776,55	19953,58	LONG	0,00167	5981,87	0,00451	HOLD	98,2349	121,5376
2023-03-10	15:00	19953,58	19977	19875,83	19959,12	LONG	0,00167	5981,87	0,00451	HOLD	98,2349	121,5469
2023-03-10	16:00	19958,54	19969,14	19831,4	19853,12	LONG	0,00167	5981,87	0,00451	HOLD	98,2349	121,3699
2023-03-10	17:00	19853,12	19924,04	19549,09	19621,66	LONG	0,00167	5981,87	0,00451	HOLD	98,2349	120,9833
2023-03-10	18:00	19622,77	19802,24	19569,47	19760,78	LONG	0,00167	5981,87	0,00451	HOLD	98,2349	121,2156
2023-03-10	19:00	19761,12	19998,99	19730,16	19934,75	LONG	0,00167	5981,87	0,00451	HOLD	98,2349	121,5062
2023-03-10	20:00	19933,31	20321,19	19884,75	20184,92	LONG	0,00167	5981,87	0,00451	HOLD	98,2349	121,924
2023-03-10	21:00	20184,9	20191,4	19657,11	19819,8	LONG	0,00167	5981,87	0,00451	HOLD	98,2349	121,3142
2023-03-10	22:00	19819,8	20037,75	19766	20004,96	LONG	0,00167	5981,87	0,00451	HOLD	98,2349	121,6234
2023-03-10	23:00	20004,96	20307,73	19928,83	20016,36	LONG	0,00167	5981,87	0,00451	HOLD	98,2349	121,6425
2023-03-11	00:00	20015,11	20082,66	19830,74	19930,48	LONG	0,00167	5981,87	0,00451	HOLD	98,2349	121,499
2023-03-11	01:00	19928,57	20005,21	19824,06	19848,52	LONG	0,00167	5981,87	0,00451	HOLD	98,2349	121,3622
2023-03-11	02:00	19848,5	20071,4	19843,4	20024,32	LONG	0,00167	5981,87	0,00451	HOLD	98,2349	121,6558
2023-03-11	03:00	20022,72	20066,72	19938,07	19969,31	LONG	0,00167	5981,87	0,00451	HOLD	98,2349	121,5639
2023-03-11	04:00	19969,31	20129,1	19850	20076,64	LONG	0,00167	5981,87	0,00451	HOLD	98,2349	121,7431
2023-03-11	05:00	20076,64	20167,79	20021,64	20097,23	LONG	0,00167	5981,87	0,00451	HOLD	98,2349	121,7775
2023-03-11	06:00	20097,23	20240,4	20084,21	20150,69	LONG	0,00167	5981,87	0,00451	HOLD	98,2349	121,8668
2023-03-11	07:00	20150,69	20301,79	20135,05	20216,03	LONG	0,00167	5981,87	0,00451	HOLD	98,2349	121,9759
