2019-10-06	21:00	7902,32	7925,99	7861,01	7910,02	LONG	0,00167	5982,76	0,00334	HOLD	99,6434	102,8318
2019-10-06	22:00	7910,95	8050	7902,3	8009,85	LONG	0,00167	5982,76	0,00334	HOLD	99,6434	102,9985
2019-10-06	23:00	8008,52	8026,77	7953,55	7984,26	LONG	0,00167	5982,76	0,00334	HOLD	99,6434	102,9558
2019-10-07	00:00	7983,3	8015,36	7968	7974,53	LONG	0,00167	5982,76	0,00334	HOLD	99,6434	102,9396
2019-10-07	01:00	7971,75	7991	7785	7835,41	LONG	0,00167	5982,76	0,00334	HOLD	99,6434	102,7072
2019-10-07	02:00	7835,04	7903,99	7812,07	7892,11	LONG	0,00167	5982,76	0,00334	HOLD	99,6434	102,8019
2019-10-07	03:00	7889,06	7924,78	7864,01	7899,35	LONG	0,00167	5982,76	0,00334	HOLD	99,6434	102,814
2019-10-07	04:00	7899,2	7925	7865,75	7915,39	LONG	0,00167	5982,76	0,00334	HOLD	99,6434	102,8408
2019-10-07	05:00	7915,23	7915,23	7840	7845,72	LONG	0,00167	5982,76	0,00334	HOLD	99,6434	102,7244
2019-10-07	06:00	7845,67	7876,68	7800,52	7854,25	LONG	0,00167	5982,76	0,00334	HOLD	99,6434	102,7387
2019-10-07	07:00	7855,3	7867,43	7762	7817,71	LONG	0,00167	5982,76	0,00334	HOLD	99,6434	102,6777
2019-10-07	08:00	7816,3	7832,06	7773	7813,45	LONG	0,00167	5982,76	0,00334	HOLD	99,6434	102,6705
2019-10-07	09:00	7814,51	7846,7	7791,45	7819,67	LONG	0,00167	5982,76	0,00334	HOLD	99,6434	102,6809
2019-10-07	10:00	7819,71	7907,86	7817,02	7864,91	LONG	0,00167	5982,76	0,00334	HOLD	99,6434	102,7565
2019-10-07	11:00	7864,96	7888,09	7826,02	7837	LONG	0,00167	5982,76	0,00334	HOLD	99,6434	102,7099
2019-10-07	12:00	7838,02	7846,18	7805	7836,7	LONG	0,00167	5982,76	0,00334	HOLD	99,6434	102,7094
2019-10-07	13:00	7836,03	7849,36	7801,41	7824,73	LONG	0,00167	5982,76	0,00334	HOLD	99,6434	102,6894
2019-10-07	14:00	7824,49	7880	7823,17	7866,88	LONG	0,00167	5982,76	0,00334	HOLD	99,6434	102,7598
2019-10-07	15:00	7867,2	7938,48	7866,52	7887,15	LONG	0,00167	5982,76	0,00334	HOLD	99,6434	102,7936
2019-10-07	16:00	7887,47	7946,07	7870	7923,76	LONG	0,00167	5982,76	0,00334	HOLD	99,6434	102,8548
2019-10-07	17:00	7924,18	8060	7924,04	7996	LONG	0,00167	5982,76	0,00334	HOLD	99,6434	102,9754
2019-10-07	18:00	7996	8040,53	7978,07	7984,8	LONG	0,00167	5982,76	0,00334	HOLD	99,6434	102,9567
2019-10-07	19:00	7984,78	8150	7983,59	8110	LONG	0,00167	5982,76	0,00334	HOLD	99,6434	103,1658
2019-10-07	20:00	8110	8199	8110	8144,28	LONG	0,00167	5982,76	0,00334	HOLD	99,6434	103,223
2019-10-07	21:00	8144,28	8168,71	8112,03	8150,76	LONG	0,00167	5982,76	0,00334	HOLD	99,6434	103,2339
2019-10-07	22:00	8150,29	8224,44	8138,78	8176,93	LONG	0,00167	5982,76	0,00334	HOLD	99,6434	103,2776
2019-10-07	23:00	8177,23	8243	8133,51	8232,21	LONG	0,00167	5982,76	0,00334	HOLD	99,6434	103,3699
2019-10-08	00:00	8232,21	8281,32	8206,29	8263,93	LONG	0,00167	5982,76	0,00334	HOLD	99,6434	103,4228
2019-10-08	01:00	8263,39	8299,92	8210	8232,03	LONG	0,00167	5982,76	0,00334	HOLD	99,6434	103,3696
2019-10-08	02:00	8231,81	8245,98	8210	8211	LONG	0,00167	5982,76	0,00334	HOLD	99,6434	103,3345
2019-10-08	03:00	8211	8241,99	8175,37	8197,82	LONG	0,00167	5982,76	0,00334	HOLD	99,6434	103,3124
2019-10-08	04:00	8197,74	8216	8177,72	8191,87	LONG	0,00167	5982,76	0,00334	HOLD	99,6434	103,3025
2019-10-08	05:00	8191,65	8244,3	8190,94	8230,45	LONG	0,00167	5982,76	0,00334	HOLD	99,6434	103,3669
2019-10-08	06:00	8232,85	8255,44	8181	8190,09	LONG	0,00167	5982,76	0,00334	HOLD	99,6434	103,2995
2019-10-08	07:00	8190,82	8230	8186,45	8228,02	LONG	0,00167	5982,76	0,00334	HOLD	99,6434	103,3629
2019-10-08	08:00	8228,01	8286,97	8215,42	8282,93	LONG	0,00167	5982,76	0,00334	HOLD	99,6434	103,4546
2019-10-08	09:00	8283,75	8325	8261,07	8264,68	LONG	0,00167	5982,76	0,00334	HOLD	99,6434	103,4241
2019-10-08	10:00	8266,71	8281,23	8235,13	8258,79	LONG	0,00167	5982,76	0,00334	HOLD	99,6434	103,4143
2019-10-08	11:00	8258,75	8290,18	8220,6	8223,65	LONG	0,00167	5982,76	0,00334	HOLD	99,6434	103,3556
2019-10-08	12:00	8223,65	8255,78	8202,42	8246,6	LONG	0,00167	5982,76	0,00334	HOLD	99,6434	103,3939
2019-10-08	13:00	8244,81	8259,99	8223	8240,94	LONG	0,00167	5982,76	0,00334	HOLD	99,6434	103,3845
2019-10-08	14:00	8240,58	8240,94	8194	8202,82	LONG	0,00167	5982,76	0,00334	HOLD	99,6434	103,3208
2019-10-08	15:00	8202,38	8206,58	8126,81	8166,41	LONG	0,00167	5982,76	0,00334	HOLD	99,6434	103,26
2019-10-08	16:00	8167,66	8177,8	8135	8169,51	LONG	0,00167	5982,76	0,00334	HOLD	99,6434	103,2652
2019-10-08	17:00	8170,73	8219,98	8151,86	8164,45	LONG	0,00167	5982,76	0,00334	HOLD	99,6434	103,2567
2019-10-08	18:00	8164,45	8197,29	8153,45	8179	LONG	0,00167	5982,76	0,00334	HOLD	99,6434	103,281
2019-10-08	19:00	8179,01	8228,3	8130	8227,53	LONG	0,00167	5982,76	0,00334	HOLD	99,6434	103,3621
2019-10-08	20:00	8225,56	8246	8191,55	8200	LONG	0,00167	5982,76	0,00334	HOLD	99,6434	103,3161
2019-10-08	21:00	8199,99	8199,99	8151	8188,84	LONG	0,00167	5982,76	0,00334	HOLD	99,6434	103,2974
2019-10-08	22:00	8187,85	8221,09	8176,17	8185,81	LONG	0,00167	5982,76	0,00334	HOLD	99,6434	103,2924
2019-10-08	23:00	8185,37	8210	8157,07	8167,01	LONG	0,00167	5982,76	0,00334	HOLD	99,6434	103,261
2019-10-09	00:00	8167,77	8184,54	8157,98	8174,24	LONG	0,00167	5982,76	0,00334	HOLD	99,6434	103,2731
2019-10-09	01:00	8174,25	8198,3	8158,8	8184,53	LONG	0,00167	5982,76	0,00334	HOLD	99,6434	103,2903
2019-10-09	02:00	8184,56	8205,76	8160	8163,38	LONG	0,00167	5982,76	0,00334	HOLD	99,6434	103,2549
2019-10-09	03:00	8166,59	8187,03	8088,75	8126,83	LONG	0,00167	5982,76	0,00334	HOLD	99,6434	103,1939
2019-10-09	04:00	8126,39	8164	8122,66	8163,03	LONG	0,00167	5982,76	0,00334	HOLD	99,6434	103,2543
2019-10-09	05:00	8162,84	8210	8151,77	8191,17	LONG	0,00167	5982,76	0,00334	HOLD	99,6434	103,3013
2019-10-09	06:00	8192,02	8206,12	8159,43	8168,39	LONG	0,00167	5982,76	0,00334	HOLD	99,6434	103,2633
2019-10-09	07:00	8170,79	8203,7	8137,26	8182,17	LONG	0,00167	5982,76	0,00334	HOLD	99,6434	103,2863
2019-10-09	08:00	8180,83	8189,92	8160	8163,35	LONG	0,00167	5982,76	0,00334	HOLD	99,6434	103,2549
2019-10-09	09:00	8163,37	8166,99	8123,76	8158,54	LONG	0,00167	5982,76	0,00334	HOLD	99,6434	103,2468
2019-10-09	10:00	8159,85	8171,96	8116,82	8119,76	LONG	0,00167	5982,76	0,00334	HOLD	99,6434	103,1821
2019-10-09	11:00	8119,7	8147,12	8115	8129,85	LONG	0,00167	5982,76	0,00334	HOLD	99,6434	103,1989
2019-10-09	12:00	8129,99	8165	8122	8148,95	LONG	0,00167	5982,76	0,00334	HOLD	99,6434	103,2308
2019-10-09	13:00	8148,36	8166,25	8134,54	8150,44	LONG	0,00167	5982,76	0,00334	HOLD	99,6434	103,2333
2019-10-09	14:00	8150,45	8195,98	8146,81	8179,6	LONG	0,00167	5982,76	0,00334	HOLD	99,6434	103,282
2019-10-09	15:00	8178,66	8198,49	8156,95	8194,52	LONG	0,00167	5982,76	0,00334	HOLD	99,6434	103,3069
2019-10-09	16:00	8194,52	8223	8176,04	8196,3	LONG	0,00167	5982,76	0,00334	HOLD	99,6434	103,3099
2019-10-09	17:00	8196,23	8239	8186,58	8207,16	LONG	0,00167	5982,76	0,00334	HOLD	99,6434	103,328
2019-10-09	18:00	8207,16	8208,57	8157,77	8185,9	LONG	0,00167	5982,76	0,00334	HOLD	99,6434	103,2925
2019-10-09	19:00	8185,88	8190	8160	8169,09	LONG	0,00167	5982,76	0,00334	HOLD	99,6434	103,2645
2019-10-09	20:00	8167,73	8243,53	8165,56	8241,15	LONG	0,00167	5982,76	0,00334	HOLD	99,6434	103,3848
2019-10-09	21:00	8243,56	8450	8238,13	8438,46	LONG	0,00167	5982,76	0,00334	HOLD	99,6434	103,7143
2019-10-09	22:00	8438,49	8663,92	8432,76	8550	LONG	0,00167	5982,76	0,00334	HOLD	99,6434	103,9006
2019-10-09	23:00	8552,46	8639,69	8483,42	8566,82	LONG	0,00167	5982,76	0,00334	HOLD	99,6434	103,9287
2019-10-10	00:00	8567,77	8635	8557,08	8617,02	LONG	0,00167	5982,76	0,00334	HOLD	99,6434	104,0125
2019-10-10	01:00	8615,83	8670	8575	8590,63	LONG	0,00167	5982,76	0,00334	HOLD	99,6434	103,9684
2019-10-10	02:00	8590,63	8596	8550,84	8581,98	LONG	0,00167	5982,76	0,00334	HOLD	99,6434	103,954
2019-10-10	03:00	8579,75	8615	8560	8564,07	LONG	0,00167	5982,76	0,00334	HOLD	99,6434	103,9241
2019-10-10	04:00	8565,11	8593,94	8524	8542,12	LONG	0,00167	5982,76	0,00334	HOLD	99,6434	103,8874
2019-10-10	05:00	8542,46	8618,19	8539,57	8556	LONG	0,00167	5982,76	0,00334	HOLD	99,6434	103,9106
2019-10-10	06:00	8556,23	8598	8555,18	8560,74	LONG	0,00167	5982,76	0,00334	HOLD	99,6434	103,9185
2019-10-10	07:00	8562,15	8592	8547,77	8554,97	LONG	0,00167	5982,76	0,00334	HOLD	99,6434	103,9089
2019-10-10	08:00	8554,95	8562,39	8524,02	8530,29	LONG	0,00167	5982,76	0,00334	HOLD	99,6434	103,8677
2019-10-10	09:00	8530,29	8545,45	8484,3	8543,58	LONG	0,00167	5982,76	0,00334	HOLD	99,6434	103,8899
2019-10-10	10:00	8543,58	8580,26	8525,01	8543,51	LONG	0,00167	5982,76	0,00334	HOLD	99,6434	103,8897
2019-10-10	11:00	8544,42	8585	8544,42	8574,98	LONG	0,00167	5982,76	0,00334	HOLD	99,6434	103,9423
2019-10-10	12:00	8574,98	8574,98	8540	8551,73	LONG	0,00167	5982,76	0,00334	HOLD	99,6434	103,9035
2019-10-10	13:00	8551,66	8602,56	8531	8588,13	LONG	0,00167	5982,76	0,00334	HOLD	99,6434	103,9643
2019-10-10	14:00	8587,21	8644	8570	8613,73	LONG	0,00167	5982,76	0,00334	HOLD	99,6434	104,007
2019-10-10	15:00	8614,73	8622,63	8542,05	8556,85	LONG	0,00167	5982,76	0,00334	HOLD	99,6434	103,912
2019-10-10	16:00	8557	8562,1	8490,51	8513,48	LONG	0,00167	5982,76	0,00334	HOLD	99,6434	103,8396
2019-10-10	17:00	8513,48	8529,99	8462	8512,06	LONG	0,00167	5982,76	0,00334	HOLD	99,6434	103,8372
2019-10-10	18:00	8512,14	8533,46	8494,26	8524,3	LONG	0,00167	5982,76	0,00334	HOLD	99,6434	103,8577
2019-10-10	19:00	8526,02	8526,02	8414,52	8461,22	LONG	0,00167	5982,76	0,00334	HOLD	99,6434	103,7523
2019-10-10	20:00	8461,22	8496	8435,98	8480	LONG	0,00167	5982,76	0,00334	HOLD	99,6434	103,7837
2019-10-10	21:00	8482,39	8510	8456,68	8489,98	LONG	0,00167	5982,76	0,00334	HOLD	99,6434	103,8004
2019-10-10	22:00	8489,74	8555,4	8472,8	8540,69	LONG	0,00167	5982,76	0,00334	HOLD	99,6434	103,885
2019-10-10	23:00	8540,73	8573,93	8509,06	8526,18	LONG	0,00167	5982,76	0,00334	HOLD	99,6434	103,8608
2019-10-11	00:00	8525,9	8542,15	8488,14	8489,87	LONG	0,00167	5982,76	0,00334	HOLD	99,6434	103,8002
2019-10-11	01:00	8489,87	8531,08	8482,2	8519,47	LONG	0,00167	5982,76	0,00334	HOLD	99,6434	103,8496
2019-10-11	02:00	8519,98	8556	8518,24	8554,13	LONG	0,00167	5982,76	0,00334	HOLD	99,6434	103,9075
2019-10-11	03:00	8554,96	8579,96	8530,26	8552,3	LONG	0,00167	5982,76	0,00334	HOLD	99,6434	103,9044
2019-10-11	04:00	8551,87	8589,81	8520	8546,76	LONG	0,00167	5982,76	0,00334	HOLD	99,6434	103,8952
2019-10-11	05:00	8546	8570,01	8528,11	8561	LONG	0,00167	5982,76	0,00334	HOLD	99,6434	103,919
2019-10-11	06:00	8561,16	8568	8530	8558,03	LONG	0,00167	5982,76	0,00334	HOLD	99,6434	103,914
2019-10-11	07:00	8557,82	8572,91	8491,38	8502,41	LONG	0,00167	5982,76	0,00334	HOLD	99,6434	103,8211
2019-10-11	08:00	8502,41	8528,81	8475	8525,32	LONG	0,00167	5982,76	0,00334	HOLD	99,6434	103,8594
2019-10-11	09:00	8525,35	8527,98	8483,93	8508,85	LONG	0,00167	5982,76	0,00334	HOLD	99,6434	103,8319
2019-10-11	10:00	8509,16	8557	8499,41	8553,35	LONG	0,00167	5982,76	0,00334	HOLD	99,6434	103,9062
2019-10-11	11:00	8552,47	8711,11	8530,82	8698	LONG	0,00167	5982,76	0,00334	HOLD	99,6434	104,1477
2019-10-11	12:00	8697,67	8779,51	8359	8444,01	LONG	0,00167	5982,76	0,00334	HOLD	99,6434	103,7236
2019-10-11	13:00	8441,9	8445,52	8371,45	8428,8	LONG	0,00167	5982,76	0,00334	HOLD	99,6434	103,6982
2019-10-11	14:00	8428,11	8435	8379	8387,69	LONG	0,00167	5982,76	0,00334	HOLD	99,6434	103,6295
2019-10-11	15:00	8387,69	8389,37	8261,54	8355,79	LONG	0,00167	5982,76	0,00334	HOLD	99,6434	103,5763
2019-10-11	16:00	8354,48	8379,65	8336,29	8348,78	LONG	0,00167	5982,76	0,00334	HOLD	99,6434	103,5645
2019-10-11	17:00	8349,38	8379,35	8334,02	8367,51	LONG	0,00167	5982,76	0,00334	HOLD	99,6434	103,5958
2019-10-11	18:00	8367,46	8368,28	8279,96	8297,5	LONG	0,00167	5982,76	0,00334	HOLD	99,6434	103,4789
2019-10-11	19:00	8299,43	8356,51	8270,16	8337,63	LONG	0,00167	5982,76	0,00334	HOLD	99,6434	103,5459
2019-10-11	20:00	8337,62	8360	8321,16	8340,83	LONG	0,00167	5982,76	0,00334	HOLD	99,6434	103,5513
2019-10-11	21:00	8340,14	8341,55	8280,1	8318	LONG	0,00167	5982,76	0,00334	HOLD	99,6434	103,5131
2019-10-11	22:00	8316,72	8349,99	8288,14	8343,47	LONG	0,00167	5982,76	0,00334	HOLD	99,6434	103,5557
2019-10-11	23:00	8343	8350	8277,77	8343,46	LONG	0,00167	5982,76	0,00334	HOLD	99,6434	103,5557
2019-10-12	00:00	8342,82	8374	8326,91	8337,16	LONG	0,00167	5982,76	0,00334	HOLD	99,6434	103,5451
2019-10-12	01:00	8337,79	8357,56	8302	8314,84	LONG	0,00167	5982,76	0,00334	HOLD	99,6434	103,5079
2019-10-12	02:00	8312,94	8345	8307,48	8344,01	LONG	0,00167	5982,76	0,00334	HOLD	99,6434	103,5566
2019-10-12	03:00	8342,96	8357,79	8319,63	8324,32	LONG	0,00167	5982,76	0,00334	HOLD	99,6434	103,5237
2019-10-12	04:00	8323,05	8329,11	8300,01	8312,64	LONG	0,00167	5982,76	0,00334	HOLD	99,6434	103,5042
2019-10-12	05:00	8311,31	8344,99	8311,23	8314,5	LONG	0,00167	5982,76	0,00334	HOLD	99,6434	103,5073
2019-10-12	06:00	8314,5	8321,69	8212,38	8258,5	LONG	0,00167	5982,76	0,00334	HOLD	99,6434	103,4138
2019-10-12	07:00	8257,95	8307,99	8250	8272,38	LONG	0,00167	5982,76	0,00334	HOLD	99,6434	103,437
2019-10-12	08:00	8272,34	8331,26	8265	8308,74	LONG	0,00167	5982,76	0,00334	HOLD	99,6434	103,4977
2019-10-12	09:00	8309,59	8331	8292,46	8302,48	LONG	0,00167	5982,76	0,00334	HOLD	99,6434	103,4872
2019-10-12	10:00	8303,09	8324,63	8292,02	8308,3	LONG	0,00167	5982,76	0,00334	HOLD	99,6434	103,4969
2019-10-12	11:00	8308,32	8331,46	8305,07	8314,09	LONG	0,00167	5982,76	0,00334	HOLD	99,6434	103,5066
2019-10-12	12:00	8314,09	8354,82	8310,6	8330,82	LONG	0,00167	5982,76	0,00334	HOLD	99,6434	103,5346
2019-10-12	13:00	8330,11	8358,99	8330,01	8340,93	LONG	0,00167	5982,76	0,00334	HOLD	99,6434	103,5514
2019-10-12	14:00	8340,08	8348	8324,46	8338,62	LONG	0,00167	5982,76	0,00334	HOLD	99,6434	103,5476
2019-10-12	15:00	8338,66	8348	8320	8341	LONG	0,00167	5982,76	0,00334	HOLD	99,6434	103,5516
2019-10-12	16:00	8341	8369,98	8335,58	8336,68	LONG	0,00167	5982,76	0,00334	HOLD	99,6434	103,5443
2019-10-12	17:00	8336,68	8337,03	8291	8311,44	LONG	0,00167	5982,76	0,00334	HOLD	99,6434	103,5022
2019-10-12	18:00	8310,45	8343,5	8295,03	8321,41	LONG	0,00167	5982,76	0,00334	HOLD	99,6434	103,5188
2019-10-12	19:00	8321,06	8336,99	8305,39	8331,91	LONG	0,00167	5982,76	0,00334	HOLD	99,6434	103,5364
2019-10-12	20:00	8333,95	8340	8313,67	8332,71	LONG	0,00167	5982,76	0,00334	HOLD	99,6434	103,5377
2019-10-12	21:00	8332,41	8400	8310	8385,18	LONG	0,00167	5982,76	0,00334	HOLD	99,6434	103,6253
2019-10-12	22:00	8388,17	8397,55	8347,52	8372,42	LONG	0,00167	5982,76	0,00334	HOLD	99,6434	103,604
2019-10-12	23:00	8372,44	8398,22	8317	8333,72	LONG	0,00167	5982,76	0,00334	HOLD	99,6434	103,5394
2019-10-13	00:00	8334,29	8345,71	8316,32	8322,67	LONG	0,00167	5982,76	0,00334	HOLD	99,6434	103,5209
2019-10-13	01:00	8324,47	8329,69	8285	8306,28	LONG	0,00167	5982,76	0,00334	HOLD	99,6434	103,4936
2019-10-13	02:00	8303,33	8326,95	8293,78	8309,86	LONG	0,00167	5982,76	0,00334	HOLD	99,6434	103,4996
2019-10-13	03:00	8311,65	8340,62	8308,08	8335,95	LONG	0,00167	5982,76	0,00334	HOLD	99,6434	103,5431
2019-10-13	04:00	8335,95	8345,34	8315,42	8332	LONG	0,00167	5982,76	0,00334	HOLD	99,6434	103,5365
2019-10-13	05:00	8331,22	8344,35	8316,83	8321,07	LONG	0,00167	5982,76	0,00334	HOLD	99,6434	103,5183
2019-10-13	06:00	8321,06	8329,66	8292,7	8300,09	LONG	0,00167	5982,76	0,00334	HOLD	99,6434	103,4832
2019-10-13	07:00	8301,98	8333,29	8276,33	8320,52	LONG	0,00167	5982,76	0,00334	HOLD	99,6434	103,5174
2019-10-13	08:00	8320,28	8366	8316,83	8341,47	LONG	0,00167	5982,76	0,00334	HOLD	99,6434	103,5523
2019-10-13	09:00	8341,47	8352,48	8325,84	8339,38	LONG	0,00167	5982,76	0,00334	HOLD	99,6434	103,5488
2019-10-13	10:00	8338,99	8345,76	8326,27	8340,07	LONG	0,00167	5982,76	0,00334	HOLD	99,6434	103,55
2019-10-13	11:00	8341,26	8356,72	8326,18	8333,77	LONG	0,00167	5982,76	0,00334	HOLD	99,6434	103,5395
2019-10-13	12:00	8332,42	8335,05	8313,31	8324,95	LONG	0,00167	5982,76	0,00334	HOLD	99,6434	103,5248
2019-10-13	13:00	8325,1	8325,1	8306,46	8312,17	LONG	0,00167	5982,76	0,00334	HOLD	99,6434	103,5034
2019-10-13	14:00	8312,15	8345,84	8309,09	8321,08	LONG	0,00167	5982,76	0,00334	HOLD	99,6434	103,5183
2019-10-13	15:00	8319,7	8346,82	8316,15	8342,31	LONG	0,00167	5982,76	0,00334	HOLD	99,6434	103,5537
2019-10-13	16:00	8343	8350,89	8321,01	8338,33	LONG	0,00167	5982,76	0,00334	HOLD	99,6434	103,5471
2019-10-13	17:00	8338,29	8350,32	8326,5	8333,45	LONG	0,00167	5982,76	0,00334	HOLD	99,6434	103,5389
2019-10-13	18:00	8334,28	8383	8329,74	8347,32	LONG	0,00167	5982,76	0,00334	HOLD	99,6434	103,5621
2019-10-13	19:00	8348,31	8433,6	8344,39	8393,07	LONG	0,00167	5982,76	0,00334	HOLD	99,6434	103,6385
2019-10-13	20:00	8396,19	8439,32	8380,14	8411,02	LONG	0,00167	5982,76	0,00334	HOLD	99,6434	103,6685
2019-10-13	21:00	8411,02	8419,16	8363,25	8400,96	LONG	0,00167	5982,76	0,00334	HOLD	99,6434	103,6517
2019-10-13	22:00	8400,96	8418,18	8384,17	8403,8	LONG	0,00167	5982,76	0,00334	HOLD	99,6434	103,6564
2019-10-13	23:00	8401,88	8451,37	8401,67	8422,15	LONG	0,00167	5982,76	0,00334	HOLD	99,6434	103,6871
2019-10-14	00:00	8422,95	8445,28	8412,06	8424,54	LONG	0,00167	5982,76	0,00334	HOLD	99,6434	103,6911
2019-10-14	01:00	8424,02	8437,04	8415,91	8424,34	LONG	0,00167	5982,76	0,00334	HOLD	99,6434	103,6907
2019-10-14	02:00	8423,55	8437,31	8420,37	8434,02	LONG	0,00167	5982,76	0,00334	HOLD	99,6434	103,7069
2019-10-14	03:00	8434,02	8436,19	8160	8256,82	LONG	0,00167	5982,76	0,00334	HOLD	99,6434	103,411
2019-10-14	04:00	8256,89	8258,32	8221,68	8248,31	LONG	0,00167	5982,76	0,00334	HOLD	99,6434	103,3968
2019-10-14	05:00	8248,6	8295	8243,65	8282,4	LONG	0,00167	5982,76	0,00334	HOLD	99,6434	103,4537
2019-10-14	06:00	8282,48	8312,54	8270	8275,01	LONG	0,00167	5982,76	0,00334	HOLD	99,6434	103,4414
2019-10-14	07:00	8275,24	8277	8241,9	8273,06	LONG	0,00167	5982,76	0,00334	HOLD	99,6434	103,4381
2019-10-14	08:00	8274,15	8295	8268	8286,91	LONG	0,00167	5982,76	0,00334	HOLD	99,6434	103,4612
2019-10-14	09:00	8287,69	8309	8280,01	8286,66	LONG	0,00167	5982,76	0,00334	HOLD	99,6434	103,4608
2019-10-14	10:00	8286,66	8308,29	8282,66	8289,03	LONG	0,00167	5982,76	0,00334	HOLD	99,6434	103,4648
2019-10-14	11:00	8289,01	8291,27	8280	8280	LONG	0,00167	5982,76	0,00334	HOLD	99,6434	103,4497
2019-10-14	12:00	8280	8326,83	8271	8311,32	LONG	0,00167	5982,76	0,00334	HOLD	99,6434	103,502
2019-10-14	13:00	8311,31	8333,42	8297,19	8319,35	LONG	0,00167	5982,76	0,00334	HOLD	99,6434	103,5154
2019-10-14	14:00	8319,35	8320	8280,44	8305,76	LONG	0,00167	5982,76	0,00334	HOLD	99,6434	103,4927
2019-10-14	15:00	8305,76	8320,07	8294,08	8308,18	LONG	0,00167	5982,76	0,00334	HOLD	99,6434	103,4967
2019-10-14	16:00	8308,56	8325,62	8287,01	8299,99	LONG	0,00167	5982,76	0,00334	HOLD	99,6434	103,4831
2019-10-14	17:00	8299,98	8316,01	8289,79	8307,06	LONG	0,00167	5982,76	0,00334	HOLD	99,6434	103,4949
2019-10-14	18:00	8307,03	8307,4	8277	8280,32	LONG	0,00167	5982,76	0,00334	HOLD	99,6434	103,4502
2019-10-14	19:00	8280,08	8284,02	8242,22	8256	LONG	0,00167	5982,76	0,00334	HOLD	99,6434	103,4096
2019-10-14	20:00	8256,03	8290	8250	8286,73	LONG	0,00167	5982,76	0,00334	HOLD	99,6434	103,4609
2019-10-14	21:00	8286,73	8291,47	8260,16	8262,09	LONG	0,00167	5982,76	0,00334	HOLD	99,6434	103,4198
2019-10-14	22:00	8263,72	8276,33	8247,02	8251,94	LONG	0,00167	5982,76	0,00334	HOLD	99,6434	103,4028
2019-10-14	23:00	8254,05	8388,85	8203	8332,83	LONG	0,00167	5982,76	0,00334	HOLD	99,6434	103,5379
2019-10-15	00:00	8331,11	8355	8320,01	8326,97	LONG	0,00167	5982,76	0,00334	HOLD	99,6434	103,5281
2019-10-15	01:00	8325,68	8356,18	8325	8354,42	LONG	0,00167	5982,76	0,00334	HOLD	99,6434	103,574
2019-10-15	02:00	8354,84	8377	8319,97	8327,96	LONG	0,00167	5982,76	0,00334	HOLD	99,6434	103,5298
2019-10-15	03:00	8327,96	8344,5	8320	8338,14	LONG	0,00167	5982,76	0,00334	HOLD	99,6434	103,5468
2019-10-15	04:00	8338,14	8350	8251,89	8305	LONG	0,00167	5982,76	0,00334	HOLD	99,6434	103,4914
2019-10-15	05:00	8305,44	8349,95	8299,32	8337,66	LONG	0,00167	5982,76	0,00334	HOLD	99,6434	103,546
2019-10-15	06:00	8338,17	8349,49	8328,63	8348,2	LONG	0,00167	5982,76	0,00334	HOLD	99,6434	103,5636
2019-10-15	07:00	8346,86	8403	8346,8	8356,4	LONG	0,00167	5982,76	0,00334	HOLD	99,6434	103,5773
2019-10-15	08:00	8353,93	8364,77	8323,87	8328,29	LONG	0,00167	5982,76	0,00334	HOLD	99,6434	103,5303
2019-10-15	09:00	8328,27	8336,48	8311,77	8332,68	LONG	0,00167	5982,76	0,00334	HOLD	99,6434	103,5377
2019-10-15	10:00	8332,97	8333,67	8311,11	8315,19	LONG	0,00167	5982,76	0,00334	HOLD	99,6434	103,5085
2019-10-15	11:00	8316,26	8332,47	8302,25	8326,78	LONG	0,00167	5982,76	0,00334	HOLD	99,6434	103,5278
2019-10-15	12:00	8326,78	8332,9	8313,48	8326,87	LONG	0,00167	5982,76	0,00334	HOLD	99,6434	103,528
2019-10-15	13:00	8326,45	8340,84	8286,25	8303,05	LONG	0,00167	5982,76	0,00334	HOLD	99,6434	103,4882
2019-10-15	14:00	8302,36	8315,1	8266,61	8281,04	LONG	0,00167	5982,76	0,00334	HOLD	99,6434	103,4514
2019-10-15	15:00	8280,72	8299	8258,4	8280,76	LONG	0,00167	5982,76	0,00334	HOLD	99,6434	103,451
2019-10-15	16:00	8280,76	8290,12	8270,15	8277,29	LONG	0,00167	5982,76	0,00334	HOLD	99,6434	103,4452
2019-10-15	17:00	8276,77	8321,64	8272,06	8310,94	LONG	0,00167	5982,76	0,00334	HOLD	99,6434	103,5014
2019-10-15	18:00	8310,94	8313,56	8280	8295,85	LONG	0,00167	5982,76	0,00334	HOLD	99,6434	103,4762
2019-10-15	19:00	8295,87	8323,23	8285,06	8316,55	LONG	0,00167	5982,76	0,00334	HOLD	99,6434	103,5107
2019-10-15	20:00	8316,55	8319,99	8286,91	8299,16	LONG	0,00167	5982,76	0,00334	HOLD	99,6434	103,4817
2019-10-15	21:00	8299,77	8314,53	8240	8260,44	LONG	0,00167	5982,76	0,00334	HOLD	99,6434	103,417
2019-10-15	22:00	8260,28	8360	8235,21	8316,94	LONG	0,00167	5982,76	0,00334	HOLD	99,6434	103,5114
2019-10-15	23:00	8318,32	8323,8	8090	8186,13	LONG	0,00167	5982,76	0,00334	HOLD	99,6434	103,2929
2019-10-16	00:00	8186,13	8201,7	8156,6	8168,16	LONG	0,00167	5982,76	0,00334	HOLD	99,6434	103,2629
2019-10-16	01:00	8168	8179,19	8146	8172,54	LONG	0,00167	5982,76	0,00334	HOLD	99,6434	103,2702
2019-10-16	02:00	8173,02	8178,54	8127,47	8177,59	LONG	0,00167	5982,76	0,00334	HOLD	99,6434	103,2787
2019-10-16	03:00	8177,1	8177,47	8135,99	8138,25	LONG	0,00167	5982,76	0,00334	HOLD	99,6434	103,213
2019-10-16	04:00	8138,25	8159	8124,87	8157,99	LONG	0,00167	5982,76	0,00334	HOLD	99,6434	103,2459
2019-10-16	05:00	8157,99	8159	8138	8138	LONG	0,00167	5982,76	0,00334	HOLD	99,6434	103,2125
2019-10-16	06:00	8136,83	8182,77	8133,76	8159,29	LONG	0,00167	5982,76	0,00334	HOLD	99,6434	103,2481
2019-10-16	07:00	8159,3	8171,53	8144,35	8167,25	LONG	0,00167	5982,76	0,00334	HOLD	99,6434	103,2614
2019-10-16	08:00	8167,25	8181,16	8158,01	8170,54	LONG	0,00167	5982,76	0,00334	HOLD	99,6434	103,2669
2019-10-16	09:00	8170,56	8180,26	8155,27	8159,13	LONG	0,00167	5982,76	0,00334	HOLD	99,6434	103,2478
2019-10-16	10:00	8158,75	8168,74	8145,5	8167,51	LONG	0,00167	5982,76	0,00334	HOLD	99,6434	103,2618
2019-10-16	11:00	8166,57	8176,69	8157,43	8162,38	LONG	0,00167	5982,76	0,00334	HOLD	99,6434	103,2533
2019-10-16	12:00	8162,39	8174	8158,24	8170,9	LONG	0,00167	5982,76	0,00334	HOLD	99,6434	103,2675
2019-10-16	13:00	8172,36	8177,27	8150	8151,02	LONG	0,00167	5982,76	0,00334	HOLD	99,6434	103,2343
2019-10-16	14:00	8151,02	8166,27	8120	8134,93	LONG	0,00167	5982,76	0,00334	HOLD	99,6434	103,2074
2019-10-16	15:00	8134,89	8145,13	8100	8134,97	LONG	0,00167	5982,76	0,00334	HOLD	99,6434	103,2075
2019-10-16	16:00	8135	8153	8100	8147,34	LONG	0,00167	5982,76	0,00334	HOLD	99,6434	103,2281
2019-10-16	17:00	8149,8	8162	8131	8143,52	LONG	0,00167	5982,76	0,00334	HOLD	99,6434	103,2218
2019-10-16	18:00	8143,89	8150	8010	8056	LONG	0,00167	5982,76	0,00334	HOLD	99,6434	103,0756
2019-10-16	19:00	8055,66	8056	7923,5	7984,95	LONG	0,00167	5982,76	0,00334	HOLD	99,6434	102,957
2019-10-16	20:00	7985,63	8015,83	7970,96	7998,85	LONG	0,00167	5982,76	0,00334	HOLD	99,6434	102,9802
2019-10-16	21:00	7997,04	7998,73	7944	7967,45	LONG	0,00167	5982,76	0,00334	HOLD	99,6434	102,9277
2019-10-16	22:00	7967,45	7989,97	7950	7953,15	LONG	0,00167	5982,76	0,00334	HOLD	99,6434	102,9038
2019-10-16	23:00	7953,06	8023	7917	7970,98	LONG	0,00167	5982,76	0,00334	HOLD	99,6434	102,9336
2019-10-17	00:00	7971,44	7985	7947,25	7975,23	LONG	0,00167	5982,76	0,00334	HOLD	99,6434	102,9407
2019-10-17	01:00	7976,85	7980	7959,35	7966,25	LONG	0,00167	5982,76	0,00334	HOLD	99,6434	102,9257
2019-10-17	02:00	7966,35	7969,48	7930	7957,69	LONG	0,00167	5982,76	0,00334	HOLD	99,6434	102,9114
2019-10-17	03:00	7958,16	7989,97	7957,55	7987,06	LONG	0,00167	5982,76	0,00334	HOLD	99,6434	102,9605
2019-10-17	04:00	7987,83	7990	7974,28	7978,27	LONG	0,00167	5982,76	0,00334	HOLD	99,6434	102,9458
2019-10-17	05:00	7978,38	8011	7978	8002,8	LONG	0,00167	5982,76	0,00334	HOLD	99,6434	102,9868
2019-10-17	06:00	8004,61	8023	7991,36	7991,74	LONG	0,00167	5982,76	0,00334	HOLD	99,6434	102,9683
2019-10-17	07:00	7995,02	7997,4	7952,63	7964,84	LONG	0,00167	5982,76	0,00334	HOLD	99,6434	102,9234
2019-10-17	08:00	7964,35	7974,88	7955,21	7958,8	LONG	0,00167	5982,76	0,00334	HOLD	99,6434	102,9133
2019-10-17	09:00	7958,8	7989,86	7956,29	7982,69	LONG	0,00167	5982,76	0,00334	HOLD	99,6434	102,9532
2019-10-17	10:00	7983,47	7985,44	7965	7968,88	LONG	0,00167	5982,76	0,00334	HOLD	99,6434	102,9301
2019-10-17	11:00	7968,71	7974,18	7929,03	7933,37	LONG	0,00167	5982,76	0,00334	HOLD	99,6434	102,8708
2019-10-17	12:00	7933,34	7986	7930	7976,85	LONG	0,00167	5982,76	0,00334	HOLD	99,6434	102,9434
2019-10-17	13:00	7977,6	7990	7954,37	7960,6	LONG	0,00167	5982,76	0,00334	HOLD	99,6434	102,9163
2019-10-17	14:00	7961,46	7989	7960,72	7975,28	LONG	0,00167	5982,76	0,00334	HOLD	99,6434	102,9408
2019-10-17	15:00	7974,42	8077,77	7971,8	8047,27	LONG	0,00167	5982,76	0,00334	HOLD	99,6434	103,061
2019-10-17	16:00	8045,85	8066,28	8016,44	8063,57	LONG	0,00167	5982,76	0,00334	HOLD	99,6434	103,0882
2019-10-17	17:00	8064,85	8099,98	8062,54	8079,5	LONG	0,00167	5982,76	0,00334	HOLD	99,6434	103,1149
2019-10-17	18:00	8080,39	8118,86	8063,59	8067,2	LONG	0,00167	5982,76	0,00334	HOLD	99,6434	103,0943
2019-10-17	19:00	8066,66	8074,93	8016,01	8046,48	LONG	0,00167	5982,76	0,00334	HOLD	99,6434	103,0597
2019-10-17	20:00	8046,55	8078,93	8041,85	8064,2	LONG	0,00167	5982,76	0,00334	HOLD	99,6434	103,0893
2019-10-17	21:00	8064,94	8070	8030,49	8052,04	LONG	0,00167	5982,76	0,00334	HOLD	99,6434	103,069
2019-10-17	22:00	8052,05	8091,6	8045,19	8069,39	LONG	0,00167	5982,76	0,00334	HOLD	99,6434	103,098
2019-10-17	23:00	8069,69	8124,92	8054,27	8082,26	LONG	0,00167	5982,76	0,00334	HOLD	99,6434	103,1195
2019-10-18	00:00	8080,25	8090	8066,66	8082,77	LONG	0,00167	5982,76	0,00334	HOLD	99,6434	103,1203
2019-10-18	01:00	8082,79	8089	8070	8073,13	LONG	0,00167	5982,76	0,00334	HOLD	99,6434	103,1042
2019-10-18	02:00	8073,11	8074,32	8042,03	8059,92	LONG	0,00167	5982,76	0,00334	HOLD	99,6434	103,0822
2019-10-18	03:00	8059,32	8066,9	8032,54	8038,02	LONG	0,00167	5982,76	0,00334	HOLD	99,6434	103,0456
2019-10-18	04:00	8038,8	8068,56	8034,81	8061,84	LONG	0,00167	5982,76	0,00334	HOLD	99,6434	103,0854
2019-10-18	05:00	8061,11	8071,13	8040,47	8053,78	LONG	0,00167	5982,76	0,00334	HOLD	99,6434	103,0719
2019-10-18	06:00	8053,94	8076,73	8044,14	8070,58	LONG	0,00167	5982,76	0,00334	HOLD	99,6434	103,1
2019-10-18	07:00	8070,71	8093,51	8050	8080,86	LONG	0,00167	5982,76	0,00334	HOLD	99,6434	103,1171
2019-10-18	08:00	8080,63	8109,61	8068,7	8109,6	LONG	0,00167	5982,76	0,00334	HOLD	99,6434	103,1651
2019-10-18	09:00	8109,6	8115	8069,13	8081,33	LONG	0,00167	5982,76	0,00334	HOLD	99,6434	103,1179
2019-10-18	10:00	8081,34	8085	8055,05	8064,81	LONG	0,00167	5982,76	0,00334	HOLD	99,6434	103,0903
2019-10-18	11:00	8065,65	8072,54	8050	8064,24	LONG	0,00167	5982,76	0,00334	HOLD	99,6434	103,0894
2019-10-18	12:00	8064,24	8065	7856,89	7908,74	LONG	0,00167	5982,76	0,00334	HOLD	99,6434	102,8297
2019-10-18	13:00	7908,74	7927,74	7864,77	7917,66	LONG	0,00167	5982,76	0,00334	HOLD	99,6434	102,8446
2019-10-18	14:00	7917	7917,43	7889,69	7911,6	LONG	0,00167	5982,76	0,00334	HOLD	99,6434	102,8345
2019-10-18	15:00	7911,59	7911,63	7816,01	7878	LONG	0,00167	5982,76	0,00334	HOLD	99,6434	102,7783
2019-10-18	16:00	7877,38	7923,87	7876,55	7909,76	LONG	0,00167	5982,76	0,00334	HOLD	99,6434	102,8314
2019-10-18	17:00	7909,22	7910	7880	7900,73	LONG	0,00167	5982,76	0,00334	HOLD	99,6434	102,8163
2019-10-18	18:00	7900,4	7942	7900	7920,42	LONG	0,00167	5982,76	0,00334	HOLD	99,6434	102,8492
2019-10-18	19:00	7920,6	7975	7919,19	7920	LONG	0,00167	5982,76	0,00334	HOLD	99,6434	102,8485
2019-10-18	20:00	7920,69	7951,2	7915	7932,81	LONG	0,00167	5982,76	0,00334	HOLD	99,6434	102,8699
2019-10-18	21:00	7930,93	7933,31	7884,01	7906,51	LONG	0,00167	5982,76	0,00334	HOLD	99,6434	102,826
2019-10-18	22:00	7906,5	7937	7906,5	7920,01	LONG	0,00167	5982,76	0,00334	HOLD	99,6434	102,8485
2019-10-18	23:00	7920	7952,25	7915,47	7924,43	LONG	0,00167	5982,76	0,00334	HOLD	99,6434	102,8559
2019-10-19	00:00	7924,61	7943	7905	7938,47	LONG	0,00167	5982,76	0,00334	HOLD	99,6434	102,8793
2019-10-19	01:00	7938,42	7983,32	7926,42	7931,56	LONG	0,00167	5982,76	0,00334	HOLD	99,6434	102,8678
2019-10-19	02:00	7931,58	7955	7924,99	7941,55	LONG	0,00167	5982,76	0,00334	HOLD	99,6434	102,8845
2019-10-19	03:00	7941,55	7949,45	7915,02	7939,76	LONG	0,00167	5982,76	0,00334	HOLD	99,6434	102,8815
2019-10-19	04:00	7939,76	7941,5	7923,83	7935,55	LONG	0,00167	5982,76	0,00334	HOLD	99,6434	102,8745
2019-10-19	05:00	7935,26	7978	7934,02	7956,9	LONG	0,00167	5982,76	0,00334	HOLD	99,6434	102,9101
2019-10-19	06:00	7956,44	7972,88	7940,01	7947,01	LONG	0,00167	5982,76	0,00334	HOLD	99,6434	102,8936
2019-10-19	07:00	7946,89	7952,32	7910	7923,81	LONG	0,00167	5982,76	0,00334	HOLD	99,6434	102,8548
2019-10-19	08:00	7923,78	7942,83	7910	7917,06	LONG	0,00167	5982,76	0,00334	HOLD	99,6434	102,8436
2019-10-19	09:00	7917,15	7929,87	7892	7917,28	LONG	0,00167	5982,76	0,00334	HOLD	99,6434	102,8439
2019-10-19	10:00	7917,28	7957,99	7910,56	7938,23	LONG	0,00167	5982,76	0,00334	HOLD	99,6434	102,8789
2019-10-19	11:00	7939,56	7957,73	7931,41	7953,21	LONG	0,00167	5982,76	0,00334	HOLD	99,6434	102,9039
2019-10-19	12:00	7953,21	7956,94	7915,57	7934,47	LONG	0,00167	5982,76	0,00334	HOLD	99,6434	102,8727
2019-10-19	13:00	7935,26	7943,73	7913,16	7933,19	LONG	0,00167	5982,76	0,00334	HOLD	99,6434	102,8705
2019-10-19	14:00	7932,37	7943,15	7918,44	7928,7	LONG	0,00167	5982,76	0,00334	HOLD	99,6434	102,863
2019-10-19	15:00	7929,81	7998,9	7928,23	7953,56	LONG	0,00167	5982,76	0,00334	HOLD	99,6434	102,9045
2019-10-19	16:00	7953,35	7965,77	7939	7943,21	LONG	0,00167	5982,76	0,00334	HOLD	99,6434	102,8872
2019-10-19	17:00	7942,01	7947,95	7920	7938,34	LONG	0,00167	5982,76	0,00334	HOLD	99,6434	102,8791
2019-10-19	18:00	7938,34	7949,99	7928,07	7943,34	LONG	0,00167	5982,76	0,00334	HOLD	99,6434	102,8875
2019-10-19	19:00	7943,34	8098,1	7866,92	8039,22	LONG	0,00167	5982,76	0,00334	HOLD	99,6434	103,0476
2019-10-19	20:00	8039,23	8078,54	8003,11	8011,29	LONG	0,00167	5982,76	0,00334	HOLD	99,6434	103,0009
2019-10-19	21:00	8012,87	8027,77	7993,64	8010,16	LONG	0,00167	5982,76	0,00334	HOLD	99,6434	102,9991
2019-10-19	22:00	8010,16	8021	7975,66	7990,92	LONG	0,00167	5982,76	0,00334	HOLD	99,6434	102,9669
2019-10-19	23:00	7993,26	7999,2	7937,69	7974,5	LONG	0,00167	5982,76	0,00334	HOLD	99,6434	102,9395
2019-10-20	00:00	7972,63	7999,38	7962,03	7998,64	LONG	0,00167	5982,76	0,00334	HOLD	99,6434	102,9798
2019-10-20	01:00	7996,03	7999,34	7972,33	7976,16	LONG	0,00167	5982,76	0,00334	HOLD	99,6434	102,9423
2019-10-20	02:00	7975,77	7983,33	7958,13	7971,81	LONG	0,00167	5982,76	0,00334	HOLD	99,6434	102,935
2019-10-20	03:00	7972,19	7978,52	7902,2	7940,81	LONG	0,00167	5982,76	0,00334	HOLD	99,6434	102,8832
2019-10-20	04:00	7940,66	7960	7891,76	7944,55	LONG	0,00167	5982,76	0,00334	HOLD	99,6434	102,8895
2019-10-20	05:00	7945,63	7949,09	7920,8	7937,76	LONG	0,00167	5982,76	0,00334	HOLD	99,6434	102,8781
2019-10-20	06:00	7937,78	7954,99	7926,17	7948,01	LONG	0,00167	5982,76	0,00334	HOLD	99,6434	102,8953
2019-10-20	07:00	7949,87	7953,21	7891,16	7917,55	LONG	0,00167	5982,76	0,00334	HOLD	99,6434	102,8444
2019-10-20	08:00	7917,55	7927,36	7881	7904,64	LONG	0,00167	5982,76	0,00334	HOLD	99,6434	102,8228
2019-10-20	09:00	7904,67	7924,99	7870	7895,79	LONG	0,00167	5982,76	0,00334	HOLD	99,6434	102,8081
2019-10-20	10:00	7895,79	7918,02	7889,98	7901,68	LONG	0,00167	5982,76	0,00334	HOLD	99,6434	102,8179
2019-10-20	11:00	7902,09	7934,96	7899,14	7917,99	LONG	0,00167	5982,76	0,00334	HOLD	99,6434	102,8451
2019-10-20	12:00	7917,81	7926,5	7902,1	7912,11	LONG	0,00167	5982,76	0,00334	HOLD	99,6434	102,8353
2019-10-20	13:00	7910,87	7940,47	7902	7928,05	LONG	0,00167	5982,76	0,00334	HOLD	99,6434	102,8619
2019-10-20	14:00	7928,05	7935,94	7900,22	7905,17	LONG	0,00167	5982,76	0,00334	HOLD	99,6434	102,8237
2019-10-20	15:00	7907,14	7929,75	7883	7925,2	LONG	0,00167	5982,76	0,00334	HOLD	99,6434	102,8572
2019-10-20	16:00	7924,49	7985	7915	7944,93	LONG	0,00167	5982,76	0,00334	HOLD	99,6434	102,8901
2019-10-20	17:00	7944,93	7961	7920	7929,7	LONG	0,00167	5982,76	0,00334	HOLD	99,6434	102,8647
2019-10-20	18:00	7929,95	7948,5	7925,85	7942,99	LONG	0,00167	5982,76	0,00334	HOLD	99,6434	102,8869
2019-10-20	19:00	7942,99	7990	7936,32	7950,06	LONG	0,00167	5982,76	0,00334	HOLD	99,6434	102,8987
2019-10-20	20:00	7951,03	7978	7950,01	7957,34	LONG	0,00167	5982,76	0,00334	HOLD	99,6434	102,9108
2019-10-20	21:00	7957,23	8011,95	7951,95	8000,79	LONG	0,00167	5982,76	0,00334	HOLD	99,6434	102,9834
2019-10-20	22:00	8001,1	8043,44	7982,31	8026,46	LONG	0,00167	5982,76	0,00334	HOLD	99,6434	103,0263
2019-10-20	23:00	8026,47	8077	8006,45	8066,33	LONG	0,00167	5982,76	0,00334	HOLD	99,6434	103,0929
2019-10-21	00:00	8065,51	8172,73	8046,43	8139,77	LONG	0,00167	5982,76	0,00334	HOLD	99,6434	103,2155
2019-10-21	01:00	8139,87	8174,88	8126,65	8132,34	LONG	0,00167	5982,76	0,00334	HOLD	99,6434	103,2031
2019-10-21	02:00	8133,39	8239	8132,06	8235	LONG	0,00167	5982,76	0,00334	HOLD	99,6434	103,3745
2019-10-21	03:00	8235	8297	8202,01	8213,73	LONG	0,00167	5982,76	0,00334	HOLD	99,6434	103,339
2019-10-21	04:00	8213,73	8230	8180,89	8195,26	LONG	0,00167	5982,76	0,00334	HOLD	99,6434	103,3082
2019-10-21	05:00	8195,87	8229	8184,95	8199,14	LONG	0,00167	5982,76	0,00334	HOLD	99,6434	103,3146
2019-10-21	06:00	8199,12	8226,04	8165,36	8223,35	LONG	0,00167	5982,76	0,00334	HOLD	99,6434	103,3551
2019-10-21	07:00	8223,35	8235	8193,14	8199,23	LONG	0,00167	5982,76	0,00334	HOLD	99,6434	103,3148
2019-10-21	08:00	8199,25	8223,48	8183	8215,03	LONG	0,00167	5982,76	0,00334	HOLD	99,6434	103,3412
2019-10-21	09:00	8214,95	8251,41	8203,97	8239,67	LONG	0,00167	5982,76	0,00334	HOLD	99,6434	103,3823
2019-10-21	10:00	8239,67	8240,46	8205,89	8219,65	LONG	0,00167	5982,76	0,00334	HOLD	99,6434	103,3489
2019-10-21	11:00	8220,57	8231,24	8201,63	8215,14	LONG	0,00167	5982,76	0,00334	HOLD	99,6434	103,3414
2019-10-21	12:00	8215,85	8240,7	8206,32	8229,97	LONG	0,00167	5982,76	0,00334	HOLD	99,6434	103,3661
2019-10-21	13:00	8229,12	8249,18	8224	8231,91	LONG	0,00167	5982,76	0,00334	HOLD	99,6434	103,3694
2019-10-21	14:00	8231,88	8239,66	8206,13	8223,8	LONG	0,00167	5982,76	0,00334	HOLD	99,6434	103,3558
2019-10-21	15:00	8223,11	8225,3	8195	8221,53	LONG	0,00167	5982,76	0,00334	HOLD	99,6434	103,352
2019-10-21	16:00	8221,53	8223,66	8189,89	8200,73	LONG	0,00167	5982,76	0,00334	HOLD	99,6434	103,3173
2019-10-21	17:00	8200,82	8286,28	8200,01	8272,64	LONG	0,00167	5982,76	0,00334	HOLD	99,6434	103,4374
2019-10-21	18:00	8272,99	8286,06	8211,69	8235	LONG	0,00167	5982,76	0,00334	HOLD	99,6434	103,3745
2019-10-21	19:00	8234,89	8258,54	8226,68	8232,33	LONG	0,00167	5982,76	0,00334	HOLD	99,6434	103,3701
2019-10-21	20:00	8232,04	8247,41	8219,87	8238,91	LONG	0,00167	5982,76	0,00334	HOLD	99,6434	103,3811
2019-10-21	21:00	8236,69	8269,97	8231,89	8265,17	LONG	0,00167	5982,76	0,00334	HOLD	99,6434	103,4249
2019-10-21	22:00	8266,25	8333	8145	8191,25	LONG	0,00167	5982,76	0,00334	HOLD	99,6434	103,3015
2019-10-21	23:00	8191,24	8199,32	8142,03	8172,2	LONG	0,00167	5982,76	0,00334	HOLD	99,6434	103,2697
2019-10-22	00:00	8172,2	8190,05	8168,63	8190,05	LONG	0,00167	5982,76	0,00334	HOLD	99,6434	103,2995
2019-10-22	01:00	8190,04	8192,9	8147,85	8168,42	LONG	0,00167	5982,76	0,00334	HOLD	99,6434	103,2633
2019-10-22	02:00	8168,67	8185	8153,65	8183,16	LONG	0,00167	5982,76	0,00334	HOLD	99,6434	103,288
2019-10-22	03:00	8183,56	8198	8183,16	8189,61	LONG	0,00167	5982,76	0,00334	HOLD	99,6434	103,2987
2019-10-22	04:00	8189,61	8229,88	8188,71	8205,48	LONG	0,00167	5982,76	0,00334	HOLD	99,6434	103,3252
2019-10-22	05:00	8205,87	8216,22	8180,57	8180,76	LONG	0,00167	5982,76	0,00334	HOLD	99,6434	103,284
2019-10-22	06:00	8180,76	8214,12	8176,95	8197,27	LONG	0,00167	5982,76	0,00334	HOLD	99,6434	103,3115
2019-10-22	07:00	8197,28	8206,94	8161,31	8185,3	LONG	0,00167	5982,76	0,00334	HOLD	99,6434	103,2915
2019-10-22	08:00	8185,29	8202,49	8159,96	8166,1	LONG	0,00167	5982,76	0,00334	HOLD	99,6434	103,2595
2019-10-22	09:00	8166,91	8198,11	8161	8181,71	LONG	0,00167	5982,76	0,00334	HOLD	99,6434	103,2855
2019-10-22	10:00	8181,73	8208,45	8175,23	8201,54	LONG	0,00167	5982,76	0,00334	HOLD	99,6434	103,3187
2019-10-22	11:00	8202,09	8218,54	8189,12	8212,3	LONG	0,00167	5982,76	0,00334	HOLD	99,6434	103,3366
2019-10-22	12:00	8213,48	8218,55	8190,87	8208,09	LONG	0,00167	5982,76	0,00334	HOLD	99,6434	103,3296
2019-10-22	13:00	8208,97	8209,44	8187,49	8200,57	LONG	0,00167	5982,76	0,00334	HOLD	99,6434	103,317
2019-10-22	14:00	8200,27	8226,57	8190,08	8208,6	LONG	0,00167	5982,76	0,00334	HOLD	99,6434	103,3304
2019-10-22	15:00	8208,6	8256,33	8208,51	8248,83	LONG	0,00167	5982,76	0,00334	HOLD	99,6434	103,3976
2019-10-22	16:00	8248,83	8270,89	8234,5	8269,49	LONG	0,00167	5982,76	0,00334	HOLD	99,6434	103,4321
2019-10-22	17:00	8267,61	8278,5	8210,14	8241,47	LONG	0,00167	5982,76	0,00334	HOLD	99,6434	103,3853
2019-10-22	18:00	8240,52	8278,97	8226,97	8276,16	LONG	0,00167	5982,76	0,00334	HOLD	99,6434	103,4433
2019-10-22	19:00	8276,17	8297,99	8224,84	8242,03	LONG	0,00167	5982,76	0,00334	HOLD	99,6434	103,3863
2019-10-22	20:00	8241,38	8250	8195	8223,52	LONG	0,00167	5982,76	0,00334	HOLD	99,6434	103,3554
2019-10-22	21:00	8222,98	8229,38	8189,99	8194,64	LONG	0,00167	5982,76	0,00334	HOLD	99,6434	103,3071
2019-10-22	22:00	8193,18	8214,97	8165	8210,31	LONG	0,00167	5982,76	0,00334	HOLD	99,6434	103,3333
2019-10-22	23:00	8210,76	8223,24	8185,38	8198,36	LONG	0,00167	5982,76	0,00334	HOLD	99,6434	103,3133
2019-10-23	00:00	8198,65	8209,83	8185,52	8203,62	LONG	0,00167	5982,76	0,00334	HOLD	99,6434	103,3221
2019-10-23	01:00	8203,44	8206,69	8175,17	8190,38	LONG	0,00167	5982,76	0,00334	HOLD	99,6434	103,3
2019-10-23	02:00	8189,91	8194,39	8156	8167,91	LONG	0,00167	5982,76	0,00334	HOLD	99,6434	103,2625
2019-10-23	03:00	8167,91	8168,72	8055	8115,36	LONG	0,00167	5982,76	0,00334	HOLD	99,6434	103,1747
2019-10-23	04:00	8116,12	8117,38	8090	8091,38	LONG	0,00167	5982,76	0,00334	HOLD	99,6434	103,1347
2019-10-23	05:00	8092,06	8108,01	8056,84	8074,97	LONG	0,00167	5982,76	0,00334	HOLD	99,6434	103,1073
2019-10-23	06:00	8074,88	8079,44	8000	8020	LONG	0,00167	5982,76	0,00334	HOLD	99,6434	103,0155
2019-10-23	07:00	8020,06	8044,99	8000	8029,13	LONG	0,00167	5982,76	0,00334	HOLD	99,6434	103,0307
2019-10-23	08:00	8029	8047,59	8024,16	8032,56	LONG	0,00167	5982,76	0,00334	HOLD	99,6434	103,0365
2019-10-23	09:00	8032,56	8039,01	8011,11	8033,92	LONG	0,00167	5982,76	0,00334	HOLD	99,6434	103,0387
2019-10-23	10:00	8033,03	8034,03	7930	7954,34	LONG	0,00167	5982,76	0,00334	HOLD	99,6434	102,9058
2019-10-23	11:00	7953,58	7975,01	7930	7969,06	LONG	0,00167	5982,76	0,00334	HOLD	99,6434	102,9304
2019-10-23	12:00	7969,45	7971,84	7920	7953,8	LONG	0,00167	5982,76	0,00334	HOLD	99,6434	102,9049
2019-10-23	13:00	7954,33	7980,24	7938,79	7969	LONG	0,00167	5982,76	0,00334	HOLD	99,6434	102,9303
2019-10-23	14:00	7969,01	7984,2	7945,76	7957,19	LONG	0,00167	5982,76	0,00334	HOLD	99,6434	102,9106
2019-10-23	15:00	7957,34	7994,1	7947,8	7976,15	LONG	0,00167	5982,76	0,00334	HOLD	99,6434	102,9423
2019-10-23	16:00	7976,57	7999	7972,55	7991,21	LONG	0,00167	5982,76	0,00334	HOLD	99,6434	102,9674
2019-10-23	17:00	7991,19	8011,96	7986,19	7996,15	LONG	0,00167	5982,76	0,00334	HOLD	99,6434	102,9757
2019-10-23	18:00	7997,54	8006,71	7945,31	7963,57	LONG	0,00167	5982,76	0,00334	HOLD	99,6434	102,9212
2019-10-23	19:00	7962,23	7963,98	7500	7550,59	LONG	0,00167	5982,76	0,00334	HOLD	99,6434	102,2316
2019-10-23	20:00	7553,37	7585,68	7400	7465,28	LONG	0,00167	5982,76	0,00334	HOLD	99,6434	102,0891
2019-10-23	21:00	7465,28	7499,89	7440,06	7467,92	LONG	0,00167	5982,76	0,00334	HOLD	99,6434	102,0935
2019-10-23	22:00	7467,92	7480	7423,74	7425,95	LONG	0,00167	5982,76	0,00334	HOLD	99,6434	102,0234
2019-10-23	23:00	7425,96	7499,5	7300	7471,53	LONG	0,00167	5982,76	0,00334	HOLD	99,6434	102,0995
2019-10-24	00:00	7470,8	7514,26	7460,45	7503,11	LONG	0,00167	5982,76	0,00334	HOLD	99,6434	102,1523
2019-10-24	01:00	7503,11	7535,55	7487,31	7506,38	LONG	0,00167	5982,76	0,00334	HOLD	99,6434	102,1577
2019-10-24	02:00	7506,37	7523,73	7480,05	7482,9	LONG	0,00167	5982,76	0,00334	HOLD	99,6434	102,1185
2019-10-24	03:00	7482,9	7498,99	7460,01	7486,37	LONG	0,00167	5982,76	0,00334	HOLD	99,6434	102,1243
2019-10-24	04:00	7486,06	7497,79	7426	7431,57	LONG	0,00167	5982,76	0,00334	HOLD	99,6434	102,0328
2019-10-24	05:00	7428,58	7472,72	7386,37	7416,89	LONG	0,00167	5982,76	0,00334	HOLD	99,6434	102,0083
2019-10-24	06:00	7416,89	7476,02	7405,21	7466,62	LONG	0,00167	5982,76	0,00334	HOLD	99,6434	102,0913
2019-10-24	07:00	7468,47	7497,96	7448	7459,72	LONG	0,00167	5982,76	0,00334	HOLD	99,6434	102,0798
2019-10-24	08:00	7459,7	7477,99	7420	7440,25	LONG	0,00167	5982,76	0,00334	HOLD	99,6434	102,0473
2019-10-24	09:00	7439,03	7443,73	7400	7424,27	LONG	0,00167	5982,76	0,00334	HOLD	99,6434	102,0206
2019-10-24	10:00	7424,33	7434,85	7400	7410,88	LONG	0,00167	5982,76	0,00334	HOLD	99,6434	101,9983
2019-10-24	11:00	7410,94	7431,88	7397,13	7417,43	LONG	0,00167	5982,76	0,00334	HOLD	99,6434	102,0092
2019-10-24	12:00	7416,57	7429,1	7407,49	7412,81	LONG	0,00167	5982,76	0,00334	HOLD	99,6434	102,0015
2019-10-24	13:00	7412,72	7414,38	7337,99	7360,14	LONG	0,00167	5982,76	0,00334	HOLD	99,6434	101,9135
2019-10-24	14:00	7360,15	7441,67	7357,18	7420,89	LONG	0,00167	5982,76	0,00334	HOLD	99,6434	102,015
2019-10-24	15:00	7420,36	7459,95	7389,2	7449,41	LONG	0,00167	5982,76	0,00334	HOLD	99,6434	102,0626
2019-10-24	16:00	7450,53	7478	7435,23	7441	LONG	0,00167	5982,76	0,00334	HOLD	99,6434	102,0486
2019-10-24	17:00	7441	7459,88	7427,5	7435,41	LONG	0,00167	5982,76	0,00334	HOLD	99,6434	102,0392
2019-10-24	18:00	7435,39	7441,98	7413	7421,83	LONG	0,00167	5982,76	0,00334	HOLD	99,6434	102,0165
2019-10-24	19:00	7421,09	7463,75	7420,06	7442,77	LONG	0,00167	5982,76	0,00334	HOLD	99,6434	102,0515
2019-10-24	20:00	7441,05	7465,98	7434,09	7448	LONG	0,00167	5982,76	0,00334	HOLD	99,6434	102,0602
2019-10-24	21:00	7448,01	7503,68	7446,88	7466,3	LONG	0,00167	5982,76	0,00334	HOLD	99,6434	102,0908
2019-10-24	22:00	7466,3	7469,75	7413,43	7436,82	LONG	0,00167	5982,76	0,00334	HOLD	99,6434	102,0416
2019-10-24	23:00	7436,82	7463,01	7427,01	7454,97	LONG	0,00167	5982,76	0,00334	HOLD	99,6434	102,0719
2019-10-25	00:00	7454,97	7457,97	7421,07	7434,82	LONG	0,00167	5982,76	0,00334	HOLD	99,6434	102,0382
2019-10-25	01:00	7434,21	7457,99	7431,02	7442	LONG	0,00167	5982,76	0,00334	HOLD	99,6434	102,0502
2019-10-25	02:00	7442,57	7479	7437,19	7471,3	LONG	0,00167	5982,76	0,00334	HOLD	99,6434	102,0992
2019-10-25	03:00	7471,3	7471,96	7440	7442,16	LONG	0,00167	5982,76	0,00334	HOLD	99,6434	102,0505
2019-10-25	04:00	7441,96	7454	7429,41	7430,34	LONG	0,00167	5982,76	0,00334	HOLD	99,6434	102,0308
2019-10-25	05:00	7430,16	7455,6	7430,16	7451,12	LONG	0,00167	5982,76	0,00334	HOLD	99,6434	102,0655
2019-10-25	06:00	7452,65	7465,75	7403,76	7412,41	LONG	0,00167	5982,76	0,00334	HOLD	99,6434	102,0008
2019-10-25	07:00	7412,41	7434,1	7411,94	7421,29	LONG	0,00167	5982,76	0,00334	HOLD	99,6434	102,0156
2019-10-25	08:00	7420,63	7446,69	7418,66	7437,99	LONG	0,00167	5982,76	0,00334	HOLD	99,6434	102,0435
2019-10-25	09:00	7437,13	7459,29	7425,11	7435	LONG	0,00167	5982,76	0,00334	HOLD	99,6434	102,0385
2019-10-25	10:00	7435	7445,98	7427,81	7440	LONG	0,00167	5982,76	0,00334	HOLD	99,6434	102,0469
2019-10-25	11:00	7440,02	7442,95	7422,43	7426,05	LONG	0,00167	5982,76	0,00334	HOLD	99,6434	102,0236
2019-10-25	12:00	7425,65	7449	7361	7446,93	LONG	0,00167	5982,76	0,00334	HOLD	99,6434	102,0585
2019-10-25	13:00	7447,19	7464,78	7437,14	7443,78	LONG	0,00167	5982,76	0,00334	HOLD	99,6434	102,0532
2019-10-25	14:00	7443,78	7469	7441,82	7462,79	LONG	0,00167	5982,76	0,00334	HOLD	99,6434	102,0849
2019-10-25	15:00	7461,72	7475	7444,01	7444,61	LONG	0,00167	5982,76	0,00334	HOLD	99,6434	102,0546
2019-10-25	16:00	7445,34	7459,95	7442	7450,8	LONG	0,00167	5982,76	0,00334	HOLD	99,6434	102,0649
2019-10-25	17:00	7450,8	7616,08	7439	7583,92	LONG	0,00167	5982,76	0,00334	HOLD	99,6434	102,2872
2019-10-25	18:00	7585,36	7642,58	7564,65	7581,1	LONG	0,00167	5982,76	0,00334	HOLD	99,6434	102,2825
2019-10-25	19:00	7578	7649,99	7578	7619,04	LONG	0,00167	5982,76	0,00334	HOLD	99,6434	102,3459
2019-10-25	20:00	7619,46	7688	7611,47	7668,34	LONG	0,00167	5982,76	0,00334	HOLD	99,6434	102,4282
2019-10-25	21:00	7668,7	7694,44	7638,39	7668,8	LONG	0,00167	5982,76	0,00334	HOLD	99,6434	102,429
2019-10-25	22:00	7669,8	8403,95	7668,12	8263,16	LONG	0,00167	5982,76	0,00334	HOLD	99,6434	103,4216
2019-10-25	23:00	8262,95	8490	8247,3	8393,21	LONG	0,00167	5982,76	0,00334	HOLD	99,6434	103,6387
2019-10-26	00:00	8394,14	8799	8353	8490,16	LONG	0,00167	5982,76	0,00334	HOLD	99,6434	103,8007
2019-10-26	01:00	8490,29	8660	8444,48	8622	LONG	0,00167	5982,76	0,00334	HOLD	99,6434	104,0208
2019-10-26	02:00	8622	8670	8540	8634,87	LONG	0,00167	5982,76	0,00334	HOLD	99,6434	104,0423
2019-10-26	03:00	8634,87	8657,27	8535	8556,58	LONG	0,00167	5982,76	0,00334	HOLD	99,6434	103,9116
2019-10-26	04:00	8560,54	8635,63	8556,77	8597,61	LONG	0,00167	5982,76	0,00334	HOLD	99,6434	103,9801
2019-10-26	05:00	8597,59	8706,07	8550,03	8591,79	LONG	0,00167	5982,76	0,00334	HOLD	99,6434	103,9704
2019-10-26	06:00	8592	8668	8590,18	8655,02	LONG	0,00167	5982,76	0,00334	HOLD	99,6434	104,076
2019-10-26	07:00	8655,88	9371,4	8470,38	9200,15	LONG	0,00167	5982,76	0,00334	HOLD	99,6434	104,9863
2019-10-26	08:00	9200,18	10370	9200	10027,23	LONG	0,00167	5982,76	0,00334	HOLD	99,6434	106,3676
2019-10-26	09:00	10027,23	10210	9560	9630,02	LONG	0,00167	5982,76	0,00334	HOLD	99,6434	105,7042
2019-10-26	10:00	9630,43	9688,44	9415	9554,05	LONG	0,00167	5982,76	0,00334	HOLD	99,6434	105,5773
2019-10-26	11:00	9554,05	9663,46	9455	9600,28	LONG	0,00167	5982,76	0,00334	HOLD	99,6434	105,6546
2019-10-26	12:00	9605,24	9777	9592,39	9594,88	LONG	0,00167	5982,76	0,00334	HOLD	99,6434	105,6455
2019-10-26	13:00	9594,98	9632,18	9526,13	9585,89	LONG	0,00167	5982,76	0,00334	HOLD	99,6434	105,6305
2019-10-26	14:00	9585,89	9613,8	9301,01	9481,47	LONG	0,00167	5982,76	0,00334	HOLD	99,6434	105,4561
2019-10-26	15:00	9481,47	9486,58	9315	9339,64	LONG	0,00167	5982,76	0,00334	HOLD	99,6434	105,2193
2019-10-26	16:00	9344,45	9348,82	8970	9143,99	LONG	0,00167	5982,76	0,00334	HOLD	99,6434	104,8925
2019-10-26	17:00	9143,99	9341,55	9125,79	9236,22	LONG	0,00167	5982,76	0,00334	HOLD	99,6434	105,0466
2019-10-26	18:00	9235,34	9311,81	9151,43	9224,22	LONG	0,00167	5982,76	0,00334	HOLD	99,6434	105,0265
2019-10-26	19:00	9224,13	9444,44	9182,17	9269,09	LONG	0,00167	5982,76	0,00334	HOLD	99,6434	105,1015
2019-10-26	20:00	9270	9272,8	9059	9105,56	LONG	0,00167	5982,76	0,00334	HOLD	99,6434	104,8284
2019-10-26	21:00	9102,1	9210	9051	9154,32	LONG	0,00167	5982,76	0,00334	HOLD	99,6434	104,9098
2019-10-26	22:00	9154,78	9297,76	9128	9196,53	LONG	0,00167	5982,76	0,00334	HOLD	99,6434	104,9803
2019-10-26	23:00	9194,94	9247,94	9050	9166,51	LONG	0,00167	5982,76	0,00334	HOLD	99,6434	104,9302
2019-10-27	00:00	9164,41	9170	9075	9131,06	LONG	0,00167	5982,76	0,00334	HOLD	99,6434	104,871
2019-10-27	01:00	9131,07	9164,63	8855,5	9072,01	LONG	0,00167	5982,76	0,00334	HOLD	99,6434	104,7723
2019-10-27	02:00	9071,04	9170	8898,05	8996,16	LONG	0,00167	5982,76	0,00334	HOLD	99,6434	104,6457
2019-10-27	03:00	8998,79	9147,81	8994,79	9108,71	LONG	0,00167	5982,76	0,00334	HOLD	99,6434	104,8336
2019-10-27	04:00	9108,71	9228,18	9074,34	9214,03	LONG	0,00167	5982,76	0,00334	HOLD	99,6434	105,0095
2019-10-27	05:00	9210,59	9240	9120	9149,36	LONG	0,00167	5982,76	0,00334	HOLD	99,6434	104,9015
2019-10-27	06:00	9149,29	9289,7	9113,23	9230	LONG	0,00167	5982,76	0,00334	HOLD	99,6434	105,0362
2019-10-27	07:00	9230	9369,8	9175	9217	LONG	0,00167	5982,76	0,00334	HOLD	99,6434	105,0145
2019-10-27	08:00	9217,6	9225	9096	9157,53	LONG	0,00167	5982,76	0,00334	HOLD	99,6434	104,9152
2019-10-27	09:00	9156,89	9187,6	9141,3	9174,84	LONG	0,00167	5982,76	0,00334	HOLD	99,6434	104,9441
2019-10-27	10:00	9175,3	9205,21	9112,82	9131,61	LONG	0,00167	5982,76	0,00334	HOLD	99,6434	104,8719
2019-10-27	11:00	9130,26	9145,6	9074,34	9099,42	LONG	0,00167	5982,76	0,00334	HOLD	99,6434	104,8181
2019-10-27	12:00	9100	9187,61	9086,44	9180	LONG	0,00167	5982,76	0,00334	HOLD	99,6434	104,9527
2019-10-27	13:00	9179,99	9189,06	9137	9168,1	LONG	0,00167	5982,76	0,00334	HOLD	99,6434	104,9328
2019-10-27	14:00	9170,43	9206,13	9129,26	9149,08	LONG	0,00167	5982,76	0,00334	HOLD	99,6434	104,901
2019-10-27	15:00	9148,84	9282,18	9147,29	9242,61	LONG	0,00167	5982,76	0,00334	HOLD	99,6434	105,0572
2019-10-27	16:00	9242,63	9299	9211	9232,65	LONG	0,00167	5982,76	0,00334	HOLD	99,6434	105,0406
2019-10-27	17:00	9230,88	9422,1	9230,88	9393,79	LONG	0,00167	5982,76	0,00334	HOLD	99,6434	105,3097
2019-10-27	18:00	9391,7	9642,99	9207	9275,83	LONG	0,00167	5982,76	0,00334	HOLD	99,6434	105,1127
2019-10-27	19:00	9275,71	9328,05	9211,19	9301	LONG	0,00167	5982,76	0,00334	HOLD	99,6434	105,1548
2019-10-27	20:00	9301,76	9521,11	9301	9439,74	LONG	0,00167	5982,76	0,00334	HOLD	99,6434	105,3865
2019-10-27	21:00	9441,21	9579	9360	9526,91	LONG	0,00167	5982,76	0,00334	HOLD	99,6434	105,532
2019-10-27	22:00	9532,2	9610	9445	9526,44	LONG	0,00167	5982,76	0,00334	HOLD	99,6434	105,5312
2019-10-27	23:00	9523,98	9774,98	9376	9678,62	LONG	0,00167	5982,76	0,00334	HOLD	99,6434	105,7854
2019-10-28	00:00	9678	9716,99	9570	9660	LONG	0,00167	5982,76	0,00334	HOLD	99,6434	105,7543
2019-10-28	01:00	9659,95	9685,67	9600	9632,52	LONG	0,00167	5982,76	0,00334	HOLD	99,6434	105,7084
2019-10-28	02:00	9632,52	9794,98	9615,46	9712,73	LONG	0,00167	5982,76	0,00334	HOLD	99,6434	105,8423
2019-10-28	03:00	9712	9749	9504,77	9590,23	LONG	0,00167	5982,76	0,00334	HOLD	99,6434	105,6378
2019-10-28	04:00	9590,21	9720	9476	9605,54	LONG	0,00167	5982,76	0,00334	HOLD	99,6434	105,6633
2019-10-28	05:00	9610,17	9700	9510,71	9562,85	LONG	0,00167	5982,76	0,00334	HOLD	99,6434	105,592
2019-10-28	06:00	9561,21	9581,37	9420	9529,93	LONG	0,00167	5982,76	0,00334	HOLD	99,6434	105,5371
2019-10-28	07:00	9528,23	9702,8	9527,17	9696,1	LONG	0,00167	5982,76	0,00334	HOLD	99,6434	105,8146
2019-10-28	08:00	9696,1	9902,1	9633,34	9725,44	LONG	0,00167	5982,76	0,00334	HOLD	99,6434	105,8636
2019-10-28	09:00	9725,01	9783,47	9643,2	9736,02	LONG	0,00167	5982,76	0,00334	HOLD	99,6434	105,8812
2019-10-28	10:00	9736,02	9743,48	9592	9615,45	LONG	0,00167	5982,76	0,00334	HOLD	99,6434	105,6799
2019-10-28	11:00	9615,73	9636,94	9525	9612,53	LONG	0,00167	5982,76	0,00334	HOLD	99,6434	105,675
2019-10-28	12:00	9612,53	9679,26	9593,1	9605,14	LONG	0,00167	5982,76	0,00334	HOLD	99,6434	105,6627
2019-10-28	13:00	9605,14	9609,36	9322,52	9447,64	LONG	0,00167	5982,76	0,00334	HOLD	99,6434	105,3996
2019-10-28	14:00	9446,02	9454,5	9335,26	9426,11	LONG	0,00167	5982,76	0,00334	HOLD	99,6434	105,3637
2019-10-28	15:00	9426,18	9434,96	9265	9351,51	LONG	0,00167	5982,76	0,00334	HOLD	99,6434	105,2391
2019-10-28	16:00	9350,13	9420	9320	9398,43	LONG	0,00167	5982,76	0,00334	HOLD	99,6434	105,3175
2019-10-28	17:00	9400,11	9468,75	9344,93	9412	LONG	0,00167	5982,76	0,00334	HOLD	99,6434	105,3401
2019-10-28	18:00	9412,78	9440,62	9339,77	9407,91	LONG	0,00167	5982,76	0,00334	HOLD	99,6434	105,3333
2019-10-28	19:00	9407,91	9410	9254	9323,07	LONG	0,00167	5982,76	0,00334	HOLD	99,6434	105,1916
2019-10-28	20:00	9323,6	9415	9297,25	9357,53	LONG	0,00167	5982,76	0,00334	HOLD	99,6434	105,2492
2019-10-28	21:00	9357,54	9374	9292,71	9332,71	LONG	0,00167	5982,76	0,00334	HOLD	99,6434	105,2077
2019-10-28	22:00	9332,53	9399,94	9310	9376,21	LONG	0,00167	5982,76	0,00334	HOLD	99,6434	105,2804
2019-10-28	23:00	9376,22	9400	9323,57	9351,69	LONG	0,00167	5982,76	0,00334	HOLD	99,6434	105,2394
2019-10-29	00:00	9351,69	9368	9320,23	9355,69	LONG	0,00167	5982,76	0,00334	HOLD	99,6434	105,2461
2019-10-29	01:00	9354,97	9478,93	9337	9347,62	LONG	0,00167	5982,76	0,00334	HOLD	99,6434	105,2326
2019-10-29	02:00	9347,63	9419	9347,63	9397,73	LONG	0,00167	5982,76	0,00334	HOLD	99,6434	105,3163
2019-10-29	03:00	9397,73	9440,55	9370	9425,66	LONG	0,00167	5982,76	0,00334	HOLD	99,6434	105,3629
2019-10-29	04:00	9425,66	9478,9	9402,74	9447,27	LONG	0,00167	5982,76	0,00334	HOLD	99,6434	105,399
2019-10-29	05:00	9447,05	9462,74	9390,54	9434,46	LONG	0,00167	5982,76	0,00334	HOLD	99,6434	105,3776
2019-10-29	06:00	9434,23	9483,49	9160	9205,14	LONG	0,00167	5982,76	0,00334	HOLD	99,6434	104,9947
2019-10-29	07:00	9204,45	9288	9188,8	9267,91	LONG	0,00167	5982,76	0,00334	HOLD	99,6434	105,0995
2019-10-29	08:00	9267,84	9306,43	9221,54	9280,69	LONG	0,00167	5982,76	0,00334	HOLD	99,6434	105,1208
2019-10-29	09:00	9281,16	9294,7	9231,95	9258	LONG	0,00167	5982,76	0,00334	HOLD	99,6434	105,0829
2019-10-29	10:00	9258,75	9302	9238,02	9285	LONG	0,00167	5982,76	0,00334	HOLD	99,6434	105,128
2019-10-29	11:00	9285,78	9450	9283,93	9416	LONG	0,00167	5982,76	0,00334	HOLD	99,6434	105,3468
2019-10-29	12:00	9415,93	9550	9355	9392,27	LONG	0,00167	5982,76	0,00334	HOLD	99,6434	105,3072
2019-10-29	13:00	9392,18	9480	9375	9426,04	LONG	0,00167	5982,76	0,00334	HOLD	99,6434	105,3636
2019-10-29	14:00	9426,04	9485	9425,99	9441,68	LONG	0,00167	5982,76	0,00334	HOLD	99,6434	105,3897
2019-10-29	15:00	9441,56	9467,45	9391,89	9418,06	LONG	0,00167	5982,76	0,00334	HOLD	99,6434	105,3502
2019-10-29	16:00	9417,5	9421,01	9351	9384,9	LONG	0,00167	5982,76	0,00334	HOLD	99,6434	105,2949
2019-10-29	17:00	9385,35	9490,1	9382,78	9447,98	LONG	0,00167	5982,76	0,00334	HOLD	99,6434	105,4002
2019-10-29	18:00	9447,97	9459,8	9380,62	9432,27	LONG	0,00167	5982,76	0,00334	HOLD	99,6434	105,374
2019-10-29	19:00	9434,93	9469,27	9366,04	9395	LONG	0,00167	5982,76	0,00334	HOLD	99,6434	105,3117
2019-10-29	20:00	9395	9420,97	9265,83	9338,72	LONG	0,00167	5982,76	0,00334	HOLD	99,6434	105,2177
2019-10-29	21:00	9337,79	9372,02	9301,47	9359,33	LONG	0,00167	5982,76	0,00334	HOLD	99,6434	105,2522
2019-10-29	22:00	9362,61	9365,01	9305,03	9340,06	LONG	0,00167	5982,76	0,00334	HOLD	99,6434	105,22
2019-10-29	23:00	9341,66	9355,43	9256,91	9301,84	LONG	0,00167	5982,76	0,00334	HOLD	99,6434	105,1562
2019-10-30	00:00	9303,32	9354,88	9267,52	9318,13	LONG	0,00167	5982,76	0,00334	HOLD	99,6434	105,1834
2019-10-30	01:00	9318,49	9397	9303	9357,06	LONG	0,00167	5982,76	0,00334	HOLD	99,6434	105,2484
2019-10-30	02:00	9356,96	9384,73	9072	9225,09	LONG	0,00167	5982,76	0,00334	HOLD	99,6434	105,028
2019-10-30	03:00	9227,76	9482	9214,47	9426,43	LONG	0,00167	5982,76	0,00334	HOLD	99,6434	105,3642
2019-10-30	04:00	9423,15	9436,68	9377,7	9397,91	LONG	0,00167	5982,76	0,00334	HOLD	99,6434	105,3166
2019-10-30	05:00	9396,6	9454	9395,4	9437,83	LONG	0,00167	5982,76	0,00334	HOLD	99,6434	105,3833
2019-10-30	06:00	9438,82	9449,69	9390	9407,62	LONG	0,00167	5982,76	0,00334	HOLD	99,6434	105,3328
2019-10-30	07:00	9407,62	9409,84	9245,01	9352,9	LONG	0,00167	5982,76	0,00334	HOLD	99,6434	105,2414
2019-10-30	08:00	9349,39	9390	9250	9380,95	LONG	0,00167	5982,76	0,00334	HOLD	99,6434	105,2883
2019-10-30	09:00	9380,12	9394,84	9272,57	9309,08	LONG	0,00167	5982,76	0,00334	HOLD	99,6434	105,1682
2019-10-30	10:00	9306,16	9321,96	9251,17	9276,93	LONG	0,00167	5982,76	0,00334	HOLD	99,6434	105,1146
2019-10-30	11:00	9279,24	9331,72	9212,2	9238,43	LONG	0,00167	5982,76	0,00334	HOLD	99,6434	105,0503
2019-10-30	12:00	9239,63	9258,62	9153	9199,13	LONG	0,00167	5982,76	0,00334	HOLD	99,6434	104,9846
2019-10-30	13:00	9200,44	9243,91	9191,82	9231,22	LONG	0,00167	5982,76	0,00334	HOLD	99,6434	105,0382
2019-10-30	14:00	9231,22	9253,18	9151	9161,3	LONG	0,00167	5982,76	0,00334	HOLD	99,6434	104,9215
2019-10-30	15:00	9164,71	9234	9161,15	9192,85	LONG	0,00167	5982,76	0,00334	HOLD	99,6434	104,9741
2019-10-30	16:00	9192,85	9248,79	9191,55	9219,36	LONG	0,00167	5982,76	0,00334	HOLD	99,6434	105,0184
2019-10-30	17:00	9219,98	9222,02	9023	9114,62	LONG	0,00167	5982,76	0,00334	HOLD	99,6434	104,8435
2019-10-30	18:00	9113,29	9115	9018	9097,69	LONG	0,00167	5982,76	0,00334	HOLD	99,6434	104,8152
2019-10-30	19:00	9096,23	9172,41	9076,84	9123,32	LONG	0,00167	5982,76	0,00334	HOLD	99,6434	104,858
2019-10-30	20:00	9123,33	9142,39	9028,25	9042,72	LONG	0,00167	5982,76	0,00334	HOLD	99,6434	104,7234
2019-10-30	21:00	9042,76	9128	9021	9083,15	LONG	0,00167	5982,76	0,00334	HOLD	99,6434	104,7909
2019-10-30	22:00	9081,44	9129,39	9001,01	9093,72	LONG	0,00167	5982,76	0,00334	HOLD	99,6434	104,8086
2019-10-30	23:00	9093,72	9164,55	9012,07	9056,6	LONG	0,00167	5982,76	0,00334	HOLD	99,6434	104,7466
2019-10-31	00:00	9058,4	9134,2	9054,42	9113	LONG	0,00167	5982,76	0,00334	HOLD	99,6434	104,8408
2019-10-31	01:00	9110,52	9163,01	9100,03	9163,01	LONG	0,00167	5982,76	0,00334	HOLD	99,6434	104,9243
2019-10-31	02:00	9163,25	9204,65	9146,68	9202,09	LONG	0,00167	5982,76	0,00334	HOLD	99,6434	104,9896
2019-10-31	03:00	9201,17	9217,33	9128,07	9173,52	LONG	0,00167	5982,76	0,00334	HOLD	99,6434	104,9419
2019-10-31	04:00	9172,99	9175,47	9128,26	9136,63	LONG	0,00167	5982,76	0,00334	HOLD	99,6434	104,8803
2019-10-31	05:00	9136,61	9225	9135	9216,64	LONG	0,00167	5982,76	0,00334	HOLD	99,6434	105,0139
2019-10-31	06:00	9215,42	9223	9147,27	9154,72	LONG	0,00167	5982,76	0,00334	HOLD	99,6434	104,9105
2019-10-31	07:00	9154,02	9204,97	9120,94	9138,32	LONG	0,00167	5982,76	0,00334	HOLD	99,6434	104,8831
2019-10-31	08:00	9138,57	9146,01	9054,83	9057,82	LONG	0,00167	5982,76	0,00334	HOLD	99,6434	104,7486
2019-10-31	09:00	9058,93	9118,41	9051,01	9090,96	LONG	0,00167	5982,76	0,00334	HOLD	99,6434	104,804
2019-10-31	10:00	9089,82	9133,73	9069,17	9100,02	LONG	0,00167	5982,76	0,00334	HOLD	99,6434	104,8191
2019-10-31	11:00	9100,01	9115,68	9074,74	9081,27	LONG	0,00167	5982,76	0,00334	HOLD	99,6434	104,7878
2019-10-31	12:00	9081,29	9179,72	9078,23	9167,46	LONG	0,00167	5982,76	0,00334	HOLD	99,6434	104,9317
2019-10-31	13:00	9167,46	9209	9095	9120,46	LONG	0,00167	5982,76	0,00334	HOLD	99,6434	104,8533
2019-10-31	14:00	9120,44	9123,18	9077,03	9098,32	LONG	0,00167	5982,76	0,00334	HOLD	99,6434	104,8163
2019-10-31	15:00	9096,02	9139,19	9075,98	9113,7	LONG	0,00167	5982,76	0,00334	HOLD	99,6434	104,842
2019-10-31	16:00	9113,39	9114,98	9022,38	9037,92	LONG	0,00167	5982,76	0,00334	HOLD	99,6434	104,7154
2019-10-31	17:00	9037,92	9081,07	8913	9072,68	LONG	0,00167	5982,76	0,00334	HOLD	99,6434	104,7735
2019-10-31	18:00	9072,68	9149,42	9048,82	9109,53	LONG	0,00167	5982,76	0,00334	HOLD	99,6434	104,835
2019-10-31	19:00	9109,53	9405	9108,42	9303,88	LONG	0,00167	5982,76	0,00334	HOLD	99,6434	105,1596
2019-10-31	20:00	9303,91	9330	9258,88	9290,88	LONG	0,00167	5982,76	0,00334	HOLD	99,6434	105,1379
2019-10-31	21:00	9290,5	9291,44	9222,33	9238,65	LONG	0,00167	5982,76	0,00334	HOLD	99,6434	105,0506
2019-10-31	22:00	9236,42	9276	9180	9213,98	LONG	0,00167	5982,76	0,00334	HOLD	99,6434	105,0094
2019-10-31	23:00	9213,98	9257,99	9202	9239,57	LONG	0,00167	5982,76	0,00334	HOLD	99,6434	105,0522
2019-11-01	00:00	9239,48	9264,04	9227,03	9243,41	LONG	0,00167	5982,76	0,00334	HOLD	99,6434	105,0586
2019-11-01	01:00	9244,93	9259,18	9193,1	9229,95	LONG	0,00167	5982,76	0,00334	HOLD	99,6434	105,0361
2019-11-01	02:00	9229,96	9250	9206,89	9211,04	LONG	0,00167	5982,76	0,00334	HOLD	99,6434	105,0045
2019-11-01	03:00	9211,02	9243,47	9123,33	9185,98	LONG	0,00167	5982,76	0,00334	HOLD	99,6434	104,9627
2019-11-01	04:00	9182,82	9200	9013	9126,2	LONG	0,00167	5982,76	0,00334	HOLD	99,6434	104,8628
2019-11-01	05:00	9126,22	9157,07	9083,86	9122,69	LONG	0,00167	5982,76	0,00334	HOLD	99,6434	104,857
2019-11-01	06:00	9123,92	9157	9105,07	9140,85	LONG	0,00167	5982,76	0,00334	HOLD	99,6434	104,8873
2019-11-01	07:00	9140,86	9144,7	9098,28	9125,52	LONG	0,00167	5982,76	0,00334	HOLD	99,6434	104,8617
2019-11-01	08:00	9127	9141,7	9090,08	9092,65	LONG	0,00167	5982,76	0,00334	HOLD	99,6434	104,8068
2019-11-01	09:00	9092,71	9140,61	9062,09	9123,16	LONG	0,00167	5982,76	0,00334	HOLD	99,6434	104,8578
2019-11-01	10:00	9122,85	9122,85	9043,85	9063,13	LONG	0,00167	5982,76	0,00334	HOLD	99,6434	104,7575
2019-11-01	11:00	9064,12	9100	9030	9078,33	LONG	0,00167	5982,76	0,00334	HOLD	99,6434	104,7829
2019-11-01	12:00	9077,63	9111,58	9072,28	9080,79	LONG	0,00167	5982,76	0,00334	HOLD	99,6434	104,787
2019-11-01	13:00	9080,62	9137	9070	9118,9	LONG	0,00167	5982,76	0,00334	HOLD	99,6434	104,8506
2019-11-01	14:00	9116,37	9127,5	9080,12	9099	LONG	0,00167	5982,76	0,00334	HOLD	99,6434	104,8174
2019-11-01	15:00	9099,43	9174,99	9094,2	9134,63	LONG	0,00167	5982,76	0,00334	HOLD	99,6434	104,8769
2019-11-01	16:00	9134,63	9136	9088,88	9103,12	LONG	0,00167	5982,76	0,00334	HOLD	99,6434	104,8243
2019-11-01	17:00	9103,42	9181,32	9095,13	9155,93	LONG	0,00167	5982,76	0,00334	HOLD	99,6434	104,9125
2019-11-01	18:00	9155,93	9279	9132,41	9163,16	LONG	0,00167	5982,76	0,00334	HOLD	99,6434	104,9246
2019-11-01	19:00	9164,56	9213,14	9130	9188,64	LONG	0,00167	5982,76	0,00334	HOLD	99,6434	104,9671
2019-11-01	20:00	9188,35	9219,98	9061,65	9112,86	LONG	0,00167	5982,76	0,00334	HOLD	99,6434	104,8406
2019-11-01	21:00	9111,95	9136,3	9075,8	9122,5	LONG	0,00167	5982,76	0,00334	HOLD	99,6434	104,8567
2019-11-01	22:00	9123,74	9248,51	9076	9082,43	LONG	0,00167	5982,76	0,00334	HOLD	99,6434	104,7897
2019-11-01	23:00	9082,43	9200	9060	9152,9	LONG	0,00167	5982,76	0,00334	HOLD	99,6434	104,9074
2019-11-02	00:00	9150,75	9202	9138,94	9159,94	LONG	0,00167	5982,76	0,00334	HOLD	99,6434	104,9192
2019-11-02	01:00	9160,16	9205,2	9148,84	9181,11	LONG	0,00167	5982,76	0,00334	HOLD	99,6434	104,9545
2019-11-02	02:00	9183,51	9213,57	9158,27	9170,49	LONG	0,00167	5982,76	0,00334	HOLD	99,6434	104,9368
2019-11-02	03:00	9170,09	9209	9167,15	9190,25	LONG	0,00167	5982,76	0,00334	HOLD	99,6434	104,9698
2019-11-02	04:00	9190,15	9275	9180	9259,21	LONG	0,00167	5982,76	0,00334	HOLD	99,6434	105,085
2019-11-02	05:00	9256,41	9277,16	9183,67	9188,5	LONG	0,00167	5982,76	0,00334	HOLD	99,6434	104,9669
2019-11-02	06:00	9190,93	9246,97	9184,82	9231,61	LONG	0,00167	5982,76	0,00334	HOLD	99,6434	105,0389
2019-11-02	07:00	9231,4	9265,29	9209,16	9243,54	LONG	0,00167	5982,76	0,00334	HOLD	99,6434	105,0588
2019-11-02	08:00	9244,74	9270,76	9224,03	9238,38	LONG	0,00167	5982,76	0,00334	HOLD	99,6434	105,0502
2019-11-02	09:00	9238,37	9249,98	9209,99	9249,88	LONG	0,00167	5982,76	0,00334	HOLD	99,6434	105,0694
2019-11-02	10:00	9248,98	9251,01	9225,07	9236,67	LONG	0,00167	5982,76	0,00334	HOLD	99,6434	105,0473
2019-11-02	11:00	9236,27	9242,95	9196	9200	LONG	0,00167	5982,76	0,00334	HOLD	99,6434	104,9861
2019-11-02	12:00	9200,81	9227,99	9191,02	9216,7	LONG	0,00167	5982,76	0,00334	HOLD	99,6434	105,014
2019-11-02	13:00	9217,44	9224,35	9186,21	9203,97	LONG	0,00167	5982,76	0,00334	HOLD	99,6434	104,9927
2019-11-02	14:00	9204,06	9220	9191,47	9213,97	LONG	0,00167	5982,76	0,00334	HOLD	99,6434	105,0094
2019-11-02	15:00	9213,97	9240,59	9194,19	9202,01	LONG	0,00167	5982,76	0,00334	HOLD	99,6434	104,9894
2019-11-02	16:00	9201,99	9224,35	9200,03	9208,9	LONG	0,00167	5982,76	0,00334	HOLD	99,6434	105,0009
2019-11-02	17:00	9209,4	9221	9201,55	9214,91	LONG	0,00167	5982,76	0,00334	HOLD	99,6434	105,011
2019-11-02	18:00	9214,91	9255	9214,84	9241,14	LONG	0,00167	5982,76	0,00334	HOLD	99,6434	105,0548
2019-11-02	19:00	9242,1	9350	9201,02	9323,54	LONG	0,00167	5982,76	0,00334	HOLD	99,6434	105,1924
2019-11-02	20:00	9326,22	9373,74	9291,29	9350,24	LONG	0,00167	5982,76	0,00334	HOLD	99,6434	105,237
2019-11-02	21:00	9350,25	9353,98	9308,88	9311,71	LONG	0,00167	5982,76	0,00334	HOLD	99,6434	105,1726
2019-11-02	22:00	9309,42	9324,39	9273,15	9324,36	LONG	0,00167	5982,76	0,00334	HOLD	99,6434	105,1938
2019-11-02	23:00	9323,01	9338,81	9294,77	9311,11	LONG	0,00167	5982,76	0,00334	HOLD	99,6434	105,1716
2019-11-03	00:00	9311,07	9330	9281	9288,39	LONG	0,00167	5982,76	0,00334	HOLD	99,6434	105,1337
2019-11-03	01:00	9288,38	9304	9264,59	9285	LONG	0,00167	5982,76	0,00334	HOLD	99,6434	105,128
2019-11-03	02:00	9284,39	9320	9269	9315,92	LONG	0,00167	5982,76	0,00334	HOLD	99,6434	105,1797
2019-11-03	03:00	9315,2	9318,73	9281,43	9303,26	LONG	0,00167	5982,76	0,00334	HOLD	99,6434	105,1585
2019-11-03	04:00	9303,37	9303,52	9271,02	9271,97	LONG	0,00167	5982,76	0,00334	HOLD	99,6434	105,1063
2019-11-03	05:00	9271,97	9299,77	9270,52	9287,55	LONG	0,00167	5982,76	0,00334	HOLD	99,6434	105,1323
2019-11-03	06:00	9287,84	9298,24	9277,17	9289,52	LONG	0,00167	5982,76	0,00334	HOLD	99,6434	105,1356
2019-11-03	07:00	9289,85	9340,35	9288,11	9302,78	LONG	0,00167	5982,76	0,00334	HOLD	99,6434	105,1577
2019-11-03	08:00	9304,1	9318,38	9299,09	9315,14	LONG	0,00167	5982,76	0,00334	HOLD	99,6434	105,1784
2019-11-03	09:00	9315,22	9362,57	9311,65	9356,4	LONG	0,00167	5982,76	0,00334	HOLD	99,6434	105,2473
2019-11-03	10:00	9356,47	9359,54	9314,19	9330,32	LONG	0,00167	5982,76	0,00334	HOLD	99,6434	105,2037
2019-11-03	11:00	9329,75	9330,4	9241	9260,24	LONG	0,00167	5982,76	0,00334	HOLD	99,6434	105,0867
2019-11-03	12:00	9260,25	9271,15	9225,01	9263,05	LONG	0,00167	5982,76	0,00334	HOLD	99,6434	105,0914
2019-11-03	13:00	9262,9	9284,59	9251,57	9262,32	LONG	0,00167	5982,76	0,00334	HOLD	99,6434	105,0902
2019-11-03	14:00	9258,8	9272	9236,57	9239,61	LONG	0,00167	5982,76	0,00334	HOLD	99,6434	105,0522
2019-11-03	15:00	9239,6	9241	9182	9214,12	LONG	0,00167	5982,76	0,00334	HOLD	99,6434	105,0097
2019-11-03	16:00	9213,61	9237,89	9200	9212,8	LONG	0,00167	5982,76	0,00334	HOLD	99,6434	105,0075
2019-11-03	17:00	9212,8	9216,85	9109	9142,35	LONG	0,00167	5982,76	0,00334	HOLD	99,6434	104,8898
2019-11-03	18:00	9142,23	9173,15	9120	9156,52	LONG	0,00167	5982,76	0,00334	HOLD	99,6434	104,9135
2019-11-03	19:00	9155,26	9165	9101	9150,08	LONG	0,00167	5982,76	0,00334	HOLD	99,6434	104,9027
2019-11-03	20:00	9150,08	9179,32	9132,04	9163,76	LONG	0,00167	5982,76	0,00334	HOLD	99,6434	104,9256
2019-11-03	21:00	9163,76	9186,63	9135,04	9145,79	LONG	0,00167	5982,76	0,00334	HOLD	99,6434	104,8956
2019-11-03	22:00	9146,54	9182,04	9130	9177,68	LONG	0,00167	5982,76	0,00334	HOLD	99,6434	104,9488
2019-11-03	23:00	9177,94	9180	9146,01	9164,44	LONG	0,00167	5982,76	0,00334	HOLD	99,6434	104,9267
2019-11-04	00:00	9165,79	9167	9112,95	9157,51	LONG	0,00167	5982,76	0,00334	HOLD	99,6434	104,9151
2019-11-04	01:00	9157,72	9163,08	9130,67	9157,82	LONG	0,00167	5982,76	0,00334	HOLD	99,6434	104,9156
2019-11-04	02:00	9158,84	9174,06	9133,03	9135,12	LONG	0,00167	5982,76	0,00334	HOLD	99,6434	104,8777
2019-11-04	03:00	9135,11	9159,44	9133,56	9151,73	LONG	0,00167	5982,76	0,00334	HOLD	99,6434	104,9055
2019-11-04	04:00	9151,72	9171,99	9066,14	9145,31	LONG	0,00167	5982,76	0,00334	HOLD	99,6434	104,8948
2019-11-04	05:00	9145,31	9214,99	9142,98	9203,44	LONG	0,00167	5982,76	0,00334	HOLD	99,6434	104,9918
2019-11-04	06:00	9204,98	9236	9183,59	9194,71	LONG	0,00167	5982,76	0,00334	HOLD	99,6434	104,9773
2019-11-04	07:00	9196,46	9209,82	9145,62	9165,74	LONG	0,00167	5982,76	0,00334	HOLD	99,6434	104,9289
2019-11-04	08:00	9165,73	9168,42	9136	9158,04	LONG	0,00167	5982,76	0,00334	HOLD	99,6434	104,916
2019-11-04	09:00	9158,04	9180,95	9144,4	9156,81	LONG	0,00167	5982,76	0,00334	HOLD	99,6434	104,914
2019-11-04	10:00	9157,54	9170	9133	9152,73	LONG	0,00167	5982,76	0,00334	HOLD	99,6434	104,9071
2019-11-04	11:00	9152,16	9154,91	9115,84	9132,64	LONG	0,00167	5982,76	0,00334	HOLD	99,6434	104,8736
2019-11-04	12:00	9132,64	9158,83	9125,96	9141,04	LONG	0,00167	5982,76	0,00334	HOLD	99,6434	104,8876
2019-11-04	13:00	9140	9171,76	9133,71	9160,22	LONG	0,00167	5982,76	0,00334	HOLD	99,6434	104,9197
2019-11-04	14:00	9160,22	9197,34	9160,22	9179,42	LONG	0,00167	5982,76	0,00334	HOLD	99,6434	104,9517
2019-11-04	15:00	9179,66	9194,59	9143,68	9155,87	LONG	0,00167	5982,76	0,00334	HOLD	99,6434	104,9124
2019-11-04	16:00	9155,87	9175	9152,77	9173,5	LONG	0,00167	5982,76	0,00334	HOLD	99,6434	104,9418
2019-11-04	17:00	9173,5	9220,77	9172,31	9199,96	LONG	0,00167	5982,76	0,00334	HOLD	99,6434	104,986
2019-11-04	18:00	9199,56	9273	9198,86	9260,2	LONG	0,00167	5982,76	0,00334	HOLD	99,6434	105,0866
2019-11-04	19:00	9260,2	9279,99	9228	9235,08	LONG	0,00167	5982,76	0,00334	HOLD	99,6434	105,0447
2019-11-04	20:00	9235,17	9259	9235,08	9243,94	LONG	0,00167	5982,76	0,00334	HOLD	99,6434	105,0595
2019-11-04	21:00	9244,15	9324,41	9242,73	9299,04	LONG	0,00167	5982,76	0,00334	HOLD	99,6434	105,1515
2019-11-04	22:00	9297,76	9315	9264,76	9295,16	LONG	0,00167	5982,76	0,00334	HOLD	99,6434	105,145
2019-11-04	23:00	9295	9325	9277	9299,01	LONG	0,00167	5982,76	0,00334	HOLD	99,6434	105,1514
2019-11-05	00:00	9299,47	9321,79	9296,71	9312,01	LONG	0,00167	5982,76	0,00334	HOLD	99,6434	105,1731
2019-11-05	01:00	9312,01	9313,71	9255	9264,02	LONG	0,00167	5982,76	0,00334	HOLD	99,6434	105,093
2019-11-05	02:00	9261,84	9281,83	9245,17	9262,63	LONG	0,00167	5982,76	0,00334	HOLD	99,6434	105,0907
2019-11-05	03:00	9262,37	9513,68	9260	9446,75	LONG	0,00167	5982,76	0,00334	HOLD	99,6434	105,3982
2019-11-05	04:00	9448,07	9465	9412	9412,85	LONG	0,00167	5982,76	0,00334	HOLD	99,6434	105,3415
2019-11-05	05:00	9412,02	9424,89	9338	9364,14	LONG	0,00167	5982,76	0,00334	HOLD	99,6434	105,2602
2019-11-05	06:00	9364,26	9418,61	9356,44	9393,35	LONG	0,00167	5982,76	0,00334	HOLD	99,6434	105,309
2019-11-05	07:00	9392,4	9399,84	9353,45	9370,89	LONG	0,00167	5982,76	0,00334	HOLD	99,6434	105,2715
2019-11-05	08:00	9370,9	9449	9369,14	9427,15	LONG	0,00167	5982,76	0,00334	HOLD	99,6434	105,3654
2019-11-05	09:00	9427,67	9454,95	9400,06	9427,52	LONG	0,00167	5982,76	0,00334	HOLD	99,6434	105,366
2019-11-05	10:00	9427,52	9427,81	9385,57	9404,24	LONG	0,00167	5982,76	0,00334	HOLD	99,6434	105,3272
2019-11-05	11:00	9404,02	9404,06	9353,76	9376,76	LONG	0,00167	5982,76	0,00334	HOLD	99,6434	105,2813
2019-11-05	12:00	9376,67	9398,11	9360,13	9381,4	LONG	0,00167	5982,76	0,00334	HOLD	99,6434	105,289
2019-11-05	13:00	9381,72	9382,34	9270	9285,03	LONG	0,00167	5982,76	0,00334	HOLD	99,6434	105,1281
2019-11-05	14:00	9284,78	9285,76	9175,76	9225	LONG	0,00167	5982,76	0,00334	HOLD	99,6434	105,0278
2019-11-05	15:00	9225,06	9256,96	9193,76	9236,5	LONG	0,00167	5982,76	0,00334	HOLD	99,6434	105,047
2019-11-05	16:00	9235,93	9331	9230	9287,66	LONG	0,00167	5982,76	0,00334	HOLD	99,6434	105,1325
2019-11-05	17:00	9287,67	9306,04	9265	9280,22	LONG	0,00167	5982,76	0,00334	HOLD	99,6434	105,1201
2019-11-05	18:00	9280,15	9301,03	9265,65	9286,04	LONG	0,00167	5982,76	0,00334	HOLD	99,6434	105,1298
2019-11-05	19:00	9286,04	9328	9276,18	9295,78	LONG	0,00167	5982,76	0,00334	HOLD	99,6434	105,146
2019-11-05	20:00	9296,51	9309,38	9217	9237,82	LONG	0,00167	5982,76	0,00334	HOLD	99,6434	105,0492
2019-11-05	21:00	9238,13	9379	9237,46	9345,41	LONG	0,00167	5982,76	0,00334	HOLD	99,6434	105,2289
2019-11-05	22:00	9345,4	9389,94	9325,52	9369,61	LONG	0,00167	5982,76	0,00334	HOLD	99,6434	105,2693
2019-11-05	23:00	9369,61	9386,99	9255,37	9337,39	LONG	0,00167	5982,76	0,00334	HOLD	99,6434	105,2155
2019-11-06	00:00	9338,84	9376	9320	9339,91	LONG	0,00167	5982,76	0,00334	HOLD	99,6434	105,2197
2019-11-06	01:00	9339,81	9358,61	9319,33	9331,39	LONG	0,00167	5982,76	0,00334	HOLD	99,6434	105,2055
2019-11-06	02:00	9330,96	9408,14	9326,71	9388,57	LONG	0,00167	5982,76	0,00334	HOLD	99,6434	105,301
2019-11-06	03:00	9388,57	9415,33	9301	9351,25	LONG	0,00167	5982,76	0,00334	HOLD	99,6434	105,2387
2019-11-06	04:00	9350,18	9391,25	9337,01	9340,34	LONG	0,00167	5982,76	0,00334	HOLD	99,6434	105,2205
2019-11-06	05:00	9339,74	9346	9275	9315,49	LONG	0,00167	5982,76	0,00334	HOLD	99,6434	105,179
2019-11-06	06:00	9315,45	9344,58	9288,91	9308,66	LONG	0,00167	5982,76	0,00334	HOLD	99,6434	105,1675
2019-11-06	07:00	9307,73	9321,2	9270	9293,68	LONG	0,00167	5982,76	0,00334	HOLD	99,6434	105,1425
2019-11-06	08:00	9293,73	9312,29	9266,16	9307,45	LONG	0,00167	5982,76	0,00334	HOLD	99,6434	105,1655
2019-11-06	09:00	9307,57	9332,94	9298,3	9300,76	LONG	0,00167	5982,76	0,00334	HOLD	99,6434	105,1544
2019-11-06	10:00	9301,83	9306,96	9276,01	9305	LONG	0,00167	5982,76	0,00334	HOLD	99,6434	105,1614
2019-11-06	11:00	9304,57	9335	9296,96	9333,09	LONG	0,00167	5982,76	0,00334	HOLD	99,6434	105,2083
2019-11-06	12:00	9333,1	9350	9310,01	9331,29	LONG	0,00167	5982,76	0,00334	HOLD	99,6434	105,2053
2019-11-06	13:00	9331,29	9390	9312,39	9378,16	LONG	0,00167	5982,76	0,00334	HOLD	99,6434	105,2836
2019-11-06	14:00	9377,77	9440,91	9359,35	9389,65	LONG	0,00167	5982,76	0,00334	HOLD	99,6434	105,3028
2019-11-06	15:00	9389,65	9406	9370	9399,9	LONG	0,00167	5982,76	0,00334	HOLD	99,6434	105,3199
2019-11-06	16:00	9399,29	9402	9348	9360,78	LONG	0,00167	5982,76	0,00334	HOLD	99,6434	105,2546
2019-11-06	17:00	9361,77	9374,85	9332	9347,38	LONG	0,00167	5982,76	0,00334	HOLD	99,6434	105,2322
2019-11-06	18:00	9347,38	9389,9	9338,11	9369,1	LONG	0,00167	5982,76	0,00334	HOLD	99,6434	105,2685
2019-11-06	19:00	9369,1	9391,75	9335	9354,65	LONG	0,00167	5982,76	0,00334	HOLD	99,6434	105,2444
2019-11-06	20:00	9354,63	9361,53	9306	9319,55	LONG	0,00167	5982,76	0,00334	HOLD	99,6434	105,1857
2019-11-06	21:00	9319,55	9351,94	9303	9323,65	LONG	0,00167	5982,76	0,00334	HOLD	99,6434	105,1926
2019-11-06	22:00	9323,65	9351	9320,06	9334,93	LONG	0,00167	5982,76	0,00334	HOLD	99,6434	105,2114
2019-11-06	23:00	9334,92	9334,92	9285	9319,64	LONG	0,00167	5982,76	0,00334	HOLD	99,6434	105,1859
2019-11-07	00:00	9319,63	9322,26	9250,01	9294,04	LONG	0,00167	5982,76	0,00334	HOLD	99,6434	105,1431
2019-11-07	01:00	9294,03	9311,21	9265,5	9304,15	LONG	0,00167	5982,76	0,00334	HOLD	99,6434	105,16
2019-11-07	02:00	9303,98	9340	9292,23	9293,5	LONG	0,00167	5982,76	0,00334	HOLD	99,6434	105,1422
2019-11-07	03:00	9292,96	9307,17	9272,52	9293,01	LONG	0,00167	5982,76	0,00334	HOLD	99,6434	105,1414
2019-11-07	04:00	9293,01	9321,58	9293	9320,13	LONG	0,00167	5982,76	0,00334	HOLD	99,6434	105,1867
2019-11-07	05:00	9320,11	9350,97	9315,15	9337,15	LONG	0,00167	5982,76	0,00334	HOLD	99,6434	105,2151
2019-11-07	06:00	9338,37	9363,58	9335	9339,05	LONG	0,00167	5982,76	0,00334	HOLD	99,6434	105,2183
2019-11-07	07:00	9339,16	9367,99	9322,68	9340,83	LONG	0,00167	5982,76	0,00334	HOLD	99,6434	105,2213
2019-11-07	08:00	9341,24	9375	9301,93	9323,16	LONG	0,00167	5982,76	0,00334	HOLD	99,6434	105,1918
2019-11-07	09:00	9323,11	9327,45	9275,12	9297,06	LONG	0,00167	5982,76	0,00334	HOLD	99,6434	105,1482
2019-11-07	10:00	9296,8	9311,98	9276,66	9300,09	LONG	0,00167	5982,76	0,00334	HOLD	99,6434	105,1532
2019-11-07	11:00	9300,09	9314,97	9283,9	9293,99	LONG	0,00167	5982,76	0,00334	HOLD	99,6434	105,143
2019-11-07	12:00	9293,51	9310,46	9259,88	9304,45	LONG	0,00167	5982,76	0,00334	HOLD	99,6434	105,1605
2019-11-07	13:00	9304,62	9308,07	9279,27	9287,1	LONG	0,00167	5982,76	0,00334	HOLD	99,6434	105,1315
2019-11-07	14:00	9287,11	9300	9215	9258,95	LONG	0,00167	5982,76	0,00334	HOLD	99,6434	105,0845
2019-11-07	15:00	9258,96	9273,12	9232,3	9255,54	LONG	0,00167	5982,76	0,00334	HOLD	99,6434	105,0788
2019-11-07	16:00	9256,05	9260,37	9225,97	9226,04	LONG	0,00167	5982,76	0,00334	HOLD	99,6434	105,0296
2019-11-07	17:00	9226,05	9229,84	9151	9208	LONG	0,00167	5982,76	0,00334	HOLD	99,6434	104,9994
2019-11-07	18:00	9207,83	9225,39	9185	9197,11	LONG	0,00167	5982,76	0,00334	HOLD	99,6434	104,9813
2019-11-07	19:00	9197,53	9214,22	9119	9180,05	LONG	0,00167	5982,76	0,00334	HOLD	99,6434	104,9528
2019-11-07	20:00	9180,98	9232,2	9165,01	9202,82	LONG	0,00167	5982,76	0,00334	HOLD	99,6434	104,9908
2019-11-07	21:00	9202,82	9240	9184,86	9223,6	LONG	0,00167	5982,76	0,00334	HOLD	99,6434	105,0255
2019-11-07	22:00	9223,62	9230,17	9186	9191,93	LONG	0,00167	5982,76	0,00334	HOLD	99,6434	104,9726
2019-11-07	23:00	9192	9234,34	9178,05	9209,29	LONG	0,00167	5982,76	0,00334	HOLD	99,6434	105,0016
2019-11-08	00:00	9209,29	9221,17	9192,58	9199,37	LONG	0,00167	5982,76	0,00334	HOLD	99,6434	104,985
2019-11-08	01:00	9199,14	9215,7	9188,07	9214,27	LONG	0,00167	5982,76	0,00334	HOLD	99,6434	105,0099
2019-11-08	02:00	9214,01	9218,94	9196,87	9201,23	LONG	0,00167	5982,76	0,00334	HOLD	99,6434	104,9881
2019-11-08	03:00	9201,09	9217,99	9185,14	9196,61	LONG	0,00167	5982,76	0,00334	HOLD	99,6434	104,9804
2019-11-08	04:00	9197,75	9225	9101	9224,93	LONG	0,00167	5982,76	0,00334	HOLD	99,6434	105,0277
2019-11-08	05:00	9224,93	9265,88	9211,51	9229,42	LONG	0,00167	5982,76	0,00334	HOLD	99,6434	105,0352
2019-11-08	06:00	9227,08	9237,6	9202	9216,2	LONG	0,00167	5982,76	0,00334	HOLD	99,6434	105,0131
2019-11-08	07:00	9214	9217,11	9176,45	9205,48	LONG	0,00167	5982,76	0,00334	HOLD	99,6434	104,9952
2019-11-08	08:00	9205,71	9242,02	9204,82	9221,33	LONG	0,00167	5982,76	0,00334	HOLD	99,6434	105,0217
2019-11-08	09:00	9223,01	9257,47	9215,47	9237,68	LONG	0,00167	5982,76	0,00334	HOLD	99,6434	105,049
2019-11-08	10:00	9237,96	9245,83	9226,22	9239,98	LONG	0,00167	5982,76	0,00334	HOLD	99,6434	105,0529
2019-11-08	11:00	9239,96	9261	9215,99	9223,52	LONG	0,00167	5982,76	0,00334	HOLD	99,6434	105,0254
2019-11-08	12:00	9222,9	9238,69	9192,2	9207,46	LONG	0,00167	5982,76	0,00334	HOLD	99,6434	104,9985
2019-11-08	13:00	9208,13	9214,17	9171	9191,25	LONG	0,00167	5982,76	0,00334	HOLD	99,6434	104,9715
2019-11-08	14:00	9191	9206,89	9110	9144,4	LONG	0,00167	5982,76	0,00334	HOLD	99,6434	104,8932
2019-11-08	15:00	9144,42	9158,75	9061,88	9085,63	LONG	0,00167	5982,76	0,00334	HOLD	99,6434	104,7951
2019-11-08	16:00	9086,07	9086,4	8955	9045,44	LONG	0,00167	5982,76	0,00334	HOLD	99,6434	104,728
2019-11-08	17:00	9044,96	9054,36	9009,35	9026,13	LONG	0,00167	5982,76	0,00334	HOLD	99,6434	104,6957
2019-11-08	18:00	9026,62	9073,07	9020	9026,27	LONG	0,00167	5982,76	0,00334	HOLD	99,6434	104,696
2019-11-08	19:00	9026,27	9035	8983	9011,76	LONG	0,00167	5982,76	0,00334	HOLD	99,6434	104,6717
2019-11-08	20:00	9010,83	9012,16	8760	8810,59	LONG	0,00167	5982,76	0,00334	HOLD	99,6434	104,3358
2019-11-08	21:00	8808,83	8853	8696	8772,08	LONG	0,00167	5982,76	0,00334	HOLD	99,6434	104,2715
2019-11-08	22:00	8771,96	8824	8728	8821,14	LONG	0,00167	5982,76	0,00334	HOLD	99,6434	104,3534
2019-11-08	23:00	8820,76	8821,4	8715	8764,21	LONG	0,00167	5982,76	0,00334	HOLD	99,6434	104,2583
2019-11-09	00:00	8764,21	8798,45	8757,5	8779,21	LONG	0,00167	5982,76	0,00334	HOLD	99,6434	104,2834
2019-11-09	01:00	8779,39	8857,14	8774,02	8820,42	LONG	0,00167	5982,76	0,00334	HOLD	99,6434	104,3522
2019-11-09	02:00	8819,11	8841,45	8795,1	8807,26	LONG	0,00167	5982,76	0,00334	HOLD	99,6434	104,3302
2019-11-09	03:00	8807,25	8844	8802,33	8810,28	LONG	0,00167	5982,76	0,00334	HOLD	99,6434	104,3353
2019-11-09	04:00	8810,97	8904,5	8810,24	8874,04	LONG	0,00167	5982,76	0,00334	HOLD	99,6434	104,4417
2019-11-09	05:00	8874,99	8881,17	8802,04	8802,18	LONG	0,00167	5982,76	0,00334	HOLD	99,6434	104,3217
2019-11-09	06:00	8802,17	8833,63	8768,9	8773,73	LONG	0,00167	5982,76	0,00334	HOLD	99,6434	104,2742
2019-11-09	07:00	8773,74	8827,44	8730,5	8813,02	LONG	0,00167	5982,76	0,00334	HOLD	99,6434	104,3398
2019-11-09	08:00	8813,01	8832,51	8785,97	8807,03	LONG	0,00167	5982,76	0,00334	HOLD	99,6434	104,3298
2019-11-09	09:00	8807,03	8829	8788,16	8820,81	LONG	0,00167	5982,76	0,00334	HOLD	99,6434	104,3528
2019-11-09	10:00	8820,9	8842,49	8813,68	8836,48	LONG	0,00167	5982,76	0,00334	HOLD	99,6434	104,379
2019-11-09	11:00	8836,04	8838,26	8805,58	8826,47	LONG	0,00167	5982,76	0,00334	HOLD	99,6434	104,3623
2019-11-09	12:00	8826,38	8837,26	8815,71	8826,99	LONG	0,00167	5982,76	0,00334	HOLD	99,6434	104,3632
2019-11-09	13:00	8827,2	8880	8827,1	8869,88	LONG	0,00167	5982,76	0,00334	HOLD	99,6434	104,4348
2019-11-09	14:00	8869,88	8878,04	8812,75	8823,73	LONG	0,00167	5982,76	0,00334	HOLD	99,6434	104,3577
2019-11-09	15:00	8822,91	8838,76	8807	8816,02	LONG	0,00167	5982,76	0,00334	HOLD	99,6434	104,3448
2019-11-09	16:00	8816,03	8852	8816,03	8831,18	LONG	0,00167	5982,76	0,00334	HOLD	99,6434	104,3702
2019-11-09	17:00	8831,88	8864,34	8830	8849,34	LONG	0,00167	5982,76	0,00334	HOLD	99,6434	104,4005
2019-11-09	18:00	8849,09	8855,45	8812,16	8817,7	LONG	0,00167	5982,76	0,00334	HOLD	99,6434	104,3476
2019-11-09	19:00	8818,27	8856	8816	8843,55	LONG	0,00167	5982,76	0,00334	HOLD	99,6434	104,3908
2019-11-09	20:00	8845,22	8874,9	8833,2	8859,32	LONG	0,00167	5982,76	0,00334	HOLD	99,6434	104,4171
2019-11-09	21:00	8859,21	8870	8775	8820,66	LONG	0,00167	5982,76	0,00334	HOLD	99,6434	104,3526
2019-11-09	22:00	8820,65	8834,15	8774	8800,75	LONG	0,00167	5982,76	0,00334	HOLD	99,6434	104,3193
2019-11-09	23:00	8800,75	8827,09	8724,88	8753,87	LONG	0,00167	5982,76	0,00334	HOLD	99,6434	104,241
2019-11-10	00:00	8752,3	8790,31	8742,64	8774,98	LONG	0,00167	5982,76	0,00334	HOLD	99,6434	104,2763
2019-11-10	01:00	8774,53	8787,79	8760,42	8766,71	LONG	0,00167	5982,76	0,00334	HOLD	99,6434	104,2625
2019-11-10	02:00	8766,71	8780,17	8756	8757,7	LONG	0,00167	5982,76	0,00334	HOLD	99,6434	104,2474
2019-11-10	03:00	8757,7	8789,99	8756,61	8782,14	LONG	0,00167	5982,76	0,00334	HOLD	99,6434	104,2883
2019-11-10	04:00	8782,14	8810,78	8782,12	8810	LONG	0,00167	5982,76	0,00334	HOLD	99,6434	104,3348
2019-11-10	05:00	8810	8819,43	8773,01	8796,05	LONG	0,00167	5982,76	0,00334	HOLD	99,6434	104,3115
2019-11-10	06:00	8796,05	8831	8790,12	8809,41	LONG	0,00167	5982,76	0,00334	HOLD	99,6434	104,3338
2019-11-10	07:00	8809,18	8810,43	8770,58	8774,52	LONG	0,00167	5982,76	0,00334	HOLD	99,6434	104,2755
2019-11-10	08:00	8773,73	8793,45	8766,38	8780,19	LONG	0,00167	5982,76	0,00334	HOLD	99,6434	104,285
2019-11-10	09:00	8780,8	8791,36	8760	8771,64	LONG	0,00167	5982,76	0,00334	HOLD	99,6434	104,2707
2019-11-10	10:00	8771,75	8776,48	8750	8773,33	LONG	0,00167	5982,76	0,00334	HOLD	99,6434	104,2735
2019-11-10	11:00	8773,33	8803,26	8772,46	8783,34	LONG	0,00167	5982,76	0,00334	HOLD	99,6434	104,2903
2019-11-10	12:00	8783,37	8864	8783,33	8857,35	LONG	0,00167	5982,76	0,00334	HOLD	99,6434	104,4139
2019-11-10	13:00	8857,35	8890	8830	8843,67	LONG	0,00167	5982,76	0,00334	HOLD	99,6434	104,391
2019-11-10	14:00	8843,65	8855,43	8832,58	8848,11	LONG	0,00167	5982,76	0,00334	HOLD	99,6434	104,3984
2019-11-10	15:00	8847,65	8888	8817,15	8822,78	LONG	0,00167	5982,76	0,00334	HOLD	99,6434	104,3561
2019-11-10	16:00	8824,25	8848,35	8811	8822,95	LONG	0,00167	5982,76	0,00334	HOLD	99,6434	104,3564
2019-11-10	17:00	8822,95	8855,01	8817,48	8847,19	LONG	0,00167	5982,76	0,00334	HOLD	99,6434	104,3969
2019-11-10	18:00	8847,31	8861,63	8824,05	8829,51	LONG	0,00167	5982,76	0,00334	HOLD	99,6434	104,3674
2019-11-10	19:00	8829,75	8859,39	8829,52	8841,21	LONG	0,00167	5982,76	0,00334	HOLD	99,6434	104,3869
2019-11-10	20:00	8841,96	8848,35	8790,56	8812,2	LONG	0,00167	5982,76	0,00334	HOLD	99,6434	104,3385
2019-11-10	21:00	8811,37	8833,66	8783,5	8830,63	LONG	0,00167	5982,76	0,00334	HOLD	99,6434	104,3692
2019-11-10	22:00	8830,7	8833,63	8793,5	8800,64	LONG	0,00167	5982,76	0,00334	HOLD	99,6434	104,3192
2019-11-10	23:00	8800	9147,19	8787,37	9020,63	LONG	0,00167	5982,76	0,00334	HOLD	99,6434	104,6865
2019-11-11	00:00	9020,67	9066,99	9013,09	9037	LONG	0,00167	5982,76	0,00334	HOLD	99,6434	104,7139
2019-11-11	01:00	9037	9058,78	9023,01	9037,98	LONG	0,00167	5982,76	0,00334	HOLD	99,6434	104,7155
2019-11-11	02:00	9037,81	9060	9031	9048,29	LONG	0,00167	5982,76	0,00334	HOLD	99,6434	104,7327
2019-11-11	03:00	9048,29	9065,99	9030	9033	LONG	0,00167	5982,76	0,00334	HOLD	99,6434	104,7072
2019-11-11	04:00	9033	9050	9023	9041,86	LONG	0,00167	5982,76	0,00334	HOLD	99,6434	104,722
2019-11-11	05:00	9041,86	9099	9039,11	9082,34	LONG	0,00167	5982,76	0,00334	HOLD	99,6434	104,7896
2019-11-11	06:00	9082,34	9099,92	9027,76	9039,47	LONG	0,00167	5982,76	0,00334	HOLD	99,6434	104,718
2019-11-11	07:00	9040,16	9057,34	9027	9042,97	LONG	0,00167	5982,76	0,00334	HOLD	99,6434	104,7238
2019-11-11	08:00	9042,96	9065	9035,01	9062,73	LONG	0,00167	5982,76	0,00334	HOLD	99,6434	104,7568
2019-11-11	09:00	9063,67	9072,32	9040,55	9054,03	LONG	0,00167	5982,76	0,00334	HOLD	99,6434	104,7423
2019-11-11	10:00	9054,03	9054,07	9003,88	9019,57	LONG	0,00167	5982,76	0,00334	HOLD	99,6434	104,6848
2019-11-11	11:00	9019,78	9035,64	8926,7	8939,9	LONG	0,00167	5982,76	0,00334	HOLD	99,6434	104,5517
2019-11-11	12:00	8939,45	8956,39	8850	8900,08	LONG	0,00167	5982,76	0,00334	HOLD	99,6434	104,4852
2019-11-11	13:00	8900,07	8900,52	8744,33	8789,61	LONG	0,00167	5982,76	0,00334	HOLD	99,6434	104,3007
2019-11-11	14:00	8789,61	8825,89	8759,77	8814,44	LONG	0,00167	5982,76	0,00334	HOLD	99,6434	104,3422
2019-11-11	15:00	8812,8	8813,62	8761	8764,63	LONG	0,00167	5982,76	0,00334	HOLD	99,6434	104,259
2019-11-11	16:00	8765,48	8766,94	8618,68	8659,65	LONG	0,00167	5982,76	0,00334	HOLD	99,6434	104,0837
2019-11-11	17:00	8659,47	8728,38	8632,26	8714,41	LONG	0,00167	5982,76	0,00334	HOLD	99,6434	104,1752
2019-11-11	18:00	8714,43	8744,95	8680,28	8726,74	LONG	0,00167	5982,76	0,00334	HOLD	99,6434	104,1957
2019-11-11	19:00	8726,17	8730	8690	8715,82	LONG	0,00167	5982,76	0,00334	HOLD	99,6434	104,1775
2019-11-11	20:00	8715,83	8730,27	8692	8723,7	LONG	0,00167	5982,76	0,00334	HOLD	99,6434	104,1907
2019-11-11	21:00	8723,1	8754,23	8707,07	8749,65	LONG	0,00167	5982,76	0,00334	HOLD	99,6434	104,234
2019-11-11	22:00	8748,18	8749,81	8693,88	8723,59	LONG	0,00167	5982,76	0,00334	HOLD	99,6434	104,1905
2019-11-11	23:00	8723,59	8746,42	8697,95	8734,42	LONG	0,00167	5982,76	0,00334	HOLD	99,6434	104,2086
2019-11-12	00:00	8734,37	8745	8717,97	8737	LONG	0,00167	5982,76	0,00334	HOLD	99,6434	104,2129
2019-11-12	01:00	8736,05	8800	8726,31	8769,64	LONG	0,00167	5982,76	0,00334	HOLD	99,6434	104,2674
2019-11-12	02:00	8769,64	8776,17	8733,87	8763,76	LONG	0,00167	5982,76	0,00334	HOLD	99,6434	104,2576
2019-11-12	03:00	8763,3	8765,3	8723	8726,84	LONG	0,00167	5982,76	0,00334	HOLD	99,6434	104,1959
2019-11-12	04:00	8724,36	8753,88	8723	8739,64	LONG	0,00167	5982,76	0,00334	HOLD	99,6434	104,2173
2019-11-12	05:00	8739,62	8743,75	8699	8723,88	LONG	0,00167	5982,76	0,00334	HOLD	99,6434	104,191
2019-11-12	06:00	8723,86	8742,89	8700,17	8733,27	LONG	0,00167	5982,76	0,00334	HOLD	99,6434	104,2066
2019-11-12	07:00	8733,36	8761,82	8713,93	8741,68	LONG	0,00167	5982,76	0,00334	HOLD	99,6434	104,2207
2019-11-12	08:00	8741,69	8756,56	8722,13	8738,06	LONG	0,00167	5982,76	0,00334	HOLD	99,6434	104,2146
2019-11-12	09:00	8738,72	8778,26	8738,09	8747,21	LONG	0,00167	5982,76	0,00334	HOLD	99,6434	104,2299
2019-11-12	10:00	8747,85	8767	8705	8740,65	LONG	0,00167	5982,76	0,00334	HOLD	99,6434	104,219
2019-11-12	11:00	8740,65	8759,49	8723,88	8744,88	LONG	0,00167	5982,76	0,00334	HOLD	99,6434	104,226
2019-11-12	12:00	8745,96	8796	8736,32	8753,58	LONG	0,00167	5982,76	0,00334	HOLD	99,6434	104,2406
2019-11-12	13:00	8753,2	8773,88	8744	8766,54	LONG	0,00167	5982,76	0,00334	HOLD	99,6434	104,2622
2019-11-12	14:00	8766,54	8786	8760,78	8772,37	LONG	0,00167	5982,76	0,00334	HOLD	99,6434	104,2719
2019-11-12	15:00	8772,29	8775,31	8747,28	8749,93	LONG	0,00167	5982,76	0,00334	HOLD	99,6434	104,2345
2019-11-12	16:00	8750,01	8770,53	8712,35	8760,46	LONG	0,00167	5982,76	0,00334	HOLD	99,6434	104,2521
2019-11-12	17:00	8759,01	8771,77	8743,27	8750	LONG	0,00167	5982,76	0,00334	HOLD	99,6434	104,2346
2019-11-12	18:00	8750	8759,33	8729,59	8748,77	LONG	0,00167	5982,76	0,00334	HOLD	99,6434	104,2325
2019-11-12	19:00	8748,77	8888	8660	8721,2	LONG	0,00167	5982,76	0,00334	HOLD	99,6434	104,1865
2019-11-12	20:00	8723,14	8726,98	8642,71	8672,9	LONG	0,00167	5982,76	0,00334	HOLD	99,6434	104,1058
2019-11-12	21:00	8671,05	8707,89	8645,61	8681,57	LONG	0,00167	5982,76	0,00334	HOLD	99,6434	104,1203
2019-11-12	22:00	8681,57	8733	8567,6	8705,27	LONG	0,00167	5982,76	0,00334	HOLD	99,6434	104,1599
2019-11-12	23:00	8703,61	8730	8683,39	8716,87	LONG	0,00167	5982,76	0,00334	HOLD	99,6434	104,1793
2019-11-13	00:00	8716,87	8765,04	8708,1	8742,77	LONG	0,00167	5982,76	0,00334	HOLD	99,6434	104,2225
2019-11-13	01:00	8741,21	8760,36	8731,48	8750,15	LONG	0,00167	5982,76	0,00334	HOLD	99,6434	104,2348
2019-11-13	02:00	8750,96	8789,6	8746,4	8774,51	LONG	0,00167	5982,76	0,00334	HOLD	99,6434	104,2755
2019-11-13	03:00	8774,13	8824,24	8755	8794,21	LONG	0,00167	5982,76	0,00334	HOLD	99,6434	104,3084
2019-11-13	04:00	8793,1	8799,5	8763,66	8771,98	LONG	0,00167	5982,76	0,00334	HOLD	99,6434	104,2713
2019-11-13	05:00	8771,04	8790	8755	8778,56	LONG	0,00167	5982,76	0,00334	HOLD	99,6434	104,2823
2019-11-13	06:00	8777,45	8823,11	8768,2	8821,94	LONG	0,00167	5982,76	0,00334	HOLD	99,6434	104,3547
2019-11-13	07:00	8821,91	8844,99	8760,58	8786,26	LONG	0,00167	5982,76	0,00334	HOLD	99,6434	104,2951
2019-11-13	08:00	8787,61	8787,62	8761,11	8767	LONG	0,00167	5982,76	0,00334	HOLD	99,6434	104,263
2019-11-13	11:00	8767,01	8767,47	8702	8732,97	LONG	0,00167	5982,76	0,00334	HOLD	99,6434	104,2061
2019-11-13	12:00	8732,13	8752,44	8722,75	8725,69	LONG	0,00167	5982,76	0,00334	HOLD	99,6434	104,194
2019-11-13	13:00	8727,98	8759,49	8713,66	8749,3	LONG	0,00167	5982,76	0,00334	HOLD	99,6434	104,2334
2019-11-13	14:00	8749,3	8767	8740	8744,26	LONG	0,00167	5982,76	0,00334	HOLD	99,6434	104,225
2019-11-13	15:00	8744,87	8799,82	8731,46	8779,82	LONG	0,00167	5982,76	0,00334	HOLD	99,6434	104,2844
2019-11-13	16:00	8778,99	8807	8740,56	8777,01	LONG	0,00167	5982,76	0,00334	HOLD	99,6434	104,2797
2019-11-13	17:00	8777,86	8811,24	8770	8793,72	LONG	0,00167	5982,76	0,00334	HOLD	99,6434	104,3076
2019-11-13	18:00	8793,96	8794,27	8750,01	8773,07	LONG	0,00167	5982,76	0,00334	HOLD	99,6434	104,2731
2019-11-13	19:00	8773,1	8803	8751,16	8763,69	LONG	0,00167	5982,76	0,00334	HOLD	99,6434	104,2574
2019-11-13	20:00	8764,59	8764,71	8732	8758,36	LONG	0,00167	5982,76	0,00334	HOLD	99,6434	104,2485
2019-11-13	21:00	8759,72	8781,92	8736	8750,77	LONG	0,00167	5982,76	0,00334	HOLD	99,6434	104,2359
2019-11-13	22:00	8750,77	8763,08	8738,98	8751,18	LONG	0,00167	5982,76	0,00334	HOLD	99,6434	104,2366
2019-11-13	23:00	8751,98	8771,93	8739,05	8764,62	LONG	0,00167	5982,76	0,00334	HOLD	99,6434	104,259
2019-11-14	00:00	8764,39	8785	8760,26	8769,63	LONG	0,00167	5982,76	0,00334	HOLD	99,6434	104,2674
2019-11-14	01:00	8769,91	8782	8755,02	8756,69	LONG	0,00167	5982,76	0,00334	HOLD	99,6434	104,2458
2019-11-14	02:00	8757,01	8784,99	8752,3	8778,4	LONG	0,00167	5982,76	0,00334	HOLD	99,6434	104,282
2019-11-14	03:00	8778,7	8796,16	8755,23	8763,32	LONG	0,00167	5982,76	0,00334	HOLD	99,6434	104,2568
2019-11-14	04:00	8763,43	8777,11	8756,39	8769,99	LONG	0,00167	5982,76	0,00334	HOLD	99,6434	104,268
2019-11-14	05:00	8769,95	8770,39	8755,6	8766,48	LONG	0,00167	5982,76	0,00334	HOLD	99,6434	104,2621
2019-11-14	06:00	8767,13	8795	8763,35	8777,12	LONG	0,00167	5982,76	0,00334	HOLD	99,6434	104,2799
2019-11-14	07:00	8777,54	8800	8770,11	8777,91	LONG	0,00167	5982,76	0,00334	HOLD	99,6434	104,2812
2019-11-14	08:00	8777,91	8789,08	8756	8756,01	LONG	0,00167	5982,76	0,00334	HOLD	99,6434	104,2446
2019-11-14	09:00	8756,01	8760,06	8735,98	8747,9	LONG	0,00167	5982,76	0,00334	HOLD	99,6434	104,2311
2019-11-14	10:00	8748,42	8770,28	8743,75	8759,2	LONG	0,00167	5982,76	0,00334	HOLD	99,6434	104,2499
2019-11-14	11:00	8759,64	8770,11	8655	8687,48	LONG	0,00167	5982,76	0,00334	HOLD	99,6434	104,1302
2019-11-14	12:00	8688,16	8741,23	8650	8704,39	LONG	0,00167	5982,76	0,00334	HOLD	99,6434	104,1584
2019-11-14	13:00	8703,58	8730	8677,17	8695,16	LONG	0,00167	5982,76	0,00334	HOLD	99,6434	104,143
2019-11-14	14:00	8695,21	8705	8650,06	8668,36	LONG	0,00167	5982,76	0,00334	HOLD	99,6434	104,0982
2019-11-14	15:00	8665,56	8667,87	8582,6	8616,33	LONG	0,00167	5982,76	0,00334	HOLD	99,6434	104,0114
2019-11-14	16:00	8616,32	8651,88	8594,07	8635	LONG	0,00167	5982,76	0,00334	HOLD	99,6434	104,0425
2019-11-14	17:00	8634,93	8654,34	8620,12	8626,64	LONG	0,00167	5982,76	0,00334	HOLD	99,6434	104,0286
2019-11-14	18:00	8626,64	8637,56	8595,54	8636,54	LONG	0,00167	5982,76	0,00334	HOLD	99,6434	104,0451
2019-11-14	19:00	8636,12	8639,28	8606,01	8628,99	LONG	0,00167	5982,76	0,00334	HOLD	99,6434	104,0325
2019-11-14	20:00	8628,99	8706,17	8618,21	8680,93	LONG	0,00167	5982,76	0,00334	HOLD	99,6434	104,1192
2019-11-14	21:00	8680,93	8695,78	8658,04	8669,27	LONG	0,00167	5982,76	0,00334	HOLD	99,6434	104,0998
2019-11-14	22:00	8669,05	8669,23	8618,71	8643,57	LONG	0,00167	5982,76	0,00334	HOLD	99,6434	104,0568
2019-11-14	23:00	8643,58	8664,94	8630,67	8655,38	LONG	0,00167	5982,76	0,00334	HOLD	99,6434	104,0766
2019-11-15	00:00	8655,91	8670	8655,31	8661,89	LONG	0,00167	5982,76	0,00334	HOLD	99,6434	104,0874
2019-11-15	01:00	8661,76	8666,17	8630,67	8642,92	LONG	0,00167	5982,76	0,00334	HOLD	99,6434	104,0558
2019-11-15	02:00	8643,39	8654,59	8639,01	8649,02	LONG	0,00167	5982,76	0,00334	HOLD	99,6434	104,0659
2019-11-15	03:00	8649	8673,74	8648,02	8666,45	LONG	0,00167	5982,76	0,00334	HOLD	99,6434	104,0951
2019-11-15	04:00	8666,75	8674,07	8658,87	8667,9	LONG	0,00167	5982,76	0,00334	HOLD	99,6434	104,0975
2019-11-15	05:00	8667,9	8670,14	8653	8663,99	LONG	0,00167	5982,76	0,00334	HOLD	99,6434	104,0909
2019-11-15	06:00	8664	8684,98	8644,74	8646,68	LONG	0,00167	5982,76	0,00334	HOLD	99,6434	104,062
2019-11-15	07:00	8646,38	8659,41	8610,87	8611,98	LONG	0,00167	5982,76	0,00334	HOLD	99,6434	104,0041
2019-11-15	08:00	8611,99	8627	8526,11	8559,96	LONG	0,00167	5982,76	0,00334	HOLD	99,6434	103,9172
2019-11-15	09:00	8557,95	8590,06	8526,11	8538,61	LONG	0,00167	5982,76	0,00334	HOLD	99,6434	103,8816
2019-11-15	10:00	8538,16	8579,99	8517	8558,15	LONG	0,00167	5982,76	0,00334	HOLD	99,6434	103,9142
2019-11-15	11:00	8558,13	8571,08	8531,61	8557,45	LONG	0,00167	5982,76	0,00334	HOLD	99,6434	103,913
2019-11-15	12:00	8557,54	8574,04	8550	8564,64	LONG	0,00167	5982,76	0,00334	HOLD	99,6434	103,925
2019-11-15	13:00	8564,63	8610,97	8558,59	8588,01	LONG	0,00167	5982,76	0,00334	HOLD	99,6434	103,9641
2019-11-15	14:00	8588,01	8592	8562,94	8574,77	LONG	0,00167	5982,76	0,00334	HOLD	99,6434	103,942
2019-11-15	15:00	8574,76	8660	8569,98	8654,39	LONG	0,00167	5982,76	0,00334	HOLD	99,6434	104,0749
2019-11-15	16:00	8654,4	8790	8590	8623,7	LONG	0,00167	5982,76	0,00334	HOLD	99,6434	104,0237
2019-11-15	17:00	8621,62	8664,92	8590	8655,79	LONG	0,00167	5982,76	0,00334	HOLD	99,6434	104,0773
2019-11-15	18:00	8656,09	8669,33	8626,62	8630,54	LONG	0,00167	5982,76	0,00334	HOLD	99,6434	104,0351
2019-11-15	19:00	8630,5	8674,27	8626,62	8664,5	LONG	0,00167	5982,76	0,00334	HOLD	99,6434	104,0918
2019-11-15	20:00	8664,42	8689	8638,08	8645,47	LONG	0,00167	5982,76	0,00334	HOLD	99,6434	104,06
2019-11-15	21:00	8645,4	8647,24	8400	8463,73	LONG	0,00167	5982,76	0,00334	HOLD	99,6434	103,7565
2019-11-15	22:00	8463,84	8491,77	8415,6	8479,88	LONG	0,00167	5982,76	0,00334	HOLD	99,6434	103,7835
2019-11-15	23:00	8479,45	8483,99	8430,83	8476,07	LONG	0,00167	5982,76	0,00334	HOLD	99,6434	103,7771
2019-11-16	00:00	8476,64	8484,99	8455,82	8479,21	LONG	0,00167	5982,76	0,00334	HOLD	99,6434	103,7824
2019-11-16	01:00	8479,18	8497,64	8460,17	8497,32	LONG	0,00167	5982,76	0,00334	HOLD	99,6434	103,8126
2019-11-16	02:00	8496,81	8498,53	8467	8485,57	LONG	0,00167	5982,76	0,00334	HOLD	99,6434	103,793
2019-11-16	03:00	8486,08	8492,82	8469,34	8481	LONG	0,00167	5982,76	0,00334	HOLD	99,6434	103,7854
2019-11-16	04:00	8480,99	8483,13	8454	8462,21	LONG	0,00167	5982,76	0,00334	HOLD	99,6434	103,754
2019-11-16	05:00	8464,19	8523,67	8462,57	8521,01	LONG	0,00167	5982,76	0,00334	HOLD	99,6434	103,8522
2019-11-16	06:00	8521,77	8532,74	8451,94	8471,73	LONG	0,00167	5982,76	0,00334	HOLD	99,6434	103,7699
2019-11-16	07:00	8471,62	8480,5	8400	8467,96	LONG	0,00167	5982,76	0,00334	HOLD	99,6434	103,7636
2019-11-16	08:00	8467,81	8490	8461,13	8483,64	LONG	0,00167	5982,76	0,00334	HOLD	99,6434	103,7898
2019-11-16	09:00	8483,64	8484,74	8435,18	8458,05	LONG	0,00167	5982,76	0,00334	HOLD	99,6434	103,747
2019-11-16	10:00	8458,2	8468,29	8441,64	8451,13	LONG	0,00167	5982,76	0,00334	HOLD	99,6434	103,7355
2019-11-16	11:00	8452,26	8477,66	8449,55	8470	LONG	0,00167	5982,76	0,00334	HOLD	99,6434	103,767
2019-11-16	12:00	8469,98	8475,39	8453,83	8467,72	LONG	0,00167	5982,76	0,00334	HOLD	99,6434	103,7632
2019-11-16	13:00	8467,6	8478,36	8461,04	8462,81	LONG	0,00167	5982,76	0,00334	HOLD	99,6434	103,755
2019-11-16	14:00	8462,81	8508,53	8461,9	8474,82	LONG	0,00167	5982,76	0,00334	HOLD	99,6434	103,775
2019-11-16	15:00	8475,34	8502	8474,51	8480,88	LONG	0,00167	5982,76	0,00334	HOLD	99,6434	103,7852
2019-11-16	16:00	8480,77	8543	8479,23	8499,27	LONG	0,00167	5982,76	0,00334	HOLD	99,6434	103,8159
2019-11-16	17:00	8499,21	8532,61	8455,71	8472,83	LONG	0,00167	5982,76	0,00334	HOLD	99,6434	103,7717
2019-11-16	18:00	8472,89	8480,59	8452,23	8479,03	LONG	0,00167	5982,76	0,00334	HOLD	99,6434	103,7821
2019-11-16	19:00	8478,79	8489,99	8458,12	8474,72	LONG	0,00167	5982,76	0,00334	HOLD	99,6434	103,7749
2019-11-16	20:00	8474,72	8505,34	8470	8488,98	LONG	0,00167	5982,76	0,00334	HOLD	99,6434	103,7987
2019-11-16	21:00	8488,98	8526,24	8455,86	8485,41	LONG	0,00167	5982,76	0,00334	HOLD	99,6434	103,7927
2019-11-16	22:00	8485,24	8502,64	8477,96	8489,4	LONG	0,00167	5982,76	0,00334	HOLD	99,6434	103,7994
2019-11-16	23:00	8489,47	8502,95	8481,69	8494,74	LONG	0,00167	5982,76	0,00334	HOLD	99,6434	103,8083
2019-11-17	00:00	8494,78	8496,05	8472,38	8477,62	LONG	0,00167	5982,76	0,00334	HOLD	99,6434	103,7797
2019-11-17	01:00	8477,59	8484	8470,78	8483,57	LONG	0,00167	5982,76	0,00334	HOLD	99,6434	103,7896
2019-11-17	02:00	8483,92	8487,38	8466,61	8472,29	LONG	0,00167	5982,76	0,00334	HOLD	99,6434	103,7708
2019-11-17	03:00	8472,3	8475,55	8453,98	8455,18	LONG	0,00167	5982,76	0,00334	HOLD	99,6434	103,7422
2019-11-17	04:00	8455,1	8488,11	8453,6	8483,38	LONG	0,00167	5982,76	0,00334	HOLD	99,6434	103,7893
2019-11-17	05:00	8484,09	8492,49	8471,71	8477,02	LONG	0,00167	5982,76	0,00334	HOLD	99,6434	103,7787
2019-11-17	06:00	8478,31	8491,2	8471,43	8491,02	LONG	0,00167	5982,76	0,00334	HOLD	99,6434	103,8021
2019-11-17	07:00	8490,74	8519,53	8484,88	8504,65	LONG	0,00167	5982,76	0,00334	HOLD	99,6434	103,8249
2019-11-17	08:00	8504,48	8516,32	8481,87	8484,8	LONG	0,00167	5982,76	0,00334	HOLD	99,6434	103,7917
2019-11-17	09:00	8485,13	8499,97	8480	8485,67	LONG	0,00167	5982,76	0,00334	HOLD	99,6434	103,7932
2019-11-17	10:00	8486,2	8487,6	8472,61	8482,02	LONG	0,00167	5982,76	0,00334	HOLD	99,6434	103,7871
2019-11-17	11:00	8482,01	8484,1	8463,64	8475,36	LONG	0,00167	5982,76	0,00334	HOLD	99,6434	103,7759
2019-11-17	12:00	8475,33	8491,28	8474,01	8491,01	LONG	0,00167	5982,76	0,00334	HOLD	99,6434	103,8021
2019-11-17	13:00	8491,34	8491,51	8474	8479,23	LONG	0,00167	5982,76	0,00334	HOLD	99,6434	103,7824
2019-11-17	14:00	8479,26	8479,4	8407	8425,81	LONG	0,00167	5982,76	0,00334	HOLD	99,6434	103,6932
2019-11-17	15:00	8427,3	8567,18	8350,68	8553,34	LONG	0,00167	5982,76	0,00334	HOLD	99,6434	103,9062
2019-11-17	16:00	8554,52	8591,83	8504	8536,33	LONG	0,00167	5982,76	0,00334	HOLD	99,6434	103,8778
2019-11-17	17:00	8535,88	8547,62	8520	8525	LONG	0,00167	5982,76	0,00334	HOLD	99,6434	103,8588
2019-11-17	18:00	8525,42	8541,83	8517,01	8521,26	LONG	0,00167	5982,76	0,00334	HOLD	99,6434	103,8526
2019-11-17	19:00	8521,26	8574,37	8520	8559,67	LONG	0,00167	5982,76	0,00334	HOLD	99,6434	103,9167
2019-11-17	20:00	8559,67	8573,69	8518	8530,31	LONG	0,00167	5982,76	0,00334	HOLD	99,6434	103,8677
2019-11-17	21:00	8530,31	8536,26	8511,26	8521,2	LONG	0,00167	5982,76	0,00334	HOLD	99,6434	103,8525
2019-11-17	22:00	8521,08	8544,39	8518,3	8529,99	LONG	0,00167	5982,76	0,00334	HOLD	99,6434	103,8672
2019-11-17	23:00	8529,52	8550	8525,16	8536,73	LONG	0,00167	5982,76	0,00334	HOLD	99,6434	103,8784
2019-11-18	00:00	8536,73	8557,49	8534,59	8542,05	LONG	0,00167	5982,76	0,00334	HOLD	99,6434	103,8873
2019-11-18	01:00	8541,23	8548,75	8530,4	8539,05	LONG	0,00167	5982,76	0,00334	HOLD	99,6434	103,8823
2019-11-18	02:00	8539,24	8567,55	8533,67	8553,19	LONG	0,00167	5982,76	0,00334	HOLD	99,6434	103,9059
2019-11-18	03:00	8552,96	8635	8519	8531,34	LONG	0,00167	5982,76	0,00334	HOLD	99,6434	103,8694
2019-11-18	04:00	8531,34	8559,52	8525,37	8548,82	LONG	0,00167	5982,76	0,00334	HOLD	99,6434	103,8986
2019-11-18	05:00	8548,99	8553	8529,72	8545,13	LONG	0,00167	5982,76	0,00334	HOLD	99,6434	103,8925
2019-11-18	06:00	8545,49	8547,48	8455,55	8502,4	LONG	0,00167	5982,76	0,00334	HOLD	99,6434	103,8211
2019-11-18	07:00	8502,87	8503,52	8456	8494,5	LONG	0,00167	5982,76	0,00334	HOLD	99,6434	103,8079
2019-11-18	08:00	8494,56	8498,33	8473,71	8483,94	LONG	0,00167	5982,76	0,00334	HOLD	99,6434	103,7903
2019-11-18	09:00	8485,04	8485,04	8415	8451,99	LONG	0,00167	5982,76	0,00334	HOLD	99,6434	103,7369
2019-11-18	10:00	8451,99	8481,65	8430,69	8475,78	LONG	0,00167	5982,76	0,00334	HOLD	99,6434	103,7766
2019-11-18	11:00	8474,69	8492	8457,71	8473,69	LONG	0,00167	5982,76	0,00334	HOLD	99,6434	103,7731
2019-11-18	12:00	8474,53	8487,79	8464,63	8482,38	LONG	0,00167	5982,76	0,00334	HOLD	99,6434	103,7877
2019-11-18	13:00	8482,42	8492	8432,14	8444,78	LONG	0,00167	5982,76	0,00334	HOLD	99,6434	103,7249
2019-11-18	14:00	8444,78	8467,78	8423,44	8452,03	LONG	0,00167	5982,76	0,00334	HOLD	99,6434	103,737
2019-11-18	15:00	8451,23	8499	8435,23	8473,5	LONG	0,00167	5982,76	0,00334	HOLD	99,6434	103,7728
2019-11-18	16:00	8473,54	8480,48	8457,64	8479,21	LONG	0,00167	5982,76	0,00334	HOLD	99,6434	103,7824
2019-11-18	17:00	8479,38	8479,74	8454,29	8458,26	LONG	0,00167	5982,76	0,00334	HOLD	99,6434	103,7474
2019-11-18	18:00	8458,53	8466,19	8425	8443,77	LONG	0,00167	5982,76	0,00334	HOLD	99,6434	103,7232
2019-11-18	19:00	8443,9	8445,75	8370,45	8415	LONG	0,00167	5982,76	0,00334	HOLD	99,6434	103,6751
2019-11-18	20:00	8415,01	8465,48	8405	8445,94	LONG	0,00167	5982,76	0,00334	HOLD	99,6434	103,7268
2019-11-18	21:00	8446	8463,01	8440	8443,34	LONG	0,00167	5982,76	0,00334	HOLD	99,6434	103,7225
2019-11-18	22:00	8442,91	8444,44	8395,93	8408,99	LONG	0,00167	5982,76	0,00334	HOLD	99,6434	103,6651
2019-11-18	23:00	8408,99	8437,22	8406,74	8415,95	LONG	0,00167	5982,76	0,00334	HOLD	99,6434	103,6767
2019-11-19	00:00	8415,96	8416,17	8305	8344,82	LONG	0,00167	5982,76	0,00334	HOLD	99,6434	103,5579
2019-11-19	01:00	8343,77	8348,93	8060	8214,88	LONG	0,00167	5982,76	0,00334	HOLD	99,6434	103,3409
2019-11-19	02:00	8215,19	8248	8174	8213,95	LONG	0,00167	5982,76	0,00334	HOLD	99,6434	103,3394
2019-11-19	03:00	8213,42	8221,7	8169,03	8217,89	LONG	0,00167	5982,76	0,00334	HOLD	99,6434	103,346
2019-11-19	04:00	8217,18	8246	8200,46	8237,94	LONG	0,00167	5982,76	0,00334	HOLD	99,6434	103,3794
2019-11-19	05:00	8237,95	8239,54	8191,38	8211,39	LONG	0,00167	5982,76	0,00334	HOLD	99,6434	103,3351
2019-11-19	06:00	8210,54	8219,78	8185,26	8187,17	LONG	0,00167	5982,76	0,00334	HOLD	99,6434	103,2947
2019-11-19	07:00	8186,5	8218,63	8174,07	8183,39	LONG	0,00167	5982,76	0,00334	HOLD	99,6434	103,2883
2019-11-19	08:00	8183,26	8206,95	8176,85	8196,12	LONG	0,00167	5982,76	0,00334	HOLD	99,6434	103,3096
2019-11-19	09:00	8196,19	8210	8192,04	8200,44	LONG	0,00167	5982,76	0,00334	HOLD	99,6434	103,3168
2019-11-19	10:00	8200,12	8201,49	8132,51	8153,23	LONG	0,00167	5982,76	0,00334	HOLD	99,6434	103,238
2019-11-19	11:00	8153,23	8171,19	8103,99	8153,41	LONG	0,00167	5982,76	0,00334	HOLD	99,6434	103,2383
2019-11-19	12:00	8154,48	8170,75	8136,38	8146,13	LONG	0,00167	5982,76	0,00334	HOLD	99,6434	103,2261
2019-11-19	13:00	8146,13	8170	8119,35	8159,52	LONG	0,00167	5982,76	0,00334	HOLD	99,6434	103,2485
2019-11-19	14:00	8159,52	8160,35	8092,5	8128,06	LONG	0,00167	5982,76	0,00334	HOLD	99,6434	103,1959
2019-11-19	15:00	8128,06	8179,72	8123,53	8173,02	LONG	0,00167	5982,76	0,00334	HOLD	99,6434	103,271
2019-11-19	16:00	8173,03	8174,02	8136,34	8151,73	LONG	0,00167	5982,76	0,00334	HOLD	99,6434	103,2355
2019-11-19	17:00	8151,73	8158,99	8080,72	8116,4	LONG	0,00167	5982,76	0,00334	HOLD	99,6434	103,1765
2019-11-19	18:00	8113,49	8129,73	8003	8073,88	LONG	0,00167	5982,76	0,00334	HOLD	99,6434	103,1055
2019-11-19	19:00	8074,42	8117	8024,81	8042,39	LONG	0,00167	5982,76	0,00334	HOLD	99,6434	103,0529
2019-11-19	20:00	8042,32	8071,43	8010,1	8055,12	LONG	0,00167	5982,76	0,00334	HOLD	99,6434	103,0741
2019-11-19	21:00	8054,22	8123,34	8054,22	8098,43	LONG	0,00167	5982,76	0,00334	HOLD	99,6434	103,1465
2019-11-19	22:00	8098,44	8114,21	8072,18	8101,43	LONG	0,00167	5982,76	0,00334	HOLD	99,6434	103,1515
2019-11-19	23:00	8100,63	8156,47	8084,27	8093,24	LONG	0,00167	5982,76	0,00334	HOLD	99,6434	103,1378
2019-11-20	00:00	8095,04	8107,74	8049,03	8092,2	LONG	0,00167	5982,76	0,00334	HOLD	99,6434	103,1361
2019-11-20	01:00	8091,89	8122,42	8091,89	8097,46	LONG	0,00167	5982,76	0,00334	HOLD	99,6434	103,1448
2019-11-20	02:00	8096,92	8120	8093,65	8109,63	LONG	0,00167	5982,76	0,00334	HOLD	99,6434	103,1652
2019-11-20	03:00	8109,69	8115,61	8077,61	8114,68	LONG	0,00167	5982,76	0,00334	HOLD	99,6434	103,1736
2019-11-20	04:00	8114,7	8124,82	8098,04	8116,73	LONG	0,00167	5982,76	0,00334	HOLD	99,6434	103,177
2019-11-20	05:00	8116,24	8165,02	8114,43	8139,44	LONG	0,00167	5982,76	0,00334	HOLD	99,6434	103,215
2019-11-20	06:00	8139,75	8154,23	8114,37	8133,64	LONG	0,00167	5982,76	0,00334	HOLD	99,6434	103,2053
2019-11-20	07:00	8133,83	8135,99	8095	8124,07	LONG	0,00167	5982,76	0,00334	HOLD	99,6434	103,1893
2019-11-20	08:00	8124,07	8149	8115,44	8130,53	LONG	0,00167	5982,76	0,00334	HOLD	99,6434	103,2001
2019-11-20	09:00	8130,26	8158,36	8128,95	8143,71	LONG	0,00167	5982,76	0,00334	HOLD	99,6434	103,2221
2019-11-20	10:00	8143,7	8143,72	8124,06	8130,37	LONG	0,00167	5982,76	0,00334	HOLD	99,6434	103,1998
2019-11-20	11:00	8129,72	8148,16	8100,01	8109	LONG	0,00167	5982,76	0,00334	HOLD	99,6434	103,1641
2019-11-20	12:00	8108,99	8119,88	8078,9	8113,02	LONG	0,00167	5982,76	0,00334	HOLD	99,6434	103,1708
2019-11-20	13:00	8113,89	8141,62	8105,6	8126,86	LONG	0,00167	5982,76	0,00334	HOLD	99,6434	103,1939
2019-11-20	14:00	8126,87	8137,8	8118	8121,47	LONG	0,00167	5982,76	0,00334	HOLD	99,6434	103,1849
2019-11-20	15:00	8121,47	8134	8082,46	8089,66	LONG	0,00167	5982,76	0,00334	HOLD	99,6434	103,1318
2019-11-20	16:00	8089,36	8102,26	8064,34	8076	LONG	0,00167	5982,76	0,00334	HOLD	99,6434	103,109
2019-11-20	17:00	8076	8083,68	8038,4	8061	LONG	0,00167	5982,76	0,00334	HOLD	99,6434	103,084
2019-11-20	18:00	8061,01	8097,82	8053,27	8088,41	LONG	0,00167	5982,76	0,00334	HOLD	99,6434	103,1297
2019-11-20	19:00	8089,06	8109,84	8063,02	8080,96	LONG	0,00167	5982,76	0,00334	HOLD	99,6434	103,1173
2019-11-20	20:00	8080,47	8093,69	8070	8086,08	LONG	0,00167	5982,76	0,00334	HOLD	99,6434	103,1258
2019-11-20	21:00	8086,96	8160	8086	8146,91	LONG	0,00167	5982,76	0,00334	HOLD	99,6434	103,2274
2019-11-20	22:00	8147	8156,78	8100,83	8127,68	LONG	0,00167	5982,76	0,00334	HOLD	99,6434	103,1953
2019-11-20	23:00	8127,32	8145	8114,28	8122,67	LONG	0,00167	5982,76	0,00334	HOLD	99,6434	103,1869
2019-11-21	00:00	8122,16	8150,89	8122,06	8146,4	LONG	0,00167	5982,76	0,00334	HOLD	99,6434	103,2266
2019-11-21	01:00	8146,4	8264,29	8086,04	8104,76	LONG	0,00167	5982,76	0,00334	HOLD	99,6434	103,157
2019-11-21	02:00	8104,24	8113,2	8072,56	8088,62	LONG	0,00167	5982,76	0,00334	HOLD	99,6434	103,1301
2019-11-21	03:00	8088,61	8107,5	8066	8098,07	LONG	0,00167	5982,76	0,00334	HOLD	99,6434	103,1459
2019-11-21	04:00	8096,64	8110	8076,54	8099,72	LONG	0,00167	5982,76	0,00334	HOLD	99,6434	103,1486
2019-11-21	05:00	8098,51	8116	8080,92	8091,05	LONG	0,00167	5982,76	0,00334	HOLD	99,6434	103,1341
2019-11-21	06:00	8091,84	8100	8077	8098,01	LONG	0,00167	5982,76	0,00334	HOLD	99,6434	103,1458
2019-11-21	07:00	8098,56	8099,25	8080,35	8098,48	LONG	0,00167	5982,76	0,00334	HOLD	99,6434	103,1465
2019-11-21	08:00	8098,52	8131,03	8092,1	8123,13	LONG	0,00167	5982,76	0,00334	HOLD	99,6434	103,1877
2019-11-21	09:00	8123,25	8129,78	8104	8121,19	LONG	0,00167	5982,76	0,00334	HOLD	99,6434	103,1845
2019-11-21	10:00	8120,75	8134,73	8096,62	8125,98	LONG	0,00167	5982,76	0,00334	HOLD	99,6434	103,1925
2019-11-21	11:00	8125,2	8129,26	8100,33	8113,99	LONG	0,00167	5982,76	0,00334	HOLD	99,6434	103,1724
2019-11-21	12:00	8113,37	8125	8107,58	8124,24	LONG	0,00167	5982,76	0,00334	HOLD	99,6434	103,1896
2019-11-21	13:00	8124,24	8126	8083,39	8094,31	LONG	0,00167	5982,76	0,00334	HOLD	99,6434	103,1396
2019-11-21	14:00	8093,92	8104	8075,23	8088,58	LONG	0,00167	5982,76	0,00334	HOLD	99,6434	103,13
2019-11-21	15:00	8088,29	8095	7910	7936,1	LONG	0,00167	5982,76	0,00334	HOLD	99,6434	102,8754
2019-11-21	16:00	7937,02	7968,07	7916,2	7933,52	LONG	0,00167	5982,76	0,00334	HOLD	99,6434	102,8711
2019-11-21	17:00	7934,69	7941,33	7905	7922,34	LONG	0,00167	5982,76	0,00334	HOLD	99,6434	102,8524
2019-11-21	18:00	7922,34	7922,74	7855	7870,66	LONG	0,00167	5982,76	0,00334	HOLD	99,6434	102,7661
2019-11-21	19:00	7869,66	7920	7840,81	7902	LONG	0,00167	5982,76	0,00334	HOLD	99,6434	102,8184
2019-11-21	20:00	7901,56	7904,09	7880	7884,89	LONG	0,00167	5982,76	0,00334	HOLD	99,6434	102,7899
2019-11-21	21:00	7885,09	7897,79	7777,77	7794,6	LONG	0,00167	5982,76	0,00334	HOLD	99,6434	102,6391
2019-11-21	22:00	7797,31	7799,61	7500	7631,44	LONG	0,00167	5982,76	0,00334	HOLD	99,6434	102,3666
2019-11-21	23:00	7631,43	7669,47	7597,26	7614	LONG	0,00167	5982,76	0,00334	HOLD	99,6434	102,3375
2019-11-22	00:00	7613,99	7615,87	7526,45	7573,43	LONG	0,00167	5982,76	0,00334	HOLD	99,6434	102,2697
2019-11-22	01:00	7573,06	7606,85	7559,49	7587,14	LONG	0,00167	5982,76	0,00334	HOLD	99,6434	102,2926
2019-11-22	02:00	7588,04	7632,54	7583,23	7629,81	LONG	0,00167	5982,76	0,00334	HOLD	99,6434	102,3639
2019-11-22	03:00	7629,8	7660	7566	7600	LONG	0,00167	5982,76	0,00334	HOLD	99,6434	102,3141
2019-11-22	04:00	7600	7630	7587,1	7595,36	LONG	0,00167	5982,76	0,00334	HOLD	99,6434	102,3063
2019-11-22	05:00	7595,36	7628,06	7594,04	7623,49	LONG	0,00167	5982,76	0,00334	HOLD	99,6434	102,3533
2019-11-22	06:00	7624,12	7640,26	7601,26	7627,74	LONG	0,00167	5982,76	0,00334	HOLD	99,6434	102,3604
2019-11-22	07:00	7627,79	7685,02	7616,88	7685,02	LONG	0,00167	5982,76	0,00334	HOLD	99,6434	102,4561
2019-11-22	08:00	7685,02	7692,18	7645,18	7647,65	LONG	0,00167	5982,76	0,00334	HOLD	99,6434	102,3937
2019-11-22	09:00	7647,65	7668,81	7623,59	7636,7	LONG	0,00167	5982,76	0,00334	HOLD	99,6434	102,3754
2019-11-22	10:00	7636,7	7641,88	7588	7599,85	LONG	0,00167	5982,76	0,00334	HOLD	99,6434	102,3138
2019-11-22	11:00	7599,77	7632,03	7597,78	7613,6	LONG	0,00167	5982,76	0,00334	HOLD	99,6434	102,3368
2019-11-22	12:00	7613,27	7621,66	7523,8	7559,39	LONG	0,00167	5982,76	0,00334	HOLD	99,6434	102,2463
2019-11-22	13:00	7559,38	7574,99	7420	7460,21	LONG	0,00167	5982,76	0,00334	HOLD	99,6434	102,0806
2019-11-22	14:00	7460,19	7572,05	7401	7556,41	LONG	0,00167	5982,76	0,00334	HOLD	99,6434	102,2413
2019-11-22	15:00	7556,4	7750	7502,72	7518,31	LONG	0,00167	5982,76	0,00334	HOLD	99,6434	102,1777
2019-11-22	16:00	7518,39	7522,95	7360	7402,73	LONG	0,00167	5982,76	0,00334	HOLD	99,6434	101,9846
2019-11-22	17:00	7402,77	7404	6940	7080,32	LONG	0,00167	5982,76	0,00334	HOLD	99,6434	101,4462
2019-11-22	18:00	7080,33	7184,01	7060	7106,71	LONG	0,00167	5982,76	0,00334	HOLD	99,6434	101,4903
2019-11-22	19:00	7102,88	7159,56	7078,11	7146,95	LONG	0,00167	5982,76	0,00334	HOLD	99,6434	101,5575
2019-11-22	20:00	7146,81	7146,81	6985	7034	LONG	0,00167	5982,76	0,00334	HOLD	99,6434	101,3689
2019-11-22	21:00	7034	7106,69	6790	7035,94	LONG	0,00167	5982,76	0,00334	HOLD	99,6434	101,3721
2019-11-22	22:00	7038,84	7148	7038,84	7124,35	LONG	0,00167	5982,76	0,00334	HOLD	99,6434	101,5197
2019-11-22	23:00	7125,22	7220	7098,9	7126,17	LONG	0,00167	5982,76	0,00334	HOLD	99,6434	101,5228
2019-11-23	00:00	7126,54	7178,21	7116,59	7143,1	LONG	0,00167	5982,76	0,00334	HOLD	99,6434	101,5511
2019-11-23	01:00	7144,04	7244,03	7133,38	7231,78	LONG	0,00167	5982,76	0,00334	HOLD	99,6434	101,6992
2019-11-23	02:00	7232,85	7350	7200	7297,91	LONG	0,00167	5982,76	0,00334	HOLD	99,6434	101,8096
2019-11-23	03:00	7297,91	7378,25	7257,27	7314,4	LONG	0,00167	5982,76	0,00334	HOLD	99,6434	101,8371
2019-11-23	04:00	7314,13	7344,58	7275,7	7321,61	LONG	0,00167	5982,76	0,00334	HOLD	99,6434	101,8492
2019-11-23	05:00	7322,44	7340	7207,65	7245,89	LONG	0,00167	5982,76	0,00334	HOLD	99,6434	101,7227
2019-11-23	06:00	7244,46	7297,75	7156,36	7268,23	LONG	0,00167	5982,76	0,00334	HOLD	99,6434	101,76
2019-11-23	07:00	7268,23	7284,57	7143	7195,03	LONG	0,00167	5982,76	0,00334	HOLD	99,6434	101,6378
2019-11-23	08:00	7195,03	7213,17	7161,45	7197,24	LONG	0,00167	5982,76	0,00334	HOLD	99,6434	101,6415
2019-11-23	09:00	7197,24	7277,49	7189,03	7249,84	LONG	0,00167	5982,76	0,00334	HOLD	99,6434	101,7293
2019-11-23	10:00	7249,64	7292,51	7232,18	7271,94	LONG	0,00167	5982,76	0,00334	HOLD	99,6434	101,7662
2019-11-23	11:00	7271,94	7300,69	7202	7202,04	LONG	0,00167	5982,76	0,00334	HOLD	99,6434	101,6495
2019-11-23	12:00	7204,15	7234,92	7170,29	7200,78	LONG	0,00167	5982,76	0,00334	HOLD	99,6434	101,6474
2019-11-23	13:00	7200,78	7224,19	7176,9	7201,61	LONG	0,00167	5982,76	0,00334	HOLD	99,6434	101,6488
2019-11-23	14:00	7202,37	7235,4	7158,31	7171,3	LONG	0,00167	5982,76	0,00334	HOLD	99,6434	101,5982
2019-11-23	15:00	7171,3	7207,98	7112,26	7136,57	LONG	0,00167	5982,76	0,00334	HOLD	99,6434	101,5402
2019-11-23	16:00	7137	7171,09	7080,01	7153,48	LONG	0,00167	5982,76	0,00334	HOLD	99,6434	101,5684
2019-11-23	17:00	7151,56	7199,99	7114,28	7165,17	LONG	0,00167	5982,76	0,00334	HOLD	99,6434	101,5879
2019-11-23	18:00	7166,38	7215	7149,22	7171,92	LONG	0,00167	5982,76	0,00334	HOLD	99,6434	101,5992
2019-11-23	19:00	7171,92	7197,23	7139,75	7150,14	LONG	0,00167	5982,76	0,00334	HOLD	99,6434	101,5628
2019-11-23	20:00	7150,14	7180	7147,16	7170,31	LONG	0,00167	5982,76	0,00334	HOLD	99,6434	101,5965
2019-11-23	21:00	7170,14	7298	7162,76	7256,38	LONG	0,00167	5982,76	0,00334	HOLD	99,6434	101,7402
2019-11-23	22:00	7257,09	7333,5	7226,34	7291,2	LONG	0,00167	5982,76	0,00334	HOLD	99,6434	101,7984
2019-11-23	23:00	7288,96	7344,48	7230,65	7293,65	LONG	0,00167	5982,76	0,00334	HOLD	99,6434	101,8025
2019-11-24	00:00	7294,67	7307,68	7248	7287,09	LONG	0,00167	5982,76	0,00334	HOLD	99,6434	101,7915
2019-11-24	01:00	7287,79	7334,86	7269	7307,71	LONG	0,00167	5982,76	0,00334	HOLD	99,6434	101,826
2019-11-24	02:00	7307,71	7324,14	7271,77	7285,68	LONG	0,00167	5982,76	0,00334	HOLD	99,6434	101,7892
2019-11-24	03:00	7285,56	7296,53	7240	7270,46	LONG	0,00167	5982,76	0,00334	HOLD	99,6434	101,7638
2019-11-24	04:00	7269,23	7283,72	7237,78	7276,01	LONG	0,00167	5982,76	0,00334	HOLD	99,6434	101,773
2019-11-24	05:00	7276	7326	7264,47	7293,04	LONG	0,00167	5982,76	0,00334	HOLD	99,6434	101,8015
2019-11-24	06:00	7295,6	7319,45	7293,26	7311,57	LONG	0,00167	5982,76	0,00334	HOLD	99,6434	101,8324
2019-11-24	07:00	7311,1	7330,39	7222	7244,74	LONG	0,00167	5982,76	0,00334	HOLD	99,6434	101,7208
2019-11-24	08:00	7245,79	7266,87	7229,26	7254,63	LONG	0,00167	5982,76	0,00334	HOLD	99,6434	101,7373
2019-11-24	09:00	7255,39	7275	7238,83	7239,23	LONG	0,00167	5982,76	0,00334	HOLD	99,6434	101,7116
2019-11-24	10:00	7239,38	7239,99	7185	7202,05	LONG	0,00167	5982,76	0,00334	HOLD	99,6434	101,6495
2019-11-24	11:00	7202,04	7219,93	7152,83	7169,1	LONG	0,00167	5982,76	0,00334	HOLD	99,6434	101,5945
2019-11-24	12:00	7169,09	7190	7150	7175,81	LONG	0,00167	5982,76	0,00334	HOLD	99,6434	101,6057
2019-11-24	13:00	7175,63	7231,56	7175,63	7195,84	LONG	0,00167	5982,76	0,00334	HOLD	99,6434	101,6391
2019-11-24	14:00	7195,84	7216,47	7168,4	7180,14	LONG	0,00167	5982,76	0,00334	HOLD	99,6434	101,6129
2019-11-24	15:00	7178,99	7226,75	7173,34	7199,47	LONG	0,00167	5982,76	0,00334	HOLD	99,6434	101,6452
2019-11-24	16:00	7198,85	7265,37	7170,01	7248,86	LONG	0,00167	5982,76	0,00334	HOLD	99,6434	101,7277
2019-11-24	17:00	7248,86	7271,73	7100	7134,17	LONG	0,00167	5982,76	0,00334	HOLD	99,6434	101,5361
2019-11-24	18:00	7134,58	7263,26	7120,71	7203,04	LONG	0,00167	5982,76	0,00334	HOLD	99,6434	101,6512
2019-11-24	19:00	7203,39	7205,86	7130,39	7154,68	LONG	0,00167	5982,76	0,00334	HOLD	99,6434	101,5704
2019-11-24	20:00	7155	7190,94	7125	7136,86	LONG	0,00167	5982,76	0,00334	HOLD	99,6434	101,5406
2019-11-24	21:00	7137	7169,77	6969,9	7064,86	LONG	0,00167	5982,76	0,00334	HOLD	99,6434	101,4204
2019-11-24	22:00	7065,95	7107,35	6959,57	6981,27	LONG	0,00167	5982,76	0,00334	HOLD	99,6434	101,2808
2019-11-24	23:00	6983,23	7032,84	6912	7013,75	LONG	0,00167	5982,76	0,00334	HOLD	99,6434	101,335
2019-11-25	00:00	7014,68	7113	7010	7070,19	LONG	0,00167	5982,76	0,00334	HOLD	99,6434	101,4293
2019-11-25	01:00	7070,11	7101,42	7047,31	7074,48	LONG	0,00167	5982,76	0,00334	HOLD	99,6434	101,4365
2019-11-25	02:00	7074,48	7087,54	7008,07	7028,78	LONG	0,00167	5982,76	0,00334	HOLD	99,6434	101,3601
2019-11-25	03:00	7028,78	7070,36	6984	7047,58	LONG	0,00167	5982,76	0,00334	HOLD	99,6434	101,3915
2019-11-25	04:00	7045,68	7087	7014,03	7034,19	LONG	0,00167	5982,76	0,00334	HOLD	99,6434	101,3692
2019-11-25	05:00	7033,51	7057,84	7001	7029,19	LONG	0,00167	5982,76	0,00334	HOLD	99,6434	101,3608
2019-11-25	06:00	7029,94	7037,11	6861	6903,28	LONG	0,00167	5982,76	0,00334	HOLD	99,6434	101,1506
2019-11-25	07:00	6900,23	6918,66	6805,59	6879,96	LONG	0,00167	5982,76	0,00334	HOLD	99,6434	101,1116
2019-11-25	08:00	6879,94	6941,68	6615	6713,49	LONG	0,00167	5982,76	0,00334	HOLD	99,6434	100,8336
2019-11-25	11:00	6717,21	6730	6588,69	6640,01	LONG	0,00167	5982,76	0,00334	HOLD	99,6434	100,7109
2019-11-25	12:00	6640,18	6672,49	6515	6540,21	LONG	0,00167	5982,76	0,00334	HOLD	99,6434	100,5442
2019-11-25	13:00	6540,17	6680	6530	6644,45	LONG	0,00167	5982,76	0,00334	HOLD	99,6434	100,7183
2019-11-25	14:00	6644,45	6725,95	6644,45	6672,01	LONG	0,00167	5982,76	0,00334	HOLD	99,6434	100,7643
2019-11-25	15:00	6671,7	6720	6632,98	6714,83	LONG	0,00167	5982,76	0,00334	HOLD	99,6434	100,8359
2019-11-25	16:00	6714,83	6795,77	6705	6742,75	LONG	0,00167	5982,76	0,00334	HOLD	99,6434	100,8825
2019-11-25	17:00	6744,33	6949	6709,19	6888,33	LONG	0,00167	5982,76	0,00334	HOLD	99,6434	101,1256
2019-11-25	18:00	6888,33	6988	6823,99	6879,02	LONG	0,00167	5982,76	0,00334	HOLD	99,6434	101,11
2019-11-25	19:00	6879,02	7200	6870,66	7146,59	LONG	0,00167	5982,76	0,00334	HOLD	99,6434	101,5569
2019-11-25	20:00	7145,02	7285	7090,46	7122,78	LONG	0,00167	5982,76	0,00334	HOLD	99,6434	101,5171
2019-11-25	21:00	7122,9	7222,99	7120,67	7165	LONG	0,00167	5982,76	0,00334	HOLD	99,6434	101,5876
2019-11-25	22:00	7165	7285,22	7157,58	7252,95	LONG	0,00167	5982,76	0,00334	HOLD	99,6434	101,7345
2019-11-25	23:00	7253,25	7377,69	7175	7207,03	LONG	0,00167	5982,76	0,00334	HOLD	99,6434	101,6578
2019-11-26	00:00	7207,66	7224,79	7147,34	7211,63	LONG	0,00167	5982,76	0,00334	HOLD	99,6434	101,6655
2019-11-26	01:00	7213,12	7273,49	7199,52	7258,99	LONG	0,00167	5982,76	0,00334	HOLD	99,6434	101,7446
2019-11-26	02:00	7258,55	7270	7170	7192,7	LONG	0,00167	5982,76	0,00334	HOLD	99,6434	101,6339
2019-11-26	03:00	7192,87	7241,44	7119	7160,61	LONG	0,00167	5982,76	0,00334	HOLD	99,6434	101,5803
2019-11-26	04:00	7160,38	7235,02	7125,53	7192,74	LONG	0,00167	5982,76	0,00334	HOLD	99,6434	101,634
2019-11-26	05:00	7192,7	7223,34	7174,7	7196,49	LONG	0,00167	5982,76	0,00334	HOLD	99,6434	101,6402
2019-11-26	06:00	7196,5	7197,73	7090,17	7109,57	LONG	0,00167	5982,76	0,00334	HOLD	99,6434	101,4951
2019-11-26	07:00	7109,99	7156	7051	7137,25	LONG	0,00167	5982,76	0,00334	HOLD	99,6434	101,5413
2019-11-26	08:00	7137,82	7183,82	7114,21	7164,96	LONG	0,00167	5982,76	0,00334	HOLD	99,6434	101,5876
2019-11-26	09:00	7164,85	7189,43	7120	7136,74	LONG	0,00167	5982,76	0,00334	HOLD	99,6434	101,5404
2019-11-26	10:00	7136,07	7245,88	7118	7245,85	LONG	0,00167	5982,76	0,00334	HOLD	99,6434	101,7227
2019-11-26	11:00	7245,83	7246	7181,09	7187,49	LONG	0,00167	5982,76	0,00334	HOLD	99,6434	101,6252
2019-11-26	12:00	7187,97	7297,87	7186	7247,49	LONG	0,00167	5982,76	0,00334	HOLD	99,6434	101,7254
2019-11-26	13:00	7247,49	7340	7162,15	7165	LONG	0,00167	5982,76	0,00334	HOLD	99,6434	101,5876
2019-11-26	14:00	7167,48	7199,97	7126	7176,35	LONG	0,00167	5982,76	0,00334	HOLD	99,6434	101,6066
2019-11-26	15:00	7176,32	7270	7126,53	7168	LONG	0,00167	5982,76	0,00334	HOLD	99,6434	101,5926
2019-11-26	16:00	7165,22	7188,45	7135	7161,1	LONG	0,00167	5982,76	0,00334	HOLD	99,6434	101,5811
2019-11-26	17:00	7160,99	7192,56	7150,51	7162,05	LONG	0,00167	5982,76	0,00334	HOLD	99,6434	101,5827
2019-11-26	18:00	7163,43	7205	7021,64	7170,52	LONG	0,00167	5982,76	0,00334	HOLD	99,6434	101,5969
2019-11-26	19:00	7170,41	7220	7100,74	7134,96	LONG	0,00167	5982,76	0,00334	HOLD	99,6434	101,5375
2019-11-26	20:00	7134,96	7134,96	7031	7055,27	LONG	0,00167	5982,76	0,00334	HOLD	99,6434	101,4044
2019-11-26	21:00	7055,63	7107,9	7017,48	7068,35	LONG	0,00167	5982,76	0,00334	HOLD	99,6434	101,4262
2019-11-26	22:00	7066,18	7112,79	7054,97	7095,34	LONG	0,00167	5982,76	0,00334	HOLD	99,6434	101,4713
2019-11-26	23:00	7097,48	7149,25	7080	7114,75	LONG	0,00167	5982,76	0,00334	HOLD	99,6434	101,5037
2019-11-27	00:00	7112,71	7122	7058,81	7078,48	LONG	0,00167	5982,76	0,00334	HOLD	99,6434	101,4431
2019-11-27	01:00	7078,34	7094,99	7030,94	7094,44	LONG	0,00167	5982,76	0,00334	HOLD	99,6434	101,4698
2019-11-27	02:00	7094,88	7130	7067,37	7076,69	LONG	0,00167	5982,76	0,00334	HOLD	99,6434	101,4402
2019-11-27	03:00	7076,96	7109,97	7064	7104,5	LONG	0,00167	5982,76	0,00334	HOLD	99,6434	101,4866
2019-11-27	04:00	7104,5	7158	7101,69	7106,95	LONG	0,00167	5982,76	0,00334	HOLD	99,6434	101,4907
2019-11-27	05:00	7108,01	7149,91	7075	7137,73	LONG	0,00167	5982,76	0,00334	HOLD	99,6434	101,5421
2019-11-27	06:00	7138,06	7178,71	7122,23	7156,14	LONG	0,00167	5982,76	0,00334	HOLD	99,6434	101,5728
2019-11-27	07:00	7154,75	7169	7118,94	7156,37	LONG	0,00167	5982,76	0,00334	HOLD	99,6434	101,5732
2019-11-27	08:00	7155,11	7177,76	7122,17	7148,12	LONG	0,00167	5982,76	0,00334	HOLD	99,6434	101,5594
2019-11-27	09:00	7148,46	7158,23	7128,5	7139,37	LONG	0,00167	5982,76	0,00334	HOLD	99,6434	101,5448
2019-11-27	10:00	7139,37	7146,06	7044	7071,27	LONG	0,00167	5982,76	0,00334	HOLD	99,6434	101,4311
2019-11-27	11:00	7071,66	7096,28	7034	7064,57	LONG	0,00167	5982,76	0,00334	HOLD	99,6434	101,4199
2019-11-27	12:00	7065,84	7079	7040	7062,97	LONG	0,00167	5982,76	0,00334	HOLD	99,6434	101,4172
2019-11-27	13:00	7062,96	7100	7044,49	7084,24	LONG	0,00167	5982,76	0,00334	HOLD	99,6434	101,4528
2019-11-27	14:00	7083,66	7120,6	7057,73	7069,4	LONG	0,00167	5982,76	0,00334	HOLD	99,6434	101,428
2019-11-27	15:00	7069,4	7089,53	7027,03	7034,61	LONG	0,00167	5982,76	0,00334	HOLD	99,6434	101,3699
2019-11-27	16:00	7031,17	7037,97	6840	6887,59	LONG	0,00167	5982,76	0,00334	HOLD	99,6434	101,1244
2019-11-27	17:00	6886,51	6937	6845,98	6906,62	LONG	0,00167	5982,76	0,00334	HOLD	99,6434	101,1561
2019-11-27	18:00	6905,83	7168,76	6903,72	7147,74	LONG	0,00167	5982,76	0,00334	HOLD	99,6434	101,5588
2019-11-27	19:00	7147,85	7366	7118	7232,55	LONG	0,00167	5982,76	0,00334	HOLD	99,6434	101,7004
2019-11-27	20:00	7231,13	7277,43	7229,08	7255,16	LONG	0,00167	5982,76	0,00334	HOLD	99,6434	101,7382
2019-11-27	21:00	7255,18	7269,15	7175	7225,7	LONG	0,00167	5982,76	0,00334	HOLD	99,6434	101,689
2019-11-27	22:00	7227,34	7350	7201	7305,58	LONG	0,00167	5982,76	0,00334	HOLD	99,6434	101,8224
2019-11-27	23:00	7304,22	7517	7210,09	7475	LONG	0,00167	5982,76	0,00334	HOLD	99,6434	102,1053
2019-11-28	00:00	7473,83	7612	7455,72	7555,03	LONG	0,00167	5982,76	0,00334	HOLD	99,6434	102,239
2019-11-28	01:00	7555,47	7654,33	7492,02	7492,86	LONG	0,00167	5982,76	0,00334	HOLD	99,6434	102,1352
2019-11-28	02:00	7495,07	7576,12	7492,86	7563,81	LONG	0,00167	5982,76	0,00334	HOLD	99,6434	102,2536
2019-11-28	03:00	7563,85	7655	7525	7553,79	LONG	0,00167	5982,76	0,00334	HOLD	99,6434	102,2369
2019-11-28	04:00	7554,61	7565,57	7475	7537,5	LONG	0,00167	5982,76	0,00334	HOLD	99,6434	102,2097
2019-11-28	05:00	7537,5	7594,86	7501,98	7520,8	LONG	0,00167	5982,76	0,00334	HOLD	99,6434	102,1818
2019-11-28	06:00	7519,85	7543,27	7485,56	7508,52	LONG	0,00167	5982,76	0,00334	HOLD	99,6434	102,1613
2019-11-28	07:00	7507,9	7569,19	7503,08	7559	LONG	0,00167	5982,76	0,00334	HOLD	99,6434	102,2456
2019-11-28	08:00	7559	7559,03	7489	7503,68	LONG	0,00167	5982,76	0,00334	HOLD	99,6434	102,1532
2019-11-28	09:00	7503,19	7528,99	7462,05	7515,37	LONG	0,00167	5982,76	0,00334	HOLD	99,6434	102,1728
2019-11-28	10:00	7516,69	7527,63	7481,22	7489,17	LONG	0,00167	5982,76	0,00334	HOLD	99,6434	102,129
2019-11-28	11:00	7489,07	7509,75	7458,88	7474,78	LONG	0,00167	5982,76	0,00334	HOLD	99,6434	102,105
2019-11-28	12:00	7474,77	7489,17	7414,02	7448,94	LONG	0,00167	5982,76	0,00334	HOLD	99,6434	102,0618
2019-11-28	13:00	7448,38	7534,91	7418,34	7503,01	LONG	0,00167	5982,76	0,00334	HOLD	99,6434	102,1521
2019-11-28	14:00	7504,29	7544,65	7484,15	7494,57	LONG	0,00167	5982,76	0,00334	HOLD	99,6434	102,138
2019-11-28	15:00	7495,99	7519,58	7460	7510,97	LONG	0,00167	5982,76	0,00334	HOLD	99,6434	102,1654
2019-11-28	16:00	7511,14	7541,27	7453,24	7508,59	LONG	0,00167	5982,76	0,00334	HOLD	99,6434	102,1614
2019-11-28	17:00	7508,05	7509,34	7439,41	7478,58	LONG	0,00167	5982,76	0,00334	HOLD	99,6434	102,1113
2019-11-28	18:00	7478,58	7490,89	7446,03	7479,54	LONG	0,00167	5982,76	0,00334	HOLD	99,6434	102,1129
2019-11-28	19:00	7479,08	7479,77	7418	7444,12	LONG	0,00167	5982,76	0,00334	HOLD	99,6434	102,0538
2019-11-28	20:00	7444,13	7468	7437,21	7455,67	LONG	0,00167	5982,76	0,00334	HOLD	99,6434	102,0731
2019-11-28	21:00	7455,13	7482,37	7439,99	7459,51	LONG	0,00167	5982,76	0,00334	HOLD	99,6434	102,0795
2019-11-28	22:00	7458,43	7640,49	7449,02	7609,28	LONG	0,00167	5982,76	0,00334	HOLD	99,6434	102,3296
2019-11-28	23:00	7613,67	7614,76	7526,02	7599,36	LONG	0,00167	5982,76	0,00334	HOLD	99,6434	102,313
2019-11-29	00:00	7599,68	7611,68	7561,56	7576,49	LONG	0,00167	5982,76	0,00334	HOLD	99,6434	102,2748
2019-11-29	01:00	7577,86	7624,97	7561,55	7580,86	LONG	0,00167	5982,76	0,00334	HOLD	99,6434	102,2821
2019-11-29	02:00	7581,49	7643	7575,63	7608,44	LONG	0,00167	5982,76	0,00334	HOLD	99,6434	102,3282
2019-11-29	03:00	7608,01	7622,67	7544,53	7564,93	LONG	0,00167	5982,76	0,00334	HOLD	99,6434	102,2555
2019-11-29	04:00	7564,93	7588,31	7529,06	7548,39	LONG	0,00167	5982,76	0,00334	HOLD	99,6434	102,2279
2019-11-29	05:00	7547,94	7561,01	7365	7386,19	LONG	0,00167	5982,76	0,00334	HOLD	99,6434	101,957
2019-11-29	06:00	7387,89	7443,03	7360	7419,49	LONG	0,00167	5982,76	0,00334	HOLD	99,6434	102,0126
2019-11-29	07:00	7418,52	7485,97	7362,3	7469,31	LONG	0,00167	5982,76	0,00334	HOLD	99,6434	102,0958
2019-11-29	08:00	7469,31	7485	7430	7455,5	LONG	0,00167	5982,76	0,00334	HOLD	99,6434	102,0728
2019-11-29	09:00	7455,5	7464,86	7436	7453,55	LONG	0,00167	5982,76	0,00334	HOLD	99,6434	102,0695
2019-11-29	10:00	7454,85	7517,54	7451,67	7488,05	LONG	0,00167	5982,76	0,00334	HOLD	99,6434	102,1271
2019-11-29	11:00	7485,11	7500,04	7461,81	7472,41	LONG	0,00167	5982,76	0,00334	HOLD	99,6434	102,101
2019-11-29	12:00	7473,01	7479,99	7440	7461,79	LONG	0,00167	5982,76	0,00334	HOLD	99,6434	102,0833
2019-11-29	13:00	7461,79	7474,33	7446,53	7471,8	LONG	0,00167	5982,76	0,00334	HOLD	99,6434	102,1
2019-11-29	14:00	7472,26	7533,48	7460,02	7509,14	LONG	0,00167	5982,76	0,00334	HOLD	99,6434	102,1623
2019-11-29	15:00	7509,14	7534,6	7491,66	7501,89	LONG	0,00167	5982,76	0,00334	HOLD	99,6434	102,1502
2019-11-29	16:00	7502,27	7589	7499,99	7565,28	LONG	0,00167	5982,76	0,00334	HOLD	99,6434	102,2561
2019-11-29	17:00	7565,28	7600	7531,42	7535,29	LONG	0,00167	5982,76	0,00334	HOLD	99,6434	102,206
2019-11-29	18:00	7535,16	7561	7495	7514,24	LONG	0,00167	5982,76	0,00334	HOLD	99,6434	102,1709
2019-11-29	19:00	7514,23	7619,9	7413	7594,95	LONG	0,00167	5982,76	0,00334	HOLD	99,6434	102,3057
2019-11-29	20:00	7594,94	7777,72	7562	7743,03	LONG	0,00167	5982,76	0,00334	HOLD	99,6434	102,5529
2019-11-29	21:00	7743,05	7790	7705,1	7749,11	LONG	0,00167	5982,76	0,00334	HOLD	99,6434	102,5631
2019-11-29	22:00	7749,11	7830	7725	7807,99	LONG	0,00167	5982,76	0,00334	HOLD	99,6434	102,6614
2019-11-29	23:00	7808,06	7850	7712	7742,97	LONG	0,00167	5982,76	0,00334	HOLD	99,6434	102,5528
2019-11-30	00:00	7743,05	7758,4	7725,21	7747,93	LONG	0,00167	5982,76	0,00334	HOLD	99,6434	102,5611
2019-11-30	01:00	7747,73	7760	7735,65	7740	LONG	0,00167	5982,76	0,00334	HOLD	99,6434	102,5479
2019-11-30	02:00	7740,01	7747,99	7675	7711,93	LONG	0,00167	5982,76	0,00334	HOLD	99,6434	102,501
2019-11-30	03:00	7711,9	7767,95	7703,07	7730,69	LONG	0,00167	5982,76	0,00334	HOLD	99,6434	102,5323
2019-11-30	04:00	7730,71	7736,56	7664	7689,96	LONG	0,00167	5982,76	0,00334	HOLD	99,6434	102,4643
2019-11-30	05:00	7689,91	7729,9	7685,67	7728,47	LONG	0,00167	5982,76	0,00334	HOLD	99,6434	102,5286
2019-11-30	06:00	7729,84	7751,43	7715	7739,68	LONG	0,00167	5982,76	0,00334	HOLD	99,6434	102,5474
2019-11-30	07:00	7740,99	7769,26	7724,64	7760,31	LONG	0,00167	5982,76	0,00334	HOLD	99,6434	102,5818
2019-11-30	08:00	7761,79	7770	7732,58	7744,32	LONG	0,00167	5982,76	0,00334	HOLD	99,6434	102,5551
2019-11-30	09:00	7745,16	7745,86	7720,54	7732,21	LONG	0,00167	5982,76	0,00334	HOLD	99,6434	102,5349
2019-11-30	10:00	7733,58	7742,52	7715,72	7740,22	LONG	0,00167	5982,76	0,00334	HOLD	99,6434	102,5483
2019-11-30	11:00	7740,24	7741,42	7714,74	7732,01	LONG	0,00167	5982,76	0,00334	HOLD	99,6434	102,5345
2019-11-30	12:00	7732	7763,82	7726,02	7756,95	LONG	0,00167	5982,76	0,00334	HOLD	99,6434	102,5762
2019-11-30	13:00	7756,17	7760,43	7732,8	7735,65	LONG	0,00167	5982,76	0,00334	HOLD	99,6434	102,5406
2019-11-30	14:00	7735,64	7750	7722	7748,92	LONG	0,00167	5982,76	0,00334	HOLD	99,6434	102,5628
2019-11-30	15:00	7748,92	7758,18	7731,83	7733,87	LONG	0,00167	5982,76	0,00334	HOLD	99,6434	102,5376
2019-11-30	16:00	7733,86	7742	7680	7715,09	LONG	0,00167	5982,76	0,00334	HOLD	99,6434	102,5063
2019-11-30	17:00	7717,4	7810	7628,44	7709,01	LONG	0,00167	5982,76	0,00334	HOLD	99,6434	102,4961
2019-11-30	18:00	7709,04	7718,02	7623,38	7656,21	LONG	0,00167	5982,76	0,00334	HOLD	99,6434	102,408
2019-11-30	19:00	7656,23	7717,15	7638,24	7682,94	LONG	0,00167	5982,76	0,00334	HOLD	99,6434	102,4526
2019-11-30	20:00	7683,58	7690,98	7621	7635,06	LONG	0,00167	5982,76	0,00334	HOLD	99,6434	102,3726
2019-11-30	21:00	7635,04	7653,96	7535,33	7554,56	LONG	0,00167	5982,76	0,00334	HOLD	99,6434	102,2382
2019-11-30	22:00	7554,56	7587,8	7510	7539,4	LONG	0,00167	5982,76	0,00334	HOLD	99,6434	102,2129
2019-11-30	23:00	7539,33	7613,2	7493	7592,98	LONG	0,00167	5982,76	0,00334	HOLD	99,6434	102,3024
2019-12-01	00:00	7592,57	7593,33	7441	7478,59	LONG	0,00167	5982,76	0,00334	HOLD	99,6434	102,1113
2019-12-01	01:00	7479,79	7511,05	7461,76	7475,02	LONG	0,00167	5982,76	0,00334	HOLD	99,6434	102,1054
2019-12-01	02:00	7475,03	7529,48	7466,73	7506,4	LONG	0,00167	5982,76	0,00334	HOLD	99,6434	102,1578
2019-12-01	03:00	7506,4	7515,25	7472,74	7503,6	LONG	0,00167	5982,76	0,00334	HOLD	99,6434	102,1531
2019-12-01	04:00	7502,36	7543	7500,01	7541,49	LONG	0,00167	5982,76	0,00334	HOLD	99,6434	102,2164
2019-12-01	05:00	7541,08	7561,95	7530	7535,98	LONG	0,00167	5982,76	0,00334	HOLD	99,6434	102,2072
2019-12-01	06:00	7536	7559	7532,63	7541,89	LONG	0,00167	5982,76	0,00334	HOLD	99,6434	102,217
2019-12-01	07:00	7540,63	7541,85	7455,08	7480,61	LONG	0,00167	5982,76	0,00334	HOLD	99,6434	102,1147
2019-12-01	08:00	7480,59	7489	7366,32	7395,41	LONG	0,00167	5982,76	0,00334	HOLD	99,6434	101,9724
2019-12-01	09:00	7395,05	7437,3	7290,05	7312,97	LONG	0,00167	5982,76	0,00334	HOLD	99,6434	101,8347
2019-12-01	10:00	7312,01	7327,75	7228,99	7289,06	LONG	0,00167	5982,76	0,00334	HOLD	99,6434	101,7948
2019-12-01	11:00	7287	7347	7260,81	7332,82	LONG	0,00167	5982,76	0,00334	HOLD	99,6434	101,8679
2019-12-01	12:00	7331,66	7339,51	7245	7307,05	LONG	0,00167	5982,76	0,00334	HOLD	99,6434	101,8249
2019-12-01	13:00	7304,8	7330	7278,1	7304,87	LONG	0,00167	5982,76	0,00334	HOLD	99,6434	101,8212
2019-12-01	14:00	7302,86	7344,34	7255,19	7277,44	LONG	0,00167	5982,76	0,00334	HOLD	99,6434	101,7754
2019-12-01	15:00	7277,45	7318,97	7251,78	7289,79	LONG	0,00167	5982,76	0,00334	HOLD	99,6434	101,796
2019-12-01	16:00	7289,77	7325,8	7210	7307,66	LONG	0,00167	5982,76	0,00334	HOLD	99,6434	101,8259
2019-12-01	17:00	7307,66	7390	7285	7366,47	LONG	0,00167	5982,76	0,00334	HOLD	99,6434	101,9241
2019-12-01	18:00	7367,25	7387,58	7310	7313,8	LONG	0,00167	5982,76	0,00334	HOLD	99,6434	101,8361
2019-12-01	19:00	7314,98	7378,07	7313,15	7352,79	LONG	0,00167	5982,76	0,00334	HOLD	99,6434	101,9012
2019-12-01	20:00	7353,93	7474,91	7352,82	7440,06	LONG	0,00167	5982,76	0,00334	HOLD	99,6434	102,047
2019-12-01	21:00	7440,38	7477,29	7385,1	7391,62	LONG	0,00167	5982,76	0,00334	HOLD	99,6434	101,9661
2019-12-01	22:00	7391,57	7410,91	7267,52	7306,22	LONG	0,00167	5982,76	0,00334	HOLD	99,6434	101,8235
2019-12-01	23:00	7306,21	7348,22	7275,24	7324,78	LONG	0,00167	5982,76	0,00334	HOLD	99,6434	101,8545
2019-12-02	00:00	7325,05	7337,96	7290,24	7323,22	LONG	0,00167	5982,76	0,00334	HOLD	99,6434	101,8519
2019-12-02	01:00	7323,22	7332,59	7295	7309,08	LONG	0,00167	5982,76	0,00334	HOLD	99,6434	101,8282
2019-12-02	02:00	7309,83	7362,48	7280	7358,39	LONG	0,00167	5982,76	0,00334	HOLD	99,6434	101,9106
2019-12-02	03:00	7355,83	7383	7340,16	7350,9	LONG	0,00167	5982,76	0,00334	HOLD	99,6434	101,8981
2019-12-02	04:00	7350,37	7380	7306,18	7366,66	LONG	0,00167	5982,76	0,00334	HOLD	99,6434	101,9244
2019-12-02	05:00	7366,75	7414,27	7329,89	7379,99	LONG	0,00167	5982,76	0,00334	HOLD	99,6434	101,9467
2019-12-02	06:00	7380	7436,81	7378	7390,89	LONG	0,00167	5982,76	0,00334	HOLD	99,6434	101,9649
2019-12-02	07:00	7391,5	7411	7347,21	7367,44	LONG	0,00167	5982,76	0,00334	HOLD	99,6434	101,9257
2019-12-02	08:00	7369,16	7415,14	7352,67	7397,17	LONG	0,00167	5982,76	0,00334	HOLD	99,6434	101,9754
2019-12-02	09:00	7395,99	7420,56	7381,4	7398,56	LONG	0,00167	5982,76	0,00334	HOLD	99,6434	101,9777
2019-12-02	10:00	7398,57	7398,79	7350,9	7358,84	LONG	0,00167	5982,76	0,00334	HOLD	99,6434	101,9113
2019-12-02	11:00	7359,36	7375,25	7319,12	7372,97	LONG	0,00167	5982,76	0,00334	HOLD	99,6434	101,9349
2019-12-02	12:00	7373,07	7374,77	7251,9	7281,02	LONG	0,00167	5982,76	0,00334	HOLD	99,6434	101,7814
2019-12-02	13:00	7281,01	7282,22	7151,1	7254,55	LONG	0,00167	5982,76	0,00334	HOLD	99,6434	101,7372
2019-12-02	14:00	7254,55	7271,97	7222,55	7252,96	LONG	0,00167	5982,76	0,00334	HOLD	99,6434	101,7345
2019-12-02	15:00	7252,96	7254,63	7181,01	7224,16	LONG	0,00167	5982,76	0,00334	HOLD	99,6434	101,6864
2019-12-02	16:00	7224,49	7338	7218,38	7298,24	LONG	0,00167	5982,76	0,00334	HOLD	99,6434	101,8101
2019-12-02	17:00	7297,08	7369	7261,57	7288,99	LONG	0,00167	5982,76	0,00334	HOLD	99,6434	101,7947
2019-12-02	18:00	7290,83	7318,99	7267,42	7297,91	LONG	0,00167	5982,76	0,00334	HOLD	99,6434	101,8096
2019-12-02	19:00	7297,91	7330	7236,56	7309,54	LONG	0,00167	5982,76	0,00334	HOLD	99,6434	101,829
2019-12-02	20:00	7308,88	7327,09	7283	7307,13	LONG	0,00167	5982,76	0,00334	HOLD	99,6434	101,825
2019-12-02	21:00	7307,46	7358	7246,31	7291,19	LONG	0,00167	5982,76	0,00334	HOLD	99,6434	101,7984
2019-12-02	22:00	7289,75	7331,58	7270,37	7308,76	LONG	0,00167	5982,76	0,00334	HOLD	99,6434	101,8277
2019-12-02	23:00	7309,32	7330,03	7260	7282,66	LONG	0,00167	5982,76	0,00334	HOLD	99,6434	101,7841
2019-12-03	00:00	7283,03	7300	7257,22	7285,99	LONG	0,00167	5982,76	0,00334	HOLD	99,6434	101,7897
2019-12-03	01:00	7285,99	7287,34	7260,35	7271,01	LONG	0,00167	5982,76	0,00334	HOLD	99,6434	101,7647
2019-12-03	02:00	7271,01	7288,18	7260,35	7273,98	LONG	0,00167	5982,76	0,00334	HOLD	99,6434	101,7696
2019-12-03	03:00	7273,29	7318	7273,29	7293,51	LONG	0,00167	5982,76	0,00334	HOLD	99,6434	101,8022
2019-12-03	04:00	7293,5	7314,55	7289	7303,3	LONG	0,00167	5982,76	0,00334	HOLD	99,6434	101,8186
2019-12-03	05:00	7304,92	7350	7303,44	7327	LONG	0,00167	5982,76	0,00334	HOLD	99,6434	101,8582
2019-12-03	06:00	7326,12	7337,31	7294,03	7294,28	LONG	0,00167	5982,76	0,00334	HOLD	99,6434	101,8035
2019-12-03	07:00	7294,42	7400	7292	7363,5	LONG	0,00167	5982,76	0,00334	HOLD	99,6434	101,9191
2019-12-03	08:00	7363,13	7381,18	7331	7344,21	LONG	0,00167	5982,76	0,00334	HOLD	99,6434	101,8869
2019-12-03	09:00	7344,33	7358,5	7315,37	7336,08	LONG	0,00167	5982,76	0,00334	HOLD	99,6434	101,8733
2019-12-03	10:00	7335,95	7350,38	7320,77	7349,18	LONG	0,00167	5982,76	0,00334	HOLD	99,6434	101,8952
2019-12-03	11:00	7349,5	7357,75	7273,27	7297,91	LONG	0,00167	5982,76	0,00334	HOLD	99,6434	101,8096
2019-12-03	12:00	7297,88	7315,01	7262,02	7276,57	LONG	0,00167	5982,76	0,00334	HOLD	99,6434	101,774
2019-12-03	13:00	7276,6	7311	7272,29	7309,96	LONG	0,00167	5982,76	0,00334	HOLD	99,6434	101,8297
2019-12-03	14:00	7309,96	7311,02	7280,81	7293,83	LONG	0,00167	5982,76	0,00334	HOLD	99,6434	101,8028
2019-12-03	15:00	7293,15	7319,7	7289,39	7312,01	LONG	0,00167	5982,76	0,00334	HOLD	99,6434	101,8331
2019-12-03	16:00	7312,01	7323,98	7258,5	7262,24	LONG	0,00167	5982,76	0,00334	HOLD	99,6434	101,75
2019-12-03	17:00	7262,27	7290	7241,35	7277,82	LONG	0,00167	5982,76	0,00334	HOLD	99,6434	101,776
2019-12-03	18:00	7277,82	7299	7252,52	7266,7	LONG	0,00167	5982,76	0,00334	HOLD	99,6434	101,7575
2019-12-03	19:00	7263,97	7299,99	7262,81	7289,06	LONG	0,00167	5982,76	0,00334	HOLD	99,6434	101,7948
2019-12-03	20:00	7288,78	7300,1	7273,3	7289,16	LONG	0,00167	5982,76	0,00334	HOLD	99,6434	101,795
2019-12-03	21:00	7289,18	7347	7278,52	7334,33	LONG	0,00167	5982,76	0,00334	HOLD	99,6434	101,8704
2019-12-03	22:00	7334,42	7356,13	7314,7	7335,43	LONG	0,00167	5982,76	0,00334	HOLD	99,6434	101,8723
2019-12-03	23:00	7335,36	7337,94	7301,64	7320,47	LONG	0,00167	5982,76	0,00334	HOLD	99,6434	101,8473
2019-12-04	00:00	7319,44	7339,66	7316,15	7327,4	LONG	0,00167	5982,76	0,00334	HOLD	99,6434	101,8588
2019-12-04	01:00	7327,16	7356,87	7326,23	7341,27	LONG	0,00167	5982,76	0,00334	HOLD	99,6434	101,882
2019-12-04	02:00	7341,3	7352,6	7307,76	7320,98	LONG	0,00167	5982,76	0,00334	HOLD	99,6434	101,8481
2019-12-04	03:00	7320,99	7320,99	7283,02	7301,76	LONG	0,00167	5982,76	0,00334	HOLD	99,6434	101,816
2019-12-04	04:00	7301,7	7331,99	7283,43	7321,93	LONG	0,00167	5982,76	0,00334	HOLD	99,6434	101,8497
2019-12-04	05:00	7321,89	7341	7294	7304,12	LONG	0,00167	5982,76	0,00334	HOLD	99,6434	101,82
2019-12-04	06:00	7304,48	7316,52	7284	7292,71	LONG	0,00167	5982,76	0,00334	HOLD	99,6434	101,8009
2019-12-04	07:00	7292,71	7294,03	7110,02	7143	LONG	0,00167	5982,76	0,00334	HOLD	99,6434	101,5509
2019-12-04	08:00	7142,93	7185	7102	7156,69	LONG	0,00167	5982,76	0,00334	HOLD	99,6434	101,5738
2019-12-04	09:00	7156,55	7169,8	7125,94	7148,36	LONG	0,00167	5982,76	0,00334	HOLD	99,6434	101,5598
2019-12-04	10:00	7148,59	7168,91	7143,38	7150,49	LONG	0,00167	5982,76	0,00334	HOLD	99,6434	101,5634
2019-12-04	11:00	7150,91	7166,21	7125,04	7149,44	LONG	0,00167	5982,76	0,00334	HOLD	99,6434	101,5617
2019-12-04	12:00	7149,88	7154,19	7113,58	7127,8	LONG	0,00167	5982,76	0,00334	HOLD	99,6434	101,5255
2019-12-04	13:00	7126,7	7161,55	7111,11	7137,28	LONG	0,00167	5982,76	0,00334	HOLD	99,6434	101,5413
2019-12-04	14:00	7137,02	7149,06	7121,82	7130,6	LONG	0,00167	5982,76	0,00334	HOLD	99,6434	101,5302
2019-12-04	15:00	7130,64	7205,55	7067	7180,92	LONG	0,00167	5982,76	0,00334	HOLD	99,6434	101,6142
2019-12-04	16:00	7182,35	7210,09	7165,02	7192,01	LONG	0,00167	5982,76	0,00334	HOLD	99,6434	101,6327
2019-12-04	17:00	7192,01	7229,57	7179	7222,66	LONG	0,00167	5982,76	0,00334	HOLD	99,6434	101,6839
2019-12-04	18:00	7222,78	7233,77	7181,86	7200,34	LONG	0,00167	5982,76	0,00334	HOLD	99,6434	101,6467
2019-12-04	19:00	7200,62	7227,56	7197,71	7217,65	LONG	0,00167	5982,76	0,00334	HOLD	99,6434	101,6756
2019-12-04	20:00	7217,43	7750	7202,38	7497,83	LONG	0,00167	5982,76	0,00334	HOLD	99,6434	102,1435
2019-12-04	21:00	7496,46	7535	7403,18	7466,79	LONG	0,00167	5982,76	0,00334	HOLD	99,6434	102,0916
2019-12-04	22:00	7466,79	7495	7430	7466,66	LONG	0,00167	5982,76	0,00334	HOLD	99,6434	102,0914
2019-12-04	23:00	7466,78	7499,63	7438	7452,92	LONG	0,00167	5982,76	0,00334	HOLD	99,6434	102,0685
2019-12-05	00:00	7453,1	7483,43	7452,76	7468,83	LONG	0,00167	5982,76	0,00334	HOLD	99,6434	102,095
2019-12-05	01:00	7469,41	7483,43	7455,12	7471,21	LONG	0,00167	5982,76	0,00334	HOLD	99,6434	102,099
2019-12-05	02:00	7471,2	7491,52	7470	7479,55	LONG	0,00167	5982,76	0,00334	HOLD	99,6434	102,1129
2019-12-05	03:00	7479,52	7480,22	7150	7193,16	LONG	0,00167	5982,76	0,00334	HOLD	99,6434	101,6347
2019-12-05	04:00	7199,97	7281	7100	7181,12	LONG	0,00167	5982,76	0,00334	HOLD	99,6434	101,6146
2019-12-05	05:00	7181,91	7225	7153,07	7217,15	LONG	0,00167	5982,76	0,00334	HOLD	99,6434	101,6747
2019-12-05	06:00	7216,12	7258,02	7172,01	7194,32	LONG	0,00167	5982,76	0,00334	HOLD	99,6434	101,6366
2019-12-05	07:00	7194,59	7223,6	7162	7219,3	LONG	0,00167	5982,76	0,00334	HOLD	99,6434	101,6783
2019-12-05	08:00	7219,04	7243,57	7204,54	7219,62	LONG	0,00167	5982,76	0,00334	HOLD	99,6434	101,6789
2019-12-05	09:00	7219,61	7236,35	7195,99	7206,36	LONG	0,00167	5982,76	0,00334	HOLD	99,6434	101,6567
2019-12-05	10:00	7206,43	7224,95	7178,48	7223,6	LONG	0,00167	5982,76	0,00334	HOLD	99,6434	101,6855
2019-12-05	11:00	7223,58	7376,72	7150	7204,51	LONG	0,00167	5982,76	0,00334	HOLD	99,6434	101,6536
2019-12-05	12:00	7205	7360	7195	7321,62	LONG	0,00167	5982,76	0,00334	HOLD	99,6434	101,8492
2019-12-05	13:00	7320,97	7341	7282,67	7308,08	LONG	0,00167	5982,76	0,00334	HOLD	99,6434	101,8266
2019-12-05	14:00	7308,2	7325,82	7259,9	7306,73	LONG	0,00167	5982,76	0,00334	HOLD	99,6434	101,8243
2019-12-05	15:00	7306,96	7340	7287,96	7321,25	LONG	0,00167	5982,76	0,00334	HOLD	99,6434	101,8486
2019-12-05	16:00	7321,26	7433	7305	7308,18	LONG	0,00167	5982,76	0,00334	HOLD	99,6434	101,8267
2019-12-05	17:00	7308,18	7383,84	7308,18	7372,06	LONG	0,00167	5982,76	0,00334	HOLD	99,6434	101,9334
2019-12-05	18:00	7372,06	7407,51	7345,01	7370,45	LONG	0,00167	5982,76	0,00334	HOLD	99,6434	101,9307
2019-12-05	19:00	7369,36	7467,68	7369,3	7436,97	LONG	0,00167	5982,76	0,00334	HOLD	99,6434	102,0418
2019-12-05	20:00	7436,97	7485	7361,14	7378,73	LONG	0,00167	5982,76	0,00334	HOLD	99,6434	101,9446
2019-12-05	21:00	7378,71	7416,3	7369,24	7401,39	LONG	0,00167	5982,76	0,00334	HOLD	99,6434	101,9824
2019-12-05	22:00	7401,39	7406,22	7315	7336,99	LONG	0,00167	5982,76	0,00334	HOLD	99,6434	101,8749
2019-12-05	23:00	7335,91	7349	7285,81	7301,64	LONG	0,00167	5982,76	0,00334	HOLD	99,6434	101,8158
2019-12-06	00:00	7300,37	7354,79	7265	7342,55	LONG	0,00167	5982,76	0,00334	HOLD	99,6434	101,8841
2019-12-06	01:00	7342,55	7395,16	7327,59	7356,14	LONG	0,00167	5982,76	0,00334	HOLD	99,6434	101,9068
2019-12-06	02:00	7354,96	7405	7352,08	7374,81	LONG	0,00167	5982,76	0,00334	HOLD	99,6434	101,938
2019-12-06	03:00	7374,38	7424,29	7358	7376,94	LONG	0,00167	5982,76	0,00334	HOLD	99,6434	101,9416
2019-12-06	04:00	7377,76	7390,99	7334,4	7375,12	LONG	0,00167	5982,76	0,00334	HOLD	99,6434	101,9385
2019-12-06	05:00	7375,12	7414,18	7363,92	7395,48	LONG	0,00167	5982,76	0,00334	HOLD	99,6434	101,9725
2019-12-06	06:00	7394,8	7447,4	7367,18	7389	LONG	0,00167	5982,76	0,00334	HOLD	99,6434	101,9617
2019-12-06	07:00	7389	7389,14	7313,91	7371,45	LONG	0,00167	5982,76	0,00334	HOLD	99,6434	101,9324
2019-12-06	08:00	7371,23	7433,99	7356,14	7399,04	LONG	0,00167	5982,76	0,00334	HOLD	99,6434	101,9785
2019-12-06	09:00	7398,12	7433,81	7372,21	7395,16	LONG	0,00167	5982,76	0,00334	HOLD	99,6434	101,972
2019-12-06	10:00	7395,18	7411,06	7358,01	7371,9	LONG	0,00167	5982,76	0,00334	HOLD	99,6434	101,9332
2019-12-06	11:00	7371,9	7402,73	7347	7400	LONG	0,00167	5982,76	0,00334	HOLD	99,6434	101,9801
2019-12-06	12:00	7399,86	7410	7373,55	7395,27	LONG	0,00167	5982,76	0,00334	HOLD	99,6434	101,9722
2019-12-06	13:00	7394,64	7395,73	7332	7360,8	LONG	0,00167	5982,76	0,00334	HOLD	99,6434	101,9146
2019-12-06	14:00	7361,9	7386,2	7346,15	7367,54	LONG	0,00167	5982,76	0,00334	HOLD	99,6434	101,9259
2019-12-06	15:00	7367	7380	7330	7350,68	LONG	0,00167	5982,76	0,00334	HOLD	99,6434	101,8977
2019-12-06	16:00	7350,54	7443,15	7315	7387,41	LONG	0,00167	5982,76	0,00334	HOLD	99,6434	101,9591
2019-12-06	17:00	7387,43	7396,29	7325	7331,8	LONG	0,00167	5982,76	0,00334	HOLD	99,6434	101,8662
2019-12-06	18:00	7330,37	7358,48	7305	7338,66	LONG	0,00167	5982,76	0,00334	HOLD	99,6434	101,8776
2019-12-06	19:00	7338,68	7388,09	7337,56	7368,34	LONG	0,00167	5982,76	0,00334	HOLD	99,6434	101,9272
2019-12-06	20:00	7367,92	7379,82	7341,47	7352,26	LONG	0,00167	5982,76	0,00334	HOLD	99,6434	101,9004
2019-12-06	21:00	7352,18	7398	7348,89	7381,55	LONG	0,00167	5982,76	0,00334	HOLD	99,6434	101,9493
2019-12-06	22:00	7381,61	7429,4	7352,01	7375,1	LONG	0,00167	5982,76	0,00334	HOLD	99,6434	101,9385
2019-12-06	23:00	7375,11	7420	7372,92	7405,06	LONG	0,00167	5982,76	0,00334	HOLD	99,6434	101,9885
2019-12-07	00:00	7404,99	7590,03	7390,49	7477	LONG	0,00167	5982,76	0,00334	HOLD	99,6434	102,1087
2019-12-07	01:00	7475,97	7513,44	7391,03	7440,41	LONG	0,00167	5982,76	0,00334	HOLD	99,6434	102,0476
2019-12-07	02:00	7440,01	7447,94	7410,67	7433,09	LONG	0,00167	5982,76	0,00334	HOLD	99,6434	102,0353
2019-12-07	03:00	7433,09	7444,98	7421,08	7425,99	LONG	0,00167	5982,76	0,00334	HOLD	99,6434	102,0235
2019-12-07	04:00	7426,66	7481,6	7425,83	7456,82	LONG	0,00167	5982,76	0,00334	HOLD	99,6434	102,075
2019-12-07	05:00	7456,78	7530	7456,57	7506,62	LONG	0,00167	5982,76	0,00334	HOLD	99,6434	102,1581
2019-12-07	06:00	7506,62	7550	7460	7527,47	LONG	0,00167	5982,76	0,00334	HOLD	99,6434	102,193
2019-12-07	07:00	7527,8	7554,63	7500	7522	LONG	0,00167	5982,76	0,00334	HOLD	99,6434	102,1838
2019-12-07	08:00	7521,74	7535,42	7506,05	7510,33	LONG	0,00167	5982,76	0,00334	HOLD	99,6434	102,1643
2019-12-07	09:00	7510,17	7566,32	7508,81	7560,97	LONG	0,00167	5982,76	0,00334	HOLD	99,6434	102,2489
2019-12-07	10:00	7560,97	7562,16	7511,41	7529,74	LONG	0,00167	5982,76	0,00334	HOLD	99,6434	102,1968
2019-12-07	11:00	7528,62	7619,62	7527,07	7561,13	LONG	0,00167	5982,76	0,00334	HOLD	99,6434	102,2492
2019-12-07	12:00	7560,37	7578	7533,33	7559,01	LONG	0,00167	5982,76	0,00334	HOLD	99,6434	102,2456
2019-12-07	13:00	7559,06	7559,69	7523,68	7529,99	LONG	0,00167	5982,76	0,00334	HOLD	99,6434	102,1972
2019-12-07	14:00	7528,62	7534,97	7508,88	7521,48	LONG	0,00167	5982,76	0,00334	HOLD	99,6434	102,183
2019-12-07	15:00	7521,36	7549,71	7475,02	7501,38	LONG	0,00167	5982,76	0,00334	HOLD	99,6434	102,1494
2019-12-07	16:00	7501,38	7533	7487,34	7494,67	LONG	0,00167	5982,76	0,00334	HOLD	99,6434	102,1382
2019-12-07	17:00	7494,11	7532,02	7470,16	7512,34	LONG	0,00167	5982,76	0,00334	HOLD	99,6434	102,1677
2019-12-07	18:00	7513,7	7539,9	7510,04	7524,98	LONG	0,00167	5982,76	0,00334	HOLD	99,6434	102,1888
2019-12-07	19:00	7523,68	7551,8	7512,35	7512,35	LONG	0,00167	5982,76	0,00334	HOLD	99,6434	102,1677
2019-12-07	20:00	7515,3	7533,87	7498,03	7517,14	LONG	0,00167	5982,76	0,00334	HOLD	99,6434	102,1757
2019-12-07	21:00	7517,14	7549,91	7505	7529,19	LONG	0,00167	5982,76	0,00334	HOLD	99,6434	102,1958
2019-12-07	22:00	7529,16	7541,16	7502,22	7510,07	LONG	0,00167	5982,76	0,00334	HOLD	99,6434	102,1639
2019-12-07	23:00	7510	7530	7496	7508,56	LONG	0,00167	5982,76	0,00334	HOLD	99,6434	102,1614
2019-12-08	00:00	7508,6	7520,89	7500,2	7508,78	LONG	0,00167	5982,76	0,00334	HOLD	99,6434	102,1617
2019-12-08	01:00	7508,42	7519	7480	7489,97	LONG	0,00167	5982,76	0,00334	HOLD	99,6434	102,1303
2019-12-08	02:00	7489,63	7527,89	7476	7520	LONG	0,00167	5982,76	0,00334	HOLD	99,6434	102,1805
2019-12-08	03:00	7520	7520,46	7495,66	7502,86	LONG	0,00167	5982,76	0,00334	HOLD	99,6434	102,1519
2019-12-08	04:00	7503,52	7504,99	7472,01	7484,29	LONG	0,00167	5982,76	0,00334	HOLD	99,6434	102,1208
2019-12-08	05:00	7483,45	7519,75	7480	7519,75	LONG	0,00167	5982,76	0,00334	HOLD	99,6434	102,1801
2019-12-08	06:00	7519,75	7522,99	7484,33	7488,21	LONG	0,00167	5982,76	0,00334	HOLD	99,6434	102,1274
2019-12-08	07:00	7487,31	7499,75	7430	7474,35	LONG	0,00167	5982,76	0,00334	HOLD	99,6434	102,1042
2019-12-08	08:00	7474,27	7475,05	7412,19	7435	LONG	0,00167	5982,76	0,00334	HOLD	99,6434	102,0385
2019-12-08	09:00	7434,98	7435	7374,86	7409,13	LONG	0,00167	5982,76	0,00334	HOLD	99,6434	101,9953
2019-12-08	10:00	7408,32	7409,99	7382	7403,91	LONG	0,00167	5982,76	0,00334	HOLD	99,6434	101,9866
2019-12-08	11:00	7404,99	7430	7382,33	7417,99	LONG	0,00167	5982,76	0,00334	HOLD	99,6434	102,0101
2019-12-08	12:00	7417,99	7434,9	7409,98	7421,96	LONG	0,00167	5982,76	0,00334	HOLD	99,6434	102,0168
2019-12-08	13:00	7422,26	7448,06	7418,51	7444,33	LONG	0,00167	5982,76	0,00334	HOLD	99,6434	102,0541
2019-12-08	14:00	7444,33	7453,99	7427,03	7434,63	LONG	0,00167	5982,76	0,00334	HOLD	99,6434	102,0379
2019-12-08	15:00	7434,63	7442,06	7411,91	7437,45	LONG	0,00167	5982,76	0,00334	HOLD	99,6434	102,0426
2019-12-08	16:00	7437,38	7497,88	7433,89	7486,21	LONG	0,00167	5982,76	0,00334	HOLD	99,6434	102,1241
2019-12-08	17:00	7486,15	7502,28	7466,29	7486,67	LONG	0,00167	5982,76	0,00334	HOLD	99,6434	102,1248
2019-12-08	18:00	7486,66	7542,16	7486,64	7520,03	LONG	0,00167	5982,76	0,00334	HOLD	99,6434	102,1805
2019-12-08	19:00	7520,03	7525	7488,2	7496,02	LONG	0,00167	5982,76	0,00334	HOLD	99,6434	102,1404
2019-12-08	20:00	7496,5	7531,25	7496,02	7513,67	LONG	0,00167	5982,76	0,00334	HOLD	99,6434	102,1699
2019-12-08	21:00	7513,57	7522	7503,15	7512,85	LONG	0,00167	5982,76	0,00334	HOLD	99,6434	102,1685
2019-12-08	22:00	7513,35	7564	7511,68	7546	LONG	0,00167	5982,76	0,00334	HOLD	99,6434	102,2239
2019-12-08	23:00	7546	7552,77	7502,6	7509,98	LONG	0,00167	5982,76	0,00334	HOLD	99,6434	102,1638
2019-12-09	00:00	7509,36	7528,58	7506,44	7525,71	LONG	0,00167	5982,76	0,00334	HOLD	99,6434	102,19
2019-12-09	01:00	7526,21	7547,54	7514,11	7518,05	LONG	0,00167	5982,76	0,00334	HOLD	99,6434	102,1772
2019-12-09	02:00	7517,52	7525	7503	7515,99	LONG	0,00167	5982,76	0,00334	HOLD	99,6434	102,1738
2019-12-09	03:00	7516,31	7528	7505	7523	LONG	0,00167	5982,76	0,00334	HOLD	99,6434	102,1855
2019-12-09	04:00	7523,02	7542	7520,22	7528,43	LONG	0,00167	5982,76	0,00334	HOLD	99,6434	102,1946
2019-12-09	05:00	7527,11	7540,85	7513,02	7537,24	LONG	0,00167	5982,76	0,00334	HOLD	99,6434	102,2093
2019-12-09	06:00	7538,54	7552	7505,81	7510,11	LONG	0,00167	5982,76	0,00334	HOLD	99,6434	102,164
2019-12-09	07:00	7510,11	7541,9	7506,5	7519,85	LONG	0,00167	5982,76	0,00334	HOLD	99,6434	102,1802
2019-12-09	08:00	7519,88	7523,44	7465	7481,44	LONG	0,00167	5982,76	0,00334	HOLD	99,6434	102,1161
2019-12-09	09:00	7479,46	7500,12	7451	7496,09	LONG	0,00167	5982,76	0,00334	HOLD	99,6434	102,1406
2019-12-09	10:00	7496,1	7521,83	7480,17	7510,32	LONG	0,00167	5982,76	0,00334	HOLD	99,6434	102,1643
2019-12-09	11:00	7510,93	7531,87	7490	7498,06	LONG	0,00167	5982,76	0,00334	HOLD	99,6434	102,1438
2019-12-09	12:00	7498,67	7518,41	7476,25	7483,61	LONG	0,00167	5982,76	0,00334	HOLD	99,6434	102,1197
2019-12-09	13:00	7482,56	7530	7467,03	7513,26	LONG	0,00167	5982,76	0,00334	HOLD	99,6434	102,1692
2019-12-09	14:00	7512,98	7513,82	7458	7470,67	LONG	0,00167	5982,76	0,00334	HOLD	99,6434	102,0981
2019-12-09	15:00	7468,36	7474	7440,04	7461,11	LONG	0,00167	5982,76	0,00334	HOLD	99,6434	102,0821
2019-12-09	16:00	7460,15	7474,13	7455,01	7456,74	LONG	0,00167	5982,76	0,00334	HOLD	99,6434	102,0748
2019-12-09	17:00	7456,74	7490	7446,17	7480,15	LONG	0,00167	5982,76	0,00334	HOLD	99,6434	102,1139
2019-12-09	18:00	7480,79	7496	7470	7471,25	LONG	0,00167	5982,76	0,00334	HOLD	99,6434	102,0991
2019-12-09	19:00	7471,24	7509,26	7452,07	7493,33	LONG	0,00167	5982,76	0,00334	HOLD	99,6434	102,1359
2019-12-09	20:00	7493,96	7522	7492	7496,87	LONG	0,00167	5982,76	0,00334	HOLD	99,6434	102,1419
2019-12-09	21:00	7495,76	7550	7495,01	7542,02	LONG	0,00167	5982,76	0,00334	HOLD	99,6434	102,2173
2019-12-09	22:00	7545,92	7650	7390	7424	LONG	0,00167	5982,76	0,00334	HOLD	99,6434	102,0202
2019-12-09	23:00	7423,91	7450	7400	7413,04	LONG	0,00167	5982,76	0,00334	HOLD	99,6434	102,0019
2019-12-10	00:00	7413,05	7447,49	7400	7438,09	LONG	0,00167	5982,76	0,00334	HOLD	99,6434	102,0437
2019-12-10	01:00	7438,09	7450,54	7435	7444,57	LONG	0,00167	5982,76	0,00334	HOLD	99,6434	102,0545
2019-12-10	02:00	7443,74	7446,91	7350	7374,3	LONG	0,00167	5982,76	0,00334	HOLD	99,6434	101,9372
2019-12-10	03:00	7374,25	7382,49	7273	7300,65	LONG	0,00167	5982,76	0,00334	HOLD	99,6434	101,8142
2019-12-10	04:00	7302,05	7369,23	7291,35	7354,93	LONG	0,00167	5982,76	0,00334	HOLD	99,6434	101,9048
2019-12-10	05:00	7352,61	7356,13	7307,24	7333,25	LONG	0,00167	5982,76	0,00334	HOLD	99,6434	101,8686
2019-12-10	06:00	7333,02	7359,72	7323,34	7338,64	LONG	0,00167	5982,76	0,00334	HOLD	99,6434	101,8776
2019-12-10	07:00	7338,64	7355	7312,52	7343,38	LONG	0,00167	5982,76	0,00334	HOLD	99,6434	101,8855
2019-12-10	08:00	7343,4	7407,6	7310,01	7371,68	LONG	0,00167	5982,76	0,00334	HOLD	99,6434	101,9328
2019-12-10	09:00	7372,86	7387,99	7359,07	7369,07	LONG	0,00167	5982,76	0,00334	HOLD	99,6434	101,9284
2019-12-10	10:00	7368,74	7388,86	7360	7382,63	LONG	0,00167	5982,76	0,00334	HOLD	99,6434	101,9511
2019-12-10	11:00	7383,74	7399,08	7371,45	7378,53	LONG	0,00167	5982,76	0,00334	HOLD	99,6434	101,9442
2019-12-10	12:00	7378,53	7382,23	7344	7357,83	LONG	0,00167	5982,76	0,00334	HOLD	99,6434	101,9097
2019-12-10	13:00	7357,32	7373,21	7345,01	7359,59	LONG	0,00167	5982,76	0,00334	HOLD	99,6434	101,9126
2019-12-10	14:00	7360,27	7367	7333,98	7351,61	LONG	0,00167	5982,76	0,00334	HOLD	99,6434	101,8993
2019-12-10	15:00	7351,17	7353,95	7288	7307,21	LONG	0,00167	5982,76	0,00334	HOLD	99,6434	101,8251
2019-12-10	16:00	7307,21	7336,53	7296,76	7315,14	LONG	0,00167	5982,76	0,00334	HOLD	99,6434	101,8384
2019-12-10	17:00	7314,1	7357,27	7314,1	7343,95	LONG	0,00167	5982,76	0,00334	HOLD	99,6434	101,8865
2019-12-10	18:00	7342,79	7368,44	7338,6	7342	LONG	0,00167	5982,76	0,00334	HOLD	99,6434	101,8832
2019-12-10	19:00	7341,75	7355	7325,02	7344,71	LONG	0,00167	5982,76	0,00334	HOLD	99,6434	101,8878
2019-12-10	20:00	7344,72	7347,97	7311,13	7321,14	LONG	0,00167	5982,76	0,00334	HOLD	99,6434	101,8484
2019-12-10	21:00	7320,94	7354	7213	7290,92	LONG	0,00167	5982,76	0,00334	HOLD	99,6434	101,7979
2019-12-10	22:00	7290,95	7307,79	7215	7234,13	LONG	0,00167	5982,76	0,00334	HOLD	99,6434	101,7031
2019-12-10	23:00	7236,4	7261,52	7210	7232,52	LONG	0,00167	5982,76	0,00334	HOLD	99,6434	101,7004
2019-12-11	00:00	7231,5	7249,36	7168,6	7182,35	LONG	0,00167	5982,76	0,00334	HOLD	99,6434	101,6166
2019-12-11	01:00	7180,91	7229,8	7157,1	7226,35	LONG	0,00167	5982,76	0,00334	HOLD	99,6434	101,6901
2019-12-11	02:00	7225,26	7232,79	7203,56	7231,23	LONG	0,00167	5982,76	0,00334	HOLD	99,6434	101,6982
2019-12-11	03:00	7230,95	7231,22	7185,16	7207,45	LONG	0,00167	5982,76	0,00334	HOLD	99,6434	101,6585
2019-12-11	04:00	7207,51	7241,87	7203,19	7218,9	LONG	0,00167	5982,76	0,00334	HOLD	99,6434	101,6776
2019-12-11	05:00	7218,49	7248,65	7218	7238,45	LONG	0,00167	5982,76	0,00334	HOLD	99,6434	101,7103
2019-12-11	06:00	7238,45	7257,34	7223,52	7224,13	LONG	0,00167	5982,76	0,00334	HOLD	99,6434	101,6864
2019-12-11	07:00	7224,15	7248,64	7220,28	7239,39	LONG	0,00167	5982,76	0,00334	HOLD	99,6434	101,7119
2019-12-11	08:00	7239,37	7274,4	7228,36	7267,77	LONG	0,00167	5982,76	0,00334	HOLD	99,6434	101,7593
2019-12-11	09:00	7267,74	7275,5	7242,31	7248,59	LONG	0,00167	5982,76	0,00334	HOLD	99,6434	101,7272
2019-12-11	10:00	7246,87	7249,86	7190,17	7211,97	LONG	0,00167	5982,76	0,00334	HOLD	99,6434	101,6661
2019-12-11	11:00	7213,44	7228,87	7200,01	7215,88	LONG	0,00167	5982,76	0,00334	HOLD	99,6434	101,6726
2019-12-11	12:00	7214,95	7230,21	7195,57	7195,57	LONG	0,00167	5982,76	0,00334	HOLD	99,6434	101,6387
2019-12-11	13:00	7195,9	7218	7180	7217,89	LONG	0,00167	5982,76	0,00334	HOLD	99,6434	101,676
2019-12-11	14:00	7217,16	7227,39	7205,86	7220,12	LONG	0,00167	5982,76	0,00334	HOLD	99,6434	101,6797
2019-12-11	15:00	7220,12	7234,3	7215,22	7222,3	LONG	0,00167	5982,76	0,00334	HOLD	99,6434	101,6833
2019-12-11	16:00	7224,38	7249,72	7222,44	7238,28	LONG	0,00167	5982,76	0,00334	HOLD	99,6434	101,71
2019-12-11	17:00	7237,95	7239,98	7202,01	7222,87	LONG	0,00167	5982,76	0,00334	HOLD	99,6434	101,6843
2019-12-11	18:00	7222,81	7245	7219,36	7227,36	LONG	0,00167	5982,76	0,00334	HOLD	99,6434	101,6918
2019-12-11	19:00	7227,36	7267,01	7227,36	7257,04	LONG	0,00167	5982,76	0,00334	HOLD	99,6434	101,7413
2019-12-11	20:00	7257,04	7261,32	7219,56	7240,51	LONG	0,00167	5982,76	0,00334	HOLD	99,6434	101,7137
2019-12-11	21:00	7240,73	7253,21	7224	7233,65	LONG	0,00167	5982,76	0,00334	HOLD	99,6434	101,7023
2019-12-11	22:00	7233,65	7235,7	7125,66	7174	LONG	0,00167	5982,76	0,00334	HOLD	99,6434	101,6027
2019-12-11	23:00	7174,03	7217,5	7153,03	7192,46	LONG	0,00167	5982,76	0,00334	HOLD	99,6434	101,6335
2019-12-12	00:00	7192,43	7205,69	7177,96	7197,9	LONG	0,00167	5982,76	0,00334	HOLD	99,6434	101,6426
2019-12-12	01:00	7197,9	7209,85	7183,44	7188,56	LONG	0,00167	5982,76	0,00334	HOLD	99,6434	101,627
2019-12-12	02:00	7188,12	7214,1	7180	7200,23	LONG	0,00167	5982,76	0,00334	HOLD	99,6434	101,6465
2019-12-12	03:00	7200,69	7205,97	7170	7171,7	LONG	0,00167	5982,76	0,00334	HOLD	99,6434	101,5988
2019-12-12	04:00	7171,72	7200	7170,83	7194,77	LONG	0,00167	5982,76	0,00334	HOLD	99,6434	101,6374
2019-12-12	05:00	7193,55	7204,48	7183,1	7203,89	LONG	0,00167	5982,76	0,00334	HOLD	99,6434	101,6526
2019-12-12	06:00	7203,89	7210	7195,48	7210	LONG	0,00167	5982,76	0,00334	HOLD	99,6434	101,6628
2019-12-12	07:00	7210	7295	7113,38	7145,81	LONG	0,00167	5982,76	0,00334	HOLD	99,6434	101,5556
2019-12-12	08:00	7145,95	7168,11	7080,3	7153,23	LONG	0,00167	5982,76	0,00334	HOLD	99,6434	101,568
2019-12-12	09:00	7154,27	7185,27	7139,26	7157,38	LONG	0,00167	5982,76	0,00334	HOLD	99,6434	101,5749
2019-12-12	10:00	7156,72	7174,04	7151,36	7156,03	LONG	0,00167	5982,76	0,00334	HOLD	99,6434	101,5727
2019-12-12	11:00	7156,05	7168,02	7140	7149,98	LONG	0,00167	5982,76	0,00334	HOLD	99,6434	101,5626
2019-12-12	12:00	7149,98	7166,85	7144,31	7163,02	LONG	0,00167	5982,76	0,00334	HOLD	99,6434	101,5843
2019-12-12	13:00	7163,41	7177,46	7150,02	7173,14	LONG	0,00167	5982,76	0,00334	HOLD	99,6434	101,6012
2019-12-12	14:00	7173,17	7175,37	7146,02	7151,05	LONG	0,00167	5982,76	0,00334	HOLD	99,6434	101,5643
2019-12-12	15:00	7150,36	7152,17	7115	7136,01	LONG	0,00167	5982,76	0,00334	HOLD	99,6434	101,5392
2019-12-12	16:00	7136,01	7177,45	7135	7164,22	LONG	0,00167	5982,76	0,00334	HOLD	99,6434	101,5863
2019-12-12	17:00	7164,47	7217,99	7136,82	7161,19	LONG	0,00167	5982,76	0,00334	HOLD	99,6434	101,5813
2019-12-12	18:00	7160,85	7206,08	7158,81	7192,93	LONG	0,00167	5982,76	0,00334	HOLD	99,6434	101,6343
2019-12-12	19:00	7192,93	7214,99	7180,17	7193,46	LONG	0,00167	5982,76	0,00334	HOLD	99,6434	101,6352
2019-12-12	20:00	7194	7205	7174	7192,67	LONG	0,00167	5982,76	0,00334	HOLD	99,6434	101,6338
2019-12-12	21:00	7192,67	7222,15	7140	7165,52	LONG	0,00167	5982,76	0,00334	HOLD	99,6434	101,5885
2019-12-12	22:00	7165,85	7193,4	7151,72	7191,56	LONG	0,00167	5982,76	0,00334	HOLD	99,6434	101,632
2019-12-12	23:00	7190,98	7214,45	7175,96	7204,96	LONG	0,00167	5982,76	0,00334	HOLD	99,6434	101,6544
2019-12-13	00:00	7204,96	7212,26	7190,82	7202,08	LONG	0,00167	5982,76	0,00334	HOLD	99,6434	101,6496
2019-12-13	01:00	7203,24	7226,79	7192,84	7216,85	LONG	0,00167	5982,76	0,00334	HOLD	99,6434	101,6742
2019-12-13	02:00	7216,87	7225,68	7195,61	7204,73	LONG	0,00167	5982,76	0,00334	HOLD	99,6434	101,654
2019-12-13	03:00	7204,75	7255	7200,01	7250,08	LONG	0,00167	5982,76	0,00334	HOLD	99,6434	101,7297
2019-12-13	04:00	7250	7261,95	7195	7206,11	LONG	0,00167	5982,76	0,00334	HOLD	99,6434	101,6563
2019-12-13	05:00	7206,11	7212,85	7186,12	7200,03	LONG	0,00167	5982,76	0,00334	HOLD	99,6434	101,6461
2019-12-13	06:00	7200,15	7211,78	7192,11	7198,08	LONG	0,00167	5982,76	0,00334	HOLD	99,6434	101,6429
2019-12-13	07:00	7197,76	7216,93	7196,02	7197,66	LONG	0,00167	5982,76	0,00334	HOLD	99,6434	101,6422
2019-12-13	08:00	7197,66	7211,08	7190,76	7204,94	LONG	0,00167	5982,76	0,00334	HOLD	99,6434	101,6543
2019-12-13	09:00	7204,16	7218,98	7199,57	7212,72	LONG	0,00167	5982,76	0,00334	HOLD	99,6434	101,6673
2019-12-13	10:00	7213,37	7236,5	7208,42	7229,1	LONG	0,00167	5982,76	0,00334	HOLD	99,6434	101,6947
2019-12-13	11:00	7229,1	7247,62	7225,05	7227,43	LONG	0,00167	5982,76	0,00334	HOLD	99,6434	101,6919
2019-12-13	12:00	7228,69	7230,6	7217,4	7227,03	LONG	0,00167	5982,76	0,00334	HOLD	99,6434	101,6912
2019-12-13	13:00	7226,96	7229,88	7208,01	7217,52	LONG	0,00167	5982,76	0,00334	HOLD	99,6434	101,6753
2019-12-13	14:00	7217,51	7249,81	7215,24	7236,3	LONG	0,00167	5982,76	0,00334	HOLD	99,6434	101,7067
2019-12-13	15:00	7235,21	7255	7205,67	7216,07	LONG	0,00167	5982,76	0,00334	HOLD	99,6434	101,6729
2019-12-13	16:00	7216,02	7230,75	7214	7220,43	LONG	0,00167	5982,76	0,00334	HOLD	99,6434	101,6802
2019-12-13	17:00	7220,41	7227,2	7212	7221,51	LONG	0,00167	5982,76	0,00334	HOLD	99,6434	101,682
2019-12-13	18:00	7221,03	7237,98	7219,08	7221,9	LONG	0,00167	5982,76	0,00334	HOLD	99,6434	101,6827
2019-12-13	19:00	7221,29	7233,19	7208,2	7231,24	LONG	0,00167	5982,76	0,00334	HOLD	99,6434	101,6983
2019-12-13	20:00	7230,04	7239,5	7220,63	7234,7	LONG	0,00167	5982,76	0,00334	HOLD	99,6434	101,704
2019-12-13	21:00	7235,97	7237,72	7222,03	7229,96	LONG	0,00167	5982,76	0,00334	HOLD	99,6434	101,6961
2019-12-13	22:00	7229,96	7268,01	7225,28	7253,03	LONG	0,00167	5982,76	0,00334	HOLD	99,6434	101,7346
2019-12-13	23:00	7253,03	7309,05	7251	7282,18	LONG	0,00167	5982,76	0,00334	HOLD	99,6434	101,7833
2019-12-14	00:00	7282,18	7298	7258	7274,36	LONG	0,00167	5982,76	0,00334	HOLD	99,6434	101,7703
2019-12-14	01:00	7274,73	7283,78	7224	7239,97	LONG	0,00167	5982,76	0,00334	HOLD	99,6434	101,7128
2019-12-14	02:00	7239,97	7270	7231,69	7253,87	LONG	0,00167	5982,76	0,00334	HOLD	99,6434	101,736
2019-12-14	03:00	7253,87	7266,87	7249,88	7257,31	LONG	0,00167	5982,76	0,00334	HOLD	99,6434	101,7418
2019-12-14	04:00	7257,27	7257,31	7238,01	7244,58	LONG	0,00167	5982,76	0,00334	HOLD	99,6434	101,7205
2019-12-14	05:00	7244,58	7258,62	7230,64	7242,86	LONG	0,00167	5982,76	0,00334	HOLD	99,6434	101,7177
2019-12-14	06:00	7243,51	7258,61	7239,47	7258,48	LONG	0,00167	5982,76	0,00334	HOLD	99,6434	101,7437
2019-12-14	07:00	7257,37	7258,11	7232,09	7248	LONG	0,00167	5982,76	0,00334	HOLD	99,6434	101,7262
2019-12-14	08:00	7247,69	7271,77	7237,87	7264,5	LONG	0,00167	5982,76	0,00334	HOLD	99,6434	101,7538
2019-12-14	09:00	7264,21	7268,79	7248,85	7254,8	LONG	0,00167	5982,76	0,00334	HOLD	99,6434	101,7376
2019-12-14	10:00	7255,62	7259,98	7242,14	7254,63	LONG	0,00167	5982,76	0,00334	HOLD	99,6434	101,7373
2019-12-14	11:00	7255,21	7263	7250,22	7258,94	LONG	0,00167	5982,76	0,00334	HOLD	99,6434	101,7445
2019-12-14	12:00	7257,89	7270	7256,05	7266,93	LONG	0,00167	5982,76	0,00334	HOLD	99,6434	101,7579
2019-12-14	13:00	7265,92	7267,45	7243,68	7248,08	LONG	0,00167	5982,76	0,00334	HOLD	99,6434	101,7264
2019-12-14	14:00	7248,67	7259,68	7242,02	7252,08	LONG	0,00167	5982,76	0,00334	HOLD	99,6434	101,7331
2019-12-14	15:00	7252,05	7252,8	7166,66	7189,46	LONG	0,00167	5982,76	0,00334	HOLD	99,6434	101,6285
2019-12-14	16:00	7189,46	7205,36	7167,35	7191,64	LONG	0,00167	5982,76	0,00334	HOLD	99,6434	101,6321
2019-12-14	17:00	7191,66	7200,15	7175,89	7190,47	LONG	0,00167	5982,76	0,00334	HOLD	99,6434	101,6302
2019-12-14	18:00	7190,46	7193,02	7150	7185,94	LONG	0,00167	5982,76	0,00334	HOLD	99,6434	101,6226
2019-12-14	19:00	7185,49	7189,48	7150	7161,66	LONG	0,00167	5982,76	0,00334	HOLD	99,6434	101,5821
2019-12-14	20:00	7161,6	7166,59	7135,97	7144,18	LONG	0,00167	5982,76	0,00334	HOLD	99,6434	101,5529
2019-12-14	21:00	7145,63	7158,77	7122,23	7153,04	LONG	0,00167	5982,76	0,00334	HOLD	99,6434	101,5677
2019-12-14	22:00	7152,61	7156,36	7026	7060,03	LONG	0,00167	5982,76	0,00334	HOLD	99,6434	101,4123
2019-12-14	23:00	7061,61	7078,2	7012	7059,49	LONG	0,00167	5982,76	0,00334	HOLD	99,6434	101,4114
2019-12-15	00:00	7059,36	7088,48	7053,91	7065,26	LONG	0,00167	5982,76	0,00334	HOLD	99,6434	101,4211
2019-12-15	01:00	7065,02	7099,63	7065	7096,46	LONG	0,00167	5982,76	0,00334	HOLD	99,6434	101,4732
2019-12-15	02:00	7096,53	7104,25	7066,85	7072,66	LONG	0,00167	5982,76	0,00334	HOLD	99,6434	101,4334
2019-12-15	03:00	7072,66	7082,39	7065,39	7072,33	LONG	0,00167	5982,76	0,00334	HOLD	99,6434	101,4329
2019-12-15	04:00	7073,34	7093,99	7062,56	7083,68	LONG	0,00167	5982,76	0,00334	HOLD	99,6434	101,4518
2019-12-15	05:00	7083,68	7093,38	7067,61	7089,76	LONG	0,00167	5982,76	0,00334	HOLD	99,6434	101,462
2019-12-15	06:00	7089,74	7090	7063,99	7064,05	LONG	0,00167	5982,76	0,00334	HOLD	99,6434	101,419
2019-12-15	07:00	7064,14	7065	7008,35	7046,28	LONG	0,00167	5982,76	0,00334	HOLD	99,6434	101,3894
2019-12-15	08:00	7046,53	7052,7	7021,43	7048,54	LONG	0,00167	5982,76	0,00334	HOLD	99,6434	101,3931
2019-12-15	09:00	7048,54	7072,85	7045,01	7062	LONG	0,00167	5982,76	0,00334	HOLD	99,6434	101,4156
2019-12-15	10:00	7061,46	7067,03	7044,09	7056,97	LONG	0,00167	5982,76	0,00334	HOLD	99,6434	101,4072
2019-12-15	11:00	7057,49	7067,03	7053	7053,72	LONG	0,00167	5982,76	0,00334	HOLD	99,6434	101,4018
2019-12-15	12:00	7054,3	7062,81	7044	7058	LONG	0,00167	5982,76	0,00334	HOLD	99,6434	101,4089
2019-12-15	13:00	7058,1	7058,14	7035,37	7054,68	LONG	0,00167	5982,76	0,00334	HOLD	99,6434	101,4034
2019-12-15	14:00	7055,55	7200,3	7035,63	7142	LONG	0,00167	5982,76	0,00334	HOLD	99,6434	101,5492
2019-12-15	15:00	7142	7177,15	7123,76	7151,33	LONG	0,00167	5982,76	0,00334	HOLD	99,6434	101,5648
2019-12-15	16:00	7151,2	7161,18	7129,95	7140,59	LONG	0,00167	5982,76	0,00334	HOLD	99,6434	101,5469
2019-12-15	17:00	7140,71	7141,47	7084,51	7096,74	LONG	0,00167	5982,76	0,00334	HOLD	99,6434	101,4736
2019-12-15	18:00	7096,18	7114,34	7094,27	7110,61	LONG	0,00167	5982,76	0,00334	HOLD	99,6434	101,4968
2019-12-15	19:00	7111,11	7149	7061,05	7080,86	LONG	0,00167	5982,76	0,00334	HOLD	99,6434	101,4471
2019-12-15	20:00	7080,25	7095,22	7070,03	7080,52	LONG	0,00167	5982,76	0,00334	HOLD	99,6434	101,4466
2019-12-15	21:00	7080,52	7125	7080,11	7120,41	LONG	0,00167	5982,76	0,00334	HOLD	99,6434	101,5132
2019-12-15	22:00	7120,4	7133,22	7100	7119,1	LONG	0,00167	5982,76	0,00334	HOLD	99,6434	101,511
2019-12-15	23:00	7119,11	7131,92	7082	7098,53	LONG	0,00167	5982,76	0,00334	HOLD	99,6434	101,4766
2019-12-16	00:00	7098,82	7122,05	7093,99	7114,01	LONG	0,00167	5982,76	0,00334	HOLD	99,6434	101,5025
2019-12-16	01:00	7113,6	7125	7101,62	7123,81	LONG	0,00167	5982,76	0,00334	HOLD	99,6434	101,5188
2019-12-16	02:00	7124,26	7128,99	7101,65	7114,49	LONG	0,00167	5982,76	0,00334	HOLD	99,6434	101,5033
2019-12-16	03:00	7114,68	7141,67	7110,09	7134,69	LONG	0,00167	5982,76	0,00334	HOLD	99,6434	101,537
2019-12-16	04:00	7133,92	7135,56	7112,19	7125,43	LONG	0,00167	5982,76	0,00334	HOLD	99,6434	101,5216
2019-12-16	05:00	7124,93	7139,66	7116,99	7118,85	LONG	0,00167	5982,76	0,00334	HOLD	99,6434	101,5106
2019-12-16	06:00	7119,38	7129,41	7097,41	7118,59	LONG	0,00167	5982,76	0,00334	HOLD	99,6434	101,5101
2019-12-16	07:00	7119,6	7132,52	7062,55	7080,45	LONG	0,00167	5982,76	0,00334	HOLD	99,6434	101,4464
2019-12-16	08:00	7080,12	7100	7077,07	7096,09	LONG	0,00167	5982,76	0,00334	HOLD	99,6434	101,4726
2019-12-16	09:00	7095,36	7103,26	7080,77	7093,14	LONG	0,00167	5982,76	0,00334	HOLD	99,6434	101,4676
2019-12-16	10:00	7093,97	7099,93	7072,24	7079,98	LONG	0,00167	5982,76	0,00334	HOLD	99,6434	101,4457
2019-12-16	11:00	7078,83	7079,98	7042,49	7072,16	LONG	0,00167	5982,76	0,00334	HOLD	99,6434	101,4326
2019-12-16	12:00	7072,16	7080,01	7060	7071,26	LONG	0,00167	5982,76	0,00334	HOLD	99,6434	101,4311
2019-12-16	13:00	7070,87	7092,01	7068,01	7086,52	LONG	0,00167	5982,76	0,00334	HOLD	99,6434	101,4566
2019-12-16	14:00	7086,5	7100	7062,81	7067,74	LONG	0,00167	5982,76	0,00334	HOLD	99,6434	101,4252
2019-12-16	15:00	7066,97	7099	7056,8	7069,17	LONG	0,00167	5982,76	0,00334	HOLD	99,6434	101,4276
2019-12-16	16:00	7069,15	7078,69	7051	7058,59	LONG	0,00167	5982,76	0,00334	HOLD	99,6434	101,4099
2019-12-16	17:00	7057,45	7086	7056,31	7063,36	LONG	0,00167	5982,76	0,00334	HOLD	99,6434	101,4179
2019-12-16	18:00	7063,36	7125,6	7061,69	7091,85	LONG	0,00167	5982,76	0,00334	HOLD	99,6434	101,4655
2019-12-16	19:00	7091,92	7119	7074	7108,03	LONG	0,00167	5982,76	0,00334	HOLD	99,6434	101,4925
2019-12-16	20:00	7109,21	7140,72	7098,13	7135,46	LONG	0,00167	5982,76	0,00334	HOLD	99,6434	101,5383
2019-12-16	21:00	7136,47	7150	7105,61	7115,96	LONG	0,00167	5982,76	0,00334	HOLD	99,6434	101,5057
2019-12-16	22:00	7115,98	7128,88	7082	7089,45	LONG	0,00167	5982,76	0,00334	HOLD	99,6434	101,4615
2019-12-16	23:00	7090,73	7104,85	7087,81	7099,71	LONG	0,00167	5982,76	0,00334	HOLD	99,6434	101,4786
2019-12-17	00:00	7100,53	7112,54	7093	7109,13	LONG	0,00167	5982,76	0,00334	HOLD	99,6434	101,4943
2019-12-17	01:00	7109,68	7117	6850	6924	LONG	0,00167	5982,76	0,00334	HOLD	99,6434	101,1852
2019-12-17	02:00	6923,9	6930,27	6877,26	6902,16	LONG	0,00167	5982,76	0,00334	HOLD	99,6434	101,1487
2019-12-17	03:00	6902,68	6919,98	6836	6860,64	LONG	0,00167	5982,76	0,00334	HOLD	99,6434	101,0794
2019-12-17	04:00	6860,94	6908	6860,94	6887,74	LONG	0,00167	5982,76	0,00334	HOLD	99,6434	101,1246
2019-12-17	05:00	6887,73	6904,84	6878,77	6893,91	LONG	0,00167	5982,76	0,00334	HOLD	99,6434	101,1349
2019-12-17	06:00	6893,66	6912,74	6877,51	6891,72	LONG	0,00167	5982,76	0,00334	HOLD	99,6434	101,1313
2019-12-17	07:00	6891,44	6910,78	6887,27	6895,98	LONG	0,00167	5982,76	0,00334	HOLD	99,6434	101,1384
2019-12-17	08:00	6896,22	6899,2	6879,75	6885,2	LONG	0,00167	5982,76	0,00334	HOLD	99,6434	101,1204
2019-12-17	09:00	6885,23	6900	6885,23	6893,27	LONG	0,00167	5982,76	0,00334	HOLD	99,6434	101,1338
2019-12-17	10:00	6893,29	6895,59	6856	6886,76	LONG	0,00167	5982,76	0,00334	HOLD	99,6434	101,123
2019-12-17	11:00	6886,76	6892,46	6859,48	6887,11	LONG	0,00167	5982,76	0,00334	HOLD	99,6434	101,1236
2019-12-17	12:00	6886,44	6904,91	6878,55	6889,17	LONG	0,00167	5982,76	0,00334	HOLD	99,6434	101,127
2019-12-17	13:00	6889,6	6897,91	6883,56	6889,21	LONG	0,00167	5982,76	0,00334	HOLD	99,6434	101,1271
2019-12-17	14:00	6889,24	6893,85	6872,12	6877,47	LONG	0,00167	5982,76	0,00334	HOLD	99,6434	101,1075
2019-12-17	15:00	6877,46	6886,24	6856	6879,77	LONG	0,00167	5982,76	0,00334	HOLD	99,6434	101,1113
2019-12-17	16:00	6880,33	6888,77	6875,34	6883,58	LONG	0,00167	5982,76	0,00334	HOLD	99,6434	101,1177
2019-12-17	17:00	6884	6911	6882,01	6888	LONG	0,00167	5982,76	0,00334	HOLD	99,6434	101,125
2019-12-17	18:00	6887,67	6942,21	6873,83	6935,09	LONG	0,00167	5982,76	0,00334	HOLD	99,6434	101,2037
2019-12-17	19:00	6935,13	6940,84	6868,56	6877,59	LONG	0,00167	5982,76	0,00334	HOLD	99,6434	101,1077
2019-12-17	20:00	6877,49	6887,75	6720	6773,62	LONG	0,00167	5982,76	0,00334	HOLD	99,6434	100,934
2019-12-17	21:00	6773,54	6775	6685	6753,25	LONG	0,00167	5982,76	0,00334	HOLD	99,6434	100,9
2019-12-17	22:00	6753,02	6759	6691,63	6696,2	LONG	0,00167	5982,76	0,00334	HOLD	99,6434	100,8047
2019-12-17	23:00	6696,32	6743,6	6640,77	6737,08	LONG	0,00167	5982,76	0,00334	HOLD	99,6434	100,873
2019-12-18	00:00	6737,08	6743,33	6693,11	6710	LONG	0,00167	5982,76	0,00334	HOLD	99,6434	100,8278
2019-12-18	01:00	6710	6730	6702,28	6711,15	LONG	0,00167	5982,76	0,00334	HOLD	99,6434	100,8297
2019-12-18	02:00	6711,15	6713,85	6590,21	6619,71	LONG	0,00167	5982,76	0,00334	HOLD	99,6434	100,677
2019-12-18	03:00	6619,69	6645,95	6575	6584	LONG	0,00167	5982,76	0,00334	HOLD	99,6434	100,6174
2019-12-18	04:00	6584,69	6623,4	6578,3	6617	LONG	0,00167	5982,76	0,00334	HOLD	99,6434	100,6725
2019-12-18	05:00	6616,15	6702	6570	6587,22	LONG	0,00167	5982,76	0,00334	HOLD	99,6434	100,6227
2019-12-18	06:00	6588,08	6638,57	6560	6623,82	LONG	0,00167	5982,76	0,00334	HOLD	99,6434	100,6839
2019-12-18	07:00	6623,84	6659,09	6600,52	6654,57	LONG	0,00167	5982,76	0,00334	HOLD	99,6434	100,7352
2019-12-18	08:00	6654,67	6691,16	6642,15	6660,67	LONG	0,00167	5982,76	0,00334	HOLD	99,6434	100,7454
2019-12-18	09:00	6660,51	6712,6	6646,88	6703,6	LONG	0,00167	5982,76	0,00334	HOLD	99,6434	100,8171
2019-12-18	10:00	6702,75	6725,69	6679,38	6686,91	LONG	0,00167	5982,76	0,00334	HOLD	99,6434	100,7892
2019-12-18	11:00	6686,89	6717,56	6658,66	6675,38	LONG	0,00167	5982,76	0,00334	HOLD	99,6434	100,77
2019-12-18	12:00	6675,35	6686,63	6649,1	6668,58	LONG	0,00167	5982,76	0,00334	HOLD	99,6434	100,7586
2019-12-18	13:00	6668,58	6685,36	6613,15	6629,11	LONG	0,00167	5982,76	0,00334	HOLD	99,6434	100,6927
2019-12-18	14:00	6629,45	6632,63	6590,01	6619,51	LONG	0,00167	5982,76	0,00334	HOLD	99,6434	100,6767
2019-12-18	15:00	6619,06	6656,03	6611,41	6623,47	LONG	0,00167	5982,76	0,00334	HOLD	99,6434	100,6833
2019-12-18	16:00	6624,02	6656,66	6621,06	6634,39	LONG	0,00167	5982,76	0,00334	HOLD	99,6434	100,7015
2019-12-18	17:00	6634,39	6668,84	6620,31	6655,04	LONG	0,00167	5982,76	0,00334	HOLD	99,6434	100,736
2019-12-18	18:00	6655,8	6660,4	6608,44	6615,24	LONG	0,00167	5982,76	0,00334	HOLD	99,6434	100,6695
2019-12-18	19:00	6615,24	6629,44	6500	6541,47	LONG	0,00167	5982,76	0,00334	HOLD	99,6434	100,5463
2019-12-18	20:00	6541,47	6684,88	6435	6674,55	LONG	0,00167	5982,76	0,00334	HOLD	99,6434	100,7686
2019-12-18	21:00	6675,33	6737,6	6639,93	6697,34	LONG	0,00167	5982,76	0,00334	HOLD	99,6434	100,8066
2019-12-18	22:00	6697,99	6863,08	6697,36	6823,49	LONG	0,00167	5982,76	0,00334	HOLD	99,6434	101,0173
2019-12-18	23:00	6824,55	6929,2	6770	6874,74	LONG	0,00167	5982,76	0,00334	HOLD	99,6434	101,1029
2019-12-19	00:00	6877,46	6925,13	6830	6859,92	LONG	0,00167	5982,76	0,00334	HOLD	99,6434	101,0782
2019-12-19	01:00	6860,22	6878,65	6820	6860,9	LONG	0,00167	5982,76	0,00334	HOLD	99,6434	101,0798
2019-12-19	02:00	6860,9	6966,05	6852,28	6956,86	LONG	0,00167	5982,76	0,00334	HOLD	99,6434	101,24
2019-12-19	03:00	6956,09	7214,88	6941	7108,95	LONG	0,00167	5982,76	0,00334	HOLD	99,6434	101,494
2019-12-19	04:00	7111,69	7199	7106,74	7125	LONG	0,00167	5982,76	0,00334	HOLD	99,6434	101,5208
2019-12-19	05:00	7123,97	7440	7123,97	7422,96	LONG	0,00167	5982,76	0,00334	HOLD	99,6434	102,0184
2019-12-19	06:00	7422,6	7438,1	7221,6	7277,83	LONG	0,00167	5982,76	0,00334	HOLD	99,6434	101,7761
2019-12-19	07:00	7277,83	7380	7206,7	7234,99	LONG	0,00167	5982,76	0,00334	HOLD	99,6434	101,7045
2019-12-19	08:00	7234,81	7237,57	7122,5	7157,2	LONG	0,00167	5982,76	0,00334	HOLD	99,6434	101,5746
2019-12-19	09:00	7157,73	7187,85	7130	7150,4	LONG	0,00167	5982,76	0,00334	HOLD	99,6434	101,5633
2019-12-19	10:00	7150,5	7180,96	7150	7158,94	LONG	0,00167	5982,76	0,00334	HOLD	99,6434	101,5775
2019-12-19	11:00	7158,94	7162,32	7129,87	7139,85	LONG	0,00167	5982,76	0,00334	HOLD	99,6434	101,5456
2019-12-19	12:00	7139,77	7167,85	7110,02	7147,21	LONG	0,00167	5982,76	0,00334	HOLD	99,6434	101,5579
2019-12-19	13:00	7146,66	7166,84	7126,86	7135,53	LONG	0,00167	5982,76	0,00334	HOLD	99,6434	101,5384
2019-12-19	14:00	7135,39	7142,93	7076,65	7092,54	LONG	0,00167	5982,76	0,00334	HOLD	99,6434	101,4666
2019-12-19	15:00	7091,31	7117,15	7066	7076,2	LONG	0,00167	5982,76	0,00334	HOLD	99,6434	101,4393
2019-12-19	16:00	7076,78	7159,62	7038,31	7121,23	LONG	0,00167	5982,76	0,00334	HOLD	99,6434	101,5145
2019-12-19	17:00	7121,23	7200	7120,12	7153,73	LONG	0,00167	5982,76	0,00334	HOLD	99,6434	101,5688
2019-12-19	18:00	7153,72	7179,99	7123,79	7150	LONG	0,00167	5982,76	0,00334	HOLD	99,6434	101,5626
2019-12-19	19:00	7150,56	7220	7142,03	7189,53	LONG	0,00167	5982,76	0,00334	HOLD	99,6434	101,6286
2019-12-19	20:00	7189,37	7234	7060,01	7088,03	LONG	0,00167	5982,76	0,00334	HOLD	99,6434	101,4591
2019-12-19	21:00	7088,28	7123,72	7069,16	7122,58	LONG	0,00167	5982,76	0,00334	HOLD	99,6434	101,5168
2019-12-19	22:00	7123,29	7175,19	7108,04	7145,84	LONG	0,00167	5982,76	0,00334	HOLD	99,6434	101,5556
2019-12-19	23:00	7145,99	7173,47	7117,12	7136,57	LONG	0,00167	5982,76	0,00334	HOLD	99,6434	101,5402
2019-12-20	00:00	7136,76	7158,6	7111	7133,17	LONG	0,00167	5982,76	0,00334	HOLD	99,6434	101,5345
2019-12-20	01:00	7131,75	7169	7119,16	7157,52	LONG	0,00167	5982,76	0,00334	HOLD	99,6434	101,5751
2019-12-20	02:00	7157,53	7185	7138,32	7177,05	LONG	0,00167	5982,76	0,00334	HOLD	99,6434	101,6078
2019-12-20	03:00	7177,89	7181,99	7137,89	7151,07	LONG	0,00167	5982,76	0,00334	HOLD	99,6434	101,5644
2019-12-20	04:00	7151,07	7170,87	7128,02	7157,78	LONG	0,00167	5982,76	0,00334	HOLD	99,6434	101,5756
2019-12-20	05:00	7157,15	7164,02	7131,62	7157,69	LONG	0,00167	5982,76	0,00334	HOLD	99,6434	101,5754
2019-12-20	06:00	7157,75	7165,9	7137,29	7150,3	LONG	0,00167	5982,76	0,00334	HOLD	99,6434	101,5631
2019-12-20	07:00	7151,31	7160	7079,5	7124,96	LONG	0,00167	5982,76	0,00334	HOLD	99,6434	101,5208
2019-12-20	08:00	7124,53	7129,63	7093	7102,27	LONG	0,00167	5982,76	0,00334	HOLD	99,6434	101,4829
2019-12-20	09:00	7102,27	7140,78	7098,48	7124,95	LONG	0,00167	5982,76	0,00334	HOLD	99,6434	101,5208
2019-12-20	10:00	7123,77	7142,39	7120,44	7134,14	LONG	0,00167	5982,76	0,00334	HOLD	99,6434	101,5361
2019-12-20	11:00	7134,14	7139,99	7120,54	7125,01	LONG	0,00167	5982,76	0,00334	HOLD	99,6434	101,5209
2019-12-20	12:00	7124,83	7136	7089,91	7090,81	LONG	0,00167	5982,76	0,00334	HOLD	99,6434	101,4637
2019-12-20	13:00	7089,52	7132,37	7082,38	7107,25	LONG	0,00167	5982,76	0,00334	HOLD	99,6434	101,4912
2019-12-20	14:00	7106,36	7160	7104,41	7145,07	LONG	0,00167	5982,76	0,00334	HOLD	99,6434	101,5544
2019-12-20	15:00	7145,09	7175,67	7091,76	7135,1	LONG	0,00167	5982,76	0,00334	HOLD	99,6434	101,5377
2019-12-20	16:00	7134,49	7159,81	7126	7132,98	LONG	0,00167	5982,76	0,00334	HOLD	99,6434	101,5342
2019-12-20	17:00	7132,99	7148,66	7129,99	7144,94	LONG	0,00167	5982,76	0,00334	HOLD	99,6434	101,5541
2019-12-20	18:00	7144,92	7158,54	7133,5	7149,5	LONG	0,00167	5982,76	0,00334	HOLD	99,6434	101,5618
2019-12-20	19:00	7149,87	7194,99	7136,75	7186,13	LONG	0,00167	5982,76	0,00334	HOLD	99,6434	101,6229
2019-12-20	20:00	7186,38	7188	7161,06	7180,59	LONG	0,00167	5982,76	0,00334	HOLD	99,6434	101,6137
2019-12-20	21:00	7180,59	7205	7150	7195	LONG	0,00167	5982,76	0,00334	HOLD	99,6434	101,6377
2019-12-20	22:00	7195	7220	7139	7155,19	LONG	0,00167	5982,76	0,00334	HOLD	99,6434	101,5713
2019-12-20	23:00	7155,4	7171,54	7133	7165,3	LONG	0,00167	5982,76	0,00334	HOLD	99,6434	101,5881
2019-12-21	00:00	7165,74	7189,31	7147,46	7175,19	LONG	0,00167	5982,76	0,00334	HOLD	99,6434	101,6047
2019-12-21	01:00	7175,19	7205	7168	7192	LONG	0,00167	5982,76	0,00334	HOLD	99,6434	101,6327
2019-12-21	02:00	7192	7204,58	7172,79	7184,15	LONG	0,00167	5982,76	0,00334	HOLD	99,6434	101,6196
2019-12-21	03:00	7183,99	7214,26	7182,36	7203,49	LONG	0,00167	5982,76	0,00334	HOLD	99,6434	101,6519
2019-12-21	04:00	7203,49	7207,17	7181,46	7191,81	LONG	0,00167	5982,76	0,00334	HOLD	99,6434	101,6324
2019-12-21	05:00	7191,54	7197,97	7171,71	7182,44	LONG	0,00167	5982,76	0,00334	HOLD	99,6434	101,6168
2019-12-21	06:00	7182,9	7188,72	7166,23	7187,83	LONG	0,00167	5982,76	0,00334	HOLD	99,6434	101,6258
2019-12-21	07:00	7188,01	7190,58	7154,14	7164,54	LONG	0,00167	5982,76	0,00334	HOLD	99,6434	101,5869
2019-12-21	08:00	7164,54	7172,08	7142,3	7157,98	LONG	0,00167	5982,76	0,00334	HOLD	99,6434	101,5759
2019-12-21	09:00	7157,4	7174,98	7151,77	7167,78	LONG	0,00167	5982,76	0,00334	HOLD	99,6434	101,5923
2019-12-21	10:00	7167,12	7170	7152	7156,01	LONG	0,00167	5982,76	0,00334	HOLD	99,6434	101,5726
2019-12-21	11:00	7156,03	7175,43	7142,1	7147,37	LONG	0,00167	5982,76	0,00334	HOLD	99,6434	101,5582
2019-12-21	12:00	7148,32	7161,67	7141	7156,69	LONG	0,00167	5982,76	0,00334	HOLD	99,6434	101,5738
2019-12-21	13:00	7156,47	7161,57	7139	7141,8	LONG	0,00167	5982,76	0,00334	HOLD	99,6434	101,5489
2019-12-21	14:00	7141,77	7145,31	7124,45	7132,95	LONG	0,00167	5982,76	0,00334	HOLD	99,6434	101,5341
2019-12-21	15:00	7132,95	7146,58	7129,07	7141,71	LONG	0,00167	5982,76	0,00334	HOLD	99,6434	101,5487
2019-12-21	16:00	7141,72	7142,14	7105	7119,06	LONG	0,00167	5982,76	0,00334	HOLD	99,6434	101,5109
2019-12-21	17:00	7118,55	7140	7116,58	7137,45	LONG	0,00167	5982,76	0,00334	HOLD	99,6434	101,5416
2019-12-21	18:00	7137,5	7157	7131,52	7145,99	LONG	0,00167	5982,76	0,00334	HOLD	99,6434	101,5559
2019-12-21	19:00	7145,97	7152,12	7134,85	7147,05	LONG	0,00167	5982,76	0,00334	HOLD	99,6434	101,5577
2019-12-21	20:00	7147,05	7148,87	7119	7129,66	LONG	0,00167	5982,76	0,00334	HOLD	99,6434	101,5286
2019-12-21	21:00	7129,24	7142,99	7118,05	7125,06	LONG	0,00167	5982,76	0,00334	HOLD	99,6434	101,5209
2019-12-21	22:00	7125,06	7144,7	7122,52	7139,32	LONG	0,00167	5982,76	0,00334	HOLD	99,6434	101,5447
2019-12-21	23:00	7139,32	7143,3	7126	7142,35	LONG	0,00167	5982,76	0,00334	HOLD	99,6434	101,5498
2019-12-22	00:00	7142,35	7154,23	7142	7152,31	LONG	0,00167	5982,76	0,00334	HOLD	99,6434	101,5664
2019-12-22	01:00	7152,42	7154	7143,89	7149,89	LONG	0,00167	5982,76	0,00334	HOLD	99,6434	101,5624
2019-12-22	02:00	7148,83	7151,98	7138	7145,82	LONG	0,00167	5982,76	0,00334	HOLD	99,6434	101,5556
2019-12-22	03:00	7145,04	7155	7137,12	7154,79	LONG	0,00167	5982,76	0,00334	HOLD	99,6434	101,5706
2019-12-22	04:00	7154,43	7180	7122	7132,21	LONG	0,00167	5982,76	0,00334	HOLD	99,6434	101,5329
2019-12-22	05:00	7131,85	7140	7122,37	7139,43	LONG	0,00167	5982,76	0,00334	HOLD	99,6434	101,5449
2019-12-22	06:00	7139,82	7140	7122	7132,75	LONG	0,00167	5982,76	0,00334	HOLD	99,6434	101,5338
2019-12-22	07:00	7131,59	7133,48	7122,47	7133,48	LONG	0,00167	5982,76	0,00334	HOLD	99,6434	101,535
2019-12-22	08:00	7133,48	7144	7131,53	7144	LONG	0,00167	5982,76	0,00334	HOLD	99,6434	101,5526
2019-12-22	09:00	7144	7148	7137,32	7144,02	LONG	0,00167	5982,76	0,00334	HOLD	99,6434	101,5526
2019-12-22	10:00	7144,09	7148,82	7132,55	7137,26	LONG	0,00167	5982,76	0,00334	HOLD	99,6434	101,5413
2019-12-22	11:00	7136,94	7148,99	7135,37	7136,96	LONG	0,00167	5982,76	0,00334	HOLD	99,6434	101,5408
2019-12-22	12:00	7136,98	7142,02	7127,02	7132,06	LONG	0,00167	5982,76	0,00334	HOLD	99,6434	101,5326
2019-12-22	13:00	7132,04	7137	7125	7131,03	LONG	0,00167	5982,76	0,00334	HOLD	99,6434	101,5309
2019-12-22	14:00	7131,03	7192,99	7128,77	7181,85	LONG	0,00167	5982,76	0,00334	HOLD	99,6434	101,6158
2019-12-22	15:00	7180,32	7200,3	7145,84	7160	LONG	0,00167	5982,76	0,00334	HOLD	99,6434	101,5793
2019-12-22	16:00	7160,23	7170,88	7158,13	7163,75	LONG	0,00167	5982,76	0,00334	HOLD	99,6434	101,5855
2019-12-22	17:00	7163,75	7188,71	7160	7174,98	LONG	0,00167	5982,76	0,00334	HOLD	99,6434	101,6043
2019-12-22	18:00	7174,98	7180	7152,7	7165,36	LONG	0,00167	5982,76	0,00334	HOLD	99,6434	101,5882
2019-12-22	19:00	7164,4	7177,87	7158,61	7169,99	LONG	0,00167	5982,76	0,00334	HOLD	99,6434	101,596
2019-12-22	20:00	7170	7194	7155,62	7170,05	LONG	0,00167	5982,76	0,00334	HOLD	99,6434	101,5961
2019-12-22	21:00	7170,07	7179,75	7160,28	7168,24	LONG	0,00167	5982,76	0,00334	HOLD	99,6434	101,593
2019-12-22	22:00	7167,83	7197	7167,11	7186,82	LONG	0,00167	5982,76	0,00334	HOLD	99,6434	101,6241
2019-12-22	23:00	7186,78	7270	7165	7226,71	LONG	0,00167	5982,76	0,00334	HOLD	99,6434	101,6907
2019-12-23	00:00	7226,7	7375,64	7211	7312,26	LONG	0,00167	5982,76	0,00334	HOLD	99,6434	101,8336
2019-12-23	01:00	7312,66	7430	7311,09	7392,93	LONG	0,00167	5982,76	0,00334	HOLD	99,6434	101,9683
2019-12-23	02:00	7393	7456,67	7357,16	7398,35	LONG	0,00167	5982,76	0,00334	HOLD	99,6434	101,9773
2019-12-23	03:00	7399,46	7455,85	7384,98	7409,55	LONG	0,00167	5982,76	0,00334	HOLD	99,6434	101,996
2019-12-23	04:00	7408,08	7421,87	7375	7396,15	LONG	0,00167	5982,76	0,00334	HOLD	99,6434	101,9737
2019-12-23	05:00	7395,61	7416,46	7374,16	7400,25	LONG	0,00167	5982,76	0,00334	HOLD	99,6434	101,9805
2019-12-23	06:00	7400,84	7518,54	7400	7501,44	LONG	0,00167	5982,76	0,00334	HOLD	99,6434	102,1495
2019-12-23	07:00	7500,71	7627,32	7500,36	7546,04	LONG	0,00167	5982,76	0,00334	HOLD	99,6434	102,224
2019-12-23	08:00	7546,04	7631,63	7536,84	7604,11	LONG	0,00167	5982,76	0,00334	HOLD	99,6434	102,3209
2019-12-23	09:00	7603,95	7634,55	7544,59	7561,62	LONG	0,00167	5982,76	0,00334	HOLD	99,6434	102,25
2019-12-23	10:00	7561,76	7597,3	7561,64	7590,02	LONG	0,00167	5982,76	0,00334	HOLD	99,6434	102,2974
2019-12-23	11:00	7589,55	7593,5	7553,44	7554,73	LONG	0,00167	5982,76	0,00334	HOLD	99,6434	102,2385
2019-12-23	12:00	7553,58	7580	7530	7543,92	LONG	0,00167	5982,76	0,00334	HOLD	99,6434	102,2204
2019-12-23	13:00	7543,89	7551,47	7441,6	7473	LONG	0,00167	5982,76	0,00334	HOLD	99,6434	102,102
2019-12-23	14:00	7472,96	7512,82	7465	7494,21	LONG	0,00167	5982,76	0,00334	HOLD	99,6434	102,1374
2019-12-23	15:00	7494,91	7542	7485,83	7523,6	LONG	0,00167	5982,76	0,00334	HOLD	99,6434	102,1865
2019-12-23	16:00	7523,6	7534,99	7486,88	7533,64	LONG	0,00167	5982,76	0,00334	HOLD	99,6434	102,2033
2019-12-23	17:00	7533,94	7548	7512,7	7522,33	LONG	0,00167	5982,76	0,00334	HOLD	99,6434	102,1844
2019-12-23	18:00	7521,87	7564,93	7506,44	7553,11	LONG	0,00167	5982,76	0,00334	HOLD	99,6434	102,2358
2019-12-23	19:00	7553,03	7568,42	7532,26	7561,12	LONG	0,00167	5982,76	0,00334	HOLD	99,6434	102,2492
2019-12-23	20:00	7562,15	7597,34	7503,27	7520,56	LONG	0,00167	5982,76	0,00334	HOLD	99,6434	102,1814
2019-12-23	21:00	7521,13	7581,59	7475,65	7577,21	LONG	0,00167	5982,76	0,00334	HOLD	99,6434	102,276
2019-12-23	22:00	7577,21	7612	7547,27	7585,87	LONG	0,00167	5982,76	0,00334	HOLD	99,6434	102,2905
2019-12-23	23:00	7585,87	7695,38	7513	7523,97	LONG	0,00167	5982,76	0,00334	HOLD	99,6434	102,1871
2019-12-24	00:00	7524,01	7557,13	7361,01	7390,51	LONG	0,00167	5982,76	0,00334	HOLD	99,6434	101,9642
2019-12-24	01:00	7387,91	7460	7355	7391,93	LONG	0,00167	5982,76	0,00334	HOLD	99,6434	101,9666
2019-12-24	02:00	7392	7437,11	7380	7432,07	LONG	0,00167	5982,76	0,00334	HOLD	99,6434	102,0336
2019-12-24	03:00	7432,38	7433,9	7391	7401,69	LONG	0,00167	5982,76	0,00334	HOLD	99,6434	101,9829
2019-12-24	04:00	7401,03	7401,79	7288	7315,44	LONG	0,00167	5982,76	0,00334	HOLD	99,6434	101,8389
2019-12-24	05:00	7315,2	7330,01	7265,84	7295,39	LONG	0,00167	5982,76	0,00334	HOLD	99,6434	101,8054
2019-12-24	06:00	7296,69	7348	7293,28	7317,09	LONG	0,00167	5982,76	0,00334	HOLD	99,6434	101,8416
2019-12-24	07:00	7317,3	7325,59	7285	7305,06	LONG	0,00167	5982,76	0,00334	HOLD	99,6434	101,8215
2019-12-24	08:00	7304,32	7323,83	7286	7310,84	LONG	0,00167	5982,76	0,00334	HOLD	99,6434	101,8312
2019-12-24	09:00	7310,82	7330,5	7306,45	7326,79	LONG	0,00167	5982,76	0,00334	HOLD	99,6434	101,8578
2019-12-24	10:00	7326,77	7339,5	7305,01	7313,8	LONG	0,00167	5982,76	0,00334	HOLD	99,6434	101,8361
2019-12-24	11:00	7313,88	7332,21	7303	7311,26	LONG	0,00167	5982,76	0,00334	HOLD	99,6434	101,8319
2019-12-24	12:00	7310,97	7341,01	7310	7341,01	LONG	0,00167	5982,76	0,00334	HOLD	99,6434	101,8816
2019-12-24	13:00	7340,7	7342,27	7323,82	7333,12	LONG	0,00167	5982,76	0,00334	HOLD	99,6434	101,8684
2019-12-24	14:00	7333,11	7334,98	7227,35	7264,92	LONG	0,00167	5982,76	0,00334	HOLD	99,6434	101,7545
2019-12-24	15:00	7264,91	7393	7226,13	7362,86	LONG	0,00167	5982,76	0,00334	HOLD	99,6434	101,9181
2019-12-24	16:00	7362,86	7400	7328,83	7372	LONG	0,00167	5982,76	0,00334	HOLD	99,6434	101,9333
2019-12-24	17:00	7370,62	7416,53	7352,38	7401,18	LONG	0,00167	5982,76	0,00334	HOLD	99,6434	101,9821
2019-12-24	18:00	7401,57	7410,35	7350	7373,54	LONG	0,00167	5982,76	0,00334	HOLD	99,6434	101,9359
2019-12-24	19:00	7373,55	7385	7345,21	7357,38	LONG	0,00167	5982,76	0,00334	HOLD	99,6434	101,9089
2019-12-24	20:00	7357,21	7398,1	7351,75	7383,99	LONG	0,00167	5982,76	0,00334	HOLD	99,6434	101,9533
2019-12-24	21:00	7383,71	7436,68	7331	7354,53	LONG	0,00167	5982,76	0,00334	HOLD	99,6434	101,9042
2019-12-24	22:00	7354,55	7356,18	7241,58	7277,52	LONG	0,00167	5982,76	0,00334	HOLD	99,6434	101,7755
2019-12-24	23:00	7277,47	7300	7200,49	7296,04	LONG	0,00167	5982,76	0,00334	HOLD	99,6434	101,8065
2019-12-25	00:00	7295,41	7311,31	7217,06	7228,72	LONG	0,00167	5982,76	0,00334	HOLD	99,6434	101,694
2019-12-25	01:00	7228,74	7247,4	7157,04	7202,96	LONG	0,00167	5982,76	0,00334	HOLD	99,6434	101,651
2019-12-25	02:00	7203,45	7274,2	7175	7253,77	LONG	0,00167	5982,76	0,00334	HOLD	99,6434	101,7359
2019-12-25	03:00	7253,92	7280	7198,52	7220,52	LONG	0,00167	5982,76	0,00334	HOLD	99,6434	101,6804
2019-12-25	04:00	7220,98	7268,96	7212,29	7253,88	LONG	0,00167	5982,76	0,00334	HOLD	99,6434	101,7361
2019-12-25	05:00	7253,12	7263,57	7219,68	7239,15	LONG	0,00167	5982,76	0,00334	HOLD	99,6434	101,7115
2019-12-25	06:00	7239,16	7273,86	7209,46	7255,77	LONG	0,00167	5982,76	0,00334	HOLD	99,6434	101,7392
2019-12-25	07:00	7255,77	7267,39	7224,29	7232,33	LONG	0,00167	5982,76	0,00334	HOLD	99,6434	101,7001
2019-12-25	08:00	7232,02	7250	7213,12	7243,67	LONG	0,00167	5982,76	0,00334	HOLD	99,6434	101,719
2019-12-25	09:00	7243,67	7256,46	7228,6	7233,9	LONG	0,00167	5982,76	0,00334	HOLD	99,6434	101,7027
2019-12-25	10:00	7233,19	7248,26	7219,39	7229,58	LONG	0,00167	5982,76	0,00334	HOLD	99,6434	101,6955
2019-12-25	11:00	7229,99	7262,6	7228,26	7246,77	LONG	0,00167	5982,76	0,00334	HOLD	99,6434	101,7242
2019-12-25	12:00	7246,69	7256,08	7230	7232,59	LONG	0,00167	5982,76	0,00334	HOLD	99,6434	101,7005
2019-12-25	13:00	7232,06	7245,94	7222,69	7231,85	LONG	0,00167	5982,76	0,00334	HOLD	99,6434	101,6993
2019-12-25	14:00	7231,85	7271,77	7201	7252,19	LONG	0,00167	5982,76	0,00334	HOLD	99,6434	101,7332
2019-12-25	15:00	7252,16	7267,85	7239,36	7253,8	LONG	0,00167	5982,76	0,00334	HOLD	99,6434	101,7359
2019-12-25	16:00	7253,12	7261,04	7220,46	7232,97	LONG	0,00167	5982,76	0,00334	HOLD	99,6434	101,7011
2019-12-25	17:00	7232,99	7246,51	7210,45	7227,67	LONG	0,00167	5982,76	0,00334	HOLD	99,6434	101,6923
2019-12-25	18:00	7227,67	7240	7212,99	7217,03	LONG	0,00167	5982,76	0,00334	HOLD	99,6434	101,6745
2019-12-25	19:00	7216,92	7256	7170,73	7229,48	LONG	0,00167	5982,76	0,00334	HOLD	99,6434	101,6953
2019-12-25	20:00	7229,17	7229,17	7179,69	7191,54	LONG	0,00167	5982,76	0,00334	HOLD	99,6434	101,632
2019-12-25	21:00	7190	7210,54	7172,01	7191,15	LONG	0,00167	5982,76	0,00334	HOLD	99,6434	101,6313
2019-12-25	22:00	7190,66	7204,99	7180	7189,56	LONG	0,00167	5982,76	0,00334	HOLD	99,6434	101,6287
2019-12-25	23:00	7189,58	7204,34	7128,86	7146,21	LONG	0,00167	5982,76	0,00334	HOLD	99,6434	101,5563
2019-12-26	00:00	7145,7	7176,38	7131,39	7164,17	LONG	0,00167	5982,76	0,00334	HOLD	99,6434	101,5862
2019-12-26	01:00	7164,17	7178,84	7140	7173,41	LONG	0,00167	5982,76	0,00334	HOLD	99,6434	101,6017
2019-12-26	02:00	7174,51	7247	7166,01	7239,02	LONG	0,00167	5982,76	0,00334	HOLD	99,6434	101,7112
2019-12-26	03:00	7238,02	7269,99	7208,92	7244,04	LONG	0,00167	5982,76	0,00334	HOLD	99,6434	101,7196
2019-12-26	04:00	7245,34	7250,65	7209	7220,1	LONG	0,00167	5982,76	0,00334	HOLD	99,6434	101,6797
2019-12-26	05:00	7219,75	7230	7168,42	7213,57	LONG	0,00167	5982,76	0,00334	HOLD	99,6434	101,6687
2019-12-26	06:00	7213,56	7217,31	7188,51	7204,63	LONG	0,00167	5982,76	0,00334	HOLD	99,6434	101,6538
2019-12-26	07:00	7205,01	7219,99	7190	7191,93	LONG	0,00167	5982,76	0,00334	HOLD	99,6434	101,6326
2019-12-26	08:00	7191,93	7208,47	7185	7205,64	LONG	0,00167	5982,76	0,00334	HOLD	99,6434	101,6555
2019-12-26	09:00	7205,74	7216,27	7199,17	7199,17	LONG	0,00167	5982,76	0,00334	HOLD	99,6434	101,6447
2019-12-26	10:00	7200,37	7203,67	7177,14	7183,01	LONG	0,00167	5982,76	0,00334	HOLD	99,6434	101,6177
2019-12-26	11:00	7182,84	7197	7180	7182,26	LONG	0,00167	5982,76	0,00334	HOLD	99,6434	101,6165
2019-12-26	12:00	7182,51	7195	7176,8	7188,31	LONG	0,00167	5982,76	0,00334	HOLD	99,6434	101,6266
2019-12-26	13:00	7188,31	7223,15	7182,92	7207,34	LONG	0,00167	5982,76	0,00334	HOLD	99,6434	101,6583
2019-12-26	14:00	7206,57	7218,06	7198	7209,2	LONG	0,00167	5982,76	0,00334	HOLD	99,6434	101,6614
2019-12-26	15:00	7209,2	7240,76	7206,27	7224,71	LONG	0,00167	5982,76	0,00334	HOLD	99,6434	101,6874
2019-12-26	16:00	7224,2	7235,37	7208,51	7211	LONG	0,00167	5982,76	0,00334	HOLD	99,6434	101,6645
2019-12-26	17:00	7211	7227,25	7210,5	7217,65	LONG	0,00167	5982,76	0,00334	HOLD	99,6434	101,6756
2019-12-26	18:00	7217,63	7221,43	7185,8	7188,02	LONG	0,00167	5982,76	0,00334	HOLD	99,6434	101,6261
2019-12-26	19:00	7189,06	7218	7183,27	7207,11	LONG	0,00167	5982,76	0,00334	HOLD	99,6434	101,658
2019-12-26	20:00	7207,51	7217	7195,02	7209,45	LONG	0,00167	5982,76	0,00334	HOLD	99,6434	101,6619
2019-12-26	21:00	7208,65	7222,82	7202,86	7216,37	LONG	0,00167	5982,76	0,00334	HOLD	99,6434	101,6734
2019-12-26	22:00	7216,4	7244	7199,27	7231,45	LONG	0,00167	5982,76	0,00334	HOLD	99,6434	101,6986
2019-12-26	23:00	7231,83	7341,79	7197,02	7336,71	LONG	0,00167	5982,76	0,00334	HOLD	99,6434	101,8744
2019-12-27	00:00	7338,64	7388	7320	7368,81	LONG	0,00167	5982,76	0,00334	HOLD	99,6434	101,928
2019-12-27	01:00	7368,81	7400	7349,79	7363,37	LONG	0,00167	5982,76	0,00334	HOLD	99,6434	101,9189
2019-12-27	02:00	7362,86	7435	7235,47	7301,38	LONG	0,00167	5982,76	0,00334	HOLD	99,6434	101,8154
2019-12-27	03:00	7296,1	7331,42	7240,12	7255,91	LONG	0,00167	5982,76	0,00334	HOLD	99,6434	101,7395
2019-12-27	04:00	7255,53	7255,93	7192,14	7199,89	LONG	0,00167	5982,76	0,00334	HOLD	99,6434	101,6459
2019-12-27	05:00	7197,81	7206,66	7157,12	7199,45	LONG	0,00167	5982,76	0,00334	HOLD	99,6434	101,6452
2019-12-27	06:00	7199,44	7214,59	7185,26	7202	LONG	0,00167	5982,76	0,00334	HOLD	99,6434	101,6494
2019-12-27	07:00	7202	7222,59	7190	7206,3	LONG	0,00167	5982,76	0,00334	HOLD	99,6434	101,6566
2019-12-27	08:00	7206,34	7214,07	7192,31	7212	LONG	0,00167	5982,76	0,00334	HOLD	99,6434	101,6661
2019-12-27	09:00	7212,35	7241,61	7210	7223,58	LONG	0,00167	5982,76	0,00334	HOLD	99,6434	101,6855
2019-12-27	10:00	7222,69	7249	7215,39	7232,02	LONG	0,00167	5982,76	0,00334	HOLD	99,6434	101,6996
2019-12-27	11:00	7232,04	7243,79	7190	7194,52	LONG	0,00167	5982,76	0,00334	HOLD	99,6434	101,6369
2019-12-27	12:00	7194,51	7224,28	7190,02	7210,29	LONG	0,00167	5982,76	0,00334	HOLD	99,6434	101,6633
2019-12-27	13:00	7209,78	7219,35	7189,01	7201,24	LONG	0,00167	5982,76	0,00334	HOLD	99,6434	101,6482
2019-12-27	14:00	7201,25	7210	7175	7188,63	LONG	0,00167	5982,76	0,00334	HOLD	99,6434	101,6271
2019-12-27	15:00	7188,42	7216,26	7178,17	7197,82	LONG	0,00167	5982,76	0,00334	HOLD	99,6434	101,6424
2019-12-27	16:00	7197,94	7203,6	7185,19	7189,56	LONG	0,00167	5982,76	0,00334	HOLD	99,6434	101,6287
2019-12-27	17:00	7188,9	7206,62	7180,62	7189,21	LONG	0,00167	5982,76	0,00334	HOLD	99,6434	101,6281
2019-12-27	18:00	7189,19	7195,95	7076,42	7137,72	LONG	0,00167	5982,76	0,00334	HOLD	99,6434	101,5421
2019-12-27	19:00	7136,38	7238,35	7092,99	7226,29	LONG	0,00167	5982,76	0,00334	HOLD	99,6434	101,69
2019-12-27	20:00	7227,45	7271,89	7177,15	7193,79	LONG	0,00167	5982,76	0,00334	HOLD	99,6434	101,6357
2019-12-27	21:00	7193,54	7217,33	7190	7203,1	LONG	0,00167	5982,76	0,00334	HOLD	99,6434	101,6513
2019-12-27	22:00	7203,09	7264	7195,8	7238,42	LONG	0,00167	5982,76	0,00334	HOLD	99,6434	101,7102
2019-12-27	23:00	7237,75	7275,86	7177,14	7203,88	LONG	0,00167	5982,76	0,00334	HOLD	99,6434	101,6526
2019-12-28	00:00	7203,03	7219,1	7186,91	7204,42	LONG	0,00167	5982,76	0,00334	HOLD	99,6434	101,6535
2019-12-28	01:00	7203,88	7237,81	7203,86	7220,4	LONG	0,00167	5982,76	0,00334	HOLD	99,6434	101,6802
2019-12-28	02:00	7220,83	7229,15	7191,01	7216,1	LONG	0,00167	5982,76	0,00334	HOLD	99,6434	101,673
2019-12-28	03:00	7215,05	7235,88	7215,05	7223,81	LONG	0,00167	5982,76	0,00334	HOLD	99,6434	101,6858
2019-12-28	04:00	7223,5	7235,77	7212,78	7228,52	LONG	0,00167	5982,76	0,00334	HOLD	99,6434	101,6937
2019-12-28	05:00	7228,3	7261	7222,64	7240,79	LONG	0,00167	5982,76	0,00334	HOLD	99,6434	101,7142
2019-12-28	06:00	7241,33	7256,24	7230	7254,74	LONG	0,00167	5982,76	0,00334	HOLD	99,6434	101,7375
2019-12-28	07:00	7254,77	7317	7238,67	7312,9	LONG	0,00167	5982,76	0,00334	HOLD	99,6434	101,8346
2019-12-28	08:00	7311,43	7340	7291,18	7312,01	LONG	0,00167	5982,76	0,00334	HOLD	99,6434	101,8331
2019-12-28	09:00	7311,7	7327,9	7271,79	7295,44	LONG	0,00167	5982,76	0,00334	HOLD	99,6434	101,8055
2019-12-28	10:00	7295,41	7303,97	7275	7288	LONG	0,00167	5982,76	0,00334	HOLD	99,6434	101,793
2019-12-28	11:00	7288	7309,91	7276,72	7299,37	LONG	0,00167	5982,76	0,00334	HOLD	99,6434	101,812
2019-12-28	12:00	7299,37	7333,53	7298,84	7318,65	LONG	0,00167	5982,76	0,00334	HOLD	99,6434	101,8442
2019-12-28	13:00	7317,99	7360	7290,91	7299,9	LONG	0,00167	5982,76	0,00334	HOLD	99,6434	101,8129
2019-12-28	14:00	7300,93	7324,86	7291,08	7302,99	LONG	0,00167	5982,76	0,00334	HOLD	99,6434	101,8181
2019-12-28	15:00	7302,53	7304,08	7261,57	7294,71	LONG	0,00167	5982,76	0,00334	HOLD	99,6434	101,8043
2019-12-28	16:00	7294,03	7315,78	7281,44	7307,42	LONG	0,00167	5982,76	0,00334	HOLD	99,6434	101,8255
2019-12-28	17:00	7308,07	7329,47	7295,29	7321,24	LONG	0,00167	5982,76	0,00334	HOLD	99,6434	101,8486
2019-12-28	18:00	7322,75	7323	7283,65	7308,28	LONG	0,00167	5982,76	0,00334	HOLD	99,6434	101,8269
2019-12-28	19:00	7308,32	7312,12	7294,24	7301,23	LONG	0,00167	5982,76	0,00334	HOLD	99,6434	101,8151
2019-12-28	20:00	7301,3	7305,05	7285	7304,94	LONG	0,00167	5982,76	0,00334	HOLD	99,6434	101,8213
2019-12-28	21:00	7305	7329,29	7300,65	7325,5	LONG	0,00167	5982,76	0,00334	HOLD	99,6434	101,8557
2019-12-28	22:00	7325,5	7359,9	7290	7304,27	LONG	0,00167	5982,76	0,00334	HOLD	99,6434	101,8202
2019-12-28	23:00	7304,24	7340	7275,07	7322,47	LONG	0,00167	5982,76	0,00334	HOLD	99,6434	101,8506
2019-12-29	00:00	7321,48	7356,2	7313,02	7340,45	LONG	0,00167	5982,76	0,00334	HOLD	99,6434	101,8806
2019-12-29	01:00	7340,45	7365,01	7326,31	7341,7	LONG	0,00167	5982,76	0,00334	HOLD	99,6434	101,8827
2019-12-29	02:00	7341,7	7358	7333,08	7344,77	LONG	0,00167	5982,76	0,00334	HOLD	99,6434	101,8879
2019-12-29	03:00	7344,7	7355	7323,85	7339,84	LONG	0,00167	5982,76	0,00334	HOLD	99,6434	101,8796
2019-12-29	04:00	7339,85	7344,13	7326,44	7331,39	LONG	0,00167	5982,76	0,00334	HOLD	99,6434	101,8655
2019-12-29	05:00	7331,48	7333,46	7296,52	7325,57	LONG	0,00167	5982,76	0,00334	HOLD	99,6434	101,8558
2019-12-29	06:00	7325,59	7335	7305,95	7316,14	LONG	0,00167	5982,76	0,00334	HOLD	99,6434	101,84
2019-12-29	07:00	7315,36	7316,14	7290	7307,64	LONG	0,00167	5982,76	0,00334	HOLD	99,6434	101,8258
2019-12-29	08:00	7308,11	7309,52	7288,3	7289,4	LONG	0,00167	5982,76	0,00334	HOLD	99,6434	101,7954
2019-12-29	09:00	7289,69	7310,85	7288	7308,66	LONG	0,00167	5982,76	0,00334	HOLD	99,6434	101,8275
2019-12-29	10:00	7308,66	7312,55	7299,99	7307,27	LONG	0,00167	5982,76	0,00334	HOLD	99,6434	101,8252
2019-12-29	11:00	7307,06	7308,78	7297,98	7299,35	LONG	0,00167	5982,76	0,00334	HOLD	99,6434	101,812
2019-12-29	12:00	7299,46	7319	7292,84	7318	LONG	0,00167	5982,76	0,00334	HOLD	99,6434	101,8431
2019-12-29	13:00	7318,02	7323,99	7306,47	7318,2	LONG	0,00167	5982,76	0,00334	HOLD	99,6434	101,8435
2019-12-29	14:00	7318,2	7323,39	7311,11	7315	LONG	0,00167	5982,76	0,00334	HOLD	99,6434	101,8381
2019-12-29	15:00	7315,5	7360,67	7315	7354,59	LONG	0,00167	5982,76	0,00334	HOLD	99,6434	101,9043
2019-12-29	16:00	7353,89	7359,59	7308,92	7312,98	LONG	0,00167	5982,76	0,00334	HOLD	99,6434	101,8348
2019-12-29	17:00	7312,99	7328,99	7311,36	7321,08	LONG	0,00167	5982,76	0,00334	HOLD	99,6434	101,8483
2019-12-29	18:00	7321,08	7348	7320,64	7345,83	LONG	0,00167	5982,76	0,00334	HOLD	99,6434	101,8896
2019-12-29	19:00	7346,08	7367	7322,9	7363,46	LONG	0,00167	5982,76	0,00334	HOLD	99,6434	101,9191
2019-12-29	20:00	7363,2	7400	7344,07	7392,84	LONG	0,00167	5982,76	0,00334	HOLD	99,6434	101,9681
2019-12-29	21:00	7392,77	7414,69	7383,49	7388,82	LONG	0,00167	5982,76	0,00334	HOLD	99,6434	101,9614
2019-12-29	22:00	7388,82	7419,02	7360,44	7394,13	LONG	0,00167	5982,76	0,00334	HOLD	99,6434	101,9703
2019-12-29	23:00	7395,03	7430	7388,53	7405,91	LONG	0,00167	5982,76	0,00334	HOLD	99,6434	101,99
2019-12-30	00:00	7405,32	7411,91	7380,47	7410,97	LONG	0,00167	5982,76	0,00334	HOLD	99,6434	101,9984
2019-12-30	01:00	7410,71	7427,99	7401,72	7425,31	LONG	0,00167	5982,76	0,00334	HOLD	99,6434	102,0224
2019-12-30	02:00	7425,57	7480	7413,88	7473,05	LONG	0,00167	5982,76	0,00334	HOLD	99,6434	102,1021
2019-12-30	03:00	7472,13	7528,45	7345,8	7397,54	LONG	0,00167	5982,76	0,00334	HOLD	99,6434	101,976
2019-12-30	04:00	7397,7	7408,99	7359,99	7395,59	LONG	0,00167	5982,76	0,00334	HOLD	99,6434	101,9727
2019-12-30	05:00	7395,08	7428,22	7385,4	7399,81	LONG	0,00167	5982,76	0,00334	HOLD	99,6434	101,9798
2019-12-30	06:00	7398,48	7415,11	7383,85	7388,24	LONG	0,00167	5982,76	0,00334	HOLD	99,6434	101,9604
2019-12-30	07:00	7388,43	7389,83	7312	7339,1	LONG	0,00167	5982,76	0,00334	HOLD	99,6434	101,8784
2019-12-30	08:00	7339,74	7361,89	7331,3	7353,99	LONG	0,00167	5982,76	0,00334	HOLD	99,6434	101,9032
2019-12-30	09:00	7354	7370,97	7342,69	7360,03	LONG	0,00167	5982,76	0,00334	HOLD	99,6434	101,9133
2019-12-30	10:00	7360,03	7365,94	7343,85	7349,51	LONG	0,00167	5982,76	0,00334	HOLD	99,6434	101,8958
2019-12-30	11:00	7349,54	7379,99	7345,22	7374,97	LONG	0,00167	5982,76	0,00334	HOLD	99,6434	101,9383
2019-12-30	12:00	7374,88	7381,57	7366,98	7379,77	LONG	0,00167	5982,76	0,00334	HOLD	99,6434	101,9463
2019-12-30	13:00	7379,84	7389	7365,54	7385,03	LONG	0,00167	5982,76	0,00334	HOLD	99,6434	101,9551
2019-12-30	14:00	7385,2	7408,24	7378,34	7385,29	LONG	0,00167	5982,76	0,00334	HOLD	99,6434	101,9555
2019-12-30	15:00	7385,27	7385,29	7341	7365,01	LONG	0,00167	5982,76	0,00334	HOLD	99,6434	101,9217
2019-12-30	16:00	7365	7377,89	7323,84	7326,1	LONG	0,00167	5982,76	0,00334	HOLD	99,6434	101,8567
2019-12-30	17:00	7326,11	7349,7	7293,12	7312,7	LONG	0,00167	5982,76	0,00334	HOLD	99,6434	101,8343
2019-12-30	18:00	7312,91	7327,74	7301,44	7315,11	LONG	0,00167	5982,76	0,00334	HOLD	99,6434	101,8383
2019-12-30	19:00	7314,74	7338,89	7301,5	7304,43	LONG	0,00167	5982,76	0,00334	HOLD	99,6434	101,8205
2019-12-30	20:00	7303,56	7343,99	7280	7320,17	LONG	0,00167	5982,76	0,00334	HOLD	99,6434	101,8468
2019-12-30	21:00	7320,18	7339,58	7298,41	7307,12	LONG	0,00167	5982,76	0,00334	HOLD	99,6434	101,825
2019-12-30	22:00	7307,12	7307,81	7251	7262,08	LONG	0,00167	5982,76	0,00334	HOLD	99,6434	101,7498
2019-12-30	23:00	7261,1	7268,54	7220	7257,58	LONG	0,00167	5982,76	0,00334	HOLD	99,6434	101,7422
2019-12-31	00:00	7257,25	7270	7234,34	7259,05	LONG	0,00167	5982,76	0,00334	HOLD	99,6434	101,7447
2019-12-31	01:00	7259	7268,1	7245,07	7245,12	LONG	0,00167	5982,76	0,00334	HOLD	99,6434	101,7214
2019-12-31	02:00	7245,39	7257,89	7232,01	7240,99	LONG	0,00167	5982,76	0,00334	HOLD	99,6434	101,7145
2019-12-31	03:00	7241,15	7284,16	7235,1	7265,23	LONG	0,00167	5982,76	0,00334	HOLD	99,6434	101,755
2019-12-31	04:00	7265,24	7281,33	7256,58	7269,04	LONG	0,00167	5982,76	0,00334	HOLD	99,6434	101,7614
2019-12-31	05:00	7269,04	7288,88	7266,02	7276,47	LONG	0,00167	5982,76	0,00334	HOLD	99,6434	101,7738
2019-12-31	06:00	7277,57	7285,49	7239	7246	LONG	0,00167	5982,76	0,00334	HOLD	99,6434	101,7229
2019-12-31	07:00	7246	7255	7200	7251	LONG	0,00167	5982,76	0,00334	HOLD	99,6434	101,7313
2019-12-31	08:00	7251	7269	7245	7265,4	LONG	0,00167	5982,76	0,00334	HOLD	99,6434	101,7553
2019-12-31	09:00	7264,96	7266,74	7225,34	7246,99	LONG	0,00167	5982,76	0,00334	HOLD	99,6434	101,7246
2019-12-31	10:00	7247,01	7250	7221	7236,39	LONG	0,00167	5982,76	0,00334	HOLD	99,6434	101,7069
2019-12-31	11:00	7236,6	7263,15	7228,4	7240,37	LONG	0,00167	5982,76	0,00334	HOLD	99,6434	101,7135
2019-12-31	12:00	7240,21	7268,48	7240,09	7264,06	LONG	0,00167	5982,76	0,00334	HOLD	99,6434	101,7531
2019-12-31	13:00	7264,05	7267	7243,94	7244,98	LONG	0,00167	5982,76	0,00334	HOLD	99,6434	101,7212
2019-12-31	14:00	7244,72	7255,02	7236,01	7250,37	LONG	0,00167	5982,76	0,00334	HOLD	99,6434	101,7302
2019-12-31	15:00	7250,3	7250,54	7223,36	7229,18	LONG	0,00167	5982,76	0,00334	HOLD	99,6434	101,6948
2019-12-31	16:00	7229,84	7244	7219,07	7229,2	LONG	0,00167	5982,76	0,00334	HOLD	99,6434	101,6948
2019-12-31	17:00	7229,2	7255,15	7217,5	7245,01	LONG	0,00167	5982,76	0,00334	HOLD	99,6434	101,7213
2019-12-31	18:00	7244,08	7256,94	7236,02	7243,39	LONG	0,00167	5982,76	0,00334	HOLD	99,6434	101,7185
2019-12-31	19:00	7243,64	7248	7222,14	7247,99	LONG	0,00167	5982,76	0,00334	HOLD	99,6434	101,7262
2019-12-31	20:00	7247,99	7252	7235,63	7239,43	LONG	0,00167	5982,76	0,00334	HOLD	99,6434	101,7119
2019-12-31	21:00	7239,14	7320	7230,63	7237,68	LONG	0,00167	5982,76	0,00334	HOLD	99,6434	101,709
2019-12-31	22:00	7237,44	7261,02	7188,88	7195,96	LONG	0,00167	5982,76	0,00334	HOLD	99,6434	101,6393
2019-12-31	23:00	7195	7225,62	7186,77	7211,49	LONG	0,00167	5982,76	0,00334	HOLD	99,6434	101,6653
2020-01-01	00:00	7212,45	7213,56	7151	7168,12	LONG	0,00167	5982,76	0,00334	HOLD	99,6434	101,5928
2020-01-01	01:00	7167,72	7174,04	7145,01	7168,86	LONG	0,00167	5982,76	0,00334	HOLD	99,6434	101,5941
2020-01-01	02:00	7169,32	7185	7156,85	7173,32	LONG	0,00167	5982,76	0,00334	HOLD	99,6434	101,6015
2020-01-01	03:00	7173,75	7187,89	7165,1	7176,41	LONG	0,00167	5982,76	0,00334	HOLD	99,6434	101,6067
2020-01-01	04:00	7176,51	7188,93	7171,01	7186,19	LONG	0,00167	5982,76	0,00334	HOLD	99,6434	101,623
2020-01-01	05:00	7185,92	7208,41	7181,78	7200,48	LONG	0,00167	5982,76	0,00334	HOLD	99,6434	101,6469
2020-01-01	06:00	7200,52	7206,29	7185,76	7195,23	LONG	0,00167	5982,76	0,00334	HOLD	99,6434	101,6381
2020-01-01	07:00	7195,24	7196,25	7175,46	7177,02	LONG	0,00167	5982,76	0,00334	HOLD	99,6434	101,6077
2020-01-01	08:00	7176,47	7230	7175,71	7216,27	LONG	0,00167	5982,76	0,00334	HOLD	99,6434	101,6733
2020-01-01	09:00	7215,52	7244,87	7211,41	7242,85	LONG	0,00167	5982,76	0,00334	HOLD	99,6434	101,7176
2020-01-01	10:00	7242,66	7245	7220	7225,01	LONG	0,00167	5982,76	0,00334	HOLD	99,6434	101,6879
2020-01-01	11:00	7225	7230	7215,03	7217,27	LONG	0,00167	5982,76	0,00334	HOLD	99,6434	101,6749
2020-01-01	12:00	7217,26	7229,76	7216,65	7224,21	LONG	0,00167	5982,76	0,00334	HOLD	99,6434	101,6865
2020-01-01	13:00	7224,24	7236,27	7221,51	7225,62	LONG	0,00167	5982,76	0,00334	HOLD	99,6434	101,6889
2020-01-01	14:00	7225,88	7232,94	7199,11	7209,83	LONG	0,00167	5982,76	0,00334	HOLD	99,6434	101,6625
2020-01-01	15:00	7209,83	7210	7180	7200,64	LONG	0,00167	5982,76	0,00334	HOLD	99,6434	101,6472
2020-01-01	16:00	7200,29	7210,51	7188	7188,77	LONG	0,00167	5982,76	0,00334	HOLD	99,6434	101,6273
2020-01-01	17:00	7189,07	7210	7185,2	7202	LONG	0,00167	5982,76	0,00334	HOLD	99,6434	101,6494
2020-01-01	18:00	7202,01	7237,73	7188,61	7197,2	LONG	0,00167	5982,76	0,00334	HOLD	99,6434	101,6414
2020-01-01	19:00	7197,2	7233,33	7196,15	7225,59	LONG	0,00167	5982,76	0,00334	HOLD	99,6434	101,6888
2020-01-01	20:00	7225,84	7231,89	7212,88	7221,2	LONG	0,00167	5982,76	0,00334	HOLD	99,6434	101,6815
2020-01-01	21:00	7221,17	7234,97	7208,17	7221,43	LONG	0,00167	5982,76	0,00334	HOLD	99,6434	101,6819
2020-01-01	22:00	7221,6	7255	7218,29	7234,19	LONG	0,00167	5982,76	0,00334	HOLD	99,6434	101,7032
2020-01-01	23:00	7234,2	7246,42	7214	7245,37	LONG	0,00167	5982,76	0,00334	HOLD	99,6434	101,7219
2020-01-02	00:00	7244,34	7249,99	7224,92	7236,83	LONG	0,00167	5982,76	0,00334	HOLD	99,6434	101,7076
2020-01-02	01:00	7237,02	7246,72	7225,17	7240,67	LONG	0,00167	5982,76	0,00334	HOLD	99,6434	101,714
2020-01-02	02:00	7240,8	7241	7225,49	7229,48	LONG	0,00167	5982,76	0,00334	HOLD	99,6434	101,6953
2020-01-02	03:00	7229,48	7242,98	7224,68	7236,73	LONG	0,00167	5982,76	0,00334	HOLD	99,6434	101,7074
2020-01-02	04:00	7237,26	7242,75	7227	7233,17	LONG	0,00167	5982,76	0,00334	HOLD	99,6434	101,7015
2020-01-02	05:00	7233,32	7234,49	7186	7197,99	LONG	0,00167	5982,76	0,00334	HOLD	99,6434	101,6427
2020-01-02	06:00	7197,62	7204,17	7175,15	7200,85	LONG	0,00167	5982,76	0,00334	HOLD	99,6434	101,6475
2020-01-02	07:00	7200,77	7212,5	7185,46	7211,02	LONG	0,00167	5982,76	0,00334	HOLD	99,6434	101,6645
2020-01-02	08:00	7211,04	7211,16	7185,11	7190,99	LONG	0,00167	5982,76	0,00334	HOLD	99,6434	101,631
2020-01-02	09:00	7190,99	7191	7155,35	7169,02	LONG	0,00167	5982,76	0,00334	HOLD	99,6434	101,5943
2020-01-02	10:00	7169,04	7169,06	7120,37	7129,61	LONG	0,00167	5982,76	0,00334	HOLD	99,6434	101,5285
2020-01-02	11:00	7129,25	7161	7116,7	7142,21	LONG	0,00167	5982,76	0,00334	HOLD	99,6434	101,5496
2020-01-02	12:00	7142,61	7152,05	7126,93	7138,93	LONG	0,00167	5982,76	0,00334	HOLD	99,6434	101,5441
2020-01-02	13:00	7138,93	7149,02	7121,43	7135,97	LONG	0,00167	5982,76	0,00334	HOLD	99,6434	101,5392
2020-01-02	14:00	7136,04	7140,63	7105	7110,57	LONG	0,00167	5982,76	0,00334	HOLD	99,6434	101,4967
2020-01-02	15:00	7110,98	7157,48	7109,11	7154,36	LONG	0,00167	5982,76	0,00334	HOLD	99,6434	101,5699
2020-01-02	16:00	7153,57	7165	7135,36	7162,01	LONG	0,00167	5982,76	0,00334	HOLD	99,6434	101,5826
2020-01-02	17:00	7162,18	7180	7153,33	7161,83	LONG	0,00167	5982,76	0,00334	HOLD	99,6434	101,5823
2020-01-02	18:00	7161,89	7168,67	7139,03	7139,79	LONG	0,00167	5982,76	0,00334	HOLD	99,6434	101,5455
2020-01-02	19:00	7139,73	7163,4	7139,03	7158,29	LONG	0,00167	5982,76	0,00334	HOLD	99,6434	101,5764
2020-01-02	20:00	7158,86	7163,35	7107,43	7131,15	LONG	0,00167	5982,76	0,00334	HOLD	99,6434	101,5311
2020-01-02	21:00	7131,18	7157,1	7122,34	7135,59	LONG	0,00167	5982,76	0,00334	HOLD	99,6434	101,5385
2020-01-02	22:00	7135,59	7152	7120	7130,98	LONG	0,00167	5982,76	0,00334	HOLD	99,6434	101,5308
2020-01-02	23:00	7130,37	7146,85	7020	7052,32	LONG	0,00167	5982,76	0,00334	HOLD	99,6434	101,3995
2020-01-03	00:00	7052,32	7053,09	6924,74	6970,04	LONG	0,00167	5982,76	0,00334	HOLD	99,6434	101,2621
2020-01-03	01:00	6970,04	6989,68	6949,96	6974,02	LONG	0,00167	5982,76	0,00334	HOLD	99,6434	101,2687
2020-01-03	02:00	6974,02	6995	6960	6983,27	LONG	0,00167	5982,76	0,00334	HOLD	99,6434	101,2841
2020-01-03	03:00	6982,63	6983,22	6941,27	6948,49	LONG	0,00167	5982,76	0,00334	HOLD	99,6434	101,2261
2020-01-03	04:00	6948,16	6985	6946,2	6977,73	LONG	0,00167	5982,76	0,00334	HOLD	99,6434	101,2749
2020-01-03	05:00	6977,55	6978,24	6963,02	6974,8	LONG	0,00167	5982,76	0,00334	HOLD	99,6434	101,27
2020-01-03	06:00	6974,8	6974,8	6950	6965,71	LONG	0,00167	5982,76	0,00334	HOLD	99,6434	101,2548
2020-01-03	07:00	6965,49	6966,47	6912,88	6937	LONG	0,00167	5982,76	0,00334	HOLD	99,6434	101,2069
2020-01-03	08:00	6937	6946,07	6878,19	6888,85	LONG	0,00167	5982,76	0,00334	HOLD	99,6434	101,1265
2020-01-03	09:00	6888,26	6966,8	6871,04	6956,88	LONG	0,00167	5982,76	0,00334	HOLD	99,6434	101,2401
2020-01-03	10:00	6957,66	6966,36	6940	6952,04	LONG	0,00167	5982,76	0,00334	HOLD	99,6434	101,232
2020-01-03	11:00	6952,04	7264,71	6948,64	7210,19	LONG	0,00167	5982,76	0,00334	HOLD	99,6434	101,6631
2020-01-03	12:00	7210,2	7249	7168,48	7220,47	LONG	0,00167	5982,76	0,00334	HOLD	99,6434	101,6803
2020-01-03	13:00	7220,49	7225	7190,14	7202,22	LONG	0,00167	5982,76	0,00334	HOLD	99,6434	101,6498
2020-01-03	14:00	7202,06	7232	7185,04	7203,21	LONG	0,00167	5982,76	0,00334	HOLD	99,6434	101,6514
2020-01-03	15:00	7202,28	7297,29	7202,28	7260,6	LONG	0,00167	5982,76	0,00334	HOLD	99,6434	101,7473
2020-01-03	16:00	7260,64	7358,88	7256,56	7348,42	LONG	0,00167	5982,76	0,00334	HOLD	99,6434	101,8939
2020-01-03	17:00	7349,3	7371,92	7281,3	7312,25	LONG	0,00167	5982,76	0,00334	HOLD	99,6434	101,8335
2020-01-03	18:00	7312,26	7346	7306,61	7340,46	LONG	0,00167	5982,76	0,00334	HOLD	99,6434	101,8807
2020-01-03	19:00	7340,46	7350,19	7303,14	7322,78	LONG	0,00167	5982,76	0,00334	HOLD	99,6434	101,8511
2020-01-03	20:00	7324,1	7380	7311,59	7348,87	LONG	0,00167	5982,76	0,00334	HOLD	99,6434	101,8947
2020-01-03	21:00	7348,36	7362,31	7229,3	7254,73	LONG	0,00167	5982,76	0,00334	HOLD	99,6434	101,7375
2020-01-03	22:00	7255,49	7322,44	7252,48	7320,18	LONG	0,00167	5982,76	0,00334	HOLD	99,6434	101,8468
2020-01-03	23:00	7320,17	7405	7293,1	7386,03	LONG	0,00167	5982,76	0,00334	HOLD	99,6434	101,9568
2020-01-04	00:00	7388,21	7403,2	7335,21	7355,26	LONG	0,00167	5982,76	0,00334	HOLD	99,6434	101,9054
2020-01-04	01:00	7355,23	7369,47	7330,32	7342,96	LONG	0,00167	5982,76	0,00334	HOLD	99,6434	101,8848
2020-01-04	02:00	7342,95	7352,33	7280	7343,08	LONG	0,00167	5982,76	0,00334	HOLD	99,6434	101,885
2020-01-04	03:00	7343,62	7361	7297,01	7316,99	LONG	0,00167	5982,76	0,00334	HOLD	99,6434	101,8415
2020-01-04	04:00	7317,01	7335	7262,68	7283	LONG	0,00167	5982,76	0,00334	HOLD	99,6434	101,7847
2020-01-04	05:00	7281,69	7320,54	7260,01	7300,56	LONG	0,00167	5982,76	0,00334	HOLD	99,6434	101,814
2020-01-04	06:00	7301,32	7346,08	7291,75	7344,96	LONG	0,00167	5982,76	0,00334	HOLD	99,6434	101,8882
2020-01-04	07:00	7345	7350	7289,98	7302,24	LONG	0,00167	5982,76	0,00334	HOLD	99,6434	101,8168
2020-01-04	08:00	7304,96	7312,58	7280,85	7309,16	LONG	0,00167	5982,76	0,00334	HOLD	99,6434	101,8284
2020-01-04	09:00	7308,71	7328,99	7296,18	7327,83	LONG	0,00167	5982,76	0,00334	HOLD	99,6434	101,8596
2020-01-04	10:00	7328,21	7339,69	7318,56	7333,11	LONG	0,00167	5982,76	0,00334	HOLD	99,6434	101,8684
2020-01-04	11:00	7333,14	7338,46	7312,65	7334,86	LONG	0,00167	5982,76	0,00334	HOLD	99,6434	101,8713
2020-01-04	12:00	7334,59	7369,28	7325	7344,69	LONG	0,00167	5982,76	0,00334	HOLD	99,6434	101,8877
2020-01-04	13:00	7344,7	7367,88	7340	7354,96	LONG	0,00167	5982,76	0,00334	HOLD	99,6434	101,9049
2020-01-04	14:00	7354,95	7363,63	7327,32	7348,11	LONG	0,00167	5982,76	0,00334	HOLD	99,6434	101,8934
2020-01-04	15:00	7348,04	7365	7330	7346,59	LONG	0,00167	5982,76	0,00334	HOLD	99,6434	101,8909
2020-01-04	16:00	7346,4	7369,18	7339,28	7363,88	LONG	0,00167	5982,76	0,00334	HOLD	99,6434	101,9198
2020-01-04	17:00	7364,32	7369,63	7304,36	7318,3	LONG	0,00167	5982,76	0,00334	HOLD	99,6434	101,8436
2020-01-04	18:00	7318,15	7339,27	7302,1	7336,45	LONG	0,00167	5982,76	0,00334	HOLD	99,6434	101,874
2020-01-04	19:00	7336,75	7339,58	7305	7312,89	LONG	0,00167	5982,76	0,00334	HOLD	99,6434	101,8346
2020-01-04	20:00	7312,79	7326,49	7291	7303,88	LONG	0,00167	5982,76	0,00334	HOLD	99,6434	101,8196
2020-01-04	21:00	7303,72	7323,74	7296,44	7316,72	LONG	0,00167	5982,76	0,00334	HOLD	99,6434	101,841
2020-01-04	22:00	7315,51	7332	7305	7318,99	LONG	0,00167	5982,76	0,00334	HOLD	99,6434	101,8448
2020-01-04	23:00	7318,98	7323,26	7297,91	7307,11	LONG	0,00167	5982,76	0,00334	HOLD	99,6434	101,825
2020-01-05	00:00	7308	7352	7305	7351,99	LONG	0,00167	5982,76	0,00334	HOLD	99,6434	101,8999
2020-01-05	01:00	7351,36	7404	7272,21	7306,92	LONG	0,00167	5982,76	0,00334	HOLD	99,6434	101,8246
2020-01-05	02:00	7306,6	7353,84	7283,01	7334,83	LONG	0,00167	5982,76	0,00334	HOLD	99,6434	101,8713
2020-01-05	03:00	7334,89	7352,64	7310,67	7341,06	LONG	0,00167	5982,76	0,00334	HOLD	99,6434	101,8817
2020-01-05	04:00	7340,9	7367,31	7330,72	7350,68	LONG	0,00167	5982,76	0,00334	HOLD	99,6434	101,8977
2020-01-05	05:00	7350,72	7359,7	7342,67	7350,24	LONG	0,00167	5982,76	0,00334	HOLD	99,6434	101,897
2020-01-05	06:00	7350,05	7363	7328,9	7354,11	LONG	0,00167	5982,76	0,00334	HOLD	99,6434	101,9034
2020-01-05	07:00	7354,19	7393	7354,11	7373,48	LONG	0,00167	5982,76	0,00334	HOLD	99,6434	101,9358
2020-01-05	08:00	7373,43	7481,87	7373,43	7459,18	LONG	0,00167	5982,76	0,00334	HOLD	99,6434	102,0789
2020-01-05	09:00	7459,91	7482,87	7432,79	7443,79	LONG	0,00167	5982,76	0,00334	HOLD	99,6434	102,0532
2020-01-05	10:00	7443,92	7478	7439,33	7475,99	LONG	0,00167	5982,76	0,00334	HOLD	99,6434	102,107
2020-01-05	11:00	7476	7495	7444	7457,14	LONG	0,00167	5982,76	0,00334	HOLD	99,6434	102,0755
2020-01-05	12:00	7457,18	7470	7444	7459,12	LONG	0,00167	5982,76	0,00334	HOLD	99,6434	102,0788
2020-01-05	13:00	7458,51	7481,25	7437,4	7457,5	LONG	0,00167	5982,76	0,00334	HOLD	99,6434	102,0761
2020-01-05	14:00	7457,83	7470,36	7442	7463,63	LONG	0,00167	5982,76	0,00334	HOLD	99,6434	102,0863
2020-01-05	15:00	7463,64	7472	7410	7430,05	LONG	0,00167	5982,76	0,00334	HOLD	99,6434	102,0303
2020-01-05	16:00	7430	7436,84	7400	7427,74	LONG	0,00167	5982,76	0,00334	HOLD	99,6434	102,0264
2020-01-05	17:00	7427,7	7432,28	7403,21	7415,12	LONG	0,00167	5982,76	0,00334	HOLD	99,6434	102,0053
2020-01-05	18:00	7415,1	7440	7410	7422,33	LONG	0,00167	5982,76	0,00334	HOLD	99,6434	102,0174
2020-01-05	19:00	7422,27	7460,46	7421,93	7457,01	LONG	0,00167	5982,76	0,00334	HOLD	99,6434	102,0753
2020-01-05	20:00	7457,79	7458	7415	7431,15	LONG	0,00167	5982,76	0,00334	HOLD	99,6434	102,0321
2020-01-05	21:00	7431,16	7444,73	7425	7431,82	LONG	0,00167	5982,76	0,00334	HOLD	99,6434	102,0332
2020-01-05	22:00	7431,71	7476,31	7430,99	7468,42	LONG	0,00167	5982,76	0,00334	HOLD	99,6434	102,0943
2020-01-05	23:00	7467,91	7484	7450	7461,38	LONG	0,00167	5982,76	0,00334	HOLD	99,6434	102,0826
2020-01-06	00:00	7461,26	7470,76	7445,15	7464,65	LONG	0,00167	5982,76	0,00334	HOLD	99,6434	102,0881
2020-01-06	01:00	7464,62	7468,87	7421,77	7438,72	LONG	0,00167	5982,76	0,00334	HOLD	99,6434	102,0447
2020-01-06	02:00	7439,02	7449,69	7427,1	7444,14	LONG	0,00167	5982,76	0,00334	HOLD	99,6434	102,0538
2020-01-06	03:00	7444,71	7445	7426	7431,6	LONG	0,00167	5982,76	0,00334	HOLD	99,6434	102,0329
2020-01-06	04:00	7431,01	7431,53	7361,01	7368,52	LONG	0,00167	5982,76	0,00334	HOLD	99,6434	101,9275
2020-01-06	05:00	7367,62	7385,65	7318	7355,73	LONG	0,00167	5982,76	0,00334	HOLD	99,6434	101,9062
2020-01-06	06:00	7355,73	7363,35	7321	7358,75	LONG	0,00167	5982,76	0,00334	HOLD	99,6434	101,9112
2020-01-06	07:00	7357,64	7384,72	7346,76	7378,75	LONG	0,00167	5982,76	0,00334	HOLD	99,6434	101,9446
2020-01-06	08:00	7378,97	7426,82	7368,55	7423,5	LONG	0,00167	5982,76	0,00334	HOLD	99,6434	102,0193
2020-01-06	09:00	7423,06	7562	7421,64	7551,44	LONG	0,00167	5982,76	0,00334	HOLD	99,6434	102,233
2020-01-06	10:00	7551,47	7580	7486,85	7540,9	LONG	0,00167	5982,76	0,00334	HOLD	99,6434	102,2154
2020-01-06	11:00	7540,9	7554,61	7516,06	7529,52	LONG	0,00167	5982,76	0,00334	HOLD	99,6434	102,1964
2020-01-06	12:00	7529,52	7541,55	7496	7532,85	LONG	0,00167	5982,76	0,00334	HOLD	99,6434	102,2019
2020-01-06	13:00	7532,85	7537,53	7510,99	7520	LONG	0,00167	5982,76	0,00334	HOLD	99,6434	102,1805
2020-01-06	14:00	7520	7527,27	7505,57	7507,91	LONG	0,00167	5982,76	0,00334	HOLD	99,6434	102,1603
2020-01-06	15:00	7508,18	7551,68	7507,39	7547,55	LONG	0,00167	5982,76	0,00334	HOLD	99,6434	102,2265
2020-01-06	16:00	7547,88	7553	7516,51	7550,78	LONG	0,00167	5982,76	0,00334	HOLD	99,6434	102,2319
2020-01-06	17:00	7550,84	7576,68	7535,64	7561,22	LONG	0,00167	5982,76	0,00334	HOLD	99,6434	102,2493
2020-01-06	18:00	7561,27	7582,27	7526,88	7544,72	LONG	0,00167	5982,76	0,00334	HOLD	99,6434	102,2218
2020-01-06	19:00	7544,72	7566,24	7535	7557,42	LONG	0,00167	5982,76	0,00334	HOLD	99,6434	102,243
2020-01-06	20:00	7557,77	7622	7465,44	7528,64	LONG	0,00167	5982,76	0,00334	HOLD	99,6434	102,1949
2020-01-06	21:00	7528,59	7558,45	7505,02	7547,93	LONG	0,00167	5982,76	0,00334	HOLD	99,6434	102,2271
2020-01-06	22:00	7548,1	7553,28	7516,34	7519,99	LONG	0,00167	5982,76	0,00334	HOLD	99,6434	102,1805
2020-01-06	23:00	7519,05	7546,08	7509,43	7529,24	LONG	0,00167	5982,76	0,00334	HOLD	99,6434	102,1959
2020-01-07	00:00	7529,01	7561	7526,91	7558,48	LONG	0,00167	5982,76	0,00334	HOLD	99,6434	102,2447
2020-01-07	01:00	7558,78	7560	7525,96	7533	LONG	0,00167	5982,76	0,00334	HOLD	99,6434	102,2022
2020-01-07	02:00	7532,5	7551,71	7524	7539,9	LONG	0,00167	5982,76	0,00334	HOLD	99,6434	102,2137
2020-01-07	03:00	7539,74	7557,99	7534,9	7551,25	LONG	0,00167	5982,76	0,00334	HOLD	99,6434	102,2327
2020-01-07	04:00	7551,24	7608	7547,56	7578,42	LONG	0,00167	5982,76	0,00334	HOLD	99,6434	102,278
2020-01-07	05:00	7578,42	7752	7574,39	7712,63	LONG	0,00167	5982,76	0,00334	HOLD	99,6434	102,5022
2020-01-07	06:00	7712,58	7795,34	7690,7	7758	LONG	0,00167	5982,76	0,00334	HOLD	99,6434	102,5779
2020-01-07	07:00	7758,9	8000	7758,29	7888,42	LONG	0,00167	5982,76	0,00334	HOLD	99,6434	102,7957
2020-01-07	08:00	7889,64	7919,99	7866,01	7905,67	LONG	0,00167	5982,76	0,00334	HOLD	99,6434	102,8246
2020-01-07	09:00	7905,67	7940	7892,32	7896,2	LONG	0,00167	5982,76	0,00334	HOLD	99,6434	102,8087
2020-01-07	10:00	7896,08	7916,94	7885,75	7894,9	LONG	0,00167	5982,76	0,00334	HOLD	99,6434	102,8066
2020-01-07	11:00	7894,71	7905,5	7821	7840,83	LONG	0,00167	5982,76	0,00334	HOLD	99,6434	102,7163
2020-01-07	12:00	7839,75	7882,56	7826,63	7869,33	LONG	0,00167	5982,76	0,00334	HOLD	99,6434	102,7639
2020-01-07	13:00	7869,29	7876	7851,26	7872,91	LONG	0,00167	5982,76	0,00334	HOLD	99,6434	102,7698
2020-01-07	14:00	7873,05	7896,72	7857,53	7883,37	LONG	0,00167	5982,76	0,00334	HOLD	99,6434	102,7873
2020-01-07	15:00	7883,11	7904,72	7868	7883,97	LONG	0,00167	5982,76	0,00334	HOLD	99,6434	102,7883
2020-01-07	16:00	7884,32	7886,17	7855	7856,26	LONG	0,00167	5982,76	0,00334	HOLD	99,6434	102,742
2020-01-07	17:00	7856,26	7889,78	7856,15	7889,24	LONG	0,00167	5982,76	0,00334	HOLD	99,6434	102,7971
2020-01-07	18:00	7888,12	7965	7881,69	7895,14	LONG	0,00167	5982,76	0,00334	HOLD	99,6434	102,807
2020-01-07	19:00	7895,13	7915,77	7840	7869,05	LONG	0,00167	5982,76	0,00334	HOLD	99,6434	102,7634
2020-01-07	20:00	7869,02	7869,03	7810,73	7847,99	LONG	0,00167	5982,76	0,00334	HOLD	99,6434	102,7282
2020-01-07	21:00	7847,99	7884,59	7837,26	7838,8	LONG	0,00167	5982,76	0,00334	HOLD	99,6434	102,7129
2020-01-07	22:00	7841,16	7847,99	7740,29	7764,59	LONG	0,00167	5982,76	0,00334	HOLD	99,6434	102,589
2020-01-07	23:00	7764,04	7940,12	7723,71	7912,18	LONG	0,00167	5982,76	0,00334	HOLD	99,6434	102,8354
2020-01-08	00:00	7912,18	7952,05	7878,01	7938,33	LONG	0,00167	5982,76	0,00334	HOLD	99,6434	102,8791
2020-01-08	01:00	7937,88	8137	7919,22	8037,69	LONG	0,00167	5982,76	0,00334	HOLD	99,6434	103,045
2020-01-08	02:00	8038,54	8111,45	8032,39	8073,69	LONG	0,00167	5982,76	0,00334	HOLD	99,6434	103,1051
2020-01-08	03:00	8073,69	8175,01	8041,28	8162,66	LONG	0,00167	5982,76	0,00334	HOLD	99,6434	103,2537
2020-01-08	04:00	8162,57	8188	7975,74	8016,44	LONG	0,00167	5982,76	0,00334	HOLD	99,6434	103,0095
2020-01-08	05:00	8016,43	8067,06	7945,72	8049,55	LONG	0,00167	5982,76	0,00334	HOLD	99,6434	103,0648
2020-01-08	06:00	8049,83	8207,68	8020,7	8145,28	LONG	0,00167	5982,76	0,00334	HOLD	99,6434	103,2247
2020-01-08	07:00	8145,92	8455	8142	8431,82	LONG	0,00167	5982,76	0,00334	HOLD	99,6434	103,7032
2020-01-08	08:00	8430,53	8448,14	8328,89	8370,92	LONG	0,00167	5982,76	0,00334	HOLD	99,6434	103,6015
2020-01-08	09:00	8370,93	8422	8256,74	8278,59	LONG	0,00167	5982,76	0,00334	HOLD	99,6434	103,4473
2020-01-08	10:00	8278,07	8344	8244,93	8300,34	LONG	0,00167	5982,76	0,00334	HOLD	99,6434	103,4837
2020-01-08	11:00	8300,34	8355,87	8288	8344,63	LONG	0,00167	5982,76	0,00334	HOLD	99,6434	103,5576
2020-01-08	12:00	8343,92	8377	8307,85	8334,77	LONG	0,00167	5982,76	0,00334	HOLD	99,6434	103,5412
2020-01-08	13:00	8334,76	8367,61	8319	8339,13	LONG	0,00167	5982,76	0,00334	HOLD	99,6434	103,5484
2020-01-08	14:00	8339,14	8347,99	8277,21	8297,26	LONG	0,00167	5982,76	0,00334	HOLD	99,6434	103,4785
2020-01-08	15:00	8297,27	8329,09	8264,86	8312,04	LONG	0,00167	5982,76	0,00334	HOLD	99,6434	103,5032
2020-01-08	16:00	8312,05	8321,83	8276	8297,21	LONG	0,00167	5982,76	0,00334	HOLD	99,6434	103,4784
2020-01-08	17:00	8296,98	8359	8284,19	8326,98	LONG	0,00167	5982,76	0,00334	HOLD	99,6434	103,5281
2020-01-08	18:00	8327,06	8370	8325,03	8332,47	LONG	0,00167	5982,76	0,00334	HOLD	99,6434	103,5373
2020-01-08	19:00	8332,2	8347,33	8276	8286,16	LONG	0,00167	5982,76	0,00334	HOLD	99,6434	103,46
2020-01-08	20:00	8285,92	8418,61	8215,2	8384,99	LONG	0,00167	5982,76	0,00334	HOLD	99,6434	103,625
2020-01-08	21:00	8384,99	8385	8184	8310,98	LONG	0,00167	5982,76	0,00334	HOLD	99,6434	103,5014
2020-01-08	22:00	8310,98	8359	8237,36	8305,97	LONG	0,00167	5982,76	0,00334	HOLD	99,6434	103,4931
2020-01-08	23:00	8306,09	8335,79	8050	8115	LONG	0,00167	5982,76	0,00334	HOLD	99,6434	103,1741
2020-01-09	00:00	8115	8123,98	8010	8077,68	LONG	0,00167	5982,76	0,00334	HOLD	99,6434	103,1118
2020-01-09	01:00	8077,68	8094,93	8035,01	8053,7	LONG	0,00167	5982,76	0,00334	HOLD	99,6434	103,0718
2020-01-09	02:00	8053,7	8069,73	7963,05	7963,35	LONG	0,00167	5982,76	0,00334	HOLD	99,6434	102,9209
2020-01-09	03:00	7963,56	8060,86	7870	8046,03	LONG	0,00167	5982,76	0,00334	HOLD	99,6434	103,059
2020-01-09	04:00	8046,42	8048,66	7957,55	8016,06	LONG	0,00167	5982,76	0,00334	HOLD	99,6434	103,0089
2020-01-09	05:00	8017,36	8080	7988,58	8076,13	LONG	0,00167	5982,76	0,00334	HOLD	99,6434	103,1092
2020-01-09	06:00	8076,13	8125,57	8023,55	8055,98	LONG	0,00167	5982,76	0,00334	HOLD	99,6434	103,0756
2020-01-09	07:00	8054,72	8055,96	7928	7956,55	LONG	0,00167	5982,76	0,00334	HOLD	99,6434	102,9095
2020-01-09	08:00	7956,88	8037,37	7950	8004,8	LONG	0,00167	5982,76	0,00334	HOLD	99,6434	102,9901
2020-01-09	09:00	8004,05	8026,01	7980	7982,75	LONG	0,00167	5982,76	0,00334	HOLD	99,6434	102,9533
2020-01-09	10:00	7983,09	7993,46	7935,56	7954,72	LONG	0,00167	5982,76	0,00334	HOLD	99,6434	102,9065
2020-01-09	11:00	7954,96	7978,31	7928	7966,85	LONG	0,00167	5982,76	0,00334	HOLD	99,6434	102,9267
2020-01-09	12:00	7966,75	7966,75	7925,68	7941,83	LONG	0,00167	5982,76	0,00334	HOLD	99,6434	102,8849
2020-01-09	13:00	7941,99	7951,68	7896	7908,48	LONG	0,00167	5982,76	0,00334	HOLD	99,6434	102,8292
2020-01-09	14:00	7908,71	7976,67	7903,4	7949,84	LONG	0,00167	5982,76	0,00334	HOLD	99,6434	102,8983
2020-01-09	15:00	7949,57	7955,83	7909,3	7933,1	LONG	0,00167	5982,76	0,00334	HOLD	99,6434	102,8704
2020-01-09	16:00	7932,51	7932,94	7864,24	7872,35	LONG	0,00167	5982,76	0,00334	HOLD	99,6434	102,7689
2020-01-09	17:00	7872,36	7934,78	7852,01	7896,38	LONG	0,00167	5982,76	0,00334	HOLD	99,6434	102,809
2020-01-09	18:00	7895,56	7901,99	7855	7878,56	LONG	0,00167	5982,76	0,00334	HOLD	99,6434	102,7793
2020-01-09	19:00	7878,02	7917,68	7871	7900,91	LONG	0,00167	5982,76	0,00334	HOLD	99,6434	102,8166
2020-01-09	20:00	7901,49	7945	7891,43	7897,52	LONG	0,00167	5982,76	0,00334	HOLD	99,6434	102,8109
2020-01-09	21:00	7897,54	7919,59	7875,55	7885,5	LONG	0,00167	5982,76	0,00334	HOLD	99,6434	102,7909
2020-01-09	22:00	7885,5	7930	7882,75	7907,05	LONG	0,00167	5982,76	0,00334	HOLD	99,6434	102,8269
2020-01-09	23:00	7907,05	7920,01	7805,01	7818,15	LONG	0,00167	5982,76	0,00334	HOLD	99,6434	102,6784
2020-01-10	00:00	7818,15	7846	7778	7798,6	LONG	0,00167	5982,76	0,00334	HOLD	99,6434	102,6457
2020-01-10	01:00	7798,23	7832,13	7788,68	7810,64	LONG	0,00167	5982,76	0,00334	HOLD	99,6434	102,6659
2020-01-10	02:00	7810,68	7957,48	7810,3	7917,54	LONG	0,00167	5982,76	0,00334	HOLD	99,6434	102,8444
2020-01-10	03:00	7917,55	8000	7805	7818,3	LONG	0,00167	5982,76	0,00334	HOLD	99,6434	102,6786
2020-01-10	04:00	7819,97	7854,14	7750	7789,96	LONG	0,00167	5982,76	0,00334	HOLD	99,6434	102,6313
2020-01-10	05:00	7789,99	7873,12	7788,78	7811,31	LONG	0,00167	5982,76	0,00334	HOLD	99,6434	102,667
2020-01-10	06:00	7811,31	7835	7790,01	7817,76	LONG	0,00167	5982,76	0,00334	HOLD	99,6434	102,6777
2020-01-10	07:00	7817,74	7854,06	7811,05	7820,01	LONG	0,00167	5982,76	0,00334	HOLD	99,6434	102,6815
2020-01-10	08:00	7820,25	7841,57	7786,12	7804,99	LONG	0,00167	5982,76	0,00334	HOLD	99,6434	102,6564
2020-01-10	09:00	7804,99	7825	7793,34	7803,68	LONG	0,00167	5982,76	0,00334	HOLD	99,6434	102,6542
2020-01-10	10:00	7803,68	7825	7770	7818,02	LONG	0,00167	5982,76	0,00334	HOLD	99,6434	102,6782
2020-01-10	11:00	7818,06	7819,84	7768,4	7795,3	LONG	0,00167	5982,76	0,00334	HOLD	99,6434	102,6402
2020-01-10	12:00	7795,33	7797,95	7735	7748,86	LONG	0,00167	5982,76	0,00334	HOLD	99,6434	102,5627
2020-01-10	13:00	7748	7786,13	7711,76	7748,64	LONG	0,00167	5982,76	0,00334	HOLD	99,6434	102,5623
2020-01-10	14:00	7747,25	7757,38	7725,77	7752,98	LONG	0,00167	5982,76	0,00334	HOLD	99,6434	102,5696
2020-01-10	15:00	7753,05	7754,36	7680	7706,53	LONG	0,00167	5982,76	0,00334	HOLD	99,6434	102,492
2020-01-10	16:00	7706,52	7750	7691,91	7716,47	LONG	0,00167	5982,76	0,00334	HOLD	99,6434	102,5086
2020-01-10	17:00	7716,02	7788	7672	7771,87	LONG	0,00167	5982,76	0,00334	HOLD	99,6434	102,6011
2020-01-10	18:00	7772,12	7854,44	7766,93	7841,69	LONG	0,00167	5982,76	0,00334	HOLD	99,6434	102,7177
2020-01-10	19:00	7841,03	7899,98	7811	7893,98	LONG	0,00167	5982,76	0,00334	HOLD	99,6434	102,805
2020-01-10	20:00	7893,98	7944	7862,31	7870,4	LONG	0,00167	5982,76	0,00334	HOLD	99,6434	102,7657
2020-01-10	21:00	7870,7	7982,85	7850,01	7978,65	LONG	0,00167	5982,76	0,00334	HOLD	99,6434	102,9464
2020-01-10	22:00	7978,65	8086,85	7945,44	8066,6	LONG	0,00167	5982,76	0,00334	HOLD	99,6434	103,0933
2020-01-10	23:00	8067,5	8140,11	7928,94	7952,65	LONG	0,00167	5982,76	0,00334	HOLD	99,6434	102,903
2020-01-11	00:00	7952,23	7979	7909,98	7966,3	LONG	0,00167	5982,76	0,00334	HOLD	99,6434	102,9258
2020-01-11	01:00	7966,3	8113,53	7966,3	8022,16	LONG	0,00167	5982,76	0,00334	HOLD	99,6434	103,0191
2020-01-11	02:00	8022,15	8122	7964,01	8059,49	LONG	0,00167	5982,76	0,00334	HOLD	99,6434	103,0814
2020-01-11	03:00	8058,05	8100	8039,27	8073,16	LONG	0,00167	5982,76	0,00334	HOLD	99,6434	103,1043
2020-01-11	04:00	8074	8135,21	8006,65	8049,99	LONG	0,00167	5982,76	0,00334	HOLD	99,6434	103,0656
2020-01-11	05:00	8048,24	8101,86	7981,59	8090,13	LONG	0,00167	5982,76	0,00334	HOLD	99,6434	103,1326
2020-01-11	06:00	8090,13	8199	8064,64	8197,02	LONG	0,00167	5982,76	0,00334	HOLD	99,6434	103,3111
2020-01-11	07:00	8198,86	8200	8119,75	8168,92	LONG	0,00167	5982,76	0,00334	HOLD	99,6434	103,2642
2020-01-11	08:00	8168,39	8253,26	8165,16	8204,86	LONG	0,00167	5982,76	0,00334	HOLD	99,6434	103,3242
2020-01-11	09:00	8204,84	8217,41	8155,02	8206,19	LONG	0,00167	5982,76	0,00334	HOLD	99,6434	103,3264
2020-01-11	10:00	8206	8207,81	8125,09	8158,49	LONG	0,00167	5982,76	0,00334	HOLD	99,6434	103,2468
2020-01-11	11:00	8158,83	8179,94	8101	8117,82	LONG	0,00167	5982,76	0,00334	HOLD	99,6434	103,1788
2020-01-11	12:00	8118,4	8118,4	8044,65	8083,41	LONG	0,00167	5982,76	0,00334	HOLD	99,6434	103,1214
2020-01-11	13:00	8083,41	8128,98	8055,71	8124,99	LONG	0,00167	5982,76	0,00334	HOLD	99,6434	103,1908
2020-01-11	14:00	8124,99	8150	8061,71	8074,18	LONG	0,00167	5982,76	0,00334	HOLD	99,6434	103,106
2020-01-11	15:00	8074,17	8096,87	8037	8052,96	LONG	0,00167	5982,76	0,00334	HOLD	99,6434	103,0705
2020-01-11	16:00	8052,96	8129,97	8050,83	8114,22	LONG	0,00167	5982,76	0,00334	HOLD	99,6434	103,1728
2020-01-11	17:00	8114,2	8117,03	8042,89	8054,03	LONG	0,00167	5982,76	0,00334	HOLD	99,6434	103,0723
2020-01-11	18:00	8054,03	8074,26	8010	8045,95	LONG	0,00167	5982,76	0,00334	HOLD	99,6434	103,0588
2020-01-11	19:00	8045,89	8068	8018,41	8061,95	LONG	0,00167	5982,76	0,00334	HOLD	99,6434	103,0855
2020-01-11	20:00	8061,93	8102,56	8045,01	8090,02	LONG	0,00167	5982,76	0,00334	HOLD	99,6434	103,1324
2020-01-11	21:00	8090,73	8135	8050	8053,75	LONG	0,00167	5982,76	0,00334	HOLD	99,6434	103,0718
2020-01-11	22:00	8054	8106,65	8053,08	8099,73	LONG	0,00167	5982,76	0,00334	HOLD	99,6434	103,1486
2020-01-11	23:00	8099,16	8180,7	8070	8169,46	LONG	0,00167	5982,76	0,00334	HOLD	99,6434	103,2651
2020-01-12	00:00	8168,35	8221,55	8150	8160,56	LONG	0,00167	5982,76	0,00334	HOLD	99,6434	103,2502
2020-01-12	01:00	8160	8189	8136,68	8169,14	LONG	0,00167	5982,76	0,00334	HOLD	99,6434	103,2645
2020-01-12	02:00	8169,64	8179,96	8137,27	8151,78	LONG	0,00167	5982,76	0,00334	HOLD	99,6434	103,2356
2020-01-12	03:00	8151,77	8189,49	8140,98	8161,81	LONG	0,00167	5982,76	0,00334	HOLD	99,6434	103,2523
2020-01-12	04:00	8161,81	8286,34	8060,25	8105	LONG	0,00167	5982,76	0,00334	HOLD	99,6434	103,1574
2020-01-12	05:00	8106,12	8139,69	8030	8082,57	LONG	0,00167	5982,76	0,00334	HOLD	99,6434	103,12
2020-01-12	06:00	8082,58	8082,58	8003,16	8020,01	LONG	0,00167	5982,76	0,00334	HOLD	99,6434	103,0155
2020-01-12	07:00	8020,01	8080	7960	8060,89	LONG	0,00167	5982,76	0,00334	HOLD	99,6434	103,0838
2020-01-12	08:00	8060,24	8089,97	8036,13	8065,53	LONG	0,00167	5982,76	0,00334	HOLD	99,6434	103,0915
2020-01-12	09:00	8065,63	8108	8052,88	8095	LONG	0,00167	5982,76	0,00334	HOLD	99,6434	103,1407
2020-01-12	10:00	8095	8110,92	8065,62	8091,33	LONG	0,00167	5982,76	0,00334	HOLD	99,6434	103,1346
2020-01-12	11:00	8090,7	8105	8071,2	8073,79	LONG	0,00167	5982,76	0,00334	HOLD	99,6434	103,1053
2020-01-12	12:00	8073,03	8110,92	8070,98	8106,05	LONG	0,00167	5982,76	0,00334	HOLD	99,6434	103,1592
2020-01-12	13:00	8105,96	8153,84	8080,01	8083,84	LONG	0,00167	5982,76	0,00334	HOLD	99,6434	103,1221
2020-01-12	14:00	8083,43	8110	8080,45	8097,51	LONG	0,00167	5982,76	0,00334	HOLD	99,6434	103,1449
2020-01-12	15:00	8097,51	8144,72	8080,01	8140,59	LONG	0,00167	5982,76	0,00334	HOLD	99,6434	103,2169
2020-01-12	16:00	8138,71	8164,08	8118	8137,5	LONG	0,00167	5982,76	0,00334	HOLD	99,6434	103,2117
2020-01-12	17:00	8137,49	8140,87	8095,72	8122,12	LONG	0,00167	5982,76	0,00334	HOLD	99,6434	103,186
2020-01-12	18:00	8120,87	8130,5	8103,17	8114,08	LONG	0,00167	5982,76	0,00334	HOLD	99,6434	103,1726
2020-01-12	19:00	8114,08	8155,77	8113,11	8132,19	LONG	0,00167	5982,76	0,00334	HOLD	99,6434	103,2028
2020-01-12	20:00	8132,19	8170,1	8122,09	8165	LONG	0,00167	5982,76	0,00334	HOLD	99,6434	103,2576
2020-01-12	21:00	8165,08	8185	8127,79	8137,17	LONG	0,00167	5982,76	0,00334	HOLD	99,6434	103,2112
2020-01-12	22:00	8137,64	8171	8137,28	8152,7	LONG	0,00167	5982,76	0,00334	HOLD	99,6434	103,2371
2020-01-12	23:00	8152,63	8175	8100	8101,98	LONG	0,00167	5982,76	0,00334	HOLD	99,6434	103,1524
2020-01-13	00:00	8101,02	8197	8072	8101,47	LONG	0,00167	5982,76	0,00334	HOLD	99,6434	103,1515
2020-01-13	01:00	8101,47	8129,68	8085	8119,31	LONG	0,00167	5982,76	0,00334	HOLD	99,6434	103,1813
2020-01-13	02:00	8119,91	8160,42	8119,32	8132,01	LONG	0,00167	5982,76	0,00334	HOLD	99,6434	103,2025
2020-01-13	03:00	8131,4	8152,56	8128,58	8138,74	LONG	0,00167	5982,76	0,00334	HOLD	99,6434	103,2138
2020-01-13	04:00	8138,76	8145,98	8091,22	8102,32	LONG	0,00167	5982,76	0,00334	HOLD	99,6434	103,153
2020-01-13	05:00	8102,21	8168,78	8100,44	8159,3	LONG	0,00167	5982,76	0,00334	HOLD	99,6434	103,2481
2020-01-13	06:00	8159,91	8185	8134,51	8184,98	LONG	0,00167	5982,76	0,00334	HOLD	99,6434	103,291
2020-01-13	07:00	8184,97	8196	8142,11	8152,73	LONG	0,00167	5982,76	0,00334	HOLD	99,6434	103,2371
2020-01-13	08:00	8152,72	8163,13	8138	8155,98	LONG	0,00167	5982,76	0,00334	HOLD	99,6434	103,2426
2020-01-13	09:00	8155,98	8159,52	8109,7	8113,12	LONG	0,00167	5982,76	0,00334	HOLD	99,6434	103,171
2020-01-13	10:00	8112,97	8124,9	8086,39	8105,77	LONG	0,00167	5982,76	0,00334	HOLD	99,6434	103,1587
2020-01-13	11:00	8105,73	8126,31	8090,25	8118,33	LONG	0,00167	5982,76	0,00334	HOLD	99,6434	103,1797
2020-01-13	12:00	8118,07	8118,07	8077,65	8096,23	LONG	0,00167	5982,76	0,00334	HOLD	99,6434	103,1428
2020-01-13	13:00	8096,18	8115	8057,59	8063,11	LONG	0,00167	5982,76	0,00334	HOLD	99,6434	103,0875
2020-01-13	14:00	8063,11	8094,05	8060	8075,26	LONG	0,00167	5982,76	0,00334	HOLD	99,6434	103,1078
2020-01-13	15:00	8075,26	8134,6	8065	8129,99	LONG	0,00167	5982,76	0,00334	HOLD	99,6434	103,1992
2020-01-13	16:00	8131,03	8132,5	8086,01	8113,69	LONG	0,00167	5982,76	0,00334	HOLD	99,6434	103,1719
2020-01-13	17:00	8113,67	8129	8093,08	8125,69	LONG	0,00167	5982,76	0,00334	HOLD	99,6434	103,192
2020-01-13	18:00	8125,66	8131,56	8075	8075,01	LONG	0,00167	5982,76	0,00334	HOLD	99,6434	103,1074
2020-01-13	19:00	8076,86	8096,11	8055,89	8092,85	LONG	0,00167	5982,76	0,00334	HOLD	99,6434	103,1371
2020-01-13	20:00	8093,16	8114,48	8077,64	8086,78	LONG	0,00167	5982,76	0,00334	HOLD	99,6434	103,127
2020-01-13	21:00	8087,24	8096,76	8071,56	8090	LONG	0,00167	5982,76	0,00334	HOLD	99,6434	103,1324
2020-01-13	22:00	8090	8103,18	8073	8084,89	LONG	0,00167	5982,76	0,00334	HOLD	99,6434	103,1239
2020-01-13	23:00	8085,07	8110	8071,12	8109,96	LONG	0,00167	5982,76	0,00334	HOLD	99,6434	103,1657
2020-01-14	00:00	8109,38	8129,45	8090,5	8098,22	LONG	0,00167	5982,76	0,00334	HOLD	99,6434	103,1461
2020-01-14	01:00	8098,21	8109,71	8088	8107,93	LONG	0,00167	5982,76	0,00334	HOLD	99,6434	103,1623
2020-01-14	02:00	8107,92	8121,84	8103,17	8111,83	LONG	0,00167	5982,76	0,00334	HOLD	99,6434	103,1688
2020-01-14	03:00	8111,83	8160	8104,93	8156,84	LONG	0,00167	5982,76	0,00334	HOLD	99,6434	103,244
2020-01-14	04:00	8155,79	8158,88	8119,66	8136	LONG	0,00167	5982,76	0,00334	HOLD	99,6434	103,2092
2020-01-14	05:00	8136	8141,01	8101	8116,72	LONG	0,00167	5982,76	0,00334	HOLD	99,6434	103,177
2020-01-14	06:00	8116,72	8137,94	8101,76	8110,34	LONG	0,00167	5982,76	0,00334	HOLD	99,6434	103,1664
2020-01-14	07:00	8110,34	8315	8105,54	8270	LONG	0,00167	5982,76	0,00334	HOLD	99,6434	103,433
2020-01-14	08:00	8270,01	8488,11	8268,57	8431,83	LONG	0,00167	5982,76	0,00334	HOLD	99,6434	103,7032
2020-01-14	09:00	8431,83	8434,33	8375	8431,14	LONG	0,00167	5982,76	0,00334	HOLD	99,6434	103,7021
2020-01-14	10:00	8431,17	8473,18	8378	8461,84	LONG	0,00167	5982,76	0,00334	HOLD	99,6434	103,7534
2020-01-14	11:00	8461,83	8573	8461,83	8524	LONG	0,00167	5982,76	0,00334	HOLD	99,6434	103,8572
2020-01-14	12:00	8523,92	8543,29	8453,35	8477,37	LONG	0,00167	5982,76	0,00334	HOLD	99,6434	103,7793
2020-01-14	13:00	8477,48	8513,32	8465,29	8509,54	LONG	0,00167	5982,76	0,00334	HOLD	99,6434	103,833
2020-01-14	14:00	8509,53	8542,43	8492,26	8509,99	LONG	0,00167	5982,76	0,00334	HOLD	99,6434	103,8338
2020-01-14	15:00	8509,85	8535,91	8500	8511,79	LONG	0,00167	5982,76	0,00334	HOLD	99,6434	103,8368
2020-01-14	16:00	8511,87	8561	8482	8504,73	LONG	0,00167	5982,76	0,00334	HOLD	99,6434	103,825
2020-01-14	17:00	8504,73	8530	8470	8518,12	LONG	0,00167	5982,76	0,00334	HOLD	99,6434	103,8473
2020-01-14	18:00	8518,13	8530	8504,6	8526,87	LONG	0,00167	5982,76	0,00334	HOLD	99,6434	103,862
2020-01-14	19:00	8526,87	8625,37	8480	8499,99	LONG	0,00167	5982,76	0,00334	HOLD	99,6434	103,8171
2020-01-14	20:00	8498,81	8588,88	8498,73	8587,4	LONG	0,00167	5982,76	0,00334	HOLD	99,6434	103,963
2020-01-14	21:00	8588,86	8740	8562	8690	LONG	0,00167	5982,76	0,00334	HOLD	99,6434	104,1344
2020-01-14	22:00	8689,99	8760	8633	8675,48	LONG	0,00167	5982,76	0,00334	HOLD	99,6434	104,1101
2020-01-14	23:00	8673,18	8696,17	8520	8677,05	LONG	0,00167	5982,76	0,00334	HOLD	99,6434	104,1128
2020-01-15	00:00	8677,22	8811,82	8638,88	8773,35	LONG	0,00167	5982,76	0,00334	HOLD	99,6434	104,2736
2020-01-15	01:00	8771,1	8850	8608	8769,35	LONG	0,00167	5982,76	0,00334	HOLD	99,6434	104,2669
2020-01-15	02:00	8769,07	8772,8	8687,01	8767,56	LONG	0,00167	5982,76	0,00334	HOLD	99,6434	104,2639
2020-01-15	03:00	8765,51	8766,93	8670	8688,19	LONG	0,00167	5982,76	0,00334	HOLD	99,6434	104,1314
2020-01-15	04:00	8688,18	8761,49	8666,22	8734,93	LONG	0,00167	5982,76	0,00334	HOLD	99,6434	104,2094
2020-01-15	05:00	8735,92	8789,79	8719,11	8735,87	LONG	0,00167	5982,76	0,00334	HOLD	99,6434	104,211
2020-01-15	06:00	8736	8880	8722	8810,01	LONG	0,00167	5982,76	0,00334	HOLD	99,6434	104,3348
2020-01-15	07:00	8814,64	8900	8701	8772,86	LONG	0,00167	5982,76	0,00334	HOLD	99,6434	104,2728
2020-01-15	08:00	8774,15	8803,81	8712	8777,99	LONG	0,00167	5982,76	0,00334	HOLD	99,6434	104,2813
2020-01-15	09:00	8778	8835	8765,3	8813,83	LONG	0,00167	5982,76	0,00334	HOLD	99,6434	104,3412
2020-01-15	10:00	8813,99	8817,98	8727	8727,61	LONG	0,00167	5982,76	0,00334	HOLD	99,6434	104,1972
2020-01-15	11:00	8727	8741,75	8570,01	8597,51	LONG	0,00167	5982,76	0,00334	HOLD	99,6434	103,9799
2020-01-15	12:00	8597,41	8666,91	8564	8612,29	LONG	0,00167	5982,76	0,00334	HOLD	99,6434	104,0046
2020-01-15	13:00	8612,01	8693,72	8600,01	8680,58	LONG	0,00167	5982,76	0,00334	HOLD	99,6434	104,1187
2020-01-15	14:00	8680,82	8687,96	8618,63	8627,13	LONG	0,00167	5982,76	0,00334	HOLD	99,6434	104,0294
2020-01-15	15:00	8626,8	8675,11	8605,03	8638,36	LONG	0,00167	5982,76	0,00334	HOLD	99,6434	104,0481
2020-01-15	16:00	8638,6	8782,6	8638,24	8755,04	LONG	0,00167	5982,76	0,00334	HOLD	99,6434	104,243
2020-01-15	17:00	8756,06	8808,55	8720	8798,94	LONG	0,00167	5982,76	0,00334	HOLD	99,6434	104,3163
2020-01-15	18:00	8799,81	8810	8720	8730	LONG	0,00167	5982,76	0,00334	HOLD	99,6434	104,2012
2020-01-15	19:00	8730	8796	8720,38	8764,66	LONG	0,00167	5982,76	0,00334	HOLD	99,6434	104,2591
2020-01-15	20:00	8765,2	8916,48	8763,83	8889,96	LONG	0,00167	5982,76	0,00334	HOLD	99,6434	104,4683
2020-01-15	21:00	8889,97	8903,02	8760	8856,17	LONG	0,00167	5982,76	0,00334	HOLD	99,6434	104,4119
2020-01-15	22:00	8855,69	8865,76	8740,01	8762,74	LONG	0,00167	5982,76	0,00334	HOLD	99,6434	104,2559
2020-01-15	23:00	8762,73	8820	8676,08	8778,68	LONG	0,00167	5982,76	0,00334	HOLD	99,6434	104,2825
2020-01-16	00:00	8779,43	8804,89	8720	8797	LONG	0,00167	5982,76	0,00334	HOLD	99,6434	104,3131
2020-01-16	01:00	8797	8798,19	8707	8746,85	LONG	0,00167	5982,76	0,00334	HOLD	99,6434	104,2293
2020-01-16	02:00	8746,85	8785	8742,02	8761,57	LONG	0,00167	5982,76	0,00334	HOLD	99,6434	104,2539
2020-01-16	03:00	8761,57	8842,1	8738,37	8814,21	LONG	0,00167	5982,76	0,00334	HOLD	99,6434	104,3418
2020-01-16	04:00	8815,21	8860	8765	8830,73	LONG	0,00167	5982,76	0,00334	HOLD	99,6434	104,3694
2020-01-16	05:00	8830,61	8869,32	8800	8860,01	LONG	0,00167	5982,76	0,00334	HOLD	99,6434	104,4183
2020-01-16	06:00	8861,91	8876,4	8790,76	8821,41	LONG	0,00167	5982,76	0,00334	HOLD	99,6434	104,3538
2020-01-16	07:00	8820,01	8859,81	8712,27	8761,02	LONG	0,00167	5982,76	0,00334	HOLD	99,6434	104,253
2020-01-16	08:00	8760,67	8771,95	8613,32	8664,43	LONG	0,00167	5982,76	0,00334	HOLD	99,6434	104,0917
2020-01-16	09:00	8663,63	8697,79	8608,53	8650	LONG	0,00167	5982,76	0,00334	HOLD	99,6434	104,0676
2020-01-16	10:00	8650	8659	8586	8640,01	LONG	0,00167	5982,76	0,00334	HOLD	99,6434	104,0509
2020-01-16	11:00	8640,01	8730	8615	8651,77	LONG	0,00167	5982,76	0,00334	HOLD	99,6434	104,0705
2020-01-16	12:00	8651,55	8727,85	8649,01	8700,55	LONG	0,00167	5982,76	0,00334	HOLD	99,6434	104,152
2020-01-16	13:00	8700,66	8727,24	8675	8721,22	LONG	0,00167	5982,76	0,00334	HOLD	99,6434	104,1865
2020-01-16	14:00	8721,37	8723,27	8654,69	8680	LONG	0,00167	5982,76	0,00334	HOLD	99,6434	104,1177
2020-01-16	15:00	8679,99	8715	8662	8675,44	LONG	0,00167	5982,76	0,00334	HOLD	99,6434	104,1101
2020-01-16	16:00	8675,99	8685,87	8606	8645,41	LONG	0,00167	5982,76	0,00334	HOLD	99,6434	104,0599
2020-01-16	17:00	8645,71	8662,76	8600,4	8658	LONG	0,00167	5982,76	0,00334	HOLD	99,6434	104,0809
2020-01-16	18:00	8658,32	8725	8628,03	8724,91	LONG	0,00167	5982,76	0,00334	HOLD	99,6434	104,1927
2020-01-16	19:00	8724,82	8789	8692,35	8720	LONG	0,00167	5982,76	0,00334	HOLD	99,6434	104,1845
2020-01-16	20:00	8720	8727	8660	8695,29	LONG	0,00167	5982,76	0,00334	HOLD	99,6434	104,1432
2020-01-16	21:00	8695,27	8702,52	8640,35	8686,18	LONG	0,00167	5982,76	0,00334	HOLD	99,6434	104,128
2020-01-16	22:00	8686,57	8725	8668,33	8710,02	LONG	0,00167	5982,76	0,00334	HOLD	99,6434	104,1678
2020-01-16	23:00	8710,01	8720,82	8626	8660,19	LONG	0,00167	5982,76	0,00334	HOLD	99,6434	104,0846
2020-01-17	00:00	8660,19	8719,11	8651,14	8678,13	LONG	0,00167	5982,76	0,00334	HOLD	99,6434	104,1146
2020-01-17	01:00	8678,13	8704	8657,37	8684,19	LONG	0,00167	5982,76	0,00334	HOLD	99,6434	104,1247
2020-01-17	02:00	8684	8718	8675	8705	LONG	0,00167	5982,76	0,00334	HOLD	99,6434	104,1594
2020-01-17	03:00	8705,01	8750	8690	8744	LONG	0,00167	5982,76	0,00334	HOLD	99,6434	104,2246
2020-01-17	04:00	8742,94	8757	8672	8691,15	LONG	0,00167	5982,76	0,00334	HOLD	99,6434	104,1363
2020-01-17	05:00	8691,17	8743,21	8690,15	8720,38	LONG	0,00167	5982,76	0,00334	HOLD	99,6434	104,1851
2020-01-17	06:00	8720,34	8748	8712,39	8720,01	LONG	0,00167	5982,76	0,00334	HOLD	99,6434	104,1845
2020-01-17	07:00	8720,15	8743,99	8672,44	8690,31	LONG	0,00167	5982,76	0,00334	HOLD	99,6434	104,1349
2020-01-17	08:00	8690,25	8738,8	8677,01	8738,51	LONG	0,00167	5982,76	0,00334	HOLD	99,6434	104,2154
2020-01-17	09:00	8738,8	8780	8718,16	8757,06	LONG	0,00167	5982,76	0,00334	HOLD	99,6434	104,2464
2020-01-17	10:00	8757,29	8840,4	8751,05	8786,43	LONG	0,00167	5982,76	0,00334	HOLD	99,6434	104,2954
2020-01-17	11:00	8786,43	8815,86	8760	8815,29	LONG	0,00167	5982,76	0,00334	HOLD	99,6434	104,3436
2020-01-17	12:00	8815,27	8896,89	8791,06	8891,25	LONG	0,00167	5982,76	0,00334	HOLD	99,6434	104,4705
2020-01-17	13:00	8891,25	8997	8835,75	8862,7	LONG	0,00167	5982,76	0,00334	HOLD	99,6434	104,4228
2020-01-17	14:00	8862,7	8950,36	8843,01	8933,95	LONG	0,00167	5982,76	0,00334	HOLD	99,6434	104,5418
2020-01-17	15:00	8935,54	8999	8899,26	8928,85	LONG	0,00167	5982,76	0,00334	HOLD	99,6434	104,5333
2020-01-17	16:00	8927,71	8986,27	8924,3	8969	LONG	0,00167	5982,76	0,00334	HOLD	99,6434	104,6003
2020-01-17	17:00	8969,36	9041,65	8880,5	8937	LONG	0,00167	5982,76	0,00334	HOLD	99,6434	104,5469
2020-01-17	18:00	8937	8962,28	8890,97	8903,45	LONG	0,00167	5982,76	0,00334	HOLD	99,6434	104,4908
2020-01-17	19:00	8903,53	8919,41	8765	8811,54	LONG	0,00167	5982,76	0,00334	HOLD	99,6434	104,3374
2020-01-17	20:00	8808,17	8865,07	8800	8850,99	LONG	0,00167	5982,76	0,00334	HOLD	99,6434	104,4032
2020-01-17	21:00	8851	8852,92	8769,42	8778,69	LONG	0,00167	5982,76	0,00334	HOLD	99,6434	104,2825
2020-01-17	22:00	8778,69	8867,29	8774	8850,83	LONG	0,00167	5982,76	0,00334	HOLD	99,6434	104,403
2020-01-17	23:00	8851,39	8923,88	8837,97	8875,96	LONG	0,00167	5982,76	0,00334	HOLD	99,6434	104,4449
2020-01-18	00:00	8875,96	8919,42	8855,81	8890,97	LONG	0,00167	5982,76	0,00334	HOLD	99,6434	104,47
2020-01-18	01:00	8890,04	8954,49	8882,59	8920,12	LONG	0,00167	5982,76	0,00334	HOLD	99,6434	104,5187
2020-01-18	02:00	8920,5	8955,55	8813	8879,71	LONG	0,00167	5982,76	0,00334	HOLD	99,6434	104,4512
2020-01-18	03:00	8879,63	8934,77	8861,66	8879,64	LONG	0,00167	5982,76	0,00334	HOLD	99,6434	104,4511
2020-01-18	04:00	8879,74	8934,89	8874,82	8922,34	LONG	0,00167	5982,76	0,00334	HOLD	99,6434	104,5224
2020-01-18	05:00	8922,43	8959	8901	8939,59	LONG	0,00167	5982,76	0,00334	HOLD	99,6434	104,5512
2020-01-18	06:00	8938,99	8961,6	8905,49	8913,28	LONG	0,00167	5982,76	0,00334	HOLD	99,6434	104,5073
2020-01-18	07:00	8913,27	8987,9	8855,55	8978,96	LONG	0,00167	5982,76	0,00334	HOLD	99,6434	104,6169
2020-01-18	08:00	8979,23	8988,88	8900	8941,33	LONG	0,00167	5982,76	0,00334	HOLD	99,6434	104,5541
2020-01-18	09:00	8941,47	8947,63	8897,4	8921,21	LONG	0,00167	5982,76	0,00334	HOLD	99,6434	104,5205
2020-01-18	10:00	8921,17	8948,57	8899	8925,99	LONG	0,00167	5982,76	0,00334	HOLD	99,6434	104,5285
2020-01-18	11:00	8926,07	8926,95	8826	8843,82	LONG	0,00167	5982,76	0,00334	HOLD	99,6434	104,3913
2020-01-18	12:00	8842,79	8872,3	8815	8845,19	LONG	0,00167	5982,76	0,00334	HOLD	99,6434	104,3936
2020-01-18	13:00	8845,53	8876,48	8806,38	8864,72	LONG	0,00167	5982,76	0,00334	HOLD	99,6434	104,4262
2020-01-18	14:00	8863,7	8879,97	8838	8843,63	LONG	0,00167	5982,76	0,00334	HOLD	99,6434	104,3909
2020-01-18	15:00	8843,63	8870	8818	8856,43	LONG	0,00167	5982,76	0,00334	HOLD	99,6434	104,4123
2020-01-18	16:00	8856,43	8900,91	8850	8876,68	LONG	0,00167	5982,76	0,00334	HOLD	99,6434	104,4461
2020-01-18	17:00	8876,43	8919	8871,24	8887,09	LONG	0,00167	5982,76	0,00334	HOLD	99,6434	104,4635
2020-01-18	18:00	8887,18	8890	8857	8879,79	LONG	0,00167	5982,76	0,00334	HOLD	99,6434	104,4513
2020-01-18	19:00	8879,29	8922,27	8876,76	8909,18	LONG	0,00167	5982,76	0,00334	HOLD	99,6434	104,5004
2020-01-18	20:00	8910	8949	8892,77	8919,97	LONG	0,00167	5982,76	0,00334	HOLD	99,6434	104,5184
2020-01-18	21:00	8919,94	8964	8910	8922,59	LONG	0,00167	5982,76	0,00334	HOLD	99,6434	104,5228
2020-01-18	22:00	8922,61	8950	8869,98	8903,26	LONG	0,00167	5982,76	0,00334	HOLD	99,6434	104,4905
2020-01-18	23:00	8903,27	8935,17	8848,8	8883,26	LONG	0,00167	5982,76	0,00334	HOLD	99,6434	104,4571
2020-01-19	00:00	8882,74	8914,44	8872,15	8904,96	LONG	0,00167	5982,76	0,00334	HOLD	99,6434	104,4934
2020-01-19	01:00	8904,92	8909,96	8875,85	8886,79	LONG	0,00167	5982,76	0,00334	HOLD	99,6434	104,463
2020-01-19	02:00	8886,79	8916,98	8875	8907,93	LONG	0,00167	5982,76	0,00334	HOLD	99,6434	104,4983
2020-01-19	03:00	8907,79	8920	8889	8907,58	LONG	0,00167	5982,76	0,00334	HOLD	99,6434	104,4977
2020-01-19	04:00	8907,58	8929,31	8899	8920,27	LONG	0,00167	5982,76	0,00334	HOLD	99,6434	104,5189
