2024-01-17	21:00	42609,83	42926,02	42365,58	42576,01	LONG	0,00167	5981,87	0,00451	HOLD	98,2349	159,3171
2024-01-17	22:00	42576,02	42768	42472,85	42482,79	LONG	0,00167	5981,87	0,00451	HOLD	98,2349	159,1614
2024-01-17	23:00	42482,8	42564,13	42250,31	42360,28	LONG	0,00167	5981,87	0,00451	HOLD	98,2349	158,9568
2024-01-18	00:00	42360,29	42470,32	42200,69	42371,1	LONG	0,00167	5981,87	0,00451	HOLD	98,2349	158,9749
2024-01-18	01:00	42371,1	42612,48	42278,98	42612,45	LONG	0,00167	5981,87	0,00451	HOLD	98,2349	159,3779
2024-01-18	02:00	42612,46	42745,99	42555,22	42611,11	LONG	0,00167	5981,87	0,00451	HOLD	98,2349	159,3757
2024-01-18	03:00	42611,1	42876,48	42559,29	42722,9	LONG	0,00167	5981,87	0,00451	HOLD	98,2349	159,5624
2024-01-18	04:00	42722,9	42822,96	42603,2	42676,13	LONG	0,00167	5981,87	0,00451	HOLD	98,2349	159,4843
2024-01-18	05:00	42676,14	42729,06	42450	42722,14	LONG	0,00167	5981,87	0,00451	HOLD	98,2349	159,5611
2024-01-18	06:00	42722,13	42792,48	42619,73	42776,1	LONG	0,00167	5981,87	0,00451	HOLD	98,2349	159,6512
2024-01-18	07:00	42776,09	42784,4	42617,31	42660,79	LONG	0,00167	5981,87	0,00451	HOLD	98,2349	159,4587
2024-01-18	08:00	42660,79	42713,92	42502,19	42584,62	LONG	0,00167	5981,87	0,00451	HOLD	98,2349	159,3315
2024-01-18	09:00	42584,61	42721	42584,12	42653,82	LONG	0,00167	5981,87	0,00451	HOLD	98,2349	159,447
2024-01-18	10:00	42653,81	42676,75	42550	42592,05	LONG	0,00167	5981,87	0,00451	HOLD	98,2349	159,3439
2024-01-18	11:00	42592,04	42689,95	42589	42665	LONG	0,00167	5981,87	0,00451	HOLD	98,2349	159,4657
2024-01-18	12:00	42664,99	42784,99	42634	42772,87	LONG	0,00167	5981,87	0,00451	HOLD	98,2349	159,6458
2024-01-18	13:00	42772,86	42873,25	42759,13	42807,05	LONG	0,00167	5981,87	0,00451	HOLD	98,2349	159,7029
2024-01-18	14:00	42807,04	42922	42804	42915,33	LONG	0,00167	5981,87	0,00451	HOLD	98,2349	159,8837
2024-01-18	15:00	42915,32	42930	42724	42742	LONG	0,00167	5981,87	0,00451	HOLD	98,2349	159,5943
2024-01-18	16:00	42742	42871,85	42709,61	42743,84	LONG	0,00167	5981,87	0,00451	HOLD	98,2349	159,5974
2024-01-18	17:00	42743,85	42779,27	42388	42447,66	LONG	0,00167	5981,87	0,00451	HOLD	98,2349	159,1027
2024-01-18	18:00	42447,67	42551,1	42387,68	42544,59	LONG	0,00167	5981,87	0,00451	HOLD	98,2349	159,2646
2024-01-18	19:00	42544,6	42547,39	42353,8	42433,44	LONG	0,00167	5981,87	0,00451	HOLD	98,2349	159,079
2024-01-18	20:00	42433,45	42657,16	42362	42508	LONG	0,00167	5981,87	0,00451	HOLD	98,2349	159,2035
2024-01-18	21:00	42508,01	42742	42428,37	42738,7	LONG	0,00167	5981,87	0,00451	HOLD	98,2349	159,5888
2024-01-18	22:00	42738,7	42810	42611,1	42619,32	LONG	0,00167	5981,87	0,00451	HOLD	98,2349	159,3894
2024-01-18	23:00	42619,31	42619,32	41736,27	41948,99	LONG	0,00167	5981,87	0,00451	HOLD	98,2349	158,27
2024-01-19	00:00	41948,99	42178,39	41500	41816,71	LONG	0,00167	5981,87	0,00451	HOLD	98,2349	158,049
2024-01-19	01:00	41816,71	41916,07	41370	41508,95	LONG	0,00167	5981,87	0,00451	HOLD	98,2349	157,5351
2024-01-19	02:00	41508,95	41601,52	40831,99	41022,32	LONG	0,00167	5981,87	0,00451	HOLD	98,2349	156,7224
2024-01-19	03:00	41022,33	41315,8	40683,28	40835,6	LONG	0,00167	5981,87	0,00451	HOLD	98,2349	156,4106
2024-01-19	04:00	40835,6	41266	40757,85	41124	LONG	0,00167	5981,87	0,00451	HOLD	98,2349	156,8922
2024-01-19	05:00	41123,99	41366,99	41076,01	41354,67	LONG	0,00167	5981,87	0,00451	HOLD	98,2349	157,2774
2024-01-19	06:00	41354,67	41361	41203,18	41327,5	LONG	0,00167	5981,87	0,00451	HOLD	98,2349	157,2321
2024-01-19	07:00	41327,51	41370,99	41100	41290,5	LONG	0,00167	5981,87	0,00451	HOLD	98,2349	157,1703
2024-01-19	08:00	41290,5	41333,46	41122,15	41270	LONG	0,00167	5981,87	0,00451	HOLD	98,2349	157,136
2024-01-19	09:00	41270,01	41303,89	41084,03	41119,44	LONG	0,00167	5981,87	0,00451	HOLD	98,2349	156,8846
2024-01-19	10:00	41119,44	41147,58	40752,26	41055,87	LONG	0,00167	5981,87	0,00451	HOLD	98,2349	156,7784
2024-01-19	11:00	41055,88	41225	41038,81	41098,53	LONG	0,00167	5981,87	0,00451	HOLD	98,2349	156,8497
2024-01-19	12:00	41098,53	41238,56	41062,72	41210,5	LONG	0,00167	5981,87	0,00451	HOLD	98,2349	157,0367
2024-01-19	13:00	41210,51	41522,41	41194,01	41474	LONG	0,00167	5981,87	0,00451	HOLD	98,2349	157,4767
2024-01-19	14:00	41474,01	41576	41270,7	41284,25	LONG	0,00167	5981,87	0,00451	HOLD	98,2349	157,1598
2024-01-19	15:00	41284,26	41385,59	41143,33	41289,99	LONG	0,00167	5981,87	0,00451	HOLD	98,2349	157,1694
2024-01-19	16:00	41290	41464,34	41248,1	41398,37	LONG	0,00167	5981,87	0,00451	HOLD	98,2349	157,3504
2024-01-19	17:00	41398,37	41489,73	41334	41486,06	LONG	0,00167	5981,87	0,00451	HOLD	98,2349	157,4969
2024-01-19	18:00	41486,05	41509,69	41368,9	41475,37	LONG	0,00167	5981,87	0,00451	HOLD	98,2349	157,479
2024-01-19	19:00	41475,37	41488,2	41260,21	41337,31	LONG	0,00167	5981,87	0,00451	HOLD	98,2349	157,2484
2024-01-19	20:00	41337,3	41429,86	41268,33	41393,08	LONG	0,00167	5981,87	0,00451	HOLD	98,2349	157,3416
2024-01-19	21:00	41393,08	41455	40841,1	40969,31	LONG	0,00167	5981,87	0,00451	HOLD	98,2349	156,6339
2024-01-19	22:00	40969,31	41156,38	40718	40894,71	LONG	0,00167	5981,87	0,00451	HOLD	98,2349	156,5093
2024-01-19	23:00	40894,71	40953,59	40310	40395,01	LONG	0,00167	5981,87	0,00451	HOLD	98,2349	155,6748
2024-01-20	00:00	40395	41250	40280	41239,57	LONG	0,00167	5981,87	0,00451	HOLD	98,2349	157,0852
2024-01-20	01:00	41239,57	41979	41006,61	41808,08	LONG	0,00167	5981,87	0,00451	HOLD	98,2349	158,0346
2024-01-20	02:00	41808,08	41929,65	41575,4	41814,27	LONG	0,00167	5981,87	0,00451	HOLD	98,2349	158,045
2024-01-20	03:00	41814,27	42196,86	41517,6	41620	LONG	0,00167	5981,87	0,00451	HOLD	98,2349	157,7205
2024-01-20	04:00	41619,99	41791,7	41552,35	41633,83	LONG	0,00167	5981,87	0,00451	HOLD	98,2349	157,7436
2024-01-20	05:00	41633,83	41735,61	41532,89	41687,1	LONG	0,00167	5981,87	0,00451	HOLD	98,2349	157,8326
2024-01-20	06:00	41687,1	41721,1	41613,67	41659,03	LONG	0,00167	5981,87	0,00451	HOLD	98,2349	157,7857
2024-01-20	07:00	41659,03	41679,52	41456,3	41482,29	LONG	0,00167	5981,87	0,00451	HOLD	98,2349	157,4906
2024-01-20	08:00	41482,28	41700	41482,28	41655,42	LONG	0,00167	5981,87	0,00451	HOLD	98,2349	157,7797
2024-01-20	09:00	41655,42	41662,74	41538	41621,23	LONG	0,00167	5981,87	0,00451	HOLD	98,2349	157,7226
2024-01-20	10:00	41621,23	41649,61	41524	41634,65	LONG	0,00167	5981,87	0,00451	HOLD	98,2349	157,745
2024-01-20	11:00	41634,64	41659,03	41578,63	41607,2	LONG	0,00167	5981,87	0,00451	HOLD	98,2349	157,6992
2024-01-20	12:00	41607,19	41646,46	41564,81	41627,63	LONG	0,00167	5981,87	0,00451	HOLD	98,2349	157,7333
2024-01-20	13:00	41627,62	41698,71	41615,92	41672,02	LONG	0,00167	5981,87	0,00451	HOLD	98,2349	157,8074
2024-01-20	14:00	41672,02	41774	41644,72	41650,95	LONG	0,00167	5981,87	0,00451	HOLD	98,2349	157,7722
2024-01-20	15:00	41650,95	41668,66	41522,38	41590	LONG	0,00167	5981,87	0,00451	HOLD	98,2349	157,6704
2024-01-20	16:00	41590,01	41643,06	41459,02	41521,1	LONG	0,00167	5981,87	0,00451	HOLD	98,2349	157,5554
2024-01-20	17:00	41521,1	41616,43	41495,81	41543,31	LONG	0,00167	5981,87	0,00451	HOLD	98,2349	157,5925
2024-01-20	18:00	41543,3	41619	41475,69	41580,83	LONG	0,00167	5981,87	0,00451	HOLD	98,2349	157,6551
2024-01-20	19:00	41580,82	41700	41540	41620,01	LONG	0,00167	5981,87	0,00451	HOLD	98,2349	157,7206
2024-01-20	20:00	41620	41685,77	41584,68	41633,12	LONG	0,00167	5981,87	0,00451	HOLD	98,2349	157,7425
2024-01-20	21:00	41633,11	41646	41491,16	41542,99	LONG	0,00167	5981,87	0,00451	HOLD	98,2349	157,5919
2024-01-20	22:00	41542,98	41688,53	41478	41570,11	LONG	0,00167	5981,87	0,00451	HOLD	98,2349	157,6372
2024-01-20	23:00	41570,1	41645,81	41537,84	41563,66	LONG	0,00167	5981,87	0,00451	HOLD	98,2349	157,6265
2024-01-21	00:00	41563,66	41625	41543,61	41591,11	LONG	0,00167	5981,87	0,00451	HOLD	98,2349	157,6723
2024-01-21	01:00	41591,1	41634,19	41526,36	41606,17	LONG	0,00167	5981,87	0,00451	HOLD	98,2349	157,6974
2024-01-21	02:00	41606,16	41684,94	41605,01	41632,96	LONG	0,00167	5981,87	0,00451	HOLD	98,2349	157,7422
2024-01-21	03:00	41632,97	41822,99	41617,58	41751,36	LONG	0,00167	5981,87	0,00451	HOLD	98,2349	157,9399
2024-01-21	04:00	41751,37	41872,56	41729,9	41733,85	LONG	0,00167	5981,87	0,00451	HOLD	98,2349	157,9107
2024-01-21	05:00	41733,85	41819,99	41669,9	41781,53	LONG	0,00167	5981,87	0,00451	HOLD	98,2349	157,9903
2024-01-21	06:00	41781,54	41809,87	41610,54	41696,04	LONG	0,00167	5981,87	0,00451	HOLD	98,2349	157,8475
2024-01-21	07:00	41696,05	41727	41629,87	41645,98	LONG	0,00167	5981,87	0,00451	HOLD	98,2349	157,7639
2024-01-21	08:00	41645,98	41722,14	41633,8	41666,82	LONG	0,00167	5981,87	0,00451	HOLD	98,2349	157,7987
2024-01-21	09:00	41666,83	41719,36	41652,29	41699,8	LONG	0,00167	5981,87	0,00451	HOLD	98,2349	157,8538
2024-01-21	10:00	41699,8	41730	41661,74	41680,82	LONG	0,00167	5981,87	0,00451	HOLD	98,2349	157,8221
2024-01-21	11:00	41680,83	41685,55	41651,74	41673,41	LONG	0,00167	5981,87	0,00451	HOLD	98,2349	157,8097
2024-01-21	12:00	41673,41	41691,11	41628,46	41628,47	LONG	0,00167	5981,87	0,00451	HOLD	98,2349	157,7347
2024-01-21	13:00	41628,46	41654,99	41564,29	41597,66	LONG	0,00167	5981,87	0,00451	HOLD	98,2349	157,6832
2024-01-21	14:00	41597,66	41669,94	41587,27	41648,51	LONG	0,00167	5981,87	0,00451	HOLD	98,2349	157,7682
2024-01-21	15:00	41648,5	41710	41648,5	41663,96	LONG	0,00167	5981,87	0,00451	HOLD	98,2349	157,794
2024-01-21	16:00	41663,96	41747,53	41663,96	41747,53	LONG	0,00167	5981,87	0,00451	HOLD	98,2349	157,9335
2024-01-21	17:00	41747,52	41826,97	41709,99	41785,99	LONG	0,00167	5981,87	0,00451	HOLD	98,2349	157,9977
2024-01-21	18:00	41786	41795,61	41686	41719,89	LONG	0,00167	5981,87	0,00451	HOLD	98,2349	157,8874
2024-01-21	19:00	41719,9	41821,1	41700,91	41735,99	LONG	0,00167	5981,87	0,00451	HOLD	98,2349	157,9142
2024-01-21	20:00	41735,99	41862,02	41735,98	41859,53	LONG	0,00167	5981,87	0,00451	HOLD	98,2349	158,1206
2024-01-21	21:00	41859,52	41881,39	41757,25	41787,5	LONG	0,00167	5981,87	0,00451	HOLD	98,2349	158,0003
2024-01-21	22:00	41787,49	41860	41605	41656,28	LONG	0,00167	5981,87	0,00451	HOLD	98,2349	157,7811
2024-01-21	23:00	41656,27	41673,06	41525	41607,18	LONG	0,00167	5981,87	0,00451	HOLD	98,2349	157,6991
2024-01-22	00:00	41607,18	41695,07	41599,39	41678	LONG	0,00167	5981,87	0,00451	HOLD	98,2349	157,8174
2024-01-22	01:00	41677,99	41729,77	41627	41681,09	LONG	0,00167	5981,87	0,00451	HOLD	98,2349	157,8226
2024-01-22	02:00	41681,09	41720	41635,25	41719,4	LONG	0,00167	5981,87	0,00451	HOLD	98,2349	157,8865
2024-01-22	03:00	41719,39	41772,75	41618,68	41643,91	LONG	0,00167	5981,87	0,00451	HOLD	98,2349	157,7605
2024-01-22	04:00	41643,9	41811,1	41620,27	41785,91	LONG	0,00167	5981,87	0,00451	HOLD	98,2349	157,9976
2024-01-22	05:00	41785,9	41785,91	41620,23	41633,39	LONG	0,00167	5981,87	0,00451	HOLD	98,2349	157,7429
2024-01-22	06:00	41633,39	41676,78	41500,98	41580,33	LONG	0,00167	5981,87	0,00451	HOLD	98,2349	157,6543
2024-01-22	07:00	41580,32	41683,53	41467,58	41657,43	LONG	0,00167	5981,87	0,00451	HOLD	98,2349	157,7831
2024-01-22	08:00	41657,43	41689,65	41263,6	41363,37	LONG	0,00167	5981,87	0,00451	HOLD	98,2349	157,292
2024-01-22	09:00	41363,38	41426,03	41258,1	41317,98	LONG	0,00167	5981,87	0,00451	HOLD	98,2349	157,2162
2024-01-22	10:00	41317,97	41343,99	41058,22	41197,04	LONG	0,00167	5981,87	0,00451	HOLD	98,2349	157,0142
2024-01-22	11:00	41197,04	41221,99	40768	40786,41	LONG	0,00167	5981,87	0,00451	HOLD	98,2349	156,3284
2024-01-22	12:00	40786,41	41157,23	40684	41138,46	LONG	0,00167	5981,87	0,00451	HOLD	98,2349	156,9164
2024-01-22	13:00	41138,47	41321,17	41009,16	41205,99	LONG	0,00167	5981,87	0,00451	HOLD	98,2349	157,0291
2024-01-22	14:00	41205,99	41214	40978,63	41043,7	LONG	0,00167	5981,87	0,00451	HOLD	98,2349	156,7581
2024-01-22	15:00	41043,7	41043,71	40761,87	40959	LONG	0,00167	5981,87	0,00451	HOLD	98,2349	156,6167
2024-01-22	16:00	40958,99	41047,51	40610	40744,85	LONG	0,00167	5981,87	0,00451	HOLD	98,2349	156,259
2024-01-22	17:00	40744,86	40852,1	40364,63	40703,91	LONG	0,00167	5981,87	0,00451	HOLD	98,2349	156,1907
2024-01-22	18:00	40703,9	40941,09	40670,98	40815,99	LONG	0,00167	5981,87	0,00451	HOLD	98,2349	156,3778
2024-01-22	19:00	40815,92	40922,14	40685,96	40884,97	LONG	0,00167	5981,87	0,00451	HOLD	98,2349	156,493
2024-01-22	20:00	40884,97	41244,06	40865,6	40943,17	LONG	0,00167	5981,87	0,00451	HOLD	98,2349	156,5902
2024-01-22	21:00	40943,17	40978,69	40515,9	40694,75	LONG	0,00167	5981,87	0,00451	HOLD	98,2349	156,1754
2024-01-22	22:00	40694,76	40850	40350	40771,99	LONG	0,00167	5981,87	0,00451	HOLD	98,2349	156,3044
2024-01-22	23:00	40772	40874,99	40400	40518,6	LONG	0,00167	5981,87	0,00451	HOLD	98,2349	155,8812
2024-01-23	00:00	40518,61	40806,42	40457,95	40708	LONG	0,00167	5981,87	0,00451	HOLD	98,2349	156,1975
2024-01-23	01:00	40707,99	40800,01	40119,11	40316,01	LONG	0,00167	5981,87	0,00451	HOLD	98,2349	155,5429
2024-01-23	02:00	40316	40570,83	39431,58	39820,31	LONG	0,00167	5981,87	0,00451	HOLD	98,2349	154,7151
2024-01-23	03:00	39820,31	40343,18	39751,14	40181,2	LONG	0,00167	5981,87	0,00451	HOLD	98,2349	155,3177
2024-01-23	04:00	40181,2	40206,34	39845,7	39849,95	LONG	0,00167	5981,87	0,00451	HOLD	98,2349	154,7646
2024-01-23	05:00	39849,95	40088,88	39480	39832,8	LONG	0,00167	5981,87	0,00451	HOLD	98,2349	154,7359
2024-01-23	06:00	39832,81	39961,1	39488,12	39568,02	LONG	0,00167	5981,87	0,00451	HOLD	98,2349	154,2937
2024-01-23	07:00	39568,02	39888	39511,1	39872	LONG	0,00167	5981,87	0,00451	HOLD	98,2349	154,8014
2024-01-23	08:00	39872	39912,18	39713,2	39830,71	LONG	0,00167	5981,87	0,00451	HOLD	98,2349	154,7324
2024-01-23	09:00	39830,7	40067,99	39810	40060,46	LONG	0,00167	5981,87	0,00451	HOLD	98,2349	155,1161
2024-01-23	10:00	40060,47	40118,87	39979,52	40000,44	LONG	0,00167	5981,87	0,00451	HOLD	98,2349	155,0159
2024-01-23	11:00	40000,43	40176,74	40000,43	40065,51	LONG	0,00167	5981,87	0,00451	HOLD	98,2349	155,1245
2024-01-23	12:00	40065,5	40129,16	40062,3	40069,34	LONG	0,00167	5981,87	0,00451	HOLD	98,2349	155,1309
2024-01-23	13:00	40069,35	40129,12	39960,87	40019,42	LONG	0,00167	5981,87	0,00451	HOLD	98,2349	155,0476
2024-01-23	14:00	40019,43	40026,37	39665,02	39780	LONG	0,00167	5981,87	0,00451	HOLD	98,2349	154,6477
2024-01-23	15:00	39780,01	39860	39328	39464,96	LONG	0,00167	5981,87	0,00451	HOLD	98,2349	154,1216
2024-01-23	16:00	39464,97	39492,57	38907,67	38961,39	LONG	0,00167	5981,87	0,00451	HOLD	98,2349	153,2807
2024-01-23	17:00	38961,39	39150	38855,12	38917,28	LONG	0,00167	5981,87	0,00451	HOLD	98,2349	153,207
2024-01-23	18:00	38917,27	39045,56	38657	38845,56	LONG	0,00167	5981,87	0,00451	HOLD	98,2349	153,0872
2024-01-23	19:00	38845,56	39088,01	38758,82	39065,67	LONG	0,00167	5981,87	0,00451	HOLD	98,2349	153,4548
2024-01-23	20:00	39065,68	39083,35	38853,39	38864,16	LONG	0,00167	5981,87	0,00451	HOLD	98,2349	153,1183
2024-01-23	21:00	38864,15	38900	38555	38767,74	LONG	0,00167	5981,87	0,00451	HOLD	98,2349	152,9573
2024-01-23	22:00	38767,75	39460	38766	39204	LONG	0,00167	5981,87	0,00451	HOLD	98,2349	153,6858
2024-01-23	23:00	39204	39374,11	38925,2	39307,59	LONG	0,00167	5981,87	0,00451	HOLD	98,2349	153,8588
2024-01-24	00:00	39307,6	39634,29	39270	39398,89	LONG	0,00167	5981,87	0,00451	HOLD	98,2349	154,0113
2024-01-24	01:00	39398,88	39654,34	39092,54	39092,54	LONG	0,00167	5981,87	0,00451	HOLD	98,2349	153,4997
2024-01-24	02:00	39092,55	39287,57	38981,1	39148,07	LONG	0,00167	5981,87	0,00451	HOLD	98,2349	153,5924
2024-01-24	03:00	39148,07	39365,96	39032,02	39175,06	LONG	0,00167	5981,87	0,00451	HOLD	98,2349	153,6375
2024-01-24	04:00	39175,07	39303,91	39070	39223,75	LONG	0,00167	5981,87	0,00451	HOLD	98,2349	153,7188
2024-01-24	05:00	39223,76	39554,7	39201,1	39468,71	LONG	0,00167	5981,87	0,00451	HOLD	98,2349	154,1279
2024-01-24	06:00	39468,71	39907,23	39468,71	39897,6	LONG	0,00167	5981,87	0,00451	HOLD	98,2349	154,8441
2024-01-24	07:00	39897,59	40250	39784,34	40179,52	LONG	0,00167	5981,87	0,00451	HOLD	98,2349	155,3149
2024-01-24	08:00	40179,53	40179,53	39757,91	39769,97	LONG	0,00167	5981,87	0,00451	HOLD	98,2349	154,631
2024-01-24	09:00	39769,98	39895,36	39701,34	39763,49	LONG	0,00167	5981,87	0,00451	HOLD	98,2349	154,6202
2024-01-24	10:00	39763,5	39796,71	39570,43	39614	LONG	0,00167	5981,87	0,00451	HOLD	98,2349	154,3705
2024-01-24	11:00	39614	39747,11	39557,01	39654,38	LONG	0,00167	5981,87	0,00451	HOLD	98,2349	154,438
2024-01-24	12:00	39654,39	39847,46	39654,38	39798,85	LONG	0,00167	5981,87	0,00451	HOLD	98,2349	154,6792
2024-01-24	13:00	39798,85	39888	39661,91	39888	LONG	0,00167	5981,87	0,00451	HOLD	98,2349	154,8281
2024-01-24	14:00	39888	40191,97	39821,02	39981,09	LONG	0,00167	5981,87	0,00451	HOLD	98,2349	154,9836
2024-01-24	15:00	39981,09	40137,44	39859,51	39954,53	LONG	0,00167	5981,87	0,00451	HOLD	98,2349	154,9392
2024-01-24	16:00	39954,53	40104,95	39910,38	40024,81	LONG	0,00167	5981,87	0,00451	HOLD	98,2349	155,0566
2024-01-24	17:00	40024,82	40555	39985,49	40352,42	LONG	0,00167	5981,87	0,00451	HOLD	98,2349	155,6037
2024-01-24	18:00	40352,42	40373,98	40100	40209,34	LONG	0,00167	5981,87	0,00451	HOLD	98,2349	155,3647
2024-01-24	19:00	40209,34	40298,86	39975,78	40029,66	LONG	0,00167	5981,87	0,00451	HOLD	98,2349	155,0647
2024-01-24	20:00	40029,66	40122,83	39885	39984,87	LONG	0,00167	5981,87	0,00451	HOLD	98,2349	154,9899
2024-01-24	21:00	39984,87	40222,43	39766	39914,01	LONG	0,00167	5981,87	0,00451	HOLD	98,2349	154,8715
2024-01-24	22:00	39914	40118,26	39840	40050,71	LONG	0,00167	5981,87	0,00451	HOLD	98,2349	155,0998
2024-01-24	23:00	40050,72	40190,61	39923,42	40190,02	LONG	0,00167	5981,87	0,00451	HOLD	98,2349	155,3325
2024-01-25	00:00	40190,01	40207	40047,36	40141,98	LONG	0,00167	5981,87	0,00451	HOLD	98,2349	155,2522
2024-01-25	01:00	40141,98	40150,18	39615,76	39761,11	LONG	0,00167	5981,87	0,00451	HOLD	98,2349	154,6162
2024-01-25	02:00	39761,1	39847,44	39640,58	39803,05	LONG	0,00167	5981,87	0,00451	HOLD	98,2349	154,6862
2024-01-25	03:00	39803,04	40000	39511,61	39544,4	LONG	0,00167	5981,87	0,00451	HOLD	98,2349	154,2543
2024-01-25	04:00	39544,4	39792,75	39484,19	39792,74	LONG	0,00167	5981,87	0,00451	HOLD	98,2349	154,669
2024-01-25	05:00	39792,75	39900	39754,11	39875,98	LONG	0,00167	5981,87	0,00451	HOLD	98,2349	154,808
2024-01-25	06:00	39875,98	40175,11	39849,06	40084,88	LONG	0,00167	5981,87	0,00451	HOLD	98,2349	155,1569
2024-01-25	07:00	40084,89	40178,84	40012	40170,15	LONG	0,00167	5981,87	0,00451	HOLD	98,2349	155,2993
2024-01-25	08:00	40170,15	40178,62	39925,79	39978,83	LONG	0,00167	5981,87	0,00451	HOLD	98,2349	154,9798
2024-01-25	09:00	39978,84	40065,62	39914	39939,84	LONG	0,00167	5981,87	0,00451	HOLD	98,2349	154,9147
2024-01-25	10:00	39939,84	40099,87	39931,86	40012,01	LONG	0,00167	5981,87	0,00451	HOLD	98,2349	155,0352
2024-01-25	11:00	40012,01	40032,5	39912	39956,89	LONG	0,00167	5981,87	0,00451	HOLD	98,2349	154,9431
2024-01-25	12:00	39956,88	39965	39792,01	39876,47	LONG	0,00167	5981,87	0,00451	HOLD	98,2349	154,8088
2024-01-25	13:00	39876,47	40050	39876,46	40035	LONG	0,00167	5981,87	0,00451	HOLD	98,2349	155,0736
2024-01-25	14:00	40035,01	40135,37	39985,57	40130	LONG	0,00167	5981,87	0,00451	HOLD	98,2349	155,2322
2024-01-25	15:00	40130	40177,68	40028,01	40080,23	LONG	0,00167	5981,87	0,00451	HOLD	98,2349	155,1491
2024-01-25	16:00	40080,23	40130	40023,79	40031,54	LONG	0,00167	5981,87	0,00451	HOLD	98,2349	155,0678
2024-01-25	17:00	40031,53	40121	39957,44	40115,99	LONG	0,00167	5981,87	0,00451	HOLD	98,2349	155,2088
2024-01-25	18:00	40116	40300,24	40080,12	40178,07	LONG	0,00167	5981,87	0,00451	HOLD	98,2349	155,3125
2024-01-25	19:00	40178,07	40283,82	39798,68	39859,81	LONG	0,00167	5981,87	0,00451	HOLD	98,2349	154,781
2024-01-25	20:00	39859,81	39965,03	39731,64	39913,84	LONG	0,00167	5981,87	0,00451	HOLD	98,2349	154,8713
2024-01-25	21:00	39913,84	40090,19	39862,59	40012,94	LONG	0,00167	5981,87	0,00451	HOLD	98,2349	155,0368
2024-01-25	22:00	40012,93	40046,07	39623,4	39804,24	LONG	0,00167	5981,87	0,00451	HOLD	98,2349	154,6882
2024-01-25	23:00	39804,23	39852,2	39666,66	39710,32	LONG	0,00167	5981,87	0,00451	HOLD	98,2349	154,5314
2024-01-26	00:00	39710,33	39844,91	39550	39803,16	LONG	0,00167	5981,87	0,00451	HOLD	98,2349	154,6864
2024-01-26	01:00	39803,16	40044,91	39725	39842,64	LONG	0,00167	5981,87	0,00451	HOLD	98,2349	154,7524
2024-01-26	02:00	39842,63	39991,24	39734	39989,25	LONG	0,00167	5981,87	0,00451	HOLD	98,2349	154,9972
2024-01-26	03:00	39989,25	39995,99	39637,99	39838,31	LONG	0,00167	5981,87	0,00451	HOLD	98,2349	154,7451
2024-01-26	04:00	39838,3	39935,94	39792,02	39929,6	LONG	0,00167	5981,87	0,00451	HOLD	98,2349	154,8976
2024-01-26	05:00	39929,6	39981,1	39888,23	39956,31	LONG	0,00167	5981,87	0,00451	HOLD	98,2349	154,9422
2024-01-26	06:00	39956,32	39984,32	39893,03	39961,09	LONG	0,00167	5981,87	0,00451	HOLD	98,2349	154,9502
2024-01-26	07:00	39961,09	39970,71	39884,14	39895,92	LONG	0,00167	5981,87	0,00451	HOLD	98,2349	154,8413
2024-01-26	08:00	39895,93	39959,45	39822,52	39937,78	LONG	0,00167	5981,87	0,00451	HOLD	98,2349	154,9112
2024-01-26	09:00	39937,77	40245	39937,77	40144,31	LONG	0,00167	5981,87	0,00451	HOLD	98,2349	155,2561
2024-01-26	10:00	40144,3	40191,92	40067,52	40067,52	LONG	0,00167	5981,87	0,00451	HOLD	98,2349	155,1279
2024-01-26	11:00	40067,52	40220	40067,52	40149,26	LONG	0,00167	5981,87	0,00451	HOLD	98,2349	155,2644
2024-01-26	12:00	40149,25	40180,71	40083,92	40102,4	LONG	0,00167	5981,87	0,00451	HOLD	98,2349	155,1862
2024-01-26	13:00	40102,4	40156,56	39988,69	40002,83	LONG	0,00167	5981,87	0,00451	HOLD	98,2349	155,0199
2024-01-26	14:00	40002,84	40028,85	39896,84	39969,99	LONG	0,00167	5981,87	0,00451	HOLD	98,2349	154,965
2024-01-26	15:00	39970	40176,47	39962,14	40133,8	LONG	0,00167	5981,87	0,00451	HOLD	98,2349	155,2386
2024-01-26	16:00	40133,79	40411,39	40037,5	40079,82	LONG	0,00167	5981,87	0,00451	HOLD	98,2349	155,1484
2024-01-26	17:00	40079,83	40755,98	40068	40692,64	LONG	0,00167	5981,87	0,00451	HOLD	98,2349	156,1719
2024-01-26	18:00	40692,64	41348,13	40684,79	41289,52	LONG	0,00167	5981,87	0,00451	HOLD	98,2349	157,1686
2024-01-26	19:00	41289,52	41500	41091,93	41140,01	LONG	0,00167	5981,87	0,00451	HOLD	98,2349	156,919
2024-01-26	20:00	41140,01	41229,76	40914,5	41021,65	LONG	0,00167	5981,87	0,00451	HOLD	98,2349	156,7213
2024-01-26	21:00	41021,65	41588	41021,65	41588	LONG	0,00167	5981,87	0,00451	HOLD	98,2349	157,6671
2024-01-26	22:00	41588	41588	41218	41422,99	LONG	0,00167	5981,87	0,00451	HOLD	98,2349	157,3915
2024-01-26	23:00	41422,98	41995,99	41405,31	41961,14	LONG	0,00167	5981,87	0,00451	HOLD	98,2349	158,2902
2024-01-27	00:00	41961,15	42010,02	41752,83	41915,16	LONG	0,00167	5981,87	0,00451	HOLD	98,2349	158,2135
2024-01-27	01:00	41915,17	42193,8	41851,5	42105,01	LONG	0,00167	5981,87	0,00451	HOLD	98,2349	158,5305
2024-01-27	02:00	42105	42125	41936	42064,49	LONG	0,00167	5981,87	0,00451	HOLD	98,2349	158,4628
2024-01-27	03:00	42064,48	42246,82	41838,83	41977,18	LONG	0,00167	5981,87	0,00451	HOLD	98,2349	158,317
2024-01-27	04:00	41977,18	42048	41878,93	41998,78	LONG	0,00167	5981,87	0,00451	HOLD	98,2349	158,3531
2024-01-27	05:00	41998,77	42011,75	41820,64	41906,28	LONG	0,00167	5981,87	0,00451	HOLD	98,2349	158,1986
2024-01-27	06:00	41906,28	41972	41800,02	41823,51	LONG	0,00167	5981,87	0,00451	HOLD	98,2349	158,0604
2024-01-27	07:00	41823,51	41866,67	41708	41785,94	LONG	0,00167	5981,87	0,00451	HOLD	98,2349	157,9977
2024-01-27	08:00	41785,94	41933,17	41768,5	41818,86	LONG	0,00167	5981,87	0,00451	HOLD	98,2349	158,0526
2024-01-27	09:00	41818,86	41896,09	41815,48	41838,59	LONG	0,00167	5981,87	0,00451	HOLD	98,2349	158,0856
2024-01-27	10:00	41838,6	41865,21	41765,64	41815,01	LONG	0,00167	5981,87	0,00451	HOLD	98,2349	158,0462
2024-01-27	11:00	41815,01	41875,67	41791,1	41844,26	LONG	0,00167	5981,87	0,00451	HOLD	98,2349	158,0951
2024-01-27	12:00	41844,26	41890	41738,59	41762,48	LONG	0,00167	5981,87	0,00451	HOLD	98,2349	157,9585
2024-01-27	13:00	41762,49	41812	41691,24	41704,04	LONG	0,00167	5981,87	0,00451	HOLD	98,2349	157,8609
2024-01-27	14:00	41704,04	41729,41	41602,01	41710,14	LONG	0,00167	5981,87	0,00451	HOLD	98,2349	157,8711
2024-01-27	15:00	41710,15	41719,85	41421,21	41470,01	LONG	0,00167	5981,87	0,00451	HOLD	98,2349	157,4701
2024-01-27	16:00	41470,01	41742,7	41394,34	41669,78	LONG	0,00167	5981,87	0,00451	HOLD	98,2349	157,8037
2024-01-27	17:00	41669,79	41800	41651,1	41747,3	LONG	0,00167	5981,87	0,00451	HOLD	98,2349	157,9331
2024-01-27	18:00	41747,31	41786,87	41702,88	41761,23	LONG	0,00167	5981,87	0,00451	HOLD	98,2349	157,9564
2024-01-27	19:00	41761,22	41807,03	41714	41750	LONG	0,00167	5981,87	0,00451	HOLD	98,2349	157,9376
2024-01-27	20:00	41750,01	41806,55	41725,21	41742,44	LONG	0,00167	5981,87	0,00451	HOLD	98,2349	157,925
2024-01-27	21:00	41742,44	41818,39	41731,01	41766	LONG	0,00167	5981,87	0,00451	HOLD	98,2349	157,9644
2024-01-27	22:00	41765,99	41894,87	41733,6	41814	LONG	0,00167	5981,87	0,00451	HOLD	98,2349	158,0445
2024-01-27	23:00	41813,99	41895,74	41791,22	41810,18	LONG	0,00167	5981,87	0,00451	HOLD	98,2349	158,0381
2024-01-28	00:00	41810,17	41845,34	41774,07	41779,28	LONG	0,00167	5981,87	0,00451	HOLD	98,2349	157,9865
2024-01-28	01:00	41779,28	41817,64	41745,26	41797,62	LONG	0,00167	5981,87	0,00451	HOLD	98,2349	158,0172
2024-01-28	02:00	41797,62	41986,06	41790,87	41910,47	LONG	0,00167	5981,87	0,00451	HOLD	98,2349	158,2056
2024-01-28	03:00	41910,48	42076,7	41910,47	42059,93	LONG	0,00167	5981,87	0,00451	HOLD	98,2349	158,4552
2024-01-28	04:00	42059,94	42176,47	42022,92	42150,59	LONG	0,00167	5981,87	0,00451	HOLD	98,2349	158,6066
2024-01-28	05:00	42150,59	42200	42079,25	42155,51	LONG	0,00167	5981,87	0,00451	HOLD	98,2349	158,6148
2024-01-28	06:00	42155,5	42171,08	42090	42120,63	LONG	0,00167	5981,87	0,00451	HOLD	98,2349	158,5566
2024-01-28	07:00	42120,63	42145,28	41925	41990,85	LONG	0,00167	5981,87	0,00451	HOLD	98,2349	158,3399
2024-01-28	08:00	41990,85	42244	41990,85	42100	LONG	0,00167	5981,87	0,00451	HOLD	98,2349	158,5221
2024-01-28	09:00	42100	42177,4	42100	42102,22	LONG	0,00167	5981,87	0,00451	HOLD	98,2349	158,5258
2024-01-28	10:00	42102,21	42244	42100	42231,83	LONG	0,00167	5981,87	0,00451	HOLD	98,2349	158,7423
2024-01-28	11:00	42231,84	42765,22	42228,64	42720,32	LONG	0,00167	5981,87	0,00451	HOLD	98,2349	159,5581
2024-01-28	12:00	42720,33	42842,68	42453,41	42562,44	LONG	0,00167	5981,87	0,00451	HOLD	98,2349	159,2944
2024-01-28	13:00	42562,45	42577,81	42293,66	42413,27	LONG	0,00167	5981,87	0,00451	HOLD	98,2349	159,0453
2024-01-28	14:00	42413,27	42530,63	42359,13	42388,82	LONG	0,00167	5981,87	0,00451	HOLD	98,2349	159,0045
2024-01-28	15:00	42388,82	42614,18	42323,14	42491,1	LONG	0,00167	5981,87	0,00451	HOLD	98,2349	159,1753
2024-01-28	16:00	42491,09	42698	42424	42575,03	LONG	0,00167	5981,87	0,00451	HOLD	98,2349	159,3154
2024-01-28	17:00	42575,02	42645,83	42500	42600,02	LONG	0,00167	5981,87	0,00451	HOLD	98,2349	159,3572
2024-01-28	18:00	42600,03	42612,62	42357,88	42471,98	LONG	0,00167	5981,87	0,00451	HOLD	98,2349	159,1433
2024-01-28	19:00	42471,98	42493,33	42291,11	42417,04	LONG	0,00167	5981,87	0,00451	HOLD	98,2349	159,0516
2024-01-28	20:00	42417,04	42449,99	42240,22	42397,18	LONG	0,00167	5981,87	0,00451	HOLD	98,2349	159,0184
2024-01-28	21:00	42397,19	42544	42252,13	42288	LONG	0,00167	5981,87	0,00451	HOLD	98,2349	158,8361
2024-01-28	22:00	42288	42411,1	42155,55	42258,01	LONG	0,00167	5981,87	0,00451	HOLD	98,2349	158,786
2024-01-28	23:00	42258	42354,7	42136,58	42312,34	LONG	0,00167	5981,87	0,00451	HOLD	98,2349	158,8768
2024-01-29	00:00	42312,35	42312,35	42100	42168,17	LONG	0,00167	5981,87	0,00451	HOLD	98,2349	158,636
2024-01-29	01:00	42168,16	42170,4	41920,51	41971,67	LONG	0,00167	5981,87	0,00451	HOLD	98,2349	158,3078
2024-01-29	02:00	41971,67	42025	41721,08	41785,92	LONG	0,00167	5981,87	0,00451	HOLD	98,2349	157,9976
2024-01-29	03:00	41785,91	41969,75	41681,72	41945,09	LONG	0,00167	5981,87	0,00451	HOLD	98,2349	158,2634
2024-01-29	04:00	41945,09	42028	41810	41979,59	LONG	0,00167	5981,87	0,00451	HOLD	98,2349	158,3211
2024-01-29	05:00	41979,59	41979,59	41620,81	41834	LONG	0,00167	5981,87	0,00451	HOLD	98,2349	158,0779
2024-01-29	06:00	41834,01	42073,81	41753,19	42031,06	LONG	0,00167	5981,87	0,00451	HOLD	98,2349	158,407
2024-01-29	07:00	42031,05	42069,23	41874,94	41971,42	LONG	0,00167	5981,87	0,00451	HOLD	98,2349	158,3074
2024-01-29	08:00	41971,43	42318,31	41967,57	42160,21	LONG	0,00167	5981,87	0,00451	HOLD	98,2349	158,6227
2024-01-29	09:00	42160,21	42328,67	42127,96	42237,56	LONG	0,00167	5981,87	0,00451	HOLD	98,2349	158,7519
2024-01-29	10:00	42237,56	42504	42237,56	42331,2	LONG	0,00167	5981,87	0,00451	HOLD	98,2349	158,9082
2024-01-29	11:00	42331,19	42345,36	42195,61	42218	LONG	0,00167	5981,87	0,00451	HOLD	98,2349	158,7192
2024-01-29	12:00	42218	42284,94	42131,1	42144,23	LONG	0,00167	5981,87	0,00451	HOLD	98,2349	158,596
2024-01-29	13:00	42144,23	42251,75	42133	42163,23	LONG	0,00167	5981,87	0,00451	HOLD	98,2349	158,6277
2024-01-29	14:00	42163,24	42242,15	41988,88	42053,46	LONG	0,00167	5981,87	0,00451	HOLD	98,2349	158,4444
2024-01-29	15:00	42053,45	42151,26	41966,02	42122,85	LONG	0,00167	5981,87	0,00451	HOLD	98,2349	158,5603
2024-01-29	16:00	42122,85	42329,93	41961,1	42295,67	LONG	0,00167	5981,87	0,00451	HOLD	98,2349	158,8489
2024-01-29	17:00	42295,9	42381,1	42208,2	42313,18	LONG	0,00167	5981,87	0,00451	HOLD	98,2349	158,8782
2024-01-29	18:00	42313,18	42353,27	42191,1	42246,95	LONG	0,00167	5981,87	0,00451	HOLD	98,2349	158,7675
2024-01-29	19:00	42246,95	42371,1	41975	42102,66	LONG	0,00167	5981,87	0,00451	HOLD	98,2349	158,5266
2024-01-29	20:00	42102,67	42139,21	41930,88	42006,7	LONG	0,00167	5981,87	0,00451	HOLD	98,2349	158,3663
2024-01-29	21:00	42006,71	42104,98	41804,88	41951,86	LONG	0,00167	5981,87	0,00451	HOLD	98,2349	158,2747
2024-01-29	22:00	41951,86	42647,27	41882,33	42641,75	LONG	0,00167	5981,87	0,00451	HOLD	98,2349	159,4269
2024-01-29	23:00	42641,75	43313,8	42518	43200	LONG	0,00167	5981,87	0,00451	HOLD	98,2349	160,3591
2024-01-30	00:00	43200,01	43308,69	42920,01	42996,57	LONG	0,00167	5981,87	0,00451	HOLD	98,2349	160,0194
2024-01-30	01:00	42996,56	43118,1	42883,72	43028,75	LONG	0,00167	5981,87	0,00451	HOLD	98,2349	160,0732
2024-01-30	02:00	43028,74	43152,47	42978,29	42995,99	LONG	0,00167	5981,87	0,00451	HOLD	98,2349	160,0184
2024-01-30	03:00	42995,99	43199,99	42982,66	43147,6	LONG	0,00167	5981,87	0,00451	HOLD	98,2349	160,2716
2024-01-30	04:00	43147,61	43263,15	43061,66	43176,29	LONG	0,00167	5981,87	0,00451	HOLD	98,2349	160,3195
2024-01-30	05:00	43176,29	43210,31	43081,1	43111,1	LONG	0,00167	5981,87	0,00451	HOLD	98,2349	160,2107
2024-01-30	06:00	43111,11	43333	43078,11	43302,7	LONG	0,00167	5981,87	0,00451	HOLD	98,2349	160,5307
2024-01-30	07:00	43302,71	43310,97	43133,9	43162,02	LONG	0,00167	5981,87	0,00451	HOLD	98,2349	160,2957
2024-01-30	08:00	43162,02	43559	43157,15	43439,51	LONG	0,00167	5981,87	0,00451	HOLD	98,2349	160,7591
2024-01-30	09:00	43439,51	43787,35	43439,51	43615,15	LONG	0,00167	5981,87	0,00451	HOLD	98,2349	161,0524
2024-01-30	10:00	43615,15	43685,2	43460,02	43519,71	LONG	0,00167	5981,87	0,00451	HOLD	98,2349	160,8931
2024-01-30	11:00	43519,71	43570,09	43412	43421,49	LONG	0,00167	5981,87	0,00451	HOLD	98,2349	160,729
2024-01-30	12:00	43421,5	43465,22	43342	43365,04	LONG	0,00167	5981,87	0,00451	HOLD	98,2349	160,6348
2024-01-30	13:00	43365,03	43422,71	43259,26	43340,68	LONG	0,00167	5981,87	0,00451	HOLD	98,2349	160,5941
2024-01-30	14:00	43340,68	43446,11	43323,82	43358,25	LONG	0,00167	5981,87	0,00451	HOLD	98,2349	160,6234
2024-01-30	15:00	43358,24	43467,03	43215,76	43432,1	LONG	0,00167	5981,87	0,00451	HOLD	98,2349	160,7467
2024-01-30	16:00	43432,1	43459,89	43320,4	43324,4	LONG	0,00167	5981,87	0,00451	HOLD	98,2349	160,5669
2024-01-30	17:00	43324,41	43510	43295,55	43482,01	LONG	0,00167	5981,87	0,00451	HOLD	98,2349	160,8301
2024-01-30	18:00	43482,01	43564,85	43414,41	43537,74	LONG	0,00167	5981,87	0,00451	HOLD	98,2349	160,9232
2024-01-30	19:00	43537,75	43882,36	43257,39	43394,53	LONG	0,00167	5981,87	0,00451	HOLD	98,2349	160,684
2024-01-30	20:00	43394,54	43480	43153,06	43287,61	LONG	0,00167	5981,87	0,00451	HOLD	98,2349	160,5055
2024-01-30	21:00	43287,61	43498	43114,13	43473,99	LONG	0,00167	5981,87	0,00451	HOLD	98,2349	160,8167
2024-01-30	22:00	43474	43622	43292,98	43375,5	LONG	0,00167	5981,87	0,00451	HOLD	98,2349	160,6522
2024-01-30	23:00	43375,5	43516,06	43224	43499,03	LONG	0,00167	5981,87	0,00451	HOLD	98,2349	160,8585
2024-01-31	00:00	43499,03	43599	43306,51	43398,31	LONG	0,00167	5981,87	0,00451	HOLD	98,2349	160,6903
2024-01-31	01:00	43398,31	43496	43282,94	43371,63	LONG	0,00167	5981,87	0,00451	HOLD	98,2349	160,6458
2024-01-31	02:00	43371,64	43574,8	43336,35	43547,98	LONG	0,00167	5981,87	0,00451	HOLD	98,2349	160,9403
2024-01-31	03:00	43547,99	43760	43480,18	43561,1	LONG	0,00167	5981,87	0,00451	HOLD	98,2349	160,9622
2024-01-31	04:00	43561,1	43694,15	43488,32	43546,07	LONG	0,00167	5981,87	0,00451	HOLD	98,2349	160,9371
2024-01-31	05:00	43546,07	43574,8	43326,27	43327,77	LONG	0,00167	5981,87	0,00451	HOLD	98,2349	160,5725
2024-01-31	06:00	43327,78	43354,48	42683,99	42941,1	LONG	0,00167	5981,87	0,00451	HOLD	98,2349	159,9268
2024-01-31	07:00	42941,1	43107,77	42850	42933,21	LONG	0,00167	5981,87	0,00451	HOLD	98,2349	159,9136
2024-01-31	08:00	42933,2	43000	42724,31	42782,82	LONG	0,00167	5981,87	0,00451	HOLD	98,2349	159,6625
2024-01-31	09:00	42782,81	42899,55	42655,07	42883	LONG	0,00167	5981,87	0,00451	HOLD	98,2349	159,8298
2024-01-31	10:00	42883,01	42991,49	42861,1	42930,07	LONG	0,00167	5981,87	0,00451	HOLD	98,2349	159,9084
2024-01-31	11:00	42930,06	42994,27	42871,1	42962,64	LONG	0,00167	5981,87	0,00451	HOLD	98,2349	159,9628
2024-01-31	12:00	42962,64	43050,04	42924,13	42980	LONG	0,00167	5981,87	0,00451	HOLD	98,2349	159,9917
2024-01-31	13:00	42980	43061,3	42909,2	42975,93	LONG	0,00167	5981,87	0,00451	HOLD	98,2349	159,9849
2024-01-31	14:00	42975,92	43087,93	42945	43050,01	LONG	0,00167	5981,87	0,00451	HOLD	98,2349	160,1087
2024-01-31	15:00	43050,01	43091,1	42938,35	42978,01	LONG	0,00167	5981,87	0,00451	HOLD	98,2349	159,9884
2024-01-31	16:00	42978	42978,01	42585,17	42646	LONG	0,00167	5981,87	0,00451	HOLD	98,2349	159,434
2024-01-31	17:00	42645,99	42796,72	42383	42384,73	LONG	0,00167	5981,87	0,00451	HOLD	98,2349	158,9976
2024-01-31	18:00	42384,72	42678,03	42355	42647,98	LONG	0,00167	5981,87	0,00451	HOLD	98,2349	159,4373
2024-01-31	19:00	42647,98	42729,36	42550,54	42622,81	LONG	0,00167	5981,87	0,00451	HOLD	98,2349	159,3952
2024-01-31	20:00	42622,8	42925,52	42521,31	42803,92	LONG	0,00167	5981,87	0,00451	HOLD	98,2349	159,6977
2024-01-31	21:00	42803,91	42988,97	42571,1	42882,08	LONG	0,00167	5981,87	0,00451	HOLD	98,2349	159,8282
2024-01-31	22:00	42882,08	43465,02	42691,1	43361,1	LONG	0,00167	5981,87	0,00451	HOLD	98,2349	160,6282
2024-01-31	23:00	43361,11	43611,8	43294,46	43474,81	LONG	0,00167	5981,87	0,00451	HOLD	98,2349	160,8181
2024-02-01	00:00	43474,81	43745,1	43432,01	43715,04	LONG	0,00167	5981,87	0,00451	HOLD	98,2349	161,2193
2024-02-01	01:00	43715,04	43745,11	43474,13	43513,38	LONG	0,00167	5981,87	0,00451	HOLD	98,2349	160,8825
2024-02-01	02:00	43513,38	43551,99	43041,1	43334,64	LONG	0,00167	5981,87	0,00451	HOLD	98,2349	160,584
2024-02-01	03:00	43334,63	43361,1	42519,92	42541,18	LONG	0,00167	5981,87	0,00451	HOLD	98,2349	159,2589
2024-02-01	04:00	42541,19	42707,68	42276,84	42487,12	LONG	0,00167	5981,87	0,00451	HOLD	98,2349	159,1686
2024-02-01	05:00	42487,12	42690,42	42381,1	42656,07	LONG	0,00167	5981,87	0,00451	HOLD	98,2349	159,4508
2024-02-01	06:00	42656,07	42688,88	42555,46	42580	LONG	0,00167	5981,87	0,00451	HOLD	98,2349	159,3237
2024-02-01	07:00	42580	42687,63	42220,85	42474,95	LONG	0,00167	5981,87	0,00451	HOLD	98,2349	159,1483
2024-02-01	08:00	42474,96	42476	41884,28	41983,54	LONG	0,00167	5981,87	0,00451	HOLD	98,2349	158,3277
2024-02-01	09:00	41983,54	42176,87	41958,71	42162,56	LONG	0,00167	5981,87	0,00451	HOLD	98,2349	158,6266
2024-02-01	10:00	42162,55	42190,4	41958,71	42015,65	LONG	0,00167	5981,87	0,00451	HOLD	98,2349	158,3813
2024-02-01	11:00	42015,65	42141,68	41889,95	42073,43	LONG	0,00167	5981,87	0,00451	HOLD	98,2349	158,4778
2024-02-01	12:00	42073,43	42198	42028,41	42156,5	LONG	0,00167	5981,87	0,00451	HOLD	98,2349	158,6165
2024-02-01	13:00	42156,5	42225,47	42123,35	42192,4	LONG	0,00167	5981,87	0,00451	HOLD	98,2349	158,6765
2024-02-01	14:00	42192,39	42300	42124,59	42190,16	LONG	0,00167	5981,87	0,00451	HOLD	98,2349	158,6727
2024-02-01	15:00	42190,15	42250	42125,25	42244,54	LONG	0,00167	5981,87	0,00451	HOLD	98,2349	158,7635
2024-02-01	16:00	42244,54	42261,81	42130	42148,31	LONG	0,00167	5981,87	0,00451	HOLD	98,2349	158,6028
2024-02-01	17:00	42148,31	42331,1	42112,95	42226,02	LONG	0,00167	5981,87	0,00451	HOLD	98,2349	158,7326
2024-02-01	18:00	42226,01	42298,03	42026,52	42087,52	LONG	0,00167	5981,87	0,00451	HOLD	98,2349	158,5013
2024-02-01	19:00	42087,52	42237,24	41944,89	42142,8	LONG	0,00167	5981,87	0,00451	HOLD	98,2349	158,5936
2024-02-01	20:00	42142,81	42294	41981,17	42219,61	LONG	0,00167	5981,87	0,00451	HOLD	98,2349	158,7219
2024-02-01	21:00	42219,61	42657,48	42186	42651,1	LONG	0,00167	5981,87	0,00451	HOLD	98,2349	159,4425
2024-02-01	22:00	42651,1	42946,6	42516,11	42516,12	LONG	0,00167	5981,87	0,00451	HOLD	98,2349	159,2171
2024-02-01	23:00	42516,12	42698	42364	42658,15	LONG	0,00167	5981,87	0,00451	HOLD	98,2349	159,4543
2024-02-02	00:00	42658,15	43169,23	42628	42924	LONG	0,00167	5981,87	0,00451	HOLD	98,2349	159,8982
2024-02-02	01:00	42923,99	43053,03	42771,82	42847,06	LONG	0,00167	5981,87	0,00451	HOLD	98,2349	159,7697
2024-02-02	02:00	42847,07	43285,13	42831,11	43218,94	LONG	0,00167	5981,87	0,00451	HOLD	98,2349	160,3908
2024-02-02	03:00	43218,94	43279,91	42895,86	43011,83	LONG	0,00167	5981,87	0,00451	HOLD	98,2349	160,0449
2024-02-02	04:00	43011,83	43220	42967,19	43096,41	LONG	0,00167	5981,87	0,00451	HOLD	98,2349	160,1861
2024-02-02	05:00	43096,42	43111,1	42872,91	42927,11	LONG	0,00167	5981,87	0,00451	HOLD	98,2349	159,9034
2024-02-02	06:00	42927,12	43086,13	42886,33	43082,94	LONG	0,00167	5981,87	0,00451	HOLD	98,2349	160,1637
2024-02-02	07:00	43082,95	43432,63	43046,48	43174,41	LONG	0,00167	5981,87	0,00451	HOLD	98,2349	160,3164
2024-02-02	08:00	43174,41	43296,35	43104,79	43121,1	LONG	0,00167	5981,87	0,00451	HOLD	98,2349	160,2274
2024-02-02	09:00	43121,1	43200	43039	43080,41	LONG	0,00167	5981,87	0,00451	HOLD	98,2349	160,1594
2024-02-02	10:00	43080,4	43108,48	43026,15	43037,25	LONG	0,00167	5981,87	0,00451	HOLD	98,2349	160,0873
2024-02-02	11:00	43037,25	43061,11	42943,71	42966,65	LONG	0,00167	5981,87	0,00451	HOLD	98,2349	159,9694
2024-02-02	12:00	42966,65	43140,25	42951,1	43103,97	LONG	0,00167	5981,87	0,00451	HOLD	98,2349	160,1988
2024-02-02	13:00	43103,98	43271,1	43086,95	43165	LONG	0,00167	5981,87	0,00451	HOLD	98,2349	160,3007
2024-02-02	14:00	43165	43258,03	43086,89	43086,89	LONG	0,00167	5981,87	0,00451	HOLD	98,2349	160,1702
2024-02-02	15:00	43086,9	43107,97	42957,7	43015,99	LONG	0,00167	5981,87	0,00451	HOLD	98,2349	160,0518
2024-02-02	16:00	43015,99	43081,09	42957,43	42980,91	LONG	0,00167	5981,87	0,00451	HOLD	98,2349	159,9933
2024-02-02	17:00	42980,91	43140	42941,1	43122,48	LONG	0,00167	5981,87	0,00451	HOLD	98,2349	160,2297
2024-02-02	18:00	43122,47	43199	43060	43148,41	LONG	0,00167	5981,87	0,00451	HOLD	98,2349	160,273
2024-02-02	19:00	43148,42	43239,57	43060	43130,81	LONG	0,00167	5981,87	0,00451	HOLD	98,2349	160,2436
2024-02-02	20:00	43130,81	43146,17	42546,79	42694,01	LONG	0,00167	5981,87	0,00451	HOLD	98,2349	159,5141
2024-02-02	21:00	42694,01	42913,01	42610	42805,35	LONG	0,00167	5981,87	0,00451	HOLD	98,2349	159,7001
2024-02-02	22:00	42805,35	43250	42750	43242,09	LONG	0,00167	5981,87	0,00451	HOLD	98,2349	160,4294
2024-02-02	23:00	43242,1	43488	43100	43216,36	LONG	0,00167	5981,87	0,00451	HOLD	98,2349	160,3865
2024-02-03	00:00	43216,35	43296	42901,1	42958,47	LONG	0,00167	5981,87	0,00451	HOLD	98,2349	159,9558
2024-02-03	01:00	42958,47	42990	42783,09	42928,01	LONG	0,00167	5981,87	0,00451	HOLD	98,2349	159,9049
2024-02-03	02:00	42928	43080	42920,36	43061,97	LONG	0,00167	5981,87	0,00451	HOLD	98,2349	160,1286
2024-02-03	03:00	43061,98	43089,91	42900,48	42952,65	LONG	0,00167	5981,87	0,00451	HOLD	98,2349	159,9461
2024-02-03	04:00	42952,65	43067,78	42950,63	42995,17	LONG	0,00167	5981,87	0,00451	HOLD	98,2349	160,0171
2024-02-03	05:00	42995,16	43226,61	42995,16	43202,59	LONG	0,00167	5981,87	0,00451	HOLD	98,2349	160,3635
2024-02-03	06:00	43202,6	43238,01	43132,46	43200	LONG	0,00167	5981,87	0,00451	HOLD	98,2349	160,3591
2024-02-03	07:00	43199,99	43380,01	43151,11	43229,07	LONG	0,00167	5981,87	0,00451	HOLD	98,2349	160,4077
2024-02-03	08:00	43229,07	43322	43192,79	43221,1	LONG	0,00167	5981,87	0,00451	HOLD	98,2349	160,3944
2024-02-03	09:00	43221,11	43233,55	43154,28	43187,98	LONG	0,00167	5981,87	0,00451	HOLD	98,2349	160,3391
2024-02-03	10:00	43187,98	43234,03	43142	43173,94	LONG	0,00167	5981,87	0,00451	HOLD	98,2349	160,3156
2024-02-03	11:00	43173,95	43222,75	43153,68	43191,67	LONG	0,00167	5981,87	0,00451	HOLD	98,2349	160,3452
2024-02-03	12:00	43191,66	43209,11	43095,56	43168,78	LONG	0,00167	5981,87	0,00451	HOLD	98,2349	160,307
2024-02-03	13:00	43168,78	43168,82	43081,1	43095,39	LONG	0,00167	5981,87	0,00451	HOLD	98,2349	160,1844
2024-02-03	14:00	43095,39	43133,96	43040	43053,05	LONG	0,00167	5981,87	0,00451	HOLD	98,2349	160,1137
2024-02-03	15:00	43053,05	43089,58	43004	43016,79	LONG	0,00167	5981,87	0,00451	HOLD	98,2349	160,0532
2024-02-03	16:00	43016,78	43123,43	43016,78	43092,13	LONG	0,00167	5981,87	0,00451	HOLD	98,2349	160,179
2024-02-03	17:00	43092,12	43125,28	43041,79	43062,07	LONG	0,00167	5981,87	0,00451	HOLD	98,2349	160,1288
2024-02-03	18:00	43062,07	43062,07	42973,66	42995,04	LONG	0,00167	5981,87	0,00451	HOLD	98,2349	160,0169
2024-02-03	19:00	42995,04	43084,82	42974,99	43070,25	LONG	0,00167	5981,87	0,00451	HOLD	98,2349	160,1425
2024-02-03	20:00	43070,25	43093,52	43041,1	43071,59	LONG	0,00167	5981,87	0,00451	HOLD	98,2349	160,1447
2024-02-03	21:00	43071,6	43081,96	43022,9	43042,27	LONG	0,00167	5981,87	0,00451	HOLD	98,2349	160,0957
2024-02-03	22:00	43042,28	43190	42880	43119,06	LONG	0,00167	5981,87	0,00451	HOLD	98,2349	160,224
2024-02-03	23:00	43119,06	43186,77	43072,53	43095,04	LONG	0,00167	5981,87	0,00451	HOLD	98,2349	160,1839
2024-02-04	00:00	43095,04	43270	43091,1	43230,01	LONG	0,00167	5981,87	0,00451	HOLD	98,2349	160,4093
2024-02-04	01:00	43230	43243,52	43028,88	43070,35	LONG	0,00167	5981,87	0,00451	HOLD	98,2349	160,1426
2024-02-04	02:00	43070,35	43088,82	43016,28	43061,09	LONG	0,00167	5981,87	0,00451	HOLD	98,2349	160,1272
2024-02-04	03:00	43061,09	43104,68	43007,44	43065,15	LONG	0,00167	5981,87	0,00451	HOLD	98,2349	160,1339
2024-02-04	04:00	43065,15	43093,04	43027,18	43045,02	LONG	0,00167	5981,87	0,00451	HOLD	98,2349	160,1003
2024-02-04	05:00	43045,01	43076,98	43013,05	43031,31	LONG	0,00167	5981,87	0,00451	HOLD	98,2349	160,0774
2024-02-04	06:00	43031,32	43075,39	42953,33	43011,09	LONG	0,00167	5981,87	0,00451	HOLD	98,2349	160,0437
2024-02-04	07:00	43011,1	43017,44	42880,01	43008,15	LONG	0,00167	5981,87	0,00451	HOLD	98,2349	160,0388
2024-02-04	08:00	43008,14	43044,56	42948,32	43041,33	LONG	0,00167	5981,87	0,00451	HOLD	98,2349	160,0942
2024-02-04	09:00	43041,32	43068,79	43021,41	43022,65	LONG	0,00167	5981,87	0,00451	HOLD	98,2349	160,063
2024-02-04	10:00	43022,64	43047,98	43022,64	43027,16	LONG	0,00167	5981,87	0,00451	HOLD	98,2349	160,0705
2024-02-04	11:00	43027,16	43029,17	42901,19	42916,5	LONG	0,00167	5981,87	0,00451	HOLD	98,2349	159,8857
2024-02-04	12:00	42916,5	42960,09	42862,51	42892,38	LONG	0,00167	5981,87	0,00451	HOLD	98,2349	159,8454
2024-02-04	13:00	42892,39	42932,74	42743,95	42746,13	LONG	0,00167	5981,87	0,00451	HOLD	98,2349	159,6012
2024-02-04	14:00	42746,13	42862,18	42720,07	42845,03	LONG	0,00167	5981,87	0,00451	HOLD	98,2349	159,7663
2024-02-04	15:00	42845,03	42845,03	42774,47	42795,25	LONG	0,00167	5981,87	0,00451	HOLD	98,2349	159,6832
2024-02-04	16:00	42795,24	42986,4	42741,6	42942,73	LONG	0,00167	5981,87	0,00451	HOLD	98,2349	159,9295
2024-02-04	17:00	42942,73	42944,61	42872,3	42944	LONG	0,00167	5981,87	0,00451	HOLD	98,2349	159,9316
2024-02-04	18:00	42944	43119,04	42931,32	43060,1	LONG	0,00167	5981,87	0,00451	HOLD	98,2349	160,1255
2024-02-04	19:00	43060,09	43115,76	42994,43	42994,44	LONG	0,00167	5981,87	0,00451	HOLD	98,2349	160,0159
2024-02-04	20:00	42994,44	43037,92	42963,53	42995,52	LONG	0,00167	5981,87	0,00451	HOLD	98,2349	160,0177
2024-02-04	21:00	42995,53	43016,16	42850	42874	LONG	0,00167	5981,87	0,00451	HOLD	98,2349	159,8147
2024-02-04	22:00	42874	42954,59	42845,51	42943,21	LONG	0,00167	5981,87	0,00451	HOLD	98,2349	159,9303
2024-02-04	23:00	42943,2	42943,21	42881,14	42913,16	LONG	0,00167	5981,87	0,00451	HOLD	98,2349	159,8801
2024-02-05	00:00	42913,16	42969,79	42841,1	42899,45	LONG	0,00167	5981,87	0,00451	HOLD	98,2349	159,8572
2024-02-05	01:00	42899,44	42942,95	42757	42794,01	LONG	0,00167	5981,87	0,00451	HOLD	98,2349	159,6811
2024-02-05	02:00	42794	42818,04	42573,17	42636,44	LONG	0,00167	5981,87	0,00451	HOLD	98,2349	159,418
2024-02-05	03:00	42636,43	42938	42541,4	42880,78	LONG	0,00167	5981,87	0,00451	HOLD	98,2349	159,826
2024-02-05	04:00	42880,79	42985,73	42772,18	42779,97	LONG	0,00167	5981,87	0,00451	HOLD	98,2349	159,6577
2024-02-05	05:00	42779,97	42880,93	42222	42571,62	LONG	0,00167	5981,87	0,00451	HOLD	98,2349	159,3097
2024-02-05	06:00	42571,61	42652,5	42506,99	42582,88	LONG	0,00167	5981,87	0,00451	HOLD	98,2349	159,3286
2024-02-05	07:00	42582,88	42629,41	42355,01	42360,96	LONG	0,00167	5981,87	0,00451	HOLD	98,2349	158,9579
2024-02-05	08:00	42360,96	42546,76	42258,1	42529,67	LONG	0,00167	5981,87	0,00451	HOLD	98,2349	159,2397
2024-02-05	09:00	42529,67	42529,68	42379,01	42447,06	LONG	0,00167	5981,87	0,00451	HOLD	98,2349	159,1017
2024-02-05	10:00	42447,07	42729,02	42447,06	42718,31	LONG	0,00167	5981,87	0,00451	HOLD	98,2349	159,5547
2024-02-05	11:00	42718,31	42825	42670,12	42749,13	LONG	0,00167	5981,87	0,00451	HOLD	98,2349	159,6062
2024-02-05	12:00	42749,13	42777,25	42642	42777,24	LONG	0,00167	5981,87	0,00451	HOLD	98,2349	159,6531
2024-02-05	13:00	42777,24	42843,75	42697,52	42819,32	LONG	0,00167	5981,87	0,00451	HOLD	98,2349	159,7234
2024-02-05	14:00	42819,31	43176,39	42792,01	43071,88	LONG	0,00167	5981,87	0,00451	HOLD	98,2349	160,1452
2024-02-05	15:00	43071,87	43195,36	42991,15	43033,53	LONG	0,00167	5981,87	0,00451	HOLD	98,2349	160,0811
2024-02-05	16:00	43033,53	43067,33	42954,54	43037,59	LONG	0,00167	5981,87	0,00451	HOLD	98,2349	160,0879
2024-02-05	17:00	43037,59	43268,98	43037,59	43143,34	LONG	0,00167	5981,87	0,00451	HOLD	98,2349	160,2645
2024-02-05	18:00	43143,35	43205,35	43080	43194,08	LONG	0,00167	5981,87	0,00451	HOLD	98,2349	160,3493
2024-02-05	19:00	43194,08	43299	43122,23	43255,36	LONG	0,00167	5981,87	0,00451	HOLD	98,2349	160,4516
2024-02-05	20:00	43255,35	43569,76	43219,05	43447,67	LONG	0,00167	5981,87	0,00451	HOLD	98,2349	160,7728
2024-02-05	21:00	43447,67	43493,2	43150,91	43195,28	LONG	0,00167	5981,87	0,00451	HOLD	98,2349	160,3513
2024-02-05	22:00	43195,28	43195,29	42600,11	42644,03	LONG	0,00167	5981,87	0,00451	HOLD	98,2349	159,4307
2024-02-05	23:00	42644,04	42771,1	42501	42741,69	LONG	0,00167	5981,87	0,00451	HOLD	98,2349	159,5938
2024-02-06	00:00	42741,7	42853,7	42660	42720,94	LONG	0,00167	5981,87	0,00451	HOLD	98,2349	159,5591
2024-02-06	01:00	42720,94	42738,95	42574,35	42730,89	LONG	0,00167	5981,87	0,00451	HOLD	98,2349	159,5757
2024-02-06	02:00	42730,89	42869,66	42703,43	42765,36	LONG	0,00167	5981,87	0,00451	HOLD	98,2349	159,6333
2024-02-06	03:00	42765,35	42798,37	42333,33	42426,01	LONG	0,00167	5981,87	0,00451	HOLD	98,2349	159,0666
2024-02-06	04:00	42426	42556,89	42365,81	42386	LONG	0,00167	5981,87	0,00451	HOLD	98,2349	158,9998
2024-02-06	05:00	42386,01	42530,23	42330,52	42504,74	LONG	0,00167	5981,87	0,00451	HOLD	98,2349	159,1981
2024-02-06	06:00	42504,73	42722,3	42462,16	42708,7	LONG	0,00167	5981,87	0,00451	HOLD	98,2349	159,5387
2024-02-06	07:00	42708,7	42730	42591,1	42600,34	LONG	0,00167	5981,87	0,00451	HOLD	98,2349	159,3577
2024-02-06	08:00	42600,34	42769,22	42574	42671,11	LONG	0,00167	5981,87	0,00451	HOLD	98,2349	159,4759
2024-02-06	09:00	42671,11	42941,47	42650	42852,19	LONG	0,00167	5981,87	0,00451	HOLD	98,2349	159,7783
2024-02-06	10:00	42852,18	42960,01	42769,96	42851,11	LONG	0,00167	5981,87	0,00451	HOLD	98,2349	159,7765
2024-02-06	11:00	42851,1	42926,73	42784,26	42826,18	LONG	0,00167	5981,87	0,00451	HOLD	98,2349	159,7349
2024-02-06	12:00	42826,18	42846	42753,99	42785,28	LONG	0,00167	5981,87	0,00451	HOLD	98,2349	159,6666
2024-02-06	13:00	42785,27	42796,16	42667	42780,46	LONG	0,00167	5981,87	0,00451	HOLD	98,2349	159,6585
2024-02-06	14:00	42780,46	42911,1	42743,81	42890	LONG	0,00167	5981,87	0,00451	HOLD	98,2349	159,8414
2024-02-06	15:00	42889,99	43089,38	42887,48	43069,02	LONG	0,00167	5981,87	0,00451	HOLD	98,2349	160,1404
2024-02-06	16:00	43069,02	43119,9	42950	42991,55	LONG	0,00167	5981,87	0,00451	HOLD	98,2349	160,011
2024-02-06	17:00	42991,56	43100	42670,61	42799,5	LONG	0,00167	5981,87	0,00451	HOLD	98,2349	159,6903
2024-02-06	18:00	42799,49	42853,84	42701,04	42826,96	LONG	0,00167	5981,87	0,00451	HOLD	98,2349	159,7362
2024-02-06	19:00	42826,96	42895,73	42658	42789,36	LONG	0,00167	5981,87	0,00451	HOLD	98,2349	159,6734
2024-02-06	20:00	42789,36	43010,01	42739,94	42881,33	LONG	0,00167	5981,87	0,00451	HOLD	98,2349	159,827
2024-02-06	21:00	42881,34	43093,83	42815,75	42942,8	LONG	0,00167	5981,87	0,00451	HOLD	98,2349	159,9296
2024-02-06	22:00	42942,79	43270,89	42897,97	43244,89	LONG	0,00167	5981,87	0,00451	HOLD	98,2349	160,4341
2024-02-06	23:00	43244,89	43399,98	43149,64	43165,46	LONG	0,00167	5981,87	0,00451	HOLD	98,2349	160,3015
2024-02-07	00:00	43165,46	43269,75	43101,7	43180,66	LONG	0,00167	5981,87	0,00451	HOLD	98,2349	160,3268
2024-02-07	01:00	43180,67	43256,62	43000	43200,31	LONG	0,00167	5981,87	0,00451	HOLD	98,2349	160,3597
2024-02-07	02:00	43200,31	43295,04	43119,61	43278,78	LONG	0,00167	5981,87	0,00451	HOLD	98,2349	160,4907
2024-02-07	03:00	43278,79	43322	43070,29	43095,67	LONG	0,00167	5981,87	0,00451	HOLD	98,2349	160,1849
2024-02-07	04:00	43095,67	43273,06	43060,28	43166,31	LONG	0,00167	5981,87	0,00451	HOLD	98,2349	160,3029
2024-02-07	05:00	43166,31	43217,11	43114,73	43199,98	LONG	0,00167	5981,87	0,00451	HOLD	98,2349	160,3591
2024-02-07	06:00	43199,97	43222,94	43032,71	43098,95	LONG	0,00167	5981,87	0,00451	HOLD	98,2349	160,1904
2024-02-07	07:00	43098,96	43192	43049,23	43096,47	LONG	0,00167	5981,87	0,00451	HOLD	98,2349	160,1862
2024-02-07	08:00	43096,46	43186,98	43043,95	43049,71	LONG	0,00167	5981,87	0,00451	HOLD	98,2349	160,1082
2024-02-07	09:00	43049,71	43101,12	43001,1	43049,04	LONG	0,00167	5981,87	0,00451	HOLD	98,2349	160,107
2024-02-07	10:00	43049,04	43049,04	42788	42800	LONG	0,00167	5981,87	0,00451	HOLD	98,2349	159,6911
2024-02-07	11:00	42799,99	42946,15	42794,67	42929,18	LONG	0,00167	5981,87	0,00451	HOLD	98,2349	159,9069
2024-02-07	12:00	42929,18	43051,1	42882	43029,12	LONG	0,00167	5981,87	0,00451	HOLD	98,2349	160,0738
2024-02-07	13:00	43029,12	43030,61	42891,52	42961,92	LONG	0,00167	5981,87	0,00451	HOLD	98,2349	159,9615
2024-02-07	14:00	42961,92	43006	42900	42918,03	LONG	0,00167	5981,87	0,00451	HOLD	98,2349	159,8883
2024-02-07	15:00	42918,02	42969,08	42872,37	42942,83	LONG	0,00167	5981,87	0,00451	HOLD	98,2349	159,9297
2024-02-07	16:00	42942,82	43200	42907,62	43146	LONG	0,00167	5981,87	0,00451	HOLD	98,2349	160,269
2024-02-07	17:00	43146,01	43151,1	42838,01	42897,94	LONG	0,00167	5981,87	0,00451	HOLD	98,2349	159,8547
2024-02-07	18:00	42897,94	42992,84	42870	42928,29	LONG	0,00167	5981,87	0,00451	HOLD	98,2349	159,9054
2024-02-07	19:00	42928,28	43103,1	42890,51	43073,28	LONG	0,00167	5981,87	0,00451	HOLD	98,2349	160,1475
2024-02-07	20:00	43073,29	43179,56	43038,53	43141,98	LONG	0,00167	5981,87	0,00451	HOLD	98,2349	160,2622
2024-02-07	21:00	43141,97	43325,03	42941,1	43028,6	LONG	0,00167	5981,87	0,00451	HOLD	98,2349	160,0729
2024-02-07	22:00	43028,59	43190,43	42921,1	43071,08	LONG	0,00167	5981,87	0,00451	HOLD	98,2349	160,1438
2024-02-07	23:00	43071,08	43245,48	43013,75	43240,71	LONG	0,00167	5981,87	0,00451	HOLD	98,2349	160,4271
2024-02-08	00:00	43240,7	43710	43228	43499,91	LONG	0,00167	5981,87	0,00451	HOLD	98,2349	160,86
2024-02-08	01:00	43499,91	43670	43460,22	43650,96	LONG	0,00167	5981,87	0,00451	HOLD	98,2349	161,1122
2024-02-08	02:00	43650,95	43699,98	43431,1	43615,47	LONG	0,00167	5981,87	0,00451	HOLD	98,2349	161,053
2024-02-08	03:00	43615,47	44261,1	43615,47	44131,37	LONG	0,00167	5981,87	0,00451	HOLD	98,2349	161,9145
2024-02-08	04:00	44131,37	44396,5	44113,96	44185,96	LONG	0,00167	5981,87	0,00451	HOLD	98,2349	162,0057
2024-02-08	05:00	44185,95	44344	44125,88	44160,69	LONG	0,00167	5981,87	0,00451	HOLD	98,2349	161,9635
2024-02-08	06:00	44160,68	44363,8	44152,68	44349,6	LONG	0,00167	5981,87	0,00451	HOLD	98,2349	162,279
2024-02-08	07:00	44349,6	44698,46	44331,1	44676,01	LONG	0,00167	5981,87	0,00451	HOLD	98,2349	162,8241
2024-02-08	08:00	44676,02	44695,47	44476,92	44654,73	LONG	0,00167	5981,87	0,00451	HOLD	98,2349	162,7885
2024-02-08	09:00	44654,73	44780	44536,01	44648,32	LONG	0,00167	5981,87	0,00451	HOLD	98,2349	162,7778
2024-02-08	10:00	44648,33	44727,42	44534	44540,99	LONG	0,00167	5981,87	0,00451	HOLD	98,2349	162,5986
2024-02-08	11:00	44540,98	44605	44480,53	44489,9	LONG	0,00167	5981,87	0,00451	HOLD	98,2349	162,5133
2024-02-08	12:00	44489,89	44633,78	44489,89	44552,9	LONG	0,00167	5981,87	0,00451	HOLD	98,2349	162,6185
2024-02-08	13:00	44552,89	44576	44450	44463,99	LONG	0,00167	5981,87	0,00451	HOLD	98,2349	162,47
2024-02-08	14:00	44463,99	44545,99	44427,01	44513,24	LONG	0,00167	5981,87	0,00451	HOLD	98,2349	162,5523
2024-02-08	15:00	44513,25	44744	44513,24	44718,33	LONG	0,00167	5981,87	0,00451	HOLD	98,2349	162,8948
2024-02-08	16:00	44718,33	44788,01	44612,66	44692,81	LONG	0,00167	5981,87	0,00451	HOLD	98,2349	162,8521
2024-02-08	17:00	44692,82	44850	44686,61	44828,27	LONG	0,00167	5981,87	0,00451	HOLD	98,2349	163,0784
2024-02-08	18:00	44828,26	44885	44685,89	44698,97	LONG	0,00167	5981,87	0,00451	HOLD	98,2349	162,8624
2024-02-08	19:00	44698,97	44841,1	44606	44689,2	LONG	0,00167	5981,87	0,00451	HOLD	98,2349	162,8461
2024-02-08	20:00	44689,21	45000	44684,87	44984	LONG	0,00167	5981,87	0,00451	HOLD	98,2349	163,3384
2024-02-08	21:00	44984	45241,4	44868,01	45077,99	LONG	0,00167	5981,87	0,00451	HOLD	98,2349	163,4954
2024-02-08	22:00	45077,99	45467,14	44950	45432,3	LONG	0,00167	5981,87	0,00451	HOLD	98,2349	164,0871
2024-02-08	23:00	45432,3	45498	44904,13	45066,01	LONG	0,00167	5981,87	0,00451	HOLD	98,2349	163,4754
2024-02-09	00:00	45066	45239,53	44890	45042,53	LONG	0,00167	5981,87	0,00451	HOLD	98,2349	163,4362
2024-02-09	01:00	45042,54	45318,35	44991,1	45302,46	LONG	0,00167	5981,87	0,00451	HOLD	98,2349	163,8703
2024-02-09	02:00	45302,47	45438,59	45230	45284,14	LONG	0,00167	5981,87	0,00451	HOLD	98,2349	163,8397
2024-02-09	03:00	45284,13	45614,3	45267,44	45496,21	LONG	0,00167	5981,87	0,00451	HOLD	98,2349	164,1938
2024-02-09	04:00	45496,2	45501,1	45278,07	45321,04	LONG	0,00167	5981,87	0,00451	HOLD	98,2349	163,9013
2024-02-09	05:00	45321,03	45409,81	45227	45272,55	LONG	0,00167	5981,87	0,00451	HOLD	98,2349	163,8203
2024-02-09	06:00	45272,54	45407,62	45261,1	45288,65	LONG	0,00167	5981,87	0,00451	HOLD	98,2349	163,8472
2024-02-09	07:00	45288,66	45400,01	45242,12	45289,1	LONG	0,00167	5981,87	0,00451	HOLD	98,2349	163,8479
2024-02-09	08:00	45289,1	45500	45275,29	45492	LONG	0,00167	5981,87	0,00451	HOLD	98,2349	164,1868
2024-02-09	09:00	45492,01	46384,27	45441,4	46285,23	LONG	0,00167	5981,87	0,00451	HOLD	98,2349	165,5115
2024-02-09	10:00	46285,22	46350	46033,09	46060,74	LONG	0,00167	5981,87	0,00451	HOLD	98,2349	165,1366
2024-02-09	11:00	46060,74	46148	45855	45960,73	LONG	0,00167	5981,87	0,00451	HOLD	98,2349	164,9696
2024-02-09	12:00	45960,74	46278	45932,56	46267,15	LONG	0,00167	5981,87	0,00451	HOLD	98,2349	165,4813
2024-02-09	13:00	46267,15	46269,2	46132,17	46195,91	LONG	0,00167	5981,87	0,00451	HOLD	98,2349	165,3623
2024-02-09	14:00	46195,92	46425,03	46190	46202	LONG	0,00167	5981,87	0,00451	HOLD	98,2349	165,3725
2024-02-09	15:00	46202,01	46675,86	46201,53	46639,99	LONG	0,00167	5981,87	0,00451	HOLD	98,2349	166,1039
2024-02-09	16:00	46640	46750	46482,35	46522	LONG	0,00167	5981,87	0,00451	HOLD	98,2349	165,9069
2024-02-09	17:00	46522	46806,24	46521,99	46779,52	LONG	0,00167	5981,87	0,00451	HOLD	98,2349	166,3369
2024-02-09	18:00	46779,53	47299,88	46677,75	47180,02	LONG	0,00167	5981,87	0,00451	HOLD	98,2349	167,0058
2024-02-09	19:00	47180,01	47699	47126,29	47323,99	LONG	0,00167	5981,87	0,00451	HOLD	98,2349	167,2462
2024-02-09	20:00	47324	47640,82	47254,01	47465,96	LONG	0,00167	5981,87	0,00451	HOLD	98,2349	167,4833
2024-02-09	21:00	47465,97	47719,44	46652	47062,01	LONG	0,00167	5981,87	0,00451	HOLD	98,2349	166,8087
2024-02-09	22:00	47062	47271,1	46765,44	47159,99	LONG	0,00167	5981,87	0,00451	HOLD	98,2349	166,9723
2024-02-09	23:00	47159,99	47498	47134	47275,88	LONG	0,00167	5981,87	0,00451	HOLD	98,2349	167,1659
2024-02-10	00:00	47275,88	47661,99	47215,69	47652,24	LONG	0,00167	5981,87	0,00451	HOLD	98,2349	167,7944
2024-02-10	01:00	47652,24	48200	47489,47	47602	LONG	0,00167	5981,87	0,00451	HOLD	98,2349	167,7105
2024-02-10	02:00	47602	47663,71	47248,04	47509,48	LONG	0,00167	5981,87	0,00451	HOLD	98,2349	167,556
2024-02-10	03:00	47509,48	47693,28	47457,13	47511,29	LONG	0,00167	5981,87	0,00451	HOLD	98,2349	167,559
2024-02-10	04:00	47511,3	47600	47286,11	47507,25	LONG	0,00167	5981,87	0,00451	HOLD	98,2349	167,5522
2024-02-10	05:00	47507,24	47552	47035,92	47272,61	LONG	0,00167	5981,87	0,00451	HOLD	98,2349	167,1604
2024-02-10	06:00	47272,61	47283,69	47058	47132,77	LONG	0,00167	5981,87	0,00451	HOLD	98,2349	166,9269
2024-02-10	07:00	47132,78	47250	47044,88	47088	LONG	0,00167	5981,87	0,00451	HOLD	98,2349	166,8521
2024-02-10	08:00	47088	47355,23	47061,1	47302,01	LONG	0,00167	5981,87	0,00451	HOLD	98,2349	167,2095
2024-02-10	09:00	47302,01	47333	47275,06	47311,39	LONG	0,00167	5981,87	0,00451	HOLD	98,2349	167,2252
2024-02-10	10:00	47311,4	47504	47311,39	47376,62	LONG	0,00167	5981,87	0,00451	HOLD	98,2349	167,3341
2024-02-10	11:00	47376,62	47430,03	47313,29	47409,5	LONG	0,00167	5981,87	0,00451	HOLD	98,2349	167,389
2024-02-10	12:00	47409,49	47421,29	47255,39	47326,83	LONG	0,00167	5981,87	0,00451	HOLD	98,2349	167,2509
2024-02-10	13:00	47326,82	47350	47265,69	47349,99	LONG	0,00167	5981,87	0,00451	HOLD	98,2349	167,2896
2024-02-10	14:00	47349,99	47352,98	47145,4	47151,72	LONG	0,00167	5981,87	0,00451	HOLD	98,2349	166,9585
2024-02-10	15:00	47151,72	47274	47068,35	47087,7	LONG	0,00167	5981,87	0,00451	HOLD	98,2349	166,8516
2024-02-10	16:00	47087,69	47228,07	47049,63	47066	LONG	0,00167	5981,87	0,00451	HOLD	98,2349	166,8154
2024-02-10	17:00	47066	47172,69	46800	46884,22	LONG	0,00167	5981,87	0,00451	HOLD	98,2349	166,5118
2024-02-10	18:00	46884,22	47199,41	46851,65	47182	LONG	0,00167	5981,87	0,00451	HOLD	98,2349	167,0091
2024-02-10	19:00	47182,01	47267,98	47151,1	47231,55	LONG	0,00167	5981,87	0,00451	HOLD	98,2349	167,0918
2024-02-10	20:00	47231,54	47378,41	47105,44	47303,59	LONG	0,00167	5981,87	0,00451	HOLD	98,2349	167,2121
2024-02-10	21:00	47303,58	47374	47236,89	47270	LONG	0,00167	5981,87	0,00451	HOLD	98,2349	167,156
2024-02-10	22:00	47270	47358,17	47249,55	47353,48	LONG	0,00167	5981,87	0,00451	HOLD	98,2349	167,2955
2024-02-10	23:00	47353,48	47353,48	47198	47250	LONG	0,00167	5981,87	0,00451	HOLD	98,2349	167,1226
2024-02-11	00:00	47249,99	47340	47154,52	47196,48	LONG	0,00167	5981,87	0,00451	HOLD	98,2349	167,0333
2024-02-11	01:00	47196,49	47337,92	47182,31	47329,37	LONG	0,00167	5981,87	0,00451	HOLD	98,2349	167,2552
2024-02-11	02:00	47329,38	47660	47304,72	47531,09	LONG	0,00167	5981,87	0,00451	HOLD	98,2349	167,5921
2024-02-11	03:00	47531,09	48170	47454,37	47878	LONG	0,00167	5981,87	0,00451	HOLD	98,2349	168,1714
2024-02-11	04:00	47878	48149,81	47775,01	47941,63	LONG	0,00167	5981,87	0,00451	HOLD	98,2349	168,2777
2024-02-11	05:00	47941,64	47954	47606,28	47825,9	LONG	0,00167	5981,87	0,00451	HOLD	98,2349	168,0844
2024-02-11	06:00	47825,9	47944,81	47700	47751,09	LONG	0,00167	5981,87	0,00451	HOLD	98,2349	167,9595
2024-02-11	07:00	47751,08	47779,57	47610,48	47732,43	LONG	0,00167	5981,87	0,00451	HOLD	98,2349	167,9283
2024-02-11	08:00	47732,44	47759,05	47557,16	47626,58	LONG	0,00167	5981,87	0,00451	HOLD	98,2349	167,7515
2024-02-11	09:00	47626,59	47776,2	47623,41	47774,23	LONG	0,00167	5981,87	0,00451	HOLD	98,2349	167,9981
2024-02-11	10:00	47774,23	48557	47774,22	48519,61	LONG	0,00167	5981,87	0,00451	HOLD	98,2349	169,2429
2024-02-11	11:00	48519,6	48592,66	48261,49	48294,76	LONG	0,00167	5981,87	0,00451	HOLD	98,2349	168,8674
2024-02-11	12:00	48294,76	48340	48133,33	48224,7	LONG	0,00167	5981,87	0,00451	HOLD	98,2349	168,7504
2024-02-11	13:00	48224,71	48314,54	48125	48221,94	LONG	0,00167	5981,87	0,00451	HOLD	98,2349	168,7458
2024-02-11	14:00	48221,94	48355	48061,1	48179,52	LONG	0,00167	5981,87	0,00451	HOLD	98,2349	168,6749
2024-02-11	15:00	48179,51	48286,55	48075,87	48140	LONG	0,00167	5981,87	0,00451	HOLD	98,2349	168,6089
2024-02-11	16:00	48139,99	48223,59	48096	48139,99	LONG	0,00167	5981,87	0,00451	HOLD	98,2349	168,6089
2024-02-11	17:00	48140	48187,62	47922,33	48142,78	LONG	0,00167	5981,87	0,00451	HOLD	98,2349	168,6136
2024-02-11	18:00	48142,79	48438,81	48138,05	48411,71	LONG	0,00167	5981,87	0,00451	HOLD	98,2349	169,0627
2024-02-11	19:00	48411,71	48469,07	48257,01	48291,01	LONG	0,00167	5981,87	0,00451	HOLD	98,2349	168,8611
2024-02-11	20:00	48291,01	48347	48026,53	48058,12	LONG	0,00167	5981,87	0,00451	HOLD	98,2349	168,4722
2024-02-11	21:00	48058,12	48245,01	47931,82	48234,56	LONG	0,00167	5981,87	0,00451	HOLD	98,2349	168,7669
2024-02-11	22:00	48234,55	48234,56	48028,87	48150,43	LONG	0,00167	5981,87	0,00451	HOLD	98,2349	168,6264
2024-02-11	23:00	48150,43	48205	47948,38	48104,01	LONG	0,00167	5981,87	0,00451	HOLD	98,2349	168,5488
2024-02-12	00:00	48104,01	48394,29	48104	48292	LONG	0,00167	5981,87	0,00451	HOLD	98,2349	168,8628
2024-02-12	01:00	48292,01	48356,37	48012	48282,22	LONG	0,00167	5981,87	0,00451	HOLD	98,2349	168,8464
2024-02-12	02:00	48282,22	48388	48242,26	48284	LONG	0,00167	5981,87	0,00451	HOLD	98,2349	168,8494
2024-02-12	03:00	48283,99	48375	47981,1	48034,55	LONG	0,00167	5981,87	0,00451	HOLD	98,2349	168,4328
2024-02-12	04:00	48034,55	48133,99	47971,18	48116	LONG	0,00167	5981,87	0,00451	HOLD	98,2349	168,5689
2024-02-12	05:00	48115,99	48230,47	48088	48136	LONG	0,00167	5981,87	0,00451	HOLD	98,2349	168,6023
2024-02-12	06:00	48135,99	48300	48021,81	48299,99	LONG	0,00167	5981,87	0,00451	HOLD	98,2349	168,8761
2024-02-12	07:00	48300	48826,81	48231,1	48604	LONG	0,00167	5981,87	0,00451	HOLD	98,2349	169,3838
2024-02-12	08:00	48604,01	48611	48333	48485,74	LONG	0,00167	5981,87	0,00451	HOLD	98,2349	169,1863
2024-02-12	09:00	48485,74	48540	48009,52	48151,1	LONG	0,00167	5981,87	0,00451	HOLD	98,2349	168,6275
2024-02-12	10:00	48151,1	48231,1	48069,96	48145	LONG	0,00167	5981,87	0,00451	HOLD	98,2349	168,6173
2024-02-12	11:00	48145	48145,01	48022,8	48070	LONG	0,00167	5981,87	0,00451	HOLD	98,2349	168,492
2024-02-12	12:00	48070	48183,43	48065,33	48073,18	LONG	0,00167	5981,87	0,00451	HOLD	98,2349	168,4974
2024-02-12	13:00	48073,18	48171,21	47755,81	48149,43	LONG	0,00167	5981,87	0,00451	HOLD	98,2349	168,6247
2024-02-12	14:00	48149,43	48382,27	48118,08	48203,98	LONG	0,00167	5981,87	0,00451	HOLD	98,2349	168,7158
2024-02-12	15:00	48203,98	48311,15	48057,72	48114,01	LONG	0,00167	5981,87	0,00451	HOLD	98,2349	168,5655
2024-02-12	16:00	48114	48129,47	47833,33	47880,92	LONG	0,00167	5981,87	0,00451	HOLD	98,2349	168,1763
2024-02-12	17:00	47880,92	48070,01	47710,01	47872,07	LONG	0,00167	5981,87	0,00451	HOLD	98,2349	168,1615
2024-02-12	18:00	47872,06	47926,36	47750	47903,03	LONG	0,00167	5981,87	0,00451	HOLD	98,2349	168,2132
2024-02-12	19:00	47903,04	48035,59	47841	48032	LONG	0,00167	5981,87	0,00451	HOLD	98,2349	168,4286
2024-02-12	20:00	48031,99	48049,99	47894,24	47949,85	LONG	0,00167	5981,87	0,00451	HOLD	98,2349	168,2914
2024-02-12	21:00	47949,85	48798	47929,13	48798	LONG	0,00167	5981,87	0,00451	HOLD	98,2349	169,7078
2024-02-12	22:00	48797,99	49950	48669,39	49917,8	LONG	0,00167	5981,87	0,00451	HOLD	98,2349	171,5779
2024-02-12	23:00	49917,8	49949,95	49372,22	49582,33	LONG	0,00167	5981,87	0,00451	HOLD	98,2349	171,0176
2024-02-13	00:00	49582,34	50334,82	49551,1	49854,48	LONG	0,00167	5981,87	0,00451	HOLD	98,2349	171,4721
2024-02-13	01:00	49854,49	49995	49673,1	49741,96	LONG	0,00167	5981,87	0,00451	HOLD	98,2349	171,2842
2024-02-13	02:00	49741,96	49942,76	49500	49532,03	LONG	0,00167	5981,87	0,00451	HOLD	98,2349	170,9336
2024-02-13	03:00	49532,02	50240	49532,02	50162,96	LONG	0,00167	5981,87	0,00451	HOLD	98,2349	171,9873
2024-02-13	04:00	50162,97	50271,02	49805,71	49816,3	LONG	0,00167	5981,87	0,00451	HOLD	98,2349	171,4084
2024-02-13	05:00	49816,31	50076	49816,3	50021,1	LONG	0,00167	5981,87	0,00451	HOLD	98,2349	171,7504
2024-02-13	06:00	50021,09	50049,43	49815,4	49917,27	LONG	0,00167	5981,87	0,00451	HOLD	98,2349	171,577
2024-02-13	07:00	49917,28	50160,57	49904	50101,7	LONG	0,00167	5981,87	0,00451	HOLD	98,2349	171,885
2024-02-13	08:00	50101,71	50368,61	49990	50141,16	LONG	0,00167	5981,87	0,00451	HOLD	98,2349	171,9509
2024-02-13	09:00	50141,15	50155,08	49840	49947,57	LONG	0,00167	5981,87	0,00451	HOLD	98,2349	171,6276
2024-02-13	10:00	49947,57	49959,24	49724,33	49789,99	LONG	0,00167	5981,87	0,00451	HOLD	98,2349	171,3644
2024-02-13	11:00	49790	49971,1	49789,99	49902,46	LONG	0,00167	5981,87	0,00451	HOLD	98,2349	171,5523
2024-02-13	12:00	49902,46	50050	49816,6	50050	LONG	0,00167	5981,87	0,00451	HOLD	98,2349	171,7986
2024-02-13	13:00	50049,99	50099	49962,14	50000	LONG	0,00167	5981,87	0,00451	HOLD	98,2349	171,7151
2024-02-13	14:00	50000	50117,84	49900,1	49983,09	LONG	0,00167	5981,87	0,00451	HOLD	98,2349	171,6869
2024-02-13	15:00	49983,09	50151,1	49972	50117,98	LONG	0,00167	5981,87	0,00451	HOLD	98,2349	171,9122
2024-02-13	16:00	50117,99	50247	50000,66	50204,99	LONG	0,00167	5981,87	0,00451	HOLD	98,2349	172,0575
2024-02-13	17:00	50204,98	50220,6	49842,98	49861,09	LONG	0,00167	5981,87	0,00451	HOLD	98,2349	171,4832
2024-02-13	18:00	49861,08	50032,14	49650	49988,12	LONG	0,00167	5981,87	0,00451	HOLD	98,2349	171,6953
2024-02-13	19:00	49988,12	49996	49791,1	49860	LONG	0,00167	5981,87	0,00451	HOLD	98,2349	171,4813
2024-02-13	20:00	49860	49930,22	49188,1	49528,06	LONG	0,00167	5981,87	0,00451	HOLD	98,2349	170,927
2024-02-13	21:00	49528,05	49651,3	48400	48692,16	LONG	0,00167	5981,87	0,00451	HOLD	98,2349	169,531
2024-02-13	22:00	48692,17	49009,95	48444	48727,47	LONG	0,00167	5981,87	0,00451	HOLD	98,2349	169,59
2024-02-13	23:00	48727,47	48855,29	48460,08	48477,07	LONG	0,00167	5981,87	0,00451	HOLD	98,2349	169,1718
2024-02-14	00:00	48477,58	48888,88	48300,95	48844,19	LONG	0,00167	5981,87	0,00451	HOLD	98,2349	169,7849
2024-02-14	01:00	48844,18	49263,57	48825	49107,84	LONG	0,00167	5981,87	0,00451	HOLD	98,2349	170,2252
2024-02-14	02:00	49107,84	49268,21	48912	49036,73	LONG	0,00167	5981,87	0,00451	HOLD	98,2349	170,1065
2024-02-14	03:00	49036,74	49500	49011,1	49399,41	LONG	0,00167	5981,87	0,00451	HOLD	98,2349	170,7122
2024-02-14	04:00	49399,4	49743,34	49341,94	49525	LONG	0,00167	5981,87	0,00451	HOLD	98,2349	170,9219
2024-02-14	05:00	49524,99	49624	49315,69	49521,54	LONG	0,00167	5981,87	0,00451	HOLD	98,2349	170,9161
2024-02-14	06:00	49521,53	49775	49358	49699,59	LONG	0,00167	5981,87	0,00451	HOLD	98,2349	171,2135
2024-02-14	07:00	49699,6	49712,94	49381,1	49482,81	LONG	0,00167	5981,87	0,00451	HOLD	98,2349	170,8514
2024-02-14	08:00	49482,8	49531,1	49333	49433,29	LONG	0,00167	5981,87	0,00451	HOLD	98,2349	170,7687
2024-02-14	09:00	49433,29	49560,06	49378,07	49490,48	LONG	0,00167	5981,87	0,00451	HOLD	98,2349	170,8642
2024-02-14	10:00	49490,47	49615,97	49471,44	49518,61	LONG	0,00167	5981,87	0,00451	HOLD	98,2349	170,9112
2024-02-14	11:00	49518,61	49584,55	49225,01	49385,99	LONG	0,00167	5981,87	0,00451	HOLD	98,2349	170,6897
2024-02-14	12:00	49385,99	49633,77	49385,99	49539,05	LONG	0,00167	5981,87	0,00451	HOLD	98,2349	170,9454
2024-02-14	13:00	49539,05	49656,07	49512,4	49637,83	LONG	0,00167	5981,87	0,00451	HOLD	98,2349	171,1103
2024-02-14	14:00	49637,83	49877,22	49627,52	49838,93	LONG	0,00167	5981,87	0,00451	HOLD	98,2349	171,4462
2024-02-14	15:00	49838,93	50800	49741,19	50758	LONG	0,00167	5981,87	0,00451	HOLD	98,2349	172,981
2024-02-14	16:00	50758	51686	50626,53	51551,1	LONG	0,00167	5981,87	0,00451	HOLD	98,2349	174,3055
2024-02-14	17:00	51551,1	51585,99	51238,36	51300	LONG	0,00167	5981,87	0,00451	HOLD	98,2349	173,8861
2024-02-14	18:00	51300,01	51723,08	50984,8	51555,12	LONG	0,00167	5981,87	0,00451	HOLD	98,2349	174,3122
2024-02-14	19:00	51555,12	51828,93	51411,77	51575,5	LONG	0,00167	5981,87	0,00451	HOLD	98,2349	174,3462
2024-02-14	20:00	51575,5	51815,32	51506,2	51786,01	LONG	0,00167	5981,87	0,00451	HOLD	98,2349	174,6978
2024-02-14	21:00	51786	52043,71	51557,98	51908,45	LONG	0,00167	5981,87	0,00451	HOLD	98,2349	174,9023
2024-02-14	22:00	51908,45	51989,99	51276,24	51590	LONG	0,00167	5981,87	0,00451	HOLD	98,2349	174,3704
2024-02-14	23:00	51590	51750	51200,24	51581,35	LONG	0,00167	5981,87	0,00451	HOLD	98,2349	174,356
2024-02-15	00:00	51581,34	51729,71	51484,54	51663,99	LONG	0,00167	5981,87	0,00451	HOLD	98,2349	174,494
2024-02-15	01:00	51663,99	51686	51378	51445,45	LONG	0,00167	5981,87	0,00451	HOLD	98,2349	174,129
2024-02-15	02:00	51445,44	51680	51202,44	51678	LONG	0,00167	5981,87	0,00451	HOLD	98,2349	174,5174
2024-02-15	03:00	51677,99	51866,01	51634	51686,14	LONG	0,00167	5981,87	0,00451	HOLD	98,2349	174,531
2024-02-15	04:00	51686,15	51782,17	51464	51725,25	LONG	0,00167	5981,87	0,00451	HOLD	98,2349	174,5963
2024-02-15	05:00	51725,26	51811,05	51608	51792,43	LONG	0,00167	5981,87	0,00451	HOLD	98,2349	174,7085
2024-02-15	06:00	51792,44	51888	51733,95	51795,17	LONG	0,00167	5981,87	0,00451	HOLD	98,2349	174,7131
2024-02-15	07:00	51795,17	52500	51763,47	52321,2	LONG	0,00167	5981,87	0,00451	HOLD	98,2349	175,5915
2024-02-15	08:00	52321,19	52351,1	51717,58	51901,45	LONG	0,00167	5981,87	0,00451	HOLD	98,2349	174,8906
2024-02-15	09:00	51901,46	52220,12	51866,23	52048,46	LONG	0,00167	5981,87	0,00451	HOLD	98,2349	175,1361
2024-02-15	10:00	52048,45	52390	52033,14	52343,32	LONG	0,00167	5981,87	0,00451	HOLD	98,2349	175,6285
2024-02-15	11:00	52343,32	52364,55	52114,71	52140	LONG	0,00167	5981,87	0,00451	HOLD	98,2349	175,2889
2024-02-15	12:00	52140	52235,29	51814,14	51955,66	LONG	0,00167	5981,87	0,00451	HOLD	98,2349	174,9811
2024-02-15	13:00	51955,67	52091,58	51840,27	51974,5	LONG	0,00167	5981,87	0,00451	HOLD	98,2349	175,0126
2024-02-15	14:00	51974,49	52100	51634,01	51776,61	LONG	0,00167	5981,87	0,00451	HOLD	98,2349	174,6821
2024-02-15	15:00	51776,6	51981,1	51650	51934,01	LONG	0,00167	5981,87	0,00451	HOLD	98,2349	174,9449
2024-02-15	16:00	51934,01	52261,36	51870	52165,99	LONG	0,00167	5981,87	0,00451	HOLD	98,2349	175,3323
2024-02-15	17:00	52166	52344,16	52096	52286,7	LONG	0,00167	5981,87	0,00451	HOLD	98,2349	175,5339
2024-02-15	18:00	52286,71	52498,12	52161,1	52330	LONG	0,00167	5981,87	0,00451	HOLD	98,2349	175,6062
2024-02-15	19:00	52330	52494	52080	52331,94	LONG	0,00167	5981,87	0,00451	HOLD	98,2349	175,6095
2024-02-15	20:00	52331,94	52353,55	52085,24	52217,73	LONG	0,00167	5981,87	0,00451	HOLD	98,2349	175,4188
2024-02-15	21:00	52217,72	52816,62	52078	52621,31	LONG	0,00167	5981,87	0,00451	HOLD	98,2349	176,0927
2024-02-15	22:00	52621,31	52660	51721,31	51948,23	LONG	0,00167	5981,87	0,00451	HOLD	98,2349	174,9687
2024-02-15	23:00	51948,24	52380	51742	52265,32	LONG	0,00167	5981,87	0,00451	HOLD	98,2349	175,4982
2024-02-16	00:00	52265,32	52317,3	51850,5	51875,59	LONG	0,00167	5981,87	0,00451	HOLD	98,2349	174,8474
2024-02-16	01:00	51875,6	52060	51831,34	51977,99	LONG	0,00167	5981,87	0,00451	HOLD	98,2349	175,0184
2024-02-16	02:00	51977,98	52056	51725	52002,01	LONG	0,00167	5981,87	0,00451	HOLD	98,2349	175,0585
2024-02-16	03:00	52002,01	52011,1	51569,81	51686	LONG	0,00167	5981,87	0,00451	HOLD	98,2349	174,5308
2024-02-16	04:00	51686	51807,65	51314	51327,27	LONG	0,00167	5981,87	0,00451	HOLD	98,2349	173,9317
2024-02-16	05:00	51327,27	51823,52	51317	51644,4	LONG	0,00167	5981,87	0,00451	HOLD	98,2349	174,4613
2024-02-16	06:00	51644,39	51973,48	51622,3	51880	LONG	0,00167	5981,87	0,00451	HOLD	98,2349	174,8547
2024-02-16	07:00	51880,01	52005,5	51803,6	51914,08	LONG	0,00167	5981,87	0,00451	HOLD	98,2349	174,9117
2024-02-16	08:00	51914,08	52155,5	51876,86	51952,63	LONG	0,00167	5981,87	0,00451	HOLD	98,2349	174,976
2024-02-16	09:00	51952,63	52200	51848,06	52168,15	LONG	0,00167	5981,87	0,00451	HOLD	98,2349	175,336
2024-02-16	10:00	52168,14	52328	52100	52280,25	LONG	0,00167	5981,87	0,00451	HOLD	98,2349	175,5232
2024-02-16	11:00	52280,25	52343,28	52121,1	52121,99	LONG	0,00167	5981,87	0,00451	HOLD	98,2349	175,2589
2024-02-16	12:00	52122	52198,99	52009,63	52064,38	LONG	0,00167	5981,87	0,00451	HOLD	98,2349	175,1627
2024-02-16	13:00	52064,39	52164	51845	51897,95	LONG	0,00167	5981,87	0,00451	HOLD	98,2349	174,8847
2024-02-16	14:00	51897,95	51959	51700	51731,99	LONG	0,00167	5981,87	0,00451	HOLD	98,2349	174,6076
2024-02-16	15:00	51732	52000	51688,44	51829,3	LONG	0,00167	5981,87	0,00451	HOLD	98,2349	174,7701
2024-02-16	16:00	51829,29	51977,4	51566	51827,99	LONG	0,00167	5981,87	0,00451	HOLD	98,2349	174,7679
2024-02-16	17:00	51827,99	52300,01	51791,1	52300	LONG	0,00167	5981,87	0,00451	HOLD	98,2349	175,5561
2024-02-16	18:00	52299,99	52435,86	52176,04	52213,86	LONG	0,00167	5981,87	0,00451	HOLD	98,2349	175,4123
2024-02-16	19:00	52213,87	52400	52103,21	52383,44	LONG	0,00167	5981,87	0,00451	HOLD	98,2349	175,6955
2024-02-16	20:00	52383,45	52494	52130,16	52464	LONG	0,00167	5981,87	0,00451	HOLD	98,2349	175,83
2024-02-16	21:00	52464	52572,08	51758	51920,31	LONG	0,00167	5981,87	0,00451	HOLD	98,2349	174,9221
2024-02-16	22:00	51920,32	51933,39	51592,88	51888,01	LONG	0,00167	5981,87	0,00451	HOLD	98,2349	174,8681
2024-02-16	23:00	51888,01	52245	51844,42	52041,1	LONG	0,00167	5981,87	0,00451	HOLD	98,2349	175,1238
2024-02-17	00:00	52041,1	52071,09	51803,75	52016,78	LONG	0,00167	5981,87	0,00451	HOLD	98,2349	175,0832
2024-02-17	01:00	52016,78	52037,57	51824,98	51967,33	LONG	0,00167	5981,87	0,00451	HOLD	98,2349	175,0006
2024-02-17	02:00	51967,33	52031,97	51655	51756,29	LONG	0,00167	5981,87	0,00451	HOLD	98,2349	174,6481
2024-02-17	03:00	51756,29	51900	51681,1	51838	LONG	0,00167	5981,87	0,00451	HOLD	98,2349	174,7846
2024-02-17	04:00	51838	52008,19	51759,1	51982,01	LONG	0,00167	5981,87	0,00451	HOLD	98,2349	175,0251
2024-02-17	05:00	51982,01	51995,88	51891,1	51977,86	LONG	0,00167	5981,87	0,00451	HOLD	98,2349	175,0182
2024-02-17	06:00	51977,86	52208,43	51956,28	52124,11	LONG	0,00167	5981,87	0,00451	HOLD	98,2349	175,2624
2024-02-17	07:00	52124,1	52162,82	52003,8	52003,8	LONG	0,00167	5981,87	0,00451	HOLD	98,2349	175,0615
2024-02-17	08:00	52003,81	52026,24	51846,84	51971,33	LONG	0,00167	5981,87	0,00451	HOLD	98,2349	175,0073
2024-02-17	09:00	51971,34	52018	51881,33	51935,85	LONG	0,00167	5981,87	0,00451	HOLD	98,2349	174,948
2024-02-17	10:00	51935,84	51974	51897,43	51968,75	LONG	0,00167	5981,87	0,00451	HOLD	98,2349	175,003
2024-02-17	11:00	51968,75	52057,54	51929,86	52011,62	LONG	0,00167	5981,87	0,00451	HOLD	98,2349	175,0745
2024-02-17	12:00	52011,62	52013,54	51792	51918,98	LONG	0,00167	5981,87	0,00451	HOLD	98,2349	174,9198
2024-02-17	13:00	51918,98	51950	51884,62	51925,59	LONG	0,00167	5981,87	0,00451	HOLD	98,2349	174,9309
2024-02-17	14:00	51925,59	51960	51905,03	51911,33	LONG	0,00167	5981,87	0,00451	HOLD	98,2349	174,9071
2024-02-17	15:00	51911,34	51911,34	51702,37	51740,01	LONG	0,00167	5981,87	0,00451	HOLD	98,2349	174,621
2024-02-17	16:00	51740,01	51795,76	51651,53	51676,4	LONG	0,00167	5981,87	0,00451	HOLD	98,2349	174,5147
2024-02-17	17:00	51676,39	51729,24	51500	51721,67	LONG	0,00167	5981,87	0,00451	HOLD	98,2349	174,5903
2024-02-17	18:00	51721,66	51800	51677,23	51690,48	LONG	0,00167	5981,87	0,00451	HOLD	98,2349	174,5382
2024-02-17	19:00	51690,47	51735,68	51558,32	51711,1	LONG	0,00167	5981,87	0,00451	HOLD	98,2349	174,5727
2024-02-17	20:00	51711,1	51713,38	51088,1	51188,81	LONG	0,00167	5981,87	0,00451	HOLD	98,2349	173,7005
2024-02-17	21:00	51188,8	51329,61	50625	50841,09	LONG	0,00167	5981,87	0,00451	HOLD	98,2349	173,1198
2024-02-17	22:00	50841,09	51174,04	50642,85	50984,56	LONG	0,00167	5981,87	0,00451	HOLD	98,2349	173,3594
2024-02-17	23:00	50984,56	51027,15	50741,1	50951,25	LONG	0,00167	5981,87	0,00451	HOLD	98,2349	173,3037
2024-02-18	00:00	50951,26	51272,72	50944,67	51215,58	LONG	0,00167	5981,87	0,00451	HOLD	98,2349	173,7452
2024-02-18	01:00	51215,58	51291,78	51146	51263,95	LONG	0,00167	5981,87	0,00451	HOLD	98,2349	173,8259
2024-02-18	02:00	51263,96	51444	51232,79	51394,43	LONG	0,00167	5981,87	0,00451	HOLD	98,2349	174,0438
2024-02-18	03:00	51394,44	51561,01	51303	51514	LONG	0,00167	5981,87	0,00451	HOLD	98,2349	174,2435
2024-02-18	04:00	51514,01	52030,18	51444,42	51803,8	LONG	0,00167	5981,87	0,00451	HOLD	98,2349	174,7275
2024-02-18	05:00	51803,8	51864,67	51590	51710,51	LONG	0,00167	5981,87	0,00451	HOLD	98,2349	174,5717
2024-02-18	06:00	51710,5	51739,13	51592,05	51642,64	LONG	0,00167	5981,87	0,00451	HOLD	98,2349	174,4584
2024-02-18	07:00	51642,64	51764,32	51544,09	51676,95	LONG	0,00167	5981,87	0,00451	HOLD	98,2349	174,5156
2024-02-18	08:00	51676,94	51798,99	51482,12	51530,83	LONG	0,00167	5981,87	0,00451	HOLD	98,2349	174,2716
2024-02-18	09:00	51530,83	51554,39	51163,28	51277,99	LONG	0,00167	5981,87	0,00451	HOLD	98,2349	173,8494
2024-02-18	10:00	51277,99	51480	51256,93	51479,99	LONG	0,00167	5981,87	0,00451	HOLD	98,2349	174,1867
2024-02-18	11:00	51479,99	51640	51477,4	51564,12	LONG	0,00167	5981,87	0,00451	HOLD	98,2349	174,3272
2024-02-18	12:00	51564,12	51688,87	51541,24	51656,87	LONG	0,00167	5981,87	0,00451	HOLD	98,2349	174,4821
2024-02-18	13:00	51656,88	51700,01	51405,52	51509,58	LONG	0,00167	5981,87	0,00451	HOLD	98,2349	174,2361
2024-02-18	14:00	51509,57	51750,6	51446,1	51671,1	LONG	0,00167	5981,87	0,00451	HOLD	98,2349	174,5059
2024-02-18	15:00	51671,1	51795,04	51644	51790,01	LONG	0,00167	5981,87	0,00451	HOLD	98,2349	174,7045
2024-02-18	16:00	51790	52000	51790	51976,81	LONG	0,00167	5981,87	0,00451	HOLD	98,2349	175,0164
2024-02-18	17:00	51976,8	52069	51784,5	51830,83	LONG	0,00167	5981,87	0,00451	HOLD	98,2349	174,7726
2024-02-18	18:00	51830,83	51836,68	51661,1	51832,01	LONG	0,00167	5981,87	0,00451	HOLD	98,2349	174,7746
2024-02-18	19:00	51832,01	51865,2	51535,01	51554,06	LONG	0,00167	5981,87	0,00451	HOLD	98,2349	174,3104
2024-02-18	20:00	51554,06	51694,85	51541,1	51628,44	LONG	0,00167	5981,87	0,00451	HOLD	98,2349	174,4346
2024-02-18	21:00	51628,44	51948,57	51628,43	51882	LONG	0,00167	5981,87	0,00451	HOLD	98,2349	174,8581
2024-02-18	22:00	51882	51888,88	51727,16	51773,99	LONG	0,00167	5981,87	0,00451	HOLD	98,2349	174,6777
2024-02-18	23:00	51774	51879,76	51649,19	51835,57	LONG	0,00167	5981,87	0,00451	HOLD	98,2349	174,7805
2024-02-19	00:00	51835,57	51980,73	51786,81	51837,94	LONG	0,00167	5981,87	0,00451	HOLD	98,2349	174,7845
2024-02-19	01:00	51837,93	51837,94	51647,25	51793,95	LONG	0,00167	5981,87	0,00451	HOLD	98,2349	174,711
2024-02-19	02:00	51793,96	51872,85	51691,61	51758,12	LONG	0,00167	5981,87	0,00451	HOLD	98,2349	174,6512
2024-02-19	03:00	51758,13	51783,72	51587,4	51776	LONG	0,00167	5981,87	0,00451	HOLD	98,2349	174,6811
2024-02-19	04:00	51776,01	51922,57	51754,94	51861,1	LONG	0,00167	5981,87	0,00451	HOLD	98,2349	174,8232
2024-02-19	05:00	51861,1	52377	51824,12	52239,8	LONG	0,00167	5981,87	0,00451	HOLD	98,2349	175,4556
2024-02-19	06:00	52239,79	52350	51975,05	52137,67	LONG	0,00167	5981,87	0,00451	HOLD	98,2349	175,2851
2024-02-19	07:00	52137,68	52428,78	52101,87	52183,72	LONG	0,00167	5981,87	0,00451	HOLD	98,2349	175,362
2024-02-19	08:00	52183,72	52187,62	51904,83	52092,06	LONG	0,00167	5981,87	0,00451	HOLD	98,2349	175,2089
2024-02-19	09:00	52092,06	52210,48	52092,06	52148,6	LONG	0,00167	5981,87	0,00451	HOLD	98,2349	175,3033
2024-02-19	10:00	52148,6	52167,35	51977,12	52063,81	LONG	0,00167	5981,87	0,00451	HOLD	98,2349	175,1617
2024-02-19	11:00	52063,8	52221,1	52020,61	52097,39	LONG	0,00167	5981,87	0,00451	HOLD	98,2349	175,2178
2024-02-19	12:00	52097,38	52156	51989,21	52130,42	LONG	0,00167	5981,87	0,00451	HOLD	98,2349	175,2729
2024-02-19	13:00	52130,43	52471,79	52130,42	52387,53	LONG	0,00167	5981,87	0,00451	HOLD	98,2349	175,7023
2024-02-19	14:00	52387,53	52488,77	52297,4	52394,04	LONG	0,00167	5981,87	0,00451	HOLD	98,2349	175,7132
2024-02-19	15:00	52394,04	52410,73	52063,52	52098,5	LONG	0,00167	5981,87	0,00451	HOLD	98,2349	175,2196
2024-02-19	16:00	52098,5	52365,26	52098,49	52262,99	LONG	0,00167	5981,87	0,00451	HOLD	98,2349	175,4943
2024-02-19	17:00	52262,98	52450	52163,14	52350,01	LONG	0,00167	5981,87	0,00451	HOLD	98,2349	175,6397
2024-02-19	18:00	52350,01	52423,77	52284,92	52336,22	LONG	0,00167	5981,87	0,00451	HOLD	98,2349	175,6166
2024-02-19	19:00	52336,22	52454,11	52232	52271,09	LONG	0,00167	5981,87	0,00451	HOLD	98,2349	175,5079
2024-02-19	20:00	52271,09	52372,55	52117,4	52150,17	LONG	0,00167	5981,87	0,00451	HOLD	98,2349	175,3059
2024-02-19	21:00	52150,18	52202,68	52027	52100	LONG	0,00167	5981,87	0,00451	HOLD	98,2349	175,2221
2024-02-19	22:00	52100	52346,05	52028,93	52127,99	LONG	0,00167	5981,87	0,00451	HOLD	98,2349	175,2689
2024-02-19	23:00	52127,99	52230	51677	51775,76	LONG	0,00167	5981,87	0,00451	HOLD	98,2349	174,6807
2024-02-20	00:00	51775,76	52210	51688,69	52151,73	LONG	0,00167	5981,87	0,00451	HOLD	98,2349	175,3085
2024-02-20	01:00	52151,72	52200	51913,07	51926,61	LONG	0,00167	5981,87	0,00451	HOLD	98,2349	174,9326
2024-02-20	02:00	51926,62	51933,79	51781,04	51820,61	LONG	0,00167	5981,87	0,00451	HOLD	98,2349	174,7556
2024-02-20	03:00	51820,61	51933,2	51761,1	51798,99	LONG	0,00167	5981,87	0,00451	HOLD	98,2349	174,7195
2024-02-20	04:00	51799	51920,73	51705,11	51904,42	LONG	0,00167	5981,87	0,00451	HOLD	98,2349	174,8955
2024-02-20	05:00	51904,41	52110	51868,01	51936,42	LONG	0,00167	5981,87	0,00451	HOLD	98,2349	174,949
2024-02-20	06:00	51936,41	52013,11	51711,1	51774,73	LONG	0,00167	5981,87	0,00451	HOLD	98,2349	174,6789
2024-02-20	07:00	51774,74	51832,01	51500	51641,82	LONG	0,00167	5981,87	0,00451	HOLD	98,2349	174,457
2024-02-20	08:00	51641,83	51709,99	51311	51631,15	LONG	0,00167	5981,87	0,00451	HOLD	98,2349	174,4392
2024-02-20	09:00	51631,14	51761,1	51550	51711,09	LONG	0,00167	5981,87	0,00451	HOLD	98,2349	174,5727
2024-02-20	10:00	51711,09	51797	51574	51580,23	LONG	0,00167	5981,87	0,00451	HOLD	98,2349	174,3541
2024-02-20	11:00	51580,23	51818	51510	51788,01	LONG	0,00167	5981,87	0,00451	HOLD	98,2349	174,7011
2024-02-20	12:00	51788	51984,03	51754,87	51909,1	LONG	0,00167	5981,87	0,00451	HOLD	98,2349	174,9033
2024-02-20	13:00	51909,1	52039,91	51899,99	51948,06	LONG	0,00167	5981,87	0,00451	HOLD	98,2349	174,9684
2024-02-20	14:00	51948,06	51974,58	51801	51839,28	LONG	0,00167	5981,87	0,00451	HOLD	98,2349	174,7867
2024-02-20	15:00	51839,28	51883,22	51586,22	51776,8	LONG	0,00167	5981,87	0,00451	HOLD	98,2349	174,6824
2024-02-20	16:00	51776,8	51825,41	51560	51761,33	LONG	0,00167	5981,87	0,00451	HOLD	98,2349	174,6566
2024-02-20	17:00	51761,34	52120	51761,33	52119,99	LONG	0,00167	5981,87	0,00451	HOLD	98,2349	175,2555
2024-02-20	18:00	52120	52380	52119,99	52286,8	LONG	0,00167	5981,87	0,00451	HOLD	98,2349	175,5341
2024-02-20	19:00	52286,8	52395	52125,92	52178,92	LONG	0,00167	5981,87	0,00451	HOLD	98,2349	175,3539
2024-02-20	20:00	52178,93	52985	52141,68	52840,13	LONG	0,00167	5981,87	0,00451	HOLD	98,2349	176,4582
2024-02-20	21:00	52840,14	52864,22	51769,23	52048,74	LONG	0,00167	5981,87	0,00451	HOLD	98,2349	175,1365
2024-02-20	22:00	52048,74	52086,56	51340	51680	LONG	0,00167	5981,87	0,00451	HOLD	98,2349	174,5207
2024-02-20	23:00	51679,99	51798,98	51370	51396,33	LONG	0,00167	5981,87	0,00451	HOLD	98,2349	174,047
2024-02-21	00:00	51396,34	51396,34	50760,37	51324,99	LONG	0,00167	5981,87	0,00451	HOLD	98,2349	173,9279
2024-02-21	01:00	51325	51544,46	51241,81	51509,89	LONG	0,00167	5981,87	0,00451	HOLD	98,2349	174,2367
2024-02-21	02:00	51509,89	52138,31	51431,5	52101,11	LONG	0,00167	5981,87	0,00451	HOLD	98,2349	175,224
2024-02-21	03:00	52101,1	52215,85	51953,46	51990,63	LONG	0,00167	5981,87	0,00451	HOLD	98,2349	175,0395
2024-02-21	04:00	51990,62	52171,1	51901,1	52024	LONG	0,00167	5981,87	0,00451	HOLD	98,2349	175,0952
2024-02-21	05:00	52024,01	52304,76	52006	52168,65	LONG	0,00167	5981,87	0,00451	HOLD	98,2349	175,3368
2024-02-21	06:00	52168,65	52517,3	52162,77	52258,82	LONG	0,00167	5981,87	0,00451	HOLD	98,2349	175,4874
2024-02-21	07:00	52258,82	52366,8	52120	52174,2	LONG	0,00167	5981,87	0,00451	HOLD	98,2349	175,3461
2024-02-21	08:00	52174,2	52291,1	52050,01	52102,56	LONG	0,00167	5981,87	0,00451	HOLD	98,2349	175,2264
2024-02-21	09:00	52102,55	52160	52041,1	52067,99	LONG	0,00167	5981,87	0,00451	HOLD	98,2349	175,1687
2024-02-21	10:00	52067,99	52104,03	51988,91	52001,99	LONG	0,00167	5981,87	0,00451	HOLD	98,2349	175,0585
2024-02-21	11:00	52002	52009,99	51818,01	51949,58	LONG	0,00167	5981,87	0,00451	HOLD	98,2349	174,9709
2024-02-21	12:00	51949,57	52113,39	51817,25	51837,95	LONG	0,00167	5981,87	0,00451	HOLD	98,2349	174,7845
2024-02-21	13:00	51837,95	51901,85	51672	51741,98	LONG	0,00167	5981,87	0,00451	HOLD	98,2349	174,6242
2024-02-21	14:00	51741,97	51780,04	51452,45	51568,64	LONG	0,00167	5981,87	0,00451	HOLD	98,2349	174,3348
2024-02-21	15:00	51568,64	51787,04	51530,29	51667,84	LONG	0,00167	5981,87	0,00451	HOLD	98,2349	174,5004
2024-02-21	16:00	51667,85	51698	51000,93	51095,1	LONG	0,00167	5981,87	0,00451	HOLD	98,2349	173,544
2024-02-21	17:00	51095,1	51413,33	50888	51271,1	LONG	0,00167	5981,87	0,00451	HOLD	98,2349	173,8379
2024-02-21	18:00	51271,1	51369	50813	50965,53	LONG	0,00167	5981,87	0,00451	HOLD	98,2349	173,3276
2024-02-21	19:00	50965,53	51392,14	50625	51310,7	LONG	0,00167	5981,87	0,00451	HOLD	98,2349	173,904
2024-02-21	20:00	51310,69	51442,26	50900	51181,09	LONG	0,00167	5981,87	0,00451	HOLD	98,2349	173,6876
2024-02-21	21:00	51181,1	51208,6	50750	50929,99	LONG	0,00167	5981,87	0,00451	HOLD	98,2349	173,2682
2024-02-21	22:00	50930	51328,33	50841,1	51156	LONG	0,00167	5981,87	0,00451	HOLD	98,2349	173,6457
2024-02-21	23:00	51156	51426	51010	51346,39	LONG	0,00167	5981,87	0,00451	HOLD	98,2349	173,9636
2024-02-22	00:00	51346,39	51427,43	50890	50931,35	LONG	0,00167	5981,87	0,00451	HOLD	98,2349	173,2705
2024-02-22	01:00	50931,35	51107,21	50810	50855,83	LONG	0,00167	5981,87	0,00451	HOLD	98,2349	173,1444
2024-02-22	02:00	50855,82	51058	50649,28	51058	LONG	0,00167	5981,87	0,00451	HOLD	98,2349	173,482
2024-02-22	03:00	51057,99	51129,18	50862,5	50957,94	LONG	0,00167	5981,87	0,00451	HOLD	98,2349	173,3149
2024-02-22	04:00	50957,94	51398	50945,46	51385,34	LONG	0,00167	5981,87	0,00451	HOLD	98,2349	174,0287
2024-02-22	05:00	51385,35	51525	51221,37	51511,1	LONG	0,00167	5981,87	0,00451	HOLD	98,2349	174,2387
2024-02-22	06:00	51511,11	51950,01	51487,93	51849,39	LONG	0,00167	5981,87	0,00451	HOLD	98,2349	174,8036
2024-02-22	07:00	51849,38	51878,18	51500	51532,57	LONG	0,00167	5981,87	0,00451	HOLD	98,2349	174,2745
2024-02-22	08:00	51532,58	51630,01	51153,69	51238,81	LONG	0,00167	5981,87	0,00451	HOLD	98,2349	173,784
2024-02-22	09:00	51238,82	51490	51224,05	51418,36	LONG	0,00167	5981,87	0,00451	HOLD	98,2349	174,0838
2024-02-22	10:00	51418,37	51658,54	51372,6	51586,1	LONG	0,00167	5981,87	0,00451	HOLD	98,2349	174,3639
2024-02-22	11:00	51586,1	51640,01	51352	51434,61	LONG	0,00167	5981,87	0,00451	HOLD	98,2349	174,1109
2024-02-22	12:00	51434,62	51684,51	51421,87	51524,88	LONG	0,00167	5981,87	0,00451	HOLD	98,2349	174,2617
2024-02-22	13:00	51524,89	51809,62	51524,88	51767,51	LONG	0,00167	5981,87	0,00451	HOLD	98,2349	174,6669
2024-02-22	14:00	51767,5	51910,32	51661,22	51827,63	LONG	0,00167	5981,87	0,00451	HOLD	98,2349	174,7673
2024-02-22	15:00	51827,63	51937,89	51672,42	51888,52	LONG	0,00167	5981,87	0,00451	HOLD	98,2349	174,869
2024-02-22	16:00	51888,52	52034,12	51700	51945,31	LONG	0,00167	5981,87	0,00451	HOLD	98,2349	174,9638
2024-02-22	17:00	51945,31	51945,32	51588,36	51694,07	LONG	0,00167	5981,87	0,00451	HOLD	98,2349	174,5442
2024-02-22	18:00	51694,08	51699,99	51517,63	51622,04	LONG	0,00167	5981,87	0,00451	HOLD	98,2349	174,4239
2024-02-22	19:00	51622,05	51733,05	51424,28	51521,1	LONG	0,00167	5981,87	0,00451	HOLD	98,2349	174,2554
2024-02-22	20:00	51521,11	51543,84	50940,78	51164,02	LONG	0,00167	5981,87	0,00451	HOLD	98,2349	173,6591
2024-02-22	21:00	51164,01	51418,39	51060	51374	LONG	0,00167	5981,87	0,00451	HOLD	98,2349	174,0097
2024-02-22	22:00	51374	51674,17	51286,2	51602,4	LONG	0,00167	5981,87	0,00451	HOLD	98,2349	174,3912
2024-02-22	23:00	51602,41	51750,01	51400	51479,09	LONG	0,00167	5981,87	0,00451	HOLD	98,2349	174,1852
2024-02-23	00:00	51479,1	51731,1	51454,01	51697,4	LONG	0,00167	5981,87	0,00451	HOLD	98,2349	174,5498
2024-02-23	01:00	51697,4	51720,87	51501	51718,81	LONG	0,00167	5981,87	0,00451	HOLD	98,2349	174,5856
2024-02-23	02:00	51718,82	51718,82	51460,8	51509,99	LONG	0,00167	5981,87	0,00451	HOLD	98,2349	174,2368
2024-02-23	03:00	51509,99	52065,78	51461,1	51995,58	LONG	0,00167	5981,87	0,00451	HOLD	98,2349	175,0478
2024-02-23	04:00	51995,59	52007,65	51545,26	51656,96	LONG	0,00167	5981,87	0,00451	HOLD	98,2349	174,4823
2024-02-23	05:00	51656,96	51717,87	51184,04	51456,01	LONG	0,00167	5981,87	0,00451	HOLD	98,2349	174,1467
2024-02-23	06:00	51456,01	51482,69	51230	51288,42	LONG	0,00167	5981,87	0,00451	HOLD	98,2349	173,8668
2024-02-23	07:00	51288,42	51483,09	51263,53	51455,85	LONG	0,00167	5981,87	0,00451	HOLD	98,2349	174,1464
2024-02-23	08:00	51455,84	51548,54	51310,41	51311,11	LONG	0,00167	5981,87	0,00451	HOLD	98,2349	173,9047
2024-02-23	09:00	51311,11	51426	51035,52	51096,39	LONG	0,00167	5981,87	0,00451	HOLD	98,2349	173,5461
2024-02-23	10:00	51096,38	51169,99	50971,11	51100	LONG	0,00167	5981,87	0,00451	HOLD	98,2349	173,5521
2024-02-23	11:00	51100	51321,92	51003	51219,59	LONG	0,00167	5981,87	0,00451	HOLD	98,2349	173,7519
2024-02-23	12:00	51219,59	51239,43	51116	51236,01	LONG	0,00167	5981,87	0,00451	HOLD	98,2349	173,7793
2024-02-23	13:00	51236	51313,99	51211,1	51301,11	LONG	0,00167	5981,87	0,00451	HOLD	98,2349	173,888
2024-02-23	14:00	51301,1	51301,11	50889	50915,96	LONG	0,00167	5981,87	0,00451	HOLD	98,2349	173,2448
2024-02-23	15:00	50915,95	51170	50830	50958,54	LONG	0,00167	5981,87	0,00451	HOLD	98,2349	173,3159
2024-02-23	16:00	50958,55	51066,66	50870,1	51009,38	LONG	0,00167	5981,87	0,00451	HOLD	98,2349	173,4008
2024-02-23	17:00	51009,38	51174,56	50965,81	51171,09	LONG	0,00167	5981,87	0,00451	HOLD	98,2349	173,6709
2024-02-23	18:00	51171,09	51263,22	51141,2	51218,95	LONG	0,00167	5981,87	0,00451	HOLD	98,2349	173,7508
2024-02-23	19:00	51218,94	51225,25	50926,21	50994,01	LONG	0,00167	5981,87	0,00451	HOLD	98,2349	173,3751
2024-02-23	20:00	50994	51095	50925,02	51058,2	LONG	0,00167	5981,87	0,00451	HOLD	98,2349	173,4823
2024-02-23	21:00	51058,21	51333,47	50800,32	51126	LONG	0,00167	5981,87	0,00451	HOLD	98,2349	173,5956
2024-02-23	22:00	51126	51126	50833,02	50911,11	LONG	0,00167	5981,87	0,00451	HOLD	98,2349	173,2367
2024-02-23	23:00	50911,1	51121,01	50629,33	51053,07	LONG	0,00167	5981,87	0,00451	HOLD	98,2349	173,4738
2024-02-24	00:00	51053,08	51172,91	50974	51139,14	LONG	0,00167	5981,87	0,00451	HOLD	98,2349	173,6175
2024-02-24	01:00	51139,13	51193,69	51000	51103,76	LONG	0,00167	5981,87	0,00451	HOLD	98,2349	173,5584
2024-02-24	02:00	51103,76	51195,18	51032,88	51099,09	LONG	0,00167	5981,87	0,00451	HOLD	98,2349	173,5506
2024-02-24	03:00	51099,09	51162,04	50961,1	51079,21	LONG	0,00167	5981,87	0,00451	HOLD	98,2349	173,5174
2024-02-24	04:00	51079,2	51094,64	50986,12	50986,12	LONG	0,00167	5981,87	0,00451	HOLD	98,2349	173,362
2024-02-24	05:00	50986,12	51025,31	50750	50788,01	LONG	0,00167	5981,87	0,00451	HOLD	98,2349	173,0311
2024-02-24	06:00	50788	50916,66	50521	50744,15	LONG	0,00167	5981,87	0,00451	HOLD	98,2349	172,9579
2024-02-24	07:00	50744,15	50907,14	50694,71	50889,2	LONG	0,00167	5981,87	0,00451	HOLD	98,2349	173,2001
2024-02-24	08:00	50889,19	50891,1	50590	50590,01	LONG	0,00167	5981,87	0,00451	HOLD	98,2349	172,7005
2024-02-24	09:00	50590,01	50800	50585	50799,99	LONG	0,00167	5981,87	0,00451	HOLD	98,2349	173,0511
2024-02-24	10:00	50799,98	50857,12	50682	50849,97	LONG	0,00167	5981,87	0,00451	HOLD	98,2349	173,1346
2024-02-24	11:00	50849,96	51008,57	50826,47	50953,96	LONG	0,00167	5981,87	0,00451	HOLD	98,2349	173,3083
2024-02-24	12:00	50953,96	51062	50922	51047,36	LONG	0,00167	5981,87	0,00451	HOLD	98,2349	173,4642
2024-02-24	13:00	51047,36	51060	50944,19	50969,81	LONG	0,00167	5981,87	0,00451	HOLD	98,2349	173,3347
2024-02-24	14:00	50969,8	51103,87	50938,78	51068,7	LONG	0,00167	5981,87	0,00451	HOLD	98,2349	173,4999
2024-02-24	15:00	51068,7	51118,09	50953	50994,92	LONG	0,00167	5981,87	0,00451	HOLD	98,2349	173,3767
2024-02-24	16:00	50994,92	51119,99	50986,82	51091,1	LONG	0,00167	5981,87	0,00451	HOLD	98,2349	173,5373
2024-02-24	17:00	51091,1	51172,06	51074,28	51090,01	LONG	0,00167	5981,87	0,00451	HOLD	98,2349	173,5355
2024-02-24	18:00	51090,01	51135,04	51034,39	51119,79	LONG	0,00167	5981,87	0,00451	HOLD	98,2349	173,5852
2024-02-24	19:00	51119,79	51126,01	51032,34	51076,55	LONG	0,00167	5981,87	0,00451	HOLD	98,2349	173,513
2024-02-24	20:00	51076,55	51180,41	51055	51140	LONG	0,00167	5981,87	0,00451	HOLD	98,2349	173,6189
2024-02-24	21:00	51140	51161,1	51072,65	51139,3	LONG	0,00167	5981,87	0,00451	HOLD	98,2349	173,6178
2024-02-24	22:00	51139,31	51150,04	51099,34	51099,34	LONG	0,00167	5981,87	0,00451	HOLD	98,2349	173,551
2024-02-24	23:00	51099,35	51215,04	51094,99	51215,04	LONG	0,00167	5981,87	0,00451	HOLD	98,2349	173,7443
2024-02-25	00:00	51215,03	51698	51215,03	51533,99	LONG	0,00167	5981,87	0,00451	HOLD	98,2349	174,2769
2024-02-25	01:00	51533,99	51694,16	51407,07	51434,96	LONG	0,00167	5981,87	0,00451	HOLD	98,2349	174,1115
2024-02-25	02:00	51434,97	51638,92	51434,96	51557,07	LONG	0,00167	5981,87	0,00451	HOLD	98,2349	174,3154
2024-02-25	03:00	51557,08	51585,94	51437,84	51511,54	LONG	0,00167	5981,87	0,00451	HOLD	98,2349	174,2394
2024-02-25	04:00	51511,54	51638,9	51468,24	51562,32	LONG	0,00167	5981,87	0,00451	HOLD	98,2349	174,3242
2024-02-25	05:00	51562,32	51666	51556,6	51556,61	LONG	0,00167	5981,87	0,00451	HOLD	98,2349	174,3147
2024-02-25	06:00	51556,6	51651,1	51497,57	51568,22	LONG	0,00167	5981,87	0,00451	HOLD	98,2349	174,3341
2024-02-25	07:00	51568,21	51581,1	51442,31	51486,86	LONG	0,00167	5981,87	0,00451	HOLD	98,2349	174,1982
2024-02-25	08:00	51486,85	51687,8	51438,88	51684,01	LONG	0,00167	5981,87	0,00451	HOLD	98,2349	174,5274
2024-02-25	09:00	51684,01	51898,72	51550,01	51602,05	LONG	0,00167	5981,87	0,00451	HOLD	98,2349	174,3906
2024-02-25	10:00	51602,06	51628,42	51456,98	51624,99	LONG	0,00167	5981,87	0,00451	HOLD	98,2349	174,4289
2024-02-25	11:00	51625	51626,84	51509	51617,56	LONG	0,00167	5981,87	0,00451	HOLD	98,2349	174,4165
2024-02-25	12:00	51617,56	51726,23	51594	51669,32	LONG	0,00167	5981,87	0,00451	HOLD	98,2349	174,5029
2024-02-25	13:00	51669,33	51800,03	51630,31	51756,88	LONG	0,00167	5981,87	0,00451	HOLD	98,2349	174,6491
2024-02-25	14:00	51756,88	51774,21	51681,46	51719,28	LONG	0,00167	5981,87	0,00451	HOLD	98,2349	174,5863
2024-02-25	15:00	51719,28	51777,64	51582,81	51606,36	LONG	0,00167	5981,87	0,00451	HOLD	98,2349	174,3978
2024-02-25	16:00	51606,35	51650	51531,73	51639,51	LONG	0,00167	5981,87	0,00451	HOLD	98,2349	174,4531
2024-02-25	17:00	51639,51	51679,99	51556,67	51576,01	LONG	0,00167	5981,87	0,00451	HOLD	98,2349	174,3471
2024-02-25	18:00	51576	51700,01	51553,29	51645	LONG	0,00167	5981,87	0,00451	HOLD	98,2349	174,4623
2024-02-25	19:00	51645	51668,02	51585,36	51656,46	LONG	0,00167	5981,87	0,00451	HOLD	98,2349	174,4814
2024-02-25	20:00	51656,46	51693,59	51554,53	51612,92	LONG	0,00167	5981,87	0,00451	HOLD	98,2349	174,4087
2024-02-25	21:00	51612,93	51780	51600	51741,22	LONG	0,00167	5981,87	0,00451	HOLD	98,2349	174,623
2024-02-25	22:00	51741,22	51759,73	51436,67	51524,02	LONG	0,00167	5981,87	0,00451	HOLD	98,2349	174,2603
2024-02-25	23:00	51524,02	51626	51279,8	51378,48	LONG	0,00167	5981,87	0,00451	HOLD	98,2349	174,0172
2024-02-26	00:00	51378,49	51578,44	51355,51	51559,97	LONG	0,00167	5981,87	0,00451	HOLD	98,2349	174,3203
2024-02-26	01:00	51559,97	51579,99	51498,83	51579,98	LONG	0,00167	5981,87	0,00451	HOLD	98,2349	174,3537
2024-02-26	02:00	51579,99	51738,85	51510,79	51672,96	LONG	0,00167	5981,87	0,00451	HOLD	98,2349	174,509
2024-02-26	03:00	51672,97	51958,55	51672,36	51735,8	LONG	0,00167	5981,87	0,00451	HOLD	98,2349	174,6139
2024-02-26	04:00	51735,8	51780	51640,88	51766,84	LONG	0,00167	5981,87	0,00451	HOLD	98,2349	174,6658
2024-02-26	05:00	51766,83	51860	51655,76	51702,01	LONG	0,00167	5981,87	0,00451	HOLD	98,2349	174,5575
2024-02-26	06:00	51702	51803,26	51670	51728,85	LONG	0,00167	5981,87	0,00451	HOLD	98,2349	174,6023
2024-02-26	07:00	51728,85	51796,5	51621,06	51678,9	LONG	0,00167	5981,87	0,00451	HOLD	98,2349	174,5189
2024-02-26	08:00	51678,9	51698,33	51473,17	51473,17	LONG	0,00167	5981,87	0,00451	HOLD	98,2349	174,1753
2024-02-26	09:00	51473,17	51546	51428	51432,92	LONG	0,00167	5981,87	0,00451	HOLD	98,2349	174,1081
2024-02-26	10:00	51432,92	51564	51400	51555,59	LONG	0,00167	5981,87	0,00451	HOLD	98,2349	174,313
2024-02-26	11:00	51555,6	51588,88	51473,42	51534,24	LONG	0,00167	5981,87	0,00451	HOLD	98,2349	174,2773
2024-02-26	12:00	51534,23	51598,06	51431,1	51569	LONG	0,00167	5981,87	0,00451	HOLD	98,2349	174,3354
2024-02-26	13:00	51569	51598,06	51484,21	51521,09	LONG	0,00167	5981,87	0,00451	HOLD	98,2349	174,2554
2024-02-26	14:00	51521,08	51521,09	51288,18	51293,26	LONG	0,00167	5981,87	0,00451	HOLD	98,2349	173,8749
2024-02-26	15:00	51293,26	51374,66	51250,15	51250,16	LONG	0,00167	5981,87	0,00451	HOLD	98,2349	173,8029
2024-02-26	16:00	51250,16	51304,23	50901,44	50949,99	LONG	0,00167	5981,87	0,00451	HOLD	98,2349	173,3016
2024-02-26	17:00	50950	51246	50939,6	51170,58	LONG	0,00167	5981,87	0,00451	HOLD	98,2349	173,67
2024-02-26	18:00	51170,58	51217,66	51044	51090,01	LONG	0,00167	5981,87	0,00451	HOLD	98,2349	173,5355
2024-02-26	19:00	51090,01	51233,83	50957	51233,82	LONG	0,00167	5981,87	0,00451	HOLD	98,2349	173,7756
2024-02-26	20:00	51233,82	51437,29	51203,95	51228,5	LONG	0,00167	5981,87	0,00451	HOLD	98,2349	173,7667
2024-02-26	21:00	51228,49	51718,6	51207,4	51687,02	LONG	0,00167	5981,87	0,00451	HOLD	98,2349	174,5325
2024-02-26	22:00	51687,03	52847,84	51642,08	52842,32	LONG	0,00167	5981,87	0,00451	HOLD	98,2349	176,4618
2024-02-26	23:00	52842,33	53647,71	52753,28	53391,02	LONG	0,00167	5981,87	0,00451	HOLD	98,2349	177,3781
2024-02-27	00:00	53391,01	53510	53214,26	53502,6	LONG	0,00167	5981,87	0,00451	HOLD	98,2349	177,5645
2024-02-27	01:00	53502,61	53620	53294,39	53591,09	LONG	0,00167	5981,87	0,00451	HOLD	98,2349	177,7123
2024-02-27	02:00	53591,1	54512,02	53428,16	54487,11	LONG	0,00167	5981,87	0,00451	HOLD	98,2349	179,2086
2024-02-27	03:00	54487,1	54910	54258,2	54448,09	LONG	0,00167	5981,87	0,00451	HOLD	98,2349	179,1435
2024-02-27	04:00	54448,1	54736,99	54313,65	54642,89	LONG	0,00167	5981,87	0,00451	HOLD	98,2349	179,4688
2024-02-27	05:00	54642,89	54807,4	54460,01	54659,79	LONG	0,00167	5981,87	0,00451	HOLD	98,2349	179,497
2024-02-27	06:00	54659,78	54659,79	54439,42	54476,47	LONG	0,00167	5981,87	0,00451	HOLD	98,2349	179,1908
2024-02-27	07:00	54476,48	54638	54450,13	54554,93	LONG	0,00167	5981,87	0,00451	HOLD	98,2349	179,3219
2024-02-27	08:00	54554,94	55795,52	54508,78	55768,41	LONG	0,00167	5981,87	0,00451	HOLD	98,2349	181,3484
2024-02-27	09:00	55768,41	57073,84	55592	56298,48	LONG	0,00167	5981,87	0,00451	HOLD	98,2349	182,2336
2024-02-27	10:00	56298,47	56530,09	55517,44	55667,6	LONG	0,00167	5981,87	0,00451	HOLD	98,2349	181,18
2024-02-27	11:00	55667,6	56099,52	55576,12	55737,99	LONG	0,00167	5981,87	0,00451	HOLD	98,2349	181,2976
2024-02-27	12:00	55738	56204,79	55645,53	56066,01	LONG	0,00167	5981,87	0,00451	HOLD	98,2349	181,8454
2024-02-27	13:00	56066,02	56448	56046	56363	LONG	0,00167	5981,87	0,00451	HOLD	98,2349	182,3414
2024-02-27	14:00	56363,01	56378,46	55805	56059,08	LONG	0,00167	5981,87	0,00451	HOLD	98,2349	181,8338
2024-02-27	15:00	56059,09	56456,77	56023,8	56235,99	LONG	0,00167	5981,87	0,00451	HOLD	98,2349	182,1292
2024-02-27	16:00	56235,99	56760,72	56161,6	56615,94	LONG	0,00167	5981,87	0,00451	HOLD	98,2349	182,7638
2024-02-27	17:00	56615,94	56818,02	56366,06	56528,25	LONG	0,00167	5981,87	0,00451	HOLD	98,2349	182,6173
2024-02-27	18:00	56528,25	56579,56	56321,1	56527,79	LONG	0,00167	5981,87	0,00451	HOLD	98,2349	182,6166
2024-02-27	19:00	56527,8	57416,93	56457,26	56786,95	LONG	0,00167	5981,87	0,00451	HOLD	98,2349	183,0493
2024-02-27	20:00	56786,96	57200	56605,93	57112,29	LONG	0,00167	5981,87	0,00451	HOLD	98,2349	183,5927
2024-02-27	21:00	57112,28	57331,28	56650,01	56976,33	LONG	0,00167	5981,87	0,00451	HOLD	98,2349	183,3656
2024-02-27	22:00	56976,34	57299	56600	56745,66	LONG	0,00167	5981,87	0,00451	HOLD	98,2349	182,9804
2024-02-27	23:00	56745,66	57168,97	56209	57040,01	LONG	0,00167	5981,87	0,00451	HOLD	98,2349	183,472
2024-02-28	00:00	57040,01	57200	56660	56759,99	LONG	0,00167	5981,87	0,00451	HOLD	98,2349	183,0043
2024-02-28	01:00	56759,99	57128,77	56676	57111,1	LONG	0,00167	5981,87	0,00451	HOLD	98,2349	183,5907
2024-02-28	02:00	57111,11	57588,15	56916,01	57339,68	LONG	0,00167	5981,87	0,00451	HOLD	98,2349	183,9724
2024-02-28	03:00	57339,69	57359	56681,51	56967,89	LONG	0,00167	5981,87	0,00451	HOLD	98,2349	183,3515
2024-02-28	04:00	56967,89	57000	56579,84	56703,32	LONG	0,00167	5981,87	0,00451	HOLD	98,2349	182,9097
2024-02-28	05:00	56703,33	56992,28	56634,28	56892,91	LONG	0,00167	5981,87	0,00451	HOLD	98,2349	183,2263
2024-02-28	06:00	56892,91	57105,45	56843,46	57037,34	LONG	0,00167	5981,87	0,00451	HOLD	98,2349	183,4675
2024-02-28	07:00	57037,35	57100	56868,72	57015,34	LONG	0,00167	5981,87	0,00451	HOLD	98,2349	183,4308
2024-02-28	08:00	57015,34	57101,1	56763,86	56772,64	LONG	0,00167	5981,87	0,00451	HOLD	98,2349	183,0255
2024-02-28	09:00	56772,64	56978,99	56691,85	56925,1	LONG	0,00167	5981,87	0,00451	HOLD	98,2349	183,2801
2024-02-28	10:00	56925,1	56964,09	56842,01	56916,4	LONG	0,00167	5981,87	0,00451	HOLD	98,2349	183,2655
2024-02-28	11:00	56916,39	57271,44	56894,16	57207,5	LONG	0,00167	5981,87	0,00451	HOLD	98,2349	183,7517
2024-02-28	12:00	57207,49	57270	57057,14	57080,68	LONG	0,00167	5981,87	0,00451	HOLD	98,2349	183,5399
2024-02-28	13:00	57080,67	57193,17	57053,02	57185,81	LONG	0,00167	5981,87	0,00451	HOLD	98,2349	183,7154
2024-02-28	14:00	57185,81	58379,57	57144,99	58241,1	LONG	0,00167	5981,87	0,00451	HOLD	98,2349	185,4778
2024-02-28	15:00	58241,09	59487,88	58171,11	59448,42	LONG	0,00167	5981,87	0,00451	HOLD	98,2349	187,494
2024-02-28	16:00	59448,42	59485,53	58840,81	59300,01	LONG	0,00167	5981,87	0,00451	HOLD	98,2349	187,2462
2024-02-28	17:00	59300,01	59361,88	59010,01	59266,02	LONG	0,00167	5981,87	0,00451	HOLD	98,2349	187,1894
2024-02-28	18:00	59266,01	59494,06	58500	58941,11	LONG	0,00167	5981,87	0,00451	HOLD	98,2349	186,6468
2024-02-28	19:00	58941,11	59433,49	58891,1	59354,2	LONG	0,00167	5981,87	0,00451	HOLD	98,2349	187,3367
2024-02-28	20:00	59354,2	60800	59309,73	60454,77	LONG	0,00167	5981,87	0,00451	HOLD	98,2349	189,1746
2024-02-28	21:00	60454,76	61184,64	59800	60971,11	LONG	0,00167	5981,87	0,00451	HOLD	98,2349	190,0369
2024-02-28	22:00	60971,11	61360	60591,1	60966,22	LONG	0,00167	5981,87	0,00451	HOLD	98,2349	190,0287
2024-02-28	23:00	60966,22	62478	60931,1	62412,01	LONG	0,00167	5981,87	0,00451	HOLD	98,2349	192,4432
2024-02-29	00:00	62412	64000	58700	61358,6	LONG	0,00167	5981,87	0,00451	HOLD	98,2349	190,684
2024-02-29	01:00	61358,59	61500,02	59200	61101,99	LONG	0,00167	5981,87	0,00451	HOLD	98,2349	190,2555
2024-02-29	02:00	61102	61496,61	60610	60951,11	LONG	0,00167	5981,87	0,00451	HOLD	98,2349	190,0035
2024-02-29	03:00	60951,1	61099	59932,2	60403,21	LONG	0,00167	5981,87	0,00451	HOLD	98,2349	189,0885
2024-02-29	04:00	60403,2	60605	59797,57	60550,46	LONG	0,00167	5981,87	0,00451	HOLD	98,2349	189,3344
2024-02-29	05:00	60550,45	61375	60496,38	61274,94	LONG	0,00167	5981,87	0,00451	HOLD	98,2349	190,5443
2024-02-29	06:00	61274,95	62647,04	61264,34	62432,1	LONG	0,00167	5981,87	0,00451	HOLD	98,2349	192,4767
2024-02-29	07:00	62432,11	62438,22	61200,11	61359,99	LONG	0,00167	5981,87	0,00451	HOLD	98,2349	190,6863
2024-02-29	08:00	61359,99	61516,01	61021,1	61376,07	LONG	0,00167	5981,87	0,00451	HOLD	98,2349	190,7132
2024-02-29	09:00	61376,06	61742,01	61081,1	61740,29	LONG	0,00167	5981,87	0,00451	HOLD	98,2349	191,3214
2024-02-29	10:00	61740,3	61740,3	61132,05	61561,33	LONG	0,00167	5981,87	0,00451	HOLD	98,2349	191,0226
2024-02-29	11:00	61561,34	62675,22	61334,59	62443,9	LONG	0,00167	5981,87	0,00451	HOLD	98,2349	192,4965
2024-02-29	12:00	62443,89	62666,66	61811,1	62540,91	LONG	0,00167	5981,87	0,00451	HOLD	98,2349	192,6585
2024-02-29	13:00	62540,91	63676,35	62481,1	63000	LONG	0,00167	5981,87	0,00451	HOLD	98,2349	193,4251
2024-02-29	14:00	63000,01	63158,8	62548,75	62707,17	LONG	0,00167	5981,87	0,00451	HOLD	98,2349	192,9361
2024-02-29	15:00	62707,17	63125,55	62318,38	62785,28	LONG	0,00167	5981,87	0,00451	HOLD	98,2349	193,0666
2024-02-29	16:00	62785,29	62963,46	62259,14	62686,39	LONG	0,00167	5981,87	0,00451	HOLD	98,2349	192,9014
2024-02-29	17:00	62686,38	62779,69	62111,1	62703,29	LONG	0,00167	5981,87	0,00451	HOLD	98,2349	192,9296
2024-02-29	18:00	62703,29	63340,95	62602	62936,02	LONG	0,00167	5981,87	0,00451	HOLD	98,2349	193,3183
2024-02-29	19:00	62936,02	63035,88	62300,14	62661,05	LONG	0,00167	5981,87	0,00451	HOLD	98,2349	192,8591
2024-02-29	20:00	62661,05	63040	62051,11	62931,66	LONG	0,00167	5981,87	0,00451	HOLD	98,2349	193,311
2024-02-29	21:00	62931,66	63531,88	62761,1	62902,77	LONG	0,00167	5981,87	0,00451	HOLD	98,2349	193,2628
2024-02-29	22:00	62902,78	63288	62566,01	62768,02	LONG	0,00167	5981,87	0,00451	HOLD	98,2349	193,0377
2024-02-29	23:00	62768,01	62879,3	61501	62171,97	LONG	0,00167	5981,87	0,00451	HOLD	98,2349	192,0423
2024-03-01	00:00	62171,97	62406,7	60501	60982,35	LONG	0,00167	5981,87	0,00451	HOLD	98,2349	190,0557
2024-03-01	01:00	60982,35	61510	60364,7	60800	LONG	0,00167	5981,87	0,00451	HOLD	98,2349	189,7511
2024-03-01	02:00	60799,99	61635,95	60605,93	61600	LONG	0,00167	5981,87	0,00451	HOLD	98,2349	191,0871
2024-03-01	03:00	61599,99	62285,47	61521,73	61934,73	LONG	0,00167	5981,87	0,00451	HOLD	98,2349	191,6461
2024-03-01	04:00	61934,73	61999,75	60584,07	61374,94	LONG	0,00167	5981,87	0,00451	HOLD	98,2349	190,7113
2024-03-01	05:00	61374,95	61474,81	60672,82	61224,02	LONG	0,00167	5981,87	0,00451	HOLD	98,2349	190,4593
2024-03-01	06:00	61224,02	61536,94	60998,51	61130,98	LONG	0,00167	5981,87	0,00451	HOLD	98,2349	190,3039
2024-03-01	07:00	61130,99	61749	61126	61501,11	LONG	0,00167	5981,87	0,00451	HOLD	98,2349	190,922
2024-03-01	08:00	61501,1	61566,95	61125,4	61214,35	LONG	0,00167	5981,87	0,00451	HOLD	98,2349	190,4431
2024-03-01	09:00	61214,35	61214,36	60781,25	60980	LONG	0,00167	5981,87	0,00451	HOLD	98,2349	190,0517
2024-03-01	10:00	60980	61222,22	60777	61105,91	LONG	0,00167	5981,87	0,00451	HOLD	98,2349	190,262
2024-03-01	11:00	61105,92	61524,09	61061,11	61524,09	LONG	0,00167	5981,87	0,00451	HOLD	98,2349	190,9604
2024-03-01	12:00	61524,08	61546,35	61295,86	61312,01	LONG	0,00167	5981,87	0,00451	HOLD	98,2349	190,6062
2024-03-01	13:00	61312,01	61761	61201,1	61568,18	LONG	0,00167	5981,87	0,00451	HOLD	98,2349	191,034
2024-03-01	14:00	61568,18	61772,82	61383,98	61434	LONG	0,00167	5981,87	0,00451	HOLD	98,2349	190,8099
2024-03-01	15:00	61434	62243,53	61316,67	61908,62	LONG	0,00167	5981,87	0,00451	HOLD	98,2349	191,6025
2024-03-01	16:00	61908,63	62188	61854,33	62129,15	LONG	0,00167	5981,87	0,00451	HOLD	98,2349	191,9708
2024-03-01	17:00	62129,14	62188	61859,29	61991,11	LONG	0,00167	5981,87	0,00451	HOLD	98,2349	191,7403
2024-03-01	18:00	61991,1	62110	61811,01	61863,72	LONG	0,00167	5981,87	0,00451	HOLD	98,2349	191,5276
2024-03-01	19:00	61863,71	62574,99	61855,1	62230	LONG	0,00167	5981,87	0,00451	HOLD	98,2349	192,1392
2024-03-01	20:00	62230,01	62677,06	62193,55	62457,98	LONG	0,00167	5981,87	0,00451	HOLD	98,2349	192,52
2024-03-01	21:00	62457,99	62486	61525,66	61948,3	LONG	0,00167	5981,87	0,00451	HOLD	98,2349	191,6688
2024-03-01	22:00	61948,3	62181,81	61131,01	61263,99	LONG	0,00167	5981,87	0,00451	HOLD	98,2349	190,526
2024-03-01	23:00	61263,98	61626,16	61234	61427,38	LONG	0,00167	5981,87	0,00451	HOLD	98,2349	190,7989
2024-03-02	00:00	61427,38	62097,38	61427,37	61909,98	LONG	0,00167	5981,87	0,00451	HOLD	98,2349	191,6048
2024-03-02	01:00	61909,98	62494,31	61822,82	62333,52	LONG	0,00167	5981,87	0,00451	HOLD	98,2349	192,3121
2024-03-02	02:00	62333,52	62361,15	61964,11	62215,5	LONG	0,00167	5981,87	0,00451	HOLD	98,2349	192,115
2024-03-02	03:00	62215,51	63114,23	62215,5	62861,11	LONG	0,00167	5981,87	0,00451	HOLD	98,2349	193,1932
2024-03-02	04:00	62861,1	62884,36	62258,83	62520,47	LONG	0,00167	5981,87	0,00451	HOLD	98,2349	192,6243
2024-03-02	05:00	62520,47	62674,92	62318,32	62490,09	LONG	0,00167	5981,87	0,00451	HOLD	98,2349	192,5736
2024-03-02	06:00	62490,09	62725,92	62355,3	62387,9	LONG	0,00167	5981,87	0,00451	HOLD	98,2349	192,4029
2024-03-02	07:00	62387,9	62433,19	62101,78	62299,99	LONG	0,00167	5981,87	0,00451	HOLD	98,2349	192,2561
2024-03-02	08:00	62300	62306,7	61950	62030,01	LONG	0,00167	5981,87	0,00451	HOLD	98,2349	191,8053
2024-03-02	09:00	62030,01	62216,71	61949,03	62111,18	LONG	0,00167	5981,87	0,00451	HOLD	98,2349	191,9408
2024-03-02	10:00	62111,18	62426,7	62025	62307,45	LONG	0,00167	5981,87	0,00451	HOLD	98,2349	192,2686
2024-03-02	11:00	62307,45	62307,45	62035,95	62035,95	LONG	0,00167	5981,87	0,00451	HOLD	98,2349	191,8152
2024-03-02	12:00	62035,95	62079,99	61752,3	62006,55	LONG	0,00167	5981,87	0,00451	HOLD	98,2349	191,7661
2024-03-02	13:00	62006,55	62256	61930	61946	LONG	0,00167	5981,87	0,00451	HOLD	98,2349	191,665
2024-03-02	14:00	61946	62041,7	61790,98	62011,85	LONG	0,00167	5981,87	0,00451	HOLD	98,2349	191,7749
2024-03-02	15:00	62011,85	62123	61779,61	61939,64	LONG	0,00167	5981,87	0,00451	HOLD	98,2349	191,6543
2024-03-02	16:00	61939,63	61988	61641,1	61843,06	LONG	0,00167	5981,87	0,00451	HOLD	98,2349	191,4931
2024-03-02	17:00	61843,07	62020	61806,46	61904,86	LONG	0,00167	5981,87	0,00451	HOLD	98,2349	191,5963
2024-03-02	18:00	61904,86	62040	61826,32	61826,32	LONG	0,00167	5981,87	0,00451	HOLD	98,2349	191,4651
2024-03-02	19:00	61826,32	62167,79	61820	62078,66	LONG	0,00167	5981,87	0,00451	HOLD	98,2349	191,8865
2024-03-02	20:00	62078,66	62078,66	61803,69	61803,69	LONG	0,00167	5981,87	0,00451	HOLD	98,2349	191,4273
2024-03-02	21:00	61803,69	61911,41	61561,12	61840,12	LONG	0,00167	5981,87	0,00451	HOLD	98,2349	191,4881
2024-03-02	22:00	61840,12	61981,71	61709,89	61771,2	LONG	0,00167	5981,87	0,00451	HOLD	98,2349	191,373
2024-03-02	23:00	61771,21	61873,69	61625	61854,29	LONG	0,00167	5981,87	0,00451	HOLD	98,2349	191,5118
2024-03-03	00:00	61854,29	61944,97	61740,21	61761,11	LONG	0,00167	5981,87	0,00451	HOLD	98,2349	191,3562
2024-03-03	01:00	61761,12	62024,3	61741,1	62024,29	LONG	0,00167	5981,87	0,00451	HOLD	98,2349	191,7957
2024-03-03	02:00	62024,29	62114,77	61954	62114,77	LONG	0,00167	5981,87	0,00451	HOLD	98,2349	191,9468
2024-03-03	03:00	62114,76	62200	61762,05	61873,2	LONG	0,00167	5981,87	0,00451	HOLD	98,2349	191,5434
2024-03-03	04:00	61873,19	62020,35	61821,67	61898,73	LONG	0,00167	5981,87	0,00451	HOLD	98,2349	191,586
2024-03-03	05:00	61898,73	61944,22	61685,01	61685,02	LONG	0,00167	5981,87	0,00451	HOLD	98,2349	191,2291
2024-03-03	06:00	61685,01	62071,76	61685,01	61987,28	LONG	0,00167	5981,87	0,00451	HOLD	98,2349	191,7339
2024-03-03	07:00	61987,28	61996,17	61731,71	61736,9	LONG	0,00167	5981,87	0,00451	HOLD	98,2349	191,3158
2024-03-03	08:00	61736,9	61900,04	61733,25	61795,53	LONG	0,00167	5981,87	0,00451	HOLD	98,2349	191,4137
2024-03-03	09:00	61795,52	61808,74	61642,39	61808,73	LONG	0,00167	5981,87	0,00451	HOLD	98,2349	191,4357
2024-03-03	10:00	61808,73	62000	61785,86	61931,09	LONG	0,00167	5981,87	0,00451	HOLD	98,2349	191,6401
2024-03-03	11:00	61931,09	62100	61905,01	62016,25	LONG	0,00167	5981,87	0,00451	HOLD	98,2349	191,7823
2024-03-03	12:00	62016,25	62044,26	61900	61900	LONG	0,00167	5981,87	0,00451	HOLD	98,2349	191,5881
2024-03-03	13:00	61900	62043	61763,32	61865,01	LONG	0,00167	5981,87	0,00451	HOLD	98,2349	191,5297
2024-03-03	14:00	61865,01	61893,74	61320	61598	LONG	0,00167	5981,87	0,00451	HOLD	98,2349	191,0838
2024-03-03	15:00	61598,01	61710,52	61393,83	61597,11	LONG	0,00167	5981,87	0,00451	HOLD	98,2349	191,0823
2024-03-03	16:00	61597,1	61890,96	61556	61715,05	LONG	0,00167	5981,87	0,00451	HOLD	98,2349	191,2793
2024-03-03	17:00	61715,05	61807,3	61606,68	61655,57	LONG	0,00167	5981,87	0,00451	HOLD	98,2349	191,1799
2024-03-03	18:00	61655,58	61831,1	61616,31	61831,1	LONG	0,00167	5981,87	0,00451	HOLD	98,2349	191,4731
2024-03-03	19:00	61831,1	62640,18	61821,09	62184,02	LONG	0,00167	5981,87	0,00451	HOLD	98,2349	192,0625
2024-03-03	20:00	62184,03	62414,24	61954,2	62393,86	LONG	0,00167	5981,87	0,00451	HOLD	98,2349	192,4129
2024-03-03	21:00	62393,85	62440,89	62102,68	62102,68	LONG	0,00167	5981,87	0,00451	HOLD	98,2349	191,9266
2024-03-03	22:00	62102,68	62259,63	62102,68	62164,63	LONG	0,00167	5981,87	0,00451	HOLD	98,2349	192,0301
2024-03-03	23:00	62164,63	62861,91	62088	62845,15	LONG	0,00167	5981,87	0,00451	HOLD	98,2349	193,1665
2024-03-04	00:00	62845,14	62989	62458,01	62570,01	LONG	0,00167	5981,87	0,00451	HOLD	98,2349	192,7071
2024-03-04	01:00	62570,01	62863,68	62570	62811,1	LONG	0,00167	5981,87	0,00451	HOLD	98,2349	193,1097
2024-03-04	02:00	62811,1	62857	62653,89	62730	LONG	0,00167	5981,87	0,00451	HOLD	98,2349	192,9742
2024-03-04	03:00	62730	62859,99	62580	62757,99	LONG	0,00167	5981,87	0,00451	HOLD	98,2349	193,021
2024-03-04	04:00	62758	62828,18	62623,76	62827,11	LONG	0,00167	5981,87	0,00451	HOLD	98,2349	193,1364
2024-03-04	05:00	62827,11	63231,88	62700	62827,43	LONG	0,00167	5981,87	0,00451	HOLD	98,2349	193,137
2024-03-04	06:00	62827,42	63151,65	62700	63113,97	LONG	0,00167	5981,87	0,00451	HOLD	98,2349	193,6155
2024-03-04	07:00	63113,97	64268,24	62300	63459,3	LONG	0,00167	5981,87	0,00451	HOLD	98,2349	194,1922
2024-03-04	08:00	63459,29	63833,02	63251,1	63512,41	LONG	0,00167	5981,87	0,00451	HOLD	98,2349	194,2809
2024-03-04	09:00	63512,42	63881,66	63100	63687,43	LONG	0,00167	5981,87	0,00451	HOLD	98,2349	194,5732
2024-03-04	10:00	63687,42	63754,45	63355	63458,72	LONG	0,00167	5981,87	0,00451	HOLD	98,2349	194,1912
2024-03-04	11:00	63458,71	63775	63366,31	63634,36	LONG	0,00167	5981,87	0,00451	HOLD	98,2349	194,4845
2024-03-04	12:00	63634,36	63706	63210	63358	LONG	0,00167	5981,87	0,00451	HOLD	98,2349	194,023
2024-03-04	13:00	63357,99	63698	63326,98	63689,17	LONG	0,00167	5981,87	0,00451	HOLD	98,2349	194,5761
2024-03-04	14:00	63689,16	64300	63480,64	64066,62	LONG	0,00167	5981,87	0,00451	HOLD	98,2349	195,2064
2024-03-04	15:00	64066,62	65500	64000,11	65241,08	LONG	0,00167	5981,87	0,00451	HOLD	98,2349	197,1677
2024-03-04	16:00	65241,08	65555	64625,59	65290,29	LONG	0,00167	5981,87	0,00451	HOLD	98,2349	197,2499
2024-03-04	17:00	65290,29	65311,1	64723,5	65068,18	LONG	0,00167	5981,87	0,00451	HOLD	98,2349	196,879
2024-03-04	18:00	65068,18	65230	64812,9	65230	LONG	0,00167	5981,87	0,00451	HOLD	98,2349	197,1492
2024-03-04	19:00	65229,99	65250,36	64868,66	65123,7	LONG	0,00167	5981,87	0,00451	HOLD	98,2349	196,9717
2024-03-04	20:00	65123,69	65646,11	65039,66	65111,21	LONG	0,00167	5981,87	0,00451	HOLD	98,2349	196,9509
2024-03-04	21:00	65111,22	66382,19	64533,67	66169,41	LONG	0,00167	5981,87	0,00451	HOLD	98,2349	198,7181
2024-03-04	22:00	66169,41	66580,29	65843,17	66451,65	LONG	0,00167	5981,87	0,00451	HOLD	98,2349	199,1894
2024-03-04	23:00	66451,65	66800	66039,31	66539,82	LONG	0,00167	5981,87	0,00451	HOLD	98,2349	199,3366
2024-03-05	00:00	66539,82	67524,99	66160,23	66858,74	LONG	0,00167	5981,87	0,00451	HOLD	98,2349	199,8692
2024-03-05	01:00	66858,74	67080	66100	66617,57	LONG	0,00167	5981,87	0,00451	HOLD	98,2349	199,4665
2024-03-05	02:00	66617,57	67450	66320,6	67405,26	LONG	0,00167	5981,87	0,00451	HOLD	98,2349	200,7819
2024-03-05	03:00	67405,25	67770	67062,5	67427,16	LONG	0,00167	5981,87	0,00451	HOLD	98,2349	200,8185
2024-03-05	04:00	67427,17	67644,59	66755,79	67404,86	LONG	0,00167	5981,87	0,00451	HOLD	98,2349	200,7813
2024-03-05	05:00	67404,85	67929,12	67245,28	67929,11	LONG	0,00167	5981,87	0,00451	HOLD	98,2349	201,6568
2024-03-05	06:00	67929,12	68499	67448,92	68245,71	LONG	0,00167	5981,87	0,00451	HOLD	98,2349	202,1855
2024-03-05	07:00	68245,71	68443,72	67767,76	68034,01	LONG	0,00167	5981,87	0,00451	HOLD	98,2349	201,8319
2024-03-05	08:00	68034	68686,8	67981,1	68506,04	LONG	0,00167	5981,87	0,00451	HOLD	98,2349	202,6202
2024-03-05	09:00	68506,05	68543,08	67741,55	68137,81	LONG	0,00167	5981,87	0,00451	HOLD	98,2349	202,0053
2024-03-05	10:00	68137,81	68223,3	67535,31	68113,94	LONG	0,00167	5981,87	0,00451	HOLD	98,2349	201,9654
2024-03-05	11:00	68113,95	68384,54	66785,31	67326,17	LONG	0,00167	5981,87	0,00451	HOLD	98,2349	200,6498
2024-03-05	12:00	67326,18	67326,18	65089	66961,09	LONG	0,00167	5981,87	0,00451	HOLD	98,2349	200,0402
2024-03-05	13:00	66961,1	67465,2	66624,36	67286,8	LONG	0,00167	5981,87	0,00451	HOLD	98,2349	200,5841
2024-03-05	14:00	67286,8	67344,89	66100	66129,64	LONG	0,00167	5981,87	0,00451	HOLD	98,2349	198,6516
2024-03-05	15:00	66129,64	66884,72	65515,15	66866,75	LONG	0,00167	5981,87	0,00451	HOLD	98,2349	199,8826
2024-03-05	16:00	66866,75	66880,65	66052	66407,89	LONG	0,00167	5981,87	0,00451	HOLD	98,2349	199,1163
2024-03-05	17:00	66407,88	67150	66407,88	66810,18	LONG	0,00167	5981,87	0,00451	HOLD	98,2349	199,7881
2024-03-05	18:00	66810,18	66895,61	66490	66656,31	LONG	0,00167	5981,87	0,00451	HOLD	98,2349	199,5312
2024-03-05	19:00	66656,32	67326,52	66581,81	67325,03	LONG	0,00167	5981,87	0,00451	HOLD	98,2349	200,6479
2024-03-05	20:00	67325,03	68025,94	67312,38	67770,01	LONG	0,00167	5981,87	0,00451	HOLD	98,2349	201,3911
2024-03-05	21:00	67770,02	68789	67244	68710,41	LONG	0,00167	5981,87	0,00451	HOLD	98,2349	202,9615
2024-03-05	22:00	68710,41	69000	66370	66773,05	LONG	0,00167	5981,87	0,00451	HOLD	98,2349	199,7261
2024-03-05	23:00	66773,05	66996,36	64539,21	65495,98	LONG	0,00167	5981,87	0,00451	HOLD	98,2349	197,5934
2024-03-06	00:00	65495,98	65628,16	63370,56	65575,2	LONG	0,00167	5981,87	0,00451	HOLD	98,2349	197,7257
2024-03-06	01:00	65575,21	65575,21	63677,96	63988,37	LONG	0,00167	5981,87	0,00451	HOLD	98,2349	195,0757
2024-03-06	02:00	63988,37	64244,49	59005	61410,98	LONG	0,00167	5981,87	0,00451	HOLD	98,2349	190,7715
2024-03-06	03:00	61410,98	63158,52	61167,91	61886,32	LONG	0,00167	5981,87	0,00451	HOLD	98,2349	191,5653
2024-03-06	04:00	61886,32	63979,99	61870	63264,24	LONG	0,00167	5981,87	0,00451	HOLD	98,2349	193,8664
2024-03-06	05:00	63264,23	63574,26	62471,62	63397,99	LONG	0,00167	5981,87	0,00451	HOLD	98,2349	194,0898
2024-03-06	06:00	63397,99	64367,27	63240,96	63724,01	LONG	0,00167	5981,87	0,00451	HOLD	98,2349	194,6342
2024-03-06	07:00	63724,01	64146,45	63390	63429,18	LONG	0,00167	5981,87	0,00451	HOLD	98,2349	194,1419
2024-03-06	08:00	63429,17	63780,06	63088,25	63108,6	LONG	0,00167	5981,87	0,00451	HOLD	98,2349	193,6065
2024-03-06	09:00	63108,6	63500	62779,14	62795	LONG	0,00167	5981,87	0,00451	HOLD	98,2349	193,0828
2024-03-06	10:00	62795	63373,14	62785,97	63263,21	LONG	0,00167	5981,87	0,00451	HOLD	98,2349	193,8647
2024-03-06	11:00	63263,22	64611,97	63263,21	64607,98	LONG	0,00167	5981,87	0,00451	HOLD	98,2349	196,1105
2024-03-06	12:00	64607,97	66414,79	64259,33	66406,8	LONG	0,00167	5981,87	0,00451	HOLD	98,2349	199,1145
2024-03-06	13:00	66406,8	66524	65711,22	65737,22	LONG	0,00167	5981,87	0,00451	HOLD	98,2349	197,9963
2024-03-06	14:00	65737,22	66761,1	65500	66676,46	LONG	0,00167	5981,87	0,00451	HOLD	98,2349	199,5648
2024-03-06	15:00	66676,46	67641,1	66568,03	66941,23	LONG	0,00167	5981,87	0,00451	HOLD	98,2349	200,007
2024-03-06	16:00	66941,22	67361,1	66041,63	66120,14	LONG	0,00167	5981,87	0,00451	HOLD	98,2349	198,6358
2024-03-06	17:00	66120,15	66764,7	66109,89	66660,36	LONG	0,00167	5981,87	0,00451	HOLD	98,2349	199,5379
2024-03-06	18:00	66660,36	67323	66397,01	67301,31	LONG	0,00167	5981,87	0,00451	HOLD	98,2349	200,6083
2024-03-06	19:00	67301,31	67592,31	64664,92	65929,5	LONG	0,00167	5981,87	0,00451	HOLD	98,2349	198,3174
2024-03-06	20:00	65929,5	66639,06	65316,19	66327,48	LONG	0,00167	5981,87	0,00451	HOLD	98,2349	198,982
2024-03-06	21:00	66327,47	67219,77	65870	65896,75	LONG	0,00167	5981,87	0,00451	HOLD	98,2349	198,2627
2024-03-06	22:00	65896,76	66680,91	65280,99	66481,12	LONG	0,00167	5981,87	0,00451	HOLD	98,2349	199,2386
2024-03-06	23:00	66481,12	67120,04	66221,1	67086	LONG	0,00167	5981,87	0,00451	HOLD	98,2349	200,2488
2024-03-07	00:00	67086,01	67347	66647,19	67324,84	LONG	0,00167	5981,87	0,00451	HOLD	98,2349	200,6476
2024-03-07	01:00	67324,84	67465	66610	67084,18	LONG	0,00167	5981,87	0,00451	HOLD	98,2349	200,2457
2024-03-07	02:00	67084,18	67230	66624,39	66739,48	LONG	0,00167	5981,87	0,00451	HOLD	98,2349	199,6701
2024-03-07	03:00	66739,49	67363,58	66661,1	66888,24	LONG	0,00167	5981,87	0,00451	HOLD	98,2349	199,9185
2024-03-07	04:00	66888,23	66888,24	66280	66417,72	LONG	0,00167	5981,87	0,00451	HOLD	98,2349	199,1327
2024-03-07	05:00	66417,72	66482,54	65896,25	65916,53	LONG	0,00167	5981,87	0,00451	HOLD	98,2349	198,2957
2024-03-07	06:00	65916,53	66256,34	65714,17	66074,04	LONG	0,00167	5981,87	0,00451	HOLD	98,2349	198,5588
2024-03-07	07:00	66074,04	66250,06	65700,79	66198,31	LONG	0,00167	5981,87	0,00451	HOLD	98,2349	198,7663
2024-03-07	08:00	66198,3	66430	65551	66410	LONG	0,00167	5981,87	0,00451	HOLD	98,2349	199,1198
2024-03-07	09:00	66409,99	66467,88	65870	66101,1	LONG	0,00167	5981,87	0,00451	HOLD	98,2349	198,604
2024-03-07	10:00	66101,1	66374,7	65836,86	65847,29	LONG	0,00167	5981,87	0,00451	HOLD	98,2349	198,1801
2024-03-07	11:00	65847,3	66164,75	65657,59	65843,57	LONG	0,00167	5981,87	0,00451	HOLD	98,2349	198,1739
2024-03-07	12:00	65843,58	66123,06	65662,72	65800	LONG	0,00167	5981,87	0,00451	HOLD	98,2349	198,1011
2024-03-07	13:00	65800	66192,4	65675,1	65871,97	LONG	0,00167	5981,87	0,00451	HOLD	98,2349	198,2213
2024-03-07	14:00	65871,98	66469,05	65781,1	66387,78	LONG	0,00167	5981,87	0,00451	HOLD	98,2349	199,0827
2024-03-07	15:00	66387,77	67014	66341,11	66665,41	LONG	0,00167	5981,87	0,00451	HOLD	98,2349	199,5464
2024-03-07	16:00	66665,4	66893,69	66523,14	66710,32	LONG	0,00167	5981,87	0,00451	HOLD	98,2349	199,6214
2024-03-07	17:00	66710,33	66944,15	66634,74	66898,35	LONG	0,00167	5981,87	0,00451	HOLD	98,2349	199,9354
2024-03-07	18:00	66898,35	67275,2	66456,27	66905,34	LONG	0,00167	5981,87	0,00451	HOLD	98,2349	199,9471
2024-03-07	19:00	66905,34	67113,9	66575,52	66712,44	LONG	0,00167	5981,87	0,00451	HOLD	98,2349	199,6249
2024-03-07	20:00	66712,43	67010	66592,52	66905,69	LONG	0,00167	5981,87	0,00451	HOLD	98,2349	199,9476
2024-03-07	21:00	66905,68	67899	66541,1	67024,98	LONG	0,00167	5981,87	0,00451	HOLD	98,2349	200,1469
2024-03-07	22:00	67024,99	67579,31	66750	67260,01	LONG	0,00167	5981,87	0,00451	HOLD	98,2349	200,5394
2024-03-07	23:00	67260,01	67466,07	67012	67304,02	LONG	0,00167	5981,87	0,00451	HOLD	98,2349	200,6129
2024-03-08	00:00	67304,01	67980	67224,46	67592,92	LONG	0,00167	5981,87	0,00451	HOLD	98,2349	201,0953
2024-03-08	01:00	67592,92	67770	67416,01	67601,21	LONG	0,00167	5981,87	0,00451	HOLD	98,2349	201,1092
2024-03-08	02:00	67601,21	67848,48	67215,7	67498,02	LONG	0,00167	5981,87	0,00451	HOLD	98,2349	200,9368
2024-03-08	03:00	67498,03	67914,74	67461,1	67537,67	LONG	0,00167	5981,87	0,00451	HOLD	98,2349	201,0031
2024-03-08	04:00	67537,67	67574,62	67061,1	67239,67	LONG	0,00167	5981,87	0,00451	HOLD	98,2349	200,5054
2024-03-08	05:00	67239,68	67481,1	66970,02	67102,18	LONG	0,00167	5981,87	0,00451	HOLD	98,2349	200,2758
2024-03-08	06:00	67102,19	67167,67	66810,32	66823,17	LONG	0,00167	5981,87	0,00451	HOLD	98,2349	199,8098
2024-03-08	07:00	66823,18	67107,49	66757	67072,65	LONG	0,00167	5981,87	0,00451	HOLD	98,2349	200,2265
2024-03-08	08:00	67072,65	67256,18	66810,89	66936,02	LONG	0,00167	5981,87	0,00451	HOLD	98,2349	199,9983
2024-03-08	09:00	66936,01	67120,13	66833,47	67117,37	LONG	0,00167	5981,87	0,00451	HOLD	98,2349	200,3012
2024-03-08	10:00	67117,37	67254,22	66988,96	67156,09	LONG	0,00167	5981,87	0,00451	HOLD	98,2349	200,3658
2024-03-08	11:00	67156,09	67238,2	66995	67069,22	LONG	0,00167	5981,87	0,00451	HOLD	98,2349	200,2207
2024-03-08	12:00	67069,22	67103,67	66782,22	66909,99	LONG	0,00167	5981,87	0,00451	HOLD	98,2349	199,9548
2024-03-08	13:00	66910	67590	66841,1	67563,6	LONG	0,00167	5981,87	0,00451	HOLD	98,2349	201,0464
2024-03-08	14:00	67563,6	67640,45	67153,74	67223,02	LONG	0,00167	5981,87	0,00451	HOLD	98,2349	200,4776
2024-03-08	15:00	67223,02	67390	67038,71	67208,55	LONG	0,00167	5981,87	0,00451	HOLD	98,2349	200,4534
2024-03-08	16:00	67208,56	67395	67040,76	67121,39	LONG	0,00167	5981,87	0,00451	HOLD	98,2349	200,3079
2024-03-08	17:00	67121,39	67396	67100	67336,66	LONG	0,00167	5981,87	0,00451	HOLD	98,2349	200,6674
2024-03-08	18:00	67336,66	67753,4	67258,38	67741,21	LONG	0,00167	5981,87	0,00451	HOLD	98,2349	201,343
2024-03-08	19:00	67741,22	67775,04	67366,24	67455,22	LONG	0,00167	5981,87	0,00451	HOLD	98,2349	200,8654
2024-03-08	20:00	67455,23	67878	67300	67770,96	LONG	0,00167	5981,87	0,00451	HOLD	98,2349	201,3926
2024-03-08	21:00	67770,95	68600	67550,85	68422	LONG	0,00167	5981,87	0,00451	HOLD	98,2349	202,4799
2024-03-08	22:00	68422	69990	67150	67617,6	LONG	0,00167	5981,87	0,00451	HOLD	98,2349	201,1365
2024-03-08	23:00	67617,6	67932,99	66082,66	67810,6	LONG	0,00167	5981,87	0,00451	HOLD	98,2349	201,4588
2024-03-09	00:00	67810,59	68797,74	67658,25	68340,01	LONG	0,00167	5981,87	0,00451	HOLD	98,2349	202,343
2024-03-09	01:00	68340	68799	68065,82	68578,01	LONG	0,00167	5981,87	0,00451	HOLD	98,2349	202,7404
2024-03-09	02:00	68578,01	68864	68116,84	68863,99	LONG	0,00167	5981,87	0,00451	HOLD	98,2349	203,218
2024-03-09	03:00	68864	69379	68816	69071,99	LONG	0,00167	5981,87	0,00451	HOLD	98,2349	203,5654
2024-03-09	04:00	69071,99	69181,1	67807,58	68182,39	LONG	0,00167	5981,87	0,00451	HOLD	98,2349	202,0797
2024-03-09	05:00	68182,38	68428,57	67997,21	68102,06	LONG	0,00167	5981,87	0,00451	HOLD	98,2349	201,9456
2024-03-09	06:00	68102,07	68387,4	68040	68124,19	LONG	0,00167	5981,87	0,00451	HOLD	98,2349	201,9825
2024-03-09	07:00	68124,2	68279	68003,86	68100,01	LONG	0,00167	5981,87	0,00451	HOLD	98,2349	201,9422
2024-03-09	08:00	68100	68158,35	67861,1	67910,95	LONG	0,00167	5981,87	0,00451	HOLD	98,2349	201,6264
2024-03-09	09:00	67910,94	68210	67876,9	68156,02	LONG	0,00167	5981,87	0,00451	HOLD	98,2349	202,0357
2024-03-09	10:00	68156,02	68275,74	68080,08	68247,34	LONG	0,00167	5981,87	0,00451	HOLD	98,2349	202,1882
2024-03-09	11:00	68247,34	68370	68133,27	68301,11	LONG	0,00167	5981,87	0,00451	HOLD	98,2349	202,278
2024-03-09	12:00	68301,11	68301,11	68150	68244,98	LONG	0,00167	5981,87	0,00451	HOLD	98,2349	202,1843
2024-03-09	13:00	68244,99	68520	68150,26	68426,01	LONG	0,00167	5981,87	0,00451	HOLD	98,2349	202,4866
2024-03-09	14:00	68426,01	68541,1	68280	68288,64	LONG	0,00167	5981,87	0,00451	HOLD	98,2349	202,2572
2024-03-09	15:00	68288,64	68453,12	68288,63	68300	LONG	0,00167	5981,87	0,00451	HOLD	98,2349	202,2761
2024-03-09	16:00	68300	68365,64	68155,81	68301,09	LONG	0,00167	5981,87	0,00451	HOLD	98,2349	202,278
2024-03-09	17:00	68301,1	68307,1	67933,93	68177,99	LONG	0,00167	5981,87	0,00451	HOLD	98,2349	202,0724
2024-03-09	18:00	68177,99	68347,07	68138	68299,99	LONG	0,00167	5981,87	0,00451	HOLD	98,2349	202,2761
2024-03-09	19:00	68300	68488	68200	68475,18	LONG	0,00167	5981,87	0,00451	HOLD	98,2349	202,5687
2024-03-09	20:00	68475,18	68521,1	68319,99	68345,57	LONG	0,00167	5981,87	0,00451	HOLD	98,2349	202,3522
2024-03-09	21:00	68345,56	68395,36	68100,01	68138,68	LONG	0,00167	5981,87	0,00451	HOLD	98,2349	202,0067
2024-03-09	22:00	68138,69	68350	68138,68	68288,2	LONG	0,00167	5981,87	0,00451	HOLD	98,2349	202,2564
2024-03-09	23:00	68288,19	68315,94	68000	68104,59	LONG	0,00167	5981,87	0,00451	HOLD	98,2349	201,9498
2024-03-10	00:00	68104,59	68232,04	68000	68153,86	LONG	0,00167	5981,87	0,00451	HOLD	98,2349	202,0321
2024-03-10	01:00	68153,86	68323,29	68121,69	68250,01	LONG	0,00167	5981,87	0,00451	HOLD	98,2349	202,1927
2024-03-10	02:00	68250	68325	68146,78	68193,51	LONG	0,00167	5981,87	0,00451	HOLD	98,2349	202,0983
2024-03-10	03:00	68193,51	68350	68193,51	68333,24	LONG	0,00167	5981,87	0,00451	HOLD	98,2349	202,3317
2024-03-10	04:00	68333,24	68425,7	68209,59	68376,13	LONG	0,00167	5981,87	0,00451	HOLD	98,2349	202,4033
2024-03-10	05:00	68376,13	68411,32	68316,41	68364,99	LONG	0,00167	5981,87	0,00451	HOLD	98,2349	202,3847
2024-03-10	06:00	68364,99	68433,17	68272	68313,27	LONG	0,00167	5981,87	0,00451	HOLD	98,2349	202,2983
2024-03-10	07:00	68313,28	68449,18	68200	68343,12	LONG	0,00167	5981,87	0,00451	HOLD	98,2349	202,3482
2024-03-10	08:00	68343,11	69216	68314,3	68939,55	LONG	0,00167	5981,87	0,00451	HOLD	98,2349	203,3442
2024-03-10	09:00	68939,56	69190	68769,57	68822,58	LONG	0,00167	5981,87	0,00451	HOLD	98,2349	203,1489
2024-03-10	10:00	68822,57	69140	68710	69136,79	LONG	0,00167	5981,87	0,00451	HOLD	98,2349	203,6736
2024-03-10	11:00	69136,78	69659,47	69024,62	69403,81	LONG	0,00167	5981,87	0,00451	HOLD	98,2349	204,1195
2024-03-10	12:00	69403,82	69510,05	69192,98	69330,32	LONG	0,00167	5981,87	0,00451	HOLD	98,2349	203,9968
2024-03-10	13:00	69330,33	69379,25	69071,69	69325,92	LONG	0,00167	5981,87	0,00451	HOLD	98,2349	203,9894
2024-03-10	14:00	69325,91	69439,38	69242,01	69347,16	LONG	0,00167	5981,87	0,00451	HOLD	98,2349	204,0249
2024-03-10	15:00	69347,16	69686,94	69331,48	69635,35	LONG	0,00167	5981,87	0,00451	HOLD	98,2349	204,5062
2024-03-10	16:00	69635,35	69844	69162	69776,31	LONG	0,00167	5981,87	0,00451	HOLD	98,2349	204,7416
2024-03-10	17:00	69776,32	69887,61	69550	69750,08	LONG	0,00167	5981,87	0,00451	HOLD	98,2349	204,6978
2024-03-10	18:00	69750,08	69835,75	69359,41	69568,46	LONG	0,00167	5981,87	0,00451	HOLD	98,2349	204,3945
2024-03-10	19:00	69568,45	69833,33	69421,87	69777,94	LONG	0,00167	5981,87	0,00451	HOLD	98,2349	204,7443
2024-03-10	20:00	69777,93	69820	69118	69313,56	LONG	0,00167	5981,87	0,00451	HOLD	98,2349	203,9688
2024-03-10	21:00	69313,55	69468	68641,1	69270	LONG	0,00167	5981,87	0,00451	HOLD	98,2349	203,896
2024-03-10	22:00	69269,99	69415,59	68965,66	69194,83	LONG	0,00167	5981,87	0,00451	HOLD	98,2349	203,7705
2024-03-10	23:00	69194,83	69768,58	69157,55	69426,42	LONG	0,00167	5981,87	0,00451	HOLD	98,2349	204,1573
2024-03-11	00:00	69426,41	69600	69350	69413,53	LONG	0,00167	5981,87	0,00451	HOLD	98,2349	204,1357
2024-03-11	01:00	69413,53	69471,56	69186,02	69233,97	LONG	0,00167	5981,87	0,00451	HOLD	98,2349	203,8359
2024-03-11	02:00	69233,96	69447,59	69111,89	69400,19	LONG	0,00167	5981,87	0,00451	HOLD	98,2349	204,1135
2024-03-11	03:00	69400,19	69470,01	69241,1	69310	LONG	0,00167	5981,87	0,00451	HOLD	98,2349	203,9628
2024-03-11	04:00	69310	69386,45	69086,77	69100	LONG	0,00167	5981,87	0,00451	HOLD	98,2349	203,6121
2024-03-11	05:00	69100	69100	68094,75	68418,59	LONG	0,00167	5981,87	0,00451	HOLD	98,2349	202,4742
2024-03-11	06:00	68418,59	68998,71	68357,49	68955,88	LONG	0,00167	5981,87	0,00451	HOLD	98,2349	203,3715
2024-03-11	07:00	68955,88	68955,9	67024,96	68095,99	LONG	0,00167	5981,87	0,00451	HOLD	98,2349	201,9354
2024-03-11	08:00	68095,99	68376	67584,2	68299,17	LONG	0,00167	5981,87	0,00451	HOLD	98,2349	202,2748
2024-03-11	09:00	68299,17	68518,3	68255,47	68314,71	LONG	0,00167	5981,87	0,00451	HOLD	98,2349	202,3007
2024-03-11	10:00	68314,72	68632,32	68283,6	68604,42	LONG	0,00167	5981,87	0,00451	HOLD	98,2349	202,7845
2024-03-11	11:00	68604,41	68812,21	68468,95	68540,12	LONG	0,00167	5981,87	0,00451	HOLD	98,2349	202,6771
2024-03-11	12:00	68540,12	68807,44	68501,1	68550,4	LONG	0,00167	5981,87	0,00451	HOLD	98,2349	202,6943
2024-03-11	13:00	68550,4	69371,81	68445,91	69319,79	LONG	0,00167	5981,87	0,00451	HOLD	98,2349	203,9792
2024-03-11	14:00	69319,79	71298	69275,61	71019,99	LONG	0,00167	5981,87	0,00451	HOLD	98,2349	206,8185
2024-03-11	15:00	71019,99	71658	71019,99	71190	LONG	0,00167	5981,87	0,00451	HOLD	98,2349	207,1024
2024-03-11	16:00	71190	71831,99	71150	71770	LONG	0,00167	5981,87	0,00451	HOLD	98,2349	208,071
2024-03-11	17:00	71770,01	71807,96	71461,1	71504,01	LONG	0,00167	5981,87	0,00451	HOLD	98,2349	207,6268
2024-03-11	18:00	71504	72226,3	71270,09	71487,2	LONG	0,00167	5981,87	0,00451	HOLD	98,2349	207,5988
2024-03-11	19:00	71487,21	72167,38	71304,2	71968,27	LONG	0,00167	5981,87	0,00451	HOLD	98,2349	208,4022
2024-03-11	20:00	71968,26	72380	71336	71503,97	LONG	0,00167	5981,87	0,00451	HOLD	98,2349	207,6268
2024-03-11	21:00	71503,97	72353,54	71492	72170,68	LONG	0,00167	5981,87	0,00451	HOLD	98,2349	208,7402
2024-03-11	22:00	72170,69	72661,1	72000	72010	LONG	0,00167	5981,87	0,00451	HOLD	98,2349	208,4718
2024-03-11	23:00	72010,01	72600	71795,29	72501,1	LONG	0,00167	5981,87	0,00451	HOLD	98,2349	209,292
2024-03-12	00:00	72501,11	72520	72223	72481,11	LONG	0,00167	5981,87	0,00451	HOLD	98,2349	209,2586
2024-03-12	01:00	72481,11	72598,69	72180	72480	LONG	0,00167	5981,87	0,00451	HOLD	98,2349	209,2567
2024-03-12	02:00	72479,99	72800	71760	71970	LONG	0,00167	5981,87	0,00451	HOLD	98,2349	208,405
2024-03-12	03:00	71970	72261,1	71836,36	72115,76	LONG	0,00167	5981,87	0,00451	HOLD	98,2349	208,6485
2024-03-12	04:00	72115,77	72594,13	72038,31	72517,32	LONG	0,00167	5981,87	0,00451	HOLD	98,2349	209,3191
2024-03-12	05:00	72517,32	72750	72392,57	72441,11	LONG	0,00167	5981,87	0,00451	HOLD	98,2349	209,1918
2024-03-12	06:00	72441,1	72444,66	72053,94	72078,1	LONG	0,00167	5981,87	0,00451	HOLD	98,2349	208,5856
2024-03-12	07:00	72078,1	72324	71985,89	71988,27	LONG	0,00167	5981,87	0,00451	HOLD	98,2349	208,4356
2024-03-12	08:00	71988,28	72470,41	71900	72433,34	LONG	0,00167	5981,87	0,00451	HOLD	98,2349	209,1788
2024-03-12	09:00	72433,34	72433,35	72138,64	72183,97	LONG	0,00167	5981,87	0,00451	HOLD	98,2349	208,7624
2024-03-12	10:00	72183,97	72241,85	71400	71619	LONG	0,00167	5981,87	0,00451	HOLD	98,2349	207,8189
2024-03-12	11:00	71619	72083,63	71301	71809,3	LONG	0,00167	5981,87	0,00451	HOLD	98,2349	208,1367
2024-03-12	12:00	71809,3	72071,42	71710	71981,11	LONG	0,00167	5981,87	0,00451	HOLD	98,2349	208,4236
2024-03-12	13:00	71981,1	72272,08	71441,1	72266,47	LONG	0,00167	5981,87	0,00451	HOLD	98,2349	208,9001
2024-03-12	14:00	72266,48	72355,15	72021,11	72121,1	LONG	0,00167	5981,87	0,00451	HOLD	98,2349	208,6574
2024-03-12	15:00	72121,1	72188,46	71388	71677,32	LONG	0,00167	5981,87	0,00451	HOLD	98,2349	207,9163
2024-03-12	16:00	71677,32	72085,06	71677,32	71936	LONG	0,00167	5981,87	0,00451	HOLD	98,2349	208,3483
2024-03-12	17:00	71936	71999	71647,14	71864	LONG	0,00167	5981,87	0,00451	HOLD	98,2349	208,228
2024-03-12	18:00	71864	72376	71860	72023,82	LONG	0,00167	5981,87	0,00451	HOLD	98,2349	208,4949
2024-03-12	19:00	72023,82	72294,17	71470	72193,19	LONG	0,00167	5981,87	0,00451	HOLD	98,2349	208,7778
2024-03-12	20:00	72193,18	72333,02	71704,56	72293,8	LONG	0,00167	5981,87	0,00451	HOLD	98,2349	208,9458
2024-03-12	21:00	72293,81	73000	71620	71666,79	LONG	0,00167	5981,87	0,00451	HOLD	98,2349	207,8987
2024-03-12	22:00	71666,8	72083,61	70800	71703,41	LONG	0,00167	5981,87	0,00451	HOLD	98,2349	207,9598
2024-03-12	23:00	71703,41	71829,11	70114,34	70507,37	LONG	0,00167	5981,87	0,00451	HOLD	98,2349	205,9625
2024-03-13	00:00	70507,38	71121,1	68620,82	71092,55	LONG	0,00167	5981,87	0,00451	HOLD	98,2349	206,9397
2024-03-13	01:00	71092,55	71497,49	70500	71410,21	LONG	0,00167	5981,87	0,00451	HOLD	98,2349	207,4702
2024-03-13	02:00	71410,2	71655	71206,79	71349,99	LONG	0,00167	5981,87	0,00451	HOLD	98,2349	207,3696
2024-03-13	03:00	71349,99	71350	70621,1	71037,63	LONG	0,00167	5981,87	0,00451	HOLD	98,2349	206,848
2024-03-13	04:00	71037,64	71120,55	70607,86	70845,21	LONG	0,00167	5981,87	0,00451	HOLD	98,2349	206,5266
2024-03-13	05:00	70845,22	71270,82	70680,51	71162,01	LONG	0,00167	5981,87	0,00451	HOLD	98,2349	207,0557
2024-03-13	06:00	71162,01	71550,05	71034,01	71452,01	LONG	0,00167	5981,87	0,00451	HOLD	98,2349	207,54
2024-03-13	07:00	71452	71745	71333,31	71410,68	LONG	0,00167	5981,87	0,00451	HOLD	98,2349	207,471
2024-03-13	08:00	71410,69	72100	71369,9	72005,37	LONG	0,00167	5981,87	0,00451	HOLD	98,2349	208,4641
2024-03-13	09:00	72005,38	72079,8	71867,06	71980	LONG	0,00167	5981,87	0,00451	HOLD	98,2349	208,4217
2024-03-13	10:00	71980	72217,79	71881,42	72057,43	LONG	0,00167	5981,87	0,00451	HOLD	98,2349	208,5511
2024-03-13	11:00	72057,43	72210	71920	72210	LONG	0,00167	5981,87	0,00451	HOLD	98,2349	208,8058
2024-03-13	12:00	72209,99	72210	71982,25	72152,39	LONG	0,00167	5981,87	0,00451	HOLD	98,2349	208,7096
2024-03-13	13:00	72152,39	72724,94	72110	72708	LONG	0,00167	5981,87	0,00451	HOLD	98,2349	209,6375
2024-03-13	14:00	72707,99	73182,22	72636,08	72855,16	LONG	0,00167	5981,87	0,00451	HOLD	98,2349	209,8833
2024-03-13	15:00	72855,15	73650,25	72820	73433,5	LONG	0,00167	5981,87	0,00451	HOLD	98,2349	210,8491
2024-03-13	16:00	73433,49	73607,8	73131	73306,52	LONG	0,00167	5981,87	0,00451	HOLD	98,2349	210,637
2024-03-13	17:00	73306,52	73387,21	73121,1	73256,02	LONG	0,00167	5981,87	0,00451	HOLD	98,2349	210,5527
2024-03-13	18:00	73256,01	73481,31	73041,43	73065,41	LONG	0,00167	5981,87	0,00451	HOLD	98,2349	210,2344
2024-03-13	19:00	73065,4	73180	72456	72810	LONG	0,00167	5981,87	0,00451	HOLD	98,2349	209,8078
2024-03-13	20:00	72809,99	73030,74	71634,52	72183,65	LONG	0,00167	5981,87	0,00451	HOLD	98,2349	208,7618
2024-03-13	21:00	72183,62	72910,38	72001,1	72352,8	LONG	0,00167	5981,87	0,00451	HOLD	98,2349	209,0443
2024-03-13	22:00	72352,79	73091,41	72289,03	72634,95	LONG	0,00167	5981,87	0,00451	HOLD	98,2349	209,5155
2024-03-13	23:00	72634,95	73000	72350	72995,91	LONG	0,00167	5981,87	0,00451	HOLD	98,2349	210,1183
2024-03-14	00:00	72995,92	73180	72660,99	72820,61	LONG	0,00167	5981,87	0,00451	HOLD	98,2349	209,8256
2024-03-14	01:00	72820,61	73263,99	72721,16	73133,59	LONG	0,00167	5981,87	0,00451	HOLD	98,2349	210,3482
2024-03-14	02:00	73133,59	73394,19	72778,88	73349,24	LONG	0,00167	5981,87	0,00451	HOLD	98,2349	210,7084
2024-03-14	03:00	73349,24	73410,22	72924,26	73088,73	LONG	0,00167	5981,87	0,00451	HOLD	98,2349	210,2733
2024-03-14	04:00	73088,72	73361,01	72940	73240,2	LONG	0,00167	5981,87	0,00451	HOLD	98,2349	210,5263
2024-03-14	05:00	73240,21	73268	72788,15	72951,83	LONG	0,00167	5981,87	0,00451	HOLD	98,2349	210,0447
2024-03-14	06:00	72951,82	73129,8	72896,46	73072,41	LONG	0,00167	5981,87	0,00451	HOLD	98,2349	210,2461
2024-03-14	07:00	73072,4	73169,44	72759,07	72842,77	LONG	0,00167	5981,87	0,00451	HOLD	98,2349	209,8626
2024-03-14	08:00	72842,77	72950,57	72500	72928,31	LONG	0,00167	5981,87	0,00451	HOLD	98,2349	210,0054
2024-03-14	09:00	72928,32	73220	72817,4	73012,73	LONG	0,00167	5981,87	0,00451	HOLD	98,2349	210,1464
2024-03-14	10:00	73012,74	73288,3	73009,11	73267,08	LONG	0,00167	5981,87	0,00451	HOLD	98,2349	210,5712
2024-03-14	11:00	73267,08	73658	72680	72961,08	LONG	0,00167	5981,87	0,00451	HOLD	98,2349	210,0601
2024-03-14	12:00	72961,09	73172	72734,22	73143,98	LONG	0,00167	5981,87	0,00451	HOLD	98,2349	210,3656
2024-03-14	13:00	73143,98	73600	73123,7	73577,35	LONG	0,00167	5981,87	0,00451	HOLD	98,2349	211,0893
2024-03-14	14:00	73577,35	73777	73100	73224	LONG	0,00167	5981,87	0,00451	HOLD	98,2349	210,4992
2024-03-14	15:00	73224	73528,11	73215,14	73321,11	LONG	0,00167	5981,87	0,00451	HOLD	98,2349	210,6614
2024-03-14	16:00	73321,1	73500	73156	73329,12	LONG	0,00167	5981,87	0,00451	HOLD	98,2349	210,6748
2024-03-14	17:00	73329,11	73335,96	72861,1	72983,59	LONG	0,00167	5981,87	0,00451	HOLD	98,2349	210,0977
2024-03-14	18:00	72983,59	73025	72627	72884	LONG	0,00167	5981,87	0,00451	HOLD	98,2349	209,9314
2024-03-14	19:00	72884,01	73047,16	72401	72829,93	LONG	0,00167	5981,87	0,00451	HOLD	98,2349	209,8411
2024-03-14	20:00	72829,94	72919,6	71360,8	71884,81	LONG	0,00167	5981,87	0,00451	HOLD	98,2349	208,2628
2024-03-14	21:00	71884,82	72536,03	71215	71690	LONG	0,00167	5981,87	0,00451	HOLD	98,2349	207,9374
2024-03-14	22:00	71689,99	72068,96	70543,64	70844,01	LONG	0,00167	5981,87	0,00451	HOLD	98,2349	206,5246
2024-03-14	23:00	70844	71445	69880	71337,63	LONG	0,00167	5981,87	0,00451	HOLD	98,2349	207,349
2024-03-15	00:00	71337,64	71458	70700	71036,01	LONG	0,00167	5981,87	0,00451	HOLD	98,2349	206,8453
2024-03-15	01:00	71036	71036,01	69309,38	70098,5	LONG	0,00167	5981,87	0,00451	HOLD	98,2349	205,2796
2024-03-15	02:00	70098,49	70441,1	68555	69415,09	LONG	0,00167	5981,87	0,00451	HOLD	98,2349	204,1383
2024-03-15	03:00	69415,09	71199	69303,75	70744,9	LONG	0,00167	5981,87	0,00451	HOLD	98,2349	206,3591
2024-03-15	04:00	70744,9	71132,73	70288,2	71105,58	LONG	0,00167	5981,87	0,00451	HOLD	98,2349	206,9615
2024-03-15	05:00	71105,58	71666,38	71083,34	71539,2	LONG	0,00167	5981,87	0,00451	HOLD	98,2349	207,6856
2024-03-15	06:00	71539,21	71709,9	71380	71388,94	LONG	0,00167	5981,87	0,00451	HOLD	98,2349	207,4347
2024-03-15	07:00	71388,94	72419,71	71254	71910,01	LONG	0,00167	5981,87	0,00451	HOLD	98,2349	208,3049
2024-03-15	08:00	71910,01	72068,42	71604,01	71631,99	LONG	0,00167	5981,87	0,00451	HOLD	98,2349	207,8406
2024-03-15	09:00	71632	71749,48	68000	69035,38	LONG	0,00167	5981,87	0,00451	HOLD	98,2349	203,5042
2024-03-15	10:00	69035,39	69440,91	66699	68224,01	LONG	0,00167	5981,87	0,00451	HOLD	98,2349	202,1492
2024-03-15	11:00	68224,01	68514,61	66904,98	67447,99	LONG	0,00167	5981,87	0,00451	HOLD	98,2349	200,8533
2024-03-15	12:00	67447,98	68250	67126,81	67441,1	LONG	0,00167	5981,87	0,00451	HOLD	98,2349	200,8418
2024-03-15	13:00	67441,09	68680	67426,29	68670	LONG	0,00167	5981,87	0,00451	HOLD	98,2349	202,894
2024-03-15	14:00	68669,99	68861,1	68130,25	68448,29	LONG	0,00167	5981,87	0,00451	HOLD	98,2349	202,5238
2024-03-15	15:00	68448,28	68600	67024	67066,26	LONG	0,00167	5981,87	0,00451	HOLD	98,2349	200,2158
2024-03-15	16:00	67066,25	68103,44	65600	67799,31	LONG	0,00167	5981,87	0,00451	HOLD	98,2349	201,44
2024-03-15	17:00	67799,31	68100	67230,55	67250,78	LONG	0,00167	5981,87	0,00451	HOLD	98,2349	200,5239
2024-03-15	18:00	67250,79	67888,09	66740,01	67757,76	LONG	0,00167	5981,87	0,00451	HOLD	98,2349	201,3706
2024-03-15	19:00	67757,75	68059,99	67475	67915,01	LONG	0,00167	5981,87	0,00451	HOLD	98,2349	201,6332
2024-03-15	20:00	67915	68667,61	67424,79	68474,26	LONG	0,00167	5981,87	0,00451	HOLD	98,2349	202,5672
2024-03-15	21:00	68474,26	68630,9	67868,01	68622,81	LONG	0,00167	5981,87	0,00451	HOLD	98,2349	202,8152
2024-03-15	22:00	68622,81	68746,69	68121,1	68157,07	LONG	0,00167	5981,87	0,00451	HOLD	98,2349	202,0374
2024-03-15	23:00	68157,07	68424,46	67520,01	67893,77	LONG	0,00167	5981,87	0,00451	HOLD	98,2349	201,5977
2024-03-16	00:00	67893,78	68334	67625	68221,1	LONG	0,00167	5981,87	0,00451	HOLD	98,2349	202,1444
2024-03-16	01:00	68221,09	70498,99	68214,8	70234	LONG	0,00167	5981,87	0,00451	HOLD	98,2349	205,5059
2024-03-16	02:00	70234	70650	68551,05	68964	LONG	0,00167	5981,87	0,00451	HOLD	98,2349	203,385
2024-03-16	03:00	68964	68966,5	67413,8	67871,99	LONG	0,00167	5981,87	0,00451	HOLD	98,2349	201,5614
2024-03-16	04:00	67871,98	68309,04	67832,46	68309,04	LONG	0,00167	5981,87	0,00451	HOLD	98,2349	202,2912
2024-03-16	05:00	68309,03	69192,37	68204,01	69104,3	LONG	0,00167	5981,87	0,00451	HOLD	98,2349	203,6193
2024-03-16	06:00	69104,3	69750	68801,1	69499,85	LONG	0,00167	5981,87	0,00451	HOLD	98,2349	204,2799
2024-03-16	07:00	69499,84	70043	69422,68	69639,99	LONG	0,00167	5981,87	0,00451	HOLD	98,2349	204,5139
2024-03-16	08:00	69640	69880	69056	69286,2	LONG	0,00167	5981,87	0,00451	HOLD	98,2349	203,9231
2024-03-16	09:00	69286,19	69320	68932,01	69073,14	LONG	0,00167	5981,87	0,00451	HOLD	98,2349	203,5673
2024-03-16	10:00	69073,15	69435,99	68974,79	69200,08	LONG	0,00167	5981,87	0,00451	HOLD	98,2349	203,7793
2024-03-16	11:00	69200,07	69296,8	68805,01	69011,01	LONG	0,00167	5981,87	0,00451	HOLD	98,2349	203,4635
2024-03-16	12:00	69011,01	69106,78	68600	68984,91	LONG	0,00167	5981,87	0,00451	HOLD	98,2349	203,4199
2024-03-16	13:00	68984,91	69231,84	68932	69186,91	LONG	0,00167	5981,87	0,00451	HOLD	98,2349	203,7573
2024-03-16	14:00	69186,92	69460,91	69141,1	69432,45	LONG	0,00167	5981,87	0,00451	HOLD	98,2349	204,1673
2024-03-16	15:00	69432,45	69436,24	68952	69021,96	LONG	0,00167	5981,87	0,00451	HOLD	98,2349	203,4818
2024-03-16	16:00	69021,97	69155,13	68842,07	68938,96	LONG	0,00167	5981,87	0,00451	HOLD	98,2349	203,3432
2024-03-16	17:00	68938,95	68990	68310,36	68427,54	LONG	0,00167	5981,87	0,00451	HOLD	98,2349	202,4891
2024-03-16	18:00	68427,54	68563,92	67725,53	68256,01	LONG	0,00167	5981,87	0,00451	HOLD	98,2349	202,2027
2024-03-16	19:00	68256	68457,13	67867,14	67884,01	LONG	0,00167	5981,87	0,00451	HOLD	98,2349	201,5814
2024-03-16	20:00	67884,02	68267,72	67644,82	67704,31	LONG	0,00167	5981,87	0,00451	HOLD	98,2349	201,2813
2024-03-16	21:00	67704,31	68229,88	67524	68194,2	LONG	0,00167	5981,87	0,00451	HOLD	98,2349	202,0995
2024-03-16	22:00	68194,19	68499,1	67846,88	68385,58	LONG	0,00167	5981,87	0,00451	HOLD	98,2349	202,4191
2024-03-16	23:00	68385,58	68407,94	68121,7	68187,05	LONG	0,00167	5981,87	0,00451	HOLD	98,2349	202,0875
2024-03-17	00:00	68187,05	68235	67121,14	67275,86	LONG	0,00167	5981,87	0,00451	HOLD	98,2349	200,5658
2024-03-17	01:00	67275,85	67388	66670	67030,6	LONG	0,00167	5981,87	0,00451	HOLD	98,2349	200,1562
2024-03-17	02:00	67030,6	67699	66890,2	66911,52	LONG	0,00167	5981,87	0,00451	HOLD	98,2349	199,9574
2024-03-17	03:00	66911,51	67538,49	66739,81	67129,19	LONG	0,00167	5981,87	0,00451	HOLD	98,2349	200,3209
2024-03-17	04:00	67129,19	67241,1	66015,89	66243,28	LONG	0,00167	5981,87	0,00451	HOLD	98,2349	198,8414
2024-03-17	05:00	66243,29	66786,44	65804	66361,11	LONG	0,00167	5981,87	0,00451	HOLD	98,2349	199,0382
2024-03-17	06:00	66361,11	66375,07	64780	65300,63	LONG	0,00167	5981,87	0,00451	HOLD	98,2349	197,2672
2024-03-17	07:00	65300,64	66305,54	65122,23	65220,55	LONG	0,00167	5981,87	0,00451	HOLD	98,2349	197,1335
2024-03-17	08:00	65220,55	66190	65220,55	66174,74	LONG	0,00167	5981,87	0,00451	HOLD	98,2349	198,727
2024-03-17	09:00	66174,74	66565	66030	66364,17	LONG	0,00167	5981,87	0,00451	HOLD	98,2349	199,0433
2024-03-17	10:00	66364,17	66576,39	66197,43	66538,99	LONG	0,00167	5981,87	0,00451	HOLD	98,2349	199,3353
2024-03-17	11:00	66538,99	66560	66261,13	66351,76	LONG	0,00167	5981,87	0,00451	HOLD	98,2349	199,0226
2024-03-17	12:00	66351,75	66531,61	66000	66235,68	LONG	0,00167	5981,87	0,00451	HOLD	98,2349	198,8287
2024-03-17	13:00	66235,67	66354,42	64940,13	64961,11	LONG	0,00167	5981,87	0,00451	HOLD	98,2349	196,7002
2024-03-17	14:00	64961,1	65776,87	64533	65636,67	LONG	0,00167	5981,87	0,00451	HOLD	98,2349	197,8284
2024-03-17	15:00	65636,68	66714,99	65290	66521,1	LONG	0,00167	5981,87	0,00451	HOLD	98,2349	199,3054
2024-03-17	16:00	66521,11	66817,33	66260	66461,25	LONG	0,00167	5981,87	0,00451	HOLD	98,2349	199,2054
2024-03-17	17:00	66461,25	67420,36	66410,01	67169,11	LONG	0,00167	5981,87	0,00451	HOLD	98,2349	200,3876
2024-03-17	18:00	67169,12	67515	66913,51	66955,49	LONG	0,00167	5981,87	0,00451	HOLD	98,2349	200,0308
2024-03-17	19:00	66955,49	67404,53	66436,92	66584,19	LONG	0,00167	5981,87	0,00451	HOLD	98,2349	199,4107
2024-03-17	20:00	66584,19	67481,09	66584,18	67127,11	LONG	0,00167	5981,87	0,00451	HOLD	98,2349	200,3174
2024-03-17	21:00	67127,11	67609,99	66892	67609,99	LONG	0,00167	5981,87	0,00451	HOLD	98,2349	201,1238
2024-03-17	22:00	67609,99	68111,45	67242,77	67965,5	LONG	0,00167	5981,87	0,00451	HOLD	98,2349	201,7175
2024-03-17	23:00	67965,51	68385,82	67769,86	68021,79	LONG	0,00167	5981,87	0,00451	HOLD	98,2349	201,8115
2024-03-18	00:00	68021,79	68693,75	67911,19	68550,22	LONG	0,00167	5981,87	0,00451	HOLD	98,2349	202,694
2024-03-18	01:00	68550,22	68619,37	68029,85	68172,4	LONG	0,00167	5981,87	0,00451	HOLD	98,2349	202,0631
2024-03-18	02:00	68172,41	68571,1	68099,91	68536,73	LONG	0,00167	5981,87	0,00451	HOLD	98,2349	202,6715
2024-03-18	03:00	68536,72	68666	68205,15	68269,06	LONG	0,00167	5981,87	0,00451	HOLD	98,2349	202,2245
2024-03-18	04:00	68269,05	68379,31	67953,35	68143,36	LONG	0,00167	5981,87	0,00451	HOLD	98,2349	202,0146
2024-03-18	05:00	68143,36	68904,4	68143,35	68228,01	LONG	0,00167	5981,87	0,00451	HOLD	98,2349	202,1559
2024-03-18	06:00	68228,01	68655,17	68075,38	68393,48	LONG	0,00167	5981,87	0,00451	HOLD	98,2349	202,4323
2024-03-18	07:00	68393,47	68425,97	67286,82	67301,94	LONG	0,00167	5981,87	0,00451	HOLD	98,2349	200,6094
2024-03-18	08:00	67301,94	67775	66800	67630,46	LONG	0,00167	5981,87	0,00451	HOLD	98,2349	201,158
2024-03-18	09:00	67630,45	68188,57	67400,01	67764,25	LONG	0,00167	5981,87	0,00451	HOLD	98,2349	201,3814
2024-03-18	10:00	67764,25	68150	67740,02	67972,01	LONG	0,00167	5981,87	0,00451	HOLD	98,2349	201,7284
2024-03-18	11:00	67972,01	68558,86	67704,01	68360,01	LONG	0,00167	5981,87	0,00451	HOLD	98,2349	202,3764
2024-03-18	12:00	68360,01	68956	68212,24	68693,43	LONG	0,00167	5981,87	0,00451	HOLD	98,2349	202,9332
2024-03-18	13:00	68693,43	68717,29	68400	68481,1	LONG	0,00167	5981,87	0,00451	HOLD	98,2349	202,5786
2024-03-18	14:00	68481,09	68481,1	68122,1	68218,38	LONG	0,00167	5981,87	0,00451	HOLD	98,2349	202,1398
2024-03-18	15:00	68218,38	68229,17	67300	68035,46	LONG	0,00167	5981,87	0,00451	HOLD	98,2349	201,8344
2024-03-18	16:00	68035,46	68226,73	67650	67843,98	LONG	0,00167	5981,87	0,00451	HOLD	98,2349	201,5146
2024-03-18	17:00	67843,98	68200	67700	68130	LONG	0,00167	5981,87	0,00451	HOLD	98,2349	201,9922
2024-03-18	18:00	68129,99	68483,96	68014,86	68253,4	LONG	0,00167	5981,87	0,00451	HOLD	98,2349	202,1983
2024-03-18	19:00	68253,39	68600	68027,32	68550,54	LONG	0,00167	5981,87	0,00451	HOLD	98,2349	202,6945
2024-03-18	20:00	68550,53	68627,81	67169,13	67552,39	LONG	0,00167	5981,87	0,00451	HOLD	98,2349	201,0276
2024-03-18	21:00	67552,4	67816,97	66644,15	66996,69	LONG	0,00167	5981,87	0,00451	HOLD	98,2349	200,0996
2024-03-18	22:00	66996,68	67482,11	66628,68	67467,19	LONG	0,00167	5981,87	0,00451	HOLD	98,2349	200,8853
2024-03-18	23:00	67467,19	68079,52	66968,95	67124,13	LONG	0,00167	5981,87	0,00451	HOLD	98,2349	200,3124
2024-03-19	00:00	67124,12	67486,15	66565,2	67388,27	LONG	0,00167	5981,87	0,00451	HOLD	98,2349	200,7536
2024-03-19	01:00	67388,28	67467,94	66944,1	67010	LONG	0,00167	5981,87	0,00451	HOLD	98,2349	200,1218
2024-03-19	02:00	67010,01	67437,5	66870,95	66936	LONG	0,00167	5981,87	0,00451	HOLD	98,2349	199,9983
2024-03-19	03:00	66936	67395,41	66935,99	67358,17	LONG	0,00167	5981,87	0,00451	HOLD	98,2349	200,7033
2024-03-19	04:00	67358,17	67896,55	67340,33	67621,51	LONG	0,00167	5981,87	0,00451	HOLD	98,2349	201,1431
2024-03-19	05:00	67621,51	67710	67294,02	67692	LONG	0,00167	5981,87	0,00451	HOLD	98,2349	201,2608
2024-03-19	06:00	67692	67999	67523	67609,99	LONG	0,00167	5981,87	0,00451	HOLD	98,2349	201,1238
2024-03-19	07:00	67610	68124,11	66861,1	67086,96	LONG	0,00167	5981,87	0,00451	HOLD	98,2349	200,2504
2024-03-19	08:00	67086,96	67181,09	65804,22	65851,61	LONG	0,00167	5981,87	0,00451	HOLD	98,2349	198,1873
2024-03-19	09:00	65851,6	66384,61	65501	65875,88	LONG	0,00167	5981,87	0,00451	HOLD	98,2349	198,2279
2024-03-19	10:00	65875,87	66041,78	64860	65876,01	LONG	0,00167	5981,87	0,00451	HOLD	98,2349	198,2281
2024-03-19	11:00	65876,01	65976,1	65031,8	65341,18	LONG	0,00167	5981,87	0,00451	HOLD	98,2349	197,3349
2024-03-19	12:00	65341,18	65615,38	64628	65214,3	LONG	0,00167	5981,87	0,00451	HOLD	98,2349	197,123
2024-03-19	13:00	65214,3	65435,61	64603,01	64927,99	LONG	0,00167	5981,87	0,00451	HOLD	98,2349	196,6449
2024-03-19	14:00	64927,99	64928	63577	64704,22	LONG	0,00167	5981,87	0,00451	HOLD	98,2349	196,2712
2024-03-19	15:00	64704,23	64710,69	63129	63464	LONG	0,00167	5981,87	0,00451	HOLD	98,2349	194,2
2024-03-19	16:00	63463,64	64200	62982,8	64141,84	LONG	0,00167	5981,87	0,00451	HOLD	98,2349	195,332
2024-03-19	17:00	64141,84	64146,15	62732	63256,01	LONG	0,00167	5981,87	0,00451	HOLD	98,2349	193,8527
2024-03-19	18:00	63256,01	63396	62505	63081,34	LONG	0,00167	5981,87	0,00451	HOLD	98,2349	193,561
2024-03-19	19:00	63081,34	63818,35	63000	63624	LONG	0,00167	5981,87	0,00451	HOLD	98,2349	194,4672
2024-03-19	20:00	63624	63861,1	63061,1	63564,01	LONG	0,00167	5981,87	0,00451	HOLD	98,2349	194,367
2024-03-19	21:00	63564,01	63564,01	62410,78	62888	LONG	0,00167	5981,87	0,00451	HOLD	98,2349	193,2381
2024-03-19	22:00	62888	64150	62600	64051,85	LONG	0,00167	5981,87	0,00451	HOLD	98,2349	195,1817
2024-03-19	23:00	64051,85	65040	63969,58	64972	LONG	0,00167	5981,87	0,00451	HOLD	98,2349	196,7184
2024-03-20	00:00	64971,99	65756	64630,14	64868,01	LONG	0,00167	5981,87	0,00451	HOLD	98,2349	196,5447
2024-03-20	01:00	64868,01	64943,39	64200	64716,59	LONG	0,00167	5981,87	0,00451	HOLD	98,2349	196,2918
2024-03-20	02:00	64716,58	65306,72	64386,3	64391,99	LONG	0,00167	5981,87	0,00451	HOLD	98,2349	195,7498
2024-03-20	03:00	64392	64500,12	63547,38	63770,38	LONG	0,00167	5981,87	0,00451	HOLD	98,2349	194,7117
2024-03-20	04:00	63770,37	64109,98	63534,12	63952,01	LONG	0,00167	5981,87	0,00451	HOLD	98,2349	195,015
2024-03-20	05:00	63952,01	64036,5	62461,58	62633,96	LONG	0,00167	5981,87	0,00451	HOLD	98,2349	192,8139
2024-03-20	06:00	62633,97	62812,24	61555	61937,4	LONG	0,00167	5981,87	0,00451	HOLD	98,2349	191,6506
2024-03-20	07:00	61937,41	63386,14	61840	63230,02	LONG	0,00167	5981,87	0,00451	HOLD	98,2349	193,8093
2024-03-20	08:00	63230,02	63240	61885	62374,86	LONG	0,00167	5981,87	0,00451	HOLD	98,2349	192,3812
2024-03-20	09:00	62374,87	63035,41	62226,61	62881,4	LONG	0,00167	5981,87	0,00451	HOLD	98,2349	193,2271
2024-03-20	10:00	62881,4	63466,21	61666	61860,81	LONG	0,00167	5981,87	0,00451	HOLD	98,2349	191,5227
2024-03-20	11:00	61860,82	62341,1	61111	61646,91	LONG	0,00167	5981,87	0,00451	HOLD	98,2349	191,1655
2024-03-20	12:00	61646,91	61774,25	60775	61549,53	LONG	0,00167	5981,87	0,00451	HOLD	98,2349	191,0029
2024-03-20	13:00	61549,54	62033,53	61520,64	61749,99	LONG	0,00167	5981,87	0,00451	HOLD	98,2349	191,3376
2024-03-20	14:00	61750	63198,83	61724,79	62957,85	LONG	0,00167	5981,87	0,00451	HOLD	98,2349	193,3548
2024-03-20	15:00	62957,85	63295	62668,8	62684,71	LONG	0,00167	5981,87	0,00451	HOLD	98,2349	192,8986
2024-03-20	16:00	62684,71	63369,58	62640	63215,9	LONG	0,00167	5981,87	0,00451	HOLD	98,2349	193,7857
2024-03-20	17:00	63215,91	63289,15	62841,1	63041,1	LONG	0,00167	5981,87	0,00451	HOLD	98,2349	193,4938
2024-03-20	18:00	63041,09	63957,74	62973,15	63392,94	LONG	0,00167	5981,87	0,00451	HOLD	98,2349	194,0814
2024-03-20	19:00	63392,95	64353,57	63175,17	64056,07	LONG	0,00167	5981,87	0,00451	HOLD	98,2349	195,1888
2024-03-20	20:00	64056,07	64059,59	63066,6	63608,83	LONG	0,00167	5981,87	0,00451	HOLD	98,2349	194,4419
2024-03-20	21:00	63608,83	64330	63453,01	64227,38	LONG	0,00167	5981,87	0,00451	HOLD	98,2349	195,4749
2024-03-20	22:00	64227,38	64395	63400,01	63600,37	LONG	0,00167	5981,87	0,00451	HOLD	98,2349	194,4278
2024-03-20	23:00	63600,37	63790	62022	63103,63	LONG	0,00167	5981,87	0,00451	HOLD	98,2349	193,5982
2024-03-21	00:00	63103,63	64776,72	62841,11	64107,58	LONG	0,00167	5981,87	0,00451	HOLD	98,2349	195,2748
2024-03-21	01:00	64107,58	65470	63952,39	65414,93	LONG	0,00167	5981,87	0,00451	HOLD	98,2349	197,4581
2024-03-21	02:00	65414,93	66000	65100,3	65784,46	LONG	0,00167	5981,87	0,00451	HOLD	98,2349	198,0752
2024-03-21	03:00	65784,47	67793	65656,41	67057,56	LONG	0,00167	5981,87	0,00451	HOLD	98,2349	200,2013
2024-03-21	04:00	67057,56	67899,99	66913,93	67676,15	LONG	0,00167	5981,87	0,00451	HOLD	98,2349	201,2343
2024-03-21	05:00	67676,15	68100	67355,21	67681,94	LONG	0,00167	5981,87	0,00451	HOLD	98,2349	201,244
2024-03-21	06:00	67681,94	68050,72	67424,11	67840,51	LONG	0,00167	5981,87	0,00451	HOLD	98,2349	201,5088
2024-03-21	07:00	67840,51	68240,47	67430	67656	LONG	0,00167	5981,87	0,00451	HOLD	98,2349	201,2007
2024-03-21	08:00	67656,01	67951,15	67656	67796,93	LONG	0,00167	5981,87	0,00451	HOLD	98,2349	201,436
2024-03-21	09:00	67796,94	67932,6	67500	67531,96	LONG	0,00167	5981,87	0,00451	HOLD	98,2349	200,9935
2024-03-21	10:00	67531,96	67740	66340	66654,45	LONG	0,00167	5981,87	0,00451	HOLD	98,2349	199,5281
2024-03-21	11:00	66654,46	66948	66479,46	66719,99	LONG	0,00167	5981,87	0,00451	HOLD	98,2349	199,6375
2024-03-21	12:00	66719,99	67082,06	66072,2	67009,51	LONG	0,00167	5981,87	0,00451	HOLD	98,2349	200,121
2024-03-21	13:00	67009,51	67330	66911,27	66980,01	LONG	0,00167	5981,87	0,00451	HOLD	98,2349	200,0718
2024-03-21	14:00	66980,01	67324	66920,7	66985,19	LONG	0,00167	5981,87	0,00451	HOLD	98,2349	200,0804
2024-03-21	15:00	66985,19	67659,53	66980	67283,55	LONG	0,00167	5981,87	0,00451	HOLD	98,2349	200,5787
2024-03-21	16:00	67283,54	67360	66650	66843,96	LONG	0,00167	5981,87	0,00451	HOLD	98,2349	199,8446
2024-03-21	17:00	66843,96	67020	66660	66966,84	LONG	0,00167	5981,87	0,00451	HOLD	98,2349	200,0498
2024-03-21	18:00	66966,83	67229,62	66740	67044	LONG	0,00167	5981,87	0,00451	HOLD	98,2349	200,1786
2024-03-21	19:00	67044,01	67469	67000	67244,01	LONG	0,00167	5981,87	0,00451	HOLD	98,2349	200,5126
2024-03-21	20:00	67244,01	67693,6	66620	66736,01	LONG	0,00167	5981,87	0,00451	HOLD	98,2349	199,6643
2024-03-21	21:00	66736,01	67395,2	66531,53	66860,07	LONG	0,00167	5981,87	0,00451	HOLD	98,2349	199,8715
2024-03-21	22:00	66860,07	66981,01	65885,96	66557,77	LONG	0,00167	5981,87	0,00451	HOLD	98,2349	199,3666
2024-03-21	23:00	66557,77	66826,75	66183,9	66791,93	LONG	0,00167	5981,87	0,00451	HOLD	98,2349	199,7577
2024-03-22	00:00	66791,93	67000	65666	65724,99	LONG	0,00167	5981,87	0,00451	HOLD	98,2349	197,9759
2024-03-22	01:00	65724,99	65867,92	64871,01	65133,67	LONG	0,00167	5981,87	0,00451	HOLD	98,2349	196,9884
2024-03-22	02:00	65133,66	65568,56	64956,26	65223,74	LONG	0,00167	5981,87	0,00451	HOLD	98,2349	197,1388
2024-03-22	03:00	65223,73	65946,66	64529,01	65479,93	LONG	0,00167	5981,87	0,00451	HOLD	98,2349	197,5666
2024-03-22	04:00	65479,94	65730	65100	65653,97	LONG	0,00167	5981,87	0,00451	HOLD	98,2349	197,8573
2024-03-22	05:00	65653,98	65857,27	65343,23	65392,19	LONG	0,00167	5981,87	0,00451	HOLD	98,2349	197,4201
2024-03-22	06:00	65392,2	65624,13	65282	65501,27	LONG	0,00167	5981,87	0,00451	HOLD	98,2349	197,6023
2024-03-22	07:00	65501,28	65985,44	65360	65794	LONG	0,00167	5981,87	0,00451	HOLD	98,2349	198,0911
2024-03-22	08:00	65793,99	65930	65212,73	65243,99	LONG	0,00167	5981,87	0,00451	HOLD	98,2349	197,1726
2024-03-22	09:00	65243,99	65717,19	65120,01	65644	LONG	0,00167	5981,87	0,00451	HOLD	98,2349	197,8406
2024-03-22	10:00	65644	66160	65570,89	65981,99	LONG	0,00167	5981,87	0,00451	HOLD	98,2349	198,4051
2024-03-22	11:00	65981,99	66288,02	65756,64	66144,85	LONG	0,00167	5981,87	0,00451	HOLD	98,2349	198,677
2024-03-22	12:00	66144,85	66434,48	65938,34	66430,01	LONG	0,00167	5981,87	0,00451	HOLD	98,2349	199,1533
2024-03-22	13:00	66430,01	66649,62	66305,79	66448,08	LONG	0,00167	5981,87	0,00451	HOLD	98,2349	199,1834
2024-03-22	14:00	66448,08	66448,09	66124,5	66178,01	LONG	0,00167	5981,87	0,00451	HOLD	98,2349	198,7324
2024-03-22	15:00	66178,01	66363,1	65805,23	65858,68	LONG	0,00167	5981,87	0,00451	HOLD	98,2349	198,1991
2024-03-22	16:00	65858,68	66053,7	65344,41	65481,99	LONG	0,00167	5981,87	0,00451	HOLD	98,2349	197,5701
2024-03-22	17:00	65482	65600	64540,01	64656,37	LONG	0,00167	5981,87	0,00451	HOLD	98,2349	196,1913
2024-03-22	18:00	64656,37	64956	64065,72	64233,9	LONG	0,00167	5981,87	0,00451	HOLD	98,2349	195,4858
2024-03-22	19:00	64233,9	64674,06	63924,42	64260,51	LONG	0,00167	5981,87	0,00451	HOLD	98,2349	195,5302
2024-03-22	20:00	64260,51	64433,27	62820	63058,61	LONG	0,00167	5981,87	0,00451	HOLD	98,2349	193,523
2024-03-22	21:00	63058,61	63465,3	62601,11	62739,99	LONG	0,00167	5981,87	0,00451	HOLD	98,2349	192,9909
2024-03-22	22:00	62739,99	64341,89	62634,58	63877,04	LONG	0,00167	5981,87	0,00451	HOLD	98,2349	194,8898
2024-03-22	23:00	63877,04	63883,97	62766,63	63270,62	LONG	0,00167	5981,87	0,00451	HOLD	98,2349	193,8771
2024-03-23	00:00	63270,61	63770,91	63260,01	63579,37	LONG	0,00167	5981,87	0,00451	HOLD	98,2349	194,3927
2024-03-23	01:00	63579,36	63974,12	63440	63745,83	LONG	0,00167	5981,87	0,00451	HOLD	98,2349	194,6707
2024-03-23	02:00	63745,84	64126,09	63440,29	63866,93	LONG	0,00167	5981,87	0,00451	HOLD	98,2349	194,8729
2024-03-23	03:00	63866,94	63978,86	63355,85	63501,66	LONG	0,00167	5981,87	0,00451	HOLD	98,2349	194,2629
2024-03-23	04:00	63501,67	63517,15	62260	62974	LONG	0,00167	5981,87	0,00451	HOLD	98,2349	193,3817
2024-03-23	05:00	62974	63236,03	62553,96	63022	LONG	0,00167	5981,87	0,00451	HOLD	98,2349	193,4619
2024-03-23	06:00	63022,01	63812	62985	63796,64	LONG	0,00167	5981,87	0,00451	HOLD	98,2349	194,7555
2024-03-23	07:00	63796,64	63804	63536,3	63571,99	LONG	0,00167	5981,87	0,00451	HOLD	98,2349	194,3804
2024-03-23	08:00	63572	64334,25	63544	64111,63	LONG	0,00167	5981,87	0,00451	HOLD	98,2349	195,2816
2024-03-23	09:00	64111,63	64374,91	63739	63861,79	LONG	0,00167	5981,87	0,00451	HOLD	98,2349	194,8643
2024-03-23	10:00	63861,78	63866	63000	63556	LONG	0,00167	5981,87	0,00451	HOLD	98,2349	194,3537
2024-03-23	11:00	63556	64090	63506,5	63880,63	LONG	0,00167	5981,87	0,00451	HOLD	98,2349	194,8958
2024-03-23	12:00	63880,62	64132,71	63720,76	64075,12	LONG	0,00167	5981,87	0,00451	HOLD	98,2349	195,2206
2024-03-23	13:00	64075,13	64289,98	63984	64166	LONG	0,00167	5981,87	0,00451	HOLD	98,2349	195,3724
2024-03-23	14:00	64166,01	64856,01	64162,02	64575,41	LONG	0,00167	5981,87	0,00451	HOLD	98,2349	196,0561
2024-03-23	15:00	64575,41	64857,14	64220	64521,99	LONG	0,00167	5981,87	0,00451	HOLD	98,2349	195,9669
2024-03-23	16:00	64522	64597,64	64186,21	64470	LONG	0,00167	5981,87	0,00451	HOLD	98,2349	195,88
2024-03-23	17:00	64470	64712,33	64204,09	64320,01	LONG	0,00167	5981,87	0,00451	HOLD	98,2349	195,6296
2024-03-23	18:00	64320	64629,62	64234	64629,62	LONG	0,00167	5981,87	0,00451	HOLD	98,2349	196,1466
2024-03-23	19:00	64629,61	64926,87	64537,75	64697,94	LONG	0,00167	5981,87	0,00451	HOLD	98,2349	196,2607
2024-03-23	20:00	64697,94	64721,4	64278,15	64596,06	LONG	0,00167	5981,87	0,00451	HOLD	98,2349	196,0906
2024-03-23	21:00	64596,06	65414,69	64387,45	65248	LONG	0,00167	5981,87	0,00451	HOLD	98,2349	197,1793
2024-03-23	22:00	65247,79	65350	64733,15	65104,05	LONG	0,00167	5981,87	0,00451	HOLD	98,2349	196,9389
2024-03-23	23:00	65104,06	65815,31	64892,25	65661,34	LONG	0,00167	5981,87	0,00451	HOLD	98,2349	197,8696
2024-03-24	00:00	65661,33	65999	65470,44	65652,7	LONG	0,00167	5981,87	0,00451	HOLD	98,2349	197,8552
2024-03-24	01:00	65652,7	65681,72	65270,01	65373,88	LONG	0,00167	5981,87	0,00451	HOLD	98,2349	197,3895
2024-03-24	02:00	65373,88	65485,15	64786,25	64872,9	LONG	0,00167	5981,87	0,00451	HOLD	98,2349	196,5529
2024-03-24	03:00	64872,9	65118,2	64672,93	65009,78	LONG	0,00167	5981,87	0,00451	HOLD	98,2349	196,7815
2024-03-24	04:00	65009,79	65199,97	64780	64944,69	LONG	0,00167	5981,87	0,00451	HOLD	98,2349	196,6728
2024-03-24	05:00	64944,68	65050,72	64744,55	64747,86	LONG	0,00167	5981,87	0,00451	HOLD	98,2349	196,3441
2024-03-24	06:00	64747,87	64810	63861,66	63990,01	LONG	0,00167	5981,87	0,00451	HOLD	98,2349	195,0785
2024-03-24	07:00	63990,02	64576,73	63954,85	64524	LONG	0,00167	5981,87	0,00451	HOLD	98,2349	195,9702
2024-03-24	08:00	64524	64723,16	64380	64470	LONG	0,00167	5981,87	0,00451	HOLD	98,2349	195,88
2024-03-24	09:00	64470,01	64539,99	64170	64278,06	LONG	0,00167	5981,87	0,00451	HOLD	98,2349	195,5595
2024-03-24	10:00	64278,05	64278,06	63922,85	63962,98	LONG	0,00167	5981,87	0,00451	HOLD	98,2349	195,0333
2024-03-24	11:00	63962,98	64250	63772,29	64218	LONG	0,00167	5981,87	0,00451	HOLD	98,2349	195,4592
2024-03-24	12:00	64218	64379,62	64103,33	64304,57	LONG	0,00167	5981,87	0,00451	HOLD	98,2349	195,6038
2024-03-24	13:00	64304,57	64418,54	64086,19	64218,94	LONG	0,00167	5981,87	0,00451	HOLD	98,2349	195,4608
2024-03-24	14:00	64218,93	64583,44	64027,77	64583,43	LONG	0,00167	5981,87	0,00451	HOLD	98,2349	196,0695
2024-03-24	15:00	64583,44	65259,42	64476	65244	LONG	0,00167	5981,87	0,00451	HOLD	98,2349	197,1726
2024-03-24	16:00	65244	65251,99	64800	64880,02	LONG	0,00167	5981,87	0,00451	HOLD	98,2349	196,5648
2024-03-24	17:00	64880,01	65368,66	64872	65098,01	LONG	0,00167	5981,87	0,00451	HOLD	98,2349	196,9288
2024-03-24	18:00	65098,01	65349,56	64958	65334,01	LONG	0,00167	5981,87	0,00451	HOLD	98,2349	197,3229
2024-03-24	19:00	65334	65783,88	65177,28	65646,77	LONG	0,00167	5981,87	0,00451	HOLD	98,2349	197,8452
2024-03-24	20:00	65646,76	65825	65262,8	65357,71	LONG	0,00167	5981,87	0,00451	HOLD	98,2349	197,3625
2024-03-24	21:00	65357,72	65925,19	65315,32	65649,99	LONG	0,00167	5981,87	0,00451	HOLD	98,2349	197,8506
2024-03-24	22:00	65650	65750,07	65433,22	65673,36	LONG	0,00167	5981,87	0,00451	HOLD	98,2349	197,8897
2024-03-24	23:00	65673,36	65838,88	65177,38	65249,04	LONG	0,00167	5981,87	0,00451	HOLD	98,2349	197,181
2024-03-25	00:00	65249,04	65539,01	64600,01	65345,99	LONG	0,00167	5981,87	0,00451	HOLD	98,2349	197,3429
2024-03-25	01:00	65345,99	66045,99	65340	65846,01	LONG	0,00167	5981,87	0,00451	HOLD	98,2349	198,178
2024-03-25	02:00	65846,01	66041,67	65667,66	65843,02	LONG	0,00167	5981,87	0,00451	HOLD	98,2349	198,173
2024-03-25	03:00	65843,02	66450	65730,6	66161,86	LONG	0,00167	5981,87	0,00451	HOLD	98,2349	198,7054
2024-03-25	04:00	66161,87	66666	66161,86	66530,01	LONG	0,00167	5981,87	0,00451	HOLD	98,2349	199,3203
2024-03-25	05:00	66530,01	67000	66480,01	66951,26	LONG	0,00167	5981,87	0,00451	HOLD	98,2349	200,0237
2024-03-25	06:00	66951,26	67628,69	66925,6	67209,99	LONG	0,00167	5981,87	0,00451	HOLD	98,2349	200,4558
2024-03-25	07:00	67210	67318,18	66503,97	66577,34	LONG	0,00167	5981,87	0,00451	HOLD	98,2349	199,3993
2024-03-25	08:00	66577,34	66997,01	66430	66556	LONG	0,00167	5981,87	0,00451	HOLD	98,2349	199,3637
2024-03-25	09:00	66556	66803,16	66385,06	66700,01	LONG	0,00167	5981,87	0,00451	HOLD	98,2349	199,6042
2024-03-25	10:00	66700,01	67350	66575,76	67350	LONG	0,00167	5981,87	0,00451	HOLD	98,2349	200,6896
2024-03-25	11:00	67350	67533,33	67034,01	67505,99	LONG	0,00167	5981,87	0,00451	HOLD	98,2349	200,9501
2024-03-25	12:00	67506	67740	67264,11	67350	LONG	0,00167	5981,87	0,00451	HOLD	98,2349	200,6896
2024-03-25	13:00	67350	67400	66928,57	67149,99	LONG	0,00167	5981,87	0,00451	HOLD	98,2349	200,3556
2024-03-25	14:00	67150	67277,56	66710	66821,19	LONG	0,00167	5981,87	0,00451	HOLD	98,2349	199,8065
2024-03-25	15:00	66821,19	67200	66792,4	66938,67	LONG	0,00167	5981,87	0,00451	HOLD	98,2349	200,0027
2024-03-25	16:00	66938,68	67100	66747,65	67055,96	LONG	0,00167	5981,87	0,00451	HOLD	98,2349	200,1986
2024-03-25	17:00	67055,96	67344,23	66840,9	66994,33	LONG	0,00167	5981,87	0,00451	HOLD	98,2349	200,0957
2024-03-25	18:00	66994,32	67020	66760	66810,15	LONG	0,00167	5981,87	0,00451	HOLD	98,2349	199,7881
2024-03-25	19:00	66810,15	67267,92	66780	67079,99	LONG	0,00167	5981,87	0,00451	HOLD	98,2349	200,2387
2024-03-25	20:00	67079,99	68000	66843,61	67984	LONG	0,00167	5981,87	0,00451	HOLD	98,2349	201,7484
2024-03-25	21:00	67984,01	69450	67677,45	69377,19	LONG	0,00167	5981,87	0,00451	HOLD	98,2349	204,075
2024-03-25	22:00	69377,2	70000	69136,88	69792,05	LONG	0,00167	5981,87	0,00451	HOLD	98,2349	204,7679
2024-03-25	23:00	69792,06	70273	69440,18	70154,42	LONG	0,00167	5981,87	0,00451	HOLD	98,2349	205,373
2024-03-26	00:00	70154,41	70844,44	70133,18	70559,09	LONG	0,00167	5981,87	0,00451	HOLD	98,2349	206,0488
2024-03-26	01:00	70559,08	70913,73	70364,8	70857,09	LONG	0,00167	5981,87	0,00451	HOLD	98,2349	206,5465
2024-03-26	02:00	70857,1	71000	70516,87	70960,89	LONG	0,00167	5981,87	0,00451	HOLD	98,2349	206,7198
2024-03-26	03:00	70960,89	71150	70684,84	70907,21	LONG	0,00167	5981,87	0,00451	HOLD	98,2349	206,6302
2024-03-26	04:00	70907,21	70941,1	69562,09	69853,57	LONG	0,00167	5981,87	0,00451	HOLD	98,2349	204,8706
2024-03-26	05:00	69853,58	70681,03	69850	70310	LONG	0,00167	5981,87	0,00451	HOLD	98,2349	205,6328
2024-03-26	06:00	70309,99	70469,99	69725,51	69880,01	LONG	0,00167	5981,87	0,00451	HOLD	98,2349	204,9148
2024-03-26	07:00	69880	70221,1	69732,8	69893	LONG	0,00167	5981,87	0,00451	HOLD	98,2349	204,9365
2024-03-26	08:00	69892,99	70323,79	69800	70284,19	LONG	0,00167	5981,87	0,00451	HOLD	98,2349	205,5897
2024-03-26	09:00	70284,19	70549,54	70045	70530	LONG	0,00167	5981,87	0,00451	HOLD	98,2349	206,0002
2024-03-26	10:00	70529,99	70606	70288	70423,11	LONG	0,00167	5981,87	0,00451	HOLD	98,2349	205,8217
2024-03-26	11:00	70423,11	70665,83	70401,11	70600,83	LONG	0,00167	5981,87	0,00451	HOLD	98,2349	206,1185
2024-03-26	12:00	70600,82	70609,17	70274,55	70300	LONG	0,00167	5981,87	0,00451	HOLD	98,2349	205,6161
2024-03-26	13:00	70300	70616,64	70260,3	70616,01	LONG	0,00167	5981,87	0,00451	HOLD	98,2349	206,1439
2024-03-26	14:00	70616,01	71561,1	70412,33	70486,38	LONG	0,00167	5981,87	0,00451	HOLD	98,2349	205,9274
2024-03-26	15:00	70486,38	70820	70268,66	70693,66	LONG	0,00167	5981,87	0,00451	HOLD	98,2349	206,2736
2024-03-26	16:00	70693,66	71280	70620	71142,23	LONG	0,00167	5981,87	0,00451	HOLD	98,2349	207,0227
2024-03-26	17:00	71142,24	71194,99	70865,73	70893,73	LONG	0,00167	5981,87	0,00451	HOLD	98,2349	206,6077
2024-03-26	18:00	70893,73	70906,72	70578	70693,16	LONG	0,00167	5981,87	0,00451	HOLD	98,2349	206,2727
2024-03-26	19:00	70693,17	71113,5	70524	71109,99	LONG	0,00167	5981,87	0,00451	HOLD	98,2349	206,9688
2024-03-26	20:00	71109,99	71136,63	70070	70389,99	LONG	0,00167	5981,87	0,00451	HOLD	98,2349	205,7664
2024-03-26	21:00	70389,99	70676,2	69280	70310	LONG	0,00167	5981,87	0,00451	HOLD	98,2349	205,6328
2024-03-26	22:00	70310,01	70348,05	69686,6	70250	LONG	0,00167	5981,87	0,00451	HOLD	98,2349	205,5326
2024-03-26	23:00	70250,01	70499	69412	69729,99	LONG	0,00167	5981,87	0,00451	HOLD	98,2349	204,6642
2024-03-27	00:00	69729,99	70200	69502	70066,55	LONG	0,00167	5981,87	0,00451	HOLD	98,2349	205,2263
2024-03-27	01:00	70066,54	70400	69927,49	69932	LONG	0,00167	5981,87	0,00451	HOLD	98,2349	205,0016
2024-03-27	02:00	69931,99	70081,1	69445,97	69477,67	LONG	0,00167	5981,87	0,00451	HOLD	98,2349	204,2429
2024-03-27	03:00	69477,66	69872	69401,72	69827,76	LONG	0,00167	5981,87	0,00451	HOLD	98,2349	204,8275
2024-03-27	04:00	69827,76	70197,05	69730	70000,68	LONG	0,00167	5981,87	0,00451	HOLD	98,2349	205,1163
2024-03-27	05:00	70000,67	70280	69652,01	70249,22	LONG	0,00167	5981,87	0,00451	HOLD	98,2349	205,5313
2024-03-27	06:00	70249,21	70305,33	69946,14	69988	LONG	0,00167	5981,87	0,00451	HOLD	98,2349	205,0951
2024-03-27	07:00	69987,99	70700	69840	70619,99	LONG	0,00167	5981,87	0,00451	HOLD	98,2349	206,1505
2024-03-27	08:00	70619,99	70739,65	70170,67	70326,74	LONG	0,00167	5981,87	0,00451	HOLD	98,2349	205,6608
2024-03-27	09:00	70326,74	70588	70175	70575,94	LONG	0,00167	5981,87	0,00451	HOLD	98,2349	206,077
2024-03-27	10:00	70575,94	70687,73	70310,01	70387,99	LONG	0,00167	5981,87	0,00451	HOLD	98,2349	205,7631
2024-03-27	11:00	70388	70487,37	70034,45	70190	LONG	0,00167	5981,87	0,00451	HOLD	98,2349	205,4324
2024-03-27	12:00	70190	70519,99	70154,37	70475,07	LONG	0,00167	5981,87	0,00451	HOLD	98,2349	205,9085
2024-03-27	13:00	70475,06	70598	70164,46	70309,99	LONG	0,00167	5981,87	0,00451	HOLD	98,2349	205,6328
2024-03-27	14:00	70310	70331,62	69640	69725,99	LONG	0,00167	5981,87	0,00451	HOLD	98,2349	204,6575
2024-03-27	15:00	69726	69991,71	69510	69547,91	LONG	0,00167	5981,87	0,00451	HOLD	98,2349	204,3602
2024-03-27	16:00	69547,91	70111	69407	70057,6	LONG	0,00167	5981,87	0,00451	HOLD	98,2349	205,2113
2024-03-27	17:00	70057,6	70200,4	69920	70112,01	LONG	0,00167	5981,87	0,00451	HOLD	98,2349	205,3022
2024-03-27	18:00	70112,01	70359,97	70021,1	70220,73	LONG	0,00167	5981,87	0,00451	HOLD	98,2349	205,4838
2024-03-27	19:00	70220,73	70375,39	69994,01	70186,18	LONG	0,00167	5981,87	0,00451	HOLD	98,2349	205,4261
2024-03-27	20:00	70186,17	71769,54	69645,04	69892	LONG	0,00167	5981,87	0,00451	HOLD	98,2349	204,9348
2024-03-27	21:00	69891,99	70218,08	68534,01	70050,74	LONG	0,00167	5981,87	0,00451	HOLD	98,2349	205,1999
2024-03-27	22:00	70050,74	70078,5	68868,59	68874	LONG	0,00167	5981,87	0,00451	HOLD	98,2349	203,2347
2024-03-27	23:00	68873,99	69310	68359,18	69244	LONG	0,00167	5981,87	0,00451	HOLD	98,2349	203,8526
2024-03-28	00:00	69244,01	69406	68600	68680,01	LONG	0,00167	5981,87	0,00451	HOLD	98,2349	202,9108
2024-03-28	01:00	68680,01	68925,6	68410	68475,61	LONG	0,00167	5981,87	0,00451	HOLD	98,2349	202,5694
2024-03-28	02:00	68475,6	68933,33	68468,01	68652	LONG	0,00167	5981,87	0,00451	HOLD	98,2349	202,864
2024-03-28	03:00	68652,01	69163,01	68630	68906,02	LONG	0,00167	5981,87	0,00451	HOLD	98,2349	203,2882
2024-03-28	04:00	68906,01	69250	68900	68941,99	LONG	0,00167	5981,87	0,00451	HOLD	98,2349	203,3483
2024-03-28	05:00	68942	69441,4	68919,46	69440,14	LONG	0,00167	5981,87	0,00451	HOLD	98,2349	204,1802
2024-03-28	06:00	69440,15	69637,66	69072,4	69469,99	LONG	0,00167	5981,87	0,00451	HOLD	98,2349	204,23
2024-03-28	07:00	69469,99	69980	69382	69682	LONG	0,00167	5981,87	0,00451	HOLD	98,2349	204,5841
2024-03-28	08:00	69682	69750,51	69300	69442,6	LONG	0,00167	5981,87	0,00451	HOLD	98,2349	204,1843
2024-03-28	09:00	69442,6	69578,81	68903,62	69146,89	LONG	0,00167	5981,87	0,00451	HOLD	98,2349	203,6904
2024-03-28	10:00	69146,9	69373,13	69068	69290	LONG	0,00167	5981,87	0,00451	HOLD	98,2349	203,9294
2024-03-28	11:00	69290	69764,7	69280	69717,22	LONG	0,00167	5981,87	0,00451	HOLD	98,2349	204,6429
2024-03-28	12:00	69717,22	69939,42	69610	69714,2	LONG	0,00167	5981,87	0,00451	HOLD	98,2349	204,6379
2024-03-28	13:00	69714,21	70400	69646	70363,74	LONG	0,00167	5981,87	0,00451	HOLD	98,2349	205,7226
2024-03-28	14:00	70363,74	70469,82	70192,71	70399,03	LONG	0,00167	5981,87	0,00451	HOLD	98,2349	205,7815
2024-03-28	15:00	70399,04	70865,58	70292,44	70578,1	LONG	0,00167	5981,87	0,00451	HOLD	98,2349	206,0806
2024-03-28	16:00	70578,1	70940,29	70527,36	70566	LONG	0,00167	5981,87	0,00451	HOLD	98,2349	206,0604
2024-03-28	17:00	70565,99	70848,8	70337,43	70800	LONG	0,00167	5981,87	0,00451	HOLD	98,2349	206,4511
2024-03-28	18:00	70800	70962,63	70521,11	70647,18	LONG	0,00167	5981,87	0,00451	HOLD	98,2349	206,1959
2024-03-28	19:00	70647,18	70850,7	70348,75	70839,16	LONG	0,00167	5981,87	0,00451	HOLD	98,2349	206,5165
2024-03-28	20:00	70839,15	71364,95	70397,96	70877,98	LONG	0,00167	5981,87	0,00451	HOLD	98,2349	206,5814
2024-03-28	21:00	70877,98	71552,06	70682,9	71537,97	LONG	0,00167	5981,87	0,00451	HOLD	98,2349	207,6836
2024-03-28	22:00	71537,97	71537,98	70974,96	71290,39	LONG	0,00167	5981,87	0,00451	HOLD	98,2349	207,2701
2024-03-28	23:00	71290,38	71320	70521,97	70686,95	LONG	0,00167	5981,87	0,00451	HOLD	98,2349	206,2623
2024-03-29	00:00	70686,96	70838,7	70450	70791,17	LONG	0,00167	5981,87	0,00451	HOLD	98,2349	206,4364
2024-03-29	01:00	70791,16	70975,99	70404	70550	LONG	0,00167	5981,87	0,00451	HOLD	98,2349	206,0336
2024-03-29	02:00	70550	70913,93	70482,33	70798,26	LONG	0,00167	5981,87	0,00451	HOLD	98,2349	206,4482
2024-03-29	03:00	70798,26	70876	70620,11	70674,08	LONG	0,00167	5981,87	0,00451	HOLD	98,2349	206,2409
2024-03-29	04:00	70674,08	70906,5	70654,77	70781,81	LONG	0,00167	5981,87	0,00451	HOLD	98,2349	206,4208
2024-03-29	05:00	70781,81	70882,17	70541,9	70848,01	LONG	0,00167	5981,87	0,00451	HOLD	98,2349	206,5313
2024-03-29	06:00	70848	71074,03	70687,94	70780,6	LONG	0,00167	5981,87	0,00451	HOLD	98,2349	206,4187
2024-03-29	07:00	70780,6	70827,99	70606	70735,8	LONG	0,00167	5981,87	0,00451	HOLD	98,2349	206,3439
2024-03-29	08:00	70735,79	70916,16	70647,06	70790,01	LONG	0,00167	5981,87	0,00451	HOLD	98,2349	206,4345
2024-03-29	09:00	70790,01	70815,8	70580,34	70619,27	LONG	0,00167	5981,87	0,00451	HOLD	98,2349	206,1493
2024-03-29	10:00	70619,28	70714	70274,07	70442,22	LONG	0,00167	5981,87	0,00451	HOLD	98,2349	205,8536
2024-03-29	11:00	70442,23	70538,78	70286	70365,05	LONG	0,00167	5981,87	0,00451	HOLD	98,2349	205,7248
2024-03-29	12:00	70365,05	70456,4	70176,97	70180,7	LONG	0,00167	5981,87	0,00451	HOLD	98,2349	205,4169
2024-03-29	13:00	70180,71	70478	70025	70438,02	LONG	0,00167	5981,87	0,00451	HOLD	98,2349	205,8466
2024-03-29	14:00	70438,01	70498,08	69746,33	69794	LONG	0,00167	5981,87	0,00451	HOLD	98,2349	204,7711
2024-03-29	15:00	69794,01	70084,01	69712	69932,99	LONG	0,00167	5981,87	0,00451	HOLD	98,2349	205,0032
2024-03-29	16:00	69933	70050	69566,2	69733,73	LONG	0,00167	5981,87	0,00451	HOLD	98,2349	204,6705
2024-03-29	17:00	69733,73	70125,95	69566	70108	LONG	0,00167	5981,87	0,00451	HOLD	98,2349	205,2955
2024-03-29	18:00	70108,01	70318	70062,11	70142,78	LONG	0,00167	5981,87	0,00451	HOLD	98,2349	205,3536
2024-03-29	19:00	70142,78	70299	69852,08	70150,01	LONG	0,00167	5981,87	0,00451	HOLD	98,2349	205,3657
2024-03-29	20:00	70150	70636,04	70050,54	70426,7	LONG	0,00167	5981,87	0,00451	HOLD	98,2349	205,8277
2024-03-29	21:00	70426,7	70500	70034,46	70061,83	LONG	0,00167	5981,87	0,00451	HOLD	98,2349	205,2184
2024-03-29	22:00	70061,83	70129,22	69009	69180	LONG	0,00167	5981,87	0,00451	HOLD	98,2349	203,7457
2024-03-29	23:00	69179,99	69591,43	69078,62	69176,47	LONG	0,00167	5981,87	0,00451	HOLD	98,2349	203,7398
2024-03-30	00:00	69176,46	69463,2	69100	69404,29	LONG	0,00167	5981,87	0,00451	HOLD	98,2349	204,1203
2024-03-30	01:00	69404,29	69602	69322,02	69513,98	LONG	0,00167	5981,87	0,00451	HOLD	98,2349	204,3035
2024-03-30	02:00	69513,98	69666	69360,6	69665,99	LONG	0,00167	5981,87	0,00451	HOLD	98,2349	204,5573
2024-03-30	03:00	69665,99	69711,06	69530	69615,59	LONG	0,00167	5981,87	0,00451	HOLD	98,2349	204,4732
2024-03-30	04:00	69615,59	69625,26	69290	69419,99	LONG	0,00167	5981,87	0,00451	HOLD	98,2349	204,1465
2024-03-30	05:00	69420	69820,89	69419,99	69808	LONG	0,00167	5981,87	0,00451	HOLD	98,2349	204,7945
2024-03-30	06:00	69807,99	69916,5	69746,09	69850,54	LONG	0,00167	5981,87	0,00451	HOLD	98,2349	204,8655
2024-03-30	07:00	69850,53	69936,95	69710	69932,9	LONG	0,00167	5981,87	0,00451	HOLD	98,2349	205,0031
2024-03-30	08:00	69932,89	70177,87	69826,36	69976,07	LONG	0,00167	5981,87	0,00451	HOLD	98,2349	205,0752
2024-03-30	09:00	69976,08	70010	69838,24	69934	LONG	0,00167	5981,87	0,00451	HOLD	98,2349	205,0049
2024-03-30	10:00	69934,01	70042,19	69750	69773,99	LONG	0,00167	5981,87	0,00451	HOLD	98,2349	204,7377
2024-03-30	11:00	69774	70100	69755,98	70068,52	LONG	0,00167	5981,87	0,00451	HOLD	98,2349	205,2296
2024-03-30	12:00	70068,51	70321,1	69866,67	70006,81	LONG	0,00167	5981,87	0,00451	HOLD	98,2349	205,1265
2024-03-30	13:00	70006,8	70098,39	69868,41	69960	LONG	0,00167	5981,87	0,00451	HOLD	98,2349	205,0483
2024-03-30	14:00	69960,01	70022,99	69852,08	69852,18	LONG	0,00167	5981,87	0,00451	HOLD	98,2349	204,8683
2024-03-30	15:00	69852,18	70016	69811,37	69966,01	LONG	0,00167	5981,87	0,00451	HOLD	98,2349	205,0584
2024-03-30	16:00	69966	70162,79	69907,87	70008,31	LONG	0,00167	5981,87	0,00451	HOLD	98,2349	205,129
2024-03-30	17:00	70008,32	70110,95	69940,08	70042,19	LONG	0,00167	5981,87	0,00451	HOLD	98,2349	205,1856
2024-03-30	18:00	70042,19	70183,67	70042,19	70183,55	LONG	0,00167	5981,87	0,00451	HOLD	98,2349	205,4217
2024-03-30	19:00	70183,54	70218,9	70090	70218,89	LONG	0,00167	5981,87	0,00451	HOLD	98,2349	205,4807
2024-03-30	20:00	70218,89	70269,15	70075,78	70148,05	LONG	0,00167	5981,87	0,00451	HOLD	98,2349	205,3624
2024-03-30	21:00	70148,04	70173,02	69985,3	70038,01	LONG	0,00167	5981,87	0,00451	HOLD	98,2349	205,1786
2024-03-30	22:00	70038,01	70142,87	69925,87	69999,99	LONG	0,00167	5981,87	0,00451	HOLD	98,2349	205,1151
2024-03-30	23:00	69999,99	70280,06	69900	70178,16	LONG	0,00167	5981,87	0,00451	HOLD	98,2349	205,4127
2024-03-31	00:00	70178,17	70178,17	69999,98	70036,01	LONG	0,00167	5981,87	0,00451	HOLD	98,2349	205,1753
2024-03-31	01:00	70036,02	70036,02	69881,17	69924,91	LONG	0,00167	5981,87	0,00451	HOLD	98,2349	204,9897
2024-03-31	02:00	69924,91	69936,24	69670	69896,34	LONG	0,00167	5981,87	0,00451	HOLD	98,2349	204,942
2024-03-31	03:00	69896,34	69896,35	69780	69812,5	LONG	0,00167	5981,87	0,00451	HOLD	98,2349	204,802
2024-03-31	04:00	69812,5	69850	69621,97	69722,08	LONG	0,00167	5981,87	0,00451	HOLD	98,2349	204,651
2024-03-31	05:00	69722,07	69834	69645,16	69720,91	LONG	0,00167	5981,87	0,00451	HOLD	98,2349	204,6491
2024-03-31	06:00	69720,91	69779,3	69540	69582,18	LONG	0,00167	5981,87	0,00451	HOLD	98,2349	204,4174
2024-03-31	07:00	69582,17	69963,45	69562,99	69872,29	LONG	0,00167	5981,87	0,00451	HOLD	98,2349	204,9019
2024-03-31	08:00	69872,29	70098	69838,25	70043,54	LONG	0,00167	5981,87	0,00451	HOLD	98,2349	205,1879
2024-03-31	09:00	70043,53	70165,86	69950	69990,01	LONG	0,00167	5981,87	0,00451	HOLD	98,2349	205,0985
2024-03-31	10:00	69990,01	70000	69764,71	69916,61	LONG	0,00167	5981,87	0,00451	HOLD	98,2349	204,9759
2024-03-31	11:00	69916,6	70124,6	69874,54	70116,01	LONG	0,00167	5981,87	0,00451	HOLD	98,2349	205,3089
2024-03-31	12:00	70116,01	70460	70049,99	70345,64	LONG	0,00167	5981,87	0,00451	HOLD	98,2349	205,6924
2024-03-31	13:00	70345,63	70395,36	70185,2	70215	LONG	0,00167	5981,87	0,00451	HOLD	98,2349	205,4742
2024-03-31	14:00	70215	70340,15	70163,45	70301,73	LONG	0,00167	5981,87	0,00451	HOLD	98,2349	205,619
2024-03-31	15:00	70301,72	70470	70231,51	70266	LONG	0,00167	5981,87	0,00451	HOLD	98,2349	205,5594
2024-03-31	16:00	70266	70308,57	70147,77	70225,32	LONG	0,00167	5981,87	0,00451	HOLD	98,2349	205,4914
2024-03-31	17:00	70225,31	70312,94	70214,52	70267,12	LONG	0,00167	5981,87	0,00451	HOLD	98,2349	205,5612
2024-03-31	18:00	70267,13	70426,47	70267,12	70369,99	LONG	0,00167	5981,87	0,00451	HOLD	98,2349	205,733
2024-03-31	19:00	70369,99	70606	70340,17	70500	LONG	0,00167	5981,87	0,00451	HOLD	98,2349	205,9501
2024-03-31	20:00	70500	70759,1	70499,99	70585,99	LONG	0,00167	5981,87	0,00451	HOLD	98,2349	206,0937
2024-03-31	21:00	70585,99	70680	70442	70535,48	LONG	0,00167	5981,87	0,00451	HOLD	98,2349	206,0094
2024-03-31	22:00	70535,48	70535,48	70289,72	70381,13	LONG	0,00167	5981,87	0,00451	HOLD	98,2349	205,7516
2024-03-31	23:00	70381,13	70666	70321,86	70469,21	LONG	0,00167	5981,87	0,00451	HOLD	98,2349	205,8987
2024-04-01	00:00	70469,21	70556,23	70440	70509,11	LONG	0,00167	5981,87	0,00451	HOLD	98,2349	205,9654
2024-04-01	01:00	70509,11	71227,22	70440,49	70856,6	LONG	0,00167	5981,87	0,00451	HOLD	98,2349	206,5457
2024-04-01	02:00	70856,61	71145,97	70647,06	71023,5	LONG	0,00167	5981,87	0,00451	HOLD	98,2349	206,8244
2024-04-01	03:00	71023,51	71119,93	70740	70840	LONG	0,00167	5981,87	0,00451	HOLD	98,2349	206,5179
2024-04-01	04:00	70840	70941,17	70639,93	70856	LONG	0,00167	5981,87	0,00451	HOLD	98,2349	206,5447
2024-04-01	05:00	70855,99	71070,93	70840,01	70970	LONG	0,00167	5981,87	0,00451	HOLD	98,2349	206,735
2024-04-01	06:00	70969,99	71366	70923,91	71280,01	LONG	0,00167	5981,87	0,00451	HOLD	98,2349	207,2528
2024-04-01	07:00	71280	71288,23	70844,14	71152,86	LONG	0,00167	5981,87	0,00451	HOLD	98,2349	207,0404
2024-04-01	08:00	71152,86	71172,08	70794,12	70819,25	LONG	0,00167	5981,87	0,00451	HOLD	98,2349	206,4833
2024-04-01	09:00	70819,26	70902,8	70759,39	70866,98	LONG	0,00167	5981,87	0,00451	HOLD	98,2349	206,563
2024-04-01	10:00	70866,99	70880	70520,51	70588,01	LONG	0,00167	5981,87	0,00451	HOLD	98,2349	206,0971
2024-04-01	11:00	70588,01	70648,83	70417,61	70429,99	LONG	0,00167	5981,87	0,00451	HOLD	98,2349	205,8332
2024-04-01	12:00	70429,98	70515,6	69000	69167,48	LONG	0,00167	5981,87	0,00451	HOLD	98,2349	203,7248
2024-04-01	13:00	69167,47	69671,64	68888	69614,96	LONG	0,00167	5981,87	0,00451	HOLD	98,2349	204,4721
2024-04-01	14:00	69614,96	69786	69520	69594,94	LONG	0,00167	5981,87	0,00451	HOLD	98,2349	204,4387
2024-04-01	15:00	69594,94	69594,94	69165,35	69388,64	LONG	0,00167	5981,87	0,00451	HOLD	98,2349	204,0942
2024-04-01	16:00	69388,64	69616,65	69388,64	69395	LONG	0,00167	5981,87	0,00451	HOLD	98,2349	204,1048
2024-04-01	17:00	69395	69577,14	69280,01	69554,01	LONG	0,00167	5981,87	0,00451	HOLD	98,2349	204,3703
2024-04-01	18:00	69554	69799,98	69440	69460,01	LONG	0,00167	5981,87	0,00451	HOLD	98,2349	204,2134
2024-04-01	19:00	69460	69841,13	69400,69	69841,13	LONG	0,00167	5981,87	0,00451	HOLD	98,2349	204,8498
2024-04-01	20:00	69841,13	70080	69654,22	69880	LONG	0,00167	5981,87	0,00451	HOLD	98,2349	204,9147
2024-04-01	21:00	69880	69933,93	68611,45	68906,07	LONG	0,00167	5981,87	0,00451	HOLD	98,2349	203,2883
2024-04-01	22:00	68906,07	69021,66	68161,48	68237,15	LONG	0,00167	5981,87	0,00451	HOLD	98,2349	202,1712
2024-04-01	23:00	68237,15	68784,53	68062,86	68566,16	LONG	0,00167	5981,87	0,00451	HOLD	98,2349	202,7206
2024-04-02	00:00	68566,17	68752,03	68201,12	68750,01	LONG	0,00167	5981,87	0,00451	HOLD	98,2349	203,0277
2024-04-02	01:00	68750	68980,25	68450	68927,1	LONG	0,00167	5981,87	0,00451	HOLD	98,2349	203,3234
2024-04-02	02:00	68927,1	69816,24	68884,91	69648,01	LONG	0,00167	5981,87	0,00451	HOLD	98,2349	204,5273
2024-04-02	03:00	69648,01	69785,34	69327,66	69730,06	LONG	0,00167	5981,87	0,00451	HOLD	98,2349	204,6643
2024-04-02	04:00	69730,06	69900	69552,1	69586	LONG	0,00167	5981,87	0,00451	HOLD	98,2349	204,4238
2024-04-02	05:00	69585,99	69853,87	69577,96	69711,79	LONG	0,00167	5981,87	0,00451	HOLD	98,2349	204,6338
2024-04-02	06:00	69711,8	69876,04	69634,7	69649,8	LONG	0,00167	5981,87	0,00451	HOLD	98,2349	204,5303
2024-04-02	07:00	69649,81	69674,23	69040	69349,08	LONG	0,00167	5981,87	0,00451	HOLD	98,2349	204,0281
2024-04-02	08:00	69349,08	69600	69250	69391,12	LONG	0,00167	5981,87	0,00451	HOLD	98,2349	204,0983
2024-04-02	09:00	69391,12	69417,23	66000	66996	LONG	0,00167	5981,87	0,00451	HOLD	98,2349	200,0985
2024-04-02	10:00	66996,01	67278,78	66509,68	66703,97	LONG	0,00167	5981,87	0,00451	HOLD	98,2349	199,6108
2024-04-02	11:00	66703,97	66940	66322,24	66592,08	LONG	0,00167	5981,87	0,00451	HOLD	98,2349	199,4239
2024-04-02	12:00	66592,09	66835,39	66120,75	66764,65	LONG	0,00167	5981,87	0,00451	HOLD	98,2349	199,7121
2024-04-02	13:00	66764,64	67120	66700	66866,97	LONG	0,00167	5981,87	0,00451	HOLD	98,2349	199,883
2024-04-02	14:00	66866,97	66893,1	66446,22	66455,5	LONG	0,00167	5981,87	0,00451	HOLD	98,2349	199,1958
2024-04-02	15:00	66455,5	66705,08	66106,58	66240,02	LONG	0,00167	5981,87	0,00451	HOLD	98,2349	198,836
2024-04-02	16:00	66240,02	66536,05	65746,2	66080,74	LONG	0,00167	5981,87	0,00451	HOLD	98,2349	198,57
2024-04-02	17:00	66080,74	66280	65454,55	65984	LONG	0,00167	5981,87	0,00451	HOLD	98,2349	198,4084
2024-04-02	18:00	65984,01	66037,97	65075	65622,69	LONG	0,00167	5981,87	0,00451	HOLD	98,2349	197,805
2024-04-02	19:00	65622,69	65834	65130,01	65345,59	LONG	0,00167	5981,87	0,00451	HOLD	98,2349	197,3423
2024-04-02	20:00	65345,58	65448,84	64588,58	65224,2	LONG	0,00167	5981,87	0,00451	HOLD	98,2349	197,1396
2024-04-02	21:00	65224,2	66249,83	65170	65702,31	LONG	0,00167	5981,87	0,00451	HOLD	98,2349	197,938
2024-04-02	22:00	65702,31	66111,55	64666,81	64890	LONG	0,00167	5981,87	0,00451	HOLD	98,2349	196,5814
2024-04-02	23:00	64889,99	65750	64550	65543,91	LONG	0,00167	5981,87	0,00451	HOLD	98,2349	197,6735
2024-04-03	00:00	65543,91	65680	65275,42	65608,01	LONG	0,00167	5981,87	0,00451	HOLD	98,2349	197,7805
2024-04-03	01:00	65608,02	66050	65386,96	65811,01	LONG	0,00167	5981,87	0,00451	HOLD	98,2349	198,1195
2024-04-03	02:00	65811,01	66200	65779,23	65914,9	LONG	0,00167	5981,87	0,00451	HOLD	98,2349	198,293
2024-04-03	03:00	65914,91	66120	65500,98	65650,43	LONG	0,00167	5981,87	0,00451	HOLD	98,2349	197,8514
2024-04-03	04:00	65650,42	65821,14	65200	65692,78	LONG	0,00167	5981,87	0,00451	HOLD	98,2349	197,9221
2024-04-03	05:00	65692,77	65933,76	65564,24	65815,96	LONG	0,00167	5981,87	0,00451	HOLD	98,2349	198,1278
2024-04-03	06:00	65815,96	65830	65360	65463,99	LONG	0,00167	5981,87	0,00451	HOLD	98,2349	197,54
2024-04-03	07:00	65463,99	65610	64493,07	65387,99	LONG	0,00167	5981,87	0,00451	HOLD	98,2349	197,4131
2024-04-03	08:00	65388	65930,51	65090	65792,43	LONG	0,00167	5981,87	0,00451	HOLD	98,2349	198,0885
2024-04-03	09:00	65792,42	66052	65683,74	65906,49	LONG	0,00167	5981,87	0,00451	HOLD	98,2349	198,279
2024-04-03	10:00	65906,49	66288,88	65764	66225,79	LONG	0,00167	5981,87	0,00451	HOLD	98,2349	198,8122
2024-04-03	11:00	66225,79	66478,59	66120	66320,41	LONG	0,00167	5981,87	0,00451	HOLD	98,2349	198,9702
2024-04-03	12:00	66320,41	66363,64	65920	66077,1	LONG	0,00167	5981,87	0,00451	HOLD	98,2349	198,5639
2024-04-03	13:00	66077,11	66377	66052	66350,79	LONG	0,00167	5981,87	0,00451	HOLD	98,2349	199,021
2024-04-03	14:00	66350,79	66483,87	66113,31	66135,99	LONG	0,00167	5981,87	0,00451	HOLD	98,2349	198,6622
2024-04-03	15:00	66135,98	66642,36	65990	66518,04	LONG	0,00167	5981,87	0,00451	HOLD	98,2349	199,3003
2024-04-03	16:00	66518,05	66637,43	66333	66484,58	LONG	0,00167	5981,87	0,00451	HOLD	98,2349	199,2444
2024-04-03	17:00	66484,57	66519,79	66020	66197,62	LONG	0,00167	5981,87	0,00451	HOLD	98,2349	198,7652
2024-04-03	18:00	66197,63	66224	65538,06	66059,76	LONG	0,00167	5981,87	0,00451	HOLD	98,2349	198,5349
2024-04-03	19:00	66059,75	66220	65729,73	65899,99	LONG	0,00167	5981,87	0,00451	HOLD	98,2349	198,2681
2024-04-03	20:00	65900	66020,83	65635,01	65804,01	LONG	0,00167	5981,87	0,00451	HOLD	98,2349	198,1078
2024-04-03	21:00	65804,01	66903,63	65804	66627,93	LONG	0,00167	5981,87	0,00451	HOLD	98,2349	199,4838
2024-04-03	22:00	66627,93	66648	65715,67	65836,01	LONG	0,00167	5981,87	0,00451	HOLD	98,2349	198,1613
2024-04-03	23:00	65836,02	66550	65790,21	66194,5	LONG	0,00167	5981,87	0,00451	HOLD	98,2349	198,76
2024-04-04	00:00	66194,51	66376	65829,87	65952,01	LONG	0,00167	5981,87	0,00451	HOLD	98,2349	198,355
2024-04-04	01:00	65952	66119,68	65451,62	66003,07	LONG	0,00167	5981,87	0,00451	HOLD	98,2349	198,4403
2024-04-04	02:00	66003,08	66150	65714,29	65784	LONG	0,00167	5981,87	0,00451	HOLD	98,2349	198,0744
2024-04-04	03:00	65784,01	65840	65531,92	65712,01	LONG	0,00167	5981,87	0,00451	HOLD	98,2349	197,9542
2024-04-04	04:00	65712	65935,48	65476,63	65918,71	LONG	0,00167	5981,87	0,00451	HOLD	98,2349	198,2994
2024-04-04	05:00	65918,71	66243,05	65851,07	66140	LONG	0,00167	5981,87	0,00451	HOLD	98,2349	198,6689
2024-04-04	06:00	66140,01	66297,4	65950	65963,28	LONG	0,00167	5981,87	0,00451	HOLD	98,2349	198,3738
2024-04-04	07:00	65963,27	66354,83	65824	66288	LONG	0,00167	5981,87	0,00451	HOLD	98,2349	198,9161
2024-04-04	08:00	66288	66296	66020	66143,99	LONG	0,00167	5981,87	0,00451	HOLD	98,2349	198,6756
2024-04-04	09:00	66143,99	66152	65454,55	65744,38	LONG	0,00167	5981,87	0,00451	HOLD	98,2349	198,0083
2024-04-04	10:00	65744,38	65796,59	65542,03	65620,01	LONG	0,00167	5981,87	0,00451	HOLD	98,2349	197,8006
2024-04-04	11:00	65620	65699,43	65064,52	65480,41	LONG	0,00167	5981,87	0,00451	HOLD	98,2349	197,5674
2024-04-04	12:00	65480,41	65710,58	65384	65591,57	LONG	0,00167	5981,87	0,00451	HOLD	98,2349	197,7531
2024-04-04	13:00	65591,57	65814,69	65548,67	65768	LONG	0,00167	5981,87	0,00451	HOLD	98,2349	198,0477
2024-04-04	14:00	65768,01	66290,32	65661,05	66091,6	LONG	0,00167	5981,87	0,00451	HOLD	98,2349	198,5881
2024-04-04	15:00	66091,59	66435,02	66028	66220,01	LONG	0,00167	5981,87	0,00451	HOLD	98,2349	198,8026
2024-04-04	16:00	66220,02	66406,55	66172	66273,37	LONG	0,00167	5981,87	0,00451	HOLD	98,2349	198,8917
2024-04-04	17:00	66273,38	66468,99	66141,27	66278,62	LONG	0,00167	5981,87	0,00451	HOLD	98,2349	198,9004
2024-04-04	18:00	66278,61	66431,34	66108,85	66353,67	LONG	0,00167	5981,87	0,00451	HOLD	98,2349	199,0258
2024-04-04	19:00	66353,68	66816,66	66330,56	66709	LONG	0,00167	5981,87	0,00451	HOLD	98,2349	199,6192
2024-04-04	20:00	66709	67500	66690	67242,15	LONG	0,00167	5981,87	0,00451	HOLD	98,2349	200,5095
2024-04-04	21:00	67242,14	67927,69	67075,7	67691,97	LONG	0,00167	5981,87	0,00451	HOLD	98,2349	201,2607
2024-04-04	22:00	67691,98	67808	67428,57	67647,99	LONG	0,00167	5981,87	0,00451	HOLD	98,2349	201,1873
2024-04-04	23:00	67648	68188	67526,5	67807,64	LONG	0,00167	5981,87	0,00451	HOLD	98,2349	201,4539
2024-04-05	00:00	67807,65	68896,1	67721,41	68849,18	LONG	0,00167	5981,87	0,00451	HOLD	98,2349	203,1933
2024-04-05	01:00	68849,18	69309,91	68510,63	68593,5	LONG	0,00167	5981,87	0,00451	HOLD	98,2349	202,7663
2024-04-05	02:00	68593,5	69086,23	68334,24	68500	LONG	0,00167	5981,87	0,00451	HOLD	98,2349	202,6101
2024-04-05	03:00	68500	68551,99	67320	67931,26	LONG	0,00167	5981,87	0,00451	HOLD	98,2349	201,6603
2024-04-05	04:00	67931,26	68148,69	67495	67787,9	LONG	0,00167	5981,87	0,00451	HOLD	98,2349	201,4209
2024-04-05	05:00	67787,91	68051,94	67604,93	67937,05	LONG	0,00167	5981,87	0,00451	HOLD	98,2349	201,67
2024-04-05	06:00	67937,06	68565,54	67889,2	68487,79	LONG	0,00167	5981,87	0,00451	HOLD	98,2349	202,5898
2024-04-05	07:00	68487,8	68756,67	68166,66	68606	LONG	0,00167	5981,87	0,00451	HOLD	98,2349	202,7872
2024-04-05	08:00	68606,01	68615,58	67760,93	68160	LONG	0,00167	5981,87	0,00451	HOLD	98,2349	202,0423
2024-04-05	09:00	68160	68161,82	67435,67	67600	LONG	0,00167	5981,87	0,00451	HOLD	98,2349	201,1071
2024-04-05	10:00	67599,99	68033,33	67570	67863,99	LONG	0,00167	5981,87	0,00451	HOLD	98,2349	201,548
2024-04-05	11:00	67864	68028	67450,01	67647,99	LONG	0,00167	5981,87	0,00451	HOLD	98,2349	201,1873
2024-04-05	12:00	67648	67750,99	66380	66888,04	LONG	0,00167	5981,87	0,00451	HOLD	98,2349	199,9182
2024-04-05	13:00	66888,03	67179,56	66770,86	67140,56	LONG	0,00167	5981,87	0,00451	HOLD	98,2349	200,3399
2024-04-05	14:00	67140,56	67144,55	66832,5	66930,74	LONG	0,00167	5981,87	0,00451	HOLD	98,2349	199,9895
2024-04-05	15:00	66930,75	67684,26	66917,74	67151,21	LONG	0,00167	5981,87	0,00451	HOLD	98,2349	200,3577
2024-04-05	16:00	67151,2	67151,21	66383,01	66805,98	LONG	0,00167	5981,87	0,00451	HOLD	98,2349	199,7811
2024-04-05	17:00	66805,99	67213,84	66708,01	67034,65	LONG	0,00167	5981,87	0,00451	HOLD	98,2349	200,163
2024-04-05	18:00	67034,66	67087,98	66388	66478	LONG	0,00167	5981,87	0,00451	HOLD	98,2349	199,2334
2024-04-05	19:00	66478	66888	65952,56	66883,99	LONG	0,00167	5981,87	0,00451	HOLD	98,2349	199,9114
2024-04-05	20:00	66883,99	67589,61	66524,18	67500	LONG	0,00167	5981,87	0,00451	HOLD	98,2349	200,9401
2024-04-05	21:00	67500,01	68566,66	67314,11	68139,39	LONG	0,00167	5981,87	0,00451	HOLD	98,2349	202,0079
2024-04-05	22:00	68139,39	68268,14	67628,2	68190,62	LONG	0,00167	5981,87	0,00451	HOLD	98,2349	202,0935
2024-04-05	23:00	68190,62	68380	67680	67953,8	LONG	0,00167	5981,87	0,00451	HOLD	98,2349	201,698
2024-04-06	00:00	67953,79	67986,83	67358,93	67442,49	LONG	0,00167	5981,87	0,00451	HOLD	98,2349	200,8441
2024-04-06	01:00	67442,49	67729,54	67316	67629,02	LONG	0,00167	5981,87	0,00451	HOLD	98,2349	201,1556
2024-04-06	02:00	67629,01	68096	67382,6	67412,4	LONG	0,00167	5981,87	0,00451	HOLD	98,2349	200,7939
2024-04-06	03:00	67412,41	67758,04	67342	67643,48	LONG	0,00167	5981,87	0,00451	HOLD	98,2349	201,1798
2024-04-06	04:00	67643,48	67838,07	67515,44	67515,45	LONG	0,00167	5981,87	0,00451	HOLD	98,2349	200,9659
2024-04-06	05:00	67515,44	67843,55	67503,31	67628,53	LONG	0,00167	5981,87	0,00451	HOLD	98,2349	201,1548
2024-04-06	06:00	67628,53	67966,67	67628,52	67820,62	LONG	0,00167	5981,87	0,00451	HOLD	98,2349	201,4756
2024-04-06	07:00	67820,63	68065,2	67686,23	67900,57	LONG	0,00167	5981,87	0,00451	HOLD	98,2349	201,6091
2024-04-06	08:00	67900,56	67977,73	67643,47	67689,99	LONG	0,00167	5981,87	0,00451	HOLD	98,2349	201,2574
2024-04-06	09:00	67689,99	67765,77	67447,83	67574,59	LONG	0,00167	5981,87	0,00451	HOLD	98,2349	201,0647
2024-04-06	10:00	67574,6	67882,5	67574,59	67788,01	LONG	0,00167	5981,87	0,00451	HOLD	98,2349	201,4211
2024-04-06	11:00	67788	67819,13	67602	67735,84	LONG	0,00167	5981,87	0,00451	HOLD	98,2349	201,334
2024-04-06	12:00	67735,84	68232,14	67720,17	68038,74	LONG	0,00167	5981,87	0,00451	HOLD	98,2349	201,8398
2024-04-06	13:00	68038,75	68162,9	67845,2	68109,42	LONG	0,00167	5981,87	0,00451	HOLD	98,2349	201,9579
2024-04-06	14:00	68109,43	68189,33	67940,54	67992,02	LONG	0,00167	5981,87	0,00451	HOLD	98,2349	201,7618
2024-04-06	15:00	67992,02	68106,88	67859,53	68012,14	LONG	0,00167	5981,87	0,00451	HOLD	98,2349	201,7954
2024-04-06	16:00	68012,15	68120	67747,86	67792	LONG	0,00167	5981,87	0,00451	HOLD	98,2349	201,4278
2024-04-06	17:00	67792	67886,37	67714,72	67842,17	LONG	0,00167	5981,87	0,00451	HOLD	98,2349	201,5116
2024-04-06	18:00	67842,18	67904,35	67615,22	67668,16	LONG	0,00167	5981,87	0,00451	HOLD	98,2349	201,221
2024-04-06	19:00	67668,16	67796,69	67582,3	67738,37	LONG	0,00167	5981,87	0,00451	HOLD	98,2349	201,3382
2024-04-06	20:00	67738,36	67745,13	67527,78	67699,99	LONG	0,00167	5981,87	0,00451	HOLD	98,2349	201,2741
2024-04-06	21:00	67700	68109,13	67684	67993,99	LONG	0,00167	5981,87	0,00451	HOLD	98,2349	201,7651
2024-04-06	22:00	67994	68299	67896,48	68104	LONG	0,00167	5981,87	0,00451	HOLD	98,2349	201,9488
2024-04-06	23:00	68104,01	68174	67948,83	68143,48	LONG	0,00167	5981,87	0,00451	HOLD	98,2349	202,0148
2024-04-07	00:00	68143,48	68484,09	68039,94	68287,3	LONG	0,00167	5981,87	0,00451	HOLD	98,2349	202,2549
2024-04-07	01:00	68287,3	68379,82	68163,62	68307,28	LONG	0,00167	5981,87	0,00451	HOLD	98,2349	202,2883
2024-04-07	02:00	68307,28	68415	68218	68259,98	LONG	0,00167	5981,87	0,00451	HOLD	98,2349	202,2093
2024-04-07	03:00	68259,99	68395	68166,66	68390	LONG	0,00167	5981,87	0,00451	HOLD	98,2349	202,4264
2024-04-07	04:00	68390	68434,88	68298,82	68299,65	LONG	0,00167	5981,87	0,00451	HOLD	98,2349	202,2756
2024-04-07	05:00	68299,65	69101	68286,33	69056	LONG	0,00167	5981,87	0,00451	HOLD	98,2349	203,5387
2024-04-07	06:00	69056	69692	68800	68896	LONG	0,00167	5981,87	0,00451	HOLD	98,2349	203,2715
2024-04-07	07:00	68896	69150	68824	68999,99	LONG	0,00167	5981,87	0,00451	HOLD	98,2349	203,4451
2024-04-07	08:00	68999,99	69655,16	68998,57	69541,65	LONG	0,00167	5981,87	0,00451	HOLD	98,2349	204,3497
2024-04-07	09:00	69541,65	69777	69300	69300	LONG	0,00167	5981,87	0,00451	HOLD	98,2349	203,9461
2024-04-07	10:00	69300,01	69510	69250	69408,05	LONG	0,00167	5981,87	0,00451	HOLD	98,2349	204,1266
2024-04-07	11:00	69408,04	69493,98	69053,97	69304,44	LONG	0,00167	5981,87	0,00451	HOLD	98,2349	203,9536
2024-04-07	12:00	69304,44	69464	69267,07	69397,76	LONG	0,00167	5981,87	0,00451	HOLD	98,2349	204,1094
2024-04-07	13:00	69397,76	69414,87	69110,81	69244,09	LONG	0,00167	5981,87	0,00451	HOLD	98,2349	203,8528
2024-04-07	14:00	69244,08	69482,44	69213,84	69364,01	LONG	0,00167	5981,87	0,00451	HOLD	98,2349	204,053
2024-04-07	15:00	69364	69555	69333,72	69479,99	LONG	0,00167	5981,87	0,00451	HOLD	98,2349	204,2467
2024-04-07	16:00	69479,99	69493,25	69199,01	69289,99	LONG	0,00167	5981,87	0,00451	HOLD	98,2349	203,9294
2024-04-07	17:00	69290	69495,15	69236	69328,14	LONG	0,00167	5981,87	0,00451	HOLD	98,2349	203,9931
2024-04-07	18:00	69328,14	69407,72	69200	69357	LONG	0,00167	5981,87	0,00451	HOLD	98,2349	204,0413
2024-04-07	19:00	69357	69415,59	69210	69335,99	LONG	0,00167	5981,87	0,00451	HOLD	98,2349	204,0062
2024-04-07	20:00	69336	69550	69285,71	69349,93	LONG	0,00167	5981,87	0,00451	HOLD	98,2349	204,0295
2024-04-07	21:00	69349,93	69664,67	69220	69578,44	LONG	0,00167	5981,87	0,00451	HOLD	98,2349	204,4111
2024-04-07	22:00	69578,44	69886,03	69360,44	69543,74	LONG	0,00167	5981,87	0,00451	HOLD	98,2349	204,3532
2024-04-07	23:00	69543,73	70326,29	69483,9	70074	LONG	0,00167	5981,87	0,00451	HOLD	98,2349	205,2387
2024-04-08	00:00	70074,01	70112	69658,19	69798,01	LONG	0,00167	5981,87	0,00451	HOLD	98,2349	204,7778
2024-04-08	01:00	69798,02	69828	69234,14	69390,01	LONG	0,00167	5981,87	0,00451	HOLD	98,2349	204,0965
2024-04-08	02:00	69390,01	69508,71	68849,77	69068,01	LONG	0,00167	5981,87	0,00451	HOLD	98,2349	203,5587
2024-04-08	03:00	69068,01	69403,7	68960,01	69309,69	LONG	0,00167	5981,87	0,00451	HOLD	98,2349	203,9623
2024-04-08	04:00	69309,7	69413,1	69031,29	69031,3	LONG	0,00167	5981,87	0,00451	HOLD	98,2349	203,4974
2024-04-08	05:00	69031,3	69344,4	68901	69200	LONG	0,00167	5981,87	0,00451	HOLD	98,2349	203,7791
2024-04-08	06:00	69200	69477,18	69188,05	69360,39	LONG	0,00167	5981,87	0,00451	HOLD	98,2349	204,047
2024-04-08	07:00	69360,38	69432	69043,24	69325,99	LONG	0,00167	5981,87	0,00451	HOLD	98,2349	203,9895
2024-04-08	08:00	69326	69841,03	69285,7	69437,02	LONG	0,00167	5981,87	0,00451	HOLD	98,2349	204,175
2024-04-08	09:00	69437,03	69437,03	69126,36	69228	LONG	0,00167	5981,87	0,00451	HOLD	98,2349	203,8259
2024-04-08	10:00	69228	69500	69134,99	69458,95	LONG	0,00167	5981,87	0,00451	HOLD	98,2349	204,2116
2024-04-08	11:00	69458,95	69500	69280	69382	LONG	0,00167	5981,87	0,00451	HOLD	98,2349	204,0831
2024-04-08	12:00	69382,01	69801	69382	69701,99	LONG	0,00167	5981,87	0,00451	HOLD	98,2349	204,6175
2024-04-08	13:00	69702	69818,04	69632,73	69790,29	LONG	0,00167	5981,87	0,00451	HOLD	98,2349	204,7649
2024-04-08	14:00	69790,29	70850	69790,28	70698,63	LONG	0,00167	5981,87	0,00451	HOLD	98,2349	206,2819
2024-04-08	15:00	70698,64	72111,99	70642	71968	LONG	0,00167	5981,87	0,00451	HOLD	98,2349	208,4017
2024-04-08	16:00	71968	72650	71650,32	72197,25	LONG	0,00167	5981,87	0,00451	HOLD	98,2349	208,7845
2024-04-08	17:00	72197,26	72374	71792,06	72323,98	LONG	0,00167	5981,87	0,00451	HOLD	98,2349	208,9962
2024-04-08	18:00	72323,99	72647,86	72218,27	72404	LONG	0,00167	5981,87	0,00451	HOLD	98,2349	209,1298
2024-04-08	19:00	72404	72797,99	72137,48	72180,02	LONG	0,00167	5981,87	0,00451	HOLD	98,2349	208,7558
2024-04-08	20:00	72180,01	72310,01	71691,35	71944,31	LONG	0,00167	5981,87	0,00451	HOLD	98,2349	208,3621
2024-04-08	21:00	71944,31	71985,38	71245,17	71726	LONG	0,00167	5981,87	0,00451	HOLD	98,2349	207,9976
2024-04-08	22:00	71725,99	71987	71598,45	71773,98	LONG	0,00167	5981,87	0,00451	HOLD	98,2349	208,0777
2024-04-08	23:00	71773,98	72021,56	71556,53	71740,1	LONG	0,00167	5981,87	0,00451	HOLD	98,2349	208,0211
2024-04-09	00:00	71740,1	71800	71300	71699,23	LONG	0,00167	5981,87	0,00451	HOLD	98,2349	207,9529
2024-04-09	01:00	71699,23	72104,05	71672,34	71908,61	LONG	0,00167	5981,87	0,00451	HOLD	98,2349	208,3025
2024-04-09	02:00	71908,6	71973,6	71564,51	71766	LONG	0,00167	5981,87	0,00451	HOLD	98,2349	208,0644
2024-04-09	03:00	71766	71818,77	71500,37	71711,99	LONG	0,00167	5981,87	0,00451	HOLD	98,2349	207,9742
2024-04-09	04:00	71711,98	71900	71628,01	71692,01	LONG	0,00167	5981,87	0,00451	HOLD	98,2349	207,9408
2024-04-09	05:00	71692,01	71960	71599,9	71916,09	LONG	0,00167	5981,87	0,00451	HOLD	98,2349	208,315
2024-04-09	06:00	71916,08	72000	71610,01	71620	LONG	0,00167	5981,87	0,00451	HOLD	98,2349	207,8205
2024-04-09	07:00	71620	71758,19	71320,01	71419,99	LONG	0,00167	5981,87	0,00451	HOLD	98,2349	207,4865
2024-04-09	08:00	71420	71439,8	70833,33	71275,46	LONG	0,00167	5981,87	0,00451	HOLD	98,2349	207,2452
2024-04-09	09:00	71275,45	71618,95	71156,77	71477,44	LONG	0,00167	5981,87	0,00451	HOLD	98,2349	207,5825
2024-04-09	10:00	71477,44	71641,97	71186,02	71285	LONG	0,00167	5981,87	0,00451	HOLD	98,2349	207,2611
2024-04-09	11:00	71285	71339,79	70917,2	71208,01	LONG	0,00167	5981,87	0,00451	HOLD	98,2349	207,1325
2024-04-09	12:00	71208,02	71323,66	70957	71056	LONG	0,00167	5981,87	0,00451	HOLD	98,2349	206,8787
2024-04-09	13:00	71055,99	71265,47	70560	70765,69	LONG	0,00167	5981,87	0,00451	HOLD	98,2349	206,3938
2024-04-09	14:00	70765,7	70940,9	70110	70383,99	LONG	0,00167	5981,87	0,00451	HOLD	98,2349	205,7564
2024-04-09	15:00	70383,98	70600	69576,61	70500,01	LONG	0,00167	5981,87	0,00451	HOLD	98,2349	205,9502
2024-04-09	16:00	70500,01	70860,65	70256,98	70392,18	LONG	0,00167	5981,87	0,00451	HOLD	98,2349	205,7701
2024-04-09	17:00	70392,18	70697,04	70234,99	70566,64	LONG	0,00167	5981,87	0,00451	HOLD	98,2349	206,0614
2024-04-09	18:00	70566,63	70905,26	70566,63	70794,85	LONG	0,00167	5981,87	0,00451	HOLD	98,2349	206,4425
2024-04-09	19:00	70794,84	70977	70654,38	70690	LONG	0,00167	5981,87	0,00451	HOLD	98,2349	206,2674
2024-04-09	20:00	70690	70920	69921,62	69928	LONG	0,00167	5981,87	0,00451	HOLD	98,2349	204,9949
2024-04-09	21:00	69928	70429,04	68611	69358,32	LONG	0,00167	5981,87	0,00451	HOLD	98,2349	204,0435
2024-04-09	22:00	69358,32	69360	68535,03	69264	LONG	0,00167	5981,87	0,00451	HOLD	98,2349	203,886
2024-04-09	23:00	69264	69320	68516,15	68601,24	LONG	0,00167	5981,87	0,00451	HOLD	98,2349	202,7792
2024-04-10	00:00	68601,25	68962,43	68210	68823,99	LONG	0,00167	5981,87	0,00451	HOLD	98,2349	203,1512
2024-04-10	01:00	68823,99	69025,89	68769,79	68879,23	LONG	0,00167	5981,87	0,00451	HOLD	98,2349	203,2435
2024-04-10	02:00	68879,22	69174	68656,08	69000,77	LONG	0,00167	5981,87	0,00451	HOLD	98,2349	203,4464
2024-04-10	03:00	69000,78	69208,2	68962,31	69171,19	LONG	0,00167	5981,87	0,00451	HOLD	98,2349	203,731
2024-04-10	04:00	69171,18	69250	68935,64	69213,83	LONG	0,00167	5981,87	0,00451	HOLD	98,2349	203,8022
2024-04-10	05:00	69213,83	69439,6	69144,59	69325,65	LONG	0,00167	5981,87	0,00451	HOLD	98,2349	203,989
2024-04-10	06:00	69325,64	69332	68888,47	69146	LONG	0,00167	5981,87	0,00451	HOLD	98,2349	203,689
2024-04-10	07:00	69146	69304,26	69025,97	69138,81	LONG	0,00167	5981,87	0,00451	HOLD	98,2349	203,677
2024-04-10	08:00	69138,81	69269,76	68603,92	69269,75	LONG	0,00167	5981,87	0,00451	HOLD	98,2349	203,8956
2024-04-10	09:00	69269,75	69594,15	68466,63	68651,98	LONG	0,00167	5981,87	0,00451	HOLD	98,2349	202,8639
2024-04-10	10:00	68651,98	69180	68625,61	69150,18	LONG	0,00167	5981,87	0,00451	HOLD	98,2349	203,6959
2024-04-10	11:00	69150,18	69199,99	69005,55	69134,33	LONG	0,00167	5981,87	0,00451	HOLD	98,2349	203,6695
2024-04-10	12:00	69134,34	69414,2	69121,35	69255,82	LONG	0,00167	5981,87	0,00451	HOLD	98,2349	203,8724
2024-04-10	13:00	69255,82	69479,8	69227,62	69369,25	LONG	0,00167	5981,87	0,00451	HOLD	98,2349	204,0618
2024-04-10	14:00	69369,25	69515	69268,47	69336,28	LONG	0,00167	5981,87	0,00451	HOLD	98,2349	204,0067
2024-04-10	15:00	69336,27	69336,28	68800	69011,92	LONG	0,00167	5981,87	0,00451	HOLD	98,2349	203,465
2024-04-10	16:00	69011,92	69171,75	68902,43	69139,2	LONG	0,00167	5981,87	0,00451	HOLD	98,2349	203,6776
2024-04-10	17:00	69139,19	69180	68629,99	68932,01	LONG	0,00167	5981,87	0,00451	HOLD	98,2349	203,3316
2024-04-10	18:00	68932,01	69132,61	68853,83	69043	LONG	0,00167	5981,87	0,00451	HOLD	98,2349	203,517
2024-04-10	19:00	69043	69204,28	67559,99	67976	LONG	0,00167	5981,87	0,00451	HOLD	98,2349	201,7351
2024-04-10	20:00	67975,99	68313,1	67518	68259,77	LONG	0,00167	5981,87	0,00451	HOLD	98,2349	202,209
2024-04-10	21:00	68259,77	68974,58	68009,94	68703,05	LONG	0,00167	5981,87	0,00451	HOLD	98,2349	202,9492
2024-04-10	22:00	68703,04	68760,71	68264	68657,32	LONG	0,00167	5981,87	0,00451	HOLD	98,2349	202,8729
2024-04-10	23:00	68657,31	69536	68556	69500	LONG	0,00167	5981,87	0,00451	HOLD	98,2349	204,2801
2024-04-11	00:00	69499,99	69910,96	69142,81	69350,11	LONG	0,00167	5981,87	0,00451	HOLD	98,2349	204,0298
2024-04-11	01:00	69350,1	69411,34	69071	69314,33	LONG	0,00167	5981,87	0,00451	HOLD	98,2349	203,9701
2024-04-11	02:00	69314,33	70098,89	69219,14	70083,99	LONG	0,00167	5981,87	0,00451	HOLD	98,2349	205,2554
2024-04-11	03:00	70084	70136	69740	69812,01	LONG	0,00167	5981,87	0,00451	HOLD	98,2349	204,8012
2024-04-11	04:00	69812,01	70036,81	69581,03	70017	LONG	0,00167	5981,87	0,00451	HOLD	98,2349	205,1435
2024-04-11	05:00	70017,01	71172,08	70017	70528	LONG	0,00167	5981,87	0,00451	HOLD	98,2349	205,9969
2024-04-11	06:00	70528	70799,99	70488,38	70631,08	LONG	0,00167	5981,87	0,00451	HOLD	98,2349	206,169
2024-04-11	07:00	70631,08	70663,21	70285,13	70520,01	LONG	0,00167	5981,87	0,00451	HOLD	98,2349	205,9836
2024-04-11	08:00	70520	70760	70469,12	70553,28	LONG	0,00167	5981,87	0,00451	HOLD	98,2349	206,0391
2024-04-11	09:00	70553,28	71062	70500	70995,66	LONG	0,00167	5981,87	0,00451	HOLD	98,2349	206,7779
2024-04-11	10:00	70995,66	71027,99	70773,58	70851,67	LONG	0,00167	5981,87	0,00451	HOLD	98,2349	206,5374
2024-04-11	11:00	70851,66	70888,35	70378,11	70604,01	LONG	0,00167	5981,87	0,00451	HOLD	98,2349	206,1238
2024-04-11	12:00	70604,01	70680	70444	70583,99	LONG	0,00167	5981,87	0,00451	HOLD	98,2349	206,0904
2024-04-11	13:00	70583,99	70848,76	70564	70717,82	LONG	0,00167	5981,87	0,00451	HOLD	98,2349	206,3139
2024-04-11	14:00	70717,81	71305,89	70717,81	70735,99	LONG	0,00167	5981,87	0,00451	HOLD	98,2349	206,3442
2024-04-11	15:00	70736	71256,27	70617,25	71039,39	LONG	0,00167	5981,87	0,00451	HOLD	98,2349	206,8509
2024-04-11	16:00	71039,4	71053,61	70596,43	70604	LONG	0,00167	5981,87	0,00451	HOLD	98,2349	206,1238
2024-04-11	17:00	70604	70785,05	70421,56	70459,99	LONG	0,00167	5981,87	0,00451	HOLD	98,2349	205,8833
2024-04-11	18:00	70460	70596	69881,31	69983,16	LONG	0,00167	5981,87	0,00451	HOLD	98,2349	205,087
2024-04-11	19:00	69983,16	71100	69867,76	70858,83	LONG	0,00167	5981,87	0,00451	HOLD	98,2349	206,5494
2024-04-11	20:00	70858,82	70988	69669,75	70284	LONG	0,00167	5981,87	0,00451	HOLD	98,2349	205,5894
2024-04-11	21:00	70284,01	70350,01	69584	69600,54	LONG	0,00167	5981,87	0,00451	HOLD	98,2349	204,448
2024-04-11	22:00	69600,55	70026,25	69567,21	70000	LONG	0,00167	5981,87	0,00451	HOLD	98,2349	205,1151
2024-04-11	23:00	70000	70133,17	69574,88	70011,99	LONG	0,00167	5981,87	0,00451	HOLD	98,2349	205,1352
2024-04-12	00:00	70011,99	70446,03	70000	70203,99	LONG	0,00167	5981,87	0,00451	HOLD	98,2349	205,4558
2024-04-12	01:00	70203,99	70429,32	69951,18	70099,75	LONG	0,00167	5981,87	0,00451	HOLD	98,2349	205,2817
2024-04-12	02:00	70099,75	70529,73	70008	70459,67	LONG	0,00167	5981,87	0,00451	HOLD	98,2349	205,8828
2024-04-12	03:00	70459,67	70746,09	70383,8	70499,62	LONG	0,00167	5981,87	0,00451	HOLD	98,2349	205,9495
2024-04-12	04:00	70499,63	70504,99	70000	70115,41	LONG	0,00167	5981,87	0,00451	HOLD	98,2349	205,3079
2024-04-12	05:00	70115,41	70259,46	70033,52	70151,26	LONG	0,00167	5981,87	0,00451	HOLD	98,2349	205,3677
2024-04-12	06:00	70151,26	70196	69804,87	70006,23	LONG	0,00167	5981,87	0,00451	HOLD	98,2349	205,1255
2024-04-12	07:00	70006,22	70336,38	70002,22	70301,63	LONG	0,00167	5981,87	0,00451	HOLD	98,2349	205,6189
2024-04-12	08:00	70301,63	70367,29	70113,6	70280,01	LONG	0,00167	5981,87	0,00451	HOLD	98,2349	205,5828
2024-04-12	09:00	70280,01	70775	70208,73	70635,93	LONG	0,00167	5981,87	0,00451	HOLD	98,2349	206,1771
2024-04-12	10:00	70635,92	70996,91	70635,92	70977,27	LONG	0,00167	5981,87	0,00451	HOLD	98,2349	206,7472
2024-04-12	11:00	70977,27	71227,46	70812,56	71115,99	LONG	0,00167	5981,87	0,00451	HOLD	98,2349	206,9788
2024-04-12	12:00	71116	71175,99	70887,72	70956,32	LONG	0,00167	5981,87	0,00451	HOLD	98,2349	206,7122
2024-04-12	13:00	70956,32	71012	70713,7	70871,05	LONG	0,00167	5981,87	0,00451	HOLD	98,2349	206,5698
2024-04-12	14:00	70871,04	70967,92	70566,02	70764,01	LONG	0,00167	5981,87	0,00451	HOLD	98,2349	206,391
2024-04-12	15:00	70764	70893,58	70582,52	70759,99	LONG	0,00167	5981,87	0,00451	HOLD	98,2349	206,3843
2024-04-12	16:00	70759,99	70863,51	70509,58	70652	LONG	0,00167	5981,87	0,00451	HOLD	98,2349	206,204
2024-04-12	17:00	70652	70868	70601,23	70786,4	LONG	0,00167	5981,87	0,00451	HOLD	98,2349	206,4284
2024-04-12	18:00	70786,41	70972	70760,01	70904,01	LONG	0,00167	5981,87	0,00451	HOLD	98,2349	206,6248
2024-04-12	19:00	70904	70975,54	70323,96	70534,24	LONG	0,00167	5981,87	0,00451	HOLD	98,2349	206,0073
2024-04-12	20:00	70534,23	70534,24	69631,06	69888	LONG	0,00167	5981,87	0,00451	HOLD	98,2349	204,9281
2024-04-12	21:00	69888	70090,55	69236,95	69270,01	LONG	0,00167	5981,87	0,00451	HOLD	98,2349	203,8961
2024-04-12	22:00	69270,02	69718,35	69248,33	69347,3	LONG	0,00167	5981,87	0,00451	HOLD	98,2349	204,0251
2024-04-12	23:00	69347,3	69580	68679,61	68840,54	LONG	0,00167	5981,87	0,00451	HOLD	98,2349	203,1788
2024-04-13	00:00	68840,54	68960	67444	68140,02	LONG	0,00167	5981,87	0,00451	HOLD	98,2349	202,009
2024-04-13	01:00	68140,01	68383,63	65086,86	66492	LONG	0,00167	5981,87	0,00451	HOLD	98,2349	199,2568
2024-04-13	02:00	66492	67335,22	66329,19	66843,98	LONG	0,00167	5981,87	0,00451	HOLD	98,2349	199,8446
2024-04-13	03:00	66843,98	67440	66700	67120	LONG	0,00167	5981,87	0,00451	HOLD	98,2349	200,3055
2024-04-13	04:00	67119,99	67128,64	66680,84	66960,01	LONG	0,00167	5981,87	0,00451	HOLD	98,2349	200,0384
2024-04-13	05:00	66960	67270,53	66828,01	67053,33	LONG	0,00167	5981,87	0,00451	HOLD	98,2349	200,1942
2024-04-13	06:00	67053,33	67230,19	66812	67116,52	LONG	0,00167	5981,87	0,00451	HOLD	98,2349	200,2997
2024-04-13	07:00	67116,52	67142,86	66737,64	66913,27	LONG	0,00167	5981,87	0,00451	HOLD	98,2349	199,9603
2024-04-13	08:00	66913,27	66928	65731,27	65886,63	LONG	0,00167	5981,87	0,00451	HOLD	98,2349	198,2458
2024-04-13	09:00	65886,64	66593,41	65871,49	66535,99	LONG	0,00167	5981,87	0,00451	HOLD	98,2349	199,3302
2024-04-13	10:00	66536	67168	66483,87	67160,55	LONG	0,00167	5981,87	0,00451	HOLD	98,2349	200,3733
2024-04-13	11:00	67160,55	67929	67012,67	67587,62	LONG	0,00167	5981,87	0,00451	HOLD	98,2349	201,0865
2024-04-13	12:00	67587,63	67907,84	67300,3	67345,48	LONG	0,00167	5981,87	0,00451	HOLD	98,2349	200,6821
2024-04-13	13:00	67345,48	67511	67258,63	67476,02	LONG	0,00167	5981,87	0,00451	HOLD	98,2349	200,9001
2024-04-13	14:00	67476,01	67563,66	67120,87	67446,52	LONG	0,00167	5981,87	0,00451	HOLD	98,2349	200,8508
2024-04-13	15:00	67446,53	67455	67090,83	67176	LONG	0,00167	5981,87	0,00451	HOLD	98,2349	200,3991
2024-04-13	16:00	67175,99	67475	67136,14	67393,85	LONG	0,00167	5981,87	0,00451	HOLD	98,2349	200,7629
2024-04-13	17:00	67393,84	67480,2	67311,77	67428,25	LONG	0,00167	5981,87	0,00451	HOLD	98,2349	200,8203
2024-04-13	18:00	67428,25	67825,91	67302,93	67360	LONG	0,00167	5981,87	0,00451	HOLD	98,2349	200,7063
2024-04-13	19:00	67360,01	67679,99	67169,97	67514,69	LONG	0,00167	5981,87	0,00451	HOLD	98,2349	200,9647
2024-04-13	20:00	67514,7	67774,2	67450,54	67552,03	LONG	0,00167	5981,87	0,00451	HOLD	98,2349	201,027
2024-04-13	21:00	67552,02	67720	67369,67	67559,56	LONG	0,00167	5981,87	0,00451	HOLD	98,2349	201,0396
2024-04-13	22:00	67559,57	67926	67437,8	67676	LONG	0,00167	5981,87	0,00451	HOLD	98,2349	201,2341
2024-04-13	23:00	67675,99	67752,85	67224	67432,37	LONG	0,00167	5981,87	0,00451	HOLD	98,2349	200,8272
2024-04-14	00:00	67432,38	67437,56	66500	66730,87	LONG	0,00167	5981,87	0,00451	HOLD	98,2349	199,6557
2024-04-14	01:00	66730,86	67243,47	66444	67156,27	LONG	0,00167	5981,87	0,00451	HOLD	98,2349	200,3661
2024-04-14	02:00	67156,27	67241,55	63750,01	64788,01	LONG	0,00167	5981,87	0,00451	HOLD	98,2349	196,4111
2024-04-14	03:00	64788,01	64853,9	60660,57	61816,02	LONG	0,00167	5981,87	0,00451	HOLD	98,2349	191,4479
2024-04-14	04:00	61816,01	62959,48	61693	62928,01	LONG	0,00167	5981,87	0,00451	HOLD	98,2349	193,3049
2024-04-14	05:00	62928	64615,38	62118,56	64293,46	LONG	0,00167	5981,87	0,00451	HOLD	98,2349	195,5852
2024-04-14	06:00	64293,47	65608,09	63651,15	63924,51	LONG	0,00167	5981,87	0,00451	HOLD	98,2349	194,9691
2024-04-14	07:00	63924,52	64303,87	62888	63672,18	LONG	0,00167	5981,87	0,00451	HOLD	98,2349	194,5477
2024-04-14	08:00	63672,19	64085,7	63248,7	63743,11	LONG	0,00167	5981,87	0,00451	HOLD	98,2349	194,6661
2024-04-14	09:00	63743,1	63953,75	63016,23	63084,18	LONG	0,00167	5981,87	0,00451	HOLD	98,2349	193,5657
2024-04-14	10:00	63084,18	63576,36	62134	63437,55	LONG	0,00167	5981,87	0,00451	HOLD	98,2349	194,1559
2024-04-14	11:00	63437,55	64176,46	63394	63956,99	LONG	0,00167	5981,87	0,00451	HOLD	98,2349	195,0233
2024-04-14	12:00	63957	64466	63921	64383,99	LONG	0,00167	5981,87	0,00451	HOLD	98,2349	195,7364
2024-04-14	13:00	64384	64872,96	64107,09	64649,96	LONG	0,00167	5981,87	0,00451	HOLD	98,2349	196,1806
2024-04-14	14:00	64649,97	64837,07	64243,65	64464,3	LONG	0,00167	5981,87	0,00451	HOLD	98,2349	195,8705
2024-04-14	15:00	64464,3	64887,99	64372,04	64530,67	LONG	0,00167	5981,87	0,00451	HOLD	98,2349	195,9814
2024-04-14	16:00	64530,67	64721,65	63908,31	64134,19	LONG	0,00167	5981,87	0,00451	HOLD	98,2349	195,3192
2024-04-14	17:00	64134,18	64659,8	64134,18	64457,23	LONG	0,00167	5981,87	0,00451	HOLD	98,2349	195,8587
2024-04-14	18:00	64457,23	64591,44	63855,45	64166,05	LONG	0,00167	5981,87	0,00451	HOLD	98,2349	195,3724
2024-04-14	19:00	64166,05	64848,49	64069,79	64525,25	LONG	0,00167	5981,87	0,00451	HOLD	98,2349	195,9723
2024-04-14	20:00	64525,25	64845,37	64346	64373,42	LONG	0,00167	5981,87	0,00451	HOLD	98,2349	195,7188
2024-04-14	21:00	64373,43	64400	63437,55	63918,01	LONG	0,00167	5981,87	0,00451	HOLD	98,2349	194,9582
2024-04-14	22:00	63918,02	64475,37	63900	64180,97	LONG	0,00167	5981,87	0,00451	HOLD	98,2349	195,3974
2024-04-14	23:00	64180,98	64747,25	64126,03	64412,37	LONG	0,00167	5981,87	0,00451	HOLD	98,2349	195,7838
2024-04-15	00:00	64412,38	64580,01	62573,66	63868,58	LONG	0,00167	5981,87	0,00451	HOLD	98,2349	194,8757
2024-04-15	01:00	63868,57	64695,4	63757	64397,67	LONG	0,00167	5981,87	0,00451	HOLD	98,2349	195,7593
2024-04-15	02:00	64397,67	64474,23	63940,3	64168,62	LONG	0,00167	5981,87	0,00451	HOLD	98,2349	195,3767
2024-04-15	03:00	64168,62	64350	63699,2	63842,36	LONG	0,00167	5981,87	0,00451	HOLD	98,2349	194,8319
2024-04-15	04:00	63842,35	63848,49	63326,42	63682,15	LONG	0,00167	5981,87	0,00451	HOLD	98,2349	194,5643
2024-04-15	05:00	63682,15	65463,56	63641,79	65330,3	LONG	0,00167	5981,87	0,00451	HOLD	98,2349	197,3167
2024-04-15	06:00	65330,29	65840	65057,01	65661,84	LONG	0,00167	5981,87	0,00451	HOLD	98,2349	197,8704
2024-04-15	07:00	65661,85	65867,45	65283,11	65485,23	LONG	0,00167	5981,87	0,00451	HOLD	98,2349	197,5755
2024-04-15	08:00	65485,22	65706,53	65042,98	65275,62	LONG	0,00167	5981,87	0,00451	HOLD	98,2349	197,2254
2024-04-15	09:00	65275,63	65361,47	64937,01	65129,74	LONG	0,00167	5981,87	0,00451	HOLD	98,2349	196,9818
2024-04-15	10:00	65129,73	65323,77	65030,88	65138,19	LONG	0,00167	5981,87	0,00451	HOLD	98,2349	196,9959
2024-04-15	11:00	65138,2	65170,22	64683,01	64906,14	LONG	0,00167	5981,87	0,00451	HOLD	98,2349	196,6084
2024-04-15	12:00	64906,13	65512,2	64903,6	65466,74	LONG	0,00167	5981,87	0,00451	HOLD	98,2349	197,5446
2024-04-15	13:00	65466,73	66558,78	65355,45	66463,63	LONG	0,00167	5981,87	0,00451	HOLD	98,2349	199,2094
2024-04-15	14:00	66463,63	66582,84	66151,41	66263,84	LONG	0,00167	5981,87	0,00451	HOLD	98,2349	198,8758
2024-04-15	15:00	66263,84	66457,88	66064,48	66287,21	LONG	0,00167	5981,87	0,00451	HOLD	98,2349	198,9148
2024-04-15	16:00	66287,22	66867,07	66119,12	66578,39	LONG	0,00167	5981,87	0,00451	HOLD	98,2349	199,4011
2024-04-15	17:00	66578,39	66646,18	66378,03	66465,56	LONG	0,00167	5981,87	0,00451	HOLD	98,2349	199,2126
2024-04-15	18:00	66465,57	66720,64	65807,25	65860,12	LONG	0,00167	5981,87	0,00451	HOLD	98,2349	198,2015
2024-04-15	19:00	65860,12	66243,12	65797,73	66028,17	LONG	0,00167	5981,87	0,00451	HOLD	98,2349	198,4822
2024-04-15	20:00	66028,17	66399	65684,65	65865,77	LONG	0,00167	5981,87	0,00451	HOLD	98,2349	198,211
2024-04-15	21:00	65865,78	65977	64183,99	64235,24	LONG	0,00167	5981,87	0,00451	HOLD	98,2349	195,488
2024-04-15	22:00	64235,25	64792,88	63810	64568,81	LONG	0,00167	5981,87	0,00451	HOLD	98,2349	196,0451
2024-04-15	23:00	64568,8	64868,28	63892,88	64148,61	LONG	0,00167	5981,87	0,00451	HOLD	98,2349	195,3433
2024-04-16	00:00	64148,61	64745,2	63310,99	63908,48	LONG	0,00167	5981,87	0,00451	HOLD	98,2349	194,9423
2024-04-16	01:00	63908,48	64060,34	63111	63170,87	LONG	0,00167	5981,87	0,00451	HOLD	98,2349	193,7105
2024-04-16	02:00	63170,86	63632,5	62274,4	63301,11	LONG	0,00167	5981,87	0,00451	HOLD	98,2349	193,928
2024-04-16	03:00	63301,11	63633,02	62942,82	63112,96	LONG	0,00167	5981,87	0,00451	HOLD	98,2349	193,6138
2024-04-16	04:00	63112,96	63474,55	62632	63262,94	LONG	0,00167	5981,87	0,00451	HOLD	98,2349	193,8643
2024-04-16	05:00	63262,94	63527,31	62700	63459,98	LONG	0,00167	5981,87	0,00451	HOLD	98,2349	194,1933
2024-04-16	06:00	63459,98	63558	63179,21	63419,99	LONG	0,00167	5981,87	0,00451	HOLD	98,2349	194,1265
2024-04-16	07:00	63419,99	63719,98	62933,33	63254,74	LONG	0,00167	5981,87	0,00451	HOLD	98,2349	193,8506
2024-04-16	08:00	63254,74	63899,69	63089	63147,5	LONG	0,00167	5981,87	0,00451	HOLD	98,2349	193,6715
2024-04-16	09:00	63147,5	63500	62750	63401,55	LONG	0,00167	5981,87	0,00451	HOLD	98,2349	194,0957
2024-04-16	10:00	63401,56	63554,99	62799,32	62956	LONG	0,00167	5981,87	0,00451	HOLD	98,2349	193,3517
2024-04-16	11:00	62956	63029,13	61680	62487	LONG	0,00167	5981,87	0,00451	HOLD	98,2349	192,5684
2024-04-16	12:00	62487	62888	62366,44	62700,41	LONG	0,00167	5981,87	0,00451	HOLD	98,2349	192,9248
2024-04-16	13:00	62700,41	63254,88	62636,73	63195,12	LONG	0,00167	5981,87	0,00451	HOLD	98,2349	193,751
2024-04-16	14:00	63195,13	63800	63104,4	63516,19	LONG	0,00167	5981,87	0,00451	HOLD	98,2349	194,2872
2024-04-16	15:00	63516,18	63660	63077,02	63288,48	LONG	0,00167	5981,87	0,00451	HOLD	98,2349	193,9069
2024-04-16	16:00	63288,48	63578,34	63198,67	63242,19	LONG	0,00167	5981,87	0,00451	HOLD	98,2349	193,8296
2024-04-16	17:00	63242,18	63340,66	61600	62559,23	LONG	0,00167	5981,87	0,00451	HOLD	98,2349	192,6891
2024-04-16	18:00	62559,22	63269,95	62366,44	63094,77	LONG	0,00167	5981,87	0,00451	HOLD	98,2349	193,5834
2024-04-16	19:00	63094,76	63422,97	62811,87	63047,89	LONG	0,00167	5981,87	0,00451	HOLD	98,2349	193,5051
2024-04-16	20:00	63047,88	63342,52	62136,28	62692,41	LONG	0,00167	5981,87	0,00451	HOLD	98,2349	192,9115
2024-04-16	21:00	62692,41	63100	62020,01	62092,13	LONG	0,00167	5981,87	0,00451	HOLD	98,2349	191,909
2024-04-16	22:00	62092,12	62415	61735,42	61762,2	LONG	0,00167	5981,87	0,00451	HOLD	98,2349	191,358
2024-04-16	23:00	61762,19	62730,9	61694,02	62730,9	LONG	0,00167	5981,87	0,00451	HOLD	98,2349	192,9757
2024-04-17	00:00	62730,89	63280,75	62282,01	62490,36	LONG	0,00167	5981,87	0,00451	HOLD	98,2349	192,574
2024-04-17	01:00	62490,37	63041,85	62427,24	63003,92	LONG	0,00167	5981,87	0,00451	HOLD	98,2349	193,4317
2024-04-17	02:00	63003,93	63094,8	62648,26	62721,43	LONG	0,00167	5981,87	0,00451	HOLD	98,2349	192,9599
2024-04-17	03:00	62721,43	63050	62555	63019,72	LONG	0,00167	5981,87	0,00451	HOLD	98,2349	193,4581
2024-04-17	04:00	63019,73	64365	62973,83	64007,12	LONG	0,00167	5981,87	0,00451	HOLD	98,2349	195,107
2024-04-17	05:00	64007,11	64080	63613,71	63782,57	LONG	0,00167	5981,87	0,00451	HOLD	98,2349	194,732
2024-04-17	06:00	63782,56	63876,64	63623,32	63793,39	LONG	0,00167	5981,87	0,00451	HOLD	98,2349	194,7501
2024-04-17	07:00	63793,4	64239,67	63581,16	64022,59	LONG	0,00167	5981,87	0,00451	HOLD	98,2349	195,1329
2024-04-17	08:00	64022,6	64048,79	63615	64017,64	LONG	0,00167	5981,87	0,00451	HOLD	98,2349	195,1246
2024-04-17	09:00	64017,64	64295	63694,28	63840,08	LONG	0,00167	5981,87	0,00451	HOLD	98,2349	194,8281
2024-04-17	10:00	63840,09	64067,41	63733,92	63842,02	LONG	0,00167	5981,87	0,00451	HOLD	98,2349	194,8313
2024-04-17	11:00	63842,03	64247,55	63672,26	64101,11	LONG	0,00167	5981,87	0,00451	HOLD	98,2349	195,264
2024-04-17	12:00	64101,11	64499	63827,72	63928,01	LONG	0,00167	5981,87	0,00451	HOLD	98,2349	194,9749
2024-04-17	13:00	63928,01	64000	63735,2	63880,92	LONG	0,00167	5981,87	0,00451	HOLD	98,2349	194,8963
2024-04-17	14:00	63880,92	63935,56	63181,81	63297,84	LONG	0,00167	5981,87	0,00451	HOLD	98,2349	193,9225
2024-04-17	15:00	63297,85	63587,88	63150,1	63325,75	LONG	0,00167	5981,87	0,00451	HOLD	98,2349	193,9691
2024-04-17	16:00	63325,76	63539,99	63227,82	63320,16	LONG	0,00167	5981,87	0,00451	HOLD	98,2349	193,9598
2024-04-17	17:00	63320,16	63338,72	62752,31	62898,04	LONG	0,00167	5981,87	0,00451	HOLD	98,2349	193,2549
2024-04-17	18:00	62898,05	63163,11	62541,13	62595,04	LONG	0,00167	5981,87	0,00451	HOLD	98,2349	192,7489
2024-04-17	19:00	62595,04	62836,12	62061,44	62317,75	LONG	0,00167	5981,87	0,00451	HOLD	98,2349	192,2858
2024-04-17	20:00	62317,76	62974,88	62128,99	62635,88	LONG	0,00167	5981,87	0,00451	HOLD	98,2349	192,8171
2024-04-17	21:00	62635,88	62657,55	60741	61279,66	LONG	0,00167	5981,87	0,00451	HOLD	98,2349	190,5522
2024-04-17	22:00	61279,65	61538,35	59888	60304,95	LONG	0,00167	5981,87	0,00451	HOLD	98,2349	188,9244
2024-04-17	23:00	60304,95	61100	59678,16	60194,95	LONG	0,00167	5981,87	0,00451	HOLD	98,2349	188,7407
2024-04-18	00:00	60194,96	61365,98	60119,11	61275,37	LONG	0,00167	5981,87	0,00451	HOLD	98,2349	190,545
2024-04-18	01:00	61275,36	61956,42	61159,42	61445,57	LONG	0,00167	5981,87	0,00451	HOLD	98,2349	190,8292
2024-04-18	02:00	61445,57	61473,94	60727,38	61022,35	LONG	0,00167	5981,87	0,00451	HOLD	98,2349	190,1225
2024-04-18	03:00	61022,36	61457,58	60777	60846,79	LONG	0,00167	5981,87	0,00451	HOLD	98,2349	189,8293
2024-04-18	04:00	60846,79	61660,05	60846,78	61300,92	LONG	0,00167	5981,87	0,00451	HOLD	98,2349	190,5877
2024-04-18	05:00	61300,93	61719,29	61160,34	61689,94	LONG	0,00167	5981,87	0,00451	HOLD	98,2349	191,2373
2024-04-18	06:00	61689,95	61763,07	61194,93	61277,37	LONG	0,00167	5981,87	0,00451	HOLD	98,2349	190,5484
2024-04-18	07:00	61277,38	61525,91	60939,92	61514,69	LONG	0,00167	5981,87	0,00451	HOLD	98,2349	190,9447
2024-04-18	08:00	61514,68	61666	61382,92	61639,26	LONG	0,00167	5981,87	0,00451	HOLD	98,2349	191,1527
2024-04-18	09:00	61639,26	61920	61457,73	61666,43	LONG	0,00167	5981,87	0,00451	HOLD	98,2349	191,1981
2024-04-18	10:00	61666,42	62229,9	61666,42	61988	LONG	0,00167	5981,87	0,00451	HOLD	98,2349	191,7351
2024-04-18	11:00	61987,99	62075,46	61556,47	61640,06	LONG	0,00167	5981,87	0,00451	HOLD	98,2349	191,154
2024-04-18	12:00	61640,06	61814,61	60992	61072,02	LONG	0,00167	5981,87	0,00451	HOLD	98,2349	190,2054
2024-04-18	13:00	61072,02	61320	60803,35	61147,83	LONG	0,00167	5981,87	0,00451	HOLD	98,2349	190,332
2024-04-18	14:00	61147,82	61362,32	60941,17	61178,08	LONG	0,00167	5981,87	0,00451	HOLD	98,2349	190,3825
2024-04-18	15:00	61178,08	61550	60864	61335,99	LONG	0,00167	5981,87	0,00451	HOLD	98,2349	190,6462
2024-04-18	16:00	61335,99	61710,14	61320,34	61636,5	LONG	0,00167	5981,87	0,00451	HOLD	98,2349	191,1481
2024-04-18	17:00	61636,51	61925,63	61500	61821,75	LONG	0,00167	5981,87	0,00451	HOLD	98,2349	191,4575
2024-04-18	18:00	61821,76	63072,27	61821,75	62597,92	LONG	0,00167	5981,87	0,00451	HOLD	98,2349	192,7537
2024-04-18	19:00	62597,92	62730,18	61580,71	62232,96	LONG	0,00167	5981,87	0,00451	HOLD	98,2349	192,1442
2024-04-18	20:00	62232,96	62833,34	61896,9	62810	LONG	0,00167	5981,87	0,00451	HOLD	98,2349	193,1078
2024-04-18	21:00	62810,01	63970,81	62564,91	63816,57	LONG	0,00167	5981,87	0,00451	HOLD	98,2349	194,7888
2024-04-18	22:00	63816,56	64117,09	63427,47	63498,7	LONG	0,00167	5981,87	0,00451	HOLD	98,2349	194,258
2024-04-18	23:00	63498,69	63866,19	63282,48	63536,72	LONG	0,00167	5981,87	0,00451	HOLD	98,2349	194,3215
2024-04-19	00:00	63536,71	63624,38	62628,6	62782,75	LONG	0,00167	5981,87	0,00451	HOLD	98,2349	193,0623
2024-04-19	01:00	62782,74	63219	62310,03	63104,68	LONG	0,00167	5981,87	0,00451	HOLD	98,2349	193,6
2024-04-19	02:00	63104,67	63576	63095,5	63477,04	LONG	0,00167	5981,87	0,00451	HOLD	98,2349	194,2218
2024-04-19	03:00	63477,04	63637,5	63272	63490,98	LONG	0,00167	5981,87	0,00451	HOLD	98,2349	194,2451
2024-04-19	04:00	63490,99	63825,74	63313,02	63473,28	LONG	0,00167	5981,87	0,00451	HOLD	98,2349	194,2155
2024-04-19	05:00	63473,27	63651,66	63162,77	63499,73	LONG	0,00167	5981,87	0,00451	HOLD	98,2349	194,2597
2024-04-19	06:00	63499,73	63665,5	63376	63470,08	LONG	0,00167	5981,87	0,00451	HOLD	98,2349	194,2102
2024-04-19	07:00	63470,09	63470,09	62654,56	62711,08	LONG	0,00167	5981,87	0,00451	HOLD	98,2349	192,9426
2024-04-19	08:00	62711,08	62776	60618,97	61022	LONG	0,00167	5981,87	0,00451	HOLD	98,2349	190,1219
2024-04-19	09:00	61021,99	61390	59600,01	61359,58	LONG	0,00167	5981,87	0,00451	HOLD	98,2349	190,6856
2024-04-19	10:00	61359,57	62108,34	61140	61785,14	LONG	0,00167	5981,87	0,00451	HOLD	98,2349	191,3963
2024-04-19	11:00	61785,14	62800,07	61766,79	62439,49	LONG	0,00167	5981,87	0,00451	HOLD	98,2349	192,4891
2024-04-19	12:00	62439,49	62589,12	61739,68	62073,38	LONG	0,00167	5981,87	0,00451	HOLD	98,2349	191,8777
2024-04-19	13:00	62073,39	64953,85	61809,93	64624,37	LONG	0,00167	5981,87	0,00451	HOLD	98,2349	196,1378
2024-04-19	14:00	64624,37	65179	64184,61	64547,18	LONG	0,00167	5981,87	0,00451	HOLD	98,2349	196,0089
2024-04-19	15:00	64547,18	65099	64098,13	64639,02	LONG	0,00167	5981,87	0,00451	HOLD	98,2349	196,1623
2024-04-19	16:00	64639,02	64943,87	64490	64775,93	LONG	0,00167	5981,87	0,00451	HOLD	98,2349	196,3909
2024-04-19	17:00	64775,94	65213,31	64420	64777,7	LONG	0,00167	5981,87	0,00451	HOLD	98,2349	196,3939
2024-04-19	18:00	64777,7	65450	64691,28	64870,74	LONG	0,00167	5981,87	0,00451	HOLD	98,2349	196,5493
2024-04-19	19:00	64870,73	65440,57	64770	64965,19	LONG	0,00167	5981,87	0,00451	HOLD	98,2349	196,707
2024-04-19	20:00	64965,19	65069,07	64436,51	64903,71	LONG	0,00167	5981,87	0,00451	HOLD	98,2349	196,6043
2024-04-19	21:00	64903,71	64965,78	63820,57	64452,12	LONG	0,00167	5981,87	0,00451	HOLD	98,2349	195,8502
2024-04-19	22:00	64452,12	64707,7	64333,33	64437,17	LONG	0,00167	5981,87	0,00451	HOLD	98,2349	195,8252
2024-04-19	23:00	64437,18	64533,29	63506,57	64005,76	LONG	0,00167	5981,87	0,00451	HOLD	98,2349	195,1048
2024-04-20	00:00	64005,76	64808,54	63929,18	64627,8	LONG	0,00167	5981,87	0,00451	HOLD	98,2349	196,1436
2024-04-20	01:00	64627,8	64660,86	64084,86	64202,63	LONG	0,00167	5981,87	0,00451	HOLD	98,2349	195,4335
2024-04-20	02:00	64202,63	64393,96	64085,44	64325,25	LONG	0,00167	5981,87	0,00451	HOLD	98,2349	195,6383
2024-04-20	03:00	64325,26	64334,84	63677,36	64044,11	LONG	0,00167	5981,87	0,00451	HOLD	98,2349	195,1688
2024-04-20	04:00	64044,12	64444,91	64044,11	64398,32	LONG	0,00167	5981,87	0,00451	HOLD	98,2349	195,7603
2024-04-20	05:00	64398,31	64494,03	64000,01	64012,5	LONG	0,00167	5981,87	0,00451	HOLD	98,2349	195,116
2024-04-20	06:00	64012,49	64124	62953,9	63818,01	LONG	0,00167	5981,87	0,00451	HOLD	98,2349	194,7912
2024-04-20	07:00	63818,01	64263,41	63418	63444,51	LONG	0,00167	5981,87	0,00451	HOLD	98,2349	194,1675
2024-04-20	08:00	63444,51	63777,03	63090,07	63656	LONG	0,00167	5981,87	0,00451	HOLD	98,2349	194,5207
2024-04-20	09:00	63656	64092,29	63530	63834,02	LONG	0,00167	5981,87	0,00451	HOLD	98,2349	194,818
2024-04-20	10:00	63834,01	64040,67	63766	63956	LONG	0,00167	5981,87	0,00451	HOLD	98,2349	195,0217
2024-04-20	11:00	63956,01	64268,58	63815,53	64133,07	LONG	0,00167	5981,87	0,00451	HOLD	98,2349	195,3174
2024-04-20	12:00	64133,08	64250,08	63987,17	64159	LONG	0,00167	5981,87	0,00451	HOLD	98,2349	195,3607
2024-04-20	13:00	64159,01	64222,22	63939	64046,07	LONG	0,00167	5981,87	0,00451	HOLD	98,2349	195,1721
2024-04-20	14:00	64046,08	64159,99	63922,36	63961,22	LONG	0,00167	5981,87	0,00451	HOLD	98,2349	195,0304
2024-04-20	15:00	63961,22	63988	63661,54	63729,45	LONG	0,00167	5981,87	0,00451	HOLD	98,2349	194,6433
2024-04-20	16:00	63729,44	63778,32	63277	63615,01	LONG	0,00167	5981,87	0,00451	HOLD	98,2349	194,4522
2024-04-20	17:00	63615	63781,82	63377,22	63567,28	LONG	0,00167	5981,87	0,00451	HOLD	98,2349	194,3725
2024-04-20	18:00	63567,29	63924,05	63557,74	63707,17	LONG	0,00167	5981,87	0,00451	HOLD	98,2349	194,6061
2024-04-20	19:00	63707,18	63935,32	63575,83	63824,08	LONG	0,00167	5981,87	0,00451	HOLD	98,2349	194,8014
2024-04-20	20:00	63824,08	64047,92	63798,92	63875,53	LONG	0,00167	5981,87	0,00451	HOLD	98,2349	194,8873
2024-04-20	21:00	63875,53	63984,79	63746	63935,33	LONG	0,00167	5981,87	0,00451	HOLD	98,2349	194,9871
2024-04-20	22:00	63935,33	64960,37	63790	64808,35	LONG	0,00167	5981,87	0,00451	HOLD	98,2349	196,4451
2024-04-20	23:00	64808,35	64969,39	64456,54	64739,24	LONG	0,00167	5981,87	0,00451	HOLD	98,2349	196,3297
2024-04-21	00:00	64739,24	65419	64739,23	65200	LONG	0,00167	5981,87	0,00451	HOLD	98,2349	197,0991
2024-04-21	01:00	65199,99	65310,99	64837,19	64964,09	LONG	0,00167	5981,87	0,00451	HOLD	98,2349	196,7052
2024-04-21	02:00	64964,1	65000,01	64791,79	64866,44	LONG	0,00167	5981,87	0,00451	HOLD	98,2349	196,5421
2024-04-21	03:00	64866,45	65031,25	64622,12	64727,64	LONG	0,00167	5981,87	0,00451	HOLD	98,2349	196,3103
2024-04-21	04:00	64727,63	64825,39	64622,13	64725,98	LONG	0,00167	5981,87	0,00451	HOLD	98,2349	196,3075
2024-04-21	05:00	64725,98	64778	64555	64613,51	LONG	0,00167	5981,87	0,00451	HOLD	98,2349	196,1197
2024-04-21	06:00	64613,51	64988,92	64613,51	64940,59	LONG	0,00167	5981,87	0,00451	HOLD	98,2349	196,6659
2024-04-21	07:00	64940,58	64960	64608	64759,98	LONG	0,00167	5981,87	0,00451	HOLD	98,2349	196,3643
2024-04-21	08:00	64759,97	65100	64737,5	64946	LONG	0,00167	5981,87	0,00451	HOLD	98,2349	196,675
2024-04-21	09:00	64946	65377	64921	65297,99	LONG	0,00167	5981,87	0,00451	HOLD	98,2349	197,2628
2024-04-21	10:00	65298	65695,56	65093,99	65170	LONG	0,00167	5981,87	0,00451	HOLD	98,2349	197,049
2024-04-21	11:00	65170,01	65195,98	64843,98	65056	LONG	0,00167	5981,87	0,00451	HOLD	98,2349	196,8587
2024-04-21	12:00	65055,99	65244,65	64984,44	65027,81	LONG	0,00167	5981,87	0,00451	HOLD	98,2349	196,8116
2024-04-21	13:00	65027,82	65200	64941,79	65048,01	LONG	0,00167	5981,87	0,00451	HOLD	98,2349	196,8453
2024-04-21	14:00	65048,01	65175	64899,84	65150,66	LONG	0,00167	5981,87	0,00451	HOLD	98,2349	197,0167
2024-04-21	15:00	65150,67	65222,07	64920,26	64926,83	LONG	0,00167	5981,87	0,00451	HOLD	98,2349	196,6429
2024-04-21	16:00	64926,83	64986,72	64763,15	64900,32	LONG	0,00167	5981,87	0,00451	HOLD	98,2349	196,5987
2024-04-21	17:00	64900,33	64986	64785,04	64954,51	LONG	0,00167	5981,87	0,00451	HOLD	98,2349	196,6892
2024-04-21	18:00	64954,51	65440,95	64954,5	65234,01	LONG	0,00167	5981,87	0,00451	HOLD	98,2349	197,1559
2024-04-21	19:00	65234,02	65375,41	64934	65004,24	LONG	0,00167	5981,87	0,00451	HOLD	98,2349	196,7722
2024-04-21	20:00	65004,24	65244,9	64778,69	64882	LONG	0,00167	5981,87	0,00451	HOLD	98,2349	196,5681
2024-04-21	21:00	64882	65036,82	64790	64893,5	LONG	0,00167	5981,87	0,00451	HOLD	98,2349	196,5873
2024-04-21	22:00	64893,49	65132,07	64880	65043,69	LONG	0,00167	5981,87	0,00451	HOLD	98,2349	196,8381
2024-04-21	23:00	65043,7	65087,92	64237,5	64578,37	LONG	0,00167	5981,87	0,00451	HOLD	98,2349	196,061
2024-04-22	00:00	64578,37	64875,98	64530,89	64822	LONG	0,00167	5981,87	0,00451	HOLD	98,2349	196,4679
2024-04-22	01:00	64822	64862,5	64596,09	64772	LONG	0,00167	5981,87	0,00451	HOLD	98,2349	196,3844
2024-04-22	02:00	64772	64856,05	64528,38	64538	LONG	0,00167	5981,87	0,00451	HOLD	98,2349	195,9936
2024-04-22	03:00	64538	64722,04	64362,5	64646,17	LONG	0,00167	5981,87	0,00451	HOLD	98,2349	196,1742
2024-04-22	04:00	64646,16	65167,19	64646,16	64661,7	LONG	0,00167	5981,87	0,00451	HOLD	98,2349	196,2002
2024-04-22	05:00	64661,69	65110	64569,07	65030,42	LONG	0,00167	5981,87	0,00451	HOLD	98,2349	196,8159
2024-04-22	06:00	65030,41	65063	64866	64941,15	LONG	0,00167	5981,87	0,00451	HOLD	98,2349	196,6669
2024-04-22	07:00	64941,15	65158,08	64758,93	64908,96	LONG	0,00167	5981,87	0,00451	HOLD	98,2349	196,6131
2024-04-22	08:00	64908,96	65640	64604,56	64658	LONG	0,00167	5981,87	0,00451	HOLD	98,2349	196,194
2024-04-22	09:00	64657,99	64862,5	64500	64806,69	LONG	0,00167	5981,87	0,00451	HOLD	98,2349	196,4423
2024-04-22	10:00	64806,69	66090,69	64754	65703,5	LONG	0,00167	5981,87	0,00451	HOLD	98,2349	197,94
2024-04-22	11:00	65703,49	65878,17	65509,24	65738,48	LONG	0,00167	5981,87	0,00451	HOLD	98,2349	197,9984
2024-04-22	12:00	65738,48	66414,81	65701,99	66377,99	LONG	0,00167	5981,87	0,00451	HOLD	98,2349	199,0664
2024-04-22	13:00	66377,99	66412,6	66150,8	66300	LONG	0,00167	5981,87	0,00451	HOLD	98,2349	198,9361
2024-04-22	14:00	66300,01	66479,8	65979,33	65980	LONG	0,00167	5981,87	0,00451	HOLD	98,2349	198,4017
2024-04-22	15:00	65980,01	66204,44	65905,73	65961,59	LONG	0,00167	5981,87	0,00451	HOLD	98,2349	198,371
2024-04-22	16:00	65961,58	66055,17	65801,76	65938	LONG	0,00167	5981,87	0,00451	HOLD	98,2349	198,3316
2024-04-22	17:00	65938	66154,87	65890	66048,18	LONG	0,00167	5981,87	0,00451	HOLD	98,2349	198,5156
2024-04-22	18:00	66048,18	66108	65702	65877,47	LONG	0,00167	5981,87	0,00451	HOLD	98,2349	198,2305
2024-04-22	19:00	65877,47	65995,48	65626,87	65995,48	LONG	0,00167	5981,87	0,00451	HOLD	98,2349	198,4276
2024-04-22	20:00	65995,48	66260,54	65693,98	66114	LONG	0,00167	5981,87	0,00451	HOLD	98,2349	198,6255
2024-04-22	21:00	66113,48	66477,53	65962,16	66031,77	LONG	0,00167	5981,87	0,00451	HOLD	98,2349	198,4882
2024-04-22	22:00	66031,78	66085,46	65665,86	65994,38	LONG	0,00167	5981,87	0,00451	HOLD	98,2349	198,4258
2024-04-22	23:00	65994,39	66419,56	65913,52	66154,73	LONG	0,00167	5981,87	0,00451	HOLD	98,2349	198,6935
2024-04-23	00:00	66154,73	66824,28	66133,35	66540	LONG	0,00167	5981,87	0,00451	HOLD	98,2349	199,3369
2024-04-23	01:00	66540,01	66691,22	66293,05	66331,17	LONG	0,00167	5981,87	0,00451	HOLD	98,2349	198,9882
2024-04-23	02:00	66331,16	66609,33	66141,07	66524,77	LONG	0,00167	5981,87	0,00451	HOLD	98,2349	199,3115
2024-04-23	03:00	66524,77	66760,56	66394,52	66509,5	LONG	0,00167	5981,87	0,00451	HOLD	98,2349	199,286
2024-04-23	04:00	66509,5	66558,91	66342,1	66526,94	LONG	0,00167	5981,87	0,00451	HOLD	98,2349	199,3151
2024-04-23	05:00	66526,94	67200	66526,94	67027,97	LONG	0,00167	5981,87	0,00451	HOLD	98,2349	200,1519
2024-04-23	06:00	67027,98	67232,35	66790	66819,32	LONG	0,00167	5981,87	0,00451	HOLD	98,2349	199,8034
2024-04-23	07:00	66819,32	67032,83	66712,96	67028,14	LONG	0,00167	5981,87	0,00451	HOLD	98,2349	200,1521
2024-04-23	08:00	67028,15	67183,01	66777,4	66780	LONG	0,00167	5981,87	0,00451	HOLD	98,2349	199,7377
2024-04-23	09:00	66780	66912	66558,31	66615,79	LONG	0,00167	5981,87	0,00451	HOLD	98,2349	199,4635
2024-04-23	10:00	66615,79	66756	66419,55	66435,01	LONG	0,00167	5981,87	0,00451	HOLD	98,2349	199,1616
2024-04-23	11:00	66435,01	66582,67	66181,1	66244,02	LONG	0,00167	5981,87	0,00451	HOLD	98,2349	198,8427
2024-04-23	12:00	66244,02	66609,31	66192	66490,01	LONG	0,00167	5981,87	0,00451	HOLD	98,2349	199,2535
2024-04-23	13:00	66490,01	66646	66304	66378,16	LONG	0,00167	5981,87	0,00451	HOLD	98,2349	199,0667
2024-04-23	14:00	66378,15	66451,19	66020	66099,79	LONG	0,00167	5981,87	0,00451	HOLD	98,2349	198,6018
2024-04-23	15:00	66099,79	66260,47	65963,4	66215,07	LONG	0,00167	5981,87	0,00451	HOLD	98,2349	198,7943
2024-04-23	16:00	66215,06	66309,3	66046,63	66058,99	LONG	0,00167	5981,87	0,00451	HOLD	98,2349	198,5337
2024-04-23	17:00	66059	66310,44	66058,99	66210,74	LONG	0,00167	5981,87	0,00451	HOLD	98,2349	198,7871
2024-04-23	18:00	66210,74	66236,13	65852,35	66043,99	LONG	0,00167	5981,87	0,00451	HOLD	98,2349	198,5086
2024-04-23	19:00	66043,99	66165	65765,81	66134,91	LONG	0,00167	5981,87	0,00451	HOLD	98,2349	198,6604
2024-04-23	20:00	66134,91	66590,92	66049,4	66509,29	LONG	0,00167	5981,87	0,00451	HOLD	98,2349	199,2857
2024-04-23	21:00	66509,3	67130	66420	66909,78	LONG	0,00167	5981,87	0,00451	HOLD	98,2349	199,9545
2024-04-23	22:00	66909,79	66930,47	66328,44	66419,56	LONG	0,00167	5981,87	0,00451	HOLD	98,2349	199,1358
2024-04-23	23:00	66419,56	66807,91	66350,91	66747,36	LONG	0,00167	5981,87	0,00451	HOLD	98,2349	199,6832
2024-04-24	00:00	66747,35	66905,99	66584,61	66753,71	LONG	0,00167	5981,87	0,00451	HOLD	98,2349	199,6938
2024-04-24	01:00	66753,72	66846	66589,47	66783,56	LONG	0,00167	5981,87	0,00451	HOLD	98,2349	199,7437
2024-04-24	02:00	66783,57	66783,57	66390	66484,43	LONG	0,00167	5981,87	0,00451	HOLD	98,2349	199,2441
2024-04-24	03:00	66484,43	66484,96	65980	66352,94	LONG	0,00167	5981,87	0,00451	HOLD	98,2349	199,0246
2024-04-24	04:00	66352,94	66464	66258,86	66352,01	LONG	0,00167	5981,87	0,00451	HOLD	98,2349	199,023
2024-04-24	05:00	66352	66455,76	66278,59	66362,85	LONG	0,00167	5981,87	0,00451	HOLD	98,2349	199,0411
2024-04-24	06:00	66362,84	66433,31	66120	66414	LONG	0,00167	5981,87	0,00451	HOLD	98,2349	199,1265
2024-04-24	07:00	66414	66747,73	66390	66742,19	LONG	0,00167	5981,87	0,00451	HOLD	98,2349	199,6746
2024-04-24	08:00	66742,18	66900	66682,33	66743,25	LONG	0,00167	5981,87	0,00451	HOLD	98,2349	199,6764
2024-04-24	09:00	66743,25	66766	66441,32	66530,01	LONG	0,00167	5981,87	0,00451	HOLD	98,2349	199,3203
2024-04-24	10:00	66530,01	66714,43	66514,44	66608,14	LONG	0,00167	5981,87	0,00451	HOLD	98,2349	199,4507
2024-04-24	11:00	66608,14	67065	66589,01	67008	LONG	0,00167	5981,87	0,00451	HOLD	98,2349	200,1185
2024-04-24	12:00	67008	67070,43	66633	66735,06	LONG	0,00167	5981,87	0,00451	HOLD	98,2349	199,6627
2024-04-24	13:00	66735,06	66792	66552,37	66778,26	LONG	0,00167	5981,87	0,00451	HOLD	98,2349	199,7348
2024-04-24	14:00	66778,25	66883,68	66588	66630,9	LONG	0,00167	5981,87	0,00451	HOLD	98,2349	199,4887
2024-04-24	15:00	66630,89	66743,01	66485,3	66533,99	LONG	0,00167	5981,87	0,00451	HOLD	98,2349	199,3269
2024-04-24	16:00	66533,98	66560,51	66272	66366,01	LONG	0,00167	5981,87	0,00451	HOLD	98,2349	199,0464
2024-04-24	17:00	66366	66517,85	66203,05	66432,25	LONG	0,00167	5981,87	0,00451	HOLD	98,2349	199,157
2024-04-24	18:00	66432,26	66631,01	66361,73	66571,52	LONG	0,00167	5981,87	0,00451	HOLD	98,2349	199,3896
2024-04-24	19:00	66571,52	66737	66351,1	66353,02	LONG	0,00167	5981,87	0,00451	HOLD	98,2349	199,0247
2024-04-24	20:00	66353,01	66355,99	65834,28	66054,99	LONG	0,00167	5981,87	0,00451	HOLD	98,2349	198,527
2024-04-24	21:00	66055	66200	64732,34	65234,85	LONG	0,00167	5981,87	0,00451	HOLD	98,2349	197,1573
2024-04-24	22:00	65234,86	65243,73	64519,03	64610,11	LONG	0,00167	5981,87	0,00451	HOLD	98,2349	196,114
2024-04-24	23:00	64610,1	64959,74	64348	64798	LONG	0,00167	5981,87	0,00451	HOLD	98,2349	196,4278
2024-04-25	00:00	64797,99	65156,95	64766,33	64889,47	LONG	0,00167	5981,87	0,00451	HOLD	98,2349	196,5806
2024-04-25	01:00	64889,47	64920	64070,15	64127,04	LONG	0,00167	5981,87	0,00451	HOLD	98,2349	195,3073
2024-04-25	02:00	64127,04	64486	63736,7	63976,06	LONG	0,00167	5981,87	0,00451	HOLD	98,2349	195,0552
2024-04-25	03:00	63976,05	64240,01	63606,06	64110	LONG	0,00167	5981,87	0,00451	HOLD	98,2349	195,2788
2024-04-25	04:00	64110,01	64447,91	64000	64399,37	LONG	0,00167	5981,87	0,00451	HOLD	98,2349	195,7621
2024-04-25	05:00	64399,37	64404	63956,49	64096	LONG	0,00167	5981,87	0,00451	HOLD	98,2349	195,2555
2024-04-25	06:00	64096	64339,83	63825,72	64289,59	LONG	0,00167	5981,87	0,00451	HOLD	98,2349	195,5788
2024-04-25	07:00	64289,58	64741,47	64226,6	64557,25	LONG	0,00167	5981,87	0,00451	HOLD	98,2349	196,0257
2024-04-25	08:00	64557,25	64657,15	64046,74	64067,98	LONG	0,00167	5981,87	0,00451	HOLD	98,2349	195,2087
2024-04-25	09:00	64067,99	64338,58	63860	64299,98	LONG	0,00167	5981,87	0,00451	HOLD	98,2349	195,5961
2024-04-25	10:00	64299,98	64464,29	64128,3	64282,01	LONG	0,00167	5981,87	0,00451	HOLD	98,2349	195,5661
2024-04-25	11:00	64282,02	64397,78	64058	64337,99	LONG	0,00167	5981,87	0,00451	HOLD	98,2349	195,6596
2024-04-25	12:00	64338	64377,6	64025,5	64223,36	LONG	0,00167	5981,87	0,00451	HOLD	98,2349	195,4682
2024-04-25	13:00	64223,36	64391,99	64195,7	64288	LONG	0,00167	5981,87	0,00451	HOLD	98,2349	195,5761
2024-04-25	14:00	64288	64379,85	63824,07	64017,99	LONG	0,00167	5981,87	0,00451	HOLD	98,2349	195,1252
2024-04-25	15:00	64017,99	64176,86	63708,2	63948,78	LONG	0,00167	5981,87	0,00451	HOLD	98,2349	195,0096
2024-04-25	16:00	63948,78	64192	63809,13	63966,02	LONG	0,00167	5981,87	0,00451	HOLD	98,2349	195,0384
2024-04-25	17:00	63966,03	63966,03	63337,25	63462,01	LONG	0,00167	5981,87	0,00451	HOLD	98,2349	194,1967
2024-04-25	18:00	63462	63994,23	63447,37	63861,23	LONG	0,00167	5981,87	0,00451	HOLD	98,2349	194,8634
2024-04-25	19:00	63861,24	64302,99	63267,03	63429,82	LONG	0,00167	5981,87	0,00451	HOLD	98,2349	194,1429
2024-04-25	20:00	63429,83	63571,95	62794	63428,97	LONG	0,00167	5981,87	0,00451	HOLD	98,2349	194,1415
2024-04-25	21:00	63428,97	63867,74	63215,99	63384,96	LONG	0,00167	5981,87	0,00451	HOLD	98,2349	194,068
2024-04-25	22:00	63384,96	64198,4	63265,95	64135,94	LONG	0,00167	5981,87	0,00451	HOLD	98,2349	195,3222
2024-04-25	23:00	64135,93	64503,46	63971,48	64445,45	LONG	0,00167	5981,87	0,00451	HOLD	98,2349	195,839
2024-04-26	00:00	64445,45	64856,85	64374,95	64704	LONG	0,00167	5981,87	0,00451	HOLD	98,2349	196,2708
2024-04-26	01:00	64703,99	64975	64452,21	64712,1	LONG	0,00167	5981,87	0,00451	HOLD	98,2349	196,2843
2024-04-26	02:00	64712,11	64786	64561,29	64747,11	LONG	0,00167	5981,87	0,00451	HOLD	98,2349	196,3428
2024-04-26	03:00	64747,12	64992	64489,3	64794,29	LONG	0,00167	5981,87	0,00451	HOLD	98,2349	196,4216
2024-04-26	04:00	64794,28	65297,94	64681,34	64710,01	LONG	0,00167	5981,87	0,00451	HOLD	98,2349	196,2809
2024-04-26	05:00	64710,01	64740	64556	64602,99	LONG	0,00167	5981,87	0,00451	HOLD	98,2349	196,1021
2024-04-26	06:00	64602,99	64747,12	64447,75	64498,34	LONG	0,00167	5981,87	0,00451	HOLD	98,2349	195,9274
2024-04-26	07:00	64498,33	64557,03	64111,01	64307,03	LONG	0,00167	5981,87	0,00451	HOLD	98,2349	195,6079
2024-04-26	08:00	64307,03	64662,5	63890,82	64402,97	LONG	0,00167	5981,87	0,00451	HOLD	98,2349	195,7681
2024-04-26	09:00	64402,98	64662,53	64304,88	64499,91	LONG	0,00167	5981,87	0,00451	HOLD	98,2349	195,93
2024-04-26	10:00	64499,92	64506,25	64294,78	64381,24	LONG	0,00167	5981,87	0,00451	HOLD	98,2349	195,7318
2024-04-26	11:00	64381,25	64391,37	64175,32	64210,85	LONG	0,00167	5981,87	0,00451	HOLD	98,2349	195,4473
2024-04-26	12:00	64210,84	64574,32	64000,02	64553,99	LONG	0,00167	5981,87	0,00451	HOLD	98,2349	196,0203
2024-04-26	13:00	64553,99	64576,26	64256,25	64377,57	LONG	0,00167	5981,87	0,00451	HOLD	98,2349	195,7257
2024-04-26	14:00	64377,56	64610,82	64240,21	64276,95	LONG	0,00167	5981,87	0,00451	HOLD	98,2349	195,5576
2024-04-26	15:00	64276,94	64468,92	64234,19	64412,5	LONG	0,00167	5981,87	0,00451	HOLD	98,2349	195,784
2024-04-26	16:00	64412,5	64581,52	64329,42	64474,99	LONG	0,00167	5981,87	0,00451	HOLD	98,2349	195,8884
2024-04-26	17:00	64474,99	64556,45	64059,8	64100,01	LONG	0,00167	5981,87	0,00451	HOLD	98,2349	195,2622
2024-04-26	18:00	64100,01	64264,74	64070	64244,02	LONG	0,00167	5981,87	0,00451	HOLD	98,2349	195,5027
2024-04-26	19:00	64244,03	64517,99	63950	64142,79	LONG	0,00167	5981,87	0,00451	HOLD	98,2349	195,3336
2024-04-26	20:00	64142,78	64582,93	63685,94	64500,01	LONG	0,00167	5981,87	0,00451	HOLD	98,2349	195,9302
2024-04-26	21:00	64500	64820,01	63791,91	63854,16	LONG	0,00167	5981,87	0,00451	HOLD	98,2349	194,8516
2024-04-26	22:00	63854,15	64030	63297,48	63503,22	LONG	0,00167	5981,87	0,00451	HOLD	98,2349	194,2655
2024-04-26	23:00	63503,22	63786,31	63318,75	63662,51	LONG	0,00167	5981,87	0,00451	HOLD	98,2349	194,5315
2024-04-27	00:00	63662,5	64115,12	63550,97	64008,4	LONG	0,00167	5981,87	0,00451	HOLD	98,2349	195,1092
2024-04-27	01:00	64008,4	64162,5	63943,82	64060	LONG	0,00167	5981,87	0,00451	HOLD	98,2349	195,1953
2024-04-27	02:00	64060,01	64131,25	63727,89	63742,05	LONG	0,00167	5981,87	0,00451	HOLD	98,2349	194,6644
2024-04-27	03:00	63742,07	64107,32	63742,05	63966,39	LONG	0,00167	5981,87	0,00451	HOLD	98,2349	195,039
2024-04-27	04:00	63966,39	64080,56	63830	64059,97	LONG	0,00167	5981,87	0,00451	HOLD	98,2349	195,1953
2024-04-27	05:00	64059,96	64059,97	63689,22	63821,93	LONG	0,00167	5981,87	0,00451	HOLD	98,2349	194,7978
2024-04-27	06:00	63821,94	63913,46	63756,25	63770,01	LONG	0,00167	5981,87	0,00451	HOLD	98,2349	194,7111
2024-04-27	07:00	63770	63923,41	62851	63181,99	LONG	0,00167	5981,87	0,00451	HOLD	98,2349	193,7291
2024-04-27	08:00	63182	63272,72	62391,24	62593,28	LONG	0,00167	5981,87	0,00451	HOLD	98,2349	192,7459
2024-04-27	09:00	62593,28	63325,12	62471,52	62929,97	LONG	0,00167	5981,87	0,00451	HOLD	98,2349	193,3082
2024-04-27	10:00	62929,98	63153,06	62808	63082,01	LONG	0,00167	5981,87	0,00451	HOLD	98,2349	193,5621
2024-04-27	11:00	63082	63175	62943,75	63048,57	LONG	0,00167	5981,87	0,00451	HOLD	98,2349	193,5063
2024-04-27	12:00	63048,57	63091,82	62808	62988,25	LONG	0,00167	5981,87	0,00451	HOLD	98,2349	193,4055
2024-04-27	13:00	62988,25	63147,88	62865,46	63028	LONG	0,00167	5981,87	0,00451	HOLD	98,2349	193,4719
2024-04-27	14:00	63028	63160,71	62946	62966,83	LONG	0,00167	5981,87	0,00451	HOLD	98,2349	193,3697
2024-04-27	15:00	62966,84	63060	62913,48	63016,01	LONG	0,00167	5981,87	0,00451	HOLD	98,2349	193,4519
2024-04-27	16:00	63016,01	63055,49	62878,78	62984,45	LONG	0,00167	5981,87	0,00451	HOLD	98,2349	193,3992
2024-04-27	17:00	62984,45	62991,54	62730	62796	LONG	0,00167	5981,87	0,00451	HOLD	98,2349	193,0845
2024-04-27	18:00	62795,99	62950	62673,37	62862,14	LONG	0,00167	5981,87	0,00451	HOLD	98,2349	193,1949
2024-04-27	19:00	62862,13	63174	62810,29	63034,62	LONG	0,00167	5981,87	0,00451	HOLD	98,2349	193,483
2024-04-27	20:00	63034,62	63271,79	63006,21	63227,09	LONG	0,00167	5981,87	0,00451	HOLD	98,2349	193,8044
2024-04-27	21:00	63227,09	63408,53	63063,82	63131,65	LONG	0,00167	5981,87	0,00451	HOLD	98,2349	193,645
2024-04-27	22:00	63131,65	63212,09	62860	62951,75	LONG	0,00167	5981,87	0,00451	HOLD	98,2349	193,3446
2024-04-27	23:00	62951,75	63111,89	62750	62750	LONG	0,00167	5981,87	0,00451	HOLD	98,2349	193,0076
2024-04-28	00:00	62750	63650	62750	63416,21	LONG	0,00167	5981,87	0,00451	HOLD	98,2349	194,1202
2024-04-28	01:00	63416,22	63619,96	62821,82	63339,05	LONG	0,00167	5981,87	0,00451	HOLD	98,2349	193,9914
2024-04-28	02:00	63339,06	63388,42	63192,07	63352,11	LONG	0,00167	5981,87	0,00451	HOLD	98,2349	194,0132
2024-04-28	03:00	63352,11	63461,53	63160	63277,99	LONG	0,00167	5981,87	0,00451	HOLD	98,2349	193,8894
2024-04-28	04:00	63277,99	63357,32	63157,98	63289,57	LONG	0,00167	5981,87	0,00451	HOLD	98,2349	193,9087
2024-04-28	05:00	63289,57	63474,99	63233,81	63259,99	LONG	0,00167	5981,87	0,00451	HOLD	98,2349	193,8593
2024-04-28	06:00	63260	63555,56	63259,99	63461,98	LONG	0,00167	5981,87	0,00451	HOLD	98,2349	194,1966
2024-04-28	07:00	63461,98	63748,55	63456,86	63616,57	LONG	0,00167	5981,87	0,00451	HOLD	98,2349	194,4548
2024-04-28	08:00	63616,58	63698,74	63523,45	63603,6	LONG	0,00167	5981,87	0,00451	HOLD	98,2349	194,4332
2024-04-28	09:00	63603,6	64050	63552,68	63950	LONG	0,00167	5981,87	0,00451	HOLD	98,2349	195,0116
2024-04-28	10:00	63950,01	64370	63932,78	64021,62	LONG	0,00167	5981,87	0,00451	HOLD	98,2349	195,1312
2024-04-28	11:00	64021,62	64049,99	63827,88	63843,14	LONG	0,00167	5981,87	0,00451	HOLD	98,2349	194,8332
2024-04-28	12:00	63843,14	64000	63810	63953,99	LONG	0,00167	5981,87	0,00451	HOLD	98,2349	195,0183
2024-04-28	13:00	63954	64017,29	63800	63967,14	LONG	0,00167	5981,87	0,00451	HOLD	98,2349	195,0403
2024-04-28	14:00	63967,14	64060	63894,21	63915,5	LONG	0,00167	5981,87	0,00451	HOLD	98,2349	194,954
2024-04-28	15:00	63915,5	63979,27	63639,17	63709,98	LONG	0,00167	5981,87	0,00451	HOLD	98,2349	194,6108
2024-04-28	16:00	63709,99	63823,79	63676	63759,33	LONG	0,00167	5981,87	0,00451	HOLD	98,2349	194,6932
2024-04-28	17:00	63759,34	63792,6	63345,55	63694,5	LONG	0,00167	5981,87	0,00451	HOLD	98,2349	194,585
2024-04-28	18:00	63694,5	63710,87	63394,68	63484,01	LONG	0,00167	5981,87	0,00451	HOLD	98,2349	194,2334
2024-04-28	19:00	63484	63673	63415,6	63590,03	LONG	0,00167	5981,87	0,00451	HOLD	98,2349	194,4105
2024-04-28	20:00	63590,03	63869,09	63534	63775,43	LONG	0,00167	5981,87	0,00451	HOLD	98,2349	194,7201
2024-04-28	21:00	63775,42	63783,6	63488	63607,19	LONG	0,00167	5981,87	0,00451	HOLD	98,2349	194,4391
2024-04-28	22:00	63607,2	63652	63460	63540	LONG	0,00167	5981,87	0,00451	HOLD	98,2349	194,3269
2024-04-28	23:00	63540	63800,4	63483,18	63705,38	LONG	0,00167	5981,87	0,00451	HOLD	98,2349	194,6031
2024-04-29	00:00	63705,38	63814	63570,3	63768,47	LONG	0,00167	5981,87	0,00451	HOLD	98,2349	194,7085
2024-04-29	01:00	63768,47	63976	63694,5	63923,99	LONG	0,00167	5981,87	0,00451	HOLD	98,2349	194,9682
2024-04-29	02:00	63924	63928	63715,36	63730,49	LONG	0,00167	5981,87	0,00451	HOLD	98,2349	194,6451
2024-04-29	03:00	63730,49	63745,91	63588,72	63686	LONG	0,00167	5981,87	0,00451	HOLD	98,2349	194,5708
2024-04-29	04:00	63686	63745,86	63609	63661,99	LONG	0,00167	5981,87	0,00451	HOLD	98,2349	194,5307
2024-04-29	05:00	63662	63714,76	62870	63151,05	LONG	0,00167	5981,87	0,00451	HOLD	98,2349	193,6774
2024-04-29	06:00	63151,06	63164,7	62781	63118,62	LONG	0,00167	5981,87	0,00451	HOLD	98,2349	193,6232
2024-04-29	07:00	63118,62	63321,9	63002,86	63257,43	LONG	0,00167	5981,87	0,00451	HOLD	98,2349	193,8551
2024-04-29	08:00	63257,42	63367,05	63084,18	63232	LONG	0,00167	5981,87	0,00451	HOLD	98,2349	193,8126
2024-04-29	09:00	63231,99	63285,08	62570	62706,33	LONG	0,00167	5981,87	0,00451	HOLD	98,2349	192,9347
2024-04-29	10:00	62706,34	62764,84	62150,52	62279,67	LONG	0,00167	5981,87	0,00451	HOLD	98,2349	192,2222
2024-04-29	11:00	62279,68	62639,4	62200,03	62542	LONG	0,00167	5981,87	0,00451	HOLD	98,2349	192,6603
2024-04-29	12:00	62542	62542	62059,27	62444,88	LONG	0,00167	5981,87	0,00451	HOLD	98,2349	192,4981
2024-04-29	13:00	62444,88	62473,8	61923,13	62199,69	LONG	0,00167	5981,87	0,00451	HOLD	98,2349	192,0886
2024-04-29	14:00	62199,69	62417,85	61942,38	62399,98	LONG	0,00167	5981,87	0,00451	HOLD	98,2349	192,4231
2024-04-29	15:00	62399,98	62498,61	62220,01	62398	LONG	0,00167	5981,87	0,00451	HOLD	98,2349	192,4198
2024-04-29	16:00	62397,99	62660,01	62276,73	62536,01	LONG	0,00167	5981,87	0,00451	HOLD	98,2349	192,6503
2024-04-29	17:00	62536,01	62673,18	62388,96	62388,97	LONG	0,00167	5981,87	0,00451	HOLD	98,2349	192,4047
2024-04-29	18:00	62388,96	62421,66	62179,99	62256	LONG	0,00167	5981,87	0,00451	HOLD	98,2349	192,1827
2024-04-29	19:00	62256	62653,44	62049	62602,33	LONG	0,00167	5981,87	0,00451	HOLD	98,2349	192,761
2024-04-29	20:00	62602,32	62698,55	61765,53	62014	LONG	0,00167	5981,87	0,00451	HOLD	98,2349	191,7785
2024-04-29	21:00	62014	63014,67	61878,61	62834,99	LONG	0,00167	5981,87	0,00451	HOLD	98,2349	193,1496
2024-04-29	22:00	62834,99	63112,29	62735,55	63039,07	LONG	0,00167	5981,87	0,00451	HOLD	98,2349	193,4904
2024-04-29	23:00	63039,07	63158,8	62754	62792,02	LONG	0,00167	5981,87	0,00451	HOLD	98,2349	193,0778
2024-04-30	00:00	62792,01	63221,74	62774,38	63033,23	LONG	0,00167	5981,87	0,00451	HOLD	98,2349	193,4806
2024-04-30	01:00	63033,24	63050	62705,88	62870	LONG	0,00167	5981,87	0,00451	HOLD	98,2349	193,208
2024-04-30	02:00	62870	62988	62546,37	62987,37	LONG	0,00167	5981,87	0,00451	HOLD	98,2349	193,4041
2024-04-30	03:00	62987,37	63134,12	62894,85	62968,82	LONG	0,00167	5981,87	0,00451	HOLD	98,2349	193,3731
2024-04-30	04:00	62968,83	63172,58	62820	63092,24	LONG	0,00167	5981,87	0,00451	HOLD	98,2349	193,5792
2024-04-30	05:00	63092,23	63935,91	63041,04	63890	LONG	0,00167	5981,87	0,00451	HOLD	98,2349	194,9114
2024-04-30	06:00	63890,01	64228,35	63810	63866	LONG	0,00167	5981,87	0,00451	HOLD	98,2349	194,8714
2024-04-30	07:00	63866	64734	63688,04	64580	LONG	0,00167	5981,87	0,00451	HOLD	98,2349	196,0637
2024-04-30	08:00	64579,99	64614	63560,5	63606,01	LONG	0,00167	5981,87	0,00451	HOLD	98,2349	194,4372
2024-04-30	09:00	63606,01	63896,12	62995,7	63780,91	LONG	0,00167	5981,87	0,00451	HOLD	98,2349	194,7293
2024-04-30	10:00	63780,92	63820,58	63561,32	63647,99	LONG	0,00167	5981,87	0,00451	HOLD	98,2349	194,5073
2024-04-30	11:00	63647,99	63708,7	63343,47	63403,98	LONG	0,00167	5981,87	0,00451	HOLD	98,2349	194,0998
2024-04-30	12:00	63403,98	63491,59	63069,68	63330	LONG	0,00167	5981,87	0,00451	HOLD	98,2349	193,9762
2024-04-30	13:00	63330	63465,1	63227,47	63412	LONG	0,00167	5981,87	0,00451	HOLD	98,2349	194,1132
2024-04-30	14:00	63412	63461,96	63135,7	63148,74	LONG	0,00167	5981,87	0,00451	HOLD	98,2349	193,6735
2024-04-30	15:00	63148,74	63244	61816,46	61919,32	LONG	0,00167	5981,87	0,00451	HOLD	98,2349	191,6204
2024-04-30	16:00	61919,32	62148	61600	61688,01	LONG	0,00167	5981,87	0,00451	HOLD	98,2349	191,2341
2024-04-30	17:00	61688,01	61788,05	61451,01	61782,19	LONG	0,00167	5981,87	0,00451	HOLD	98,2349	191,3914
2024-04-30	18:00	61782,18	61782,19	61000	61204,42	LONG	0,00167	5981,87	0,00451	HOLD	98,2349	190,4265
2024-04-30	19:00	61204,41	61337,78	60737,45	61230,16	LONG	0,00167	5981,87	0,00451	HOLD	98,2349	190,4695
2024-04-30	20:00	61230,16	61313,94	60779,79	60820,57	LONG	0,00167	5981,87	0,00451	HOLD	98,2349	189,7855
2024-04-30	21:00	60820,58	61559,36	60546,22	61247,87	LONG	0,00167	5981,87	0,00451	HOLD	98,2349	190,4991
2024-04-30	22:00	61247,87	61395,66	60600,72	60796,85	LONG	0,00167	5981,87	0,00451	HOLD	98,2349	189,7459
2024-04-30	23:00	60796,86	60947,55	60158,86	60336,68	LONG	0,00167	5981,87	0,00451	HOLD	98,2349	188,9774
2024-05-01	00:00	60336,68	60514,72	60080	60368,81	LONG	0,00167	5981,87	0,00451	HOLD	98,2349	189,0311
