2021-06-24	02:00	33292,57	33568,96	32870,99	32879,97	LONG	0,00167	5981,87	0,00451	HOLD	98,2349	143,1247
2021-06-24	03:00	32882,5	33295,79	32749,01	33045,78	LONG	0,00167	5981,87	0,00451	HOLD	98,2349	143,4016
2021-06-24	04:00	33045,77	33785,26	32985,5	33335	LONG	0,00167	5981,87	0,00451	HOLD	98,2349	143,8846
2021-06-24	05:00	33335,01	33587	33133,33	33469,85	LONG	0,00167	5981,87	0,00451	HOLD	98,2349	144,1098
2021-06-24	06:00	33469,76	33749,11	33251	33678,07	LONG	0,00167	5981,87	0,00451	HOLD	98,2349	144,4575
2021-06-24	07:00	33675,07	33879,99	33162,12	33186,98	LONG	0,00167	5981,87	0,00451	HOLD	98,2349	143,6374
2021-06-24	08:00	33186,99	33353,16	32527,05	32650	LONG	0,00167	5981,87	0,00451	HOLD	98,2349	142,7406
2021-06-24	09:00	32649,99	32870,34	32339,82	32495,26	LONG	0,00167	5981,87	0,00451	HOLD	98,2349	142,4822
2021-06-24	10:00	32495,25	32849,61	32368,77	32589,2	LONG	0,00167	5981,87	0,00451	HOLD	98,2349	142,6391
2021-06-24	11:00	32589,2	32785,7	32286,57	32546,38	LONG	0,00167	5981,87	0,00451	HOLD	98,2349	142,5676
2021-06-24	12:00	32546,39	33023,95	32480	32982,01	LONG	0,00167	5981,87	0,00451	HOLD	98,2349	143,2951
2021-06-24	13:00	32982	33206,79	32724,38	33005,23	LONG	0,00167	5981,87	0,00451	HOLD	98,2349	143,3339
2021-06-24	14:00	33005,23	33280,55	32768,81	32853,74	LONG	0,00167	5981,87	0,00451	HOLD	98,2349	143,0809
2021-06-24	15:00	32853,74	33399,86	32820,61	33388,55	LONG	0,00167	5981,87	0,00451	HOLD	98,2349	143,974
2021-06-24	16:00	33388,56	33615,25	33209,95	33281,48	LONG	0,00167	5981,87	0,00451	HOLD	98,2349	143,7952
2021-06-24	17:00	33281,49	33410	33135	33233	LONG	0,00167	5981,87	0,00451	HOLD	98,2349	143,7143
2021-06-24	18:00	33230,65	33930,23	33230,64	33850,77	LONG	0,00167	5981,87	0,00451	HOLD	98,2349	144,7459
2021-06-24	19:00	33850,78	34260	33815,8	34064,92	LONG	0,00167	5981,87	0,00451	HOLD	98,2349	145,1036
2021-06-24	20:00	34067,16	34122,88	33756,04	34056,43	LONG	0,00167	5981,87	0,00451	HOLD	98,2349	145,0894
2021-06-24	21:00	34062,26	34160	33838	34052,91	LONG	0,00167	5981,87	0,00451	HOLD	98,2349	145,0835
2021-06-24	22:00	34052,91	34583,58	33850,41	33886,52	LONG	0,00167	5981,87	0,00451	HOLD	98,2349	144,8056
2021-06-24	23:00	33888,81	34528	33751	34519,11	LONG	0,00167	5981,87	0,00451	HOLD	98,2349	145,8621
2021-06-25	00:00	34519,11	35058	34519,11	34992,14	LONG	0,00167	5981,87	0,00451	HOLD	98,2349	146,652
2021-06-25	01:00	34992,15	35298	34824,51	34884,14	LONG	0,00167	5981,87	0,00451	HOLD	98,2349	146,4717
2021-06-25	02:00	34884,14	34914,99	34688	34857,73	LONG	0,00167	5981,87	0,00451	HOLD	98,2349	146,4276
2021-06-25	03:00	34854,63	34999,09	34700,62	34858,07	LONG	0,00167	5981,87	0,00451	HOLD	98,2349	146,4281
2021-06-25	04:00	34858,07	34910,94	34652,01	34767,68	LONG	0,00167	5981,87	0,00451	HOLD	98,2349	146,2772
2021-06-25	05:00	34767,68	34832	34512	34754,35	LONG	0,00167	5981,87	0,00451	HOLD	98,2349	146,2549
2021-06-25	06:00	34754,35	34840	34540	34663,09	LONG	0,00167	5981,87	0,00451	HOLD	98,2349	146,1025
2021-06-25	07:00	34663,08	35145	34586,99	34590,51	LONG	0,00167	5981,87	0,00451	HOLD	98,2349	145,9813
2021-06-25	08:00	34590,59	34836,67	34251	34835,7	LONG	0,00167	5981,87	0,00451	HOLD	98,2349	146,3908
2021-06-25	09:00	34831	35500	34812,63	35162,99	LONG	0,00167	5981,87	0,00451	HOLD	98,2349	146,9373
2021-06-25	10:00	35162,99	35216,16	34816,32	35052,07	LONG	0,00167	5981,87	0,00451	HOLD	98,2349	146,7521
2021-06-25	11:00	35057,7	35100	34620,33	34775,51	LONG	0,00167	5981,87	0,00451	HOLD	98,2349	146,2902
2021-06-25	12:00	34775,62	34896,23	34310,81	34478,75	LONG	0,00167	5981,87	0,00451	HOLD	98,2349	145,7947
2021-06-25	13:00	34478,75	34583,24	34118	34426,3	LONG	0,00167	5981,87	0,00451	HOLD	98,2349	145,7071
2021-06-25	14:00	34426,29	34426,3	33961,48	34283,82	LONG	0,00167	5981,87	0,00451	HOLD	98,2349	145,4691
2021-06-25	15:00	34281,37	34397,05	33936,99	34292,52	LONG	0,00167	5981,87	0,00451	HOLD	98,2349	145,4837
2021-06-25	16:00	34292,52	34480	33720	33749,44	LONG	0,00167	5981,87	0,00451	HOLD	98,2349	144,5767
2021-06-25	17:00	33751,57	33955,08	33500,1	33759,4	LONG	0,00167	5981,87	0,00451	HOLD	98,2349	144,5933
2021-06-25	18:00	33759,41	33878,86	33234,37	33311,96	LONG	0,00167	5981,87	0,00451	HOLD	98,2349	143,8461
2021-06-25	19:00	33311,96	33600,77	32823,31	33093,89	LONG	0,00167	5981,87	0,00451	HOLD	98,2349	143,4819
2021-06-25	20:00	33093,88	33198,99	32640,27	32986,71	LONG	0,00167	5981,87	0,00451	HOLD	98,2349	143,3029
2021-06-25	21:00	32988,37	33448	32550	32789,23	LONG	0,00167	5981,87	0,00451	HOLD	98,2349	142,9732
2021-06-25	22:00	32793,81	32965	32351	32607,07	LONG	0,00167	5981,87	0,00451	HOLD	98,2349	142,6689
2021-06-25	23:00	32607,07	32910,64	31627,01	31946,09	LONG	0,00167	5981,87	0,00451	HOLD	98,2349	141,5651
2021-06-26	00:00	31942,5	32238,58	31500	31681,46	LONG	0,00167	5981,87	0,00451	HOLD	98,2349	141,1232
2021-06-26	01:00	31681,46	32295,81	31500	32088,12	LONG	0,00167	5981,87	0,00451	HOLD	98,2349	141,8023
2021-06-26	02:00	32088,13	32511,84	31730,01	32220,74	LONG	0,00167	5981,87	0,00451	HOLD	98,2349	142,0238
2021-06-26	03:00	32222,91	32369	31918,05	32199,99	LONG	0,00167	5981,87	0,00451	HOLD	98,2349	141,9891
2021-06-26	04:00	32200	32228,11	31553,93	31799,37	LONG	0,00167	5981,87	0,00451	HOLD	98,2349	141,3201
2021-06-26	05:00	31799,14	31975,98	31275	31423,32	LONG	0,00167	5981,87	0,00451	HOLD	98,2349	140,6921
2021-06-26	06:00	31423,32	32000	31380,74	31584,45	LONG	0,00167	5981,87	0,00451	HOLD	98,2349	140,9612
2021-06-26	07:00	31576,09	32222	31300	32000	LONG	0,00167	5981,87	0,00451	HOLD	98,2349	141,6551
2021-06-26	08:00	32000	32046,51	31519	31968,35	LONG	0,00167	5981,87	0,00451	HOLD	98,2349	141,6023
2021-06-26	09:00	31970,03	32082,46	31682,02	31943,48	LONG	0,00167	5981,87	0,00451	HOLD	98,2349	141,5608
2021-06-26	10:00	31943,49	32268,91	31933,08	31977,59	LONG	0,00167	5981,87	0,00451	HOLD	98,2349	141,6177
2021-06-26	11:00	31979,71	32436,2	31869,69	32354,36	LONG	0,00167	5981,87	0,00451	HOLD	98,2349	142,2469
2021-06-26	12:00	32355,98	32730	32090	32229,32	LONG	0,00167	5981,87	0,00451	HOLD	98,2349	142,0381
2021-06-26	13:00	32229,32	32436,49	31640	31731,25	LONG	0,00167	5981,87	0,00451	HOLD	98,2349	141,2063
2021-06-26	14:00	31731,25	31820,01	30573,77	30720,37	LONG	0,00167	5981,87	0,00451	HOLD	98,2349	139,5182
2021-06-26	15:00	30713,54	30878,95	30151	30412,23	LONG	0,00167	5981,87	0,00451	HOLD	98,2349	139,0036
2021-06-26	16:00	30411,84	31333	30277	31052,6	LONG	0,00167	5981,87	0,00451	HOLD	98,2349	140,073
2021-06-26	17:00	31052,6	31278	30758,18	31096,1	LONG	0,00167	5981,87	0,00451	HOLD	98,2349	140,1456
2021-06-26	18:00	31096,11	31883,6	31089,22	31777,73	LONG	0,00167	5981,87	0,00451	HOLD	98,2349	141,284
2021-06-26	19:00	31777,9	31985	31266,87	31283,9	LONG	0,00167	5981,87	0,00451	HOLD	98,2349	140,4593
2021-06-26	20:00	31280,69	31759,01	30754,32	30810,81	LONG	0,00167	5981,87	0,00451	HOLD	98,2349	139,6692
2021-06-26	21:00	30814,15	31457,56	30505	31253,72	LONG	0,00167	5981,87	0,00451	HOLD	98,2349	140,4089
2021-06-26	22:00	31253,71	31608,45	30927,4	31523,5	LONG	0,00167	5981,87	0,00451	HOLD	98,2349	140,8594
2021-06-26	23:00	31526,88	31556,92	30776,63	31248,16	LONG	0,00167	5981,87	0,00451	HOLD	98,2349	140,3996
2021-06-27	00:00	31248,16	31768,47	31038,49	31685,47	LONG	0,00167	5981,87	0,00451	HOLD	98,2349	141,1299
2021-06-27	01:00	31685,48	31910	31433	31590,27	LONG	0,00167	5981,87	0,00451	HOLD	98,2349	140,9709
2021-06-27	02:00	31590,27	31771,33	31452,19	31573,98	LONG	0,00167	5981,87	0,00451	HOLD	98,2349	140,9437
2021-06-27	03:00	31573,97	31639,56	31067,96	31300,83	LONG	0,00167	5981,87	0,00451	HOLD	98,2349	140,4875
2021-06-27	04:00	31300,83	31442,95	30905,78	31411,98	LONG	0,00167	5981,87	0,00451	HOLD	98,2349	140,6731
2021-06-27	05:00	31411,98	31800	31365,44	31768,88	LONG	0,00167	5981,87	0,00451	HOLD	98,2349	141,2692
2021-06-27	06:00	31768,88	32300,24	31628,01	32283,65	LONG	0,00167	5981,87	0,00451	HOLD	98,2349	142,1288
2021-06-27	07:00	32283,65	32650	31973,45	32369,29	LONG	0,00167	5981,87	0,00451	HOLD	98,2349	142,2719
2021-06-27	08:00	32369,27	32978,4	32263,21	32865,53	LONG	0,00167	5981,87	0,00451	HOLD	98,2349	143,1006
2021-06-27	09:00	32868,1	33200	32660,84	33096,1	LONG	0,00167	5981,87	0,00451	HOLD	98,2349	143,4856
2021-06-27	10:00	33096,1	33178,08	32752,1	33146,91	LONG	0,00167	5981,87	0,00451	HOLD	98,2349	143,5705
2021-06-27	11:00	33146,91	33333	32900,87	33142,74	LONG	0,00167	5981,87	0,00451	HOLD	98,2349	143,5635
2021-06-27	12:00	33145,53	33329,99	32811,9	32928,92	LONG	0,00167	5981,87	0,00451	HOLD	98,2349	143,2064
2021-06-27	13:00	32928,91	33210	32842,52	33080,22	LONG	0,00167	5981,87	0,00451	HOLD	98,2349	143,4591
2021-06-27	14:00	33080,23	33499	33015,12	33283,17	LONG	0,00167	5981,87	0,00451	HOLD	98,2349	143,798
2021-06-27	15:00	33291,81	33451	32983,8	33019,94	LONG	0,00167	5981,87	0,00451	HOLD	98,2349	143,3584
2021-06-27	16:00	33019,95	33333	32431,8	32564,59	LONG	0,00167	5981,87	0,00451	HOLD	98,2349	142,598
2021-06-27	17:00	32564,6	32827,25	32268	32699,1	LONG	0,00167	5981,87	0,00451	HOLD	98,2349	142,8226
2021-06-27	18:00	32699,1	33420	32570,14	33246,55	LONG	0,00167	5981,87	0,00451	HOLD	98,2349	143,7369
2021-06-27	19:00	33246,56	33574,32	33050,02	33313,42	LONG	0,00167	5981,87	0,00451	HOLD	98,2349	143,8486
2021-06-27	20:00	33318,69	33460	32922,9	33106,37	LONG	0,00167	5981,87	0,00451	HOLD	98,2349	143,5028
2021-06-27	21:00	33106,37	33285,29	32717,52	33256,74	LONG	0,00167	5981,87	0,00451	HOLD	98,2349	143,7539
2021-06-27	22:00	33256,74	33260	32868,69	33200,02	LONG	0,00167	5981,87	0,00451	HOLD	98,2349	143,6592
2021-06-27	23:00	33200,06	33400	32825	33009,58	LONG	0,00167	5981,87	0,00451	HOLD	98,2349	143,3411
2021-06-28	00:00	33008,26	33118,84	32870,96	33022,64	LONG	0,00167	5981,87	0,00451	HOLD	98,2349	143,363
2021-06-28	01:00	33022,64	33022,64	32574,28	32720,01	LONG	0,00167	5981,87	0,00451	HOLD	98,2349	142,8576
2021-06-28	02:00	32720,01	32967,99	32574,67	32815,19	LONG	0,00167	5981,87	0,00451	HOLD	98,2349	143,0165
2021-06-28	03:00	32815,18	32947,38	32615,05	32627,03	LONG	0,00167	5981,87	0,00451	HOLD	98,2349	142,7023
2021-06-28	04:00	32627	32869,99	32357,13	32863,17	LONG	0,00167	5981,87	0,00451	HOLD	98,2349	143,0966
2021-06-28	05:00	32860,66	34599	32804,98	34406,39	LONG	0,00167	5981,87	0,00451	HOLD	98,2349	145,6738
2021-06-28	06:00	34406,38	34749	34189,28	34700,34	LONG	0,00167	5981,87	0,00451	HOLD	98,2349	146,1647
2021-06-28	07:00	34702,49	34972,28	34429,99	34554,79	LONG	0,00167	5981,87	0,00451	HOLD	98,2349	145,9216
2021-06-28	08:00	34554,79	34694,51	34256	34266,09	LONG	0,00167	5981,87	0,00451	HOLD	98,2349	145,4395
2021-06-28	09:00	34266,37	34651	34254,75	34402,66	LONG	0,00167	5981,87	0,00451	HOLD	98,2349	145,6676
2021-06-28	10:00	34402,66	34542,94	34314,48	34398,36	LONG	0,00167	5981,87	0,00451	HOLD	98,2349	145,6604
2021-06-28	11:00	34395,03	34548,15	34275,87	34353,09	LONG	0,00167	5981,87	0,00451	HOLD	98,2349	145,5848
2021-06-28	12:00	34355,99	34570	34350	34514,59	LONG	0,00167	5981,87	0,00451	HOLD	98,2349	145,8545
2021-06-28	13:00	34514,59	34824	34401,49	34520,28	LONG	0,00167	5981,87	0,00451	HOLD	98,2349	145,864
2021-06-28	14:00	34520,27	35297,71	34466,92	35028,69	LONG	0,00167	5981,87	0,00451	HOLD	98,2349	146,7131
2021-06-28	15:00	35028,69	35172,21	34726	34885,09	LONG	0,00167	5981,87	0,00451	HOLD	98,2349	146,4732
2021-06-28	16:00	34885,09	34930,26	34300	34383,47	LONG	0,00167	5981,87	0,00451	HOLD	98,2349	145,6355
2021-06-28	17:00	34383,46	34488	33960	34187,26	LONG	0,00167	5981,87	0,00451	HOLD	98,2349	145,3079
2021-06-28	18:00	34187,26	34288,86	33970,3	34107,2	LONG	0,00167	5981,87	0,00451	HOLD	98,2349	145,1742
2021-06-28	19:00	34107,2	34500	33862,72	34425,09	LONG	0,00167	5981,87	0,00451	HOLD	98,2349	145,705
2021-06-28	20:00	34425,09	34585	34160,01	34287,35	LONG	0,00167	5981,87	0,00451	HOLD	98,2349	145,475
2021-06-28	21:00	34287,36	34540	34216,58	34344,86	LONG	0,00167	5981,87	0,00451	HOLD	98,2349	145,5711
2021-06-28	22:00	34344,86	35000	34295,75	34969,99	LONG	0,00167	5981,87	0,00451	HOLD	98,2349	146,615
2021-06-28	23:00	34969,98	35030,92	34522,34	34641,62	LONG	0,00167	5981,87	0,00451	HOLD	98,2349	146,0666
2021-06-29	00:00	34641,62	34675	34045,03	34193,98	LONG	0,00167	5981,87	0,00451	HOLD	98,2349	145,3191
2021-06-29	01:00	34193,98	34305,97	33931	34168,22	LONG	0,00167	5981,87	0,00451	HOLD	98,2349	145,2761
2021-06-29	02:00	34168,21	34594,32	34108,61	34441,77	LONG	0,00167	5981,87	0,00451	HOLD	98,2349	145,7329
2021-06-29	03:00	34441,77	34798	34277	34665,94	LONG	0,00167	5981,87	0,00451	HOLD	98,2349	146,1073
2021-06-29	04:00	34665,94	34819	34537,98	34644,88	LONG	0,00167	5981,87	0,00451	HOLD	98,2349	146,0721
2021-06-29	05:00	34644,87	34644,87	34200	34422	LONG	0,00167	5981,87	0,00451	HOLD	98,2349	145,6999
2021-06-29	06:00	34422	34500	34112,03	34494,89	LONG	0,00167	5981,87	0,00451	HOLD	98,2349	145,8216
2021-06-29	07:00	34494,89	35169,56	34376,47	34902,66	LONG	0,00167	5981,87	0,00451	HOLD	98,2349	146,5026
2021-06-29	08:00	34905,06	35004,62	34522,01	34628,99	LONG	0,00167	5981,87	0,00451	HOLD	98,2349	146,0456
2021-06-29	09:00	34628,98	34847,35	34250,44	34312,62	LONG	0,00167	5981,87	0,00451	HOLD	98,2349	145,5172
2021-06-29	10:00	34312,62	34639,78	34225,43	34577,16	LONG	0,00167	5981,87	0,00451	HOLD	98,2349	145,959
2021-06-29	11:00	34577,09	34967,69	34534	34860,97	LONG	0,00167	5981,87	0,00451	HOLD	98,2349	146,433
2021-06-29	12:00	34860,98	35000	34549,63	34719,84	LONG	0,00167	5981,87	0,00451	HOLD	98,2349	146,1973
2021-06-29	13:00	34717,19	35400	34575,62	35332,62	LONG	0,00167	5981,87	0,00451	HOLD	98,2349	147,2206
2021-06-29	14:00	35332,51	35448	34767,09	34849,27	LONG	0,00167	5981,87	0,00451	HOLD	98,2349	146,4134
2021-06-29	15:00	34849,2	35244,33	34730	35052,88	LONG	0,00167	5981,87	0,00451	HOLD	98,2349	146,7535
2021-06-29	16:00	35052,88	35356,3	34850	35226,27	LONG	0,00167	5981,87	0,00451	HOLD	98,2349	147,043
2021-06-29	17:00	35226,26	35768,9	35041,93	35632,62	LONG	0,00167	5981,87	0,00451	HOLD	98,2349	147,7216
2021-06-29	18:00	35632,61	35748,52	35483,67	35555,62	LONG	0,00167	5981,87	0,00451	HOLD	98,2349	147,593
2021-06-29	19:00	35555,64	35999,87	35343,12	35822,33	LONG	0,00167	5981,87	0,00451	HOLD	98,2349	148,0384
2021-06-29	20:00	35822,33	36400	35724,72	36301,84	LONG	0,00167	5981,87	0,00451	HOLD	98,2349	148,8392
2021-06-29	21:00	36301,84	36428	36082,44	36240	LONG	0,00167	5981,87	0,00451	HOLD	98,2349	148,7359
2021-06-29	22:00	36243,75	36366,15	35925	36248,99	LONG	0,00167	5981,87	0,00451	HOLD	98,2349	148,751
2021-06-29	23:00	36248,99	36500	36050	36341,89	LONG	0,00167	5981,87	0,00451	HOLD	98,2349	148,9061
2021-06-30	00:00	36341,89	36600	36140	36370,2	LONG	0,00167	5981,87	0,00451	HOLD	98,2349	148,9534
2021-06-30	01:00	36370,2	36395	36116,77	36280,85	LONG	0,00167	5981,87	0,00451	HOLD	98,2349	148,8042
2021-06-30	02:00	36280,85	36399,99	36205,01	36382,39	LONG	0,00167	5981,87	0,00451	HOLD	98,2349	148,9737
2021-06-30	03:00	36382,39	36488,7	36099,79	36156,04	LONG	0,00167	5981,87	0,00451	HOLD	98,2349	148,5957
2021-06-30	04:00	36156,03	36323,76	36106,46	36240,01	LONG	0,00167	5981,87	0,00451	HOLD	98,2349	148,736
2021-06-30	05:00	36240,01	36268,96	35700,01	35925	LONG	0,00167	5981,87	0,00451	HOLD	98,2349	148,2099
2021-06-30	06:00	35924,99	36117	35828	35911,73	LONG	0,00167	5981,87	0,00451	HOLD	98,2349	148,1877
2021-06-30	07:00	35911,72	36100	35636,8	35878,45	LONG	0,00167	5981,87	0,00451	HOLD	98,2349	148,1322
2021-06-30	08:00	35878,44	35950	35730	35846,69	LONG	0,00167	5981,87	0,00451	HOLD	98,2349	148,0791
2021-06-30	09:00	35846,69	35916,33	35700	35800	LONG	0,00167	5981,87	0,00451	HOLD	98,2349	148,0011
2021-06-30	10:00	35799,99	35800	34936	35119,99	LONG	0,00167	5981,87	0,00451	HOLD	98,2349	146,8655
2021-06-30	11:00	35119,99	35290,97	34679,67	34755,23	LONG	0,00167	5981,87	0,00451	HOLD	98,2349	146,2564
2021-06-30	12:00	34755,44	34954,65	34666	34779,4	LONG	0,00167	5981,87	0,00451	HOLD	98,2349	146,2967
2021-06-30	13:00	34779,42	35147,66	34727,88	35009,63	LONG	0,00167	5981,87	0,00451	HOLD	98,2349	146,6812
2021-06-30	14:00	35013,96	35288,88	34881,95	35250,54	LONG	0,00167	5981,87	0,00451	HOLD	98,2349	147,0835
2021-06-30	15:00	35250,54	35333,33	34522,22	34591,32	LONG	0,00167	5981,87	0,00451	HOLD	98,2349	145,9826
2021-06-30	16:00	34591,32	34749,84	34401,01	34632,78	LONG	0,00167	5981,87	0,00451	HOLD	98,2349	146,0519
2021-06-30	17:00	34633,27	34885,84	34510	34740,01	LONG	0,00167	5981,87	0,00451	HOLD	98,2349	146,231
2021-06-30	18:00	34740,01	34995,99	34558,99	34849,99	LONG	0,00167	5981,87	0,00451	HOLD	98,2349	146,4146
2021-06-30	19:00	34849,99	35010,85	34566,66	34638,23	LONG	0,00167	5981,87	0,00451	HOLD	98,2349	146,061
2021-06-30	20:00	34638,4	34750	34459,41	34734,62	LONG	0,00167	5981,87	0,00451	HOLD	98,2349	146,222
2021-06-30	21:00	34734,41	34824,35	34500	34598,83	LONG	0,00167	5981,87	0,00451	HOLD	98,2349	145,9952
2021-06-30	22:00	34598,83	34639,98	34083,92	34193,44	LONG	0,00167	5981,87	0,00451	HOLD	98,2349	145,3182
2021-06-30	23:00	34193,44	34368,85	34017,55	34117,06	LONG	0,00167	5981,87	0,00451	HOLD	98,2349	145,1906
2021-07-01	00:00	34117,06	34799,42	34110	34707,35	LONG	0,00167	5981,87	0,00451	HOLD	98,2349	146,1764
2021-07-01	01:00	34707,26	34899	34552,03	34821,99	LONG	0,00167	5981,87	0,00451	HOLD	98,2349	146,3679
2021-07-01	02:00	34821,99	34845	34660,9	34743,56	LONG	0,00167	5981,87	0,00451	HOLD	98,2349	146,2369
2021-07-01	03:00	34743,56	35088,78	34391,43	34580,4	LONG	0,00167	5981,87	0,00451	HOLD	98,2349	145,9644
2021-07-01	04:00	34580,4	35018,77	34580	34806,16	LONG	0,00167	5981,87	0,00451	HOLD	98,2349	146,3414
2021-07-01	05:00	34806,16	34930,59	34624,56	34892,37	LONG	0,00167	5981,87	0,00451	HOLD	98,2349	146,4854
2021-07-01	06:00	34893,07	35194,04	34890,64	35045	LONG	0,00167	5981,87	0,00451	HOLD	98,2349	146,7403
2021-07-01	07:00	35045	35057,57	34713,41	34727,83	LONG	0,00167	5981,87	0,00451	HOLD	98,2349	146,2106
2021-07-01	08:00	34727,83	35034,54	34716,13	34936,43	LONG	0,00167	5981,87	0,00451	HOLD	98,2349	146,559
2021-07-01	09:00	34936,43	34966,53	34223,15	34299,59	LONG	0,00167	5981,87	0,00451	HOLD	98,2349	145,4955
2021-07-01	10:00	34299,58	34403,55	34120	34120,01	LONG	0,00167	5981,87	0,00451	HOLD	98,2349	145,1956
2021-07-01	11:00	34120,01	34338,03	34061,16	34330,34	LONG	0,00167	5981,87	0,00451	HOLD	98,2349	145,5468
2021-07-01	12:00	34330,34	34408	34170,46	34325,72	LONG	0,00167	5981,87	0,00451	HOLD	98,2349	145,5391
2021-07-01	13:00	34325,72	34467,09	33412,52	33511,24	LONG	0,00167	5981,87	0,00451	HOLD	98,2349	144,1789
2021-07-01	14:00	33507,15	33664,44	33312,52	33348,3	LONG	0,00167	5981,87	0,00451	HOLD	98,2349	143,9068
2021-07-01	15:00	33350	33545	33186	33475,72	LONG	0,00167	5981,87	0,00451	HOLD	98,2349	144,1196
2021-07-01	16:00	33475,73	33536,22	33112,14	33275	LONG	0,00167	5981,87	0,00451	HOLD	98,2349	143,7844
2021-07-01	17:00	33274,99	33389,01	33001	33183,12	LONG	0,00167	5981,87	0,00451	HOLD	98,2349	143,631
2021-07-01	18:00	33183,12	33749	33164,51	33717,52	LONG	0,00167	5981,87	0,00451	HOLD	98,2349	144,5234
2021-07-01	19:00	33717,52	33917,93	33330	33655,24	LONG	0,00167	5981,87	0,00451	HOLD	98,2349	144,4194
2021-07-01	20:00	33655,25	33797,73	33380,46	33401,45	LONG	0,00167	5981,87	0,00451	HOLD	98,2349	143,9956
2021-07-01	21:00	33399,09	33610	33055	33206,48	LONG	0,00167	5981,87	0,00451	HOLD	98,2349	143,67
2021-07-01	22:00	33206,47	33680,71	33160,02	33432,54	LONG	0,00167	5981,87	0,00451	HOLD	98,2349	144,0475
2021-07-01	23:00	33432,54	33546,28	33134,06	33151,6	LONG	0,00167	5981,87	0,00451	HOLD	98,2349	143,5783
2021-07-02	00:00	33151,57	33560	33100,64	33490	LONG	0,00167	5981,87	0,00451	HOLD	98,2349	144,1434
2021-07-02	01:00	33490	33654,49	33223,98	33325,5	LONG	0,00167	5981,87	0,00451	HOLD	98,2349	143,8687
2021-07-02	02:00	33325,49	33368,45	32711	33091,48	LONG	0,00167	5981,87	0,00451	HOLD	98,2349	143,4779
2021-07-02	03:00	33091,48	33468	33091,48	33412,79	LONG	0,00167	5981,87	0,00451	HOLD	98,2349	144,0145
2021-07-02	04:00	33410,13	33619,58	33228,42	33503,34	LONG	0,00167	5981,87	0,00451	HOLD	98,2349	144,1657
2021-07-02	05:00	33503,34	33648,14	33440,54	33546,6	LONG	0,00167	5981,87	0,00451	HOLD	98,2349	144,238
2021-07-02	06:00	33546,6	33649	33280,01	33504,69	LONG	0,00167	5981,87	0,00451	HOLD	98,2349	144,168
2021-07-02	07:00	33502,33	33977,04	33406,98	33774,68	LONG	0,00167	5981,87	0,00451	HOLD	98,2349	144,6189
2021-07-02	08:00	33774,68	33816,47	33230	33264,04	LONG	0,00167	5981,87	0,00451	HOLD	98,2349	143,7661
2021-07-02	09:00	33264,04	33344	33133	33265,55	LONG	0,00167	5981,87	0,00451	HOLD	98,2349	143,7686
2021-07-02	10:00	33262,05	33262,05	32767,74	32907,22	LONG	0,00167	5981,87	0,00451	HOLD	98,2349	143,1702
2021-07-02	11:00	32907,22	33187,19	32850	33149,07	LONG	0,00167	5981,87	0,00451	HOLD	98,2349	143,5741
2021-07-02	12:00	33149,07	33218,89	32700	32855,24	LONG	0,00167	5981,87	0,00451	HOLD	98,2349	143,0834
2021-07-02	13:00	32855,23	32999	32699	32957,53	LONG	0,00167	5981,87	0,00451	HOLD	98,2349	143,2542
2021-07-02	14:00	32957,53	33500,36	32882,83	33358,26	LONG	0,00167	5981,87	0,00451	HOLD	98,2349	143,9234
2021-07-02	15:00	33358,32	33620	33233,13	33372,83	LONG	0,00167	5981,87	0,00451	HOLD	98,2349	143,9478
2021-07-02	16:00	33372,83	33396,49	32864,32	32979,04	LONG	0,00167	5981,87	0,00451	HOLD	98,2349	143,2901
2021-07-02	17:00	32979,03	33092,65	32770	32997,94	LONG	0,00167	5981,87	0,00451	HOLD	98,2349	143,3217
2021-07-02	18:00	32997,95	33250	32832	33023,01	LONG	0,00167	5981,87	0,00451	HOLD	98,2349	143,3636
2021-07-02	19:00	33023,35	33345,4	32872	33238,22	LONG	0,00167	5981,87	0,00451	HOLD	98,2349	143,723
2021-07-02	20:00	33238,22	33568	33101,02	33480,01	LONG	0,00167	5981,87	0,00451	HOLD	98,2349	144,1268
2021-07-02	21:00	33480	33724,34	33288,58	33667,44	LONG	0,00167	5981,87	0,00451	HOLD	98,2349	144,4398
2021-07-02	22:00	33667,45	33713	33372,13	33704,91	LONG	0,00167	5981,87	0,00451	HOLD	98,2349	144,5023
2021-07-02	23:00	33704,9	33795,16	33420,02	33597,07	LONG	0,00167	5981,87	0,00451	HOLD	98,2349	144,3222
2021-07-03	00:00	33597,07	33677,95	33360	33460,86	LONG	0,00167	5981,87	0,00451	HOLD	98,2349	144,0948
2021-07-03	01:00	33460,85	33476,74	33232,52	33290,01	LONG	0,00167	5981,87	0,00451	HOLD	98,2349	143,8095
2021-07-03	02:00	33288,79	33348,2	33109,76	33327,71	LONG	0,00167	5981,87	0,00451	HOLD	98,2349	143,8724
2021-07-03	03:00	33327,71	33331,55	33041,65	33133,21	LONG	0,00167	5981,87	0,00451	HOLD	98,2349	143,5476
2021-07-03	04:00	33133,21	33502,91	33088,4	33452,22	LONG	0,00167	5981,87	0,00451	HOLD	98,2349	144,0803
2021-07-03	05:00	33452,23	33730,42	33401,18	33703,04	LONG	0,00167	5981,87	0,00451	HOLD	98,2349	144,4992
2021-07-03	06:00	33703,04	33898,95	33630,1	33786,55	LONG	0,00167	5981,87	0,00451	HOLD	98,2349	144,6387
2021-07-03	07:00	33786,54	33914,6	33440,58	33526,82	LONG	0,00167	5981,87	0,00451	HOLD	98,2349	144,2049
2021-07-03	08:00	33526,82	33760	33499,99	33674,52	LONG	0,00167	5981,87	0,00451	HOLD	98,2349	144,4516
2021-07-03	09:00	33673,57	33685	33472,76	33526,09	LONG	0,00167	5981,87	0,00451	HOLD	98,2349	144,2037
2021-07-03	10:00	33526,09	33570,81	33316,73	33524,47	LONG	0,00167	5981,87	0,00451	HOLD	98,2349	144,201
2021-07-03	11:00	33524,48	33691,6	33444,25	33665,52	LONG	0,00167	5981,87	0,00451	HOLD	98,2349	144,4366
2021-07-03	12:00	33665,52	33800	33583,03	33707,99	LONG	0,00167	5981,87	0,00451	HOLD	98,2349	144,5075
2021-07-03	13:00	33707,98	33846,15	33642,1	33682,16	LONG	0,00167	5981,87	0,00451	HOLD	98,2349	144,4643
2021-07-03	14:00	33682,17	34663,48	33590,04	34499,54	LONG	0,00167	5981,87	0,00451	HOLD	98,2349	145,8294
2021-07-03	15:00	34499,53	34651,21	34406	34515,25	LONG	0,00167	5981,87	0,00451	HOLD	98,2349	145,8556
2021-07-03	16:00	34515,25	34780	34472,67	34633,64	LONG	0,00167	5981,87	0,00451	HOLD	98,2349	146,0533
2021-07-03	17:00	34633,64	34707,58	34523,93	34603,39	LONG	0,00167	5981,87	0,00451	HOLD	98,2349	146,0028
2021-07-03	18:00	34603,4	34629,34	34435,53	34608,04	LONG	0,00167	5981,87	0,00451	HOLD	98,2349	146,0106
2021-07-03	19:00	34608,04	34816,5	34482,27	34543,97	LONG	0,00167	5981,87	0,00451	HOLD	98,2349	145,9036
2021-07-03	20:00	34543,97	34710	34470	34706,3	LONG	0,00167	5981,87	0,00451	HOLD	98,2349	146,1747
2021-07-03	21:00	34706,29	34760	34593,31	34687,99	LONG	0,00167	5981,87	0,00451	HOLD	98,2349	146,1441
2021-07-03	22:00	34688	34732,49	34515,5	34608,48	LONG	0,00167	5981,87	0,00451	HOLD	98,2349	146,0113
2021-07-03	23:00	34608,48	34658,19	34485,49	34533,81	LONG	0,00167	5981,87	0,00451	HOLD	98,2349	145,8866
2021-07-04	00:00	34532,09	34945,61	34524,99	34764,74	LONG	0,00167	5981,87	0,00451	HOLD	98,2349	146,2723
2021-07-04	01:00	34764	34789,04	34603,53	34645,85	LONG	0,00167	5981,87	0,00451	HOLD	98,2349	146,0737
2021-07-04	02:00	34645,85	34788,03	34570,44	34745,98	LONG	0,00167	5981,87	0,00451	HOLD	98,2349	146,2409
2021-07-04	03:00	34745,99	34843,2	34560,92	34726,35	LONG	0,00167	5981,87	0,00451	HOLD	98,2349	146,2081
2021-07-04	04:00	34726,34	34914,76	34533,01	34544,88	LONG	0,00167	5981,87	0,00451	HOLD	98,2349	145,9051
2021-07-04	05:00	34544,88	34650	34250,48	34579,43	LONG	0,00167	5981,87	0,00451	HOLD	98,2349	145,9628
2021-07-04	06:00	34579,42	34715,89	34335,38	34669,13	LONG	0,00167	5981,87	0,00451	HOLD	98,2349	146,1126
2021-07-04	07:00	34669,12	34771,64	34495,13	34499,98	LONG	0,00167	5981,87	0,00451	HOLD	98,2349	145,8301
2021-07-04	08:00	34499,99	34587,15	34357,15	34447,89	LONG	0,00167	5981,87	0,00451	HOLD	98,2349	145,7431
2021-07-04	09:00	34447,89	34650	34400,3	34599	LONG	0,00167	5981,87	0,00451	HOLD	98,2349	145,9955
2021-07-04	10:00	34597,74	34770	34562,34	34641,61	LONG	0,00167	5981,87	0,00451	HOLD	98,2349	146,0666
2021-07-04	11:00	34641,62	34840,69	34621,41	34777	LONG	0,00167	5981,87	0,00451	HOLD	98,2349	146,2927
2021-07-04	12:00	34777	35315,45	34685,84	35205,94	LONG	0,00167	5981,87	0,00451	HOLD	98,2349	147,0091
2021-07-04	13:00	35205,93	35457,84	35054,08	35413,45	LONG	0,00167	5981,87	0,00451	HOLD	98,2349	147,3556
2021-07-04	14:00	35416,22	35727	35346,39	35600,63	LONG	0,00167	5981,87	0,00451	HOLD	98,2349	147,6682
2021-07-04	15:00	35603,02	35687,18	35400	35538	LONG	0,00167	5981,87	0,00451	HOLD	98,2349	147,5636
2021-07-04	16:00	35538,01	35561,59	35364,21	35485,15	LONG	0,00167	5981,87	0,00451	HOLD	98,2349	147,4753
2021-07-04	17:00	35485,16	35620	35405,92	35578,93	LONG	0,00167	5981,87	0,00451	HOLD	98,2349	147,632
2021-07-04	18:00	35578,93	35605,17	35459,62	35512,34	LONG	0,00167	5981,87	0,00451	HOLD	98,2349	147,5208
2021-07-04	19:00	35512,34	35562,22	35230,76	35248,11	LONG	0,00167	5981,87	0,00451	HOLD	98,2349	147,0795
2021-07-04	20:00	35248,11	35424,73	35244,88	35359,12	LONG	0,00167	5981,87	0,00451	HOLD	98,2349	147,2649
2021-07-04	21:00	35359,12	35500	35301,01	35449,78	LONG	0,00167	5981,87	0,00451	HOLD	98,2349	147,4163
2021-07-04	22:00	35449,79	35572,72	35391,06	35513,29	LONG	0,00167	5981,87	0,00451	HOLD	98,2349	147,5223
2021-07-04	23:00	35513,28	35687,54	35440	35467,71	LONG	0,00167	5981,87	0,00451	HOLD	98,2349	147,4462
2021-07-05	00:00	35467,7	35589,17	35385	35558,44	LONG	0,00167	5981,87	0,00451	HOLD	98,2349	147,5977
2021-07-05	01:00	35558,43	35564,73	35385	35510,38	LONG	0,00167	5981,87	0,00451	HOLD	98,2349	147,5175
2021-07-05	02:00	35510,39	35607,83	35484	35575,01	LONG	0,00167	5981,87	0,00451	HOLD	98,2349	147,6254
2021-07-05	03:00	35575,01	35575,01	35445,01	35550,39	LONG	0,00167	5981,87	0,00451	HOLD	98,2349	147,5843
2021-07-05	04:00	35550,38	35967,85	35488,37	35899,23	LONG	0,00167	5981,87	0,00451	HOLD	98,2349	148,1669
2021-07-05	05:00	35903,79	35907,08	35325,33	35364,54	LONG	0,00167	5981,87	0,00451	HOLD	98,2349	147,2739
2021-07-05	06:00	35364,54	35496,7	35135	35286,51	LONG	0,00167	5981,87	0,00451	HOLD	98,2349	147,1436
2021-07-05	07:00	35288,13	35293,78	34752,52	34841,07	LONG	0,00167	5981,87	0,00451	HOLD	98,2349	146,3997
2021-07-05	08:00	34841,6	34925,11	34445,33	34558,05	LONG	0,00167	5981,87	0,00451	HOLD	98,2349	145,9271
2021-07-05	09:00	34558,05	34651,11	34315,24	34439,97	LONG	0,00167	5981,87	0,00451	HOLD	98,2349	145,7299
2021-07-05	10:00	34439,99	34538,07	34180,18	34350,89	LONG	0,00167	5981,87	0,00451	HOLD	98,2349	145,5811
2021-07-05	11:00	34351,25	34415,64	34000	34200,14	LONG	0,00167	5981,87	0,00451	HOLD	98,2349	145,3294
2021-07-05	12:00	34200,15	34383,33	34066,49	34347,21	LONG	0,00167	5981,87	0,00451	HOLD	98,2349	145,575
2021-07-05	13:00	34347,2	34409,91	34214,63	34311,99	LONG	0,00167	5981,87	0,00451	HOLD	98,2349	145,5162
2021-07-05	14:00	34311,99	34311,99	34055,66	34256,17	LONG	0,00167	5981,87	0,00451	HOLD	98,2349	145,4229
2021-07-05	15:00	34257,37	34311	34108,61	34262	LONG	0,00167	5981,87	0,00451	HOLD	98,2349	145,4327
2021-07-05	16:00	34262	34438,23	34226,83	34317,49	LONG	0,00167	5981,87	0,00451	HOLD	98,2349	145,5254
2021-07-05	17:00	34316,68	34558,99	34285	34477,18	LONG	0,00167	5981,87	0,00451	HOLD	98,2349	145,792
2021-07-05	18:00	34477,18	34496,21	33300	33379,96	LONG	0,00167	5981,87	0,00451	HOLD	98,2349	143,9597
2021-07-05	19:00	33379,96	33610	33301,22	33468,11	LONG	0,00167	5981,87	0,00451	HOLD	98,2349	144,1069
2021-07-05	20:00	33468,11	33747,73	33440	33607,88	LONG	0,00167	5981,87	0,00451	HOLD	98,2349	144,3403
2021-07-05	21:00	33607,89	33720	33540,67	33690	LONG	0,00167	5981,87	0,00451	HOLD	98,2349	144,4774
2021-07-05	22:00	33690	33777	33470,03	33585,91	LONG	0,00167	5981,87	0,00451	HOLD	98,2349	144,3036
2021-07-05	23:00	33585,89	33747,42	33541,34	33646,26	LONG	0,00167	5981,87	0,00451	HOLD	98,2349	144,4044
2021-07-06	00:00	33646,27	33733,77	33125,55	33697,06	LONG	0,00167	5981,87	0,00451	HOLD	98,2349	144,4892
2021-07-06	01:00	33695,78	34204,31	33695,78	33982,02	LONG	0,00167	5981,87	0,00451	HOLD	98,2349	144,9651
2021-07-06	02:00	33982,03	34274,33	33982,02	34117,97	LONG	0,00167	5981,87	0,00451	HOLD	98,2349	145,1922
2021-07-06	03:00	34117,98	34199,9	33724,88	33842,18	LONG	0,00167	5981,87	0,00451	HOLD	98,2349	144,7316
2021-07-06	04:00	33842,18	34210	33840,95	34151,79	LONG	0,00167	5981,87	0,00451	HOLD	98,2349	145,2486
2021-07-06	05:00	34148,98	34199	33950,75	33960,48	LONG	0,00167	5981,87	0,00451	HOLD	98,2349	144,9291
2021-07-06	06:00	33964,35	34116,54	33670,01	33690,14	LONG	0,00167	5981,87	0,00451	HOLD	98,2349	144,4777
2021-07-06	07:00	33690,15	34169,1	33634,76	34042,88	LONG	0,00167	5981,87	0,00451	HOLD	98,2349	145,0668
2021-07-06	08:00	34042,89	34073,92	33761,44	33768,95	LONG	0,00167	5981,87	0,00451	HOLD	98,2349	144,6093
2021-07-06	09:00	33768,95	33926,65	33700,37	33919,83	LONG	0,00167	5981,87	0,00451	HOLD	98,2349	144,8613
2021-07-06	10:00	33919,82	33970	33831,64	33920,69	LONG	0,00167	5981,87	0,00451	HOLD	98,2349	144,8627
2021-07-06	11:00	33920,69	34811,17	33908,09	34654,08	LONG	0,00167	5981,87	0,00451	HOLD	98,2349	146,0875
2021-07-06	12:00	34654,84	34933	34620	34793,39	LONG	0,00167	5981,87	0,00451	HOLD	98,2349	146,3201
2021-07-06	13:00	34793,39	34821,6	34637,93	34676,02	LONG	0,00167	5981,87	0,00451	HOLD	98,2349	146,1241
2021-07-06	14:00	34675,89	34959,73	34675,89	34874,85	LONG	0,00167	5981,87	0,00451	HOLD	98,2349	146,4561
2021-07-06	15:00	34874,85	35118,88	34714,9	34985,78	LONG	0,00167	5981,87	0,00451	HOLD	98,2349	146,6414
2021-07-06	16:00	34985,77	35012,74	34030,01	34204,56	LONG	0,00167	5981,87	0,00451	HOLD	98,2349	145,3368
2021-07-06	17:00	34204,56	34217,84	33773,53	33916,6	LONG	0,00167	5981,87	0,00451	HOLD	98,2349	144,8559
2021-07-06	18:00	33916,59	34282,87	33730	34067,31	LONG	0,00167	5981,87	0,00451	HOLD	98,2349	145,1075
2021-07-06	19:00	34067,31	34448	33800,01	34387,55	LONG	0,00167	5981,87	0,00451	HOLD	98,2349	145,6424
2021-07-06	20:00	34390,98	34516,38	33931	34147,31	LONG	0,00167	5981,87	0,00451	HOLD	98,2349	145,2411
2021-07-06	21:00	34147,31	34250	33966,74	34139,48	LONG	0,00167	5981,87	0,00451	HOLD	98,2349	145,2281
2021-07-06	22:00	34139,48	34200	33880,65	34042,43	LONG	0,00167	5981,87	0,00451	HOLD	98,2349	145,066
2021-07-06	23:00	34042,44	34148,11	33755	34063,63	LONG	0,00167	5981,87	0,00451	HOLD	98,2349	145,1014
2021-07-07	00:00	34060,94	34060,94	33532	33949,99	LONG	0,00167	5981,87	0,00451	HOLD	98,2349	144,9116
2021-07-07	01:00	33949,99	34110,76	33802	33841,37	LONG	0,00167	5981,87	0,00451	HOLD	98,2349	144,7302
2021-07-07	02:00	33844,92	34190	33758,82	34019,99	LONG	0,00167	5981,87	0,00451	HOLD	98,2349	145,0285
2021-07-07	03:00	34019,99	34103,94	33840	33953,78	LONG	0,00167	5981,87	0,00451	HOLD	98,2349	144,918
2021-07-07	04:00	33953,78	33972,77	33628,81	33763,1	LONG	0,00167	5981,87	0,00451	HOLD	98,2349	144,5995
2021-07-07	05:00	33763,1	34155	33683,18	34013,95	LONG	0,00167	5981,87	0,00451	HOLD	98,2349	145,0184
2021-07-07	06:00	34013,95	34323,77	33959,56	34220,01	LONG	0,00167	5981,87	0,00451	HOLD	98,2349	145,3626
2021-07-07	07:00	34220,02	34400	33941	34162,45	LONG	0,00167	5981,87	0,00451	HOLD	98,2349	145,2664
2021-07-07	08:00	34162,44	34271,45	33970,62	34233,2	LONG	0,00167	5981,87	0,00451	HOLD	98,2349	145,3846
2021-07-07	09:00	34233,21	34296,01	33995,31	34277,61	LONG	0,00167	5981,87	0,00451	HOLD	98,2349	145,4588
2021-07-07	10:00	34277,83	34530	34150	34446,5	LONG	0,00167	5981,87	0,00451	HOLD	98,2349	145,7408
2021-07-07	11:00	34445,55	34800	34373,02	34704,43	LONG	0,00167	5981,87	0,00451	HOLD	98,2349	146,1715
2021-07-07	12:00	34704,43	34889,93	34580	34809,73	LONG	0,00167	5981,87	0,00451	HOLD	98,2349	146,3474
2021-07-07	13:00	34809,72	34890	34640,99	34724,94	LONG	0,00167	5981,87	0,00451	HOLD	98,2349	146,2058
2021-07-07	14:00	34724,93	34919,28	34474,71	34710,38	LONG	0,00167	5981,87	0,00451	HOLD	98,2349	146,1815
2021-07-07	15:00	34710,4	34950	34670,06	34790	LONG	0,00167	5981,87	0,00451	HOLD	98,2349	146,3144
2021-07-07	16:00	34790,01	34858	34639,17	34691,91	LONG	0,00167	5981,87	0,00451	HOLD	98,2349	146,1506
2021-07-07	17:00	34691,91	34734,37	34457,11	34614,57	LONG	0,00167	5981,87	0,00451	HOLD	98,2349	146,0215
2021-07-07	18:00	34614,56	34989	34559,35	34827,96	LONG	0,00167	5981,87	0,00451	HOLD	98,2349	146,3778
2021-07-07	19:00	34827,97	35059,09	34714,15	34853,85	LONG	0,00167	5981,87	0,00451	HOLD	98,2349	146,4211
2021-07-07	20:00	34853,85	34881,55	34635,43	34813,22	LONG	0,00167	5981,87	0,00451	HOLD	98,2349	146,3532
2021-07-07	21:00	34813,22	34874,99	34532,5	34616,6	LONG	0,00167	5981,87	0,00451	HOLD	98,2349	146,0249
2021-07-07	22:00	34616,6	34696,64	34477,13	34528,6	LONG	0,00167	5981,87	0,00451	HOLD	98,2349	145,8779
2021-07-07	23:00	34528,6	34629,96	34412,43	34571,38	LONG	0,00167	5981,87	0,00451	HOLD	98,2349	145,9493
2021-07-08	00:00	34571,37	34689,29	34470	34635,01	LONG	0,00167	5981,87	0,00451	HOLD	98,2349	146,0556
2021-07-08	01:00	34635,01	34784	34556,28	34681,41	LONG	0,00167	5981,87	0,00451	HOLD	98,2349	146,1331
2021-07-08	02:00	34681,41	34748,37	34545,35	34628,72	LONG	0,00167	5981,87	0,00451	HOLD	98,2349	146,0451
2021-07-08	03:00	34628,71	34628,71	34490	34535,45	LONG	0,00167	5981,87	0,00451	HOLD	98,2349	145,8893
2021-07-08	04:00	34535,44	34538,58	34112,5	34239,86	LONG	0,00167	5981,87	0,00451	HOLD	98,2349	145,3957
2021-07-08	05:00	34241,15	34292,41	34059,71	34164,99	LONG	0,00167	5981,87	0,00451	HOLD	98,2349	145,2707
2021-07-08	06:00	34164,98	34164,99	33777,77	33862,12	LONG	0,00167	5981,87	0,00451	HOLD	98,2349	144,7649
2021-07-08	07:00	33862,11	33929,64	33103,72	33210,45	LONG	0,00167	5981,87	0,00451	HOLD	98,2349	143,6766
2021-07-08	08:00	33210,46	33452	33185	33300,48	LONG	0,00167	5981,87	0,00451	HOLD	98,2349	143,8269
2021-07-08	09:00	33300,48	33414,75	33275,94	33379,95	LONG	0,00167	5981,87	0,00451	HOLD	98,2349	143,9597
2021-07-08	10:00	33379,95	33435	33066	33305,65	LONG	0,00167	5981,87	0,00451	HOLD	98,2349	143,8356
2021-07-08	11:00	33305,66	33375,15	33151,22	33300,76	LONG	0,00167	5981,87	0,00451	HOLD	98,2349	143,8274
2021-07-08	12:00	33300,76	33349,98	32850	32884,56	LONG	0,00167	5981,87	0,00451	HOLD	98,2349	143,1324
2021-07-08	13:00	32880,97	33512,53	32857,09	33096,72	LONG	0,00167	5981,87	0,00451	HOLD	98,2349	143,4867
2021-07-08	14:00	33096,85	33260,8	32242,07	32487,57	LONG	0,00167	5981,87	0,00451	HOLD	98,2349	142,4694
2021-07-08	15:00	32487,56	32618,25	32231,92	32570,53	LONG	0,00167	5981,87	0,00451	HOLD	98,2349	142,6079
2021-07-08	16:00	32570,54	32700	32425,2	32570,13	LONG	0,00167	5981,87	0,00451	HOLD	98,2349	142,6073
2021-07-08	17:00	32570,12	32748,88	32447,32	32486,42	LONG	0,00167	5981,87	0,00451	HOLD	98,2349	142,4675
2021-07-08	18:00	32486,43	32744,89	32077	32696,44	LONG	0,00167	5981,87	0,00451	HOLD	98,2349	142,8182
2021-07-08	19:00	32696,43	32988,87	32484,59	32604,72	LONG	0,00167	5981,87	0,00451	HOLD	98,2349	142,665
2021-07-08	20:00	32604,73	32662,67	32350	32505,91	LONG	0,00167	5981,87	0,00451	HOLD	98,2349	142,5
2021-07-08	21:00	32505,92	32800	32477,96	32772,46	LONG	0,00167	5981,87	0,00451	HOLD	98,2349	142,9452
2021-07-08	22:00	32772,46	32930	32703,35	32900,01	LONG	0,00167	5981,87	0,00451	HOLD	98,2349	143,1582
2021-07-08	23:00	32900,05	32958	32646,14	32901,88	LONG	0,00167	5981,87	0,00451	HOLD	98,2349	143,1613
2021-07-09	00:00	32901,88	33038,88	32783,54	32863,83	LONG	0,00167	5981,87	0,00451	HOLD	98,2349	143,0977
2021-07-09	01:00	32863,83	32943,21	32749,18	32840,91	LONG	0,00167	5981,87	0,00451	HOLD	98,2349	143,0595
2021-07-09	02:00	32840,92	33177,06	32641,36	33003,52	LONG	0,00167	5981,87	0,00451	HOLD	98,2349	143,331
2021-07-09	03:00	33002,45	33067,09	32753,34	32800,27	LONG	0,00167	5981,87	0,00451	HOLD	98,2349	142,9916
2021-07-09	04:00	32800,26	32947,6	32682,01	32699,96	LONG	0,00167	5981,87	0,00451	HOLD	98,2349	142,8241
2021-07-09	05:00	32700	32826	32508	32557,44	LONG	0,00167	5981,87	0,00451	HOLD	98,2349	142,5861
2021-07-09	06:00	32557,44	32899,83	32550,88	32875,71	LONG	0,00167	5981,87	0,00451	HOLD	98,2349	143,1176
2021-07-09	07:00	32875,71	32882,37	32375	32392,49	LONG	0,00167	5981,87	0,00451	HOLD	98,2349	142,3106
2021-07-09	08:00	32392,48	32733,55	32261,07	32674,66	LONG	0,00167	5981,87	0,00451	HOLD	98,2349	142,7818
2021-07-09	09:00	32674,67	33020,65	32600,66	32952,72	LONG	0,00167	5981,87	0,00451	HOLD	98,2349	143,2462
2021-07-09	10:00	32952,72	33100	32750,11	32941,81	LONG	0,00167	5981,87	0,00451	HOLD	98,2349	143,228
2021-07-09	11:00	32941,81	33142,75	32892,85	33028,97	LONG	0,00167	5981,87	0,00451	HOLD	98,2349	143,3735
2021-07-09	12:00	33028,96	33310	32965,01	32996,18	LONG	0,00167	5981,87	0,00451	HOLD	98,2349	143,3188
2021-07-09	13:00	32997,83	33049,5	32742	32868,7	LONG	0,00167	5981,87	0,00451	HOLD	98,2349	143,1059
2021-07-09	14:00	32869,54	32933,47	32760,35	32910,21	LONG	0,00167	5981,87	0,00451	HOLD	98,2349	143,1752
2021-07-09	15:00	32902,13	32920	32598	32808,17	LONG	0,00167	5981,87	0,00451	HOLD	98,2349	143,0048
2021-07-09	16:00	32808,16	33065	32782,7	32914,42	LONG	0,00167	5981,87	0,00451	HOLD	98,2349	143,1822
2021-07-09	17:00	32914,42	33012,6	32810	32898,11	LONG	0,00167	5981,87	0,00451	HOLD	98,2349	143,155
2021-07-09	18:00	32898,1	32898,1	32667,72	32774,99	LONG	0,00167	5981,87	0,00451	HOLD	98,2349	142,9494
2021-07-09	19:00	32774,99	32999	32635,08	32996,5	LONG	0,00167	5981,87	0,00451	HOLD	98,2349	143,3193
2021-07-09	20:00	32996,49	33509,2	32953	33423,3	LONG	0,00167	5981,87	0,00451	HOLD	98,2349	144,0321
2021-07-09	21:00	33423,3	33682,43	33330,8	33534,75	LONG	0,00167	5981,87	0,00451	HOLD	98,2349	144,2182
2021-07-09	22:00	33534,75	33656	33479,24	33558,67	LONG	0,00167	5981,87	0,00451	HOLD	98,2349	144,2581
2021-07-09	23:00	33558,81	33696,4	33435	33527,25	LONG	0,00167	5981,87	0,00451	HOLD	98,2349	144,2056
2021-07-10	00:00	33527,24	33574,03	33421,68	33481,07	LONG	0,00167	5981,87	0,00451	HOLD	98,2349	144,1285
2021-07-10	01:00	33481,06	33496,71	33342,57	33382,03	LONG	0,00167	5981,87	0,00451	HOLD	98,2349	143,9631
2021-07-10	02:00	33382,02	33490	33287	33445,31	LONG	0,00167	5981,87	0,00451	HOLD	98,2349	144,0688
2021-07-10	03:00	33445,31	33549,55	33374,83	33528,02	LONG	0,00167	5981,87	0,00451	HOLD	98,2349	144,2069
2021-07-10	04:00	33528,03	34053,69	33444,5	33870,56	LONG	0,00167	5981,87	0,00451	HOLD	98,2349	144,779
2021-07-10	05:00	33870,57	34100	33844,14	33977,19	LONG	0,00167	5981,87	0,00451	HOLD	98,2349	144,957
2021-07-10	06:00	33977,2	34030,47	33760	33815,81	LONG	0,00167	5981,87	0,00451	HOLD	98,2349	144,6875
2021-07-10	07:00	33815,81	34262	33735,85	34039,95	LONG	0,00167	5981,87	0,00451	HOLD	98,2349	145,0619
2021-07-10	08:00	34039,95	34097,72	33765	33767,02	LONG	0,00167	5981,87	0,00451	HOLD	98,2349	144,6061
2021-07-10	09:00	33765,42	33869,18	33631	33729,25	LONG	0,00167	5981,87	0,00451	HOLD	98,2349	144,543
2021-07-10	10:00	33729,25	33859,92	33700,34	33800,03	LONG	0,00167	5981,87	0,00451	HOLD	98,2349	144,6612
2021-07-10	11:00	33800,04	33909,67	33618,77	33651,69	LONG	0,00167	5981,87	0,00451	HOLD	98,2349	144,4135
2021-07-10	12:00	33651,7	33738,33	33458,84	33649,03	LONG	0,00167	5981,87	0,00451	HOLD	98,2349	144,409
2021-07-10	13:00	33649,03	33865,67	33581,73	33813,31	LONG	0,00167	5981,87	0,00451	HOLD	98,2349	144,6834
2021-07-10	14:00	33813,3	33813,3	33610,09	33766,01	LONG	0,00167	5981,87	0,00451	HOLD	98,2349	144,6044
2021-07-10	15:00	33766,01	33950	33686	33762,79	LONG	0,00167	5981,87	0,00451	HOLD	98,2349	144,599
2021-07-10	16:00	33761,72	33900	33711,95	33732,57	LONG	0,00167	5981,87	0,00451	HOLD	98,2349	144,5485
2021-07-10	17:00	33735,98	33800	33599,98	33624,08	LONG	0,00167	5981,87	0,00451	HOLD	98,2349	144,3674
2021-07-10	18:00	33624,09	33911,82	33565	33793,94	LONG	0,00167	5981,87	0,00451	HOLD	98,2349	144,651
2021-07-10	19:00	33793,95	33943,4	33744,4	33861,02	LONG	0,00167	5981,87	0,00451	HOLD	98,2349	144,763
2021-07-10	20:00	33858,28	33898,17	33634,16	33700,31	LONG	0,00167	5981,87	0,00451	HOLD	98,2349	144,4947
2021-07-10	21:00	33700,31	33850	33649,14	33820,01	LONG	0,00167	5981,87	0,00451	HOLD	98,2349	144,6946
2021-07-10	22:00	33820,01	33931,1	33790	33862,54	LONG	0,00167	5981,87	0,00451	HOLD	98,2349	144,7656
2021-07-10	23:00	33862,55	34192	33794,12	34018,16	LONG	0,00167	5981,87	0,00451	HOLD	98,2349	145,0255
2021-07-11	00:00	34018,15	34021,52	33223,31	33397,27	LONG	0,00167	5981,87	0,00451	HOLD	98,2349	143,9886
2021-07-11	01:00	33397,27	33468,98	33340	33466,71	LONG	0,00167	5981,87	0,00451	HOLD	98,2349	144,1045
2021-07-11	02:00	33466,71	33568	33320,41	33409,92	LONG	0,00167	5981,87	0,00451	HOLD	98,2349	144,0097
2021-07-11	03:00	33411,41	33411,42	33004,78	33324,49	LONG	0,00167	5981,87	0,00451	HOLD	98,2349	143,867
2021-07-11	04:00	33324,49	33440	33275	33428,57	LONG	0,00167	5981,87	0,00451	HOLD	98,2349	144,0409
2021-07-11	05:00	33428,57	33698,99	33416,82	33646,87	LONG	0,00167	5981,87	0,00451	HOLD	98,2349	144,4054
2021-07-11	06:00	33646,88	33683,14	33485,98	33502,87	LONG	0,00167	5981,87	0,00451	HOLD	98,2349	144,1649
2021-07-11	07:00	33502,87	33817,83	33456	33719,99	LONG	0,00167	5981,87	0,00451	HOLD	98,2349	144,5275
2021-07-11	08:00	33720	33783,68	33557,6	33614,49	LONG	0,00167	5981,87	0,00451	HOLD	98,2349	144,3513
2021-07-11	09:00	33614,49	33669,58	33515	33519,17	LONG	0,00167	5981,87	0,00451	HOLD	98,2349	144,1922
2021-07-11	10:00	33519,16	33574,79	33387,72	33448,97	LONG	0,00167	5981,87	0,00451	HOLD	98,2349	144,0749
2021-07-11	11:00	33448,97	33550	33306,47	33460,69	LONG	0,00167	5981,87	0,00451	HOLD	98,2349	144,0945
2021-07-11	12:00	33460,7	33636,85	33419,08	33590,53	LONG	0,00167	5981,87	0,00451	HOLD	98,2349	144,3113
2021-07-11	13:00	33590,51	33642,74	33420	33463,74	LONG	0,00167	5981,87	0,00451	HOLD	98,2349	144,0996
2021-07-11	14:00	33461,5	33555,55	33372,06	33508,83	LONG	0,00167	5981,87	0,00451	HOLD	98,2349	144,1749
2021-07-11	15:00	33508,82	33800	33424,84	33690,69	LONG	0,00167	5981,87	0,00451	HOLD	98,2349	144,4786
2021-07-11	16:00	33690,69	33870	33598,75	33693,43	LONG	0,00167	5981,87	0,00451	HOLD	98,2349	144,4832
2021-07-11	17:00	33693,45	33839,94	33614,07	33750,79	LONG	0,00167	5981,87	0,00451	HOLD	98,2349	144,579
2021-07-11	18:00	33750,79	33850	33695	33814,84	LONG	0,00167	5981,87	0,00451	HOLD	98,2349	144,6859
2021-07-11	19:00	33814,82	33880,74	33663,5	33738,01	LONG	0,00167	5981,87	0,00451	HOLD	98,2349	144,5576
2021-07-11	20:00	33740,55	33929,99	33654,36	33917,55	LONG	0,00167	5981,87	0,00451	HOLD	98,2349	144,8575
2021-07-11	21:00	33917,55	33992,68	33806,55	33929,76	LONG	0,00167	5981,87	0,00451	HOLD	98,2349	144,8778
2021-07-11	22:00	33929,76	33994,69	33859,83	33948,68	LONG	0,00167	5981,87	0,00451	HOLD	98,2349	144,9094
2021-07-11	23:00	33948,68	34123,08	33779,68	34008,2	LONG	0,00167	5981,87	0,00451	HOLD	98,2349	145,0088
2021-07-12	00:00	34008,19	34039,92	33875,48	33892,81	LONG	0,00167	5981,87	0,00451	HOLD	98,2349	144,8161
2021-07-12	01:00	33892,82	33999	33837,16	33960	LONG	0,00167	5981,87	0,00451	HOLD	98,2349	144,9283
2021-07-12	02:00	33960	33989,99	33841,35	33894,57	LONG	0,00167	5981,87	0,00451	HOLD	98,2349	144,8191
2021-07-12	03:00	33894,57	33974	33831,46	33843,26	LONG	0,00167	5981,87	0,00451	HOLD	98,2349	144,7334
2021-07-12	04:00	33843,26	34600	33710,94	34481,92	LONG	0,00167	5981,87	0,00451	HOLD	98,2349	145,7999
2021-07-12	05:00	34490,31	34666	34338,54	34391	LONG	0,00167	5981,87	0,00451	HOLD	98,2349	145,6481
2021-07-12	06:00	34391	34405,53	34180,59	34258,99	LONG	0,00167	5981,87	0,00451	HOLD	98,2349	145,4277
2021-07-12	07:00	34259	34345,53	34082,65	34171,26	LONG	0,00167	5981,87	0,00451	HOLD	98,2349	145,2811
2021-07-12	08:00	34171,26	34200	34006,92	34154,35	LONG	0,00167	5981,87	0,00451	HOLD	98,2349	145,2529
2021-07-12	09:00	34153,88	34320,05	34082,13	34271,1	LONG	0,00167	5981,87	0,00451	HOLD	98,2349	145,4479
2021-07-12	10:00	34271,91	34537,39	34250	34447,92	LONG	0,00167	5981,87	0,00451	HOLD	98,2349	145,7432
2021-07-12	11:00	34447,92	34678,43	34290	34299,94	LONG	0,00167	5981,87	0,00451	HOLD	98,2349	145,496
2021-07-12	12:00	34299,93	34340,96	34160,39	34330,25	LONG	0,00167	5981,87	0,00451	HOLD	98,2349	145,5467
2021-07-12	13:00	34328,7	34455	34207,95	34380,01	LONG	0,00167	5981,87	0,00451	HOLD	98,2349	145,6298
2021-07-12	14:00	34380	34510	34213,55	34281,74	LONG	0,00167	5981,87	0,00451	HOLD	98,2349	145,4656
2021-07-12	15:00	34281,74	34488,27	34213,16	34273,62	LONG	0,00167	5981,87	0,00451	HOLD	98,2349	145,4521
2021-07-12	16:00	34273,62	34334,27	34018	34050,12	LONG	0,00167	5981,87	0,00451	HOLD	98,2349	145,0788
2021-07-12	17:00	34050,12	34053,35	33631,79	33775,15	LONG	0,00167	5981,87	0,00451	HOLD	98,2349	144,6196
2021-07-12	18:00	33775,16	33783,73	33525,66	33530	LONG	0,00167	5981,87	0,00451	HOLD	98,2349	144,2102
2021-07-12	19:00	33530	33636,92	33400	33566,19	LONG	0,00167	5981,87	0,00451	HOLD	98,2349	144,2707
2021-07-12	20:00	33569,15	33614,11	33335,76	33576,93	LONG	0,00167	5981,87	0,00451	HOLD	98,2349	144,2886
2021-07-12	21:00	33574,81	33585,4	33373,69	33405,52	LONG	0,00167	5981,87	0,00451	HOLD	98,2349	144,0024
2021-07-12	22:00	33405,51	33507,47	33316,2	33337,49	LONG	0,00167	5981,87	0,00451	HOLD	98,2349	143,8888
2021-07-12	23:00	33337,49	33441	33052,99	33151,32	LONG	0,00167	5981,87	0,00451	HOLD	98,2349	143,5778
2021-07-13	00:00	33151,32	33255,07	33050	33112,12	LONG	0,00167	5981,87	0,00451	HOLD	98,2349	143,5124
2021-07-13	01:00	33112,13	33189,21	32890,43	33010,24	LONG	0,00167	5981,87	0,00451	HOLD	98,2349	143,3422
2021-07-13	02:00	33010,27	33358,17	32750	32822,85	LONG	0,00167	5981,87	0,00451	HOLD	98,2349	143,0293
2021-07-13	03:00	32822,85	32989,61	32658,34	32848,75	LONG	0,00167	5981,87	0,00451	HOLD	98,2349	143,0726
2021-07-13	04:00	32848,75	32990,52	32816,87	32867,95	LONG	0,00167	5981,87	0,00451	HOLD	98,2349	143,1046
2021-07-13	05:00	32867,95	33098,43	32857	33038,1	LONG	0,00167	5981,87	0,00451	HOLD	98,2349	143,3888
2021-07-13	06:00	33038,1	33284,99	32973,21	33086,63	LONG	0,00167	5981,87	0,00451	HOLD	98,2349	143,4698
2021-07-13	07:00	33086,94	33222,22	32830,98	33059,99	LONG	0,00167	5981,87	0,00451	HOLD	98,2349	143,4253
2021-07-13	08:00	33059,96	33206,51	32942,04	33156,97	LONG	0,00167	5981,87	0,00451	HOLD	98,2349	143,5873
2021-07-13	09:00	33156,97	33209,27	33060,64	33076,13	LONG	0,00167	5981,87	0,00451	HOLD	98,2349	143,4523
2021-07-13	10:00	33076,13	33229	33061,95	33071,14	LONG	0,00167	5981,87	0,00451	HOLD	98,2349	143,4439
2021-07-13	11:00	33071,13	33170,29	33034,54	33118,22	LONG	0,00167	5981,87	0,00451	HOLD	98,2349	143,5226
2021-07-13	12:00	33118,22	33150	32742,01	32817,42	LONG	0,00167	5981,87	0,00451	HOLD	98,2349	143,0202
2021-07-13	13:00	32817,42	33090,29	32815,15	32966,31	LONG	0,00167	5981,87	0,00451	HOLD	98,2349	143,2689
2021-07-13	14:00	32966,31	33333,33	32966,31	33180,08	LONG	0,00167	5981,87	0,00451	HOLD	98,2349	143,6259
2021-07-13	15:00	33180,11	33261,2	33101,57	33223,88	LONG	0,00167	5981,87	0,00451	HOLD	98,2349	143,699
2021-07-13	16:00	33222,15	33292,7	33108,19	33273	LONG	0,00167	5981,87	0,00451	HOLD	98,2349	143,7811
2021-07-13	17:00	33273,01	33340	33040,02	33093,22	LONG	0,00167	5981,87	0,00451	HOLD	98,2349	143,4808
2021-07-13	18:00	33093,04	33193,75	32912,29	33042,61	LONG	0,00167	5981,87	0,00451	HOLD	98,2349	143,3963
2021-07-13	19:00	33042,61	33049	32280	32352,61	LONG	0,00167	5981,87	0,00451	HOLD	98,2349	142,244
2021-07-13	20:00	32352,61	32653,72	32285,71	32571,77	LONG	0,00167	5981,87	0,00451	HOLD	98,2349	142,61
2021-07-13	21:00	32571,76	32630	32461	32569	LONG	0,00167	5981,87	0,00451	HOLD	98,2349	142,6054
2021-07-13	22:00	32569	32870	32530,96	32790,08	LONG	0,00167	5981,87	0,00451	HOLD	98,2349	142,9746
2021-07-13	23:00	32791,71	32887,9	32630	32817,77	LONG	0,00167	5981,87	0,00451	HOLD	98,2349	143,0208
2021-07-14	00:00	32817,77	32956,26	32631,26	32772,98	LONG	0,00167	5981,87	0,00451	HOLD	98,2349	142,946
2021-07-14	01:00	32768,73	32768,74	32470,64	32479,99	LONG	0,00167	5981,87	0,00451	HOLD	98,2349	142,4567
2021-07-14	02:00	32480	32631,22	32231,42	32309,69	LONG	0,00167	5981,87	0,00451	HOLD	98,2349	142,1723
2021-07-14	03:00	32309,69	32559,05	32202,25	32507,07	LONG	0,00167	5981,87	0,00451	HOLD	98,2349	142,5019
2021-07-14	04:00	32509,23	32646,09	32400,21	32589,11	LONG	0,00167	5981,87	0,00451	HOLD	98,2349	142,639
2021-07-14	05:00	32589,11	32630	32426,88	32582,69	LONG	0,00167	5981,87	0,00451	HOLD	98,2349	142,6282
2021-07-14	06:00	32582,69	32750	32522,3	32729,77	LONG	0,00167	5981,87	0,00451	HOLD	98,2349	142,8739
2021-07-14	07:00	32729,12	32807,41	32351	32421,69	LONG	0,00167	5981,87	0,00451	HOLD	98,2349	142,3594
2021-07-14	08:00	32421,69	32497,99	32251,31	32376,2	LONG	0,00167	5981,87	0,00451	HOLD	98,2349	142,2834
2021-07-14	09:00	32374,07	32570,96	32342,91	32545,43	LONG	0,00167	5981,87	0,00451	HOLD	98,2349	142,566
2021-07-14	10:00	32545,42	32583,99	31650,61	31830,01	LONG	0,00167	5981,87	0,00451	HOLD	98,2349	141,3713
2021-07-14	11:00	31830,01	32015,98	31782	31930,12	LONG	0,00167	5981,87	0,00451	HOLD	98,2349	141,5384
2021-07-14	12:00	31932,74	31993,61	31655,83	31807,01	LONG	0,00167	5981,87	0,00451	HOLD	98,2349	141,3328
2021-07-14	13:00	31807,01	31942,35	31754,55	31835,47	LONG	0,00167	5981,87	0,00451	HOLD	98,2349	141,3804
2021-07-14	14:00	31829,03	32000	31825,56	31920,01	LONG	0,00167	5981,87	0,00451	HOLD	98,2349	141,5216
2021-07-14	15:00	31920,01	31996	31702,92	31751,48	LONG	0,00167	5981,87	0,00451	HOLD	98,2349	141,2401
2021-07-14	16:00	31751,48	32500	31550	32327,7	LONG	0,00167	5981,87	0,00451	HOLD	98,2349	142,2024
2021-07-14	17:00	32330	32707,27	32260,83	32427,58	LONG	0,00167	5981,87	0,00451	HOLD	98,2349	142,3692
2021-07-14	18:00	32427,59	32562,48	32366,34	32451,99	LONG	0,00167	5981,87	0,00451	HOLD	98,2349	142,41
2021-07-14	19:00	32450,95	32517	32280	32313,18	LONG	0,00167	5981,87	0,00451	HOLD	98,2349	142,1782
2021-07-14	20:00	32313,18	32899,99	32313,18	32784	LONG	0,00167	5981,87	0,00451	HOLD	98,2349	142,9644
2021-07-14	21:00	32784	32959,21	32700	32863,07	LONG	0,00167	5981,87	0,00451	HOLD	98,2349	143,0965
2021-07-14	22:00	32863,07	32938,99	32733,83	32786	LONG	0,00167	5981,87	0,00451	HOLD	98,2349	142,9678
2021-07-14	23:00	32786,01	32902,89	32665,14	32833,88	LONG	0,00167	5981,87	0,00451	HOLD	98,2349	143,0477
2021-07-15	00:00	32838,26	32911,79	32774,99	32832,99	LONG	0,00167	5981,87	0,00451	HOLD	98,2349	143,0462
2021-07-15	01:00	32832,99	33114,03	32671,03	32743,96	LONG	0,00167	5981,87	0,00451	HOLD	98,2349	142,8976
2021-07-15	02:00	32743,96	32798,62	32564,44	32729,76	LONG	0,00167	5981,87	0,00451	HOLD	98,2349	142,8738
2021-07-15	03:00	32729,77	32869,58	32708	32800,41	LONG	0,00167	5981,87	0,00451	HOLD	98,2349	142,9918
2021-07-15	04:00	32800,41	32940	32800,4	32852,23	LONG	0,00167	5981,87	0,00451	HOLD	98,2349	143,0784
2021-07-15	05:00	32852,24	33063,82	32739,28	32959,96	LONG	0,00167	5981,87	0,00451	HOLD	98,2349	143,2583
2021-07-15	06:00	32959,97	32974,44	32681	32820,02	LONG	0,00167	5981,87	0,00451	HOLD	98,2349	143,0246
2021-07-15	07:00	32820,03	33046,86	32651,26	32951,87	LONG	0,00167	5981,87	0,00451	HOLD	98,2349	143,2448
2021-07-15	08:00	32952,6	33185,25	32762,5	32784,33	LONG	0,00167	5981,87	0,00451	HOLD	98,2349	142,965
2021-07-15	09:00	32784,33	32911,03	32690,59	32760	LONG	0,00167	5981,87	0,00451	HOLD	98,2349	142,9243
2021-07-15	10:00	32760	32785,23	32580,12	32641,65	LONG	0,00167	5981,87	0,00451	HOLD	98,2349	142,7267
2021-07-15	11:00	32641,66	32691,42	32441,86	32665,53	LONG	0,00167	5981,87	0,00451	HOLD	98,2349	142,7666
2021-07-15	12:00	32665,53	32665,53	32473,72	32583,9	LONG	0,00167	5981,87	0,00451	HOLD	98,2349	142,6303
2021-07-15	13:00	32582,71	32650	32366,12	32483	LONG	0,00167	5981,87	0,00451	HOLD	98,2349	142,4618
2021-07-15	14:00	32483	32600	32359,65	32469,5	LONG	0,00167	5981,87	0,00451	HOLD	98,2349	142,4392
2021-07-15	15:00	32468,3	32551,99	32316,45	32376,51	LONG	0,00167	5981,87	0,00451	HOLD	98,2349	142,2839
2021-07-15	16:00	32376,5	32620,31	32332,54	32505	LONG	0,00167	5981,87	0,00451	HOLD	98,2349	142,4985
2021-07-15	17:00	32505	32579,33	31816,06	31866,76	LONG	0,00167	5981,87	0,00451	HOLD	98,2349	141,4326
2021-07-15	18:00	31866,76	31992,58	31800	31880,5	LONG	0,00167	5981,87	0,00451	HOLD	98,2349	141,4556
2021-07-15	19:00	31880,5	32152,97	31605,84	31723,25	LONG	0,00167	5981,87	0,00451	HOLD	98,2349	141,193
2021-07-15	20:00	31723,25	31923,35	31455	31828,82	LONG	0,00167	5981,87	0,00451	HOLD	98,2349	141,3693
2021-07-15	21:00	31828,86	31957,77	31675,5	31771,83	LONG	0,00167	5981,87	0,00451	HOLD	98,2349	141,2741
2021-07-15	22:00	31771,83	31829,99	31653,5	31677,01	LONG	0,00167	5981,87	0,00451	HOLD	98,2349	141,1157
2021-07-15	23:00	31678,5	31737,68	31475,32	31598,85	LONG	0,00167	5981,87	0,00451	HOLD	98,2349	140,9852
2021-07-16	00:00	31598,85	31598,86	31133	31276,88	LONG	0,00167	5981,87	0,00451	HOLD	98,2349	140,4475
2021-07-16	01:00	31276,87	31527,54	31230	31455,11	LONG	0,00167	5981,87	0,00451	HOLD	98,2349	140,7452
2021-07-16	02:00	31455,12	31800	31394,4	31533,62	LONG	0,00167	5981,87	0,00451	HOLD	98,2349	140,8763
2021-07-16	03:00	31538,92	31840,88	31528,52	31752,41	LONG	0,00167	5981,87	0,00451	HOLD	98,2349	141,2417
2021-07-16	04:00	31752,4	31803,72	31645	31666,35	LONG	0,00167	5981,87	0,00451	HOLD	98,2349	141,0979
2021-07-16	05:00	31666,35	31868,53	31622	31772,95	LONG	0,00167	5981,87	0,00451	HOLD	98,2349	141,276
2021-07-16	06:00	31772,95	31898	31503,35	31880	LONG	0,00167	5981,87	0,00451	HOLD	98,2349	141,4547
2021-07-16	07:00	31874,49	31940	31556,95	31644,03	LONG	0,00167	5981,87	0,00451	HOLD	98,2349	141,0607
2021-07-16	08:00	31644,04	31884,7	31640	31808,4	LONG	0,00167	5981,87	0,00451	HOLD	98,2349	141,3352
2021-07-16	09:00	31808,41	32049,45	31762,97	31904,26	LONG	0,00167	5981,87	0,00451	HOLD	98,2349	141,4953
2021-07-16	10:00	31904,25	32020,23	31874,13	31914,89	LONG	0,00167	5981,87	0,00451	HOLD	98,2349	141,513
2021-07-16	11:00	31914,9	32020	31851,27	31907,57	LONG	0,00167	5981,87	0,00451	HOLD	98,2349	141,5008
2021-07-16	12:00	31907,57	31966,94	31719,73	31797,02	LONG	0,00167	5981,87	0,00451	HOLD	98,2349	141,3162
2021-07-16	13:00	31800,41	31804,99	31548,15	31609,14	LONG	0,00167	5981,87	0,00451	HOLD	98,2349	141,0024
2021-07-16	14:00	31609,13	31796,42	31561,88	31774,49	LONG	0,00167	5981,87	0,00451	HOLD	98,2349	141,2785
2021-07-16	15:00	31779,98	31779,99	31375,93	31473	LONG	0,00167	5981,87	0,00451	HOLD	98,2349	140,7751
2021-07-16	16:00	31473	31534,18	31320	31399,99	LONG	0,00167	5981,87	0,00451	HOLD	98,2349	140,6531
2021-07-16	17:00	31400	31473,42	31140	31305,87	LONG	0,00167	5981,87	0,00451	HOLD	98,2349	140,4959
2021-07-16	18:00	31303,67	31303,67	31020	31086,53	LONG	0,00167	5981,87	0,00451	HOLD	98,2349	140,1296
2021-07-16	19:00	31086,52	31799	31067,43	31714,06	LONG	0,00167	5981,87	0,00451	HOLD	98,2349	141,1776
2021-07-16	20:00	31714,06	31969	31703,01	31765,8	LONG	0,00167	5981,87	0,00451	HOLD	98,2349	141,264
2021-07-16	21:00	31765,8	31950	31742,31	31860,93	LONG	0,00167	5981,87	0,00451	HOLD	98,2349	141,4229
2021-07-16	22:00	31860,92	32212,52	31787,01	32127,39	LONG	0,00167	5981,87	0,00451	HOLD	98,2349	141,8679
2021-07-16	23:00	32127,4	32249,18	31810	32065,37	LONG	0,00167	5981,87	0,00451	HOLD	98,2349	141,7643
2021-07-17	00:00	32062,77	32136,36	31927,74	32055,24	LONG	0,00167	5981,87	0,00451	HOLD	98,2349	141,7474
2021-07-17	01:00	32055,24	32077,61	31920,01	31956,38	LONG	0,00167	5981,87	0,00451	HOLD	98,2349	141,5823
2021-07-17	02:00	31956,39	32084,82	31860,82	31911,34	LONG	0,00167	5981,87	0,00451	HOLD	98,2349	141,5071
2021-07-17	03:00	31911,34	31987	31806	31819,98	LONG	0,00167	5981,87	0,00451	HOLD	98,2349	141,3545
2021-07-17	04:00	31819,98	31862,74	31661,95	31719,52	LONG	0,00167	5981,87	0,00451	HOLD	98,2349	141,1867
2021-07-17	05:00	31719,52	31860,18	31535,45	31578,31	LONG	0,00167	5981,87	0,00451	HOLD	98,2349	140,9509
2021-07-17	06:00	31580,9	31634,13	31336,98	31383,87	LONG	0,00167	5981,87	0,00451	HOLD	98,2349	140,6262
2021-07-17	07:00	31383,86	31636,53	31164,31	31636,52	LONG	0,00167	5981,87	0,00451	HOLD	98,2349	141,0481
2021-07-17	08:00	31636,52	31642,64	31264,9	31386,53	LONG	0,00167	5981,87	0,00451	HOLD	98,2349	140,6306
2021-07-17	09:00	31383,11	31499,98	31250	31336,08	LONG	0,00167	5981,87	0,00451	HOLD	98,2349	140,5464
2021-07-17	10:00	31334,71	31474,5	31276,25	31306,56	LONG	0,00167	5981,87	0,00451	HOLD	98,2349	140,4971
2021-07-17	11:00	31306,57	31441,32	31190	31387,84	LONG	0,00167	5981,87	0,00451	HOLD	98,2349	140,6328
2021-07-17	12:00	31387,84	31539,23	31364,48	31486,95	LONG	0,00167	5981,87	0,00451	HOLD	98,2349	140,7983
2021-07-17	13:00	31486,94	31590,94	31435,22	31580,01	LONG	0,00167	5981,87	0,00451	HOLD	98,2349	140,9538
2021-07-17	14:00	31580,01	31588,5	31449,81	31513,64	LONG	0,00167	5981,87	0,00451	HOLD	98,2349	140,8429
2021-07-17	15:00	31513,64	31955,92	31341	31706,44	LONG	0,00167	5981,87	0,00451	HOLD	98,2349	141,1649
2021-07-17	16:00	31706,43	31791,99	31602	31609,54	LONG	0,00167	5981,87	0,00451	HOLD	98,2349	141,0031
2021-07-17	17:00	31605,47	31613,5	31260,96	31280	LONG	0,00167	5981,87	0,00451	HOLD	98,2349	140,4527
2021-07-17	18:00	31280,01	31476,72	31250	31391,33	LONG	0,00167	5981,87	0,00451	HOLD	98,2349	140,6387
2021-07-17	19:00	31391,34	31583,87	31343,03	31501,41	LONG	0,00167	5981,87	0,00451	HOLD	98,2349	140,8225
2021-07-17	20:00	31501,41	31765,48	31341,16	31618,78	LONG	0,00167	5981,87	0,00451	HOLD	98,2349	141,0185
2021-07-17	21:00	31618,78	31745,99	31589,89	31637	LONG	0,00167	5981,87	0,00451	HOLD	98,2349	141,0489
2021-07-17	22:00	31637,01	31772,02	31450,47	31764,75	LONG	0,00167	5981,87	0,00451	HOLD	98,2349	141,2623
2021-07-17	23:00	31763,98	31870,43	31636	31683,03	LONG	0,00167	5981,87	0,00451	HOLD	98,2349	141,1258
2021-07-18	00:00	31683,04	31737,42	31537	31731,13	LONG	0,00167	5981,87	0,00451	HOLD	98,2349	141,2061
2021-07-18	01:00	31731,13	31820	31670,48	31735,04	LONG	0,00167	5981,87	0,00451	HOLD	98,2349	141,2127
2021-07-18	02:00	31735,03	31920	31704,4	31834,33	LONG	0,00167	5981,87	0,00451	HOLD	98,2349	141,3785
2021-07-18	03:00	31834,33	31898,5	31723,08	31723,09	LONG	0,00167	5981,87	0,00451	HOLD	98,2349	141,1927
2021-07-18	04:00	31723,08	31827,05	31673,15	31720	LONG	0,00167	5981,87	0,00451	HOLD	98,2349	141,1875
2021-07-18	05:00	31721,5	31721,51	31605,44	31634,94	LONG	0,00167	5981,87	0,00451	HOLD	98,2349	141,0455
2021-07-18	06:00	31634,95	31634,95	31480,66	31520,07	LONG	0,00167	5981,87	0,00451	HOLD	98,2349	140,8537
2021-07-18	07:00	31520,07	32132,62	31463	31975,13	LONG	0,00167	5981,87	0,00451	HOLD	98,2349	141,6136
2021-07-18	08:00	31975,17	32435	31943,4	32213,05	LONG	0,00167	5981,87	0,00451	HOLD	98,2349	142,0109
2021-07-18	09:00	32213,04	32285,98	32150	32201,82	LONG	0,00167	5981,87	0,00451	HOLD	98,2349	141,9922
2021-07-18	10:00	32201,83	32221,33	32059,54	32166	LONG	0,00167	5981,87	0,00451	HOLD	98,2349	141,9324
2021-07-18	11:00	32166	32190,45	32041,06	32077,25	LONG	0,00167	5981,87	0,00451	HOLD	98,2349	141,7841
2021-07-18	12:00	32079,97	32146,53	32044,72	32059,27	LONG	0,00167	5981,87	0,00451	HOLD	98,2349	141,7541
2021-07-18	13:00	32059,28	32072,22	31850,01	31886,18	LONG	0,00167	5981,87	0,00451	HOLD	98,2349	141,4651
2021-07-18	14:00	31886,19	31922,89	31680,01	31712,1	LONG	0,00167	5981,87	0,00451	HOLD	98,2349	141,1743
2021-07-18	15:00	31712,1	31800	31653	31762,11	LONG	0,00167	5981,87	0,00451	HOLD	98,2349	141,2579
2021-07-18	16:00	31762,1	31868,53	31671,81	31733,05	LONG	0,00167	5981,87	0,00451	HOLD	98,2349	141,2093
2021-07-18	17:00	31733,06	31746,85	31565,58	31709,43	LONG	0,00167	5981,87	0,00451	HOLD	98,2349	141,1699
2021-07-18	18:00	31710,17	31801,8	31668,81	31801,01	LONG	0,00167	5981,87	0,00451	HOLD	98,2349	141,3228
2021-07-18	19:00	31801,79	31849,54	31683,96	31745,05	LONG	0,00167	5981,87	0,00451	HOLD	98,2349	141,2294
2021-07-18	20:00	31745,06	31765,24	31620	31700,17	LONG	0,00167	5981,87	0,00451	HOLD	98,2349	141,1544
2021-07-18	21:00	31700,16	31750	31108,97	31322,85	LONG	0,00167	5981,87	0,00451	HOLD	98,2349	140,5243
2021-07-18	22:00	31322,83	31457,74	31227,96	31365,6	LONG	0,00167	5981,87	0,00451	HOLD	98,2349	140,5957
2021-07-18	23:00	31365,6	31568	31290	31463,57	LONG	0,00167	5981,87	0,00451	HOLD	98,2349	140,7593
2021-07-19	00:00	31463,58	31763,11	31414,84	31595,44	LONG	0,00167	5981,87	0,00451	HOLD	98,2349	140,9795
2021-07-19	01:00	31596,68	31670,84	31563,9	31604,51	LONG	0,00167	5981,87	0,00451	HOLD	98,2349	140,9947
2021-07-19	02:00	31604,51	31726,66	31604,5	31643,8	LONG	0,00167	5981,87	0,00451	HOLD	98,2349	141,0603
2021-07-19	03:00	31642,91	31741,8	31606,06	31630,29	LONG	0,00167	5981,87	0,00451	HOLD	98,2349	141,0377
2021-07-19	04:00	31630,3	31866,66	31544,8	31814,5	LONG	0,00167	5981,87	0,00451	HOLD	98,2349	141,3454
2021-07-19	05:00	31814,5	31943	31420	31557,91	LONG	0,00167	5981,87	0,00451	HOLD	98,2349	140,9169
2021-07-19	06:00	31557,91	31871,68	31508,92	31778,56	LONG	0,00167	5981,87	0,00451	HOLD	98,2349	141,2853
2021-07-19	07:00	31778,57	31861,79	31541,27	31600,68	LONG	0,00167	5981,87	0,00451	HOLD	98,2349	140,9883
2021-07-19	08:00	31600,69	31643,96	31431,87	31601,76	LONG	0,00167	5981,87	0,00451	HOLD	98,2349	140,9901
2021-07-19	09:00	31601,76	31687,1	31471,11	31515,79	LONG	0,00167	5981,87	0,00451	HOLD	98,2349	140,8465
2021-07-19	10:00	31515,78	31614,86	31451	31541,57	LONG	0,00167	5981,87	0,00451	HOLD	98,2349	140,8896
2021-07-19	11:00	31541,58	31782,86	31523,28	31742	LONG	0,00167	5981,87	0,00451	HOLD	98,2349	141,2243
2021-07-19	12:00	31742	31899	31643,49	31788	LONG	0,00167	5981,87	0,00451	HOLD	98,2349	141,3011
2021-07-19	13:00	31787,99	31860	31682,89	31793,54	LONG	0,00167	5981,87	0,00451	HOLD	98,2349	141,3104
2021-07-19	14:00	31793,54	31854,38	31583,34	31604,33	LONG	0,00167	5981,87	0,00451	HOLD	98,2349	140,9944
2021-07-19	15:00	31604,32	31669,73	31480	31486,58	LONG	0,00167	5981,87	0,00451	HOLD	98,2349	140,7977
2021-07-19	16:00	31486,59	31549,44	31301,1	31379,66	LONG	0,00167	5981,87	0,00451	HOLD	98,2349	140,6192
2021-07-19	17:00	31379,65	31435,92	31177	31205,58	LONG	0,00167	5981,87	0,00451	HOLD	98,2349	140,3285
2021-07-19	18:00	31205,91	31466,66	31155	31265,92	LONG	0,00167	5981,87	0,00451	HOLD	98,2349	140,4292
2021-07-19	19:00	31267,84	31375	30666	30713,15	LONG	0,00167	5981,87	0,00451	HOLD	98,2349	139,5061
2021-07-19	20:00	30713,15	30880,86	30560	30605,17	LONG	0,00167	5981,87	0,00451	HOLD	98,2349	139,3258
2021-07-19	21:00	30606,78	30850	30407,44	30816,05	LONG	0,00167	5981,87	0,00451	HOLD	98,2349	139,6779
2021-07-19	22:00	30816,05	30980	30646,61	30687,96	LONG	0,00167	5981,87	0,00451	HOLD	98,2349	139,464
2021-07-19	23:00	30687,84	30785,71	30602,5	30705,58	LONG	0,00167	5981,87	0,00451	HOLD	98,2349	139,4935
2021-07-20	00:00	30705,59	30857,61	30670,09	30736,09	LONG	0,00167	5981,87	0,00451	HOLD	98,2349	139,5444
2021-07-20	01:00	30736,09	30808,14	30564,36	30652,95	LONG	0,00167	5981,87	0,00451	HOLD	98,2349	139,4056
2021-07-20	02:00	30652,95	30775,82	30520,01	30744,97	LONG	0,00167	5981,87	0,00451	HOLD	98,2349	139,5592
2021-07-20	03:00	30744,84	30838,53	30691,72	30770,62	LONG	0,00167	5981,87	0,00451	HOLD	98,2349	139,6021
2021-07-20	04:00	30770,62	30886,19	30712,3	30716,53	LONG	0,00167	5981,87	0,00451	HOLD	98,2349	139,5117
2021-07-20	05:00	30722,23	30935,46	30721,15	30855	LONG	0,00167	5981,87	0,00451	HOLD	98,2349	139,743
2021-07-20	06:00	30855	30984,4	30792,04	30839,65	LONG	0,00167	5981,87	0,00451	HOLD	98,2349	139,7174
2021-07-20	07:00	30839,65	31063,07	30749,99	30801,12	LONG	0,00167	5981,87	0,00451	HOLD	98,2349	139,653
2021-07-20	08:00	30801,12	30844,05	30535	30621,61	LONG	0,00167	5981,87	0,00451	HOLD	98,2349	139,3532
2021-07-20	09:00	30621,55	30687,66	30150	30182,93	LONG	0,00167	5981,87	0,00451	HOLD	98,2349	138,6206
2021-07-20	10:00	30182,94	30254,26	29501	29600,46	LONG	0,00167	5981,87	0,00451	HOLD	98,2349	137,6479
2021-07-20	11:00	29600,46	29938,71	29505,95	29659,12	LONG	0,00167	5981,87	0,00451	HOLD	98,2349	137,7459
2021-07-20	12:00	29659,12	29798,35	29611	29729,1	LONG	0,00167	5981,87	0,00451	HOLD	98,2349	137,8627
2021-07-20	13:00	29729,1	29765,99	29620,3	29713,74	LONG	0,00167	5981,87	0,00451	HOLD	98,2349	137,8371
2021-07-20	14:00	29713,74	29877,26	29713,74	29821,73	LONG	0,00167	5981,87	0,00451	HOLD	98,2349	138,0174
2021-07-20	15:00	29821,72	29888,18	29632,01	29635,18	LONG	0,00167	5981,87	0,00451	HOLD	98,2349	137,7059
2021-07-20	16:00	29635,21	29812,83	29297	29420,5	LONG	0,00167	5981,87	0,00451	HOLD	98,2349	137,3474
2021-07-20	17:00	29420,42	29768,32	29278	29683,13	LONG	0,00167	5981,87	0,00451	HOLD	98,2349	137,786
2021-07-20	18:00	29683,13	29789,41	29560,33	29692,79	LONG	0,00167	5981,87	0,00451	HOLD	98,2349	137,8021
2021-07-20	19:00	29693,63	29788,54	29606,45	29709,03	LONG	0,00167	5981,87	0,00451	HOLD	98,2349	137,8292
2021-07-20	20:00	29709,04	29765,88	29447,76	29525,57	LONG	0,00167	5981,87	0,00451	HOLD	98,2349	137,5228
2021-07-20	21:00	29525,56	29820	29279,13	29747,75	LONG	0,00167	5981,87	0,00451	HOLD	98,2349	137,8939
2021-07-20	22:00	29747,75	29988	29693,99	29888,36	LONG	0,00167	5981,87	0,00451	HOLD	98,2349	138,1287
2021-07-20	23:00	29890,8	29984,82	29647,93	29658,97	LONG	0,00167	5981,87	0,00451	HOLD	98,2349	137,7456
2021-07-21	00:00	29658,96	29706,83	29605	29659,33	LONG	0,00167	5981,87	0,00451	HOLD	98,2349	137,7462
2021-07-21	01:00	29659,34	29838,2	29632,75	29777,84	LONG	0,00167	5981,87	0,00451	HOLD	98,2349	137,9441
2021-07-21	02:00	29777,83	29887,11	29723,7	29780,86	LONG	0,00167	5981,87	0,00451	HOLD	98,2349	137,9492
2021-07-21	03:00	29780,87	29994,41	29780,86	29851,58	LONG	0,00167	5981,87	0,00451	HOLD	98,2349	138,0673
2021-07-21	04:00	29851,57	29874,76	29590	29685,98	LONG	0,00167	5981,87	0,00451	HOLD	98,2349	137,7907
2021-07-21	05:00	29685,97	29761,98	29500	29570,19	LONG	0,00167	5981,87	0,00451	HOLD	98,2349	137,5974
2021-07-21	06:00	29570,11	29890	29559,56	29790,35	LONG	0,00167	5981,87	0,00451	HOLD	98,2349	137,965
2021-07-21	07:00	29790,34	29875,67	29555	29595,55	LONG	0,00167	5981,87	0,00451	HOLD	98,2349	137,6397
2021-07-21	08:00	29595,55	29784,98	29482,61	29743,15	LONG	0,00167	5981,87	0,00451	HOLD	98,2349	137,8862
2021-07-21	09:00	29743,15	29890,06	29707,29	29826,05	LONG	0,00167	5981,87	0,00451	HOLD	98,2349	138,0246
2021-07-21	10:00	29824,62	29910	29777	29845,1	LONG	0,00167	5981,87	0,00451	HOLD	98,2349	138,0565
2021-07-21	11:00	29845,11	30840	29830,51	30682,96	LONG	0,00167	5981,87	0,00451	HOLD	98,2349	139,4557
2021-07-21	12:00	30682,95	30900	30500	30687,06	LONG	0,00167	5981,87	0,00451	HOLD	98,2349	139,4625
2021-07-21	13:00	30687,06	30900	30642,85	30880	LONG	0,00167	5981,87	0,00451	HOLD	98,2349	139,7847
2021-07-21	14:00	30880	30942,42	30753,94	30817,84	LONG	0,00167	5981,87	0,00451	HOLD	98,2349	139,6809
2021-07-21	15:00	30817,84	30911,59	30716,37	30830,31	LONG	0,00167	5981,87	0,00451	HOLD	98,2349	139,7018
2021-07-21	16:00	30830,31	31395,16	30758	31314,2	LONG	0,00167	5981,87	0,00451	HOLD	98,2349	140,5099
2021-07-21	17:00	31314,2	31617,96	31253,17	31385,15	LONG	0,00167	5981,87	0,00451	HOLD	98,2349	140,6283
2021-07-21	18:00	31385,16	31655	31311,18	31534,11	LONG	0,00167	5981,87	0,00451	HOLD	98,2349	140,8771
2021-07-21	19:00	31534,12	31720	31419,6	31441,9	LONG	0,00167	5981,87	0,00451	HOLD	98,2349	140,7231
2021-07-21	20:00	31441,9	31571,09	31440,76	31499,99	LONG	0,00167	5981,87	0,00451	HOLD	98,2349	140,8201
2021-07-21	21:00	31499,99	31875,77	31499,99	31824,61	LONG	0,00167	5981,87	0,00451	HOLD	98,2349	141,3622
2021-07-21	22:00	31824,61	31969,99	31761,47	31933	LONG	0,00167	5981,87	0,00451	HOLD	98,2349	141,5433
2021-07-21	23:00	31934,54	32428,57	31848,38	32107,81	LONG	0,00167	5981,87	0,00451	HOLD	98,2349	141,8352
2021-07-22	00:00	32109,27	32223,24	31783,88	32179,1	LONG	0,00167	5981,87	0,00451	HOLD	98,2349	141,9542
2021-07-22	01:00	32179,09	32858	31755	31786,71	LONG	0,00167	5981,87	0,00451	HOLD	98,2349	141,2989
2021-07-22	02:00	31783,78	32000	31584,52	31627,57	LONG	0,00167	5981,87	0,00451	HOLD	98,2349	141,0332
2021-07-22	03:00	31627,58	31936,1	31516,3	31796,9	LONG	0,00167	5981,87	0,00451	HOLD	98,2349	141,316
2021-07-22	04:00	31796,9	31967,77	31680,01	31835,03	LONG	0,00167	5981,87	0,00451	HOLD	98,2349	141,3796
2021-07-22	05:00	31835,02	32163,97	31800	32114,12	LONG	0,00167	5981,87	0,00451	HOLD	98,2349	141,8457
2021-07-22	06:00	32114,12	32247,63	31959	32144,51	LONG	0,00167	5981,87	0,00451	HOLD	98,2349	141,8965
2021-07-22	07:00	32144,51	32376,78	31878,79	32053,18	LONG	0,00167	5981,87	0,00451	HOLD	98,2349	141,744
2021-07-22	08:00	32053,58	32081,91	31888,9	31974,85	LONG	0,00167	5981,87	0,00451	HOLD	98,2349	141,6131
2021-07-22	09:00	31974,85	31980,97	31777	31855	LONG	0,00167	5981,87	0,00451	HOLD	98,2349	141,413
2021-07-22	10:00	31855	32113,87	31826,09	31929,64	LONG	0,00167	5981,87	0,00451	HOLD	98,2349	141,5376
2021-07-22	11:00	31929,64	32213	31901,05	32063,91	LONG	0,00167	5981,87	0,00451	HOLD	98,2349	141,7619
2021-07-22	12:00	32063,91	32150	31860	31892,52	LONG	0,00167	5981,87	0,00451	HOLD	98,2349	141,4757
2021-07-22	13:00	31892,52	32098	31865,93	32032,9	LONG	0,00167	5981,87	0,00451	HOLD	98,2349	141,7101
2021-07-22	14:00	32032,89	32344,9	32017,5	32129,75	LONG	0,00167	5981,87	0,00451	HOLD	98,2349	141,8718
2021-07-22	15:00	32129,74	32259	32044,13	32116,33	LONG	0,00167	5981,87	0,00451	HOLD	98,2349	141,8494
2021-07-22	16:00	32116,32	32171,46	31708	31891,93	LONG	0,00167	5981,87	0,00451	HOLD	98,2349	141,4747
2021-07-22	17:00	31891,94	31982,51	31773	31811,6	LONG	0,00167	5981,87	0,00451	HOLD	98,2349	141,3405
2021-07-22	18:00	31811,6	31986,49	31708,57	31913,64	LONG	0,00167	5981,87	0,00451	HOLD	98,2349	141,5109
2021-07-22	19:00	31913,64	32222,22	31724,39	32187,54	LONG	0,00167	5981,87	0,00451	HOLD	98,2349	141,9683
2021-07-22	20:00	32187,54	32247,99	32041,98	32071,89	LONG	0,00167	5981,87	0,00451	HOLD	98,2349	141,7752
2021-07-22	21:00	32070,33	32299	31975,03	32263,53	LONG	0,00167	5981,87	0,00451	HOLD	98,2349	142,0952
2021-07-22	22:00	32265,03	32584,06	32168,87	32504,82	LONG	0,00167	5981,87	0,00451	HOLD	98,2349	142,4982
2021-07-22	23:00	32504,83	32591,35	32264,69	32349,86	LONG	0,00167	5981,87	0,00451	HOLD	98,2349	142,2394
2021-07-23	00:00	32349,86	32473,36	32322,18	32408,13	LONG	0,00167	5981,87	0,00451	HOLD	98,2349	142,3367
2021-07-23	01:00	32408,13	32436,31	32222	32278,1	LONG	0,00167	5981,87	0,00451	HOLD	98,2349	142,1196
2021-07-23	02:00	32278,1	32398	32234,26	32376,93	LONG	0,00167	5981,87	0,00451	HOLD	98,2349	142,2846
2021-07-23	03:00	32376,93	32379,99	32230	32230,01	LONG	0,00167	5981,87	0,00451	HOLD	98,2349	142,0393
2021-07-23	04:00	32230,01	32487,19	32098,33	32115,59	LONG	0,00167	5981,87	0,00451	HOLD	98,2349	141,8482
2021-07-23	05:00	32115,59	32259,09	32051,85	32174,27	LONG	0,00167	5981,87	0,00451	HOLD	98,2349	141,9462
2021-07-23	06:00	32174,27	32377	32130	32287,83	LONG	0,00167	5981,87	0,00451	HOLD	98,2349	142,1358
2021-07-23	07:00	32287,58	32412,21	32201,02	32364,69	LONG	0,00167	5981,87	0,00451	HOLD	98,2349	142,2642
2021-07-23	08:00	32364,7	32799	32334,35	32761,16	LONG	0,00167	5981,87	0,00451	HOLD	98,2349	142,9263
2021-07-23	09:00	32761,16	32785	32549,99	32637,99	LONG	0,00167	5981,87	0,00451	HOLD	98,2349	142,7206
2021-07-23	10:00	32637,98	32694,47	32485,35	32594,46	LONG	0,00167	5981,87	0,00451	HOLD	98,2349	142,6479
2021-07-23	11:00	32592,21	32769,85	32551,18	32684,47	LONG	0,00167	5981,87	0,00451	HOLD	98,2349	142,7982
2021-07-23	12:00	32684,47	32915	32599,86	32622,37	LONG	0,00167	5981,87	0,00451	HOLD	98,2349	142,6945
2021-07-23	13:00	32622,37	32639,42	32490	32574,99	LONG	0,00167	5981,87	0,00451	HOLD	98,2349	142,6154
2021-07-23	14:00	32576	32598,03	32360,67	32490	LONG	0,00167	5981,87	0,00451	HOLD	98,2349	142,4734
2021-07-23	15:00	32489,99	32540,2	32285,57	32318,75	LONG	0,00167	5981,87	0,00451	HOLD	98,2349	142,1875
2021-07-23	16:00	32318,75	32475	32266	32325,17	LONG	0,00167	5981,87	0,00451	HOLD	98,2349	142,1982
2021-07-23	17:00	32324,52	32384,66	32210	32330,3	LONG	0,00167	5981,87	0,00451	HOLD	98,2349	142,2067
2021-07-23	18:00	32327,87	32467,79	32292,1	32296,51	LONG	0,00167	5981,87	0,00451	HOLD	98,2349	142,1503
2021-07-23	19:00	32296,51	32450	32214,32	32431,97	LONG	0,00167	5981,87	0,00451	HOLD	98,2349	142,3765
2021-07-23	20:00	32431,97	32599,86	32364,72	32546,64	LONG	0,00167	5981,87	0,00451	HOLD	98,2349	142,568
2021-07-23	21:00	32548,57	32575,2	32420	32483,51	LONG	0,00167	5981,87	0,00451	HOLD	98,2349	142,4626
2021-07-23	22:00	32483,51	32497,51	32276,06	32315	LONG	0,00167	5981,87	0,00451	HOLD	98,2349	142,1812
2021-07-23	23:00	32314,99	32334,68	31924,32	32176,84	LONG	0,00167	5981,87	0,00451	HOLD	98,2349	141,9505
2021-07-24	00:00	32176,85	32205,88	32027,36	32195,9	LONG	0,00167	5981,87	0,00451	HOLD	98,2349	141,9823
2021-07-24	01:00	32195,89	32298,96	32061,16	32129,99	LONG	0,00167	5981,87	0,00451	HOLD	98,2349	141,8722
2021-07-24	02:00	32129,99	32291,39	32124,72	32248,63	LONG	0,00167	5981,87	0,00451	HOLD	98,2349	142,0704
2021-07-24	03:00	32248,64	32545,61	32193,06	32482,01	LONG	0,00167	5981,87	0,00451	HOLD	98,2349	142,4601
2021-07-24	04:00	32482,01	32662,08	32438,96	32605,61	LONG	0,00167	5981,87	0,00451	HOLD	98,2349	142,6665
2021-07-24	05:00	32605,61	33282	32573,7	33135,86	LONG	0,00167	5981,87	0,00451	HOLD	98,2349	143,552
2021-07-24	06:00	33135,86	33650	33075,72	33634,09	LONG	0,00167	5981,87	0,00451	HOLD	98,2349	144,3841
2021-07-24	07:00	33634,1	33777	33401,14	33554,46	LONG	0,00167	5981,87	0,00451	HOLD	98,2349	144,2511
2021-07-24	08:00	33552,76	33650	33414,95	33602,92	LONG	0,00167	5981,87	0,00451	HOLD	98,2349	144,332
2021-07-24	09:00	33602,92	33780,23	33577,86	33669,19	LONG	0,00167	5981,87	0,00451	HOLD	98,2349	144,4427
2021-07-24	10:00	33669,19	33700,87	33511,35	33669,98	LONG	0,00167	5981,87	0,00451	HOLD	98,2349	144,444
2021-07-24	11:00	33669,98	33845,41	33611,57	33687,58	LONG	0,00167	5981,87	0,00451	HOLD	98,2349	144,4734
2021-07-24	12:00	33687,58	33771,27	33571,73	33746,69	LONG	0,00167	5981,87	0,00451	HOLD	98,2349	144,5721
2021-07-24	13:00	33746,69	33915	33700	33884,56	LONG	0,00167	5981,87	0,00451	HOLD	98,2349	144,8024
2021-07-24	14:00	33884,56	33934,25	33739,97	33806,5	LONG	0,00167	5981,87	0,00451	HOLD	98,2349	144,672
2021-07-24	15:00	33806,49	33830	33542,4	33611,98	LONG	0,00167	5981,87	0,00451	HOLD	98,2349	144,3471
2021-07-24	16:00	33611,98	33866,75	33597,21	33833,63	LONG	0,00167	5981,87	0,00451	HOLD	98,2349	144,7173
2021-07-24	17:00	33833,63	33933,85	33750	33878,17	LONG	0,00167	5981,87	0,00451	HOLD	98,2349	144,7917
2021-07-24	18:00	33878,17	34065,71	33680	33867	LONG	0,00167	5981,87	0,00451	HOLD	98,2349	144,773
2021-07-24	19:00	33867	33867	33738,15	33816,58	LONG	0,00167	5981,87	0,00451	HOLD	98,2349	144,6888
2021-07-24	20:00	33816,58	33936,51	33767,24	33783,09	LONG	0,00167	5981,87	0,00451	HOLD	98,2349	144,6329
2021-07-24	21:00	33781,52	33904,76	33720,01	33851,44	LONG	0,00167	5981,87	0,00451	HOLD	98,2349	144,747
2021-07-24	22:00	33851,45	34047,86	33816,98	33847,51	LONG	0,00167	5981,87	0,00451	HOLD	98,2349	144,7405
2021-07-24	23:00	33847,51	34444	33816,97	34423,48	LONG	0,00167	5981,87	0,00451	HOLD	98,2349	145,7024
2021-07-25	00:00	34423,49	34500	34185,46	34300,02	LONG	0,00167	5981,87	0,00451	HOLD	98,2349	145,4962
2021-07-25	01:00	34300,02	34404,75	34236,01	34281,87	LONG	0,00167	5981,87	0,00451	HOLD	98,2349	145,4659
2021-07-25	02:00	34281,88	34281,88	33703,73	33846,16	LONG	0,00167	5981,87	0,00451	HOLD	98,2349	144,7382
2021-07-25	03:00	33846,16	33952,71	33667,01	33919,84	LONG	0,00167	5981,87	0,00451	HOLD	98,2349	144,8613
2021-07-25	04:00	33919,85	34143,84	33805,11	34096,66	LONG	0,00167	5981,87	0,00451	HOLD	98,2349	145,1566
2021-07-25	05:00	34096,65	34096,66	33840,3	34021,87	LONG	0,00167	5981,87	0,00451	HOLD	98,2349	145,0317
2021-07-25	06:00	34021,88	34283,42	33926,03	34258,14	LONG	0,00167	5981,87	0,00451	HOLD	98,2349	145,4262
2021-07-25	07:00	34261,51	34436,44	33926,03	34014,08	LONG	0,00167	5981,87	0,00451	HOLD	98,2349	145,0187
2021-07-25	08:00	34014,08	34129,41	33851,12	33924,85	LONG	0,00167	5981,87	0,00451	HOLD	98,2349	144,8696
2021-07-25	09:00	33924,85	34200	33903,86	34177,85	LONG	0,00167	5981,87	0,00451	HOLD	98,2349	145,2922
2021-07-25	10:00	34178,67	34350	34139,47	34160,85	LONG	0,00167	5981,87	0,00451	HOLD	98,2349	145,2638
2021-07-25	11:00	34160,85	34483,54	34064,71	34365,99	LONG	0,00167	5981,87	0,00451	HOLD	98,2349	145,6063
2021-07-25	12:00	34366	34600	34218	34322,31	LONG	0,00167	5981,87	0,00451	HOLD	98,2349	145,5334
2021-07-25	13:00	34322,31	34494,38	34280,89	34472,15	LONG	0,00167	5981,87	0,00451	HOLD	98,2349	145,7836
2021-07-25	14:00	34472,15	34785,33	34450	34695,51	LONG	0,00167	5981,87	0,00451	HOLD	98,2349	146,1566
2021-07-25	15:00	34695,51	34800	34455,58	34570,89	LONG	0,00167	5981,87	0,00451	HOLD	98,2349	145,9485
2021-07-25	16:00	34574,61	34632,78	34339,05	34509,03	LONG	0,00167	5981,87	0,00451	HOLD	98,2349	145,8452
2021-07-25	17:00	34509,02	34580,76	34238,56	34353,56	LONG	0,00167	5981,87	0,00451	HOLD	98,2349	145,5856
2021-07-25	18:00	34353,57	34498,46	34276,62	34399,04	LONG	0,00167	5981,87	0,00451	HOLD	98,2349	145,6615
2021-07-25	19:00	34399,04	34434,06	34222	34294,43	LONG	0,00167	5981,87	0,00451	HOLD	98,2349	145,4868
2021-07-25	20:00	34293,14	34360	34035	34178,74	LONG	0,00167	5981,87	0,00451	HOLD	98,2349	145,2936
2021-07-25	21:00	34178,74	34183,18	33862,45	34105,01	LONG	0,00167	5981,87	0,00451	HOLD	98,2349	145,1705
2021-07-25	22:00	34105,01	34278,3	33957,05	34174,08	LONG	0,00167	5981,87	0,00451	HOLD	98,2349	145,2859
2021-07-25	23:00	34174,08	34265,99	34090,63	34214,28	LONG	0,00167	5981,87	0,00451	HOLD	98,2349	145,353
2021-07-26	00:00	34214,27	34460	34166,1	34460	LONG	0,00167	5981,87	0,00451	HOLD	98,2349	145,7633
2021-07-26	01:00	34459,99	34488	34360	34407,13	LONG	0,00167	5981,87	0,00451	HOLD	98,2349	145,675
2021-07-26	02:00	34407,12	34600	34185,23	34353,25	LONG	0,00167	5981,87	0,00451	HOLD	98,2349	145,5851
2021-07-26	03:00	34353,24	34481,01	34300	34446,01	LONG	0,00167	5981,87	0,00451	HOLD	98,2349	145,74
2021-07-26	04:00	34446,01	34594,58	34412,01	34551	LONG	0,00167	5981,87	0,00451	HOLD	98,2349	145,9153
2021-07-26	05:00	34551	34675	34451,51	34656,78	LONG	0,00167	5981,87	0,00451	HOLD	98,2349	146,092
2021-07-26	06:00	34656,78	35398	34579,01	35381,02	LONG	0,00167	5981,87	0,00451	HOLD	98,2349	147,3014
2021-07-26	07:00	35381,02	36884,36	35205,78	36767,47	LONG	0,00167	5981,87	0,00451	HOLD	98,2349	149,6168
2021-07-26	08:00	36758,73	39799,97	36702,63	38313,4	LONG	0,00167	5981,87	0,00451	HOLD	98,2349	152,1985
2021-07-26	09:00	38313,4	38505,85	37844,72	38043,69	LONG	0,00167	5981,87	0,00451	HOLD	98,2349	151,7481
2021-07-26	10:00	38037,62	38368,89	37948,49	38283,98	LONG	0,00167	5981,87	0,00451	HOLD	98,2349	152,1494
2021-07-26	11:00	38283,97	38560,99	38145,65	38270,26	LONG	0,00167	5981,87	0,00451	HOLD	98,2349	152,1265
2021-07-26	12:00	38270,26	38619,55	38208,06	38568,92	LONG	0,00167	5981,87	0,00451	HOLD	98,2349	152,6252
2021-07-26	13:00	38568,92	39265,17	38376,07	38622,24	LONG	0,00167	5981,87	0,00451	HOLD	98,2349	152,7143
2021-07-26	14:00	38622,24	38845,01	37724,03	38150	LONG	0,00167	5981,87	0,00451	HOLD	98,2349	151,9256
2021-07-26	15:00	38149,99	38320,64	37661,7	38194,41	LONG	0,00167	5981,87	0,00451	HOLD	98,2349	151,9998
2021-07-26	16:00	38194,41	38382,6	38000	38206,45	LONG	0,00167	5981,87	0,00451	HOLD	98,2349	152,0199
2021-07-26	17:00	38206,45	38736,24	38083,25	38613,36	LONG	0,00167	5981,87	0,00451	HOLD	98,2349	152,6995
2021-07-26	18:00	38613,36	38738,51	38354,04	38473,61	LONG	0,00167	5981,87	0,00451	HOLD	98,2349	152,4661
2021-07-26	19:00	38473,61	38880	38110,36	38643,61	LONG	0,00167	5981,87	0,00451	HOLD	98,2349	152,75
2021-07-26	20:00	38643,6	38643,61	37902	38322,43	LONG	0,00167	5981,87	0,00451	HOLD	98,2349	152,2136
2021-07-26	21:00	38322,44	38523,08	38157,4	38316,84	LONG	0,00167	5981,87	0,00451	HOLD	98,2349	152,2043
2021-07-26	22:00	38316,85	38675,11	38218	38562,21	LONG	0,00167	5981,87	0,00451	HOLD	98,2349	152,614
2021-07-26	23:00	38562,21	39484	38492,31	39045,82	LONG	0,00167	5981,87	0,00451	HOLD	98,2349	153,4217
2021-07-27	00:00	39045,83	39397,49	38777	39223,57	LONG	0,00167	5981,87	0,00451	HOLD	98,2349	153,7185
2021-07-27	01:00	39223,57	39999,99	39181,3	39709,16	LONG	0,00167	5981,87	0,00451	HOLD	98,2349	154,5294
2021-07-27	02:00	39709,17	40550	39267	39365,15	LONG	0,00167	5981,87	0,00451	HOLD	98,2349	153,9549
2021-07-27	03:00	39361,36	39510,96	37340,83	37752,53	LONG	0,00167	5981,87	0,00451	HOLD	98,2349	151,2619
2021-07-27	04:00	37742,38	37867,72	36820,01	37119,09	LONG	0,00167	5981,87	0,00451	HOLD	98,2349	150,204
2021-07-27	05:00	37119,09	37662,74	36764,93	37605,99	LONG	0,00167	5981,87	0,00451	HOLD	98,2349	151,0171
2021-07-27	06:00	37591,32	37745	37163,11	37237,6	LONG	0,00167	5981,87	0,00451	HOLD	98,2349	150,4019
2021-07-27	07:00	37241,33	37523,75	36979,59	37443	LONG	0,00167	5981,87	0,00451	HOLD	98,2349	150,745
2021-07-27	08:00	37443	37488	36751,14	36875,75	LONG	0,00167	5981,87	0,00451	HOLD	98,2349	149,7976
2021-07-27	09:00	36875,76	37162,69	36454,65	36515,68	LONG	0,00167	5981,87	0,00451	HOLD	98,2349	149,1963
2021-07-27	10:00	36515,68	36968,39	36383	36823,8	LONG	0,00167	5981,87	0,00451	HOLD	98,2349	149,7109
2021-07-27	11:00	36823,81	37101	36675,34	36951,88	LONG	0,00167	5981,87	0,00451	HOLD	98,2349	149,9248
2021-07-27	12:00	36951,66	37213,48	36877,55	37100	LONG	0,00167	5981,87	0,00451	HOLD	98,2349	150,1721
2021-07-27	13:00	37100	37325,71	36929,41	36980,4	LONG	0,00167	5981,87	0,00451	HOLD	98,2349	149,9724
2021-07-27	14:00	36980,39	37224,75	36931,37	37115,11	LONG	0,00167	5981,87	0,00451	HOLD	98,2349	150,1974
2021-07-27	15:00	37115,1	37450	36969,52	37254,98	LONG	0,00167	5981,87	0,00451	HOLD	98,2349	150,431
2021-07-27	16:00	37254,98	37499	37144	37369,97	LONG	0,00167	5981,87	0,00451	HOLD	98,2349	150,623
2021-07-27	17:00	37369,97	37705,65	37260,1	37608,57	LONG	0,00167	5981,87	0,00451	HOLD	98,2349	151,0215
2021-07-27	18:00	37608,56	38069,32	37527,57	38064,87	LONG	0,00167	5981,87	0,00451	HOLD	98,2349	151,7835
2021-07-27	19:00	38064,87	38495	37707,66	38350,03	LONG	0,00167	5981,87	0,00451	HOLD	98,2349	152,2597
2021-07-27	20:00	38350,03	38771,91	38190	38460,46	LONG	0,00167	5981,87	0,00451	HOLD	98,2349	152,4441
2021-07-27	21:00	38460,46	38544,96	37743,95	38242,96	LONG	0,00167	5981,87	0,00451	HOLD	98,2349	152,0809
2021-07-27	22:00	38242,95	38594,4	37953,27	38209,58	LONG	0,00167	5981,87	0,00451	HOLD	98,2349	152,0251
2021-07-27	23:00	38209,58	38315,81	37566,12	37622,95	LONG	0,00167	5981,87	0,00451	HOLD	98,2349	151,0455
2021-07-28	00:00	37622,95	37889,19	37578,6	37787,3	LONG	0,00167	5981,87	0,00451	HOLD	98,2349	151,3199
2021-07-28	01:00	37787,31	38059,14	37350	37908,23	LONG	0,00167	5981,87	0,00451	HOLD	98,2349	151,5219
2021-07-28	02:00	37908,23	38246,11	37745,14	37800,49	LONG	0,00167	5981,87	0,00451	HOLD	98,2349	151,342
2021-07-28	03:00	37800,49	38198,89	37798,02	38031,9	LONG	0,00167	5981,87	0,00451	HOLD	98,2349	151,7284
2021-07-28	04:00	38031,9	38468,1	37950	38338,75	LONG	0,00167	5981,87	0,00451	HOLD	98,2349	152,2409
2021-07-28	05:00	38338,76	39423,23	38123,79	39178,13	LONG	0,00167	5981,87	0,00451	HOLD	98,2349	153,6426
2021-07-28	06:00	39178,14	39542,61	38690,85	39457,87	LONG	0,00167	5981,87	0,00451	HOLD	98,2349	154,1098
2021-07-28	07:00	39456,61	39562,23	38925,08	39069,54	LONG	0,00167	5981,87	0,00451	HOLD	98,2349	153,4613
2021-07-28	08:00	39078,06	39878,76	38904,11	39878,75	LONG	0,00167	5981,87	0,00451	HOLD	98,2349	154,8127
2021-07-28	09:00	39878,76	40246	39618,19	39846,04	LONG	0,00167	5981,87	0,00451	HOLD	98,2349	154,758
2021-07-28	10:00	39846,04	40350	39425,22	39817,56	LONG	0,00167	5981,87	0,00451	HOLD	98,2349	154,7105
2021-07-28	11:00	39817,56	40137,99	39557,95	39676,16	LONG	0,00167	5981,87	0,00451	HOLD	98,2349	154,4743
2021-07-28	12:00	39676,16	40183,67	39620	40127,38	LONG	0,00167	5981,87	0,00451	HOLD	98,2349	155,2279
2021-07-28	13:00	40127,39	40179,8	39226,76	39540	LONG	0,00167	5981,87	0,00451	HOLD	98,2349	154,2469
2021-07-28	14:00	39540	39955,5	39526,8	39895,88	LONG	0,00167	5981,87	0,00451	HOLD	98,2349	154,8413
2021-07-28	15:00	39897,97	39936,93	39359,21	39519,99	LONG	0,00167	5981,87	0,00451	HOLD	98,2349	154,2135
2021-07-28	16:00	39520	39950	39422,04	39932,73	LONG	0,00167	5981,87	0,00451	HOLD	98,2349	154,9028
2021-07-28	17:00	39932,74	40390	39791,95	40177,32	LONG	0,00167	5981,87	0,00451	HOLD	98,2349	155,3113
2021-07-28	18:00	40177,31	40900	40082,83	40750,84	LONG	0,00167	5981,87	0,00451	HOLD	98,2349	156,269
2021-07-28	19:00	40750,84	40871,59	39586,24	39682,09	LONG	0,00167	5981,87	0,00451	HOLD	98,2349	154,4842
2021-07-28	20:00	39680,06	39969,12	39428,1	39649,78	LONG	0,00167	5981,87	0,00451	HOLD	98,2349	154,4303
2021-07-28	21:00	39649,77	39845	39329,4	39520,77	LONG	0,00167	5981,87	0,00451	HOLD	98,2349	154,2148
2021-07-28	22:00	39520,76	39941,59	39406,74	39689,04	LONG	0,00167	5981,87	0,00451	HOLD	98,2349	154,4958
2021-07-28	23:00	39689,04	40178,98	39558,64	40119,86	LONG	0,00167	5981,87	0,00451	HOLD	98,2349	155,2153
2021-07-29	00:00	40119,86	40247,99	38800	38961	LONG	0,00167	5981,87	0,00451	HOLD	98,2349	153,28
2021-07-29	01:00	38961,01	40500	38772	40440,99	LONG	0,00167	5981,87	0,00451	HOLD	98,2349	155,7516
2021-07-29	02:00	40440,99	40680,07	39929,49	40388,61	LONG	0,00167	5981,87	0,00451	HOLD	98,2349	155,6641
2021-07-29	03:00	40388,61	40388,61	39730	39936,79	LONG	0,00167	5981,87	0,00451	HOLD	98,2349	154,9096
2021-07-29	04:00	39936,79	40170,4	39816,62	40094,77	LONG	0,00167	5981,87	0,00451	HOLD	98,2349	155,1734
2021-07-29	05:00	40094,76	40226,67	39586,2	39753,61	LONG	0,00167	5981,87	0,00451	HOLD	98,2349	154,6037
2021-07-29	06:00	39753,61	40212	39590,37	40019,56	LONG	0,00167	5981,87	0,00451	HOLD	98,2349	155,0478
2021-07-29	07:00	40019,57	40278,48	39400	39408,26	LONG	0,00167	5981,87	0,00451	HOLD	98,2349	154,0269
2021-07-29	08:00	39408,27	39738,9	39200	39651,05	LONG	0,00167	5981,87	0,00451	HOLD	98,2349	154,4324
2021-07-29	09:00	39651,06	39975	39604,06	39701,53	LONG	0,00167	5981,87	0,00451	HOLD	98,2349	154,5167
2021-07-29	10:00	39701,53	39849,2	39506,57	39609,78	LONG	0,00167	5981,87	0,00451	HOLD	98,2349	154,3635
2021-07-29	11:00	39609,78	40115,53	39491,99	39963,96	LONG	0,00167	5981,87	0,00451	HOLD	98,2349	154,955
2021-07-29	12:00	39963,96	40270,53	39717	40108,92	LONG	0,00167	5981,87	0,00451	HOLD	98,2349	155,197
2021-07-29	13:00	40108,92	40197,67	39893,08	39996,58	LONG	0,00167	5981,87	0,00451	HOLD	98,2349	155,0094
2021-07-29	14:00	39996,58	40128,95	39832,81	39934,62	LONG	0,00167	5981,87	0,00451	HOLD	98,2349	154,906
2021-07-29	15:00	39935	40083,77	39676,04	39937,36	LONG	0,00167	5981,87	0,00451	HOLD	98,2349	154,9105
2021-07-29	16:00	39937,35	40640	39937,35	40392,01	LONG	0,00167	5981,87	0,00451	HOLD	98,2349	155,6698
2021-07-29	17:00	40392,01	40541	40066	40182,49	LONG	0,00167	5981,87	0,00451	HOLD	98,2349	155,3199
2021-07-29	18:00	40182,49	40255,49	39501,78	39769,99	LONG	0,00167	5981,87	0,00451	HOLD	98,2349	154,631
2021-07-29	19:00	39769,99	39800	39450	39717,45	LONG	0,00167	5981,87	0,00451	HOLD	98,2349	154,5433
2021-07-29	20:00	39717,45	39979,25	39628,95	39863,02	LONG	0,00167	5981,87	0,00451	HOLD	98,2349	154,7864
2021-07-29	21:00	39862,11	40000	39631,57	39950	LONG	0,00167	5981,87	0,00451	HOLD	98,2349	154,9316
2021-07-29	22:00	39950	40143,74	39767,45	39939,33	LONG	0,00167	5981,87	0,00451	HOLD	98,2349	154,9138
2021-07-29	23:00	39939,32	40177	39655,55	39732,85	LONG	0,00167	5981,87	0,00451	HOLD	98,2349	154,569
2021-07-30	00:00	39732,84	39928,94	39566,16	39605,83	LONG	0,00167	5981,87	0,00451	HOLD	98,2349	154,3569
2021-07-30	01:00	39605,84	39675,69	39390	39527,06	LONG	0,00167	5981,87	0,00451	HOLD	98,2349	154,2253
2021-07-30	02:00	39527,07	39732,33	39450,51	39659,84	LONG	0,00167	5981,87	0,00451	HOLD	98,2349	154,4471
2021-07-30	03:00	39659,84	39826,3	39601,86	39718,09	LONG	0,00167	5981,87	0,00451	HOLD	98,2349	154,5444
2021-07-30	04:00	39719,99	39763,37	39489,55	39535,85	LONG	0,00167	5981,87	0,00451	HOLD	98,2349	154,24
2021-07-30	05:00	39535,85	39816,31	39524,12	39784,32	LONG	0,00167	5981,87	0,00451	HOLD	98,2349	154,655
2021-07-30	06:00	39784,32	40419,3	39765,35	40016,48	LONG	0,00167	5981,87	0,00451	HOLD	98,2349	155,0427
2021-07-30	07:00	40018,49	40137,06	39742,59	39905,44	LONG	0,00167	5981,87	0,00451	HOLD	98,2349	154,8572
2021-07-30	08:00	39905,45	40147,83	39850,01	40099,49	LONG	0,00167	5981,87	0,00451	HOLD	98,2349	155,1813
2021-07-30	09:00	40099,5	40250	39960,42	39987,35	LONG	0,00167	5981,87	0,00451	HOLD	98,2349	154,994
2021-07-30	10:00	39987,41	40110,62	39949,57	39969,99	LONG	0,00167	5981,87	0,00451	HOLD	98,2349	154,965
2021-07-30	11:00	39969,99	40030	39640,1	39805,49	LONG	0,00167	5981,87	0,00451	HOLD	98,2349	154,6903
2021-07-30	12:00	39805,49	39835,79	39615	39723,65	LONG	0,00167	5981,87	0,00451	HOLD	98,2349	154,5536
2021-07-30	13:00	39723,66	39850,74	39582,96	39849,99	LONG	0,00167	5981,87	0,00451	HOLD	98,2349	154,7646
2021-07-30	14:00	39850	39882,97	39653,3	39726,01	LONG	0,00167	5981,87	0,00451	HOLD	98,2349	154,5576
2021-07-30	15:00	39726	39763,14	38458,71	38723,01	LONG	0,00167	5981,87	0,00451	HOLD	98,2349	152,8826
2021-07-30	16:00	38726,71	38813,87	38313,23	38798,37	LONG	0,00167	5981,87	0,00451	HOLD	98,2349	153,0084
2021-07-30	17:00	38798,37	38941,48	38520	38854,53	LONG	0,00167	5981,87	0,00451	HOLD	98,2349	153,1022
2021-07-30	18:00	38854,54	38971,65	38584,95	38642,46	LONG	0,00167	5981,87	0,00451	HOLD	98,2349	152,7481
2021-07-30	19:00	38650	38884,74	38528,6	38708,44	LONG	0,00167	5981,87	0,00451	HOLD	98,2349	152,8582
2021-07-30	20:00	38708,43	38939	38666	38833,33	LONG	0,00167	5981,87	0,00451	HOLD	98,2349	153,0668
2021-07-30	21:00	38833,33	39161,97	38831,23	39023,69	LONG	0,00167	5981,87	0,00451	HOLD	98,2349	153,3847
2021-07-30	22:00	39023,69	39083,33	38881,18	39073,85	LONG	0,00167	5981,87	0,00451	HOLD	98,2349	153,4685
2021-07-30	23:00	39072,65	39201,97	38871,74	38909,2	LONG	0,00167	5981,87	0,00451	HOLD	98,2349	153,1935
2021-07-31	00:00	38909,19	39050	38909,19	39018,95	LONG	0,00167	5981,87	0,00451	HOLD	98,2349	153,3768
2021-07-31	01:00	39018,96	39164,22	38877,59	39083,48	LONG	0,00167	5981,87	0,00451	HOLD	98,2349	153,4846
2021-07-31	02:00	39083,48	39871,45	39060	39853,72	LONG	0,00167	5981,87	0,00451	HOLD	98,2349	154,7709
2021-07-31	03:00	39860,64	41600	39685	40668,56	LONG	0,00167	5981,87	0,00451	HOLD	98,2349	156,1316
2021-07-31	04:00	40668,56	41500	40622,02	41182,01	LONG	0,00167	5981,87	0,00451	HOLD	98,2349	156,9891
2021-07-31	05:00	41182,02	41500	40964,02	41350	LONG	0,00167	5981,87	0,00451	HOLD	98,2349	157,2696
2021-07-31	06:00	41350	42316,71	41300,66	42206,37	LONG	0,00167	5981,87	0,00451	HOLD	98,2349	158,6998
2021-07-31	07:00	42206,36	42448	41627,6	41890	LONG	0,00167	5981,87	0,00451	HOLD	98,2349	158,1714
2021-07-31	08:00	41889,99	42002,29	41732,34	41963,85	LONG	0,00167	5981,87	0,00451	HOLD	98,2349	158,2948
2021-07-31	09:00	41963,86	42199,24	41842,23	41953,88	LONG	0,00167	5981,87	0,00451	HOLD	98,2349	158,2781
2021-07-31	10:00	41953,88	42156,47	41704,24	41810,01	LONG	0,00167	5981,87	0,00451	HOLD	98,2349	158,0379
2021-07-31	11:00	41810	41876,34	41500	41813,33	LONG	0,00167	5981,87	0,00451	HOLD	98,2349	158,0434
2021-07-31	12:00	41813,34	41861,08	41181	41684,02	LONG	0,00167	5981,87	0,00451	HOLD	98,2349	157,8275
2021-07-31	13:00	41684,01	41704,54	41351	41525,3	LONG	0,00167	5981,87	0,00451	HOLD	98,2349	157,5624
2021-07-31	14:00	41525,3	41656,31	41480,32	41540,32	LONG	0,00167	5981,87	0,00451	HOLD	98,2349	157,5875
2021-07-31	15:00	41540,31	41883,04	41480	41705,08	LONG	0,00167	5981,87	0,00451	HOLD	98,2349	157,8626
2021-07-31	16:00	41705,07	41980	41575	41639,96	LONG	0,00167	5981,87	0,00451	HOLD	98,2349	157,7539
2021-07-31	17:00	41639,96	41916,64	41605,8	41787,54	LONG	0,00167	5981,87	0,00451	HOLD	98,2349	158,0003
2021-07-31	18:00	41785,07	41817,85	41337,02	41592,15	LONG	0,00167	5981,87	0,00451	HOLD	98,2349	157,674
2021-07-31	19:00	41592,14	41725,52	41478	41654,98	LONG	0,00167	5981,87	0,00451	HOLD	98,2349	157,779
2021-07-31	20:00	41654,99	41699,72	41231,53	41381,94	LONG	0,00167	5981,87	0,00451	HOLD	98,2349	157,323
2021-07-31	21:00	41381,93	41540	41000,15	41408,82	LONG	0,00167	5981,87	0,00451	HOLD	98,2349	157,3679
2021-07-31	22:00	41408,82	41746,64	41300,99	41537,83	LONG	0,00167	5981,87	0,00451	HOLD	98,2349	157,5833
2021-07-31	23:00	41535,71	41625,71	41235,53	41283,59	LONG	0,00167	5981,87	0,00451	HOLD	98,2349	157,1587
2021-08-01	00:00	41283,6	41379,99	41033	41164,19	LONG	0,00167	5981,87	0,00451	HOLD	98,2349	156,9593
2021-08-01	01:00	41164,18	41439,94	41115,05	41376,12	LONG	0,00167	5981,87	0,00451	HOLD	98,2349	157,3133
2021-08-01	02:00	41376,11	41600	41231,58	41303,63	LONG	0,00167	5981,87	0,00451	HOLD	98,2349	157,1922
2021-08-01	03:00	41303,64	41840,03	41132,51	41511,12	LONG	0,00167	5981,87	0,00451	HOLD	98,2349	157,5387
2021-08-01	04:00	41511,11	41984,73	41491,26	41961,87	LONG	0,00167	5981,87	0,00451	HOLD	98,2349	158,2915
2021-08-01	05:00	41961,86	41961,86	41611	41863,92	LONG	0,00167	5981,87	0,00451	HOLD	98,2349	158,1279
2021-08-01	06:00	41863,92	41950	41291,64	41461,83	LONG	0,00167	5981,87	0,00451	HOLD	98,2349	157,4564
2021-08-01	07:00	41461,84	41772,87	41120	41737,37	LONG	0,00167	5981,87	0,00451	HOLD	98,2349	157,9166
2021-08-01	08:00	41734,66	41922,86	41614,98	41707,22	LONG	0,00167	5981,87	0,00451	HOLD	98,2349	157,8662
2021-08-01	09:00	41707,22	41825	41605,62	41808,25	LONG	0,00167	5981,87	0,00451	HOLD	98,2349	158,0349
2021-08-01	10:00	41808,25	42599	41808,25	42435,13	LONG	0,00167	5981,87	0,00451	HOLD	98,2349	159,0818
2021-08-01	11:00	42430,41	42441,26	42026	42057,79	LONG	0,00167	5981,87	0,00451	HOLD	98,2349	158,4517
2021-08-01	12:00	42053,67	42158,74	41670	41822,41	LONG	0,00167	5981,87	0,00451	HOLD	98,2349	158,0586
2021-08-01	13:00	41822,42	41981,55	41605	41707,61	LONG	0,00167	5981,87	0,00451	HOLD	98,2349	157,8669
2021-08-01	14:00	41707,61	41820	41580	41701,26	LONG	0,00167	5981,87	0,00451	HOLD	98,2349	157,8562
2021-08-01	15:00	41701,25	41820	41624,76	41750,11	LONG	0,00167	5981,87	0,00451	HOLD	98,2349	157,9378
2021-08-01	16:00	41750,11	41948	41723	41908,71	LONG	0,00167	5981,87	0,00451	HOLD	98,2349	158,2027
2021-08-01	17:00	41908,71	41912,65	41339,75	41494,11	LONG	0,00167	5981,87	0,00451	HOLD	98,2349	157,5103
2021-08-01	18:00	41494,11	41617	41325	41587,01	LONG	0,00167	5981,87	0,00451	HOLD	98,2349	157,6654
2021-08-01	19:00	41587	41810	41510,1	41553,69	LONG	0,00167	5981,87	0,00451	HOLD	98,2349	157,6098
2021-08-01	20:00	41553,69	41624,56	41370,91	41411,08	LONG	0,00167	5981,87	0,00451	HOLD	98,2349	157,3716
2021-08-01	21:00	41411,07	41520	41214,83	41329,36	LONG	0,00167	5981,87	0,00451	HOLD	98,2349	157,2352
2021-08-01	22:00	41329,36	41549,64	41160	41286,98	LONG	0,00167	5981,87	0,00451	HOLD	98,2349	157,1644
2021-08-01	23:00	41286,99	41417,81	40714,28	41256,19	LONG	0,00167	5981,87	0,00451	HOLD	98,2349	157,113
2021-08-02	00:00	41256,19	41342,65	40842,39	41084,75	LONG	0,00167	5981,87	0,00451	HOLD	98,2349	156,8267
2021-08-02	01:00	41084,75	41225	40956,85	41080,73	LONG	0,00167	5981,87	0,00451	HOLD	98,2349	156,82
2021-08-02	02:00	41080,73	41489,07	40600	41263,35	LONG	0,00167	5981,87	0,00451	HOLD	98,2349	157,1249
2021-08-02	03:00	41263,34	41500	41106	41258,65	LONG	0,00167	5981,87	0,00451	HOLD	98,2349	157,1171
2021-08-02	04:00	41258,65	41314,14	40926,09	41068,21	LONG	0,00167	5981,87	0,00451	HOLD	98,2349	156,7991
2021-08-02	05:00	41068,21	41192,6	40000	40268,63	LONG	0,00167	5981,87	0,00451	HOLD	98,2349	155,4638
2021-08-02	06:00	40273,36	40437,51	39422,01	39845,44	LONG	0,00167	5981,87	0,00451	HOLD	98,2349	154,757
2021-08-02	07:00	39850,27	40099,36	39450	39518,73	LONG	0,00167	5981,87	0,00451	HOLD	98,2349	154,2114
2021-08-02	08:00	39518,73	39787,56	39250	39611,59	LONG	0,00167	5981,87	0,00451	HOLD	98,2349	154,3665
2021-08-02	09:00	39611,58	39883,56	39455,01	39784,08	LONG	0,00167	5981,87	0,00451	HOLD	98,2349	154,6546
2021-08-02	10:00	39784,07	39920,57	39683,15	39785,59	LONG	0,00167	5981,87	0,00451	HOLD	98,2349	154,6571
2021-08-02	11:00	39785,6	39866,41	39617,85	39668,73	LONG	0,00167	5981,87	0,00451	HOLD	98,2349	154,4619
2021-08-02	12:00	39668,74	39818,01	39591,51	39723,44	LONG	0,00167	5981,87	0,00451	HOLD	98,2349	154,5533
2021-08-02	13:00	39724,51	40325,68	39629,68	40269	LONG	0,00167	5981,87	0,00451	HOLD	98,2349	155,4644
2021-08-02	14:00	40269,01	40480,01	40012,06	40104,45	LONG	0,00167	5981,87	0,00451	HOLD	98,2349	155,1896
2021-08-02	15:00	40104,45	40171,87	39419,5	39529,8	LONG	0,00167	5981,87	0,00451	HOLD	98,2349	154,2299
2021-08-02	16:00	39529,79	39710	39319	39628,36	LONG	0,00167	5981,87	0,00451	HOLD	98,2349	154,3945
2021-08-02	17:00	39628,4	39837,59	39524,53	39694,47	LONG	0,00167	5981,87	0,00451	HOLD	98,2349	154,5049
2021-08-02	18:00	39701,63	39710	39423	39542,42	LONG	0,00167	5981,87	0,00451	HOLD	98,2349	154,251
2021-08-02	19:00	39542,43	39698,36	38907,51	39271,73	LONG	0,00167	5981,87	0,00451	HOLD	98,2349	153,7989
2021-08-02	20:00	39271,73	39678,71	39138,03	39581,54	LONG	0,00167	5981,87	0,00451	HOLD	98,2349	154,3163
2021-08-02	21:00	39581,42	39765,94	39524,3	39625,19	LONG	0,00167	5981,87	0,00451	HOLD	98,2349	154,3892
2021-08-02	22:00	39625,19	39818,18	39594,04	39705,12	LONG	0,00167	5981,87	0,00451	HOLD	98,2349	154,5227
2021-08-02	23:00	39705,12	39975,96	39586,66	39811,95	LONG	0,00167	5981,87	0,00451	HOLD	98,2349	154,7011
2021-08-03	00:00	39811,95	39889,25	39625,16	39692,98	LONG	0,00167	5981,87	0,00451	HOLD	98,2349	154,5024
2021-08-03	01:00	39693,94	39784	39469	39637,87	LONG	0,00167	5981,87	0,00451	HOLD	98,2349	154,4104
2021-08-03	02:00	39637,87	39783,72	39012,17	39177,85	LONG	0,00167	5981,87	0,00451	HOLD	98,2349	153,6422
2021-08-03	03:00	39177,85	39278,33	38690	38851,84	LONG	0,00167	5981,87	0,00451	HOLD	98,2349	153,0977
2021-08-03	04:00	38851,84	39317,92	38788,55	39202,01	LONG	0,00167	5981,87	0,00451	HOLD	98,2349	153,6825
2021-08-03	05:00	39202,02	39528,55	39161,99	39415,43	LONG	0,00167	5981,87	0,00451	HOLD	98,2349	154,0389
2021-08-03	06:00	39415,42	39545,24	39065,66	39147,82	LONG	0,00167	5981,87	0,00451	HOLD	98,2349	153,592
2021-08-03	07:00	39146,86	39780	38755,56	39327,39	LONG	0,00167	5981,87	0,00451	HOLD	98,2349	153,8919
2021-08-03	08:00	39327,4	39334,9	38785,95	38822,62	LONG	0,00167	5981,87	0,00451	HOLD	98,2349	153,0489
2021-08-03	09:00	38822,63	39087,08	38758,95	38896,03	LONG	0,00167	5981,87	0,00451	HOLD	98,2349	153,1715
2021-08-03	10:00	38896,03	38998,89	38512	38655,74	LONG	0,00167	5981,87	0,00451	HOLD	98,2349	152,7702
2021-08-03	11:00	38658,48	38828,59	38211	38328,01	LONG	0,00167	5981,87	0,00451	HOLD	98,2349	152,2229
2021-08-03	12:00	38328,01	38378,25	37955,52	38254,85	LONG	0,00167	5981,87	0,00451	HOLD	98,2349	152,1007
2021-08-03	13:00	38254,85	38449,97	38199,69	38357,16	LONG	0,00167	5981,87	0,00451	HOLD	98,2349	152,2716
2021-08-03	14:00	38357,16	38665,75	38252,4	38593,44	LONG	0,00167	5981,87	0,00451	HOLD	98,2349	152,6662
2021-08-03	15:00	38593,43	38666	38315	38523,43	LONG	0,00167	5981,87	0,00451	HOLD	98,2349	152,5493
2021-08-03	16:00	38523,43	38646,39	38340	38642,28	LONG	0,00167	5981,87	0,00451	HOLD	98,2349	152,7477
2021-08-03	17:00	38646,44	38809	38478,63	38713,13	LONG	0,00167	5981,87	0,00451	HOLD	98,2349	152,8661
2021-08-03	18:00	38713,14	38748,82	38400	38490,01	LONG	0,00167	5981,87	0,00451	HOLD	98,2349	152,4935
2021-08-03	19:00	38490,02	38538,37	37703,75	38394,77	LONG	0,00167	5981,87	0,00451	HOLD	98,2349	152,3344
2021-08-03	20:00	38394,77	38644,09	38324,63	38469,59	LONG	0,00167	5981,87	0,00451	HOLD	98,2349	152,4594
2021-08-03	21:00	38469,6	38703	38172,9	38253,59	LONG	0,00167	5981,87	0,00451	HOLD	98,2349	152,0986
2021-08-03	22:00	38253,59	38342,32	37924,12	38169,44	LONG	0,00167	5981,87	0,00451	HOLD	98,2349	151,9581
2021-08-03	23:00	38169,45	38470,76	37963,27	38398,51	LONG	0,00167	5981,87	0,00451	HOLD	98,2349	152,3407
2021-08-04	00:00	38398,5	38550,24	38006,4	38006,41	LONG	0,00167	5981,87	0,00451	HOLD	98,2349	151,6858
2021-08-04	01:00	38006,41	38200	37642,03	38194,23	LONG	0,00167	5981,87	0,00451	HOLD	98,2349	151,9995
2021-08-04	02:00	38194,22	38328	37926,91	38011,37	LONG	0,00167	5981,87	0,00451	HOLD	98,2349	151,6941
2021-08-04	03:00	38008,8	38199,89	37870	38079,54	LONG	0,00167	5981,87	0,00451	HOLD	98,2349	151,808
2021-08-04	04:00	38081,43	38419,91	38042,07	38328,37	LONG	0,00167	5981,87	0,00451	HOLD	98,2349	152,2235
2021-08-04	05:00	38325,82	38570,12	38208,76	38344,39	LONG	0,00167	5981,87	0,00451	HOLD	98,2349	152,2503
2021-08-04	06:00	38344,42	38643	38068,31	38207,05	LONG	0,00167	5981,87	0,00451	HOLD	98,2349	152,0209
2021-08-04	07:00	38207,04	38491,71	37968	38406,75	LONG	0,00167	5981,87	0,00451	HOLD	98,2349	152,3544
2021-08-04	08:00	38410,76	38566,82	38326,31	38355,99	LONG	0,00167	5981,87	0,00451	HOLD	98,2349	152,2696
2021-08-04	09:00	38355,99	38425	38050,33	38095,66	LONG	0,00167	5981,87	0,00451	HOLD	98,2349	151,8349
2021-08-04	10:00	38095,67	38145,91	37890,54	37976,81	LONG	0,00167	5981,87	0,00451	HOLD	98,2349	151,6364
2021-08-04	11:00	37976,82	38099,99	37775	37970,66	LONG	0,00167	5981,87	0,00451	HOLD	98,2349	151,6261
2021-08-04	12:00	37970,66	38213,99	37960,43	38005,13	LONG	0,00167	5981,87	0,00451	HOLD	98,2349	151,6837
2021-08-04	13:00	38005,13	38159	37790	37818,1	LONG	0,00167	5981,87	0,00451	HOLD	98,2349	151,3714
2021-08-04	14:00	37820,37	37890,57	37674,18	37828,84	LONG	0,00167	5981,87	0,00451	HOLD	98,2349	151,3893
2021-08-04	15:00	37828,84	37979,64	37508,56	37738,62	LONG	0,00167	5981,87	0,00451	HOLD	98,2349	151,2386
2021-08-04	16:00	37739,7	37875,99	37660	37825,35	LONG	0,00167	5981,87	0,00451	HOLD	98,2349	151,3835
2021-08-04	17:00	37825,35	38120	37731,78	38093,13	LONG	0,00167	5981,87	0,00451	HOLD	98,2349	151,8307
2021-08-04	18:00	38090,4	38260	38033,29	38160,06	LONG	0,00167	5981,87	0,00451	HOLD	98,2349	151,9424
2021-08-04	19:00	38160,06	38933,5	38154,32	38860,28	LONG	0,00167	5981,87	0,00451	HOLD	98,2349	153,1118
2021-08-04	20:00	38860,27	39237,73	38749,99	39013,01	LONG	0,00167	5981,87	0,00451	HOLD	98,2349	153,3669
2021-08-04	21:00	39013,01	39177,54	38850	39119,55	LONG	0,00167	5981,87	0,00451	HOLD	98,2349	153,5448
2021-08-04	22:00	39119,54	39472,47	39119,54	39302	LONG	0,00167	5981,87	0,00451	HOLD	98,2349	153,8495
2021-08-04	23:00	39302	39599	39240,2	39485,73	LONG	0,00167	5981,87	0,00451	HOLD	98,2349	154,1563
2021-08-05	00:00	39485,73	39495	39264,18	39390,21	LONG	0,00167	5981,87	0,00451	HOLD	98,2349	153,9968
2021-08-05	01:00	39390,21	39800	39383,51	39575,1	LONG	0,00167	5981,87	0,00451	HOLD	98,2349	154,3056
2021-08-05	02:00	39575,1	39850	39467,85	39752,17	LONG	0,00167	5981,87	0,00451	HOLD	98,2349	154,6013
2021-08-05	03:00	39752,17	39874	39620	39755,75	LONG	0,00167	5981,87	0,00451	HOLD	98,2349	154,6072
2021-08-05	04:00	39755,74	39969,66	39722,88	39838,38	LONG	0,00167	5981,87	0,00451	HOLD	98,2349	154,7452
2021-08-05	05:00	39837,47	39959	39517,19	39716,29	LONG	0,00167	5981,87	0,00451	HOLD	98,2349	154,5413
2021-08-05	06:00	39716,28	39913,07	39550,02	39723,18	LONG	0,00167	5981,87	0,00451	HOLD	98,2349	154,5529
2021-08-05	07:00	39723,17	39849,61	39533,55	39554,63	LONG	0,00167	5981,87	0,00451	HOLD	98,2349	154,2714
2021-08-05	08:00	39554,64	39600	39167	39491,58	LONG	0,00167	5981,87	0,00451	HOLD	98,2349	154,1661
2021-08-05	09:00	39491,59	39501,87	39207,25	39376,78	LONG	0,00167	5981,87	0,00451	HOLD	98,2349	153,9744
2021-08-05	10:00	39376,06	39562,79	39200	39435,09	LONG	0,00167	5981,87	0,00451	HOLD	98,2349	154,0717
2021-08-05	11:00	39438,06	39530,6	39290,25	39363,64	LONG	0,00167	5981,87	0,00451	HOLD	98,2349	153,9524
2021-08-05	12:00	39363,65	39519,99	39300	39382,64	LONG	0,00167	5981,87	0,00451	HOLD	98,2349	153,9842
2021-08-05	13:00	39382,64	39382,64	39000	39088,18	LONG	0,00167	5981,87	0,00451	HOLD	98,2349	153,4924
2021-08-05	14:00	39088,18	39088,18	38722	38870,59	LONG	0,00167	5981,87	0,00451	HOLD	98,2349	153,129
2021-08-05	15:00	38870,58	38958,64	38434,13	38482,85	LONG	0,00167	5981,87	0,00451	HOLD	98,2349	152,4815
2021-08-05	16:00	38482,86	38616,2	37900	38040,44	LONG	0,00167	5981,87	0,00451	HOLD	98,2349	151,7427
2021-08-05	17:00	38040,45	38252,14	37821	38043,43	LONG	0,00167	5981,87	0,00451	HOLD	98,2349	151,7477
2021-08-05	18:00	38043,43	38233	37940	38008,38	LONG	0,00167	5981,87	0,00451	HOLD	98,2349	151,6891
2021-08-05	19:00	38008,45	38150	37332,7	38037,84	LONG	0,00167	5981,87	0,00451	HOLD	98,2349	151,7383
2021-08-05	20:00	38037,83	38181,81	37666,68	38039,23	LONG	0,00167	5981,87	0,00451	HOLD	98,2349	151,7407
2021-08-05	21:00	38038,67	39048,73	37869,56	39002,78	LONG	0,00167	5981,87	0,00451	HOLD	98,2349	153,3498
2021-08-05	22:00	39005,3	39370	38545,59	38750,01	LONG	0,00167	5981,87	0,00451	HOLD	98,2349	152,9277
2021-08-05	23:00	38750	39779	38737,31	39739,72	LONG	0,00167	5981,87	0,00451	HOLD	98,2349	154,5805
2021-08-06	00:00	39739,72	40723,68	39655,38	40706,99	LONG	0,00167	5981,87	0,00451	HOLD	98,2349	156,1958
2021-08-06	01:00	40707	40987	40337,81	40840	LONG	0,00167	5981,87	0,00451	HOLD	98,2349	156,4179
2021-08-06	02:00	40840,01	41350	40528	40692,24	LONG	0,00167	5981,87	0,00451	HOLD	98,2349	156,1712
2021-08-06	03:00	40692,24	41150	40692,24	40879,99	LONG	0,00167	5981,87	0,00451	HOLD	98,2349	156,4847
2021-08-06	04:00	40879,99	41290,01	40666,1	40911,03	LONG	0,00167	5981,87	0,00451	HOLD	98,2349	156,5366
2021-08-06	05:00	40913,51	41032,45	40750	40927,4	LONG	0,00167	5981,87	0,00451	HOLD	98,2349	156,5639
2021-08-06	06:00	40927,4	41142,95	40763,53	40862,46	LONG	0,00167	5981,87	0,00451	HOLD	98,2349	156,4555
2021-08-06	07:00	40862,46	41015,99	39933,06	40061,99	LONG	0,00167	5981,87	0,00451	HOLD	98,2349	155,1187
2021-08-06	08:00	40061,99	40749,28	39900,39	40596,59	LONG	0,00167	5981,87	0,00451	HOLD	98,2349	156,0114
2021-08-06	09:00	40596,57	40646,78	40203,97	40340,96	LONG	0,00167	5981,87	0,00451	HOLD	98,2349	155,5845
2021-08-06	10:00	40340,96	40604,5	40139,45	40219,47	LONG	0,00167	5981,87	0,00451	HOLD	98,2349	155,3817
2021-08-06	11:00	40219,47	40360	39853,86	40167,99	LONG	0,00167	5981,87	0,00451	HOLD	98,2349	155,2957
2021-08-06	12:00	40167,99	40567,16	40122,03	40554,17	LONG	0,00167	5981,87	0,00451	HOLD	98,2349	155,9406
2021-08-06	13:00	40552,99	41199,99	40453,45	41033,16	LONG	0,00167	5981,87	0,00451	HOLD	98,2349	156,7405
2021-08-06	14:00	41033,16	41110	40706,22	40729,59	LONG	0,00167	5981,87	0,00451	HOLD	98,2349	156,2336
2021-08-06	15:00	40731	41120	40535,04	40943,08	LONG	0,00167	5981,87	0,00451	HOLD	98,2349	156,5901
2021-08-06	16:00	40943,08	40954,02	40551,72	40592,14	LONG	0,00167	5981,87	0,00451	HOLD	98,2349	156,004
2021-08-06	17:00	40592,14	40849,49	40387,77	40684,83	LONG	0,00167	5981,87	0,00451	HOLD	98,2349	156,1588
2021-08-06	18:00	40684,84	40772,22	40487,6	40507,56	LONG	0,00167	5981,87	0,00451	HOLD	98,2349	155,8628
2021-08-06	19:00	40507,56	41065,45	40300	40762,86	LONG	0,00167	5981,87	0,00451	HOLD	98,2349	156,2891
2021-08-06	20:00	40762,87	41025	40700,68	40924,07	LONG	0,00167	5981,87	0,00451	HOLD	98,2349	156,5583
2021-08-06	21:00	40924,08	40973,42	40649,89	40777,2	LONG	0,00167	5981,87	0,00451	HOLD	98,2349	156,3131
2021-08-06	22:00	40777,19	42455,73	40700	42199,98	LONG	0,00167	5981,87	0,00451	HOLD	98,2349	158,6891
2021-08-06	23:00	42199,97	43210,52	42199,97	42519,92	LONG	0,00167	5981,87	0,00451	HOLD	98,2349	159,2234
2021-08-07	00:00	42518,11	43392,43	42459,91	42900,01	LONG	0,00167	5981,87	0,00451	HOLD	98,2349	159,8582
2021-08-07	01:00	42900	42999,48	42646,93	42792,95	LONG	0,00167	5981,87	0,00451	HOLD	98,2349	159,6794
2021-08-07	02:00	42792,95	43009,33	42727,97	42901,17	LONG	0,00167	5981,87	0,00451	HOLD	98,2349	159,8601
2021-08-07	03:00	42901,18	42967,68	42450	42702,82	LONG	0,00167	5981,87	0,00451	HOLD	98,2349	159,5289
2021-08-07	04:00	42702,82	42754	42393,02	42423,87	LONG	0,00167	5981,87	0,00451	HOLD	98,2349	159,063
2021-08-07	05:00	42423,87	42865,2	42423,87	42780,07	LONG	0,00167	5981,87	0,00451	HOLD	98,2349	159,6579
2021-08-07	06:00	42780,07	42913,56	42571,43	42836,87	LONG	0,00167	5981,87	0,00451	HOLD	98,2349	159,7527
2021-08-07	07:00	42836,87	43278	42579,16	43270,2	LONG	0,00167	5981,87	0,00451	HOLD	98,2349	160,4764
2021-08-07	08:00	43270,2	43348,66	42816,45	43170,01	LONG	0,00167	5981,87	0,00451	HOLD	98,2349	160,3091
2021-08-07	09:00	43170,01	43386,11	43064,77	43293,65	LONG	0,00167	5981,87	0,00451	HOLD	98,2349	160,5155
2021-08-07	10:00	43300,21	43770,03	42980,89	43691,86	LONG	0,00167	5981,87	0,00451	HOLD	98,2349	161,1805
2021-08-07	11:00	43691,95	43930,4	43277,99	43295	LONG	0,00167	5981,87	0,00451	HOLD	98,2349	160,5178
2021-08-07	12:00	43295	43643,55	43282,57	43428,16	LONG	0,00167	5981,87	0,00451	HOLD	98,2349	160,7402
2021-08-07	13:00	43428,16	43505,88	43040	43254,46	LONG	0,00167	5981,87	0,00451	HOLD	98,2349	160,4501
2021-08-07	14:00	43254,46	43539,21	43066,75	43207,89	LONG	0,00167	5981,87	0,00451	HOLD	98,2349	160,3723
2021-08-07	15:00	43207,89	43471,29	43110,01	43454,04	LONG	0,00167	5981,87	0,00451	HOLD	98,2349	160,7834
2021-08-07	16:00	43454,04	43816,37	43372,55	43627,18	LONG	0,00167	5981,87	0,00451	HOLD	98,2349	161,0725
2021-08-07	17:00	43627,19	43989,49	43518,58	43658,61	LONG	0,00167	5981,87	0,00451	HOLD	98,2349	161,125
2021-08-07	18:00	43658,61	43859,8	43412	43800,03	LONG	0,00167	5981,87	0,00451	HOLD	98,2349	161,3612
2021-08-07	19:00	43800,03	44555	43351,71	43528,22	LONG	0,00167	5981,87	0,00451	HOLD	98,2349	160,9073
2021-08-07	20:00	43528,22	43766,67	43000	43177,58	LONG	0,00167	5981,87	0,00451	HOLD	98,2349	160,3217
2021-08-07	21:00	43182,89	43638,96	43165,7	43490,01	LONG	0,00167	5981,87	0,00451	HOLD	98,2349	160,8435
2021-08-07	22:00	43490,01	43668,3	43288,3	43370,23	LONG	0,00167	5981,87	0,00451	HOLD	98,2349	160,6434
2021-08-07	23:00	43370,23	43752,6	42446,41	43705,01	LONG	0,00167	5981,87	0,00451	HOLD	98,2349	161,2025
2021-08-08	00:00	43705	43765,08	43207,52	43424,69	LONG	0,00167	5981,87	0,00451	HOLD	98,2349	160,7344
2021-08-08	01:00	43428,72	43638,98	43245,59	43542	LONG	0,00167	5981,87	0,00451	HOLD	98,2349	160,9303
2021-08-08	02:00	43542	44059,21	43412,7	43931,41	LONG	0,00167	5981,87	0,00451	HOLD	98,2349	161,5806
2021-08-08	03:00	43931,41	44146,33	43623,33	43931,07	LONG	0,00167	5981,87	0,00451	HOLD	98,2349	161,58
2021-08-08	04:00	43931,07	44348,09	43470	43510,01	LONG	0,00167	5981,87	0,00451	HOLD	98,2349	160,8769
2021-08-08	05:00	43514,15	44165,45	43501,03	44014,95	LONG	0,00167	5981,87	0,00451	HOLD	98,2349	161,7201
2021-08-08	06:00	44015,55	44700	44015,55	44572,54	LONG	0,00167	5981,87	0,00451	HOLD	98,2349	162,6513
2021-08-08	07:00	44572,54	44776	44136,73	44573,83	LONG	0,00167	5981,87	0,00451	HOLD	98,2349	162,6534
2021-08-08	08:00	44571,24	44607,64	43871,52	44102,86	LONG	0,00167	5981,87	0,00451	HOLD	98,2349	161,8669
2021-08-08	09:00	44102,84	44148	43785	43924,98	LONG	0,00167	5981,87	0,00451	HOLD	98,2349	161,5699
2021-08-08	10:00	43924,98	44355,97	43882,18	44322,42	LONG	0,00167	5981,87	0,00451	HOLD	98,2349	162,2336
2021-08-08	11:00	44322,42	44528	44155,21	44330,43	LONG	0,00167	5981,87	0,00451	HOLD	98,2349	162,247
2021-08-08	12:00	44330,43	44813,77	44180	44746,29	LONG	0,00167	5981,87	0,00451	HOLD	98,2349	162,9414
2021-08-08	13:00	44746,29	45310	44633,83	45027,36	LONG	0,00167	5981,87	0,00451	HOLD	98,2349	163,4108
2021-08-08	14:00	45027,97	45266,17	44725	44804,51	LONG	0,00167	5981,87	0,00451	HOLD	98,2349	163,0387
2021-08-08	15:00	44804,51	45014,45	44405,69	44465,63	LONG	0,00167	5981,87	0,00451	HOLD	98,2349	162,4727
2021-08-08	16:00	44465,64	44888,18	44412,41	44724,17	LONG	0,00167	5981,87	0,00451	HOLD	98,2349	162,9045
2021-08-08	17:00	44724,16	44864,53	44193,19	44371,36	LONG	0,00167	5981,87	0,00451	HOLD	98,2349	162,3153
2021-08-08	18:00	44371,93	44717	44071,82	44452,06	LONG	0,00167	5981,87	0,00451	HOLD	98,2349	162,4501
2021-08-08	19:00	44452,05	45134,89	44357,35	45006,56	LONG	0,00167	5981,87	0,00451	HOLD	98,2349	163,3761
2021-08-08	20:00	45006,56	45198,27	44511,05	44750	LONG	0,00167	5981,87	0,00451	HOLD	98,2349	162,9476
2021-08-08	21:00	44749,99	44854,47	43818	43918,97	LONG	0,00167	5981,87	0,00451	HOLD	98,2349	161,5598
2021-08-08	22:00	43922,19	44190	43737	43984,55	LONG	0,00167	5981,87	0,00451	HOLD	98,2349	161,6693
2021-08-08	23:00	43988,88	44391,35	43581,48	43720,01	LONG	0,00167	5981,87	0,00451	HOLD	98,2349	161,2276
2021-08-09	00:00	43720	43910	43519,51	43674,82	LONG	0,00167	5981,87	0,00451	HOLD	98,2349	161,1521
2021-08-09	01:00	43674,81	43923,5	43396,35	43627,13	LONG	0,00167	5981,87	0,00451	HOLD	98,2349	161,0724
2021-08-09	02:00	43619,54	43884,1	43261	43715,1	LONG	0,00167	5981,87	0,00451	HOLD	98,2349	161,2194
2021-08-09	03:00	43715,1	44270	43541,05	43840,91	LONG	0,00167	5981,87	0,00451	HOLD	98,2349	161,4295
2021-08-09	04:00	43840,91	44260,67	43758,23	44229,2	LONG	0,00167	5981,87	0,00451	HOLD	98,2349	162,0779
2021-08-09	05:00	44229,2	44581	44152,91	44188,37	LONG	0,00167	5981,87	0,00451	HOLD	98,2349	162,0097
2021-08-09	06:00	44188,37	44444	43636,03	43794,37	LONG	0,00167	5981,87	0,00451	HOLD	98,2349	161,3517
2021-08-09	07:00	43794,36	43960,84	43050	43185,8	LONG	0,00167	5981,87	0,00451	HOLD	98,2349	160,3354
2021-08-09	08:00	43185,8	43343,58	42779	43094,78	LONG	0,00167	5981,87	0,00451	HOLD	98,2349	160,1834
2021-08-09	09:00	43094,78	43499,32	43045,41	43472,23	LONG	0,00167	5981,87	0,00451	HOLD	98,2349	160,8138
2021-08-09	10:00	43472,23	43632,14	43273,4	43496,09	LONG	0,00167	5981,87	0,00451	HOLD	98,2349	160,8536
2021-08-09	11:00	43496,09	43600	43234	43580,41	LONG	0,00167	5981,87	0,00451	HOLD	98,2349	160,9944
2021-08-09	12:00	43580,41	43734,02	43372,91	43544,45	LONG	0,00167	5981,87	0,00451	HOLD	98,2349	160,9344
2021-08-09	13:00	43544,46	43651	43263,21	43474	LONG	0,00167	5981,87	0,00451	HOLD	98,2349	160,8167
2021-08-09	14:00	43473,99	43845,39	43360,53	43800,74	LONG	0,00167	5981,87	0,00451	HOLD	98,2349	161,3624
2021-08-09	15:00	43800,74	43900	43600,92	43717,14	LONG	0,00167	5981,87	0,00451	HOLD	98,2349	161,2228
2021-08-09	16:00	43720	45011,63	43656,2	44855,11	LONG	0,00167	5981,87	0,00451	HOLD	98,2349	163,1232
2021-08-09	17:00	44855,11	45700	44744,18	45646,63	LONG	0,00167	5981,87	0,00451	HOLD	98,2349	164,445
2021-08-09	18:00	45646,63	46048,5	45474,37	45930,01	LONG	0,00167	5981,87	0,00451	HOLD	98,2349	164,9183
2021-08-09	19:00	45930,01	46028,79	45544,18	45675,34	LONG	0,00167	5981,87	0,00451	HOLD	98,2349	164,493
2021-08-09	20:00	45675,34	45904,28	45254,11	45396,01	LONG	0,00167	5981,87	0,00451	HOLD	98,2349	164,0265
2021-08-09	21:00	45396	46250	45373,5	45617,54	LONG	0,00167	5981,87	0,00451	HOLD	98,2349	164,3964
2021-08-09	22:00	45617,53	46018	45611,8	45870,75	LONG	0,00167	5981,87	0,00451	HOLD	98,2349	164,8193
2021-08-09	23:00	45870,76	46143,11	45671,24	45889,96	LONG	0,00167	5981,87	0,00451	HOLD	98,2349	164,8514
2021-08-10	00:00	45889,96	46029,19	45767,25	45833,41	LONG	0,00167	5981,87	0,00451	HOLD	98,2349	164,7569
2021-08-10	01:00	45833,4	46454,15	45826,45	46193,99	LONG	0,00167	5981,87	0,00451	HOLD	98,2349	165,3591
2021-08-10	02:00	46193,99	46400	45814,52	45979,85	LONG	0,00167	5981,87	0,00451	HOLD	98,2349	165,0015
2021-08-10	03:00	45981,05	46401,97	45422	45459,36	LONG	0,00167	5981,87	0,00451	HOLD	98,2349	164,1323
2021-08-10	04:00	45459,35	46041,06	44900	45716,07	LONG	0,00167	5981,87	0,00451	HOLD	98,2349	164,561
2021-08-10	05:00	45716,06	46317,29	45676	46243,85	LONG	0,00167	5981,87	0,00451	HOLD	98,2349	165,4424
2021-08-10	06:00	46243,85	46412,99	46050	46253,4	LONG	0,00167	5981,87	0,00451	HOLD	98,2349	165,4583
2021-08-10	07:00	46248,87	46700	45703,43	45966,4	LONG	0,00167	5981,87	0,00451	HOLD	98,2349	164,979
2021-08-10	08:00	45966,39	46099,13	45635,34	46007,02	LONG	0,00167	5981,87	0,00451	HOLD	98,2349	165,0469
2021-08-10	09:00	46008,66	46123,34	45824,2	46084,39	LONG	0,00167	5981,87	0,00451	HOLD	98,2349	165,1761
2021-08-10	10:00	46084,39	46111,87	45629,67	45708,76	LONG	0,00167	5981,87	0,00451	HOLD	98,2349	164,5488
2021-08-10	11:00	45707,12	45850	45450,62	45459,59	LONG	0,00167	5981,87	0,00451	HOLD	98,2349	164,1327
2021-08-10	12:00	45459,58	45777,16	45407,22	45560	LONG	0,00167	5981,87	0,00451	HOLD	98,2349	164,3003
2021-08-10	13:00	45562,45	45706	45360	45553,98	LONG	0,00167	5981,87	0,00451	HOLD	98,2349	164,2903
2021-08-10	14:00	45553,98	46023,92	45300	45948	LONG	0,00167	5981,87	0,00451	HOLD	98,2349	164,9483
2021-08-10	15:00	45948	46167,43	45700	46134,83	LONG	0,00167	5981,87	0,00451	HOLD	98,2349	165,2603
2021-08-10	16:00	46134,83	46171,42	45813,61	45970,47	LONG	0,00167	5981,87	0,00451	HOLD	98,2349	164,9858
2021-08-10	17:00	45970,47	46030	45276,55	45346,37	LONG	0,00167	5981,87	0,00451	HOLD	98,2349	163,9436
2021-08-10	18:00	45346,37	45595,84	45192,79	45345,05	LONG	0,00167	5981,87	0,00451	HOLD	98,2349	163,9414
2021-08-10	19:00	45345,05	45946	45188,22	45914,35	LONG	0,00167	5981,87	0,00451	HOLD	98,2349	164,8921
2021-08-10	20:00	45914,35	46097,99	45333,33	45529,57	LONG	0,00167	5981,87	0,00451	HOLD	98,2349	164,2495
2021-08-10	21:00	45529,57	45666,66	45195,77	45355,07	LONG	0,00167	5981,87	0,00451	HOLD	98,2349	163,9581
2021-08-10	22:00	45355,07	45495,7	44856	45165,73	LONG	0,00167	5981,87	0,00451	HOLD	98,2349	163,6419
2021-08-10	23:00	45161,75	45267,59	44589,46	44793,89	LONG	0,00167	5981,87	0,00451	HOLD	98,2349	163,0209
2021-08-11	00:00	44793,9	45153,4	44781,48	45095,99	LONG	0,00167	5981,87	0,00451	HOLD	98,2349	163,5254
2021-08-11	01:00	45095,99	45375	45011,01	45300,95	LONG	0,00167	5981,87	0,00451	HOLD	98,2349	163,8677
2021-08-11	02:00	45300,95	45565,18	45250	45495,73	LONG	0,00167	5981,87	0,00451	HOLD	98,2349	164,193
2021-08-11	03:00	45495,73	45777,51	45369,99	45626,15	LONG	0,00167	5981,87	0,00451	HOLD	98,2349	164,4108
2021-08-11	04:00	45626,15	45906,54	45424,54	45679,98	LONG	0,00167	5981,87	0,00451	HOLD	98,2349	164,5007
2021-08-11	05:00	45679,97	45877,97	45406,71	45445,05	LONG	0,00167	5981,87	0,00451	HOLD	98,2349	164,1084
2021-08-11	06:00	45445,04	45656,35	45233,9	45584,99	LONG	0,00167	5981,87	0,00451	HOLD	98,2349	164,3421
2021-08-11	07:00	45585	45819,51	45378,41	45731,36	LONG	0,00167	5981,87	0,00451	HOLD	98,2349	164,5865
2021-08-11	08:00	45731,35	45914,14	45575,67	45776,38	LONG	0,00167	5981,87	0,00451	HOLD	98,2349	164,6617
2021-08-11	09:00	45773,06	45996,77	45341,14	45448,01	LONG	0,00167	5981,87	0,00451	HOLD	98,2349	164,1133
2021-08-11	10:00	45448	45650	45382,99	45585,66	LONG	0,00167	5981,87	0,00451	HOLD	98,2349	164,3432
2021-08-11	11:00	45585,66	45789,99	45434,85	45620,32	LONG	0,00167	5981,87	0,00451	HOLD	98,2349	164,4011
2021-08-11	12:00	45620,32	45880,56	45545,13	45800	LONG	0,00167	5981,87	0,00451	HOLD	98,2349	164,7011
2021-08-11	13:00	45800	46250	45799,99	46079,99	LONG	0,00167	5981,87	0,00451	HOLD	98,2349	165,1687
2021-08-11	14:00	46080	46433,67	46079,99	46349,25	LONG	0,00167	5981,87	0,00451	HOLD	98,2349	165,6184
2021-08-11	15:00	46349,26	46571,42	46000,12	46194,32	LONG	0,00167	5981,87	0,00451	HOLD	98,2349	165,3597
2021-08-11	16:00	46194,33	46298,64	46023,45	46108,58	LONG	0,00167	5981,87	0,00451	HOLD	98,2349	165,2165
2021-08-11	17:00	46108,59	46381,85	45875,21	46042,05	LONG	0,00167	5981,87	0,00451	HOLD	98,2349	165,1054
2021-08-11	18:00	46042,05	46249,97	45850	45924,08	LONG	0,00167	5981,87	0,00451	HOLD	98,2349	164,9084
2021-08-11	19:00	45922,33	46136,35	45800	45980,33	LONG	0,00167	5981,87	0,00451	HOLD	98,2349	165,0023
2021-08-11	20:00	45980,32	46500	45907,99	46268,63	LONG	0,00167	5981,87	0,00451	HOLD	98,2349	165,4838
2021-08-11	21:00	46268,63	46659,77	46142,26	46490,01	LONG	0,00167	5981,87	0,00451	HOLD	98,2349	165,8535
2021-08-11	22:00	46490	46743,47	46317,81	46456,02	LONG	0,00167	5981,87	0,00451	HOLD	98,2349	165,7967
2021-08-11	23:00	46456,91	46576,52	46205,37	46347,78	LONG	0,00167	5981,87	0,00451	HOLD	98,2349	165,6159
2021-08-12	00:00	46347,78	46605,84	46262,87	46522,11	LONG	0,00167	5981,87	0,00451	HOLD	98,2349	165,9071
2021-08-12	01:00	46522,14	46607,94	46270,01	46302,83	LONG	0,00167	5981,87	0,00451	HOLD	98,2349	165,5409
2021-08-12	02:00	46302,83	46485,29	46212	46448	LONG	0,00167	5981,87	0,00451	HOLD	98,2349	165,7833
2021-08-12	03:00	46448,01	46680	46307,2	46319,74	LONG	0,00167	5981,87	0,00451	HOLD	98,2349	165,5691
2021-08-12	04:00	46319,73	46388,62	45900,12	46334,58	LONG	0,00167	5981,87	0,00451	HOLD	98,2349	165,5939
2021-08-12	05:00	46334,57	46347,66	45550	45756,69	LONG	0,00167	5981,87	0,00451	HOLD	98,2349	164,6288
2021-08-12	06:00	45756,68	45914	45510,66	45511	LONG	0,00167	5981,87	0,00451	HOLD	98,2349	164,2185
2021-08-12	07:00	45510,67	45880	45392,44	45761,74	LONG	0,00167	5981,87	0,00451	HOLD	98,2349	164,6372
2021-08-12	08:00	45761,73	46169,69	45638,53	46000	LONG	0,00167	5981,87	0,00451	HOLD	98,2349	165,0351
2021-08-12	09:00	45999,99	46213,96	45915,29	46213,96	LONG	0,00167	5981,87	0,00451	HOLD	98,2349	165,3925
2021-08-12	10:00	46214,02	46218,12	45901,61	45927	LONG	0,00167	5981,87	0,00451	HOLD	98,2349	164,9132
2021-08-12	11:00	45927	46016,57	45522,44	45588,95	LONG	0,00167	5981,87	0,00451	HOLD	98,2349	164,3487
2021-08-12	12:00	45588,95	45624,13	44833,4	45150,57	LONG	0,00167	5981,87	0,00451	HOLD	98,2349	163,6166
2021-08-12	13:00	45150,57	45237,28	44850	45230,01	LONG	0,00167	5981,87	0,00451	HOLD	98,2349	163,7493
2021-08-12	14:00	45230,01	45388	44999	45243,61	LONG	0,00167	5981,87	0,00451	HOLD	98,2349	163,772
2021-08-12	15:00	45243,61	45391,06	45109,37	45230,5	LONG	0,00167	5981,87	0,00451	HOLD	98,2349	163,7501
2021-08-12	16:00	45230,49	45580	44844,72	45349,19	LONG	0,00167	5981,87	0,00451	HOLD	98,2349	163,9483
2021-08-12	17:00	45349,19	45662,74	45317,51	45345	LONG	0,00167	5981,87	0,00451	HOLD	98,2349	163,9413
2021-08-12	18:00	45344,99	45435,34	44600	44752,56	LONG	0,00167	5981,87	0,00451	HOLD	98,2349	162,9519
2021-08-12	19:00	44752,56	44968,29	44255,99	44602,55	LONG	0,00167	5981,87	0,00451	HOLD	98,2349	162,7014
2021-08-12	20:00	44602,54	44742,76	44444,32	44456,21	LONG	0,00167	5981,87	0,00451	HOLD	98,2349	162,457
2021-08-12	21:00	44456,21	44522,63	43920	44137,17	LONG	0,00167	5981,87	0,00451	HOLD	98,2349	161,9242
2021-08-12	22:00	44133	44339,99	44066	44196,19	LONG	0,00167	5981,87	0,00451	HOLD	98,2349	162,0228
2021-08-12	23:00	44196,19	44349,49	43770	43999,41	LONG	0,00167	5981,87	0,00451	HOLD	98,2349	161,6942
2021-08-13	00:00	43999,4	44279,38	43860,82	44120	LONG	0,00167	5981,87	0,00451	HOLD	98,2349	161,8955
2021-08-13	01:00	44120	44512,2	44108,78	44423,82	LONG	0,00167	5981,87	0,00451	HOLD	98,2349	162,4029
2021-08-13	02:00	44423,81	44482,72	44260	44371,32	LONG	0,00167	5981,87	0,00451	HOLD	98,2349	162,3152
2021-08-13	03:00	44371,8	44549,99	44084	44474,97	LONG	0,00167	5981,87	0,00451	HOLD	98,2349	162,4883
2021-08-13	04:00	44474,96	44538	44142	44242,13	LONG	0,00167	5981,87	0,00451	HOLD	98,2349	162,0995
2021-08-13	05:00	44242,13	44295,38	43855,88	43954,59	LONG	0,00167	5981,87	0,00451	HOLD	98,2349	161,6193
2021-08-13	06:00	43954,42	44535,99	43948,38	44399	LONG	0,00167	5981,87	0,00451	HOLD	98,2349	162,3615
2021-08-13	07:00	44400,06	44675,69	44217,39	44493,69	LONG	0,00167	5981,87	0,00451	HOLD	98,2349	162,5196
2021-08-13	08:00	44493,69	44922	44455	44847,26	LONG	0,00167	5981,87	0,00451	HOLD	98,2349	163,1101
2021-08-13	13:00	44847,27	45949,01	44847,27	45833,34	LONG	0,00167	5981,87	0,00451	HOLD	98,2349	164,7568
2021-08-13	14:00	45833,35	46336	45833,34	46103,51	LONG	0,00167	5981,87	0,00451	HOLD	98,2349	165,208
2021-08-13	15:00	46103,5	46323,62	45959,9	46161,01	LONG	0,00167	5981,87	0,00451	HOLD	98,2349	165,304
2021-08-13	16:00	46161,01	46449,82	46132,39	46216,18	LONG	0,00167	5981,87	0,00451	HOLD	98,2349	165,3962
2021-08-13	17:00	46216,83	46474,34	46216,83	46293,25	LONG	0,00167	5981,87	0,00451	HOLD	98,2349	165,5249
2021-08-13	18:00	46293,25	46537,15	46111	46138,47	LONG	0,00167	5981,87	0,00451	HOLD	98,2349	165,2664
2021-08-13	19:00	46138,46	46643	46128,18	46524,98	LONG	0,00167	5981,87	0,00451	HOLD	98,2349	165,9119
2021-08-13	20:00	46524,97	46666	46406	46529,99	LONG	0,00167	5981,87	0,00451	HOLD	98,2349	165,9202
2021-08-13	21:00	46529,99	46630	46243,36	46432,47	LONG	0,00167	5981,87	0,00451	HOLD	98,2349	165,7574
2021-08-13	22:00	46438,37	46530,88	46150	46357,15	LONG	0,00167	5981,87	0,00451	HOLD	98,2349	165,6316
2021-08-13	23:00	46357,15	46544,43	46222,31	46533	LONG	0,00167	5981,87	0,00451	HOLD	98,2349	165,9253
2021-08-14	00:00	46533	46622,21	46396,11	46490,81	LONG	0,00167	5981,87	0,00451	HOLD	98,2349	165,8548
2021-08-14	01:00	46490,8	46630	46301	46510,58	LONG	0,00167	5981,87	0,00451	HOLD	98,2349	165,8878
2021-08-14	02:00	46510,58	46532,03	46257	46459,86	LONG	0,00167	5981,87	0,00451	HOLD	98,2349	165,8031
2021-08-14	03:00	46459,86	47886	46390	47588	LONG	0,00167	5981,87	0,00451	HOLD	98,2349	167,6871
2021-08-14	04:00	47584,63	47816,47	47502,68	47556,76	LONG	0,00167	5981,87	0,00451	HOLD	98,2349	167,6349
2021-08-14	05:00	47556,76	47660,4	47479,06	47549,87	LONG	0,00167	5981,87	0,00451	HOLD	98,2349	167,6234
2021-08-14	06:00	47549,88	47835,73	47511,32	47800	LONG	0,00167	5981,87	0,00451	HOLD	98,2349	168,0411
2021-08-14	07:00	47799,99	47834,12	47490,15	47631,85	LONG	0,00167	5981,87	0,00451	HOLD	98,2349	167,7603
2021-08-14	08:00	47631,86	47758,18	47551,35	47557,16	LONG	0,00167	5981,87	0,00451	HOLD	98,2349	167,6356
2021-08-14	09:00	47557,16	47639,14	47382	47540,79	LONG	0,00167	5981,87	0,00451	HOLD	98,2349	167,6083
2021-08-14	10:00	47542,07	47594,46	47417,85	47540	LONG	0,00167	5981,87	0,00451	HOLD	98,2349	167,6069
2021-08-14	11:00	47540	47676,86	47431,34	47456,66	LONG	0,00167	5981,87	0,00451	HOLD	98,2349	167,4678
2021-08-14	12:00	47456,66	47576,39	47430	47524,06	LONG	0,00167	5981,87	0,00451	HOLD	98,2349	167,5803
2021-08-14	13:00	47524,06	47673,87	47494,35	47508,36	LONG	0,00167	5981,87	0,00451	HOLD	98,2349	167,5541
2021-08-14	14:00	47508,35	47722,98	47477	47616,12	LONG	0,00167	5981,87	0,00451	HOLD	98,2349	167,7341
2021-08-14	15:00	47616,12	47699,99	47510,25	47595,92	LONG	0,00167	5981,87	0,00451	HOLD	98,2349	167,7003
2021-08-14	16:00	47595,92	48144	46704,6	46993,74	LONG	0,00167	5981,87	0,00451	HOLD	98,2349	166,6947
2021-08-14	17:00	46993,73	47267,31	46108	46308,15	LONG	0,00167	5981,87	0,00451	HOLD	98,2349	165,5498
2021-08-14	18:00	46308,15	46571,74	45971,03	46569,99	LONG	0,00167	5981,87	0,00451	HOLD	98,2349	165,987
2021-08-14	19:00	46570,54	46584,75	46250	46269,35	LONG	0,00167	5981,87	0,00451	HOLD	98,2349	165,485
2021-08-14	20:00	46266,38	46510,14	46100	46502	LONG	0,00167	5981,87	0,00451	HOLD	98,2349	165,8735
2021-08-14	21:00	46502,01	46950	46440	46900	LONG	0,00167	5981,87	0,00451	HOLD	98,2349	166,5381
2021-08-14	22:00	46899,99	46950	46539,94	46944,47	LONG	0,00167	5981,87	0,00451	HOLD	98,2349	166,6124
2021-08-14	23:00	46944,47	46985,19	46654,97	46857,88	LONG	0,00167	5981,87	0,00451	HOLD	98,2349	166,4678
2021-08-15	00:00	46857,89	46870,7	46568,21	46775,87	LONG	0,00167	5981,87	0,00451	HOLD	98,2349	166,3308
2021-08-15	01:00	46775,88	46873,9	46668,2	46727,56	LONG	0,00167	5981,87	0,00451	HOLD	98,2349	166,2502
2021-08-15	02:00	46725,2	47374,67	46652,03	47033,76	LONG	0,00167	5981,87	0,00451	HOLD	98,2349	166,7615
2021-08-15	03:00	47033,77	47047,14	46331,28	46620,55	LONG	0,00167	5981,87	0,00451	HOLD	98,2349	166,0715
2021-08-15	04:00	46620,55	47068,43	46613,91	47017,45	LONG	0,00167	5981,87	0,00451	HOLD	98,2349	166,7343
2021-08-15	05:00	47017,45	47213,88	46827,25	46848,82	LONG	0,00167	5981,87	0,00451	HOLD	98,2349	166,4527
2021-08-15	06:00	46848,82	47189,98	46830,62	47068,51	LONG	0,00167	5981,87	0,00451	HOLD	98,2349	166,8196
2021-08-15	07:00	47068,5	47242,24	46907,28	47195,9	LONG	0,00167	5981,87	0,00451	HOLD	98,2349	167,0323
2021-08-15	08:00	47195,9	47372,27	47058,44	47137,8	LONG	0,00167	5981,87	0,00451	HOLD	98,2349	166,9353
2021-08-15	09:00	47137,8	47329,92	47120,12	47182,21	LONG	0,00167	5981,87	0,00451	HOLD	98,2349	167,0094
2021-08-15	10:00	47182,2	47269,51	46802	46874,81	LONG	0,00167	5981,87	0,00451	HOLD	98,2349	166,4961
2021-08-15	11:00	46877,72	46888	46450	46721,99	LONG	0,00167	5981,87	0,00451	HOLD	98,2349	166,2409
2021-08-15	12:00	46721,99	46880	46501	46622,09	LONG	0,00167	5981,87	0,00451	HOLD	98,2349	166,074
2021-08-15	13:00	46617,7	46773,13	46280	46406,29	LONG	0,00167	5981,87	0,00451	HOLD	98,2349	165,7136
2021-08-15	14:00	46406,29	46461,97	45519	45742,92	LONG	0,00167	5981,87	0,00451	HOLD	98,2349	164,6058
2021-08-15	15:00	45738,34	45918,88	45555,55	45732,93	LONG	0,00167	5981,87	0,00451	HOLD	98,2349	164,5891
2021-08-15	16:00	45732,94	46167,26	45640	46027,35	LONG	0,00167	5981,87	0,00451	HOLD	98,2349	165,0808
2021-08-15	17:00	46027,34	46142,97	45800	45929,98	LONG	0,00167	5981,87	0,00451	HOLD	98,2349	164,9182
2021-08-15	18:00	45929,98	46120	45650,16	45923,57	LONG	0,00167	5981,87	0,00451	HOLD	98,2349	164,9075
2021-08-15	19:00	45923,57	46070	45700,44	45808	LONG	0,00167	5981,87	0,00451	HOLD	98,2349	164,7145
2021-08-15	20:00	45808	46070	45500	46050	LONG	0,00167	5981,87	0,00451	HOLD	98,2349	165,1186
2021-08-15	21:00	46049,99	46498,89	45759,91	45862,84	LONG	0,00167	5981,87	0,00451	HOLD	98,2349	164,8061
2021-08-15	22:00	45862,84	46199,5	45810,73	46167,9	LONG	0,00167	5981,87	0,00451	HOLD	98,2349	165,3155
2021-08-15	23:00	46173,49	46349,08	45859,66	45890,47	LONG	0,00167	5981,87	0,00451	HOLD	98,2349	164,8522
2021-08-16	00:00	45890,46	46072,46	45649,82	45973,9	LONG	0,00167	5981,87	0,00451	HOLD	98,2349	164,9916
2021-08-16	01:00	45973,9	46299	45835,76	46281,82	LONG	0,00167	5981,87	0,00451	HOLD	98,2349	165,5058
2021-08-16	02:00	46281,82	46428,21	46070,52	46341,8	LONG	0,00167	5981,87	0,00451	HOLD	98,2349	165,6059
2021-08-16	03:00	46337,77	46735,63	46254,24	46676,3	LONG	0,00167	5981,87	0,00451	HOLD	98,2349	166,1646
2021-08-16	04:00	46676,31	46980	46450	46837,56	LONG	0,00167	5981,87	0,00451	HOLD	98,2349	166,4339
2021-08-16	05:00	46837,57	47255	46835	47210,67	LONG	0,00167	5981,87	0,00451	HOLD	98,2349	167,057
2021-08-16	06:00	47210,67	47299,15	46856,37	46973,82	LONG	0,00167	5981,87	0,00451	HOLD	98,2349	166,6614
2021-08-16	07:00	46973,82	47800	46741,44	47546,67	LONG	0,00167	5981,87	0,00451	HOLD	98,2349	167,6181
2021-08-16	08:00	47546,68	47692,19	47464,72	47634,64	LONG	0,00167	5981,87	0,00451	HOLD	98,2349	167,765
2021-08-16	09:00	47634,64	48002	47541	47993,82	LONG	0,00167	5981,87	0,00451	HOLD	98,2349	168,3648
2021-08-16	10:00	47993,81	48053,83	47291,44	47357,62	LONG	0,00167	5981,87	0,00451	HOLD	98,2349	167,3024
2021-08-16	11:00	47357,62	47575	47351,32	47396,06	LONG	0,00167	5981,87	0,00451	HOLD	98,2349	167,3666
2021-08-16	12:00	47396,07	47624,2	47385,9	47612	LONG	0,00167	5981,87	0,00451	HOLD	98,2349	167,7272
2021-08-16	13:00	47612,01	47719,3	47182,35	47344,74	LONG	0,00167	5981,87	0,00451	HOLD	98,2349	167,2809
2021-08-16	14:00	47344,73	47500	47289,08	47309,85	LONG	0,00167	5981,87	0,00451	HOLD	98,2349	167,2226
2021-08-16	15:00	47309,85	47420	47000	47131,01	LONG	0,00167	5981,87	0,00451	HOLD	98,2349	166,9239
2021-08-16	16:00	47131,01	47222,81	47031,98	47169,98	LONG	0,00167	5981,87	0,00451	HOLD	98,2349	166,989
2021-08-16	17:00	47169,99	47534	47161,05	47421,57	LONG	0,00167	5981,87	0,00451	HOLD	98,2349	167,4092
2021-08-16	18:00	47421,58	47661,38	47370	47516,95	LONG	0,00167	5981,87	0,00451	HOLD	98,2349	167,5684
2021-08-16	19:00	47516,95	47709,12	47157,61	47304,68	LONG	0,00167	5981,87	0,00451	HOLD	98,2349	167,214
2021-08-16	20:00	47304,68	47368,94	46318,98	46440,28	LONG	0,00167	5981,87	0,00451	HOLD	98,2349	165,7704
2021-08-16	21:00	46440,27	46604,68	46080	46101,6	LONG	0,00167	5981,87	0,00451	HOLD	98,2349	165,2048
2021-08-16	22:00	46101,59	46465	45951,73	46344,03	LONG	0,00167	5981,87	0,00451	HOLD	98,2349	165,6097
2021-08-16	23:00	46344,03	46582,89	46205,34	46438,2	LONG	0,00167	5981,87	0,00451	HOLD	98,2349	165,7669
2021-08-17	00:00	46438,23	46541	46175,01	46473,51	LONG	0,00167	5981,87	0,00451	HOLD	98,2349	165,8259
2021-08-17	01:00	46473,51	46666	46365,25	46481,53	LONG	0,00167	5981,87	0,00451	HOLD	98,2349	165,8393
2021-08-17	02:00	46481,52	46481,53	46067,51	46092,99	LONG	0,00167	5981,87	0,00451	HOLD	98,2349	165,1904
2021-08-17	03:00	46092,98	46119,09	45660	46057,67	LONG	0,00167	5981,87	0,00451	HOLD	98,2349	165,1315
2021-08-17	04:00	46057,67	46246,11	45879,9	46049,97	LONG	0,00167	5981,87	0,00451	HOLD	98,2349	165,1186
2021-08-17	05:00	46049,98	46337,62	45980,57	46121,11	LONG	0,00167	5981,87	0,00451	HOLD	98,2349	165,2374
2021-08-17	06:00	46121,1	46196,97	45716,87	45901,29	LONG	0,00167	5981,87	0,00451	HOLD	98,2349	164,8703
2021-08-17	07:00	45901,3	46084,74	45239,45	45757,1	LONG	0,00167	5981,87	0,00451	HOLD	98,2349	164,6295
2021-08-17	08:00	45757,1	46370	45715,02	46285,46	LONG	0,00167	5981,87	0,00451	HOLD	98,2349	165,5119
2021-08-17	09:00	46285,45	46470,27	46143,9	46447,28	LONG	0,00167	5981,87	0,00451	HOLD	98,2349	165,7821
2021-08-17	10:00	46447,28	46620	46330,95	46417	LONG	0,00167	5981,87	0,00451	HOLD	98,2349	165,7315
2021-08-17	11:00	46417	46600	46252,36	46376,43	LONG	0,00167	5981,87	0,00451	HOLD	98,2349	165,6638
2021-08-17	12:00	46376,44	46473,42	46020,04	46041,81	LONG	0,00167	5981,87	0,00451	HOLD	98,2349	165,105
2021-08-17	13:00	46041,81	46118,45	45735	45755,66	LONG	0,00167	5981,87	0,00451	HOLD	98,2349	164,6271
2021-08-17	14:00	45755,66	46010	45636,97	45947,49	LONG	0,00167	5981,87	0,00451	HOLD	98,2349	164,9475
2021-08-17	15:00	45947,49	46365,71	45885,01	46188	LONG	0,00167	5981,87	0,00451	HOLD	98,2349	165,3491
2021-08-17	16:00	46187,99	46882,22	46170	46843,53	LONG	0,00167	5981,87	0,00451	HOLD	98,2349	166,4438
2021-08-17	17:00	46843,52	46971,99	46586,97	46622,09	LONG	0,00167	5981,87	0,00451	HOLD	98,2349	166,074
2021-08-17	18:00	46622,1	47160	46622,09	46849,43	LONG	0,00167	5981,87	0,00451	HOLD	98,2349	166,4537
2021-08-17	19:00	46845,15	47082,6	46650	46655,24	LONG	0,00167	5981,87	0,00451	HOLD	98,2349	166,1294
2021-08-17	20:00	46655,23	46799,99	46280	46373,51	LONG	0,00167	5981,87	0,00451	HOLD	98,2349	165,6589
2021-08-17	21:00	46373,51	46460	45868,23	45948,44	LONG	0,00167	5981,87	0,00451	HOLD	98,2349	164,949
2021-08-17	22:00	45948,45	46045,77	45659	45730	LONG	0,00167	5981,87	0,00451	HOLD	98,2349	164,5842
2021-08-17	23:00	45730	46114,59	45532,33	45654,99	LONG	0,00167	5981,87	0,00451	HOLD	98,2349	164,459
2021-08-18	00:00	45654,98	45941,61	45543	45800,62	LONG	0,00167	5981,87	0,00451	HOLD	98,2349	164,7022
2021-08-18	01:00	45800,62	46222,4	45636,22	45760,53	LONG	0,00167	5981,87	0,00451	HOLD	98,2349	164,6352
2021-08-18	02:00	45760,54	45798,75	45287,55	45465,01	LONG	0,00167	5981,87	0,00451	HOLD	98,2349	164,1417
2021-08-18	03:00	45465,01	45543,44	44537,03	44999,01	LONG	0,00167	5981,87	0,00451	HOLD	98,2349	163,3635
2021-08-18	04:00	44999,01	45046,51	44675	44777,14	LONG	0,00167	5981,87	0,00451	HOLD	98,2349	162,993
2021-08-18	05:00	44777,14	44974,32	44376	44927,48	LONG	0,00167	5981,87	0,00451	HOLD	98,2349	163,244
2021-08-18	06:00	44927,48	44941,09	44558,13	44695,95	LONG	0,00167	5981,87	0,00451	HOLD	98,2349	162,8574
2021-08-18	07:00	44695,95	45031,56	44459,49	44820	LONG	0,00167	5981,87	0,00451	HOLD	98,2349	163,0645
2021-08-18	08:00	44819,99	45135,4	44203,28	45119,99	LONG	0,00167	5981,87	0,00451	HOLD	98,2349	163,5655
2021-08-18	09:00	45120	45135,18	44278,18	44940,01	LONG	0,00167	5981,87	0,00451	HOLD	98,2349	163,265
2021-08-18	10:00	44940,01	45067,91	44608,7	45055,78	LONG	0,00167	5981,87	0,00451	HOLD	98,2349	163,4583
2021-08-18	11:00	45055,78	45281,87	44861	45074,04	LONG	0,00167	5981,87	0,00451	HOLD	98,2349	163,4888
2021-08-18	12:00	45074,03	45440	45007	45440	LONG	0,00167	5981,87	0,00451	HOLD	98,2349	164,0999
2021-08-18	13:00	45439,99	45500	45222,01	45395,89	LONG	0,00167	5981,87	0,00451	HOLD	98,2349	164,0263
2021-08-18	14:00	45395,9	45436,57	44853,8	44951,32	LONG	0,00167	5981,87	0,00451	HOLD	98,2349	163,2838
2021-08-18	15:00	44951,31	45279,92	44859,55	45251,83	LONG	0,00167	5981,87	0,00451	HOLD	98,2349	163,7857
2021-08-18	16:00	45251,82	45462,71	45122,01	45373,42	LONG	0,00167	5981,87	0,00451	HOLD	98,2349	163,9888
2021-08-18	17:00	45373,42	45560	45108,03	45180,35	LONG	0,00167	5981,87	0,00451	HOLD	98,2349	163,6663
2021-08-18	18:00	45180,35	45421,02	44650	44746,59	LONG	0,00167	5981,87	0,00451	HOLD	98,2349	162,9419
2021-08-18	19:00	44746,6	45103,44	44650,01	44995,7	LONG	0,00167	5981,87	0,00451	HOLD	98,2349	163,358
2021-08-18	20:00	44995,7	45400	44995,69	45250	LONG	0,00167	5981,87	0,00451	HOLD	98,2349	163,7826
2021-08-18	21:00	45250	45493,51	45144,27	45402,08	LONG	0,00167	5981,87	0,00451	HOLD	98,2349	164,0366
2021-08-18	22:00	45402,08	45833	45185	45820	LONG	0,00167	5981,87	0,00451	HOLD	98,2349	164,7345
2021-08-18	23:00	45820	45969,99	45593,22	45878,42	LONG	0,00167	5981,87	0,00451	HOLD	98,2349	164,8321
2021-08-19	00:00	45878,42	45920	45730,09	45813,89	LONG	0,00167	5981,87	0,00451	HOLD	98,2349	164,7243
2021-08-19	01:00	45813,9	46000	45350	45401,4	LONG	0,00167	5981,87	0,00451	HOLD	98,2349	164,0355
2021-08-19	02:00	45401,4	45510,47	44772,65	44901,12	LONG	0,00167	5981,87	0,00451	HOLD	98,2349	163,2
2021-08-19	03:00	44901,11	44990,97	44500	44525,26	LONG	0,00167	5981,87	0,00451	HOLD	98,2349	162,5723
2021-08-19	04:00	44525,27	44780,52	44401	44577,95	LONG	0,00167	5981,87	0,00451	HOLD	98,2349	162,6603
2021-08-19	05:00	44577,95	44907,4	44500	44862,13	LONG	0,00167	5981,87	0,00451	HOLD	98,2349	163,1349
2021-08-19	06:00	44862,14	45192,89	44683,39	44705,29	LONG	0,00167	5981,87	0,00451	HOLD	98,2349	162,873
2021-08-19	07:00	44699,37	45078,78	44480,58	45042,66	LONG	0,00167	5981,87	0,00451	HOLD	98,2349	163,4364
2021-08-19	08:00	45042,66	45234,56	44863,16	44955,07	LONG	0,00167	5981,87	0,00451	HOLD	98,2349	163,2901
2021-08-19	09:00	44959,96	44959,96	44581,34	44590,84	LONG	0,00167	5981,87	0,00451	HOLD	98,2349	162,6818
2021-08-19	10:00	44590,83	44613,36	44044,65	44046,97	LONG	0,00167	5981,87	0,00451	HOLD	98,2349	161,7736
2021-08-19	11:00	44046,97	44324,92	43927,7	44132,07	LONG	0,00167	5981,87	0,00451	HOLD	98,2349	161,9157
2021-08-19	12:00	44132,07	44493,38	44040,82	44403,35	LONG	0,00167	5981,87	0,00451	HOLD	98,2349	162,3687
2021-08-19	13:00	44403,36	44522,37	44207,48	44380,61	LONG	0,00167	5981,87	0,00451	HOLD	98,2349	162,3308
2021-08-19	14:00	44380,6	44660,9	44216	44660,01	LONG	0,00167	5981,87	0,00451	HOLD	98,2349	162,7974
2021-08-19	15:00	44660,01	45000	44338,67	44705,55	LONG	0,00167	5981,87	0,00451	HOLD	98,2349	162,8734
2021-08-19	16:00	44705,54	44866,14	44600,85	44756,8	LONG	0,00167	5981,87	0,00451	HOLD	98,2349	162,959
2021-08-19	17:00	44756,79	44861,13	44350	44360,01	LONG	0,00167	5981,87	0,00451	HOLD	98,2349	162,2964
2021-08-19	18:00	44360	44487,81	44175,47	44215,25	LONG	0,00167	5981,87	0,00451	HOLD	98,2349	162,0546
2021-08-19	19:00	44215,24	44613,62	44123,65	44577,56	LONG	0,00167	5981,87	0,00451	HOLD	98,2349	162,6597
2021-08-19	20:00	44577,56	44998	44391,55	44982,88	LONG	0,00167	5981,87	0,00451	HOLD	98,2349	163,3366
2021-08-19	21:00	44982,89	45480	44982,89	45448,27	LONG	0,00167	5981,87	0,00451	HOLD	98,2349	164,1138
2021-08-19	22:00	45448,28	45800	45448,27	45779,58	LONG	0,00167	5981,87	0,00451	HOLD	98,2349	164,667
2021-08-19	23:00	45779,59	45951,33	45585	45603,2	LONG	0,00167	5981,87	0,00451	HOLD	98,2349	164,3725
2021-08-20	00:00	45603,19	45800	45405,86	45730,21	LONG	0,00167	5981,87	0,00451	HOLD	98,2349	164,5846
2021-08-20	01:00	45730,22	46757,01	45674,46	46562,83	LONG	0,00167	5981,87	0,00451	HOLD	98,2349	165,9751
2021-08-20	02:00	46562,83	46751,14	46492,85	46710	LONG	0,00167	5981,87	0,00451	HOLD	98,2349	166,2208
2021-08-20	03:00	46710	46877,1	46433,88	46591,72	LONG	0,00167	5981,87	0,00451	HOLD	98,2349	166,0233
2021-08-20	04:00	46591,72	46710,11	46488,02	46606,99	LONG	0,00167	5981,87	0,00451	HOLD	98,2349	166,0488
2021-08-20	05:00	46607	46808,71	46340,12	46804,84	LONG	0,00167	5981,87	0,00451	HOLD	98,2349	166,3792
2021-08-20	06:00	46804,84	47033	46502,62	46760,62	LONG	0,00167	5981,87	0,00451	HOLD	98,2349	166,3054
2021-08-20	07:00	46760,62	47390	46622,99	47140,45	LONG	0,00167	5981,87	0,00451	HOLD	98,2349	166,9397
2021-08-20	08:00	47140,45	47305,01	46913,65	47193,51	LONG	0,00167	5981,87	0,00451	HOLD	98,2349	167,0283
2021-08-20	09:00	47193,52	47309,92	47067,31	47151,65	LONG	0,00167	5981,87	0,00451	HOLD	98,2349	166,9584
2021-08-20	10:00	47151,65	47193,53	46947,21	47054,74	LONG	0,00167	5981,87	0,00451	HOLD	98,2349	166,7966
2021-08-20	11:00	47054,75	47215,3	46986,82	47114,99	LONG	0,00167	5981,87	0,00451	HOLD	98,2349	166,8972
2021-08-20	12:00	47115	47200	46827	47163,29	LONG	0,00167	5981,87	0,00451	HOLD	98,2349	166,9778
2021-08-20	13:00	47163,29	47246,39	47001,02	47172,03	LONG	0,00167	5981,87	0,00451	HOLD	98,2349	166,9924
2021-08-20	14:00	47172,04	47199,42	46700,24	46833,48	LONG	0,00167	5981,87	0,00451	HOLD	98,2349	166,4271
2021-08-20	15:00	46833,48	47004,99	46720	46916,8	LONG	0,00167	5981,87	0,00451	HOLD	98,2349	166,5662
2021-08-20	16:00	46916,8	47330	46894,4	47209,33	LONG	0,00167	5981,87	0,00451	HOLD	98,2349	167,0547
2021-08-20	17:00	47209,33	47357,67	47134,82	47235	LONG	0,00167	5981,87	0,00451	HOLD	98,2349	167,0976
2021-08-20	18:00	47235,01	47235,01	46865,74	46922,34	LONG	0,00167	5981,87	0,00451	HOLD	98,2349	166,5755
2021-08-20	19:00	46922,34	47197,97	46888,19	47164,32	LONG	0,00167	5981,87	0,00451	HOLD	98,2349	166,9796
2021-08-20	20:00	47164,31	47812	47107,12	47788,79	LONG	0,00167	5981,87	0,00451	HOLD	98,2349	168,0224
2021-08-20	21:00	47788,79	48594,82	47643,77	48550,53	LONG	0,00167	5981,87	0,00451	HOLD	98,2349	169,2945
2021-08-20	22:00	48550,52	48720,29	48206,36	48718,38	LONG	0,00167	5981,87	0,00451	HOLD	98,2349	169,5748
2021-08-20	23:00	48718,38	49096,34	48500	48758,07	LONG	0,00167	5981,87	0,00451	HOLD	98,2349	169,6411
2021-08-21	00:00	48758,08	48872,55	48603,74	48675,01	LONG	0,00167	5981,87	0,00451	HOLD	98,2349	169,5024
2021-08-21	01:00	48675	48747,93	48289,43	48458	LONG	0,00167	5981,87	0,00451	HOLD	98,2349	169,14
2021-08-21	02:00	48458	48726,9	48421,3	48684,16	LONG	0,00167	5981,87	0,00451	HOLD	98,2349	169,5177
2021-08-21	03:00	48684,16	48830,67	48598,01	48640,98	LONG	0,00167	5981,87	0,00451	HOLD	98,2349	169,4456
2021-08-21	04:00	48640,98	49360,41	48612,42	49322,96	LONG	0,00167	5981,87	0,00451	HOLD	98,2349	170,5845
2021-08-21	05:00	49322,96	49382,99	48943,27	49209,69	LONG	0,00167	5981,87	0,00451	HOLD	98,2349	170,3953
2021-08-21	06:00	49209,69	49350	49004,12	49322,47	LONG	0,00167	5981,87	0,00451	HOLD	98,2349	170,5837
2021-08-21	07:00	49322,47	49357,62	48713,5	48878,24	LONG	0,00167	5981,87	0,00451	HOLD	98,2349	169,8418
2021-08-21	08:00	48878,24	49069,45	48804,46	49035,66	LONG	0,00167	5981,87	0,00451	HOLD	98,2349	170,1047
2021-08-21	09:00	49035,65	49100	48813,41	48841,77	LONG	0,00167	5981,87	0,00451	HOLD	98,2349	169,7809
2021-08-21	10:00	48841,77	48919,48	48670,1	48828,17	LONG	0,00167	5981,87	0,00451	HOLD	98,2349	169,7582
2021-08-21	11:00	48828,17	48829,48	48555	48625,67	LONG	0,00167	5981,87	0,00451	HOLD	98,2349	169,42
2021-08-21	12:00	48625,67	48976,12	48571,06	48836,76	LONG	0,00167	5981,87	0,00451	HOLD	98,2349	169,7725
2021-08-21	13:00	48836,77	48839,01	48600	48674,74	LONG	0,00167	5981,87	0,00451	HOLD	98,2349	169,502
2021-08-21	14:00	48674,73	48990	48618	48944,23	LONG	0,00167	5981,87	0,00451	HOLD	98,2349	169,952
2021-08-21	15:00	48944,22	49104,82	48777,26	48855,5	LONG	0,00167	5981,87	0,00451	HOLD	98,2349	169,8038
2021-08-21	16:00	48855,51	48920	48754,12	48798,67	LONG	0,00167	5981,87	0,00451	HOLD	98,2349	169,7089
2021-08-21	17:00	48798,66	49349,57	48760,26	49300,01	LONG	0,00167	5981,87	0,00451	HOLD	98,2349	170,5462
2021-08-21	18:00	49300,01	49400	48222	48501,87	LONG	0,00167	5981,87	0,00451	HOLD	98,2349	169,2133
2021-08-21	19:00	48501,88	49309,58	48434,07	49204,56	LONG	0,00167	5981,87	0,00451	HOLD	98,2349	170,3868
2021-08-21	20:00	49204,56	49405,52	49012,3	49120,62	LONG	0,00167	5981,87	0,00451	HOLD	98,2349	170,2466
2021-08-21	21:00	49120,61	49150,01	48926,92	48985,19	LONG	0,00167	5981,87	0,00451	HOLD	98,2349	170,0204
2021-08-21	22:00	48985,18	49265,55	48946,75	49180,98	LONG	0,00167	5981,87	0,00451	HOLD	98,2349	170,3474
2021-08-21	23:00	49180,98	49662	49064,01	49480,11	LONG	0,00167	5981,87	0,00451	HOLD	98,2349	170,8469
2021-08-22	00:00	49480,12	49757,04	49375,78	49647,88	LONG	0,00167	5981,87	0,00451	HOLD	98,2349	171,1271
2021-08-22	01:00	49647,88	49662,21	49271,42	49457,59	LONG	0,00167	5981,87	0,00451	HOLD	98,2349	170,8093
2021-08-22	02:00	49457,59	49476,69	48765	48978,68	LONG	0,00167	5981,87	0,00451	HOLD	98,2349	170,0095
2021-08-22	03:00	48978,68	49166,66	48827,01	48991,46	LONG	0,00167	5981,87	0,00451	HOLD	98,2349	170,0309
2021-08-22	04:00	48991,45	49264,99	48900	49140,66	LONG	0,00167	5981,87	0,00451	HOLD	98,2349	170,28
2021-08-22	05:00	49140,66	49370,96	49133,53	49336,35	LONG	0,00167	5981,87	0,00451	HOLD	98,2349	170,6068
2021-08-22	06:00	49336,35	49390	48806,58	48821,87	LONG	0,00167	5981,87	0,00451	HOLD	98,2349	169,7477
2021-08-22	07:00	48821,88	49031,87	48679,73	48963,69	LONG	0,00167	5981,87	0,00451	HOLD	98,2349	169,9845
2021-08-22	08:00	48963,69	49162,51	48854,29	49025,93	LONG	0,00167	5981,87	0,00451	HOLD	98,2349	170,0884
2021-08-22	09:00	49025,93	49042,17	48732,75	48836,96	LONG	0,00167	5981,87	0,00451	HOLD	98,2349	169,7729
2021-08-22	10:00	48836,96	48908,91	48601	48790	LONG	0,00167	5981,87	0,00451	HOLD	98,2349	169,6944
2021-08-22	11:00	48790	49129,76	48781,1	49110,6	LONG	0,00167	5981,87	0,00451	HOLD	98,2349	170,2298
2021-08-22	12:00	49110,61	49249,28	48956,34	49129,76	LONG	0,00167	5981,87	0,00451	HOLD	98,2349	170,2618
2021-08-22	13:00	49129,75	49272,7	49052,46	49164,45	LONG	0,00167	5981,87	0,00451	HOLD	98,2349	170,3198
2021-08-22	14:00	49164,45	49250	49096,97	49195,01	LONG	0,00167	5981,87	0,00451	HOLD	98,2349	170,3708
2021-08-22	15:00	49195,01	49272	48900	49005,66	LONG	0,00167	5981,87	0,00451	HOLD	98,2349	170,0546
2021-08-22	16:00	49005,66	49269,99	49001,42	49218,41	LONG	0,00167	5981,87	0,00451	HOLD	98,2349	170,4099
2021-08-22	17:00	49218,41	49500	49088,96	49115,05	LONG	0,00167	5981,87	0,00451	HOLD	98,2349	170,2373
2021-08-22	18:00	49115,05	49210,99	49020,22	49132,04	LONG	0,00167	5981,87	0,00451	HOLD	98,2349	170,2656
2021-08-22	19:00	49132,04	49210,93	48845,22	48861,55	LONG	0,00167	5981,87	0,00451	HOLD	98,2349	169,8139
2021-08-22	20:00	48861,56	49036,54	48666	48861,87	LONG	0,00167	5981,87	0,00451	HOLD	98,2349	169,8145
2021-08-22	21:00	48861,88	48926,18	48210	48251,21	LONG	0,00167	5981,87	0,00451	HOLD	98,2349	168,7947
2021-08-22	22:00	48251,21	48526,62	48050	48526,61	LONG	0,00167	5981,87	0,00451	HOLD	98,2349	169,2546
2021-08-22	23:00	48526,62	48835,83	48350	48631,06	LONG	0,00167	5981,87	0,00451	HOLD	98,2349	169,429
2021-08-23	00:00	48631,06	48756,85	48480,34	48677,28	LONG	0,00167	5981,87	0,00451	HOLD	98,2349	169,5062
2021-08-23	01:00	48677,29	48677,29	48168,01	48373,53	LONG	0,00167	5981,87	0,00451	HOLD	98,2349	168,9989
2021-08-23	02:00	48373,53	48693,73	48345,36	48647,85	LONG	0,00167	5981,87	0,00451	HOLD	98,2349	169,4571
2021-08-23	03:00	48647,84	48652,31	48239,03	48378,96	LONG	0,00167	5981,87	0,00451	HOLD	98,2349	169,008
2021-08-23	04:00	48378,95	48743,14	48245,93	48680,02	LONG	0,00167	5981,87	0,00451	HOLD	98,2349	169,5108
2021-08-23	05:00	48676,1	49285,71	48591,47	49250,14	LONG	0,00167	5981,87	0,00451	HOLD	98,2349	170,4629
2021-08-23	06:00	49250,13	49489,73	49160,98	49239,22	LONG	0,00167	5981,87	0,00451	HOLD	98,2349	170,4446
2021-08-23	07:00	49239,22	49438,09	49070,01	49418,77	LONG	0,00167	5981,87	0,00451	HOLD	98,2349	170,7445
2021-08-23	08:00	49418,77	49926,23	49334,31	49822,89	LONG	0,00167	5981,87	0,00451	HOLD	98,2349	171,4194
2021-08-23	09:00	49822,89	50280	49616,74	50046,27	LONG	0,00167	5981,87	0,00451	HOLD	98,2349	171,7924
2021-08-23	10:00	50046,27	50350	49790,29	50260	LONG	0,00167	5981,87	0,00451	HOLD	98,2349	172,1493
2021-08-23	11:00	50260	50382,35	50100	50300,38	LONG	0,00167	5981,87	0,00451	HOLD	98,2349	172,2168
2021-08-23	12:00	50300,38	50399	50172,99	50220,94	LONG	0,00167	5981,87	0,00451	HOLD	98,2349	172,0841
2021-08-23	13:00	50220,94	50361,11	49952,89	50145,59	LONG	0,00167	5981,87	0,00451	HOLD	98,2349	171,9583
2021-08-23	14:00	50145,59	50178	49989	50130,05	LONG	0,00167	5981,87	0,00451	HOLD	98,2349	171,9323
2021-08-23	15:00	50130,05	50286,01	50077,85	50259,66	LONG	0,00167	5981,87	0,00451	HOLD	98,2349	172,1488
2021-08-23	16:00	50259,67	50365,02	50151,06	50303,86	LONG	0,00167	5981,87	0,00451	HOLD	98,2349	172,2226
2021-08-23	17:00	50303,87	50500	49975	50232,21	LONG	0,00167	5981,87	0,00451	HOLD	98,2349	172,1029
2021-08-23	18:00	50232,21	50472	50130,48	50394,85	LONG	0,00167	5981,87	0,00451	HOLD	98,2349	172,3745
2021-08-23	19:00	50394,85	50459,93	50212,26	50273,71	LONG	0,00167	5981,87	0,00451	HOLD	98,2349	172,1722
2021-08-23	20:00	50273,71	50279,69	50100	50163,15	LONG	0,00167	5981,87	0,00451	HOLD	98,2349	171,9876
2021-08-23	21:00	50163,15	50331,27	49660,64	49716,53	LONG	0,00167	5981,87	0,00451	HOLD	98,2349	171,2417
2021-08-23	22:00	49716,54	49904,01	49309,07	49537,97	LONG	0,00167	5981,87	0,00451	HOLD	98,2349	170,9436
2021-08-23	23:00	49536,85	49715,39	49345,67	49698,06	LONG	0,00167	5981,87	0,00451	HOLD	98,2349	171,2109
2021-08-24	00:00	49698,07	49799,55	49400	49413,67	LONG	0,00167	5981,87	0,00451	HOLD	98,2349	170,736
2021-08-24	01:00	49413,67	49625,33	49371,27	49459,11	LONG	0,00167	5981,87	0,00451	HOLD	98,2349	170,8119
2021-08-24	02:00	49459,1	49459,1	49077	49239,69	LONG	0,00167	5981,87	0,00451	HOLD	98,2349	170,4454
2021-08-24	03:00	49240,01	49522,8	49029	49504,99	LONG	0,00167	5981,87	0,00451	HOLD	98,2349	170,8885
2021-08-24	04:00	49505	49612,42	49334,19	49559,99	LONG	0,00167	5981,87	0,00451	HOLD	98,2349	170,9803
2021-08-24	05:00	49559,99	49666	49390,73	49650	LONG	0,00167	5981,87	0,00451	HOLD	98,2349	171,1306
2021-08-24	06:00	49649,99	49739,37	49430,28	49488,85	LONG	0,00167	5981,87	0,00451	HOLD	98,2349	170,8615
2021-08-24	07:00	49488,85	49687,49	49002,78	49221,81	LONG	0,00167	5981,87	0,00451	HOLD	98,2349	170,4156
2021-08-24	08:00	49221,8	49256,09	48776,26	48956,97	LONG	0,00167	5981,87	0,00451	HOLD	98,2349	169,9733
2021-08-24	09:00	48956,96	49224,92	48927,76	49195,55	LONG	0,00167	5981,87	0,00451	HOLD	98,2349	170,3717
2021-08-24	10:00	49195,55	49384,7	49180,68	49331,16	LONG	0,00167	5981,87	0,00451	HOLD	98,2349	170,5982
2021-08-24	11:00	49331,17	49571,55	49166,88	49479,72	LONG	0,00167	5981,87	0,00451	HOLD	98,2349	170,8463
2021-08-24	12:00	49479,73	49634,54	49432,07	49557,77	LONG	0,00167	5981,87	0,00451	HOLD	98,2349	170,9766
2021-08-24	13:00	49557,76	49800	49483,85	49791,98	LONG	0,00167	5981,87	0,00451	HOLD	98,2349	171,3677
2021-08-24	14:00	49791,97	49860	49645,33	49770,13	LONG	0,00167	5981,87	0,00451	HOLD	98,2349	171,3313
2021-08-24	15:00	49770,13	49834	49546,91	49673,44	LONG	0,00167	5981,87	0,00451	HOLD	98,2349	171,1698
2021-08-24	16:00	49673,43	49720	49499,39	49594,18	LONG	0,00167	5981,87	0,00451	HOLD	98,2349	171,0374
2021-08-24	17:00	49594,17	49846	49245,17	49283,07	LONG	0,00167	5981,87	0,00451	HOLD	98,2349	170,5179
2021-08-24	18:00	49283,07	49458,01	49060	49429,99	LONG	0,00167	5981,87	0,00451	HOLD	98,2349	170,7632
2021-08-24	19:00	49430	49455,92	49028,54	49333,33	LONG	0,00167	5981,87	0,00451	HOLD	98,2349	170,6018
2021-08-24	20:00	49333,33	49395,02	48392,26	48597,19	LONG	0,00167	5981,87	0,00451	HOLD	98,2349	169,3724
2021-08-24	21:00	48597,18	48719,12	48300	48529,58	LONG	0,00167	5981,87	0,00451	HOLD	98,2349	169,2595
2021-08-24	22:00	48529,59	48608,84	48210,98	48310,74	LONG	0,00167	5981,87	0,00451	HOLD	98,2349	168,8941
2021-08-24	23:00	48310,73	48406,26	47749,1	47950,37	LONG	0,00167	5981,87	0,00451	HOLD	98,2349	168,2923
2021-08-25	00:00	47950,36	48359,54	47865,94	48001,01	LONG	0,00167	5981,87	0,00451	HOLD	98,2349	168,3768
2021-08-25	01:00	48001	48197,88	47800	48182,07	LONG	0,00167	5981,87	0,00451	HOLD	98,2349	168,6792
2021-08-25	02:00	48182,06	48422,12	47904,61	48243,2	LONG	0,00167	5981,87	0,00451	HOLD	98,2349	168,7813
2021-08-25	03:00	48243,2	48390,16	48039,62	48335,58	LONG	0,00167	5981,87	0,00451	HOLD	98,2349	168,9356
2021-08-25	04:00	48335,57	48398,57	47959	48194,32	LONG	0,00167	5981,87	0,00451	HOLD	98,2349	168,6997
2021-08-25	05:00	48194,31	48364,56	48109,09	48327,03	LONG	0,00167	5981,87	0,00451	HOLD	98,2349	168,9213
2021-08-25	06:00	48327,04	48404,19	47600	47674,01	LONG	0,00167	5981,87	0,00451	HOLD	98,2349	167,8307
2021-08-25	07:00	47674,01	48123,7	47652,36	48007,86	LONG	0,00167	5981,87	0,00451	HOLD	98,2349	168,3883
2021-08-25	08:00	48007,87	48169,56	47718,16	48156,17	LONG	0,00167	5981,87	0,00451	HOLD	98,2349	168,6359
2021-08-25	09:00	48156,16	48290,2	48033,27	48201,23	LONG	0,00167	5981,87	0,00451	HOLD	98,2349	168,7112
2021-08-25	10:00	48201,24	48275	47965	47975,93	LONG	0,00167	5981,87	0,00451	HOLD	98,2349	168,3349
2021-08-25	11:00	47975,93	48245	47886,12	48003,51	LONG	0,00167	5981,87	0,00451	HOLD	98,2349	168,381
2021-08-25	12:00	48003,51	48564,08	47994,76	48520,02	LONG	0,00167	5981,87	0,00451	HOLD	98,2349	169,2436
2021-08-25	13:00	48520,03	48603,84	48302,05	48307,98	LONG	0,00167	5981,87	0,00451	HOLD	98,2349	168,8895
2021-08-25	14:00	48307,97	48505,27	48000	48144,58	LONG	0,00167	5981,87	0,00451	HOLD	98,2349	168,6166
2021-08-25	15:00	48144,58	48169,43	47259,42	47277,48	LONG	0,00167	5981,87	0,00451	HOLD	98,2349	167,1685
2021-08-25	16:00	47274,52	47800,74	47126,28	47245,94	LONG	0,00167	5981,87	0,00451	HOLD	98,2349	167,1159
2021-08-25	17:00	47245,95	47589,82	47168,34	47464,39	LONG	0,00167	5981,87	0,00451	HOLD	98,2349	167,4807
2021-08-25	18:00	47464,39	47643	47350,33	47570,01	LONG	0,00167	5981,87	0,00451	HOLD	98,2349	167,6571
2021-08-25	19:00	47570,01	47824	47440	47770,01	LONG	0,00167	5981,87	0,00451	HOLD	98,2349	167,9911
2021-08-25	20:00	47770,01	47899,99	47612,23	47671,76	LONG	0,00167	5981,87	0,00451	HOLD	98,2349	167,827
2021-08-25	21:00	47671,76	48485	47324,99	48445,35	LONG	0,00167	5981,87	0,00451	HOLD	98,2349	169,1189
2021-08-25	22:00	48445,35	48900	48283,77	48822,49	LONG	0,00167	5981,87	0,00451	HOLD	98,2349	169,7487
2021-08-25	23:00	48817,41	48853,74	48600,59	48718,71	LONG	0,00167	5981,87	0,00451	HOLD	98,2349	169,5754
2021-08-26	00:00	48718,71	49062,2	48507,71	48830	LONG	0,00167	5981,87	0,00451	HOLD	98,2349	169,7612
2021-08-26	01:00	48830	49027,3	48735,77	48924,64	LONG	0,00167	5981,87	0,00451	HOLD	98,2349	169,9193
2021-08-26	02:00	48924,64	49172,58	48536,95	48652,14	LONG	0,00167	5981,87	0,00451	HOLD	98,2349	169,4642
2021-08-26	03:00	48652,13	49040,6	48601,47	48676,76	LONG	0,00167	5981,87	0,00451	HOLD	98,2349	169,5053
2021-08-26	04:00	48676,76	49100	48664,67	49080,01	LONG	0,00167	5981,87	0,00451	HOLD	98,2349	170,1788
2021-08-26	05:00	49080	49264,3	48822,96	48905,28	LONG	0,00167	5981,87	0,00451	HOLD	98,2349	169,887
2021-08-26	06:00	48905,28	49109,9	48807,97	48973,32	LONG	0,00167	5981,87	0,00451	HOLD	98,2349	170,0006
2021-08-26	07:00	48973,32	49352,84	48816,1	49287,63	LONG	0,00167	5981,87	0,00451	HOLD	98,2349	170,5255
2021-08-26	08:00	49287,64	49336,08	48728,56	48731,46	LONG	0,00167	5981,87	0,00451	HOLD	98,2349	169,5967
2021-08-26	09:00	48731,46	48839,81	48611,72	48695,54	LONG	0,00167	5981,87	0,00451	HOLD	98,2349	169,5367
2021-08-26	10:00	48695,55	48722,42	47829,61	47911,79	LONG	0,00167	5981,87	0,00451	HOLD	98,2349	168,2278
2021-08-26	11:00	47911,8	48000	47600,6	47884,08	LONG	0,00167	5981,87	0,00451	HOLD	98,2349	168,1816
2021-08-26	12:00	47884,09	48055,55	46837,43	47042,36	LONG	0,00167	5981,87	0,00451	HOLD	98,2349	166,7759
2021-08-26	13:00	47042,36	47289,62	46560,01	46855,59	LONG	0,00167	5981,87	0,00451	HOLD	98,2349	166,464
2021-08-26	14:00	46855,58	47049,25	46570	46891,75	LONG	0,00167	5981,87	0,00451	HOLD	98,2349	166,5244
2021-08-26	15:00	46891,75	47100	46700	46908,72	LONG	0,00167	5981,87	0,00451	HOLD	98,2349	166,5527
2021-08-26	16:00	46908,73	47015,04	46750,04	46789,99	LONG	0,00167	5981,87	0,00451	HOLD	98,2349	166,3544
2021-08-26	17:00	46789,99	47069,88	46693,68	46979,93	LONG	0,00167	5981,87	0,00451	HOLD	98,2349	166,6716
2021-08-26	18:00	46977,31	47206,46	46822,22	46835,89	LONG	0,00167	5981,87	0,00451	HOLD	98,2349	166,4311
2021-08-26	19:00	46835,9	47431,17	46250	46943,76	LONG	0,00167	5981,87	0,00451	HOLD	98,2349	166,6112
2021-08-26	20:00	46943,76	47270	46861,18	47195,75	LONG	0,00167	5981,87	0,00451	HOLD	98,2349	167,032
2021-08-26	21:00	47195,75	47420	46828,51	46838,94	LONG	0,00167	5981,87	0,00451	HOLD	98,2349	166,4362
2021-08-26	22:00	46838,94	47065,08	46635	46800	LONG	0,00167	5981,87	0,00451	HOLD	98,2349	166,3711
2021-08-26	23:00	46800	47056,86	46485,16	46897,72	LONG	0,00167	5981,87	0,00451	HOLD	98,2349	166,5343
2021-08-27	00:00	46897,72	47123,65	46886,01	46950,26	LONG	0,00167	5981,87	0,00451	HOLD	98,2349	166,6221
2021-08-27	01:00	46950,26	47092,63	46731	47001,46	LONG	0,00167	5981,87	0,00451	HOLD	98,2349	166,7076
2021-08-27	02:00	47001,47	47043,88	46755,27	46939,75	LONG	0,00167	5981,87	0,00451	HOLD	98,2349	166,6045
2021-08-27	03:00	46934,22	47058,23	46845	47017,57	LONG	0,00167	5981,87	0,00451	HOLD	98,2349	166,7345
2021-08-27	04:00	47017,58	47311	46989,89	47253,83	LONG	0,00167	5981,87	0,00451	HOLD	98,2349	167,129
2021-08-27	05:00	47253,83	47439	47105,39	47177,68	LONG	0,00167	5981,87	0,00451	HOLD	98,2349	167,0019
2021-08-27	06:00	47177,68	47398,37	46818	46843,87	LONG	0,00167	5981,87	0,00451	HOLD	98,2349	166,4444
2021-08-27	07:00	46843,86	47290	46348	47249,2	LONG	0,00167	5981,87	0,00451	HOLD	98,2349	167,1213
2021-08-27	08:00	47249,2	47665,48	47157,89	47236,64	LONG	0,00167	5981,87	0,00451	HOLD	98,2349	167,1003
2021-08-27	09:00	47236,64	47486,42	47171	47211,29	LONG	0,00167	5981,87	0,00451	HOLD	98,2349	167,058
2021-08-27	10:00	47211,29	47267,04	46690,53	46822,23	LONG	0,00167	5981,87	0,00451	HOLD	98,2349	166,4083
2021-08-27	11:00	46822,24	46988,88	46572,36	46924,04	LONG	0,00167	5981,87	0,00451	HOLD	98,2349	166,5783
2021-08-27	12:00	46924,05	47196,99	46850,04	47114,4	LONG	0,00167	5981,87	0,00451	HOLD	98,2349	166,8962
2021-08-27	13:00	47114,41	47250	47032,02	47172,05	LONG	0,00167	5981,87	0,00451	HOLD	98,2349	166,9925
2021-08-27	14:00	47172,04	47546,18	46840,74	47483,44	LONG	0,00167	5981,87	0,00451	HOLD	98,2349	167,5125
2021-08-27	15:00	47479,77	47560	47133,65	47187,65	LONG	0,00167	5981,87	0,00451	HOLD	98,2349	167,0185
2021-08-27	16:00	47187,65	47332,98	46989,48	47205,64	LONG	0,00167	5981,87	0,00451	HOLD	98,2349	167,0486
2021-08-27	17:00	47205,65	47620,44	47179,64	47429,78	LONG	0,00167	5981,87	0,00451	HOLD	98,2349	167,4229
2021-08-27	18:00	47429,77	47794,96	47311,9	47453,83	LONG	0,00167	5981,87	0,00451	HOLD	98,2349	167,463
2021-08-27	19:00	47453,82	47538,18	47238	47338,57	LONG	0,00167	5981,87	0,00451	HOLD	98,2349	167,2706
2021-08-27	20:00	47338,57	47375,79	47032,63	47274,56	LONG	0,00167	5981,87	0,00451	HOLD	98,2349	167,1637
2021-08-27	21:00	47274,56	48233,96	47190,64	48125,05	LONG	0,00167	5981,87	0,00451	HOLD	98,2349	168,584
2021-08-27	22:00	48125,57	48451,51	48125,56	48184,67	LONG	0,00167	5981,87	0,00451	HOLD	98,2349	168,6835
2021-08-27	23:00	48184,66	48285,7	47969,42	48178,93	LONG	0,00167	5981,87	0,00451	HOLD	98,2349	168,674
2021-08-28	00:00	48178,93	48320,63	48138,59	48168,58	LONG	0,00167	5981,87	0,00451	HOLD	98,2349	168,6567
2021-08-28	01:00	48168,58	48383,3	48110,68	48325,48	LONG	0,00167	5981,87	0,00451	HOLD	98,2349	168,9187
2021-08-28	02:00	48325,49	48546,42	48268,72	48293,69	LONG	0,00167	5981,87	0,00451	HOLD	98,2349	168,8656
2021-08-28	03:00	48293,68	49149,93	48155	48895,24	LONG	0,00167	5981,87	0,00451	HOLD	98,2349	169,8702
2021-08-28	04:00	48895,24	49048,56	48850,01	48960,39	LONG	0,00167	5981,87	0,00451	HOLD	98,2349	169,979
2021-08-28	05:00	48960,4	49028,72	48683,75	48985,74	LONG	0,00167	5981,87	0,00451	HOLD	98,2349	170,0213
2021-08-28	06:00	48985,73	49115,37	48866,5	49069,9	LONG	0,00167	5981,87	0,00451	HOLD	98,2349	170,1619
2021-08-28	07:00	49069,9	49299	48835	49245,01	LONG	0,00167	5981,87	0,00451	HOLD	98,2349	170,4543
2021-08-28	08:00	49245	49290	49021,59	49141,51	LONG	0,00167	5981,87	0,00451	HOLD	98,2349	170,2815
2021-08-28	09:00	49141,51	49141,52	48851,18	48939,9	LONG	0,00167	5981,87	0,00451	HOLD	98,2349	169,9448
2021-08-28	10:00	48939,9	49039,98	48844,35	48852,99	LONG	0,00167	5981,87	0,00451	HOLD	98,2349	169,7996
2021-08-28	11:00	48853	49074,81	48848,09	48954,66	LONG	0,00167	5981,87	0,00451	HOLD	98,2349	169,9694
2021-08-28	12:00	48954,67	49024,55	48859,88	48867,46	LONG	0,00167	5981,87	0,00451	HOLD	98,2349	169,8238
2021-08-28	13:00	48867,45	49079,84	48626,49	48998,19	LONG	0,00167	5981,87	0,00451	HOLD	98,2349	170,0421
2021-08-28	14:00	48998,2	48998,2	48806,66	48950	LONG	0,00167	5981,87	0,00451	HOLD	98,2349	169,9616
2021-08-28	15:00	48949,03	49072,07	48910,41	48914,96	LONG	0,00167	5981,87	0,00451	HOLD	98,2349	169,9031
2021-08-28	16:00	48914,96	49068,35	48879,93	48918,64	LONG	0,00167	5981,87	0,00451	HOLD	98,2349	169,9093
2021-08-28	17:00	48918,65	48969,03	48826	48830,01	LONG	0,00167	5981,87	0,00451	HOLD	98,2349	169,7613
2021-08-28	18:00	48830	48884,99	48627,31	48674,72	LONG	0,00167	5981,87	0,00451	HOLD	98,2349	169,5019
2021-08-28	19:00	48670,48	49200	48516	48866	LONG	0,00167	5981,87	0,00451	HOLD	98,2349	169,8214
2021-08-28	20:00	48866	48906,04	48680	48732,71	LONG	0,00167	5981,87	0,00451	HOLD	98,2349	169,5988
2021-08-28	21:00	48732,72	48737,01	48346,88	48646,95	LONG	0,00167	5981,87	0,00451	HOLD	98,2349	169,4555
2021-08-28	22:00	48646,96	48811,12	48500,58	48811,12	LONG	0,00167	5981,87	0,00451	HOLD	98,2349	169,7297
2021-08-28	23:00	48811,12	49172,31	48710	48956,39	LONG	0,00167	5981,87	0,00451	HOLD	98,2349	169,9723
2021-08-29	00:00	48956,4	49040	48907,44	49011,31	LONG	0,00167	5981,87	0,00451	HOLD	98,2349	170,064
2021-08-29	01:00	49011,3	49094	48750,3	48788,99	LONG	0,00167	5981,87	0,00451	HOLD	98,2349	169,6928
2021-08-29	02:00	48788,98	48788,98	48500	48651,93	LONG	0,00167	5981,87	0,00451	HOLD	98,2349	169,4639
2021-08-29	03:00	48651,94	48729,34	48578,29	48721,41	LONG	0,00167	5981,87	0,00451	HOLD	98,2349	169,5799
2021-08-29	04:00	48721,41	48960	48671,95	48929,59	LONG	0,00167	5981,87	0,00451	HOLD	98,2349	169,9276
2021-08-29	05:00	48929,6	48975,16	48665,02	48686,01	LONG	0,00167	5981,87	0,00451	HOLD	98,2349	169,5208
2021-08-29	06:00	48686	48895,36	48653,62	48895,35	LONG	0,00167	5981,87	0,00451	HOLD	98,2349	169,8704
2021-08-29	07:00	48895,35	49600	48727,76	49560,71	LONG	0,00167	5981,87	0,00451	HOLD	98,2349	170,9815
2021-08-29	08:00	49560,7	49632,27	49269,42	49349,84	LONG	0,00167	5981,87	0,00451	HOLD	98,2349	170,6294
2021-08-29	09:00	49349,84	49389,06	48398	48580,08	LONG	0,00167	5981,87	0,00451	HOLD	98,2349	169,3439
2021-08-29	10:00	48580,07	48682,26	48067,53	48227,31	LONG	0,00167	5981,87	0,00451	HOLD	98,2349	168,7547
2021-08-29	11:00	48223,59	48296,9	47762,54	48141,83	LONG	0,00167	5981,87	0,00451	HOLD	98,2349	168,612
2021-08-29	12:00	48141,83	48365	48080	48309,45	LONG	0,00167	5981,87	0,00451	HOLD	98,2349	168,8919
2021-08-29	13:00	48309,44	48600	48231,08	48415,39	LONG	0,00167	5981,87	0,00451	HOLD	98,2349	169,0688
2021-08-29	14:00	48415,38	48600	48355,36	48480,1	LONG	0,00167	5981,87	0,00451	HOLD	98,2349	169,1769
2021-08-29	15:00	48480,11	48624,73	48282,02	48492,99	LONG	0,00167	5981,87	0,00451	HOLD	98,2349	169,1984
2021-08-29	16:00	48493	48569,99	48295,18	48568,16	LONG	0,00167	5981,87	0,00451	HOLD	98,2349	169,324
2021-08-29	17:00	48568,17	48650,84	48396,36	48526,67	LONG	0,00167	5981,87	0,00451	HOLD	98,2349	169,2547
2021-08-29	18:00	48526,67	48600	48140	48159,98	LONG	0,00167	5981,87	0,00451	HOLD	98,2349	168,6423
2021-08-29	19:00	48159,98	48437,24	48105,03	48360,71	LONG	0,00167	5981,87	0,00451	HOLD	98,2349	168,9775
2021-08-29	20:00	48360,71	48561,46	48286,48	48313,15	LONG	0,00167	5981,87	0,00451	HOLD	98,2349	168,8981
2021-08-29	21:00	48314,72	48496,43	48200,43	48228,27	LONG	0,00167	5981,87	0,00451	HOLD	98,2349	168,7564
2021-08-29	22:00	48228,27	48553,71	48158,18	48474,95	LONG	0,00167	5981,87	0,00451	HOLD	98,2349	169,1683
2021-08-29	23:00	48474,96	48798,9	48329,22	48660	LONG	0,00167	5981,87	0,00451	HOLD	98,2349	169,4773
2021-08-30	00:00	48660	48780	48490,1	48779,35	LONG	0,00167	5981,87	0,00451	HOLD	98,2349	169,6767
2021-08-30	01:00	48779,35	48845,07	48642,87	48747,07	LONG	0,00167	5981,87	0,00451	HOLD	98,2349	169,6227
2021-08-30	02:00	48747,08	48877,88	48700	48799,27	LONG	0,00167	5981,87	0,00451	HOLD	98,2349	169,7099
2021-08-30	03:00	48799,28	49000	48747,17	48884,64	LONG	0,00167	5981,87	0,00451	HOLD	98,2349	169,8525
2021-08-30	04:00	48884,65	48946,94	48366,71	48891,95	LONG	0,00167	5981,87	0,00451	HOLD	98,2349	169,8647
2021-08-30	05:00	48891,95	49385,42	48891,95	49114,69	LONG	0,00167	5981,87	0,00451	HOLD	98,2349	170,2367
2021-08-30	06:00	49114,68	49261,52	48737,27	48767,83	LONG	0,00167	5981,87	0,00451	HOLD	98,2349	169,6574
2021-08-30	07:00	48767,84	48888,61	48333	48400,01	LONG	0,00167	5981,87	0,00451	HOLD	98,2349	169,0432
2021-08-30	08:00	48398,8	48700	48358,18	48487,27	LONG	0,00167	5981,87	0,00451	HOLD	98,2349	169,1889
2021-08-30	09:00	48484,39	48635,87	48385,57	48391,35	LONG	0,00167	5981,87	0,00451	HOLD	98,2349	169,0287
2021-08-30	10:00	48391,35	48451,93	47803	47964,04	LONG	0,00167	5981,87	0,00451	HOLD	98,2349	168,3151
2021-08-30	11:00	47964,02	48139,63	47734	47869,02	LONG	0,00167	5981,87	0,00451	HOLD	98,2349	168,1564
2021-08-30	12:00	47869,01	48031,56	47755,14	47998,56	LONG	0,00167	5981,87	0,00451	HOLD	98,2349	168,3727
2021-08-30	13:00	47998,56	48082,55	47610,6	47938,73	LONG	0,00167	5981,87	0,00451	HOLD	98,2349	168,2728
2021-08-30	14:00	47938,72	47999,94	47699,08	47930,4	LONG	0,00167	5981,87	0,00451	HOLD	98,2349	168,2589
2021-08-30	15:00	47933,16	48200	47837,55	48079,88	LONG	0,00167	5981,87	0,00451	HOLD	98,2349	168,5085
2021-08-30	16:00	48079,87	48123,89	47865,95	47922,1	LONG	0,00167	5981,87	0,00451	HOLD	98,2349	168,245
2021-08-30	17:00	47920,01	48064,18	47800	48012,46	LONG	0,00167	5981,87	0,00451	HOLD	98,2349	168,396
2021-08-30	18:00	48012,45	48034,99	47620,05	47902,76	LONG	0,00167	5981,87	0,00451	HOLD	98,2349	168,2128
2021-08-30	19:00	47902,76	47911,22	47506,53	47584	LONG	0,00167	5981,87	0,00451	HOLD	98,2349	167,6804
2021-08-30	20:00	47584,01	47787,83	47370	47775,12	LONG	0,00167	5981,87	0,00451	HOLD	98,2349	167,9996
2021-08-30	21:00	47775,12	47929,19	47650	47686,01	LONG	0,00167	5981,87	0,00451	HOLD	98,2349	167,8508
2021-08-30	22:00	47686,01	48089,3	47657,26	48019,64	LONG	0,00167	5981,87	0,00451	HOLD	98,2349	168,4079
2021-08-30	23:00	48012,78	48171	47956,63	48167,47	LONG	0,00167	5981,87	0,00451	HOLD	98,2349	168,6548
2021-08-31	00:00	48167,47	48332,99	48054,43	48313,27	LONG	0,00167	5981,87	0,00451	HOLD	98,2349	168,8983
2021-08-31	01:00	48313,28	48507,06	48152,89	48496,98	LONG	0,00167	5981,87	0,00451	HOLD	98,2349	169,2051
2021-08-31	02:00	48496,99	48620	48350	48619,99	LONG	0,00167	5981,87	0,00451	HOLD	98,2349	169,4105
2021-08-31	03:00	48619,99	48696,87	48525	48622,07	LONG	0,00167	5981,87	0,00451	HOLD	98,2349	169,414
2021-08-31	04:00	48622,06	48669,32	48186	48391,72	LONG	0,00167	5981,87	0,00451	HOLD	98,2349	169,0293
2021-08-31	05:00	48391,73	48466,58	47539,12	47616,99	LONG	0,00167	5981,87	0,00451	HOLD	98,2349	167,7355
2021-08-31	06:00	47616,99	47956	46853	46982,91	LONG	0,00167	5981,87	0,00451	HOLD	98,2349	166,6766
2021-08-31	07:00	46982,91	47140,79	46700	46845,49	LONG	0,00167	5981,87	0,00451	HOLD	98,2349	166,4471
2021-08-31	08:00	46845,5	47005,09	46745	46877,84	LONG	0,00167	5981,87	0,00451	HOLD	98,2349	166,5011
2021-08-31	09:00	46877,84	47050	46750	47023,07	LONG	0,00167	5981,87	0,00451	HOLD	98,2349	166,7437
2021-08-31	10:00	47023,07	47220,97	46982,95	47150,68	LONG	0,00167	5981,87	0,00451	HOLD	98,2349	166,9568
2021-08-31	11:00	47150,68	47300	47010,75	47057,47	LONG	0,00167	5981,87	0,00451	HOLD	98,2349	166,8011
2021-08-31	12:00	47055,47	47234,86	47007,01	47145,01	LONG	0,00167	5981,87	0,00451	HOLD	98,2349	166,9473
2021-08-31	13:00	47145	47245,94	46954,33	46999,99	LONG	0,00167	5981,87	0,00451	HOLD	98,2349	166,7051
2021-08-31	14:00	47000	47900	46823,88	47761,26	LONG	0,00167	5981,87	0,00451	HOLD	98,2349	167,9764
2021-08-31	15:00	47761,26	47976	47633,33	47735,02	LONG	0,00167	5981,87	0,00451	HOLD	98,2349	167,9326
2021-08-31	16:00	47735,02	47784,32	47340,9	47394,62	LONG	0,00167	5981,87	0,00451	HOLD	98,2349	167,3642
2021-08-31	17:00	47394,63	47709,45	47137	47417,58	LONG	0,00167	5981,87	0,00451	HOLD	98,2349	167,4025
2021-08-31	18:00	47417,59	48072,92	47316,38	47969,51	LONG	0,00167	5981,87	0,00451	HOLD	98,2349	168,3242
2021-08-31	19:00	47969,51	48150	47725,45	47810	LONG	0,00167	5981,87	0,00451	HOLD	98,2349	168,0578
2021-08-31	20:00	47810,01	48000	47651,8	47873,37	LONG	0,00167	5981,87	0,00451	HOLD	98,2349	168,1637
2021-08-31	21:00	47873,37	48246,11	47191,7	47254,01	LONG	0,00167	5981,87	0,00451	HOLD	98,2349	167,1293
2021-08-31	22:00	47254,01	47457,14	47180	47397,13	LONG	0,00167	5981,87	0,00451	HOLD	98,2349	167,3683
2021-08-31	23:00	47397,13	47568,85	47273,35	47366,67	LONG	0,00167	5981,87	0,00451	HOLD	98,2349	167,3175
2021-09-01	00:00	47366,68	47521,45	47001	47100,99	LONG	0,00167	5981,87	0,00451	HOLD	98,2349	166,8738
2021-09-01	01:00	47101	47399,99	47024,7	47305,48	LONG	0,00167	5981,87	0,00451	HOLD	98,2349	167,2153
2021-09-01	02:00	47305,47	47400	47190,72	47300,01	LONG	0,00167	5981,87	0,00451	HOLD	98,2349	167,2062
2021-09-01	03:00	47300	47322,71	46914,26	46992,6	LONG	0,00167	5981,87	0,00451	HOLD	98,2349	166,6928
2021-09-01	04:00	46992,6	47200	46833	46911,5	LONG	0,00167	5981,87	0,00451	HOLD	98,2349	166,5573
2021-09-01	05:00	46911,49	47104,96	46744,57	47088,84	LONG	0,00167	5981,87	0,00451	HOLD	98,2349	166,8535
2021-09-01	06:00	47091,36	47345	46993	47100,89	LONG	0,00167	5981,87	0,00451	HOLD	98,2349	166,8736
2021-09-01	07:00	47100,89	47321,42	46700	46754,74	LONG	0,00167	5981,87	0,00451	HOLD	98,2349	166,2956
2021-09-01	08:00	46754,74	46884,36	46512	46859,87	LONG	0,00167	5981,87	0,00451	HOLD	98,2349	166,4711
2021-09-01	09:00	46859,86	47091,19	46731,4	46877,9	LONG	0,00167	5981,87	0,00451	HOLD	98,2349	166,5012
2021-09-01	10:00	46877,91	47052,89	46688	47043,65	LONG	0,00167	5981,87	0,00451	HOLD	98,2349	166,778
2021-09-01	11:00	47043,65	47250,01	46969,56	47153,42	LONG	0,00167	5981,87	0,00451	HOLD	98,2349	166,9614
2021-09-01	12:00	47153,43	47473,28	47089,08	47424,31	LONG	0,00167	5981,87	0,00451	HOLD	98,2349	167,4137
2021-09-01	13:00	47424,31	47470,75	47180	47306,35	LONG	0,00167	5981,87	0,00451	HOLD	98,2349	167,2167
2021-09-01	14:00	47308,48	47439	47090,31	47171,01	LONG	0,00167	5981,87	0,00451	HOLD	98,2349	166,9907
2021-09-01	15:00	47171	47413,93	47111,25	47347,09	LONG	0,00167	5981,87	0,00451	HOLD	98,2349	167,2848
2021-09-01	16:00	47347,08	47697,96	47313,97	47644,29	LONG	0,00167	5981,87	0,00451	HOLD	98,2349	167,7811
2021-09-01	17:00	47644,29	47751,38	47504,76	47515,72	LONG	0,00167	5981,87	0,00451	HOLD	98,2349	167,5664
2021-09-01	18:00	47515,73	47770	47514,5	47713,31	LONG	0,00167	5981,87	0,00451	HOLD	98,2349	167,8964
2021-09-01	19:00	47713,3	47836,69	47564,4	47707,02	LONG	0,00167	5981,87	0,00451	HOLD	98,2349	167,8859
2021-09-01	20:00	47707,03	47788	47308,2	47468,06	LONG	0,00167	5981,87	0,00451	HOLD	98,2349	167,4868
2021-09-01	21:00	47468,07	47663,4	47252	47275,81	LONG	0,00167	5981,87	0,00451	HOLD	98,2349	167,1657
2021-09-01	22:00	47275,81	47512	47275,81	47488,49	LONG	0,00167	5981,87	0,00451	HOLD	98,2349	167,5209
2021-09-01	23:00	47488,5	48595,09	47386,66	48473,63	LONG	0,00167	5981,87	0,00451	HOLD	98,2349	169,1661
2021-09-02	00:00	48473,63	49156	48317,54	48730,01	LONG	0,00167	5981,87	0,00451	HOLD	98,2349	169,5943
2021-09-02	01:00	48730,02	48906,35	48631,74	48659,31	LONG	0,00167	5981,87	0,00451	HOLD	98,2349	169,4762
2021-09-02	02:00	48659,31	48689,73	48000	48150	LONG	0,00167	5981,87	0,00451	HOLD	98,2349	168,6256
2021-09-02	03:00	48147,25	48336,51	48096,68	48252,07	LONG	0,00167	5981,87	0,00451	HOLD	98,2349	168,7961
2021-09-02	04:00	48252,08	48515,71	48234,31	48430,98	LONG	0,00167	5981,87	0,00451	HOLD	98,2349	169,0949
2021-09-02	05:00	48430,99	48758,31	48261,38	48407,38	LONG	0,00167	5981,87	0,00451	HOLD	98,2349	169,0555
2021-09-02	06:00	48407,37	48873,89	48392,02	48810,52	LONG	0,00167	5981,87	0,00451	HOLD	98,2349	169,7287
2021-09-02	07:00	48810,51	48978	48584,06	48785,18	LONG	0,00167	5981,87	0,00451	HOLD	98,2349	169,6864
2021-09-02	08:00	48785,17	49800	48667,44	49708,13	LONG	0,00167	5981,87	0,00451	HOLD	98,2349	171,2277
2021-09-02	09:00	49708,12	49870	49565,8	49570,44	LONG	0,00167	5981,87	0,00451	HOLD	98,2349	170,9978
2021-09-02	10:00	49570,43	49683,19	49551	49561,24	LONG	0,00167	5981,87	0,00451	HOLD	98,2349	170,9824
2021-09-02	11:00	49557,88	49622,01	49303,48	49382,57	LONG	0,00167	5981,87	0,00451	HOLD	98,2349	170,684
2021-09-02	12:00	49382,56	49696,98	49353	49449,07	LONG	0,00167	5981,87	0,00451	HOLD	98,2349	170,7951
2021-09-02	13:00	49449,07	50000	49414,81	49953,92	LONG	0,00167	5981,87	0,00451	HOLD	98,2349	171,6382
2021-09-02	14:00	49953,92	50450	49640,15	49846,27	LONG	0,00167	5981,87	0,00451	HOLD	98,2349	171,4584
2021-09-02	15:00	49846,27	50199	49736,84	50089,32	LONG	0,00167	5981,87	0,00451	HOLD	98,2349	171,8643
2021-09-02	16:00	50089,31	50121	49658,99	49819,3	LONG	0,00167	5981,87	0,00451	HOLD	98,2349	171,4134
2021-09-02	17:00	49819,31	50079,99	49715,02	50026,06	LONG	0,00167	5981,87	0,00451	HOLD	98,2349	171,7587
2021-09-02	18:00	50026,06	50151,24	49810	50072,61	LONG	0,00167	5981,87	0,00451	HOLD	98,2349	171,8364
2021-09-02	19:00	50072,61	50200,36	49850	50010	LONG	0,00167	5981,87	0,00451	HOLD	98,2349	171,7318
2021-09-02	20:00	50010,01	50180	49945,61	50108,44	LONG	0,00167	5981,87	0,00451	HOLD	98,2349	171,8962
2021-09-02	21:00	50108,44	50450,13	49400	49529,96	LONG	0,00167	5981,87	0,00451	HOLD	98,2349	170,9302
2021-09-02	22:00	49529,96	49750	49244,35	49540,7	LONG	0,00167	5981,87	0,00451	HOLD	98,2349	170,9481
2021-09-02	23:00	49540,7	49744,83	49403	49594,61	LONG	0,00167	5981,87	0,00451	HOLD	98,2349	171,0381
2021-09-03	00:00	49594,6	49608,46	49270	49520,95	LONG	0,00167	5981,87	0,00451	HOLD	98,2349	170,9151
2021-09-03	01:00	49520,96	49578,7	49186	49371,96	LONG	0,00167	5981,87	0,00451	HOLD	98,2349	170,6663
2021-09-03	02:00	49373,25	49440,34	49238,78	49340,05	LONG	0,00167	5981,87	0,00451	HOLD	98,2349	170,613
2021-09-03	03:00	49340,06	49653	49272,15	49541,88	LONG	0,00167	5981,87	0,00451	HOLD	98,2349	170,9501
2021-09-03	04:00	49541,89	49841,41	49510,28	49808,43	LONG	0,00167	5981,87	0,00451	HOLD	98,2349	171,3952
2021-09-03	05:00	49808,42	49816,59	49609	49683,25	LONG	0,00167	5981,87	0,00451	HOLD	98,2349	171,1862
2021-09-03	06:00	49683,25	49693,75	49224,92	49246,64	LONG	0,00167	5981,87	0,00451	HOLD	98,2349	170,457
2021-09-03	07:00	49246,63	49375	48500	48570,37	LONG	0,00167	5981,87	0,00451	HOLD	98,2349	169,3277
2021-09-03	08:00	48570,38	48703,44	48316,84	48547,09	LONG	0,00167	5981,87	0,00451	HOLD	98,2349	169,2888
2021-09-03	09:00	48547,09	49096,74	48502	48970,01	LONG	0,00167	5981,87	0,00451	HOLD	98,2349	169,9951
2021-09-03	10:00	48970,01	49500	48920,18	49476,83	LONG	0,00167	5981,87	0,00451	HOLD	98,2349	170,8414
2021-09-03	11:00	49476,83	49755	49375,22	49707,18	LONG	0,00167	5981,87	0,00451	HOLD	98,2349	171,2261
2021-09-03	12:00	49707,19	49718,4	49368,22	49455,08	LONG	0,00167	5981,87	0,00451	HOLD	98,2349	170,8051
2021-09-03	13:00	49455,08	49599,79	49311,11	49394,89	LONG	0,00167	5981,87	0,00451	HOLD	98,2349	170,7046
2021-09-03	14:00	49396,31	49595,43	49215,81	49305,11	LONG	0,00167	5981,87	0,00451	HOLD	98,2349	170,5547
2021-09-03	15:00	49305,1	50047,53	49255,57	49986,9	LONG	0,00167	5981,87	0,00451	HOLD	98,2349	171,6933
2021-09-03	16:00	49986,9	50147,83	49794,58	50100,04	LONG	0,00167	5981,87	0,00451	HOLD	98,2349	171,8822
2021-09-03	17:00	50100,04	50485	49600	49856,66	LONG	0,00167	5981,87	0,00451	HOLD	98,2349	171,4758
2021-09-03	18:00	49853,2	50242,25	49515,54	50168,54	LONG	0,00167	5981,87	0,00451	HOLD	98,2349	171,9966
2021-09-03	19:00	50168,55	50877,75	49888,24	50645,85	LONG	0,00167	5981,87	0,00451	HOLD	98,2349	172,7937
2021-09-03	20:00	50645,85	50940,91	50547,59	50713,2	LONG	0,00167	5981,87	0,00451	HOLD	98,2349	172,9062
2021-09-03	21:00	50713,19	51000	50205	50691,73	LONG	0,00167	5981,87	0,00451	HOLD	98,2349	172,8703
2021-09-03	22:00	50691,74	50833,47	50540	50550,44	LONG	0,00167	5981,87	0,00451	HOLD	98,2349	172,6344
2021-09-03	23:00	50550,45	50720	50461	50483,84	LONG	0,00167	5981,87	0,00451	HOLD	98,2349	172,5232
2021-09-04	00:00	50483,85	50595	50312	50396,59	LONG	0,00167	5981,87	0,00451	HOLD	98,2349	172,3774
2021-09-04	01:00	50396,59	50567,26	50210,67	50458,79	LONG	0,00167	5981,87	0,00451	HOLD	98,2349	172,4813
2021-09-04	02:00	50458,79	50541,66	50264,85	50528,49	LONG	0,00167	5981,87	0,00451	HOLD	98,2349	172,5977
2021-09-04	03:00	50528,5	50534,32	50028	50132,74	LONG	0,00167	5981,87	0,00451	HOLD	98,2349	171,9368
2021-09-04	04:00	50131,43	50249,7	50032,27	50239,89	LONG	0,00167	5981,87	0,00451	HOLD	98,2349	172,1158
2021-09-04	05:00	50239,89	50248,22	49600	49693,78	LONG	0,00167	5981,87	0,00451	HOLD	98,2349	171,2038
2021-09-04	06:00	49693,78	50041,58	49570	49999,14	LONG	0,00167	5981,87	0,00451	HOLD	98,2349	171,7137
2021-09-04	07:00	49998	50142,85	49683,85	49918,54	LONG	0,00167	5981,87	0,00451	HOLD	98,2349	171,5791
2021-09-04	08:00	49918,54	49918,54	49575,83	49688,72	LONG	0,00167	5981,87	0,00451	HOLD	98,2349	171,1953
2021-09-04	09:00	49688,73	50127,24	49600	50126,29	LONG	0,00167	5981,87	0,00451	HOLD	98,2349	171,926
2021-09-04	10:00	50126,29	50350,47	50016,21	50277,43	LONG	0,00167	5981,87	0,00451	HOLD	98,2349	172,1785
2021-09-04	11:00	50282,19	50463,08	50201	50330	LONG	0,00167	5981,87	0,00451	HOLD	98,2349	172,2662
2021-09-04	12:00	50330	50366,45	50156,63	50282,82	LONG	0,00167	5981,87	0,00451	HOLD	98,2349	172,1875
2021-09-04	13:00	50282,83	50349	50180,01	50323,03	LONG	0,00167	5981,87	0,00451	HOLD	98,2349	172,2546
2021-09-04	14:00	50323,03	50447,28	50109,04	50187,29	LONG	0,00167	5981,87	0,00451	HOLD	98,2349	172,0279
2021-09-04	15:00	50187,3	50220	49899,19	50092,26	LONG	0,00167	5981,87	0,00451	HOLD	98,2349	171,8692
2021-09-04	16:00	50092,27	50447,6	50026,8	50417,77	LONG	0,00167	5981,87	0,00451	HOLD	98,2349	172,4128
2021-09-04	17:00	50417,76	50535,69	49776,17	49789,59	LONG	0,00167	5981,87	0,00451	HOLD	98,2349	171,3638
2021-09-04	18:00	49789,6	50075,62	49690	49902,94	LONG	0,00167	5981,87	0,00451	HOLD	98,2349	171,5531
2021-09-04	19:00	49902,94	50317,05	49889,42	50234,12	LONG	0,00167	5981,87	0,00451	HOLD	98,2349	172,1061
2021-09-04	20:00	50234,11	50286,98	50057,29	50186,84	LONG	0,00167	5981,87	0,00451	HOLD	98,2349	172,0272
2021-09-04	21:00	50186,83	50200,77	49828	49971,62	LONG	0,00167	5981,87	0,00451	HOLD	98,2349	171,6677
2021-09-04	22:00	49971,62	50131,46	49750	49873,53	LONG	0,00167	5981,87	0,00451	HOLD	98,2349	171,5039
2021-09-04	23:00	49873,52	50043,49	49710,24	49814,48	LONG	0,00167	5981,87	0,00451	HOLD	98,2349	171,4053
2021-09-05	00:00	49814,48	49966,68	49370	49954,83	LONG	0,00167	5981,87	0,00451	HOLD	98,2349	171,6397
2021-09-05	01:00	49954,84	50025	49844,25	49879,01	LONG	0,00167	5981,87	0,00451	HOLD	98,2349	171,5131
2021-09-05	02:00	49879,02	49988,66	49624,12	49974,82	LONG	0,00167	5981,87	0,00451	HOLD	98,2349	171,6731
2021-09-05	03:00	49974,83	50230,18	49952,84	50156,65	LONG	0,00167	5981,87	0,00451	HOLD	98,2349	171,9767
2021-09-05	04:00	50156,65	50232,28	50068,35	50210,24	LONG	0,00167	5981,87	0,00451	HOLD	98,2349	172,0662
2021-09-05	05:00	50210,23	50262,95	49823,08	49867,18	LONG	0,00167	5981,87	0,00451	HOLD	98,2349	171,4933
2021-09-05	06:00	49867,17	50031,11	49724,22	49915,64	LONG	0,00167	5981,87	0,00451	HOLD	98,2349	171,5743
2021-09-05	07:00	49917,54	50240	49777	50164,99	LONG	0,00167	5981,87	0,00451	HOLD	98,2349	171,9907
2021-09-05	08:00	50164,99	50193,39	49903,96	50099,34	LONG	0,00167	5981,87	0,00451	HOLD	98,2349	171,881
2021-09-05	09:00	50099,33	50299,31	50050,79	50090	LONG	0,00167	5981,87	0,00451	HOLD	98,2349	171,8654
2021-09-05	10:00	50090	50128,58	49657,14	49663,21	LONG	0,00167	5981,87	0,00451	HOLD	98,2349	171,1527
2021-09-05	11:00	49663,22	49890,36	49640	49834,99	LONG	0,00167	5981,87	0,00451	HOLD	98,2349	171,4396
2021-09-05	12:00	49835	49854,99	49590	49688,8	LONG	0,00167	5981,87	0,00451	HOLD	98,2349	171,1954
2021-09-05	13:00	49688,79	49894,96	49450	49854,57	LONG	0,00167	5981,87	0,00451	HOLD	98,2349	171,4723
2021-09-05	14:00	49854,57	50040,01	49786,23	49857,14	LONG	0,00167	5981,87	0,00451	HOLD	98,2349	171,4766
2021-09-05	15:00	49857,14	50164,79	49810	50146,66	LONG	0,00167	5981,87	0,00451	HOLD	98,2349	171,9601
2021-09-05	16:00	50146,66	50221,16	50024,56	50125,19	LONG	0,00167	5981,87	0,00451	HOLD	98,2349	171,9242
2021-09-05	17:00	50125,19	50246,84	49929,45	49999,98	LONG	0,00167	5981,87	0,00451	HOLD	98,2349	171,7151
2021-09-05	18:00	49999,97	50390,01	49864,53	50198,78	LONG	0,00167	5981,87	0,00451	HOLD	98,2349	172,0471
2021-09-05	19:00	50198,78	50252,62	50014,21	50110,1	LONG	0,00167	5981,87	0,00451	HOLD	98,2349	171,899
2021-09-05	20:00	50110,11	50251,26	50045,02	50171,68	LONG	0,00167	5981,87	0,00451	HOLD	98,2349	172,0018
2021-09-05	21:00	50171,68	50494,11	50130,77	50239,99	LONG	0,00167	5981,87	0,00451	HOLD	98,2349	172,1159
2021-09-05	22:00	50240	50379,3	50071,33	50214,95	LONG	0,00167	5981,87	0,00451	HOLD	98,2349	172,0741
2021-09-05	23:00	50214,95	50412	50120	50367,59	LONG	0,00167	5981,87	0,00451	HOLD	98,2349	172,329
2021-09-06	00:00	50367,6	50500	50266,49	50299,69	LONG	0,00167	5981,87	0,00451	HOLD	98,2349	172,2156
2021-09-06	01:00	50299,7	50430	50236,49	50355	LONG	0,00167	5981,87	0,00451	HOLD	98,2349	172,308
2021-09-06	02:00	50355,01	50875,08	50355	50684,56	LONG	0,00167	5981,87	0,00451	HOLD	98,2349	172,8584
2021-09-06	03:00	50684,56	51684,85	50636,1	51636,29	LONG	0,00167	5981,87	0,00451	HOLD	98,2349	174,4477
2021-09-06	04:00	51636,28	51828	51452,21	51700	LONG	0,00167	5981,87	0,00451	HOLD	98,2349	174,5541
2021-09-06	05:00	51699,99	51900	51568,96	51821,99	LONG	0,00167	5981,87	0,00451	HOLD	98,2349	174,7579
2021-09-06	06:00	51821,99	51854,36	51576,74	51756,88	LONG	0,00167	5981,87	0,00451	HOLD	98,2349	174,6491
2021-09-06	07:00	51756,88	51885,36	51456	51741,29	LONG	0,00167	5981,87	0,00451	HOLD	98,2349	174,6231
2021-09-06	08:00	51741,28	51943,28	51630,09	51807,96	LONG	0,00167	5981,87	0,00451	HOLD	98,2349	174,7344
2021-09-06	09:00	51807,96	51857,99	51625,87	51667,38	LONG	0,00167	5981,87	0,00451	HOLD	98,2349	174,4997
2021-09-06	10:00	51667,37	51740,71	51447,89	51595,29	LONG	0,00167	5981,87	0,00451	HOLD	98,2349	174,3793
2021-09-06	11:00	51595,29	51718,92	51550	51687,1	LONG	0,00167	5981,87	0,00451	HOLD	98,2349	174,5326
2021-09-06	12:00	51687,1	51772,98	51615,64	51759,99	LONG	0,00167	5981,87	0,00451	HOLD	98,2349	174,6543
2021-09-06	13:00	51759,99	51890,9	51722,9	51845,08	LONG	0,00167	5981,87	0,00451	HOLD	98,2349	174,7964
2021-09-06	14:00	51845,08	51994,37	51671,81	51796,19	LONG	0,00167	5981,87	0,00451	HOLD	98,2349	174,7148
2021-09-06	15:00	51796,18	51808,85	51608,89	51671,38	LONG	0,00167	5981,87	0,00451	HOLD	98,2349	174,5063
2021-09-06	16:00	51671,37	51869,95	51629,39	51814,52	LONG	0,00167	5981,87	0,00451	HOLD	98,2349	174,7454
2021-09-06	17:00	51814,52	51839,77	51701,67	51794,02	LONG	0,00167	5981,87	0,00451	HOLD	98,2349	174,7112
2021-09-06	18:00	51794,02	52188,8	51282,05	51400,67	LONG	0,00167	5981,87	0,00451	HOLD	98,2349	174,0543
2021-09-06	19:00	51400,68	51541,63	50969,33	51368,83	LONG	0,00167	5981,87	0,00451	HOLD	98,2349	174,0011
2021-09-06	20:00	51368,83	51513,71	51104,57	51476,83	LONG	0,00167	5981,87	0,00451	HOLD	98,2349	174,1814
2021-09-06	21:00	51476,83	51721,94	51433	51702,39	LONG	0,00167	5981,87	0,00451	HOLD	98,2349	174,5581
2021-09-06	22:00	51702,4	51721,94	51555	51604,45	LONG	0,00167	5981,87	0,00451	HOLD	98,2349	174,3946
2021-09-06	23:00	51604,45	51744,83	51478,63	51550,38	LONG	0,00167	5981,87	0,00451	HOLD	98,2349	174,3043
2021-09-07	00:00	51550,39	51700	51523,27	51672,98	LONG	0,00167	5981,87	0,00451	HOLD	98,2349	174,509
2021-09-07	01:00	51672,99	51870,47	51600,19	51833,37	LONG	0,00167	5981,87	0,00451	HOLD	98,2349	174,7769
2021-09-07	02:00	51833,38	52032,74	51700	51715,39	LONG	0,00167	5981,87	0,00451	HOLD	98,2349	174,5798
2021-09-07	03:00	51715,4	51970	51625,98	51921,78	LONG	0,00167	5981,87	0,00451	HOLD	98,2349	174,9245
2021-09-07	04:00	51921,78	52142,85	51833,31	52098,99	LONG	0,00167	5981,87	0,00451	HOLD	98,2349	175,2205
2021-09-07	05:00	52098,99	52626,52	52072,11	52591,21	LONG	0,00167	5981,87	0,00451	HOLD	98,2349	176,0425
2021-09-07	06:00	52591,22	52780	52334,76	52663,9	LONG	0,00167	5981,87	0,00451	HOLD	98,2349	176,1639
2021-09-07	07:00	52666,2	52766,94	52336,1	52500,01	LONG	0,00167	5981,87	0,00451	HOLD	98,2349	175,8902
2021-09-07	08:00	52500,01	52697,52	52433,71	52489,55	LONG	0,00167	5981,87	0,00451	HOLD	98,2349	175,8727
2021-09-07	09:00	52489,55	52840	52489,55	52698	LONG	0,00167	5981,87	0,00451	HOLD	98,2349	176,2208
2021-09-07	10:00	52698,01	52920	52615,43	52654,16	LONG	0,00167	5981,87	0,00451	HOLD	98,2349	176,1476
2021-09-07	11:00	52654,16	52689,56	52501	52520	LONG	0,00167	5981,87	0,00451	HOLD	98,2349	175,9235
2021-09-07	12:00	52519,99	52731	52392,27	52665,01	LONG	0,00167	5981,87	0,00451	HOLD	98,2349	176,1657
2021-09-07	13:00	52665,01	52682,7	52329,43	52334,71	LONG	0,00167	5981,87	0,00451	HOLD	98,2349	175,6141
2021-09-07	14:00	52334,71	52470	52061,42	52344,08	LONG	0,00167	5981,87	0,00451	HOLD	98,2349	175,6298
2021-09-07	15:00	52344,08	52366,46	51069	51192,7	LONG	0,00167	5981,87	0,00451	HOLD	98,2349	173,707
2021-09-07	16:00	51192,7	51463,4	50402	50860,5	LONG	0,00167	5981,87	0,00451	HOLD	98,2349	173,1522
2021-09-07	17:00	50860,5	51245,31	50803,32	51130,22	LONG	0,00167	5981,87	0,00451	HOLD	98,2349	173,6026
2021-09-07	18:00	51130,22	51202	50912,01	50941,48	LONG	0,00167	5981,87	0,00451	HOLD	98,2349	173,2874
2021-09-07	19:00	50943,75	51124,91	50660,22	50984,89	LONG	0,00167	5981,87	0,00451	HOLD	98,2349	173,3599
2021-09-07	20:00	50985,27	51080	50559,13	50590,54	LONG	0,00167	5981,87	0,00451	HOLD	98,2349	172,7013
2021-09-07	21:00	50590,55	50789	47300	47374,1	LONG	0,00167	5981,87	0,00451	HOLD	98,2349	167,3299
2021-09-07	22:00	47300	48915,62	42843,05	46656,07	LONG	0,00167	5981,87	0,00451	HOLD	98,2349	166,1308
2021-09-07	23:00	46656,07	47544,93	46294,33	47425	LONG	0,00167	5981,87	0,00451	HOLD	98,2349	167,4149
2021-09-08	00:00	47424,99	47539,38	46569,62	46606,44	LONG	0,00167	5981,87	0,00451	HOLD	98,2349	166,0479
2021-09-08	01:00	46606,44	47350	45901,57	46922,02	LONG	0,00167	5981,87	0,00451	HOLD	98,2349	166,5749
2021-09-08	02:00	46922,02	47240,04	46515,68	46694,59	LONG	0,00167	5981,87	0,00451	HOLD	98,2349	166,1951
2021-09-08	03:00	46691,58	47140,54	46271,05	46795,28	LONG	0,00167	5981,87	0,00451	HOLD	98,2349	166,3633
2021-09-08	04:00	46795,28	46949,33	46080,01	46550	LONG	0,00167	5981,87	0,00451	HOLD	98,2349	165,9536
2021-09-08	05:00	46549,99	47000	46306,29	46777,03	LONG	0,00167	5981,87	0,00451	HOLD	98,2349	166,3328
2021-09-08	06:00	46777,03	47186,3	46447,56	46863,73	LONG	0,00167	5981,87	0,00451	HOLD	98,2349	166,4776
2021-09-08	07:00	46868,57	47110	46412,98	47035,99	LONG	0,00167	5981,87	0,00451	HOLD	98,2349	166,7652
2021-09-08	08:00	47030,55	47197,72	46701,63	47186,29	LONG	0,00167	5981,87	0,00451	HOLD	98,2349	167,0162
2021-09-08	09:00	47186,28	47340,99	47047,07	47055,5	LONG	0,00167	5981,87	0,00451	HOLD	98,2349	166,7978
2021-09-08	10:00	47055,49	47124,76	46234,29	46450,41	LONG	0,00167	5981,87	0,00451	HOLD	98,2349	165,7873
2021-09-08	11:00	46450,4	46825,5	46292,59	46432,12	LONG	0,00167	5981,87	0,00451	HOLD	98,2349	165,7568
2021-09-08	12:00	46432,11	46697,49	45958,18	46074,84	LONG	0,00167	5981,87	0,00451	HOLD	98,2349	165,1601
2021-09-08	13:00	46074,41	46386	45007	45150,01	LONG	0,00167	5981,87	0,00451	HOLD	98,2349	163,6157
2021-09-08	14:00	45150,01	45550	45025,04	45080,3	LONG	0,00167	5981,87	0,00451	HOLD	98,2349	163,4992
2021-09-08	15:00	45075,72	46033,62	44412,02	45983,62	LONG	0,00167	5981,87	0,00451	HOLD	98,2349	165,0078
2021-09-08	16:00	45983,61	46375,42	45727	46260,13	LONG	0,00167	5981,87	0,00451	HOLD	98,2349	165,4696
2021-09-08	17:00	46260,13	46594,01	45800	46463,7	LONG	0,00167	5981,87	0,00451	HOLD	98,2349	165,8095
2021-09-08	18:00	46463,69	46780	46340	46394,09	LONG	0,00167	5981,87	0,00451	HOLD	98,2349	165,6933
2021-09-08	19:00	46394,82	46700	46114,66	46254,25	LONG	0,00167	5981,87	0,00451	HOLD	98,2349	165,4597
2021-09-08	20:00	46254,26	46900	45583	46315,68	LONG	0,00167	5981,87	0,00451	HOLD	98,2349	165,5623
2021-09-08	21:00	46315,67	46374,1	45648,53	45821,2	LONG	0,00167	5981,87	0,00451	HOLD	98,2349	164,7365
2021-09-08	22:00	45821,2	46461,42	45760,02	46087,35	LONG	0,00167	5981,87	0,00451	HOLD	98,2349	165,181
2021-09-08	23:00	46082,9	46530	45860,01	46423,64	LONG	0,00167	5981,87	0,00451	HOLD	98,2349	165,7426
2021-09-09	00:00	46425,97	46434,52	45991,28	46200,19	LONG	0,00167	5981,87	0,00451	HOLD	98,2349	165,3695
2021-09-09	01:00	46200,2	46496,7	46090	46496,7	LONG	0,00167	5981,87	0,00451	HOLD	98,2349	165,8646
2021-09-09	02:00	46496,7	46500	46250	46436,32	LONG	0,00167	5981,87	0,00451	HOLD	98,2349	165,7638
2021-09-09	03:00	46436,31	46440,85	45827,9	46041,34	LONG	0,00167	5981,87	0,00451	HOLD	98,2349	165,1042
2021-09-09	04:00	46041,35	46277,35	45920,99	46042,17	LONG	0,00167	5981,87	0,00451	HOLD	98,2349	165,1056
2021-09-09	05:00	46042,16	46779	45968,83	46596,71	LONG	0,00167	5981,87	0,00451	HOLD	98,2349	166,0316
2021-09-09	06:00	46596,71	46678,31	45960	46048,31	LONG	0,00167	5981,87	0,00451	HOLD	98,2349	165,1158
2021-09-09	07:00	46048,31	46374,23	45858,36	46339,63	LONG	0,00167	5981,87	0,00451	HOLD	98,2349	165,6023
2021-09-09	08:00	46339,62	46349,02	45892,03	46097,58	LONG	0,00167	5981,87	0,00451	HOLD	98,2349	165,1981
2021-09-09	09:00	46099,7	46265,26	45701	45739,96	LONG	0,00167	5981,87	0,00451	HOLD	98,2349	164,6009
2021-09-09	10:00	45739,97	46087,3	45513,08	46001,11	LONG	0,00167	5981,87	0,00451	HOLD	98,2349	165,037
2021-09-09	11:00	46001,16	46320,1	45922,53	46165,24	LONG	0,00167	5981,87	0,00451	HOLD	98,2349	165,3111
2021-09-09	12:00	46165,23	46338,41	46008,29	46304,44	LONG	0,00167	5981,87	0,00451	HOLD	98,2349	165,5436
2021-09-09	13:00	46304,45	46358,4	46030,82	46146,44	LONG	0,00167	5981,87	0,00451	HOLD	98,2349	165,2797
2021-09-09	14:00	46146,44	46313,82	45883,42	46275	LONG	0,00167	5981,87	0,00451	HOLD	98,2349	165,4944
2021-09-09	15:00	46275,01	46560	46159,01	46272,06	LONG	0,00167	5981,87	0,00451	HOLD	98,2349	165,4895
2021-09-09	16:00	46272,07	46394,4	46111,11	46160,88	LONG	0,00167	5981,87	0,00451	HOLD	98,2349	165,3038
2021-09-09	17:00	46160,88	46183,09	45888,38	46153,01	LONG	0,00167	5981,87	0,00451	HOLD	98,2349	165,2907
2021-09-09	18:00	46153	46414,14	46070,8	46293,15	LONG	0,00167	5981,87	0,00451	HOLD	98,2349	165,5247
2021-09-09	19:00	46293,15	46850	45599	46670,7	LONG	0,00167	5981,87	0,00451	HOLD	98,2349	166,1552
2021-09-09	20:00	46670,71	47240,68	46654,03	46875,98	LONG	0,00167	5981,87	0,00451	HOLD	98,2349	166,498
2021-09-09	21:00	46875,97	47180	46872,8	46931,78	LONG	0,00167	5981,87	0,00451	HOLD	98,2349	166,5912
2021-09-09	22:00	46931,78	47044,31	46690,04	47001,65	LONG	0,00167	5981,87	0,00451	HOLD	98,2349	166,7079
2021-09-09	23:00	47001,65	47399,97	46844,62	47202,76	LONG	0,00167	5981,87	0,00451	HOLD	98,2349	167,0438
2021-09-10	00:00	47202,76	47263,37	46751,07	46766,32	LONG	0,00167	5981,87	0,00451	HOLD	98,2349	166,3149
2021-09-10	01:00	46766,31	46828,05	46460,87	46632,42	LONG	0,00167	5981,87	0,00451	HOLD	98,2349	166,0913
2021-09-10	02:00	46632,41	46719,99	46487,66	46574,75	LONG	0,00167	5981,87	0,00451	HOLD	98,2349	165,995
2021-09-10	03:00	46567,2	46646,56	46051,21	46252,36	LONG	0,00167	5981,87	0,00451	HOLD	98,2349	165,4566
2021-09-10	04:00	46252,35	46486,66	46206,77	46484,22	LONG	0,00167	5981,87	0,00451	HOLD	98,2349	165,8438
2021-09-10	05:00	46484,21	46567,73	46266,71	46512,15	LONG	0,00167	5981,87	0,00451	HOLD	98,2349	165,8904
2021-09-10	06:00	46512,15	46643,47	46285,96	46395,14	LONG	0,00167	5981,87	0,00451	HOLD	98,2349	165,695
2021-09-10	07:00	46395,14	46699,15	46262,01	46577,3	LONG	0,00167	5981,87	0,00451	HOLD	98,2349	165,9992
2021-09-10	08:00	46577,3	47033	46562,97	46894,74	LONG	0,00167	5981,87	0,00451	HOLD	98,2349	166,5294
2021-09-10	09:00	46898,23	46980	46665,07	46677,56	LONG	0,00167	5981,87	0,00451	HOLD	98,2349	166,1667
2021-09-10	10:00	46677,57	46727,66	46475,71	46719,71	LONG	0,00167	5981,87	0,00451	HOLD	98,2349	166,2371
2021-09-10	11:00	46719,71	46817,99	46546,72	46564,66	LONG	0,00167	5981,87	0,00451	HOLD	98,2349	165,9781
2021-09-10	12:00	46564,66	46768,12	46314,64	46694,96	LONG	0,00167	5981,87	0,00451	HOLD	98,2349	166,1957
2021-09-10	13:00	46694,96	46715,54	46365,51	46391,95	LONG	0,00167	5981,87	0,00451	HOLD	98,2349	165,6897
2021-09-10	14:00	46391,95	46484,97	45900	46160,55	LONG	0,00167	5981,87	0,00451	HOLD	98,2349	165,3033
2021-09-10	15:00	46160,55	46359	45623,44	46000	LONG	0,00167	5981,87	0,00451	HOLD	98,2349	165,0351
2021-09-10	16:00	46000	46338,53	45732,88	46219,36	LONG	0,00167	5981,87	0,00451	HOLD	98,2349	165,4015
2021-09-10	17:00	46219,36	46381,98	46100	46243,29	LONG	0,00167	5981,87	0,00451	HOLD	98,2349	165,4414
2021-09-10	18:00	46243,3	46390	45956,78	46331,86	LONG	0,00167	5981,87	0,00451	HOLD	98,2349	165,5893
2021-09-10	19:00	46331,85	46494,99	45840,32	45914,88	LONG	0,00167	5981,87	0,00451	HOLD	98,2349	164,893
2021-09-10	20:00	45914,87	46232,47	45600	45845,35	LONG	0,00167	5981,87	0,00451	HOLD	98,2349	164,7769
2021-09-10	21:00	45845,35	46106,75	44888	45152,79	LONG	0,00167	5981,87	0,00451	HOLD	98,2349	163,6203
2021-09-10	22:00	45145,83	45623,17	44738,9	45420,86	LONG	0,00167	5981,87	0,00451	HOLD	98,2349	164,068
2021-09-10	23:00	45420,86	45542,44	45308	45473,4	LONG	0,00167	5981,87	0,00451	HOLD	98,2349	164,1557
2021-09-11	00:00	45473,41	45720	45380	45711,08	LONG	0,00167	5981,87	0,00451	HOLD	98,2349	164,5526
2021-09-11	01:00	45711,09	45819,93	45617,1	45708,78	LONG	0,00167	5981,87	0,00451	HOLD	98,2349	164,5488
2021-09-11	02:00	45708,79	45739,98	45461,86	45649,78	LONG	0,00167	5981,87	0,00451	HOLD	98,2349	164,4503
2021-09-11	03:00	45649,78	45831	45045	45066,83	LONG	0,00167	5981,87	0,00451	HOLD	98,2349	163,4767
2021-09-11	04:00	45066,83	45266,92	44132,29	44592,91	LONG	0,00167	5981,87	0,00451	HOLD	98,2349	162,6853
2021-09-11	05:00	44592,91	44881,75	44334,79	44471,77	LONG	0,00167	5981,87	0,00451	HOLD	98,2349	162,483
2021-09-11	06:00	44471,77	44877,36	44244,96	44850,91	LONG	0,00167	5981,87	0,00451	HOLD	98,2349	163,1162
2021-09-11	07:00	44842,2	45247	44722,22	45221,27	LONG	0,00167	5981,87	0,00451	HOLD	98,2349	163,7347
2021-09-11	08:00	45221,28	45498,27	45174,99	45338,66	LONG	0,00167	5981,87	0,00451	HOLD	98,2349	163,9307
2021-09-11	09:00	45338,65	45451,85	45139,25	45280,71	LONG	0,00167	5981,87	0,00451	HOLD	98,2349	163,8339
2021-09-11	10:00	45280,7	45313,41	44870,29	45191,88	LONG	0,00167	5981,87	0,00451	HOLD	98,2349	163,6856
2021-09-11	11:00	45191,89	45469,85	45136,48	45303,43	LONG	0,00167	5981,87	0,00451	HOLD	98,2349	163,8719
2021-09-11	12:00	45302,2	45365,49	45001,01	45341,33	LONG	0,00167	5981,87	0,00451	HOLD	98,2349	163,9352
2021-09-11	13:00	45341,33	45443,81	45164,98	45268,23	LONG	0,00167	5981,87	0,00451	HOLD	98,2349	163,8131
2021-09-11	14:00	45268,24	45315,58	44765,52	45043,97	LONG	0,00167	5981,87	0,00451	HOLD	98,2349	163,4386
2021-09-11	15:00	45043,97	45188,93	44835,29	45126,98	LONG	0,00167	5981,87	0,00451	HOLD	98,2349	163,5772
2021-09-11	16:00	45125,43	45488,56	44947,03	45475,74	LONG	0,00167	5981,87	0,00451	HOLD	98,2349	164,1596
2021-09-11	17:00	45475,74	45727,49	45414,33	45668	LONG	0,00167	5981,87	0,00451	HOLD	98,2349	164,4807
2021-09-11	18:00	45668	45689,2	45363,22	45555,04	LONG	0,00167	5981,87	0,00451	HOLD	98,2349	164,2921
2021-09-11	19:00	45555,68	45796,93	45444,44	45569,28	LONG	0,00167	5981,87	0,00451	HOLD	98,2349	164,3158
2021-09-11	20:00	45569,27	45645,87	45379,64	45620,44	LONG	0,00167	5981,87	0,00451	HOLD	98,2349	164,4013
2021-09-11	21:00	45618,6	45768	45527,38	45675,13	LONG	0,00167	5981,87	0,00451	HOLD	98,2349	164,4926
2021-09-11	22:00	45675,14	45698,3	45494,6	45573,99	LONG	0,00167	5981,87	0,00451	HOLD	98,2349	164,3237
2021-09-11	23:00	45573,99	45987,93	45405,5	45853,71	LONG	0,00167	5981,87	0,00451	HOLD	98,2349	164,7908
2021-09-12	00:00	45853,71	45888,33	45609	45626,3	LONG	0,00167	5981,87	0,00451	HOLD	98,2349	164,4111
2021-09-12	01:00	45626,55	45668,82	45468,8	45647,33	LONG	0,00167	5981,87	0,00451	HOLD	98,2349	164,4462
2021-09-12	02:00	45647,34	45707,91	45300	45357,06	LONG	0,00167	5981,87	0,00451	HOLD	98,2349	163,9614
2021-09-12	03:00	45360,57	45426,63	45150	45300,21	LONG	0,00167	5981,87	0,00451	HOLD	98,2349	163,8665
2021-09-12	04:00	45300,22	45450	45267,65	45380	LONG	0,00167	5981,87	0,00451	HOLD	98,2349	163,9997
2021-09-12	05:00	45380	45382,47	45006	45088,95	LONG	0,00167	5981,87	0,00451	HOLD	98,2349	163,5137
2021-09-12	06:00	45088,94	45221,84	44974,79	45173,69	LONG	0,00167	5981,87	0,00451	HOLD	98,2349	163,6552
2021-09-12	07:00	45173,68	45297,28	44769,5	44953,98	LONG	0,00167	5981,87	0,00451	HOLD	98,2349	163,2883
2021-09-12	08:00	44953,99	45014,79	44742,06	44949,97	LONG	0,00167	5981,87	0,00451	HOLD	98,2349	163,2816
2021-09-12	09:00	44949,98	45319,39	44907,09	45304,4	LONG	0,00167	5981,87	0,00451	HOLD	98,2349	163,8735
2021-09-12	10:00	45304,4	45343,6	45198,93	45316,28	LONG	0,00167	5981,87	0,00451	HOLD	98,2349	163,8933
2021-09-12	11:00	45316,27	45500	45222,17	45334,11	LONG	0,00167	5981,87	0,00451	HOLD	98,2349	163,9231
2021-09-12	12:00	45334,1	45492,71	45236	45365,05	LONG	0,00167	5981,87	0,00451	HOLD	98,2349	163,9748
2021-09-12	13:00	45365,06	45438,58	45112,93	45150,33	LONG	0,00167	5981,87	0,00451	HOLD	98,2349	163,6162
2021-09-12	14:00	45150,34	45383,77	45044	45357,02	LONG	0,00167	5981,87	0,00451	HOLD	98,2349	163,9614
2021-09-12	15:00	45357,03	46155	45301,1	46119,31	LONG	0,00167	5981,87	0,00451	HOLD	98,2349	165,2344
2021-09-12	16:00	46123,91	46200	45834,96	45857,81	LONG	0,00167	5981,87	0,00451	HOLD	98,2349	164,7977
2021-09-12	17:00	45857,81	45984,97	45730,27	45944,77	LONG	0,00167	5981,87	0,00451	HOLD	98,2349	164,9429
2021-09-12	18:00	45944,76	46085,91	45864,82	46085,9	LONG	0,00167	5981,87	0,00451	HOLD	98,2349	165,1786
2021-09-12	19:00	46085,91	46161,51	45950	45995,06	LONG	0,00167	5981,87	0,00451	HOLD	98,2349	165,0269
2021-09-12	20:00	45995,05	46270,56	45738	45924,35	LONG	0,00167	5981,87	0,00451	HOLD	98,2349	164,9088
2021-09-12	21:00	45924,35	46019,07	45841,7	45870,32	LONG	0,00167	5981,87	0,00451	HOLD	98,2349	164,8186
2021-09-12	22:00	45870,31	45970	45744,24	45886,99	LONG	0,00167	5981,87	0,00451	HOLD	98,2349	164,8464
2021-09-12	23:00	45890,61	46146,89	45840	45881,19	LONG	0,00167	5981,87	0,00451	HOLD	98,2349	164,8367
2021-09-13	00:00	45881,19	45978,21	45839,72	45930,95	LONG	0,00167	5981,87	0,00451	HOLD	98,2349	164,9198
2021-09-13	01:00	45930,94	45995,45	45802,89	45896,63	LONG	0,00167	5981,87	0,00451	HOLD	98,2349	164,8625
2021-09-13	02:00	45896,64	45964,03	45761,01	45902,87	LONG	0,00167	5981,87	0,00451	HOLD	98,2349	164,8729
2021-09-13	03:00	45902,87	46200	45000,68	45091,83	LONG	0,00167	5981,87	0,00451	HOLD	98,2349	163,5185
2021-09-13	04:00	45089,99	45294,74	44900	45287,41	LONG	0,00167	5981,87	0,00451	HOLD	98,2349	163,8451
2021-09-13	05:00	45287,4	45786,78	45264,8	45786,78	LONG	0,00167	5981,87	0,00451	HOLD	98,2349	164,6791
2021-09-13	06:00	45786,78	46460	45786,78	46025,24	LONG	0,00167	5981,87	0,00451	HOLD	98,2349	165,0773
2021-09-13	07:00	46025,23	46285,71	45932,2	46046,28	LONG	0,00167	5981,87	0,00451	HOLD	98,2349	165,1124
2021-09-13	08:00	46046,28	46100	45101,78	45177,19	LONG	0,00167	5981,87	0,00451	HOLD	98,2349	163,661
2021-09-13	09:00	45177,19	45273,5	44817,41	44960,37	LONG	0,00167	5981,87	0,00451	HOLD	98,2349	163,299
2021-09-13	10:00	44960,37	45134,35	44555	44617,79	LONG	0,00167	5981,87	0,00451	HOLD	98,2349	162,7269
2021-09-13	11:00	44614,68	44765	44480	44711	LONG	0,00167	5981,87	0,00451	HOLD	98,2349	162,8825
2021-09-13	12:00	44711	44974,19	44315	44745,14	LONG	0,00167	5981,87	0,00451	HOLD	98,2349	162,9395
2021-09-13	13:00	44745,14	44906,68	44594,74	44813,5	LONG	0,00167	5981,87	0,00451	HOLD	98,2349	163,0537
2021-09-13	14:00	44813,5	44893,1	44174	44470,63	LONG	0,00167	5981,87	0,00451	HOLD	98,2349	162,4811
2021-09-13	15:00	44470,62	44561,53	44164,2	44395	LONG	0,00167	5981,87	0,00451	HOLD	98,2349	162,3548
2021-09-13	16:00	44395	44654,87	44344,67	44509,87	LONG	0,00167	5981,87	0,00451	HOLD	98,2349	162,5466
2021-09-13	17:00	44509,87	44770,93	44468,58	44691,66	LONG	0,00167	5981,87	0,00451	HOLD	98,2349	162,8502
2021-09-13	18:00	44691,66	44915	44170,01	44859,24	LONG	0,00167	5981,87	0,00451	HOLD	98,2349	163,1301
2021-09-13	19:00	44859,24	45006	44500	44629,42	LONG	0,00167	5981,87	0,00451	HOLD	98,2349	162,7463
2021-09-13	20:00	44629,42	46880	44565,86	46140,01	LONG	0,00167	5981,87	0,00451	HOLD	98,2349	165,269
2021-09-13	21:00	46140,01	46249,37	43370	43933,32	LONG	0,00167	5981,87	0,00451	HOLD	98,2349	161,5838
2021-09-13	22:00	43933,32	44533,33	43858	44361,31	LONG	0,00167	5981,87	0,00451	HOLD	98,2349	162,2985
2021-09-13	23:00	44361,97	44454,91	44167,01	44434,98	LONG	0,00167	5981,87	0,00451	HOLD	98,2349	162,4216
2021-09-14	00:00	44434,97	44561,52	44310,01	44461,74	LONG	0,00167	5981,87	0,00451	HOLD	98,2349	162,4662
2021-09-14	01:00	44461,74	44740,45	44304,48	44705,37	LONG	0,00167	5981,87	0,00451	HOLD	98,2349	162,8731
2021-09-14	02:00	44707,85	44813,55	44605,2	44741,66	LONG	0,00167	5981,87	0,00451	HOLD	98,2349	162,9337
2021-09-14	03:00	44741,66	45260	44738,34	45168,52	LONG	0,00167	5981,87	0,00451	HOLD	98,2349	163,6466
2021-09-14	04:00	45174,25	45500	44910,93	45100,89	LONG	0,00167	5981,87	0,00451	HOLD	98,2349	163,5336
2021-09-14	05:00	45100,88	45222,22	44931,71	45055,36	LONG	0,00167	5981,87	0,00451	HOLD	98,2349	163,4576
2021-09-14	06:00	45055,36	45131	44784,03	44940,73	LONG	0,00167	5981,87	0,00451	HOLD	98,2349	163,2662
2021-09-14	07:00	44940,72	45300	44594,44	45168,69	LONG	0,00167	5981,87	0,00451	HOLD	98,2349	163,6469
2021-09-14	08:00	45168,7	45363,93	45088,7	45132,78	LONG	0,00167	5981,87	0,00451	HOLD	98,2349	163,5869
2021-09-14	09:00	45132,82	45185,45	44976,84	45024,31	LONG	0,00167	5981,87	0,00451	HOLD	98,2349	163,4057
2021-09-14	10:00	45024,3	45289,46	45010	45186,85	LONG	0,00167	5981,87	0,00451	HOLD	98,2349	163,6772
2021-09-14	11:00	45186,85	45320	45059,61	45083,6	LONG	0,00167	5981,87	0,00451	HOLD	98,2349	163,5048
2021-09-14	12:00	45083,6	45256,04	45050,1	45237,46	LONG	0,00167	5981,87	0,00451	HOLD	98,2349	163,7617
2021-09-14	13:00	45237,47	45712,76	45148,56	45603,52	LONG	0,00167	5981,87	0,00451	HOLD	98,2349	164,373
2021-09-14	14:00	45603,53	45881,6	45603,52	45720,02	LONG	0,00167	5981,87	0,00451	HOLD	98,2349	164,5676
2021-09-14	15:00	45720,03	46048,49	45678,01	45961,72	LONG	0,00167	5981,87	0,00451	HOLD	98,2349	164,9712
2021-09-14	16:00	45961,71	46178,43	45729,52	45836,71	LONG	0,00167	5981,87	0,00451	HOLD	98,2349	164,7624
2021-09-14	17:00	45836,71	46074,83	45800,22	46027,93	LONG	0,00167	5981,87	0,00451	HOLD	98,2349	165,0818
2021-09-14	18:00	46027,93	46141,78	45860,02	45973,8	LONG	0,00167	5981,87	0,00451	HOLD	98,2349	164,9914
2021-09-14	19:00	45973,79	46600	45756,16	46532,99	LONG	0,00167	5981,87	0,00451	HOLD	98,2349	165,9252
2021-09-14	20:00	46533	46750	46319,24	46419,24	LONG	0,00167	5981,87	0,00451	HOLD	98,2349	165,7353
2021-09-14	21:00	46419,34	46577,19	46052,15	46564,5	LONG	0,00167	5981,87	0,00451	HOLD	98,2349	165,9779
2021-09-14	22:00	46564,49	46950	46557,12	46754,42	LONG	0,00167	5981,87	0,00451	HOLD	98,2349	166,295
2021-09-14	23:00	46754,43	46888,88	46512,95	46587,81	LONG	0,00167	5981,87	0,00451	HOLD	98,2349	166,0168
2021-09-15	00:00	46587,81	46793,71	46444,44	46739,74	LONG	0,00167	5981,87	0,00451	HOLD	98,2349	166,2705
2021-09-15	01:00	46739,75	46739,75	46331,01	46507,9	LONG	0,00167	5981,87	0,00451	HOLD	98,2349	165,8833
2021-09-15	02:00	46507,9	46650,01	46431,08	46474,89	LONG	0,00167	5981,87	0,00451	HOLD	98,2349	165,8282
2021-09-15	03:00	46474,89	46964,9	46455,66	46792,97	LONG	0,00167	5981,87	0,00451	HOLD	98,2349	166,3594
2021-09-15	04:00	46793,49	46839,47	46376,99	46628,94	LONG	0,00167	5981,87	0,00451	HOLD	98,2349	166,0855
2021-09-15	05:00	46628,95	47249,45	46574,13	47182,69	LONG	0,00167	5981,87	0,00451	HOLD	98,2349	167,0102
2021-09-15	06:00	47182,68	47250	46883,52	47111,52	LONG	0,00167	5981,87	0,00451	HOLD	98,2349	166,8914
2021-09-15	07:00	47103,28	47369,17	46938,22	47155,08	LONG	0,00167	5981,87	0,00451	HOLD	98,2349	166,9641
2021-09-15	08:00	47155,09	47470	46978,29	47050,73	LONG	0,00167	5981,87	0,00451	HOLD	98,2349	166,7899
2021-09-15	09:00	47050,73	47213,62	46972,58	47175,98	LONG	0,00167	5981,87	0,00451	HOLD	98,2349	166,999
2021-09-15	10:00	47175,99	47200	46950	47075,48	LONG	0,00167	5981,87	0,00451	HOLD	98,2349	166,8312
2021-09-15	11:00	47075,47	47124,95	46831,78	46867,71	LONG	0,00167	5981,87	0,00451	HOLD	98,2349	166,4842
2021-09-15	12:00	46867,71	47099,98	46788	46893,37	LONG	0,00167	5981,87	0,00451	HOLD	98,2349	166,5271
2021-09-15	13:00	46893,37	47031,87	46682,32	46914,99	LONG	0,00167	5981,87	0,00451	HOLD	98,2349	166,5632
2021-09-15	14:00	46915	47221,54	46862,4	47172,84	LONG	0,00167	5981,87	0,00451	HOLD	98,2349	166,9938
2021-09-15	15:00	47172,84	47317,7	47013	47055,86	LONG	0,00167	5981,87	0,00451	HOLD	98,2349	166,7984
2021-09-15	16:00	47055,87	47289,14	47043,07	47124,38	LONG	0,00167	5981,87	0,00451	HOLD	98,2349	166,9129
2021-09-15	17:00	47124,39	47699	47114,76	47605,35	LONG	0,00167	5981,87	0,00451	HOLD	98,2349	167,7161
2021-09-15	18:00	47605,34	47653,99	47331,53	47560,74	LONG	0,00167	5981,87	0,00451	HOLD	98,2349	167,6416
2021-09-15	19:00	47560,74	47664,98	47282,79	47397,8	LONG	0,00167	5981,87	0,00451	HOLD	98,2349	167,3695
2021-09-15	20:00	47397,79	47839	47333,16	47730,61	LONG	0,00167	5981,87	0,00451	HOLD	98,2349	167,9253
2021-09-15	21:00	47730,61	47895	47621,69	47860,32	LONG	0,00167	5981,87	0,00451	HOLD	98,2349	168,1419
2021-09-15	22:00	47860,31	48370,31	47807,81	48288	LONG	0,00167	5981,87	0,00451	HOLD	98,2349	168,8561
2021-09-15	23:00	48287,99	48429,87	48050	48056,51	LONG	0,00167	5981,87	0,00451	HOLD	98,2349	168,4695
2021-09-16	00:00	48056,5	48257,44	47951,01	47980,67	LONG	0,00167	5981,87	0,00451	HOLD	98,2349	168,3429
2021-09-16	01:00	47982,53	48072,65	47835,36	48029,34	LONG	0,00167	5981,87	0,00451	HOLD	98,2349	168,4241
2021-09-16	02:00	48027,85	48144	47943,08	48075,44	LONG	0,00167	5981,87	0,00451	HOLD	98,2349	168,5011
2021-09-16	03:00	48075,44	48178,98	47900	47918,92	LONG	0,00167	5981,87	0,00451	HOLD	98,2349	168,2397
2021-09-16	04:00	47918,92	48250,01	47910,97	48167,62	LONG	0,00167	5981,87	0,00451	HOLD	98,2349	168,6551
2021-09-16	05:00	48167,61	48299,99	47983,31	48278,39	LONG	0,00167	5981,87	0,00451	HOLD	98,2349	168,8401
2021-09-16	06:00	48278,38	48500	48009,48	48121,41	LONG	0,00167	5981,87	0,00451	HOLD	98,2349	168,5779
2021-09-16	07:00	48121,4	48192,06	47841,5	47893,46	LONG	0,00167	5981,87	0,00451	HOLD	98,2349	168,1972
2021-09-16	08:00	47893,46	48077,51	47830,07	47970,16	LONG	0,00167	5981,87	0,00451	HOLD	98,2349	168,3253
2021-09-16	09:00	47970,16	48088	47712,01	47915,97	LONG	0,00167	5981,87	0,00451	HOLD	98,2349	168,2348
2021-09-16	10:00	47915,98	47941,05	47337,58	47615,08	LONG	0,00167	5981,87	0,00451	HOLD	98,2349	167,7323
2021-09-16	11:00	47615,07	48557	47583,11	48286,99	LONG	0,00167	5981,87	0,00451	HOLD	98,2349	168,8544
2021-09-16	12:00	48287	48374,08	48176,29	48261,89	LONG	0,00167	5981,87	0,00451	HOLD	98,2349	168,8125
2021-09-16	13:00	48261,9	48444	48251,67	48356,7	LONG	0,00167	5981,87	0,00451	HOLD	98,2349	168,9708
2021-09-16	14:00	48356,69	48500	48327,54	48343,52	LONG	0,00167	5981,87	0,00451	HOLD	98,2349	168,9488
2021-09-16	15:00	48343,52	48356,01	48014,61	48083,19	LONG	0,00167	5981,87	0,00451	HOLD	98,2349	168,5141
2021-09-16	16:00	48083,19	48276,41	47839,24	47905,98	LONG	0,00167	5981,87	0,00451	HOLD	98,2349	168,2181
2021-09-16	17:00	47905,98	48050	47623	47822,45	LONG	0,00167	5981,87	0,00451	HOLD	98,2349	168,0786
2021-09-16	18:00	47822,44	48045,77	47734,55	47895,01	LONG	0,00167	5981,87	0,00451	HOLD	98,2349	168,1998
2021-09-16	19:00	47895,01	48165	47743,52	48037	LONG	0,00167	5981,87	0,00451	HOLD	98,2349	168,4369
2021-09-16	20:00	48037	48097,03	47449,05	47454,55	LONG	0,00167	5981,87	0,00451	HOLD	98,2349	167,4642
2021-09-16	21:00	47458,7	47715	47211,35	47588,84	LONG	0,00167	5981,87	0,00451	HOLD	98,2349	167,6885
2021-09-16	22:00	47588,83	48226,38	47416,7	48020,24	LONG	0,00167	5981,87	0,00451	HOLD	98,2349	168,4089
2021-09-16	23:00	48020,24	48166,66	47916,39	47950	LONG	0,00167	5981,87	0,00451	HOLD	98,2349	168,2916
2021-09-17	00:00	47950,01	48030	47368,08	47397,43	LONG	0,00167	5981,87	0,00451	HOLD	98,2349	167,3689
2021-09-17	01:00	47397,43	47655,99	47269	47655,99	LONG	0,00167	5981,87	0,00451	HOLD	98,2349	167,8006
2021-09-17	02:00	47655,99	47736	47420,36	47430,01	LONG	0,00167	5981,87	0,00451	HOLD	98,2349	167,4233
2021-09-17	03:00	47430	47537,25	47021,1	47146,62	LONG	0,00167	5981,87	0,00451	HOLD	98,2349	166,95
2021-09-17	04:00	47146,62	47690,11	47085,57	47669,5	LONG	0,00167	5981,87	0,00451	HOLD	98,2349	167,8232
2021-09-17	05:00	47669,51	47774,89	47524,92	47638,42	LONG	0,00167	5981,87	0,00451	HOLD	98,2349	167,7713
2021-09-17	06:00	47638,41	47942,41	47575,15	47737,82	LONG	0,00167	5981,87	0,00451	HOLD	98,2349	167,9373
2021-09-17	07:00	47737,81	47880	47499,04	47499,99	LONG	0,00167	5981,87	0,00451	HOLD	98,2349	167,5401
2021-09-17	08:00	47499,99	48094,26	47450,44	48028,01	LONG	0,00167	5981,87	0,00451	HOLD	98,2349	168,4219
2021-09-17	09:00	48028,02	48076,43	47728	47744,27	LONG	0,00167	5981,87	0,00451	HOLD	98,2349	167,9481
2021-09-17	10:00	47744,27	48069,99	47715,35	47899,83	LONG	0,00167	5981,87	0,00451	HOLD	98,2349	168,2079
2021-09-17	11:00	47899,83	48132,82	47741,66	48071,87	LONG	0,00167	5981,87	0,00451	HOLD	98,2349	168,4952
2021-09-17	12:00	48071,14	48150	47940,12	48044,84	LONG	0,00167	5981,87	0,00451	HOLD	98,2349	168,45
2021-09-17	13:00	48040,18	48099,62	47809,84	48057,62	LONG	0,00167	5981,87	0,00451	HOLD	98,2349	168,4714
2021-09-17	14:00	48057,62	48130	47652,51	47719,73	LONG	0,00167	5981,87	0,00451	HOLD	98,2349	167,9071
2021-09-17	15:00	47719,73	47986,78	47644,36	47915,56	LONG	0,00167	5981,87	0,00451	HOLD	98,2349	168,2341
2021-09-17	16:00	47915,57	47989,2	47700	47720,99	LONG	0,00167	5981,87	0,00451	HOLD	98,2349	167,9092
2021-09-17	17:00	47721	47782,24	47324,87	47454,4	LONG	0,00167	5981,87	0,00451	HOLD	98,2349	167,464
2021-09-17	18:00	47454,4	47789,87	47278,9	47403,56	LONG	0,00167	5981,87	0,00451	HOLD	98,2349	167,3791
2021-09-17	19:00	47403,56	47529,35	47222,13	47464,92	LONG	0,00167	5981,87	0,00451	HOLD	98,2349	167,4816
2021-09-17	20:00	47464,92	47464,92	47126,1	47240,34	LONG	0,00167	5981,87	0,00451	HOLD	98,2349	167,1065
2021-09-17	21:00	47240,33	47563,98	47214,93	47489,37	LONG	0,00167	5981,87	0,00451	HOLD	98,2349	167,5224
2021-09-17	22:00	47489,36	47656,35	47425,85	47527,52	LONG	0,00167	5981,87	0,00451	HOLD	98,2349	167,5861
2021-09-17	23:00	47527,52	47730	47353,69	47619,14	LONG	0,00167	5981,87	0,00451	HOLD	98,2349	167,7391
2021-09-18	00:00	47619,15	47672,41	47213	47247,38	LONG	0,00167	5981,87	0,00451	HOLD	98,2349	167,1183
2021-09-18	01:00	47247,39	47333,05	46750,47	47195,51	LONG	0,00167	5981,87	0,00451	HOLD	98,2349	167,0316
2021-09-18	02:00	47195,5	47543	47073,26	47501,68	LONG	0,00167	5981,87	0,00451	HOLD	98,2349	167,5429
2021-09-18	03:00	47501,68	47578,94	46966	46970,96	LONG	0,00167	5981,87	0,00451	HOLD	98,2349	166,6566
2021-09-18	04:00	46970,96	47285,13	46699,56	47269,29	LONG	0,00167	5981,87	0,00451	HOLD	98,2349	167,1549
2021-09-18	05:00	47269,28	47440,01	46913,51	46968,29	LONG	0,00167	5981,87	0,00451	HOLD	98,2349	166,6522
2021-09-18	06:00	46968,29	47312,24	46889,05	47299,98	LONG	0,00167	5981,87	0,00451	HOLD	98,2349	167,2061
2021-09-18	07:00	47299,98	47382,23	47035,56	47382,22	LONG	0,00167	5981,87	0,00451	HOLD	98,2349	167,3434
2021-09-18	08:00	47382,23	47688	47329,41	47597,33	LONG	0,00167	5981,87	0,00451	HOLD	98,2349	167,7027
2021-09-18	09:00	47597,34	47689,89	47529,69	47651,48	LONG	0,00167	5981,87	0,00451	HOLD	98,2349	167,7931
2021-09-18	10:00	47651,47	47987,49	47651,47	47924,57	LONG	0,00167	5981,87	0,00451	HOLD	98,2349	168,2492
2021-09-18	11:00	47924,57	48339	47919,91	48329,3	LONG	0,00167	5981,87	0,00451	HOLD	98,2349	168,9251
2021-09-18	12:00	48329,3	48843,2	48283,27	48678,99	LONG	0,00167	5981,87	0,00451	HOLD	98,2349	169,5091
2021-09-18	13:00	48682,03	48767,33	48496,45	48590,87	LONG	0,00167	5981,87	0,00451	HOLD	98,2349	169,3619
2021-09-18	14:00	48590,87	48730	48502,68	48622,01	LONG	0,00167	5981,87	0,00451	HOLD	98,2349	169,4139
2021-09-18	15:00	48622,01	48765,43	48571,27	48656,62	LONG	0,00167	5981,87	0,00451	HOLD	98,2349	169,4717
2021-09-18	16:00	48656,62	48824,54	48505	48613,88	LONG	0,00167	5981,87	0,00451	HOLD	98,2349	169,4003
2021-09-18	17:00	48613,88	48697,13	48547,52	48582,57	LONG	0,00167	5981,87	0,00451	HOLD	98,2349	169,348
2021-09-18	18:00	48582,56	48645,94	48315	48367,16	LONG	0,00167	5981,87	0,00451	HOLD	98,2349	168,9883
2021-09-18	19:00	48367,16	48680	48249,88	48360	LONG	0,00167	5981,87	0,00451	HOLD	98,2349	168,9763
2021-09-18	20:00	48360	48544,63	48313,74	48447	LONG	0,00167	5981,87	0,00451	HOLD	98,2349	169,1216
2021-09-18	21:00	48447,01	48520,01	48368,15	48474	LONG	0,00167	5981,87	0,00451	HOLD	98,2349	169,1667
2021-09-18	22:00	48474	48540	48249,16	48414,99	LONG	0,00167	5981,87	0,00451	HOLD	98,2349	169,0682
2021-09-18	23:00	48414,99	48518,99	48155,1	48198,37	LONG	0,00167	5981,87	0,00451	HOLD	98,2349	168,7064
2021-09-19	00:00	48198,36	48371,82	48093,28	48333,02	LONG	0,00167	5981,87	0,00451	HOLD	98,2349	168,9313
2021-09-19	01:00	48333,02	48421,57	48222,27	48296,05	LONG	0,00167	5981,87	0,00451	HOLD	98,2349	168,8695
2021-09-19	02:00	48296,05	48296,06	48062,63	48266	LONG	0,00167	5981,87	0,00451	HOLD	98,2349	168,8194
2021-09-19	03:00	48266	48269,71	47800,51	47974,02	LONG	0,00167	5981,87	0,00451	HOLD	98,2349	168,3318
2021-09-19	04:00	47974,02	48100	47859,59	47874,92	LONG	0,00167	5981,87	0,00451	HOLD	98,2349	168,1663
2021-09-19	05:00	47874,91	48084,18	47830,08	48038,33	LONG	0,00167	5981,87	0,00451	HOLD	98,2349	168,4392
2021-09-19	06:00	48038,34	48369,37	47950,56	48292,74	LONG	0,00167	5981,87	0,00451	HOLD	98,2349	168,864
2021-09-19	07:00	48292,75	48372,83	47899,99	47932,01	LONG	0,00167	5981,87	0,00451	HOLD	98,2349	168,2616
2021-09-19	08:00	47932	47932,01	47591,83	47872,86	LONG	0,00167	5981,87	0,00451	HOLD	98,2349	168,1628
2021-09-19	09:00	47872,86	48015,25	47763,86	48007,06	LONG	0,00167	5981,87	0,00451	HOLD	98,2349	168,3869
2021-09-19	10:00	48007,06	48040	47780,81	47844,88	LONG	0,00167	5981,87	0,00451	HOLD	98,2349	168,1161
2021-09-19	11:00	47844,88	48035,99	47763,85	47846,11	LONG	0,00167	5981,87	0,00451	HOLD	98,2349	168,1181
2021-09-19	12:00	47846,12	48024,64	47763,87	48003,63	LONG	0,00167	5981,87	0,00451	HOLD	98,2349	168,3812
2021-09-19	13:00	48003,63	48140,02	47880,72	48129,12	LONG	0,00167	5981,87	0,00451	HOLD	98,2349	168,5908
2021-09-19	14:00	48129,12	48218,97	47924,97	48157,7	LONG	0,00167	5981,87	0,00451	HOLD	98,2349	168,6385
2021-09-19	15:00	48157,7	48315,78	48131,46	48259,7	LONG	0,00167	5981,87	0,00451	HOLD	98,2349	168,8088
2021-09-19	16:00	48259,71	48333	48070	48117,19	LONG	0,00167	5981,87	0,00451	HOLD	98,2349	168,5708
2021-09-19	17:00	48117,19	48175,77	48050	48061,89	LONG	0,00167	5981,87	0,00451	HOLD	98,2349	168,4785
2021-09-19	18:00	48061,89	48076,57	47180,32	47327,73	LONG	0,00167	5981,87	0,00451	HOLD	98,2349	167,2525
2021-09-19	19:00	47327,73	47442,5	47069,01	47274,52	LONG	0,00167	5981,87	0,00451	HOLD	98,2349	167,1636
2021-09-19	20:00	47274,53	47392,72	47200,76	47325,46	LONG	0,00167	5981,87	0,00451	HOLD	98,2349	167,2487
2021-09-19	21:00	47322,11	47710	47258,88	47580	LONG	0,00167	5981,87	0,00451	HOLD	98,2349	167,6737
2021-09-19	22:00	47580	47770	47525	47646,72	LONG	0,00167	5981,87	0,00451	HOLD	98,2349	167,7852
2021-09-19	23:00	47646,71	47726,27	47487,74	47544,91	LONG	0,00167	5981,87	0,00451	HOLD	98,2349	167,6151
2021-09-20	00:00	47544,91	47655	47287,91	47359,99	LONG	0,00167	5981,87	0,00451	HOLD	98,2349	167,3063
2021-09-20	01:00	47359,99	47785	47291,66	47659,39	LONG	0,00167	5981,87	0,00451	HOLD	98,2349	167,8063
2021-09-20	02:00	47659,4	47749,99	47339,27	47376,72	LONG	0,00167	5981,87	0,00451	HOLD	98,2349	167,3343
2021-09-20	03:00	47376,72	47607,79	47260	47594,67	LONG	0,00167	5981,87	0,00451	HOLD	98,2349	167,6982
2021-09-20	04:00	47594,66	47666,01	47354,39	47457	LONG	0,00167	5981,87	0,00451	HOLD	98,2349	167,4683
2021-09-20	05:00	47457	47607,8	46829,18	47042,94	LONG	0,00167	5981,87	0,00451	HOLD	98,2349	166,7769
2021-09-20	06:00	47042,93	47369,59	46973,18	47241,75	LONG	0,00167	5981,87	0,00451	HOLD	98,2349	167,1089
2021-09-20	07:00	47241,75	47347,25	46750,43	46977,98	LONG	0,00167	5981,87	0,00451	HOLD	98,2349	166,6684
2021-09-20	08:00	46978,86	47312,93	46909,01	47220,79	LONG	0,00167	5981,87	0,00451	HOLD	98,2349	167,0739
2021-09-20	09:00	47220,79	47261,51	45811	45938,37	LONG	0,00167	5981,87	0,00451	HOLD	98,2349	164,9322
2021-09-20	10:00	45946,06	46076,72	45100	45542,76	LONG	0,00167	5981,87	0,00451	HOLD	98,2349	164,2716
2021-09-20	11:00	45542,75	45776,14	45338,36	45650,45	LONG	0,00167	5981,87	0,00451	HOLD	98,2349	164,4514
2021-09-20	12:00	45650,44	45836,85	45606,77	45724,73	LONG	0,00167	5981,87	0,00451	HOLD	98,2349	164,5754
2021-09-20	13:00	45724,73	45796,97	45444,44	45638,93	LONG	0,00167	5981,87	0,00451	HOLD	98,2349	164,4322
2021-09-20	14:00	45638,93	45799,78	44444	44824,89	LONG	0,00167	5981,87	0,00451	HOLD	98,2349	163,0727
2021-09-20	15:00	44830,01	45156,33	44662,14	45046,55	LONG	0,00167	5981,87	0,00451	HOLD	98,2349	163,4429
2021-09-20	16:00	45049,85	45189,82	44753,18	44844,02	LONG	0,00167	5981,87	0,00451	HOLD	98,2349	163,1047
2021-09-20	17:00	44844,01	45295	44265,9	44585,33	LONG	0,00167	5981,87	0,00451	HOLD	98,2349	162,6726
2021-09-20	18:00	44585,32	44625,78	43240,33	43739,75	LONG	0,00167	5981,87	0,00451	HOLD	98,2349	161,2605
2021-09-20	19:00	43734	44050	42500	43532	LONG	0,00167	5981,87	0,00451	HOLD	98,2349	160,9136
2021-09-20	20:00	43532	44135	43135,68	44054,65	LONG	0,00167	5981,87	0,00451	HOLD	98,2349	161,7864
2021-09-20	21:00	44054,64	44134,47	43693,97	43807,99	LONG	0,00167	5981,87	0,00451	HOLD	98,2349	161,3745
2021-09-20	22:00	43807,99	44013,15	43435	43844,88	LONG	0,00167	5981,87	0,00451	HOLD	98,2349	161,4361
2021-09-20	23:00	43844,88	44100	43557,87	43850,46	LONG	0,00167	5981,87	0,00451	HOLD	98,2349	161,4454
2021-09-21	00:00	43850,45	44250	43726,83	44044,12	LONG	0,00167	5981,87	0,00451	HOLD	98,2349	161,7688
2021-09-21	01:00	44044,11	44120,91	43224	43406,62	LONG	0,00167	5981,87	0,00451	HOLD	98,2349	160,7042
2021-09-21	02:00	43406,61	43951,82	42888	43850,25	LONG	0,00167	5981,87	0,00451	HOLD	98,2349	161,4451
2021-09-21	03:00	43850,26	43968,67	43215	43540,38	LONG	0,00167	5981,87	0,00451	HOLD	98,2349	160,9276
2021-09-21	04:00	43545,85	43913,83	43426,62	43516,86	LONG	0,00167	5981,87	0,00451	HOLD	98,2349	160,8883
2021-09-21	05:00	43516,87	43940	43043,16	43343,03	LONG	0,00167	5981,87	0,00451	HOLD	98,2349	160,598
2021-09-21	06:00	43343,02	43640	42551,11	43015,62	LONG	0,00167	5981,87	0,00451	HOLD	98,2349	160,0512
2021-09-21	07:00	43016,64	43038,18	40200	41666,69	LONG	0,00167	5981,87	0,00451	HOLD	98,2349	157,7985
2021-09-21	08:00	41666,68	42824	41554,09	42762,58	LONG	0,00167	5981,87	0,00451	HOLD	98,2349	159,6287
2021-09-21	09:00	42762,57	43111	42516,06	42900	LONG	0,00167	5981,87	0,00451	HOLD	98,2349	159,8581
2021-09-21	10:00	42900,01	42971,14	42574,53	42683,01	LONG	0,00167	5981,87	0,00451	HOLD	98,2349	159,4958
2021-09-21	11:00	42683,02	42890,76	42306,9	42433,08	LONG	0,00167	5981,87	0,00451	HOLD	98,2349	159,0784
2021-09-21	12:00	42433,09	42750,28	42172,24	42564,99	LONG	0,00167	5981,87	0,00451	HOLD	98,2349	159,2987
2021-09-21	13:00	42565	43076,99	42556,03	42894,7	LONG	0,00167	5981,87	0,00451	HOLD	98,2349	159,8493
2021-09-21	14:00	42894,71	43340	42750	43301,07	LONG	0,00167	5981,87	0,00451	HOLD	98,2349	160,5279
2021-09-21	15:00	43301,08	43477,99	43050	43266,17	LONG	0,00167	5981,87	0,00451	HOLD	98,2349	160,4696
2021-09-21	16:00	43266,18	43425,92	43063,19	43149,96	LONG	0,00167	5981,87	0,00451	HOLD	98,2349	160,2756
2021-09-21	17:00	43149,96	43639	43065,68	43446,17	LONG	0,00167	5981,87	0,00451	HOLD	98,2349	160,7702
2021-09-21	18:00	43446,17	43562,95	43229,41	43288,97	LONG	0,00167	5981,87	0,00451	HOLD	98,2349	160,5077
2021-09-21	19:00	43288,97	43550	43071,64	43116	LONG	0,00167	5981,87	0,00451	HOLD	98,2349	160,2189
2021-09-21	20:00	43121,13	43331,23	42793	43131	LONG	0,00167	5981,87	0,00451	HOLD	98,2349	160,2439
2021-09-21	21:00	43131	43169,51	42146,13	42429,75	LONG	0,00167	5981,87	0,00451	HOLD	98,2349	159,0728
2021-09-21	22:00	42429,75	43315	42317	43072,81	LONG	0,00167	5981,87	0,00451	HOLD	98,2349	160,1467
2021-09-21	23:00	43072,81	43295,66	42360,46	42446,3	LONG	0,00167	5981,87	0,00451	HOLD	98,2349	159,1005
2021-09-22	00:00	42446,3	42595	41502	41691,42	LONG	0,00167	5981,87	0,00451	HOLD	98,2349	157,8398
2021-09-22	01:00	41691,43	42831,7	41628	42196,41	LONG	0,00167	5981,87	0,00451	HOLD	98,2349	158,6831
2021-09-22	02:00	42196,41	42484,47	41705,13	42013,63	LONG	0,00167	5981,87	0,00451	HOLD	98,2349	158,3779
2021-09-22	03:00	42010,81	42331,87	40738,63	40960,32	LONG	0,00167	5981,87	0,00451	HOLD	98,2349	156,6189
2021-09-22	04:00	40960,32	41963,44	39600	41379,1	LONG	0,00167	5981,87	0,00451	HOLD	98,2349	157,3182
2021-09-22	05:00	41379,11	41650,6	40451,23	40508,13	LONG	0,00167	5981,87	0,00451	HOLD	98,2349	155,8637
2021-09-22	06:00	40520	41061,75	40216,2	40734,38	LONG	0,00167	5981,87	0,00451	HOLD	98,2349	156,2416
2021-09-22	07:00	40734,09	41487,66	40565,39	41017,29	LONG	0,00167	5981,87	0,00451	HOLD	98,2349	156,714
2021-09-22	08:00	41019,67	42360	40806,68	42199,99	LONG	0,00167	5981,87	0,00451	HOLD	98,2349	158,6891
2021-09-22	09:00	42200	42288,04	41891,69	42030	LONG	0,00167	5981,87	0,00451	HOLD	98,2349	158,4052
2021-09-22	10:00	42028,42	42420,75	42000	42052,09	LONG	0,00167	5981,87	0,00451	HOLD	98,2349	158,4421
2021-09-22	11:00	42055,55	42215,97	41820,01	41890	LONG	0,00167	5981,87	0,00451	HOLD	98,2349	158,1714
2021-09-22	12:00	41890,01	42220	41840	42018,73	LONG	0,00167	5981,87	0,00451	HOLD	98,2349	158,3864
2021-09-22	13:00	42018,7	42369,99	41860,03	42326,66	LONG	0,00167	5981,87	0,00451	HOLD	98,2349	158,9007
2021-09-22	14:00	42326,65	42749,4	42129,19	42540	LONG	0,00167	5981,87	0,00451	HOLD	98,2349	159,2569
2021-09-22	15:00	42541,23	42618,55	42229,51	42289,81	LONG	0,00167	5981,87	0,00451	HOLD	98,2349	158,8391
2021-09-22	16:00	42289,81	42448,7	42117,23	42389,81	LONG	0,00167	5981,87	0,00451	HOLD	98,2349	159,0061
2021-09-22	17:00	42389,82	42499,99	41952	42153,04	LONG	0,00167	5981,87	0,00451	HOLD	98,2349	158,6107
2021-09-22	18:00	42153,04	42205	41841,46	41928,32	LONG	0,00167	5981,87	0,00451	HOLD	98,2349	158,2354
2021-09-22	19:00	41928,31	42240,06	41874,65	42184,75	LONG	0,00167	5981,87	0,00451	HOLD	98,2349	158,6637
2021-09-22	20:00	42184,75	42675,46	42064,28	42372,29	LONG	0,00167	5981,87	0,00451	HOLD	98,2349	158,9769
2021-09-22	21:00	42372,3	42596,37	42271,36	42317,02	LONG	0,00167	5981,87	0,00451	HOLD	98,2349	158,8846
2021-09-22	22:00	42317,02	43296	42317,02	43222,96	LONG	0,00167	5981,87	0,00451	HOLD	98,2349	160,3975
2021-09-22	23:00	43222,96	43465	43072	43339	LONG	0,00167	5981,87	0,00451	HOLD	98,2349	160,5913
2021-09-23	00:00	43339	43402,05	42922,18	43128,92	LONG	0,00167	5981,87	0,00451	HOLD	98,2349	160,2404
2021-09-23	01:00	43128,91	44000,55	42931,02	43134,05	LONG	0,00167	5981,87	0,00451	HOLD	98,2349	160,249
2021-09-23	02:00	43134,06	43565,57	42855,01	43384,9	LONG	0,00167	5981,87	0,00451	HOLD	98,2349	160,6679
2021-09-23	03:00	43384,93	43540,68	43164,32	43423,01	LONG	0,00167	5981,87	0,00451	HOLD	98,2349	160,7316
2021-09-23	04:00	43423,01	43643,89	43006	43247,3	LONG	0,00167	5981,87	0,00451	HOLD	98,2349	160,4381
2021-09-23	05:00	43247,3	43567	43185,69	43509,39	LONG	0,00167	5981,87	0,00451	HOLD	98,2349	160,8758
2021-09-23	06:00	43515,9	43673,42	43460,01	43543,61	LONG	0,00167	5981,87	0,00451	HOLD	98,2349	160,933
2021-09-23	07:00	43546,37	43853,69	43111,42	43184,37	LONG	0,00167	5981,87	0,00451	HOLD	98,2349	160,333
2021-09-23	08:00	43184,37	43679,99	43069,09	43627,41	LONG	0,00167	5981,87	0,00451	HOLD	98,2349	161,0729
2021-09-23	09:00	43627,41	43800,8	43484,95	43704,43	LONG	0,00167	5981,87	0,00451	HOLD	98,2349	161,2015
2021-09-23	10:00	43701,7	44191,42	43617,45	44074,57	LONG	0,00167	5981,87	0,00451	HOLD	98,2349	161,8197
2021-09-23	11:00	44074,58	44296	44019,49	44036,52	LONG	0,00167	5981,87	0,00451	HOLD	98,2349	161,7561
2021-09-23	12:00	44036,51	44127,27	43685,8	43891,23	LONG	0,00167	5981,87	0,00451	HOLD	98,2349	161,5135
2021-09-23	13:00	43891,24	44386,6	43710	44300,32	LONG	0,00167	5981,87	0,00451	HOLD	98,2349	162,1967
2021-09-23	14:00	44300,31	44331,83	43962	44229,99	LONG	0,00167	5981,87	0,00451	HOLD	98,2349	162,0792
2021-09-23	15:00	44229,99	44297,25	43823,78	43859,73	LONG	0,00167	5981,87	0,00451	HOLD	98,2349	161,4609
2021-09-23	16:00	43859,69	44200	43788,43	43985,09	LONG	0,00167	5981,87	0,00451	HOLD	98,2349	161,6702
2021-09-23	17:00	43985,09	44150	43440,73	43770,59	LONG	0,00167	5981,87	0,00451	HOLD	98,2349	161,312
2021-09-23	18:00	43770,59	43813,56	43361	43648,15	LONG	0,00167	5981,87	0,00451	HOLD	98,2349	161,1076
2021-09-23	19:00	43648,15	43933,85	43394	43509	LONG	0,00167	5981,87	0,00451	HOLD	98,2349	160,8752
2021-09-23	20:00	43509,01	44169,05	43420,01	44022,7	LONG	0,00167	5981,87	0,00451	HOLD	98,2349	161,7331
2021-09-23	21:00	44022,7	44258,11	43931,74	44133	LONG	0,00167	5981,87	0,00451	HOLD	98,2349	161,9173
2021-09-23	22:00	44133,01	44198,4	43672,96	43747,63	LONG	0,00167	5981,87	0,00451	HOLD	98,2349	161,2737
2021-09-23	23:00	43747,63	43896,44	43602	43789,24	LONG	0,00167	5981,87	0,00451	HOLD	98,2349	161,3432
2021-09-24	00:00	43789,23	44936,77	43789,23	44817,3	LONG	0,00167	5981,87	0,00451	HOLD	98,2349	163,06
2021-09-24	01:00	44817,3	44915,66	44462,91	44735,46	LONG	0,00167	5981,87	0,00451	HOLD	98,2349	162,9234
2021-09-24	02:00	44735,47	44851,07	44563,58	44767,57	LONG	0,00167	5981,87	0,00451	HOLD	98,2349	162,977
2021-09-24	03:00	44767,56	44820,99	44468,13	44680,01	LONG	0,00167	5981,87	0,00451	HOLD	98,2349	162,8308
2021-09-24	04:00	44680,01	44736,3	44550,01	44665,62	LONG	0,00167	5981,87	0,00451	HOLD	98,2349	162,8067
2021-09-24	05:00	44665,63	44978	44358	44786,35	LONG	0,00167	5981,87	0,00451	HOLD	98,2349	163,0083
2021-09-24	06:00	44786,36	44879,05	44588,84	44865,26	LONG	0,00167	5981,87	0,00451	HOLD	98,2349	163,1401
2021-09-24	07:00	44865,26	44978,53	44607,78	44649,99	LONG	0,00167	5981,87	0,00451	HOLD	98,2349	162,7806
2021-09-24	08:00	44649,98	44802,6	44369,75	44460,58	LONG	0,00167	5981,87	0,00451	HOLD	98,2349	162,4643
2021-09-24	09:00	44460,58	44563,1	44298,83	44444,43	LONG	0,00167	5981,87	0,00451	HOLD	98,2349	162,4373
2021-09-24	10:00	44444,44	44559,99	44205	44283,03	LONG	0,00167	5981,87	0,00451	HOLD	98,2349	162,1678
2021-09-24	11:00	44283,04	44385,38	44000	44261,63	LONG	0,00167	5981,87	0,00451	HOLD	98,2349	162,1321
2021-09-24	12:00	44261,63	44280,78	43889,64	44210,52	LONG	0,00167	5981,87	0,00451	HOLD	98,2349	162,0467
2021-09-24	13:00	44210,52	44449,46	44100,02	44118,14	LONG	0,00167	5981,87	0,00451	HOLD	98,2349	161,8924
2021-09-24	14:00	44118,14	45200	44113,48	44818,46	LONG	0,00167	5981,87	0,00451	HOLD	98,2349	163,062
2021-09-24	15:00	44818,46	45075	44412	44517,29	LONG	0,00167	5981,87	0,00451	HOLD	98,2349	162,559
2021-09-24	16:00	44517,28	44528,95	42331,24	42350,81	LONG	0,00167	5981,87	0,00451	HOLD	98,2349	158,941
2021-09-24	17:00	42350,81	42694,98	41927,22	42142,54	LONG	0,00167	5981,87	0,00451	HOLD	98,2349	158,5932
2021-09-24	18:00	42142,55	42299	40675	41527,5	LONG	0,00167	5981,87	0,00451	HOLD	98,2349	157,5661
2021-09-24	19:00	41527,5	41628,7	40976,86	41182,76	LONG	0,00167	5981,87	0,00451	HOLD	98,2349	156,9904
2021-09-24	20:00	41182,76	42000	40843,82	41830,86	LONG	0,00167	5981,87	0,00451	HOLD	98,2349	158,0727
2021-09-24	21:00	41830,86	42679,93	41761,09	42448,12	LONG	0,00167	5981,87	0,00451	HOLD	98,2349	159,1035
2021-09-24	22:00	42448,11	42478,49	41617,3	41944,01	LONG	0,00167	5981,87	0,00451	HOLD	98,2349	158,2616
2021-09-24	23:00	41944	42370,01	41833,91	42188,51	LONG	0,00167	5981,87	0,00451	HOLD	98,2349	158,67
2021-09-25	00:00	42188,51	42188,52	41742,01	41992,56	LONG	0,00167	5981,87	0,00451	HOLD	98,2349	158,3427
2021-09-25	01:00	41992,55	42321	41927,25	42152,07	LONG	0,00167	5981,87	0,00451	HOLD	98,2349	158,6091
2021-09-25	02:00	42152,07	42533,47	42135,26	42371,43	LONG	0,00167	5981,87	0,00451	HOLD	98,2349	158,9754
2021-09-25	03:00	42371,43	42979	42303,78	42934,52	LONG	0,00167	5981,87	0,00451	HOLD	98,2349	159,9158
2021-09-25	04:00	42934,52	43200	42774,29	42911,69	LONG	0,00167	5981,87	0,00451	HOLD	98,2349	159,8777
2021-09-25	05:00	42911,69	43093,57	42741,07	42993,13	LONG	0,00167	5981,87	0,00451	HOLD	98,2349	160,0137
2021-09-25	06:00	42993,13	43036,86	42477	42810,57	LONG	0,00167	5981,87	0,00451	HOLD	98,2349	159,7088
2021-09-25	07:00	42810,58	42950	42548,66	42727,89	LONG	0,00167	5981,87	0,00451	HOLD	98,2349	159,5707
2021-09-25	08:00	42727,88	42782,57	42024,54	42392,91	LONG	0,00167	5981,87	0,00451	HOLD	98,2349	159,0113
2021-09-25	09:00	42392,91	42738,52	42278,4	42336,36	LONG	0,00167	5981,87	0,00451	HOLD	98,2349	158,9169
2021-09-25	10:00	42336,36	42781,62	42326,38	42608,11	LONG	0,00167	5981,87	0,00451	HOLD	98,2349	159,3707
2021-09-25	11:00	42608,11	42860,94	42608,11	42693,01	LONG	0,00167	5981,87	0,00451	HOLD	98,2349	159,5125
2021-09-25	12:00	42693	42842,48	42400	42446,13	LONG	0,00167	5981,87	0,00451	HOLD	98,2349	159,1002
2021-09-25	13:00	42446,09	42816,74	42435,48	42744,69	LONG	0,00167	5981,87	0,00451	HOLD	98,2349	159,5988
2021-09-25	14:00	42744,7	42785,4	42206,43	42372,02	LONG	0,00167	5981,87	0,00451	HOLD	98,2349	158,9764
2021-09-25	15:00	42369,52	42803,4	41646,28	42642,91	LONG	0,00167	5981,87	0,00451	HOLD	98,2349	159,4288
2021-09-25	16:00	42642,91	42899,54	42448,09	42649,29	LONG	0,00167	5981,87	0,00451	HOLD	98,2349	159,4395
2021-09-25	17:00	42649,28	42966,84	42600	42679,58	LONG	0,00167	5981,87	0,00451	HOLD	98,2349	159,49
2021-09-25	18:00	42679,58	42683,15	42234,1	42485,03	LONG	0,00167	5981,87	0,00451	HOLD	98,2349	159,1651
2021-09-25	19:00	42485,03	42631,79	42302,56	42344,98	LONG	0,00167	5981,87	0,00451	HOLD	98,2349	158,9313
2021-09-25	20:00	42344,97	42765,21	42243,6	42500,02	LONG	0,00167	5981,87	0,00451	HOLD	98,2349	159,1902
2021-09-25	21:00	42500,01	42609,99	42156,33	42343,93	LONG	0,00167	5981,87	0,00451	HOLD	98,2349	158,9295
2021-09-25	22:00	42343,94	42765,54	42213,8	42669,96	LONG	0,00167	5981,87	0,00451	HOLD	98,2349	159,474
2021-09-25	23:00	42669,97	42748,26	42348,39	42629,61	LONG	0,00167	5981,87	0,00451	HOLD	98,2349	159,4066
2021-09-26	00:00	42629,61	42717,08	42513,14	42597,56	LONG	0,00167	5981,87	0,00451	HOLD	98,2349	159,3531
2021-09-26	01:00	42597,37	42813,34	42429,58	42581,83	LONG	0,00167	5981,87	0,00451	HOLD	98,2349	159,3268
2021-09-26	02:00	42581,82	42774,62	42500	42665,95	LONG	0,00167	5981,87	0,00451	HOLD	98,2349	159,4673
2021-09-26	03:00	42665,95	42807,53	42522,11	42645,91	LONG	0,00167	5981,87	0,00451	HOLD	98,2349	159,4338
2021-09-26	04:00	42645,9	42720	42375	42676,06	LONG	0,00167	5981,87	0,00451	HOLD	98,2349	159,4842
2021-09-26	05:00	42676,06	42792,49	42574,34	42717,37	LONG	0,00167	5981,87	0,00451	HOLD	98,2349	159,5532
2021-09-26	06:00	42717,37	42808,29	42579,01	42670,64	LONG	0,00167	5981,87	0,00451	HOLD	98,2349	159,4751
2021-09-26	07:00	42670,63	42735,05	42306,77	42575,68	LONG	0,00167	5981,87	0,00451	HOLD	98,2349	159,3165
2021-09-26	08:00	42575,67	42619,39	42117,2	42383,95	LONG	0,00167	5981,87	0,00451	HOLD	98,2349	158,9963
2021-09-26	09:00	42383,94	42426,72	41904,02	42062,5	LONG	0,00167	5981,87	0,00451	HOLD	98,2349	158,4595
2021-09-26	10:00	42062,5	42397,95	41924,2	42212,4	LONG	0,00167	5981,87	0,00451	HOLD	98,2349	158,7099
2021-09-26	11:00	42212,41	42252,15	41855	42223,06	LONG	0,00167	5981,87	0,00451	HOLD	98,2349	158,7277
2021-09-26	12:00	42223,05	42302,79	41968,67	42069,04	LONG	0,00167	5981,87	0,00451	HOLD	98,2349	158,4704
2021-09-26	13:00	42069,03	42184,06	41930,7	41963,14	LONG	0,00167	5981,87	0,00451	HOLD	98,2349	158,2936
2021-09-26	14:00	41963,13	42060	40750	41231,34	LONG	0,00167	5981,87	0,00451	HOLD	98,2349	157,0715
2021-09-26	15:00	41227,07	41691,31	41037,13	41607,53	LONG	0,00167	5981,87	0,00451	HOLD	98,2349	157,6997
2021-09-26	16:00	41607,53	43746,9	41500,68	43251,33	LONG	0,00167	5981,87	0,00451	HOLD	98,2349	160,4449
2021-09-26	17:00	43251,33	43489	42832,36	43003,37	LONG	0,00167	5981,87	0,00451	HOLD	98,2349	160,0308
2021-09-26	18:00	43003,37	43322,02	42998,81	43063,57	LONG	0,00167	5981,87	0,00451	HOLD	98,2349	160,1313
2021-09-26	19:00	43063,57	43467,22	43063,57	43262,2	LONG	0,00167	5981,87	0,00451	HOLD	98,2349	160,463
2021-09-26	20:00	43262,21	43350	43116,57	43217,41	LONG	0,00167	5981,87	0,00451	HOLD	98,2349	160,3882
2021-09-26	21:00	43217,41	43399,99	43091,34	43318,36	LONG	0,00167	5981,87	0,00451	HOLD	98,2349	160,5568
2021-09-26	22:00	43318,37	43426	43194,19	43343,73	LONG	0,00167	5981,87	0,00451	HOLD	98,2349	160,5992
2021-09-26	23:00	43343,73	43543,99	43136,36	43214,15	LONG	0,00167	5981,87	0,00451	HOLD	98,2349	160,3828
2021-09-27	00:00	43220,32	43300,57	43078,33	43145	LONG	0,00167	5981,87	0,00451	HOLD	98,2349	160,2673
2021-09-27	01:00	43145	43284	43136,64	43190,81	LONG	0,00167	5981,87	0,00451	HOLD	98,2349	160,3438
2021-09-27	02:00	43190,82	43433,99	43124,26	43252,54	LONG	0,00167	5981,87	0,00451	HOLD	98,2349	160,4469
2021-09-27	03:00	43255,32	43699	43255,32	43640,1	LONG	0,00167	5981,87	0,00451	HOLD	98,2349	161,0941
2021-09-27	04:00	43640,11	43692	43356,51	43563,89	LONG	0,00167	5981,87	0,00451	HOLD	98,2349	160,9668
2021-09-27	05:00	43563,9	43950	42785,25	42894,49	LONG	0,00167	5981,87	0,00451	HOLD	98,2349	159,8489
2021-09-27	06:00	42894,5	43253,77	42673,67	43160,9	LONG	0,00167	5981,87	0,00451	HOLD	98,2349	160,2938
2021-09-27	07:00	43160,9	43968	42933	43872,24	LONG	0,00167	5981,87	0,00451	HOLD	98,2349	161,4818
2021-09-27	08:00	43872,24	44303,5	43711	44271,66	LONG	0,00167	5981,87	0,00451	HOLD	98,2349	162,1488
2021-09-27	09:00	44273,4	44350	43961,99	44174,13	LONG	0,00167	5981,87	0,00451	HOLD	98,2349	161,9859
2021-09-27	10:00	44174,13	44235,49	43843,12	44038,75	LONG	0,00167	5981,87	0,00451	HOLD	98,2349	161,7599
2021-09-27	11:00	44038,74	44081,49	43900,36	44013,08	LONG	0,00167	5981,87	0,00451	HOLD	98,2349	161,717
2021-09-27	12:00	44013,08	44250	43972,18	44085,89	LONG	0,00167	5981,87	0,00451	HOLD	98,2349	161,8386
2021-09-27	13:00	44085,89	44215,55	43678,58	43728,35	LONG	0,00167	5981,87	0,00451	HOLD	98,2349	161,2415
2021-09-27	14:00	43728,35	43932,97	43662	43688,03	LONG	0,00167	5981,87	0,00451	HOLD	98,2349	161,1742
2021-09-27	15:00	43685,34	43892,32	43662	43836,2	LONG	0,00167	5981,87	0,00451	HOLD	98,2349	161,4216
2021-09-27	16:00	43836,21	44129,28	43367,57	43556,97	LONG	0,00167	5981,87	0,00451	HOLD	98,2349	160,9553
2021-09-27	17:00	43556,97	43958	43510,1	43772,19	LONG	0,00167	5981,87	0,00451	HOLD	98,2349	161,3147
2021-09-27	18:00	43772,19	43863,85	43550	43747,69	LONG	0,00167	5981,87	0,00451	HOLD	98,2349	161,2738
2021-09-27	19:00	43747,68	43831,22	43260,75	43544,33	LONG	0,00167	5981,87	0,00451	HOLD	98,2349	160,9342
2021-09-27	20:00	43544,33	43668,89	43320,59	43508,48	LONG	0,00167	5981,87	0,00451	HOLD	98,2349	160,8743
2021-09-27	21:00	43508,48	44089,75	43083,74	43192,38	LONG	0,00167	5981,87	0,00451	HOLD	98,2349	160,3464
2021-09-27	22:00	43192,39	43336,22	43045,53	43293,26	LONG	0,00167	5981,87	0,00451	HOLD	98,2349	160,5149
2021-09-27	23:00	43293,27	43416,42	42850	43066,16	LONG	0,00167	5981,87	0,00451	HOLD	98,2349	160,1356
2021-09-28	00:00	43066,16	43240,01	42923,52	43049,47	LONG	0,00167	5981,87	0,00451	HOLD	98,2349	160,1078
2021-09-28	01:00	43049,46	43213,32	42940,01	43033,61	LONG	0,00167	5981,87	0,00451	HOLD	98,2349	160,0813
2021-09-28	02:00	43033,61	43193,93	42947,73	43011,82	LONG	0,00167	5981,87	0,00451	HOLD	98,2349	160,0449
2021-09-28	03:00	43011,82	43013,99	42564,32	42675,71	LONG	0,00167	5981,87	0,00451	HOLD	98,2349	159,4836
2021-09-28	04:00	42675,7	43160,86	42578,56	43069,98	LONG	0,00167	5981,87	0,00451	HOLD	98,2349	160,142
2021-09-28	05:00	43070,3	43400	42983,61	43163,66	LONG	0,00167	5981,87	0,00451	HOLD	98,2349	160,2985
2021-09-28	06:00	43163,67	43234,16	42098	42147,35	LONG	0,00167	5981,87	0,00451	HOLD	98,2349	158,6012
2021-09-28	07:00	42147,35	42434,54	41942	42333	LONG	0,00167	5981,87	0,00451	HOLD	98,2349	158,9113
2021-09-28	08:00	42333	42548,69	42078,63	42459,91	LONG	0,00167	5981,87	0,00451	HOLD	98,2349	159,1232
2021-09-28	09:00	42459,92	42670,17	42242,93	42433,06	LONG	0,00167	5981,87	0,00451	HOLD	98,2349	159,0784
2021-09-28	10:00	42433,05	42703,65	42375,55	42558,4	LONG	0,00167	5981,87	0,00451	HOLD	98,2349	159,2877
2021-09-28	11:00	42558,41	42787,38	42505	42635,84	LONG	0,00167	5981,87	0,00451	HOLD	98,2349	159,417
2021-09-28	12:00	42634,84	42722,3	42347,2	42413,06	LONG	0,00167	5981,87	0,00451	HOLD	98,2349	159,045
2021-09-28	13:00	42413,07	42490,95	41855,99	42214,35	LONG	0,00167	5981,87	0,00451	HOLD	98,2349	158,7131
2021-09-28	14:00	42214,35	42303,34	41650	41775,25	LONG	0,00167	5981,87	0,00451	HOLD	98,2349	157,9798
2021-09-28	15:00	41777,79	42081,74	41514,12	41844,31	LONG	0,00167	5981,87	0,00451	HOLD	98,2349	158,0951
2021-09-28	16:00	41844,32	42140	41656	41891,99	LONG	0,00167	5981,87	0,00451	HOLD	98,2349	158,1748
2021-09-28	17:00	41891,99	41947,49	41620,35	41820,67	LONG	0,00167	5981,87	0,00451	HOLD	98,2349	158,0557
2021-09-28	18:00	41820,67	42174,26	41716,56	42101,49	LONG	0,00167	5981,87	0,00451	HOLD	98,2349	158,5246
2021-09-28	19:00	42105,61	42132,35	41754	41827,41	LONG	0,00167	5981,87	0,00451	HOLD	98,2349	158,0669
2021-09-28	20:00	41830,96	42593,69	41792	41999,96	LONG	0,00167	5981,87	0,00451	HOLD	98,2349	158,3551
2021-09-28	21:00	41999,95	41999,95	41278,49	41543,63	LONG	0,00167	5981,87	0,00451	HOLD	98,2349	157,593
2021-09-28	22:00	41543,63	41678,98	41317	41447,18	LONG	0,00167	5981,87	0,00451	HOLD	98,2349	157,4319
2021-09-28	23:00	41447,18	41644,32	41137,77	41262	LONG	0,00167	5981,87	0,00451	HOLD	98,2349	157,1227
2021-09-29	00:00	41262	41458,42	41115	41404,41	LONG	0,00167	5981,87	0,00451	HOLD	98,2349	157,3605
2021-09-29	01:00	41404,96	41750	41270,5	41578,38	LONG	0,00167	5981,87	0,00451	HOLD	98,2349	157,651
2021-09-29	02:00	41578,38	41763,97	41380,74	41601,99	LONG	0,00167	5981,87	0,00451	HOLD	98,2349	157,6905
2021-09-29	03:00	41601,8	42017,33	41574,07	41770,75	LONG	0,00167	5981,87	0,00451	HOLD	98,2349	157,9723
2021-09-29	04:00	41770,75	41992,99	41762,37	41851,86	LONG	0,00167	5981,87	0,00451	HOLD	98,2349	158,1077
2021-09-29	05:00	41851,86	41864,19	41556,96	41574,51	LONG	0,00167	5981,87	0,00451	HOLD	98,2349	157,6446
2021-09-29	06:00	41574,51	41691,85	40888	41026,54	LONG	0,00167	5981,87	0,00451	HOLD	98,2349	156,7295
2021-09-29	07:00	41025,01	41760	40753,88	41596,2	LONG	0,00167	5981,87	0,00451	HOLD	98,2349	157,6808
2021-09-29	08:00	41596,21	41850,3	41334	41551,15	LONG	0,00167	5981,87	0,00451	HOLD	98,2349	157,6056
2021-09-29	09:00	41551,15	41897,98	41544,37	41701,8	LONG	0,00167	5981,87	0,00451	HOLD	98,2349	157,8571
2021-09-29	10:00	41701,81	42274,76	41620	42199,99	LONG	0,00167	5981,87	0,00451	HOLD	98,2349	158,6891
2021-09-29	11:00	42199,99	42476,26	42136,99	42245,8	LONG	0,00167	5981,87	0,00451	HOLD	98,2349	158,7656
2021-09-29	12:00	42245,79	42300,38	42000	42300,38	LONG	0,00167	5981,87	0,00451	HOLD	98,2349	158,8568
2021-09-29	13:00	42300,37	42456,39	42129,62	42450,25	LONG	0,00167	5981,87	0,00451	HOLD	98,2349	159,1071
2021-09-29	16:00	42442	42442,02	42000	42252,57	LONG	0,00167	5981,87	0,00451	HOLD	98,2349	158,7769
2021-09-29	17:00	42252,57	42500	42129,63	42431,93	LONG	0,00167	5981,87	0,00451	HOLD	98,2349	159,0765
2021-09-29	18:00	42431,93	42458,79	42228,1	42399,98	LONG	0,00167	5981,87	0,00451	HOLD	98,2349	159,0231
2021-09-29	19:00	42399,98	42590	41856,21	42050,31	LONG	0,00167	5981,87	0,00451	HOLD	98,2349	158,4392
2021-09-29	20:00	42050,31	42190	41900	42144,48	LONG	0,00167	5981,87	0,00451	HOLD	98,2349	158,5964
2021-09-29	21:00	42144,47	42263,94	42041,7	42219,12	LONG	0,00167	5981,87	0,00451	HOLD	98,2349	158,7211
2021-09-29	22:00	42219,12	42249,99	41619,99	41698,98	LONG	0,00167	5981,87	0,00451	HOLD	98,2349	157,8524
2021-09-29	23:00	41698,97	41824,01	41416,71	41497,31	LONG	0,00167	5981,87	0,00451	HOLD	98,2349	157,5156
2021-09-30	00:00	41497,31	41582,28	41200,01	41219,72	LONG	0,00167	5981,87	0,00451	HOLD	98,2349	157,0521
2021-09-30	01:00	41219,72	41499,99	41052,4	41306,78	LONG	0,00167	5981,87	0,00451	HOLD	98,2349	157,1975
2021-09-30	02:00	41306,78	41509,5	41151,04	41207,86	LONG	0,00167	5981,87	0,00451	HOLD	98,2349	157,0323
2021-09-30	03:00	41207,87	41278,96	40900	41128,88	LONG	0,00167	5981,87	0,00451	HOLD	98,2349	156,9004
2021-09-30	04:00	41128,88	41300	40956,06	41236	LONG	0,00167	5981,87	0,00451	HOLD	98,2349	157,0793
2021-09-30	05:00	41236	41465	41071,29	41360,36	LONG	0,00167	5981,87	0,00451	HOLD	98,2349	157,2869
2021-09-30	06:00	41360,36	41580,67	41296,3	41524,28	LONG	0,00167	5981,87	0,00451	HOLD	98,2349	157,5607
2021-09-30	07:00	41524,29	42420,37	41410,17	42329,41	LONG	0,00167	5981,87	0,00451	HOLD	98,2349	158,9053
2021-09-30	08:00	42328,2	43196,96	42250,99	42965,41	LONG	0,00167	5981,87	0,00451	HOLD	98,2349	159,9674
2021-09-30	09:00	42965,41	43424,19	42910,1	43407,83	LONG	0,00167	5981,87	0,00451	HOLD	98,2349	160,7062
2021-09-30	10:00	43407,83	43729,68	43135,09	43591,23	LONG	0,00167	5981,87	0,00451	HOLD	98,2349	161,0125
2021-09-30	11:00	43591,24	43830	43432,82	43506,61	LONG	0,00167	5981,87	0,00451	HOLD	98,2349	160,8712
2021-09-30	12:00	43506,65	43705,44	43438,72	43516,52	LONG	0,00167	5981,87	0,00451	HOLD	98,2349	160,8877
2021-09-30	13:00	43516,51	43680	43362,51	43371,92	LONG	0,00167	5981,87	0,00451	HOLD	98,2349	160,6462
2021-09-30	14:00	43371,92	43449,99	43217,16	43286,88	LONG	0,00167	5981,87	0,00451	HOLD	98,2349	160,5042
2021-09-30	15:00	43286,88	43446,77	42784,83	43062,03	LONG	0,00167	5981,87	0,00451	HOLD	98,2349	160,1287
2021-09-30	16:00	43062,02	43307,85	42975,36	43147,37	LONG	0,00167	5981,87	0,00451	HOLD	98,2349	160,2713
2021-09-30	17:00	43147,37	43298,36	42697,01	42826,78	LONG	0,00167	5981,87	0,00451	HOLD	98,2349	159,7359
2021-09-30	18:00	42826,78	43127,97	42767,74	43072,29	LONG	0,00167	5981,87	0,00451	HOLD	98,2349	160,1459
2021-09-30	19:00	43072,29	43777	43006,78	43419,53	LONG	0,00167	5981,87	0,00451	HOLD	98,2349	160,7258
2021-09-30	20:00	43419,54	43580	43066,17	43081,77	LONG	0,00167	5981,87	0,00451	HOLD	98,2349	160,1617
2021-09-30	21:00	43081,77	43208,51	42850	43118,64	LONG	0,00167	5981,87	0,00451	HOLD	98,2349	160,2233
2021-09-30	22:00	43118,64	43499	42935,66	43149,02	LONG	0,00167	5981,87	0,00451	HOLD	98,2349	160,274
2021-09-30	23:00	43149,02	43218	42819,86	42950,67	LONG	0,00167	5981,87	0,00451	HOLD	98,2349	159,9428
2021-10-01	00:00	42950,66	43400	42906,69	43333,12	LONG	0,00167	5981,87	0,00451	HOLD	98,2349	160,5815
2021-10-01	01:00	43333,12	44044,23	43261,84	43994,08	LONG	0,00167	5981,87	0,00451	HOLD	98,2349	161,6853
2021-10-01	02:00	43994,08	44141,37	43525	43532,31	LONG	0,00167	5981,87	0,00451	HOLD	98,2349	160,9141
2021-10-01	03:00	43532,32	43772,47	43100	43435,08	LONG	0,00167	5981,87	0,00451	HOLD	98,2349	160,7517
2021-10-01	04:00	43436,56	43799,93	43375,1	43754	LONG	0,00167	5981,87	0,00451	HOLD	98,2349	161,2843
2021-10-01	05:00	43754	43915,89	43631,14	43741,7	LONG	0,00167	5981,87	0,00451	HOLD	98,2349	161,2638
2021-10-01	06:00	43741,69	43900	43590	43824,1	LONG	0,00167	5981,87	0,00451	HOLD	98,2349	161,4014
2021-10-01	07:00	43820,01	44059	43661,63	43694,48	LONG	0,00167	5981,87	0,00451	HOLD	98,2349	161,1849
2021-10-01	08:00	43696,14	43803,94	43417,61	43742,74	LONG	0,00167	5981,87	0,00451	HOLD	98,2349	161,2655
2021-10-01	09:00	43742,74	43794,89	43283,03	43379,01	LONG	0,00167	5981,87	0,00451	HOLD	98,2349	160,6581
2021-10-01	10:00	43379	43680	43352,28	43635,79	LONG	0,00167	5981,87	0,00451	HOLD	98,2349	161,0869
2021-10-01	11:00	43635,79	43715,71	43456,46	43625,02	LONG	0,00167	5981,87	0,00451	HOLD	98,2349	161,0689
2021-10-01	12:00	43625,02	43923,21	43515,61	43850,33	LONG	0,00167	5981,87	0,00451	HOLD	98,2349	161,4452
2021-10-01	13:00	43850,32	44048,56	43729	43995,09	LONG	0,00167	5981,87	0,00451	HOLD	98,2349	161,6869
2021-10-01	14:00	43995,1	44836	43916,26	44788,42	LONG	0,00167	5981,87	0,00451	HOLD	98,2349	163,0118
2021-10-01	15:00	44788,42	44999	44700	44945,8	LONG	0,00167	5981,87	0,00451	HOLD	98,2349	163,2746
2021-10-01	16:00	44945,81	45000	44767,29	44906	LONG	0,00167	5981,87	0,00451	HOLD	98,2349	163,2082
2021-10-01	17:00	44905,99	47786,7	44829,4	47081,46	LONG	0,00167	5981,87	0,00451	HOLD	98,2349	166,8412
2021-10-01	18:00	47081,47	47659,32	46957,48	47488,08	LONG	0,00167	5981,87	0,00451	HOLD	98,2349	167,5202
2021-10-01	19:00	47488,07	47886,11	47170,23	47214,37	LONG	0,00167	5981,87	0,00451	HOLD	98,2349	167,0631
2021-10-01	20:00	47214,37	47379,99	46957,14	46980,94	LONG	0,00167	5981,87	0,00451	HOLD	98,2349	166,6733
2021-10-01	21:00	46980,94	47347,53	46763,68	47130	LONG	0,00167	5981,87	0,00451	HOLD	98,2349	166,9222
2021-10-01	22:00	47133,67	47490,71	47039,94	47363,68	LONG	0,00167	5981,87	0,00451	HOLD	98,2349	167,3125
2021-10-01	23:00	47363,69	47850	47232,98	47559,88	LONG	0,00167	5981,87	0,00451	HOLD	98,2349	167,6401
2021-10-02	00:00	47566	47700	47397,01	47617,29	LONG	0,00167	5981,87	0,00451	HOLD	98,2349	167,736
2021-10-02	01:00	47617,29	47928	47437,86	47724,18	LONG	0,00167	5981,87	0,00451	HOLD	98,2349	167,9145
2021-10-02	02:00	47724,17	48190	47705,68	48030	LONG	0,00167	5981,87	0,00451	HOLD	98,2349	168,4252
2021-10-02	03:00	48029,99	48183,17	47721,74	48090,42	LONG	0,00167	5981,87	0,00451	HOLD	98,2349	168,5261
2021-10-02	04:00	48090,43	48430	48062,59	48344,93	LONG	0,00167	5981,87	0,00451	HOLD	98,2349	168,9512
2021-10-02	05:00	48344,93	48495	47710,01	48001	LONG	0,00167	5981,87	0,00451	HOLD	98,2349	168,3768
2021-10-02	06:00	48000,99	48171,37	47910,36	48141,61	LONG	0,00167	5981,87	0,00451	HOLD	98,2349	168,6116
2021-10-02	07:00	48141,6	48224,01	47610,76	47817,73	LONG	0,00167	5981,87	0,00451	HOLD	98,2349	168,0708
2021-10-02	08:00	47817,73	48113,68	47692,51	47736,82	LONG	0,00167	5981,87	0,00451	HOLD	98,2349	167,9356
2021-10-02	09:00	47736,81	47880,6	47634,94	47708,51	LONG	0,00167	5981,87	0,00451	HOLD	98,2349	167,8884
2021-10-02	10:00	47708,51	47790	47443,98	47520,84	LONG	0,00167	5981,87	0,00451	HOLD	98,2349	167,5749
2021-10-02	11:00	47520,84	47716,9	47430,18	47569,92	LONG	0,00167	5981,87	0,00451	HOLD	98,2349	167,6569
2021-10-02	12:00	47569,92	47853,15	47510,18	47749,32	LONG	0,00167	5981,87	0,00451	HOLD	98,2349	167,9565
2021-10-02	13:00	47749,32	47900	47662,1	47801,94	LONG	0,00167	5981,87	0,00451	HOLD	98,2349	168,0444
2021-10-02	14:00	47801,94	47865,96	47705,04	47725,01	LONG	0,00167	5981,87	0,00451	HOLD	98,2349	167,9159
2021-10-02	15:00	47725	47774,84	47516,56	47723,91	LONG	0,00167	5981,87	0,00451	HOLD	98,2349	167,9141
2021-10-02	16:00	47723,91	47899,01	47666	47708,43	LONG	0,00167	5981,87	0,00451	HOLD	98,2349	167,8882
2021-10-02	17:00	47708,44	47762,29	47530,24	47606,05	LONG	0,00167	5981,87	0,00451	HOLD	98,2349	167,7172
2021-10-02	18:00	47606,04	47734,94	47478,44	47683,45	LONG	0,00167	5981,87	0,00451	HOLD	98,2349	167,8465
2021-10-02	19:00	47683,46	47785	47616,8	47729,23	LONG	0,00167	5981,87	0,00451	HOLD	98,2349	167,923
2021-10-02	20:00	47729,24	48336,59	47630,1	47825,16	LONG	0,00167	5981,87	0,00451	HOLD	98,2349	168,0832
2021-10-02	21:00	47825,17	48123,44	47790,43	48019,26	LONG	0,00167	5981,87	0,00451	HOLD	98,2349	168,4073
2021-10-02	22:00	48019,99	48054,48	47810	47828,52	LONG	0,00167	5981,87	0,00451	HOLD	98,2349	168,0888
2021-10-02	23:00	47831,94	48016,21	47650	48004,69	LONG	0,00167	5981,87	0,00451	HOLD	98,2349	168,383
2021-10-03	00:00	48004,69	48064,25	47826,19	47879,99	LONG	0,00167	5981,87	0,00451	HOLD	98,2349	168,1747
2021-10-03	01:00	47879,99	47928,35	47720	47864,02	LONG	0,00167	5981,87	0,00451	HOLD	98,2349	168,1481
2021-10-03	02:00	47864,01	48267	47864,01	48239,99	LONG	0,00167	5981,87	0,00451	HOLD	98,2349	168,7759
2021-10-03	03:00	48240	48269,39	47874,98	47996,24	LONG	0,00167	5981,87	0,00451	HOLD	98,2349	168,3689
2021-10-03	04:00	47996,24	48167,58	47988,77	48125,9	LONG	0,00167	5981,87	0,00451	HOLD	98,2349	168,5854
2021-10-03	05:00	48125,9	48300	48045,16	48049,34	LONG	0,00167	5981,87	0,00451	HOLD	98,2349	168,4575
2021-10-03	06:00	48049,33	48184	47500	47634,9	LONG	0,00167	5981,87	0,00451	HOLD	98,2349	167,7654
2021-10-03	07:00	47634,89	47808,19	47088	47272,06	LONG	0,00167	5981,87	0,00451	HOLD	98,2349	167,1595
2021-10-03	08:00	47274,57	47609,88	47223,27	47516,37	LONG	0,00167	5981,87	0,00451	HOLD	98,2349	167,5675
2021-10-03	09:00	47516,38	47769,99	47500	47620,36	LONG	0,00167	5981,87	0,00451	HOLD	98,2349	167,7411
2021-10-03	10:00	47620,37	47963	47534,34	47898,66	LONG	0,00167	5981,87	0,00451	HOLD	98,2349	168,2059
2021-10-03	11:00	47894,44	47963	47788,34	47890,78	LONG	0,00167	5981,87	0,00451	HOLD	98,2349	168,1927
2021-10-03	12:00	47890,78	48100	47860,11	47990,14	LONG	0,00167	5981,87	0,00451	HOLD	98,2349	168,3587
2021-10-03	13:00	47990,13	48057	47896,93	47972,99	LONG	0,00167	5981,87	0,00451	HOLD	98,2349	168,33
2021-10-03	14:00	47970,15	47970,16	47814	47895,99	LONG	0,00167	5981,87	0,00451	HOLD	98,2349	168,2014
2021-10-03	15:00	47896	47983,38	47798,5	47823,99	LONG	0,00167	5981,87	0,00451	HOLD	98,2349	168,0812
2021-10-03	16:00	47823,98	47869	47600	47830,09	LONG	0,00167	5981,87	0,00451	HOLD	98,2349	168,0914
2021-10-03	17:00	47830,09	47953,2	47730	47812,32	LONG	0,00167	5981,87	0,00451	HOLD	98,2349	168,0617
2021-10-03	18:00	47812,32	48048	47778,05	47974,86	LONG	0,00167	5981,87	0,00451	HOLD	98,2349	168,3332
2021-10-03	19:00	47974,86	48090	47808,14	47964,43	LONG	0,00167	5981,87	0,00451	HOLD	98,2349	168,3157
2021-10-03	20:00	47964,44	48150	47841	48052,5	LONG	0,00167	5981,87	0,00451	HOLD	98,2349	168,4628
2021-10-03	21:00	48052,5	48105,6	47892,99	47965,64	LONG	0,00167	5981,87	0,00451	HOLD	98,2349	168,3178
2021-10-03	22:00	47965,64	48025,31	47799,18	47879,82	LONG	0,00167	5981,87	0,00451	HOLD	98,2349	168,1744
2021-10-03	23:00	47879,81	48067,69	47821,96	48034,99	LONG	0,00167	5981,87	0,00451	HOLD	98,2349	168,4336
2021-10-04	00:00	48034,99	49228,08	47943,09	48910,24	LONG	0,00167	5981,87	0,00451	HOLD	98,2349	169,8952
2021-10-04	01:00	48910,23	49176,32	48541,33	48822,03	LONG	0,00167	5981,87	0,00451	HOLD	98,2349	169,7479
2021-10-04	02:00	48822,03	48960,98	48725	48774,76	LONG	0,00167	5981,87	0,00451	HOLD	98,2349	169,669
2021-10-04	03:00	48774,76	48837,88	48400,59	48425,02	LONG	0,00167	5981,87	0,00451	HOLD	98,2349	169,0849
2021-10-04	04:00	48425,02	48455,11	47601,89	47758,21	LONG	0,00167	5981,87	0,00451	HOLD	98,2349	167,9714
2021-10-04	05:00	47758,2	48200	47700	47984,94	LONG	0,00167	5981,87	0,00451	HOLD	98,2349	168,35
2021-10-04	06:00	47988,23	48320	47874	48200,01	LONG	0,00167	5981,87	0,00451	HOLD	98,2349	168,7092
2021-10-04	07:00	48200,01	48280,71	47840	47860,89	LONG	0,00167	5981,87	0,00451	HOLD	98,2349	168,1428
2021-10-04	08:00	47860,88	48181,91	47714,27	47810,39	LONG	0,00167	5981,87	0,00451	HOLD	98,2349	168,0585
2021-10-04	09:00	47810,4	47883,91	47581,42	47678,16	LONG	0,00167	5981,87	0,00451	HOLD	98,2349	167,8377
2021-10-04	10:00	47678,16	47798,2	47336	47468,79	LONG	0,00167	5981,87	0,00451	HOLD	98,2349	167,488
2021-10-04	11:00	47468,79	47844,1	47234,21	47751,99	LONG	0,00167	5981,87	0,00451	HOLD	98,2349	167,961
2021-10-04	12:00	47751,98	47865,51	47716,86	47777,05	LONG	0,00167	5981,87	0,00451	HOLD	98,2349	168,0028
2021-10-04	13:00	47777,05	47825	47550,77	47710	LONG	0,00167	5981,87	0,00451	HOLD	98,2349	167,8908
2021-10-04	14:00	47710	47860,63	47589,99	47838,54	LONG	0,00167	5981,87	0,00451	HOLD	98,2349	168,1055
2021-10-04	15:00	47838,54	47962,51	47471,5	47656,49	LONG	0,00167	5981,87	0,00451	HOLD	98,2349	167,8015
2021-10-04	16:00	47656,49	47759,42	47525	47732,22	LONG	0,00167	5981,87	0,00451	HOLD	98,2349	167,9279
2021-10-04	17:00	47732,21	47756,1	47486,15	47626,97	LONG	0,00167	5981,87	0,00451	HOLD	98,2349	167,7522
2021-10-04	18:00	47626,01	47679,36	47352,77	47585,85	LONG	0,00167	5981,87	0,00451	HOLD	98,2349	167,6835
2021-10-04	19:00	47585,84	47819,43	47448,39	47707,37	LONG	0,00167	5981,87	0,00451	HOLD	98,2349	167,8865
2021-10-04	20:00	47707,37	48179,58	47667,59	48116,29	LONG	0,00167	5981,87	0,00451	HOLD	98,2349	168,5693
2021-10-04	21:00	48113,91	48500	47250	47450,66	LONG	0,00167	5981,87	0,00451	HOLD	98,2349	167,4577
2021-10-04	22:00	47450,66	47799,98	46891	47758,23	LONG	0,00167	5981,87	0,00451	HOLD	98,2349	167,9714
2021-10-04	23:00	47758,22	48930	47694,41	48589,99	LONG	0,00167	5981,87	0,00451	HOLD	98,2349	169,3604
2021-10-05	00:00	48589,99	49500	48203,66	49296,44	LONG	0,00167	5981,87	0,00451	HOLD	98,2349	170,5402
2021-10-05	01:00	49296,43	49536,12	49001,25	49318	LONG	0,00167	5981,87	0,00451	HOLD	98,2349	170,5762
2021-10-05	02:00	49318	49454,9	48904,28	49380	LONG	0,00167	5981,87	0,00451	HOLD	98,2349	170,6797
2021-10-05	03:00	49380	49498,78	48981,24	49006,15	LONG	0,00167	5981,87	0,00451	HOLD	98,2349	170,0554
2021-10-05	04:00	49006,14	49166,09	48556,09	48931,03	LONG	0,00167	5981,87	0,00451	HOLD	98,2349	169,93
2021-10-05	05:00	48931,04	49041,24	48688,83	48916,29	LONG	0,00167	5981,87	0,00451	HOLD	98,2349	169,9053
2021-10-05	06:00	48920,79	49451	48895,11	49224,94	LONG	0,00167	5981,87	0,00451	HOLD	98,2349	170,4208
2021-10-05	07:00	49224,93	49799	49022,4	49531	LONG	0,00167	5981,87	0,00451	HOLD	98,2349	170,9319
2021-10-05	08:00	49531	49597,38	49163,68	49243,03	LONG	0,00167	5981,87	0,00451	HOLD	98,2349	170,451
2021-10-05	09:00	49243,02	49380,84	49050,36	49324,82	LONG	0,00167	5981,87	0,00451	HOLD	98,2349	170,5876
2021-10-05	10:00	49324,82	49497	49123,87	49306,68	LONG	0,00167	5981,87	0,00451	HOLD	98,2349	170,5573
2021-10-05	11:00	49306,68	49319,48	49088	49168,31	LONG	0,00167	5981,87	0,00451	HOLD	98,2349	170,3262
2021-10-05	12:00	49168,3	49412,88	49138,78	49325	LONG	0,00167	5981,87	0,00451	HOLD	98,2349	170,5879
2021-10-05	13:00	49325,01	49473,81	49252,07	49295,92	LONG	0,00167	5981,87	0,00451	HOLD	98,2349	170,5393
2021-10-05	14:00	49295,93	49664,14	49250,87	49476,51	LONG	0,00167	5981,87	0,00451	HOLD	98,2349	170,8409
2021-10-05	15:00	49476,52	50000	49376,06	49919,99	LONG	0,00167	5981,87	0,00451	HOLD	98,2349	171,5815
2021-10-05	16:00	49920	50328	49584,4	50269,35	LONG	0,00167	5981,87	0,00451	HOLD	98,2349	172,165
2021-10-05	17:00	50269,35	50350	49839,26	49999,99	LONG	0,00167	5981,87	0,00451	HOLD	98,2349	171,7151
2021-10-05	18:00	49999,99	50145,88	49801,74	49877,06	LONG	0,00167	5981,87	0,00451	HOLD	98,2349	171,5098
2021-10-05	19:00	49877,06	50110	49705	50000	LONG	0,00167	5981,87	0,00451	HOLD	98,2349	171,7151
2021-10-05	20:00	50000	50320	49772,63	50207,96	LONG	0,00167	5981,87	0,00451	HOLD	98,2349	172,0624
2021-10-05	21:00	50207,96	50388	49575,94	49841,79	LONG	0,00167	5981,87	0,00451	HOLD	98,2349	171,4509
2021-10-05	22:00	49841,78	50205,21	49700	49793,57	LONG	0,00167	5981,87	0,00451	HOLD	98,2349	171,3704
2021-10-05	23:00	49793,57	50115,24	49640,36	50103,85	LONG	0,00167	5981,87	0,00451	HOLD	98,2349	171,8886
2021-10-06	00:00	50103,86	50200	49950	50146,52	LONG	0,00167	5981,87	0,00451	HOLD	98,2349	171,9598
2021-10-06	01:00	50146,51	50777	50140,01	50612,44	LONG	0,00167	5981,87	0,00451	HOLD	98,2349	172,7379
2021-10-06	02:00	50612,45	51388	50557,89	51190,11	LONG	0,00167	5981,87	0,00451	HOLD	98,2349	173,7026
2021-10-06	03:00	51190,11	51773,76	51104,47	51462,29	LONG	0,00167	5981,87	0,00451	HOLD	98,2349	174,1572
2021-10-06	04:00	51461,16	51886,3	51299,06	51718,61	LONG	0,00167	5981,87	0,00451	HOLD	98,2349	174,5852
2021-10-06	05:00	51718,61	51775,42	51318,24	51349,86	LONG	0,00167	5981,87	0,00451	HOLD	98,2349	173,9694
2021-10-06	06:00	51349,85	51620,37	51343,06	51471,99	LONG	0,00167	5981,87	0,00451	HOLD	98,2349	174,1734
2021-10-06	07:00	51471,99	51539,3	51201,05	51321,61	LONG	0,00167	5981,87	0,00451	HOLD	98,2349	173,9222
2021-10-06	08:00	51322,98	51330,96	50917,73	51278,38	LONG	0,00167	5981,87	0,00451	HOLD	98,2349	173,85
2021-10-06	09:00	51277,3	51591,82	51152	51545,56	LONG	0,00167	5981,87	0,00451	HOLD	98,2349	174,2962
2021-10-06	10:00	51545,56	51600	51295,32	51513,81	LONG	0,00167	5981,87	0,00451	HOLD	98,2349	174,2432
2021-10-06	11:00	51512,13	51593,52	51236,7	51325,83	LONG	0,00167	5981,87	0,00451	HOLD	98,2349	173,9293
