Tanggal WIB	Jam WIB	BTC Open	BTC High	BTC Low	BTC Close	Posisi	Lot BTC	Pending Reverse	Qty Pending	Action	Saldo Realized	Equity MTM
2018-08-14	19:00	6000,98	6159	5986,26	6095,84	LONG	0,00167	5982,98	0,00334	HOLD	99,9955	100,1539
2018-08-14	20:00	6092	6164,52	6086,53	6118,08	LONG	0,00167	5982,98	0,00334	HOLD	99,9955	100,191
2018-08-14	21:00	6119,05	6131,2	6011	6022,73	LONG	0,00167	5982,98	0,00334	HOLD	99,9955	100,0318
2018-08-14	22:00	6022,73	6054,55	5977,5	6025,03	SHORT	0,00167	5997,93	0,00334	REVERSE LONG→SHORT	99,9514	99,8762
2018-08-14	23:00	6025,02	6032	5981	6020,23	LONG	0,00167	5982,92	0,00334	REVERSE SHORT→LONG	99,9075	99,9397
2018-08-15	00:00	6019,98	6080	6014,82	6022,83	LONG	0,00167	5982,92	0,00334	HOLD	99,9075	99,944
2018-08-15	01:00	6026	6055	6015	6040	LONG	0,00167	5982,92	0,00334	HOLD	99,9075	99,9727
2018-08-15	02:00	6040	6115	6040	6073,56	LONG	0,00167	5982,92	0,00334	HOLD	99,9075	100,0288
2018-08-15	03:00	6073	6102,02	6046,58	6064,96	LONG	0,00167	5982,92	0,00334	HOLD	99,9075	100,0144
2018-08-15	04:00	6064,91	6130,7	6062,04	6100	LONG	0,00167	5982,92	0,00334	HOLD	99,9075	100,0729
2018-08-15	05:00	6100	6160	6061,55	6120	LONG	0,00167	5982,92	0,00334	HOLD	99,9075	100,1063
2018-08-15	06:00	6124,75	6219,44	6103,54	6188,08	LONG	0,00167	5982,92	0,00334	HOLD	99,9075	100,22
2018-08-15	07:00	6188,08	6258,31	6172,11	6215,25	LONG	0,00167	5982,92	0,00334	HOLD	99,9075	100,2654
2018-08-15	08:00	6215,72	6231,37	6179,52	6216,16	LONG	0,00167	5982,92	0,00334	HOLD	99,9075	100,2669
2018-08-15	09:00	6218,75	6295	6203,52	6256,95	LONG	0,00167	5982,92	0,00334	HOLD	99,9075	100,335
2018-08-15	10:00	6256,95	6297,77	6210,27	6289,99	LONG	0,00167	5982,92	0,00334	HOLD	99,9075	100,3902
2018-08-15	11:00	6289,98	6374,28	6247,12	6326,32	LONG	0,00167	5982,92	0,00334	HOLD	99,9075	100,4509
2018-08-15	12:00	6326,32	6338,93	6279	6292,05	LONG	0,00167	5982,92	0,00334	HOLD	99,9075	100,3936
2018-08-15	13:00	6292,05	6319,89	6283,5	6307,03	LONG	0,00167	5982,92	0,00334	HOLD	99,9075	100,4187
2018-08-15	14:00	6307,02	6449	6307	6392,77	LONG	0,00167	5982,92	0,00334	HOLD	99,9075	100,5618
2018-08-15	15:00	6391,92	6451,32	6385,01	6428,12	LONG	0,00167	5982,92	0,00334	HOLD	99,9075	100,6209
2018-08-15	16:00	6428,12	6431,99	6305,86	6371,2	LONG	0,00167	5982,92	0,00334	HOLD	99,9075	100,5258
2018-08-15	17:00	6370,26	6387	6266	6296,3	LONG	0,00167	5982,92	0,00334	HOLD	99,9075	100,4007
2018-08-15	18:00	6293,32	6353	6289,76	6351,69	LONG	0,00167	5982,92	0,00334	HOLD	99,9075	100,4932
2018-08-15	19:00	6350,54	6409,99	6320	6385,3	LONG	0,00167	5982,92	0,00334	HOLD	99,9075	100,5494
2018-08-15	20:00	6384,86	6410	6328	6331,75	LONG	0,00167	5982,92	0,00334	HOLD	99,9075	100,4599
2018-08-15	21:00	6330,72	6400	6322	6400	LONG	0,00167	5982,92	0,00334	HOLD	99,9075	100,5739
2018-08-15	22:00	6400	6477,24	6377,26	6434,95	LONG	0,00167	5982,92	0,00334	HOLD	99,9075	100,6323
2018-08-15	23:00	6434,93	6609	6432	6588,04	LONG	0,00167	5982,92	0,00334	HOLD	99,9075	100,8879
2018-08-16	00:00	6590	6597	6515,65	6562,77	LONG	0,00167	5982,92	0,00334	HOLD	99,9075	100,8457
2018-08-16	01:00	6562,77	6588,07	6501,01	6525,94	LONG	0,00167	5982,92	0,00334	HOLD	99,9075	100,7842
2018-08-16	02:00	6526,01	6535	6340	6369,97	LONG	0,00167	5982,92	0,00334	HOLD	99,9075	100,5238
2018-08-16	03:00	6363,16	6381	6300,95	6370,25	LONG	0,00167	5982,92	0,00334	HOLD	99,9075	100,5242
2018-08-16	04:00	6372,39	6433,72	6336,67	6413,16	LONG	0,00167	5982,92	0,00334	HOLD	99,9075	100,5959
2018-08-16	05:00	6415,89	6449	6325,21	6344,87	LONG	0,00167	5982,92	0,00334	HOLD	99,9075	100,4818
2018-08-16	06:00	6334,03	6349,19	6222,22	6267,16	LONG	0,00167	5982,92	0,00334	HOLD	99,9075	100,3521
2018-08-16	07:00	6265,27	6320	6205,6	6295,02	LONG	0,00167	5982,92	0,00334	HOLD	99,9075	100,3986
2018-08-16	08:00	6295,02	6298,63	6245	6262,59	LONG	0,00167	5982,92	0,00334	HOLD	99,9075	100,3444
2018-08-16	09:00	6262,75	6300,05	6254,84	6297,16	LONG	0,00167	5982,92	0,00334	HOLD	99,9075	100,4022
2018-08-16	10:00	6298,6	6339,16	6265,21	6270,5	LONG	0,00167	5982,92	0,00334	HOLD	99,9075	100,3576
2018-08-16	11:00	6270,49	6329,01	6255	6305	LONG	0,00167	5982,92	0,00334	HOLD	99,9075	100,4153
2018-08-16	12:00	6301,74	6312,89	6271,44	6282,53	LONG	0,00167	5982,92	0,00334	HOLD	99,9075	100,3777
2018-08-16	13:00	6285,93	6300,99	6267	6299,1	LONG	0,00167	5982,92	0,00334	HOLD	99,9075	100,4054
2018-08-16	14:00	6299,09	6420,26	6299	6376,19	LONG	0,00167	5982,92	0,00334	HOLD	99,9075	100,5341
2018-08-16	15:00	6371,71	6432,5	6363,01	6388,11	LONG	0,00167	5982,92	0,00334	HOLD	99,9075	100,5541
2018-08-16	16:00	6385,42	6423,6	6371	6388	LONG	0,00167	5982,92	0,00334	HOLD	99,9075	100,5539
2018-08-16	17:00	6387,5	6480	6378	6443,46	LONG	0,00167	5982,92	0,00334	HOLD	99,9075	100,6465
2018-08-16	18:00	6445,77	6447,83	6390,94	6434,65	LONG	0,00167	5982,92	0,00334	HOLD	99,9075	100,6318
2018-08-16	19:00	6434,82	6476,01	6277	6310,8	LONG	0,00167	5982,92	0,00334	HOLD	99,9075	100,4249
2018-08-16	20:00	6311	6355,69	6280	6350,18	LONG	0,00167	5982,92	0,00334	HOLD	99,9075	100,4907
2018-08-16	21:00	6352,6	6367,6	6315	6319,18	LONG	0,00167	5982,92	0,00334	HOLD	99,9075	100,4389
2018-08-16	22:00	6315,99	6432,38	6294,16	6403,82	LONG	0,00167	5982,92	0,00334	HOLD	99,9075	100,5803
2018-08-16	23:00	6403,82	6425,19	6366,04	6391,51	LONG	0,00167	5982,92	0,00334	HOLD	99,9075	100,5597
2018-08-17	00:00	6390,64	6464	6367,04	6409,12	LONG	0,00167	5982,92	0,00334	HOLD	99,9075	100,5891
2018-08-17	01:00	6409,12	6423	6383,11	6422,62	LONG	0,00167	5982,92	0,00334	HOLD	99,9075	100,6117
2018-08-17	02:00	6421,14	6442,99	6389,32	6409,31	LONG	0,00167	5982,92	0,00334	HOLD	99,9075	100,5895
2018-08-17	03:00	6408,59	6417,03	6242,15	6254,74	LONG	0,00167	5982,92	0,00334	HOLD	99,9075	100,3313
2018-08-17	04:00	6254,74	6301,3	6228	6278,01	LONG	0,00167	5982,92	0,00334	HOLD	99,9075	100,3702
2018-08-17	05:00	6278,07	6308,77	6263,8	6272	LONG	0,00167	5982,92	0,00334	HOLD	99,9075	100,3602
2018-08-17	06:00	6272	6322,83	6259	6311,75	LONG	0,00167	5982,92	0,00334	HOLD	99,9075	100,4265
2018-08-17	07:00	6316	6354,03	6285,4	6347,93	LONG	0,00167	5982,92	0,00334	HOLD	99,9075	100,487
2018-08-17	08:00	6342,77	6374	6325,03	6339,99	LONG	0,00167	5982,92	0,00334	HOLD	99,9075	100,4737
2018-08-17	09:00	6339	6449	6336	6412,03	LONG	0,00167	5982,92	0,00334	HOLD	99,9075	100,594
2018-08-17	10:00	6412,03	6440	6391,03	6413,84	LONG	0,00167	5982,92	0,00334	HOLD	99,9075	100,597
2018-08-17	11:00	6413,84	6525,15	6410,9	6455	LONG	0,00167	5982,92	0,00334	HOLD	99,9075	100,6658
2018-08-17	12:00	6454	6487,62	6417,25	6434,52	LONG	0,00167	5982,92	0,00334	HOLD	99,9075	100,6316
2018-08-17	13:00	6434,52	6500,17	6421,47	6497,89	LONG	0,00167	5982,92	0,00334	HOLD	99,9075	100,7374
2018-08-17	14:00	6497,89	6522	6443,81	6501,38	LONG	0,00167	5982,92	0,00334	HOLD	99,9075	100,7432
2018-08-17	15:00	6495,44	6501,35	6440	6453,14	LONG	0,00167	5982,92	0,00334	HOLD	99,9075	100,6627
2018-08-17	16:00	6453,77	6508,87	6451	6490,74	LONG	0,00167	5982,92	0,00334	HOLD	99,9075	100,7254
2018-08-17	17:00	6490,75	6555,03	6384,41	6420	LONG	0,00167	5982,92	0,00334	HOLD	99,9075	100,6073
2018-08-17	18:00	6418,01	6485,57	6417,3	6460,83	LONG	0,00167	5982,92	0,00334	HOLD	99,9075	100,6755
2018-08-17	19:00	6463,42	6489	6435,01	6474,56	LONG	0,00167	5982,92	0,00334	HOLD	99,9075	100,6984
2018-08-17	20:00	6474,04	6519,99	6455	6478,53	LONG	0,00167	5982,92	0,00334	HOLD	99,9075	100,7051
2018-08-17	21:00	6478,26	6489	6426,2	6462,44	LONG	0,00167	5982,92	0,00334	HOLD	99,9075	100,6782
2018-08-17	22:00	6459,32	6512,86	6458,63	6473,01	LONG	0,00167	5982,92	0,00334	HOLD	99,9075	100,6958
2018-08-17	23:00	6475,99	6535	6455	6506,77	LONG	0,00167	5982,92	0,00334	HOLD	99,9075	100,7522
2018-08-18	00:00	6504,45	6562,72	6490,67	6508,01	LONG	0,00167	5982,92	0,00334	HOLD	99,9075	100,7543
2018-08-18	01:00	6508,01	6520	6460,45	6519,92	LONG	0,00167	5982,92	0,00334	HOLD	99,9075	100,7742
2018-08-18	02:00	6516,26	6518,25	6475,1	6493,48	LONG	0,00167	5982,92	0,00334	HOLD	99,9075	100,73
2018-08-18	03:00	6493,5	6494	6450,5	6479	LONG	0,00167	5982,92	0,00334	HOLD	99,9075	100,7058
2018-08-18	04:00	6479	6525,34	6479	6509,99	LONG	0,00167	5982,92	0,00334	HOLD	99,9075	100,7576
2018-08-18	05:00	6508,4	6579	6495,23	6565,08	LONG	0,00167	5982,92	0,00334	HOLD	99,9075	100,8496
2018-08-18	06:00	6569,16	6585	6520,93	6584,49	LONG	0,00167	5982,92	0,00334	HOLD	99,9075	100,882
2018-08-18	07:00	6579,04	6620	6541,89	6603,02	LONG	0,00167	5982,92	0,00334	HOLD	99,9075	100,913
2018-08-18	08:00	6603,94	6616,53	6513,83	6533,29	LONG	0,00167	5982,92	0,00334	HOLD	99,9075	100,7965
2018-08-18	09:00	6533,32	6560	6493	6497,75	LONG	0,00167	5982,92	0,00334	HOLD	99,9075	100,7372
2018-08-18	10:00	6493,71	6530	6461	6524,99	LONG	0,00167	5982,92	0,00334	HOLD	99,9075	100,7826
2018-08-18	11:00	6524,99	6542,33	6505,31	6511,03	LONG	0,00167	5982,92	0,00334	HOLD	99,9075	100,7593
2018-08-18	12:00	6511,03	6525,01	6476,99	6518,23	LONG	0,00167	5982,92	0,00334	HOLD	99,9075	100,7714
2018-08-18	13:00	6514,32	6520,52	6455	6470,28	LONG	0,00167	5982,92	0,00334	HOLD	99,9075	100,6913
2018-08-18	14:00	6470,28	6490	6444	6463,37	LONG	0,00167	5982,92	0,00334	HOLD	99,9075	100,6797
2018-08-18	15:00	6463,37	6500	6460	6486,56	LONG	0,00167	5982,92	0,00334	HOLD	99,9075	100,7185
2018-08-18	16:00	6488,52	6512,22	6479,19	6480,58	LONG	0,00167	5982,92	0,00334	HOLD	99,9075	100,7085
2018-08-18	17:00	6481,5	6519	6478	6508,66	LONG	0,00167	5982,92	0,00334	HOLD	99,9075	100,7554
2018-08-18	18:00	6505,77	6533	6491	6502,72	LONG	0,00167	5982,92	0,00334	HOLD	99,9075	100,7455
2018-08-18	19:00	6502,71	6515,5	6470	6474,94	LONG	0,00167	5982,92	0,00334	HOLD	99,9075	100,6991
2018-08-18	20:00	6473,85	6474,93	6314	6349,99	LONG	0,00167	5982,92	0,00334	HOLD	99,9075	100,4904
2018-08-18	21:00	6346,47	6386,97	6325,18	6340,36	LONG	0,00167	5982,92	0,00334	HOLD	99,9075	100,4743
2018-08-18	22:00	6340,35	6360	6301	6356,92	LONG	0,00167	5982,92	0,00334	HOLD	99,9075	100,502
2018-08-18	23:00	6356,93	6359	6288	6338,01	LONG	0,00167	5982,92	0,00334	HOLD	99,9075	100,4704
2018-08-19	00:00	6338,01	6349	6300	6335,82	LONG	0,00167	5982,92	0,00334	HOLD	99,9075	100,4667
2018-08-19	01:00	6335,88	6375,8	6321,07	6367,99	LONG	0,00167	5982,92	0,00334	HOLD	99,9075	100,5205
2018-08-19	02:00	6368,48	6372,78	6339,15	6370,19	LONG	0,00167	5982,92	0,00334	HOLD	99,9075	100,5241
2018-08-19	03:00	6370,18	6371,96	6317,61	6357,11	LONG	0,00167	5982,92	0,00334	HOLD	99,9075	100,5023
2018-08-19	04:00	6357,11	6399	6345,2	6390,5	LONG	0,00167	5982,92	0,00334	HOLD	99,9075	100,558
2018-08-19	05:00	6389,75	6437	6377,01	6392,02	LONG	0,00167	5982,92	0,00334	HOLD	99,9075	100,5606
2018-08-19	06:00	6397,29	6425	6366,9	6387,96	LONG	0,00167	5982,92	0,00334	HOLD	99,9075	100,5538
2018-08-19	07:00	6387,96	6387,97	6335,51	6367,98	LONG	0,00167	5982,92	0,00334	HOLD	99,9075	100,5204
2018-08-19	08:00	6366,67	6389,35	6338	6346,27	LONG	0,00167	5982,92	0,00334	HOLD	99,9075	100,4842
2018-08-19	09:00	6347,57	6367	6335	6359,36	LONG	0,00167	5982,92	0,00334	HOLD	99,9075	100,506
2018-08-19	10:00	6360,1	6362,03	6300	6335	LONG	0,00167	5982,92	0,00334	HOLD	99,9075	100,4654
2018-08-19	11:00	6335,78	6371,73	6322,24	6355,49	LONG	0,00167	5982,92	0,00334	HOLD	99,9075	100,4996
2018-08-19	12:00	6355,49	6393,5	6353,16	6370,95	LONG	0,00167	5982,92	0,00334	HOLD	99,9075	100,5254
2018-08-19	13:00	6372,23	6395	6350,04	6363,4	LONG	0,00167	5982,92	0,00334	HOLD	99,9075	100,5128
2018-08-19	14:00	6363,7	6378,51	6341	6348,95	LONG	0,00167	5982,92	0,00334	HOLD	99,9075	100,4887
2018-08-19	15:00	6347,62	6369	6345,1	6368,02	LONG	0,00167	5982,92	0,00334	HOLD	99,9075	100,5205
2018-08-19	16:00	6368,02	6388,81	6354,43	6356,5	LONG	0,00167	5982,92	0,00334	HOLD	99,9075	100,5013
2018-08-19	17:00	6356,39	6382,85	6352,78	6374,25	LONG	0,00167	5982,92	0,00334	HOLD	99,9075	100,5309
2018-08-19	18:00	6374,24	6450,12	6374,24	6429,41	LONG	0,00167	5982,92	0,00334	HOLD	99,9075	100,623
2018-08-19	19:00	6429,41	6429,98	6395	6417,3	LONG	0,00167	5982,92	0,00334	HOLD	99,9075	100,6028
2018-08-19	20:00	6417,3	6458,55	6416	6449,99	LONG	0,00167	5982,92	0,00334	HOLD	99,9075	100,6574
2018-08-19	21:00	6449,99	6469,32	6411,79	6424,99	LONG	0,00167	5982,92	0,00334	HOLD	99,9075	100,6156
2018-08-19	22:00	6423,78	6434,65	6373	6409,46	LONG	0,00167	5982,92	0,00334	HOLD	99,9075	100,5897
2018-08-19	23:00	6409,46	6411	6350	6380	LONG	0,00167	5982,92	0,00334	HOLD	99,9075	100,5405
2018-08-20	00:00	6383,05	6394,02	6329	6356,19	LONG	0,00167	5982,92	0,00334	HOLD	99,9075	100,5007
2018-08-20	01:00	6354,6	6390	6337,04	6362,71	LONG	0,00167	5982,92	0,00334	HOLD	99,9075	100,5116
2018-08-20	02:00	6362,74	6385,4	6355	6375,48	LONG	0,00167	5982,92	0,00334	HOLD	99,9075	100,533
2018-08-20	03:00	6375,46	6533,89	6357,55	6532,37	LONG	0,00167	5982,92	0,00334	HOLD	99,9075	100,795
2018-08-20	04:00	6527,01	6541	6468,1	6484,08	LONG	0,00167	5982,92	0,00334	HOLD	99,9075	100,7143
2018-08-20	05:00	6486,8	6519,08	6469,31	6518,95	LONG	0,00167	5982,92	0,00334	HOLD	99,9075	100,7726
2018-08-20	06:00	6518,95	6520	6462	6477,53	LONG	0,00167	5982,92	0,00334	HOLD	99,9075	100,7034
2018-08-20	07:00	6477,53	6513,86	6472,73	6508	LONG	0,00167	5982,92	0,00334	HOLD	99,9075	100,7543
2018-08-20	08:00	6506,05	6522	6485	6517	LONG	0,00167	5982,92	0,00334	HOLD	99,9075	100,7693
2018-08-20	09:00	6516,99	6530	6478,7	6491,68	LONG	0,00167	5982,92	0,00334	HOLD	99,9075	100,727
2018-08-20	10:00	6494,43	6500	6477,53	6484,18	LONG	0,00167	5982,92	0,00334	HOLD	99,9075	100,7145
2018-08-20	11:00	6485,55	6495	6438	6453,95	LONG	0,00167	5982,92	0,00334	HOLD	99,9075	100,664
2018-08-20	12:00	6453,96	6472,69	6443,16	6470,79	LONG	0,00167	5982,92	0,00334	HOLD	99,9075	100,6921
2018-08-20	13:00	6467,11	6483	6420,05	6431,71	LONG	0,00167	5982,92	0,00334	HOLD	99,9075	100,6269
2018-08-20	14:00	6432,01	6466	6426,88	6458	LONG	0,00167	5982,92	0,00334	HOLD	99,9075	100,6708
2018-08-20	15:00	6458	6471,39	6424,05	6435	LONG	0,00167	5982,92	0,00334	HOLD	99,9075	100,6324
2018-08-20	16:00	6435,24	6439,95	6378	6410	LONG	0,00167	5982,92	0,00334	HOLD	99,9075	100,5906
2018-08-20	17:00	6409,24	6420,24	6381	6412,03	LONG	0,00167	5982,92	0,00334	HOLD	99,9075	100,594
2018-08-20	18:00	6413,02	6458	6412,04	6444,8	LONG	0,00167	5982,92	0,00334	HOLD	99,9075	100,6487
2018-08-20	19:00	6447,62	6476,31	6426,23	6445,33	LONG	0,00167	5982,92	0,00334	HOLD	99,9075	100,6496
2018-08-20	20:00	6445,33	6450	6385,3	6435,4	LONG	0,00167	5982,92	0,00334	HOLD	99,9075	100,633
2018-08-20	21:00	6437,98	6460,38	6413,63	6446,82	LONG	0,00167	5982,92	0,00334	HOLD	99,9075	100,6521
2018-08-20	22:00	6446,65	6465	6420	6426,37	LONG	0,00167	5982,92	0,00334	HOLD	99,9075	100,6179
2018-08-20	23:00	6427,44	6500	6408,13	6476,86	LONG	0,00167	5982,92	0,00334	HOLD	99,9075	100,7023
2018-08-21	00:00	6479	6484,99	6430	6468,21	LONG	0,00167	5982,92	0,00334	HOLD	99,9075	100,6878
2018-08-21	01:00	6470,2	6478,83	6445,97	6468,17	LONG	0,00167	5982,92	0,00334	HOLD	99,9075	100,6878
2018-08-21	02:00	6468,17	6479	6440	6449,96	LONG	0,00167	5982,92	0,00334	HOLD	99,9075	100,6573
2018-08-21	03:00	6447,11	6470,19	6431,67	6459,99	LONG	0,00167	5982,92	0,00334	HOLD	99,9075	100,6741
2018-08-21	04:00	6458,63	6463,43	6405	6406,28	LONG	0,00167	5982,92	0,00334	HOLD	99,9075	100,5844
2018-08-21	05:00	6406,28	6423,41	6269	6297,68	LONG	0,00167	5982,92	0,00334	HOLD	99,9075	100,403
2018-08-21	06:00	6295,08	6297,74	6220	6254,84	LONG	0,00167	5982,92	0,00334	HOLD	99,9075	100,3315
2018-08-21	07:00	6251	6315,51	6235,08	6307	LONG	0,00167	5982,92	0,00334	HOLD	99,9075	100,4186
2018-08-21	08:00	6307,01	6341,99	6289,54	6304,59	LONG	0,00167	5982,92	0,00334	HOLD	99,9075	100,4146
2018-08-21	09:00	6303,61	6316,98	6282	6305,88	LONG	0,00167	5982,92	0,00334	HOLD	99,9075	100,4167
2018-08-21	10:00	6305,88	6320	6298,51	6311,96	LONG	0,00167	5982,92	0,00334	HOLD	99,9075	100,4269
2018-08-21	11:00	6311,96	6311,97	6280	6289,01	LONG	0,00167	5982,92	0,00334	HOLD	99,9075	100,3886
2018-08-21	12:00	6288,15	6325	6287,3	6318,02	LONG	0,00167	5982,92	0,00334	HOLD	99,9075	100,437
2018-08-21	13:00	6318,02	6391,24	6318	6379,89	LONG	0,00167	5982,92	0,00334	HOLD	99,9075	100,5403
2018-08-21	14:00	6379,21	6431	6375	6394,99	LONG	0,00167	5982,92	0,00334	HOLD	99,9075	100,5655
2018-08-21	15:00	6394,99	6490	6391,27	6478,82	LONG	0,00167	5982,92	0,00334	HOLD	99,9075	100,7055
2018-08-21	16:00	6475,46	6484,2	6420	6425,11	LONG	0,00167	5982,92	0,00334	HOLD	99,9075	100,6158
2018-08-21	17:00	6426,12	6455,47	6406,47	6448,6	LONG	0,00167	5982,92	0,00334	HOLD	99,9075	100,6551
2018-08-21	18:00	6443,64	6452,01	6425	6431,12	LONG	0,00167	5982,92	0,00334	HOLD	99,9075	100,6259
2018-08-21	19:00	6431,13	6446,31	6411,04	6432,01	LONG	0,00167	5982,92	0,00334	HOLD	99,9075	100,6274
2018-08-21	20:00	6432,62	6434,91	6374,55	6400	LONG	0,00167	5982,92	0,00334	HOLD	99,9075	100,5739
2018-08-21	21:00	6400	6430,39	6375,1	6421,01	LONG	0,00167	5982,92	0,00334	HOLD	99,9075	100,609
2018-08-21	22:00	6421,01	6424,97	6386,38	6416,75	LONG	0,00167	5982,92	0,00334	HOLD	99,9075	100,6019
2018-08-21	23:00	6416,75	6458,55	6365	6436,35	LONG	0,00167	5982,92	0,00334	HOLD	99,9075	100,6346
2018-08-22	00:00	6437,8	6458,55	6400	6417,49	LONG	0,00167	5982,92	0,00334	HOLD	99,9075	100,6031
2018-08-22	01:00	6417,49	6459	6400	6450	LONG	0,00167	5982,92	0,00334	HOLD	99,9075	100,6574
2018-08-22	02:00	6447,99	6470	6426	6436,29	LONG	0,00167	5982,92	0,00334	HOLD	99,9075	100,6345
2018-08-22	03:00	6437,99	6457,15	6408,57	6455	LONG	0,00167	5982,92	0,00334	HOLD	99,9075	100,6658
2018-08-22	04:00	6452,79	6500	6443,55	6459,61	LONG	0,00167	5982,92	0,00334	HOLD	99,9075	100,6735
2018-08-22	05:00	6459,58	6479,1	6435	6474,74	LONG	0,00167	5982,92	0,00334	HOLD	99,9075	100,6987
2018-08-22	06:00	6474,74	6491,83	6456,05	6480	LONG	0,00167	5982,92	0,00334	HOLD	99,9075	100,7075
2018-08-22	07:00	6479,98	6485,81	6436	6461,32	LONG	0,00167	5982,92	0,00334	HOLD	99,9075	100,6763
2018-08-22	08:00	6461,04	6842,47	6448,87	6808,96	LONG	0,00167	5982,92	0,00334	HOLD	99,9075	101,2569
2018-08-22	09:00	6809	6882,54	6678,28	6730	LONG	0,00167	5982,92	0,00334	HOLD	99,9075	101,125
2018-08-22	10:00	6730	6735	6693,16	6726,01	LONG	0,00167	5982,92	0,00334	HOLD	99,9075	101,1183
2018-08-22	11:00	6726	6759	6704	6715,96	LONG	0,00167	5982,92	0,00334	HOLD	99,9075	101,1016
2018-08-22	12:00	6716,01	6726,19	6668	6678	LONG	0,00167	5982,92	0,00334	HOLD	99,9075	101,0382
2018-08-22	13:00	6680	6696	6666	6686	LONG	0,00167	5982,92	0,00334	HOLD	99,9075	101,0515
2018-08-22	14:00	6683,75	6699	6627,01	6653,55	LONG	0,00167	5982,92	0,00334	HOLD	99,9075	100,9973
2018-08-22	15:00	6654,34	6685,17	6638,75	6668,04	LONG	0,00167	5982,92	0,00334	HOLD	99,9075	101,0215
2018-08-22	16:00	6668,77	6707,4	6666	6667,02	LONG	0,00167	5982,92	0,00334	HOLD	99,9075	101,0198
2018-08-22	17:00	6667,01	6680	6654,32	6658,48	LONG	0,00167	5982,92	0,00334	HOLD	99,9075	101,0056
2018-08-22	18:00	6658,49	6673	6627,56	6670,01	LONG	0,00167	5982,92	0,00334	HOLD	99,9075	101,0248
2018-08-22	19:00	6671,93	6689	6660,01	6661,02	LONG	0,00167	5982,92	0,00334	HOLD	99,9075	101,0098
2018-08-22	20:00	6661,02	6674,15	6649,58	6666	LONG	0,00167	5982,92	0,00334	HOLD	99,9075	101,0181
2018-08-22	21:00	6666	6670	6635	6650,04	LONG	0,00167	5982,92	0,00334	HOLD	99,9075	100,9915
2018-08-22	22:00	6650,93	6667	6452	6459,36	LONG	0,00167	5982,92	0,00334	HOLD	99,9075	100,673
2018-08-22	23:00	6452,01	6475,95	6384,3	6429,64	LONG	0,00167	5982,92	0,00334	HOLD	99,9075	100,6234
2018-08-23	00:00	6432,55	6452,99	6421,02	6445,5	LONG	0,00167	5982,92	0,00334	HOLD	99,9075	100,6499
2018-08-23	01:00	6445,23	6453	6403	6408,26	LONG	0,00167	5982,92	0,00334	HOLD	99,9075	100,5877
2018-08-23	02:00	6408,25	6440,24	6405,7	6438,2	LONG	0,00167	5982,92	0,00334	HOLD	99,9075	100,6377
2018-08-23	03:00	6438,21	6439,22	6293	6330,01	LONG	0,00167	5982,92	0,00334	HOLD	99,9075	100,457
2018-08-23	04:00	6330,5	6400	6286,11	6367,91	LONG	0,00167	5982,92	0,00334	HOLD	99,9075	100,5203
2018-08-23	05:00	6367,91	6475,51	6251,2	6351,23	LONG	0,00167	5982,92	0,00334	HOLD	99,9075	100,4925
2018-08-23	06:00	6351,12	6405,84	6325	6360,89	LONG	0,00167	5982,92	0,00334	HOLD	99,9075	100,5086
2018-08-23	07:00	6362,57	6431,97	6342,28	6428,42	LONG	0,00167	5982,92	0,00334	HOLD	99,9075	100,6214
2018-08-23	08:00	6428,42	6430	6400	6417	LONG	0,00167	5982,92	0,00334	HOLD	99,9075	100,6023
2018-08-23	09:00	6417,01	6444	6410,54	6417,83	LONG	0,00167	5982,92	0,00334	HOLD	99,9075	100,6037
2018-08-23	10:00	6417,5	6419,74	6371	6399	LONG	0,00167	5982,92	0,00334	HOLD	99,9075	100,5722
2018-08-23	11:00	6400	6409,95	6383,23	6392,03	LONG	0,00167	5982,92	0,00334	HOLD	99,9075	100,5606
2018-08-23	12:00	6393	6451	6384,93	6430,56	LONG	0,00167	5982,92	0,00334	HOLD	99,9075	100,6249
2018-08-23	13:00	6430,56	6444,02	6414,37	6434,01	LONG	0,00167	5982,92	0,00334	HOLD	99,9075	100,6307
2018-08-23	14:00	6433,1	6442,87	6410	6437,99	LONG	0,00167	5982,92	0,00334	HOLD	99,9075	100,6374
2018-08-23	15:00	6437,99	6449	6422,96	6430,4	LONG	0,00167	5982,92	0,00334	HOLD	99,9075	100,6247
2018-08-23	16:00	6430,43	6435,97	6389,35	6408,01	LONG	0,00167	5982,92	0,00334	HOLD	99,9075	100,5873
2018-08-23	17:00	6408,01	6430	6403,13	6424,37	LONG	0,00167	5982,92	0,00334	HOLD	99,9075	100,6146
2018-08-23	18:00	6424,13	6429,95	6390,02	6406,61	LONG	0,00167	5982,92	0,00334	HOLD	99,9075	100,5849
2018-08-23	19:00	6406,61	6441,71	6390,02	6435,75	LONG	0,00167	5982,92	0,00334	HOLD	99,9075	100,6336
2018-08-23	20:00	6438,06	6439,53	6410	6429,22	LONG	0,00167	5982,92	0,00334	HOLD	99,9075	100,6227
2018-08-23	21:00	6429,02	6494,26	6429,01	6438,01	LONG	0,00167	5982,92	0,00334	HOLD	99,9075	100,6374
2018-08-23	22:00	6438	6458,73	6431,67	6435,01	LONG	0,00167	5982,92	0,00334	HOLD	99,9075	100,6324
2018-08-23	23:00	6435,01	6488	6430	6454	LONG	0,00167	5982,92	0,00334	HOLD	99,9075	100,6641
2018-08-24	00:00	6454	6480	6450,35	6458,67	LONG	0,00167	5982,92	0,00334	HOLD	99,9075	100,6719
2018-08-24	01:00	6457,32	6469,15	6432,11	6449,52	LONG	0,00167	5982,92	0,00334	HOLD	99,9075	100,6566
2018-08-24	02:00	6449,48	6455,95	6360	6417,3	LONG	0,00167	5982,92	0,00334	HOLD	99,9075	100,6028
2018-08-24	03:00	6416,9	6433,68	6401	6418,46	LONG	0,00167	5982,92	0,00334	HOLD	99,9075	100,6047
2018-08-24	04:00	6418,44	6488	6418,29	6472,23	LONG	0,00167	5982,92	0,00334	HOLD	99,9075	100,6945
2018-08-24	05:00	6472,22	6576,99	6470,53	6502,21	LONG	0,00167	5982,92	0,00334	HOLD	99,9075	100,7446
2018-08-24	06:00	6502,21	6534,89	6487,8	6525,01	LONG	0,00167	5982,92	0,00334	HOLD	99,9075	100,7827
2018-08-24	07:00	6525	6538,06	6470	6484,76	LONG	0,00167	5982,92	0,00334	HOLD	99,9075	100,7155
2018-08-24	08:00	6482,52	6503,24	6480,43	6499,46	LONG	0,00167	5982,92	0,00334	HOLD	99,9075	100,74
2018-08-24	09:00	6499	6522	6496,93	6501,71	LONG	0,00167	5982,92	0,00334	HOLD	99,9075	100,7438
2018-08-24	10:00	6501,71	6513,22	6485,21	6495	LONG	0,00167	5982,92	0,00334	HOLD	99,9075	100,7326
2018-08-24	11:00	6494,38	6506,07	6478,28	6503,37	LONG	0,00167	5982,92	0,00334	HOLD	99,9075	100,7465
2018-08-24	12:00	6503,37	6523,04	6498,82	6523,04	LONG	0,00167	5982,92	0,00334	HOLD	99,9075	100,7794
2018-08-24	13:00	6522,21	6527	6502,08	6513,81	LONG	0,00167	5982,92	0,00334	HOLD	99,9075	100,764
2018-08-24	14:00	6517,01	6555,07	6512,11	6534,65	LONG	0,00167	5982,92	0,00334	HOLD	99,9075	100,7988
2018-08-24	15:00	6534,65	6535,01	6504,86	6522	LONG	0,00167	5982,92	0,00334	HOLD	99,9075	100,7777
2018-08-24	16:00	6521,01	6540,04	6513,14	6528,02	LONG	0,00167	5982,92	0,00334	HOLD	99,9075	100,7877
2018-08-24	17:00	6529,8	6554,99	6526,25	6542,93	LONG	0,00167	5982,92	0,00334	HOLD	99,9075	100,8126
2018-08-24	18:00	6543,68	6573	6531,38	6531,5	LONG	0,00167	5982,92	0,00334	HOLD	99,9075	100,7935
2018-08-24	19:00	6537,04	6554	6507,79	6553,12	LONG	0,00167	5982,92	0,00334	HOLD	99,9075	100,8296
2018-08-24	20:00	6552,07	6559	6521,31	6530	LONG	0,00167	5982,92	0,00334	HOLD	99,9075	100,791
2018-08-24	21:00	6529,94	6546,6	6440,5	6507,11	LONG	0,00167	5982,92	0,00334	HOLD	99,9075	100,7528
2018-08-24	22:00	6507,12	6519,05	6484,12	6504,08	LONG	0,00167	5982,92	0,00334	HOLD	99,9075	100,7477
2018-08-24	23:00	6504,08	6558	6498,97	6547,58	LONG	0,00167	5982,92	0,00334	HOLD	99,9075	100,8204
2018-08-25	00:00	6547,58	6630	6543,69	6583,95	LONG	0,00167	5982,92	0,00334	HOLD	99,9075	100,8811
2018-08-25	01:00	6583,09	6642	6577	6632,33	LONG	0,00167	5982,92	0,00334	HOLD	99,9075	100,9619
2018-08-25	02:00	6632,33	6640	6590	6623,56	LONG	0,00167	5982,92	0,00334	HOLD	99,9075	100,9473
2018-08-25	03:00	6621,89	6640,2	6595,77	6615,01	LONG	0,00167	5982,92	0,00334	HOLD	99,9075	100,933
2018-08-25	04:00	6615,03	6700	6615	6689,24	LONG	0,00167	5982,92	0,00334	HOLD	99,9075	101,0569
2018-08-25	05:00	6689,2	6719	6667,1	6671,65	LONG	0,00167	5982,92	0,00334	HOLD	99,9075	101,0276
2018-08-25	06:00	6671,64	6725	6663,54	6681,64	LONG	0,00167	5982,92	0,00334	HOLD	99,9075	101,0442
2018-08-25	07:00	6686,98	6748,75	6678,01	6715,02	LONG	0,00167	5982,92	0,00334	HOLD	99,9075	101,1
2018-08-25	08:00	6718,78	6737	6695,67	6728,87	LONG	0,00167	5982,92	0,00334	HOLD	99,9075	101,1231
2018-08-25	09:00	6728,05	6789	6728,05	6757,02	LONG	0,00167	5982,92	0,00334	HOLD	99,9075	101,1701
2018-08-25	10:00	6757,02	6777,7	6707,75	6717,38	LONG	0,00167	5982,92	0,00334	HOLD	99,9075	101,1039
2018-08-25	11:00	6719,84	6738	6674,2	6736,4	LONG	0,00167	5982,92	0,00334	HOLD	99,9075	101,1357
2018-08-25	12:00	6736,4	6743,32	6703,8	6721,11	LONG	0,00167	5982,92	0,00334	HOLD	99,9075	101,1102
2018-08-25	13:00	6723	6726,52	6650,61	6674,99	LONG	0,00167	5982,92	0,00334	HOLD	99,9075	101,0331
2018-08-25	14:00	6676	6684,5	6653	6672,01	LONG	0,00167	5982,92	0,00334	HOLD	99,9075	101,0282
2018-08-25	15:00	6672,01	6720	6671,91	6707,99	LONG	0,00167	5982,92	0,00334	HOLD	99,9075	101,0883
2018-08-25	16:00	6706	6725,64	6677,95	6688,65	LONG	0,00167	5982,92	0,00334	HOLD	99,9075	101,056
2018-08-25	17:00	6689,18	6716,92	6684	6712,99	LONG	0,00167	5982,92	0,00334	HOLD	99,9075	101,0966
2018-08-25	18:00	6712,99	6724	6693,88	6703,46	LONG	0,00167	5982,92	0,00334	HOLD	99,9075	101,0807
2018-08-25	19:00	6701,01	6720	6671,75	6685,02	LONG	0,00167	5982,92	0,00334	HOLD	99,9075	101,0499
2018-08-25	20:00	6685,02	6698	6663,03	6695,14	LONG	0,00167	5982,92	0,00334	HOLD	99,9075	101,0668
2018-08-25	21:00	6695,14	6743,45	6677,97	6723,55	LONG	0,00167	5982,92	0,00334	HOLD	99,9075	101,1142
2018-08-25	22:00	6725,16	6757,31	6710	6737,99	LONG	0,00167	5982,92	0,00334	HOLD	99,9075	101,1384
2018-08-25	23:00	6737,99	6738,9	6687,95	6713,51	LONG	0,00167	5982,92	0,00334	HOLD	99,9075	101,0975
2018-08-26	00:00	6714,99	6733,83	6696,66	6724,06	LONG	0,00167	5982,92	0,00334	HOLD	99,9075	101,1151
2018-08-26	01:00	6724,99	6725	6686,56	6706,35	LONG	0,00167	5982,92	0,00334	HOLD	99,9075	101,0855
2018-08-26	02:00	6709,88	6716,08	6695,99	6711,53	LONG	0,00167	5982,92	0,00334	HOLD	99,9075	101,0942
2018-08-26	03:00	6711,53	6725,77	6703,59	6709,9	LONG	0,00167	5982,92	0,00334	HOLD	99,9075	101,0914
2018-08-26	04:00	6709,87	6715,89	6688	6693,68	LONG	0,00167	5982,92	0,00334	HOLD	99,9075	101,0644
2018-08-26	05:00	6693,68	6725,76	6690	6723,01	LONG	0,00167	5982,92	0,00334	HOLD	99,9075	101,1133
2018-08-26	06:00	6721,36	6770	6717	6733,64	LONG	0,00167	5982,92	0,00334	HOLD	99,9075	101,1311
2018-08-26	07:00	6733,64	6775,27	6703,92	6752,16	LONG	0,00167	5982,92	0,00334	HOLD	99,9075	101,162
2018-08-26	08:00	6752,12	6755,68	6725	6732,51	LONG	0,00167	5982,92	0,00334	HOLD	99,9075	101,1292
2018-08-26	09:00	6732,51	6735	6620	6643,18	LONG	0,00167	5982,92	0,00334	HOLD	99,9075	100,98
2018-08-26	10:00	6643,25	6647,35	6590	6616,99	LONG	0,00167	5982,92	0,00334	HOLD	99,9075	100,9363
2018-08-26	11:00	6616,99	6638,32	6600,1	6618,35	LONG	0,00167	5982,92	0,00334	HOLD	99,9075	100,9386
2018-08-26	12:00	6618,35	6625,12	6577	6588,65	LONG	0,00167	5982,92	0,00334	HOLD	99,9075	100,889
2018-08-26	13:00	6588,65	6618,38	6568	6608,57	LONG	0,00167	5982,92	0,00334	HOLD	99,9075	100,9222
2018-08-26	14:00	6602,88	6641,72	6602,88	6637,04	LONG	0,00167	5982,92	0,00334	HOLD	99,9075	100,9698
2018-08-26	15:00	6635,03	6653,44	6623,89	6629,56	LONG	0,00167	5982,92	0,00334	HOLD	99,9075	100,9573
2018-08-26	16:00	6629,57	6668,67	6623,64	6663,9	LONG	0,00167	5982,92	0,00334	HOLD	99,9075	101,0146
2018-08-26	17:00	6664,42	6672	6640,27	6666,64	LONG	0,00167	5982,92	0,00334	HOLD	99,9075	101,0192
2018-08-26	18:00	6665,53	6720	6664	6698,76	LONG	0,00167	5982,92	0,00334	HOLD	99,9075	101,0728
2018-08-26	19:00	6697,01	6711,81	6670,01	6690	LONG	0,00167	5982,92	0,00334	HOLD	99,9075	101,0582
2018-08-26	20:00	6690	6727,99	6689	6723,1	LONG	0,00167	5982,92	0,00334	HOLD	99,9075	101,1135
2018-08-26	21:00	6723,09	6743,27	6689,93	6694,99	LONG	0,00167	5982,92	0,00334	HOLD	99,9075	101,0665
2018-08-26	22:00	6693,34	6706,78	6674,71	6676	LONG	0,00167	5982,92	0,00334	HOLD	99,9075	101,0348
2018-08-26	23:00	6676	6704	6637,13	6652,46	LONG	0,00167	5982,92	0,00334	HOLD	99,9075	100,9955
2018-08-27	00:00	6652,46	6676,16	6627,16	6653,99	LONG	0,00167	5982,92	0,00334	HOLD	99,9075	100,9981
2018-08-27	01:00	6653,99	6705,97	6644,96	6696,39	LONG	0,00167	5982,92	0,00334	HOLD	99,9075	101,0689
2018-08-27	02:00	6693,13	6708,4	6672	6708,4	LONG	0,00167	5982,92	0,00334	HOLD	99,9075	101,0889
2018-08-27	03:00	6705,01	6708,89	6661,01	6683,17	LONG	0,00167	5982,92	0,00334	HOLD	99,9075	101,0468
2018-08-27	04:00	6680,06	6694,63	6674,99	6680,62	LONG	0,00167	5982,92	0,00334	HOLD	99,9075	101,0425
2018-08-27	05:00	6680,63	6691,04	6663,89	6690,99	LONG	0,00167	5982,92	0,00334	HOLD	99,9075	101,0599
2018-08-27	06:00	6690,99	6725	6677,99	6700	LONG	0,00167	5982,92	0,00334	HOLD	99,9075	101,0749
2018-08-27	07:00	6700	6710,72	6686	6700	LONG	0,00167	5982,92	0,00334	HOLD	99,9075	101,0749
2018-08-27	08:00	6700	6703,77	6661,15	6668,65	LONG	0,00167	5982,92	0,00334	HOLD	99,9075	101,0226
2018-08-27	09:00	6670,43	6685,66	6663	6669,11	LONG	0,00167	5982,92	0,00334	HOLD	99,9075	101,0233
2018-08-27	10:00	6669,11	6684	6646,5	6670,54	LONG	0,00167	5982,92	0,00334	HOLD	99,9075	101,0257
2018-08-27	11:00	6670,53	6722	6670,52	6705,55	LONG	0,00167	5982,92	0,00334	HOLD	99,9075	101,0842
2018-08-27	12:00	6705,54	6737,78	6698,23	6716,09	LONG	0,00167	5982,92	0,00334	HOLD	99,9075	101,1018
2018-08-27	13:00	6716,08	6729,81	6704,29	6719,39	LONG	0,00167	5982,92	0,00334	HOLD	99,9075	101,1073
2018-08-27	14:00	6718,1	6733,49	6705,23	6709,43	LONG	0,00167	5982,92	0,00334	HOLD	99,9075	101,0907
2018-08-27	15:00	6711,45	6715,16	6690	6702,56	LONG	0,00167	5982,92	0,00334	HOLD	99,9075	101,0792
2018-08-27	16:00	6703,75	6706,35	6685	6696,48	LONG	0,00167	5982,92	0,00334	HOLD	99,9075	101,069
2018-08-27	17:00	6696,49	6717	6696,05	6713,95	LONG	0,00167	5982,92	0,00334	HOLD	99,9075	101,0982
2018-08-27	18:00	6713,98	6725	6697,79	6713,01	LONG	0,00167	5982,92	0,00334	HOLD	99,9075	101,0966
2018-08-27	19:00	6713,01	6768,28	6680	6686,29	LONG	0,00167	5982,92	0,00334	HOLD	99,9075	101,052
2018-08-27	20:00	6684,32	6719	6681,17	6717	LONG	0,00167	5982,92	0,00334	HOLD	99,9075	101,1033
2018-08-27	21:00	6716,97	6760,85	6709,59	6720,57	LONG	0,00167	5982,92	0,00334	HOLD	99,9075	101,1093
2018-08-27	22:00	6721,28	6752,88	6720,57	6747,8	LONG	0,00167	5982,92	0,00334	HOLD	99,9075	101,1547
2018-08-27	23:00	6749,99	6750,45	6723	6745,11	LONG	0,00167	5982,92	0,00334	HOLD	99,9075	101,1502
2018-08-28	00:00	6744,22	6751,59	6729,29	6742,01	LONG	0,00167	5982,92	0,00334	HOLD	99,9075	101,1451
2018-08-28	01:00	6742	6747	6725	6730,01	LONG	0,00167	5982,92	0,00334	HOLD	99,9075	101,125
2018-08-28	02:00	6730,01	6750,43	6725,01	6744,77	LONG	0,00167	5982,92	0,00334	HOLD	99,9075	101,1497
2018-08-28	03:00	6743,56	6747,87	6716	6723,07	LONG	0,00167	5982,92	0,00334	HOLD	99,9075	101,1134
2018-08-28	04:00	6723,07	6738,29	6710,2	6736	LONG	0,00167	5982,92	0,00334	HOLD	99,9075	101,135
2018-08-28	05:00	6736	6765	6727,35	6757,8	LONG	0,00167	5982,92	0,00334	HOLD	99,9075	101,1714
2018-08-28	06:00	6757,79	6940,51	6738,2	6908,64	LONG	0,00167	5982,92	0,00334	HOLD	99,9075	101,4233
2018-08-28	07:00	6907,26	6919,56	6860	6906,96	LONG	0,00167	5982,92	0,00334	HOLD	99,9075	101,4205
2018-08-28	08:00	6905,09	6943,1	6895	6913,18	LONG	0,00167	5982,92	0,00334	HOLD	99,9075	101,4309
2018-08-28	09:00	6913,16	6921,83	6864,01	6881,01	LONG	0,00167	5982,92	0,00334	HOLD	99,9075	101,3772
2018-08-28	10:00	6881,01	6901,1	6877,1	6877,11	LONG	0,00167	5982,92	0,00334	HOLD	99,9075	101,3707
2018-08-28	11:00	6877,11	6907,06	6877,11	6902,74	LONG	0,00167	5982,92	0,00334	HOLD	99,9075	101,4135
2018-08-28	12:00	6902,18	6910	6898,96	6906,61	LONG	0,00167	5982,92	0,00334	HOLD	99,9075	101,4199
2018-08-28	13:00	6906,61	6928,84	6904,01	6915	LONG	0,00167	5982,92	0,00334	HOLD	99,9075	101,434
2018-08-28	14:00	6915	6949,98	6911,87	6928,99	LONG	0,00167	5982,92	0,00334	HOLD	99,9075	101,4573
2018-08-28	15:00	6928,98	6938,3	6905	6922,59	LONG	0,00167	5982,92	0,00334	HOLD	99,9075	101,4466
2018-08-28	16:00	6920,72	6933	6919	6929,99	LONG	0,00167	5982,92	0,00334	HOLD	99,9075	101,459
2018-08-28	17:00	6929,99	6933,8	6907,77	6932,98	LONG	0,00167	5982,92	0,00334	HOLD	99,9075	101,464
2018-08-28	18:00	6931,46	7050	6930,59	7030	LONG	0,00167	5982,92	0,00334	HOLD	99,9075	101,626
2018-08-28	19:00	7030	7055,99	7002,36	7040	LONG	0,00167	5982,92	0,00334	HOLD	99,9075	101,6427
2018-08-28	20:00	7039,99	7090,11	7032	7084,51	LONG	0,00167	5982,92	0,00334	HOLD	99,9075	101,717
2018-08-28	21:00	7085,99	7091	7030	7056,07	LONG	0,00167	5982,92	0,00334	HOLD	99,9075	101,6695
2018-08-28	22:00	7056,85	7058,98	7022,01	7049,79	LONG	0,00167	5982,92	0,00334	HOLD	99,9075	101,6591
2018-08-28	23:00	7049,8	7052,52	6966	7022,38	LONG	0,00167	5982,92	0,00334	HOLD	99,9075	101,6133
2018-08-29	00:00	7020,08	7063	7006,86	7049,92	LONG	0,00167	5982,92	0,00334	HOLD	99,9075	101,6593
2018-08-29	01:00	7048,31	7077	7035	7064,77	LONG	0,00167	5982,92	0,00334	HOLD	99,9075	101,6841
2018-08-29	02:00	7064,77	7120	7056,23	7088,97	LONG	0,00167	5982,92	0,00334	HOLD	99,9075	101,7245
2018-08-29	03:00	7088,98	7135	7067,84	7082,35	LONG	0,00167	5982,92	0,00334	HOLD	99,9075	101,7134
2018-08-29	04:00	7085,02	7105,37	7041,42	7062,98	LONG	0,00167	5982,92	0,00334	HOLD	99,9075	101,6811
2018-08-29	05:00	7060,14	7090,62	7025	7081,91	LONG	0,00167	5982,92	0,00334	HOLD	99,9075	101,7127
2018-08-29	06:00	7081,9	7114,9	7058,01	7076,11	LONG	0,00167	5982,92	0,00334	HOLD	99,9075	101,703
2018-08-29	07:00	7077	7089,99	7048,66	7071,02	LONG	0,00167	5982,92	0,00334	HOLD	99,9075	101,6945
2018-08-29	08:00	7073,23	7088,2	7041,08	7062,95	LONG	0,00167	5982,92	0,00334	HOLD	99,9075	101,681
2018-08-29	09:00	7059,01	7076,14	7017,25	7024,45	LONG	0,00167	5982,92	0,00334	HOLD	99,9075	101,6167
2018-08-29	10:00	7024,45	7046,42	7006,05	7045	LONG	0,00167	5982,92	0,00334	HOLD	99,9075	101,6511
2018-08-29	11:00	7043,29	7063,36	7031,27	7041,1	LONG	0,00167	5982,92	0,00334	HOLD	99,9075	101,6445
2018-08-29	12:00	7044,21	7060,19	7031,4	7060,01	LONG	0,00167	5982,92	0,00334	HOLD	99,9075	101,6761
2018-08-29	13:00	7059	7078,64	7040	7048,93	LONG	0,00167	5982,92	0,00334	HOLD	99,9075	101,6576
2018-08-29	14:00	7050	7071,73	7044,26	7060,92	LONG	0,00167	5982,92	0,00334	HOLD	99,9075	101,6776
2018-08-29	15:00	7061,02	7089	7040	7077,05	LONG	0,00167	5982,92	0,00334	HOLD	99,9075	101,7046
2018-08-29	16:00	7077,05	7116,33	7065	7113,42	LONG	0,00167	5982,92	0,00334	HOLD	99,9075	101,7653
2018-08-29	17:00	7113,42	7133,81	7075,39	7089,01	LONG	0,00167	5982,92	0,00334	HOLD	99,9075	101,7246
2018-08-29	18:00	7089,02	7100	7062,8	7090	LONG	0,00167	5982,92	0,00334	HOLD	99,9075	101,7262
2018-08-29	19:00	7090	7118,72	7085,5	7092,5	LONG	0,00167	5982,92	0,00334	HOLD	99,9075	101,7304
2018-08-29	20:00	7092,69	7118,26	7090	7099,01	LONG	0,00167	5982,92	0,00334	HOLD	99,9075	101,7413
2018-08-29	21:00	7100	7109	7058	7078,81	LONG	0,00167	5982,92	0,00334	HOLD	99,9075	101,7075
2018-08-29	22:00	7078,8	7084,95	6912,34	6977,97	LONG	0,00167	5982,92	0,00334	HOLD	99,9075	101,5391
2018-08-29	23:00	6975,05	7006,01	6922,09	6993,04	LONG	0,00167	5982,92	0,00334	HOLD	99,9075	101,5643
2018-08-30	00:00	6993,04	7027,99	6991,42	7020,27	LONG	0,00167	5982,92	0,00334	HOLD	99,9075	101,6098
2018-08-30	01:00	7020,26	7020,27	6976	7008,57	LONG	0,00167	5982,92	0,00334	HOLD	99,9075	101,5902
2018-08-30	02:00	7008,56	7021	6989,84	6999,99	LONG	0,00167	5982,92	0,00334	HOLD	99,9075	101,5759
2018-08-30	03:00	6999,99	7059	6989,6	7043,44	LONG	0,00167	5982,92	0,00334	HOLD	99,9075	101,6485
2018-08-30	04:00	7044,84	7070	7029,08	7050	LONG	0,00167	5982,92	0,00334	HOLD	99,9075	101,6594
2018-08-30	05:00	7049,8	7066,95	7031	7057,29	LONG	0,00167	5982,92	0,00334	HOLD	99,9075	101,6716
2018-08-30	06:00	7057,3	7060,75	7020	7031,22	LONG	0,00167	5982,92	0,00334	HOLD	99,9075	101,628
2018-08-30	07:00	7033,21	7063,63	7029,11	7050,82	LONG	0,00167	5982,92	0,00334	HOLD	99,9075	101,6608
2018-08-30	08:00	7050,86	7056	7031,11	7047,2	LONG	0,00167	5982,92	0,00334	HOLD	99,9075	101,6547
2018-08-30	09:00	7047,2	7052,84	6956,24	7003,92	LONG	0,00167	5982,92	0,00334	HOLD	99,9075	101,5825
2018-08-30	10:00	7003	7023	6984,22	7022,18	LONG	0,00167	5982,92	0,00334	HOLD	99,9075	101,613
2018-08-30	11:00	7022,18	7024	6985	7016,94	LONG	0,00167	5982,92	0,00334	HOLD	99,9075	101,6042
2018-08-30	12:00	7016,94	7019,01	6960	6966,5	LONG	0,00167	5982,92	0,00334	HOLD	99,9075	101,52
2018-08-30	13:00	6966,5	6997,01	6930	6983,61	LONG	0,00167	5982,92	0,00334	HOLD	99,9075	101,5485
2018-08-30	14:00	6983,61	7006	6964,1	6972,12	LONG	0,00167	5982,92	0,00334	HOLD	99,9075	101,5294
2018-08-30	15:00	6972,16	6985,08	6930	6940,21	LONG	0,00167	5982,92	0,00334	HOLD	99,9075	101,4761
2018-08-30	16:00	6941,42	6959,66	6888	6920,03	LONG	0,00167	5982,92	0,00334	HOLD	99,9075	101,4424
2018-08-30	17:00	6920,03	6935	6897	6934,44	LONG	0,00167	5982,92	0,00334	HOLD	99,9075	101,4664
2018-08-30	18:00	6931,11	6934,5	6839,5	6870,14	LONG	0,00167	5982,92	0,00334	HOLD	99,9075	101,359
2018-08-30	19:00	6873,99	6905,47	6826,4	6831,49	LONG	0,00167	5982,92	0,00334	HOLD	99,9075	101,2945
2018-08-30	20:00	6830,48	6864,8	6811	6846	LONG	0,00167	5982,92	0,00334	HOLD	99,9075	101,3187
2018-08-30	21:00	6845,23	6898,57	6833	6870	LONG	0,00167	5982,92	0,00334	HOLD	99,9075	101,3588
2018-08-30	22:00	6869,99	6900	6846,73	6863,69	LONG	0,00167	5982,92	0,00334	HOLD	99,9075	101,3483
2018-08-30	23:00	6862,47	6875,72	6830	6858,98	LONG	0,00167	5982,92	0,00334	HOLD	99,9075	101,3404
2018-08-31	00:00	6858,47	6877	6853,47	6867,31	LONG	0,00167	5982,92	0,00334	HOLD	99,9075	101,3543
2018-08-31	01:00	6867,31	6867,95	6784,81	6819,5	LONG	0,00167	5982,92	0,00334	HOLD	99,9075	101,2745
2018-08-31	02:00	6819,49	6841,82	6800,33	6809,98	LONG	0,00167	5982,92	0,00334	HOLD	99,9075	101,2586
2018-08-31	03:00	6809,98	6945,02	6800	6916,01	LONG	0,00167	5982,92	0,00334	HOLD	99,9075	101,4356
2018-08-31	04:00	6916,01	6960,79	6909,14	6940,98	LONG	0,00167	5982,92	0,00334	HOLD	99,9075	101,4773
2018-08-31	05:00	6942,12	6955,99	6922	6943,12	LONG	0,00167	5982,92	0,00334	HOLD	99,9075	101,4809
2018-08-31	06:00	6941,29	6998,15	6924	6984,84	LONG	0,00167	5982,92	0,00334	HOLD	99,9075	101,5506
2018-08-31	07:00	6984,84	6986,85	6945,83	6946,37	LONG	0,00167	5982,92	0,00334	HOLD	99,9075	101,4863
2018-08-31	08:00	6946,98	6965	6928,63	6939,13	LONG	0,00167	5982,92	0,00334	HOLD	99,9075	101,4743
2018-08-31	09:00	6939,17	6970	6922,67	6950	LONG	0,00167	5982,92	0,00334	HOLD	99,9075	101,4924
2018-08-31	10:00	6951,94	6978,37	6943,55	6973	LONG	0,00167	5982,92	0,00334	HOLD	99,9075	101,5308
2018-08-31	11:00	6973	7023	6955,44	7010,11	LONG	0,00167	5982,92	0,00334	HOLD	99,9075	101,5928
2018-08-31	12:00	7010,11	7020	6983,56	7005,01	LONG	0,00167	5982,92	0,00334	HOLD	99,9075	101,5843
2018-08-31	13:00	7005,01	7005,02	6975	7003,12	LONG	0,00167	5982,92	0,00334	HOLD	99,9075	101,5811
2018-08-31	14:00	7003,12	7011,25	6960,15	6965,58	LONG	0,00167	5982,92	0,00334	HOLD	99,9075	101,5184
2018-08-31	15:00	6965,58	6984,83	6950	6951,23	LONG	0,00167	5982,92	0,00334	HOLD	99,9075	101,4945
2018-08-31	16:00	6953,82	6968,97	6934,09	6955,99	LONG	0,00167	5982,92	0,00334	HOLD	99,9075	101,5024
2018-08-31	17:00	6956	6974	6940,85	6952,43	LONG	0,00167	5982,92	0,00334	HOLD	99,9075	101,4965
2018-08-31	18:00	6952,43	6990,68	6952,02	6967,4	LONG	0,00167	5982,92	0,00334	HOLD	99,9075	101,5215
2018-08-31	19:00	6967,68	6975	6888	6904,99	LONG	0,00167	5982,92	0,00334	HOLD	99,9075	101,4172
2018-08-31	20:00	6904,99	6936,66	6900,1	6935,31	LONG	0,00167	5982,92	0,00334	HOLD	99,9075	101,4679
2018-08-31	21:00	6935,31	6940,89	6901,7	6938,44	LONG	0,00167	5982,92	0,00334	HOLD	99,9075	101,4731
2018-08-31	22:00	6938,44	6997,92	6935,04	6960	LONG	0,00167	5982,92	0,00334	HOLD	99,9075	101,5091
2018-08-31	23:00	6959,52	6998	6951,37	6988,86	LONG	0,00167	5982,92	0,00334	HOLD	99,9075	101,5573
2018-09-01	00:00	6988,86	7079	6974,99	7048,71	LONG	0,00167	5982,92	0,00334	HOLD	99,9075	101,6573
2018-09-01	01:00	7049,11	7089	7026,91	7044,49	LONG	0,00167	5982,92	0,00334	HOLD	99,9075	101,6502
2018-09-01	02:00	7046,2	7060	7029	7047,48	LONG	0,00167	5982,92	0,00334	HOLD	99,9075	101,6552
2018-09-01	03:00	7045,68	7065,75	7040	7048,71	LONG	0,00167	5982,92	0,00334	HOLD	99,9075	101,6573
2018-09-01	04:00	7049,95	7050	6992,02	7021,69	LONG	0,00167	5982,92	0,00334	HOLD	99,9075	101,6121
2018-09-01	05:00	7021,68	7037	7009,06	7027,53	LONG	0,00167	5982,92	0,00334	HOLD	99,9075	101,6219
2018-09-01	06:00	7028,11	7054	6996	7011,21	LONG	0,00167	5982,92	0,00334	HOLD	99,9075	101,5946
2018-09-01	07:00	7011,21	7049,91	7008,74	7043,94	LONG	0,00167	5982,92	0,00334	HOLD	99,9075	101,6493
2018-09-01	08:00	7043,96	7061,23	7031,15	7036,99	LONG	0,00167	5982,92	0,00334	HOLD	99,9075	101,6377
2018-09-01	09:00	7036,71	7067,73	7034,01	7046,22	LONG	0,00167	5982,92	0,00334	HOLD	99,9075	101,6531
2018-09-01	10:00	7047,21	7071,75	7041,78	7066,92	LONG	0,00167	5982,92	0,00334	HOLD	99,9075	101,6877
2018-09-01	11:00	7067,17	7079	7039,8	7054,02	LONG	0,00167	5982,92	0,00334	HOLD	99,9075	101,6661
2018-09-01	12:00	7054,02	7060,09	7027,37	7047	LONG	0,00167	5982,92	0,00334	HOLD	99,9075	101,6544
2018-09-01	13:00	7047,01	7055	7034	7052,54	LONG	0,00167	5982,92	0,00334	HOLD	99,9075	101,6637
2018-09-01	14:00	7053,69	7067,94	7044,77	7046,99	LONG	0,00167	5982,92	0,00334	HOLD	99,9075	101,6544
2018-09-01	15:00	7046,98	7065	7046,57	7061,22	LONG	0,00167	5982,92	0,00334	HOLD	99,9075	101,6781
2018-09-01	16:00	7062,34	7084,4	7049,98	7070,87	LONG	0,00167	5982,92	0,00334	HOLD	99,9075	101,6943
2018-09-01	17:00	7070,89	7103,51	7065,1	7099,73	LONG	0,00167	5982,92	0,00334	HOLD	99,9075	101,7425
2018-09-01	18:00	7099,86	7113,62	7066,56	7069,01	LONG	0,00167	5982,92	0,00334	HOLD	99,9075	101,6912
2018-09-01	19:00	7069,34	7071,35	7031	7035,01	LONG	0,00167	5982,92	0,00334	HOLD	99,9075	101,6344
2018-09-01	20:00	7035,22	7060,96	7032,03	7060,01	LONG	0,00167	5982,92	0,00334	HOLD	99,9075	101,6761
2018-09-01	21:00	7060,01	7133,83	7038	7127,01	LONG	0,00167	5982,92	0,00334	HOLD	99,9075	101,788
2018-09-01	22:00	7129,99	7225	7127,01	7166,53	LONG	0,00167	5982,92	0,00334	HOLD	99,9075	101,854
2018-09-01	23:00	7167,02	7220	7166,52	7186,99	LONG	0,00167	5982,92	0,00334	HOLD	99,9075	101,8882
2018-09-02	00:00	7186,99	7210	7170,69	7196,31	LONG	0,00167	5982,92	0,00334	HOLD	99,9075	101,9037
2018-09-02	01:00	7195,52	7206,38	7188	7204,61	LONG	0,00167	5982,92	0,00334	HOLD	99,9075	101,9176
2018-09-02	02:00	7200,81	7275	7198	7247,56	LONG	0,00167	5982,92	0,00334	HOLD	99,9075	101,9893
2018-09-02	03:00	7250,82	7258,18	7177	7189,05	LONG	0,00167	5982,92	0,00334	HOLD	99,9075	101,8916
2018-09-02	04:00	7190,17	7216,02	7165	7187,52	LONG	0,00167	5982,92	0,00334	HOLD	99,9075	101,8891
2018-09-02	05:00	7187,53	7218	7175	7193	LONG	0,00167	5982,92	0,00334	HOLD	99,9075	101,8982
2018-09-02	06:00	7193,01	7210,31	7186,68	7200,01	LONG	0,00167	5982,92	0,00334	HOLD	99,9075	101,9099
2018-09-02	07:00	7201,57	7210	7134,34	7162,03	LONG	0,00167	5982,92	0,00334	HOLD	99,9075	101,8465
2018-09-02	08:00	7163,79	7172,1	7127	7146,69	LONG	0,00167	5982,92	0,00334	HOLD	99,9075	101,8209
2018-09-02	09:00	7145,01	7175,19	7140	7173,85	LONG	0,00167	5982,92	0,00334	HOLD	99,9075	101,8662
2018-09-02	10:00	7173,85	7205,01	7160	7192,26	LONG	0,00167	5982,92	0,00334	HOLD	99,9075	101,897
2018-09-02	11:00	7192,46	7231,51	7189,13	7215,04	LONG	0,00167	5982,92	0,00334	HOLD	99,9075	101,935
2018-09-02	12:00	7215,04	7242	7203,7	7233,66	LONG	0,00167	5982,92	0,00334	HOLD	99,9075	101,9661
2018-09-02	13:00	7233,66	7244	7204	7210,49	LONG	0,00167	5982,92	0,00334	HOLD	99,9075	101,9274
2018-09-02	14:00	7210,5	7247,95	7210	7233,66	LONG	0,00167	5982,92	0,00334	HOLD	99,9075	101,9661
2018-09-02	15:00	7233,66	7300	7232,93	7281,35	LONG	0,00167	5982,92	0,00334	HOLD	99,9075	102,0458
2018-09-02	16:00	7284,7	7345,45	7249,56	7300	LONG	0,00167	5982,92	0,00334	HOLD	99,9075	102,0769
2018-09-02	17:00	7299,99	7325	7268,02	7283,83	LONG	0,00167	5982,92	0,00334	HOLD	99,9075	102,0499
2018-09-02	18:00	7283,83	7287,48	7214,41	7232	LONG	0,00167	5982,92	0,00334	HOLD	99,9075	101,9634
2018-09-02	19:00	7230,75	7271,14	7228,55	7259,83	LONG	0,00167	5982,92	0,00334	HOLD	99,9075	102,0098
2018-09-02	20:00	7259,82	7260	7174,47	7190,71	LONG	0,00167	5982,92	0,00334	HOLD	99,9075	101,8944
2018-09-02	21:00	7188,39	7237,54	7187	7237,53	LONG	0,00167	5982,92	0,00334	HOLD	99,9075	101,9726
2018-09-02	22:00	7235,84	7249,95	7211,98	7214,24	LONG	0,00167	5982,92	0,00334	HOLD	99,9075	101,9337
2018-09-02	23:00	7214,24	7289	7189,29	7274,99	LONG	0,00167	5982,92	0,00334	HOLD	99,9075	102,0351
2018-09-03	00:00	7274,99	7316,08	7263,01	7298,39	LONG	0,00167	5982,92	0,00334	HOLD	99,9075	102,0742
2018-09-03	01:00	7298,38	7323	7237,06	7308,84	LONG	0,00167	5982,92	0,00334	HOLD	99,9075	102,0917
2018-09-03	02:00	7311,69	7333,33	7279,03	7310,26	LONG	0,00167	5982,92	0,00334	HOLD	99,9075	102,094
2018-09-03	03:00	7310,36	7312,87	7263	7284,13	LONG	0,00167	5982,92	0,00334	HOLD	99,9075	102,0504
2018-09-03	04:00	7284,1	7309	7274,85	7282,94	LONG	0,00167	5982,92	0,00334	HOLD	99,9075	102,0484
2018-09-03	05:00	7282,93	7296	7265	7281,54	LONG	0,00167	5982,92	0,00334	HOLD	99,9075	102,0461
2018-09-03	06:00	7281,5	7313,23	7272,67	7302,01	LONG	0,00167	5982,92	0,00334	HOLD	99,9075	102,0803
2018-09-03	07:00	7302	7325	7267,2	7282,3	LONG	0,00167	5982,92	0,00334	HOLD	99,9075	102,0474
2018-09-03	08:00	7282,3	7282,63	7248	7271,64	LONG	0,00167	5982,92	0,00334	HOLD	99,9075	102,0295
2018-09-03	09:00	7271,64	7283	7246,02	7281,21	LONG	0,00167	5982,92	0,00334	HOLD	99,9075	102,0455
2018-09-03	10:00	7282,99	7292	7257,87	7263,02	LONG	0,00167	5982,92	0,00334	HOLD	99,9075	102,0152
2018-09-03	11:00	7263,48	7264,04	7191,63	7210,46	LONG	0,00167	5982,92	0,00334	HOLD	99,9075	101,9274
2018-09-03	12:00	7210,46	7230,01	7207,26	7225	LONG	0,00167	5982,92	0,00334	HOLD	99,9075	101,9517
2018-09-03	13:00	7225,02	7260	7213,25	7257,43	LONG	0,00167	5982,92	0,00334	HOLD	99,9075	102,0058
2018-09-03	14:00	7257,43	7260	7233,1	7253,01	LONG	0,00167	5982,92	0,00334	HOLD	99,9075	101,9984
2018-09-03	15:00	7253,01	7275	7241,3	7250,22	LONG	0,00167	5982,92	0,00334	HOLD	99,9075	101,9938
2018-09-03	16:00	7251,93	7252	7213,53	7224,11	LONG	0,00167	5982,92	0,00334	HOLD	99,9075	101,9502
2018-09-03	17:00	7224,14	7245,43	7214,64	7240,52	LONG	0,00167	5982,92	0,00334	HOLD	99,9075	101,9776
2018-09-03	18:00	7240,01	7245,01	7219,78	7226,6	LONG	0,00167	5982,92	0,00334	HOLD	99,9075	101,9543
2018-09-03	19:00	7226,6	7267	7225	7254,53	LONG	0,00167	5982,92	0,00334	HOLD	99,9075	102,001
2018-09-03	20:00	7253,03	7308	7250,5	7286,01	LONG	0,00167	5982,92	0,00334	HOLD	99,9075	102,0535
2018-09-03	21:00	7286,01	7296,94	7256,34	7291,6	LONG	0,00167	5982,92	0,00334	HOLD	99,9075	102,0629
2018-09-03	22:00	7290,09	7298	7273,62	7288,02	LONG	0,00167	5982,92	0,00334	HOLD	99,9075	102,0569
2018-09-03	23:00	7288,14	7293,91	7254	7263,04	LONG	0,00167	5982,92	0,00334	HOLD	99,9075	102,0152
2018-09-04	00:00	7263,02	7297	7257,03	7286,01	LONG	0,00167	5982,92	0,00334	HOLD	99,9075	102,0535
2018-09-04	01:00	7286	7290,9	7270	7284,35	LONG	0,00167	5982,92	0,00334	HOLD	99,9075	102,0508
2018-09-04	02:00	7284,36	7338,28	7271	7316,19	LONG	0,00167	5982,92	0,00334	HOLD	99,9075	102,1039
2018-09-04	03:00	7316,95	7320	7280	7305,3	LONG	0,00167	5982,92	0,00334	HOLD	99,9075	102,0858
2018-09-04	04:00	7305,35	7320	7292,18	7320	LONG	0,00167	5982,92	0,00334	HOLD	99,9075	102,1103
2018-09-04	05:00	7320	7337,54	7255	7260,35	LONG	0,00167	5982,92	0,00334	HOLD	99,9075	102,0107
2018-09-04	06:00	7260,29	7279	7225,89	7263,02	LONG	0,00167	5982,92	0,00334	HOLD	99,9075	102,0152
2018-09-04	07:00	7263	7277	7252,35	7270,03	LONG	0,00167	5982,92	0,00334	HOLD	99,9075	102,0269
2018-09-04	08:00	7270,62	7292	7270,01	7284,28	LONG	0,00167	5982,92	0,00334	HOLD	99,9075	102,0507
2018-09-04	09:00	7284,23	7297,09	7276	7280,3	LONG	0,00167	5982,92	0,00334	HOLD	99,9075	102,044
2018-09-04	10:00	7280,59	7285,49	7271	7272,05	LONG	0,00167	5982,92	0,00334	HOLD	99,9075	102,0302
2018-09-04	11:00	7272,19	7280,58	7227,17	7268,58	LONG	0,00167	5982,92	0,00334	HOLD	99,9075	102,0244
2018-09-04	12:00	7271,79	7280	7262	7276,33	LONG	0,00167	5982,92	0,00334	HOLD	99,9075	102,0374
2018-09-04	13:00	7276,33	7310	7275,09	7293,71	LONG	0,00167	5982,92	0,00334	HOLD	99,9075	102,0664
2018-09-04	14:00	7291,13	7323,18	7282,65	7323,18	LONG	0,00167	5982,92	0,00334	HOLD	99,9075	102,1156
2018-09-04	15:00	7323,18	7328	7297,63	7299,01	LONG	0,00167	5982,92	0,00334	HOLD	99,9075	102,0753
2018-09-04	16:00	7299,5	7310	7290,29	7305,03	LONG	0,00167	5982,92	0,00334	HOLD	99,9075	102,0853
2018-09-04	17:00	7305,03	7326	7303,36	7325	LONG	0,00167	5982,92	0,00334	HOLD	99,9075	102,1187
2018-09-04	18:00	7325	7349	7318,24	7345	LONG	0,00167	5982,92	0,00334	HOLD	99,9075	102,1521
2018-09-04	19:00	7344,17	7410	7343,3	7363,9	LONG	0,00167	5982,92	0,00334	HOLD	99,9075	102,1836
2018-09-04	20:00	7363,9	7375,06	7335	7373	LONG	0,00167	5982,92	0,00334	HOLD	99,9075	102,1988
2018-09-04	21:00	7373,63	7387,88	7364,59	7368,94	LONG	0,00167	5982,92	0,00334	HOLD	99,9075	102,192
2018-09-04	22:00	7368,94	7385	7356,09	7377,89	LONG	0,00167	5982,92	0,00334	HOLD	99,9075	102,207
2018-09-04	23:00	7377,88	7381,53	7359,3	7378,13	LONG	0,00167	5982,92	0,00334	HOLD	99,9075	102,2074
2018-09-05	00:00	7378,13	7392,23	7376,46	7387,72	LONG	0,00167	5982,92	0,00334	HOLD	99,9075	102,2234
2018-09-05	01:00	7387,6	7409,9	7336	7358,03	LONG	0,00167	5982,92	0,00334	HOLD	99,9075	102,1738
2018-09-05	02:00	7358,49	7377,66	7336	7356	LONG	0,00167	5982,92	0,00334	HOLD	99,9075	102,1704
2018-09-05	03:00	7355,94	7370,94	7346	7365,25	LONG	0,00167	5982,92	0,00334	HOLD	99,9075	102,1859
2018-09-05	04:00	7367,6	7380	7355,66	7362,01	LONG	0,00167	5982,92	0,00334	HOLD	99,9075	102,1805
2018-09-05	05:00	7362,01	7369,69	7341	7359,21	LONG	0,00167	5982,92	0,00334	HOLD	99,9075	102,1758
2018-09-05	06:00	7359,49	7364,67	7345	7359,06	LONG	0,00167	5982,92	0,00334	HOLD	99,9075	102,1755
2018-09-05	07:00	7359,05	7379	7355	7379	LONG	0,00167	5982,92	0,00334	HOLD	99,9075	102,2088
2018-09-05	08:00	7379	7394,98	7367,01	7386,46	LONG	0,00167	5982,92	0,00334	HOLD	99,9075	102,2213
2018-09-05	09:00	7386,45	7388,64	7370	7375	LONG	0,00167	5982,92	0,00334	HOLD	99,9075	102,2022
2018-09-05	10:00	7373,02	7381,8	7359	7379,33	LONG	0,00167	5982,92	0,00334	HOLD	99,9075	102,2094
2018-09-05	11:00	7379,17	7382,86	7359	7367,19	LONG	0,00167	5982,92	0,00334	HOLD	99,9075	102,1891
2018-09-05	12:00	7367,19	7388	7365,84	7382,74	LONG	0,00167	5982,92	0,00334	HOLD	99,9075	102,2151
2018-09-05	13:00	7382,74	7397,3	7362	7381,11	LONG	0,00167	5982,92	0,00334	HOLD	99,9075	102,2124
2018-09-05	14:00	7381,12	7383,4	7363	7367,16	LONG	0,00167	5982,92	0,00334	HOLD	99,9075	102,1891
2018-09-05	15:00	7367,83	7393,59	7364,4	7383	LONG	0,00167	5982,92	0,00334	HOLD	99,9075	102,2155
2018-09-05	16:00	7384,71	7390,41	7078	7092,11	LONG	0,00167	5982,92	0,00334	HOLD	99,9075	101,7297
2018-09-05	17:00	7092,11	7180	6909	6992,26	LONG	0,00167	5982,92	0,00334	HOLD	99,9075	101,563
2018-09-05	18:00	6992,26	7036,17	6934	6991,9	LONG	0,00167	5982,92	0,00334	HOLD	99,9075	101,5624
2018-09-05	19:00	6991,02	7037,95	6965	6986,75	LONG	0,00167	5982,92	0,00334	HOLD	99,9075	101,5538
2018-09-05	20:00	6986	7050	6967,62	7036,04	LONG	0,00167	5982,92	0,00334	HOLD	99,9075	101,6361
2018-09-05	21:00	7033,1	7040,98	6986,09	7017,18	LONG	0,00167	5982,92	0,00334	HOLD	99,9075	101,6046
2018-09-05	22:00	7017,18	7018,18	6934,29	6990,02	LONG	0,00167	5982,92	0,00334	HOLD	99,9075	101,5592
2018-09-05	23:00	6990,5	7000	6851	6916,65	LONG	0,00167	5982,92	0,00334	HOLD	99,9075	101,4367
2018-09-06	00:00	6917,04	6933,95	6860,25	6912,82	LONG	0,00167	5982,92	0,00334	HOLD	99,9075	101,4303
2018-09-06	01:00	6915,99	6937,85	6893	6923,63	LONG	0,00167	5982,92	0,00334	HOLD	99,9075	101,4484
2018-09-06	02:00	6923,64	6938	6885	6912,76	LONG	0,00167	5982,92	0,00334	HOLD	99,9075	101,4302
2018-09-06	03:00	6912,76	6968	6912,76	6968	LONG	0,00167	5982,92	0,00334	HOLD	99,9075	101,5225
2018-09-06	04:00	6967,99	6995	6925,03	6939,01	LONG	0,00167	5982,92	0,00334	HOLD	99,9075	101,4741
2018-09-06	05:00	6940	6940	6877	6909,42	LONG	0,00167	5982,92	0,00334	HOLD	99,9075	101,4246
2018-09-06	06:00	6909,42	6927,55	6682	6700	LONG	0,00167	5982,92	0,00334	HOLD	99,9075	101,0749
2018-09-06	07:00	6697,27	6725	6313,23	6462,03	LONG	0,00167	5982,92	0,00334	HOLD	99,9075	100,6775
2018-09-06	08:00	6462,03	6478,99	6405	6436,97	LONG	0,00167	5982,92	0,00334	HOLD	99,9075	100,6357
2018-09-06	09:00	6432,8	6511,55	6432,8	6471,99	LONG	0,00167	5982,92	0,00334	HOLD	99,9075	100,6941
2018-09-06	10:00	6471,99	6475	6411	6444,58	LONG	0,00167	5982,92	0,00334	HOLD	99,9075	100,6484
2018-09-06	11:00	6444,6	6476,46	6422	6442	LONG	0,00167	5982,92	0,00334	HOLD	99,9075	100,6441
2018-09-06	12:00	6448,58	6475	6352,74	6402,86	LONG	0,00167	5982,92	0,00334	HOLD	99,9075	100,5787
2018-09-06	13:00	6400,1	6448	6373,92	6418,67	LONG	0,00167	5982,92	0,00334	HOLD	99,9075	100,6051
2018-09-06	14:00	6420,25	6437	6381,06	6405,88	LONG	0,00167	5982,92	0,00334	HOLD	99,9075	100,5837
2018-09-06	15:00	6405,88	6450	6378,99	6433,97	LONG	0,00167	5982,92	0,00334	HOLD	99,9075	100,6306
2018-09-06	16:00	6437,18	6438,98	6265	6393,96	LONG	0,00167	5982,92	0,00334	HOLD	99,9075	100,5638
2018-09-06	17:00	6393,96	6415	6343,37	6379,25	LONG	0,00167	5982,92	0,00334	HOLD	99,9075	100,5393
2018-09-06	18:00	6379,24	6427,44	6375,23	6408,65	LONG	0,00167	5982,92	0,00334	HOLD	99,9075	100,5884
2018-09-06	19:00	6409,41	6419,91	6383	6403,02	LONG	0,00167	5982,92	0,00334	HOLD	99,9075	100,579
2018-09-06	20:00	6400,3	6520	6388	6498,89	LONG	0,00167	5982,92	0,00334	HOLD	99,9075	100,7391
2018-09-06	21:00	6500,4	6533	6453,02	6478,04	LONG	0,00167	5982,92	0,00334	HOLD	99,9075	100,7042
2018-09-06	22:00	6478,05	6478,63	6401	6422,51	LONG	0,00167	5982,92	0,00334	HOLD	99,9075	100,6115
2018-09-06	23:00	6423,26	6458,15	6395	6428,46	LONG	0,00167	5982,92	0,00334	HOLD	99,9075	100,6214
2018-09-07	00:00	6428,46	6450	6362,5	6383	LONG	0,00167	5982,92	0,00334	HOLD	99,9075	100,5455
2018-09-07	01:00	6389,05	6450	6359	6424,59	LONG	0,00167	5982,92	0,00334	HOLD	99,9075	100,615
2018-09-07	02:00	6422,97	6483	6414,05	6474,88	LONG	0,00167	5982,92	0,00334	HOLD	99,9075	100,699
2018-09-07	03:00	6470,68	6473,64	6436,82	6453	LONG	0,00167	5982,92	0,00334	HOLD	99,9075	100,6624
2018-09-07	04:00	6453,01	6474,11	6428,03	6444,46	LONG	0,00167	5982,92	0,00334	HOLD	99,9075	100,6482
2018-09-07	05:00	6442,15	6476,17	6438,55	6474,68	LONG	0,00167	5982,92	0,00334	HOLD	99,9075	100,6986
2018-09-07	06:00	6472,61	6544	6470,33	6516,01	LONG	0,00167	5982,92	0,00334	HOLD	99,9075	100,7676
2018-09-07	07:00	6516,84	6516,84	6465	6494,08	LONG	0,00167	5982,92	0,00334	HOLD	99,9075	100,731
2018-09-07	08:00	6494,06	6530,54	6491,28	6529,95	LONG	0,00167	5982,92	0,00334	HOLD	99,9075	100,7909
2018-09-07	09:00	6522,6	6544	6482,83	6499,98	LONG	0,00167	5982,92	0,00334	HOLD	99,9075	100,7409
2018-09-07	10:00	6495,57	6510	6490,01	6492,27	LONG	0,00167	5982,92	0,00334	HOLD	99,9075	100,728
2018-09-07	11:00	6494	6496,78	6470	6485,98	LONG	0,00167	5982,92	0,00334	HOLD	99,9075	100,7175
2018-09-07	12:00	6486,48	6515,12	6485,98	6511,4	LONG	0,00167	5982,92	0,00334	HOLD	99,9075	100,7599
2018-09-07	13:00	6512,07	6536	6453,41	6465,92	LONG	0,00167	5982,92	0,00334	HOLD	99,9075	100,684
2018-09-07	14:00	6464,64	6490,24	6464,02	6486,45	LONG	0,00167	5982,92	0,00334	HOLD	99,9075	100,7183
2018-09-07	15:00	6487,2	6489,23	6425,97	6446,92	LONG	0,00167	5982,92	0,00334	HOLD	99,9075	100,6523
2018-09-07	16:00	6446,95	6462	6430	6454,6	LONG	0,00167	5982,92	0,00334	HOLD	99,9075	100,6651
2018-09-07	17:00	6454,59	6458,37	6320	6363,05	LONG	0,00167	5982,92	0,00334	HOLD	99,9075	100,5122
2018-09-07	18:00	6363,06	6389,42	6340	6367	LONG	0,00167	5982,92	0,00334	HOLD	99,9075	100,5188
2018-09-07	19:00	6367	6448	6365,05	6428,2	LONG	0,00167	5982,92	0,00334	HOLD	99,9075	100,621
2018-09-07	20:00	6429	6449	6418,11	6439,61	LONG	0,00167	5982,92	0,00334	HOLD	99,9075	100,6401
2018-09-07	21:00	6438,55	6480	6390	6415,82	LONG	0,00167	5982,92	0,00334	HOLD	99,9075	100,6003
2018-09-07	22:00	6415,84	6443,02	6350	6375,69	LONG	0,00167	5982,92	0,00334	HOLD	99,9075	100,5333
2018-09-07	23:00	6373,69	6477	6360	6438,79	LONG	0,00167	5982,92	0,00334	HOLD	99,9075	100,6387
2018-09-08	00:00	6440,55	6450	6386	6422,37	LONG	0,00167	5982,92	0,00334	HOLD	99,9075	100,6113
2018-09-08	01:00	6422,36	6436,85	6400,01	6417,11	LONG	0,00167	5982,92	0,00334	HOLD	99,9075	100,6025
2018-09-08	02:00	6416,55	6435,12	6400	6418,99	LONG	0,00167	5982,92	0,00334	HOLD	99,9075	100,6056
2018-09-08	03:00	6419	6460	6411,43	6457,15	LONG	0,00167	5982,92	0,00334	HOLD	99,9075	100,6694
2018-09-08	04:00	6454,14	6457,13	6410	6427,18	LONG	0,00167	5982,92	0,00334	HOLD	99,9075	100,6193
2018-09-08	05:00	6427,19	6428,59	6391	6398,01	LONG	0,00167	5982,92	0,00334	HOLD	99,9075	100,5706
2018-09-08	06:00	6398,01	6420,01	6380,01	6395,54	LONG	0,00167	5982,92	0,00334	HOLD	99,9075	100,5665
2018-09-08	07:00	6395,54	6448,21	6390,73	6432,6	LONG	0,00167	5982,92	0,00334	HOLD	99,9075	100,6284
2018-09-08	08:00	6432,59	6445,48	6415,51	6421,2	LONG	0,00167	5982,92	0,00334	HOLD	99,9075	100,6093
2018-09-08	09:00	6422	6459	6422	6444,18	LONG	0,00167	5982,92	0,00334	HOLD	99,9075	100,6477
2018-09-08	10:00	6443,44	6452	6414	6428,75	LONG	0,00167	5982,92	0,00334	HOLD	99,9075	100,6219
2018-09-08	11:00	6428,75	6433,88	6412	6432,11	LONG	0,00167	5982,92	0,00334	HOLD	99,9075	100,6275
2018-09-08	12:00	6432,11	6453,56	6420	6442,61	LONG	0,00167	5982,92	0,00334	HOLD	99,9075	100,6451
2018-09-08	13:00	6443,49	6468	6437,75	6444,01	LONG	0,00167	5982,92	0,00334	HOLD	99,9075	100,6474
2018-09-08	14:00	6444,99	6455	6440,06	6449,02	LONG	0,00167	5982,92	0,00334	HOLD	99,9075	100,6558
2018-09-08	15:00	6449,97	6478	6449,01	6464,56	LONG	0,00167	5982,92	0,00334	HOLD	99,9075	100,6817
2018-09-08	16:00	6465,75	6470	6440,05	6467,26	LONG	0,00167	5982,92	0,00334	HOLD	99,9075	100,6862
2018-09-08	17:00	6467,26	6471	6450	6459,11	LONG	0,00167	5982,92	0,00334	HOLD	99,9075	100,6726
2018-09-08	18:00	6459,13	6464,93	6418,03	6429,01	LONG	0,00167	5982,92	0,00334	HOLD	99,9075	100,6224
2018-09-08	19:00	6429,01	6431,43	6355,55	6407,31	LONG	0,00167	5982,92	0,00334	HOLD	99,9075	100,5861
2018-09-08	20:00	6407,31	6422,94	6385,2	6414,42	LONG	0,00167	5982,92	0,00334	HOLD	99,9075	100,598
2018-09-08	21:00	6415,61	6417,18	6381,62	6404,03	LONG	0,00167	5982,92	0,00334	HOLD	99,9075	100,5806
2018-09-08	22:00	6404,41	6432,96	6385,99	6429,4	LONG	0,00167	5982,92	0,00334	HOLD	99,9075	100,623
2018-09-08	23:00	6429,4	6434,11	6357	6368,07	LONG	0,00167	5982,92	0,00334	HOLD	99,9075	100,5206
2018-09-09	00:00	6365,17	6405,73	6165,58	6212,33	LONG	0,00167	5982,92	0,00334	HOLD	99,9075	100,2605
2018-09-09	01:00	6212,33	6215	6125	6186,29	LONG	0,00167	5982,92	0,00334	HOLD	99,9075	100,217
2018-09-09	02:00	6186,28	6208	6150	6176,04	LONG	0,00167	5982,92	0,00334	HOLD	99,9075	100,1999
2018-09-09	03:00	6176,05	6185	6111	6168	LONG	0,00167	5982,92	0,00334	HOLD	99,9075	100,1865
2018-09-09	04:00	6169,3	6180,91	6153,25	6180	LONG	0,00167	5982,92	0,00334	HOLD	99,9075	100,2065
2018-09-09	05:00	6180	6206,88	6158,8	6180,03	LONG	0,00167	5982,92	0,00334	HOLD	99,9075	100,2066
2018-09-09	06:00	6180,91	6194,98	6167,38	6185,05	LONG	0,00167	5982,92	0,00334	HOLD	99,9075	100,2149
2018-09-09	07:00	6185,06	6190,71	6164	6175,4	LONG	0,00167	5982,92	0,00334	HOLD	99,9075	100,1988
2018-09-09	08:00	6173,07	6206	6173	6206	LONG	0,00167	5982,92	0,00334	HOLD	99,9075	100,2499
2018-09-09	09:00	6205,66	6205,66	6145	6160,99	LONG	0,00167	5982,92	0,00334	HOLD	99,9075	100,1748
2018-09-09	10:00	6157,06	6180	6141,53	6171,92	LONG	0,00167	5982,92	0,00334	HOLD	99,9075	100,193
2018-09-09	11:00	6171,92	6190,69	6164,23	6171,5	LONG	0,00167	5982,92	0,00334	HOLD	99,9075	100,1923
2018-09-09	12:00	6173,07	6190	6170,29	6180,18	LONG	0,00167	5982,92	0,00334	HOLD	99,9075	100,2068
2018-09-09	13:00	6180,18	6199,05	6180,18	6185,99	LONG	0,00167	5982,92	0,00334	HOLD	99,9075	100,2165
2018-09-09	14:00	6185,98	6193,11	6176,88	6187,83	LONG	0,00167	5982,92	0,00334	HOLD	99,9075	100,2196
2018-09-09	15:00	6186,86	6196,96	6181,55	6195,9	LONG	0,00167	5982,92	0,00334	HOLD	99,9075	100,2331
2018-09-09	16:00	6195,93	6441	6188	6382,71	LONG	0,00167	5982,92	0,00334	HOLD	99,9075	100,545
2018-09-09	17:00	6382,72	6397,79	6342	6359,97	LONG	0,00167	5982,92	0,00334	HOLD	99,9075	100,5071
2018-09-09	18:00	6356,71	6387,56	6354,76	6377,77	LONG	0,00167	5982,92	0,00334	HOLD	99,9075	100,5368
2018-09-09	19:00	6377,77	6396	6370,22	6392,6	LONG	0,00167	5982,92	0,00334	HOLD	99,9075	100,5616
2018-09-09	20:00	6391,7	6436	6385,17	6398,82	LONG	0,00167	5982,92	0,00334	HOLD	99,9075	100,5719
2018-09-09	21:00	6396,31	6423,81	6375,43	6380,69	LONG	0,00167	5982,92	0,00334	HOLD	99,9075	100,5417
2018-09-09	22:00	6382,07	6390	6352,74	6369,05	LONG	0,00167	5982,92	0,00334	HOLD	99,9075	100,5222
2018-09-09	23:00	6369,05	6387,12	6360,33	6382,6	LONG	0,00167	5982,92	0,00334	HOLD	99,9075	100,5449
2018-09-10	00:00	6382,63	6388,18	6366,42	6377,25	LONG	0,00167	5982,92	0,00334	HOLD	99,9075	100,5359
2018-09-10	01:00	6375,57	6396,28	6373,49	6377,52	LONG	0,00167	5982,92	0,00334	HOLD	99,9075	100,5364
2018-09-10	02:00	6375,47	6394,99	6373,03	6384,19	LONG	0,00167	5982,92	0,00334	HOLD	99,9075	100,5475
2018-09-10	03:00	6384,19	6400	6378,66	6392,39	LONG	0,00167	5982,92	0,00334	HOLD	99,9075	100,5612
2018-09-10	04:00	6395,89	6400	6368	6374,2	LONG	0,00167	5982,92	0,00334	HOLD	99,9075	100,5308
2018-09-10	05:00	6374,19	6376,96	6211	6252,91	LONG	0,00167	5982,92	0,00334	HOLD	99,9075	100,3283
2018-09-10	06:00	6252,91	6291	6235,08	6250,81	LONG	0,00167	5982,92	0,00334	HOLD	99,9075	100,3248
2018-09-10	07:00	6252,26	6279,78	6246,39	6262,63	LONG	0,00167	5982,92	0,00334	HOLD	99,9075	100,3445
2018-09-10	08:00	6263,52	6373,98	6262,69	6334,97	LONG	0,00167	5982,92	0,00334	HOLD	99,9075	100,4653
2018-09-10	09:00	6334,97	6354,82	6312	6321,23	LONG	0,00167	5982,92	0,00334	HOLD	99,9075	100,4424
2018-09-10	10:00	6322,11	6323,36	6288,48	6312,97	LONG	0,00167	5982,92	0,00334	HOLD	99,9075	100,4286
2018-09-10	11:00	6314,01	6314,02	6259	6281,65	LONG	0,00167	5982,92	0,00334	HOLD	99,9075	100,3763
2018-09-10	12:00	6281,65	6309,31	6280	6304,02	LONG	0,00167	5982,92	0,00334	HOLD	99,9075	100,4136
2018-09-10	13:00	6304,02	6334,47	6290	6332,1	LONG	0,00167	5982,92	0,00334	HOLD	99,9075	100,4605
2018-09-10	14:00	6332,1	6346,81	6315	6326,25	LONG	0,00167	5982,92	0,00334	HOLD	99,9075	100,4507
2018-09-10	15:00	6326,27	6342,08	6290	6301,83	LONG	0,00167	5982,92	0,00334	HOLD	99,9075	100,41
2018-09-10	16:00	6303,13	6305	6262	6300,08	LONG	0,00167	5982,92	0,00334	HOLD	99,9075	100,407
2018-09-10	17:00	6300,09	6320	6245	6306,02	LONG	0,00167	5982,92	0,00334	HOLD	99,9075	100,417
2018-09-10	18:00	6306,04	6318,5	6278	6313	LONG	0,00167	5982,92	0,00334	HOLD	99,9075	100,4286
2018-09-10	19:00	6313	6318	6291,5	6296,98	LONG	0,00167	5982,92	0,00334	HOLD	99,9075	100,4019
2018-09-10	20:00	6302,33	6312,94	6271,84	6301,14	LONG	0,00167	5982,92	0,00334	HOLD	99,9075	100,4088
2018-09-10	21:00	6299,52	6346,99	6296,99	6311,87	LONG	0,00167	5982,92	0,00334	HOLD	99,9075	100,4267
2018-09-10	22:00	6311,85	6315,35	6282,06	6295,74	LONG	0,00167	5982,92	0,00334	HOLD	99,9075	100,3998
2018-09-10	23:00	6297	6300	6221	6262	LONG	0,00167	5982,92	0,00334	HOLD	99,9075	100,3435
2018-09-11	00:00	6261,21	6280,01	6240	6260,11	LONG	0,00167	5982,92	0,00334	HOLD	99,9075	100,3403
2018-09-11	01:00	6260,11	6291,88	6241,15	6279,46	LONG	0,00167	5982,92	0,00334	HOLD	99,9075	100,3726
2018-09-11	02:00	6280,14	6305	6274,43	6296,73	LONG	0,00167	5982,92	0,00334	HOLD	99,9075	100,4014
2018-09-11	03:00	6294,65	6317,15	6275	6310,47	LONG	0,00167	5982,92	0,00334	HOLD	99,9075	100,4244
2018-09-11	04:00	6311,99	6321,8	6286,28	6295,81	LONG	0,00167	5982,92	0,00334	HOLD	99,9075	100,3999
2018-09-11	05:00	6298,93	6300	6267,46	6292,25	LONG	0,00167	5982,92	0,00334	HOLD	99,9075	100,394
2018-09-11	06:00	6292,26	6320,58	6287,67	6312	LONG	0,00167	5982,92	0,00334	HOLD	99,9075	100,427
2018-09-11	07:00	6311,99	6346,93	6289	6320,01	LONG	0,00167	5982,92	0,00334	HOLD	99,9075	100,4403
2018-09-11	08:00	6320,01	6392,11	6320,01	6392,1	LONG	0,00167	5982,92	0,00334	HOLD	99,9075	100,5607
2018-09-11	09:00	6385,47	6404	6341	6357,94	LONG	0,00167	5982,92	0,00334	HOLD	99,9075	100,5037
2018-09-11	10:00	6360,27	6384	6355	6355	LONG	0,00167	5982,92	0,00334	HOLD	99,9075	100,4988
2018-09-11	11:00	6355	6366,66	6309,49	6325,96	LONG	0,00167	5982,92	0,00334	HOLD	99,9075	100,4503
2018-09-11	12:00	6326,02	6348,62	6313,04	6339,35	LONG	0,00167	5982,92	0,00334	HOLD	99,9075	100,4726
2018-09-11	13:00	6339,36	6358,76	6330	6334,98	LONG	0,00167	5982,92	0,00334	HOLD	99,9075	100,4653
2018-09-11	14:00	6333,98	6340,92	6300	6310,19	LONG	0,00167	5982,92	0,00334	HOLD	99,9075	100,4239
2018-09-11	15:00	6310,19	6331,82	6301	6325	LONG	0,00167	5982,92	0,00334	HOLD	99,9075	100,4487
2018-09-11	16:00	6325	6361,29	6317	6339,98	LONG	0,00167	5982,92	0,00334	HOLD	99,9075	100,4737
2018-09-11	17:00	6340	6343,19	6310,54	6315,36	LONG	0,00167	5982,92	0,00334	HOLD	99,9075	100,4326
2018-09-11	18:00	6315,1	6322,01	6250	6283,75	LONG	0,00167	5982,92	0,00334	HOLD	99,9075	100,3798
2018-09-11	19:00	6280,77	6293,97	6257,87	6276,79	LONG	0,00167	5982,92	0,00334	HOLD	99,9075	100,3681
2018-09-11	20:00	6276,79	6303,29	6272,31	6288,01	LONG	0,00167	5982,92	0,00334	HOLD	99,9075	100,3869
2018-09-11	21:00	6290	6300,01	6169,68	6204,15	LONG	0,00167	5982,92	0,00334	HOLD	99,9075	100,2468
2018-09-11	22:00	6204,09	6258,49	6187,5	6250,63	LONG	0,00167	5982,92	0,00334	HOLD	99,9075	100,3245
2018-09-11	23:00	6250,6	6274,73	6234,47	6257,74	LONG	0,00167	5982,92	0,00334	HOLD	99,9075	100,3363
2018-09-12	00:00	6257	6260,76	6224,51	6244	LONG	0,00167	5982,92	0,00334	HOLD	99,9075	100,3134
2018-09-12	01:00	6243,67	6252,11	6186,7	6243,25	LONG	0,00167	5982,92	0,00334	HOLD	99,9075	100,3121
2018-09-12	02:00	6243,63	6288	6233	6268	LONG	0,00167	5982,92	0,00334	HOLD	99,9075	100,3535
2018-09-12	03:00	6269,23	6274,99	6246,47	6259,77	LONG	0,00167	5982,92	0,00334	HOLD	99,9075	100,3397
2018-09-12	04:00	6259,42	6320,01	6242,09	6316,63	LONG	0,00167	5982,92	0,00334	HOLD	99,9075	100,4347
2018-09-12	05:00	6318,06	6323,41	6292	6300,04	LONG	0,00167	5982,92	0,00334	HOLD	99,9075	100,407
2018-09-12	06:00	6300,06	6310,84	6272	6294,91	LONG	0,00167	5982,92	0,00334	HOLD	99,9075	100,3984
2018-09-12	07:00	6293	6300,59	6259,54	6259,64	LONG	0,00167	5982,92	0,00334	HOLD	99,9075	100,3395
2018-09-12	08:00	6261,46	6281,99	6253,17	6266,79	LONG	0,00167	5982,92	0,00334	HOLD	99,9075	100,3514
2018-09-12	09:00	6266,79	6279	6231,5	6256	LONG	0,00167	5982,92	0,00334	HOLD	99,9075	100,3334
2018-09-12	10:00	6255,99	6268,61	6218	6260,97	LONG	0,00167	5982,92	0,00334	HOLD	99,9075	100,3417
2018-09-12	11:00	6261,95	6290	6252,38	6272,15	LONG	0,00167	5982,92	0,00334	HOLD	99,9075	100,3604
2018-09-12	12:00	6272,14	6305,05	6270,04	6278,5	LONG	0,00167	5982,92	0,00334	HOLD	99,9075	100,371
2018-09-12	13:00	6276,45	6285	6248	6253,69	LONG	0,00167	5982,92	0,00334	HOLD	99,9075	100,3296
2018-09-12	14:00	6255,08	6266,99	6230,27	6244,94	LONG	0,00167	5982,92	0,00334	HOLD	99,9075	100,315
2018-09-12	15:00	6245	6253,15	6192,37	6249	LONG	0,00167	5982,92	0,00334	HOLD	99,9075	100,3217
2018-09-12	16:00	6249,04	6265,11	6238,15	6254,22	LONG	0,00167	5982,92	0,00334	HOLD	99,9075	100,3305
2018-09-12	17:00	6256,22	6278,22	6240	6243,95	LONG	0,00167	5982,92	0,00334	HOLD	99,9075	100,3133
2018-09-12	18:00	6242,99	6260	6225	6243,74	LONG	0,00167	5982,92	0,00334	HOLD	99,9075	100,313
2018-09-12	19:00	6243,76	6288	6243,76	6252,49	LONG	0,00167	5982,92	0,00334	HOLD	99,9075	100,3276
2018-09-12	20:00	6252,49	6297,24	6250,17	6295,53	LONG	0,00167	5982,92	0,00334	HOLD	99,9075	100,3994
2018-09-12	21:00	6297,88	6299	6263,47	6282,99	LONG	0,00167	5982,92	0,00334	HOLD	99,9075	100,3785
2018-09-12	22:00	6283	6292,77	6257,11	6269,39	LONG	0,00167	5982,92	0,00334	HOLD	99,9075	100,3558
2018-09-12	23:00	6269,39	6285	6261,6	6271,3	LONG	0,00167	5982,92	0,00334	HOLD	99,9075	100,359
2018-09-13	00:00	6271,64	6318,99	6267,44	6291	LONG	0,00167	5982,92	0,00334	HOLD	99,9075	100,3919
2018-09-13	01:00	6290,52	6360	6283	6315,65	LONG	0,00167	5982,92	0,00334	HOLD	99,9075	100,433
2018-09-13	02:00	6316,07	6337,99	6292,51	6312,77	LONG	0,00167	5982,92	0,00334	HOLD	99,9075	100,4282
2018-09-13	03:00	6313,86	6322	6297	6319,03	LONG	0,00167	5982,92	0,00334	HOLD	99,9075	100,4387
2018-09-13	04:00	6319,04	6345	6303,44	6312,99	LONG	0,00167	5982,92	0,00334	HOLD	99,9075	100,4286
2018-09-13	05:00	6313	6350	6303,56	6350	LONG	0,00167	5982,92	0,00334	HOLD	99,9075	100,4904
2018-09-13	06:00	6350	6353,48	6321,93	6338,62	LONG	0,00167	5982,92	0,00334	HOLD	99,9075	100,4714
2018-09-13	07:00	6338,62	6439	6337,4	6413,94	LONG	0,00167	5982,92	0,00334	HOLD	99,9075	100,5972
2018-09-13	08:00	6414	6424,85	6385	6400,05	LONG	0,00167	5982,92	0,00334	HOLD	99,9075	100,574
2018-09-13	09:00	6399,54	6406,75	6380	6400	LONG	0,00167	5982,92	0,00334	HOLD	99,9075	100,5739
2018-09-13	10:00	6400	6412	6380	6388	LONG	0,00167	5982,92	0,00334	HOLD	99,9075	100,5539
2018-09-13	11:00	6388,02	6414,88	6384,88	6399,17	LONG	0,00167	5982,92	0,00334	HOLD	99,9075	100,5725
2018-09-13	12:00	6396,68	6407,07	6368,46	6376,37	LONG	0,00167	5982,92	0,00334	HOLD	99,9075	100,5344
2018-09-13	13:00	6377	6393,63	6372	6390,71	LONG	0,00167	5982,92	0,00334	HOLD	99,9075	100,5584
2018-09-13	14:00	6390,7	6400	6380,95	6385,01	LONG	0,00167	5982,92	0,00334	HOLD	99,9075	100,5489
2018-09-13	15:00	6385,01	6437,41	6383,12	6419,66	LONG	0,00167	5982,92	0,00334	HOLD	99,9075	100,6067
2018-09-13	16:00	6422,34	6488,48	6412,02	6439,59	LONG	0,00167	5982,92	0,00334	HOLD	99,9075	100,64
2018-09-13	17:00	6445,98	6476,78	6430,54	6445,88	LONG	0,00167	5982,92	0,00334	HOLD	99,9075	100,6505
2018-09-13	18:00	6445,88	6468,88	6423,07	6468	LONG	0,00167	5982,92	0,00334	HOLD	99,9075	100,6875
2018-09-13	19:00	6467,5	6487	6436,55	6458,08	LONG	0,00167	5982,92	0,00334	HOLD	99,9075	100,6709
2018-09-13	20:00	6458,08	6535	6452,06	6508,29	LONG	0,00167	5982,92	0,00334	HOLD	99,9075	100,7548
2018-09-13	21:00	6509,98	6528,13	6487,9	6493,01	LONG	0,00167	5982,92	0,00334	HOLD	99,9075	100,7292
2018-09-13	22:00	6493,61	6496,25	6467	6480	LONG	0,00167	5982,92	0,00334	HOLD	99,9075	100,7075
2018-09-13	23:00	6480	6528	6479	6513,15	LONG	0,00167	5982,92	0,00334	HOLD	99,9075	100,7629
2018-09-14	00:00	6513	6528,96	6473	6500,92	LONG	0,00167	5982,92	0,00334	HOLD	99,9075	100,7424
2018-09-14	01:00	6501,05	6507,64	6473	6482,17	LONG	0,00167	5982,92	0,00334	HOLD	99,9075	100,7111
2018-09-14	02:00	6483,01	6494	6418	6447,76	LONG	0,00167	5982,92	0,00334	HOLD	99,9075	100,6537
2018-09-14	03:00	6449,93	6473,05	6411,02	6467,36	LONG	0,00167	5982,92	0,00334	HOLD	99,9075	100,6864
2018-09-14	04:00	6468	6478,69	6445,78	6466,86	LONG	0,00167	5982,92	0,00334	HOLD	99,9075	100,6856
2018-09-14	05:00	6466,87	6501,36	6462,41	6475,89	LONG	0,00167	5982,92	0,00334	HOLD	99,9075	100,7006
2018-09-14	06:00	6480	6519	6474,88	6487,38	LONG	0,00167	5982,92	0,00334	HOLD	99,9075	100,7198
2018-09-14	07:00	6487,39	6501,24	6454,68	6461,76	LONG	0,00167	5982,92	0,00334	HOLD	99,9075	100,677
2018-09-14	08:00	6462,79	6495,09	6460,16	6488,99	LONG	0,00167	5982,92	0,00334	HOLD	99,9075	100,7225
2018-09-14	09:00	6488,99	6565,68	6488,77	6551	LONG	0,00167	5982,92	0,00334	HOLD	99,9075	100,8261
2018-09-14	10:00	6551	6584,99	6542,13	6542,37	LONG	0,00167	5982,92	0,00334	HOLD	99,9075	100,8117
2018-09-14	11:00	6545,79	6570	6535,41	6545	LONG	0,00167	5982,92	0,00334	HOLD	99,9075	100,8161
2018-09-14	12:00	6545	6570,99	6543,32	6548,48	LONG	0,00167	5982,92	0,00334	HOLD	99,9075	100,8219
2018-09-14	13:00	6548,49	6561,15	6535,21	6555,04	LONG	0,00167	5982,92	0,00334	HOLD	99,9075	100,8328
2018-09-14	14:00	6554,99	6583,89	6536,85	6543,84	LONG	0,00167	5982,92	0,00334	HOLD	99,9075	100,8141
2018-09-14	15:00	6543,86	6549,97	6385,62	6414,66	LONG	0,00167	5982,92	0,00334	HOLD	99,9075	100,5984
2018-09-14	16:00	6419,58	6464,57	6405	6426,07	LONG	0,00167	5982,92	0,00334	HOLD	99,9075	100,6174
2018-09-14	17:00	6425,78	6467,1	6425	6441	LONG	0,00167	5982,92	0,00334	HOLD	99,9075	100,6424
2018-09-14	18:00	6440	6480,49	6437,62	6459,28	LONG	0,00167	5982,92	0,00334	HOLD	99,9075	100,6729
2018-09-14	19:00	6458,52	6475	6443	6465,96	LONG	0,00167	5982,92	0,00334	HOLD	99,9075	100,6841
2018-09-14	20:00	6465,96	6466,42	6426,01	6443,82	LONG	0,00167	5982,92	0,00334	HOLD	99,9075	100,6471
2018-09-14	21:00	6449,72	6458,86	6426,01	6449,99	LONG	0,00167	5982,92	0,00334	HOLD	99,9075	100,6574
2018-09-14	22:00	6450	6485,49	6449,45	6480	LONG	0,00167	5982,92	0,00334	HOLD	99,9075	100,7075
2018-09-14	23:00	6479,99	6523,21	6478,06	6507,65	LONG	0,00167	5982,92	0,00334	HOLD	99,9075	100,7537
2018-09-15	00:00	6509,05	6509,07	6465	6465,63	LONG	0,00167	5982,92	0,00334	HOLD	99,9075	100,6835
2018-09-15	01:00	6465,99	6486,45	6452,54	6477,95	LONG	0,00167	5982,92	0,00334	HOLD	99,9075	100,7041
2018-09-15	02:00	6476,06	6538,93	6474,66	6531	LONG	0,00167	5982,92	0,00334	HOLD	99,9075	100,7927
2018-09-15	03:00	6531	6545,63	6504,09	6531,26	LONG	0,00167	5982,92	0,00334	HOLD	99,9075	100,7931
2018-09-15	04:00	6533,66	6537,99	6494,05	6509,2	LONG	0,00167	5982,92	0,00334	HOLD	99,9075	100,7563
2018-09-15	05:00	6509,2	6538	6496,87	6514,09	LONG	0,00167	5982,92	0,00334	HOLD	99,9075	100,7644
2018-09-15	06:00	6513,28	6528,99	6449,38	6476,63	LONG	0,00167	5982,92	0,00334	HOLD	99,9075	100,7019
2018-09-15	07:00	6476,63	6504,93	6473,3	6486,22	LONG	0,00167	5982,92	0,00334	HOLD	99,9075	100,7179
2018-09-15	08:00	6486,22	6527,79	6480,9	6520,52	LONG	0,00167	5982,92	0,00334	HOLD	99,9075	100,7752
2018-09-15	09:00	6520,52	6525,23	6493,34	6499,57	LONG	0,00167	5982,92	0,00334	HOLD	99,9075	100,7402
2018-09-15	10:00	6498,18	6509,47	6480	6496,85	LONG	0,00167	5982,92	0,00334	HOLD	99,9075	100,7356
2018-09-15	11:00	6496,26	6518,19	6490,41	6511,07	LONG	0,00167	5982,92	0,00334	HOLD	99,9075	100,7594
2018-09-15	12:00	6511,06	6521	6479,89	6491,05	LONG	0,00167	5982,92	0,00334	HOLD	99,9075	100,726
2018-09-15	13:00	6492,17	6493,67	6466,13	6483,85	LONG	0,00167	5982,92	0,00334	HOLD	99,9075	100,7139
2018-09-15	14:00	6483,98	6506,95	6483,84	6498,01	LONG	0,00167	5982,92	0,00334	HOLD	99,9075	100,7376
2018-09-15	15:00	6498,01	6538,79	6497,02	6512,89	LONG	0,00167	5982,92	0,00334	HOLD	99,9075	100,7624
2018-09-15	16:00	6512,89	6535,94	6512,89	6535,93	LONG	0,00167	5982,92	0,00334	HOLD	99,9075	100,8009
2018-09-15	17:00	6533,02	6559,35	6512,41	6520,02	LONG	0,00167	5982,92	0,00334	HOLD	99,9075	100,7743
2018-09-15	18:00	6520,03	6528,69	6495,11	6523,51	LONG	0,00167	5982,92	0,00334	HOLD	99,9075	100,7802
2018-09-15	19:00	6524,26	6536,92	6513,04	6531,02	LONG	0,00167	5982,92	0,00334	HOLD	99,9075	100,7927
2018-09-15	20:00	6532	6565	6530,98	6540	LONG	0,00167	5982,92	0,00334	HOLD	99,9075	100,8077
2018-09-15	21:00	6540	6565,45	6525,02	6540,02	LONG	0,00167	5982,92	0,00334	HOLD	99,9075	100,8077
2018-09-15	22:00	6538,33	6546,65	6520,81	6542,22	LONG	0,00167	5982,92	0,00334	HOLD	99,9075	100,8114
2018-09-15	23:00	6542,18	6556,76	6530,33	6547,51	LONG	0,00167	5982,92	0,00334	HOLD	99,9075	100,8203
2018-09-16	00:00	6547,5	6558	6527,85	6548,02	LONG	0,00167	5982,92	0,00334	HOLD	99,9075	100,8211
2018-09-16	01:00	6548,02	6549,97	6501,99	6523,02	LONG	0,00167	5982,92	0,00334	HOLD	99,9075	100,7794
2018-09-16	02:00	6522,99	6539,1	6506,67	6530	LONG	0,00167	5982,92	0,00334	HOLD	99,9075	100,791
2018-09-16	03:00	6530	6537,98	6521,06	6533	LONG	0,00167	5982,92	0,00334	HOLD	99,9075	100,796
2018-09-16	04:00	6533,01	6535	6470,42	6495	LONG	0,00167	5982,92	0,00334	HOLD	99,9075	100,7326
2018-09-16	05:00	6492,67	6535	6491,87	6517,95	LONG	0,00167	5982,92	0,00334	HOLD	99,9075	100,7709
2018-09-16	06:00	6517,96	6529,81	6514,95	6514,96	LONG	0,00167	5982,92	0,00334	HOLD	99,9075	100,7659
2018-09-16	07:00	6514,96	6524,62	6497,78	6511,07	LONG	0,00167	5982,92	0,00334	HOLD	99,9075	100,7594
2018-09-16	08:00	6512	6522,98	6486,35	6494,02	LONG	0,00167	5982,92	0,00334	HOLD	99,9075	100,7309
2018-09-16	09:00	6495,98	6507,17	6476	6499,01	LONG	0,00167	5982,92	0,00334	HOLD	99,9075	100,7393
2018-09-16	10:00	6498	6504,13	6469,23	6478,33	LONG	0,00167	5982,92	0,00334	HOLD	99,9075	100,7047
2018-09-16	11:00	6478,38	6486,21	6370	6454,9	LONG	0,00167	5982,92	0,00334	HOLD	99,9075	100,6656
2018-09-16	12:00	6456,81	6474,23	6442	6467,15	LONG	0,00167	5982,92	0,00334	HOLD	99,9075	100,6861
2018-09-16	13:00	6467,16	6472,26	6449,68	6462,47	LONG	0,00167	5982,92	0,00334	HOLD	99,9075	100,6782
2018-09-16	14:00	6461,51	6464,33	6445,01	6447,82	LONG	0,00167	5982,92	0,00334	HOLD	99,9075	100,6538
2018-09-16	15:00	6447,82	6498,97	6443,58	6485,99	LONG	0,00167	5982,92	0,00334	HOLD	99,9075	100,7175
2018-09-16	16:00	6485,99	6498,41	6476,68	6492,06	LONG	0,00167	5982,92	0,00334	HOLD	99,9075	100,7277
2018-09-16	17:00	6492,52	6520	6478	6509,88	LONG	0,00167	5982,92	0,00334	HOLD	99,9075	100,7574
2018-09-16	18:00	6508,45	6517,59	6492,5	6499,35	LONG	0,00167	5982,92	0,00334	HOLD	99,9075	100,7398
2018-09-16	19:00	6497,74	6508,34	6488,01	6502,73	LONG	0,00167	5982,92	0,00334	HOLD	99,9075	100,7455
2018-09-16	20:00	6503,99	6511	6475,01	6480,14	LONG	0,00167	5982,92	0,00334	HOLD	99,9075	100,7077
2018-09-16	21:00	6482,76	6482,76	6456,01	6476,5	LONG	0,00167	5982,92	0,00334	HOLD	99,9075	100,7017
2018-09-16	22:00	6480,45	6482	6464,01	6482	LONG	0,00167	5982,92	0,00334	HOLD	99,9075	100,7109
2018-09-16	23:00	6482	6490	6477,13	6480,83	LONG	0,00167	5982,92	0,00334	HOLD	99,9075	100,7089
2018-09-17	00:00	6480,84	6492	6409,74	6473,99	LONG	0,00167	5982,92	0,00334	HOLD	99,9075	100,6975
2018-09-17	01:00	6474	6493	6473,99	6487,96	LONG	0,00167	5982,92	0,00334	HOLD	99,9075	100,7208
2018-09-17	02:00	6487,95	6516	6483,13	6505,75	LONG	0,00167	5982,92	0,00334	HOLD	99,9075	100,7505
2018-09-17	03:00	6505,73	6517	6492,12	6502,24	LONG	0,00167	5982,92	0,00334	HOLD	99,9075	100,7447
2018-09-17	04:00	6502,24	6511,01	6485	6490	LONG	0,00167	5982,92	0,00334	HOLD	99,9075	100,7242
2018-09-17	05:00	6490,4	6502,04	6477,22	6499,78	LONG	0,00167	5982,92	0,00334	HOLD	99,9075	100,7405
2018-09-17	06:00	6499,78	6507	6490	6505	LONG	0,00167	5982,92	0,00334	HOLD	99,9075	100,7493
2018-09-17	07:00	6500,08	6533,84	6500	6523,71	LONG	0,00167	5982,92	0,00334	HOLD	99,9075	100,7805
2018-09-17	08:00	6523,71	6531,2	6511	6518,01	LONG	0,00167	5982,92	0,00334	HOLD	99,9075	100,771
2018-09-17	09:00	6518,01	6520,68	6501	6517,47	LONG	0,00167	5982,92	0,00334	HOLD	99,9075	100,7701
2018-09-17	10:00	6517,46	6519,05	6503,03	6517,16	LONG	0,00167	5982,92	0,00334	HOLD	99,9075	100,7696
2018-09-17	11:00	6517,17	6521	6469,14	6477,07	LONG	0,00167	5982,92	0,00334	HOLD	99,9075	100,7026
2018-09-17	12:00	6475,99	6493,63	6462,98	6483,02	LONG	0,00167	5982,92	0,00334	HOLD	99,9075	100,7126
2018-09-17	13:00	6483,03	6494,57	6470,75	6482,2	LONG	0,00167	5982,92	0,00334	HOLD	99,9075	100,7112
2018-09-17	14:00	6482,2	6490	6460	6480,01	LONG	0,00167	5982,92	0,00334	HOLD	99,9075	100,7075
2018-09-17	15:00	6480,03	6483,17	6460,03	6476,19	LONG	0,00167	5982,92	0,00334	HOLD	99,9075	100,7011
2018-09-17	16:00	6476,19	6510	6417,51	6492,66	LONG	0,00167	5982,92	0,00334	HOLD	99,9075	100,7287
2018-09-17	17:00	6494,95	6504,97	6466,82	6478,1	LONG	0,00167	5982,92	0,00334	HOLD	99,9075	100,7043
2018-09-17	18:00	6478,1	6490	6465,1	6475,94	LONG	0,00167	5982,92	0,00334	HOLD	99,9075	100,7007
2018-09-17	19:00	6473,05	6475,94	6437,85	6452,74	LONG	0,00167	5982,92	0,00334	HOLD	99,9075	100,662
2018-09-17	20:00	6452,74	6463,82	6390	6421,64	LONG	0,00167	5982,92	0,00334	HOLD	99,9075	100,61
2018-09-17	21:00	6421,64	6428,71	6327	6354,78	LONG	0,00167	5982,92	0,00334	HOLD	99,9075	100,4984
2018-09-17	22:00	6354,78	6354,85	6225	6265,06	LONG	0,00167	5982,92	0,00334	HOLD	99,9075	100,3486
2018-09-17	23:00	6262,1	6301,64	6261,01	6264,77	LONG	0,00167	5982,92	0,00334	HOLD	99,9075	100,3481
2018-09-18	00:00	6268,99	6300	6264,77	6296,07	LONG	0,00167	5982,92	0,00334	HOLD	99,9075	100,4003
2018-09-18	01:00	6296,09	6320	6275,2	6298	LONG	0,00167	5982,92	0,00334	HOLD	99,9075	100,4036
2018-09-18	02:00	6297,99	6315	6243,08	6270	LONG	0,00167	5982,92	0,00334	HOLD	99,9075	100,3568
2018-09-18	03:00	6269,99	6270	6201	6222	LONG	0,00167	5982,92	0,00334	HOLD	99,9075	100,2767
2018-09-18	04:00	6222,01	6264,27	6222	6251,37	LONG	0,00167	5982,92	0,00334	HOLD	99,9075	100,3257
2018-09-18	05:00	6251,37	6275,99	6223,01	6249,01	LONG	0,00167	5982,92	0,00334	HOLD	99,9075	100,3218
2018-09-18	06:00	6250,49	6279,48	6247,21	6248,69	LONG	0,00167	5982,92	0,00334	HOLD	99,9075	100,3212
2018-09-18	07:00	6248,69	6260,79	6224,98	6250,99	LONG	0,00167	5982,92	0,00334	HOLD	99,9075	100,3251
2018-09-18	08:00	6251,87	6266,18	6245,6	6256,01	LONG	0,00167	5982,92	0,00334	HOLD	99,9075	100,3334
2018-09-18	09:00	6256,01	6259,56	6235,01	6249,57	LONG	0,00167	5982,92	0,00334	HOLD	99,9075	100,3227
2018-09-18	10:00	6249,52	6251,65	6228,52	6238,74	LONG	0,00167	5982,92	0,00334	HOLD	99,9075	100,3046
2018-09-18	11:00	6237,55	6270	6232,17	6265,01	LONG	0,00167	5982,92	0,00334	HOLD	99,9075	100,3485
2018-09-18	12:00	6265,01	6287,3	6262,1	6276,01	LONG	0,00167	5982,92	0,00334	HOLD	99,9075	100,3668
2018-09-18	13:00	6276,26	6285,5	6262,01	6273	LONG	0,00167	5982,92	0,00334	HOLD	99,9075	100,3618
2018-09-18	14:00	6273	6294,08	6270	6290,15	LONG	0,00167	5982,92	0,00334	HOLD	99,9075	100,3905
2018-09-18	15:00	6292,94	6296,81	6252,84	6261	LONG	0,00167	5982,92	0,00334	HOLD	99,9075	100,3418
2018-09-18	16:00	6261	6263,24	6242	6261,03	LONG	0,00167	5982,92	0,00334	HOLD	99,9075	100,3418
2018-09-18	17:00	6261,03	6269,73	6239,43	6249,93	LONG	0,00167	5982,92	0,00334	HOLD	99,9075	100,3233
2018-09-18	18:00	6247,59	6292,01	6234,44	6287,65	LONG	0,00167	5982,92	0,00334	HOLD	99,9075	100,3863
2018-09-18	19:00	6287,65	6346	6267	6328,92	LONG	0,00167	5982,92	0,00334	HOLD	99,9075	100,4552
2018-09-18	20:00	6328,92	6390	6328,16	6364,45	LONG	0,00167	5982,92	0,00334	HOLD	99,9075	100,5145
2018-09-18	21:00	6364,44	6379	6347,53	6363,04	LONG	0,00167	5982,92	0,00334	HOLD	99,9075	100,5122
2018-09-18	22:00	6362,16	6390	6334,69	6360,01	LONG	0,00167	5982,92	0,00334	HOLD	99,9075	100,5071
2018-09-18	23:00	6360,01	6371,74	6344,14	6352,98	LONG	0,00167	5982,92	0,00334	HOLD	99,9075	100,4954
2018-09-19	00:00	6353,09	6354,11	6305,47	6323,6	LONG	0,00167	5982,92	0,00334	HOLD	99,9075	100,4463
2018-09-19	01:00	6321,94	6344,85	6312,62	6335	LONG	0,00167	5982,92	0,00334	HOLD	99,9075	100,4654
2018-09-19	02:00	6334,51	6342,99	6285,51	6302	LONG	0,00167	5982,92	0,00334	HOLD	99,9075	100,4103
2018-09-19	03:00	6301,9	6344,08	6280	6325,25	LONG	0,00167	5982,92	0,00334	HOLD	99,9075	100,4491
2018-09-19	04:00	6322,86	6334	6312,53	6324,01	LONG	0,00167	5982,92	0,00334	HOLD	99,9075	100,447
2018-09-19	05:00	6324,03	6368,99	6321,61	6358,32	LONG	0,00167	5982,92	0,00334	HOLD	99,9075	100,5043
2018-09-19	06:00	6358,32	6363	6328,64	6336,45	LONG	0,00167	5982,92	0,00334	HOLD	99,9075	100,4678
2018-09-19	07:00	6336,39	6337,15	6305	6321,96	LONG	0,00167	5982,92	0,00334	HOLD	99,9075	100,4436
2018-09-19	08:00	6320,13	6357	6320,13	6348,87	LONG	0,00167	5982,92	0,00334	HOLD	99,9075	100,4885
2018-09-19	09:00	6348,87	6351,35	6332,14	6349,19	LONG	0,00167	5982,92	0,00334	HOLD	99,9075	100,4891
2018-09-19	10:00	6351,06	6369	6327,54	6364,1	LONG	0,00167	5982,92	0,00334	HOLD	99,9075	100,514
2018-09-19	11:00	6362,58	6362,59	6327	6335,51	LONG	0,00167	5982,92	0,00334	HOLD	99,9075	100,4662
2018-09-19	12:00	6338,36	6353,88	6332,73	6352,34	LONG	0,00167	5982,92	0,00334	HOLD	99,9075	100,4943
2018-09-19	13:00	6352,3	6369,04	6344,6	6351,51	LONG	0,00167	5982,92	0,00334	HOLD	99,9075	100,4929
2018-09-19	14:00	6354,32	6360,19	6329	6356,95	LONG	0,00167	5982,92	0,00334	HOLD	99,9075	100,502
2018-09-19	15:00	6356,94	6366,99	6340,59	6346,64	LONG	0,00167	5982,92	0,00334	HOLD	99,9075	100,4848
2018-09-19	16:00	6346,65	6349,73	6286,61	6321,9	LONG	0,00167	5982,92	0,00334	HOLD	99,9075	100,4435
2018-09-19	17:00	6321,89	6335	6314,82	6320,01	LONG	0,00167	5982,92	0,00334	HOLD	99,9075	100,4403
2018-09-19	18:00	6320,56	6330	6257,29	6286,42	LONG	0,00167	5982,92	0,00334	HOLD	99,9075	100,3842
2018-09-19	19:00	6286,42	6305	6252,17	6300,91	LONG	0,00167	5982,92	0,00334	HOLD	99,9075	100,4084
2018-09-19	20:00	6300,9	6305	6281,03	6289,94	LONG	0,00167	5982,92	0,00334	HOLD	99,9075	100,3901
2018-09-19	21:00	6289,94	6348,48	6282	6328,49	LONG	0,00167	5982,92	0,00334	HOLD	99,9075	100,4545
2018-09-19	22:00	6326,01	6346	6320,01	6327,95	LONG	0,00167	5982,92	0,00334	HOLD	99,9075	100,4536
2018-09-19	23:00	6330,67	6340,01	6314,4	6326,66	LONG	0,00167	5982,92	0,00334	HOLD	99,9075	100,4514
2018-09-20	00:00	6326,56	6338	6307	6325,56	LONG	0,00167	5982,92	0,00334	HOLD	99,9075	100,4496
2018-09-20	01:00	6323,32	6328,33	6123	6167,4	LONG	0,00167	5982,92	0,00334	HOLD	99,9075	100,1855
2018-09-20	02:00	6160,93	6517,7	6123	6410,2	LONG	0,00167	5982,92	0,00334	HOLD	99,9075	100,5909
2018-09-20	03:00	6412,14	6465,38	6402	6423,94	LONG	0,00167	5982,92	0,00334	HOLD	99,9075	100,6139
2018-09-20	04:00	6423,93	6450	6375	6395	LONG	0,00167	5982,92	0,00334	HOLD	99,9075	100,5656
2018-09-20	05:00	6396,82	6410	6366	6386,75	LONG	0,00167	5982,92	0,00334	HOLD	99,9075	100,5518
2018-09-20	06:00	6386,75	6393,17	6373,11	6391,89	LONG	0,00167	5982,92	0,00334	HOLD	99,9075	100,5604
2018-09-20	07:00	6392	6427,96	6385,37	6420,07	LONG	0,00167	5982,92	0,00334	HOLD	99,9075	100,6074
2018-09-20	08:00	6421,5	6422	6400,12	6407,12	LONG	0,00167	5982,92	0,00334	HOLD	99,9075	100,5858
2018-09-20	09:00	6407,99	6410	6374,99	6386,05	LONG	0,00167	5982,92	0,00334	HOLD	99,9075	100,5506
2018-09-20	10:00	6386,08	6409,99	6378,73	6397,29	LONG	0,00167	5982,92	0,00334	HOLD	99,9075	100,5694
2018-09-20	11:00	6397,29	6407,32	6384	6391,36	LONG	0,00167	5982,92	0,00334	HOLD	99,9075	100,5595
2018-09-20	12:00	6391,34	6398,79	6382,54	6389,05	LONG	0,00167	5982,92	0,00334	HOLD	99,9075	100,5556
2018-09-20	13:00	6388,99	6410	6385	6399,91	LONG	0,00167	5982,92	0,00334	HOLD	99,9075	100,5738
2018-09-20	14:00	6399,97	6413,81	6395	6411	LONG	0,00167	5982,92	0,00334	HOLD	99,9075	100,5923
2018-09-20	15:00	6411	6413,58	6375,61	6387,98	LONG	0,00167	5982,92	0,00334	HOLD	99,9075	100,5538
2018-09-20	16:00	6387,98	6394,17	6382	6387	LONG	0,00167	5982,92	0,00334	HOLD	99,9075	100,5522
2018-09-20	17:00	6387,69	6415	6383,32	6415	LONG	0,00167	5982,92	0,00334	HOLD	99,9075	100,599
2018-09-20	18:00	6413,41	6440	6403,49	6427,88	LONG	0,00167	5982,92	0,00334	HOLD	99,9075	100,6205
2018-09-20	19:00	6425,03	6449	6418,03	6425	LONG	0,00167	5982,92	0,00334	HOLD	99,9075	100,6157
2018-09-20	20:00	6425	6428,01	6394	6422	LONG	0,00167	5982,92	0,00334	HOLD	99,9075	100,6107
2018-09-20	21:00	6421	6425	6410,1	6415,01	LONG	0,00167	5982,92	0,00334	HOLD	99,9075	100,599
2018-09-20	22:00	6416	6429,08	6396	6417,92	LONG	0,00167	5982,92	0,00334	HOLD	99,9075	100,6038
2018-09-20	23:00	6417,77	6430	6411	6421,99	LONG	0,00167	5982,92	0,00334	HOLD	99,9075	100,6106
2018-09-21	00:00	6421,99	6428	6390	6400,51	LONG	0,00167	5982,92	0,00334	HOLD	99,9075	100,5748
2018-09-21	01:00	6399,99	6409,55	6390	6407	LONG	0,00167	5982,92	0,00334	HOLD	99,9075	100,5856
2018-09-21	02:00	6405,54	6436,93	6390	6420,01	LONG	0,00167	5982,92	0,00334	HOLD	99,9075	100,6073
2018-09-21	03:00	6421,99	6437	6325	6378,47	LONG	0,00167	5982,92	0,00334	HOLD	99,9075	100,538
2018-09-21	04:00	6380,99	6508	6350,05	6490,06	LONG	0,00167	5982,92	0,00334	HOLD	99,9075	100,7243
2018-09-21	05:00	6490,06	6535	6463	6531,29	LONG	0,00167	5982,92	0,00334	HOLD	99,9075	100,7932
2018-09-21	06:00	6524,06	6540	6485	6492	LONG	0,00167	5982,92	0,00334	HOLD	99,9075	100,7276
2018-09-21	07:00	6492	6535,95	6491	6516,48	LONG	0,00167	5982,92	0,00334	HOLD	99,9075	100,7684
2018-09-21	08:00	6510,2	6516,52	6492,06	6502,01	LONG	0,00167	5982,92	0,00334	HOLD	99,9075	100,7443
2018-09-21	09:00	6502,01	6579	6500	6555,67	LONG	0,00167	5982,92	0,00334	HOLD	99,9075	100,8339
2018-09-21	10:00	6555,67	6565,94	6535,59	6554,7	LONG	0,00167	5982,92	0,00334	HOLD	99,9075	100,8323
2018-09-21	11:00	6554,67	6563,83	6535,5	6548,06	LONG	0,00167	5982,92	0,00334	HOLD	99,9075	100,8212
2018-09-21	12:00	6548,06	6549,93	6522,11	6535,85	LONG	0,00167	5982,92	0,00334	HOLD	99,9075	100,8008
2018-09-21	13:00	6535,85	6564	6530,71	6550,07	LONG	0,00167	5982,92	0,00334	HOLD	99,9075	100,8245
2018-09-21	14:00	6550,53	6678,23	6540	6647,91	LONG	0,00167	5982,92	0,00334	HOLD	99,9075	100,9879
2018-09-21	15:00	6647,91	6740,51	6647,91	6701,33	LONG	0,00167	5982,92	0,00334	HOLD	99,9075	101,0771
2018-09-21	16:00	6704,03	6723,57	6671,87	6706,01	LONG	0,00167	5982,92	0,00334	HOLD	99,9075	101,0849
2018-09-21	17:00	6707,72	6721	6684,98	6694,89	LONG	0,00167	5982,92	0,00334	HOLD	99,9075	101,0664
2018-09-21	18:00	6695	6770	6695	6742,23	LONG	0,00167	5982,92	0,00334	HOLD	99,9075	101,1454
2018-09-21	19:00	6742,23	6748,01	6703,59	6732,02	LONG	0,00167	5982,92	0,00334	HOLD	99,9075	101,1284
2018-09-21	20:00	6732,7	6779,01	6725,05	6727,83	LONG	0,00167	5982,92	0,00334	HOLD	99,9075	101,1214
2018-09-21	21:00	6727,83	6752,11	6690,37	6721,59	LONG	0,00167	5982,92	0,00334	HOLD	99,9075	101,111
2018-09-21	22:00	6721,63	6735,62	6666	6681,65	LONG	0,00167	5982,92	0,00334	HOLD	99,9075	101,0443
2018-09-21	23:00	6683,81	6735	6681,67	6717,23	LONG	0,00167	5982,92	0,00334	HOLD	99,9075	101,1037
2018-09-22	00:00	6717,25	6720,66	6695,68	6703,34	LONG	0,00167	5982,92	0,00334	HOLD	99,9075	101,0805
2018-09-22	01:00	6703,2	6750	6690	6739,98	LONG	0,00167	5982,92	0,00334	HOLD	99,9075	101,1417
2018-09-22	02:00	6737,01	6784,86	6724,91	6749,13	LONG	0,00167	5982,92	0,00334	HOLD	99,9075	101,157
2018-09-22	03:00	6749,14	6780	6708	6708	LONG	0,00167	5982,92	0,00334	HOLD	99,9075	101,0883
2018-09-22	04:00	6708	6762,97	6682,94	6727,97	LONG	0,00167	5982,92	0,00334	HOLD	99,9075	101,1216
2018-09-22	05:00	6727,97	6740	6712,83	6737,86	LONG	0,00167	5982,92	0,00334	HOLD	99,9075	101,1381
2018-09-22	06:00	6737,87	6768,6	6729,94	6759,02	LONG	0,00167	5982,92	0,00334	HOLD	99,9075	101,1735
2018-09-22	07:00	6759,01	6839,03	6757,87	6802,95	LONG	0,00167	5982,92	0,00334	HOLD	99,9075	101,2468
2018-09-22	08:00	6800,69	6815	6740	6771,99	LONG	0,00167	5982,92	0,00334	HOLD	99,9075	101,1951
2018-09-22	09:00	6770,1	6785,93	6733,66	6739,91	LONG	0,00167	5982,92	0,00334	HOLD	99,9075	101,1416
2018-09-22	10:00	6739,9	6763,13	6715,01	6738,15	LONG	0,00167	5982,92	0,00334	HOLD	99,9075	101,1386
2018-09-22	11:00	6738,27	6769,54	6736,05	6753,85	LONG	0,00167	5982,92	0,00334	HOLD	99,9075	101,1648
2018-09-22	12:00	6751,65	6758,98	6720,31	6742,41	LONG	0,00167	5982,92	0,00334	HOLD	99,9075	101,1457
2018-09-22	13:00	6741,48	6744,84	6700	6728,89	LONG	0,00167	5982,92	0,00334	HOLD	99,9075	101,1232
2018-09-22	14:00	6726,76	6732,96	6714,51	6718,57	LONG	0,00167	5982,92	0,00334	HOLD	99,9075	101,1059
2018-09-22	15:00	6719,31	6720,06	6627	6647,63	LONG	0,00167	5982,92	0,00334	HOLD	99,9075	100,9875
2018-09-22	16:00	6647,56	6705	6637,59	6694,99	LONG	0,00167	5982,92	0,00334	HOLD	99,9075	101,0665
2018-09-22	17:00	6693,05	6728	6686,25	6697,99	LONG	0,00167	5982,92	0,00334	HOLD	99,9075	101,0716
2018-09-22	18:00	6697,51	6714,94	6660	6666,78	LONG	0,00167	5982,92	0,00334	HOLD	99,9075	101,0194
2018-09-22	19:00	6664,13	6714,65	6655,55	6685	LONG	0,00167	5982,92	0,00334	HOLD	99,9075	101,0499
2018-09-22	20:00	6689,47	6707,97	6670,98	6692,51	LONG	0,00167	5982,92	0,00334	HOLD	99,9075	101,0624
2018-09-22	21:00	6692,08	6696,99	6659,47	6671,6	LONG	0,00167	5982,92	0,00334	HOLD	99,9075	101,0275
2018-09-22	22:00	6671,6	6698	6648,23	6685,21	LONG	0,00167	5982,92	0,00334	HOLD	99,9075	101,0502
2018-09-22	23:00	6687,47	6696,78	6671,77	6674,4	LONG	0,00167	5982,92	0,00334	HOLD	99,9075	101,0322
2018-09-23	00:00	6671,84	6690	6671,84	6685	LONG	0,00167	5982,92	0,00334	HOLD	99,9075	101,0499
2018-09-23	01:00	6685	6760	6640	6741,98	LONG	0,00167	5982,92	0,00334	HOLD	99,9075	101,145
2018-09-23	02:00	6741,97	6743,87	6714	6725,54	LONG	0,00167	5982,92	0,00334	HOLD	99,9075	101,1176
2018-09-23	03:00	6727,76	6742,55	6714,52	6721,9	LONG	0,00167	5982,92	0,00334	HOLD	99,9075	101,1115
2018-09-23	04:00	6720,01	6727,06	6692	6702,7	LONG	0,00167	5982,92	0,00334	HOLD	99,9075	101,0794
2018-09-23	05:00	6702,72	6720	6686,74	6709,17	LONG	0,00167	5982,92	0,00334	HOLD	99,9075	101,0902
2018-09-23	06:00	6709,16	6735	6695,24	6723,05	LONG	0,00167	5982,92	0,00334	HOLD	99,9075	101,1134
2018-09-23	07:00	6723,05	6740	6705,36	6717,3	LONG	0,00167	5982,92	0,00334	HOLD	99,9075	101,1038
2018-09-23	08:00	6712,87	6719,92	6683	6692,59	LONG	0,00167	5982,92	0,00334	HOLD	99,9075	101,0625
2018-09-23	09:00	6692,59	6714,51	6691,41	6699,01	LONG	0,00167	5982,92	0,00334	HOLD	99,9075	101,0733
2018-09-23	10:00	6700,17	6720	6699	6711,6	LONG	0,00167	5982,92	0,00334	HOLD	99,9075	101,0943
2018-09-23	11:00	6711,6	6740	6711,26	6728,44	LONG	0,00167	5982,92	0,00334	HOLD	99,9075	101,1224
2018-09-23	12:00	6728,82	6745,55	6716,49	6729,1	LONG	0,00167	5982,92	0,00334	HOLD	99,9075	101,1235
2018-09-23	13:00	6729,11	6735,53	6702,8	6707,55	LONG	0,00167	5982,92	0,00334	HOLD	99,9075	101,0875
2018-09-23	14:00	6706,08	6731,05	6703,43	6721,4	LONG	0,00167	5982,92	0,00334	HOLD	99,9075	101,1106
2018-09-23	15:00	6721,87	6748,3	6720	6733,31	LONG	0,00167	5982,92	0,00334	HOLD	99,9075	101,1305
2018-09-23	16:00	6735,06	6788,23	6729,6	6773,47	LONG	0,00167	5982,92	0,00334	HOLD	99,9075	101,1976
2018-09-23	17:00	6772	6780,34	6750	6767,5	LONG	0,00167	5982,92	0,00334	HOLD	99,9075	101,1876
2018-09-23	18:00	6767,42	6777,13	6746,58	6747,24	LONG	0,00167	5982,92	0,00334	HOLD	99,9075	101,1538
2018-09-23	19:00	6747,27	6755,48	6718	6738,8	LONG	0,00167	5982,92	0,00334	HOLD	99,9075	101,1397
2018-09-23	20:00	6738,8	6739,99	6725	6734	LONG	0,00167	5982,92	0,00334	HOLD	99,9075	101,1317
2018-09-23	21:00	6734,99	6751,39	6669,95	6696,01	LONG	0,00167	5982,92	0,00334	HOLD	99,9075	101,0682
2018-09-23	22:00	6696,01	6710,27	6661,75	6685,94	LONG	0,00167	5982,92	0,00334	HOLD	99,9075	101,0514
2018-09-23	23:00	6685,93	6707,17	6669,86	6693,28	LONG	0,00167	5982,92	0,00334	HOLD	99,9075	101,0637
2018-09-24	00:00	6693,28	6704,96	6684,89	6688,59	LONG	0,00167	5982,92	0,00334	HOLD	99,9075	101,0559
2018-09-24	01:00	6688,6	6710	6676,8	6707,4	LONG	0,00167	5982,92	0,00334	HOLD	99,9075	101,0873
2018-09-24	02:00	6707,37	6707,37	6682,2	6693,3	LONG	0,00167	5982,92	0,00334	HOLD	99,9075	101,0637
2018-09-24	03:00	6693,3	6698	6677,77	6684,78	LONG	0,00167	5982,92	0,00334	HOLD	99,9075	101,0495
2018-09-24	04:00	6684,76	6691,05	6670	6689,02	LONG	0,00167	5982,92	0,00334	HOLD	99,9075	101,0566
2018-09-24	05:00	6689,46	6725	6680	6718,22	LONG	0,00167	5982,92	0,00334	HOLD	99,9075	101,1053
2018-09-24	06:00	6723,5	6723,5	6702,09	6708	LONG	0,00167	5982,92	0,00334	HOLD	99,9075	101,0883
2018-09-24	07:00	6706,81	6709,82	6682,27	6695,6	LONG	0,00167	5982,92	0,00334	HOLD	99,9075	101,0676
2018-09-24	08:00	6695,61	6730	6692,01	6719	LONG	0,00167	5982,92	0,00334	HOLD	99,9075	101,1066
2018-09-24	09:00	6718,96	6726,99	6706,58	6706,67	LONG	0,00167	5982,92	0,00334	HOLD	99,9075	101,086
2018-09-24	10:00	6709,34	6728,53	6705,54	6719,66	LONG	0,00167	5982,92	0,00334	HOLD	99,9075	101,1077
2018-09-24	11:00	6719,68	6722,01	6689	6705,17	LONG	0,00167	5982,92	0,00334	HOLD	99,9075	101,0835
2018-09-24	12:00	6705,22	6705,36	6670,8	6687,76	LONG	0,00167	5982,92	0,00334	HOLD	99,9075	101,0545
2018-09-24	13:00	6687,76	6690	6609	6642,79	LONG	0,00167	5982,92	0,00334	HOLD	99,9075	100,9794
2018-09-24	14:00	6644,98	6693,3	6640,03	6677,92	LONG	0,00167	5982,92	0,00334	HOLD	99,9075	101,038
2018-09-24	15:00	6677,9	6677,9	6630,22	6633,27	LONG	0,00167	5982,92	0,00334	HOLD	99,9075	100,9635
2018-09-24	16:00	6633,26	6651,02	6578	6603,15	LONG	0,00167	5982,92	0,00334	HOLD	99,9075	100,9132
2018-09-24	17:00	6604,08	6631,03	6596,06	6617,74	LONG	0,00167	5982,92	0,00334	HOLD	99,9075	100,9375
2018-09-24	18:00	6616,74	6618,9	6563,14	6576,98	LONG	0,00167	5982,92	0,00334	HOLD	99,9075	100,8695
2018-09-24	19:00	6577,05	6642,99	6573	6629,96	LONG	0,00167	5982,92	0,00334	HOLD	99,9075	100,9579
2018-09-24	20:00	6629,96	6631,5	6595,1	6627,99	LONG	0,00167	5982,92	0,00334	HOLD	99,9075	100,9547
2018-09-24	21:00	6626,02	6634,52	6594,29	6615,02	LONG	0,00167	5982,92	0,00334	HOLD	99,9075	100,933
2018-09-24	22:00	6614,27	6624,59	6594,18	6605,02	LONG	0,00167	5982,92	0,00334	HOLD	99,9075	100,9163
2018-09-24	23:00	6609,94	6625,86	6595	6612,96	LONG	0,00167	5982,92	0,00334	HOLD	99,9075	100,9296
2018-09-25	00:00	6612,96	6654,04	6610,35	6650,01	LONG	0,00167	5982,92	0,00334	HOLD	99,9075	100,9914
2018-09-25	01:00	6650,02	6666	6639	6645,15	LONG	0,00167	5982,92	0,00334	HOLD	99,9075	100,9833
2018-09-25	02:00	6645,15	6650	6616,73	6619,9	LONG	0,00167	5982,92	0,00334	HOLD	99,9075	100,9411
2018-09-25	03:00	6619,9	6645,98	6614,01	6636,01	LONG	0,00167	5982,92	0,00334	HOLD	99,9075	100,968
2018-09-25	04:00	6636,01	6639	6615,42	6620,1	LONG	0,00167	5982,92	0,00334	HOLD	99,9075	100,9415
2018-09-25	05:00	6619,55	6620,99	6574,54	6593,72	LONG	0,00167	5982,92	0,00334	HOLD	99,9075	100,8974
2018-09-25	06:00	6593,72	6596,99	6557	6581,39	LONG	0,00167	5982,92	0,00334	HOLD	99,9075	100,8768
2018-09-25	07:00	6581,42	6584,01	6506,16	6518,16	LONG	0,00167	5982,92	0,00334	HOLD	99,9075	100,7712
2018-09-25	08:00	6518,16	6520	6425,65	6441,91	LONG	0,00167	5982,92	0,00334	HOLD	99,9075	100,6439
2018-09-25	09:00	6438,27	6446,31	6403	6434,05	LONG	0,00167	5982,92	0,00334	HOLD	99,9075	100,6308
2018-09-25	10:00	6434,64	6484,42	6430,02	6468,18	LONG	0,00167	5982,92	0,00334	HOLD	99,9075	100,6878
2018-09-25	11:00	6467,05	6484,68	6454,17	6455,01	LONG	0,00167	5982,92	0,00334	HOLD	99,9075	100,6658
2018-09-25	12:00	6455,93	6473,95	6446,44	6467,49	LONG	0,00167	5982,92	0,00334	HOLD	99,9075	100,6866
2018-09-25	13:00	6467,55	6474	6411	6423,81	LONG	0,00167	5982,92	0,00334	HOLD	99,9075	100,6137
2018-09-25	14:00	6423,82	6446,77	6367	6382,89	LONG	0,00167	5982,92	0,00334	HOLD	99,9075	100,5453
2018-09-25	15:00	6379,99	6427,2	6373,57	6413,96	LONG	0,00167	5982,92	0,00334	HOLD	99,9075	100,5972
2018-09-25	16:00	6411,15	6433,92	6390,02	6424,02	LONG	0,00167	5982,92	0,00334	HOLD	99,9075	100,614
2018-09-25	17:00	6425,82	6435,14	6393,4	6410,06	LONG	0,00167	5982,92	0,00334	HOLD	99,9075	100,5907
2018-09-25	18:00	6416,42	6419	6371	6407,99	LONG	0,00167	5982,92	0,00334	HOLD	99,9075	100,5873
2018-09-25	19:00	6409,98	6456,9	6391,72	6443,23	LONG	0,00167	5982,92	0,00334	HOLD	99,9075	100,6461
2018-09-25	20:00	6444,11	6446,2	6418,02	6422,64	LONG	0,00167	5982,92	0,00334	HOLD	99,9075	100,6117
2018-09-25	21:00	6424,83	6436	6388,05	6424,97	LONG	0,00167	5982,92	0,00334	HOLD	99,9075	100,6156
2018-09-25	22:00	6423,08	6430	6356	6403	LONG	0,00167	5982,92	0,00334	HOLD	99,9075	100,5789
2018-09-25	23:00	6403	6430	6388	6389,08	LONG	0,00167	5982,92	0,00334	HOLD	99,9075	100,5557
2018-09-26	00:00	6389,08	6405	6360,8	6387,2	LONG	0,00167	5982,92	0,00334	HOLD	99,9075	100,5525
2018-09-26	01:00	6389,17	6395	6325,02	6347,58	LONG	0,00167	5982,92	0,00334	HOLD	99,9075	100,4864
2018-09-26	02:00	6348	6383	6345,85	6363,92	LONG	0,00167	5982,92	0,00334	HOLD	99,9075	100,5137
2018-09-26	03:00	6362,91	6431	6361,89	6393,54	LONG	0,00167	5982,92	0,00334	HOLD	99,9075	100,5631
2018-09-26	04:00	6393,54	6411	6381	6397,98	LONG	0,00167	5982,92	0,00334	HOLD	99,9075	100,5705
2018-09-26	05:00	6396,35	6421	6373	6398,47	LONG	0,00167	5982,92	0,00334	HOLD	99,9075	100,5714
2018-09-26	06:00	6395,39	6448	6384,09	6447,54	LONG	0,00167	5982,92	0,00334	HOLD	99,9075	100,6533
2018-09-26	07:00	6445,11	6447,5	6400,91	6409,99	LONG	0,00167	5982,92	0,00334	HOLD	99,9075	100,5906
2018-09-26	08:00	6409,99	6423,17	6380,88	6403,55	LONG	0,00167	5982,92	0,00334	HOLD	99,9075	100,5798
2018-09-26	09:00	6403,54	6415	6393,57	6400,59	LONG	0,00167	5982,92	0,00334	HOLD	99,9075	100,5749
2018-09-26	10:00	6400,57	6408,63	6379,7	6390,5	LONG	0,00167	5982,92	0,00334	HOLD	99,9075	100,558
2018-09-26	11:00	6390,5	6409,63	6385	6409,01	LONG	0,00167	5982,92	0,00334	HOLD	99,9075	100,589
2018-09-26	12:00	6409	6476,87	6404,31	6446,83	LONG	0,00167	5982,92	0,00334	HOLD	99,9075	100,6521
2018-09-26	13:00	6446,84	6457,17	6426,8	6444,82	LONG	0,00167	5982,92	0,00334	HOLD	99,9075	100,6488
2018-09-26	14:00	6440,75	6475	6415	6455,83	LONG	0,00167	5982,92	0,00334	HOLD	99,9075	100,6671
2018-09-26	15:00	6455,88	6465,83	6429	6449,23	LONG	0,00167	5982,92	0,00334	HOLD	99,9075	100,6561
2018-09-26	16:00	6450,51	6466,8	6434,16	6464,18	LONG	0,00167	5982,92	0,00334	HOLD	99,9075	100,6811
2018-09-26	17:00	6464,18	6480	6455,99	6471,67	LONG	0,00167	5982,92	0,00334	HOLD	99,9075	100,6936
2018-09-26	18:00	6471,62	6532,57	6460	6528,58	LONG	0,00167	5982,92	0,00334	HOLD	99,9075	100,7886
2018-09-26	19:00	6528,64	6535	6488,91	6494,24	LONG	0,00167	5982,92	0,00334	HOLD	99,9075	100,7313
2018-09-26	20:00	6494,23	6515,24	6455,22	6481,78	LONG	0,00167	5982,92	0,00334	HOLD	99,9075	100,7105
2018-09-26	21:00	6480,7	6545	6480,7	6520,21	LONG	0,00167	5982,92	0,00334	HOLD	99,9075	100,7747
2018-09-26	22:00	6521,31	6557,81	6502,17	6544,51	LONG	0,00167	5982,92	0,00334	HOLD	99,9075	100,8152
2018-09-26	23:00	6542,55	6557,99	6516	6529,37	LONG	0,00167	5982,92	0,00334	HOLD	99,9075	100,79
2018-09-27	00:00	6529,37	6547	6517	6536,44	LONG	0,00167	5982,92	0,00334	HOLD	99,9075	100,8018
2018-09-27	01:00	6536,44	6545,32	6516	6520,01	LONG	0,00167	5982,92	0,00334	HOLD	99,9075	100,7743
2018-09-27	02:00	6520,01	6520,02	6485,48	6492,11	LONG	0,00167	5982,92	0,00334	HOLD	99,9075	100,7277
2018-09-27	03:00	6490,43	6515	6486,45	6510	LONG	0,00167	5982,92	0,00334	HOLD	99,9075	100,7576
2018-09-27	04:00	6509,99	6510	6455,23	6476,81	LONG	0,00167	5982,92	0,00334	HOLD	99,9075	100,7022
2018-09-27	05:00	6476,8	6478,86	6430	6469,87	LONG	0,00167	5982,92	0,00334	HOLD	99,9075	100,6906
2018-09-27	06:00	6465,71	6493	6457,38	6465,12	LONG	0,00167	5982,92	0,00334	HOLD	99,9075	100,6827
2018-09-27	07:00	6467,84	6515	6465	6508,03	LONG	0,00167	5982,92	0,00334	HOLD	99,9075	100,7543
2018-09-27	08:00	6508,04	6530	6491,2	6495,01	LONG	0,00167	5982,92	0,00334	HOLD	99,9075	100,7326
2018-09-27	09:00	6497,78	6510	6480,9	6509,1	LONG	0,00167	5982,92	0,00334	HOLD	99,9075	100,7561
2018-09-27	10:00	6506	6517,49	6487	6508,47	LONG	0,00167	5982,92	0,00334	HOLD	99,9075	100,7551
2018-09-27	11:00	6510,99	6518,4	6474	6482,51	LONG	0,00167	5982,92	0,00334	HOLD	99,9075	100,7117
2018-09-27	12:00	6484,69	6499,25	6476	6476,28	LONG	0,00167	5982,92	0,00334	HOLD	99,9075	100,7013
2018-09-27	13:00	6476,28	6486,76	6454,01	6482,9	LONG	0,00167	5982,92	0,00334	HOLD	99,9075	100,7124
2018-09-27	14:00	6483,26	6487,81	6450	6461,17	LONG	0,00167	5982,92	0,00334	HOLD	99,9075	100,6761
2018-09-27	15:00	6460,01	6467	6434	6465	LONG	0,00167	5982,92	0,00334	HOLD	99,9075	100,6825
2018-09-27	16:00	6465	6487,54	6453,82	6471,53	LONG	0,00167	5982,92	0,00334	HOLD	99,9075	100,6934
2018-09-27	17:00	6469,75	6491	6464,11	6473,71	LONG	0,00167	5982,92	0,00334	HOLD	99,9075	100,697
2018-09-27	18:00	6473,72	6513,63	6463	6489,87	LONG	0,00167	5982,92	0,00334	HOLD	99,9075	100,724
2018-09-27	19:00	6488,93	6539	6486,01	6518,29	LONG	0,00167	5982,92	0,00334	HOLD	99,9075	100,7715
2018-09-27	20:00	6518,29	6540	6502,06	6512,59	LONG	0,00167	5982,92	0,00334	HOLD	99,9075	100,7619
2018-09-27	21:00	6512,59	6534,9	6493	6516,77	LONG	0,00167	5982,92	0,00334	HOLD	99,9075	100,7689
2018-09-27	22:00	6517,52	6520,97	6483,57	6498,97	LONG	0,00167	5982,92	0,00334	HOLD	99,9075	100,7392
2018-09-27	23:00	6498,97	6522	6487,65	6510,04	LONG	0,00167	5982,92	0,00334	HOLD	99,9075	100,7577
2018-09-28	00:00	6510,03	6523,09	6496,81	6509,85	LONG	0,00167	5982,92	0,00334	HOLD	99,9075	100,7574
2018-09-28	01:00	6513,61	6538	6505,1	6526,98	LONG	0,00167	5982,92	0,00334	HOLD	99,9075	100,786
2018-09-28	02:00	6526,09	6684	6510,69	6669,36	LONG	0,00167	5982,92	0,00334	HOLD	99,9075	101,0237
2018-09-28	03:00	6669,36	6750	6663,3	6690,69	LONG	0,00167	5982,92	0,00334	HOLD	99,9075	101,0594
2018-09-28	04:00	6687,7	6730	6685,01	6719,57	LONG	0,00167	5982,92	0,00334	HOLD	99,9075	101,1076
2018-09-28	05:00	6719,57	6721,21	6666,2	6674,87	LONG	0,00167	5982,92	0,00334	HOLD	99,9075	101,0329
2018-09-28	06:00	6674,87	6700	6672	6689,13	LONG	0,00167	5982,92	0,00334	HOLD	99,9075	101,0568
2018-09-28	07:00	6689,12	6719,97	6687,02	6710	LONG	0,00167	5982,92	0,00334	HOLD	99,9075	101,0916
2018-09-28	08:00	6710,07	6724	6691	6722,01	LONG	0,00167	5982,92	0,00334	HOLD	99,9075	101,1117
2018-09-28	09:00	6723,79	6736,4	6697	6697	LONG	0,00167	5982,92	0,00334	HOLD	99,9075	101,0699
2018-09-28	10:00	6698,67	6706,65	6680	6702,26	LONG	0,00167	5982,92	0,00334	HOLD	99,9075	101,0787
2018-09-28	11:00	6702,26	6725	6687	6715,67	LONG	0,00167	5982,92	0,00334	HOLD	99,9075	101,1011
2018-09-28	12:00	6715,66	6722,91	6703,19	6720,5	LONG	0,00167	5982,92	0,00334	HOLD	99,9075	101,1091
2018-09-28	13:00	6720,45	6777	6708,19	6735,03	LONG	0,00167	5982,92	0,00334	HOLD	99,9075	101,1334
2018-09-28	14:00	6735,02	6814,8	6735,02	6788,99	LONG	0,00167	5982,92	0,00334	HOLD	99,9075	101,2235
2018-09-28	15:00	6786,71	6787,73	6720	6731,65	LONG	0,00167	5982,92	0,00334	HOLD	99,9075	101,1278
2018-09-28	16:00	6731,77	6736,99	6580	6657,57	LONG	0,00167	5982,92	0,00334	HOLD	99,9075	101,0041
2018-09-28	17:00	6657,56	6675,05	6627,73	6654,84	LONG	0,00167	5982,92	0,00334	HOLD	99,9075	100,9995
2018-09-28	18:00	6649,6	6675	6634,84	6657,73	LONG	0,00167	5982,92	0,00334	HOLD	99,9075	101,0043
2018-09-28	19:00	6657,73	6664,7	6587	6608,9	LONG	0,00167	5982,92	0,00334	HOLD	99,9075	100,9228
2018-09-28	20:00	6608,86	6666	6582	6654,91	LONG	0,00167	5982,92	0,00334	HOLD	99,9075	100,9996
2018-09-28	21:00	6652,7	6695,86	6632,95	6664,38	LONG	0,00167	5982,92	0,00334	HOLD	99,9075	101,0154
2018-09-28	22:00	6666,97	6686,28	6636,64	6672,99	LONG	0,00167	5982,92	0,00334	HOLD	99,9075	101,0298
2018-09-28	23:00	6673	6675,46	6636	6655,19	LONG	0,00167	5982,92	0,00334	HOLD	99,9075	101,0001
2018-09-29	00:00	6657,97	6676,44	6652,59	6656,27	LONG	0,00167	5982,92	0,00334	HOLD	99,9075	101,0019
2018-09-29	01:00	6656,27	6660,09	6640,01	6650,21	LONG	0,00167	5982,92	0,00334	HOLD	99,9075	100,9918
2018-09-29	02:00	6650,26	6700	6540,88	6684	LONG	0,00167	5982,92	0,00334	HOLD	99,9075	101,0482
2018-09-29	03:00	6683,99	6686,51	6627	6659,01	LONG	0,00167	5982,92	0,00334	HOLD	99,9075	101,0065
2018-09-29	04:00	6655,92	6667,34	6619,63	6652,35	LONG	0,00167	5982,92	0,00334	HOLD	99,9075	100,9953
2018-09-29	05:00	6650,37	6663	6614,13	6633,81	LONG	0,00167	5982,92	0,00334	HOLD	99,9075	100,9644
2018-09-29	06:00	6630,93	6654,54	6615,84	6634,58	LONG	0,00167	5982,92	0,00334	HOLD	99,9075	100,9657
2018-09-29	07:00	6634,58	6634,58	6590	6624,48	LONG	0,00167	5982,92	0,00334	HOLD	99,9075	100,9488
2018-09-29	08:00	6623	6626	6490	6490,01	LONG	0,00167	5982,92	0,00334	HOLD	99,9075	100,7242
2018-09-29	09:00	6490,03	6535,54	6490	6514,99	LONG	0,00167	5982,92	0,00334	HOLD	99,9075	100,7659
2018-09-29	10:00	6514,01	6528,24	6490	6500,89	LONG	0,00167	5982,92	0,00334	HOLD	99,9075	100,7424
2018-09-29	11:00	6503,82	6517,04	6477,3	6509	LONG	0,00167	5982,92	0,00334	HOLD	99,9075	100,7559
2018-09-29	12:00	6509,01	6518,35	6500	6505,54	LONG	0,00167	5982,92	0,00334	HOLD	99,9075	100,7502
2018-09-29	13:00	6507,57	6518,36	6464,57	6513,97	LONG	0,00167	5982,92	0,00334	HOLD	99,9075	100,7642
2018-09-29	14:00	6513,01	6557	6500,59	6545,81	LONG	0,00167	5982,92	0,00334	HOLD	99,9075	100,8174
2018-09-29	15:00	6549,04	6570	6530,74	6541,1	LONG	0,00167	5982,92	0,00334	HOLD	99,9075	100,8095
2018-09-29	16:00	6539,57	6597	6534,66	6554,99	LONG	0,00167	5982,92	0,00334	HOLD	99,9075	100,8327
2018-09-29	17:00	6552,45	6583,17	6543,85	6563,91	LONG	0,00167	5982,92	0,00334	HOLD	99,9075	100,8476
2018-09-29	18:00	6563,91	6620	6555,25	6584,96	LONG	0,00167	5982,92	0,00334	HOLD	99,9075	100,8828
2018-09-29	19:00	6584,96	6605	6565,94	6583	LONG	0,00167	5982,92	0,00334	HOLD	99,9075	100,8795
2018-09-29	20:00	6582,49	6600,49	6555,83	6569,86	LONG	0,00167	5982,92	0,00334	HOLD	99,9075	100,8576
2018-09-29	21:00	6569,87	6577,77	6541,14	6561,48	LONG	0,00167	5982,92	0,00334	HOLD	99,9075	100,8436
2018-09-29	22:00	6561,59	6609,92	6561,48	6589,01	LONG	0,00167	5982,92	0,00334	HOLD	99,9075	100,8896
2018-09-29	23:00	6589,01	6596,3	6550,83	6559,96	LONG	0,00167	5982,92	0,00334	HOLD	99,9075	100,841
2018-09-30	00:00	6560	6603,92	6557,58	6593	LONG	0,00167	5982,92	0,00334	HOLD	99,9075	100,8962
2018-09-30	01:00	6593	6607,03	6577,13	6592,03	LONG	0,00167	5982,92	0,00334	HOLD	99,9075	100,8946
2018-09-30	02:00	6592,02	6600	6580,35	6588,59	LONG	0,00167	5982,92	0,00334	HOLD	99,9075	100,8889
2018-09-30	03:00	6588,64	6615	6581,31	6595,05	LONG	0,00167	5982,92	0,00334	HOLD	99,9075	100,8996
2018-09-30	04:00	6595,1	6600	6577,55	6598,93	LONG	0,00167	5982,92	0,00334	HOLD	99,9075	100,9061
2018-09-30	05:00	6598,97	6617,99	6589,99	6606,54	LONG	0,00167	5982,92	0,00334	HOLD	99,9075	100,9188
2018-09-30	06:00	6609,4	6636	6579,47	6596,38	LONG	0,00167	5982,92	0,00334	HOLD	99,9075	100,9019
2018-09-30	07:00	6597,66	6597,66	6557,7	6577,3	LONG	0,00167	5982,92	0,00334	HOLD	99,9075	100,87
2018-09-30	08:00	6577,31	6607,43	6570,2	6595,48	LONG	0,00167	5982,92	0,00334	HOLD	99,9075	100,9004
2018-09-30	09:00	6595,47	6602	6570	6575,16	LONG	0,00167	5982,92	0,00334	HOLD	99,9075	100,8664
2018-09-30	10:00	6574,54	6584,24	6570	6580	LONG	0,00167	5982,92	0,00334	HOLD	99,9075	100,8745
2018-09-30	11:00	6576,34	6581,99	6552,44	6552,49	LONG	0,00167	5982,92	0,00334	HOLD	99,9075	100,8286
2018-09-30	12:00	6552,49	6575,93	6542,48	6564,03	LONG	0,00167	5982,92	0,00334	HOLD	99,9075	100,8478
2018-09-30	13:00	6565	6594,01	6564,02	6583,68	LONG	0,00167	5982,92	0,00334	HOLD	99,9075	100,8807
2018-09-30	14:00	6584,29	6602,44	6571	6577,75	LONG	0,00167	5982,92	0,00334	HOLD	99,9075	100,8708
2018-09-30	15:00	6577,77	6592,51	6575,32	6588,03	LONG	0,00167	5982,92	0,00334	HOLD	99,9075	100,8879
2018-09-30	16:00	6588,03	6605,99	6575,52	6587,74	LONG	0,00167	5982,92	0,00334	HOLD	99,9075	100,8874
2018-09-30	17:00	6587,74	6653,82	6582,2	6637,98	LONG	0,00167	5982,92	0,00334	HOLD	99,9075	100,9713
2018-09-30	18:00	6637,98	6662	6621,22	6627,93	LONG	0,00167	5982,92	0,00334	HOLD	99,9075	100,9546
2018-09-30	19:00	6634,4	6645,05	6617,31	6632	LONG	0,00167	5982,92	0,00334	HOLD	99,9075	100,9614
2018-09-30	20:00	6632,59	6647	6627,82	6642,03	LONG	0,00167	5982,92	0,00334	HOLD	99,9075	100,9781
2018-09-30	21:00	6642,01	6660,54	6635	6653,3	LONG	0,00167	5982,92	0,00334	HOLD	99,9075	100,9969
2018-09-30	22:00	6650,58	6653,25	6585,94	6607,29	LONG	0,00167	5982,92	0,00334	HOLD	99,9075	100,9201
2018-09-30	23:00	6605,16	6629,95	6592	6624,91	LONG	0,00167	5982,92	0,00334	HOLD	99,9075	100,9495
2018-10-01	00:00	6624,9	6629,95	6609,7	6619,7	LONG	0,00167	5982,92	0,00334	HOLD	99,9075	100,9408
2018-10-01	01:00	6621,2	6640,32	6619,7	6624,03	LONG	0,00167	5982,92	0,00334	HOLD	99,9075	100,948
2018-10-01	02:00	6624,07	6635,18	6600	6603,95	LONG	0,00167	5982,92	0,00334	HOLD	99,9075	100,9145
2018-10-01	03:00	6604,01	6609,75	6533	6580,85	LONG	0,00167	5982,92	0,00334	HOLD	99,9075	100,8759
2018-10-01	04:00	6584,99	6595	6567,83	6590,01	LONG	0,00167	5982,92	0,00334	HOLD	99,9075	100,8912
2018-10-01	05:00	6591,45	6644,99	6580	6634,98	LONG	0,00167	5982,92	0,00334	HOLD	99,9075	100,9663
2018-10-01	06:00	6638,61	6650	6610,31	6626,57	LONG	0,00167	5982,92	0,00334	HOLD	99,9075	100,9523
2018-10-01	07:00	6626,57	6656,8	6620,77	6647,88	LONG	0,00167	5982,92	0,00334	HOLD	99,9075	100,9879
2018-10-01	08:00	6648,92	6667,09	6629,51	6637,85	LONG	0,00167	5982,92	0,00334	HOLD	99,9075	100,9711
2018-10-01	09:00	6637,89	6657,19	6633,05	6644,72	LONG	0,00167	5982,92	0,00334	HOLD	99,9075	100,9826
2018-10-01	10:00	6641,12	6663,1	6641,12	6644,61	LONG	0,00167	5982,92	0,00334	HOLD	99,9075	100,9824
2018-10-01	11:00	6644,6	6661,58	6625,86	6641,94	LONG	0,00167	5982,92	0,00334	HOLD	99,9075	100,978
2018-10-01	12:00	6641,94	6641,94	6613,6	6629,12	LONG	0,00167	5982,92	0,00334	HOLD	99,9075	100,9565
2018-10-01	13:00	6629,12	6644,88	6604,82	6635	LONG	0,00167	5982,92	0,00334	HOLD	99,9075	100,9664
2018-10-01	14:00	6635	6639,55	6604,1	6604,81	LONG	0,00167	5982,92	0,00334	HOLD	99,9075	100,9159
2018-10-01	15:00	6604,81	6636,26	6600	6631,93	LONG	0,00167	5982,92	0,00334	HOLD	99,9075	100,9612
2018-10-01	16:00	6631,93	6635,88	6610,26	6615,07	LONG	0,00167	5982,92	0,00334	HOLD	99,9075	100,9331
2018-10-01	17:00	6611,79	6629,27	6582	6583,33	LONG	0,00167	5982,92	0,00334	HOLD	99,9075	100,8801
2018-10-01	18:00	6585,03	6609	6558,09	6595	LONG	0,00167	5982,92	0,00334	HOLD	99,9075	100,8996
2018-10-01	19:00	6595	6614,48	6574,2	6604	LONG	0,00167	5982,92	0,00334	HOLD	99,9075	100,9146
2018-10-01	20:00	6603,99	6616,03	6560	6565	LONG	0,00167	5982,92	0,00334	HOLD	99,9075	100,8495
2018-10-01	21:00	6565	6582	6510	6567,97	LONG	0,00167	5982,92	0,00334	HOLD	99,9075	100,8544
2018-10-01	22:00	6566,99	6575	6551,17	6569,92	LONG	0,00167	5982,92	0,00334	HOLD	99,9075	100,8577
2018-10-01	23:00	6567,54	6603,41	6541	6592	LONG	0,00167	5982,92	0,00334	HOLD	99,9075	100,8946
2018-10-02	00:00	6592,03	6606,68	6580,73	6590,25	LONG	0,00167	5982,92	0,00334	HOLD	99,9075	100,8916
2018-10-02	01:00	6590,24	6610,16	6577,12	6592,82	LONG	0,00167	5982,92	0,00334	HOLD	99,9075	100,8959
2018-10-02	02:00	6591	6596,37	6563,45	6587,91	LONG	0,00167	5982,92	0,00334	HOLD	99,9075	100,8877
2018-10-02	03:00	6587,91	6595,33	6579,3	6581,13	LONG	0,00167	5982,92	0,00334	HOLD	99,9075	100,8764
2018-10-02	04:00	6580,01	6630	6575,03	6600,01	LONG	0,00167	5982,92	0,00334	HOLD	99,9075	100,9079
2018-10-02	05:00	6601,19	6612,12	6583,8	6594,38	LONG	0,00167	5982,92	0,00334	HOLD	99,9075	100,8985
2018-10-02	06:00	6594,4	6618,64	6575	6611,61	LONG	0,00167	5982,92	0,00334	HOLD	99,9075	100,9273
2018-10-02	07:00	6610	6618,69	6588,33	6589,96	LONG	0,00167	5982,92	0,00334	HOLD	99,9075	100,8911
2018-10-02	08:00	6589,95	6640	6584,17	6617	LONG	0,00167	5982,92	0,00334	HOLD	99,9075	100,9363
2018-10-02	09:00	6616,99	6625,24	6605	6620,05	LONG	0,00167	5982,92	0,00334	HOLD	99,9075	100,9414
2018-10-02	10:00	6620,05	6623	6602,87	6606,02	LONG	0,00167	5982,92	0,00334	HOLD	99,9075	100,918
2018-10-02	11:00	6605,99	6619,99	6602,87	6617,96	LONG	0,00167	5982,92	0,00334	HOLD	99,9075	100,9379
2018-10-02	12:00	6613,5	6622	6613,1	6616,37	LONG	0,00167	5982,92	0,00334	HOLD	99,9075	100,9352
2018-10-02	13:00	6619,83	6623,33	6591,27	6606	LONG	0,00167	5982,92	0,00334	HOLD	99,9075	100,9179
2018-10-02	14:00	6606,27	6608,01	6591,27	6606,86	LONG	0,00167	5982,92	0,00334	HOLD	99,9075	100,9194
2018-10-02	15:00	6604,13	6616,5	6594,01	6602,06	LONG	0,00167	5982,92	0,00334	HOLD	99,9075	100,9114
2018-10-02	16:00	6602,09	6607,12	6578	6581,98	LONG	0,00167	5982,92	0,00334	HOLD	99,9075	100,8778
2018-10-02	17:00	6580,11	6599,72	6560	6590,99	LONG	0,00167	5982,92	0,00334	HOLD	99,9075	100,8929
2018-10-02	18:00	6590,99	6594,32	6570	6572,01	LONG	0,00167	5982,92	0,00334	HOLD	99,9075	100,8612
2018-10-02	19:00	6572,48	6600	6553	6577,68	LONG	0,00167	5982,92	0,00334	HOLD	99,9075	100,8706
2018-10-02	20:00	6577,78	6585	6552,47	6574,01	LONG	0,00167	5982,92	0,00334	HOLD	99,9075	100,8645
2018-10-02	21:00	6576,37	6584,16	6532	6548,73	LONG	0,00167	5982,92	0,00334	HOLD	99,9075	100,8223
2018-10-02	22:00	6549	6570	6535	6555,8	LONG	0,00167	5982,92	0,00334	HOLD	99,9075	100,8341
2018-10-02	23:00	6560,8	6566,99	6522	6541,07	LONG	0,00167	5982,92	0,00334	HOLD	99,9075	100,8095
2018-10-03	00:00	6543,54	6561,72	6494	6543,63	LONG	0,00167	5982,92	0,00334	HOLD	99,9075	100,8138
2018-10-03	01:00	6542	6573,8	6533,82	6572,01	LONG	0,00167	5982,92	0,00334	HOLD	99,9075	100,8612
2018-10-03	02:00	6571,03	6585,36	6556	6564,11	LONG	0,00167	5982,92	0,00334	HOLD	99,9075	100,848
2018-10-03	03:00	6562,69	6576,77	6551,89	6562,28	LONG	0,00167	5982,92	0,00334	HOLD	99,9075	100,8449
2018-10-03	04:00	6561,16	6571,42	6551	6570,22	LONG	0,00167	5982,92	0,00334	HOLD	99,9075	100,8582
2018-10-03	05:00	6570,22	6586	6566,14	6577,28	LONG	0,00167	5982,92	0,00334	HOLD	99,9075	100,87
2018-10-03	06:00	6577,28	6581,34	6510,08	6525,79	LONG	0,00167	5982,92	0,00334	HOLD	99,9075	100,784
2018-10-03	07:00	6525,79	6549	6508	6544,31	LONG	0,00167	5982,92	0,00334	HOLD	99,9075	100,8149
2018-10-03	08:00	6544,25	6544,29	6513,6	6528,01	LONG	0,00167	5982,92	0,00334	HOLD	99,9075	100,7877
2018-10-03	09:00	6528,01	6535,7	6479,35	6500,1	LONG	0,00167	5982,92	0,00334	HOLD	99,9075	100,7411
2018-10-03	10:00	6500,09	6503,09	6430	6462,09	LONG	0,00167	5982,92	0,00334	HOLD	99,9075	100,6776
2018-10-03	11:00	6464	6482,6	6441,86	6462,34	LONG	0,00167	5982,92	0,00334	HOLD	99,9075	100,678
2018-10-03	12:00	6468,38	6486,42	6462,34	6470,01	LONG	0,00167	5982,92	0,00334	HOLD	99,9075	100,6908
2018-10-03	13:00	6470	6480,73	6448	6477,74	LONG	0,00167	5982,92	0,00334	HOLD	99,9075	100,7037
2018-10-03	14:00	6474,33	6480	6456,96	6460,28	LONG	0,00167	5982,92	0,00334	HOLD	99,9075	100,6746
2018-10-03	15:00	6460,29	6473,5	6451,81	6458,95	LONG	0,00167	5982,92	0,00334	HOLD	99,9075	100,6724
2018-10-03	16:00	6458,95	6476,46	6455	6470,01	LONG	0,00167	5982,92	0,00334	HOLD	99,9075	100,6908
2018-10-03	17:00	6470,04	6510,4	6464,82	6485,37	LONG	0,00167	5982,92	0,00334	HOLD	99,9075	100,7165
2018-10-03	18:00	6485,34	6502,94	6473,54	6496,13	LONG	0,00167	5982,92	0,00334	HOLD	99,9075	100,7344
2018-10-03	19:00	6496,12	6497	6469,15	6474,27	LONG	0,00167	5982,92	0,00334	HOLD	99,9075	100,6979
2018-10-03	20:00	6474,26	6495,67	6463,49	6485,73	LONG	0,00167	5982,92	0,00334	HOLD	99,9075	100,7171
2018-10-03	21:00	6485	6545,01	6475,74	6531,05	LONG	0,00167	5982,92	0,00334	HOLD	99,9075	100,7928
2018-10-03	22:00	6531,05	6545	6503,87	6512,47	LONG	0,00167	5982,92	0,00334	HOLD	99,9075	100,7617
2018-10-03	23:00	6514,24	6523,14	6495	6513,81	LONG	0,00167	5982,92	0,00334	HOLD	99,9075	100,764
2018-10-04	00:00	6510,61	6530	6506,41	6511	LONG	0,00167	5982,92	0,00334	HOLD	99,9075	100,7593
2018-10-04	01:00	6510,99	6514,4	6475,17	6497,43	LONG	0,00167	5982,92	0,00334	HOLD	99,9075	100,7366
2018-10-04	02:00	6494	6499,72	6455,99	6478,89	LONG	0,00167	5982,92	0,00334	HOLD	99,9075	100,7057
2018-10-04	03:00	6475,2	6494	6462,36	6482,68	LONG	0,00167	5982,92	0,00334	HOLD	99,9075	100,712
2018-10-04	04:00	6482,68	6499,85	6451,81	6452,83	LONG	0,00167	5982,92	0,00334	HOLD	99,9075	100,6621
2018-10-04	05:00	6452,9	6489,49	6450,73	6482,58	LONG	0,00167	5982,92	0,00334	HOLD	99,9075	100,7118
2018-10-04	06:00	6482,58	6538,88	6478,8	6510	LONG	0,00167	5982,92	0,00334	HOLD	99,9075	100,7576
2018-10-04	07:00	6510,01	6535,99	6505,09	6530,17	LONG	0,00167	5982,92	0,00334	HOLD	99,9075	100,7913
2018-10-04	08:00	6529,76	6643,46	6528,01	6598,69	LONG	0,00167	5982,92	0,00334	HOLD	99,9075	100,9057
2018-10-04	09:00	6593,09	6611,51	6585,12	6605,13	LONG	0,00167	5982,92	0,00334	HOLD	99,9075	100,9165
2018-10-04	10:00	6605,12	6614,46	6593	6598,51	LONG	0,00167	5982,92	0,00334	HOLD	99,9075	100,9054
2018-10-04	11:00	6598,5	6618,25	6598	6604,61	LONG	0,00167	5982,92	0,00334	HOLD	99,9075	100,9156
2018-10-04	12:00	6606	6615	6580,1	6588	LONG	0,00167	5982,92	0,00334	HOLD	99,9075	100,8879
2018-10-04	13:00	6588,98	6598,99	6569,72	6580,8	LONG	0,00167	5982,92	0,00334	HOLD	99,9075	100,8758
2018-10-04	14:00	6580,74	6596,75	6564,3	6574,45	LONG	0,00167	5982,92	0,00334	HOLD	99,9075	100,8652
2018-10-04	15:00	6574,45	6627,83	6572,01	6600,95	LONG	0,00167	5982,92	0,00334	HOLD	99,9075	100,9095
2018-10-04	16:00	6600,39	6606,39	6591,22	6591,23	LONG	0,00167	5982,92	0,00334	HOLD	99,9075	100,8933
2018-10-04	17:00	6594	6614,28	6569,32	6576,85	LONG	0,00167	5982,92	0,00334	HOLD	99,9075	100,8692
2018-10-04	18:00	6573,03	6591	6570	6570,81	LONG	0,00167	5982,92	0,00334	HOLD	99,9075	100,8592
2018-10-04	19:00	6570	6585	6569,17	6578,1	LONG	0,00167	5982,92	0,00334	HOLD	99,9075	100,8713
2018-10-04	20:00	6576,33	6596	6564,73	6583,8	LONG	0,00167	5982,92	0,00334	HOLD	99,9075	100,8809
2018-10-04	21:00	6583,81	6593,6	6571,23	6576	LONG	0,00167	5982,92	0,00334	HOLD	99,9075	100,8678
2018-10-04	22:00	6576	6600	6572	6597,77	LONG	0,00167	5982,92	0,00334	HOLD	99,9075	100,9042
2018-10-04	23:00	6598	6610,55	6586	6586,52	LONG	0,00167	5982,92	0,00334	HOLD	99,9075	100,8854
2018-10-05	00:00	6588,52	6598	6583,99	6596,04	LONG	0,00167	5982,92	0,00334	HOLD	99,9075	100,9013
2018-10-05	01:00	6596,05	6618	6595,36	6608,08	LONG	0,00167	5982,92	0,00334	HOLD	99,9075	100,9214
2018-10-05	02:00	6608,16	6621,49	6606,16	6611,09	LONG	0,00167	5982,92	0,00334	HOLD	99,9075	100,9264
2018-10-05	03:00	6612,05	6617,13	6582,18	6593,7	LONG	0,00167	5982,92	0,00334	HOLD	99,9075	100,8974
2018-10-05	04:00	6590,54	6598,82	6557	6588,98	LONG	0,00167	5982,92	0,00334	HOLD	99,9075	100,8895
2018-10-05	05:00	6589	6613	6588	6591,59	LONG	0,00167	5982,92	0,00334	HOLD	99,9075	100,8939
2018-10-05	06:00	6591,59	6600,01	6579,85	6593,79	LONG	0,00167	5982,92	0,00334	HOLD	99,9075	100,8975
2018-10-05	07:00	6591,69	6632,98	6591,53	6621,77	LONG	0,00167	5982,92	0,00334	HOLD	99,9075	100,9443
2018-10-05	08:00	6621,77	6628,68	6601	6616,52	LONG	0,00167	5982,92	0,00334	HOLD	99,9075	100,9355
2018-10-05	09:00	6613,41	6616,57	6543,08	6572,93	LONG	0,00167	5982,92	0,00334	HOLD	99,9075	100,8627
2018-10-05	10:00	6572,93	6585,51	6569,67	6579	LONG	0,00167	5982,92	0,00334	HOLD	99,9075	100,8728
2018-10-05	11:00	6578,96	6588,63	6571,04	6581,8	LONG	0,00167	5982,92	0,00334	HOLD	99,9075	100,8775
2018-10-05	12:00	6581,8	6584,08	6570,01	6583,76	LONG	0,00167	5982,92	0,00334	HOLD	99,9075	100,8808
2018-10-05	13:00	6581,02	6610	6577,4	6600	LONG	0,00167	5982,92	0,00334	HOLD	99,9075	100,9079
2018-10-05	14:00	6598,01	6601,74	6573,17	6578,76	LONG	0,00167	5982,92	0,00334	HOLD	99,9075	100,8724
2018-10-05	15:00	6577,12	6592,79	6568	6570	LONG	0,00167	5982,92	0,00334	HOLD	99,9075	100,8578
2018-10-05	16:00	6568,92	6584,99	6567,21	6584	LONG	0,00167	5982,92	0,00334	HOLD	99,9075	100,8812
2018-10-05	17:00	6584,98	6590,19	6571,73	6579	LONG	0,00167	5982,92	0,00334	HOLD	99,9075	100,8728
2018-10-05	18:00	6579	6600	6576,14	6590	LONG	0,00167	5982,92	0,00334	HOLD	99,9075	100,8912
2018-10-05	19:00	6589,6	6599,97	6581,33	6589	LONG	0,00167	5982,92	0,00334	HOLD	99,9075	100,8895
2018-10-05	20:00	6587,37	6607,51	6586,66	6593,03	LONG	0,00167	5982,92	0,00334	HOLD	99,9075	100,8963
2018-10-05	21:00	6594	6607	6587,43	6601,13	LONG	0,00167	5982,92	0,00334	HOLD	99,9075	100,9098
2018-10-05	22:00	6601,13	6606,57	6593,06	6598,51	LONG	0,00167	5982,92	0,00334	HOLD	99,9075	100,9054
2018-10-05	23:00	6598,48	6614,98	6580,36	6588,14	LONG	0,00167	5982,92	0,00334	HOLD	99,9075	100,8881
2018-10-06	00:00	6586,68	6594	6576,47	6584,06	LONG	0,00167	5982,92	0,00334	HOLD	99,9075	100,8813
2018-10-06	01:00	6584,07	6592,99	6575	6591,02	LONG	0,00167	5982,92	0,00334	HOLD	99,9075	100,8929
2018-10-06	02:00	6591,02	6601,5	6588,05	6595,5	LONG	0,00167	5982,92	0,00334	HOLD	99,9075	100,9004
2018-10-06	03:00	6595,42	6604,23	6588,08	6596,5	LONG	0,00167	5982,92	0,00334	HOLD	99,9075	100,9021
2018-10-06	04:00	6596,35	6605	6590,58	6604,93	LONG	0,00167	5982,92	0,00334	HOLD	99,9075	100,9161
2018-10-06	05:00	6604,97	6697	6604,92	6633,33	LONG	0,00167	5982,92	0,00334	HOLD	99,9075	100,9636
2018-10-06	06:00	6632,01	6648,95	6620	6635,65	LONG	0,00167	5982,92	0,00334	HOLD	99,9075	100,9674
2018-10-06	07:00	6635,65	6651	6620	6624,47	LONG	0,00167	5982,92	0,00334	HOLD	99,9075	100,9488
2018-10-06	08:00	6624,53	6636,03	6617	6626,02	LONG	0,00167	5982,92	0,00334	HOLD	99,9075	100,9514
2018-10-06	09:00	6627	6627,62	6584,22	6604,01	LONG	0,00167	5982,92	0,00334	HOLD	99,9075	100,9146
2018-10-06	10:00	6604,5	6614,4	6601,99	6608,91	LONG	0,00167	5982,92	0,00334	HOLD	99,9075	100,9228
2018-10-06	11:00	6608,91	6618,99	6605,09	6612	LONG	0,00167	5982,92	0,00334	HOLD	99,9075	100,928
2018-10-06	12:00	6612	6624,12	6608,43	6615,67	LONG	0,00167	5982,92	0,00334	HOLD	99,9075	100,9341
2018-10-06	13:00	6618,69	6622,78	6610	6614,9	LONG	0,00167	5982,92	0,00334	HOLD	99,9075	100,9328
2018-10-06	14:00	6614,9	6627	6613,33	6620,35	LONG	0,00167	5982,92	0,00334	HOLD	99,9075	100,9419
2018-10-06	15:00	6619,43	6620,35	6610	6615,19	LONG	0,00167	5982,92	0,00334	HOLD	99,9075	100,9333
2018-10-06	16:00	6615,19	6625,17	6608,2	6620	LONG	0,00167	5982,92	0,00334	HOLD	99,9075	100,9413
2018-10-06	17:00	6620,33	6634,15	6611,66	6617,58	LONG	0,00167	5982,92	0,00334	HOLD	99,9075	100,9373
2018-10-06	18:00	6619	6625,97	6570	6587,16	LONG	0,00167	5982,92	0,00334	HOLD	99,9075	100,8865
2018-10-06	19:00	6588,86	6600	6580	6587,81	LONG	0,00167	5982,92	0,00334	HOLD	99,9075	100,8876
2018-10-06	20:00	6587,81	6592,73	6567,14	6579	LONG	0,00167	5982,92	0,00334	HOLD	99,9075	100,8728
2018-10-06	21:00	6579,38	6589	6566,77	6588,92	LONG	0,00167	5982,92	0,00334	HOLD	99,9075	100,8894
2018-10-06	22:00	6588,92	6598,89	6577,55	6596,08	LONG	0,00167	5982,92	0,00334	HOLD	99,9075	100,9014
2018-10-06	23:00	6597,5	6600	6588,39	6595,97	LONG	0,00167	5982,92	0,00334	HOLD	99,9075	100,9012
2018-10-07	00:00	6595,97	6607	6588,17	6599,95	LONG	0,00167	5982,92	0,00334	HOLD	99,9075	100,9078
2018-10-07	01:00	6600,63	6603,08	6590,39	6591	LONG	0,00167	5982,92	0,00334	HOLD	99,9075	100,8929
2018-10-07	02:00	6591	6601,32	6585	6593,34	LONG	0,00167	5982,92	0,00334	HOLD	99,9075	100,8968
2018-10-07	03:00	6593,34	6604,76	6582,63	6600,01	LONG	0,00167	5982,92	0,00334	HOLD	99,9075	100,9079
2018-10-07	04:00	6601,81	6604,2	6590	6602,99	LONG	0,00167	5982,92	0,00334	HOLD	99,9075	100,9129
2018-10-07	05:00	6602,99	6606	6583,27	6591,96	LONG	0,00167	5982,92	0,00334	HOLD	99,9075	100,8945
2018-10-07	06:00	6591,97	6598,21	6585	6594,27	LONG	0,00167	5982,92	0,00334	HOLD	99,9075	100,8983
2018-10-07	07:00	6596,44	6605	6590	6600,02	LONG	0,00167	5982,92	0,00334	HOLD	99,9075	100,9079
2018-10-07	08:00	6600,55	6605	6589,14	6603,06	LONG	0,00167	5982,92	0,00334	HOLD	99,9075	100,913
2018-10-07	09:00	6603,07	6604,5	6599,09	6603,5	LONG	0,00167	5982,92	0,00334	HOLD	99,9075	100,9138
2018-10-07	10:00	6603,5	6605	6597,5	6604,07	LONG	0,00167	5982,92	0,00334	HOLD	99,9075	100,9147
2018-10-07	11:00	6604,98	6609,83	6588,53	6588,54	LONG	0,00167	5982,92	0,00334	HOLD	99,9075	100,8888
2018-10-07	12:00	6588,55	6600	6586,52	6596,69	LONG	0,00167	5982,92	0,00334	HOLD	99,9075	100,9024
2018-10-07	13:00	6596,68	6599,94	6585	6588,01	LONG	0,00167	5982,92	0,00334	HOLD	99,9075	100,8879
2018-10-07	14:00	6589	6590,79	6566,01	6570,93	LONG	0,00167	5982,92	0,00334	HOLD	99,9075	100,8594
2018-10-07	15:00	6569,46	6571,99	6525	6550	LONG	0,00167	5982,92	0,00334	HOLD	99,9075	100,8244
2018-10-07	16:00	6550,01	6558,62	6545,51	6555,4	LONG	0,00167	5982,92	0,00334	HOLD	99,9075	100,8334
2018-10-07	17:00	6555,45	6568,76	6550,54	6555	LONG	0,00167	5982,92	0,00334	HOLD	99,9075	100,8328
2018-10-07	18:00	6555	6562,38	6538,43	6556	LONG	0,00167	5982,92	0,00334	HOLD	99,9075	100,8344
2018-10-07	19:00	6555,9	6567,33	6545,75	6561,85	LONG	0,00167	5982,92	0,00334	HOLD	99,9075	100,8442
2018-10-07	20:00	6560,11	6578,99	6558,8	6574,41	LONG	0,00167	5982,92	0,00334	HOLD	99,9075	100,8652
2018-10-07	21:00	6574,41	6580,12	6555	6566,42	LONG	0,00167	5982,92	0,00334	HOLD	99,9075	100,8518
2018-10-07	22:00	6567,42	6586,89	6566,42	6582,07	LONG	0,00167	5982,92	0,00334	HOLD	99,9075	100,878
2018-10-07	23:00	6582,07	6585,58	6572,7	6581,38	LONG	0,00167	5982,92	0,00334	HOLD	99,9075	100,8768
2018-10-08	00:00	6582,15	6597,7	6581,38	6589,18	LONG	0,00167	5982,92	0,00334	HOLD	99,9075	100,8898
2018-10-08	01:00	6590,07	6598	6590	6594,27	LONG	0,00167	5982,92	0,00334	HOLD	99,9075	100,8983
2018-10-08	02:00	6595	6599	6579,01	6584	LONG	0,00167	5982,92	0,00334	HOLD	99,9075	100,8812
2018-10-08	03:00	6583,65	6587,9	6579,01	6587,2	LONG	0,00167	5982,92	0,00334	HOLD	99,9075	100,8865
2018-10-08	04:00	6587,2	6593,29	6580,38	6588,54	LONG	0,00167	5982,92	0,00334	HOLD	99,9075	100,8888
2018-10-08	05:00	6586,01	6592	6582,06	6590,02	LONG	0,00167	5982,92	0,00334	HOLD	99,9075	100,8912
2018-10-08	06:00	6592	6640	6581,79	6615,26	LONG	0,00167	5982,92	0,00334	HOLD	99,9075	100,9334
2018-10-08	07:00	6615,26	6624,94	6602,39	6613,9	LONG	0,00167	5982,92	0,00334	HOLD	99,9075	100,9311
2018-10-08	08:00	6615,67	6628,63	6601,5	6605,02	LONG	0,00167	5982,92	0,00334	HOLD	99,9075	100,9163
2018-10-08	09:00	6603,58	6616,83	6600,66	6605,06	LONG	0,00167	5982,92	0,00334	HOLD	99,9075	100,9164
2018-10-08	10:00	6606,42	6613,27	6604,07	6605,26	LONG	0,00167	5982,92	0,00334	HOLD	99,9075	100,9167
2018-10-08	11:00	6605,26	6610,99	6604,5	6607,02	LONG	0,00167	5982,92	0,00334	HOLD	99,9075	100,9196
2018-10-08	12:00	6607,03	6609,12	6590	6593,36	LONG	0,00167	5982,92	0,00334	HOLD	99,9075	100,8968
2018-10-08	13:00	6593,36	6603,77	6587	6602	LONG	0,00167	5982,92	0,00334	HOLD	99,9075	100,9113
2018-10-08	14:00	6602,89	6613	6590,53	6596,03	LONG	0,00167	5982,92	0,00334	HOLD	99,9075	100,9013
2018-10-08	15:00	6596,52	6602,36	6592,41	6597,54	LONG	0,00167	5982,92	0,00334	HOLD	99,9075	100,9038
2018-10-08	16:00	6599,99	6606,6	6593,64	6604,9	LONG	0,00167	5982,92	0,00334	HOLD	99,9075	100,9161
2018-10-08	17:00	6604,87	6628	6597,02	6628	LONG	0,00167	5982,92	0,00334	HOLD	99,9075	100,9547
2018-10-08	18:00	6628	6666,66	6626,01	6647,78	LONG	0,00167	5982,92	0,00334	HOLD	99,9075	100,9877
2018-10-08	19:00	6647,78	6715,6	6645,05	6666,09	LONG	0,00167	5982,92	0,00334	HOLD	99,9075	101,0183
2018-10-08	20:00	6666,09	6680	6645	6662,97	LONG	0,00167	5982,92	0,00334	HOLD	99,9075	101,0131
2018-10-08	21:00	6660,65	6667,19	6650,08	6659,03	LONG	0,00167	5982,92	0,00334	HOLD	99,9075	101,0065
2018-10-08	22:00	6659,59	6695	6659,58	6674,56	LONG	0,00167	5982,92	0,00334	HOLD	99,9075	101,0324
2018-10-08	23:00	6676,51	6683,45	6662	6667,27	LONG	0,00167	5982,92	0,00334	HOLD	99,9075	101,0203
2018-10-09	00:00	6667,26	6684,11	6662	6671,01	LONG	0,00167	5982,92	0,00334	HOLD	99,9075	101,0265
2018-10-09	01:00	6671,05	6680	6657,98	6664,45	LONG	0,00167	5982,92	0,00334	HOLD	99,9075	101,0155
2018-10-09	02:00	6664,44	6705	6663,71	6695,33	LONG	0,00167	5982,92	0,00334	HOLD	99,9075	101,0671
2018-10-09	03:00	6695,32	6703	6685	6690	LONG	0,00167	5982,92	0,00334	HOLD	99,9075	101,0582
2018-10-09	04:00	6690	6700	6685,35	6691	LONG	0,00167	5982,92	0,00334	HOLD	99,9075	101,0599
2018-10-09	05:00	6690,99	6692	6664,22	6666,8	LONG	0,00167	5982,92	0,00334	HOLD	99,9075	101,0195
2018-10-09	06:00	6666,8	6683,52	6666,66	6673,01	LONG	0,00167	5982,92	0,00334	HOLD	99,9075	101,0298
2018-10-09	07:00	6673,01	6685,38	6670,4	6673,5	LONG	0,00167	5982,92	0,00334	HOLD	99,9075	101,0307
2018-10-09	08:00	6673,5	6675,65	6653	6666,62	LONG	0,00167	5982,92	0,00334	HOLD	99,9075	101,0192
2018-10-09	09:00	6666,61	6672,31	6646	6666,03	LONG	0,00167	5982,92	0,00334	HOLD	99,9075	101,0182
2018-10-09	10:00	6666,03	6670,85	6652,85	6661,17	LONG	0,00167	5982,92	0,00334	HOLD	99,9075	101,0101
2018-10-09	11:00	6661,17	6680	6660	6673,77	LONG	0,00167	5982,92	0,00334	HOLD	99,9075	101,0311
2018-10-09	12:00	6673,77	6683	6664,02	6668,68	LONG	0,00167	5982,92	0,00334	HOLD	99,9075	101,0226
2018-10-09	13:00	6668,66	6680,7	6659	6659,3	LONG	0,00167	5982,92	0,00334	HOLD	99,9075	101,0069
2018-10-09	14:00	6659	6677,95	6656,85	6672,25	LONG	0,00167	5982,92	0,00334	HOLD	99,9075	101,0286
2018-10-09	15:00	6669,42	6675,29	6633,83	6654	LONG	0,00167	5982,92	0,00334	HOLD	99,9075	100,9981
2018-10-09	16:00	6654	6660,09	6647,05	6658,98	LONG	0,00167	5982,92	0,00334	HOLD	99,9075	101,0064
2018-10-09	17:00	6657,08	6660,9	6645	6656,4	LONG	0,00167	5982,92	0,00334	HOLD	99,9075	101,0021
2018-10-09	18:00	6656,4	6656,44	6630,89	6642,02	LONG	0,00167	5982,92	0,00334	HOLD	99,9075	100,9781
2018-10-09	19:00	6644,67	6645	6616	6634,1	LONG	0,00167	5982,92	0,00334	HOLD	99,9075	100,9649
2018-10-09	20:00	6631,82	6635,92	6607	6615	LONG	0,00167	5982,92	0,00334	HOLD	99,9075	100,933
2018-10-09	21:00	6613,82	6635,05	6611,18	6630,14	LONG	0,00167	5982,92	0,00334	HOLD	99,9075	100,9582
2018-10-09	22:00	6630	6645	6627,48	6641,56	LONG	0,00167	5982,92	0,00334	HOLD	99,9075	100,9773
2018-10-09	23:00	6643,78	6644,99	6625	6637,58	LONG	0,00167	5982,92	0,00334	HOLD	99,9075	100,9707
2018-10-10	00:00	6634,78	6651,76	6634,78	6650,01	LONG	0,00167	5982,92	0,00334	HOLD	99,9075	100,9914
2018-10-10	01:00	6650,01	6664,95	6647,07	6661	LONG	0,00167	5982,92	0,00334	HOLD	99,9075	101,0098
2018-10-10	02:00	6661,5	6674,94	6651,25	6656,49	LONG	0,00167	5982,92	0,00334	HOLD	99,9075	101,0022
2018-10-10	03:00	6658,24	6660,43	6643,86	6652,22	LONG	0,00167	5982,92	0,00334	HOLD	99,9075	100,9951
2018-10-10	04:00	6651,91	6660,83	6645,43	6659,05	LONG	0,00167	5982,92	0,00334	HOLD	99,9075	101,0065
2018-10-10	05:00	6658,99	6670,5	6652,35	6666,03	LONG	0,00167	5982,92	0,00334	HOLD	99,9075	101,0182
2018-10-10	06:00	6666,35	6670	6655,4	6656,61	LONG	0,00167	5982,92	0,00334	HOLD	99,9075	101,0024
2018-10-10	07:00	6656,67	6659,95	6630,84	6644,38	LONG	0,00167	5982,92	0,00334	HOLD	99,9075	100,982
2018-10-10	08:00	6644,38	6652,45	6632,27	6640,72	LONG	0,00167	5982,92	0,00334	HOLD	99,9075	100,9759
2018-10-10	09:00	6640,76	6645,63	6633,65	6634,47	LONG	0,00167	5982,92	0,00334	HOLD	99,9075	100,9655
2018-10-10	10:00	6634,73	6636,1	6595	6616,06	LONG	0,00167	5982,92	0,00334	HOLD	99,9075	100,9347
2018-10-10	11:00	6612,2	6625,98	6590,66	6594,4	LONG	0,00167	5982,92	0,00334	HOLD	99,9075	100,8986
2018-10-10	12:00	6594,4	6601,71	6542,1	6555	LONG	0,00167	5982,92	0,00334	HOLD	99,9075	100,8328
2018-10-10	13:00	6554,99	6579,11	6530	6575,4	LONG	0,00167	5982,92	0,00334	HOLD	99,9075	100,8668
2018-10-10	14:00	6575,4	6578,91	6559	6576,98	LONG	0,00167	5982,92	0,00334	HOLD	99,9075	100,8695
2018-10-10	15:00	6576,88	6594,12	6565,68	6589	LONG	0,00167	5982,92	0,00334	HOLD	99,9075	100,8895
2018-10-10	16:00	6589,95	6605	6579,8	6588,01	LONG	0,00167	5982,92	0,00334	HOLD	99,9075	100,8879
2018-10-10	17:00	6589,99	6594,85	6569,99	6580	LONG	0,00167	5982,92	0,00334	HOLD	99,9075	100,8745
2018-10-10	18:00	6579,99	6595	6569,4	6592	LONG	0,00167	5982,92	0,00334	HOLD	99,9075	100,8946
2018-10-10	19:00	6590,06	6607,44	6588,37	6595,06	LONG	0,00167	5982,92	0,00334	HOLD	99,9075	100,8997
2018-10-10	20:00	6595,06	6612,96	6592,25	6601,16	LONG	0,00167	5982,92	0,00334	HOLD	99,9075	100,9098
2018-10-10	21:00	6601,16	6615	6590	6602	LONG	0,00167	5982,92	0,00334	HOLD	99,9075	100,9113
2018-10-10	22:00	6602	6603,65	6585,96	6588,99	LONG	0,00167	5982,92	0,00334	HOLD	99,9075	100,8895
2018-10-10	23:00	6588,98	6610	6582	6603,03	LONG	0,00167	5982,92	0,00334	HOLD	99,9075	100,913
2018-10-11	00:00	6603,03	6619	6597,57	6608,5	LONG	0,00167	5982,92	0,00334	HOLD	99,9075	100,9221
2018-10-11	01:00	6608,5	6645	6604,6	6637,2	LONG	0,00167	5982,92	0,00334	HOLD	99,9075	100,97
2018-10-11	02:00	6637,2	6646,2	6627,14	6635,96	LONG	0,00167	5982,92	0,00334	HOLD	99,9075	100,968
2018-10-11	03:00	6638,56	6644,99	6628,92	6634,96	LONG	0,00167	5982,92	0,00334	HOLD	99,9075	100,9663
2018-10-11	04:00	6634,96	6640	6610	6612	LONG	0,00167	5982,92	0,00334	HOLD	99,9075	100,928
2018-10-11	05:00	6612	6625,91	6605,61	6618,51	LONG	0,00167	5982,92	0,00334	HOLD	99,9075	100,9388
2018-10-11	06:00	6619,99	6637,3	6618,51	6631	LONG	0,00167	5982,92	0,00334	HOLD	99,9075	100,9597
2018-10-11	07:00	6630,21	6633,92	6560	6561,53	LONG	0,00167	5982,92	0,00334	HOLD	99,9075	100,8437
2018-10-11	08:00	6563,71	6565,24	6285	6367,82	LONG	0,00167	5982,92	0,00334	HOLD	99,9075	100,5202
2018-10-11	09:00	6364,1	6367,85	6256,55	6311,99	LONG	0,00167	5982,92	0,00334	HOLD	99,9075	100,4269
2018-10-11	10:00	6312,5	6364,46	6310	6340,52	LONG	0,00167	5982,92	0,00334	HOLD	99,9075	100,4746
2018-10-11	11:00	6340,52	6370,52	6330,4	6341	LONG	0,00167	5982,92	0,00334	HOLD	99,9075	100,4754
2018-10-11	12:00	6342,08	6355,3	6311	6323	LONG	0,00167	5982,92	0,00334	HOLD	99,9075	100,4453
2018-10-11	13:00	6322,11	6325,96	6259,01	6294,01	LONG	0,00167	5982,92	0,00334	HOLD	99,9075	100,3969
2018-10-11	14:00	6294,01	6313,05	6258,96	6300,86	LONG	0,00167	5982,92	0,00334	HOLD	99,9075	100,4083
2018-10-11	15:00	6298,77	6325,99	6298,77	6303,87	LONG	0,00167	5982,92	0,00334	HOLD	99,9075	100,4134
2018-10-11	16:00	6302,93	6310	6282,44	6310	LONG	0,00167	5982,92	0,00334	HOLD	99,9075	100,4236
2018-10-11	17:00	6309,33	6310,4	6285,2	6306,88	LONG	0,00167	5982,92	0,00334	HOLD	99,9075	100,4184
2018-10-11	18:00	6305,2	6306,87	6271,84	6281,61	LONG	0,00167	5982,92	0,00334	HOLD	99,9075	100,3762
2018-10-11	19:00	6278,7	6305,2	6278,66	6288,21	LONG	0,00167	5982,92	0,00334	HOLD	99,9075	100,3872
2018-10-11	20:00	6288,39	6320	6219,17	6309	LONG	0,00167	5982,92	0,00334	HOLD	99,9075	100,4219
2018-10-11	21:00	6309	6335,31	6307,75	6311	LONG	0,00167	5982,92	0,00334	HOLD	99,9075	100,4253
2018-10-11	22:00	6313,7	6325	6283,46	6294,09	LONG	0,00167	5982,92	0,00334	HOLD	99,9075	100,397
2018-10-11	23:00	6294,03	6317	6289,85	6313,34	LONG	0,00167	5982,92	0,00334	HOLD	99,9075	100,4292
2018-10-12	00:00	6309,97	6335,33	6303	6317	LONG	0,00167	5982,92	0,00334	HOLD	99,9075	100,4353
2018-10-12	01:00	6317	6322,99	6293	6296,51	LONG	0,00167	5982,92	0,00334	HOLD	99,9075	100,4011
2018-10-12	02:00	6296,49	6309,06	6296,47	6298,12	LONG	0,00167	5982,92	0,00334	HOLD	99,9075	100,4038
2018-10-12	03:00	6302,61	6312,65	6232,61	6300,89	LONG	0,00167	5982,92	0,00334	HOLD	99,9075	100,4084
2018-10-12	04:00	6302	6310	6285,03	6301,26	LONG	0,00167	5982,92	0,00334	HOLD	99,9075	100,409
2018-10-12	05:00	6303,32	6303,55	6267,71	6291,48	LONG	0,00167	5982,92	0,00334	HOLD	99,9075	100,3927
2018-10-12	06:00	6288,99	6307,31	6205	6252,68	LONG	0,00167	5982,92	0,00334	HOLD	99,9075	100,3279
2018-10-12	07:00	6252,71	6275	6209	6251,83	LONG	0,00167	5982,92	0,00334	HOLD	99,9075	100,3265
2018-10-12	08:00	6252,01	6294,97	6252,01	6282,42	LONG	0,00167	5982,92	0,00334	HOLD	99,9075	100,3776
2018-10-12	09:00	6282,43	6297,42	6275,82	6291,62	LONG	0,00167	5982,92	0,00334	HOLD	99,9075	100,3929
2018-10-12	10:00	6293,79	6314,99	6275	6308,11	LONG	0,00167	5982,92	0,00334	HOLD	99,9075	100,4205
2018-10-12	11:00	6310,65	6328,21	6300,3	6315,99	LONG	0,00167	5982,92	0,00334	HOLD	99,9075	100,4336
2018-10-12	12:00	6316	6326,58	6300,02	6319	LONG	0,00167	5982,92	0,00334	HOLD	99,9075	100,4386
2018-10-12	13:00	6319,5	6347,7	6317,12	6328,69	LONG	0,00167	5982,92	0,00334	HOLD	99,9075	100,4548
2018-10-12	14:00	6328,68	6360	6325	6332,61	LONG	0,00167	5982,92	0,00334	HOLD	99,9075	100,4614
2018-10-12	15:00	6332,61	6340,99	6320,66	6328,64	LONG	0,00167	5982,92	0,00334	HOLD	99,9075	100,4547
2018-10-12	16:00	6330,48	6331,05	6303	6305,99	LONG	0,00167	5982,92	0,00334	HOLD	99,9075	100,4169
2018-10-12	17:00	6305,09	6320	6303,46	6313,36	LONG	0,00167	5982,92	0,00334	HOLD	99,9075	100,4292
2018-10-12	18:00	6314,01	6319,86	6295,4	6309,49	LONG	0,00167	5982,92	0,00334	HOLD	99,9075	100,4228
2018-10-12	19:00	6309,49	6327,58	6305,61	6323,01	LONG	0,00167	5982,92	0,00334	HOLD	99,9075	100,4453
2018-10-12	20:00	6323	6332,07	6309,29	6313,24	LONG	0,00167	5982,92	0,00334	HOLD	99,9075	100,429
2018-10-12	21:00	6312,98	6327	6310	6319,96	LONG	0,00167	5982,92	0,00334	HOLD	99,9075	100,4402
2018-10-12	22:00	6319,07	6355	6319,06	6341,69	LONG	0,00167	5982,92	0,00334	HOLD	99,9075	100,4765
2018-10-12	23:00	6341,68	6344,51	6320	6325,01	LONG	0,00167	5982,92	0,00334	HOLD	99,9075	100,4487
2018-10-13	00:00	6325,48	6333,97	6300	6306,37	LONG	0,00167	5982,92	0,00334	HOLD	99,9075	100,4175
2018-10-13	01:00	6306,37	6323	6300,61	6311,44	LONG	0,00167	5982,92	0,00334	HOLD	99,9075	100,426
2018-10-13	02:00	6311,45	6325,2	6309	6320,52	LONG	0,00167	5982,92	0,00334	HOLD	99,9075	100,4412
2018-10-13	03:00	6320,04	6325,56	6312,05	6322,22	LONG	0,00167	5982,92	0,00334	HOLD	99,9075	100,444
2018-10-13	04:00	6318,48	6328,7	6315,22	6315,23	LONG	0,00167	5982,92	0,00334	HOLD	99,9075	100,4323
2018-10-13	05:00	6315,23	6317,67	6278	6309,02	LONG	0,00167	5982,92	0,00334	HOLD	99,9075	100,422
2018-10-13	06:00	6309,01	6319,01	6296,47	6298,01	LONG	0,00167	5982,92	0,00334	HOLD	99,9075	100,4036
2018-10-13	07:00	6298	6329,99	6285,07	6317,31	LONG	0,00167	5982,92	0,00334	HOLD	99,9075	100,4358
2018-10-13	08:00	6317,31	6326,47	6311	6318,3	LONG	0,00167	5982,92	0,00334	HOLD	99,9075	100,4375
2018-10-13	09:00	6318,3	6328,36	6308,56	6310,25	LONG	0,00167	5982,92	0,00334	HOLD	99,9075	100,424
2018-10-13	10:00	6309,07	6316,02	6290,01	6296,01	LONG	0,00167	5982,92	0,00334	HOLD	99,9075	100,4002
2018-10-13	11:00	6297,69	6318,88	6294,47	6315,09	LONG	0,00167	5982,92	0,00334	HOLD	99,9075	100,4321
2018-10-13	12:00	6316,83	6330,57	6308,4	6311,2	LONG	0,00167	5982,92	0,00334	HOLD	99,9075	100,4256
2018-10-13	13:00	6311,2	6328,99	6308,4	6321,04	LONG	0,00167	5982,92	0,00334	HOLD	99,9075	100,442
2018-10-13	14:00	6321,77	6326,52	6304,39	6318,47	LONG	0,00167	5982,92	0,00334	HOLD	99,9075	100,4378
2018-10-13	15:00	6320	6320	6306,83	6312,02	LONG	0,00167	5982,92	0,00334	HOLD	99,9075	100,427
2018-10-13	16:00	6312,78	6337,26	6309,36	6322,77	LONG	0,00167	5982,92	0,00334	HOLD	99,9075	100,4449
2018-10-13	17:00	6322	6337,99	6322	6326,08	LONG	0,00167	5982,92	0,00334	HOLD	99,9075	100,4505
2018-10-13	18:00	6326,96	6338,99	6323,55	6327,25	LONG	0,00167	5982,92	0,00334	HOLD	99,9075	100,4524
2018-10-13	19:00	6326,61	6328,45	6304	6325,28	LONG	0,00167	5982,92	0,00334	HOLD	99,9075	100,4491
2018-10-13	20:00	6324,55	6329	6311,52	6315,35	LONG	0,00167	5982,92	0,00334	HOLD	99,9075	100,4325
2018-10-13	21:00	6315,36	6338	6311,18	6335,35	LONG	0,00167	5982,92	0,00334	HOLD	99,9075	100,4659
2018-10-13	22:00	6335,01	6345	6327	6329,26	LONG	0,00167	5982,92	0,00334	HOLD	99,9075	100,4558
2018-10-13	23:00	6329,26	6342,42	6323,67	6327,1	LONG	0,00167	5982,92	0,00334	HOLD	99,9075	100,4522
2018-10-14	00:00	6327,11	6335,33	6322,01	6325,62	LONG	0,00167	5982,92	0,00334	HOLD	99,9075	100,4497
2018-10-14	01:00	6326,53	6341,56	6304,17	6306,93	LONG	0,00167	5982,92	0,00334	HOLD	99,9075	100,4185
2018-10-14	02:00	6306,93	6331,17	6301,05	6326,01	LONG	0,00167	5982,92	0,00334	HOLD	99,9075	100,4503
2018-10-14	03:00	6326,21	6332,87	6314,23	6316,49	LONG	0,00167	5982,92	0,00334	HOLD	99,9075	100,4344
2018-10-14	04:00	6316,49	6329	6316,49	6323,15	LONG	0,00167	5982,92	0,00334	HOLD	99,9075	100,4456
2018-10-14	05:00	6323,09	6338,07	6321,38	6333,3	LONG	0,00167	5982,92	0,00334	HOLD	99,9075	100,4625
2018-10-14	06:00	6330,77	6336,63	6324,01	6332,93	LONG	0,00167	5982,92	0,00334	HOLD	99,9075	100,4619
2018-10-14	07:00	6332,92	6336	6320	6326,35	LONG	0,00167	5982,92	0,00334	HOLD	99,9075	100,4509
2018-10-14	08:00	6326,34	6342,65	6326,34	6341,01	LONG	0,00167	5982,92	0,00334	HOLD	99,9075	100,4754
2018-10-14	09:00	6340,99	6350	6330,51	6340	LONG	0,00167	5982,92	0,00334	HOLD	99,9075	100,4737
2018-10-14	10:00	6339,01	6383,97	6338,99	6363,11	LONG	0,00167	5982,92	0,00334	HOLD	99,9075	100,5123
2018-10-14	11:00	6363,24	6416	6363,18	6391,67	LONG	0,00167	5982,92	0,00334	HOLD	99,9075	100,56
2018-10-14	12:00	6391,73	6399,98	6370,57	6375,73	LONG	0,00167	5982,92	0,00334	HOLD	99,9075	100,5334
2018-10-14	13:00	6376,08	6392,98	6375	6380,99	LONG	0,00167	5982,92	0,00334	HOLD	99,9075	100,5422
2018-10-14	14:00	6379,83	6395,33	6373,62	6379,95	LONG	0,00167	5982,92	0,00334	HOLD	99,9075	100,5404
2018-10-14	15:00	6379,95	6388	6371	6380,99	LONG	0,00167	5982,92	0,00334	HOLD	99,9075	100,5422
2018-10-14	16:00	6381,32	6382,72	6354	6361,01	LONG	0,00167	5982,92	0,00334	HOLD	99,9075	100,5088
2018-10-14	17:00	6363,96	6368	6353,27	6354,12	LONG	0,00167	5982,92	0,00334	HOLD	99,9075	100,4973
2018-10-14	18:00	6357,23	6365,61	6345	6361,01	LONG	0,00167	5982,92	0,00334	HOLD	99,9075	100,5088
2018-10-14	19:00	6361,07	6382,22	6360,71	6379,98	LONG	0,00167	5982,92	0,00334	HOLD	99,9075	100,5405
2018-10-14	20:00	6379,88	6383	6359,86	6360,06	LONG	0,00167	5982,92	0,00334	HOLD	99,9075	100,5072
2018-10-14	21:00	6361,94	6372,43	6360	6366,99	LONG	0,00167	5982,92	0,00334	HOLD	99,9075	100,5188
2018-10-14	22:00	6365,06	6386,3	6363,68	6380,77	LONG	0,00167	5982,92	0,00334	HOLD	99,9075	100,5418
2018-10-14	23:00	6380,76	6401	6375,73	6396	LONG	0,00167	5982,92	0,00334	HOLD	99,9075	100,5672
2018-10-15	00:00	6396	6403,42	6384,55	6387,01	LONG	0,00167	5982,92	0,00334	HOLD	99,9075	100,5522
2018-10-15	01:00	6388,99	6405,73	6384,57	6397	LONG	0,00167	5982,92	0,00334	HOLD	99,9075	100,5689
2018-10-15	02:00	6397	6410,8	6391,19	6404,33	LONG	0,00167	5982,92	0,00334	HOLD	99,9075	100,5811
2018-10-15	03:00	6404,33	6408,78	6345	6367	LONG	0,00167	5982,92	0,00334	HOLD	99,9075	100,5188
2018-10-15	04:00	6367	6368,96	6350	6356,15	LONG	0,00167	5982,92	0,00334	HOLD	99,9075	100,5007
2018-10-15	05:00	6356,22	6376,76	6354,97	6363,35	LONG	0,00167	5982,92	0,00334	HOLD	99,9075	100,5127
2018-10-15	06:00	6362,07	6369,66	6308	6339,34	LONG	0,00167	5982,92	0,00334	HOLD	99,9075	100,4726
2018-10-15	07:00	6339,34	6368,27	6300	6346,52	LONG	0,00167	5982,92	0,00334	HOLD	99,9075	100,4846
2018-10-15	08:00	6349,95	6384,64	6346,56	6379,34	LONG	0,00167	5982,92	0,00334	HOLD	99,9075	100,5394
2018-10-15	09:00	6378,01	6380,48	6356,83	6366,26	LONG	0,00167	5982,92	0,00334	HOLD	99,9075	100,5176
2018-10-15	10:00	6364,69	6383,45	6364,61	6380	LONG	0,00167	5982,92	0,00334	HOLD	99,9075	100,5405
2018-10-15	11:00	6380,97	6392,66	6374,39	6392,49	LONG	0,00167	5982,92	0,00334	HOLD	99,9075	100,5614
2018-10-15	12:00	6392,49	6750	6390,5	6700	LONG	0,00167	5982,92	0,00334	HOLD	99,9075	101,0749
2018-10-15	13:00	6697,68	7680	6696,22	7410,03	LONG	0,00167	5982,92	0,00334	HOLD	99,9075	102,2607
2018-10-15	14:00	7410,09	7432,63	6859,64	6860,25	LONG	0,00167	5982,92	0,00334	HOLD	99,9075	101,3425
2018-10-15	15:00	6860,25	6965,6	6801,1	6828,3	LONG	0,00167	5982,92	0,00334	HOLD	99,9075	101,2892
2018-10-15	16:00	6828,92	6866,61	6722	6860,84	LONG	0,00167	5982,92	0,00334	HOLD	99,9075	101,3435
2018-10-15	17:00	6861,49	6960	6835,94	6931,96	LONG	0,00167	5982,92	0,00334	HOLD	99,9075	101,4623
2018-10-15	18:00	6931,96	7091,41	6920	6982,28	LONG	0,00167	5982,92	0,00334	HOLD	99,9075	101,5463
2018-10-15	19:00	6982,28	6999	6911,48	6934,97	LONG	0,00167	5982,92	0,00334	HOLD	99,9075	101,4673
2018-10-15	20:00	6933,99	6970	6902	6950,54	LONG	0,00167	5982,92	0,00334	HOLD	99,9075	101,4933
2018-10-15	21:00	6948,39	6950,55	6844,52	6861,32	LONG	0,00167	5982,92	0,00334	HOLD	99,9075	101,3443
2018-10-15	22:00	6861,32	6920	6856,54	6907,01	LONG	0,00167	5982,92	0,00334	HOLD	99,9075	101,4206
2018-10-15	23:00	6906,03	6958,94	6900	6927,49	LONG	0,00167	5982,92	0,00334	HOLD	99,9075	101,4548
2018-10-16	00:00	6926	6940	6862,93	6878,67	LONG	0,00167	5982,92	0,00334	HOLD	99,9075	101,3733
2018-10-16	01:00	6878	6900	6785	6812,57	LONG	0,00167	5982,92	0,00334	HOLD	99,9075	101,2629
2018-10-16	02:00	6812,57	6825,01	6737,23	6741	LONG	0,00167	5982,92	0,00334	HOLD	99,9075	101,1434
2018-10-16	03:00	6741	6771,31	6687,07	6708	LONG	0,00167	5982,92	0,00334	HOLD	99,9075	101,0883
2018-10-16	04:00	6708	6735	6650	6658,47	LONG	0,00167	5982,92	0,00334	HOLD	99,9075	101,0056
2018-10-16	05:00	6656,95	6753,3	6650	6722,86	LONG	0,00167	5982,92	0,00334	HOLD	99,9075	101,1131
2018-10-16	06:00	6722,88	6783,38	6722,86	6752,5	LONG	0,00167	5982,92	0,00334	HOLD	99,9075	101,1626
2018-10-16	07:00	6752,5	6752,76	6708	6732,2	LONG	0,00167	5982,92	0,00334	HOLD	99,9075	101,1287
2018-10-16	08:00	6734,95	6745,78	6690,35	6718,9	LONG	0,00167	5982,92	0,00334	HOLD	99,9075	101,1065
2018-10-16	09:00	6718,88	6745	6710	6744,97	LONG	0,00167	5982,92	0,00334	HOLD	99,9075	101,15
2018-10-16	10:00	6744,96	6757,02	6728,1	6730,96	LONG	0,00167	5982,92	0,00334	HOLD	99,9075	101,1266
2018-10-16	11:00	6730,97	6741,91	6721	6729,92	LONG	0,00167	5982,92	0,00334	HOLD	99,9075	101,1249
2018-10-16	12:00	6729,92	6870	6724,84	6862,12	LONG	0,00167	5982,92	0,00334	HOLD	99,9075	101,3457
2018-10-16	13:00	6862,12	6900	6807,54	6818,01	LONG	0,00167	5982,92	0,00334	HOLD	99,9075	101,272
2018-10-16	14:00	6818,01	6840,17	6811	6824,71	LONG	0,00167	5982,92	0,00334	HOLD	99,9075	101,2832
2018-10-16	15:00	6823,32	6829,9	6732,22	6759,67	LONG	0,00167	5982,92	0,00334	HOLD	99,9075	101,1746
2018-10-16	16:00	6759,67	6772,27	6736,65	6755	LONG	0,00167	5982,92	0,00334	HOLD	99,9075	101,1668
2018-10-16	17:00	6755	6783,07	6753	6769,21	LONG	0,00167	5982,92	0,00334	HOLD	99,9075	101,1905
2018-10-16	18:00	6773,37	6799,97	6769,21	6797,9	LONG	0,00167	5982,92	0,00334	HOLD	99,9075	101,2384
2018-10-16	19:00	6796,38	6799,97	6742,04	6759,04	LONG	0,00167	5982,92	0,00334	HOLD	99,9075	101,1735
2018-10-16	20:00	6759,05	6784,31	6750	6755,46	LONG	0,00167	5982,92	0,00334	HOLD	99,9075	101,1675
2018-10-16	21:00	6754,31	6764,22	6716,71	6719	LONG	0,00167	5982,92	0,00334	HOLD	99,9075	101,1066
2018-10-16	22:00	6719	6762,41	6712,64	6719,76	LONG	0,00167	5982,92	0,00334	HOLD	99,9075	101,1079
2018-10-16	23:00	6719,76	6721,85	6670	6699,99	LONG	0,00167	5982,92	0,00334	HOLD	99,9075	101,0749
2018-10-17	00:00	6699,99	6722,43	6695,22	6711,01	LONG	0,00167	5982,92	0,00334	HOLD	99,9075	101,0933
2018-10-17	01:00	6711,52	6740,14	6710,75	6730,66	LONG	0,00167	5982,92	0,00334	HOLD	99,9075	101,1261
2018-10-17	02:00	6728,47	6740,16	6713,65	6729,01	LONG	0,00167	5982,92	0,00334	HOLD	99,9075	101,1234
2018-10-17	03:00	6729,24	6740	6701,05	6723,03	LONG	0,00167	5982,92	0,00334	HOLD	99,9075	101,1134
2018-10-17	04:00	6723	6739,99	6706,76	6738	LONG	0,00167	5982,92	0,00334	HOLD	99,9075	101,1384
2018-10-17	05:00	6736,28	6739,86	6705,39	6727,5	LONG	0,00167	5982,92	0,00334	HOLD	99,9075	101,1208
2018-10-17	06:00	6727,53	6785,02	6720,38	6759,27	LONG	0,00167	5982,92	0,00334	HOLD	99,9075	101,1739
2018-10-17	07:00	6762,76	6762,76	6733,67	6751,05	LONG	0,00167	5982,92	0,00334	HOLD	99,9075	101,1602
2018-10-17	08:00	6752	6774,1	6751,05	6752,84	LONG	0,00167	5982,92	0,00334	HOLD	99,9075	101,1632
2018-10-17	09:00	6754	6769,06	6742,11	6765	LONG	0,00167	5982,92	0,00334	HOLD	99,9075	101,1835
2018-10-17	10:00	6765	6781,91	6761	6774	LONG	0,00167	5982,92	0,00334	HOLD	99,9075	101,1985
2018-10-17	11:00	6774,01	6785,3	6760,25	6776,71	LONG	0,00167	5982,92	0,00334	HOLD	99,9075	101,203
2018-10-17	12:00	6776,71	6811,12	6757,01	6760,09	LONG	0,00167	5982,92	0,00334	HOLD	99,9075	101,1753
2018-10-17	13:00	6761,04	6770	6760,02	6764,02	LONG	0,00167	5982,92	0,00334	HOLD	99,9075	101,1818
2018-10-17	14:00	6764,03	6764,08	6742,4	6750,01	LONG	0,00167	5982,92	0,00334	HOLD	99,9075	101,1584
2018-10-17	15:00	6751	6780,06	6748,27	6766,21	LONG	0,00167	5982,92	0,00334	HOLD	99,9075	101,1855
2018-10-17	16:00	6768,11	6772,71	6713,01	6733,38	LONG	0,00167	5982,92	0,00334	HOLD	99,9075	101,1307
2018-10-17	17:00	6730,9	6735	6700	6703,19	LONG	0,00167	5982,92	0,00334	HOLD	99,9075	101,0802
2018-10-17	18:00	6704,8	6729	6676,01	6726,13	LONG	0,00167	5982,92	0,00334	HOLD	99,9075	101,1185
2018-10-17	19:00	6728,56	6736	6715,11	6727,27	LONG	0,00167	5982,92	0,00334	HOLD	99,9075	101,1205
2018-10-17	20:00	6727,28	6728,99	6700,01	6715,02	LONG	0,00167	5982,92	0,00334	HOLD	99,9075	101,1
2018-10-17	21:00	6715,9	6761,04	6701,27	6746	LONG	0,00167	5982,92	0,00334	HOLD	99,9075	101,1517
2018-10-17	22:00	6746,13	6753,66	6729,67	6748,02	LONG	0,00167	5982,92	0,00334	HOLD	99,9075	101,1551
2018-10-17	23:00	6746,89	6756	6736	6751,02	LONG	0,00167	5982,92	0,00334	HOLD	99,9075	101,1601
2018-10-18	00:00	6751,53	6756	6732	6747,85	LONG	0,00167	5982,92	0,00334	HOLD	99,9075	101,1548
2018-10-18	01:00	6747,43	6750	6735	6742,51	LONG	0,00167	5982,92	0,00334	HOLD	99,9075	101,1459
2018-10-18	02:00	6742,19	6747,42	6715	6716,96	LONG	0,00167	5982,92	0,00334	HOLD	99,9075	101,1032
2018-10-18	03:00	6717,01	6737,32	6710	6729,41	LONG	0,00167	5982,92	0,00334	HOLD	99,9075	101,124
2018-10-18	04:00	6729,95	6741,47	6723,38	6734,67	LONG	0,00167	5982,92	0,00334	HOLD	99,9075	101,1328
2018-10-18	05:00	6734,67	6754,53	6732,4	6738	LONG	0,00167	5982,92	0,00334	HOLD	99,9075	101,1384
2018-10-18	06:00	6738	6747,13	6725,6	6740,89	LONG	0,00167	5982,92	0,00334	HOLD	99,9075	101,1432
2018-10-18	07:00	6739,01	6750,18	6724	6740,9	LONG	0,00167	5982,92	0,00334	HOLD	99,9075	101,1432
2018-10-18	08:00	6742,15	6746,57	6732	6734,28	LONG	0,00167	5982,92	0,00334	HOLD	99,9075	101,1322
2018-10-18	09:00	6734,9	6749	6728,49	6743,95	LONG	0,00167	5982,92	0,00334	HOLD	99,9075	101,1483
2018-10-18	10:00	6743,95	6796	6739,27	6761,26	LONG	0,00167	5982,92	0,00334	HOLD	99,9075	101,1772
2018-10-18	11:00	6760,4	6766,32	6746,49	6751,31	LONG	0,00167	5982,92	0,00334	HOLD	99,9075	101,1606
2018-10-18	12:00	6753	6754,84	6717,48	6733,01	LONG	0,00167	5982,92	0,00334	HOLD	99,9075	101,13
2018-10-18	13:00	6733,02	6745,42	6728,98	6733,12	LONG	0,00167	5982,92	0,00334	HOLD	99,9075	101,1302
2018-10-18	14:00	6734,21	6745,96	6730,01	6732,65	LONG	0,00167	5982,92	0,00334	HOLD	99,9075	101,1294
2018-10-18	15:00	6734,85	6736,13	6701,13	6723	LONG	0,00167	5982,92	0,00334	HOLD	99,9075	101,1133
2018-10-18	16:00	6721,17	6732,89	6714,17	6722,19	LONG	0,00167	5982,92	0,00334	HOLD	99,9075	101,112
2018-10-18	17:00	6724,34	6736,29	6719,21	6729,14	LONG	0,00167	5982,92	0,00334	HOLD	99,9075	101,1236
2018-10-18	18:00	6731,36	6733	6707	6715,86	LONG	0,00167	5982,92	0,00334	HOLD	99,9075	101,1014
2018-10-18	19:00	6715,86	6725	6709,58	6717,41	LONG	0,00167	5982,92	0,00334	HOLD	99,9075	101,104
2018-10-18	20:00	6718,94	6724,42	6703,33	6716,08	LONG	0,00167	5982,92	0,00334	HOLD	99,9075	101,1018
2018-10-18	21:00	6716,08	6719	6705,01	6707,42	LONG	0,00167	5982,92	0,00334	HOLD	99,9075	101,0873
2018-10-18	22:00	6707,42	6707,42	6672,8	6704,9	LONG	0,00167	5982,92	0,00334	HOLD	99,9075	101,0831
2018-10-18	23:00	6704,9	6715	6698,43	6710,91	LONG	0,00167	5982,92	0,00334	HOLD	99,9075	101,0931
2018-10-19	00:00	6710,91	6716	6611,95	6643	LONG	0,00167	5982,92	0,00334	HOLD	99,9075	100,9797
2018-10-19	01:00	6643	6666,08	6616,13	6634	LONG	0,00167	5982,92	0,00334	HOLD	99,9075	100,9647
2018-10-19	02:00	6634	6642	6611,93	6636,03	LONG	0,00167	5982,92	0,00334	HOLD	99,9075	100,9681
2018-10-19	03:00	6639,11	6644,86	6615	6618,72	LONG	0,00167	5982,92	0,00334	HOLD	99,9075	100,9392
2018-10-19	04:00	6618,72	6619,44	6574,24	6593,99	LONG	0,00167	5982,92	0,00334	HOLD	99,9075	100,8979
2018-10-19	05:00	6593,01	6617,97	6567	6601,96	LONG	0,00167	5982,92	0,00334	HOLD	99,9075	100,9112
2018-10-19	06:00	6601,96	6634,48	6594,69	6618,96	LONG	0,00167	5982,92	0,00334	HOLD	99,9075	100,9396
2018-10-19	07:00	6618,96	6648,14	6607,06	6634,59	LONG	0,00167	5982,92	0,00334	HOLD	99,9075	100,9657
2018-10-19	08:00	6633,57	6641,82	6595,14	6602,04	LONG	0,00167	5982,92	0,00334	HOLD	99,9075	100,9113
2018-10-19	09:00	6602,03	6631,73	6598,5	6625	LONG	0,00167	5982,92	0,00334	HOLD	99,9075	100,9497
2018-10-19	10:00	6625	6626,11	6596,8	6613	LONG	0,00167	5982,92	0,00334	HOLD	99,9075	100,9296
2018-10-19	11:00	6613,08	6638,11	6612,91	6629,11	LONG	0,00167	5982,92	0,00334	HOLD	99,9075	100,9565
2018-10-19	12:00	6629,11	6630	6583	6588,01	LONG	0,00167	5982,92	0,00334	HOLD	99,9075	100,8879
2018-10-19	16:00	6588	6615,54	6583	6600,9	LONG	0,00167	5982,92	0,00334	HOLD	99,9075	100,9094
2018-10-19	17:00	6603,32	6617,48	6597	6602,22	LONG	0,00167	5982,92	0,00334	HOLD	99,9075	100,9116
2018-10-19	18:00	6602,22	6607	6581	6586,65	LONG	0,00167	5982,92	0,00334	HOLD	99,9075	100,8856
2018-10-19	19:00	6586,63	6587,17	6551,02	6572,61	LONG	0,00167	5982,92	0,00334	HOLD	99,9075	100,8622
2018-10-19	20:00	6573,67	6589,7	6572,3	6580,01	LONG	0,00167	5982,92	0,00334	HOLD	99,9075	100,8745
2018-10-19	21:00	6580,01	6587	6557,55	6562,83	LONG	0,00167	5982,92	0,00334	HOLD	99,9075	100,8458
2018-10-19	22:00	6562,07	6572,44	6556	6572,35	LONG	0,00167	5982,92	0,00334	HOLD	99,9075	100,8617
2018-10-19	23:00	6572,12	6596,11	6562	6574,22	LONG	0,00167	5982,92	0,00334	HOLD	99,9075	100,8649
2018-10-20	00:00	6574,22	6580,83	6560	6567,23	LONG	0,00167	5982,92	0,00334	HOLD	99,9075	100,8532
2018-10-20	01:00	6567,23	6577,69	6565	6569,96	LONG	0,00167	5982,92	0,00334	HOLD	99,9075	100,8577
2018-10-20	02:00	6568,7	6575	6551,01	6555,38	LONG	0,00167	5982,92	0,00334	HOLD	99,9075	100,8334
2018-10-20	03:00	6555,38	6560	6523	6532,01	LONG	0,00167	5982,92	0,00334	HOLD	99,9075	100,7944
2018-10-20	04:00	6532	6542,12	6531,09	6539,76	LONG	0,00167	5982,92	0,00334	HOLD	99,9075	100,8073
2018-10-20	05:00	6540,41	6544,24	6528,46	6540,49	LONG	0,00167	5982,92	0,00334	HOLD	99,9075	100,8085
2018-10-20	06:00	6540,44	6548	6528,88	6528,88	LONG	0,00167	5982,92	0,00334	HOLD	99,9075	100,7891
2018-10-20	07:00	6528,88	6530,65	6511	6518,06	LONG	0,00167	5982,92	0,00334	HOLD	99,9075	100,7711
2018-10-20	08:00	6518,05	6548	6505,55	6545,23	LONG	0,00167	5982,92	0,00334	HOLD	99,9075	100,8164
2018-10-20	09:00	6546,38	6557,23	6531,02	6537,2	LONG	0,00167	5982,92	0,00334	HOLD	99,9075	100,803
2018-10-20	10:00	6537,2	6545,55	6531,64	6543,05	LONG	0,00167	5982,92	0,00334	HOLD	99,9075	100,8128
2018-10-20	11:00	6542,09	6550,99	6538,37	6549,11	LONG	0,00167	5982,92	0,00334	HOLD	99,9075	100,8229
2018-10-20	12:00	6550,03	6556,44	6543,69	6551,48	LONG	0,00167	5982,92	0,00334	HOLD	99,9075	100,8269
2018-10-20	13:00	6553,68	6605	6551,48	6591	LONG	0,00167	5982,92	0,00334	HOLD	99,9075	100,8929
2018-10-20	14:00	6590,99	6595,89	6574,14	6576,43	LONG	0,00167	5982,92	0,00334	HOLD	99,9075	100,8685
2018-10-20	15:00	6576	6579,55	6566	6573,97	LONG	0,00167	5982,92	0,00334	HOLD	99,9075	100,8644
2018-10-20	16:00	6573,97	6587,49	6570,6	6580,03	LONG	0,00167	5982,92	0,00334	HOLD	99,9075	100,8746
2018-10-20	17:00	6580,04	6583,93	6571	6573,58	LONG	0,00167	5982,92	0,00334	HOLD	99,9075	100,8638
2018-10-20	18:00	6574,29	6601,18	6573,6	6597,78	LONG	0,00167	5982,92	0,00334	HOLD	99,9075	100,9042
2018-10-20	19:00	6597,2	6600	6580,31	6592,5	LONG	0,00167	5982,92	0,00334	HOLD	99,9075	100,8954
2018-10-20	20:00	6592,51	6617,65	6588,08	6608,01	LONG	0,00167	5982,92	0,00334	HOLD	99,9075	100,9213
2018-10-20	21:00	6608,01	6610	6586,06	6589,69	LONG	0,00167	5982,92	0,00334	HOLD	99,9075	100,8907
2018-10-20	22:00	6587,55	6594	6570	6573,13	LONG	0,00167	5982,92	0,00334	HOLD	99,9075	100,863
2018-10-20	23:00	6573,63	6581,43	6570	6573,01	LONG	0,00167	5982,92	0,00334	HOLD	99,9075	100,8628
2018-10-21	00:00	6572,35	6585	6572	6579,54	LONG	0,00167	5982,92	0,00334	HOLD	99,9075	100,8737
2018-10-21	01:00	6581,35	6586	6562,04	6565,15	LONG	0,00167	5982,92	0,00334	HOLD	99,9075	100,8497
2018-10-21	02:00	6565,15	6584,48	6562,2	6582,16	LONG	0,00167	5982,92	0,00334	HOLD	99,9075	100,8781
2018-10-21	03:00	6582,16	6592,35	6578,34	6589,38	LONG	0,00167	5982,92	0,00334	HOLD	99,9075	100,8902
2018-10-21	04:00	6592,31	6592,32	6585,06	6588,69	LONG	0,00167	5982,92	0,00334	HOLD	99,9075	100,889
2018-10-21	05:00	6588,69	6599,27	6574,5	6590,01	LONG	0,00167	5982,92	0,00334	HOLD	99,9075	100,8912
2018-10-21	06:00	6592,25	6593,63	6571,34	6588,4	LONG	0,00167	5982,92	0,00334	HOLD	99,9075	100,8885
2018-10-21	07:00	6585,72	6601,18	6581,69	6597	LONG	0,00167	5982,92	0,00334	HOLD	99,9075	100,9029
2018-10-21	08:00	6598,09	6663,9	6597	6622,01	LONG	0,00167	5982,92	0,00334	HOLD	99,9075	100,9447
2018-10-21	09:00	6624	6632,26	6615	6622,73	LONG	0,00167	5982,92	0,00334	HOLD	99,9075	100,9459
2018-10-21	10:00	6622,87	6627,62	6611,05	6616,62	LONG	0,00167	5982,92	0,00334	HOLD	99,9075	100,9357
2018-10-21	11:00	6616,63	6624,04	6612	6618,42	LONG	0,00167	5982,92	0,00334	HOLD	99,9075	100,9387
2018-10-21	12:00	6618,5	6622,6	6604,07	6617,01	LONG	0,00167	5982,92	0,00334	HOLD	99,9075	100,9363
2018-10-21	13:00	6617,32	6621,17	6610,12	6613,57	LONG	0,00167	5982,92	0,00334	HOLD	99,9075	100,9306
2018-10-21	14:00	6613,6	6629	6610,27	6620,52	LONG	0,00167	5982,92	0,00334	HOLD	99,9075	100,9422
2018-10-21	15:00	6620	6625	6613,89	6621,99	LONG	0,00167	5982,92	0,00334	HOLD	99,9075	100,9446
2018-10-21	16:00	6620,56	6633,13	6616,08	6627,61	LONG	0,00167	5982,92	0,00334	HOLD	99,9075	100,954
2018-10-21	17:00	6627,61	6640	6626,07	6636	LONG	0,00167	5982,92	0,00334	HOLD	99,9075	100,968
2018-10-21	18:00	6636,08	6638,38	6613,87	6618,43	LONG	0,00167	5982,92	0,00334	HOLD	99,9075	100,9387
2018-10-21	19:00	6618,51	6625,78	6616	6622,73	LONG	0,00167	5982,92	0,00334	HOLD	99,9075	100,9459
2018-10-21	20:00	6622,73	6642	6621,57	6636,12	LONG	0,00167	5982,92	0,00334	HOLD	99,9075	100,9682
2018-10-21	21:00	6636,12	6658,05	6634,6	6651,93	LONG	0,00167	5982,92	0,00334	HOLD	99,9075	100,9946
2018-10-21	22:00	6651,93	6657,74	6635,02	6645	LONG	0,00167	5982,92	0,00334	HOLD	99,9075	100,9831
2018-10-21	23:00	6645	6647,99	6630,33	6637	LONG	0,00167	5982,92	0,00334	HOLD	99,9075	100,9697
2018-10-22	00:00	6638,01	6641,93	6620,06	6630,01	LONG	0,00167	5982,92	0,00334	HOLD	99,9075	100,958
2018-10-22	01:00	6631,41	6632,74	6620,04	6626,86	LONG	0,00167	5982,92	0,00334	HOLD	99,9075	100,9528
2018-10-22	02:00	6626,42	6631	6622,98	6625,6	LONG	0,00167	5982,92	0,00334	HOLD	99,9075	100,9507
2018-10-22	03:00	6627,46	6632,53	6622,91	6631,57	LONG	0,00167	5982,92	0,00334	HOLD	99,9075	100,9606
2018-10-22	04:00	6631,56	6631,57	6620,69	6622,04	LONG	0,00167	5982,92	0,00334	HOLD	99,9075	100,9447
2018-10-22	05:00	6622,04	6625,13	6588	6590,65	LONG	0,00167	5982,92	0,00334	HOLD	99,9075	100,8923
2018-10-22	06:00	6590,65	6606,34	6580	6590,11	LONG	0,00167	5982,92	0,00334	HOLD	99,9075	100,8914
2018-10-22	07:00	6590,12	6596,15	6555,42	6593	LONG	0,00167	5982,92	0,00334	HOLD	99,9075	100,8962
2018-10-22	08:00	6595,61	6609	6585	6606,14	LONG	0,00167	5982,92	0,00334	HOLD	99,9075	100,9182
2018-10-22	09:00	6607,8	6616,07	6584,01	6589,98	LONG	0,00167	5982,92	0,00334	HOLD	99,9075	100,8912
2018-10-22	10:00	6589,98	6599,6	6587	6597,91	LONG	0,00167	5982,92	0,00334	HOLD	99,9075	100,9044
2018-10-22	11:00	6597,91	6628,79	6595	6620,32	LONG	0,00167	5982,92	0,00334	HOLD	99,9075	100,9418
2018-10-22	12:00	6621,8	6632,92	6615	6622,64	LONG	0,00167	5982,92	0,00334	HOLD	99,9075	100,9457
2018-10-22	13:00	6622,33	6639	6622,33	6629,52	LONG	0,00167	5982,92	0,00334	HOLD	99,9075	100,9572
2018-10-22	14:00	6629,6	6631	6606,11	6615,06	LONG	0,00167	5982,92	0,00334	HOLD	99,9075	100,9331
2018-10-22	15:00	6616,83	6620	6569,58	6581	LONG	0,00167	5982,92	0,00334	HOLD	99,9075	100,8762
2018-10-22	16:00	6581,56	6595,68	6576,53	6591,77	LONG	0,00167	5982,92	0,00334	HOLD	99,9075	100,8942
2018-10-22	17:00	6591,77	6602,35	6579,12	6587,8	LONG	0,00167	5982,92	0,00334	HOLD	99,9075	100,8875
2018-10-22	18:00	6587,61	6601,88	6579	6594	LONG	0,00167	5982,92	0,00334	HOLD	99,9075	100,8979
2018-10-22	19:00	6594,5	6595,69	6581	6583,77	LONG	0,00167	5982,92	0,00334	HOLD	99,9075	100,8808
2018-10-22	20:00	6583,77	6584,97	6535,27	6573,99	LONG	0,00167	5982,92	0,00334	HOLD	99,9075	100,8645
2018-10-22	21:00	6574	6574,99	6552,55	6570,91	LONG	0,00167	5982,92	0,00334	HOLD	99,9075	100,8593
2018-10-22	22:00	6570,9	6574,24	6559,45	6563,49	LONG	0,00167	5982,92	0,00334	HOLD	99,9075	100,8469
2018-10-22	23:00	6562,71	6579	6558,54	6577,9	LONG	0,00167	5982,92	0,00334	HOLD	99,9075	100,871
2018-10-23	00:00	6577,9	6584,2	6573,12	6576,01	LONG	0,00167	5982,92	0,00334	HOLD	99,9075	100,8678
2018-10-23	01:00	6576,01	6580	6551,58	6563,03	LONG	0,00167	5982,92	0,00334	HOLD	99,9075	100,8462
2018-10-23	02:00	6563,3	6566,82	6551,28	6560,14	LONG	0,00167	5982,92	0,00334	HOLD	99,9075	100,8413
2018-10-23	03:00	6562,55	6590	6560,49	6580	LONG	0,00167	5982,92	0,00334	HOLD	99,9075	100,8745
2018-10-23	04:00	6579,99	6590,08	6571,85	6578,01	LONG	0,00167	5982,92	0,00334	HOLD	99,9075	100,8712
2018-10-23	05:00	6578	6584,56	6568,57	6576,96	LONG	0,00167	5982,92	0,00334	HOLD	99,9075	100,8694
2018-10-23	06:00	6576,96	6585	6571,54	6581,2	LONG	0,00167	5982,92	0,00334	HOLD	99,9075	100,8765
2018-10-23	07:00	6581,2	6589,18	6565,65	6585,83	LONG	0,00167	5982,92	0,00334	HOLD	99,9075	100,8842
2018-10-23	08:00	6585,83	6595	6582,15	6588,05	LONG	0,00167	5982,92	0,00334	HOLD	99,9075	100,888
2018-10-23	09:00	6588,04	6594,48	6587,23	6590,42	LONG	0,00167	5982,92	0,00334	HOLD	99,9075	100,8919
2018-10-23	10:00	6590,43	6592,28	6565,6	6577,88	LONG	0,00167	5982,92	0,00334	HOLD	99,9075	100,871
2018-10-23	11:00	6577,88	6589,26	6566,9	6585,01	LONG	0,00167	5982,92	0,00334	HOLD	99,9075	100,8829
2018-10-23	12:00	6585,02	6587,78	6578,95	6585,39	LONG	0,00167	5982,92	0,00334	HOLD	99,9075	100,8835
2018-10-23	13:00	6583,64	6588,32	6567,87	6576,59	LONG	0,00167	5982,92	0,00334	HOLD	99,9075	100,8688
2018-10-23	14:00	6577,68	6581,91	6567,38	6573,46	LONG	0,00167	5982,92	0,00334	HOLD	99,9075	100,8636
2018-10-23	15:00	6572,03	6580	6569,02	6572,99	LONG	0,00167	5982,92	0,00334	HOLD	99,9075	100,8628
2018-10-23	16:00	6572,99	6574,13	6536,01	6550,7	LONG	0,00167	5982,92	0,00334	HOLD	99,9075	100,8256
2018-10-23	17:00	6548,24	6556,13	6515,45	6542,47	LONG	0,00167	5982,92	0,00334	HOLD	99,9075	100,8118
2018-10-23	18:00	6542,46	6552,33	6533,85	6541,87	LONG	0,00167	5982,92	0,00334	HOLD	99,9075	100,8108
2018-10-23	19:00	6541,86	6570	6533,44	6567,99	LONG	0,00167	5982,92	0,00334	HOLD	99,9075	100,8545
2018-10-23	20:00	6567,73	6584,98	6561,7	6562,31	LONG	0,00167	5982,92	0,00334	HOLD	99,9075	100,845
2018-10-23	21:00	6562,31	6566,75	6553,5	6559,7	LONG	0,00167	5982,92	0,00334	HOLD	99,9075	100,8406
2018-10-23	22:00	6561	6575	6555,7	6556,6	LONG	0,00167	5982,92	0,00334	HOLD	99,9075	100,8354
2018-10-23	23:00	6556,6	6570	6556,59	6568,62	LONG	0,00167	5982,92	0,00334	HOLD	99,9075	100,8555
2018-10-24	00:00	6568,62	6575	6555	6558,44	LONG	0,00167	5982,92	0,00334	HOLD	99,9075	100,8385
2018-10-24	01:00	6556,5	6564,99	6555	6560,93	LONG	0,00167	5982,92	0,00334	HOLD	99,9075	100,8427
2018-10-24	02:00	6560,93	6590,6	6558	6576,52	LONG	0,00167	5982,92	0,00334	HOLD	99,9075	100,8687
2018-10-24	03:00	6576,52	6582,29	6553,71	6553,72	LONG	0,00167	5982,92	0,00334	HOLD	99,9075	100,8306
2018-10-24	04:00	6553,72	6561,24	6550,66	6552	LONG	0,00167	5982,92	0,00334	HOLD	99,9075	100,8278
2018-10-24	05:00	6552	6554,25	6541,01	6547,48	LONG	0,00167	5982,92	0,00334	HOLD	99,9075	100,8202
2018-10-24	06:00	6545,2	6558,28	6545,2	6553,51	LONG	0,00167	5982,92	0,00334	HOLD	99,9075	100,8303
2018-10-24	07:00	6553,51	6570	6547,53	6566,52	LONG	0,00167	5982,92	0,00334	HOLD	99,9075	100,852
2018-10-24	08:00	6565,06	6573,84	6560,11	6569,04	LONG	0,00167	5982,92	0,00334	HOLD	99,9075	100,8562
2018-10-24	09:00	6569,04	6573	6561,2	6569,3	LONG	0,00167	5982,92	0,00334	HOLD	99,9075	100,8566
2018-10-24	10:00	6569,29	6587	6569,29	6581,65	LONG	0,00167	5982,92	0,00334	HOLD	99,9075	100,8773
2018-10-24	11:00	6581,93	6624,81	6570,15	6620,95	LONG	0,00167	5982,92	0,00334	HOLD	99,9075	100,9429
2018-10-24	12:00	6619,97	6630	6600,05	6615,09	LONG	0,00167	5982,92	0,00334	HOLD	99,9075	100,9331
2018-10-24	13:00	6615,91	6622	6611,2	6612,05	LONG	0,00167	5982,92	0,00334	HOLD	99,9075	100,928
2018-10-24	14:00	6613,85	6615,77	6600	6610,94	LONG	0,00167	5982,92	0,00334	HOLD	99,9075	100,9262
2018-10-24	15:00	6610,95	6621,25	6592,14	6598,68	LONG	0,00167	5982,92	0,00334	HOLD	99,9075	100,9057
2018-10-24	16:00	6598,68	6606,81	6591	6605,11	LONG	0,00167	5982,92	0,00334	HOLD	99,9075	100,9164
2018-10-24	17:00	6605,15	6619,83	6601,09	6605,05	LONG	0,00167	5982,92	0,00334	HOLD	99,9075	100,9163
2018-10-24	18:00	6605,98	6609	6594	6600,53	LONG	0,00167	5982,92	0,00334	HOLD	99,9075	100,9088
2018-10-24	19:00	6600,53	6612	6600	6606,95	LONG	0,00167	5982,92	0,00334	HOLD	99,9075	100,9195
2018-10-24	20:00	6608	6616,41	6603,81	6608,18	LONG	0,00167	5982,92	0,00334	HOLD	99,9075	100,9216
2018-10-24	21:00	6608,21	6620,11	6604,17	6611,73	LONG	0,00167	5982,92	0,00334	HOLD	99,9075	100,9275
2018-10-24	22:00	6613,69	6615,96	6580,42	6581	LONG	0,00167	5982,92	0,00334	HOLD	99,9075	100,8762
2018-10-24	23:00	6580,99	6597,41	6574,61	6590,14	LONG	0,00167	5982,92	0,00334	HOLD	99,9075	100,8914
2018-10-25	00:00	6589,58	6601,93	6585	6594,82	LONG	0,00167	5982,92	0,00334	HOLD	99,9075	100,8993
2018-10-25	01:00	6594,83	6596,88	6584	6585,99	LONG	0,00167	5982,92	0,00334	HOLD	99,9075	100,8845
2018-10-25	02:00	6585,01	6590,54	6566	6578,82	LONG	0,00167	5982,92	0,00334	HOLD	99,9075	100,8725
2018-10-25	03:00	6577,01	6588,2	6574	6576,54	LONG	0,00167	5982,92	0,00334	HOLD	99,9075	100,8687
2018-10-25	04:00	6575,11	6583,83	6566	6578,02	LONG	0,00167	5982,92	0,00334	HOLD	99,9075	100,8712
2018-10-25	05:00	6578,02	6580,27	6563,1	6563,1	LONG	0,00167	5982,92	0,00334	HOLD	99,9075	100,8463
2018-10-25	06:00	6562,62	6570,85	6555	6565,5	LONG	0,00167	5982,92	0,00334	HOLD	99,9075	100,8503
2018-10-25	07:00	6566,81	6575,08	6558,54	6570,34	LONG	0,00167	5982,92	0,00334	HOLD	99,9075	100,8584
2018-10-25	08:00	6570,34	6575,09	6502,8	6514,23	LONG	0,00167	5982,92	0,00334	HOLD	99,9075	100,7647
2018-10-25	09:00	6513,1	6541,72	6512,88	6541,69	LONG	0,00167	5982,92	0,00334	HOLD	99,9075	100,8105
2018-10-25	10:00	6541,69	6542,13	6523,59	6536	LONG	0,00167	5982,92	0,00334	HOLD	99,9075	100,801
2018-10-25	11:00	6536	6547,68	6530,47	6539,99	LONG	0,00167	5982,92	0,00334	HOLD	99,9075	100,8077
2018-10-25	12:00	6539,99	6549,05	6527,41	6539,01	LONG	0,00167	5982,92	0,00334	HOLD	99,9075	100,8061
2018-10-25	13:00	6539,01	6556,53	6537,12	6553,54	LONG	0,00167	5982,92	0,00334	HOLD	99,9075	100,8303
2018-10-25	14:00	6553,54	6558	6545	6552,15	LONG	0,00167	5982,92	0,00334	HOLD	99,9075	100,828
2018-10-25	15:00	6553,25	6560	6543	6549,98	LONG	0,00167	5982,92	0,00334	HOLD	99,9075	100,8244
2018-10-25	16:00	6549,98	6550	6541,77	6545,5	LONG	0,00167	5982,92	0,00334	HOLD	99,9075	100,8169
2018-10-25	17:00	6545,5	6548,98	6531,65	6540,99	LONG	0,00167	5982,92	0,00334	HOLD	99,9075	100,8094
2018-10-25	18:00	6540,99	6560	6538,23	6546	LONG	0,00167	5982,92	0,00334	HOLD	99,9075	100,8177
2018-10-25	19:00	6544,99	6558,6	6542,35	6552,34	LONG	0,00167	5982,92	0,00334	HOLD	99,9075	100,8283
2018-10-25	20:00	6552,9	6569	6546,36	6560,54	LONG	0,00167	5982,92	0,00334	HOLD	99,9075	100,842
2018-10-25	21:00	6560,54	6570	6556	6556	LONG	0,00167	5982,92	0,00334	HOLD	99,9075	100,8344
2018-10-25	22:00	6556	6559	6541	6546,14	LONG	0,00167	5982,92	0,00334	HOLD	99,9075	100,818
2018-10-25	23:00	6546,14	6555,15	6541,04	6549,73	LONG	0,00167	5982,92	0,00334	HOLD	99,9075	100,824
2018-10-26	00:00	6549,73	6558,23	6541,1	6547,74	LONG	0,00167	5982,92	0,00334	HOLD	99,9075	100,8206
2018-10-26	01:00	6545,12	6563,81	6544,52	6560	LONG	0,00167	5982,92	0,00334	HOLD	99,9075	100,8411
2018-10-26	02:00	6560	6563,82	6550,31	6551,28	LONG	0,00167	5982,92	0,00334	HOLD	99,9075	100,8265
2018-10-26	03:00	6553	6554,98	6541	6544,7	LONG	0,00167	5982,92	0,00334	HOLD	99,9075	100,8156
2018-10-26	04:00	6544,01	6549,9	6535	6539,01	LONG	0,00167	5982,92	0,00334	HOLD	99,9075	100,8061
2018-10-26	05:00	6541,8	6559,8	6535,96	6557,42	LONG	0,00167	5982,92	0,00334	HOLD	99,9075	100,8368
2018-10-26	06:00	6557,42	6560	6528	6528,09	LONG	0,00167	5982,92	0,00334	HOLD	99,9075	100,7878
2018-10-26	07:00	6528,13	6547,47	6525,2	6536,8	LONG	0,00167	5982,92	0,00334	HOLD	99,9075	100,8024
2018-10-26	08:00	6537,93	6545,74	6526,62	6533,24	LONG	0,00167	5982,92	0,00334	HOLD	99,9075	100,7964
2018-10-26	09:00	6533,74	6539	6529,73	6533	LONG	0,00167	5982,92	0,00334	HOLD	99,9075	100,796
2018-10-26	10:00	6533	6539,76	6529,07	6529,16	LONG	0,00167	5982,92	0,00334	HOLD	99,9075	100,7896
2018-10-26	11:00	6529,17	6539,02	6523,19	6530,04	LONG	0,00167	5982,92	0,00334	HOLD	99,9075	100,7911
2018-10-26	12:00	6530,03	6543,1	6527,17	6538,5	LONG	0,00167	5982,92	0,00334	HOLD	99,9075	100,8052
2018-10-26	13:00	6537,9	6541,98	6533,42	6539,5	LONG	0,00167	5982,92	0,00334	HOLD	99,9075	100,8069
2018-10-26	14:00	6539,5	6541,3	6520	6533,6	LONG	0,00167	5982,92	0,00334	HOLD	99,9075	100,797
2018-10-26	15:00	6533,6	6600	6528	6583,53	LONG	0,00167	5982,92	0,00334	HOLD	99,9075	100,8804
2018-10-26	16:00	6581,11	6588	6560	6560	LONG	0,00167	5982,92	0,00334	HOLD	99,9075	100,8411
2018-10-26	17:00	6560	6562,95	6551,53	6554,2	LONG	0,00167	5982,92	0,00334	HOLD	99,9075	100,8314
2018-10-26	18:00	6554,25	6566,07	6551,5	6557,9	LONG	0,00167	5982,92	0,00334	HOLD	99,9075	100,8376
2018-10-26	19:00	6557,93	6560,79	6538,58	6543,29	LONG	0,00167	5982,92	0,00334	HOLD	99,9075	100,8132
2018-10-26	20:00	6543,29	6543,96	6525	6532,09	LONG	0,00167	5982,92	0,00334	HOLD	99,9075	100,7945
2018-10-26	21:00	6532,3	6540,87	6515,01	6540,54	LONG	0,00167	5982,92	0,00334	HOLD	99,9075	100,8086
2018-10-26	22:00	6540,56	6555	6528,93	6545,02	LONG	0,00167	5982,92	0,00334	HOLD	99,9075	100,8161
2018-10-26	23:00	6544,49	6556,6	6539,97	6548,61	LONG	0,00167	5982,92	0,00334	HOLD	99,9075	100,8221
2018-10-27	00:00	6548,61	6555,99	6544,64	6544,64	LONG	0,00167	5982,92	0,00334	HOLD	99,9075	100,8155
2018-10-27	01:00	6548,15	6553,08	6533,04	6539,8	LONG	0,00167	5982,92	0,00334	HOLD	99,9075	100,8074
2018-10-27	02:00	6539,38	6545,98	6538,03	6544,99	LONG	0,00167	5982,92	0,00334	HOLD	99,9075	100,816
2018-10-27	03:00	6544,96	6552,35	6539,41	6545,58	LONG	0,00167	5982,92	0,00334	HOLD	99,9075	100,817
2018-10-27	04:00	6541,98	6545,58	6531,2	6540,75	LONG	0,00167	5982,92	0,00334	HOLD	99,9075	100,809
2018-10-27	05:00	6540,76	6544	6537,04	6540	LONG	0,00167	5982,92	0,00334	HOLD	99,9075	100,8077
2018-10-27	06:00	6540	6542	6526,23	6538,63	LONG	0,00167	5982,92	0,00334	HOLD	99,9075	100,8054
2018-10-27	07:00	6538,63	6549,35	6537,41	6544,11	LONG	0,00167	5982,92	0,00334	HOLD	99,9075	100,8146
2018-10-27	08:00	6545,38	6548	6534,46	6546,03	LONG	0,00167	5982,92	0,00334	HOLD	99,9075	100,8178
2018-10-27	09:00	6546	6548,79	6540	6543,08	LONG	0,00167	5982,92	0,00334	HOLD	99,9075	100,8129
2018-10-27	10:00	6543,09	6558,35	6540,2	6550,06	LONG	0,00167	5982,92	0,00334	HOLD	99,9075	100,8245
2018-10-27	11:00	6550,06	6554,62	6540,43	6546,17	LONG	0,00167	5982,92	0,00334	HOLD	99,9075	100,818
2018-10-27	12:00	6546,17	6555	6540	6544,26	LONG	0,00167	5982,92	0,00334	HOLD	99,9075	100,8148
2018-10-27	13:00	6544,91	6552,07	6540,46	6549,87	LONG	0,00167	5982,92	0,00334	HOLD	99,9075	100,8242
2018-10-27	14:00	6549,87	6552,51	6545	6545,09	LONG	0,00167	5982,92	0,00334	HOLD	99,9075	100,8162
2018-10-27	15:00	6545,09	6547,53	6540	6540	LONG	0,00167	5982,92	0,00334	HOLD	99,9075	100,8077
2018-10-27	16:00	6540	6552	6536,28	6545,46	LONG	0,00167	5982,92	0,00334	HOLD	99,9075	100,8168
2018-10-27	17:00	6546,03	6546,11	6534,03	6535,74	LONG	0,00167	5982,92	0,00334	HOLD	99,9075	100,8006
2018-10-27	18:00	6535,74	6557,99	6533	6535	LONG	0,00167	5982,92	0,00334	HOLD	99,9075	100,7994
2018-10-27	19:00	6535,03	6540	6530,01	6535,98	LONG	0,00167	5982,92	0,00334	HOLD	99,9075	100,801
2018-10-27	20:00	6535,98	6541,27	6523	6523,97	LONG	0,00167	5982,92	0,00334	HOLD	99,9075	100,7809
2018-10-27	21:00	6523,23	6525,93	6507,04	6511,89	LONG	0,00167	5982,92	0,00334	HOLD	99,9075	100,7608
2018-10-27	22:00	6511,89	6517,96	6463,04	6494,93	LONG	0,00167	5982,92	0,00334	HOLD	99,9075	100,7324
2018-10-27	23:00	6493,86	6501	6478,52	6498,27	LONG	0,00167	5982,92	0,00334	HOLD	99,9075	100,738
2018-10-28	00:00	6498,21	6504,97	6491	6495,97	LONG	0,00167	5982,92	0,00334	HOLD	99,9075	100,7342
2018-10-28	01:00	6495,97	6498,13	6485	6488,45	LONG	0,00167	5982,92	0,00334	HOLD	99,9075	100,7216
2018-10-28	02:00	6488,45	6492,43	6482,44	6489,92	LONG	0,00167	5982,92	0,00334	HOLD	99,9075	100,7241
2018-10-28	03:00	6490,08	6500	6481,96	6495,14	LONG	0,00167	5982,92	0,00334	HOLD	99,9075	100,7328
2018-10-28	04:00	6495,21	6514	6493,93	6509,2	LONG	0,00167	5982,92	0,00334	HOLD	99,9075	100,7563
2018-10-28	05:00	6509,2	6509,2	6491,01	6502,97	LONG	0,00167	5982,92	0,00334	HOLD	99,9075	100,7459
2018-10-28	06:00	6502	6506,96	6497	6505,6	LONG	0,00167	5982,92	0,00334	HOLD	99,9075	100,7503
2018-10-28	07:00	6505,6	6506,84	6493,8	6496,23	LONG	0,00167	5982,92	0,00334	HOLD	99,9075	100,7346
2018-10-28	08:00	6496,23	6504,63	6496,07	6498,76	LONG	0,00167	5982,92	0,00334	HOLD	99,9075	100,7388
2018-10-28	09:00	6498,74	6505,5	6498,74	6504,53	LONG	0,00167	5982,92	0,00334	HOLD	99,9075	100,7485
2018-10-28	10:00	6504,56	6507,32	6495,03	6499,79	LONG	0,00167	5982,92	0,00334	HOLD	99,9075	100,7406
2018-10-28	11:00	6499,79	6510	6497,44	6504,03	LONG	0,00167	5982,92	0,00334	HOLD	99,9075	100,7476
2018-10-28	12:00	6504,03	6514	6501	6513,99	LONG	0,00167	5982,92	0,00334	HOLD	99,9075	100,7643
2018-10-28	13:00	6513,96	6514	6490,28	6497,35	LONG	0,00167	5982,92	0,00334	HOLD	99,9075	100,7365
2018-10-28	14:00	6497,35	6510,14	6477,32	6492,98	LONG	0,00167	5982,92	0,00334	HOLD	99,9075	100,7292
2018-10-28	15:00	6492,98	6493,31	6482,33	6492,15	LONG	0,00167	5982,92	0,00334	HOLD	99,9075	100,7278
2018-10-28	16:00	6492,55	6497,94	6486,86	6491,83	LONG	0,00167	5982,92	0,00334	HOLD	99,9075	100,7273
2018-10-28	17:00	6491,8	6494,14	6483	6491,85	LONG	0,00167	5982,92	0,00334	HOLD	99,9075	100,7273
2018-10-28	18:00	6491	6496,3	6487,13	6493,22	LONG	0,00167	5982,92	0,00334	HOLD	99,9075	100,7296
2018-10-28	19:00	6493,22	6500	6491,52	6498,6	LONG	0,00167	5982,92	0,00334	HOLD	99,9075	100,7386
2018-10-28	20:00	6498,83	6514,17	6496,98	6506,07	LONG	0,00167	5982,92	0,00334	HOLD	99,9075	100,751
2018-10-28	21:00	6507,07	6508,95	6500,11	6505,9	LONG	0,00167	5982,92	0,00334	HOLD	99,9075	100,7508
2018-10-28	22:00	6506,6	6509,82	6486	6487,01	LONG	0,00167	5982,92	0,00334	HOLD	99,9075	100,7192
2018-10-28	23:00	6487,01	6495,04	6475	6494,55	LONG	0,00167	5982,92	0,00334	HOLD	99,9075	100,7318
2018-10-29	00:00	6492,43	6503,39	6485,58	6488,51	LONG	0,00167	5982,92	0,00334	HOLD	99,9075	100,7217
2018-10-29	01:00	6488,51	6491,94	6475	6477,26	LONG	0,00167	5982,92	0,00334	HOLD	99,9075	100,7029
2018-10-29	02:00	6477,28	6492,02	6465	6468,65	LONG	0,00167	5982,92	0,00334	HOLD	99,9075	100,6886
2018-10-29	03:00	6468,65	6486,43	6453	6476,09	LONG	0,00167	5982,92	0,00334	HOLD	99,9075	100,701
2018-10-29	04:00	6476,67	6484,89	6468	6474,99	LONG	0,00167	5982,92	0,00334	HOLD	99,9075	100,6991
2018-10-29	05:00	6474,99	6482,29	6471,34	6474,67	LONG	0,00167	5982,92	0,00334	HOLD	99,9075	100,6986
2018-10-29	06:00	6474,92	6505	6474,18	6489,93	LONG	0,00167	5982,92	0,00334	HOLD	99,9075	100,7241
2018-10-29	07:00	6489,93	6495,68	6486,03	6494,03	LONG	0,00167	5982,92	0,00334	HOLD	99,9075	100,7309
2018-10-29	08:00	6494,03	6495	6479,27	6491,51	LONG	0,00167	5982,92	0,00334	HOLD	99,9075	100,7267
2018-10-29	09:00	6491,51	6505,01	6488,31	6496,24	LONG	0,00167	5982,92	0,00334	HOLD	99,9075	100,7346
2018-10-29	10:00	6495,27	6500,31	6491,66	6496,94	LONG	0,00167	5982,92	0,00334	HOLD	99,9075	100,7358
2018-10-29	11:00	6496,93	6502,33	6493	6497,86	LONG	0,00167	5982,92	0,00334	HOLD	99,9075	100,7373
2018-10-29	12:00	6501,29	6501,29	6495,88	6496,63	LONG	0,00167	5982,92	0,00334	HOLD	99,9075	100,7353
2018-10-29	13:00	6496,14	6497,74	6495,54	6497,47	LONG	0,00167	5982,92	0,00334	HOLD	99,9075	100,7367
2018-10-29	14:00	6497,77	6502,68	6497	6498,97	LONG	0,00167	5982,92	0,00334	HOLD	99,9075	100,7392
2018-10-29	15:00	6497,55	6501	6495,29	6498,92	LONG	0,00167	5982,92	0,00334	HOLD	99,9075	100,7391
2018-10-29	16:00	6497,05	6499	6483,08	6488,39	LONG	0,00167	5982,92	0,00334	HOLD	99,9075	100,7215
2018-10-29	17:00	6489,99	6496,88	6483,05	6491	LONG	0,00167	5982,92	0,00334	HOLD	99,9075	100,7259
2018-10-29	18:00	6490,23	6491,94	6390	6429,9	LONG	0,00167	5982,92	0,00334	HOLD	99,9075	100,6238
2018-10-29	19:00	6427,41	6429,79	6315	6352,01	LONG	0,00167	5982,92	0,00334	HOLD	99,9075	100,4938
2018-10-29	20:00	6352,03	6397,07	6351	6368,76	LONG	0,00167	5982,92	0,00334	HOLD	99,9075	100,5217
2018-10-29	21:00	6368,76	6381,09	6356	6366,89	LONG	0,00167	5982,92	0,00334	HOLD	99,9075	100,5186
2018-10-29	22:00	6366,08	6393,1	6364,16	6382,56	LONG	0,00167	5982,92	0,00334	HOLD	99,9075	100,5448
2018-10-29	23:00	6383,29	6385,99	6360	6368,04	LONG	0,00167	5982,92	0,00334	HOLD	99,9075	100,5205
2018-10-30	00:00	6368,04	6373,16	6341,74	6353,36	LONG	0,00167	5982,92	0,00334	HOLD	99,9075	100,496
2018-10-30	01:00	6353,36	6365,24	6350	6361,55	LONG	0,00167	5982,92	0,00334	HOLD	99,9075	100,5097
2018-10-30	02:00	6361,24	6363	6331	6336,1	LONG	0,00167	5982,92	0,00334	HOLD	99,9075	100,4672
2018-10-30	03:00	6336,1	6349,76	6325,33	6332,01	LONG	0,00167	5982,92	0,00334	HOLD	99,9075	100,4604
2018-10-30	04:00	6332,01	6345,35	6317	6324,03	LONG	0,00167	5982,92	0,00334	HOLD	99,9075	100,447
2018-10-30	05:00	6324,04	6346,85	6320	6346,5	LONG	0,00167	5982,92	0,00334	HOLD	99,9075	100,4846
2018-10-30	06:00	6345,13	6346,85	6339,3	6344,5	LONG	0,00167	5982,92	0,00334	HOLD	99,9075	100,4812
2018-10-30	07:00	6344,5	6361,37	6344,5	6357,07	LONG	0,00167	5982,92	0,00334	HOLD	99,9075	100,5022
2018-10-30	08:00	6357,07	6359,23	6340,37	6347,9	LONG	0,00167	5982,92	0,00334	HOLD	99,9075	100,4869
2018-10-30	09:00	6347	6361,49	6341,68	6353,77	LONG	0,00167	5982,92	0,00334	HOLD	99,9075	100,4967
2018-10-30	10:00	6353,77	6378,62	6352	6363,76	LONG	0,00167	5982,92	0,00334	HOLD	99,9075	100,5134
2018-10-30	11:00	6361,07	6382,5	6358,93	6380,86	LONG	0,00167	5982,92	0,00334	HOLD	99,9075	100,5419
2018-10-30	12:00	6380,86	6395	6361,38	6369,81	LONG	0,00167	5982,92	0,00334	HOLD	99,9075	100,5235
2018-10-30	13:00	6368,18	6387,99	6368,18	6383,2	LONG	0,00167	5982,92	0,00334	HOLD	99,9075	100,5459
2018-10-30	14:00	6384,03	6387,93	6361,2	6373	LONG	0,00167	5982,92	0,00334	HOLD	99,9075	100,5288
2018-10-30	15:00	6373	6373	6346,91	6353,5	LONG	0,00167	5982,92	0,00334	HOLD	99,9075	100,4963
2018-10-30	16:00	6353,5	6359,24	6347,81	6349,26	LONG	0,00167	5982,92	0,00334	HOLD	99,9075	100,4892
2018-10-30	17:00	6349,26	6352,8	6335	6348,28	LONG	0,00167	5982,92	0,00334	HOLD	99,9075	100,4875
2018-10-30	18:00	6348,28	6360,59	6330	6359,02	LONG	0,00167	5982,92	0,00334	HOLD	99,9075	100,5055
2018-10-30	19:00	6360,33	6376,81	6359	6364,4	LONG	0,00167	5982,92	0,00334	HOLD	99,9075	100,5145
2018-10-30	20:00	6364,4	6368	6349,75	6358,3	LONG	0,00167	5982,92	0,00334	HOLD	99,9075	100,5043
2018-10-30	21:00	6356,47	6360,23	6342	6348,54	LONG	0,00167	5982,92	0,00334	HOLD	99,9075	100,488
2018-10-30	22:00	6348,52	6356,46	6345	6353,97	LONG	0,00167	5982,92	0,00334	HOLD	99,9075	100,497
2018-10-30	23:00	6353,97	6355	6337	6338,94	LONG	0,00167	5982,92	0,00334	HOLD	99,9075	100,4719
2018-10-31	00:00	6339	6345	6338	6341,96	LONG	0,00167	5982,92	0,00334	HOLD	99,9075	100,477
2018-10-31	01:00	6340,04	6345	6328	6338,53	LONG	0,00167	5982,92	0,00334	HOLD	99,9075	100,4713
2018-10-31	02:00	6338,53	6344,71	6326,57	6332	LONG	0,00167	5982,92	0,00334	HOLD	99,9075	100,4604
2018-10-31	03:00	6331	6345	6326,55	6345	LONG	0,00167	5982,92	0,00334	HOLD	99,9075	100,4821
2018-10-31	04:00	6345	6349,68	6319,65	6326,53	LONG	0,00167	5982,92	0,00334	HOLD	99,9075	100,4512
2018-10-31	05:00	6326,55	6349,03	6317,01	6324,55	LONG	0,00167	5982,92	0,00334	HOLD	99,9075	100,4479
2018-10-31	06:00	6323,85	6337,27	6323,01	6330,87	LONG	0,00167	5982,92	0,00334	HOLD	99,9075	100,4585
2018-10-31	07:00	6330,01	6345	6330	6343,45	LONG	0,00167	5982,92	0,00334	HOLD	99,9075	100,4795
2018-10-31	08:00	6343,45	6347,12	6330,57	6335,69	LONG	0,00167	5982,92	0,00334	HOLD	99,9075	100,4665
2018-10-31	09:00	6335,68	6340,38	6330,03	6338,5	LONG	0,00167	5982,92	0,00334	HOLD	99,9075	100,4712
2018-10-31	10:00	6338,41	6342,18	6334,97	6339,39	LONG	0,00167	5982,92	0,00334	HOLD	99,9075	100,4727
2018-10-31	11:00	6338,99	6342,05	6335	6339,09	LONG	0,00167	5982,92	0,00334	HOLD	99,9075	100,4722
2018-10-31	12:00	6337,36	6342,88	6337	6339,05	LONG	0,00167	5982,92	0,00334	HOLD	99,9075	100,4721
2018-10-31	13:00	6339,04	6340	6327,97	6333,91	LONG	0,00167	5982,92	0,00334	HOLD	99,9075	100,4635
2018-10-31	14:00	6331,99	6335,5	6331,17	6335,33	LONG	0,00167	5982,92	0,00334	HOLD	99,9075	100,4659
2018-10-31	15:00	6335,33	6335,34	6324,58	6329,34	LONG	0,00167	5982,92	0,00334	HOLD	99,9075	100,4559
2018-10-31	16:00	6329,36	6335,32	6320	6325	LONG	0,00167	5982,92	0,00334	HOLD	99,9075	100,4487
2018-10-31	17:00	6328,01	6340,89	6320	6337,18	LONG	0,00167	5982,92	0,00334	HOLD	99,9075	100,469
2018-10-31	18:00	6339,2	6342,98	6329,74	6331,87	LONG	0,00167	5982,92	0,00334	HOLD	99,9075	100,4601
2018-10-31	19:00	6331,88	6338	6330,82	6334,73	LONG	0,00167	5982,92	0,00334	HOLD	99,9075	100,4649
2018-10-31	20:00	6334,73	6335,91	6307	6313,55	LONG	0,00167	5982,92	0,00334	HOLD	99,9075	100,4295
2018-10-31	21:00	6312,06	6322	6260,41	6265,24	LONG	0,00167	5982,92	0,00334	HOLD	99,9075	100,3489
2018-10-31	22:00	6265	6428	6245,02	6394,8	LONG	0,00167	5982,92	0,00334	HOLD	99,9075	100,5652
2018-10-31	23:00	6393,38	6393,38	6355,15	6378,1	LONG	0,00167	5982,92	0,00334	HOLD	99,9075	100,5373
2018-11-01	00:00	6378,1	6390	6347,41	6359,64	LONG	0,00167	5982,92	0,00334	HOLD	99,9075	100,5065
2018-11-01	01:00	6359,67	6378,28	6355	6367,81	LONG	0,00167	5982,92	0,00334	HOLD	99,9075	100,5202
2018-11-01	02:00	6367	6387,28	6359	6371,37	LONG	0,00167	5982,92	0,00334	HOLD	99,9075	100,5261
2018-11-01	03:00	6371,37	6384,64	6363,41	6369,01	LONG	0,00167	5982,92	0,00334	HOLD	99,9075	100,5222
2018-11-01	04:00	6369,01	6376,25	6366	6371,92	LONG	0,00167	5982,92	0,00334	HOLD	99,9075	100,527
2018-11-01	05:00	6371,92	6384	6367	6373,82	LONG	0,00167	5982,92	0,00334	HOLD	99,9075	100,5302
2018-11-01	06:00	6377,99	6380	6365	6371,93	LONG	0,00167	5982,92	0,00334	HOLD	99,9075	100,527
2018-11-01	07:00	6369,52	6377	6355	6366	LONG	0,00167	5982,92	0,00334	HOLD	99,9075	100,5171
2018-11-01	08:00	6369,66	6370,25	6358,04	6361,9	LONG	0,00167	5982,92	0,00334	HOLD	99,9075	100,5103
2018-11-01	09:00	6361,9	6369,92	6352,5	6363,72	LONG	0,00167	5982,92	0,00334	HOLD	99,9075	100,5133
2018-11-01	10:00	6363,74	6363,95	6357,21	6362,59	LONG	0,00167	5982,92	0,00334	HOLD	99,9075	100,5114
2018-11-01	11:00	6362,8	6370	6360	6367,03	LONG	0,00167	5982,92	0,00334	HOLD	99,9075	100,5189
2018-11-01	12:00	6367,03	6376,37	6364,2	6364,4	LONG	0,00167	5982,92	0,00334	HOLD	99,9075	100,5145
2018-11-01	13:00	6364,4	6382,4	6364	6378,54	LONG	0,00167	5982,92	0,00334	HOLD	99,9075	100,5381
2018-11-01	14:00	6378,54	6400	6367,41	6388,99	LONG	0,00167	5982,92	0,00334	HOLD	99,9075	100,5555
2018-11-01	15:00	6388,99	6392	6367,68	6374	LONG	0,00167	5982,92	0,00334	HOLD	99,9075	100,5305
2018-11-01	16:00	6374	6378,16	6367,63	6369,97	LONG	0,00167	5982,92	0,00334	HOLD	99,9075	100,5238
2018-11-01	17:00	6369,93	6376,27	6363,83	6368,06	LONG	0,00167	5982,92	0,00334	HOLD	99,9075	100,5206
2018-11-01	18:00	6368,06	6369,71	6363,63	6366,98	LONG	0,00167	5982,92	0,00334	HOLD	99,9075	100,5188
2018-11-01	19:00	6368,17	6368,22	6348,66	6367,49	LONG	0,00167	5982,92	0,00334	HOLD	99,9075	100,5196
2018-11-01	20:00	6367,48	6368,22	6359	6363,98	LONG	0,00167	5982,92	0,00334	HOLD	99,9075	100,5138
2018-11-01	21:00	6363,98	6371,5	6359	6369	LONG	0,00167	5982,92	0,00334	HOLD	99,9075	100,5221
2018-11-01	22:00	6367,9	6372	6361,36	6367,23	LONG	0,00167	5982,92	0,00334	HOLD	99,9075	100,5192
2018-11-01	23:00	6368,12	6370,94	6363	6367,6	LONG	0,00167	5982,92	0,00334	HOLD	99,9075	100,5198
2018-11-02	00:00	6367,6	6375	6366,29	6372,89	LONG	0,00167	5982,92	0,00334	HOLD	99,9075	100,5286
2018-11-02	01:00	6372,89	6376,01	6363	6373,94	LONG	0,00167	5982,92	0,00334	HOLD	99,9075	100,5304
2018-11-02	02:00	6373,94	6386,89	6370	6379,68	LONG	0,00167	5982,92	0,00334	HOLD	99,9075	100,54
2018-11-02	03:00	6379,68	6408,72	6376	6406	LONG	0,00167	5982,92	0,00334	HOLD	99,9075	100,5839
2018-11-02	04:00	6406	6442,65	6403,05	6415,97	LONG	0,00167	5982,92	0,00334	HOLD	99,9075	100,6006
2018-11-02	05:00	6418	6423,07	6393	6401,29	LONG	0,00167	5982,92	0,00334	HOLD	99,9075	100,5761
2018-11-02	06:00	6405,04	6417,21	6400,01	6410	LONG	0,00167	5982,92	0,00334	HOLD	99,9075	100,5906
2018-11-02	07:00	6410	6453	6407,65	6450,27	LONG	0,00167	5982,92	0,00334	HOLD	99,9075	100,6579
2018-11-02	08:00	6450,27	6460,34	6438,97	6443,74	LONG	0,00167	5982,92	0,00334	HOLD	99,9075	100,647
2018-11-02	09:00	6443,74	6450,96	6420	6431,34	LONG	0,00167	5982,92	0,00334	HOLD	99,9075	100,6262
2018-11-02	10:00	6431,34	6435	6423,81	6431,97	LONG	0,00167	5982,92	0,00334	HOLD	99,9075	100,6273
2018-11-02	11:00	6431,97	6436,78	6423,73	6425,43	LONG	0,00167	5982,92	0,00334	HOLD	99,9075	100,6164
2018-11-02	12:00	6425,43	6431,99	6422,11	6431,82	LONG	0,00167	5982,92	0,00334	HOLD	99,9075	100,627
2018-11-02	13:00	6430,46	6431,83	6420	6425,97	LONG	0,00167	5982,92	0,00334	HOLD	99,9075	100,6173
2018-11-02	14:00	6425,32	6433,51	6415	6425,2	LONG	0,00167	5982,92	0,00334	HOLD	99,9075	100,616
2018-11-02	15:00	6424,73	6425,2	6410,06	6414,39	LONG	0,00167	5982,92	0,00334	HOLD	99,9075	100,5979
2018-11-02	16:00	6413,14	6416,45	6388,2	6405,02	LONG	0,00167	5982,92	0,00334	HOLD	99,9075	100,5823
2018-11-02	17:00	6408,08	6410	6400,38	6410	LONG	0,00167	5982,92	0,00334	HOLD	99,9075	100,5906
2018-11-02	18:00	6410	6422,49	6404	6421,36	LONG	0,00167	5982,92	0,00334	HOLD	99,9075	100,6096
2018-11-02	19:00	6421,08	6428,73	6402	6415,96	LONG	0,00167	5982,92	0,00334	HOLD	99,9075	100,6006
2018-11-02	20:00	6415,96	6442	6414,38	6424,91	LONG	0,00167	5982,92	0,00334	HOLD	99,9075	100,6155
2018-11-02	21:00	6424,08	6448	6419,05	6440,01	LONG	0,00167	5982,92	0,00334	HOLD	99,9075	100,6407
2018-11-02	22:00	6440,42	6447,94	6423,02	6424,8	LONG	0,00167	5982,92	0,00334	HOLD	99,9075	100,6153
2018-11-02	23:00	6424,8	6433,84	6413	6421,46	LONG	0,00167	5982,92	0,00334	HOLD	99,9075	100,6097
2018-11-03	00:00	6421,46	6437,62	6415	6416,9	LONG	0,00167	5982,92	0,00334	HOLD	99,9075	100,6021
2018-11-03	01:00	6419,43	6431,45	6416,93	6425,14	LONG	0,00167	5982,92	0,00334	HOLD	99,9075	100,6159
2018-11-03	02:00	6424,53	6431,02	6421,15	6430,99	LONG	0,00167	5982,92	0,00334	HOLD	99,9075	100,6257
2018-11-03	03:00	6431	6437,72	6424,72	6432,54	LONG	0,00167	5982,92	0,00334	HOLD	99,9075	100,6283
2018-11-03	04:00	6432,54	6442,13	6431,01	6440,23	LONG	0,00167	5982,92	0,00334	HOLD	99,9075	100,6411
2018-11-03	05:00	6441,41	6441,48	6425,75	6431,96	LONG	0,00167	5982,92	0,00334	HOLD	99,9075	100,6273
2018-11-03	06:00	6434,1	6445	6430,01	6433,98	LONG	0,00167	5982,92	0,00334	HOLD	99,9075	100,6307
2018-11-03	07:00	6432,8	6439,97	6415,3	6430,22	LONG	0,00167	5982,92	0,00334	HOLD	99,9075	100,6244
2018-11-03	08:00	6428,29	6431,11	6423,26	6425,04	LONG	0,00167	5982,92	0,00334	HOLD	99,9075	100,6157
2018-11-03	09:00	6426,77	6432	6415,26	6421,9	LONG	0,00167	5982,92	0,00334	HOLD	99,9075	100,6105
2018-11-03	10:00	6421,13	6421,9	6413,77	6414,95	LONG	0,00167	5982,92	0,00334	HOLD	99,9075	100,5989
2018-11-03	11:00	6414,95	6425	6413,03	6418,19	LONG	0,00167	5982,92	0,00334	HOLD	99,9075	100,6043
2018-11-03	12:00	6418,19	6422,49	6405,41	6414,79	LONG	0,00167	5982,92	0,00334	HOLD	99,9075	100,5986
2018-11-03	13:00	6412,98	6419	6410,08	6413,48	LONG	0,00167	5982,92	0,00334	HOLD	99,9075	100,5964
2018-11-03	14:00	6411,95	6413,48	6403,47	6408,08	LONG	0,00167	5982,92	0,00334	HOLD	99,9075	100,5874
2018-11-03	15:00	6408,08	6413,34	6406,25	6410	LONG	0,00167	5982,92	0,00334	HOLD	99,9075	100,5906
2018-11-03	16:00	6410,4	6412,99	6345	6371,58	LONG	0,00167	5982,92	0,00334	HOLD	99,9075	100,5264
2018-11-03	17:00	6370,11	6378,29	6354,84	6378,29	LONG	0,00167	5982,92	0,00334	HOLD	99,9075	100,5377
2018-11-03	18:00	6377,94	6380	6364,37	6367,04	LONG	0,00167	5982,92	0,00334	HOLD	99,9075	100,5189
2018-11-03	19:00	6366	6377,94	6365,36	6370,62	LONG	0,00167	5982,92	0,00334	HOLD	99,9075	100,5248
2018-11-03	20:00	6370,71	6374,79	6345,78	6362,89	LONG	0,00167	5982,92	0,00334	HOLD	99,9075	100,5119
2018-11-03	21:00	6360,4	6373,69	6359,11	6370,38	LONG	0,00167	5982,92	0,00334	HOLD	99,9075	100,5244
2018-11-03	22:00	6369,55	6374,36	6366	6374	LONG	0,00167	5982,92	0,00334	HOLD	99,9075	100,5305
2018-11-03	23:00	6373,87	6374	6364,35	6369,99	LONG	0,00167	5982,92	0,00334	HOLD	99,9075	100,5238
2018-11-04	00:00	6368,73	6379,4	6368,07	6375	LONG	0,00167	5982,92	0,00334	HOLD	99,9075	100,5322
2018-11-04	01:00	6375,44	6376	6368	6373,09	LONG	0,00167	5982,92	0,00334	HOLD	99,9075	100,529
2018-11-04	02:00	6373,09	6382	6370	6375,34	LONG	0,00167	5982,92	0,00334	HOLD	99,9075	100,5327
2018-11-04	03:00	6377,91	6392,28	6376,63	6389	LONG	0,00167	5982,92	0,00334	HOLD	99,9075	100,5555
2018-11-04	04:00	6389	6390	6380	6386,21	LONG	0,00167	5982,92	0,00334	HOLD	99,9075	100,5509
2018-11-04	05:00	6385,07	6389	6382,96	6385,06	LONG	0,00167	5982,92	0,00334	HOLD	99,9075	100,549
2018-11-04	06:00	6386,52	6389	6378,04	6387,09	LONG	0,00167	5982,92	0,00334	HOLD	99,9075	100,5524
2018-11-04	07:00	6388	6389	6362	6371,24	LONG	0,00167	5982,92	0,00334	HOLD	99,9075	100,5259
2018-11-04	08:00	6371,24	6379,97	6368,69	6372,12	LONG	0,00167	5982,92	0,00334	HOLD	99,9075	100,5274
2018-11-04	09:00	6372,12	6382	6372	6376,96	LONG	0,00167	5982,92	0,00334	HOLD	99,9075	100,5354
2018-11-04	10:00	6376,94	6381,95	6371,09	6371,82	LONG	0,00167	5982,92	0,00334	HOLD	99,9075	100,5268
2018-11-04	11:00	6371,85	6373	6359	6360	LONG	0,00167	5982,92	0,00334	HOLD	99,9075	100,5071
2018-11-04	12:00	6359	6372	6359	6371,62	LONG	0,00167	5982,92	0,00334	HOLD	99,9075	100,5265
2018-11-04	13:00	6371,61	6416,6	6370,01	6389,35	LONG	0,00167	5982,92	0,00334	HOLD	99,9075	100,5561
2018-11-04	14:00	6387,11	6402,44	6387,11	6391,09	LONG	0,00167	5982,92	0,00334	HOLD	99,9075	100,559
2018-11-04	15:00	6388,33	6410	6387	6408,09	LONG	0,00167	5982,92	0,00334	HOLD	99,9075	100,5874
2018-11-04	16:00	6408,66	6415,47	6391,14	6393,12	LONG	0,00167	5982,92	0,00334	HOLD	99,9075	100,5624
2018-11-04	17:00	6393,12	6399,16	6388,1	6398,88	LONG	0,00167	5982,92	0,00334	HOLD	99,9075	100,572
2018-11-04	18:00	6398,88	6414,81	6394,84	6402,54	LONG	0,00167	5982,92	0,00334	HOLD	99,9075	100,5782
2018-11-04	19:00	6403,96	6413	6402	6404,89	LONG	0,00167	5982,92	0,00334	HOLD	99,9075	100,5821
2018-11-04	20:00	6404,89	6419,11	6397,03	6412,88	LONG	0,00167	5982,92	0,00334	HOLD	99,9075	100,5954
2018-11-04	21:00	6410,54	6415	6399,92	6404,55	LONG	0,00167	5982,92	0,00334	HOLD	99,9075	100,5815
2018-11-04	22:00	6404,55	6500	6402,03	6479,99	LONG	0,00167	5982,92	0,00334	HOLD	99,9075	100,7075
2018-11-04	23:00	6481,7	6486,52	6447,84	6452,99	LONG	0,00167	5982,92	0,00334	HOLD	99,9075	100,6624
2018-11-05	00:00	6451,16	6476,15	6444,35	6467,8	LONG	0,00167	5982,92	0,00334	HOLD	99,9075	100,6871
2018-11-05	01:00	6467,79	6525	6462,45	6493,75	LONG	0,00167	5982,92	0,00334	HOLD	99,9075	100,7305
2018-11-05	02:00	6492,3	6504	6468,22	6481,1	LONG	0,00167	5982,92	0,00334	HOLD	99,9075	100,7093
2018-11-05	03:00	6481,16	6491,58	6462,79	6473,13	LONG	0,00167	5982,92	0,00334	HOLD	99,9075	100,696
2018-11-05	04:00	6473,13	6486,12	6471,12	6475,97	LONG	0,00167	5982,92	0,00334	HOLD	99,9075	100,7008
2018-11-05	05:00	6475,98	6478,01	6460	6463,84	LONG	0,00167	5982,92	0,00334	HOLD	99,9075	100,6805
2018-11-05	06:00	6463,91	6487,89	6463,34	6485,85	LONG	0,00167	5982,92	0,00334	HOLD	99,9075	100,7173
2018-11-05	07:00	6485,85	6493	6471,11	6491,02	LONG	0,00167	5982,92	0,00334	HOLD	99,9075	100,7259
2018-11-05	08:00	6491,02	6495	6462,02	6467,76	LONG	0,00167	5982,92	0,00334	HOLD	99,9075	100,6871
2018-11-05	09:00	6472,84	6475	6460,49	6472,2	LONG	0,00167	5982,92	0,00334	HOLD	99,9075	100,6945
2018-11-05	10:00	6471,25	6481,31	6466	6468,97	LONG	0,00167	5982,92	0,00334	HOLD	99,9075	100,6891
2018-11-05	11:00	6466,24	6475,23	6464	6472,79	LONG	0,00167	5982,92	0,00334	HOLD	99,9075	100,6955
2018-11-05	12:00	6470,39	6476	6467,01	6468,95	LONG	0,00167	5982,92	0,00334	HOLD	99,9075	100,6891
2018-11-05	13:00	6468,94	6478,57	6460,03	6472,93	LONG	0,00167	5982,92	0,00334	HOLD	99,9075	100,6957
2018-11-05	14:00	6472,9	6473,5	6465,98	6472,01	LONG	0,00167	5982,92	0,00334	HOLD	99,9075	100,6942
2018-11-05	15:00	6472,64	6472,64	6438,9	6446,85	LONG	0,00167	5982,92	0,00334	HOLD	99,9075	100,6521
2018-11-05	16:00	6448,39	6464,82	6443,03	6449,25	LONG	0,00167	5982,92	0,00334	HOLD	99,9075	100,6562
2018-11-05	17:00	6449,25	6464,99	6448,22	6460,12	LONG	0,00167	5982,92	0,00334	HOLD	99,9075	100,6743
2018-11-05	18:00	6460,12	6465,65	6450,8	6452,84	LONG	0,00167	5982,92	0,00334	HOLD	99,9075	100,6622
2018-11-05	19:00	6454,15	6470	6452,83	6467,94	LONG	0,00167	5982,92	0,00334	HOLD	99,9075	100,6874
2018-11-05	20:00	6467,1	6504,39	6462,21	6475,34	LONG	0,00167	5982,92	0,00334	HOLD	99,9075	100,6997
2018-11-05	21:00	6474,01	6491,79	6462,83	6464,84	LONG	0,00167	5982,92	0,00334	HOLD	99,9075	100,6822
2018-11-05	22:00	6463,96	6487,13	6463,34	6473,15	LONG	0,00167	5982,92	0,00334	HOLD	99,9075	100,6961
2018-11-05	23:00	6475,19	6478,38	6460,75	6473,4	LONG	0,00167	5982,92	0,00334	HOLD	99,9075	100,6965
2018-11-06	00:00	6472,92	6473,4	6447	6450,78	LONG	0,00167	5982,92	0,00334	HOLD	99,9075	100,6587
2018-11-06	01:00	6451,05	6460	6431,02	6439,94	LONG	0,00167	5982,92	0,00334	HOLD	99,9075	100,6406
2018-11-06	02:00	6444,68	6455	6437	6448,12	LONG	0,00167	5982,92	0,00334	HOLD	99,9075	100,6543
2018-11-06	03:00	6449,57	6466,89	6448	6456,16	LONG	0,00167	5982,92	0,00334	HOLD	99,9075	100,6677
2018-11-06	04:00	6456,16	6465	6456	6460,21	LONG	0,00167	5982,92	0,00334	HOLD	99,9075	100,6745
2018-11-06	05:00	6460,21	6464,72	6452,02	6462,01	LONG	0,00167	5982,92	0,00334	HOLD	99,9075	100,6775
2018-11-06	06:00	6462,98	6475	6455,23	6468,99	LONG	0,00167	5982,92	0,00334	HOLD	99,9075	100,6891
2018-11-06	07:00	6468,99	6476,44	6462,21	6463,01	LONG	0,00167	5982,92	0,00334	HOLD	99,9075	100,6791
2018-11-06	08:00	6463,01	6469,27	6453,67	6465	LONG	0,00167	5982,92	0,00334	HOLD	99,9075	100,6825
2018-11-06	09:00	6465	6469,49	6460	6460	LONG	0,00167	5982,92	0,00334	HOLD	99,9075	100,6741
2018-11-06	10:00	6460,8	6460,8	6445,18	6448,38	LONG	0,00167	5982,92	0,00334	HOLD	99,9075	100,6547
2018-11-06	11:00	6451,66	6463,71	6446,09	6458,2	LONG	0,00167	5982,92	0,00334	HOLD	99,9075	100,6711
2018-11-06	12:00	6458,21	6468,74	6455,21	6459,99	LONG	0,00167	5982,92	0,00334	HOLD	99,9075	100,6741
2018-11-06	13:00	6459,99	6465,99	6456	6464,67	LONG	0,00167	5982,92	0,00334	HOLD	99,9075	100,6819
2018-11-06	14:00	6462,06	6466,95	6459	6464,34	LONG	0,00167	5982,92	0,00334	HOLD	99,9075	100,6814
2018-11-06	15:00	6464,34	6504,9	6462	6473,92	LONG	0,00167	5982,92	0,00334	HOLD	99,9075	100,6974
2018-11-06	16:00	6470,71	6502	6470,71	6498,53	LONG	0,00167	5982,92	0,00334	HOLD	99,9075	100,7385
2018-11-06	17:00	6499,99	6514,73	6480,01	6481,78	LONG	0,00167	5982,92	0,00334	HOLD	99,9075	100,7105
2018-11-06	18:00	6480,08	6484,94	6463,53	6471,72	LONG	0,00167	5982,92	0,00334	HOLD	99,9075	100,6937
2018-11-06	19:00	6470,15	6494,28	6468,8	6485,15	LONG	0,00167	5982,92	0,00334	HOLD	99,9075	100,7161
2018-11-06	20:00	6485,15	6501	6481,23	6484,64	LONG	0,00167	5982,92	0,00334	HOLD	99,9075	100,7153
2018-11-06	21:00	6485,97	6499	6480,17	6485,81	LONG	0,00167	5982,92	0,00334	HOLD	99,9075	100,7172
2018-11-06	22:00	6485,81	6509,8	6481,86	6496,27	LONG	0,00167	5982,92	0,00334	HOLD	99,9075	100,7347
2018-11-06	23:00	6496,27	6502,07	6481,01	6489	LONG	0,00167	5982,92	0,00334	HOLD	99,9075	100,7225
2018-11-07	00:00	6488,64	6499	6487,33	6494,92	LONG	0,00167	5982,92	0,00334	HOLD	99,9075	100,7324
2018-11-07	01:00	6494,88	6499,97	6486,41	6491,36	LONG	0,00167	5982,92	0,00334	HOLD	99,9075	100,7265
2018-11-07	02:00	6491,36	6495,58	6475,6	6479,87	LONG	0,00167	5982,92	0,00334	HOLD	99,9075	100,7073
2018-11-07	03:00	6479,87	6495	6476,05	6488,53	LONG	0,00167	5982,92	0,00334	HOLD	99,9075	100,7218
2018-11-07	04:00	6488,53	6495,99	6480,32	6490,55	LONG	0,00167	5982,92	0,00334	HOLD	99,9075	100,7251
2018-11-07	05:00	6492,93	6513,9	6485,05	6500	LONG	0,00167	5982,92	0,00334	HOLD	99,9075	100,7409
2018-11-07	06:00	6500	6531,31	6497,2	6519,11	LONG	0,00167	5982,92	0,00334	HOLD	99,9075	100,7728
2018-11-07	07:00	6522,73	6609,41	6509	6563,58	LONG	0,00167	5982,92	0,00334	HOLD	99,9075	100,8471
2018-11-07	08:00	6565,17	6597,82	6557,85	6595,04	LONG	0,00167	5982,92	0,00334	HOLD	99,9075	100,8996
2018-11-07	09:00	6595,04	6615,15	6576,01	6577,96	LONG	0,00167	5982,92	0,00334	HOLD	99,9075	100,8711
2018-11-07	10:00	6576,04	6595,53	6573,01	6580	LONG	0,00167	5982,92	0,00334	HOLD	99,9075	100,8745
2018-11-07	11:00	6580	6590,02	6566,11	6567,26	LONG	0,00167	5982,92	0,00334	HOLD	99,9075	100,8532
2018-11-07	12:00	6567,26	6576,66	6561	6568,15	LONG	0,00167	5982,92	0,00334	HOLD	99,9075	100,8547
2018-11-07	13:00	6569,8	6572,15	6562,75	6568,58	LONG	0,00167	5982,92	0,00334	HOLD	99,9075	100,8554
2018-11-07	14:00	6568,58	6588,89	6568,58	6581,97	LONG	0,00167	5982,92	0,00334	HOLD	99,9075	100,8778
2018-11-07	15:00	6579,32	6604,59	6579	6590,02	LONG	0,00167	5982,92	0,00334	HOLD	99,9075	100,8912
2018-11-07	16:00	6591,35	6604,99	6579,62	6587,2	LONG	0,00167	5982,92	0,00334	HOLD	99,9075	100,8865
2018-11-07	17:00	6587,92	6587,95	6567,1	6574,5	LONG	0,00167	5982,92	0,00334	HOLD	99,9075	100,8653
2018-11-07	18:00	6574,5	6583,73	6563,01	6575,01	LONG	0,00167	5982,92	0,00334	HOLD	99,9075	100,8662
2018-11-07	19:00	6577,63	6582	6570,25	6575,65	LONG	0,00167	5982,92	0,00334	HOLD	99,9075	100,8672
2018-11-07	20:00	6574,87	6587,11	6572	6576	LONG	0,00167	5982,92	0,00334	HOLD	99,9075	100,8678
2018-11-07	21:00	6575,21	6581,8	6536,89	6552,13	LONG	0,00167	5982,92	0,00334	HOLD	99,9075	100,828
2018-11-07	22:00	6552,13	6555,48	6536	6547,96	LONG	0,00167	5982,92	0,00334	HOLD	99,9075	100,821
2018-11-07	23:00	6547,94	6575,59	6540,05	6575,59	LONG	0,00167	5982,92	0,00334	HOLD	99,9075	100,8671
2018-11-08	00:00	6574,43	6592,09	6570,9	6585,8	LONG	0,00167	5982,92	0,00334	HOLD	99,9075	100,8842
2018-11-08	01:00	6584	6588,02	6570	6577	LONG	0,00167	5982,92	0,00334	HOLD	99,9075	100,8695
2018-11-08	02:00	6577	6580	6570	6570	LONG	0,00167	5982,92	0,00334	HOLD	99,9075	100,8578
2018-11-08	03:00	6571,38	6576,23	6563,33	6574,13	LONG	0,00167	5982,92	0,00334	HOLD	99,9075	100,8647
2018-11-08	04:00	6574,13	6584,7	6565,3	6579,64	LONG	0,00167	5982,92	0,00334	HOLD	99,9075	100,8739
2018-11-08	05:00	6579,64	6583,45	6571	6575,92	LONG	0,00167	5982,92	0,00334	HOLD	99,9075	100,8677
2018-11-08	06:00	6575,92	6581,6	6575,86	6578,46	LONG	0,00167	5982,92	0,00334	HOLD	99,9075	100,8719
2018-11-08	07:00	6578,46	6594	6575,86	6579,55	LONG	0,00167	5982,92	0,00334	HOLD	99,9075	100,8738
2018-11-08	08:00	6575,93	6579,55	6557,71	6561,1	LONG	0,00167	5982,92	0,00334	HOLD	99,9075	100,8429
2018-11-08	09:00	6561,91	6568,67	6506	6512,6	LONG	0,00167	5982,92	0,00334	HOLD	99,9075	100,762
2018-11-08	10:00	6512,59	6533,64	6505	6511,08	LONG	0,00167	5982,92	0,00334	HOLD	99,9075	100,7594
2018-11-08	11:00	6511,07	6538,2	6505,48	6533,64	LONG	0,00167	5982,92	0,00334	HOLD	99,9075	100,7971
2018-11-08	12:00	6535,91	6535,92	6519,29	6522,65	LONG	0,00167	5982,92	0,00334	HOLD	99,9075	100,7787
2018-11-08	13:00	6524,63	6532,14	6521,06	6529,09	LONG	0,00167	5982,92	0,00334	HOLD	99,9075	100,7895
2018-11-08	14:00	6529,79	6539,12	6521,63	6536,31	LONG	0,00167	5982,92	0,00334	HOLD	99,9075	100,8015
2018-11-08	15:00	6531,98	6539,12	6524,22	6525,25	LONG	0,00167	5982,92	0,00334	HOLD	99,9075	100,7831
2018-11-08	16:00	6525,25	6534,99	6519,26	6531,41	LONG	0,00167	5982,92	0,00334	HOLD	99,9075	100,7934
2018-11-08	17:00	6531,89	6544,56	6530,09	6539,09	LONG	0,00167	5982,92	0,00334	HOLD	99,9075	100,8062
2018-11-08	18:00	6539,41	6548,96	6527,33	6527,34	LONG	0,00167	5982,92	0,00334	HOLD	99,9075	100,7866
2018-11-08	19:00	6529,8	6548,87	6527,33	6547	LONG	0,00167	5982,92	0,00334	HOLD	99,9075	100,8194
2018-11-08	20:00	6547	6560	6542,05	6551,73	LONG	0,00167	5982,92	0,00334	HOLD	99,9075	100,8273
2018-11-08	21:00	6551,39	6559,99	6543	6556,01	LONG	0,00167	5982,92	0,00334	HOLD	99,9075	100,8344
2018-11-08	22:00	6556,01	6559,98	6535,28	6539,01	LONG	0,00167	5982,92	0,00334	HOLD	99,9075	100,8061
2018-11-08	23:00	6538,98	6542,14	6475	6501,28	LONG	0,00167	5982,92	0,00334	HOLD	99,9075	100,743
2018-11-09	00:00	6501,28	6507	6471,22	6496,19	LONG	0,00167	5982,92	0,00334	HOLD	99,9075	100,7345
2018-11-09	01:00	6495,24	6505,73	6480	6492,98	LONG	0,00167	5982,92	0,00334	HOLD	99,9075	100,7292
2018-11-09	02:00	6492,98	6497,5	6485,67	6495,72	LONG	0,00167	5982,92	0,00334	HOLD	99,9075	100,7338
2018-11-09	03:00	6495,74	6515	6492,04	6495,38	LONG	0,00167	5982,92	0,00334	HOLD	99,9075	100,7332
2018-11-09	04:00	6492,05	6513,98	6492,05	6504,04	LONG	0,00167	5982,92	0,00334	HOLD	99,9075	100,7477
2018-11-09	05:00	6504	6507,65	6468,22	6474,93	LONG	0,00167	5982,92	0,00334	HOLD	99,9075	100,699
2018-11-09	06:00	6478,39	6485	6468,22	6479,84	LONG	0,00167	5982,92	0,00334	HOLD	99,9075	100,7072
2018-11-09	07:00	6479,84	6485	6474,11	6476,93	LONG	0,00167	5982,92	0,00334	HOLD	99,9075	100,7024
2018-11-09	08:00	6476,93	6485	6472,99	6484,76	LONG	0,00167	5982,92	0,00334	HOLD	99,9075	100,7155
2018-11-09	09:00	6481,21	6490	6475,11	6477,96	LONG	0,00167	5982,92	0,00334	HOLD	99,9075	100,7041
2018-11-09	10:00	6475,19	6493,08	6472,99	6486,84	LONG	0,00167	5982,92	0,00334	HOLD	99,9075	100,7189
2018-11-09	11:00	6486,84	6494,18	6483,91	6491,99	LONG	0,00167	5982,92	0,00334	HOLD	99,9075	100,7275
2018-11-09	12:00	6488,5	6497	6483,26	6493,5	LONG	0,00167	5982,92	0,00334	HOLD	99,9075	100,7301
2018-11-09	13:00	6494,95	6500	6490	6497	LONG	0,00167	5982,92	0,00334	HOLD	99,9075	100,7359
2018-11-09	14:00	6498,63	6502	6490,24	6499,27	LONG	0,00167	5982,92	0,00334	HOLD	99,9075	100,7397
2018-11-09	15:00	6499,27	6511,53	6488,35	6495,37	LONG	0,00167	5982,92	0,00334	HOLD	99,9075	100,7332
2018-11-09	16:00	6495,37	6500	6412,9	6437,02	LONG	0,00167	5982,92	0,00334	HOLD	99,9075	100,6357
2018-11-09	17:00	6437,02	6440	6418,69	6435	LONG	0,00167	5982,92	0,00334	HOLD	99,9075	100,6324
2018-11-09	18:00	6437,68	6448,36	6425,32	6428,91	LONG	0,00167	5982,92	0,00334	HOLD	99,9075	100,6222
2018-11-09	19:00	6425,81	6444	6425,81	6439	LONG	0,00167	5982,92	0,00334	HOLD	99,9075	100,639
2018-11-09	20:00	6437,94	6439,2	6403,1	6436,37	LONG	0,00167	5982,92	0,00334	HOLD	99,9075	100,6346
2018-11-09	21:00	6438,38	6439,15	6391,01	6417,68	LONG	0,00167	5982,92	0,00334	HOLD	99,9075	100,6034
2018-11-09	22:00	6419,59	6438	6413,22	6429,89	LONG	0,00167	5982,92	0,00334	HOLD	99,9075	100,6238
2018-11-09	23:00	6429,89	6440	6422,67	6435,84	LONG	0,00167	5982,92	0,00334	HOLD	99,9075	100,6338
2018-11-10	00:00	6435,83	6440,12	6430,6	6438,98	LONG	0,00167	5982,92	0,00334	HOLD	99,9075	100,639
2018-11-10	01:00	6438,63	6442,7	6425,86	6426,32	LONG	0,00167	5982,92	0,00334	HOLD	99,9075	100,6179
2018-11-10	02:00	6428,62	6436,97	6422,11	6434,03	LONG	0,00167	5982,92	0,00334	HOLD	99,9075	100,6307
2018-11-10	03:00	6434,03	6444	6421,97	6429,38	LONG	0,00167	5982,92	0,00334	HOLD	99,9075	100,623
2018-11-10	04:00	6426,93	6429,38	6391,5	6416,21	LONG	0,00167	5982,92	0,00334	HOLD	99,9075	100,601
2018-11-10	05:00	6414,98	6427,51	6405,24	6418,56	LONG	0,00167	5982,92	0,00334	HOLD	99,9075	100,6049
2018-11-10	06:00	6419,32	6426,96	6416,01	6419,99	LONG	0,00167	5982,92	0,00334	HOLD	99,9075	100,6073
2018-11-10	07:00	6419,99	6432,02	6416,01	6425,69	LONG	0,00167	5982,92	0,00334	HOLD	99,9075	100,6168
2018-11-10	08:00	6428,8	6432,64	6411	6431,01	LONG	0,00167	5982,92	0,00334	HOLD	99,9075	100,6257
2018-11-10	09:00	6431,01	6440	6428,7	6428,75	LONG	0,00167	5982,92	0,00334	HOLD	99,9075	100,6219
2018-11-10	10:00	6430,85	6443,19	6428,76	6434,69	LONG	0,00167	5982,92	0,00334	HOLD	99,9075	100,6318
2018-11-10	11:00	6436,77	6472,57	6432,65	6454	LONG	0,00167	5982,92	0,00334	HOLD	99,9075	100,6641
2018-11-10	12:00	6452,86	6458	6442,67	6450,01	LONG	0,00167	5982,92	0,00334	HOLD	99,9075	100,6574
2018-11-10	13:00	6451,99	6459,33	6426,64	6427,91	LONG	0,00167	5982,92	0,00334	HOLD	99,9075	100,6205
2018-11-10	14:00	6426,66	6448,53	6426,66	6445,89	LONG	0,00167	5982,92	0,00334	HOLD	99,9075	100,6505
2018-11-10	15:00	6445,85	6453,85	6435,01	6435,98	LONG	0,00167	5982,92	0,00334	HOLD	99,9075	100,634
2018-11-10	16:00	6437,67	6445	6431,25	6438,93	LONG	0,00167	5982,92	0,00334	HOLD	99,9075	100,6389
2018-11-10	17:00	6439,44	6440,11	6431,11	6431,14	LONG	0,00167	5982,92	0,00334	HOLD	99,9075	100,6259
2018-11-10	18:00	6431,84	6450,63	6431,15	6450,08	LONG	0,00167	5982,92	0,00334	HOLD	99,9075	100,6575
2018-11-10	19:00	6450,08	6460	6443,52	6455,49	LONG	0,00167	5982,92	0,00334	HOLD	99,9075	100,6666
2018-11-10	20:00	6456,59	6467,22	6452,03	6457,65	LONG	0,00167	5982,92	0,00334	HOLD	99,9075	100,6702
2018-11-10	21:00	6457,65	6460	6448,22	6458,15	LONG	0,00167	5982,92	0,00334	HOLD	99,9075	100,671
2018-11-10	22:00	6458,15	6463,96	6451	6452,22	LONG	0,00167	5982,92	0,00334	HOLD	99,9075	100,6611
2018-11-10	23:00	6452,22	6465	6452,21	6464,01	LONG	0,00167	5982,92	0,00334	HOLD	99,9075	100,6808
2018-11-11	00:00	6464,02	6475,55	6453,98	6458,9	LONG	0,00167	5982,92	0,00334	HOLD	99,9075	100,6723
2018-11-11	01:00	6456,05	6459,68	6445,45	6447,78	LONG	0,00167	5982,92	0,00334	HOLD	99,9075	100,6537
2018-11-11	02:00	6450,04	6453,65	6443,52	6447,4	LONG	0,00167	5982,92	0,00334	HOLD	99,9075	100,6531
2018-11-11	03:00	6447,44	6460	6446,01	6457,76	LONG	0,00167	5982,92	0,00334	HOLD	99,9075	100,6704
2018-11-11	04:00	6458,09	6465	6454	6454,09	LONG	0,00167	5982,92	0,00334	HOLD	99,9075	100,6642
2018-11-11	05:00	6454,01	6456,79	6443,3	6449,24	LONG	0,00167	5982,92	0,00334	HOLD	99,9075	100,6561
2018-11-11	06:00	6449,24	6451,54	6431,11	6433,05	LONG	0,00167	5982,92	0,00334	HOLD	99,9075	100,6291
2018-11-11	07:00	6435,16	6442,76	6431,11	6442,54	LONG	0,00167	5982,92	0,00334	HOLD	99,9075	100,645
2018-11-11	08:00	6442,54	6449,29	6438,81	6443,53	LONG	0,00167	5982,92	0,00334	HOLD	99,9075	100,6466
2018-11-11	09:00	6443,44	6444,96	6431,11	6438,24	LONG	0,00167	5982,92	0,00334	HOLD	99,9075	100,6378
2018-11-11	10:00	6438,24	6438,24	6422,1	6428,72	LONG	0,00167	5982,92	0,00334	HOLD	99,9075	100,6219
2018-11-11	11:00	6427,01	6440,97	6425,27	6439,54	LONG	0,00167	5982,92	0,00334	HOLD	99,9075	100,6399
2018-11-11	12:00	6435,97	6441,48	6427,02	6428,64	LONG	0,00167	5982,92	0,00334	HOLD	99,9075	100,6217
2018-11-11	13:00	6428,64	6450	6426,21	6442,22	LONG	0,00167	5982,92	0,00334	HOLD	99,9075	100,6444
2018-11-11	14:00	6441	6449,83	6435,52	6443,67	LONG	0,00167	5982,92	0,00334	HOLD	99,9075	100,6468
2018-11-11	15:00	6443,69	6448,63	6436,09	6440,67	LONG	0,00167	5982,92	0,00334	HOLD	99,9075	100,6418
2018-11-11	16:00	6440,67	6441,17	6429,01	6431,97	LONG	0,00167	5982,92	0,00334	HOLD	99,9075	100,6273
2018-11-11	17:00	6431,97	6432,57	6412,77	6422,66	LONG	0,00167	5982,92	0,00334	HOLD	99,9075	100,6118
2018-11-11	18:00	6422,65	6432,04	6403,35	6410,01	LONG	0,00167	5982,92	0,00334	HOLD	99,9075	100,5906
2018-11-11	19:00	6413,16	6428,18	6407,36	6422,04	LONG	0,00167	5982,92	0,00334	HOLD	99,9075	100,6107
2018-11-11	20:00	6420,59	6428,21	6402	6408,08	LONG	0,00167	5982,92	0,00334	HOLD	99,9075	100,5874
2018-11-11	21:00	6410,06	6420	6406,42	6418,85	LONG	0,00167	5982,92	0,00334	HOLD	99,9075	100,6054
2018-11-11	22:00	6418,68	6419,93	6355	6380,89	LONG	0,00167	5982,92	0,00334	HOLD	99,9075	100,542
2018-11-11	23:00	6380,01	6397,44	6363,34	6388,42	LONG	0,00167	5982,92	0,00334	HOLD	99,9075	100,5546
2018-11-12	00:00	6387	6408,94	6381,41	6398,02	LONG	0,00167	5982,92	0,00334	HOLD	99,9075	100,5706
2018-11-12	01:00	6400,85	6412,91	6395,95	6412,36	LONG	0,00167	5982,92	0,00334	HOLD	99,9075	100,5946
2018-11-12	02:00	6410,24	6435,42	6408,51	6421,38	LONG	0,00167	5982,92	0,00334	HOLD	99,9075	100,6096
2018-11-12	03:00	6421,38	6430	6418,42	6426,63	LONG	0,00167	5982,92	0,00334	HOLD	99,9075	100,6184
2018-11-12	04:00	6426,63	6426,63	6411,04	6412,33	LONG	0,00167	5982,92	0,00334	HOLD	99,9075	100,5945
2018-11-12	05:00	6412,33	6419,46	6404	6410	LONG	0,00167	5982,92	0,00334	HOLD	99,9075	100,5906
2018-11-12	06:00	6410	6462,14	6404	6449,81	LONG	0,00167	5982,92	0,00334	HOLD	99,9075	100,6571
2018-11-12	07:00	6450,71	6497	6449,81	6458,45	LONG	0,00167	5982,92	0,00334	HOLD	99,9075	100,6715
2018-11-12	08:00	6458,87	6463,04	6443	6450,86	LONG	0,00167	5982,92	0,00334	HOLD	99,9075	100,6588
2018-11-12	09:00	6454,35	6475	6450,01	6471,43	LONG	0,00167	5982,92	0,00334	HOLD	99,9075	100,6932
2018-11-12	10:00	6473,86	6478,44	6452,26	6455,25	LONG	0,00167	5982,92	0,00334	HOLD	99,9075	100,6662
2018-11-12	11:00	6455,46	6464	6452,26	6454,34	LONG	0,00167	5982,92	0,00334	HOLD	99,9075	100,6647
2018-11-12	12:00	6454,56	6462	6449,57	6461,51	LONG	0,00167	5982,92	0,00334	HOLD	99,9075	100,6766
2018-11-12	13:00	6460,02	6463,99	6438	6450	LONG	0,00167	5982,92	0,00334	HOLD	99,9075	100,6574
2018-11-12	14:00	6449,81	6455,14	6442,24	6447,29	LONG	0,00167	5982,92	0,00334	HOLD	99,9075	100,6529
2018-11-12	15:00	6447,29	6455,14	6432,7	6450,62	LONG	0,00167	5982,92	0,00334	HOLD	99,9075	100,6584
2018-11-12	16:00	6450,57	6450,62	6440,67	6442,81	LONG	0,00167	5982,92	0,00334	HOLD	99,9075	100,6454
2018-11-12	17:00	6440,76	6447,39	6433	6439,26	LONG	0,00167	5982,92	0,00334	HOLD	99,9075	100,6395
2018-11-12	18:00	6439,01	6452,2	6433,97	6439,28	LONG	0,00167	5982,92	0,00334	HOLD	99,9075	100,6395
2018-11-12	19:00	6439,28	6451,97	6439,14	6447,17	LONG	0,00167	5982,92	0,00334	HOLD	99,9075	100,6527
2018-11-12	20:00	6446,32	6468,49	6445,08	6468,49	LONG	0,00167	5982,92	0,00334	HOLD	99,9075	100,6883
2018-11-12	21:00	6468,2	6483,93	6456,41	6456,67	LONG	0,00167	5982,92	0,00334	HOLD	99,9075	100,6685
2018-11-12	22:00	6457,24	6467,07	6442,68	6452,12	LONG	0,00167	5982,92	0,00334	HOLD	99,9075	100,661
2018-11-12	23:00	6452,12	6454,9	6445	6447,38	LONG	0,00167	5982,92	0,00334	HOLD	99,9075	100,653
2018-11-13	00:00	6445,67	6452,5	6438,79	6447,45	LONG	0,00167	5982,92	0,00334	HOLD	99,9075	100,6532
2018-11-13	01:00	6448,05	6450,44	6438,83	6439,03	LONG	0,00167	5982,92	0,00334	HOLD	99,9075	100,6391
2018-11-13	02:00	6440,5	6464,01	6436	6458,64	LONG	0,00167	5982,92	0,00334	HOLD	99,9075	100,6718
2018-11-13	03:00	6458,64	6461,47	6451,47	6455,48	LONG	0,00167	5982,92	0,00334	HOLD	99,9075	100,6666
2018-11-13	04:00	6456	6458,97	6425,06	6437,55	LONG	0,00167	5982,92	0,00334	HOLD	99,9075	100,6366
2018-11-13	05:00	6437,55	6452,71	6421	6451,16	LONG	0,00167	5982,92	0,00334	HOLD	99,9075	100,6593
2018-11-13	06:00	6451,16	6458,91	6440,99	6453,07	LONG	0,00167	5982,92	0,00334	HOLD	99,9075	100,6625
2018-11-13	07:00	6451,68	6455,99	6430	6443,32	LONG	0,00167	5982,92	0,00334	HOLD	99,9075	100,6463
2018-11-13	08:00	6443,52	6445,5	6407	6422,07	LONG	0,00167	5982,92	0,00334	HOLD	99,9075	100,6108
2018-11-13	09:00	6421,01	6442,75	6391,15	6440	LONG	0,00167	5982,92	0,00334	HOLD	99,9075	100,6407
2018-11-13	10:00	6440,04	6472	6436,5	6443,01	LONG	0,00167	5982,92	0,00334	HOLD	99,9075	100,6457
2018-11-13	11:00	6446,07	6467,06	6442,16	6458,38	LONG	0,00167	5982,92	0,00334	HOLD	99,9075	100,6714
2018-11-13	12:00	6460,27	6468	6450	6463,64	LONG	0,00167	5982,92	0,00334	HOLD	99,9075	100,6802
2018-11-13	13:00	6463,43	6473,63	6456,06	6458,48	LONG	0,00167	5982,92	0,00334	HOLD	99,9075	100,6716
2018-11-13	14:00	6456,2	6463,47	6437,59	6460,48	LONG	0,00167	5982,92	0,00334	HOLD	99,9075	100,6749
2018-11-13	15:00	6462,03	6464	6426,53	6444,01	LONG	0,00167	5982,92	0,00334	HOLD	99,9075	100,6474
2018-11-13	16:00	6441,96	6450	6431,43	6441,39	LONG	0,00167	5982,92	0,00334	HOLD	99,9075	100,643
2018-11-13	17:00	6441,19	6448,41	6439,01	6446,98	LONG	0,00167	5982,92	0,00334	HOLD	99,9075	100,6524
2018-11-13	18:00	6446,98	6469	6441,82	6443,24	LONG	0,00167	5982,92	0,00334	HOLD	99,9075	100,6461
2018-11-13	19:00	6446,35	6461,93	6445,42	6453,58	LONG	0,00167	5982,92	0,00334	HOLD	99,9075	100,6634
2018-11-13	20:00	6453,58	6472	6441,81	6451,1	LONG	0,00167	5982,92	0,00334	HOLD	99,9075	100,6592
2018-11-13	21:00	6451,1	6453,38	6438,98	6448,93	LONG	0,00167	5982,92	0,00334	HOLD	99,9075	100,6556
2018-11-13	22:00	6448,99	6472,07	6441,01	6459,5	LONG	0,00167	5982,92	0,00334	HOLD	99,9075	100,6733
2018-11-13	23:00	6460,97	6495	6455,86	6490	LONG	0,00167	5982,92	0,00334	HOLD	99,9075	100,7242
2018-11-14	00:00	6490	6496	6475,8	6485,99	LONG	0,00167	5982,92	0,00334	HOLD	99,9075	100,7175
2018-11-14	01:00	6485,99	6498	6445,09	6457,34	LONG	0,00167	5982,92	0,00334	HOLD	99,9075	100,6697
2018-11-14	02:00	6457,34	6475	6443,65	6461,3	LONG	0,00167	5982,92	0,00334	HOLD	99,9075	100,6763
2018-11-14	03:00	6461,3	6492	6459,54	6489,1	LONG	0,00167	5982,92	0,00334	HOLD	99,9075	100,7227
2018-11-14	04:00	6489,1	6489,1	6470	6479	LONG	0,00167	5982,92	0,00334	HOLD	99,9075	100,7058
2018-11-14	05:00	6479	6484,14	6466,71	6477,34	LONG	0,00167	5982,92	0,00334	HOLD	99,9075	100,7031
2018-11-14	06:00	6476,63	6480,1	6457,66	6457,66	LONG	0,00167	5982,92	0,00334	HOLD	99,9075	100,6702
2018-11-14	07:00	6458,98	6474,92	6451	6466,71	LONG	0,00167	5982,92	0,00334	HOLD	99,9075	100,6853
2018-11-14	08:00	6466,57	6473,32	6452,72	6472	LONG	0,00167	5982,92	0,00334	HOLD	99,9075	100,6942
2018-11-14	16:00	6469	6482,84	6410	6432,1	LONG	0,00167	5982,92	0,00334	HOLD	99,9075	100,6275
2018-11-14	17:00	6431,9	6440	6346,05	6362,8	LONG	0,00167	5982,92	0,00334	HOLD	99,9075	100,5118
2018-11-14	18:00	6362,6	6386,16	6340	6381,88	LONG	0,00167	5982,92	0,00334	HOLD	99,9075	100,5436
2018-11-14	19:00	6381,88	6398	6360	6366,28	LONG	0,00167	5982,92	0,00334	HOLD	99,9075	100,5176
2018-11-14	20:00	6364,47	6371,33	6350,66	6363,4	LONG	0,00167	5982,92	0,00334	HOLD	99,9075	100,5128
2018-11-14	21:00	6363,4	6364,16	6292,93	6309,15	LONG	0,00167	5982,92	0,00334	HOLD	99,9075	100,4222
2018-11-14	22:00	6308,76	6318,99	6203,36	6232,83	LONG	0,00167	5982,92	0,00334	HOLD	99,9075	100,2947
2018-11-14	23:00	6231,36	6274,33	5829,67	5965,11	SHORT	0,00167	5997,87	0,00334	REVERSE LONG→SHORT	99,8634	99,8882
2018-11-15	00:00	5965,57	6020	5844	5979,67	LONG	0,00167	5982,87	0,00334	REVERSE SHORT→LONG	99,8194	99,784
2018-11-15	01:00	5975,62	5998	5861	5880	SHORT	0,00167	5997,81	0,00334	REVERSE LONG→SHORT	99,7754	99,9422
2018-11-15	02:00	5876,84	5915	5700	5863,94	SHORT	0,00167	5997,81	0,00334	HOLD	99,7754	99,969
2018-11-15	03:00	5861,21	5868,29	5656,87	5767,89	SHORT	0,00167	5997,81	0,00334	HOLD	99,7754	100,1294
2018-11-15	04:00	5769,43	5906	5725,52	5836,82	SHORT	0,00167	5997,81	0,00334	HOLD	99,7754	100,0143
2018-11-15	05:00	5841,99	5855	5765	5796,64	SHORT	0,00167	5997,81	0,00334	HOLD	99,7754	100,0814
2018-11-15	06:00	5794,29	5925	5788,87	5922,41	SHORT	0,00167	5997,81	0,00334	HOLD	99,7754	99,8713
2018-11-15	07:00	5917,2	5939,54	5863,69	5887,09	SHORT	0,00167	5997,81	0,00334	HOLD	99,7754	99,9303
2018-11-15	08:00	5882,07	5892,85	5826,1	5839,56	SHORT	0,00167	5997,81	0,00334	HOLD	99,7754	100,0097
2018-11-15	09:00	5837,87	5839,35	5667,52	5739,15	SHORT	0,00167	5997,81	0,00334	HOLD	99,7754	100,1774
2018-11-15	10:00	5738,71	5791,5	5710,28	5746,57	SHORT	0,00167	5997,81	0,00334	HOLD	99,7754	100,165
2018-11-15	11:00	5745,39	5751,77	5628,27	5707,19	SHORT	0,00167	5997,81	0,00334	HOLD	99,7754	100,2308
2018-11-15	12:00	5705,67	5747,19	5678,9	5739,72	SHORT	0,00167	5997,81	0,00334	HOLD	99,7754	100,1764
2018-11-15	13:00	5739,73	5747	5666,51	5719,42	SHORT	0,00167	5997,81	0,00334	HOLD	99,7754	100,2103
2018-11-15	14:00	5719,42	5790	5715,79	5760,94	SHORT	0,00167	5997,81	0,00334	HOLD	99,7754	100,141
2018-11-15	15:00	5763,48	5787,35	5713	5723	SHORT	0,00167	5997,81	0,00334	HOLD	99,7754	100,2044
2018-11-15	16:00	5723	5770	5713,18	5761,79	SHORT	0,00167	5997,81	0,00334	HOLD	99,7754	100,1396
2018-11-15	17:00	5761,79	5771,95	5540	5590	SHORT	0,00167	5997,81	0,00334	HOLD	99,7754	100,4265
2018-11-15	18:00	5590	5635,1	5550	5590,2	SHORT	0,00167	5997,81	0,00334	HOLD	99,7754	100,4261
2018-11-15	19:00	5590,08	5648,4	5568,99	5588,19	SHORT	0,00167	5997,81	0,00334	HOLD	99,7754	100,4295
2018-11-15	20:00	5587,45	5610,74	5555,01	5596,3	SHORT	0,00167	5997,81	0,00334	HOLD	99,7754	100,4159
2018-11-15	21:00	5594,98	5597,46	5403,42	5403,52	SHORT	0,00167	5997,81	0,00334	HOLD	99,7754	100,7379
2018-11-15	22:00	5403,52	5730	5403,43	5675,12	SHORT	0,00167	5997,81	0,00334	HOLD	99,7754	100,2843
2018-11-15	23:00	5675,13	5745,71	5561	5672,3	SHORT	0,00167	5997,81	0,00334	HOLD	99,7754	100,289
2018-11-16	00:00	5678,3	5763,45	5630	5668,27	SHORT	0,00167	5997,81	0,00334	HOLD	99,7754	100,2958
2018-11-16	01:00	5671,85	5696,69	5626,72	5673,89	SHORT	0,00167	5997,81	0,00334	HOLD	99,7754	100,2864
2018-11-16	02:00	5673,95	5712,97	5639,58	5690,39	SHORT	0,00167	5997,81	0,00334	HOLD	99,7754	100,2588
2018-11-16	03:00	5690,39	5708,84	5630,54	5639,01	SHORT	0,00167	5997,81	0,00334	HOLD	99,7754	100,3446
2018-11-16	04:00	5638,8	5645	5581,4	5645	SHORT	0,00167	5997,81	0,00334	HOLD	99,7754	100,3346
2018-11-16	05:00	5646,38	5688,28	5625,37	5665,94	SHORT	0,00167	5997,81	0,00334	HOLD	99,7754	100,2996
2018-11-16	06:00	5666,78	5766,52	5658,8	5753,4	SHORT	0,00167	5997,81	0,00334	HOLD	99,7754	100,1536
2018-11-16	07:00	5757,09	5782,89	5692,53	5706,23	SHORT	0,00167	5997,81	0,00334	HOLD	99,7754	100,2324
2018-11-16	08:00	5704,55	5718,46	5674,66	5700	SHORT	0,00167	5997,81	0,00334	HOLD	99,7754	100,2428
2018-11-16	09:00	5700	5724,97	5695,19	5718,01	SHORT	0,00167	5997,81	0,00334	HOLD	99,7754	100,2127
2018-11-16	10:00	5717,69	5750	5715,36	5730,47	SHORT	0,00167	5997,81	0,00334	HOLD	99,7754	100,1919
2018-11-16	11:00	5731,8	5731,8	5693,87	5700,08	SHORT	0,00167	5997,81	0,00334	HOLD	99,7754	100,2426
2018-11-16	12:00	5700,33	5708,85	5671	5683,17	SHORT	0,00167	5997,81	0,00334	HOLD	99,7754	100,2709
2018-11-16	13:00	5683,37	5696,2	5656	5685,85	SHORT	0,00167	5997,81	0,00334	HOLD	99,7754	100,2664
2018-11-16	14:00	5687,09	5703,24	5634	5641,8	SHORT	0,00167	5997,81	0,00334	HOLD	99,7754	100,34
2018-11-16	15:00	5641,8	5663,77	5602	5624,39	SHORT	0,00167	5997,81	0,00334	HOLD	99,7754	100,369
2018-11-16	16:00	5627,86	5628,33	5560,05	5595,89	SHORT	0,00167	5997,81	0,00334	HOLD	99,7754	100,4166
2018-11-16	17:00	5595,87	5676,29	5578,23	5670,92	SHORT	0,00167	5997,81	0,00334	HOLD	99,7754	100,2913
2018-11-16	18:00	5671,12	5699	5661,71	5669,8	SHORT	0,00167	5997,81	0,00334	HOLD	99,7754	100,2932
2018-11-16	19:00	5669,8	5671,76	5640,74	5650	SHORT	0,00167	5997,81	0,00334	HOLD	99,7754	100,3263
2018-11-16	20:00	5650	5691,96	5643,85	5677,32	SHORT	0,00167	5997,81	0,00334	HOLD	99,7754	100,2806
2018-11-16	21:00	5679,1	5696,9	5664,86	5676,5	SHORT	0,00167	5997,81	0,00334	HOLD	99,7754	100,282
2018-11-16	22:00	5676,5	5679,33	5641,26	5645,62	SHORT	0,00167	5997,81	0,00334	HOLD	99,7754	100,3336
2018-11-16	23:00	5645,63	5694,97	5640	5661	SHORT	0,00167	5997,81	0,00334	HOLD	99,7754	100,3079
2018-11-17	00:00	5660,46	5677,37	5659,78	5663,09	SHORT	0,00167	5997,81	0,00334	HOLD	99,7754	100,3044
2018-11-17	01:00	5664,28	5666,18	5637,63	5656,76	SHORT	0,00167	5997,81	0,00334	HOLD	99,7754	100,315
2018-11-17	02:00	5657,2	5660,05	5620,97	5627,5	SHORT	0,00167	5997,81	0,00334	HOLD	99,7754	100,3638
2018-11-17	03:00	5627,5	5646,5	5601,03	5633,97	SHORT	0,00167	5997,81	0,00334	HOLD	99,7754	100,353
2018-11-17	04:00	5633,96	5640	5579	5587,99	SHORT	0,00167	5997,81	0,00334	HOLD	99,7754	100,4298
2018-11-17	05:00	5587,98	5596,64	5549,25	5579,61	SHORT	0,00167	5997,81	0,00334	HOLD	99,7754	100,4438
2018-11-17	06:00	5577,22	5668,91	5553,96	5655,94	SHORT	0,00167	5997,81	0,00334	HOLD	99,7754	100,3163
2018-11-17	07:00	5650,57	5654,64	5618,03	5618,23	SHORT	0,00167	5997,81	0,00334	HOLD	99,7754	100,3793
2018-11-17	08:00	5618,98	5627,28	5600,24	5614,99	SHORT	0,00167	5997,81	0,00334	HOLD	99,7754	100,3847
2018-11-17	09:00	5613,11	5615	5573	5595,26	SHORT	0,00167	5997,81	0,00334	HOLD	99,7754	100,4177
2018-11-17	10:00	5595,26	5596,09	5566,92	5576,46	SHORT	0,00167	5997,81	0,00334	HOLD	99,7754	100,4491
2018-11-17	11:00	5575,08	5601,89	5565,43	5596,18	SHORT	0,00167	5997,81	0,00334	HOLD	99,7754	100,4161
2018-11-17	12:00	5595,88	5600	5572,47	5582,72	SHORT	0,00167	5997,81	0,00334	HOLD	99,7754	100,4386
2018-11-17	13:00	5580,98	5602,2	5579,3	5599,3	SHORT	0,00167	5997,81	0,00334	HOLD	99,7754	100,4109
2018-11-17	14:00	5600,49	5646,59	5590	5638,06	SHORT	0,00167	5997,81	0,00334	HOLD	99,7754	100,3462
2018-11-17	15:00	5638,64	5639,87	5589,66	5602,96	SHORT	0,00167	5997,81	0,00334	HOLD	99,7754	100,4048
2018-11-17	16:00	5602,96	5614,99	5594,21	5603,14	SHORT	0,00167	5997,81	0,00334	HOLD	99,7754	100,4045
2018-11-17	17:00	5603,91	5608,55	5571	5576,23	SHORT	0,00167	5997,81	0,00334	HOLD	99,7754	100,4495
2018-11-17	18:00	5576,23	5632,59	5573,11	5615,9	SHORT	0,00167	5997,81	0,00334	HOLD	99,7754	100,3832
2018-11-17	19:00	5615,9	5616,53	5596,28	5607,26	SHORT	0,00167	5997,81	0,00334	HOLD	99,7754	100,3976
2018-11-17	20:00	5608,25	5635	5595,51	5622,61	SHORT	0,00167	5997,81	0,00334	HOLD	99,7754	100,372
2018-11-17	21:00	5622,74	5623,2	5585	5613,68	SHORT	0,00167	5997,81	0,00334	HOLD	99,7754	100,3869
2018-11-17	22:00	5613,73	5615	5598	5600,38	SHORT	0,00167	5997,81	0,00334	HOLD	99,7754	100,4091
2018-11-17	23:00	5600,6	5655	5598,14	5648,09	SHORT	0,00167	5997,81	0,00334	HOLD	99,7754	100,3295
2018-11-18	00:00	5648,1	5656,6	5604	5609,76	SHORT	0,00167	5997,81	0,00334	HOLD	99,7754	100,3935
2018-11-18	01:00	5609,75	5618	5597,77	5606,23	SHORT	0,00167	5997,81	0,00334	HOLD	99,7754	100,3994
2018-11-18	02:00	5607,34	5620	5605,22	5611,59	SHORT	0,00167	5997,81	0,00334	HOLD	99,7754	100,3904
2018-11-18	03:00	5612,43	5630	5606	5629,18	SHORT	0,00167	5997,81	0,00334	HOLD	99,7754	100,361
2018-11-18	04:00	5629,75	5635	5607,01	5609,19	SHORT	0,00167	5997,81	0,00334	HOLD	99,7754	100,3944
2018-11-18	05:00	5609,32	5615,98	5588,89	5610,59	SHORT	0,00167	5997,81	0,00334	HOLD	99,7754	100,3921
2018-11-18	06:00	5611,9	5632,61	5610,22	5628,29	SHORT	0,00167	5997,81	0,00334	HOLD	99,7754	100,3625
2018-11-18	07:00	5630,49	5656	5626,07	5651,35	SHORT	0,00167	5997,81	0,00334	HOLD	99,7754	100,324
2018-11-18	08:00	5650,36	5653,18	5637,46	5642,78	SHORT	0,00167	5997,81	0,00334	HOLD	99,7754	100,3383
2018-11-18	09:00	5642,98	5682	5641	5664,25	SHORT	0,00167	5997,81	0,00334	HOLD	99,7754	100,3025
2018-11-18	10:00	5664,97	5688,84	5664,97	5671,24	SHORT	0,00167	5997,81	0,00334	HOLD	99,7754	100,2908
2018-11-18	11:00	5671,31	5671,9	5653,54	5661,07	SHORT	0,00167	5997,81	0,00334	HOLD	99,7754	100,3078
2018-11-18	12:00	5659,71	5685	5653,09	5673,39	SHORT	0,00167	5997,81	0,00334	HOLD	99,7754	100,2872
2018-11-18	13:00	5675,47	5681,9	5661,59	5668,88	SHORT	0,00167	5997,81	0,00334	HOLD	99,7754	100,2947
2018-11-18	14:00	5669,59	5679,99	5659,1	5660,59	SHORT	0,00167	5997,81	0,00334	HOLD	99,7754	100,3086
2018-11-18	15:00	5661,58	5663,29	5637,03	5645,76	SHORT	0,00167	5997,81	0,00334	HOLD	99,7754	100,3333
2018-11-18	16:00	5646,27	5655,83	5637,9	5643,41	SHORT	0,00167	5997,81	0,00334	HOLD	99,7754	100,3373
2018-11-18	17:00	5641,74	5643,6	5617	5617,8	SHORT	0,00167	5997,81	0,00334	HOLD	99,7754	100,38
2018-11-18	18:00	5617,7	5642,47	5617,7	5627,01	SHORT	0,00167	5997,81	0,00334	HOLD	99,7754	100,3647
2018-11-18	19:00	5629,2	5653,14	5627,01	5649,03	SHORT	0,00167	5997,81	0,00334	HOLD	99,7754	100,3279
2018-11-18	20:00	5649,03	5650,72	5622	5624,28	SHORT	0,00167	5997,81	0,00334	HOLD	99,7754	100,3692
2018-11-18	21:00	5625,8	5650	5624	5647,75	SHORT	0,00167	5997,81	0,00334	HOLD	99,7754	100,33
2018-11-18	22:00	5647,75	5649,62	5625,49	5641,09	SHORT	0,00167	5997,81	0,00334	HOLD	99,7754	100,3411
2018-11-18	23:00	5642,38	5661,09	5637,18	5652,2	SHORT	0,00167	5997,81	0,00334	HOLD	99,7754	100,3226
2018-11-19	00:00	5653,77	5656,22	5643,05	5650,61	SHORT	0,00167	5997,81	0,00334	HOLD	99,7754	100,3252
2018-11-19	01:00	5650,28	5679,98	5646,15	5679	SHORT	0,00167	5997,81	0,00334	HOLD	99,7754	100,2778
2018-11-19	02:00	5679,98	5738,17	5676	5687,36	SHORT	0,00167	5997,81	0,00334	HOLD	99,7754	100,2639
2018-11-19	03:00	5687,06	5687,85	5645,99	5649,78	SHORT	0,00167	5997,81	0,00334	HOLD	99,7754	100,3266
2018-11-19	04:00	5649,78	5660	5639,46	5654,1	SHORT	0,00167	5997,81	0,00334	HOLD	99,7754	100,3194
2018-11-19	05:00	5654,5	5654,5	5622,9	5646,05	SHORT	0,00167	5997,81	0,00334	HOLD	99,7754	100,3329
2018-11-19	06:00	5645,62	5662	5641,9	5662	SHORT	0,00167	5997,81	0,00334	HOLD	99,7754	100,3062
2018-11-19	07:00	5661,94	5664	5628	5635	SHORT	0,00167	5997,81	0,00334	HOLD	99,7754	100,3513
2018-11-19	08:00	5635	5637,26	5555	5593,93	SHORT	0,00167	5997,81	0,00334	HOLD	99,7754	100,4199
2018-11-19	09:00	5593,94	5598,47	5515,46	5558,29	SHORT	0,00167	5997,81	0,00334	HOLD	99,7754	100,4794
2018-11-19	10:00	5558,29	5600	5548,05	5591,28	SHORT	0,00167	5997,81	0,00334	HOLD	99,7754	100,4243
2018-11-19	11:00	5591,28	5595,8	5543,9	5561,37	SHORT	0,00167	5997,81	0,00334	HOLD	99,7754	100,4743
2018-11-19	12:00	5562,46	5564	5400	5507,61	SHORT	0,00167	5997,81	0,00334	HOLD	99,7754	100,5641
2018-11-19	13:00	5507,61	5510,83	5429	5470,01	SHORT	0,00167	5997,81	0,00334	HOLD	99,7754	100,6268
2018-11-19	14:00	5468,68	5478,58	5429,2	5467,52	SHORT	0,00167	5997,81	0,00334	HOLD	99,7754	100,631
2018-11-19	15:00	5467,52	5467,56	5264,9	5360,12	SHORT	0,00167	5997,81	0,00334	HOLD	99,7754	100,8104
2018-11-19	16:00	5356,62	5370	5251	5277,5	SHORT	0,00167	5997,81	0,00334	HOLD	99,7754	100,9483
2018-11-19	17:00	5275,14	5409,5	5271,01	5372,31	SHORT	0,00167	5997,81	0,00334	HOLD	99,7754	100,79
2018-11-19	18:00	5372,3	5380,71	5317,5	5332,87	SHORT	0,00167	5997,81	0,00334	HOLD	99,7754	100,8559
2018-11-19	19:00	5332,29	5359,98	5300,01	5312,08	SHORT	0,00167	5997,81	0,00334	HOLD	99,7754	100,8906
2018-11-19	20:00	5312,09	5320	5190	5227,93	SHORT	0,00167	5997,81	0,00334	HOLD	99,7754	101,0311
2018-11-19	21:00	5227,93	5246,61	5150	5202,76	SHORT	0,00167	5997,81	0,00334	HOLD	99,7754	101,0732
2018-11-19	22:00	5200,96	5250	5161	5203,16	SHORT	0,00167	5997,81	0,00334	HOLD	99,7754	101,0725
2018-11-19	23:00	5203,13	5230	5067,67	5145	SHORT	0,00167	5997,81	0,00334	HOLD	99,7754	101,1696
2018-11-20	00:00	5145,5	5175,81	5100	5135	SHORT	0,00167	5997,81	0,00334	HOLD	99,7754	101,1863
2018-11-20	01:00	5132,41	5169,62	5050	5058,32	SHORT	0,00167	5997,81	0,00334	HOLD	99,7754	101,3144
2018-11-20	02:00	5055,96	5099,99	5014,64	5072,14	SHORT	0,00167	5997,81	0,00334	HOLD	99,7754	101,2913
2018-11-20	03:00	5072,13	5134,57	5011	5014,99	SHORT	0,00167	5997,81	0,00334	HOLD	99,7754	101,3867
2018-11-20	04:00	5015,01	5037,63	4855	4948,91	SHORT	0,00167	5997,81	0,00334	HOLD	99,7754	101,4971
2018-11-20	05:00	4948,07	5000,9	4860	4942,75	SHORT	0,00167	5997,81	0,00334	HOLD	99,7754	101,5074
2018-11-20	06:00	4943,2	4999	4910	4910,03	SHORT	0,00167	5997,81	0,00334	HOLD	99,7754	101,562
2018-11-20	07:00	4913,4	5000	4910	4985,38	SHORT	0,00167	5997,81	0,00334	HOLD	99,7754	101,4362
2018-11-20	08:00	4988,86	4995,55	4961,28	4975,29	SHORT	0,00167	5997,81	0,00334	HOLD	99,7754	101,453
2018-11-20	09:00	4973,97	5048,24	4969,7	5008,29	SHORT	0,00167	5997,81	0,00334	HOLD	99,7754	101,3979
2018-11-20	10:00	5008,45	5013,15	4941,54	4954,01	SHORT	0,00167	5997,81	0,00334	HOLD	99,7754	101,4886
2018-11-20	11:00	4954,01	4978	4811	4812,43	SHORT	0,00167	5997,81	0,00334	HOLD	99,7754	101,725
2018-11-20	12:00	4815,27	4841,14	4710	4754,98	SHORT	0,00167	5997,81	0,00334	HOLD	99,7754	101,8209
2018-11-20	13:00	4754,45	4777,27	4600	4690	SHORT	0,00167	5997,81	0,00334	HOLD	99,7754	101,9295
2018-11-20	14:00	4690	4754,74	4635	4671,19	SHORT	0,00167	5997,81	0,00334	HOLD	99,7754	101,9609
2018-11-20	15:00	4675	4684,18	4405	4514,68	SHORT	0,00167	5997,81	0,00334	HOLD	99,7754	102,2222
2018-11-20	16:00	4514,68	4711,87	4512	4596,12	SHORT	0,00167	5997,81	0,00334	HOLD	99,7754	102,0862
2018-11-20	17:00	4593,08	4680	4580,51	4598,55	SHORT	0,00167	5997,81	0,00334	HOLD	99,7754	102,0822
2018-11-20	18:00	4599,82	4599,82	4501,5	4511,84	SHORT	0,00167	5997,81	0,00334	HOLD	99,7754	102,227
2018-11-20	19:00	4511,32	4654,74	4501,51	4574,98	SHORT	0,00167	5997,81	0,00334	HOLD	99,7754	102,1215
2018-11-20	20:00	4574,98	4631,49	4550	4597,68	SHORT	0,00167	5997,81	0,00334	HOLD	99,7754	102,0836
2018-11-20	21:00	4596,1	4937,62	4580,1	4867,06	SHORT	0,00167	5997,81	0,00334	HOLD	99,7754	101,6338
2018-11-20	22:00	4862,82	4954,99	4779,99	4952,05	SHORT	0,00167	5997,81	0,00334	HOLD	99,7754	101,4918
2018-11-20	23:00	4954,98	4977,97	4822,79	4857,17	SHORT	0,00167	5997,81	0,00334	HOLD	99,7754	101,6503
2018-11-21	00:00	4854,14	4870,47	4631	4640,33	SHORT	0,00167	5997,81	0,00334	HOLD	99,7754	102,0124
2018-11-21	01:00	4644,73	4745,34	4635,05	4729,51	SHORT	0,00167	5997,81	0,00334	HOLD	99,7754	101,8635
2018-11-21	02:00	4727,9	4769,49	4651,32	4673,93	SHORT	0,00167	5997,81	0,00334	HOLD	99,7754	101,9563
2018-11-21	03:00	4673,78	4674,98	4326	4495,26	SHORT	0,00167	5997,81	0,00334	HOLD	99,7754	102,2547
2018-11-21	04:00	4496	4628	4426	4542,55	SHORT	0,00167	5997,81	0,00334	HOLD	99,7754	102,1757
2018-11-21	05:00	4542,98	4588	4453,18	4457,71	SHORT	0,00167	5997,81	0,00334	HOLD	99,7754	102,3174
2018-11-21	06:00	4455,02	4596,77	4400	4558,86	SHORT	0,00167	5997,81	0,00334	HOLD	99,7754	102,1485
2018-11-21	07:00	4559,91	4590	4459,62	4484,82	SHORT	0,00167	5997,81	0,00334	HOLD	99,7754	102,2721
2018-11-21	08:00	4484,82	4516,42	4413,85	4468,06	SHORT	0,00167	5997,81	0,00334	HOLD	99,7754	102,3001
2018-11-21	09:00	4467,34	4620	4467,34	4557,62	SHORT	0,00167	5997,81	0,00334	HOLD	99,7754	102,1505
2018-11-21	10:00	4557,21	4700	4509,78	4635	SHORT	0,00167	5997,81	0,00334	HOLD	99,7754	102,0213
2018-11-21	11:00	4635	4661	4563,59	4640	SHORT	0,00167	5997,81	0,00334	HOLD	99,7754	102,013
2018-11-21	12:00	4638,73	4638,73	4500	4504,56	SHORT	0,00167	5997,81	0,00334	HOLD	99,7754	102,2391
2018-11-21	13:00	4503,03	4619	4487	4594,6	SHORT	0,00167	5997,81	0,00334	HOLD	99,7754	102,0888
2018-11-21	14:00	4595,19	4657	4566,1	4653,78	SHORT	0,00167	5997,81	0,00334	HOLD	99,7754	101,9899
2018-11-21	15:00	4655,33	4770	4619,17	4727,63	SHORT	0,00167	5997,81	0,00334	HOLD	99,7754	101,8666
2018-11-21	16:00	4725,15	4787,2	4683,7	4724,83	SHORT	0,00167	5997,81	0,00334	HOLD	99,7754	101,8713
2018-11-21	17:00	4722,62	4728,88	4645,56	4681,11	SHORT	0,00167	5997,81	0,00334	HOLD	99,7754	101,9443
2018-11-21	18:00	4681,1	4724,99	4605,08	4624,15	SHORT	0,00167	5997,81	0,00334	HOLD	99,7754	102,0394
2018-11-21	19:00	4624,13	4697,96	4622,92	4680,98	SHORT	0,00167	5997,81	0,00334	HOLD	99,7754	101,9445
2018-11-21	20:00	4680,97	4682,66	4537,7	4562,52	SHORT	0,00167	5997,81	0,00334	HOLD	99,7754	102,1424
2018-11-21	21:00	4563,38	4589	4521,83	4556,8	SHORT	0,00167	5997,81	0,00334	HOLD	99,7754	102,1519
2018-11-21	22:00	4556,8	4670	4556,8	4632,87	SHORT	0,00167	5997,81	0,00334	HOLD	99,7754	102,0249
2018-11-21	23:00	4631,79	4661,97	4593	4620,73	SHORT	0,00167	5997,81	0,00334	HOLD	99,7754	102,0451
2018-11-22	00:00	4619,84	4624	4506	4563,92	SHORT	0,00167	5997,81	0,00334	HOLD	99,7754	102,14
2018-11-22	01:00	4561,18	4589	4537,08	4556	SHORT	0,00167	5997,81	0,00334	HOLD	99,7754	102,1532
2018-11-22	02:00	4555,98	4564,98	4520,21	4543,99	SHORT	0,00167	5997,81	0,00334	HOLD	99,7754	102,1733
2018-11-22	03:00	4545,91	4629,93	4520	4552,68	SHORT	0,00167	5997,81	0,00334	HOLD	99,7754	102,1588
2018-11-22	04:00	4554,66	4625	4469,84	4583,41	SHORT	0,00167	5997,81	0,00334	HOLD	99,7754	102,1075
2018-11-22	05:00	4584,39	4649	4575,03	4615,03	SHORT	0,00167	5997,81	0,00334	HOLD	99,7754	102,0547
2018-11-22	06:00	4616,59	4699,2	4590	4661,07	SHORT	0,00167	5997,81	0,00334	HOLD	99,7754	101,9778
2018-11-22	07:00	4661,08	4678,37	4621,97	4645,38	SHORT	0,00167	5997,81	0,00334	HOLD	99,7754	102,004
2018-11-22	08:00	4647,53	4721,77	4636,54	4719,59	SHORT	0,00167	5997,81	0,00334	HOLD	99,7754	101,88
2018-11-22	09:00	4717,86	4719,58	4655,51	4671,45	SHORT	0,00167	5997,81	0,00334	HOLD	99,7754	101,9604
2018-11-22	10:00	4671,15	4672,63	4611,36	4636,71	SHORT	0,00167	5997,81	0,00334	HOLD	99,7754	102,0185
2018-11-22	11:00	4637,98	4658,38	4592	4612,72	SHORT	0,00167	5997,81	0,00334	HOLD	99,7754	102,0585
2018-11-22	12:00	4613,65	4646,16	4596	4644,5	SHORT	0,00167	5997,81	0,00334	HOLD	99,7754	102,0054
2018-11-22	13:00	4643,36	4646,14	4605	4613,03	SHORT	0,00167	5997,81	0,00334	HOLD	99,7754	102,058
2018-11-22	14:00	4614,23	4639,99	4592,19	4630,02	SHORT	0,00167	5997,81	0,00334	HOLD	99,7754	102,0296
2018-11-22	15:00	4629,03	4644	4621	4637,39	SHORT	0,00167	5997,81	0,00334	HOLD	99,7754	102,0173
2018-11-22	16:00	4637,41	4643	4545	4559,16	SHORT	0,00167	5997,81	0,00334	HOLD	99,7754	102,148
2018-11-22	17:00	4560,07	4600	4559,16	4582,8	SHORT	0,00167	5997,81	0,00334	HOLD	99,7754	102,1085
2018-11-22	18:00	4583,73	4590,26	4510,64	4560,02	SHORT	0,00167	5997,81	0,00334	HOLD	99,7754	102,1465
2018-11-22	19:00	4560,02	4562,78	4502	4525	SHORT	0,00167	5997,81	0,00334	HOLD	99,7754	102,205
2018-11-22	20:00	4524	4561	4470	4529,36	SHORT	0,00167	5997,81	0,00334	HOLD	99,7754	102,1977
2018-11-22	21:00	4527,43	4599	4526,7	4558,99	SHORT	0,00167	5997,81	0,00334	HOLD	99,7754	102,1482
2018-11-22	22:00	4559,01	4580,84	4538,19	4562,43	SHORT	0,00167	5997,81	0,00334	HOLD	99,7754	102,1425
2018-11-22	23:00	4562,36	4562,89	4520,01	4526,58	SHORT	0,00167	5997,81	0,00334	HOLD	99,7754	102,2024
2018-11-23	00:00	4529,93	4577	4526,58	4569,99	SHORT	0,00167	5997,81	0,00334	HOLD	99,7754	102,1299
2018-11-23	01:00	4570	4574,98	4531	4532,45	SHORT	0,00167	5997,81	0,00334	HOLD	99,7754	102,1926
2018-11-23	02:00	4533,99	4540	4483,27	4496	SHORT	0,00167	5997,81	0,00334	HOLD	99,7754	102,2534
2018-11-23	03:00	4496	4527	4486,74	4516,82	SHORT	0,00167	5997,81	0,00334	HOLD	99,7754	102,2187
2018-11-23	04:00	4515,88	4580	4514,8	4543	SHORT	0,00167	5997,81	0,00334	HOLD	99,7754	102,175
2018-11-23	05:00	4542,12	4561,68	4500,04	4520	SHORT	0,00167	5997,81	0,00334	HOLD	99,7754	102,2134
2018-11-23	06:00	4519,74	4520	4335	4370	SHORT	0,00167	5997,81	0,00334	HOLD	99,7754	102,4639
2018-11-23	07:00	4370,9	4450,73	4362,07	4397,59	SHORT	0,00167	5997,81	0,00334	HOLD	99,7754	102,4178
2018-11-23	08:00	4397,59	4406,37	4239,67	4293,37	SHORT	0,00167	5997,81	0,00334	HOLD	99,7754	102,5918
2018-11-23	09:00	4293,37	4339,98	4239,27	4296,41	SHORT	0,00167	5997,81	0,00334	HOLD	99,7754	102,5868
2018-11-23	10:00	4297,28	4377	4293,7	4318,73	SHORT	0,00167	5997,81	0,00334	HOLD	99,7754	102,5495
2018-11-23	11:00	4314,77	4335,65	4287,67	4304,17	SHORT	0,00167	5997,81	0,00334	HOLD	99,7754	102,5738
2018-11-23	12:00	4304,2	4377	4222,94	4353,04	SHORT	0,00167	5997,81	0,00334	HOLD	99,7754	102,4922
2018-11-23	13:00	4348,98	4384,86	4324,58	4380,01	SHORT	0,00167	5997,81	0,00334	HOLD	99,7754	102,4471
2018-11-23	14:00	4380,01	4420	4353	4355,08	SHORT	0,00167	5997,81	0,00334	HOLD	99,7754	102,4888
2018-11-23	15:00	4355,52	4420	4355,52	4417,48	SHORT	0,00167	5997,81	0,00334	HOLD	99,7754	102,3846
2018-11-23	16:00	4417,48	4484	4397	4410	SHORT	0,00167	5997,81	0,00334	HOLD	99,7754	102,3971
2018-11-23	17:00	4410,16	4445,96	4390	4401,98	SHORT	0,00167	5997,81	0,00334	HOLD	99,7754	102,4105
2018-11-23	18:00	4402	4418,25	4353,23	4396,37	SHORT	0,00167	5997,81	0,00334	HOLD	99,7754	102,4198
2018-11-23	19:00	4396,39	4411	4345,01	4359,3	SHORT	0,00167	5997,81	0,00334	HOLD	99,7754	102,4817
2018-11-23	20:00	4360,08	4394,72	4351	4379,53	SHORT	0,00167	5997,81	0,00334	HOLD	99,7754	102,4479
2018-11-23	21:00	4380	4427,37	4373,07	4407,47	SHORT	0,00167	5997,81	0,00334	HOLD	99,7754	102,4013
2018-11-23	22:00	4406,34	4426,97	4380	4404,99	SHORT	0,00167	5997,81	0,00334	HOLD	99,7754	102,4054
2018-11-23	23:00	4406,89	4411,53	4305	4347,71	SHORT	0,00167	5997,81	0,00334	HOLD	99,7754	102,5011
2018-11-24	00:00	4347,71	4371,76	4293	4347,87	SHORT	0,00167	5997,81	0,00334	HOLD	99,7754	102,5008
2018-11-24	01:00	4346,96	4368,98	4325,92	4349,56	SHORT	0,00167	5997,81	0,00334	HOLD	99,7754	102,498
2018-11-24	02:00	4348,61	4400	4334,13	4372,45	SHORT	0,00167	5997,81	0,00334	HOLD	99,7754	102,4598
2018-11-24	03:00	4372,45	4372,45	4330,18	4343,11	SHORT	0,00167	5997,81	0,00334	HOLD	99,7754	102,5088
2018-11-24	04:00	4344,55	4394	4343,01	4385,99	SHORT	0,00167	5997,81	0,00334	HOLD	99,7754	102,4372
2018-11-24	05:00	4386,91	4470	4364,94	4450,51	SHORT	0,00167	5997,81	0,00334	HOLD	99,7754	102,3294
2018-11-24	06:00	4449,63	4464,99	4410,93	4420,61	SHORT	0,00167	5997,81	0,00334	HOLD	99,7754	102,3793
2018-11-24	07:00	4415,63	4527	4414,8	4510,78	SHORT	0,00167	5997,81	0,00334	HOLD	99,7754	102,2288
2018-11-24	08:00	4507,12	4514,99	4464,19	4493,35	SHORT	0,00167	5997,81	0,00334	HOLD	99,7754	102,2579
2018-11-24	09:00	4495,08	4508,91	4431	4435,6	SHORT	0,00167	5997,81	0,00334	HOLD	99,7754	102,3543
2018-11-24	10:00	4435,57	4463,32	4431,75	4443,78	SHORT	0,00167	5997,81	0,00334	HOLD	99,7754	102,3406
2018-11-24	11:00	4443,83	4468,39	4442,24	4442,28	SHORT	0,00167	5997,81	0,00334	HOLD	99,7754	102,3432
2018-11-24	12:00	4444,84	4444,88	4387,95	4413,39	SHORT	0,00167	5997,81	0,00334	HOLD	99,7754	102,3914
2018-11-24	13:00	4413,4	4427,95	4398,55	4414,29	SHORT	0,00167	5997,81	0,00334	HOLD	99,7754	102,3899
2018-11-24	14:00	4414,68	4414,68	4356,5	4389,04	SHORT	0,00167	5997,81	0,00334	HOLD	99,7754	102,4321
2018-11-24	15:00	4389,01	4426,89	4385,7	4425,98	SHORT	0,00167	5997,81	0,00334	HOLD	99,7754	102,3704
2018-11-24	16:00	4424	4450	4389,6	4442,04	SHORT	0,00167	5997,81	0,00334	HOLD	99,7754	102,3436
2018-11-24	17:00	4441,26	4449,35	4373	4379,83	SHORT	0,00167	5997,81	0,00334	HOLD	99,7754	102,4474
2018-11-24	18:00	4379,85	4408,85	4360,1	4388,44	SHORT	0,00167	5997,81	0,00334	HOLD	99,7754	102,4331
2018-11-24	19:00	4388,44	4400,63	4338	4386,81	SHORT	0,00167	5997,81	0,00334	HOLD	99,7754	102,4358
2018-11-24	20:00	4385,55	4396,24	4368,12	4379,53	SHORT	0,00167	5997,81	0,00334	HOLD	99,7754	102,4479
2018-11-24	21:00	4376,99	4400	4369	4375	SHORT	0,00167	5997,81	0,00334	HOLD	99,7754	102,4555
2018-11-24	22:00	4376,73	4383,87	4345,71	4372,02	SHORT	0,00167	5997,81	0,00334	HOLD	99,7754	102,4605
2018-11-24	23:00	4372,9	4373,21	4327,18	4338,13	SHORT	0,00167	5997,81	0,00334	HOLD	99,7754	102,5171
2018-11-25	00:00	4339,84	4359,03	4324,15	4353,15	SHORT	0,00167	5997,81	0,00334	HOLD	99,7754	102,492
2018-11-25	01:00	4353,15	4357,51	4338	4341,42	SHORT	0,00167	5997,81	0,00334	HOLD	99,7754	102,5116
2018-11-25	02:00	4340,87	4353,55	4255,32	4270,65	SHORT	0,00167	5997,81	0,00334	HOLD	99,7754	102,6298
2018-11-25	03:00	4269,42	4292,86	4251	4276,11	SHORT	0,00167	5997,81	0,00334	HOLD	99,7754	102,6207
2018-11-25	04:00	4276,11	4286,02	3937,9	4013,8	SHORT	0,00167	5997,81	0,00334	HOLD	99,7754	103,0587
2018-11-25	05:00	4015	4032,98	3824,69	3886,58	SHORT	0,00167	5997,81	0,00334	HOLD	99,7754	103,2712
2018-11-25	06:00	3884,32	4094,88	3861,28	3932,44	SHORT	0,00167	5997,81	0,00334	HOLD	99,7754	103,1946
2018-11-25	07:00	3933,68	3978	3875	3894,95	SHORT	0,00167	5997,81	0,00334	HOLD	99,7754	103,2572
2018-11-25	08:00	3893,71	3943	3871,66	3918,47	SHORT	0,00167	5997,81	0,00334	HOLD	99,7754	103,2179
2018-11-25	09:00	3917,37	3919,91	3801,01	3852,59	SHORT	0,00167	5997,81	0,00334	HOLD	99,7754	103,3279
2018-11-25	10:00	3852,59	3868,71	3750	3768,89	SHORT	0,00167	5997,81	0,00334	HOLD	99,7754	103,4677
2018-11-25	11:00	3768,92	3861	3734,72	3789,79	SHORT	0,00167	5997,81	0,00334	HOLD	99,7754	103,4328
2018-11-25	12:00	3789,79	3829,85	3764,98	3810,76	SHORT	0,00167	5997,81	0,00334	HOLD	99,7754	103,3978
2018-11-25	13:00	3810,02	3844,98	3774,76	3796,51	SHORT	0,00167	5997,81	0,00334	HOLD	99,7754	103,4216
2018-11-25	14:00	3797,48	3872,29	3796,28	3866,78	SHORT	0,00167	5997,81	0,00334	HOLD	99,7754	103,3042
2018-11-25	15:00	3866,78	3877,22	3822,19	3835,63	SHORT	0,00167	5997,81	0,00334	HOLD	99,7754	103,3563
2018-11-25	16:00	3836,62	3850	3734	3753,55	SHORT	0,00167	5997,81	0,00334	HOLD	99,7754	103,4933
2018-11-25	17:00	3751,05	3842,83	3652,66	3817,16	SHORT	0,00167	5997,81	0,00334	HOLD	99,7754	103,3871
2018-11-25	18:00	3820	4038,09	3818,33	3910,48	SHORT	0,00167	5997,81	0,00334	HOLD	99,7754	103,2313
2018-11-25	19:00	3907,16	3985,78	3863,74	3925,81	SHORT	0,00167	5997,81	0,00334	HOLD	99,7754	103,2057
2018-11-25	20:00	3925,81	4025,48	3900	3965,28	SHORT	0,00167	5997,81	0,00334	HOLD	99,7754	103,1397
2018-11-25	21:00	3966,96	3971,1	3911	3946,77	SHORT	0,00167	5997,81	0,00334	HOLD	99,7754	103,1707
2018-11-25	22:00	3944,33	3946,76	3851,91	3880	SHORT	0,00167	5997,81	0,00334	HOLD	99,7754	103,2822
2018-11-25	23:00	3881,62	3911	3838,38	3880,85	SHORT	0,00167	5997,81	0,00334	HOLD	99,7754	103,2807
2018-11-26	00:00	3878,27	3900	3811	3857,73	SHORT	0,00167	5997,81	0,00334	HOLD	99,7754	103,3194
2018-11-26	01:00	3859,17	3900	3836,54	3860	SHORT	0,00167	5997,81	0,00334	HOLD	99,7754	103,3156
2018-11-26	02:00	3862,58	4027,43	3853	3949,03	SHORT	0,00167	5997,81	0,00334	HOLD	99,7754	103,1669
2018-11-26	03:00	3949	4168	3931,91	4056,2	SHORT	0,00167	5997,81	0,00334	HOLD	99,7754	102,9879
2018-11-26	04:00	4056,39	4233	4021	4164,59	SHORT	0,00167	5997,81	0,00334	HOLD	99,7754	102,8069
2018-11-26	05:00	4164,6	4225,02	4063,01	4068,74	SHORT	0,00167	5997,81	0,00334	HOLD	99,7754	102,967
2018-11-26	06:00	4068,86	4140	4053,85	4085,78	SHORT	0,00167	5997,81	0,00334	HOLD	99,7754	102,9385
2018-11-26	07:00	4088,69	4206	4085,14	4148,94	SHORT	0,00167	5997,81	0,00334	HOLD	99,7754	102,833
2018-11-26	08:00	4153,33	4153,54	4060,86	4077,08	SHORT	0,00167	5997,81	0,00334	HOLD	99,7754	102,953
2018-11-26	09:00	4077,91	4103,29	4030	4096,68	SHORT	0,00167	5997,81	0,00334	HOLD	99,7754	102,9203
2018-11-26	10:00	4098,05	4137,2	4085,93	4118,98	SHORT	0,00167	5997,81	0,00334	HOLD	99,7754	102,8831
2018-11-26	11:00	4119,01	4122,07	4044	4063,47	SHORT	0,00167	5997,81	0,00334	HOLD	99,7754	102,9758
2018-11-26	12:00	4063,98	4117,52	4028,42	4091,59	SHORT	0,00167	5997,81	0,00334	HOLD	99,7754	102,9288
2018-11-26	13:00	4091,2	4191,29	4085,12	4168,75	SHORT	0,00167	5997,81	0,00334	HOLD	99,7754	102,7999
2018-11-26	14:00	4168,75	4170,96	4080,94	4085,81	SHORT	0,00167	5997,81	0,00334	HOLD	99,7754	102,9385
2018-11-26	15:00	4085,81	4096,38	3990,66	4055	SHORT	0,00167	5997,81	0,00334	HOLD	99,7754	102,9899
2018-11-26	16:00	4055	4065,59	3971,48	4017,03	SHORT	0,00167	5997,81	0,00334	HOLD	99,7754	103,0533
2018-11-26	17:00	4016,71	4085	4013	4052,94	SHORT	0,00167	5997,81	0,00334	HOLD	99,7754	102,9934
2018-11-26	18:00	4051,69	4088,77	4020	4057,89	SHORT	0,00167	5997,81	0,00334	HOLD	99,7754	102,9851
2018-11-26	19:00	4057,89	4060	3995,65	4027,7	SHORT	0,00167	5997,81	0,00334	HOLD	99,7754	103,0355
2018-11-26	20:00	4028,69	4047	3934,46	3944,99	SHORT	0,00167	5997,81	0,00334	HOLD	99,7754	103,1736
2018-11-26	21:00	3942,53	3966,09	3838	3906,14	SHORT	0,00167	5997,81	0,00334	HOLD	99,7754	103,2385
2018-11-26	22:00	3909,99	3913,89	3822	3834,16	SHORT	0,00167	5997,81	0,00334	HOLD	99,7754	103,3587
2018-11-26	23:00	3837,32	3937,96	3701	3904	SHORT	0,00167	5997,81	0,00334	HOLD	99,7754	103,2421
2018-11-27	00:00	3904	3950,81	3874,69	3878,43	SHORT	0,00167	5997,81	0,00334	HOLD	99,7754	103,2848
2018-11-27	01:00	3878,47	3970	3846	3958,5	SHORT	0,00167	5997,81	0,00334	HOLD	99,7754	103,1511
2018-11-27	02:00	3954,51	3987	3888,49	3904,15	SHORT	0,00167	5997,81	0,00334	HOLD	99,7754	103,2418
2018-11-27	03:00	3909,05	3909,79	3732	3776,34	SHORT	0,00167	5997,81	0,00334	HOLD	99,7754	103,4553
2018-11-27	04:00	3776,34	3829	3707	3799,52	SHORT	0,00167	5997,81	0,00334	HOLD	99,7754	103,4166
2018-11-27	05:00	3797,98	3850	3752	3775,93	SHORT	0,00167	5997,81	0,00334	HOLD	99,7754	103,456
2018-11-27	06:00	3775,91	3880	3735	3862,2	SHORT	0,00167	5997,81	0,00334	HOLD	99,7754	103,3119
2018-11-27	07:00	3864,45	3895	3812,01	3870,49	SHORT	0,00167	5997,81	0,00334	HOLD	99,7754	103,298
2018-11-27	08:00	3869,49	3869,95	3777,18	3805,37	SHORT	0,00167	5997,81	0,00334	HOLD	99,7754	103,4068
