2019-03-11	13:00	3882,38	3898,72	3872,8	3898,68	SHORT	0,00167	5997,81	0,00334	HOLD	99,7754	103,251
2019-03-11	14:00	3897,39	3901,46	3885,39	3885,5	SHORT	0,00167	5997,81	0,00334	HOLD	99,7754	103,273
2019-03-11	15:00	3885,49	3893,8	3878	3886,74	SHORT	0,00167	5997,81	0,00334	HOLD	99,7754	103,2709
2019-03-11	16:00	3886,72	3898,48	3874,23	3898,29	SHORT	0,00167	5997,81	0,00334	HOLD	99,7754	103,2516
2019-03-11	17:00	3897,12	3899,01	3874,61	3878,82	SHORT	0,00167	5997,81	0,00334	HOLD	99,7754	103,2841
2019-03-11	18:00	3878	3887,98	3863,14	3873,49	SHORT	0,00167	5997,81	0,00334	HOLD	99,7754	103,293
2019-03-11	19:00	3873,48	3873,49	3830	3848,34	SHORT	0,00167	5997,81	0,00334	HOLD	99,7754	103,335
2019-03-11	20:00	3849,26	3876	3839,84	3871,38	SHORT	0,00167	5997,81	0,00334	HOLD	99,7754	103,2966
2019-03-11	21:00	3871,34	3873	3850,77	3861,47	SHORT	0,00167	5997,81	0,00334	HOLD	99,7754	103,3131
2019-03-11	22:00	3861,48	3864,96	3847	3848,12	SHORT	0,00167	5997,81	0,00334	HOLD	99,7754	103,3354
2019-03-11	23:00	3848,11	3867,91	3846,8	3859,36	SHORT	0,00167	5997,81	0,00334	HOLD	99,7754	103,3166
2019-03-12	00:00	3859,21	3875	3858,82	3868,59	SHORT	0,00167	5997,81	0,00334	HOLD	99,7754	103,3012
2019-03-12	01:00	3868,99	3885,51	3841,24	3869,08	SHORT	0,00167	5997,81	0,00334	HOLD	99,7754	103,3004
2019-03-12	02:00	3869,05	3872,96	3851	3855,66	SHORT	0,00167	5997,81	0,00334	HOLD	99,7754	103,3228
2019-03-12	03:00	3855,64	3869,52	3855,64	3863	SHORT	0,00167	5997,81	0,00334	HOLD	99,7754	103,3106
2019-03-12	04:00	3862,83	3870,68	3856	3870,09	SHORT	0,00167	5997,81	0,00334	HOLD	99,7754	103,2987
2019-03-12	05:00	3870,34	3877,31	3864,7	3868,08	SHORT	0,00167	5997,81	0,00334	HOLD	99,7754	103,3021
2019-03-12	06:00	3868,08	3876,01	3860,75	3871,61	SHORT	0,00167	5997,81	0,00334	HOLD	99,7754	103,2962
2019-03-12	07:00	3871,61	3876	3836,86	3843,74	SHORT	0,00167	5997,81	0,00334	HOLD	99,7754	103,3427
2019-03-12	08:00	3844,38	3852,71	3826,06	3834,69	SHORT	0,00167	5997,81	0,00334	HOLD	99,7754	103,3578
2019-03-12	15:00	3834,69	3885	3831,23	3879,66	SHORT	0,00167	5997,81	0,00334	HOLD	99,7754	103,2827
2019-03-12	16:00	3878,73	3892	3876	3891,67	SHORT	0,00167	5997,81	0,00334	HOLD	99,7754	103,2627
2019-03-12	17:00	3891,67	3905,2	3887,81	3890,79	SHORT	0,00167	5997,81	0,00334	HOLD	99,7754	103,2641
2019-03-12	18:00	3891,44	3900,34	3883	3885,18	SHORT	0,00167	5997,81	0,00334	HOLD	99,7754	103,2735
2019-03-12	19:00	3885,09	3899,39	3883,06	3897,11	SHORT	0,00167	5997,81	0,00334	HOLD	99,7754	103,2536
2019-03-12	20:00	3897,09	3902,86	3886,54	3894,71	SHORT	0,00167	5997,81	0,00334	HOLD	99,7754	103,2576
2019-03-12	21:00	3894,73	3895,02	3889	3893,72	SHORT	0,00167	5997,81	0,00334	HOLD	99,7754	103,2593
2019-03-12	22:00	3893,48	3894,59	3866,31	3872,59	SHORT	0,00167	5997,81	0,00334	HOLD	99,7754	103,2945
2019-03-12	23:00	3872,59	3891,15	3865	3890	SHORT	0,00167	5997,81	0,00334	HOLD	99,7754	103,2655
2019-03-13	00:00	3890,94	3893	3882,54	3885,01	SHORT	0,00167	5997,81	0,00334	HOLD	99,7754	103,2738
2019-03-13	01:00	3885,8	3888,92	3876,36	3880,02	SHORT	0,00167	5997,81	0,00334	HOLD	99,7754	103,2821
2019-03-13	02:00	3880,54	3881,99	3871	3881,33	SHORT	0,00167	5997,81	0,00334	HOLD	99,7754	103,2799
2019-03-13	03:00	3880,75	3890	3880,01	3887	SHORT	0,00167	5997,81	0,00334	HOLD	99,7754	103,2705
2019-03-13	04:00	3887	3891	3879,56	3883,29	SHORT	0,00167	5997,81	0,00334	HOLD	99,7754	103,2767
2019-03-13	05:00	3883,58	3889,44	3881,15	3886,16	SHORT	0,00167	5997,81	0,00334	HOLD	99,7754	103,2719
2019-03-13	06:00	3886,63	3887,57	3874,03	3882,73	SHORT	0,00167	5997,81	0,00334	HOLD	99,7754	103,2776
2019-03-13	07:00	3882,69	3887,64	3873,92	3883,9	SHORT	0,00167	5997,81	0,00334	HOLD	99,7754	103,2756
2019-03-13	08:00	3883,85	3884,89	3871,52	3875,5	SHORT	0,00167	5997,81	0,00334	HOLD	99,7754	103,2897
2019-03-13	09:00	3875,5	3881,52	3870,66	3877,37	SHORT	0,00167	5997,81	0,00334	HOLD	99,7754	103,2866
2019-03-13	10:00	3877,37	3893,56	3877	3887,89	SHORT	0,00167	5997,81	0,00334	HOLD	99,7754	103,269
2019-03-13	11:00	3887,89	3891,7	3877	3881	SHORT	0,00167	5997,81	0,00334	HOLD	99,7754	103,2805
2019-03-13	12:00	3881	3886,08	3873,15	3873,96	SHORT	0,00167	5997,81	0,00334	HOLD	99,7754	103,2922
2019-03-13	13:00	3873,96	3883,35	3870	3875,52	SHORT	0,00167	5997,81	0,00334	HOLD	99,7754	103,2896
2019-03-13	14:00	3876,47	3885,07	3872	3884,64	SHORT	0,00167	5997,81	0,00334	HOLD	99,7754	103,2744
2019-03-13	15:00	3884,32	3885,5	3872,35	3872,36	SHORT	0,00167	5997,81	0,00334	HOLD	99,7754	103,2949
2019-03-13	16:00	3873,04	3880,52	3858,75	3864,91	SHORT	0,00167	5997,81	0,00334	HOLD	99,7754	103,3074
2019-03-13	17:00	3865,13	3865,48	3840	3850	SHORT	0,00167	5997,81	0,00334	HOLD	99,7754	103,3323
2019-03-13	18:00	3850,23	3862	3847,98	3856,12	SHORT	0,00167	5997,81	0,00334	HOLD	99,7754	103,322
2019-03-13	19:00	3856,08	3877,91	3851	3877,83	SHORT	0,00167	5997,81	0,00334	HOLD	99,7754	103,2858
2019-03-13	20:00	3877,87	3890,24	3875,79	3880,92	SHORT	0,00167	5997,81	0,00334	HOLD	99,7754	103,2806
2019-03-13	21:00	3880,92	3888,12	3855,71	3865,54	SHORT	0,00167	5997,81	0,00334	HOLD	99,7754	103,3063
2019-03-13	22:00	3865,59	3876,68	3856	3872	SHORT	0,00167	5997,81	0,00334	HOLD	99,7754	103,2955
2019-03-13	23:00	3872,1	3876,04	3860,43	3861,98	SHORT	0,00167	5997,81	0,00334	HOLD	99,7754	103,3123
2019-03-14	00:00	3861,04	3873	3861,01	3866,37	SHORT	0,00167	5997,81	0,00334	HOLD	99,7754	103,3049
2019-03-14	01:00	3864,79	3871,41	3863,64	3866,21	SHORT	0,00167	5997,81	0,00334	HOLD	99,7754	103,3052
2019-03-14	02:00	3866,19	3872,82	3864,08	3870,12	SHORT	0,00167	5997,81	0,00334	HOLD	99,7754	103,2987
2019-03-14	03:00	3870,1	3872	3860	3868,72	SHORT	0,00167	5997,81	0,00334	HOLD	99,7754	103,301
2019-03-14	04:00	3868,93	3868,96	3855,43	3857,69	SHORT	0,00167	5997,81	0,00334	HOLD	99,7754	103,3194
2019-03-14	05:00	3857,69	3868,53	3856,61	3863,15	SHORT	0,00167	5997,81	0,00334	HOLD	99,7754	103,3103
2019-03-14	06:00	3863,15	3873	3857,35	3866	SHORT	0,00167	5997,81	0,00334	HOLD	99,7754	103,3055
2019-03-14	07:00	3866	3878,98	3860	3878,15	SHORT	0,00167	5997,81	0,00334	HOLD	99,7754	103,2853
2019-03-14	08:00	3878,14	3884	3863,27	3878,9	SHORT	0,00167	5997,81	0,00334	HOLD	99,7754	103,284
2019-03-14	09:00	3878,36	3880,25	3868,25	3876,03	SHORT	0,00167	5997,81	0,00334	HOLD	99,7754	103,2888
2019-03-14	10:00	3875,66	3877	3865	3866,26	SHORT	0,00167	5997,81	0,00334	HOLD	99,7754	103,3051
2019-03-14	11:00	3867,5	3874,85	3866,59	3869	SHORT	0,00167	5997,81	0,00334	HOLD	99,7754	103,3005
2019-03-14	12:00	3869	3875,57	3864,02	3865,37	SHORT	0,00167	5997,81	0,00334	HOLD	99,7754	103,3066
2019-03-14	13:00	3865,26	3869,54	3854,15	3863,83	SHORT	0,00167	5997,81	0,00334	HOLD	99,7754	103,3092
2019-03-14	14:00	3863,4	3865	3855,75	3859,58	SHORT	0,00167	5997,81	0,00334	HOLD	99,7754	103,3163
2019-03-14	15:00	3860,73	3865	3856,61	3862,68	SHORT	0,00167	5997,81	0,00334	HOLD	99,7754	103,3111
2019-03-14	16:00	3863,51	3868,8	3859	3865,28	SHORT	0,00167	5997,81	0,00334	HOLD	99,7754	103,3067
2019-03-14	17:00	3865,43	3874,27	3862,53	3870,3	SHORT	0,00167	5997,81	0,00334	HOLD	99,7754	103,2984
2019-03-14	18:00	3870,2	3870,28	3856,71	3859,57	SHORT	0,00167	5997,81	0,00334	HOLD	99,7754	103,3163
2019-03-14	19:00	3859,57	3874,84	3850,21	3865,2	SHORT	0,00167	5997,81	0,00334	HOLD	99,7754	103,3069
2019-03-14	20:00	3865,38	3877,75	3863,52	3869,97	SHORT	0,00167	5997,81	0,00334	HOLD	99,7754	103,2989
2019-03-14	21:00	3869,97	3920	3810,43	3878,92	SHORT	0,00167	5997,81	0,00334	HOLD	99,7754	103,284
2019-03-14	22:00	3878,98	3894	3871,43	3882,1	SHORT	0,00167	5997,81	0,00334	HOLD	99,7754	103,2787
2019-03-14	23:00	3883	3885,96	3874,99	3875,76	SHORT	0,00167	5997,81	0,00334	HOLD	99,7754	103,2892
2019-03-15	00:00	3876	3888	3875,79	3882,9	SHORT	0,00167	5997,81	0,00334	HOLD	99,7754	103,2773
2019-03-15	01:00	3882,99	3883,01	3873	3874,37	SHORT	0,00167	5997,81	0,00334	HOLD	99,7754	103,2916
2019-03-15	02:00	3874,37	3878,56	3870	3873,47	SHORT	0,00167	5997,81	0,00334	HOLD	99,7754	103,2931
2019-03-15	03:00	3873,48	3878,5	3873	3874,94	SHORT	0,00167	5997,81	0,00334	HOLD	99,7754	103,2906
2019-03-15	04:00	3874,94	3879,99	3870,1	3877,41	SHORT	0,00167	5997,81	0,00334	HOLD	99,7754	103,2865
2019-03-15	05:00	3878,05	3878,97	3871,43	3876,54	SHORT	0,00167	5997,81	0,00334	HOLD	99,7754	103,2879
2019-03-15	06:00	3876,48	3881	3873,54	3877,12	SHORT	0,00167	5997,81	0,00334	HOLD	99,7754	103,287
2019-03-15	07:00	3877,12	3886	3876,13	3885,78	SHORT	0,00167	5997,81	0,00334	HOLD	99,7754	103,2725
2019-03-15	08:00	3884,75	3893,86	3881,37	3890,42	SHORT	0,00167	5997,81	0,00334	HOLD	99,7754	103,2648
2019-03-15	09:00	3889,67	3892	3885,9	3887,31	SHORT	0,00167	5997,81	0,00334	HOLD	99,7754	103,27
2019-03-15	10:00	3886,82	3888,17	3877,6	3882,9	SHORT	0,00167	5997,81	0,00334	HOLD	99,7754	103,2773
2019-03-15	11:00	3882,88	3889	3881,36	3887	SHORT	0,00167	5997,81	0,00334	HOLD	99,7754	103,2705
2019-03-15	12:00	3887,64	3892	3887	3890,85	SHORT	0,00167	5997,81	0,00334	HOLD	99,7754	103,264
2019-03-15	13:00	3890,96	3895,77	3880,62	3886,29	SHORT	0,00167	5997,81	0,00334	HOLD	99,7754	103,2717
2019-03-15	14:00	3886,27	3890,19	3872,2	3888,25	SHORT	0,00167	5997,81	0,00334	HOLD	99,7754	103,2684
2019-03-15	15:00	3888,42	3890,59	3877,63	3879,85	SHORT	0,00167	5997,81	0,00334	HOLD	99,7754	103,2824
2019-03-15	16:00	3879,97	3900,41	3877,04	3898,07	SHORT	0,00167	5997,81	0,00334	HOLD	99,7754	103,252
2019-03-15	17:00	3898	3910	3889,06	3897,5	SHORT	0,00167	5997,81	0,00334	HOLD	99,7754	103,2529
2019-03-15	18:00	3897,5	3924,4	3896,5	3914,05	SHORT	0,00167	5997,81	0,00334	HOLD	99,7754	103,2253
2019-03-15	19:00	3913,52	3924,75	3903,08	3915,33	SHORT	0,00167	5997,81	0,00334	HOLD	99,7754	103,2232
2019-03-15	20:00	3915,48	3919	3905	3913,56	SHORT	0,00167	5997,81	0,00334	HOLD	99,7754	103,2261
2019-03-15	21:00	3913,56	3921	3910,31	3917,34	SHORT	0,00167	5997,81	0,00334	HOLD	99,7754	103,2198
2019-03-15	22:00	3917,1	3939,22	3915	3928,19	SHORT	0,00167	5997,81	0,00334	HOLD	99,7754	103,2017
2019-03-15	23:00	3929,36	3933,5	3916,83	3920,71	SHORT	0,00167	5997,81	0,00334	HOLD	99,7754	103,2142
2019-03-16	00:00	3922,38	3932,86	3918,64	3928,42	SHORT	0,00167	5997,81	0,00334	HOLD	99,7754	103,2013
2019-03-16	01:00	3927,9	3931,98	3919,77	3930,52	SHORT	0,00167	5997,81	0,00334	HOLD	99,7754	103,1978
2019-03-16	02:00	3930,48	3934,79	3926,27	3932,37	SHORT	0,00167	5997,81	0,00334	HOLD	99,7754	103,1947
2019-03-16	03:00	3932,88	3934,79	3920,42	3922,1	SHORT	0,00167	5997,81	0,00334	HOLD	99,7754	103,2119
2019-03-16	04:00	3922,1	3924	3905,92	3919,44	SHORT	0,00167	5997,81	0,00334	HOLD	99,7754	103,2163
2019-03-16	05:00	3919,44	3925,9	3913,35	3914,8	SHORT	0,00167	5997,81	0,00334	HOLD	99,7754	103,224
2019-03-16	06:00	3915,54	3929,78	3914,25	3923,76	SHORT	0,00167	5997,81	0,00334	HOLD	99,7754	103,2091
2019-03-16	07:00	3924,46	3947	3921,98	3941,84	SHORT	0,00167	5997,81	0,00334	HOLD	99,7754	103,1789
2019-03-16	08:00	3940,84	3965	3933,65	3960,01	SHORT	0,00167	5997,81	0,00334	HOLD	99,7754	103,1485
2019-03-16	09:00	3960	3967,74	3948,5	3954,62	SHORT	0,00167	5997,81	0,00334	HOLD	99,7754	103,1575
2019-03-16	10:00	3954,09	3993,54	3950,5	3982,97	SHORT	0,00167	5997,81	0,00334	HOLD	99,7754	103,1102
2019-03-16	11:00	3982,7	4045	3975,6	4033,08	SHORT	0,00167	5997,81	0,00334	HOLD	99,7754	103,0265
2019-03-16	12:00	4032,65	4056,98	4001,83	4017,17	SHORT	0,00167	5997,81	0,00334	HOLD	99,7754	103,0531
2019-03-16	13:00	4017,18	4024,97	3991,34	4016,55	SHORT	0,00167	5997,81	0,00334	HOLD	99,7754	103,0541
2019-03-16	14:00	4016,55	4021,99	4009	4010,06	SHORT	0,00167	5997,81	0,00334	HOLD	99,7754	103,065
2019-03-16	15:00	4010	4011,44	3996,1	4001,88	SHORT	0,00167	5997,81	0,00334	HOLD	99,7754	103,0786
2019-03-16	16:00	4001,9	4015	3999,57	4014,96	SHORT	0,00167	5997,81	0,00334	HOLD	99,7754	103,0568
2019-03-16	17:00	4014,68	4025,98	4012	4019,09	SHORT	0,00167	5997,81	0,00334	HOLD	99,7754	103,0499
2019-03-16	18:00	4019,02	4021,77	4013,99	4016,08	SHORT	0,00167	5997,81	0,00334	HOLD	99,7754	103,0549
2019-03-16	19:00	4016,1	4018	3963,2	3985,98	SHORT	0,00167	5997,81	0,00334	HOLD	99,7754	103,1052
2019-03-16	20:00	3985,43	3999,99	3985,08	3988,92	SHORT	0,00167	5997,81	0,00334	HOLD	99,7754	103,1003
2019-03-16	21:00	3988,41	4009,94	3986,05	4002,73	SHORT	0,00167	5997,81	0,00334	HOLD	99,7754	103,0772
2019-03-16	22:00	4002,73	4003	3982	3989,83	SHORT	0,00167	5997,81	0,00334	HOLD	99,7754	103,0987
2019-03-16	23:00	3990	4008,18	3986,5	3996,6	SHORT	0,00167	5997,81	0,00334	HOLD	99,7754	103,0874
2019-03-17	00:00	3996,62	4005,02	3993,78	4000,64	SHORT	0,00167	5997,81	0,00334	HOLD	99,7754	103,0807
2019-03-17	01:00	4000,63	4002,62	3993,29	3999,15	SHORT	0,00167	5997,81	0,00334	HOLD	99,7754	103,0832
2019-03-17	02:00	3999,74	4000,95	3988	3993,61	SHORT	0,00167	5997,81	0,00334	HOLD	99,7754	103,0924
2019-03-17	03:00	3993,61	4000	3985,02	3999,98	SHORT	0,00167	5997,81	0,00334	HOLD	99,7754	103,0818
2019-03-17	04:00	3999,98	4005	3996,24	4004	SHORT	0,00167	5997,81	0,00334	HOLD	99,7754	103,0751
2019-03-17	05:00	4003,97	4006,45	4000	4003,88	SHORT	0,00167	5997,81	0,00334	HOLD	99,7754	103,0753
2019-03-17	06:00	4004,92	4008,93	4000,97	4005,98	SHORT	0,00167	5997,81	0,00334	HOLD	99,7754	103,0718
2019-03-17	07:00	4005,98	4012	3965,42	3980,79	SHORT	0,00167	5997,81	0,00334	HOLD	99,7754	103,1138
2019-03-17	08:00	3980,7	3990,69	3978,55	3985,28	SHORT	0,00167	5997,81	0,00334	HOLD	99,7754	103,1063
2019-03-17	09:00	3985,28	3985,61	3950,01	3970,8	SHORT	0,00167	5997,81	0,00334	HOLD	99,7754	103,1305
2019-03-17	10:00	3971	3981	3963,27	3972,23	SHORT	0,00167	5997,81	0,00334	HOLD	99,7754	103,1281
2019-03-17	11:00	3971,17	3974,79	3950,13	3965,22	SHORT	0,00167	5997,81	0,00334	HOLD	99,7754	103,1398
2019-03-17	12:00	3966,7	3967,8	3957,12	3966,4	SHORT	0,00167	5997,81	0,00334	HOLD	99,7754	103,1379
2019-03-17	13:00	3966,09	3975,86	3962,49	3974,21	SHORT	0,00167	5997,81	0,00334	HOLD	99,7754	103,1248
2019-03-17	14:00	3974	3977,65	3969,03	3975,02	SHORT	0,00167	5997,81	0,00334	HOLD	99,7754	103,1235
2019-03-17	15:00	3975,67	3980	3965,83	3972,23	SHORT	0,00167	5997,81	0,00334	HOLD	99,7754	103,1281
2019-03-17	16:00	3971,86	3975,03	3966,06	3970,9	SHORT	0,00167	5997,81	0,00334	HOLD	99,7754	103,1304
2019-03-17	17:00	3970,9	3994,1	3968,12	3985,01	SHORT	0,00167	5997,81	0,00334	HOLD	99,7754	103,1068
2019-03-17	18:00	3985,29	3994	3977	3987,49	SHORT	0,00167	5997,81	0,00334	HOLD	99,7754	103,1027
2019-03-17	19:00	3988,26	3988,3	3972	3979,45	SHORT	0,00167	5997,81	0,00334	HOLD	99,7754	103,1161
2019-03-17	20:00	3979,45	3990	3976,45	3987,23	SHORT	0,00167	5997,81	0,00334	HOLD	99,7754	103,1031
2019-03-17	21:00	3988,25	4000	3983,39	3990,06	SHORT	0,00167	5997,81	0,00334	HOLD	99,7754	103,0984
2019-03-17	22:00	3990,99	3991	3980	3986,51	SHORT	0,00167	5997,81	0,00334	HOLD	99,7754	103,1043
2019-03-17	23:00	3988,32	3995,8	3979	3987,08	SHORT	0,00167	5997,81	0,00334	HOLD	99,7754	103,1033
2019-03-18	00:00	3987,03	3989,16	3981,07	3981,96	SHORT	0,00167	5997,81	0,00334	HOLD	99,7754	103,1119
2019-03-18	01:00	3982,9	3988,48	3981,44	3985,89	SHORT	0,00167	5997,81	0,00334	HOLD	99,7754	103,1053
2019-03-18	02:00	3985,89	3994,94	3983,2	3990,94	SHORT	0,00167	5997,81	0,00334	HOLD	99,7754	103,0969
2019-03-18	03:00	3991	3997,93	3987	3992,64	SHORT	0,00167	5997,81	0,00334	HOLD	99,7754	103,0941
2019-03-18	04:00	3992,13	3996,9	3989,11	3993,01	SHORT	0,00167	5997,81	0,00334	HOLD	99,7754	103,0934
2019-03-18	05:00	3993,01	3997,75	3982,16	3985,97	SHORT	0,00167	5997,81	0,00334	HOLD	99,7754	103,1052
2019-03-18	06:00	3986,43	3986,72	3980,03	3981,14	SHORT	0,00167	5997,81	0,00334	HOLD	99,7754	103,1133
2019-03-18	07:00	3981,85	4007,67	3973,14	4005,02	SHORT	0,00167	5997,81	0,00334	HOLD	99,7754	103,0734
2019-03-18	08:00	4005,72	4037	4003,78	4022,19	SHORT	0,00167	5997,81	0,00334	HOLD	99,7754	103,0447
2019-03-18	09:00	4021,73	4027,91	4012,75	4020	SHORT	0,00167	5997,81	0,00334	HOLD	99,7754	103,0484
2019-03-18	10:00	4020,21	4020,25	4004,25	4008,15	SHORT	0,00167	5997,81	0,00334	HOLD	99,7754	103,0682
2019-03-18	11:00	4008,56	4015,18	3994,73	4002,06	SHORT	0,00167	5997,81	0,00334	HOLD	99,7754	103,0783
2019-03-18	12:00	4002,06	4005	3961	3963,68	SHORT	0,00167	5997,81	0,00334	HOLD	99,7754	103,1424
2019-03-18	13:00	3963,65	3981,88	3959	3976,99	SHORT	0,00167	5997,81	0,00334	HOLD	99,7754	103,1202
2019-03-18	14:00	3976,97	3979,81	3965	3978,38	SHORT	0,00167	5997,81	0,00334	HOLD	99,7754	103,1179
2019-03-18	15:00	3978,48	3992,66	3970	3987,14	SHORT	0,00167	5997,81	0,00334	HOLD	99,7754	103,1032
2019-03-18	16:00	3987,15	3990	3970,29	3974,61	SHORT	0,00167	5997,81	0,00334	HOLD	99,7754	103,1242
2019-03-18	17:00	3974,61	3983,45	3960	3970,74	SHORT	0,00167	5997,81	0,00334	HOLD	99,7754	103,1306
2019-03-18	18:00	3971,15	3978,99	3953,33	3971	SHORT	0,00167	5997,81	0,00334	HOLD	99,7754	103,1302
2019-03-18	19:00	3971	3988,2	3967,42	3985	SHORT	0,00167	5997,81	0,00334	HOLD	99,7754	103,1068
2019-03-18	20:00	3985	3987,88	3980	3984,68	SHORT	0,00167	5997,81	0,00334	HOLD	99,7754	103,1073
2019-03-18	21:00	3984,02	3985,2	3971	3978,14	SHORT	0,00167	5997,81	0,00334	HOLD	99,7754	103,1183
2019-03-18	22:00	3978,14	3985	3975,9	3978,86	SHORT	0,00167	5997,81	0,00334	HOLD	99,7754	103,1171
2019-03-18	23:00	3978,87	3984,8	3977,07	3981,52	SHORT	0,00167	5997,81	0,00334	HOLD	99,7754	103,1126
2019-03-19	00:00	3981,52	3984,14	3973,01	3981,88	SHORT	0,00167	5997,81	0,00334	HOLD	99,7754	103,112
2019-03-19	01:00	3981,88	3984,8	3975,5	3977,85	SHORT	0,00167	5997,81	0,00334	HOLD	99,7754	103,1188
2019-03-19	02:00	3977,87	3979,59	3969,62	3979,17	SHORT	0,00167	5997,81	0,00334	HOLD	99,7754	103,1165
2019-03-19	03:00	3979,89	3991,45	3979,02	3986,2	SHORT	0,00167	5997,81	0,00334	HOLD	99,7754	103,1048
2019-03-19	04:00	3986,22	3994,87	3985	3986	SHORT	0,00167	5997,81	0,00334	HOLD	99,7754	103,1051
2019-03-19	05:00	3986	3993,85	3985	3992,01	SHORT	0,00167	5997,81	0,00334	HOLD	99,7754	103,0951
2019-03-19	06:00	3992	3992,7	3982,04	3987,81	SHORT	0,00167	5997,81	0,00334	HOLD	99,7754	103,1021
2019-03-19	07:00	3987,83	3999,4	3983,14	3998,01	SHORT	0,00167	5997,81	0,00334	HOLD	99,7754	103,0851
2019-03-19	08:00	3997,89	4002,99	3990,37	3993	SHORT	0,00167	5997,81	0,00334	HOLD	99,7754	103,0935
2019-03-19	09:00	3992,44	4001,79	3991,72	3994	SHORT	0,00167	5997,81	0,00334	HOLD	99,7754	103,0918
2019-03-19	10:00	3994	3998,87	3986,14	3987,45	SHORT	0,00167	5997,81	0,00334	HOLD	99,7754	103,1027
2019-03-19	11:00	3987,52	3991,99	3970	3977,72	SHORT	0,00167	5997,81	0,00334	HOLD	99,7754	103,119
2019-03-19	12:00	3977,14	3985,71	3976,13	3983,09	SHORT	0,00167	5997,81	0,00334	HOLD	99,7754	103,11
2019-03-19	13:00	3983,09	3989,5	3980,82	3980,85	SHORT	0,00167	5997,81	0,00334	HOLD	99,7754	103,1137
2019-03-19	14:00	3980,85	3985,71	3974,23	3981,93	SHORT	0,00167	5997,81	0,00334	HOLD	99,7754	103,1119
2019-03-19	15:00	3981,98	3983,49	3974,43	3982,4	SHORT	0,00167	5997,81	0,00334	HOLD	99,7754	103,1112
2019-03-19	16:00	3982,4	3996,09	3980,02	3994,77	SHORT	0,00167	5997,81	0,00334	HOLD	99,7754	103,0905
2019-03-19	17:00	3994,82	4002,98	3986,51	3998,08	SHORT	0,00167	5997,81	0,00334	HOLD	99,7754	103,085
2019-03-19	18:00	3998,08	3999,97	3983,35	3986,16	SHORT	0,00167	5997,81	0,00334	HOLD	99,7754	103,1049
2019-03-19	19:00	3987,37	3993,76	3980	3983,57	SHORT	0,00167	5997,81	0,00334	HOLD	99,7754	103,1092
2019-03-19	20:00	3982,59	3992,5	3981,7	3984,07	SHORT	0,00167	5997,81	0,00334	HOLD	99,7754	103,1084
2019-03-19	21:00	3984,66	4015,7	3984,02	3997,51	SHORT	0,00167	5997,81	0,00334	HOLD	99,7754	103,0859
2019-03-19	22:00	3997,79	4001,64	3989,72	3997,65	SHORT	0,00167	5997,81	0,00334	HOLD	99,7754	103,0857
2019-03-19	23:00	3997,93	4018	3994	4007	SHORT	0,00167	5997,81	0,00334	HOLD	99,7754	103,0701
2019-03-20	00:00	4007	4031	4003,98	4015	SHORT	0,00167	5997,81	0,00334	HOLD	99,7754	103,0567
2019-03-20	01:00	4014,81	4022,08	4001,41	4004,14	SHORT	0,00167	5997,81	0,00334	HOLD	99,7754	103,0748
2019-03-20	02:00	4004,46	4011,99	3996,68	4006,62	SHORT	0,00167	5997,81	0,00334	HOLD	99,7754	103,0707
2019-03-20	03:00	4008,06	4013,29	4002,49	4008,07	SHORT	0,00167	5997,81	0,00334	HOLD	99,7754	103,0683
2019-03-20	04:00	4007,64	4011,69	3995,4	4004,93	SHORT	0,00167	5997,81	0,00334	HOLD	99,7754	103,0735
2019-03-20	05:00	4006,09	4013,92	4003,75	4007,98	SHORT	0,00167	5997,81	0,00334	HOLD	99,7754	103,0684
2019-03-20	06:00	4007,98	4020	4007,43	4015,53	SHORT	0,00167	5997,81	0,00334	HOLD	99,7754	103,0558
2019-03-20	07:00	4017,48	4031,53	3980,5	3990,79	SHORT	0,00167	5997,81	0,00334	HOLD	99,7754	103,0971
2019-03-20	08:00	3993,38	4000	3986,44	3990,21	SHORT	0,00167	5997,81	0,00334	HOLD	99,7754	103,0981
2019-03-20	09:00	3990,29	3996,44	3984,61	3987,67	SHORT	0,00167	5997,81	0,00334	HOLD	99,7754	103,1024
2019-03-20	10:00	3987,67	3996,12	3986,3	3994,97	SHORT	0,00167	5997,81	0,00334	HOLD	99,7754	103,0902
2019-03-20	11:00	3994,21	3999,02	3989	3995,06	SHORT	0,00167	5997,81	0,00334	HOLD	99,7754	103,09
2019-03-20	12:00	3996	4008,89	3994,01	4006,84	SHORT	0,00167	5997,81	0,00334	HOLD	99,7754	103,0703
2019-03-20	13:00	4005,81	4008,28	3995,56	3999,1	SHORT	0,00167	5997,81	0,00334	HOLD	99,7754	103,0833
2019-03-20	14:00	3999,08	4019,3	3998,83	4009,01	SHORT	0,00167	5997,81	0,00334	HOLD	99,7754	103,0667
2019-03-20	15:00	4009,93	4019,01	4005	4008,99	SHORT	0,00167	5997,81	0,00334	HOLD	99,7754	103,0667
2019-03-20	16:00	4009	4010	3991,02	3991,08	SHORT	0,00167	5997,81	0,00334	HOLD	99,7754	103,0967
2019-03-20	17:00	3993,33	4016	3985,5	4013,54	SHORT	0,00167	5997,81	0,00334	HOLD	99,7754	103,0592
2019-03-20	18:00	4011,77	4021,32	4006,45	4010,9	SHORT	0,00167	5997,81	0,00334	HOLD	99,7754	103,0636
2019-03-20	19:00	4010,91	4019,08	4004	4012,89	SHORT	0,00167	5997,81	0,00334	HOLD	99,7754	103,0602
2019-03-20	20:00	4014,12	4019,35	4011,04	4014,58	SHORT	0,00167	5997,81	0,00334	HOLD	99,7754	103,0574
2019-03-20	21:00	4014,51	4021,99	4005,94	4021,98	SHORT	0,00167	5997,81	0,00334	HOLD	99,7754	103,0451
2019-03-20	22:00	4019,64	4029,55	4008,83	4015,82	SHORT	0,00167	5997,81	0,00334	HOLD	99,7754	103,0553
2019-03-20	23:00	4015,58	4040,89	4014	4018,98	SHORT	0,00167	5997,81	0,00334	HOLD	99,7754	103,0501
2019-03-21	00:00	4018,97	4022	4004,02	4011,79	SHORT	0,00167	5997,81	0,00334	HOLD	99,7754	103,0621
2019-03-21	01:00	4012,29	4026,82	4011,47	4022,59	SHORT	0,00167	5997,81	0,00334	HOLD	99,7754	103,044
2019-03-21	02:00	4022,6	4027,43	4020,85	4022,45	SHORT	0,00167	5997,81	0,00334	HOLD	99,7754	103,0443
2019-03-21	03:00	4023,92	4029,62	4018	4020,98	SHORT	0,00167	5997,81	0,00334	HOLD	99,7754	103,0467
2019-03-21	04:00	4021	4025,07	4018,75	4020,92	SHORT	0,00167	5997,81	0,00334	HOLD	99,7754	103,0468
2019-03-21	05:00	4020,92	4050	4019,62	4041,27	SHORT	0,00167	5997,81	0,00334	HOLD	99,7754	103,0128
2019-03-21	06:00	4040,51	4044,69	4029,86	4043,04	SHORT	0,00167	5997,81	0,00334	HOLD	99,7754	103,0099
2019-03-21	07:00	4043,04	4054,58	4040,23	4049,7	SHORT	0,00167	5997,81	0,00334	HOLD	99,7754	102,9988
2019-03-21	08:00	4050,49	4053,24	4024,33	4038,71	SHORT	0,00167	5997,81	0,00334	HOLD	99,7754	103,0171
2019-03-21	09:00	4038,6	4046	4037,33	4040,1	SHORT	0,00167	5997,81	0,00334	HOLD	99,7754	103,0148
2019-03-21	10:00	4040,11	4046,62	4039,23	4041,06	SHORT	0,00167	5997,81	0,00334	HOLD	99,7754	103,0132
2019-03-21	11:00	4041,75	4042,62	4032,82	4035,78	SHORT	0,00167	5997,81	0,00334	HOLD	99,7754	103,022
2019-03-21	12:00	4036,25	4036,25	4027,2	4030,43	SHORT	0,00167	5997,81	0,00334	HOLD	99,7754	103,0309
2019-03-21	13:00	4029,71	4037	4028,46	4036,89	SHORT	0,00167	5997,81	0,00334	HOLD	99,7754	103,0202
2019-03-21	14:00	4036,92	4051,75	4033,97	4046,79	SHORT	0,00167	5997,81	0,00334	HOLD	99,7754	103,0036
2019-03-21	15:00	4045,75	4047,51	4041,22	4043,72	SHORT	0,00167	5997,81	0,00334	HOLD	99,7754	103,0088
2019-03-21	16:00	4043	4044,33	4036,8	4040	SHORT	0,00167	5997,81	0,00334	HOLD	99,7754	103,015
2019-03-21	17:00	4039,98	4042,77	4033,97	4036,26	SHORT	0,00167	5997,81	0,00334	HOLD	99,7754	103,0212
2019-03-21	18:00	4036,69	4057,88	4034,85	4047,78	SHORT	0,00167	5997,81	0,00334	HOLD	99,7754	103,002
2019-03-21	19:00	4044,62	4069,32	4037,86	4039,34	SHORT	0,00167	5997,81	0,00334	HOLD	99,7754	103,0161
2019-03-21	20:00	4039,34	4045	4008,71	4024,46	SHORT	0,00167	5997,81	0,00334	HOLD	99,7754	103,0409
2019-03-21	21:00	4024,12	4024,98	3880,01	3910	SHORT	0,00167	5997,81	0,00334	HOLD	99,7754	103,2321
2019-03-21	22:00	3910	3976	3909,07	3968,66	SHORT	0,00167	5997,81	0,00334	HOLD	99,7754	103,1341
2019-03-21	23:00	3968,25	3971,89	3942,23	3967,11	SHORT	0,00167	5997,81	0,00334	HOLD	99,7754	103,1367
2019-03-22	00:00	3967,11	3973	3954,96	3965,6	SHORT	0,00167	5997,81	0,00334	HOLD	99,7754	103,1392
2019-03-22	01:00	3965,9	3973,11	3959,44	3972,44	SHORT	0,00167	5997,81	0,00334	HOLD	99,7754	103,1278
2019-03-22	02:00	3971,14	3981,29	3969,05	3979,42	SHORT	0,00167	5997,81	0,00334	HOLD	99,7754	103,1161
2019-03-22	03:00	3979,13	3981,7	3973,91	3979,96	SHORT	0,00167	5997,81	0,00334	HOLD	99,7754	103,1152
2019-03-22	04:00	3979,94	3987,65	3978,76	3983,64	SHORT	0,00167	5997,81	0,00334	HOLD	99,7754	103,1091
2019-03-22	05:00	3983,35	3996	3976,14	3982,21	SHORT	0,00167	5997,81	0,00334	HOLD	99,7754	103,1115
2019-03-22	06:00	3982,19	3988,6	3978,55	3980,64	SHORT	0,00167	5997,81	0,00334	HOLD	99,7754	103,1141
2019-03-22	07:00	3980,85	3990,29	3971	3986,33	SHORT	0,00167	5997,81	0,00334	HOLD	99,7754	103,1046
2019-03-22	08:00	3986,44	3990,83	3985	3987,34	SHORT	0,00167	5997,81	0,00334	HOLD	99,7754	103,1029
2019-03-22	09:00	3987,17	3994,89	3985,68	3990,01	SHORT	0,00167	5997,81	0,00334	HOLD	99,7754	103,0984
2019-03-22	10:00	3990	3992,5	3985,47	3986,51	SHORT	0,00167	5997,81	0,00334	HOLD	99,7754	103,1043
2019-03-22	11:00	3985,53	3986,49	3980	3981,71	SHORT	0,00167	5997,81	0,00334	HOLD	99,7754	103,1123
2019-03-22	12:00	3981,69	3988,78	3980	3987,71	SHORT	0,00167	5997,81	0,00334	HOLD	99,7754	103,1023
2019-03-22	13:00	3987,71	3988,51	3980	3982,96	SHORT	0,00167	5997,81	0,00334	HOLD	99,7754	103,1102
2019-03-22	14:00	3982,33	3988,37	3968,25	3978,59	SHORT	0,00167	5997,81	0,00334	HOLD	99,7754	103,1175
2019-03-22	15:00	3979,16	3991,48	3977,33	3985,01	SHORT	0,00167	5997,81	0,00334	HOLD	99,7754	103,1068
2019-03-22	16:00	3985,54	3991	3979,65	3984,58	SHORT	0,00167	5997,81	0,00334	HOLD	99,7754	103,1075
2019-03-22	17:00	3985	3990,13	3980,57	3985,3	SHORT	0,00167	5997,81	0,00334	HOLD	99,7754	103,1063
2019-03-22	18:00	3984,88	3990,77	3982	3987,11	SHORT	0,00167	5997,81	0,00334	HOLD	99,7754	103,1033
2019-03-22	19:00	3987,13	3996,78	3983,01	3994,81	SHORT	0,00167	5997,81	0,00334	HOLD	99,7754	103,0904
2019-03-22	20:00	3994,26	4008	3987,69	3990,02	SHORT	0,00167	5997,81	0,00334	HOLD	99,7754	103,0984
2019-03-22	21:00	3990,02	4001,82	3989,19	4000	SHORT	0,00167	5997,81	0,00334	HOLD	99,7754	103,0818
2019-03-22	22:00	3999,98	4004,57	3991,27	3993,31	SHORT	0,00167	5997,81	0,00334	HOLD	99,7754	103,0929
2019-03-22	23:00	3993,29	3998,97	3980,23	3997,69	SHORT	0,00167	5997,81	0,00334	HOLD	99,7754	103,0856
2019-03-23	00:00	3997,11	4005	3990,03	3998,48	SHORT	0,00167	5997,81	0,00334	HOLD	99,7754	103,0843
2019-03-23	01:00	3998,4	4001,12	3994,47	3997,03	SHORT	0,00167	5997,81	0,00334	HOLD	99,7754	103,0867
2019-03-23	02:00	3996,41	4000	3992,66	3996,38	SHORT	0,00167	5997,81	0,00334	HOLD	99,7754	103,0878
2019-03-23	03:00	3997,73	3997,73	3980,17	3985	SHORT	0,00167	5997,81	0,00334	HOLD	99,7754	103,1068
2019-03-23	04:00	3984,99	3992,03	3973,57	3988,96	SHORT	0,00167	5997,81	0,00334	HOLD	99,7754	103,1002
2019-03-23	05:00	3990,29	3994,28	3986,62	3990,94	SHORT	0,00167	5997,81	0,00334	HOLD	99,7754	103,0969
2019-03-23	06:00	3990,95	3994,99	3986,49	3986,93	SHORT	0,00167	5997,81	0,00334	HOLD	99,7754	103,1036
2019-03-23	07:00	3987,89	3988,6	3978,01	3982,39	SHORT	0,00167	5997,81	0,00334	HOLD	99,7754	103,1112
2019-03-23	08:00	3983,33	3992,19	3981,54	3988	SHORT	0,00167	5997,81	0,00334	HOLD	99,7754	103,1018
2019-03-23	09:00	3987,36	4003,1	3986,5	4001,76	SHORT	0,00167	5997,81	0,00334	HOLD	99,7754	103,0788
2019-03-23	10:00	4001,99	4009	3997,3	4004,34	SHORT	0,00167	5997,81	0,00334	HOLD	99,7754	103,0745
2019-03-23	11:00	4005,98	4006,48	3989,4	3994,36	SHORT	0,00167	5997,81	0,00334	HOLD	99,7754	103,0912
2019-03-23	12:00	3994,36	4004,22	3994,21	4002,4	SHORT	0,00167	5997,81	0,00334	HOLD	99,7754	103,0778
2019-03-23	13:00	4002,4	4018,83	4001,48	4015,88	SHORT	0,00167	5997,81	0,00334	HOLD	99,7754	103,0552
2019-03-23	14:00	4015,88	4018	4003,01	4005	SHORT	0,00167	5997,81	0,00334	HOLD	99,7754	103,0734
2019-03-23	15:00	4005,67	4015	3998,02	4014,75	SHORT	0,00167	5997,81	0,00334	HOLD	99,7754	103,0571
2019-03-23	16:00	4013,68	4014,83	4002,07	4006,44	SHORT	0,00167	5997,81	0,00334	HOLD	99,7754	103,071
2019-03-23	17:00	4006,44	4011,09	3981,25	3996,28	SHORT	0,00167	5997,81	0,00334	HOLD	99,7754	103,088
2019-03-23	18:00	3996,48	4003,11	3991,91	4001,36	SHORT	0,00167	5997,81	0,00334	HOLD	99,7754	103,0795
2019-03-23	19:00	4002	4006,23	3986,37	3990,62	SHORT	0,00167	5997,81	0,00334	HOLD	99,7754	103,0974
2019-03-23	20:00	3990,62	3994	3978,01	3989,19	SHORT	0,00167	5997,81	0,00334	HOLD	99,7754	103,0998
2019-03-23	21:00	3989,19	3990,32	3981,5	3990	SHORT	0,00167	5997,81	0,00334	HOLD	99,7754	103,0985
2019-03-23	22:00	3989,99	4002	3987,12	4001,23	SHORT	0,00167	5997,81	0,00334	HOLD	99,7754	103,0797
2019-03-23	23:00	4001,5	4002,78	3989,01	3990,52	SHORT	0,00167	5997,81	0,00334	HOLD	99,7754	103,0976
2019-03-24	00:00	3991,83	3998,08	3988,96	3989,02	SHORT	0,00167	5997,81	0,00334	HOLD	99,7754	103,1001
2019-03-24	01:00	3989,04	3993,7	3987,86	3992,87	SHORT	0,00167	5997,81	0,00334	HOLD	99,7754	103,0937
2019-03-24	02:00	3992,87	3997,32	3988,26	3990,99	SHORT	0,00167	5997,81	0,00334	HOLD	99,7754	103,0968
2019-03-24	03:00	3990,97	3994,87	3987,01	3991,46	SHORT	0,00167	5997,81	0,00334	HOLD	99,7754	103,096
2019-03-24	04:00	3991,46	3998,88	3989,42	3994,5	SHORT	0,00167	5997,81	0,00334	HOLD	99,7754	103,0909
2019-03-24	05:00	3995,27	3999,98	3993,01	3995,35	SHORT	0,00167	5997,81	0,00334	HOLD	99,7754	103,0895
2019-03-24	06:00	3995,4	4007,9	3994,43	4006,01	SHORT	0,00167	5997,81	0,00334	HOLD	99,7754	103,0717
2019-03-24	07:00	4006,01	4006,02	3996,02	4000,87	SHORT	0,00167	5997,81	0,00334	HOLD	99,7754	103,0803
2019-03-24	08:00	4001,13	4002,19	3992,71	3993,62	SHORT	0,00167	5997,81	0,00334	HOLD	99,7754	103,0924
2019-03-24	09:00	3993,62	3999,21	3976,39	3979,62	SHORT	0,00167	5997,81	0,00334	HOLD	99,7754	103,1158
2019-03-24	10:00	3979,1	3993	3976,61	3988	SHORT	0,00167	5997,81	0,00334	HOLD	99,7754	103,1018
2019-03-24	11:00	3988	3993,48	3986,32	3992,25	SHORT	0,00167	5997,81	0,00334	HOLD	99,7754	103,0947
2019-03-24	12:00	3992,25	3992,37	3979,92	3983,38	SHORT	0,00167	5997,81	0,00334	HOLD	99,7754	103,1095
2019-03-24	13:00	3983,28	3989,99	3979,42	3986,9	SHORT	0,00167	5997,81	0,00334	HOLD	99,7754	103,1036
2019-03-24	14:00	3986,9	3988	3975	3981,61	SHORT	0,00167	5997,81	0,00334	HOLD	99,7754	103,1125
2019-03-24	15:00	3981,61	3985,66	3980,15	3984,98	SHORT	0,00167	5997,81	0,00334	HOLD	99,7754	103,1068
2019-03-24	16:00	3985,29	4001,6	3983,37	3993,31	SHORT	0,00167	5997,81	0,00334	HOLD	99,7754	103,0929
2019-03-24	17:00	3993,29	3999,9	3989,4	3998,16	SHORT	0,00167	5997,81	0,00334	HOLD	99,7754	103,0848
2019-03-24	18:00	3998,57	4003,97	3991	3992,42	SHORT	0,00167	5997,81	0,00334	HOLD	99,7754	103,0944
2019-03-24	19:00	3991,86	3995,63	3983,29	3993,3	SHORT	0,00167	5997,81	0,00334	HOLD	99,7754	103,093
2019-03-24	20:00	3992,85	3997,97	3990,34	3995,62	SHORT	0,00167	5997,81	0,00334	HOLD	99,7754	103,0891
2019-03-24	21:00	3996	3997,7	3986,91	3994,91	SHORT	0,00167	5997,81	0,00334	HOLD	99,7754	103,0903
2019-03-24	22:00	3994,92	3996,55	3990,41	3992,9	SHORT	0,00167	5997,81	0,00334	HOLD	99,7754	103,0936
2019-03-24	23:00	3992,9	3995,21	3984,88	3989,57	SHORT	0,00167	5997,81	0,00334	HOLD	99,7754	103,0992
2019-03-25	00:00	3989,8	3993,88	3986	3988,65	SHORT	0,00167	5997,81	0,00334	HOLD	99,7754	103,1007
2019-03-25	01:00	3988,48	3991,73	3980,1	3984,6	SHORT	0,00167	5997,81	0,00334	HOLD	99,7754	103,1075
2019-03-25	02:00	3984,95	3987,5	3980	3983,45	SHORT	0,00167	5997,81	0,00334	HOLD	99,7754	103,1094
2019-03-25	03:00	3983,44	3984,73	3950	3981,25	SHORT	0,00167	5997,81	0,00334	HOLD	99,7754	103,1131
2019-03-25	04:00	3981,25	3990	3974	3984,5	SHORT	0,00167	5997,81	0,00334	HOLD	99,7754	103,1076
2019-03-25	05:00	3985,5	3995,38	3983,4	3986,57	SHORT	0,00167	5997,81	0,00334	HOLD	99,7754	103,1042
2019-03-25	06:00	3986,47	3994,62	3985	3992,18	SHORT	0,00167	5997,81	0,00334	HOLD	99,7754	103,0948
2019-03-25	07:00	3991,35	3993,67	3980,75	3986	SHORT	0,00167	5997,81	0,00334	HOLD	99,7754	103,1051
2019-03-25	08:00	3986,26	3996	3983,33	3995	SHORT	0,00167	5997,81	0,00334	HOLD	99,7754	103,0901
2019-03-25	09:00	3995,01	3999	3988,36	3994,47	SHORT	0,00167	5997,81	0,00334	HOLD	99,7754	103,091
2019-03-25	10:00	3994,13	3999,3	3992,31	3996,63	SHORT	0,00167	5997,81	0,00334	HOLD	99,7754	103,0874
2019-03-25	11:00	3995,93	3998,58	3982,61	3986,84	SHORT	0,00167	5997,81	0,00334	HOLD	99,7754	103,1037
2019-03-25	12:00	3986,85	3996	3984	3991,46	SHORT	0,00167	5997,81	0,00334	HOLD	99,7754	103,096
2019-03-25	13:00	3991,46	3996,63	3986	3993,26	SHORT	0,00167	5997,81	0,00334	HOLD	99,7754	103,093
2019-03-25	14:00	3992,62	3995,9	3986,17	3993,72	SHORT	0,00167	5997,81	0,00334	HOLD	99,7754	103,0923
2019-03-25	15:00	3991,49	3998,55	3989,57	3995,87	SHORT	0,00167	5997,81	0,00334	HOLD	99,7754	103,0887
2019-03-25	16:00	3995,87	3999	3992,94	3993,52	SHORT	0,00167	5997,81	0,00334	HOLD	99,7754	103,0926
2019-03-25	17:00	3994,41	3995,96	3985	3988,21	SHORT	0,00167	5997,81	0,00334	HOLD	99,7754	103,1015
2019-03-25	18:00	3989,07	3991,46	3985	3986,39	SHORT	0,00167	5997,81	0,00334	HOLD	99,7754	103,1045
2019-03-25	19:00	3987,2	3987,65	3968,75	3978,18	SHORT	0,00167	5997,81	0,00334	HOLD	99,7754	103,1182
2019-03-25	20:00	3978,4	3988,3	3976,08	3978,81	SHORT	0,00167	5997,81	0,00334	HOLD	99,7754	103,1171
2019-03-25	21:00	3978,78	3984,69	3973,09	3979,12	SHORT	0,00167	5997,81	0,00334	HOLD	99,7754	103,1166
2019-03-25	22:00	3979,99	3986,84	3959,16	3962,92	SHORT	0,00167	5997,81	0,00334	HOLD	99,7754	103,1437
2019-03-25	23:00	3962,92	3982,24	3956,14	3978,39	SHORT	0,00167	5997,81	0,00334	HOLD	99,7754	103,1179
2019-03-26	00:00	3979,23	3981,11	3961,12	3962	SHORT	0,00167	5997,81	0,00334	HOLD	99,7754	103,1452
2019-03-26	01:00	3962	3968,56	3906	3916,72	SHORT	0,00167	5997,81	0,00334	HOLD	99,7754	103,2208
2019-03-26	02:00	3916,72	3938,49	3888,71	3922,22	SHORT	0,00167	5997,81	0,00334	HOLD	99,7754	103,2117
2019-03-26	03:00	3922,22	3924,65	3891,14	3913,73	SHORT	0,00167	5997,81	0,00334	HOLD	99,7754	103,2258
2019-03-26	04:00	3913,28	3915	3900	3907,39	SHORT	0,00167	5997,81	0,00334	HOLD	99,7754	103,2364
2019-03-26	05:00	3907,39	3936,02	3906,97	3936	SHORT	0,00167	5997,81	0,00334	HOLD	99,7754	103,1886
2019-03-26	06:00	3936	3946,82	3928,39	3936,12	SHORT	0,00167	5997,81	0,00334	HOLD	99,7754	103,1884
2019-03-26	07:00	3935,47	3958,98	3931	3934,2	SHORT	0,00167	5997,81	0,00334	HOLD	99,7754	103,1916
2019-03-26	08:00	3934,18	3944	3932,95	3941,49	SHORT	0,00167	5997,81	0,00334	HOLD	99,7754	103,1795
2019-03-26	09:00	3942,93	3948,8	3939,98	3947,95	SHORT	0,00167	5997,81	0,00334	HOLD	99,7754	103,1687
2019-03-26	10:00	3947,01	3950	3936,03	3937,26	SHORT	0,00167	5997,81	0,00334	HOLD	99,7754	103,1865
2019-03-26	11:00	3936,14	3944,63	3936,01	3937	SHORT	0,00167	5997,81	0,00334	HOLD	99,7754	103,187
2019-03-26	12:00	3937	3943,77	3933,67	3933,71	SHORT	0,00167	5997,81	0,00334	HOLD	99,7754	103,1925
2019-03-26	13:00	3933,69	3937,96	3909,11	3923,96	SHORT	0,00167	5997,81	0,00334	HOLD	99,7754	103,2087
2019-03-26	14:00	3923,55	3926,63	3910	3925,98	SHORT	0,00167	5997,81	0,00334	HOLD	99,7754	103,2054
2019-03-26	15:00	3925,98	3940,62	3923,95	3938,84	SHORT	0,00167	5997,81	0,00334	HOLD	99,7754	103,1839
2019-03-26	16:00	3938,81	3939,89	3926,52	3927,86	SHORT	0,00167	5997,81	0,00334	HOLD	99,7754	103,2022
2019-03-26	17:00	3927,74	3937,55	3924,69	3928,91	SHORT	0,00167	5997,81	0,00334	HOLD	99,7754	103,2005
2019-03-26	18:00	3928,87	3929,41	3913	3918,06	SHORT	0,00167	5997,81	0,00334	HOLD	99,7754	103,2186
2019-03-26	19:00	3919,35	3919,35	3894	3903,13	SHORT	0,00167	5997,81	0,00334	HOLD	99,7754	103,2435
2019-03-26	20:00	3903,84	3919	3896	3909,02	SHORT	0,00167	5997,81	0,00334	HOLD	99,7754	103,2337
2019-03-26	21:00	3909,02	3935	3907,48	3933,39	SHORT	0,00167	5997,81	0,00334	HOLD	99,7754	103,193
2019-03-26	22:00	3933,39	3946,36	3930,61	3942,01	SHORT	0,00167	5997,81	0,00334	HOLD	99,7754	103,1786
2019-03-26	23:00	3943,3	3947,23	3933,66	3938,5	SHORT	0,00167	5997,81	0,00334	HOLD	99,7754	103,1845
2019-03-27	00:00	3938,92	3940,09	3930	3930,57	SHORT	0,00167	5997,81	0,00334	HOLD	99,7754	103,1977
2019-03-27	01:00	3930,57	3943,3	3929,1	3942,45	SHORT	0,00167	5997,81	0,00334	HOLD	99,7754	103,1779
2019-03-27	02:00	3942,35	3946	3930	3933,02	SHORT	0,00167	5997,81	0,00334	HOLD	99,7754	103,1936
2019-03-27	03:00	3933,59	3936,82	3928	3929,11	SHORT	0,00167	5997,81	0,00334	HOLD	99,7754	103,2001
2019-03-27	04:00	3929,11	3933,11	3924,95	3927,04	SHORT	0,00167	5997,81	0,00334	HOLD	99,7754	103,2036
2019-03-27	05:00	3927,04	3936,92	3927	3935,08	SHORT	0,00167	5997,81	0,00334	HOLD	99,7754	103,1902
2019-03-27	06:00	3935,1	3952	3931,06	3948,55	SHORT	0,00167	5997,81	0,00334	HOLD	99,7754	103,1677
2019-03-27	07:00	3948,77	3965,62	3936,15	3962,63	SHORT	0,00167	5997,81	0,00334	HOLD	99,7754	103,1442
2019-03-27	08:00	3963,1	3999	3955,81	3987,43	SHORT	0,00167	5997,81	0,00334	HOLD	99,7754	103,1028
2019-03-27	09:00	3987,15	3995	3978,12	3990,78	SHORT	0,00167	5997,81	0,00334	HOLD	99,7754	103,0972
2019-03-27	10:00	3990,01	3993,93	3986,59	3991,59	SHORT	0,00167	5997,81	0,00334	HOLD	99,7754	103,0958
2019-03-27	11:00	3991,59	3999,8	3985,18	3992,32	SHORT	0,00167	5997,81	0,00334	HOLD	99,7754	103,0946
2019-03-27	12:00	3992,32	4006,52	3991,13	4003,48	SHORT	0,00167	5997,81	0,00334	HOLD	99,7754	103,076
2019-03-27	13:00	4004,44	4006,52	3995,03	3997,13	SHORT	0,00167	5997,81	0,00334	HOLD	99,7754	103,0866
2019-03-27	14:00	3997,13	4002,3	3994,37	4000	SHORT	0,00167	5997,81	0,00334	HOLD	99,7754	103,0818
2019-03-27	15:00	4000	4000,5	3986,35	3999,03	SHORT	0,00167	5997,81	0,00334	HOLD	99,7754	103,0834
2019-03-27	16:00	3999,24	4009	3994,33	3996,98	SHORT	0,00167	5997,81	0,00334	HOLD	99,7754	103,0868
2019-03-27	17:00	3996,98	4036,8	3996,24	4017,96	SHORT	0,00167	5997,81	0,00334	HOLD	99,7754	103,0518
2019-03-27	18:00	4017,95	4040,36	4014,14	4033,22	SHORT	0,00167	5997,81	0,00334	HOLD	99,7754	103,0263
2019-03-27	19:00	4033,25	4034,99	4013	4016,46	SHORT	0,00167	5997,81	0,00334	HOLD	99,7754	103,0543
2019-03-27	20:00	4016,46	4024	4014,21	4019,81	SHORT	0,00167	5997,81	0,00334	HOLD	99,7754	103,0487
2019-03-27	21:00	4021,29	4022,61	4014,19	4017,5	SHORT	0,00167	5997,81	0,00334	HOLD	99,7754	103,0525
2019-03-27	22:00	4017,5	4026,51	4003,97	4021,49	SHORT	0,00167	5997,81	0,00334	HOLD	99,7754	103,0459
2019-03-27	23:00	4021,5	4026	4008,79	4016,1	SHORT	0,00167	5997,81	0,00334	HOLD	99,7754	103,0549
2019-03-28	00:00	4015,32	4024,99	4011,1	4022,84	SHORT	0,00167	5997,81	0,00334	HOLD	99,7754	103,0436
2019-03-28	01:00	4022,86	4028	4014,16	4018,69	SHORT	0,00167	5997,81	0,00334	HOLD	99,7754	103,0506
2019-03-28	02:00	4019,18	4026,06	4013	4020,12	SHORT	0,00167	5997,81	0,00334	HOLD	99,7754	103,0482
2019-03-28	03:00	4019,99	4026,09	4015	4023,48	SHORT	0,00167	5997,81	0,00334	HOLD	99,7754	103,0426
2019-03-28	04:00	4023,52	4025	4017,45	4018,27	SHORT	0,00167	5997,81	0,00334	HOLD	99,7754	103,0513
2019-03-28	05:00	4019,4	4028	4017	4027,79	SHORT	0,00167	5997,81	0,00334	HOLD	99,7754	103,0354
2019-03-28	06:00	4026,97	4048	4026,7	4038,05	SHORT	0,00167	5997,81	0,00334	HOLD	99,7754	103,0182
2019-03-28	07:00	4039,58	4039,7	4011	4030,39	SHORT	0,00167	5997,81	0,00334	HOLD	99,7754	103,031
2019-03-28	08:00	4031,43	4031,76	4019,12	4028,58	SHORT	0,00167	5997,81	0,00334	HOLD	99,7754	103,034
2019-03-28	09:00	4028,58	4030,67	4025,01	4029,5	SHORT	0,00167	5997,81	0,00334	HOLD	99,7754	103,0325
2019-03-28	10:00	4029,44	4034,87	4009	4014,83	SHORT	0,00167	5997,81	0,00334	HOLD	99,7754	103,057
2019-03-28	11:00	4015,93	4017,47	4002	4014	SHORT	0,00167	5997,81	0,00334	HOLD	99,7754	103,0584
2019-03-28	12:00	4014	4030,86	4008,71	4027,49	SHORT	0,00167	5997,81	0,00334	HOLD	99,7754	103,0359
2019-03-28	13:00	4027,05	4031,17	4022,3	4024,06	SHORT	0,00167	5997,81	0,00334	HOLD	99,7754	103,0416
2019-03-28	14:00	4023,5	4030	4019,22	4025,91	SHORT	0,00167	5997,81	0,00334	HOLD	99,7754	103,0385
2019-03-28	15:00	4025,98	4025,98	4013,01	4021,8	SHORT	0,00167	5997,81	0,00334	HOLD	99,7754	103,0454
2019-03-28	16:00	4021,78	4026,48	4013,84	4023,12	SHORT	0,00167	5997,81	0,00334	HOLD	99,7754	103,0432
2019-03-28	17:00	4023,23	4023,23	4016	4016,67	SHORT	0,00167	5997,81	0,00334	HOLD	99,7754	103,0539
2019-03-28	18:00	4017,67	4020	4005,19	4017,04	SHORT	0,00167	5997,81	0,00334	HOLD	99,7754	103,0533
2019-03-28	19:00	4016,57	4021,68	4012,01	4016,56	SHORT	0,00167	5997,81	0,00334	HOLD	99,7754	103,0541
2019-03-28	20:00	4016,56	4029,66	4014,22	4027,47	SHORT	0,00167	5997,81	0,00334	HOLD	99,7754	103,0359
2019-03-28	21:00	4027,47	4036,15	4020,14	4034	SHORT	0,00167	5997,81	0,00334	HOLD	99,7754	103,025
2019-03-28	22:00	4034	4038,5	4025,02	4030,49	SHORT	0,00167	5997,81	0,00334	HOLD	99,7754	103,0308
2019-03-28	23:00	4030,98	4032,99	4021,97	4022,95	SHORT	0,00167	5997,81	0,00334	HOLD	99,7754	103,0434
2019-03-29	00:00	4022,97	4030,96	4020,53	4024,7	SHORT	0,00167	5997,81	0,00334	HOLD	99,7754	103,0405
2019-03-29	01:00	4024,8	4029,5	4023,63	4028,5	SHORT	0,00167	5997,81	0,00334	HOLD	99,7754	103,0342
2019-03-29	02:00	4028,5	4030	4020,86	4024,89	SHORT	0,00167	5997,81	0,00334	HOLD	99,7754	103,0402
2019-03-29	03:00	4024,89	4029	4022,49	4026,57	SHORT	0,00167	5997,81	0,00334	HOLD	99,7754	103,0374
2019-03-29	04:00	4026,58	4028,6	4021,51	4023,2	SHORT	0,00167	5997,81	0,00334	HOLD	99,7754	103,043
2019-03-29	05:00	4023,2	4026,14	4019,93	4024,21	SHORT	0,00167	5997,81	0,00334	HOLD	99,7754	103,0413
2019-03-29	06:00	4024,21	4030	4022	4027,81	SHORT	0,00167	5997,81	0,00334	HOLD	99,7754	103,0353
2019-03-29	07:00	4028,22	4044,65	4026,1	4029,22	SHORT	0,00167	5997,81	0,00334	HOLD	99,7754	103,033
2019-03-29	08:00	4029,22	4035,69	4025,5	4029,56	SHORT	0,00167	5997,81	0,00334	HOLD	99,7754	103,0324
2019-03-29	09:00	4028,94	4039,75	4028,94	4038,7	SHORT	0,00167	5997,81	0,00334	HOLD	99,7754	103,0171
2019-03-29	10:00	4038,7	4044	4033,6	4041,46	SHORT	0,00167	5997,81	0,00334	HOLD	99,7754	103,0125
2019-03-29	11:00	4041,99	4063,97	4029,88	4033,08	SHORT	0,00167	5997,81	0,00334	HOLD	99,7754	103,0265
2019-03-29	12:00	4033,03	4036,13	4025,63	4029,05	SHORT	0,00167	5997,81	0,00334	HOLD	99,7754	103,0332
2019-03-29	13:00	4029,05	4037,59	4024,03	4037,39	SHORT	0,00167	5997,81	0,00334	HOLD	99,7754	103,0193
2019-03-29	14:00	4037,39	4067,49	4037,38	4057,63	SHORT	0,00167	5997,81	0,00334	HOLD	99,7754	102,9855
2019-03-29	15:00	4056,59	4058,71	4042	4050,23	SHORT	0,00167	5997,81	0,00334	HOLD	99,7754	102,9979
2019-03-29	16:00	4049,45	4092,37	4049,45	4087,86	SHORT	0,00167	5997,81	0,00334	HOLD	99,7754	102,935
2019-03-29	17:00	4087,08	4107,28	4082,68	4094,12	SHORT	0,00167	5997,81	0,00334	HOLD	99,7754	102,9246
2019-03-29	18:00	4094,84	4123,71	4086,46	4123,43	SHORT	0,00167	5997,81	0,00334	HOLD	99,7754	102,8756
2019-03-29	19:00	4120,18	4123,44	4078,2	4097,36	SHORT	0,00167	5997,81	0,00334	HOLD	99,7754	102,9192
2019-03-29	20:00	4098,7	4100,49	4090,64	4096,82	SHORT	0,00167	5997,81	0,00334	HOLD	99,7754	102,9201
2019-03-29	21:00	4096,82	4096,83	4082	4083,01	SHORT	0,00167	5997,81	0,00334	HOLD	99,7754	102,9431
2019-03-29	22:00	4083,92	4096,93	4080,14	4087,21	SHORT	0,00167	5997,81	0,00334	HOLD	99,7754	102,9361
2019-03-29	23:00	4087,14	4094	4068	4093,95	SHORT	0,00167	5997,81	0,00334	HOLD	99,7754	102,9249
2019-03-30	00:00	4093,93	4097,16	4090,81	4091,71	SHORT	0,00167	5997,81	0,00334	HOLD	99,7754	102,9286
2019-03-30	01:00	4091,63	4108	4090,87	4106	SHORT	0,00167	5997,81	0,00334	HOLD	99,7754	102,9047
2019-03-30	02:00	4106	4107,7	4084,66	4085	SHORT	0,00167	5997,81	0,00334	HOLD	99,7754	102,9398
2019-03-30	03:00	4085	4089,17	4079,6	4084,61	SHORT	0,00167	5997,81	0,00334	HOLD	99,7754	102,9405
2019-03-30	04:00	4084	4094,56	4082,14	4092,63	SHORT	0,00167	5997,81	0,00334	HOLD	99,7754	102,9271
2019-03-30	05:00	4092,63	4097	4089,9	4093,45	SHORT	0,00167	5997,81	0,00334	HOLD	99,7754	102,9257
2019-03-30	06:00	4093,43	4108,85	4090	4103,25	SHORT	0,00167	5997,81	0,00334	HOLD	99,7754	102,9093
2019-03-30	07:00	4104,24	4140	4097,2	4131,42	SHORT	0,00167	5997,81	0,00334	HOLD	99,7754	102,8623
2019-03-30	08:00	4131,52	4133,97	4116,22	4121,63	SHORT	0,00167	5997,81	0,00334	HOLD	99,7754	102,8786
2019-03-30	09:00	4122,42	4127,89	4116,89	4119,86	SHORT	0,00167	5997,81	0,00334	HOLD	99,7754	102,8816
2019-03-30	10:00	4120,38	4122	4090,7	4093,46	SHORT	0,00167	5997,81	0,00334	HOLD	99,7754	102,9257
2019-03-30	11:00	4094,45	4095,01	4052	4083,47	SHORT	0,00167	5997,81	0,00334	HOLD	99,7754	102,9424
2019-03-30	12:00	4083,08	4103,75	4080,04	4103,58	SHORT	0,00167	5997,81	0,00334	HOLD	99,7754	102,9088
2019-03-30	13:00	4103,58	4108,58	4095,01	4098,82	SHORT	0,00167	5997,81	0,00334	HOLD	99,7754	102,9167
2019-03-30	14:00	4098	4100,81	4087,76	4097,95	SHORT	0,00167	5997,81	0,00334	HOLD	99,7754	102,9182
2019-03-30	15:00	4097,94	4098	4084,74	4088,08	SHORT	0,00167	5997,81	0,00334	HOLD	99,7754	102,9347
2019-03-30	16:00	4088,86	4098	4086,37	4087,76	SHORT	0,00167	5997,81	0,00334	HOLD	99,7754	102,9352
2019-03-30	17:00	4087,76	4091,98	4074	4079,49	SHORT	0,00167	5997,81	0,00334	HOLD	99,7754	102,949
2019-03-30	18:00	4079,49	4094,87	4077,53	4093,38	SHORT	0,00167	5997,81	0,00334	HOLD	99,7754	102,9258
2019-03-30	19:00	4093,4	4096,59	4086,96	4093,62	SHORT	0,00167	5997,81	0,00334	HOLD	99,7754	102,9254
2019-03-30	20:00	4094,27	4096,91	4080,41	4087,14	SHORT	0,00167	5997,81	0,00334	HOLD	99,7754	102,9362
2019-03-30	21:00	4087,32	4090,13	4080,02	4088,99	SHORT	0,00167	5997,81	0,00334	HOLD	99,7754	102,9331
2019-03-30	22:00	4089,6	4090,9	4071	4077,88	SHORT	0,00167	5997,81	0,00334	HOLD	99,7754	102,9517
2019-03-30	23:00	4076,33	4088,95	4057,07	4085,65	SHORT	0,00167	5997,81	0,00334	HOLD	99,7754	102,9387
2019-03-31	00:00	4086,68	4088,9	4077,01	4079,17	SHORT	0,00167	5997,81	0,00334	HOLD	99,7754	102,9495
2019-03-31	01:00	4080	4091,01	4079,16	4089,82	SHORT	0,00167	5997,81	0,00334	HOLD	99,7754	102,9318
2019-03-31	02:00	4089,23	4092	4083,54	4087,45	SHORT	0,00167	5997,81	0,00334	HOLD	99,7754	102,9357
2019-03-31	03:00	4086,22	4095	4085,86	4090,58	SHORT	0,00167	5997,81	0,00334	HOLD	99,7754	102,9305
2019-03-31	04:00	4090,01	4099,45	4090,01	4096,1	SHORT	0,00167	5997,81	0,00334	HOLD	99,7754	102,9213
2019-03-31	05:00	4096,08	4099,6	4088,84	4099,46	SHORT	0,00167	5997,81	0,00334	HOLD	99,7754	102,9157
2019-03-31	06:00	4098,35	4107,74	4095	4106,97	SHORT	0,00167	5997,81	0,00334	HOLD	99,7754	102,9031
2019-03-31	07:00	4106,99	4116,12	4095,01	4096,61	SHORT	0,00167	5997,81	0,00334	HOLD	99,7754	102,9204
2019-03-31	08:00	4097,9	4104,66	4092	4095,99	SHORT	0,00167	5997,81	0,00334	HOLD	99,7754	102,9215
2019-03-31	09:00	4095,77	4097,91	4085	4085,03	SHORT	0,00167	5997,81	0,00334	HOLD	99,7754	102,9398
2019-03-31	10:00	4085,03	4097,15	4082,57	4096,41	SHORT	0,00167	5997,81	0,00334	HOLD	99,7754	102,9208
2019-03-31	11:00	4096,99	4108,18	4095,45	4098,47	SHORT	0,00167	5997,81	0,00334	HOLD	99,7754	102,9173
2019-03-31	12:00	4097,14	4099	4089,49	4096,84	SHORT	0,00167	5997,81	0,00334	HOLD	99,7754	102,92
2019-03-31	13:00	4096,1	4097,22	4089,5	4093,33	SHORT	0,00167	5997,81	0,00334	HOLD	99,7754	102,9259
2019-03-31	14:00	4093,31	4096,98	4084,61	4085,03	SHORT	0,00167	5997,81	0,00334	HOLD	99,7754	102,9398
2019-03-31	15:00	4085,38	4098,98	4085	4097,61	SHORT	0,00167	5997,81	0,00334	HOLD	99,7754	102,9188
2019-03-31	16:00	4098,79	4099,01	4093,23	4094,98	SHORT	0,00167	5997,81	0,00334	HOLD	99,7754	102,9231
2019-03-31	17:00	4093,97	4106,48	4090,13	4101,8	SHORT	0,00167	5997,81	0,00334	HOLD	99,7754	102,9118
2019-03-31	18:00	4101,8	4116,12	4101,01	4111,59	SHORT	0,00167	5997,81	0,00334	HOLD	99,7754	102,8954
2019-03-31	19:00	4111,59	4113,16	4097,24	4099,67	SHORT	0,00167	5997,81	0,00334	HOLD	99,7754	102,9153
2019-03-31	20:00	4099,65	4113,46	4097,96	4107,23	SHORT	0,00167	5997,81	0,00334	HOLD	99,7754	102,9027
2019-03-31	21:00	4108,29	4111,95	4105,19	4110,62	SHORT	0,00167	5997,81	0,00334	HOLD	99,7754	102,897
2019-03-31	22:00	4110,62	4111,04	4095,64	4097	SHORT	0,00167	5997,81	0,00334	HOLD	99,7754	102,9198
2019-03-31	23:00	4097	4107,9	4096,08	4104,57	SHORT	0,00167	5997,81	0,00334	HOLD	99,7754	102,9071
2019-04-01	00:00	4104,95	4105,59	4096	4100,82	SHORT	0,00167	5997,81	0,00334	HOLD	99,7754	102,9134
2019-04-01	01:00	4100,82	4106,53	4097,73	4102,04	SHORT	0,00167	5997,81	0,00334	HOLD	99,7754	102,9114
2019-04-01	02:00	4102,04	4109,41	4098,31	4106,17	SHORT	0,00167	5997,81	0,00334	HOLD	99,7754	102,9045
2019-04-01	03:00	4106,18	4112	4104,12	4107,54	SHORT	0,00167	5997,81	0,00334	HOLD	99,7754	102,9022
2019-04-01	04:00	4107,54	4107,54	4099,2	4103,77	SHORT	0,00167	5997,81	0,00334	HOLD	99,7754	102,9085
2019-04-01	05:00	4103,77	4107	4098,37	4106,95	SHORT	0,00167	5997,81	0,00334	HOLD	99,7754	102,9032
2019-04-01	06:00	4106,3	4109,5	4102,42	4103,95	SHORT	0,00167	5997,81	0,00334	HOLD	99,7754	102,9082
2019-04-01	07:00	4102,44	4127,65	4067	4121,69	SHORT	0,00167	5997,81	0,00334	HOLD	99,7754	102,8785
2019-04-01	08:00	4119,9	4140,95	4114,1	4116,95	SHORT	0,00167	5997,81	0,00334	HOLD	99,7754	102,8865
2019-04-01	09:00	4117,57	4130,36	4114,1	4122,88	SHORT	0,00167	5997,81	0,00334	HOLD	99,7754	102,8766
2019-04-01	10:00	4123,07	4139	4115,01	4129,9	SHORT	0,00167	5997,81	0,00334	HOLD	99,7754	102,8648
2019-04-01	11:00	4129,9	4138	4127,46	4130,76	SHORT	0,00167	5997,81	0,00334	HOLD	99,7754	102,8634
2019-04-01	12:00	4130,71	4135	4121	4134,85	SHORT	0,00167	5997,81	0,00334	HOLD	99,7754	102,8566
2019-04-01	13:00	4134,85	4142,68	4131,05	4140,8	SHORT	0,00167	5997,81	0,00334	HOLD	99,7754	102,8466
2019-04-01	14:00	4140,8	4144,04	4123,5	4128,85	SHORT	0,00167	5997,81	0,00334	HOLD	99,7754	102,8666
2019-04-01	15:00	4128,85	4137,46	4111,12	4135,5	SHORT	0,00167	5997,81	0,00334	HOLD	99,7754	102,8555
2019-04-01	16:00	4135,9	4138,16	4127,22	4134,14	SHORT	0,00167	5997,81	0,00334	HOLD	99,7754	102,8577
2019-04-01	17:00	4134,12	4134,18	4123,6	4126,05	SHORT	0,00167	5997,81	0,00334	HOLD	99,7754	102,8713
2019-04-01	18:00	4127,06	4135,19	4122,55	4128,69	SHORT	0,00167	5997,81	0,00334	HOLD	99,7754	102,8669
2019-04-01	19:00	4128,68	4143,31	4126,86	4139,99	SHORT	0,00167	5997,81	0,00334	HOLD	99,7754	102,848
2019-04-01	20:00	4139,97	4149,03	4134,03	4149,02	SHORT	0,00167	5997,81	0,00334	HOLD	99,7754	102,8329
2019-04-01	21:00	4149,03	4158,7	4134,8	4138,61	SHORT	0,00167	5997,81	0,00334	HOLD	99,7754	102,8503
2019-04-01	22:00	4138,61	4148,94	4134	4145,07	SHORT	0,00167	5997,81	0,00334	HOLD	99,7754	102,8395
2019-04-01	23:00	4145,01	4156	4138,66	4150,41	SHORT	0,00167	5997,81	0,00334	HOLD	99,7754	102,8306
2019-04-02	00:00	4150,39	4152,27	4140,07	4144,98	SHORT	0,00167	5997,81	0,00334	HOLD	99,7754	102,8396
2019-04-02	01:00	4144,98	4146,88	4133	4140,04	SHORT	0,00167	5997,81	0,00334	HOLD	99,7754	102,8479
2019-04-02	02:00	4140,04	4141,51	4134,59	4137,45	SHORT	0,00167	5997,81	0,00334	HOLD	99,7754	102,8522
2019-04-02	03:00	4138,38	4141,33	4133,8	4137,65	SHORT	0,00167	5997,81	0,00334	HOLD	99,7754	102,8519
2019-04-02	04:00	4137,42	4147,71	4135,64	4145,06	SHORT	0,00167	5997,81	0,00334	HOLD	99,7754	102,8395
2019-04-02	05:00	4145,06	4154,97	4142,23	4146,77	SHORT	0,00167	5997,81	0,00334	HOLD	99,7754	102,8367
2019-04-02	06:00	4146,78	4153,26	4143,27	4144,56	SHORT	0,00167	5997,81	0,00334	HOLD	99,7754	102,8403
2019-04-02	07:00	4144,54	4165	4140,54	4153,15	SHORT	0,00167	5997,81	0,00334	HOLD	99,7754	102,826
2019-04-02	08:00	4153,13	4165	4145,37	4159,2	SHORT	0,00167	5997,81	0,00334	HOLD	99,7754	102,8159
2019-04-02	09:00	4158,41	4184,16	4158,35	4176,69	SHORT	0,00167	5997,81	0,00334	HOLD	99,7754	102,7867
2019-04-02	10:00	4177,4	4186	4167,11	4179,4	SHORT	0,00167	5997,81	0,00334	HOLD	99,7754	102,7822
2019-04-02	11:00	4178,98	4573,67	4174,98	4498,28	SHORT	0,00167	5997,81	0,00334	HOLD	99,7754	102,2496
2019-04-02	12:00	4490,74	4841,44	4481	4625,84	SHORT	0,00167	5997,81	0,00334	HOLD	99,7754	102,0366
2019-04-02	13:00	4623,74	4700,02	4585,44	4675,53	SHORT	0,00167	5997,81	0,00334	HOLD	99,7754	101,9536
2019-04-02	14:00	4677,1	4679	4625,36	4646,03	SHORT	0,00167	5997,81	0,00334	HOLD	99,7754	102,0029
2019-04-02	15:00	4647,01	4686,94	4645	4650	SHORT	0,00167	5997,81	0,00334	HOLD	99,7754	101,9963
2019-04-02	16:00	4649,99	4775	4649,99	4745,38	SHORT	0,00167	5997,81	0,00334	HOLD	99,7754	101,837
2019-04-02	17:00	4745	4756,86	4703	4729,39	SHORT	0,00167	5997,81	0,00334	HOLD	99,7754	101,8637
2019-04-02	18:00	4729,41	4750	4716,91	4722,27	SHORT	0,00167	5997,81	0,00334	HOLD	99,7754	101,8756
2019-04-02	19:00	4722,45	4777,82	4721,18	4766,12	SHORT	0,00167	5997,81	0,00334	HOLD	99,7754	101,8023
2019-04-02	20:00	4766,59	4769	4732,98	4764,24	SHORT	0,00167	5997,81	0,00334	HOLD	99,7754	101,8055
2019-04-02	21:00	4764,24	4768,17	4618	4718,02	SHORT	0,00167	5997,81	0,00334	HOLD	99,7754	101,8827
2019-04-02	22:00	4718	4735,85	4680,1	4733,85	SHORT	0,00167	5997,81	0,00334	HOLD	99,7754	101,8562
2019-04-02	23:00	4733,85	4736	4687,49	4715,64	SHORT	0,00167	5997,81	0,00334	HOLD	99,7754	101,8866
2019-04-03	00:00	4715,64	4716,78	4665	4691,16	SHORT	0,00167	5997,81	0,00334	HOLD	99,7754	101,9275
2019-04-03	01:00	4691,19	4715,69	4690,89	4714,21	SHORT	0,00167	5997,81	0,00334	HOLD	99,7754	101,889
2019-04-03	02:00	4714,21	4746,81	4702	4729	SHORT	0,00167	5997,81	0,00334	HOLD	99,7754	101,8643
2019-04-03	03:00	4726,97	4787,92	4710	4764,99	SHORT	0,00167	5997,81	0,00334	HOLD	99,7754	101,8042
2019-04-03	04:00	4764,99	4790	4745,33	4748,82	SHORT	0,00167	5997,81	0,00334	HOLD	99,7754	101,8312
2019-04-03	05:00	4747,21	4794,47	4747,21	4791,79	SHORT	0,00167	5997,81	0,00334	HOLD	99,7754	101,7595
2019-04-03	06:00	4794	4897,99	4771,05	4857,29	SHORT	0,00167	5997,81	0,00334	HOLD	99,7754	101,6501
2019-04-03	07:00	4857,19	4950	4849	4937,77	SHORT	0,00167	5997,81	0,00334	HOLD	99,7754	101,5157
2019-04-03	08:00	4937,82	4950	4878,66	4935,43	SHORT	0,00167	5997,81	0,00334	HOLD	99,7754	101,5196
2019-04-03	09:00	4934,64	5027,21	4929,36	5023,9	SHORT	0,00167	5997,81	0,00334	HOLD	99,7754	101,3718
2019-04-03	10:00	5022,69	5034,99	4930	5000,56	SHORT	0,00167	5997,81	0,00334	HOLD	99,7754	101,4108
2019-04-03	11:00	5000,56	5002,67	4753,5	4837,96	SHORT	0,00167	5997,81	0,00334	HOLD	99,7754	101,6824
2019-04-03	12:00	4837,95	4924,48	4835,41	4900,53	SHORT	0,00167	5997,81	0,00334	HOLD	99,7754	101,5779
2019-04-03	13:00	4902,17	4946,64	4885,01	4937,11	SHORT	0,00167	5997,81	0,00334	HOLD	99,7754	101,5168
2019-04-03	14:00	4936,24	4957,33	4920	4930	SHORT	0,00167	5997,81	0,00334	HOLD	99,7754	101,5287
2019-04-03	15:00	4929,97	4935,58	4893,85	4919	SHORT	0,00167	5997,81	0,00334	HOLD	99,7754	101,547
2019-04-03	16:00	4919,02	4935	4903	4930,96	SHORT	0,00167	5997,81	0,00334	HOLD	99,7754	101,5271
2019-04-03	17:00	4930,41	4942,87	4898,17	4909	SHORT	0,00167	5997,81	0,00334	HOLD	99,7754	101,5637
2019-04-03	18:00	4910,01	4939,99	4905,8	4920,39	SHORT	0,00167	5997,81	0,00334	HOLD	99,7754	101,5447
2019-04-03	19:00	4920,39	4975,98	4919	4953,46	SHORT	0,00167	5997,81	0,00334	HOLD	99,7754	101,4895
2019-04-03	20:00	4953,03	5004,07	4945	4994,19	SHORT	0,00167	5997,81	0,00334	HOLD	99,7754	101,4215
2019-04-03	21:00	4993,36	4996,17	4950	4951,05	SHORT	0,00167	5997,81	0,00334	HOLD	99,7754	101,4935
2019-04-03	22:00	4951,74	4973,45	4936,26	4960,19	SHORT	0,00167	5997,81	0,00334	HOLD	99,7754	101,4782
2019-04-03	23:00	4961,95	5095,9	4960,21	5083,72	SHORT	0,00167	5997,81	0,00334	HOLD	99,7754	101,272
2019-04-04	00:00	5083,14	5132	5028,06	5080,72	SHORT	0,00167	5997,81	0,00334	HOLD	99,7754	101,277
2019-04-04	01:00	5080,72	5150,19	5071,53	5093,94	SHORT	0,00167	5997,81	0,00334	HOLD	99,7754	101,2549
2019-04-04	02:00	5096,57	5140	5087,01	5108,57	SHORT	0,00167	5997,81	0,00334	HOLD	99,7754	101,2305
2019-04-04	03:00	5105,5	5241	5102,49	5236,26	SHORT	0,00167	5997,81	0,00334	HOLD	99,7754	101,0172
2019-04-04	04:00	5236,26	5275,01	5119	5139,56	SHORT	0,00167	5997,81	0,00334	HOLD	99,7754	101,1787
2019-04-04	05:00	5139,58	5204,01	4835	5034,92	SHORT	0,00167	5997,81	0,00334	HOLD	99,7754	101,3534
2019-04-04	06:00	5033,76	5034,9	4760	4932,6	SHORT	0,00167	5997,81	0,00334	HOLD	99,7754	101,5243
2019-04-04	07:00	4932,59	4994	4880	4989,17	SHORT	0,00167	5997,81	0,00334	HOLD	99,7754	101,4298
2019-04-04	08:00	4989,18	5039,08	4942,46	4960,19	SHORT	0,00167	5997,81	0,00334	HOLD	99,7754	101,4782
2019-04-04	09:00	4960,19	5003,96	4960,19	4983,07	SHORT	0,00167	5997,81	0,00334	HOLD	99,7754	101,44
2019-04-04	10:00	4983,05	4986,97	4906,5	4936,72	SHORT	0,00167	5997,81	0,00334	HOLD	99,7754	101,5174
2019-04-04	11:00	4936,25	4987,9	4917,94	4985,85	SHORT	0,00167	5997,81	0,00334	HOLD	99,7754	101,4354
2019-04-04	12:00	4985,52	5017,8	4978,99	4990,98	SHORT	0,00167	5997,81	0,00334	HOLD	99,7754	101,4268
2019-04-04	13:00	4991	5034,11	4990,98	5016,72	SHORT	0,00167	5997,81	0,00334	HOLD	99,7754	101,3838
2019-04-04	14:00	5016,72	5021,42	4988,62	5013	SHORT	0,00167	5997,81	0,00334	HOLD	99,7754	101,3901
2019-04-04	15:00	5013,35	5030	4960	5005,59	SHORT	0,00167	5997,81	0,00334	HOLD	99,7754	101,4024
2019-04-04	16:00	5005,85	5011,23	4970,18	4992,31	SHORT	0,00167	5997,81	0,00334	HOLD	99,7754	101,4246
2019-04-04	17:00	4992,31	4993,83	4945	4950,49	SHORT	0,00167	5997,81	0,00334	HOLD	99,7754	101,4944
2019-04-04	18:00	4950,49	4979,62	4894,99	4971,96	SHORT	0,00167	5997,81	0,00334	HOLD	99,7754	101,4586
2019-04-04	19:00	4971,87	5000	4958,46	4995,26	SHORT	0,00167	5997,81	0,00334	HOLD	99,7754	101,4197
2019-04-04	20:00	4995,26	4997,49	4965	4987,94	SHORT	0,00167	5997,81	0,00334	HOLD	99,7754	101,4319
2019-04-04	21:00	4989,33	5015	4965	4982	SHORT	0,00167	5997,81	0,00334	HOLD	99,7754	101,4418
2019-04-04	22:00	4982	4988,25	4926	4978,04	SHORT	0,00167	5997,81	0,00334	HOLD	99,7754	101,4484
2019-04-04	23:00	4979,39	4982,15	4900	4907,69	SHORT	0,00167	5997,81	0,00334	HOLD	99,7754	101,5659
2019-04-05	00:00	4905,7	4945	4860	4869,24	SHORT	0,00167	5997,81	0,00334	HOLD	99,7754	101,6301
2019-04-05	01:00	4871,39	4872,45	4808,41	4844,25	SHORT	0,00167	5997,81	0,00334	HOLD	99,7754	101,6719
2019-04-05	02:00	4845,31	4863,25	4803,23	4813,73	SHORT	0,00167	5997,81	0,00334	HOLD	99,7754	101,7228
2019-04-05	03:00	4813,73	4850,9	4777	4842,25	SHORT	0,00167	5997,81	0,00334	HOLD	99,7754	101,6752
2019-04-05	04:00	4842,13	4927,48	4827,76	4915,09	SHORT	0,00167	5997,81	0,00334	HOLD	99,7754	101,5536
2019-04-05	05:00	4919,28	4927,99	4855,88	4856,36	SHORT	0,00167	5997,81	0,00334	HOLD	99,7754	101,6516
2019-04-05	06:00	4857,63	4908,28	4856,89	4898,66	SHORT	0,00167	5997,81	0,00334	HOLD	99,7754	101,581
2019-04-05	07:00	4898,64	4954,06	4896,82	4932,59	SHORT	0,00167	5997,81	0,00334	HOLD	99,7754	101,5243
2019-04-05	08:00	4932,59	4935,08	4903,07	4908,71	SHORT	0,00167	5997,81	0,00334	HOLD	99,7754	101,5642
2019-04-05	09:00	4908,72	4924,75	4890	4914,89	SHORT	0,00167	5997,81	0,00334	HOLD	99,7754	101,5539
2019-04-05	10:00	4914,26	4918	4880,62	4892,05	SHORT	0,00167	5997,81	0,00334	HOLD	99,7754	101,592
2019-04-05	11:00	4890,18	4961,11	4890,18	4943,8	SHORT	0,00167	5997,81	0,00334	HOLD	99,7754	101,5056
2019-04-05	12:00	4943,77	5000	4939,25	4976,91	SHORT	0,00167	5997,81	0,00334	HOLD	99,7754	101,4503
2019-04-05	13:00	4976,33	4981,48	4931,7	4936,27	SHORT	0,00167	5997,81	0,00334	HOLD	99,7754	101,5182
2019-04-05	14:00	4936,73	4958,13	4934,62	4944,33	SHORT	0,00167	5997,81	0,00334	HOLD	99,7754	101,5047
2019-04-05	15:00	4944,33	4977	4944,33	4965,23	SHORT	0,00167	5997,81	0,00334	HOLD	99,7754	101,4698
2019-04-05	16:00	4965,22	4965,96	4941,43	4946,01	SHORT	0,00167	5997,81	0,00334	HOLD	99,7754	101,5019
2019-04-05	17:00	4946,02	4965,37	4935	4956,34	SHORT	0,00167	5997,81	0,00334	HOLD	99,7754	101,4847
2019-04-05	18:00	4954,85	4998,99	4953,57	4985,53	SHORT	0,00167	5997,81	0,00334	HOLD	99,7754	101,4359
2019-04-05	19:00	4985,46	5015,44	4962,6	5005,45	SHORT	0,00167	5997,81	0,00334	HOLD	99,7754	101,4027
2019-04-05	20:00	5005,44	5028,22	4952,02	4981,2	SHORT	0,00167	5997,81	0,00334	HOLD	99,7754	101,4432
2019-04-05	21:00	4981,2	4999,99	4943	4961,31	SHORT	0,00167	5997,81	0,00334	HOLD	99,7754	101,4764
2019-04-05	22:00	4962,82	4974,63	4941	4966,5	SHORT	0,00167	5997,81	0,00334	HOLD	99,7754	101,4677
2019-04-05	23:00	4966,5	5006,87	4955	4988,98	SHORT	0,00167	5997,81	0,00334	HOLD	99,7754	101,4302
2019-04-06	00:00	4987,94	5015	4972,54	5004,74	SHORT	0,00167	5997,81	0,00334	HOLD	99,7754	101,4038
2019-04-06	01:00	5004,73	5027,1	4977,95	4990,49	SHORT	0,00167	5997,81	0,00334	HOLD	99,7754	101,4276
2019-04-06	02:00	4992,08	4999,03	4977,31	4978,62	SHORT	0,00167	5997,81	0,00334	HOLD	99,7754	101,4475
2019-04-06	03:00	4979,61	5020	4956,27	4972,39	SHORT	0,00167	5997,81	0,00334	HOLD	99,7754	101,4579
2019-04-06	04:00	4970,97	4998,71	4969,4	4978,75	SHORT	0,00167	5997,81	0,00334	HOLD	99,7754	101,4472
2019-04-06	05:00	4981,25	5010,02	4965,5	5008,12	SHORT	0,00167	5997,81	0,00334	HOLD	99,7754	101,3982
2019-04-06	06:00	5008,12	5016	4982,67	5004,95	SHORT	0,00167	5997,81	0,00334	HOLD	99,7754	101,4035
2019-04-06	07:00	5004,96	5004,98	4975,24	4991,29	SHORT	0,00167	5997,81	0,00334	HOLD	99,7754	101,4263
2019-04-06	08:00	4991,94	4997,78	4965	4987,8	SHORT	0,00167	5997,81	0,00334	HOLD	99,7754	101,4321
2019-04-06	09:00	4987,88	4995,07	4974,75	4993,13	SHORT	0,00167	5997,81	0,00334	HOLD	99,7754	101,4232
2019-04-06	10:00	4993,13	5005,06	4980,02	4992,55	SHORT	0,00167	5997,81	0,00334	HOLD	99,7754	101,4242
2019-04-06	11:00	4992,55	5002,09	4987,51	4998,88	SHORT	0,00167	5997,81	0,00334	HOLD	99,7754	101,4136
2019-04-06	12:00	4998,88	5008,72	4996,16	4999,08	SHORT	0,00167	5997,81	0,00334	HOLD	99,7754	101,4133
2019-04-06	13:00	4999,69	5000,99	4987,95	4998,49	SHORT	0,00167	5997,81	0,00334	HOLD	99,7754	101,4143
2019-04-06	14:00	4998,89	4999	4980,45	4984,45	SHORT	0,00167	5997,81	0,00334	HOLD	99,7754	101,4377
2019-04-06	15:00	4984,45	4985,66	4950,02	4971,64	SHORT	0,00167	5997,81	0,00334	HOLD	99,7754	101,4591
2019-04-06	16:00	4971,62	4978,22	4955,08	4964,94	SHORT	0,00167	5997,81	0,00334	HOLD	99,7754	101,4703
2019-04-06	17:00	4964	4986,61	4963,28	4973,42	SHORT	0,00167	5997,81	0,00334	HOLD	99,7754	101,4562
2019-04-06	18:00	4973,42	4985	4968,08	4978,25	SHORT	0,00167	5997,81	0,00334	HOLD	99,7754	101,4481
2019-04-06	19:00	4977,25	5007,77	4975	4989,42	SHORT	0,00167	5997,81	0,00334	HOLD	99,7754	101,4294
2019-04-06	20:00	4989,42	5015	4989,42	4991,09	SHORT	0,00167	5997,81	0,00334	HOLD	99,7754	101,4266
2019-04-06	21:00	4991,74	5030	4982	5029,97	SHORT	0,00167	5997,81	0,00334	HOLD	99,7754	101,3617
2019-04-06	22:00	5029,97	5098	4998,9	5092,15	SHORT	0,00167	5997,81	0,00334	HOLD	99,7754	101,2579
2019-04-06	23:00	5092,16	5205	5078	5150,16	SHORT	0,00167	5997,81	0,00334	HOLD	99,7754	101,161
2019-04-07	00:00	5150,11	5156,76	5087	5119,24	SHORT	0,00167	5997,81	0,00334	HOLD	99,7754	101,2126
2019-04-07	01:00	5119,23	5161,89	5114,08	5142,45	SHORT	0,00167	5997,81	0,00334	HOLD	99,7754	101,1739
2019-04-07	02:00	5141,85	5175,09	5131	5140	SHORT	0,00167	5997,81	0,00334	HOLD	99,7754	101,178
2019-04-07	03:00	5138,98	5152,97	5034	5068,55	SHORT	0,00167	5997,81	0,00334	HOLD	99,7754	101,2973
2019-04-07	04:00	5067,89	5072,65	4928,59	5014,77	SHORT	0,00167	5997,81	0,00334	HOLD	99,7754	101,3871
2019-04-07	05:00	5015,43	5056,98	5012,59	5026,76	SHORT	0,00167	5997,81	0,00334	HOLD	99,7754	101,3671
2019-04-07	06:00	5026,76	5070	5019,13	5043,89	SHORT	0,00167	5997,81	0,00334	HOLD	99,7754	101,3385
2019-04-07	07:00	5042,07	5062,74	5026	5039,61	SHORT	0,00167	5997,81	0,00334	HOLD	99,7754	101,3456
2019-04-07	08:00	5039,59	5050	5035,2	5044,11	SHORT	0,00167	5997,81	0,00334	HOLD	99,7754	101,3381
2019-04-07	09:00	5044,1	5126,04	5042,29	5120,99	SHORT	0,00167	5997,81	0,00334	HOLD	99,7754	101,2097
2019-04-07	10:00	5120,99	5149,44	5101,18	5120	SHORT	0,00167	5997,81	0,00334	HOLD	99,7754	101,2114
2019-04-07	11:00	5120,57	5149,98	5120	5131,44	SHORT	0,00167	5997,81	0,00334	HOLD	99,7754	101,1923
2019-04-07	12:00	5131,03	5142,97	5090,37	5098	SHORT	0,00167	5997,81	0,00334	HOLD	99,7754	101,2481
2019-04-07	13:00	5097,99	5134,97	5081,7	5134,41	SHORT	0,00167	5997,81	0,00334	HOLD	99,7754	101,1873
2019-04-07	14:00	5133,86	5160	5125,38	5136,61	SHORT	0,00167	5997,81	0,00334	HOLD	99,7754	101,1836
2019-04-07	15:00	5136,61	5169,5	5120,8	5157	SHORT	0,00167	5997,81	0,00334	HOLD	99,7754	101,1496
2019-04-07	16:00	5156,99	5175	5120	5130,15	SHORT	0,00167	5997,81	0,00334	HOLD	99,7754	101,1944
2019-04-07	17:00	5130,11	5149	5116	5122,56	SHORT	0,00167	5997,81	0,00334	HOLD	99,7754	101,2071
2019-04-07	18:00	5122,2	5128,86	5093,88	5115,04	SHORT	0,00167	5997,81	0,00334	HOLD	99,7754	101,2196
2019-04-07	19:00	5114,25	5144,48	5113,89	5144,48	SHORT	0,00167	5997,81	0,00334	HOLD	99,7754	101,1705
2019-04-07	20:00	5143,17	5160	5132,65	5158,04	SHORT	0,00167	5997,81	0,00334	HOLD	99,7754	101,1478
2019-04-07	21:00	5158,04	5164,97	5120,32	5133,23	SHORT	0,00167	5997,81	0,00334	HOLD	99,7754	101,1893
2019-04-07	22:00	5133,23	5145	5097,44	5120,61	SHORT	0,00167	5997,81	0,00334	HOLD	99,7754	101,2103
2019-04-07	23:00	5118,68	5134,17	5050	5103,98	SHORT	0,00167	5997,81	0,00334	HOLD	99,7754	101,2381
2019-04-08	00:00	5104	5134,33	5103,69	5123,86	SHORT	0,00167	5997,81	0,00334	HOLD	99,7754	101,2049
2019-04-08	01:00	5123,86	5133	5100,91	5120	SHORT	0,00167	5997,81	0,00334	HOLD	99,7754	101,2114
2019-04-08	02:00	5119,55	5155	5115,02	5121,16	SHORT	0,00167	5997,81	0,00334	HOLD	99,7754	101,2094
2019-04-08	03:00	5121,27	5155,02	5097,76	5127,73	SHORT	0,00167	5997,81	0,00334	HOLD	99,7754	101,1985
2019-04-08	04:00	5127,73	5144	5121,21	5136,88	SHORT	0,00167	5997,81	0,00334	HOLD	99,7754	101,1832
2019-04-08	05:00	5136,84	5234	5120	5159,03	SHORT	0,00167	5997,81	0,00334	HOLD	99,7754	101,1462
2019-04-08	06:00	5158,15	5193,24	5130	5170,27	SHORT	0,00167	5997,81	0,00334	HOLD	99,7754	101,1274
2019-04-08	07:00	5170,27	5250,19	5152,59	5244,83	SHORT	0,00167	5997,81	0,00334	HOLD	99,7754	101,0029
2019-04-08	08:00	5244,8	5305	5230	5247,34	SHORT	0,00167	5997,81	0,00334	HOLD	99,7754	100,9987
2019-04-08	09:00	5246,59	5301,44	5240	5252	SHORT	0,00167	5997,81	0,00334	HOLD	99,7754	100,9909
2019-04-08	10:00	5252,01	5253,66	5185,45	5198,97	SHORT	0,00167	5997,81	0,00334	HOLD	99,7754	101,0795
2019-04-08	11:00	5199,45	5269,89	5197,35	5268,03	SHORT	0,00167	5997,81	0,00334	HOLD	99,7754	100,9642
2019-04-08	12:00	5268,02	5269,76	5230	5250,74	SHORT	0,00167	5997,81	0,00334	HOLD	99,7754	100,993
2019-04-08	13:00	5250,74	5252,91	5204	5227,9	SHORT	0,00167	5997,81	0,00334	HOLD	99,7754	101,0312
2019-04-08	14:00	5226,41	5227,17	5160	5207,91	SHORT	0,00167	5997,81	0,00334	HOLD	99,7754	101,0646
2019-04-08	15:00	5206,45	5213,95	5131,45	5171,51	SHORT	0,00167	5997,81	0,00334	HOLD	99,7754	101,1253
2019-04-08	16:00	5171,51	5218,15	5170,82	5216,77	SHORT	0,00167	5997,81	0,00334	HOLD	99,7754	101,0498
2019-04-08	17:00	5217,43	5218,35	5133,62	5143,63	SHORT	0,00167	5997,81	0,00334	HOLD	99,7754	101,1719
2019-04-08	18:00	5143,63	5153,14	5045	5046,16	SHORT	0,00167	5997,81	0,00334	HOLD	99,7754	101,3347
2019-04-08	19:00	5046,16	5127,67	5039	5125,8	SHORT	0,00167	5997,81	0,00334	HOLD	99,7754	101,2017
2019-04-08	20:00	5125,79	5168	5106,21	5127,29	SHORT	0,00167	5997,81	0,00334	HOLD	99,7754	101,1992
2019-04-08	21:00	5126,54	5189,5	5116,6	5188,28	SHORT	0,00167	5997,81	0,00334	HOLD	99,7754	101,0973
2019-04-08	22:00	5189,06	5199,08	5173	5191,31	SHORT	0,00167	5997,81	0,00334	HOLD	99,7754	101,0923
2019-04-08	23:00	5190,09	5208	5140,32	5164	SHORT	0,00167	5997,81	0,00334	HOLD	99,7754	101,1379
2019-04-09	00:00	5162,82	5171,85	5134,26	5157,66	SHORT	0,00167	5997,81	0,00334	HOLD	99,7754	101,1485
2019-04-09	01:00	5156,94	5189,3	5155,98	5167,15	SHORT	0,00167	5997,81	0,00334	HOLD	99,7754	101,1326
2019-04-09	02:00	5167	5178,73	5145	5155,05	SHORT	0,00167	5997,81	0,00334	HOLD	99,7754	101,1528
2019-04-09	03:00	5154,99	5213	5148,89	5203,29	SHORT	0,00167	5997,81	0,00334	HOLD	99,7754	101,0723
2019-04-09	04:00	5202,77	5230	5198,52	5224,47	SHORT	0,00167	5997,81	0,00334	HOLD	99,7754	101,0369
2019-04-09	05:00	5224,43	5255	5210,42	5220,96	SHORT	0,00167	5997,81	0,00334	HOLD	99,7754	101,0428
2019-04-09	06:00	5221,75	5250	5180,09	5236,9	SHORT	0,00167	5997,81	0,00334	HOLD	99,7754	101,0161
2019-04-09	07:00	5238,38	5238,4	5180,31	5185,83	SHORT	0,00167	5997,81	0,00334	HOLD	99,7754	101,1014
2019-04-09	08:00	5184,71	5200,72	5162,95	5176,01	SHORT	0,00167	5997,81	0,00334	HOLD	99,7754	101,1178
2019-04-09	09:00	5177,84	5210	5176	5179,46	SHORT	0,00167	5997,81	0,00334	HOLD	99,7754	101,1121
2019-04-09	10:00	5179,53	5198,96	5135,33	5158,64	SHORT	0,00167	5997,81	0,00334	HOLD	99,7754	101,1468
2019-04-09	11:00	5158,64	5182,53	5137,52	5150,63	SHORT	0,00167	5997,81	0,00334	HOLD	99,7754	101,1602
2019-04-09	12:00	5150,61	5154,67	5076,68	5143,33	SHORT	0,00167	5997,81	0,00334	HOLD	99,7754	101,1724
2019-04-09	13:00	5142,07	5167,1	5138,01	5165,52	SHORT	0,00167	5997,81	0,00334	HOLD	99,7754	101,1353
2019-04-09	14:00	5165,02	5177,2	5136,54	5147,97	SHORT	0,00167	5997,81	0,00334	HOLD	99,7754	101,1647
2019-04-09	15:00	5148,45	5168,95	5108,9	5157,03	SHORT	0,00167	5997,81	0,00334	HOLD	99,7754	101,1495
2019-04-09	16:00	5157,85	5165,71	5110	5123,88	SHORT	0,00167	5997,81	0,00334	HOLD	99,7754	101,2049
2019-04-09	17:00	5123,23	5149,98	5085,75	5141,78	SHORT	0,00167	5997,81	0,00334	HOLD	99,7754	101,175
2019-04-09	18:00	5141,78	5162,9	5116,17	5153,36	SHORT	0,00167	5997,81	0,00334	HOLD	99,7754	101,1557
2019-04-09	19:00	5152,94	5163,97	5138	5142,41	SHORT	0,00167	5997,81	0,00334	HOLD	99,7754	101,1739
2019-04-09	20:00	5142,41	5185	5140,06	5152,77	SHORT	0,00167	5997,81	0,00334	HOLD	99,7754	101,1566
2019-04-09	21:00	5152,8	5162	5135	5147,55	SHORT	0,00167	5997,81	0,00334	HOLD	99,7754	101,1654
2019-04-09	22:00	5147,25	5178,92	5146,5	5155,52	SHORT	0,00167	5997,81	0,00334	HOLD	99,7754	101,152
2019-04-09	23:00	5155,52	5188,94	5155	5179,03	SHORT	0,00167	5997,81	0,00334	HOLD	99,7754	101,1128
2019-04-10	00:00	5180,39	5185,82	5162,5	5162,81	SHORT	0,00167	5997,81	0,00334	HOLD	99,7754	101,1399
2019-04-10	01:00	5162,85	5179,47	5162,85	5172,05	SHORT	0,00167	5997,81	0,00334	HOLD	99,7754	101,1244
2019-04-10	02:00	5174,04	5174,04	5156,02	5165,8	SHORT	0,00167	5997,81	0,00334	HOLD	99,7754	101,1349
2019-04-10	03:00	5165,84	5194,12	5156	5170,57	SHORT	0,00167	5997,81	0,00334	HOLD	99,7754	101,1269
2019-04-10	04:00	5171	5181,24	5166,9	5172,99	SHORT	0,00167	5997,81	0,00334	HOLD	99,7754	101,1229
2019-04-10	05:00	5172,97	5172,99	5121	5153,2	SHORT	0,00167	5997,81	0,00334	HOLD	99,7754	101,1559
2019-04-10	06:00	5152,09	5173,47	5141,08	5150	SHORT	0,00167	5997,81	0,00334	HOLD	99,7754	101,1613
2019-04-10	07:00	5150	5179,71	5135	5165,11	SHORT	0,00167	5997,81	0,00334	HOLD	99,7754	101,136
2019-04-10	08:00	5164,28	5200	5161,11	5189,85	SHORT	0,00167	5997,81	0,00334	HOLD	99,7754	101,0947
2019-04-10	09:00	5187,96	5191,74	5177,85	5182,68	SHORT	0,00167	5997,81	0,00334	HOLD	99,7754	101,1067
2019-04-10	10:00	5184,97	5186,25	5168,04	5173,54	SHORT	0,00167	5997,81	0,00334	HOLD	99,7754	101,122
2019-04-10	11:00	5172,83	5197,9	5171,57	5188,11	SHORT	0,00167	5997,81	0,00334	HOLD	99,7754	101,0976
2019-04-10	12:00	5186,29	5220,12	5186,29	5213,77	SHORT	0,00167	5997,81	0,00334	HOLD	99,7754	101,0548
2019-04-10	13:00	5213,76	5228,08	5202,06	5213,89	SHORT	0,00167	5997,81	0,00334	HOLD	99,7754	101,0546
2019-04-10	14:00	5213,89	5222,11	5193,97	5199,97	SHORT	0,00167	5997,81	0,00334	HOLD	99,7754	101,0778
2019-04-10	15:00	5200	5211,86	5196	5209,96	SHORT	0,00167	5997,81	0,00334	HOLD	99,7754	101,0611
2019-04-10	16:00	5208,47	5218	5200,01	5208,79	SHORT	0,00167	5997,81	0,00334	HOLD	99,7754	101,0631
2019-04-10	17:00	5210,31	5210,32	5189	5207,44	SHORT	0,00167	5997,81	0,00334	HOLD	99,7754	101,0653
2019-04-10	18:00	5207,03	5219	5196,02	5197,4	SHORT	0,00167	5997,81	0,00334	HOLD	99,7754	101,0821
2019-04-10	19:00	5197,01	5245	5195,33	5234,42	SHORT	0,00167	5997,81	0,00334	HOLD	99,7754	101,0203
2019-04-10	20:00	5234,42	5246,39	5216,17	5231,85	SHORT	0,00167	5997,81	0,00334	HOLD	99,7754	101,0246
2019-04-10	21:00	5231,85	5237,33	5220	5231	SHORT	0,00167	5997,81	0,00334	HOLD	99,7754	101,026
2019-04-10	22:00	5231,01	5246	5212,04	5245,06	SHORT	0,00167	5997,81	0,00334	HOLD	99,7754	101,0025
2019-04-10	23:00	5245,5	5268,99	5221,39	5234,48	SHORT	0,00167	5997,81	0,00334	HOLD	99,7754	101,0202
2019-04-11	00:00	5233,09	5278,99	5229,67	5252,73	SHORT	0,00167	5997,81	0,00334	HOLD	99,7754	100,9897
2019-04-11	01:00	5252,73	5422	5252,73	5351,79	SHORT	0,00167	5997,81	0,00334	HOLD	99,7754	100,8243
2019-04-11	02:00	5351,79	5386,82	5337,37	5363,83	SHORT	0,00167	5997,81	0,00334	HOLD	99,7754	100,8042
2019-04-11	03:00	5362,83	5382,74	5180,89	5274,32	SHORT	0,00167	5997,81	0,00334	HOLD	99,7754	100,9536
2019-04-11	04:00	5272,47	5300,93	5233,34	5272	SHORT	0,00167	5997,81	0,00334	HOLD	99,7754	100,9575
2019-04-11	05:00	5272	5280	5248,96	5275,22	SHORT	0,00167	5997,81	0,00334	HOLD	99,7754	100,9521
2019-04-11	06:00	5276,22	5310	5275,18	5308,25	SHORT	0,00167	5997,81	0,00334	HOLD	99,7754	100,897
2019-04-11	07:00	5307,86	5332,67	5278	5295,26	SHORT	0,00167	5997,81	0,00334	HOLD	99,7754	100,9187
2019-04-11	08:00	5293,3	5295,29	5266,6	5275,28	SHORT	0,00167	5997,81	0,00334	HOLD	99,7754	100,952
2019-04-11	09:00	5277,18	5279,45	5251,42	5267,41	SHORT	0,00167	5997,81	0,00334	HOLD	99,7754	100,9652
2019-04-11	10:00	5266,03	5267,55	5100	5143,49	SHORT	0,00167	5997,81	0,00334	HOLD	99,7754	101,1721
2019-04-11	11:00	5143,5	5191,64	5105	5180,18	SHORT	0,00167	5997,81	0,00334	HOLD	99,7754	101,1109
2019-04-11	12:00	5180,18	5183,11	5139,77	5182,67	SHORT	0,00167	5997,81	0,00334	HOLD	99,7754	101,1067
2019-04-11	13:00	5182,09	5193,89	5170,93	5187,9	SHORT	0,00167	5997,81	0,00334	HOLD	99,7754	101,098
2019-04-11	14:00	5187,5	5189,93	5156,88	5158,01	SHORT	0,00167	5997,81	0,00334	HOLD	99,7754	101,1479
2019-04-11	15:00	5158,31	5179,54	5115	5171,11	SHORT	0,00167	5997,81	0,00334	HOLD	99,7754	101,126
2019-04-11	16:00	5171,11	5174,81	4988	5055,61	SHORT	0,00167	5997,81	0,00334	HOLD	99,7754	101,3189
2019-04-11	17:00	5054,42	5078,74	5026,02	5041,67	SHORT	0,00167	5997,81	0,00334	HOLD	99,7754	101,3422
2019-04-11	18:00	5041,67	5042,93	4927	5001,91	SHORT	0,00167	5997,81	0,00334	HOLD	99,7754	101,4086
2019-04-11	19:00	5001,01	5025	4970	5018,56	SHORT	0,00167	5997,81	0,00334	HOLD	99,7754	101,3808
2019-04-11	20:00	5018,55	5035,89	4980,03	4986,5	SHORT	0,00167	5997,81	0,00334	HOLD	99,7754	101,4343
2019-04-11	21:00	4986,23	5015	4961,01	5007,08	SHORT	0,00167	5997,81	0,00334	HOLD	99,7754	101,3999
2019-04-11	22:00	5007,8	5028,78	4991,35	4994,28	SHORT	0,00167	5997,81	0,00334	HOLD	99,7754	101,4213
2019-04-11	23:00	4994,32	5029,48	4970	5017,24	SHORT	0,00167	5997,81	0,00334	HOLD	99,7754	101,383
2019-04-12	00:00	5017,94	5042,66	4997	5036,8	SHORT	0,00167	5997,81	0,00334	HOLD	99,7754	101,3503
2019-04-12	01:00	5037,01	5069,97	5029,49	5058,34	SHORT	0,00167	5997,81	0,00334	HOLD	99,7754	101,3143
2019-04-12	02:00	5058,34	5060,83	5020	5043,82	SHORT	0,00167	5997,81	0,00334	HOLD	99,7754	101,3386
2019-04-12	03:00	5043,82	5048,71	5011,3	5025,07	SHORT	0,00167	5997,81	0,00334	HOLD	99,7754	101,3699
2019-04-12	04:00	5025,55	5031,32	4984,1	4992,46	SHORT	0,00167	5997,81	0,00334	HOLD	99,7754	101,4244
2019-04-12	05:00	4991,43	5030,61	4961,47	5018,95	SHORT	0,00167	5997,81	0,00334	HOLD	99,7754	101,3801
2019-04-12	06:00	5018,73	5040	5010,99	5017,37	SHORT	0,00167	5997,81	0,00334	HOLD	99,7754	101,3828
2019-04-12	07:00	5017,37	5023,99	4993	4999	SHORT	0,00167	5997,81	0,00334	HOLD	99,7754	101,4134
2019-04-12	08:00	4999,26	4999,91	4861,22	4916,36	SHORT	0,00167	5997,81	0,00334	HOLD	99,7754	101,5514
2019-04-12	09:00	4918,75	4965,51	4911,08	4957,07	SHORT	0,00167	5997,81	0,00334	HOLD	99,7754	101,4835
2019-04-12	10:00	4957,08	4990	4930	4984,88	SHORT	0,00167	5997,81	0,00334	HOLD	99,7754	101,437
2019-04-12	11:00	4984,88	5009,45	4974,64	4995,86	SHORT	0,00167	5997,81	0,00334	HOLD	99,7754	101,4187
2019-04-12	12:00	4993,77	4997,98	4961,53	4983,49	SHORT	0,00167	5997,81	0,00334	HOLD	99,7754	101,4393
2019-04-12	13:00	4983	4999	4970	4986,76	SHORT	0,00167	5997,81	0,00334	HOLD	99,7754	101,4339
2019-04-12	14:00	4987,79	5006	4984	4991,93	SHORT	0,00167	5997,81	0,00334	HOLD	99,7754	101,4252
2019-04-12	15:00	4991,54	5004,97	4959	4979,99	SHORT	0,00167	5997,81	0,00334	HOLD	99,7754	101,4452
2019-04-12	16:00	4979,89	4996,28	4972,36	4995,41	SHORT	0,00167	5997,81	0,00334	HOLD	99,7754	101,4194
2019-04-12	17:00	4994,71	5060	4982	5034,52	SHORT	0,00167	5997,81	0,00334	HOLD	99,7754	101,3541
2019-04-12	18:00	5034,98	5069,97	5030,55	5041,36	SHORT	0,00167	5997,81	0,00334	HOLD	99,7754	101,3427
2019-04-12	19:00	5041,36	5054,57	5036,13	5048,02	SHORT	0,00167	5997,81	0,00334	HOLD	99,7754	101,3316
2019-04-12	20:00	5048	5055	5012,49	5025	SHORT	0,00167	5997,81	0,00334	HOLD	99,7754	101,37
2019-04-12	21:00	5025,18	5044	5015,84	5041,98	SHORT	0,00167	5997,81	0,00334	HOLD	99,7754	101,3417
2019-04-12	22:00	5043,71	5049,58	5025,29	5037,45	SHORT	0,00167	5997,81	0,00334	HOLD	99,7754	101,3492
2019-04-12	23:00	5037,45	5060	5033,42	5056	SHORT	0,00167	5997,81	0,00334	HOLD	99,7754	101,3182
2019-04-13	00:00	5056	5080,58	5032,51	5041,98	SHORT	0,00167	5997,81	0,00334	HOLD	99,7754	101,3417
2019-04-13	01:00	5042,42	5056,01	5022,41	5033,19	SHORT	0,00167	5997,81	0,00334	HOLD	99,7754	101,3563
2019-04-13	02:00	5033,85	5048	5027,01	5031,79	SHORT	0,00167	5997,81	0,00334	HOLD	99,7754	101,3587
2019-04-13	03:00	5031,77	5032,64	5002,94	5018,4	SHORT	0,00167	5997,81	0,00334	HOLD	99,7754	101,381
2019-04-13	04:00	5018,42	5047,09	5018,4	5041	SHORT	0,00167	5997,81	0,00334	HOLD	99,7754	101,3433
2019-04-13	05:00	5041	5068,01	5031,26	5065,31	SHORT	0,00167	5997,81	0,00334	HOLD	99,7754	101,3027
2019-04-13	06:00	5064,07	5068,99	5046,23	5048,01	SHORT	0,00167	5997,81	0,00334	HOLD	99,7754	101,3316
2019-04-13	07:00	5047	5050,93	5030,01	5036,77	SHORT	0,00167	5997,81	0,00334	HOLD	99,7754	101,3504
2019-04-13	08:00	5036,77	5057,77	5031,23	5055,09	SHORT	0,00167	5997,81	0,00334	HOLD	99,7754	101,3198
2019-04-13	09:00	5055,02	5079,97	5052,8	5075,23	SHORT	0,00167	5997,81	0,00334	HOLD	99,7754	101,2861
2019-04-13	10:00	5075,23	5099	5075,23	5079,66	SHORT	0,00167	5997,81	0,00334	HOLD	99,7754	101,2787
2019-04-13	11:00	5080	5088,76	5068,26	5085,69	SHORT	0,00167	5997,81	0,00334	HOLD	99,7754	101,2687
2019-04-13	12:00	5085,69	5090	5072,19	5087,74	SHORT	0,00167	5997,81	0,00334	HOLD	99,7754	101,2652
2019-04-13	13:00	5086,68	5088,04	5070	5083,6	SHORT	0,00167	5997,81	0,00334	HOLD	99,7754	101,2722
2019-04-13	14:00	5083,61	5087,8	5054,81	5063,45	SHORT	0,00167	5997,81	0,00334	HOLD	99,7754	101,3058
2019-04-13	15:00	5063,45	5068,93	5034,11	5055	SHORT	0,00167	5997,81	0,00334	HOLD	99,7754	101,3199
2019-04-13	16:00	5055	5056,98	5035,01	5048,59	SHORT	0,00167	5997,81	0,00334	HOLD	99,7754	101,3306
2019-04-13	17:00	5048,98	5057,59	5004	5009,82	SHORT	0,00167	5997,81	0,00334	HOLD	99,7754	101,3954
2019-04-13	18:00	5007,87	5026	5005,12	5018,92	SHORT	0,00167	5997,81	0,00334	HOLD	99,7754	101,3802
2019-04-13	19:00	5019,43	5042,82	5013,2	5040,82	SHORT	0,00167	5997,81	0,00334	HOLD	99,7754	101,3436
2019-04-13	20:00	5040,02	5041,97	5025	5040,85	SHORT	0,00167	5997,81	0,00334	HOLD	99,7754	101,3435
2019-04-13	21:00	5040,05	5070,71	5037	5063,83	SHORT	0,00167	5997,81	0,00334	HOLD	99,7754	101,3052
2019-04-13	22:00	5064	5078,7	5050,17	5051,65	SHORT	0,00167	5997,81	0,00334	HOLD	99,7754	101,3255
2019-04-13	23:00	5051,71	5055,5	5034,94	5050	SHORT	0,00167	5997,81	0,00334	HOLD	99,7754	101,3283
2019-04-14	00:00	5050	5073,19	5048,7	5067,76	SHORT	0,00167	5997,81	0,00334	HOLD	99,7754	101,2986
2019-04-14	01:00	5068,99	5070	5053,14	5062,71	SHORT	0,00167	5997,81	0,00334	HOLD	99,7754	101,307
2019-04-14	02:00	5063	5067	5047	5048,49	SHORT	0,00167	5997,81	0,00334	HOLD	99,7754	101,3308
2019-04-14	03:00	5048,49	5066,37	5035	5053,35	SHORT	0,00167	5997,81	0,00334	HOLD	99,7754	101,3227
2019-04-14	04:00	5053,36	5053,47	5015,7	5050	SHORT	0,00167	5997,81	0,00334	HOLD	99,7754	101,3283
2019-04-14	05:00	5049,94	5056,7	5028,39	5046,99	SHORT	0,00167	5997,81	0,00334	HOLD	99,7754	101,3333
2019-04-14	06:00	5047,14	5065,17	5045,15	5045,22	SHORT	0,00167	5997,81	0,00334	HOLD	99,7754	101,3362
2019-04-14	07:00	5047,45	5060	5042,67	5055,03	SHORT	0,00167	5997,81	0,00334	HOLD	99,7754	101,3199
2019-04-14	08:00	5054,72	5067,74	5051	5053,66	SHORT	0,00167	5997,81	0,00334	HOLD	99,7754	101,3222
2019-04-14	09:00	5055,16	5062,9	5025,86	5031,62	SHORT	0,00167	5997,81	0,00334	HOLD	99,7754	101,359
2019-04-14	10:00	5034,84	5050,2	5022,26	5032,8	SHORT	0,00167	5997,81	0,00334	HOLD	99,7754	101,357
2019-04-14	11:00	5034,6	5040,58	5020	5030,05	SHORT	0,00167	5997,81	0,00334	HOLD	99,7754	101,3616
2019-04-14	12:00	5029,93	5034,31	5000	5024,88	SHORT	0,00167	5997,81	0,00334	HOLD	99,7754	101,3702
2019-04-14	13:00	5025,8	5026	5003,62	5013,04	SHORT	0,00167	5997,81	0,00334	HOLD	99,7754	101,39
2019-04-14	14:00	5013,04	5040,58	5012	5034,14	SHORT	0,00167	5997,81	0,00334	HOLD	99,7754	101,3547
2019-04-14	15:00	5034,08	5044,56	5030	5034,29	SHORT	0,00167	5997,81	0,00334	HOLD	99,7754	101,3545
2019-04-14	16:00	5034,29	5050	5029	5047,42	SHORT	0,00167	5997,81	0,00334	HOLD	99,7754	101,3326
2019-04-14	17:00	5048,79	5055	5038,13	5046,23	SHORT	0,00167	5997,81	0,00334	HOLD	99,7754	101,3346
2019-04-14	18:00	5046,23	5050,66	5038,19	5044,99	SHORT	0,00167	5997,81	0,00334	HOLD	99,7754	101,3366
2019-04-14	19:00	5046,98	5052	5034,45	5046,97	SHORT	0,00167	5997,81	0,00334	HOLD	99,7754	101,3333
2019-04-14	20:00	5046,97	5063,98	5045,54	5055,65	SHORT	0,00167	5997,81	0,00334	HOLD	99,7754	101,3188
2019-04-14	21:00	5055,65	5059,9	5046	5058,42	SHORT	0,00167	5997,81	0,00334	HOLD	99,7754	101,3142
2019-04-14	22:00	5058,59	5064	5045	5062,34	SHORT	0,00167	5997,81	0,00334	HOLD	99,7754	101,3077
2019-04-14	23:00	5062,34	5084,99	5057,02	5060,91	SHORT	0,00167	5997,81	0,00334	HOLD	99,7754	101,31
2019-04-15	00:00	5060,91	5071,98	5055,54	5066,98	SHORT	0,00167	5997,81	0,00334	HOLD	99,7754	101,2999
2019-04-15	01:00	5066,98	5087,03	5066,04	5087	SHORT	0,00167	5997,81	0,00334	HOLD	99,7754	101,2665
2019-04-15	02:00	5087,14	5087,76	5062	5066,43	SHORT	0,00167	5997,81	0,00334	HOLD	99,7754	101,3008
2019-04-15	03:00	5066,43	5079,5	5061,79	5069	SHORT	0,00167	5997,81	0,00334	HOLD	99,7754	101,2965
2019-04-15	04:00	5069	5087,15	5066,01	5082,64	SHORT	0,00167	5997,81	0,00334	HOLD	99,7754	101,2738
2019-04-15	05:00	5080,06	5152,99	5080	5130,82	SHORT	0,00167	5997,81	0,00334	HOLD	99,7754	101,1933
2019-04-15	06:00	5131	5149,53	5110	5131,3	SHORT	0,00167	5997,81	0,00334	HOLD	99,7754	101,1925
2019-04-15	07:00	5131,28	5145,24	5125,89	5135	SHORT	0,00167	5997,81	0,00334	HOLD	99,7754	101,1863
2019-04-15	08:00	5135	5167,38	5134,17	5154,52	SHORT	0,00167	5997,81	0,00334	HOLD	99,7754	101,1537
2019-04-15	09:00	5154,84	5162,47	5141,48	5146,07	SHORT	0,00167	5997,81	0,00334	HOLD	99,7754	101,1678
2019-04-15	10:00	5146,13	5147,27	5130,86	5136,88	SHORT	0,00167	5997,81	0,00334	HOLD	99,7754	101,1832
2019-04-15	11:00	5136,89	5166,08	5136,89	5160	SHORT	0,00167	5997,81	0,00334	HOLD	99,7754	101,1446
2019-04-15	12:00	5160	5163,33	5137,97	5145,19	SHORT	0,00167	5997,81	0,00334	HOLD	99,7754	101,1693
2019-04-15	13:00	5145,21	5154,62	5138,51	5144,68	SHORT	0,00167	5997,81	0,00334	HOLD	99,7754	101,1701
2019-04-15	14:00	5144,08	5144,67	5113	5136,99	SHORT	0,00167	5997,81	0,00334	HOLD	99,7754	101,183
2019-04-15	15:00	5137	5138,99	5121,07	5135,57	SHORT	0,00167	5997,81	0,00334	HOLD	99,7754	101,1854
2019-04-15	16:00	5135,89	5140,79	5125,92	5139,78	SHORT	0,00167	5997,81	0,00334	HOLD	99,7754	101,1783
2019-04-15	17:00	5139,78	5140,26	5091	5110,54	SHORT	0,00167	5997,81	0,00334	HOLD	99,7754	101,2272
2019-04-15	18:00	5111,24	5115,54	5099,67	5104,33	SHORT	0,00167	5997,81	0,00334	HOLD	99,7754	101,2375
2019-04-15	19:00	5103,35	5123,6	5085	5123,27	SHORT	0,00167	5997,81	0,00334	HOLD	99,7754	101,2059
2019-04-15	20:00	5123,02	5125	5108,66	5116,5	SHORT	0,00167	5997,81	0,00334	HOLD	99,7754	101,2172
2019-04-15	21:00	5117	5144,66	5106,69	5123,6	SHORT	0,00167	5997,81	0,00334	HOLD	99,7754	101,2054
2019-04-15	22:00	5123,61	5136,27	5122,12	5134,94	SHORT	0,00167	5997,81	0,00334	HOLD	99,7754	101,1864
2019-04-15	23:00	5133,82	5140	5101	5110,89	SHORT	0,00167	5997,81	0,00334	HOLD	99,7754	101,2266
2019-04-16	00:00	5112,06	5113,99	4983	5047,25	SHORT	0,00167	5997,81	0,00334	HOLD	99,7754	101,3329
2019-04-16	01:00	5047,25	5063,33	5011,84	5041	SHORT	0,00167	5997,81	0,00334	HOLD	99,7754	101,3433
2019-04-16	02:00	5040,75	5046,56	4993,17	5005,84	SHORT	0,00167	5997,81	0,00334	HOLD	99,7754	101,402
2019-04-16	03:00	5006,83	5026,07	4950	5018,25	SHORT	0,00167	5997,81	0,00334	HOLD	99,7754	101,3813
2019-04-16	04:00	5019,67	5043,09	5002,6	5025,68	SHORT	0,00167	5997,81	0,00334	HOLD	99,7754	101,3689
2019-04-16	05:00	5026,17	5049,4	5024,15	5040,86	SHORT	0,00167	5997,81	0,00334	HOLD	99,7754	101,3435
2019-04-16	06:00	5041,21	5054,22	5024,14	5024,95	SHORT	0,00167	5997,81	0,00334	HOLD	99,7754	101,3701
2019-04-16	07:00	5024,95	5049,77	5014,97	5044	SHORT	0,00167	5997,81	0,00334	HOLD	99,7754	101,3383
2019-04-16	08:00	5043,59	5054,91	5040	5040,06	SHORT	0,00167	5997,81	0,00334	HOLD	99,7754	101,3449
2019-04-16	09:00	5042,17	5043,44	5029,37	5033,43	SHORT	0,00167	5997,81	0,00334	HOLD	99,7754	101,3559
2019-04-16	10:00	5033,76	5053,17	5032,16	5044,49	SHORT	0,00167	5997,81	0,00334	HOLD	99,7754	101,3375
2019-04-16	11:00	5043,05	5058,74	5042,11	5050	SHORT	0,00167	5997,81	0,00334	HOLD	99,7754	101,3283
2019-04-16	12:00	5049,09	5084,51	5046	5069,92	SHORT	0,00167	5997,81	0,00334	HOLD	99,7754	101,295
2019-04-16	13:00	5071,23	5071,89	5055	5056,94	SHORT	0,00167	5997,81	0,00334	HOLD	99,7754	101,3167
2019-04-16	14:00	5056,95	5069,67	5056,69	5066	SHORT	0,00167	5997,81	0,00334	HOLD	99,7754	101,3015
2019-04-16	15:00	5066	5078,46	5060,43	5067,54	SHORT	0,00167	5997,81	0,00334	HOLD	99,7754	101,299
2019-04-16	16:00	5067,55	5078	5065,67	5071	SHORT	0,00167	5997,81	0,00334	HOLD	99,7754	101,2932
2019-04-16	17:00	5072,1	5072,1	5043,23	5045,99	SHORT	0,00167	5997,81	0,00334	HOLD	99,7754	101,335
2019-04-16	18:00	5045,75	5058,09	5038,68	5054,58	SHORT	0,00167	5997,81	0,00334	HOLD	99,7754	101,3206
2019-04-16	19:00	5053,49	5063,9	5025,37	5027,95	SHORT	0,00167	5997,81	0,00334	HOLD	99,7754	101,3651
2019-04-16	20:00	5027,95	5045,81	5025	5028,39	SHORT	0,00167	5997,81	0,00334	HOLD	99,7754	101,3644
2019-04-16	21:00	5029,68	5060,96	5003,94	5045,62	SHORT	0,00167	5997,81	0,00334	HOLD	99,7754	101,3356
2019-04-16	22:00	5046,14	5090,86	5036,98	5069,12	SHORT	0,00167	5997,81	0,00334	HOLD	99,7754	101,2963
2019-04-16	23:00	5070,48	5080	5060	5067,45	SHORT	0,00167	5997,81	0,00334	HOLD	99,7754	101,2991
2019-04-17	00:00	5067,45	5197,72	5065,6	5176,93	SHORT	0,00167	5997,81	0,00334	HOLD	99,7754	101,1163
2019-04-17	01:00	5176,12	5189,42	5141,01	5151,46	SHORT	0,00167	5997,81	0,00334	HOLD	99,7754	101,1588
2019-04-17	02:00	5152,45	5180	5150	5158,14	SHORT	0,00167	5997,81	0,00334	HOLD	99,7754	101,1477
2019-04-17	03:00	5157	5168,1	5144,2	5155,25	SHORT	0,00167	5997,81	0,00334	HOLD	99,7754	101,1525
2019-04-17	04:00	5154,74	5186,97	5151,64	5176,09	SHORT	0,00167	5997,81	0,00334	HOLD	99,7754	101,1177
2019-04-17	05:00	5176,09	5182,19	5155,11	5164	SHORT	0,00167	5997,81	0,00334	HOLD	99,7754	101,1379
2019-04-17	06:00	5163,6	5188	5163,6	5173,72	SHORT	0,00167	5997,81	0,00334	HOLD	99,7754	101,1217
2019-04-17	07:00	5173,72	5230,4	5171,01	5191,77	SHORT	0,00167	5997,81	0,00334	HOLD	99,7754	101,0915
2019-04-17	08:00	5191,77	5198,32	5156,55	5186,77	SHORT	0,00167	5997,81	0,00334	HOLD	99,7754	101,0999
2019-04-17	09:00	5186,77	5203,53	5184	5189,96	SHORT	0,00167	5997,81	0,00334	HOLD	99,7754	101,0945
2019-04-17	10:00	5189,98	5206,32	5169,58	5200,55	SHORT	0,00167	5997,81	0,00334	HOLD	99,7754	101,0768
2019-04-17	11:00	5200,57	5208,34	5182,12	5202,73	SHORT	0,00167	5997,81	0,00334	HOLD	99,7754	101,0732
2019-04-17	12:00	5202,61	5203	5176	5191,09	SHORT	0,00167	5997,81	0,00334	HOLD	99,7754	101,0926
2019-04-17	13:00	5190,3	5197,54	5168	5181,1	SHORT	0,00167	5997,81	0,00334	HOLD	99,7754	101,1093
2019-04-17	14:00	5180,19	5193,82	5175	5186,03	SHORT	0,00167	5997,81	0,00334	HOLD	99,7754	101,1011
2019-04-17	15:00	5186,66	5192,6	5159,53	5169,67	SHORT	0,00167	5997,81	0,00334	HOLD	99,7754	101,1284
2019-04-17	16:00	5169,06	5183	5161,24	5181,21	SHORT	0,00167	5997,81	0,00334	HOLD	99,7754	101,1091
2019-04-17	17:00	5181,21	5206,3	5167	5195,01	SHORT	0,00167	5997,81	0,00334	HOLD	99,7754	101,0861
2019-04-17	18:00	5195,01	5228,2	5184,79	5217,56	SHORT	0,00167	5997,81	0,00334	HOLD	99,7754	101,0484
2019-04-17	19:00	5217,56	5228,81	5146,8	5163,43	SHORT	0,00167	5997,81	0,00334	HOLD	99,7754	101,1388
2019-04-17	20:00	5162,82	5191,41	5160,23	5185	SHORT	0,00167	5997,81	0,00334	HOLD	99,7754	101,1028
2019-04-17	21:00	5184,84	5188	5167,01	5187,29	SHORT	0,00167	5997,81	0,00334	HOLD	99,7754	101,099
2019-04-17	22:00	5187,18	5203,43	5175	5182,91	SHORT	0,00167	5997,81	0,00334	HOLD	99,7754	101,1063
2019-04-17	23:00	5183	5199,45	5171,11	5197,09	SHORT	0,00167	5997,81	0,00334	HOLD	99,7754	101,0826
2019-04-18	00:00	5196	5213,29	5190	5203,41	SHORT	0,00167	5997,81	0,00334	HOLD	99,7754	101,0721
2019-04-18	01:00	5203,41	5207,36	5180,74	5205,32	SHORT	0,00167	5997,81	0,00334	HOLD	99,7754	101,0689
2019-04-18	02:00	5205,32	5210,89	5185	5210,49	SHORT	0,00167	5997,81	0,00334	HOLD	99,7754	101,0602
2019-04-18	03:00	5210,48	5222,46	5190	5198,5	SHORT	0,00167	5997,81	0,00334	HOLD	99,7754	101,0803
2019-04-18	04:00	5198,5	5215	5196,96	5212	SHORT	0,00167	5997,81	0,00334	HOLD	99,7754	101,0577
2019-04-18	05:00	5211	5216,92	5182,05	5201,11	SHORT	0,00167	5997,81	0,00334	HOLD	99,7754	101,0759
2019-04-18	06:00	5201,13	5210	5185,14	5202,82	SHORT	0,00167	5997,81	0,00334	HOLD	99,7754	101,0731
2019-04-18	07:00	5202,41	5216	5198,8	5206,67	SHORT	0,00167	5997,81	0,00334	HOLD	99,7754	101,0666
2019-04-18	08:00	5206,86	5255	5200,89	5240,08	SHORT	0,00167	5997,81	0,00334	HOLD	99,7754	101,0108
2019-04-18	09:00	5240,99	5250,53	5226	5235,02	SHORT	0,00167	5997,81	0,00334	HOLD	99,7754	101,0193
2019-04-18	10:00	5235,02	5255	5233,58	5248,12	SHORT	0,00167	5997,81	0,00334	HOLD	99,7754	100,9974
2019-04-18	11:00	5249,99	5273	5241,91	5255,8	SHORT	0,00167	5997,81	0,00334	HOLD	99,7754	100,9846
2019-04-18	12:00	5255,8	5260	5236,84	5244	SHORT	0,00167	5997,81	0,00334	HOLD	99,7754	101,0043
2019-04-18	13:00	5244	5255,7	5232,1	5254,85	SHORT	0,00167	5997,81	0,00334	HOLD	99,7754	100,9862
2019-04-18	14:00	5253,33	5256,66	5242,65	5248,6	SHORT	0,00167	5997,81	0,00334	HOLD	99,7754	100,9966
2019-04-18	15:00	5248,6	5250	5213,15	5230,59	SHORT	0,00167	5997,81	0,00334	HOLD	99,7754	101,0267
2019-04-18	16:00	5230,97	5245,41	5208,21	5235,27	SHORT	0,00167	5997,81	0,00334	HOLD	99,7754	101,0189
2019-04-18	17:00	5237,4	5240,71	5220,94	5226,71	SHORT	0,00167	5997,81	0,00334	HOLD	99,7754	101,0332
2019-04-18	18:00	5226,31	5227,67	5199,37	5218,02	SHORT	0,00167	5997,81	0,00334	HOLD	99,7754	101,0477
2019-04-18	19:00	5218,82	5235,05	5215,26	5230,01	SHORT	0,00167	5997,81	0,00334	HOLD	99,7754	101,0276
2019-04-18	20:00	5230	5249,04	5221,07	5239,98	SHORT	0,00167	5997,81	0,00334	HOLD	99,7754	101,011
2019-04-18	21:00	5239,96	5240	5216	5232,22	SHORT	0,00167	5997,81	0,00334	HOLD	99,7754	101,024
2019-04-18	22:00	5231,84	5265,38	5217,12	5234,34	SHORT	0,00167	5997,81	0,00334	HOLD	99,7754	101,0204
2019-04-18	23:00	5231,55	5250	5207,14	5239,83	SHORT	0,00167	5997,81	0,00334	HOLD	99,7754	101,0112
2019-04-19	00:00	5239,8	5271	5237,14	5241,76	SHORT	0,00167	5997,81	0,00334	HOLD	99,7754	101,008
2019-04-19	01:00	5241,14	5260	5239,02	5248,78	SHORT	0,00167	5997,81	0,00334	HOLD	99,7754	100,9963
2019-04-19	02:00	5248,84	5287	5247,01	5264,38	SHORT	0,00167	5997,81	0,00334	HOLD	99,7754	100,9702
2019-04-19	03:00	5262,73	5286,09	5257,43	5281,25	SHORT	0,00167	5997,81	0,00334	HOLD	99,7754	100,9421
2019-04-19	04:00	5281,25	5287	5266,08	5271	SHORT	0,00167	5997,81	0,00334	HOLD	99,7754	100,9592
2019-04-19	05:00	5270,98	5281,38	5251,92	5252,18	SHORT	0,00167	5997,81	0,00334	HOLD	99,7754	100,9906
2019-04-19	06:00	5253,97	5262,76	5226	5258,44	SHORT	0,00167	5997,81	0,00334	HOLD	99,7754	100,9802
2019-04-19	07:00	5258,44	5260	5243,09	5253,12	SHORT	0,00167	5997,81	0,00334	HOLD	99,7754	100,9891
2019-04-19	08:00	5253,12	5253,12	5182,02	5194,51	SHORT	0,00167	5997,81	0,00334	HOLD	99,7754	101,0869
2019-04-19	09:00	5194,02	5219,45	5175	5201,3	SHORT	0,00167	5997,81	0,00334	HOLD	99,7754	101,0756
2019-04-19	10:00	5201,3	5217,72	5178,48	5213,04	SHORT	0,00167	5997,81	0,00334	HOLD	99,7754	101,056
2019-04-19	11:00	5213,02	5222,94	5200,46	5219,2	SHORT	0,00167	5997,81	0,00334	HOLD	99,7754	101,0457
2019-04-19	12:00	5219,22	5222	5210,18	5216,97	SHORT	0,00167	5997,81	0,00334	HOLD	99,7754	101,0494
2019-04-19	13:00	5215,75	5231,16	5212	5224,03	SHORT	0,00167	5997,81	0,00334	HOLD	99,7754	101,0376
2019-04-19	14:00	5225,06	5232,68	5218,89	5230,96	SHORT	0,00167	5997,81	0,00334	HOLD	99,7754	101,0261
2019-04-19	15:00	5230,96	5243,67	5211,11	5239,45	SHORT	0,00167	5997,81	0,00334	HOLD	99,7754	101,0119
2019-04-19	16:00	5239,42	5246,89	5221,5	5237,36	SHORT	0,00167	5997,81	0,00334	HOLD	99,7754	101,0154
2019-04-19	17:00	5239,04	5242,98	5221	5240,03	SHORT	0,00167	5997,81	0,00334	HOLD	99,7754	101,0109
2019-04-19	18:00	5240,03	5255	5233,28	5236,32	SHORT	0,00167	5997,81	0,00334	HOLD	99,7754	101,0171
2019-04-19	19:00	5237,74	5245,16	5212,39	5225,37	SHORT	0,00167	5997,81	0,00334	HOLD	99,7754	101,0354
2019-04-19	20:00	5224,94	5238,55	5213,8	5235,09	SHORT	0,00167	5997,81	0,00334	HOLD	99,7754	101,0192
2019-04-19	21:00	5235	5236,2	5220	5231,15	SHORT	0,00167	5997,81	0,00334	HOLD	99,7754	101,0257
2019-04-19	22:00	5230,65	5267	5229,85	5259,69	SHORT	0,00167	5997,81	0,00334	HOLD	99,7754	100,9781
2019-04-19	23:00	5261	5320	5238,44	5244,47	SHORT	0,00167	5997,81	0,00334	HOLD	99,7754	101,0035
2019-04-20	00:00	5248,43	5260	5232,94	5252,96	SHORT	0,00167	5997,81	0,00334	HOLD	99,7754	100,9893
2019-04-20	01:00	5252,8	5276,97	5240,61	5265,07	SHORT	0,00167	5997,81	0,00334	HOLD	99,7754	100,9691
2019-04-20	02:00	5265,07	5278,88	5250,58	5272,12	SHORT	0,00167	5997,81	0,00334	HOLD	99,7754	100,9573
2019-04-20	03:00	5270,64	5277,15	5220,9	5243,67	SHORT	0,00167	5997,81	0,00334	HOLD	99,7754	101,0048
2019-04-20	04:00	5243,6	5258,23	5227,4	5247,09	SHORT	0,00167	5997,81	0,00334	HOLD	99,7754	100,9991
2019-04-20	05:00	5247,95	5256,26	5226,46	5253,11	SHORT	0,00167	5997,81	0,00334	HOLD	99,7754	100,9891
2019-04-20	06:00	5253,11	5271,88	5248,47	5258,68	SHORT	0,00167	5997,81	0,00334	HOLD	99,7754	100,9798
2019-04-20	07:00	5258,68	5274,62	5254,1	5255,94	SHORT	0,00167	5997,81	0,00334	HOLD	99,7754	100,9843
2019-04-20	08:00	5255,51	5286,53	5250,59	5276,33	SHORT	0,00167	5997,81	0,00334	HOLD	99,7754	100,9503
2019-04-20	09:00	5276,33	5295	5265,86	5274,19	SHORT	0,00167	5997,81	0,00334	HOLD	99,7754	100,9539
2019-04-20	10:00	5272,54	5279,31	5261,3	5276,97	SHORT	0,00167	5997,81	0,00334	HOLD	99,7754	100,9492
2019-04-20	11:00	5276,57	5298,38	5268	5295,14	SHORT	0,00167	5997,81	0,00334	HOLD	99,7754	100,9189
2019-04-20	12:00	5296,34	5309,59	5286	5297,99	SHORT	0,00167	5997,81	0,00334	HOLD	99,7754	100,9141
2019-04-20	13:00	5296,38	5310	5287,4	5294,99	SHORT	0,00167	5997,81	0,00334	HOLD	99,7754	100,9191
2019-04-20	14:00	5294,99	5308,53	5293,07	5305,79	SHORT	0,00167	5997,81	0,00334	HOLD	99,7754	100,9011
2019-04-20	15:00	5305,09	5333,42	5293,02	5300,92	SHORT	0,00167	5997,81	0,00334	HOLD	99,7754	100,9092
2019-04-20	16:00	5300,94	5308,28	5287	5290,73	SHORT	0,00167	5997,81	0,00334	HOLD	99,7754	100,9262
2019-04-20	17:00	5291,26	5292,39	5268	5284,01	SHORT	0,00167	5997,81	0,00334	HOLD	99,7754	100,9375
2019-04-20	18:00	5284,01	5290,01	5272	5282,76	SHORT	0,00167	5997,81	0,00334	HOLD	99,7754	100,9396
2019-04-20	19:00	5282,99	5300	5281,74	5287,93	SHORT	0,00167	5997,81	0,00334	HOLD	99,7754	100,9309
2019-04-20	20:00	5287,76	5300	5283,23	5290,03	SHORT	0,00167	5997,81	0,00334	HOLD	99,7754	100,9274
2019-04-20	21:00	5290,32	5294,26	5272,06	5288,15	SHORT	0,00167	5997,81	0,00334	HOLD	99,7754	100,9306
2019-04-20	22:00	5288,98	5312,88	5280	5289,36	SHORT	0,00167	5997,81	0,00334	HOLD	99,7754	100,9285
2019-04-20	23:00	5289,95	5307,68	5280,38	5301,36	SHORT	0,00167	5997,81	0,00334	HOLD	99,7754	100,9085
2019-04-21	00:00	5300,03	5305,24	5279,01	5279,97	SHORT	0,00167	5997,81	0,00334	HOLD	99,7754	100,9442
2019-04-21	01:00	5279,98	5294,25	5279,31	5287	SHORT	0,00167	5997,81	0,00334	HOLD	99,7754	100,9325
2019-04-21	02:00	5287,23	5301,81	5283,04	5295,29	SHORT	0,00167	5997,81	0,00334	HOLD	99,7754	100,9186
2019-04-21	03:00	5294,99	5306	5282,02	5292,2	SHORT	0,00167	5997,81	0,00334	HOLD	99,7754	100,9238
2019-04-21	04:00	5292,43	5293,84	5230,1	5256,16	SHORT	0,00167	5997,81	0,00334	HOLD	99,7754	100,984
2019-04-21	05:00	5251,34	5280,08	5251,32	5269,2	SHORT	0,00167	5997,81	0,00334	HOLD	99,7754	100,9622
2019-04-21	06:00	5270,49	5299,37	5268,49	5291,73	SHORT	0,00167	5997,81	0,00334	HOLD	99,7754	100,9246
2019-04-21	07:00	5292,91	5314,35	5285,02	5297,34	SHORT	0,00167	5997,81	0,00334	HOLD	99,7754	100,9152
2019-04-21	08:00	5297,34	5304,41	5292,35	5297,39	SHORT	0,00167	5997,81	0,00334	HOLD	99,7754	100,9151
2019-04-21	09:00	5299,2	5309,7	5293,36	5305	SHORT	0,00167	5997,81	0,00334	HOLD	99,7754	100,9024
2019-04-21	10:00	5304,73	5313,54	5302,82	5302,87	SHORT	0,00167	5997,81	0,00334	HOLD	99,7754	100,906
2019-04-21	11:00	5303	5303	5290,43	5296,3	SHORT	0,00167	5997,81	0,00334	HOLD	99,7754	100,9169
2019-04-21	12:00	5296,3	5297,83	5276	5278,13	SHORT	0,00167	5997,81	0,00334	HOLD	99,7754	100,9473
2019-04-21	13:00	5278,61	5295,48	5275,94	5294,02	SHORT	0,00167	5997,81	0,00334	HOLD	99,7754	100,9207
2019-04-21	14:00	5294	5304,77	5278,9	5281,01	SHORT	0,00167	5997,81	0,00334	HOLD	99,7754	100,9425
2019-04-21	15:00	5281,01	5286,9	5247	5268,98	SHORT	0,00167	5997,81	0,00334	HOLD	99,7754	100,9626
2019-04-21	16:00	5268,98	5270,38	5188,04	5208,33	SHORT	0,00167	5997,81	0,00334	HOLD	99,7754	101,0639
2019-04-21	17:00	5206,68	5237,13	5182,5	5222,73	SHORT	0,00167	5997,81	0,00334	HOLD	99,7754	101,0398
2019-04-21	18:00	5221,63	5230,05	5209,1	5219,99	SHORT	0,00167	5997,81	0,00334	HOLD	99,7754	101,0444
2019-04-21	19:00	5217,5	5219,99	5165	5207,31	SHORT	0,00167	5997,81	0,00334	HOLD	99,7754	101,0656
2019-04-21	20:00	5207,31	5233,13	5207,31	5225,77	SHORT	0,00167	5997,81	0,00334	HOLD	99,7754	101,0347
2019-04-21	21:00	5225,77	5234,87	5213,72	5231,66	SHORT	0,00167	5997,81	0,00334	HOLD	99,7754	101,0249
2019-04-21	22:00	5232,62	5243,14	5217,76	5239,42	SHORT	0,00167	5997,81	0,00334	HOLD	99,7754	101,0119
2019-04-21	23:00	5239,4	5243,97	5228,07	5231,67	SHORT	0,00167	5997,81	0,00334	HOLD	99,7754	101,0249
2019-04-22	00:00	5231,69	5233,12	5209,8	5226,17	SHORT	0,00167	5997,81	0,00334	HOLD	99,7754	101,0341
2019-04-22	01:00	5226,14	5233,17	5190	5200	SHORT	0,00167	5997,81	0,00334	HOLD	99,7754	101,0778
2019-04-22	02:00	5199,99	5225	5191,71	5218,37	SHORT	0,00167	5997,81	0,00334	HOLD	99,7754	101,0471
2019-04-22	03:00	5218,44	5232,79	5194,45	5199,03	SHORT	0,00167	5997,81	0,00334	HOLD	99,7754	101,0794
2019-04-22	04:00	5199,03	5247	5197,04	5233,16	SHORT	0,00167	5997,81	0,00334	HOLD	99,7754	101,0224
2019-04-22	05:00	5233,25	5263,8	5221,9	5252	SHORT	0,00167	5997,81	0,00334	HOLD	99,7754	100,9909
2019-04-22	06:00	5252,53	5273,13	5235	5256,14	SHORT	0,00167	5997,81	0,00334	HOLD	99,7754	100,984
2019-04-22	07:00	5257,41	5268,94	5255,01	5256,92	SHORT	0,00167	5997,81	0,00334	HOLD	99,7754	100,9827
2019-04-22	08:00	5256,92	5262,4	5223	5230,43	SHORT	0,00167	5997,81	0,00334	HOLD	99,7754	101,0269
2019-04-22	09:00	5228,32	5247,81	5221	5224,51	SHORT	0,00167	5997,81	0,00334	HOLD	99,7754	101,0368
2019-04-22	10:00	5224,5	5234,63	5208,35	5217,2	SHORT	0,00167	5997,81	0,00334	HOLD	99,7754	101,049
2019-04-22	11:00	5218,32	5245	5218,32	5237,26	SHORT	0,00167	5997,81	0,00334	HOLD	99,7754	101,0155
2019-04-22	12:00	5237,26	5250,86	5218	5234,74	SHORT	0,00167	5997,81	0,00334	HOLD	99,7754	101,0197
2019-04-22	13:00	5234,74	5252,19	5225,25	5249,85	SHORT	0,00167	5997,81	0,00334	HOLD	99,7754	100,9945
2019-04-22	14:00	5247,79	5255	5239	5242,31	SHORT	0,00167	5997,81	0,00334	HOLD	99,7754	101,0071
2019-04-22	15:00	5243,65	5264	5242,43	5256,97	SHORT	0,00167	5997,81	0,00334	HOLD	99,7754	100,9826
2019-04-22	16:00	5256,97	5271,16	5240	5265,87	SHORT	0,00167	5997,81	0,00334	HOLD	99,7754	100,9678
2019-04-22	17:00	5266,4	5289,75	5257,07	5283,05	SHORT	0,00167	5997,81	0,00334	HOLD	99,7754	100,9391
2019-04-22	18:00	5283,02	5294,72	5271,58	5275	SHORT	0,00167	5997,81	0,00334	HOLD	99,7754	100,9525
2019-04-22	19:00	5275	5295	5273,45	5278,04	SHORT	0,00167	5997,81	0,00334	HOLD	99,7754	100,9474
2019-04-22	20:00	5277,64	5279,99	5266,52	5269,14	SHORT	0,00167	5997,81	0,00334	HOLD	99,7754	100,9623
2019-04-22	21:00	5267,51	5290,73	5262,4	5285,11	SHORT	0,00167	5997,81	0,00334	HOLD	99,7754	100,9356
2019-04-22	22:00	5285,11	5348,39	5261	5279,69	SHORT	0,00167	5997,81	0,00334	HOLD	99,7754	100,9447
2019-04-22	23:00	5280,58	5283,55	5250,9	5276,38	SHORT	0,00167	5997,81	0,00334	HOLD	99,7754	100,9502
2019-04-23	00:00	5275,5	5335	5271,3	5333,15	SHORT	0,00167	5997,81	0,00334	HOLD	99,7754	100,8554
2019-04-23	01:00	5333,17	5380	5324,34	5373,13	SHORT	0,00167	5997,81	0,00334	HOLD	99,7754	100,7886
2019-04-23	02:00	5373,17	5400	5323	5354,67	SHORT	0,00167	5997,81	0,00334	HOLD	99,7754	100,8195
2019-04-23	03:00	5354,69	5398	5333,94	5339,94	SHORT	0,00167	5997,81	0,00334	HOLD	99,7754	100,8441
2019-04-23	04:00	5339,94	5370,1	5330	5355,5	SHORT	0,00167	5997,81	0,00334	HOLD	99,7754	100,8181
2019-04-23	05:00	5357,87	5380	5352,53	5373,19	SHORT	0,00167	5997,81	0,00334	HOLD	99,7754	100,7885
2019-04-23	06:00	5373,19	5374,13	5343,6	5357,14	SHORT	0,00167	5997,81	0,00334	HOLD	99,7754	100,8153
2019-04-23	07:00	5357,14	5365,76	5332,41	5351,59	SHORT	0,00167	5997,81	0,00334	HOLD	99,7754	100,8246
2019-04-23	08:00	5350,82	5357,58	5343,06	5355,49	SHORT	0,00167	5997,81	0,00334	HOLD	99,7754	100,8181
2019-04-23	09:00	5355,11	5384,14	5355,11	5379,18	SHORT	0,00167	5997,81	0,00334	HOLD	99,7754	100,7785
2019-04-23	10:00	5378,11	5437,77	5376,3	5414,5	SHORT	0,00167	5997,81	0,00334	HOLD	99,7754	100,7195
2019-04-23	11:00	5414,5	5600	5413,14	5493,42	SHORT	0,00167	5997,81	0,00334	HOLD	99,7754	100,5878
2019-04-23	12:00	5494,14	5528,82	5480,9	5507	SHORT	0,00167	5997,81	0,00334	HOLD	99,7754	100,5651
2019-04-23	13:00	5507	5523,5	5485	5504,62	SHORT	0,00167	5997,81	0,00334	HOLD	99,7754	100,569
2019-04-23	14:00	5504,63	5528,1	5498,78	5508,44	SHORT	0,00167	5997,81	0,00334	HOLD	99,7754	100,5627
2019-04-23	15:00	5508,42	5547,83	5507,01	5508,92	SHORT	0,00167	5997,81	0,00334	HOLD	99,7754	100,5619
2019-04-23	16:00	5508,93	5511,74	5462	5501,35	SHORT	0,00167	5997,81	0,00334	HOLD	99,7754	100,5745
2019-04-23	17:00	5501	5523,31	5497,61	5514,25	SHORT	0,00167	5997,81	0,00334	HOLD	99,7754	100,553
2019-04-23	18:00	5514,37	5523,1	5496,8	5513,97	SHORT	0,00167	5997,81	0,00334	HOLD	99,7754	100,5534
2019-04-23	19:00	5513,97	5549	5510,05	5530,05	SHORT	0,00167	5997,81	0,00334	HOLD	99,7754	100,5266
2019-04-23	20:00	5528,57	5562,03	5519,94	5538,19	SHORT	0,00167	5997,81	0,00334	HOLD	99,7754	100,513
2019-04-23	21:00	5538,19	5559,74	5535	5550,07	SHORT	0,00167	5997,81	0,00334	HOLD	99,7754	100,4931
2019-04-23	22:00	5551,28	5555,73	5505,1	5536,31	SHORT	0,00167	5997,81	0,00334	HOLD	99,7754	100,5161
2019-04-23	23:00	5536,31	5547,36	5515,76	5546,09	SHORT	0,00167	5997,81	0,00334	HOLD	99,7754	100,4998
2019-04-24	00:00	5546,8	5589	5537,66	5552,97	SHORT	0,00167	5997,81	0,00334	HOLD	99,7754	100,4883
2019-04-24	01:00	5553	5583,83	5552,95	5575,91	SHORT	0,00167	5997,81	0,00334	HOLD	99,7754	100,45
2019-04-24	02:00	5575,53	5580	5550	5568,08	SHORT	0,00167	5997,81	0,00334	HOLD	99,7754	100,4631
2019-04-24	03:00	5568,5	5568,86	5523,99	5551,66	SHORT	0,00167	5997,81	0,00334	HOLD	99,7754	100,4905
2019-04-24	04:00	5551,66	5560,26	5535	5539,34	SHORT	0,00167	5997,81	0,00334	HOLD	99,7754	100,5111
2019-04-24	05:00	5539,32	5540	5465,01	5536,32	SHORT	0,00167	5997,81	0,00334	HOLD	99,7754	100,5161
2019-04-24	06:00	5536,32	5544,31	5490,94	5493,31	SHORT	0,00167	5997,81	0,00334	HOLD	99,7754	100,5879
2019-04-24	07:00	5490,91	5523,98	5486,54	5500	SHORT	0,00167	5997,81	0,00334	HOLD	99,7754	100,5768
2019-04-24	08:00	5500	5515,46	5430,6	5497,75	SHORT	0,00167	5997,81	0,00334	HOLD	99,7754	100,5805
2019-04-24	09:00	5497,75	5523,99	5490	5520,43	SHORT	0,00167	5997,81	0,00334	HOLD	99,7754	100,5426
2019-04-24	10:00	5520,43	5549,4	5520,43	5531,32	SHORT	0,00167	5997,81	0,00334	HOLD	99,7754	100,5245
2019-04-24	11:00	5531,32	5568,23	5525	5556,6	SHORT	0,00167	5997,81	0,00334	HOLD	99,7754	100,4822
2019-04-24	12:00	5556,9	5574,87	5538,37	5567,13	SHORT	0,00167	5997,81	0,00334	HOLD	99,7754	100,4647
2019-04-24	13:00	5565,9	5582,2	5547,05	5558,81	SHORT	0,00167	5997,81	0,00334	HOLD	99,7754	100,4785
2019-04-24	14:00	5558,81	5567,33	5370	5421,59	SHORT	0,00167	5997,81	0,00334	HOLD	99,7754	100,7077
2019-04-24	15:00	5420,61	5457,82	5391	5444,81	SHORT	0,00167	5997,81	0,00334	HOLD	99,7754	100,6689
2019-04-24	16:00	5444	5452,17	5420	5426,04	SHORT	0,00167	5997,81	0,00334	HOLD	99,7754	100,7003
2019-04-24	17:00	5426,05	5442,78	5361	5377,6	SHORT	0,00167	5997,81	0,00334	HOLD	99,7754	100,7812
2019-04-24	18:00	5379,86	5410	5333,35	5385,09	SHORT	0,00167	5997,81	0,00334	HOLD	99,7754	100,7687
2019-04-24	19:00	5385,63	5425	5381,49	5414,93	SHORT	0,00167	5997,81	0,00334	HOLD	99,7754	100,7188
2019-04-24	20:00	5413,4	5433,11	5395	5396,87	SHORT	0,00167	5997,81	0,00334	HOLD	99,7754	100,749
2019-04-24	21:00	5396,18	5434,47	5385	5427,13	SHORT	0,00167	5997,81	0,00334	HOLD	99,7754	100,6985
2019-04-24	22:00	5427,14	5449,9	5417,51	5425,25	SHORT	0,00167	5997,81	0,00334	HOLD	99,7754	100,7016
2019-04-24	23:00	5425	5439,98	5377,02	5393,54	SHORT	0,00167	5997,81	0,00334	HOLD	99,7754	100,7546
2019-04-25	00:00	5394,22	5416,74	5377,58	5384,79	SHORT	0,00167	5997,81	0,00334	HOLD	99,7754	100,7692
2019-04-25	01:00	5384,79	5397	5340,1	5368,53	SHORT	0,00167	5997,81	0,00334	HOLD	99,7754	100,7963
2019-04-25	02:00	5369,05	5413,69	5365,79	5399,75	SHORT	0,00167	5997,81	0,00334	HOLD	99,7754	100,7442
2019-04-25	03:00	5400	5418,92	5392	5408,86	SHORT	0,00167	5997,81	0,00334	HOLD	99,7754	100,729
2019-04-25	04:00	5409	5415,89	5380	5399	SHORT	0,00167	5997,81	0,00334	HOLD	99,7754	100,7454
2019-04-25	05:00	5399,23	5414,18	5399	5413,34	SHORT	0,00167	5997,81	0,00334	HOLD	99,7754	100,7215
2019-04-25	06:00	5413,32	5419	5386,09	5415	SHORT	0,00167	5997,81	0,00334	HOLD	99,7754	100,7187
2019-04-25	07:00	5415	5437,46	5405,36	5425,7	SHORT	0,00167	5997,81	0,00334	HOLD	99,7754	100,7008
2019-04-25	08:00	5426,98	5434,65	5417,42	5430,01	SHORT	0,00167	5997,81	0,00334	HOLD	99,7754	100,6936
2019-04-25	09:00	5430,69	5433,31	5399,54	5404,7	SHORT	0,00167	5997,81	0,00334	HOLD	99,7754	100,7359
2019-04-25	10:00	5403,97	5416,61	5388,4	5413,88	SHORT	0,00167	5997,81	0,00334	HOLD	99,7754	100,7206
2019-04-25	11:00	5413,14	5428,61	5395,14	5400,03	SHORT	0,00167	5997,81	0,00334	HOLD	99,7754	100,7437
2019-04-25	12:00	5400,02	5408,74	5387,33	5406,04	SHORT	0,00167	5997,81	0,00334	HOLD	99,7754	100,7337
2019-04-25	13:00	5406,42	5406,65	5371,4	5380	SHORT	0,00167	5997,81	0,00334	HOLD	99,7754	100,7772
2019-04-25	14:00	5380,94	5410	5368	5406	SHORT	0,00167	5997,81	0,00334	HOLD	99,7754	100,7337
2019-04-25	15:00	5406	5410,5	5391,91	5403,08	SHORT	0,00167	5997,81	0,00334	HOLD	99,7754	100,7386
2019-04-25	16:00	5403,08	5407	5350,07	5399	SHORT	0,00167	5997,81	0,00334	HOLD	99,7754	100,7454
2019-04-25	17:00	5399	5438,14	5398,99	5438,01	SHORT	0,00167	5997,81	0,00334	HOLD	99,7754	100,6803
2019-04-25	18:00	5438,03	5443,17	5401	5441,79	SHORT	0,00167	5997,81	0,00334	HOLD	99,7754	100,674
2019-04-25	19:00	5441,81	5446,44	5420	5431,81	SHORT	0,00167	5997,81	0,00334	HOLD	99,7754	100,6906
2019-04-25	20:00	5431,4	5437,59	5420	5433,47	SHORT	0,00167	5997,81	0,00334	HOLD	99,7754	100,6879
2019-04-25	21:00	5434,89	5434,9	5404,36	5417,07	SHORT	0,00167	5997,81	0,00334	HOLD	99,7754	100,7153
2019-04-25	22:00	5418,82	5439,94	5417,07	5432	SHORT	0,00167	5997,81	0,00334	HOLD	99,7754	100,6903
2019-04-25	23:00	5432	5467,52	5425,94	5458	SHORT	0,00167	5997,81	0,00334	HOLD	99,7754	100,6469
2019-04-26	00:00	5458,22	5481,53	5456,48	5471,73	SHORT	0,00167	5997,81	0,00334	HOLD	99,7754	100,624
2019-04-26	01:00	5471,2	5481	5469	5475,98	SHORT	0,00167	5997,81	0,00334	HOLD	99,7754	100,6169
2019-04-26	02:00	5475,98	5491,84	5461	5468,38	SHORT	0,00167	5997,81	0,00334	HOLD	99,7754	100,6296
2019-04-26	03:00	5469	5478,69	5456	5477,15	SHORT	0,00167	5997,81	0,00334	HOLD	99,7754	100,6149
2019-04-26	04:00	5477,15	5482,14	5375	5387,91	SHORT	0,00167	5997,81	0,00334	HOLD	99,7754	100,764
2019-04-26	05:00	5387,91	5388,1	5102	5215	SHORT	0,00167	5997,81	0,00334	HOLD	99,7754	101,0527
2019-04-26	06:00	5215	5268	5179,15	5219,9	SHORT	0,00167	5997,81	0,00334	HOLD	99,7754	101,0445
2019-04-26	07:00	5220,47	5275	5161,62	5268,09	SHORT	0,00167	5997,81	0,00334	HOLD	99,7754	100,9641
2019-04-26	08:00	5268,11	5326,29	5268,1	5310,01	SHORT	0,00167	5997,81	0,00334	HOLD	99,7754	100,894
2019-04-26	09:00	5310,01	5510	5294,5	5388,9	SHORT	0,00167	5997,81	0,00334	HOLD	99,7754	100,7623
2019-04-26	10:00	5389,19	5405,48	5331,23	5344,39	SHORT	0,00167	5997,81	0,00334	HOLD	99,7754	100,8366
2019-04-26	11:00	5342,9	5387,92	5317,01	5318,46	SHORT	0,00167	5997,81	0,00334	HOLD	99,7754	100,8799
2019-04-26	12:00	5318,45	5358,62	5305,62	5324,43	SHORT	0,00167	5997,81	0,00334	HOLD	99,7754	100,87
2019-04-26	13:00	5324,87	5333,31	5271	5303,45	SHORT	0,00167	5997,81	0,00334	HOLD	99,7754	100,905
2019-04-26	14:00	5305,04	5319,64	5282,91	5293,36	SHORT	0,00167	5997,81	0,00334	HOLD	99,7754	100,9219
2019-04-26	15:00	5292,16	5323,35	5288,99	5302,44	SHORT	0,00167	5997,81	0,00334	HOLD	99,7754	100,9067
2019-04-26	16:00	5301,25	5318	5293,02	5314,31	SHORT	0,00167	5997,81	0,00334	HOLD	99,7754	100,8869
2019-04-26	17:00	5314,3	5338,72	5311,39	5314,81	SHORT	0,00167	5997,81	0,00334	HOLD	99,7754	100,886
2019-04-26	18:00	5314,8	5341,46	5291,23	5332,67	SHORT	0,00167	5997,81	0,00334	HOLD	99,7754	100,8562
2019-04-26	19:00	5333,3	5339,55	5302,12	5330,22	SHORT	0,00167	5997,81	0,00334	HOLD	99,7754	100,8603
2019-04-26	20:00	5330,61	5332,2	5295,66	5302,11	SHORT	0,00167	5997,81	0,00334	HOLD	99,7754	100,9072
2019-04-26	21:00	5301,36	5317,62	5290	5310,03	SHORT	0,00167	5997,81	0,00334	HOLD	99,7754	100,894
2019-04-26	22:00	5311,39	5316,77	5274	5285,07	SHORT	0,00167	5997,81	0,00334	HOLD	99,7754	100,9357
2019-04-26	23:00	5285,17	5285,78	5195,89	5263,84	SHORT	0,00167	5997,81	0,00334	HOLD	99,7754	100,9711
2019-04-27	00:00	5262,32	5288,37	5243,02	5264,59	SHORT	0,00167	5997,81	0,00334	HOLD	99,7754	100,9699
2019-04-27	01:00	5264,59	5283,6	5232,61	5245,54	SHORT	0,00167	5997,81	0,00334	HOLD	99,7754	101,0017
2019-04-27	02:00	5245,48	5282,98	5237,2	5260,61	SHORT	0,00167	5997,81	0,00334	HOLD	99,7754	100,9765
2019-04-27	03:00	5260,46	5303,99	5257,48	5279,11	SHORT	0,00167	5997,81	0,00334	HOLD	99,7754	100,9456
2019-04-27	04:00	5279,11	5304	5271,06	5295,05	SHORT	0,00167	5997,81	0,00334	HOLD	99,7754	100,919
2019-04-27	05:00	5294,02	5340	5292,88	5309,91	SHORT	0,00167	5997,81	0,00334	HOLD	99,7754	100,8942
2019-04-27	06:00	5307,63	5329,45	5280	5314,1	SHORT	0,00167	5997,81	0,00334	HOLD	99,7754	100,8872
2019-04-27	07:00	5315	5326,12	5296,66	5301,17	SHORT	0,00167	5997,81	0,00334	HOLD	99,7754	100,9088
2019-04-27	08:00	5300,93	5312	5290,61	5300,22	SHORT	0,00167	5997,81	0,00334	HOLD	99,7754	100,9104
2019-04-27	09:00	5299,51	5308,04	5287	5292,82	SHORT	0,00167	5997,81	0,00334	HOLD	99,7754	100,9228
2019-04-27	10:00	5293,68	5311,97	5287,35	5288,27	SHORT	0,00167	5997,81	0,00334	HOLD	99,7754	100,9304
2019-04-27	11:00	5287,5	5290,58	5261,29	5286,36	SHORT	0,00167	5997,81	0,00334	HOLD	99,7754	100,9335
2019-04-27	12:00	5285,38	5309,95	5273,2	5309,78	SHORT	0,00167	5997,81	0,00334	HOLD	99,7754	100,8944
2019-04-27	13:00	5309,78	5320	5308,57	5318,38	SHORT	0,00167	5997,81	0,00334	HOLD	99,7754	100,8801
2019-04-27	14:00	5318,02	5325,59	5302,68	5323	SHORT	0,00167	5997,81	0,00334	HOLD	99,7754	100,8724
2019-04-27	15:00	5322,98	5323,08	5290	5297,78	SHORT	0,00167	5997,81	0,00334	HOLD	99,7754	100,9145
2019-04-27	16:00	5298,31	5302,72	5272,01	5279	SHORT	0,00167	5997,81	0,00334	HOLD	99,7754	100,9458
2019-04-27	17:00	5279	5288,75	5270	5283,47	SHORT	0,00167	5997,81	0,00334	HOLD	99,7754	100,9384
2019-04-27	18:00	5282,99	5299,6	5276,14	5277,51	SHORT	0,00167	5997,81	0,00334	HOLD	99,7754	100,9483
2019-04-27	19:00	5277,54	5284,55	5264,01	5264,6	SHORT	0,00167	5997,81	0,00334	HOLD	99,7754	100,9699
2019-04-27	20:00	5266,23	5285,98	5257,67	5279,4	SHORT	0,00167	5997,81	0,00334	HOLD	99,7754	100,9452
2019-04-27	21:00	5278,7	5309,67	5275,01	5284,8	SHORT	0,00167	5997,81	0,00334	HOLD	99,7754	100,9361
2019-04-27	22:00	5284,8	5295	5281,41	5282,54	SHORT	0,00167	5997,81	0,00334	HOLD	99,7754	100,9399
2019-04-27	23:00	5282,64	5306,62	5282,54	5301,32	SHORT	0,00167	5997,81	0,00334	HOLD	99,7754	100,9086
2019-04-28	00:00	5301,31	5320	5297,7	5319,35	SHORT	0,00167	5997,81	0,00334	HOLD	99,7754	100,8784
2019-04-28	01:00	5319,35	5319,4	5297,8	5310,66	SHORT	0,00167	5997,81	0,00334	HOLD	99,7754	100,893
2019-04-28	02:00	5307,98	5342,34	5304,58	5328,9	SHORT	0,00167	5997,81	0,00334	HOLD	99,7754	100,8625
2019-04-28	03:00	5328,9	5337,98	5314,26	5330,55	SHORT	0,00167	5997,81	0,00334	HOLD	99,7754	100,8597
2019-04-28	04:00	5329,05	5342,5	5320,52	5328,08	SHORT	0,00167	5997,81	0,00334	HOLD	99,7754	100,8639
2019-04-28	05:00	5328,08	5334,98	5322,6	5324,05	SHORT	0,00167	5997,81	0,00334	HOLD	99,7754	100,8706
2019-04-28	06:00	5324,05	5329,6	5286,06	5295,69	SHORT	0,00167	5997,81	0,00334	HOLD	99,7754	100,918
2019-04-28	07:00	5295,69	5319,78	5293,54	5310,16	SHORT	0,00167	5997,81	0,00334	HOLD	99,7754	100,8938
2019-04-28	08:00	5310,16	5314,74	5301,23	5305	SHORT	0,00167	5997,81	0,00334	HOLD	99,7754	100,9024
2019-04-28	09:00	5305,56	5308,64	5280	5292,54	SHORT	0,00167	5997,81	0,00334	HOLD	99,7754	100,9232
2019-04-28	10:00	5291,58	5310	5288	5305,91	SHORT	0,00167	5997,81	0,00334	HOLD	99,7754	100,9009
2019-04-28	11:00	5306,57	5307,69	5289,23	5298,3	SHORT	0,00167	5997,81	0,00334	HOLD	99,7754	100,9136
2019-04-28	12:00	5298,31	5313,55	5291,37	5310	SHORT	0,00167	5997,81	0,00334	HOLD	99,7754	100,8941
2019-04-28	13:00	5311,16	5319,1	5298,09	5312,35	SHORT	0,00167	5997,81	0,00334	HOLD	99,7754	100,8901
2019-04-28	14:00	5312,36	5321,54	5310,99	5319,37	SHORT	0,00167	5997,81	0,00334	HOLD	99,7754	100,8784
2019-04-28	15:00	5319,37	5326,58	5310,56	5319,21	SHORT	0,00167	5997,81	0,00334	HOLD	99,7754	100,8787
2019-04-28	16:00	5320,19	5322,81	5306,37	5315,47	SHORT	0,00167	5997,81	0,00334	HOLD	99,7754	100,8849
2019-04-28	17:00	5313,82	5335	5310,4	5328,69	SHORT	0,00167	5997,81	0,00334	HOLD	99,7754	100,8629
2019-04-28	18:00	5329,79	5340	5317,83	5334,77	SHORT	0,00167	5997,81	0,00334	HOLD	99,7754	100,8527
2019-04-28	19:00	5334,76	5336,91	5316,23	5320,47	SHORT	0,00167	5997,81	0,00334	HOLD	99,7754	100,8766
2019-04-28	20:00	5320,46	5332,16	5282,69	5287,6	SHORT	0,00167	5997,81	0,00334	HOLD	99,7754	100,9315
2019-04-28	21:00	5287,6	5313,33	5282,58	5296,41	SHORT	0,00167	5997,81	0,00334	HOLD	99,7754	100,9168
2019-04-28	22:00	5296,99	5336	5293	5333,68	SHORT	0,00167	5997,81	0,00334	HOLD	99,7754	100,8545
2019-04-28	23:00	5333,68	5334,42	5314,93	5320	SHORT	0,00167	5997,81	0,00334	HOLD	99,7754	100,8774
2019-04-29	00:00	5320	5330	5307,2	5319,63	SHORT	0,00167	5997,81	0,00334	HOLD	99,7754	100,878
2019-04-29	01:00	5318,7	5321,03	5302,19	5308,47	SHORT	0,00167	5997,81	0,00334	HOLD	99,7754	100,8966
2019-04-29	02:00	5308,12	5313	5259,48	5290	SHORT	0,00167	5997,81	0,00334	HOLD	99,7754	100,9275
2019-04-29	03:00	5291,17	5309	5278,49	5282,45	SHORT	0,00167	5997,81	0,00334	HOLD	99,7754	100,9401
2019-04-29	04:00	5280,02	5295,74	5262,3	5285,1	SHORT	0,00167	5997,81	0,00334	HOLD	99,7754	100,9356
2019-04-29	05:00	5286	5315,11	5281,81	5313,03	SHORT	0,00167	5997,81	0,00334	HOLD	99,7754	100,889
2019-04-29	06:00	5313,05	5316,8	5296,16	5307,52	SHORT	0,00167	5997,81	0,00334	HOLD	99,7754	100,8982
2019-04-29	07:00	5309,81	5327,97	5297,33	5325,36	SHORT	0,00167	5997,81	0,00334	HOLD	99,7754	100,8684
2019-04-29	08:00	5325,35	5327,96	5311,07	5319,56	SHORT	0,00167	5997,81	0,00334	HOLD	99,7754	100,8781
2019-04-29	09:00	5318,1	5324,98	5311	5320,45	SHORT	0,00167	5997,81	0,00334	HOLD	99,7754	100,8766
2019-04-29	10:00	5320,44	5327	5310,3	5318,75	SHORT	0,00167	5997,81	0,00334	HOLD	99,7754	100,8794
2019-04-29	11:00	5318,31	5332	5312,58	5328,9	SHORT	0,00167	5997,81	0,00334	HOLD	99,7754	100,8625
2019-04-29	12:00	5327,27	5328,93	5311,46	5318,37	SHORT	0,00167	5997,81	0,00334	HOLD	99,7754	100,8801
2019-04-29	13:00	5318,37	5323,99	5312,08	5318,14	SHORT	0,00167	5997,81	0,00334	HOLD	99,7754	100,8805
2019-04-29	14:00	5318,27	5318,29	5299,58	5301,46	SHORT	0,00167	5997,81	0,00334	HOLD	99,7754	100,9083
2019-04-29	15:00	5301,45	5310,09	5299,77	5304,3	SHORT	0,00167	5997,81	0,00334	HOLD	99,7754	100,9036
2019-04-29	16:00	5303,49	5309,66	5272,99	5299,91	SHORT	0,00167	5997,81	0,00334	HOLD	99,7754	100,9109
2019-04-29	17:00	5298,14	5299,92	5241	5266,62	SHORT	0,00167	5997,81	0,00334	HOLD	99,7754	100,9665
2019-04-29	18:00	5266,61	5285,3	5260,5	5279,41	SHORT	0,00167	5997,81	0,00334	HOLD	99,7754	100,9451
2019-04-29	19:00	5279,41	5279,41	5219,89	5241,03	SHORT	0,00167	5997,81	0,00334	HOLD	99,7754	101,0092
2019-04-29	20:00	5241,39	5248	5178,8	5243,9	SHORT	0,00167	5997,81	0,00334	HOLD	99,7754	101,0044
2019-04-29	21:00	5243,92	5274,99	5243,3	5260,94	SHORT	0,00167	5997,81	0,00334	HOLD	99,7754	100,976
2019-04-29	22:00	5260,94	5266,8	5228,84	5231,96	SHORT	0,00167	5997,81	0,00334	HOLD	99,7754	101,0244
2019-04-29	23:00	5231,97	5274,65	5230,86	5254,91	SHORT	0,00167	5997,81	0,00334	HOLD	99,7754	100,9861
2019-04-30	00:00	5254,06	5266,1	5237,08	5240,61	SHORT	0,00167	5997,81	0,00334	HOLD	99,7754	101,0099
2019-04-30	01:00	5239,35	5244,72	5211,02	5242,9	SHORT	0,00167	5997,81	0,00334	HOLD	99,7754	101,0061
2019-04-30	02:00	5241,92	5250	5227,1	5239,89	SHORT	0,00167	5997,81	0,00334	HOLD	99,7754	101,0111
2019-04-30	03:00	5239,89	5240,87	5208,54	5213,85	SHORT	0,00167	5997,81	0,00334	HOLD	99,7754	101,0546
2019-04-30	04:00	5214	5226,82	5207,6	5211,42	SHORT	0,00167	5997,81	0,00334	HOLD	99,7754	101,0587
2019-04-30	05:00	5209,92	5222,94	5185	5214,74	SHORT	0,00167	5997,81	0,00334	HOLD	99,7754	101,0531
2019-04-30	06:00	5213,87	5246,92	5210,82	5238,14	SHORT	0,00167	5997,81	0,00334	HOLD	99,7754	101,0141
2019-04-30	07:00	5238,14	5257,14	5229,06	5243,9	SHORT	0,00167	5997,81	0,00334	HOLD	99,7754	101,0044
2019-04-30	08:00	5243,9	5260	5237,03	5254,43	SHORT	0,00167	5997,81	0,00334	HOLD	99,7754	100,9869
2019-04-30	09:00	5253,86	5264,01	5238,76	5242,9	SHORT	0,00167	5997,81	0,00334	HOLD	99,7754	101,0061
2019-04-30	10:00	5242,7	5246,09	5205,72	5217,99	SHORT	0,00167	5997,81	0,00334	HOLD	99,7754	101,0477
2019-04-30	11:00	5217,6	5220	5192,15	5202	SHORT	0,00167	5997,81	0,00334	HOLD	99,7754	101,0744
2019-04-30	12:00	5201	5217,82	5200	5203,5	SHORT	0,00167	5997,81	0,00334	HOLD	99,7754	101,0719
2019-04-30	13:00	5203,5	5220	5201,53	5210,46	SHORT	0,00167	5997,81	0,00334	HOLD	99,7754	101,0603
2019-04-30	14:00	5209,94	5235	5205,87	5222	SHORT	0,00167	5997,81	0,00334	HOLD	99,7754	101,041
2019-04-30	15:00	5222	5237,24	5216,38	5231,42	SHORT	0,00167	5997,81	0,00334	HOLD	99,7754	101,0253
2019-04-30	16:00	5231,8	5234,73	5204,39	5222,75	SHORT	0,00167	5997,81	0,00334	HOLD	99,7754	101,0398
2019-04-30	17:00	5222,73	5273	5221,1	5258,55	SHORT	0,00167	5997,81	0,00334	HOLD	99,7754	100,98
2019-04-30	18:00	5258	5288,48	5253,09	5285,68	SHORT	0,00167	5997,81	0,00334	HOLD	99,7754	100,9347
2019-04-30	19:00	5282,32	5288,8	5254,68	5284,07	SHORT	0,00167	5997,81	0,00334	HOLD	99,7754	100,9374
2019-04-30	20:00	5285,38	5339,98	5267,74	5315,29	SHORT	0,00167	5997,81	0,00334	HOLD	99,7754	100,8852
2019-04-30	21:00	5314,37	5338	5300	5317,17	SHORT	0,00167	5997,81	0,00334	HOLD	99,7754	100,8821
2019-04-30	22:00	5316,07	5320,62	5294,7	5312,19	SHORT	0,00167	5997,81	0,00334	HOLD	99,7754	100,8904
2019-04-30	23:00	5313	5316,89	5287,81	5307,67	SHORT	0,00167	5997,81	0,00334	HOLD	99,7754	100,898
2019-05-01	00:00	5308,43	5313,99	5283,12	5290,39	SHORT	0,00167	5997,81	0,00334	HOLD	99,7754	100,9268
2019-05-01	01:00	5290,39	5307,87	5287,43	5305,89	SHORT	0,00167	5997,81	0,00334	HOLD	99,7754	100,9009
2019-05-01	02:00	5305,89	5308	5290,5	5292,53	SHORT	0,00167	5997,81	0,00334	HOLD	99,7754	100,9232
2019-05-01	03:00	5292,53	5314,93	5290	5301,65	SHORT	0,00167	5997,81	0,00334	HOLD	99,7754	100,908
2019-05-01	04:00	5302,54	5320	5298,39	5316,02	SHORT	0,00167	5997,81	0,00334	HOLD	99,7754	100,884
2019-05-01	05:00	5316,72	5338,54	5314,78	5337	SHORT	0,00167	5997,81	0,00334	HOLD	99,7754	100,849
2019-05-01	06:00	5337	5337,92	5310	5320,81	SHORT	0,00167	5997,81	0,00334	HOLD	99,7754	100,876
2019-05-01	07:00	5321,94	5358,13	5316,2	5335,62	SHORT	0,00167	5997,81	0,00334	HOLD	99,7754	100,8513
2019-05-01	08:00	5335,66	5347,47	5325,83	5338,85	SHORT	0,00167	5997,81	0,00334	HOLD	99,7754	100,8459
2019-05-01	09:00	5337,57	5374,18	5337,57	5355,07	SHORT	0,00167	5997,81	0,00334	HOLD	99,7754	100,8188
2019-05-01	10:00	5357,16	5361,34	5330,45	5348,95	SHORT	0,00167	5997,81	0,00334	HOLD	99,7754	100,829
2019-05-01	11:00	5348,92	5355,26	5337,62	5341,13	SHORT	0,00167	5997,81	0,00334	HOLD	99,7754	100,8421
2019-05-01	12:00	5342,4	5350,71	5339,31	5348,99	SHORT	0,00167	5997,81	0,00334	HOLD	99,7754	100,8289
2019-05-01	13:00	5347,72	5356,99	5346,05	5355,07	SHORT	0,00167	5997,81	0,00334	HOLD	99,7754	100,8188
2019-05-01	14:00	5355,7	5357	5345	5353,4	SHORT	0,00167	5997,81	0,00334	HOLD	99,7754	100,8216
2019-05-01	15:00	5352,6	5353,93	5326,05	5339,68	SHORT	0,00167	5997,81	0,00334	HOLD	99,7754	100,8445
2019-05-01	16:00	5341,21	5355,72	5334,73	5355,66	SHORT	0,00167	5997,81	0,00334	HOLD	99,7754	100,8178
2019-05-01	17:00	5355,72	5356,14	5343,08	5353,3	SHORT	0,00167	5997,81	0,00334	HOLD	99,7754	100,8218
2019-05-01	18:00	5353,28	5366,9	5349,99	5362,14	SHORT	0,00167	5997,81	0,00334	HOLD	99,7754	100,807
2019-05-01	19:00	5363,42	5364	5333	5353,99	SHORT	0,00167	5997,81	0,00334	HOLD	99,7754	100,8206
2019-05-01	20:00	5353,99	5354	5340	5352,64	SHORT	0,00167	5997,81	0,00334	HOLD	99,7754	100,8229
2019-05-01	21:00	5351,42	5358,7	5343,47	5348,64	SHORT	0,00167	5997,81	0,00334	HOLD	99,7754	100,8295
2019-05-01	22:00	5348,22	5358	5343,78	5355,35	SHORT	0,00167	5997,81	0,00334	HOLD	99,7754	100,8183
2019-05-01	23:00	5355,34	5368	5350,11	5353,38	SHORT	0,00167	5997,81	0,00334	HOLD	99,7754	100,8216
2019-05-02	00:00	5352,98	5402	5350,7	5395,4	SHORT	0,00167	5997,81	0,00334	HOLD	99,7754	100,7514
2019-05-02	01:00	5397,65	5397,69	5351	5367,58	SHORT	0,00167	5997,81	0,00334	HOLD	99,7754	100,7979
2019-05-02	02:00	5368,17	5374,37	5342,75	5367,41	SHORT	0,00167	5997,81	0,00334	HOLD	99,7754	100,7982
2019-05-02	03:00	5365,98	5377,53	5360,08	5373,37	SHORT	0,00167	5997,81	0,00334	HOLD	99,7754	100,7882
2019-05-02	04:00	5373,42	5379	5359,3	5363,29	SHORT	0,00167	5997,81	0,00334	HOLD	99,7754	100,8051
2019-05-02	05:00	5363,41	5372,89	5355	5367,01	SHORT	0,00167	5997,81	0,00334	HOLD	99,7754	100,7989
2019-05-02	06:00	5365,54	5393,54	5365,54	5383,2	SHORT	0,00167	5997,81	0,00334	HOLD	99,7754	100,7718
2019-05-02	07:00	5383,2	5394	5375,66	5384,44	SHORT	0,00167	5997,81	0,00334	HOLD	99,7754	100,7697
2019-05-02	08:00	5383,89	5388,61	5373,2	5379,23	SHORT	0,00167	5997,81	0,00334	HOLD	99,7754	100,7784
2019-05-02	09:00	5378,58	5390	5376,55	5384,92	SHORT	0,00167	5997,81	0,00334	HOLD	99,7754	100,7689
2019-05-02	10:00	5384,36	5392	5380	5387,54	SHORT	0,00167	5997,81	0,00334	HOLD	99,7754	100,7646
2019-05-02	11:00	5387,51	5387,53	5370	5384,44	SHORT	0,00167	5997,81	0,00334	HOLD	99,7754	100,7697
2019-05-02	12:00	5382,84	5395	5380,66	5391,45	SHORT	0,00167	5997,81	0,00334	HOLD	99,7754	100,758
2019-05-02	13:00	5391,44	5394,15	5385,43	5391,1	SHORT	0,00167	5997,81	0,00334	HOLD	99,7754	100,7586
2019-05-02	14:00	5391,1	5415	5390,09	5406,31	SHORT	0,00167	5997,81	0,00334	HOLD	99,7754	100,7332
2019-05-02	15:00	5408,04	5449	5405,3	5448,08	SHORT	0,00167	5997,81	0,00334	HOLD	99,7754	100,6635
2019-05-02	16:00	5448,08	5460	5418,09	5422,87	SHORT	0,00167	5997,81	0,00334	HOLD	99,7754	100,7056
2019-05-02	17:00	5422,87	5448,51	5420,76	5436,96	SHORT	0,00167	5997,81	0,00334	HOLD	99,7754	100,682
2019-05-02	18:00	5436,93	5451,68	5433,43	5446,38	SHORT	0,00167	5997,81	0,00334	HOLD	99,7754	100,6663
2019-05-02	19:00	5444,72	5465	5435,98	5453,48	SHORT	0,00167	5997,81	0,00334	HOLD	99,7754	100,6545
2019-05-02	20:00	5452,03	5469,57	5418,1	5469,57	SHORT	0,00167	5997,81	0,00334	HOLD	99,7754	100,6276
2019-05-02	21:00	5468,33	5500,74	5457,82	5493,41	SHORT	0,00167	5997,81	0,00334	HOLD	99,7754	100,5878
2019-05-02	22:00	5494,94	5535,6	5492,87	5523,99	SHORT	0,00167	5997,81	0,00334	HOLD	99,7754	100,5367
2019-05-02	23:00	5523,99	5538	5472,28	5485,63	SHORT	0,00167	5997,81	0,00334	HOLD	99,7754	100,6008
2019-05-03	00:00	5486,49	5510,9	5485,03	5499,09	SHORT	0,00167	5997,81	0,00334	HOLD	99,7754	100,5783
2019-05-03	01:00	5499,09	5508	5494,78	5496,1	SHORT	0,00167	5997,81	0,00334	HOLD	99,7754	100,5833
2019-05-03	02:00	5496,1	5516,24	5495,15	5506,98	SHORT	0,00167	5997,81	0,00334	HOLD	99,7754	100,5651
2019-05-03	03:00	5506,01	5514,09	5494,01	5510,62	SHORT	0,00167	5997,81	0,00334	HOLD	99,7754	100,559
2019-05-03	04:00	5510,62	5520	5494	5502,14	SHORT	0,00167	5997,81	0,00334	HOLD	99,7754	100,5732
2019-05-03	05:00	5502,19	5505,42	5484,01	5497,68	SHORT	0,00167	5997,81	0,00334	HOLD	99,7754	100,5806
2019-05-03	06:00	5497,68	5511,99	5490	5492,87	SHORT	0,00167	5997,81	0,00334	HOLD	99,7754	100,5887
2019-05-03	07:00	5494,81	5530,38	5477,57	5529,18	SHORT	0,00167	5997,81	0,00334	HOLD	99,7754	100,528
2019-05-03	08:00	5529,97	5563,79	5524,41	5555,49	SHORT	0,00167	5997,81	0,00334	HOLD	99,7754	100,4841
2019-05-03	09:00	5556,41	5600	5545,68	5587,66	SHORT	0,00167	5997,81	0,00334	HOLD	99,7754	100,4304
2019-05-03	10:00	5587,7	5589,59	5564	5579,46	SHORT	0,00167	5997,81	0,00334	HOLD	99,7754	100,4441
2019-05-03	11:00	5579	5607,73	5566	5587	SHORT	0,00167	5997,81	0,00334	HOLD	99,7754	100,4315
2019-05-03	12:00	5587	5600	5576,85	5597,36	SHORT	0,00167	5997,81	0,00334	HOLD	99,7754	100,4142
2019-05-03	13:00	5597,36	5660	5592,95	5626,96	SHORT	0,00167	5997,81	0,00334	HOLD	99,7754	100,3647
2019-05-03	14:00	5626,67	5700	5626,01	5695,09	SHORT	0,00167	5997,81	0,00334	HOLD	99,7754	100,251
2019-05-03	15:00	5695,66	5799	5653,74	5762,98	SHORT	0,00167	5997,81	0,00334	HOLD	99,7754	100,1376
2019-05-03	16:00	5762,97	5844	5680,01	5832,6	SHORT	0,00167	5997,81	0,00334	HOLD	99,7754	100,0213
2019-05-03	17:00	5831,39	5834,52	5725	5738,98	SHORT	0,00167	5997,81	0,00334	HOLD	99,7754	100,1777
2019-05-03	18:00	5739	5775	5720	5750,99	SHORT	0,00167	5997,81	0,00334	HOLD	99,7754	100,1576
2019-05-03	19:00	5750,07	5796	5749,32	5766,99	SHORT	0,00167	5997,81	0,00334	HOLD	99,7754	100,1309
2019-05-03	20:00	5768,7	5820,03	5764,75	5807,03	SHORT	0,00167	5997,81	0,00334	HOLD	99,7754	100,064
2019-05-03	21:00	5805,6	5843	5786,72	5798,76	SHORT	0,00167	5997,81	0,00334	HOLD	99,7754	100,0778
2019-05-03	22:00	5798,86	5805	5756	5787	SHORT	0,00167	5997,81	0,00334	HOLD	99,7754	100,0975
2019-05-03	23:00	5786,31	5807	5757,65	5763,46	SHORT	0,00167	5997,81	0,00334	HOLD	99,7754	100,1368
2019-05-04	00:00	5762,41	5778,4	5725	5746,28	SHORT	0,00167	5997,81	0,00334	HOLD	99,7754	100,1655
2019-05-04	01:00	5746,28	5772,99	5726,59	5763	SHORT	0,00167	5997,81	0,00334	HOLD	99,7754	100,1376
2019-05-04	02:00	5762,98	5768,1	5743,64	5757,84	SHORT	0,00167	5997,81	0,00334	HOLD	99,7754	100,1462
2019-05-04	03:00	5758,53	5801,25	5757,92	5782	SHORT	0,00167	5997,81	0,00334	HOLD	99,7754	100,1058
2019-05-04	04:00	5782,02	5795	5756,78	5787	SHORT	0,00167	5997,81	0,00334	HOLD	99,7754	100,0975
2019-05-04	05:00	5787	5790,82	5742	5782,16	SHORT	0,00167	5997,81	0,00334	HOLD	99,7754	100,1056
2019-05-04	06:00	5783,15	5783,84	5753,47	5772,69	SHORT	0,00167	5997,81	0,00334	HOLD	99,7754	100,1214
2019-05-04	07:00	5770,62	5850,61	5768,73	5831,12	SHORT	0,00167	5997,81	0,00334	HOLD	99,7754	100,0238
2019-05-04	08:00	5832,16	5900	5791,9	5883,94	SHORT	0,00167	5997,81	0,00334	HOLD	99,7754	99,9356
2019-05-04	09:00	5883,94	5897,9	5855,4	5877,38	SHORT	0,00167	5997,81	0,00334	HOLD	99,7754	99,9465
2019-05-04	10:00	5876,55	5886,78	5810,01	5844,18	SHORT	0,00167	5997,81	0,00334	HOLD	99,7754	100,002
2019-05-04	11:00	5841,5	5844,34	5777,92	5800,3	SHORT	0,00167	5997,81	0,00334	HOLD	99,7754	100,0753
2019-05-04	12:00	5800,02	5815,78	5780	5788,49	SHORT	0,00167	5997,81	0,00334	HOLD	99,7754	100,095
2019-05-04	13:00	5788,47	5804	5755,48	5804	SHORT	0,00167	5997,81	0,00334	HOLD	99,7754	100,0691
2019-05-04	14:00	5803,88	5830	5797,43	5814,01	SHORT	0,00167	5997,81	0,00334	HOLD	99,7754	100,0524
2019-05-04	15:00	5815,54	5815,79	5795,4	5807,21	SHORT	0,00167	5997,81	0,00334	HOLD	99,7754	100,0637
2019-05-04	16:00	5807,23	5820	5780	5784,83	SHORT	0,00167	5997,81	0,00334	HOLD	99,7754	100,1011
2019-05-04	17:00	5785,54	5792	5756	5771,5	SHORT	0,00167	5997,81	0,00334	HOLD	99,7754	100,1234
2019-05-04	18:00	5771,48	5803	5771	5789,55	SHORT	0,00167	5997,81	0,00334	HOLD	99,7754	100,0932
2019-05-04	19:00	5789,55	5795,99	5760	5773,85	SHORT	0,00167	5997,81	0,00334	HOLD	99,7754	100,1194
2019-05-04	20:00	5773,31	5781,25	5612,88	5631,99	SHORT	0,00167	5997,81	0,00334	HOLD	99,7754	100,3563
2019-05-04	21:00	5633,16	5672,97	5587,45	5657,15	SHORT	0,00167	5997,81	0,00334	HOLD	99,7754	100,3143
2019-05-04	22:00	5657,17	5673	5635,01	5641,19	SHORT	0,00167	5997,81	0,00334	HOLD	99,7754	100,341
2019-05-04	23:00	5641,73	5678,48	5624,89	5666,66	SHORT	0,00167	5997,81	0,00334	HOLD	99,7754	100,2984
2019-05-05	00:00	5666,1	5694,3	5657,9	5681,99	SHORT	0,00167	5997,81	0,00334	HOLD	99,7754	100,2728
2019-05-05	01:00	5680,09	5682,87	5658,51	5669,99	SHORT	0,00167	5997,81	0,00334	HOLD	99,7754	100,2929
2019-05-05	02:00	5670	5689,99	5664,51	5681,14	SHORT	0,00167	5997,81	0,00334	HOLD	99,7754	100,2743
2019-05-05	03:00	5681,12	5763,66	5679,88	5758,62	SHORT	0,00167	5997,81	0,00334	HOLD	99,7754	100,1449
2019-05-05	04:00	5756,23	5850	5756,21	5816,46	SHORT	0,00167	5997,81	0,00334	HOLD	99,7754	100,0483
2019-05-05	05:00	5818,16	5865,86	5805,6	5860,5	SHORT	0,00167	5997,81	0,00334	HOLD	99,7754	99,9747
2019-05-05	06:00	5861,87	5874,34	5816,51	5829,45	SHORT	0,00167	5997,81	0,00334	HOLD	99,7754	100,0266
2019-05-05	07:00	5829,83	5839,9	5760	5805,64	SHORT	0,00167	5997,81	0,00334	HOLD	99,7754	100,0663
2019-05-05	08:00	5808,27	5811,12	5775	5793,96	SHORT	0,00167	5997,81	0,00334	HOLD	99,7754	100,0858
2019-05-05	09:00	5792,05	5836,13	5788,96	5797,45	SHORT	0,00167	5997,81	0,00334	HOLD	99,7754	100,08
2019-05-05	10:00	5798,05	5820,68	5784,25	5813,21	SHORT	0,00167	5997,81	0,00334	HOLD	99,7754	100,0537
2019-05-05	11:00	5814,14	5814,14	5776,15	5791,58	SHORT	0,00167	5997,81	0,00334	HOLD	99,7754	100,0898
2019-05-05	12:00	5791,49	5829,89	5790,52	5818,02	SHORT	0,00167	5997,81	0,00334	HOLD	99,7754	100,0457
2019-05-05	13:00	5818,2	5830,67	5782,02	5800,69	SHORT	0,00167	5997,81	0,00334	HOLD	99,7754	100,0746
2019-05-05	14:00	5801,22	5807,93	5738,02	5755	SHORT	0,00167	5997,81	0,00334	HOLD	99,7754	100,1509
2019-05-05	15:00	5754,13	5783,44	5710,63	5771,1	SHORT	0,00167	5997,81	0,00334	HOLD	99,7754	100,124
2019-05-05	16:00	5771,14	5788,54	5750	5760,64	SHORT	0,00167	5997,81	0,00334	HOLD	99,7754	100,1415
2019-05-05	17:00	5760,66	5796,37	5747,87	5796,09	SHORT	0,00167	5997,81	0,00334	HOLD	99,7754	100,0823
2019-05-05	18:00	5796,27	5798,82	5758,42	5767,54	SHORT	0,00167	5997,81	0,00334	HOLD	99,7754	100,13
2019-05-05	19:00	5768,35	5800,5	5768,05	5792,26	SHORT	0,00167	5997,81	0,00334	HOLD	99,7754	100,0887
2019-05-05	20:00	5792,31	5808,22	5761,52	5787,43	SHORT	0,00167	5997,81	0,00334	HOLD	99,7754	100,0968
2019-05-05	21:00	5787	5789,82	5750	5784,18	SHORT	0,00167	5997,81	0,00334	HOLD	99,7754	100,1022
2019-05-05	22:00	5783,09	5785	5765,14	5770,04	SHORT	0,00167	5997,81	0,00334	HOLD	99,7754	100,1258
2019-05-05	23:00	5768,53	5774,55	5732,14	5758,92	SHORT	0,00167	5997,81	0,00334	HOLD	99,7754	100,1444
2019-05-06	00:00	5759,65	5769,99	5738,52	5739,98	SHORT	0,00167	5997,81	0,00334	HOLD	99,7754	100,176
2019-05-06	01:00	5739,98	5780,98	5696	5779	SHORT	0,00167	5997,81	0,00334	HOLD	99,7754	100,1108
2019-05-06	02:00	5778,38	5786,75	5760	5768,63	SHORT	0,00167	5997,81	0,00334	HOLD	99,7754	100,1282
2019-05-06	03:00	5768,63	5808	5767	5808	SHORT	0,00167	5997,81	0,00334	HOLD	99,7754	100,0624
2019-05-06	04:00	5808	5818	5776,56	5800,8	SHORT	0,00167	5997,81	0,00334	HOLD	99,7754	100,0744
2019-05-06	05:00	5800,8	5809	5760,64	5765	SHORT	0,00167	5997,81	0,00334	HOLD	99,7754	100,1342
2019-05-06	06:00	5766,81	5799,53	5763,73	5775,62	SHORT	0,00167	5997,81	0,00334	HOLD	99,7754	100,1165
2019-05-06	07:00	5773,18	5796,59	5670	5717,22	SHORT	0,00167	5997,81	0,00334	HOLD	99,7754	100,214
2019-05-06	08:00	5719,27	5737,46	5642,5	5684,86	SHORT	0,00167	5997,81	0,00334	HOLD	99,7754	100,268
2019-05-06	09:00	5684,33	5715,15	5674,13	5690,08	SHORT	0,00167	5997,81	0,00334	HOLD	99,7754	100,2593
2019-05-06	10:00	5690,14	5715,3	5669,01	5695,31	SHORT	0,00167	5997,81	0,00334	HOLD	99,7754	100,2506
2019-05-06	11:00	5693,03	5733,57	5675,57	5730,72	SHORT	0,00167	5997,81	0,00334	HOLD	99,7754	100,1915
2019-05-06	12:00	5731	5738,67	5713,37	5717,85	SHORT	0,00167	5997,81	0,00334	HOLD	99,7754	100,213
2019-05-06	13:00	5717,85	5721,75	5650,38	5687,55	SHORT	0,00167	5997,81	0,00334	HOLD	99,7754	100,2636
2019-05-06	14:00	5687,27	5694,98	5619,14	5636	SHORT	0,00167	5997,81	0,00334	HOLD	99,7754	100,3496
2019-05-06	15:00	5634,82	5670	5619,48	5652,56	SHORT	0,00167	5997,81	0,00334	HOLD	99,7754	100,322
2019-05-06	16:00	5654,98	5697,74	5649,56	5683	SHORT	0,00167	5997,81	0,00334	HOLD	99,7754	100,2712
2019-05-06	17:00	5681,68	5710	5671,91	5680,08	SHORT	0,00167	5997,81	0,00334	HOLD	99,7754	100,276
2019-05-06	18:00	5681,91	5710	5679,19	5701,67	SHORT	0,00167	5997,81	0,00334	HOLD	99,7754	100,24
2019-05-06	19:00	5701,67	5703,1	5673	5680	SHORT	0,00167	5997,81	0,00334	HOLD	99,7754	100,2762
2019-05-06	20:00	5680	5705	5673,18	5698,46	SHORT	0,00167	5997,81	0,00334	HOLD	99,7754	100,2453
2019-05-06	21:00	5697,06	5731,08	5695,64	5716,92	SHORT	0,00167	5997,81	0,00334	HOLD	99,7754	100,2145
2019-05-06	22:00	5716,82	5740,23	5708	5730,98	SHORT	0,00167	5997,81	0,00334	HOLD	99,7754	100,191
2019-05-06	23:00	5731	5785	5730,25	5765,7	SHORT	0,00167	5997,81	0,00334	HOLD	99,7754	100,133
2019-05-07	00:00	5766,6	5784,98	5755,5	5762,77	SHORT	0,00167	5997,81	0,00334	HOLD	99,7754	100,1379
2019-05-07	01:00	5762,73	5799,9	5758,69	5796,84	SHORT	0,00167	5997,81	0,00334	HOLD	99,7754	100,081
2019-05-07	02:00	5795,73	5805	5766,1	5790,41	SHORT	0,00167	5997,81	0,00334	HOLD	99,7754	100,0918
2019-05-07	03:00	5790,35	5797,2	5732	5754,88	SHORT	0,00167	5997,81	0,00334	HOLD	99,7754	100,1511
2019-05-07	04:00	5754,35	5768,16	5740,01	5757,27	SHORT	0,00167	5997,81	0,00334	HOLD	99,7754	100,1471
2019-05-07	05:00	5758	5781,86	5753	5766,05	SHORT	0,00167	5997,81	0,00334	HOLD	99,7754	100,1325
2019-05-07	06:00	5766,05	5769,03	5740,48	5747,79	SHORT	0,00167	5997,81	0,00334	HOLD	99,7754	100,163
2019-05-07	07:00	5749,92	5818	5747,74	5801,95	SHORT	0,00167	5997,81	0,00334	HOLD	99,7754	100,0725
2019-05-07	08:00	5801,95	5835	5800,09	5804,71	SHORT	0,00167	5997,81	0,00334	HOLD	99,7754	100,0679
2019-05-07	09:00	5804,71	5957,64	5802	5955,5	SHORT	0,00167	5997,81	0,00334	HOLD	99,7754	99,8161
2019-05-07	10:00	5957,23	5988	5911,01	5957	SHORT	0,00167	5997,81	0,00334	HOLD	99,7754	99,8136
2019-05-07	11:00	5955,91	5974,61	5930,75	5953,04	SHORT	0,00167	5997,81	0,00334	HOLD	99,7754	99,8202
2019-05-07	12:00	5955,75	5980	5945,21	5948,33	SHORT	0,00167	5997,81	0,00334	HOLD	99,7754	99,8281
2019-05-07	13:00	5948,33	5964,74	5937,43	5952,4	SHORT	0,00167	5997,81	0,00334	HOLD	99,7754	99,8213
2019-05-07	14:00	5953,13	5955	5905	5935,25	SHORT	0,00167	5997,81	0,00334	HOLD	99,7754	99,8499
2019-05-07	15:00	5935,25	5946,09	5915	5924,77	SHORT	0,00167	5997,81	0,00334	HOLD	99,7754	99,8674
2019-05-07	16:00	5924,59	5966,56	5912,23	5957,19	SHORT	0,00167	5997,81	0,00334	HOLD	99,7754	99,8133
2019-05-07	17:00	5955,35	5968	5934,7	5950,01	SHORT	0,00167	5997,81	0,00334	HOLD	99,7754	99,8252
2019-05-07	18:00	5950	5953,82	5926,06	5947,64	SHORT	0,00167	5997,81	0,00334	HOLD	99,7754	99,8292
2019-05-07	19:00	5945,8	5978,25	5945,68	5973,17	SHORT	0,00167	5997,81	0,00334	HOLD	99,7754	99,7866
2019-05-07	20:00	5973,2	6013,61	5946,79	6008,7	LONG	0,00167	5982,81	0,00334	REVERSE SHORT→LONG	99,7314	99,7446
2019-05-07	21:00	6009,12	6028,41	5840	5893,93	SHORT	0,00167	5997,76	0,00334	REVERSE LONG→SHORT	99,6873	99,8308
2019-05-07	22:00	5893,93	5920	5880	5919,93	SHORT	0,00167	5997,76	0,00334	HOLD	99,6873	99,7874
2019-05-07	23:00	5919,93	5965	5903,8	5953,34	SHORT	0,00167	5997,76	0,00334	HOLD	99,6873	99,7316
2019-05-08	00:00	5954,99	5963,75	5935,27	5947,39	SHORT	0,00167	5997,76	0,00334	HOLD	99,6873	99,7415
2019-05-08	01:00	5946,45	5950	5921,5	5936,2	SHORT	0,00167	5997,76	0,00334	HOLD	99,6873	99,7602
2019-05-08	02:00	5936,14	5943,82	5880,13	5922,87	SHORT	0,00167	5997,76	0,00334	HOLD	99,6873	99,7824
2019-05-08	03:00	5923,45	5939	5908,86	5911,57	SHORT	0,00167	5997,76	0,00334	HOLD	99,6873	99,8013
2019-05-08	04:00	5908,92	5952,5	5907,98	5948	SHORT	0,00167	5997,76	0,00334	HOLD	99,6873	99,7405
2019-05-08	05:00	5948	5965	5926,32	5956,45	SHORT	0,00167	5997,76	0,00334	HOLD	99,6873	99,7264
2019-05-08	06:00	5956,45	5969,22	5820	5846,34	SHORT	0,00167	5997,76	0,00334	HOLD	99,6873	99,9102
2019-05-08	07:00	5846,34	5901	5772,2	5862,92	SHORT	0,00167	5997,76	0,00334	HOLD	99,6873	99,8826
2019-05-08	08:00	5862,05	5899,92	5857,26	5878,63	SHORT	0,00167	5997,76	0,00334	HOLD	99,6873	99,8563
2019-05-08	09:00	5878,42	5893,87	5870,03	5877,89	SHORT	0,00167	5997,76	0,00334	HOLD	99,6873	99,8576
2019-05-08	10:00	5877,87	5881,99	5850,07	5879,44	SHORT	0,00167	5997,76	0,00334	HOLD	99,6873	99,855
2019-05-08	11:00	5879,64	5900	5877,43	5899	SHORT	0,00167	5997,76	0,00334	HOLD	99,6873	99,8223
2019-05-08	12:00	5897,92	5899,97	5871,55	5893,16	SHORT	0,00167	5997,76	0,00334	HOLD	99,6873	99,8321
2019-05-08	13:00	5893,14	5928,65	5891,97	5914,96	SHORT	0,00167	5997,76	0,00334	HOLD	99,6873	99,7957
2019-05-08	14:00	5914,96	5926,64	5893,61	5903,86	SHORT	0,00167	5997,76	0,00334	HOLD	99,6873	99,8142
2019-05-08	15:00	5903,39	5927,21	5865	5883,85	SHORT	0,00167	5997,76	0,00334	HOLD	99,6873	99,8476
2019-05-08	16:00	5884,64	5903,85	5881,79	5895,59	SHORT	0,00167	5997,76	0,00334	HOLD	99,6873	99,828
2019-05-08	17:00	5895,03	5932,15	5891,76	5927,17	SHORT	0,00167	5997,76	0,00334	HOLD	99,6873	99,7753
2019-05-08	18:00	5927,18	5959,99	5916,48	5936	SHORT	0,00167	5997,76	0,00334	HOLD	99,6873	99,7605
2019-05-08	19:00	5936	5953,14	5908	5928,52	SHORT	0,00167	5997,76	0,00334	HOLD	99,6873	99,773
2019-05-08	20:00	5928,61	5937,79	5908	5929,04	SHORT	0,00167	5997,76	0,00334	HOLD	99,6873	99,7721
2019-05-08	21:00	5929,04	5937,85	5896	5924,46	SHORT	0,00167	5997,76	0,00334	HOLD	99,6873	99,7798
2019-05-08	22:00	5926,95	5967	5903	5953,94	SHORT	0,00167	5997,76	0,00334	HOLD	99,6873	99,7306
2019-05-08	23:00	5953,07	5970	5926,01	5930,01	SHORT	0,00167	5997,76	0,00334	HOLD	99,6873	99,7705
2019-05-09	00:00	5931,46	5944,87	5914,5	5930,25	SHORT	0,00167	5997,76	0,00334	HOLD	99,6873	99,7701
2019-05-09	01:00	5930,25	5942,49	5916	5933,39	SHORT	0,00167	5997,76	0,00334	HOLD	99,6873	99,7649
2019-05-09	02:00	5935,59	5959,59	5930	5951,65	SHORT	0,00167	5997,76	0,00334	HOLD	99,6873	99,7344
2019-05-09	03:00	5951,57	5953,59	5930	5949,36	SHORT	0,00167	5997,76	0,00334	HOLD	99,6873	99,7382
2019-05-09	04:00	5949,92	5957	5931	5948,18	SHORT	0,00167	5997,76	0,00334	HOLD	99,6873	99,7402
2019-05-09	05:00	5949,04	5992,86	5940	5983,69	SHORT	0,00167	5997,76	0,00334	HOLD	99,6873	99,6809
2019-05-09	06:00	5983,86	6014,72	5910,01	5987,29	LONG	0,00167	5982,76	0,00334	REVERSE SHORT→LONG	99,6434	99,6209
2019-05-09	07:00	5986,66	6073,33	5983,71	6048,26	LONG	0,00167	5982,76	0,00334	HOLD	99,6434	99,7227
2019-05-09	08:00	6050,58	6114,73	6048,67	6095	LONG	0,00167	5982,76	0,00334	HOLD	99,6434	99,8007
2019-05-09	09:00	6095	6098	6074,55	6077,98	LONG	0,00167	5982,76	0,00334	HOLD	99,6434	99,7723
2019-05-09	10:00	6077,02	6085	6061,26	6075,14	LONG	0,00167	5982,76	0,00334	HOLD	99,6434	99,7676
2019-05-09	11:00	6072,89	6114,46	6068	6113,03	LONG	0,00167	5982,76	0,00334	HOLD	99,6434	99,8308
2019-05-09	12:00	6113,03	6135,56	6090,06	6100,79	LONG	0,00167	5982,76	0,00334	HOLD	99,6434	99,8104
2019-05-09	13:00	6100,78	6126,24	6070	6118	LONG	0,00167	5982,76	0,00334	HOLD	99,6434	99,8391
2019-05-09	14:00	6118,01	6129,18	6093,45	6102,36	LONG	0,00167	5982,76	0,00334	HOLD	99,6434	99,813
2019-05-09	15:00	6102,36	6147,55	6091,5	6094,14	LONG	0,00167	5982,76	0,00334	HOLD	99,6434	99,7993
2019-05-09	16:00	6094,14	6099,79	6060	6097,67	LONG	0,00167	5982,76	0,00334	HOLD	99,6434	99,8052
2019-05-09	17:00	6097,82	6114,56	6092,52	6105,98	LONG	0,00167	5982,76	0,00334	HOLD	99,6434	99,8191
2019-05-09	18:00	6105,98	6107,77	6072,85	6086,98	LONG	0,00167	5982,76	0,00334	HOLD	99,6434	99,7873
2019-05-09	19:00	6087,78	6089,09	6050	6057,08	LONG	0,00167	5982,76	0,00334	HOLD	99,6434	99,7374
2019-05-09	20:00	6057,95	6075,32	6025	6070,39	LONG	0,00167	5982,76	0,00334	HOLD	99,6434	99,7596
2019-05-09	21:00	6070,26	6079,09	6049,71	6061,51	LONG	0,00167	5982,76	0,00334	HOLD	99,6434	99,7448
2019-05-09	22:00	6062	6073,3	6038,32	6058,91	LONG	0,00167	5982,76	0,00334	HOLD	99,6434	99,7405
2019-05-09	23:00	6058,91	6113,07	6056,55	6112,05	LONG	0,00167	5982,76	0,00334	HOLD	99,6434	99,8292
2019-05-10	00:00	6112,98	6135,15	6095,01	6128,49	LONG	0,00167	5982,76	0,00334	HOLD	99,6434	99,8567
2019-05-10	01:00	6128,5	6150	6117,04	6134,89	LONG	0,00167	5982,76	0,00334	HOLD	99,6434	99,8674
2019-05-10	02:00	6134,03	6147,19	6118,92	6135,25	LONG	0,00167	5982,76	0,00334	HOLD	99,6434	99,868
2019-05-10	03:00	6136,92	6149,92	6123,43	6147,9	LONG	0,00167	5982,76	0,00334	HOLD	99,6434	99,8891
2019-05-10	04:00	6147,88	6185,68	6135,84	6170,5	LONG	0,00167	5982,76	0,00334	HOLD	99,6434	99,9268
2019-05-10	05:00	6170,64	6223	6157,14	6217,13	LONG	0,00167	5982,76	0,00334	HOLD	99,6434	100,0047
2019-05-10	06:00	6218,89	6224,55	6160	6209,18	LONG	0,00167	5982,76	0,00334	HOLD	99,6434	99,9914
2019-05-10	07:00	6209,95	6237,98	6186,56	6186,71	LONG	0,00167	5982,76	0,00334	HOLD	99,6434	99,9539
2019-05-10	08:00	6186,72	6223,86	6172	6223,82	LONG	0,00167	5982,76	0,00334	HOLD	99,6434	100,0159
2019-05-10	09:00	6221,18	6323,98	6204	6275,27	LONG	0,00167	5982,76	0,00334	HOLD	99,6434	100,1018
2019-05-10	10:00	6275,26	6365,01	6273,94	6337,99	LONG	0,00167	5982,76	0,00334	HOLD	99,6434	100,2065
2019-05-10	11:00	6339,49	6339,49	6232,24	6328,99	LONG	0,00167	5982,76	0,00334	HOLD	99,6434	100,1915
2019-05-10	12:00	6328,97	6329,91	6260,04	6300,06	LONG	0,00167	5982,76	0,00334	HOLD	99,6434	100,1432
2019-05-10	13:00	6297,54	6316,15	6275,4	6315,92	LONG	0,00167	5982,76	0,00334	HOLD	99,6434	100,1697
2019-05-10	14:00	6315,92	6390	6309	6371,44	LONG	0,00167	5982,76	0,00334	HOLD	99,6434	100,2624
2019-05-10	15:00	6371,44	6387	6314,34	6338,38	LONG	0,00167	5982,76	0,00334	HOLD	99,6434	100,2072
2019-05-10	16:00	6336,45	6342	6288	6324,08	LONG	0,00167	5982,76	0,00334	HOLD	99,6434	100,1833
2019-05-10	17:00	6325,21	6343,28	6265,63	6283,01	LONG	0,00167	5982,76	0,00334	HOLD	99,6434	100,1147
2019-05-10	18:00	6285,44	6310,13	6277,57	6307,19	LONG	0,00167	5982,76	0,00334	HOLD	99,6434	100,1551
2019-05-10	19:00	6307,22	6334,34	6266,16	6326,23	LONG	0,00167	5982,76	0,00334	HOLD	99,6434	100,1869
2019-05-10	20:00	6325,85	6360,45	6302,59	6324,77	LONG	0,00167	5982,76	0,00334	HOLD	99,6434	100,1845
2019-05-10	21:00	6325,32	6334,69	6288	6307,98	LONG	0,00167	5982,76	0,00334	HOLD	99,6434	100,1564
2019-05-10	22:00	6307,69	6370,67	6297,3	6353,82	LONG	0,00167	5982,76	0,00334	HOLD	99,6434	100,233
2019-05-10	23:00	6353,82	6468,92	6342,2	6424,83	LONG	0,00167	5982,76	0,00334	HOLD	99,6434	100,3516
2019-05-11	00:00	6423,76	6450	6369	6434,81	LONG	0,00167	5982,76	0,00334	HOLD	99,6434	100,3682
2019-05-11	01:00	6434,71	6449,88	6398,05	6439,3	LONG	0,00167	5982,76	0,00334	HOLD	99,6434	100,3757
2019-05-11	02:00	6439,3	6450	6405	6410,57	LONG	0,00167	5982,76	0,00334	HOLD	99,6434	100,3277
2019-05-11	03:00	6410,55	6418,73	6270,03	6331,44	LONG	0,00167	5982,76	0,00334	HOLD	99,6434	100,1956
2019-05-11	04:00	6330,15	6389	6308,18	6371,88	LONG	0,00167	5982,76	0,00334	HOLD	99,6434	100,2631
2019-05-11	05:00	6371,16	6423	6361,71	6417,01	LONG	0,00167	5982,76	0,00334	HOLD	99,6434	100,3385
2019-05-11	06:00	6417,01	6418,8	6365,64	6373,33	LONG	0,00167	5982,76	0,00334	HOLD	99,6434	100,2655
2019-05-11	07:00	6375,16	6427,72	6372,85	6410,47	LONG	0,00167	5982,76	0,00334	HOLD	99,6434	100,3276
2019-05-11	08:00	6410,47	6498,91	6405,11	6498,84	LONG	0,00167	5982,76	0,00334	HOLD	99,6434	100,4751
2019-05-11	09:00	6498,84	6547,63	6466,4	6544,82	LONG	0,00167	5982,76	0,00334	HOLD	99,6434	100,5519
2019-05-11	10:00	6547,11	6611,64	6532,71	6578,71	LONG	0,00167	5982,76	0,00334	HOLD	99,6434	100,6085
2019-05-11	11:00	6580,84	6790	6574,05	6720,36	LONG	0,00167	5982,76	0,00334	HOLD	99,6434	100,8451
2019-05-11	12:00	6720,36	6768,96	6666	6739,56	LONG	0,00167	5982,76	0,00334	HOLD	99,6434	100,8772
2019-05-11	13:00	6740,02	6952,63	6661,12	6812,01	LONG	0,00167	5982,76	0,00334	HOLD	99,6434	100,9981
2019-05-11	14:00	6816,79	6866,12	6770,23	6801,67	LONG	0,00167	5982,76	0,00334	HOLD	99,6434	100,9809
2019-05-11	15:00	6801,09	6819,59	6656,55	6670,12	LONG	0,00167	5982,76	0,00334	HOLD	99,6434	100,7612
2019-05-11	16:00	6670,13	6798,09	6667,93	6770,01	LONG	0,00167	5982,76	0,00334	HOLD	99,6434	100,928
2019-05-11	17:00	6770,03	6833	6763,97	6802,1	LONG	0,00167	5982,76	0,00334	HOLD	99,6434	100,9816
2019-05-11	18:00	6802,08	6803,29	6749,65	6754,55	LONG	0,00167	5982,76	0,00334	HOLD	99,6434	100,9022
2019-05-11	19:00	6754,57	6780	6705,36	6770,03	LONG	0,00167	5982,76	0,00334	HOLD	99,6434	100,928
2019-05-11	20:00	6770,03	6821,37	6762,7	6800,88	LONG	0,00167	5982,76	0,00334	HOLD	99,6434	100,9796
2019-05-11	21:00	6802,81	6814,15	6761,3	6781,76	LONG	0,00167	5982,76	0,00334	HOLD	99,6434	100,9476
2019-05-11	22:00	6781,76	6905,57	6752,01	6905,57	LONG	0,00167	5982,76	0,00334	HOLD	99,6434	101,1544
2019-05-11	23:00	6905,57	6979,99	6848	6900,08	LONG	0,00167	5982,76	0,00334	HOLD	99,6434	101,1452
2019-05-12	00:00	6898,59	6945,81	6849,84	6937,24	LONG	0,00167	5982,76	0,00334	HOLD	99,6434	101,2073
2019-05-12	01:00	6940,51	6967,14	6887,56	6919,81	LONG	0,00167	5982,76	0,00334	HOLD	99,6434	101,1782
2019-05-12	02:00	6918,02	6922,45	6850,42	6900	LONG	0,00167	5982,76	0,00334	HOLD	99,6434	101,1451
2019-05-12	03:00	6901,19	6944,57	6885,29	6939,26	LONG	0,00167	5982,76	0,00334	HOLD	99,6434	101,2106
2019-05-12	04:00	6938,03	6999	6904	6999	LONG	0,00167	5982,76	0,00334	HOLD	99,6434	101,3104
2019-05-12	05:00	6999	7275	6996,26	7150,03	LONG	0,00167	5982,76	0,00334	HOLD	99,6434	101,5626
2019-05-12	06:00	7150,03	7343,99	7056	7076,22	LONG	0,00167	5982,76	0,00334	HOLD	99,6434	101,4394
2019-05-12	07:00	7076,24	7211,41	6876,12	7019,31	LONG	0,00167	5982,76	0,00334	HOLD	99,6434	101,3443
2019-05-12	08:00	7021,17	7195,29	7020	7159,67	LONG	0,00167	5982,76	0,00334	HOLD	99,6434	101,5787
2019-05-12	09:00	7159,67	7230	7112,45	7113,48	LONG	0,00167	5982,76	0,00334	HOLD	99,6434	101,5016
2019-05-12	10:00	7113,49	7187,91	7086,99	7159,56	LONG	0,00167	5982,76	0,00334	HOLD	99,6434	101,5786
2019-05-12	11:00	7160,22	7226,94	7158,54	7195,49	LONG	0,00167	5982,76	0,00334	HOLD	99,6434	101,6386
2019-05-12	12:00	7196,39	7342	7195,58	7304,31	LONG	0,00167	5982,76	0,00334	HOLD	99,6434	101,8203
2019-05-12	13:00	7304,31	7395,02	7264,02	7356,22	LONG	0,00167	5982,76	0,00334	HOLD	99,6434	101,907
2019-05-12	14:00	7356,23	7513,91	7351	7480,47	LONG	0,00167	5982,76	0,00334	HOLD	99,6434	102,1145
2019-05-12	15:00	7480,47	7521,78	7160	7409,98	LONG	0,00167	5982,76	0,00334	HOLD	99,6434	101,9968
2019-05-12	16:00	7407,79	7509,87	7280	7366,19	LONG	0,00167	5982,76	0,00334	HOLD	99,6434	101,9236
2019-05-12	17:00	7366,01	7444,05	7212,02	7260,77	LONG	0,00167	5982,76	0,00334	HOLD	99,6434	101,7476
2019-05-12	18:00	7260,77	7297,28	6966	7169,23	LONG	0,00167	5982,76	0,00334	HOLD	99,6434	101,5947
2019-05-12	19:00	7162,66	7186,5	7012	7161,43	LONG	0,00167	5982,76	0,00334	HOLD	99,6434	101,5817
2019-05-12	20:00	7162,9	7242	7100	7111,01	LONG	0,00167	5982,76	0,00334	HOLD	99,6434	101,4975
2019-05-12	21:00	7111	7157,07	6886	6922,88	LONG	0,00167	5982,76	0,00334	HOLD	99,6434	101,1833
2019-05-12	22:00	6926,23	7009,98	6750	6839,83	LONG	0,00167	5982,76	0,00334	HOLD	99,6434	101,0446
2019-05-12	23:00	6842,5	6948,97	6795	6818,76	LONG	0,00167	5982,76	0,00334	HOLD	99,6434	101,0094
2019-05-13	00:00	6819,2	6962,48	6819,2	6939,23	LONG	0,00167	5982,76	0,00334	HOLD	99,6434	101,2106
2019-05-13	01:00	6937,71	7088,4	6932,12	7082,98	LONG	0,00167	5982,76	0,00334	HOLD	99,6434	101,4507
2019-05-13	02:00	7084,99	7084,99	6957,26	7032,64	LONG	0,00167	5982,76	0,00334	HOLD	99,6434	101,3666
2019-05-13	03:00	7028,79	7163,48	6985	7161,09	LONG	0,00167	5982,76	0,00334	HOLD	99,6434	101,5811
2019-05-13	04:00	7159,81	7170	7039,65	7153,36	LONG	0,00167	5982,76	0,00334	HOLD	99,6434	101,5682
2019-05-13	05:00	7153,32	7154	6863	6984,79	LONG	0,00167	5982,76	0,00334	HOLD	99,6434	101,2867
2019-05-13	06:00	6983,56	6987,97	6870,04	6967,31	LONG	0,00167	5982,76	0,00334	HOLD	99,6434	101,2575
2019-05-13	07:00	6968,24	7041	6870	7024,45	LONG	0,00167	5982,76	0,00334	HOLD	99,6434	101,3529
2019-05-13	08:00	7024,47	7080	7008,72	7031,58	LONG	0,00167	5982,76	0,00334	HOLD	99,6434	101,3648
2019-05-13	09:00	7031,57	7050	6975	7041,72	LONG	0,00167	5982,76	0,00334	HOLD	99,6434	101,3818
2019-05-13	10:00	7041,37	7076,68	7012,62	7024,14	LONG	0,00167	5982,76	0,00334	HOLD	99,6434	101,3524
2019-05-13	11:00	7024,15	7121	7018	7113,51	LONG	0,00167	5982,76	0,00334	HOLD	99,6434	101,5016
2019-05-13	12:00	7114,77	7170	7035,23	7041,85	LONG	0,00167	5982,76	0,00334	HOLD	99,6434	101,382
2019-05-13	13:00	7041,17	7090,9	7017,62	7074,17	LONG	0,00167	5982,76	0,00334	HOLD	99,6434	101,4359
2019-05-13	14:00	7074,15	7076	6990	7023,98	LONG	0,00167	5982,76	0,00334	HOLD	99,6434	101,3521
2019-05-13	15:00	7026,29	7054,76	6983,91	7027,73	LONG	0,00167	5982,76	0,00334	HOLD	99,6434	101,3584
2019-05-13	16:00	7026,02	7100,3	7025,01	7072,75	LONG	0,00167	5982,76	0,00334	HOLD	99,6434	101,4336
2019-05-13	17:00	7072,46	7094,89	7020,01	7087,01	LONG	0,00167	5982,76	0,00334	HOLD	99,6434	101,4574
2019-05-13	18:00	7087	7294,77	7060	7224,94	LONG	0,00167	5982,76	0,00334	HOLD	99,6434	101,6877
2019-05-13	19:00	7225,24	7319	7202,93	7298,91	LONG	0,00167	5982,76	0,00334	HOLD	99,6434	101,8113
2019-05-13	20:00	7298,91	7375,79	7283,67	7316,55	LONG	0,00167	5982,76	0,00334	HOLD	99,6434	101,8407
2019-05-13	21:00	7315,58	7466	7268,75	7448,67	LONG	0,00167	5982,76	0,00334	HOLD	99,6434	102,0614
2019-05-13	22:00	7446,18	7869,08	7417,44	7771,91	LONG	0,00167	5982,76	0,00334	HOLD	99,6434	102,6012
2019-05-13	23:00	7769,11	7883,95	7662,02	7822,21	LONG	0,00167	5982,76	0,00334	HOLD	99,6434	102,6852
2019-05-14	00:00	7818,38	7880	7700	7762,94	LONG	0,00167	5982,76	0,00334	HOLD	99,6434	102,5862
2019-05-14	01:00	7762,43	7837,52	7725	7803,73	LONG	0,00167	5982,76	0,00334	HOLD	99,6434	102,6543
2019-05-14	02:00	7805,02	7895,99	7740,01	7844,36	LONG	0,00167	5982,76	0,00334	HOLD	99,6434	102,7222
2019-05-14	03:00	7845,84	7870	7750	7824,89	LONG	0,00167	5982,76	0,00334	HOLD	99,6434	102,6897
2019-05-14	04:00	7820,29	8068,98	7819,34	8048,23	LONG	0,00167	5982,76	0,00334	HOLD	99,6434	103,0626
2019-05-14	05:00	8049,45	8100	7806	7880,34	LONG	0,00167	5982,76	0,00334	HOLD	99,6434	102,7823
2019-05-14	06:00	7881,63	7884	7568	7790,71	LONG	0,00167	5982,76	0,00334	HOLD	99,6434	102,6326
2019-05-14	07:00	7795,62	7947,05	7755,79	7864,08	LONG	0,00167	5982,76	0,00334	HOLD	99,6434	102,7551
2019-05-14	08:00	7865,92	8027,85	7859,99	7935,43	LONG	0,00167	5982,76	0,00334	HOLD	99,6434	102,8743
2019-05-14	09:00	7935,41	7948,9	7790,11	7837,91	LONG	0,00167	5982,76	0,00334	HOLD	99,6434	102,7114
2019-05-14	10:00	7836,05	7964,9	7822,78	7928,51	LONG	0,00167	5982,76	0,00334	HOLD	99,6434	102,8627
2019-05-14	11:00	7931	8014,96	7921,95	7967,47	LONG	0,00167	5982,76	0,00334	HOLD	99,6434	102,9278
2019-05-14	12:00	7967,49	8018,96	7900	7920,58	LONG	0,00167	5982,76	0,00334	HOLD	99,6434	102,8495
2019-05-14	13:00	7921,94	8020	7906,14	8019,99	LONG	0,00167	5982,76	0,00334	HOLD	99,6434	103,0155
2019-05-14	14:00	8019,99	8322,31	8019,07	8321,66	LONG	0,00167	5982,76	0,00334	HOLD	99,6434	103,5193
2019-05-14	15:00	8321,66	8366	7910,99	7996,85	LONG	0,00167	5982,76	0,00334	HOLD	99,6434	102,9768
2019-05-14	16:00	7993,1	8143,34	7979,05	8035,48	LONG	0,00167	5982,76	0,00334	HOLD	99,6434	103,0413
2019-05-14	17:00	8035,32	8109,7	7930	8079,39	LONG	0,00167	5982,76	0,00334	HOLD	99,6434	103,1147
2019-05-14	18:00	8078,23	8128	8026	8059,98	LONG	0,00167	5982,76	0,00334	HOLD	99,6434	103,0823
2019-05-14	19:00	8057,18	8205	8054,65	8200	LONG	0,00167	5982,76	0,00334	HOLD	99,6434	103,3161
2019-05-14	20:00	8199,37	8200	8085,91	8145,44	LONG	0,00167	5982,76	0,00334	HOLD	99,6434	103,225
2019-05-14	21:00	8147,86	8175	7935	8055,81	LONG	0,00167	5982,76	0,00334	HOLD	99,6434	103,0753
2019-05-14	22:00	8056,2	8089,23	7935	7950	LONG	0,00167	5982,76	0,00334	HOLD	99,6434	102,8986
2019-05-14	23:00	7950	8022	7766	7996,64	LONG	0,00167	5982,76	0,00334	HOLD	99,6434	102,9765
2019-05-15	00:00	7997,52	8048	7908	8015,17	LONG	0,00167	5982,76	0,00334	HOLD	99,6434	103,0074
2019-05-15	01:00	8016,32	8017	7805	7831,22	LONG	0,00167	5982,76	0,00334	HOLD	99,6434	102,7002
2019-05-15	02:00	7830,91	7834,58	7659,42	7740,75	LONG	0,00167	5982,76	0,00334	HOLD	99,6434	102,5491
2019-05-15	03:00	7738,25	7843,56	7611,11	7705,29	LONG	0,00167	5982,76	0,00334	HOLD	99,6434	102,4899
2019-05-15	04:00	7706,12	7803,99	7599,56	7750,89	LONG	0,00167	5982,76	0,00334	HOLD	99,6434	102,5661
2019-05-15	05:00	7750,95	7930,6	7750,93	7909,54	LONG	0,00167	5982,76	0,00334	HOLD	99,6434	102,831
2019-05-15	06:00	7903,29	7999,99	7830,06	7947,56	LONG	0,00167	5982,76	0,00334	HOLD	99,6434	102,8945
2019-05-15	07:00	7945,26	8116,28	7924,18	7996,1	LONG	0,00167	5982,76	0,00334	HOLD	99,6434	102,9756
2019-05-15	08:00	7994,86	8053,05	7936,78	7979,87	LONG	0,00167	5982,76	0,00334	HOLD	99,6434	102,9485
2019-05-15	09:00	7977,28	7987,64	7883,38	7946,71	LONG	0,00167	5982,76	0,00334	HOLD	99,6434	102,8931
2019-05-15	20:00	7946,71	8047	7850	7961,69	LONG	0,00167	5982,76	0,00334	HOLD	99,6434	102,9181
2019-05-15	21:00	7961,69	7990	7895	7909,58	LONG	0,00167	5982,76	0,00334	HOLD	99,6434	102,8311
2019-05-15	22:00	7913	8000,86	7908,35	7991,95	LONG	0,00167	5982,76	0,00334	HOLD	99,6434	102,9686
2019-05-15	23:00	7993,74	8050	7905,59	7999,95	LONG	0,00167	5982,76	0,00334	HOLD	99,6434	102,982
2019-05-16	00:00	7999,95	8109	7979	8080	LONG	0,00167	5982,76	0,00334	HOLD	99,6434	103,1157
2019-05-16	01:00	8080	8240	8035,17	8215,77	LONG	0,00167	5982,76	0,00334	HOLD	99,6434	103,3424
2019-05-16	02:00	8215,76	8238,87	8056,71	8167	LONG	0,00167	5982,76	0,00334	HOLD	99,6434	103,261
2019-05-16	03:00	8167	8225	8100	8138,87	LONG	0,00167	5982,76	0,00334	HOLD	99,6434	103,214
2019-05-16	04:00	8138,91	8165,6	8044,11	8127,33	LONG	0,00167	5982,76	0,00334	HOLD	99,6434	103,1947
2019-05-16	05:00	8127,33	8184,21	8108,1	8157,14	LONG	0,00167	5982,76	0,00334	HOLD	99,6434	103,2445
2019-05-16	06:00	8155,82	8249	8124,95	8169,87	LONG	0,00167	5982,76	0,00334	HOLD	99,6434	103,2658
2019-05-16	07:00	8169,08	8313,35	8137,68	8287,07	LONG	0,00167	5982,76	0,00334	HOLD	99,6434	103,4615
2019-05-16	08:00	8287,03	8320	8221	8286,15	LONG	0,00167	5982,76	0,00334	HOLD	99,6434	103,46
2019-05-16	09:00	8286,93	8305,84	8231	8293,66	LONG	0,00167	5982,76	0,00334	HOLD	99,6434	103,4725
2019-05-16	10:00	8291,57	8295	8176,47	8233,98	LONG	0,00167	5982,76	0,00334	HOLD	99,6434	103,3728
2019-05-16	11:00	8235	8235	7870,01	7978,83	LONG	0,00167	5982,76	0,00334	HOLD	99,6434	102,9467
2019-05-16	12:00	7979,86	8069,99	7920	8002,09	LONG	0,00167	5982,76	0,00334	HOLD	99,6434	102,9856
2019-05-16	13:00	8002,99	8128,46	7943,36	8120,28	LONG	0,00167	5982,76	0,00334	HOLD	99,6434	103,183
2019-05-16	14:00	8121,45	8128,36	8010	8019,37	LONG	0,00167	5982,76	0,00334	HOLD	99,6434	103,0144
2019-05-16	15:00	8018,61	8079	7989,75	7995,01	LONG	0,00167	5982,76	0,00334	HOLD	99,6434	102,9738
2019-05-16	16:00	7995,02	8070	7950,14	7982,97	LONG	0,00167	5982,76	0,00334	HOLD	99,6434	102,9536
2019-05-16	17:00	7980,79	8011,66	7767	7867,14	LONG	0,00167	5982,76	0,00334	HOLD	99,6434	102,7602
2019-05-16	18:00	7867,75	7950	7844,86	7870	LONG	0,00167	5982,76	0,00334	HOLD	99,6434	102,765
2019-05-16	19:00	7870	7912,8	7725	7789,35	LONG	0,00167	5982,76	0,00334	HOLD	99,6434	102,6303
2019-05-16	20:00	7787,98	7866,66	7780,42	7849,85	LONG	0,00167	5982,76	0,00334	HOLD	99,6434	102,7313
2019-05-16	21:00	7849,81	8008,67	7843,82	7945,94	LONG	0,00167	5982,76	0,00334	HOLD	99,6434	102,8918
2019-05-16	22:00	7950,98	8030,91	7928,59	8006,67	LONG	0,00167	5982,76	0,00334	HOLD	99,6434	102,9932
2019-05-16	23:00	8008,56	8034,69	7903,02	7912,54	LONG	0,00167	5982,76	0,00334	HOLD	99,6434	102,836
2019-05-17	00:00	7912,51	7952,69	7861	7912,05	LONG	0,00167	5982,76	0,00334	HOLD	99,6434	102,8352
2019-05-17	01:00	7911,51	7958	7862,01	7906,44	LONG	0,00167	5982,76	0,00334	HOLD	99,6434	102,8258
2019-05-17	02:00	7906,83	7919,04	7790,02	7858,68	LONG	0,00167	5982,76	0,00334	HOLD	99,6434	102,7461
2019-05-17	03:00	7856,75	7902,99	7710	7714,76	LONG	0,00167	5982,76	0,00334	HOLD	99,6434	102,5057
2019-05-17	04:00	7712,74	7960	7705	7917,64	LONG	0,00167	5982,76	0,00334	HOLD	99,6434	102,8445
2019-05-17	05:00	7917,62	7945	7817	7828,42	LONG	0,00167	5982,76	0,00334	HOLD	99,6434	102,6955
2019-05-17	06:00	7825,13	7886	7811,01	7866,59	LONG	0,00167	5982,76	0,00334	HOLD	99,6434	102,7593
2019-05-17	07:00	7868,67	7925	7857,14	7879,69	LONG	0,00167	5982,76	0,00334	HOLD	99,6434	102,7812
2019-05-17	08:00	7881,58	7882,65	7737	7781,61	LONG	0,00167	5982,76	0,00334	HOLD	99,6434	102,6174
2019-05-17	09:00	7781,64	7810,04	7465,17	7487,37	LONG	0,00167	5982,76	0,00334	HOLD	99,6434	102,126
2019-05-17	10:00	7495,98	7498,89	7000	7344,03	LONG	0,00167	5982,76	0,00334	HOLD	99,6434	101,8866
2019-05-17	11:00	7343,94	7490	7232,8	7279,66	LONG	0,00167	5982,76	0,00334	HOLD	99,6434	101,7791
2019-05-17	12:00	7276,05	7388,26	7190	7206,94	LONG	0,00167	5982,76	0,00334	HOLD	99,6434	101,6577
2019-05-17	13:00	7209,42	7296,2	7150,33	7188,56	LONG	0,00167	5982,76	0,00334	HOLD	99,6434	101,627
2019-05-17	14:00	7190,4	7372,54	7188,57	7298,93	LONG	0,00167	5982,76	0,00334	HOLD	99,6434	101,8113
2019-05-17	15:00	7299,87	7325,54	7238,29	7296,51	LONG	0,00167	5982,76	0,00334	HOLD	99,6434	101,8073
2019-05-17	16:00	7299,51	7321,53	7222,02	7291,99	LONG	0,00167	5982,76	0,00334	HOLD	99,6434	101,7997
2019-05-17	17:00	7292,18	7294,6	7155	7236,77	LONG	0,00167	5982,76	0,00334	HOLD	99,6434	101,7075
2019-05-17	18:00	7238,89	7259,85	7056	7150,19	LONG	0,00167	5982,76	0,00334	HOLD	99,6434	101,5629
2019-05-17	19:00	7154,18	7160,09	6913	7129,08	LONG	0,00167	5982,76	0,00334	HOLD	99,6434	101,5276
2019-05-17	20:00	7128,9	7205	7072,94	7200,29	LONG	0,00167	5982,76	0,00334	HOLD	99,6434	101,6466
2019-05-17	21:00	7204,27	7277	7151,03	7156,32	LONG	0,00167	5982,76	0,00334	HOLD	99,6434	101,5731
2019-05-17	22:00	7159,88	7184,94	7077,47	7094,43	LONG	0,00167	5982,76	0,00334	HOLD	99,6434	101,4698
2019-05-17	23:00	7096,02	7219,94	6980,02	7100,01	LONG	0,00167	5982,76	0,00334	HOLD	99,6434	101,4791
2019-05-18	00:00	7100,9	7140,87	6999	7050,41	LONG	0,00167	5982,76	0,00334	HOLD	99,6434	101,3963
2019-05-18	01:00	7050,56	7118	6986	7102,09	LONG	0,00167	5982,76	0,00334	HOLD	99,6434	101,4826
2019-05-18	02:00	7102,11	7150	7045,1	7136,72	LONG	0,00167	5982,76	0,00334	HOLD	99,6434	101,5404
2019-05-18	03:00	7135,73	7140	7070	7124,6	LONG	0,00167	5982,76	0,00334	HOLD	99,6434	101,5202
2019-05-18	04:00	7124,62	7280	7122	7264,69	LONG	0,00167	5982,76	0,00334	HOLD	99,6434	101,7541
2019-05-18	05:00	7264,64	7308,25	7191	7240,69	LONG	0,00167	5982,76	0,00334	HOLD	99,6434	101,714
2019-05-18	06:00	7240,12	7375	7231,17	7355,26	LONG	0,00167	5982,76	0,00334	HOLD	99,6434	101,9054
2019-05-18	07:00	7355,28	7434,61	7255,05	7284,62	LONG	0,00167	5982,76	0,00334	HOLD	99,6434	101,7874
2019-05-18	08:00	7286,04	7339,57	7227	7259,31	LONG	0,00167	5982,76	0,00334	HOLD	99,6434	101,7451
2019-05-18	09:00	7259,27	7324,11	7256,53	7291,5	LONG	0,00167	5982,76	0,00334	HOLD	99,6434	101,7989
2019-05-18	10:00	7291,62	7372,12	7291,62	7361,3	LONG	0,00167	5982,76	0,00334	HOLD	99,6434	101,9155
2019-05-18	11:00	7358,04	7394,46	7289,35	7390,01	LONG	0,00167	5982,76	0,00334	HOLD	99,6434	101,9634
2019-05-18	12:00	7390,01	7458	7358,86	7412,92	LONG	0,00167	5982,76	0,00334	HOLD	99,6434	102,0017
2019-05-18	13:00	7412,52	7415	7336,46	7358,25	LONG	0,00167	5982,76	0,00334	HOLD	99,6434	101,9104
2019-05-18	14:00	7358,59	7372,83	7279,2	7302,99	LONG	0,00167	5982,76	0,00334	HOLD	99,6434	101,8181
2019-05-18	15:00	7309,01	7374	7298,35	7323,89	LONG	0,00167	5982,76	0,00334	HOLD	99,6434	101,853
2019-05-18	16:00	7322,47	7326,08	7156,61	7279,98	LONG	0,00167	5982,76	0,00334	HOLD	99,6434	101,7797
2019-05-18	17:00	7279,76	7297,98	7237,49	7265,79	LONG	0,00167	5982,76	0,00334	HOLD	99,6434	101,756
2019-05-18	18:00	7265,8	7350	7260,96	7304,51	LONG	0,00167	5982,76	0,00334	HOLD	99,6434	101,8206
2019-05-18	19:00	7305,09	7336,97	7277,09	7300,81	LONG	0,00167	5982,76	0,00334	HOLD	99,6434	101,8144
2019-05-18	20:00	7302,49	7326,52	7256,63	7322,13	LONG	0,00167	5982,76	0,00334	HOLD	99,6434	101,85
2019-05-18	21:00	7322,13	7374,99	7314	7348,66	LONG	0,00167	5982,76	0,00334	HOLD	99,6434	101,8943
2019-05-18	22:00	7352,96	7393,01	7328	7344	LONG	0,00167	5982,76	0,00334	HOLD	99,6434	101,8866
2019-05-18	23:00	7344	7375,22	7314,14	7344,22	LONG	0,00167	5982,76	0,00334	HOLD	99,6434	101,8869
2019-05-19	00:00	7344,18	7347,79	7257,54	7286,6	LONG	0,00167	5982,76	0,00334	HOLD	99,6434	101,7907
2019-05-19	01:00	7286,99	7299,32	7230	7266,84	LONG	0,00167	5982,76	0,00334	HOLD	99,6434	101,7577
2019-05-19	02:00	7266,56	7300	7235,29	7237,98	LONG	0,00167	5982,76	0,00334	HOLD	99,6434	101,7095
2019-05-19	03:00	7237,98	7292	7230	7290,66	LONG	0,00167	5982,76	0,00334	HOLD	99,6434	101,7975
2019-05-19	04:00	7290,58	7339,98	7261,78	7320	LONG	0,00167	5982,76	0,00334	HOLD	99,6434	101,8465
2019-05-19	05:00	7320,33	7343,99	7272,86	7290,75	LONG	0,00167	5982,76	0,00334	HOLD	99,6434	101,7976
2019-05-19	06:00	7291,46	7321,72	7236	7257,45	LONG	0,00167	5982,76	0,00334	HOLD	99,6434	101,742
2019-05-19	07:00	7257,32	7313,4	7243,08	7294,19	LONG	0,00167	5982,76	0,00334	HOLD	99,6434	101,8034
2019-05-19	08:00	7294,82	7619,51	7292,54	7591,71	LONG	0,00167	5982,76	0,00334	HOLD	99,6434	102,3002
2019-05-19	09:00	7592,98	7807,31	7590,64	7676,01	LONG	0,00167	5982,76	0,00334	HOLD	99,6434	102,441
2019-05-19	10:00	7679,94	7931,51	7652	7903,22	LONG	0,00167	5982,76	0,00334	HOLD	99,6434	102,8205
2019-05-19	11:00	7904	7985	7815,97	7950,13	LONG	0,00167	5982,76	0,00334	HOLD	99,6434	102,8988
2019-05-19	12:00	7950,13	7997	7862,84	7896,42	LONG	0,00167	5982,76	0,00334	HOLD	99,6434	102,8091
2019-05-19	13:00	7896,76	7946,64	7881,3	7882,5	LONG	0,00167	5982,76	0,00334	HOLD	99,6434	102,7859
2019-05-19	14:00	7883,88	7959,17	7865,94	7907,22	LONG	0,00167	5982,76	0,00334	HOLD	99,6434	102,8271
2019-05-19	15:00	7909,14	7936,78	7867,65	7922,26	LONG	0,00167	5982,76	0,00334	HOLD	99,6434	102,8523
2019-05-19	16:00	7921,47	8016	7898,12	8015,2	LONG	0,00167	5982,76	0,00334	HOLD	99,6434	103,0075
2019-05-19	17:00	8015,3	8092,9	7963,1	8025	LONG	0,00167	5982,76	0,00334	HOLD	99,6434	103,0238
2019-05-19	18:00	8024,93	8053,55	7932,02	7964,41	LONG	0,00167	5982,76	0,00334	HOLD	99,6434	102,9227
2019-05-19	19:00	7961,72	7991,18	7765	7913,58	LONG	0,00167	5982,76	0,00334	HOLD	99,6434	102,8378
2019-05-19	20:00	7912,74	7946,33	7834,78	7849,05	LONG	0,00167	5982,76	0,00334	HOLD	99,6434	102,73
2019-05-19	21:00	7854,95	7924,99	7849,17	7922,63	LONG	0,00167	5982,76	0,00334	HOLD	99,6434	102,8529
2019-05-19	22:00	7923,52	7982	7871,23	7962,78	LONG	0,00167	5982,76	0,00334	HOLD	99,6434	102,9199
2019-05-19	23:00	7961,19	7966,69	7850,99	7907,4	LONG	0,00167	5982,76	0,00334	HOLD	99,6434	102,8274
2019-05-20	00:00	7906,61	8000,03	7895,35	7969,93	LONG	0,00167	5982,76	0,00334	HOLD	99,6434	102,9319
2019-05-20	01:00	7968,94	7988,25	7937,57	7974,23	LONG	0,00167	5982,76	0,00334	HOLD	99,6434	102,939
2019-05-20	02:00	7974,23	8049	7940	7952,48	LONG	0,00167	5982,76	0,00334	HOLD	99,6434	102,9027
2019-05-20	03:00	7951,7	8020	7892,46	8010,51	LONG	0,00167	5982,76	0,00334	HOLD	99,6434	102,9996
2019-05-20	04:00	8010,96	8065,61	8001,91	8057,33	LONG	0,00167	5982,76	0,00334	HOLD	99,6434	103,0778
2019-05-20	05:00	8058,19	8202,44	7990	8188,72	LONG	0,00167	5982,76	0,00334	HOLD	99,6434	103,2972
2019-05-20	06:00	8188,72	8275,09	8110,02	8148,48	LONG	0,00167	5982,76	0,00334	HOLD	99,6434	103,23
2019-05-20	07:00	8147,94	8156,03	7780	7907,18	LONG	0,00167	5982,76	0,00334	HOLD	99,6434	102,8271
2019-05-20	08:00	7905,91	7986,64	7841,86	7965,15	LONG	0,00167	5982,76	0,00334	HOLD	99,6434	102,9239
2019-05-20	09:00	7965,08	7966,78	7830	7889,32	LONG	0,00167	5982,76	0,00334	HOLD	99,6434	102,7972
2019-05-20	10:00	7889,33	8067,3	7885,85	8030,04	LONG	0,00167	5982,76	0,00334	HOLD	99,6434	103,0323
2019-05-20	11:00	8030,04	8109,81	7984,72	7996	LONG	0,00167	5982,76	0,00334	HOLD	99,6434	102,9754
2019-05-20	12:00	7996	8005,2	7920	7985,82	LONG	0,00167	5982,76	0,00334	HOLD	99,6434	102,9584
2019-05-20	13:00	7985,76	7990,01	7850	7870	LONG	0,00167	5982,76	0,00334	HOLD	99,6434	102,765
2019-05-20	14:00	7870	7966	7829,79	7871,41	LONG	0,00167	5982,76	0,00334	HOLD	99,6434	102,7673
2019-05-20	15:00	7870,01	7894,93	7777,77	7872,05	LONG	0,00167	5982,76	0,00334	HOLD	99,6434	102,7684
2019-05-20	16:00	7870,05	7920	7819,28	7881,12	LONG	0,00167	5982,76	0,00334	HOLD	99,6434	102,7836
2019-05-20	17:00	7882,98	7939,04	7870	7896,52	LONG	0,00167	5982,76	0,00334	HOLD	99,6434	102,8093
2019-05-20	18:00	7896,48	7933,92	7815,87	7835,87	LONG	0,00167	5982,76	0,00334	HOLD	99,6434	102,708
2019-05-20	19:00	7832,5	7896,4	7659,28	7703,58	LONG	0,00167	5982,76	0,00334	HOLD	99,6434	102,4871
2019-05-20	20:00	7702,73	7744,18	7553	7729	LONG	0,00167	5982,76	0,00334	HOLD	99,6434	102,5295
2019-05-20	21:00	7729,9	7807,39	7687,81	7800	LONG	0,00167	5982,76	0,00334	HOLD	99,6434	102,6481
2019-05-20	22:00	7800,1	7839,72	7736,5	7834,51	LONG	0,00167	5982,76	0,00334	HOLD	99,6434	102,7057
2019-05-20	23:00	7833,71	7880,92	7788	7822,95	LONG	0,00167	5982,76	0,00334	HOLD	99,6434	102,6864
2019-05-21	00:00	7822,95	7860	7742,66	7743,48	LONG	0,00167	5982,76	0,00334	HOLD	99,6434	102,5537
2019-05-21	01:00	7744,93	7788,48	7672,78	7718,52	LONG	0,00167	5982,76	0,00334	HOLD	99,6434	102,512
2019-05-21	02:00	7722,11	7835,87	7713,68	7801	LONG	0,00167	5982,76	0,00334	HOLD	99,6434	102,6498
2019-05-21	03:00	7802,09	7975	7778	7956,97	LONG	0,00167	5982,76	0,00334	HOLD	99,6434	102,9102
2019-05-21	04:00	7956,97	8080	7940,16	7983,42	LONG	0,00167	5982,76	0,00334	HOLD	99,6434	102,9544
2019-05-21	05:00	7984,31	8044,1	7851	7871,15	LONG	0,00167	5982,76	0,00334	HOLD	99,6434	102,7669
2019-05-21	06:00	7867,8	7959	7866,87	7938,15	LONG	0,00167	5982,76	0,00334	HOLD	99,6434	102,8788
2019-05-21	07:00	7937,16	7998	7872,45	7892,3	LONG	0,00167	5982,76	0,00334	HOLD	99,6434	102,8022
2019-05-21	08:00	7895,46	7949,93	7860,19	7894,4	LONG	0,00167	5982,76	0,00334	HOLD	99,6434	102,8057
2019-05-21	09:00	7894,74	7896,43	7800	7884,13	LONG	0,00167	5982,76	0,00334	HOLD	99,6434	102,7886
2019-05-21	10:00	7883,33	7930,53	7856,03	7889,07	LONG	0,00167	5982,76	0,00334	HOLD	99,6434	102,7968
2019-05-21	11:00	7889,09	7900	7821,95	7847,6	LONG	0,00167	5982,76	0,00334	HOLD	99,6434	102,7276
2019-05-21	12:00	7847,56	7890	7790,05	7874,94	LONG	0,00167	5982,76	0,00334	HOLD	99,6434	102,7732
2019-05-21	13:00	7874,91	7908,5	7855	7897,73	LONG	0,00167	5982,76	0,00334	HOLD	99,6434	102,8113
2019-05-21	14:00	7897,71	7942	7882,35	7895,06	LONG	0,00167	5982,76	0,00334	HOLD	99,6434	102,8068
2019-05-21	15:00	7895,02	7932,96	7880,11	7897,61	LONG	0,00167	5982,76	0,00334	HOLD	99,6434	102,8111
2019-05-21	16:00	7897,59	7980,9	7895	7936,56	LONG	0,00167	5982,76	0,00334	HOLD	99,6434	102,8761
2019-05-21	17:00	7936,77	7944,42	7858	7890,22	LONG	0,00167	5982,76	0,00334	HOLD	99,6434	102,7988
2019-05-21	18:00	7890,22	7917,61	7771	7848,37	LONG	0,00167	5982,76	0,00334	HOLD	99,6434	102,7289
2019-05-21	19:00	7847,92	7898	7793,38	7866,21	LONG	0,00167	5982,76	0,00334	HOLD	99,6434	102,7587
2019-05-21	20:00	7865,68	7971	7835	7895,06	LONG	0,00167	5982,76	0,00334	HOLD	99,6434	102,8068
2019-05-21	21:00	7893,05	7920	7846,07	7900,8	LONG	0,00167	5982,76	0,00334	HOLD	99,6434	102,8164
2019-05-21	22:00	7904,09	7933,04	7865	7890,49	LONG	0,00167	5982,76	0,00334	HOLD	99,6434	102,7992
2019-05-21	23:00	7890,62	7910	7852,9	7875,76	LONG	0,00167	5982,76	0,00334	HOLD	99,6434	102,7746
2019-05-22	00:00	7875,71	7968	7872,09	7962,55	LONG	0,00167	5982,76	0,00334	HOLD	99,6434	102,9195
2019-05-22	01:00	7960,05	8005,12	7911,11	7971,56	LONG	0,00167	5982,76	0,00334	HOLD	99,6434	102,9346
2019-05-22	02:00	7971,56	7984,67	7928,22	7966,45	LONG	0,00167	5982,76	0,00334	HOLD	99,6434	102,9261
2019-05-22	03:00	7966,44	8035	7957	8022,79	LONG	0,00167	5982,76	0,00334	HOLD	99,6434	103,0201
2019-05-22	04:00	8022,79	8042,32	7916,57	7938,5	LONG	0,00167	5982,76	0,00334	HOLD	99,6434	102,8794
2019-05-22	05:00	7940,25	7947	7865,2	7930	LONG	0,00167	5982,76	0,00334	HOLD	99,6434	102,8652
2019-05-22	06:00	7929,71	7967	7900	7904,87	LONG	0,00167	5982,76	0,00334	HOLD	99,6434	102,8232
2019-05-22	07:00	7904,48	7978,1	7900,02	7972,91	LONG	0,00167	5982,76	0,00334	HOLD	99,6434	102,9368
2019-05-22	08:00	7974,89	7988	7907,97	7912,14	LONG	0,00167	5982,76	0,00334	HOLD	99,6434	102,8354
2019-05-22	09:00	7912,13	7944,98	7882,95	7926,3	LONG	0,00167	5982,76	0,00334	HOLD	99,6434	102,859
2019-05-22	10:00	7926,3	7932,48	7888	7895,17	LONG	0,00167	5982,76	0,00334	HOLD	99,6434	102,807
2019-05-22	11:00	7895,35	7927,96	7830,23	7914,62	LONG	0,00167	5982,76	0,00334	HOLD	99,6434	102,8395
2019-05-22	12:00	7913,51	7936	7890,04	7921,09	LONG	0,00167	5982,76	0,00334	HOLD	99,6434	102,8503
2019-05-22	13:00	7920,07	7930,92	7896,93	7907,03	LONG	0,00167	5982,76	0,00334	HOLD	99,6434	102,8268
2019-05-22	14:00	7907,02	7911,57	7861	7882,22	LONG	0,00167	5982,76	0,00334	HOLD	99,6434	102,7854
2019-05-22	15:00	7881,19	7924,97	7881,05	7902,27	LONG	0,00167	5982,76	0,00334	HOLD	99,6434	102,8189
2019-05-22	16:00	7902,76	7919,3	7850,02	7859	LONG	0,00167	5982,76	0,00334	HOLD	99,6434	102,7466
2019-05-22	17:00	7857,77	7898,94	7835,7	7862,97	LONG	0,00167	5982,76	0,00334	HOLD	99,6434	102,7532
2019-05-22	18:00	7862,96	7862,96	7730	7802,31	LONG	0,00167	5982,76	0,00334	HOLD	99,6434	102,6519
2019-05-22	19:00	7802,95	7853,57	7760	7773,04	LONG	0,00167	5982,76	0,00334	HOLD	99,6434	102,6031
2019-05-22	20:00	7772,67	7859,64	7762,11	7844,59	LONG	0,00167	5982,76	0,00334	HOLD	99,6434	102,7226
2019-05-22	21:00	7847,41	7872,75	7821,25	7858,06	LONG	0,00167	5982,76	0,00334	HOLD	99,6434	102,745
2019-05-22	22:00	7858,48	8016	7830,01	7939,6	LONG	0,00167	5982,76	0,00334	HOLD	99,6434	102,8812
2019-05-22	23:00	7939,96	7948,97	7901,37	7925,39	LONG	0,00167	5982,76	0,00334	HOLD	99,6434	102,8575
2019-05-23	00:00	7925,68	7946,73	7835,48	7880,55	LONG	0,00167	5982,76	0,00334	HOLD	99,6434	102,7826
2019-05-23	01:00	7880,55	7913,76	7842	7907,71	LONG	0,00167	5982,76	0,00334	HOLD	99,6434	102,828
2019-05-23	02:00	7906,9	7907,59	7851	7901,69	LONG	0,00167	5982,76	0,00334	HOLD	99,6434	102,8179
2019-05-23	03:00	7901,2	7917,68	7680	7815,42	LONG	0,00167	5982,76	0,00334	HOLD	99,6434	102,6738
2019-05-23	04:00	7815,42	7827,67	7610	7666,53	LONG	0,00167	5982,76	0,00334	HOLD	99,6434	102,4252
2019-05-23	05:00	7666,53	7749,3	7465	7715,02	LONG	0,00167	5982,76	0,00334	HOLD	99,6434	102,5062
2019-05-23	06:00	7714,04	7730,72	7615	7628,43	LONG	0,00167	5982,76	0,00334	HOLD	99,6434	102,3616
2019-05-23	07:00	7627,8	7650	7533	7636,28	LONG	0,00167	5982,76	0,00334	HOLD	99,6434	102,3747
2019-05-23	08:00	7636,3	7681,7	7568,01	7620,76	LONG	0,00167	5982,76	0,00334	HOLD	99,6434	102,3488
2019-05-23	09:00	7619,18	7685,6	7595,2	7654,96	LONG	0,00167	5982,76	0,00334	HOLD	99,6434	102,4059
2019-05-23	10:00	7654,09	7668,79	7614	7660,98	LONG	0,00167	5982,76	0,00334	HOLD	99,6434	102,4159
2019-05-23	11:00	7661,45	7683,52	7630	7660,6	LONG	0,00167	5982,76	0,00334	HOLD	99,6434	102,4153
2019-05-23	12:00	7660,98	7665,8	7565,69	7616,81	LONG	0,00167	5982,76	0,00334	HOLD	99,6434	102,3422
2019-05-23	13:00	7614,81	7643,26	7547,33	7635,3	LONG	0,00167	5982,76	0,00334	HOLD	99,6434	102,373
2019-05-23	14:00	7635,29	7643,25	7575	7587,89	LONG	0,00167	5982,76	0,00334	HOLD	99,6434	102,2939
2019-05-23	15:00	7587,88	7590,99	7535,76	7553,34	LONG	0,00167	5982,76	0,00334	HOLD	99,6434	102,2362
2019-05-23	16:00	7553,25	7590,79	7461	7589,53	LONG	0,00167	5982,76	0,00334	HOLD	99,6434	102,2966
2019-05-23	17:00	7590,38	7640	7564,4	7627,42	LONG	0,00167	5982,76	0,00334	HOLD	99,6434	102,3599
2019-05-23	18:00	7626,7	7645	7583,86	7589,1	LONG	0,00167	5982,76	0,00334	HOLD	99,6434	102,2959
2019-05-23	19:00	7588,04	7638,28	7552,53	7629,63	LONG	0,00167	5982,76	0,00334	HOLD	99,6434	102,3636
2019-05-23	20:00	7629,57	7688,8	7615,26	7658,96	LONG	0,00167	5982,76	0,00334	HOLD	99,6434	102,4125
2019-05-23	21:00	7658,97	7735,18	7655,17	7720,04	LONG	0,00167	5982,76	0,00334	HOLD	99,6434	102,5146
2019-05-23	22:00	7720,04	7808,88	7717,47	7754,09	LONG	0,00167	5982,76	0,00334	HOLD	99,6434	102,5714
2019-05-23	23:00	7754,07	7844,95	7750,69	7805,66	LONG	0,00167	5982,76	0,00334	HOLD	99,6434	102,6575
2019-05-24	00:00	7804,18	7849	7730,71	7757,33	LONG	0,00167	5982,76	0,00334	HOLD	99,6434	102,5768
2019-05-24	01:00	7757,47	7798	7732,94	7749,67	LONG	0,00167	5982,76	0,00334	HOLD	99,6434	102,564
2019-05-24	02:00	7749,67	7779	7702	7759,18	LONG	0,00167	5982,76	0,00334	HOLD	99,6434	102,5799
2019-05-24	03:00	7759,16	7846,21	7745,7	7842,64	LONG	0,00167	5982,76	0,00334	HOLD	99,6434	102,7193
2019-05-24	04:00	7842,72	7920	7790,74	7884,77	LONG	0,00167	5982,76	0,00334	HOLD	99,6434	102,7897
2019-05-24	05:00	7884,63	7940,98	7847,08	7868,73	LONG	0,00167	5982,76	0,00334	HOLD	99,6434	102,7629
2019-05-24	06:00	7871,46	7908	7816	7851,51	LONG	0,00167	5982,76	0,00334	HOLD	99,6434	102,7341
2019-05-24	07:00	7849,95	7867,09	7803,39	7860,4	LONG	0,00167	5982,76	0,00334	HOLD	99,6434	102,749
2019-05-24	08:00	7859,81	7910	7822,9	7837,82	LONG	0,00167	5982,76	0,00334	HOLD	99,6434	102,7112
2019-05-24	09:00	7837,81	7859,67	7808,6	7828,42	LONG	0,00167	5982,76	0,00334	HOLD	99,6434	102,6955
2019-05-24	10:00	7828,53	7865	7800	7847,08	LONG	0,00167	5982,76	0,00334	HOLD	99,6434	102,7267
2019-05-24	11:00	7848,13	7865,95	7806,43	7816,72	LONG	0,00167	5982,76	0,00334	HOLD	99,6434	102,676
2019-05-24	12:00	7817,25	7823,19	7766	7817,21	LONG	0,00167	5982,76	0,00334	HOLD	99,6434	102,6768
2019-05-24	13:00	7818,37	7857,15	7788,79	7852,15	LONG	0,00167	5982,76	0,00334	HOLD	99,6434	102,7352
2019-05-24	14:00	7850,38	7880	7827,8	7852,27	LONG	0,00167	5982,76	0,00334	HOLD	99,6434	102,7354
2019-05-24	15:00	7853,13	7975,98	7849,84	7925,01	LONG	0,00167	5982,76	0,00334	HOLD	99,6434	102,8569
2019-05-24	16:00	7925,01	7951,99	7886,41	7920,75	LONG	0,00167	5982,76	0,00334	HOLD	99,6434	102,8497
2019-05-24	17:00	7923,84	7980	7906,21	7933	LONG	0,00167	5982,76	0,00334	HOLD	99,6434	102,8702
2019-05-24	18:00	7933	8000	7920	7977,95	LONG	0,00167	5982,76	0,00334	HOLD	99,6434	102,9453
2019-05-24	19:00	7978,65	7994,39	7940,44	7986,06	LONG	0,00167	5982,76	0,00334	HOLD	99,6434	102,9588
2019-05-24	20:00	7988,06	7989,5	7918,99	7933,22	LONG	0,00167	5982,76	0,00334	HOLD	99,6434	102,8706
2019-05-24	21:00	7931,03	8000	7926,31	7999,98	LONG	0,00167	5982,76	0,00334	HOLD	99,6434	102,9821
2019-05-24	22:00	7997,01	8094	7994,84	8046,06	LONG	0,00167	5982,76	0,00334	HOLD	99,6434	103,059
2019-05-24	23:00	8047,79	8130	8020	8030	LONG	0,00167	5982,76	0,00334	HOLD	99,6434	103,0322
2019-05-25	00:00	8030	8050	7980,02	8015,52	LONG	0,00167	5982,76	0,00334	HOLD	99,6434	103,008
2019-05-25	01:00	8015,52	8055,27	8006,03	8022,39	LONG	0,00167	5982,76	0,00334	HOLD	99,6434	103,0195
2019-05-25	02:00	8020,01	8030	7960,34	8023,88	LONG	0,00167	5982,76	0,00334	HOLD	99,6434	103,022
2019-05-25	03:00	8023,9	8075,59	8006,31	8075,3	LONG	0,00167	5982,76	0,00334	HOLD	99,6434	103,1078
2019-05-25	04:00	8075,3	8096,74	8010	8020	LONG	0,00167	5982,76	0,00334	HOLD	99,6434	103,0155
2019-05-25	05:00	8018,86	8073,33	8000	8010,6	LONG	0,00167	5982,76	0,00334	HOLD	99,6434	102,9998
2019-05-25	06:00	8010,64	8011,76	7892	7964,87	LONG	0,00167	5982,76	0,00334	HOLD	99,6434	102,9234
2019-05-25	07:00	7964,52	7996	7930	7968,98	LONG	0,00167	5982,76	0,00334	HOLD	99,6434	102,9303
2019-05-25	08:00	7968,94	8033,48	7957,06	8011,85	LONG	0,00167	5982,76	0,00334	HOLD	99,6434	103,0019
2019-05-25	09:00	8010,81	8012,87	7970,67	8007,18	LONG	0,00167	5982,76	0,00334	HOLD	99,6434	102,9941
2019-05-25	10:00	8007,39	8021,54	7965	7975,29	LONG	0,00167	5982,76	0,00334	HOLD	99,6434	102,9408
2019-05-25	11:00	7976,96	8016,83	7972,76	7984,73	LONG	0,00167	5982,76	0,00334	HOLD	99,6434	102,9566
2019-05-25	12:00	7985,78	7985,81	7915,57	7933,98	LONG	0,00167	5982,76	0,00334	HOLD	99,6434	102,8718
2019-05-25	13:00	7933,96	7974,2	7908,34	7934,42	LONG	0,00167	5982,76	0,00334	HOLD	99,6434	102,8726
2019-05-25	14:00	7934,41	7961,99	7910	7958,93	LONG	0,00167	5982,76	0,00334	HOLD	99,6434	102,9135
2019-05-25	15:00	7958,62	8009,09	7935,89	8002,36	LONG	0,00167	5982,76	0,00334	HOLD	99,6434	102,986
2019-05-25	16:00	8002,77	8049,87	7973,73	8045,18	LONG	0,00167	5982,76	0,00334	HOLD	99,6434	103,0575
2019-05-25	17:00	8045,21	8080,66	8019,44	8049,25	LONG	0,00167	5982,76	0,00334	HOLD	99,6434	103,0643
2019-05-25	18:00	8049,27	8091,8	8028,46	8044,02	LONG	0,00167	5982,76	0,00334	HOLD	99,6434	103,0556
2019-05-25	19:00	8044,02	8065,98	7997,83	8046,99	LONG	0,00167	5982,76	0,00334	HOLD	99,6434	103,0606
2019-05-25	20:00	8048,51	8052,43	7975	8004,29	LONG	0,00167	5982,76	0,00334	HOLD	99,6434	102,9892
2019-05-25	21:00	8003,21	8030	7965,22	8030	LONG	0,00167	5982,76	0,00334	HOLD	99,6434	103,0322
2019-05-25	22:00	8030	8053,77	8003,76	8017,39	LONG	0,00167	5982,76	0,00334	HOLD	99,6434	103,0111
2019-05-25	23:00	8017,39	8034,87	7971	8005,51	LONG	0,00167	5982,76	0,00334	HOLD	99,6434	102,9913
2019-05-26	00:00	8002,07	8020	7970	8007,85	LONG	0,00167	5982,76	0,00334	HOLD	99,6434	102,9952
2019-05-26	01:00	8008,86	8057,11	7970	7993,42	LONG	0,00167	5982,76	0,00334	HOLD	99,6434	102,9711
2019-05-26	02:00	7994,68	7998,87	7939	7967,77	LONG	0,00167	5982,76	0,00334	HOLD	99,6434	102,9283
2019-05-26	03:00	7970,5	8025,98	7968,29	8002,24	LONG	0,00167	5982,76	0,00334	HOLD	99,6434	102,9858
2019-05-26	04:00	8001,72	8038,07	8000,98	8010	LONG	0,00167	5982,76	0,00334	HOLD	99,6434	102,9988
2019-05-26	05:00	8010,46	8050	8007,22	8050	LONG	0,00167	5982,76	0,00334	HOLD	99,6434	103,0656
2019-05-26	06:00	8049,03	8052,6	7995,99	8025,41	LONG	0,00167	5982,76	0,00334	HOLD	99,6434	103,0245
2019-05-26	07:00	8023	8047,5	8013,6	8020,02	LONG	0,00167	5982,76	0,00334	HOLD	99,6434	103,0155
2019-05-26	08:00	8020,76	8027,5	7988	8004,06	LONG	0,00167	5982,76	0,00334	HOLD	99,6434	102,9889
2019-05-26	09:00	8003,82	8036,28	7960,43	7979,38	LONG	0,00167	5982,76	0,00334	HOLD	99,6434	102,9476
2019-05-26	10:00	7980,52	8007,54	7952,48	7965	LONG	0,00167	5982,76	0,00334	HOLD	99,6434	102,9236
2019-05-26	11:00	7964,85	8008,68	7925	7989,81	LONG	0,00167	5982,76	0,00334	HOLD	99,6434	102,9651
2019-05-26	12:00	7990,86	8000,04	7941,17	7964,98	LONG	0,00167	5982,76	0,00334	HOLD	99,6434	102,9236
2019-05-26	13:00	7966,54	7986,67	7919,64	7970,1	LONG	0,00167	5982,76	0,00334	HOLD	99,6434	102,9322
2019-05-26	14:00	7969,77	8003	7940,01	7969,79	LONG	0,00167	5982,76	0,00334	HOLD	99,6434	102,9316
2019-05-26	15:00	7969,78	7988,37	7958,66	7980,73	LONG	0,00167	5982,76	0,00334	HOLD	99,6434	102,9499
2019-05-26	16:00	7982,15	7997,85	7960,63	7963,87	LONG	0,00167	5982,76	0,00334	HOLD	99,6434	102,9217
2019-05-26	17:00	7963,55	7973,93	7924,51	7955,88	LONG	0,00167	5982,76	0,00334	HOLD	99,6434	102,9084
2019-05-26	18:00	7955,88	7962	7833,42	7907,98	LONG	0,00167	5982,76	0,00334	HOLD	99,6434	102,8284
2019-05-26	19:00	7908,16	7946,89	7863,48	7928,4	LONG	0,00167	5982,76	0,00334	HOLD	99,6434	102,8625
2019-05-26	20:00	7928,42	7981,79	7895,25	7967,11	LONG	0,00167	5982,76	0,00334	HOLD	99,6434	102,9272
2019-05-26	21:00	7969,62	7986,98	7952,18	7980,86	LONG	0,00167	5982,76	0,00334	HOLD	99,6434	102,9501
2019-05-26	22:00	7980,88	7994	7943,72	7983,18	LONG	0,00167	5982,76	0,00334	HOLD	99,6434	102,954
2019-05-26	23:00	7983,18	7989,25	7940,5	7967,93	LONG	0,00167	5982,76	0,00334	HOLD	99,6434	102,9285
2019-05-27	00:00	7967,93	8000	7950	7962,66	LONG	0,00167	5982,76	0,00334	HOLD	99,6434	102,9197
2019-05-27	01:00	7962,36	8000	7959,46	7990,2	LONG	0,00167	5982,76	0,00334	HOLD	99,6434	102,9657
2019-05-27	02:00	7990,2	8499	7990,2	8480	LONG	0,00167	5982,76	0,00334	HOLD	99,6434	103,7837
2019-05-27	03:00	8480	8677,77	8418,9	8482,02	LONG	0,00167	5982,76	0,00334	HOLD	99,6434	103,7871
2019-05-27	04:00	8487,22	8609,04	8450,1	8575,64	LONG	0,00167	5982,76	0,00334	HOLD	99,6434	103,9434
2019-05-27	05:00	8574,13	8740	8545,18	8595,95	LONG	0,00167	5982,76	0,00334	HOLD	99,6434	103,9773
2019-05-27	06:00	8591,21	8676,6	8562	8614,43	LONG	0,00167	5982,76	0,00334	HOLD	99,6434	104,0082
2019-05-27	07:00	8612,54	8823	8612,17	8777,16	LONG	0,00167	5982,76	0,00334	HOLD	99,6434	104,2799
2019-05-27	08:00	8780,39	8842,57	8698,61	8732,52	LONG	0,00167	5982,76	0,00334	HOLD	99,6434	104,2054
2019-05-27	09:00	8732,53	8744,96	8589	8640,01	LONG	0,00167	5982,76	0,00334	HOLD	99,6434	104,0509
2019-05-27	10:00	8643,72	8707,37	8630,98	8664,56	LONG	0,00167	5982,76	0,00334	HOLD	99,6434	104,0919
2019-05-27	11:00	8662,96	8670	8590	8624	LONG	0,00167	5982,76	0,00334	HOLD	99,6434	104,0242
2019-05-27	12:00	8624	8665	8605,01	8649,32	LONG	0,00167	5982,76	0,00334	HOLD	99,6434	104,0664
2019-05-27	13:00	8649,32	8690	8639,04	8683,52	LONG	0,00167	5982,76	0,00334	HOLD	99,6434	104,1236
2019-05-27	14:00	8683,25	8735,14	8680,23	8696,03	LONG	0,00167	5982,76	0,00334	HOLD	99,6434	104,1445
2019-05-27	15:00	8694,83	8698,83	8640,01	8652,39	LONG	0,00167	5982,76	0,00334	HOLD	99,6434	104,0716
2019-05-27	16:00	8653,47	8699	8650,21	8686,66	LONG	0,00167	5982,76	0,00334	HOLD	99,6434	104,1288
2019-05-27	17:00	8688,12	8710	8655	8706,43	LONG	0,00167	5982,76	0,00334	HOLD	99,6434	104,1618
2019-05-27	18:00	8704,2	8706,38	8645	8686,99	LONG	0,00167	5982,76	0,00334	HOLD	99,6434	104,1294
2019-05-27	19:00	8686,99	8800,14	8685,95	8779,48	LONG	0,00167	5982,76	0,00334	HOLD	99,6434	104,2838
2019-05-27	20:00	8781,3	8808,77	8739,31	8764,36	LONG	0,00167	5982,76	0,00334	HOLD	99,6434	104,2586
2019-05-27	21:00	8764,35	8794,85	8730,33	8761,87	LONG	0,00167	5982,76	0,00334	HOLD	99,6434	104,2544
2019-05-27	22:00	8761,87	8882,61	8757,72	8799	LONG	0,00167	5982,76	0,00334	HOLD	99,6434	104,3164
2019-05-27	23:00	8798,96	8908,32	8600	8645,42	LONG	0,00167	5982,76	0,00334	HOLD	99,6434	104,0599
2019-05-28	00:00	8645,59	8728,72	8600	8633	LONG	0,00167	5982,76	0,00334	HOLD	99,6434	104,0392
2019-05-28	01:00	8632,97	8769,76	8613,07	8746,03	LONG	0,00167	5982,76	0,00334	HOLD	99,6434	104,228
2019-05-28	02:00	8745,84	8776	8722,5	8762,57	LONG	0,00167	5982,76	0,00334	HOLD	99,6434	104,2556
2019-05-28	03:00	8761	8796,85	8660	8710,35	LONG	0,00167	5982,76	0,00334	HOLD	99,6434	104,1684
2019-05-28	04:00	8710,24	8777,77	8680,01	8767,95	LONG	0,00167	5982,76	0,00334	HOLD	99,6434	104,2646
2019-05-28	05:00	8765,05	8769,44	8708,52	8763,68	LONG	0,00167	5982,76	0,00334	HOLD	99,6434	104,2574
2019-05-28	06:00	8763,68	8823,52	8735	8756,32	LONG	0,00167	5982,76	0,00334	HOLD	99,6434	104,2451
2019-05-28	07:00	8752,52	8798,49	8716,32	8728,88	LONG	0,00167	5982,76	0,00334	HOLD	99,6434	104,1993
2019-05-28	08:00	8726,62	8785	8717,3	8765,38	LONG	0,00167	5982,76	0,00334	HOLD	99,6434	104,2603
2019-05-28	09:00	8767,43	8787,56	8750	8772,81	LONG	0,00167	5982,76	0,00334	HOLD	99,6434	104,2727
2019-05-28	10:00	8772,81	8773,16	8730	8763,31	LONG	0,00167	5982,76	0,00334	HOLD	99,6434	104,2568
2019-05-28	11:00	8761,23	8783	8745,99	8749,77	LONG	0,00167	5982,76	0,00334	HOLD	99,6434	104,2342
2019-05-28	12:00	8747,02	8765,38	8674,17	8717,58	LONG	0,00167	5982,76	0,00334	HOLD	99,6434	104,1804
2019-05-28	13:00	8717,58	8726,87	8625	8679,46	LONG	0,00167	5982,76	0,00334	HOLD	99,6434	104,1168
2019-05-28	14:00	8678,15	8725	8640	8721,54	LONG	0,00167	5982,76	0,00334	HOLD	99,6434	104,1871
2019-05-28	15:00	8721,54	8724,29	8680,02	8710,25	LONG	0,00167	5982,76	0,00334	HOLD	99,6434	104,1682
2019-05-28	16:00	8710,74	8743,85	8692,54	8711,43	LONG	0,00167	5982,76	0,00334	HOLD	99,6434	104,1702
2019-05-28	17:00	8712,89	8718,8	8647,1	8683,12	LONG	0,00167	5982,76	0,00334	HOLD	99,6434	104,1229
2019-05-28	18:00	8683,12	8743	8668,8	8734,36	LONG	0,00167	5982,76	0,00334	HOLD	99,6434	104,2085
2019-05-28	19:00	8734,35	8756,95	8685,31	8695,15	LONG	0,00167	5982,76	0,00334	HOLD	99,6434	104,143
2019-05-28	20:00	8693,2	8720	8510,63	8644,44	LONG	0,00167	5982,76	0,00334	HOLD	99,6434	104,0583
2019-05-28	21:00	8643,34	8690,03	8632,33	8685,8	LONG	0,00167	5982,76	0,00334	HOLD	99,6434	104,1274
2019-05-28	22:00	8685,62	8697,54	8658,52	8684,17	LONG	0,00167	5982,76	0,00334	HOLD	99,6434	104,1246
2019-05-28	23:00	8684,78	8686,4	8617,02	8654,13	LONG	0,00167	5982,76	0,00334	HOLD	99,6434	104,0745
2019-05-29	00:00	8650,46	8790	8645,02	8731,19	LONG	0,00167	5982,76	0,00334	HOLD	99,6434	104,2032
2019-05-29	01:00	8731,03	8755,08	8691,62	8728,78	LONG	0,00167	5982,76	0,00334	HOLD	99,6434	104,1991
2019-05-29	02:00	8727,67	8774,25	8630	8689,64	LONG	0,00167	5982,76	0,00334	HOLD	99,6434	104,1338
2019-05-29	03:00	8689,66	8720,98	8675	8692,61	LONG	0,00167	5982,76	0,00334	HOLD	99,6434	104,1387
2019-05-29	04:00	8692,39	8716,99	8656,85	8716,53	LONG	0,00167	5982,76	0,00334	HOLD	99,6434	104,1787
2019-05-29	05:00	8710,39	8739	8681,89	8709,58	LONG	0,00167	5982,76	0,00334	HOLD	99,6434	104,1671
2019-05-29	06:00	8710,62	8740	8682,37	8715,64	LONG	0,00167	5982,76	0,00334	HOLD	99,6434	104,1772
2019-05-29	07:00	8716,87	8716,87	8651	8679,67	LONG	0,00167	5982,76	0,00334	HOLD	99,6434	104,1171
2019-05-29	08:00	8679,69	8710	8650,03	8655,67	LONG	0,00167	5982,76	0,00334	HOLD	99,6434	104,0771
2019-05-29	09:00	8655,87	8669,59	8611	8643,93	LONG	0,00167	5982,76	0,00334	HOLD	99,6434	104,0574
2019-05-29	10:00	8643,91	8670	8620	8646,01	LONG	0,00167	5982,76	0,00334	HOLD	99,6434	104,0609
2019-05-29	11:00	8643,82	8661,1	8525	8572,45	LONG	0,00167	5982,76	0,00334	HOLD	99,6434	103,9381
2019-05-29	12:00	8574,56	8588,06	8406,6	8454,28	LONG	0,00167	5982,76	0,00334	HOLD	99,6434	103,7407
2019-05-29	13:00	8454,21	8543,98	8435	8503,77	LONG	0,00167	5982,76	0,00334	HOLD	99,6434	103,8234
2019-05-29	14:00	8503,45	8577,74	8500	8547	LONG	0,00167	5982,76	0,00334	HOLD	99,6434	103,8956
2019-05-29	15:00	8548,31	8633,62	8527,23	8599,05	LONG	0,00167	5982,76	0,00334	HOLD	99,6434	103,9825
2019-05-29	16:00	8599,06	8639,98	8568,02	8629,58	LONG	0,00167	5982,76	0,00334	HOLD	99,6434	104,0335
2019-05-29	17:00	8634,64	8687,55	8618,3	8659,57	LONG	0,00167	5982,76	0,00334	HOLD	99,6434	104,0836
2019-05-29	18:00	8659,35	8666,94	8609,47	8621	LONG	0,00167	5982,76	0,00334	HOLD	99,6434	104,0192
2019-05-29	19:00	8621	8650,25	8610,99	8640	LONG	0,00167	5982,76	0,00334	HOLD	99,6434	104,0509
2019-05-29	20:00	8640	8750	8624,32	8718,36	LONG	0,00167	5982,76	0,00334	HOLD	99,6434	104,1817
2019-05-29	21:00	8718,52	8750	8674,97	8684,32	LONG	0,00167	5982,76	0,00334	HOLD	99,6434	104,1249
2019-05-29	22:00	8685,29	8718,97	8654,13	8681,21	LONG	0,00167	5982,76	0,00334	HOLD	99,6434	104,1197
2019-05-29	23:00	8683,97	8726,99	8628	8705,94	LONG	0,00167	5982,76	0,00334	HOLD	99,6434	104,161
2019-05-30	00:00	8705,96	8720	8651,64	8664,98	LONG	0,00167	5982,76	0,00334	HOLD	99,6434	104,0926
2019-05-30	01:00	8664,98	8685,55	8640	8661,39	LONG	0,00167	5982,76	0,00334	HOLD	99,6434	104,0866
2019-05-30	02:00	8661,39	8693,93	8653,69	8677,51	LONG	0,00167	5982,76	0,00334	HOLD	99,6434	104,1135
2019-05-30	03:00	8677,5	8700	8601	8634,04	LONG	0,00167	5982,76	0,00334	HOLD	99,6434	104,0409
2019-05-30	04:00	8634,99	8670,48	8620,05	8638,66	LONG	0,00167	5982,76	0,00334	HOLD	99,6434	104,0486
2019-05-30	05:00	8638,66	8688,59	8635,44	8656	LONG	0,00167	5982,76	0,00334	HOLD	99,6434	104,0776
2019-05-30	06:00	8657,06	8674	8604,26	8645,68	LONG	0,00167	5982,76	0,00334	HOLD	99,6434	104,0604
2019-05-30	07:00	8646,5	8673,41	8590	8672,09	LONG	0,00167	5982,76	0,00334	HOLD	99,6434	104,1045
2019-05-30	08:00	8672,08	8718,71	8550,81	8621,88	LONG	0,00167	5982,76	0,00334	HOLD	99,6434	104,0206
2019-05-30	09:00	8621,79	8622,36	8541,33	8592,23	LONG	0,00167	5982,76	0,00334	HOLD	99,6434	103,9711
2019-05-30	10:00	8593,35	8692,48	8584,6	8672,47	LONG	0,00167	5982,76	0,00334	HOLD	99,6434	104,1051
2019-05-30	11:00	8675,39	8693,06	8653,74	8678	LONG	0,00167	5982,76	0,00334	HOLD	99,6434	104,1143
2019-05-30	12:00	8677,94	8757,33	8677,03	8705,52	LONG	0,00167	5982,76	0,00334	HOLD	99,6434	104,1603
2019-05-30	13:00	8705,01	8739,1	8691,39	8700	LONG	0,00167	5982,76	0,00334	HOLD	99,6434	104,1511
2019-05-30	14:00	8700	8723,06	8676,07	8696,71	LONG	0,00167	5982,76	0,00334	HOLD	99,6434	104,1456
2019-05-30	15:00	8699,1	8719,4	8660	8701,15	LONG	0,00167	5982,76	0,00334	HOLD	99,6434	104,153
2019-05-30	16:00	8701,17	8719,4	8672,99	8713,59	LONG	0,00167	5982,76	0,00334	HOLD	99,6434	104,1738
2019-05-30	17:00	8713,56	8775	8705,04	8722,73	LONG	0,00167	5982,76	0,00334	HOLD	99,6434	104,189
2019-05-30	18:00	8722,73	8759,31	8720	8724,75	LONG	0,00167	5982,76	0,00334	HOLD	99,6434	104,1924
2019-05-30	19:00	8724,54	8742	8680	8713,78	LONG	0,00167	5982,76	0,00334	HOLD	99,6434	104,1741
2019-05-30	20:00	8713,47	8745,26	8703,04	8706	LONG	0,00167	5982,76	0,00334	HOLD	99,6434	104,1611
2019-05-30	21:00	8706	8728,96	8691,54	8707,91	LONG	0,00167	5982,76	0,00334	HOLD	99,6434	104,1643
2019-05-30	22:00	8705,42	8942,05	8705,42	8941,25	LONG	0,00167	5982,76	0,00334	HOLD	99,6434	104,554
2019-05-30	23:00	8941,25	9074,26	8609,56	8645	LONG	0,00167	5982,76	0,00334	HOLD	99,6434	104,0592
2019-05-31	00:00	8645	8659,76	8513,38	8600,46	LONG	0,00167	5982,76	0,00334	HOLD	99,6434	103,9849
2019-05-31	01:00	8600,2	8656,55	8565,3	8652,27	LONG	0,00167	5982,76	0,00334	HOLD	99,6434	104,0714
2019-05-31	02:00	8652,28	8667,17	8560,9	8620,22	LONG	0,00167	5982,76	0,00334	HOLD	99,6434	104,0179
2019-05-31	03:00	8620,21	8621,98	8400	8462,73	LONG	0,00167	5982,76	0,00334	HOLD	99,6434	103,7548
2019-05-31	04:00	8463,72	8495,58	8005	8211,63	LONG	0,00167	5982,76	0,00334	HOLD	99,6434	103,3355
2019-05-31	05:00	8210,06	8320,86	8166,64	8261,86	LONG	0,00167	5982,76	0,00334	HOLD	99,6434	103,4194
2019-05-31	06:00	8263,96	8315	8202,46	8269,54	LONG	0,00167	5982,76	0,00334	HOLD	99,6434	103,4322
2019-05-31	07:00	8267,1	8338	8260	8309,34	LONG	0,00167	5982,76	0,00334	HOLD	99,6434	103,4987
2019-05-31	08:00	8307,45	8388	8303,16	8342,09	LONG	0,00167	5982,76	0,00334	HOLD	99,6434	103,5534
2019-05-31	09:00	8345,15	8357,99	8274,04	8291,83	LONG	0,00167	5982,76	0,00334	HOLD	99,6434	103,4694
2019-05-31	10:00	8293,25	8298,91	8200	8263,84	LONG	0,00167	5982,76	0,00334	HOLD	99,6434	103,4227
2019-05-31	11:00	8263,84	8289,1	8137,21	8155,67	LONG	0,00167	5982,76	0,00334	HOLD	99,6434	103,2421
2019-05-31	12:00	8153,3	8266,39	8108,5	8247,62	LONG	0,00167	5982,76	0,00334	HOLD	99,6434	103,3956
2019-05-31	13:00	8247,62	8310	8245,81	8302,92	LONG	0,00167	5982,76	0,00334	HOLD	99,6434	103,488
2019-05-31	14:00	8301,65	8320,12	8233,78	8311,72	LONG	0,00167	5982,76	0,00334	HOLD	99,6434	103,5027
2019-05-31	15:00	8311,72	8338,59	8275,62	8290,48	LONG	0,00167	5982,76	0,00334	HOLD	99,6434	103,4672
2019-05-31	16:00	8290,48	8342,97	8290,48	8309,9	LONG	0,00167	5982,76	0,00334	HOLD	99,6434	103,4996
2019-05-31	17:00	8309,9	8360,3	8279	8306,22	LONG	0,00167	5982,76	0,00334	HOLD	99,6434	103,4935
2019-05-31	18:00	8305,36	8305,53	8226,18	8284,46	LONG	0,00167	5982,76	0,00334	HOLD	99,6434	103,4571
2019-05-31	19:00	8284,09	8340	8268,85	8333,86	LONG	0,00167	5982,76	0,00334	HOLD	99,6434	103,5396
2019-05-31	20:00	8332,77	8444,44	8332,77	8413,45	LONG	0,00167	5982,76	0,00334	HOLD	99,6434	103,6725
2019-05-31	21:00	8413,52	8459,41	8360,01	8413,33	LONG	0,00167	5982,76	0,00334	HOLD	99,6434	103,6723
2019-05-31	22:00	8413,33	8439,76	8300	8349,52	LONG	0,00167	5982,76	0,00334	HOLD	99,6434	103,5658
2019-05-31	23:00	8348,72	8445	8288,92	8380	LONG	0,00167	5982,76	0,00334	HOLD	99,6434	103,6167
2019-06-01	00:00	8380	8438,34	8358,58	8400,44	LONG	0,00167	5982,76	0,00334	HOLD	99,6434	103,6508
2019-06-01	01:00	8398,66	8474,97	8381,74	8404,05	LONG	0,00167	5982,76	0,00334	HOLD	99,6434	103,6568
2019-06-01	02:00	8405,93	8450	8393,39	8442,75	LONG	0,00167	5982,76	0,00334	HOLD	99,6434	103,7215
2019-06-01	03:00	8444,72	8518,43	8420,03	8506,24	LONG	0,00167	5982,76	0,00334	HOLD	99,6434	103,8275
2019-06-01	04:00	8505,36	8552,49	8486,01	8532,02	LONG	0,00167	5982,76	0,00334	HOLD	99,6434	103,8706
2019-06-01	05:00	8532	8533	8472,75	8513,84	LONG	0,00167	5982,76	0,00334	HOLD	99,6434	103,8402
2019-06-01	06:00	8513,73	8594	8510,53	8555	LONG	0,00167	5982,76	0,00334	HOLD	99,6434	103,9089
2019-06-01	07:00	8555	8591,83	8491,52	8585,99	LONG	0,00167	5982,76	0,00334	HOLD	99,6434	103,9607
2019-06-01	08:00	8585,99	8589,56	8531,56	8567,58	LONG	0,00167	5982,76	0,00334	HOLD	99,6434	103,9299
2019-06-01	09:00	8566,83	8572,56	8517	8555	LONG	0,00167	5982,76	0,00334	HOLD	99,6434	103,9089
2019-06-01	10:00	8555	8570	8532,16	8552,75	LONG	0,00167	5982,76	0,00334	HOLD	99,6434	103,9052
2019-06-01	11:00	8548,55	8580	8526,86	8561,23	LONG	0,00167	5982,76	0,00334	HOLD	99,6434	103,9193
2019-06-01	12:00	8563,15	8565,25	8445,5	8476,28	LONG	0,00167	5982,76	0,00334	HOLD	99,6434	103,7775
2019-06-01	13:00	8478,96	8542,6	8445,53	8525,61	LONG	0,00167	5982,76	0,00334	HOLD	99,6434	103,8599
2019-06-01	14:00	8528,45	8547,58	8491,33	8539,26	LONG	0,00167	5982,76	0,00334	HOLD	99,6434	103,8826
2019-06-01	15:00	8539,22	8560	8504,06	8554,19	LONG	0,00167	5982,76	0,00334	HOLD	99,6434	103,9076
2019-06-01	16:00	8553,35	8626	8548,27	8577,26	LONG	0,00167	5982,76	0,00334	HOLD	99,6434	103,9461
2019-06-01	17:00	8581,04	8609,47	8538,14	8551,27	LONG	0,00167	5982,76	0,00334	HOLD	99,6434	103,9027
2019-06-01	18:00	8551,27	8584,3	8514,21	8566	LONG	0,00167	5982,76	0,00334	HOLD	99,6434	103,9273
2019-06-01	19:00	8563,02	8577	8530,1	8544,16	LONG	0,00167	5982,76	0,00334	HOLD	99,6434	103,8908
2019-06-01	20:00	8542,26	8549,81	8490,38	8504,51	LONG	0,00167	5982,76	0,00334	HOLD	99,6434	103,8246
2019-06-01	21:00	8504,39	8538,33	8442,36	8481,59	LONG	0,00167	5982,76	0,00334	HOLD	99,6434	103,7863
2019-06-01	22:00	8480,81	8538,54	8469,74	8530,21	LONG	0,00167	5982,76	0,00334	HOLD	99,6434	103,8675
2019-06-01	23:00	8530,21	8583,99	8523,29	8554,93	LONG	0,00167	5982,76	0,00334	HOLD	99,6434	103,9088
2019-06-02	00:00	8557,08	8561,56	8501,62	8517,91	LONG	0,00167	5982,76	0,00334	HOLD	99,6434	103,847
2019-06-02	01:00	8517,91	8540	8481,81	8494,49	LONG	0,00167	5982,76	0,00334	HOLD	99,6434	103,8079
2019-06-02	02:00	8495,39	8549,99	8468	8530,11	LONG	0,00167	5982,76	0,00334	HOLD	99,6434	103,8674
2019-06-02	03:00	8532,51	8571,26	8528,06	8546,18	LONG	0,00167	5982,76	0,00334	HOLD	99,6434	103,8942
2019-06-02	04:00	8548,35	8600	8534,13	8584,18	LONG	0,00167	5982,76	0,00334	HOLD	99,6434	103,9577
2019-06-02	05:00	8584,18	8593,58	8521,45	8577,11	LONG	0,00167	5982,76	0,00334	HOLD	99,6434	103,9459
2019-06-02	06:00	8579,86	8593,91	8500,25	8544,07	LONG	0,00167	5982,76	0,00334	HOLD	99,6434	103,8907
2019-06-02	07:00	8545,1	8588,33	8524	8564,83	LONG	0,00167	5982,76	0,00334	HOLD	99,6434	103,9254
2019-06-02	08:00	8564,97	8598	8550,89	8571,46	LONG	0,00167	5982,76	0,00334	HOLD	99,6434	103,9364
2019-06-02	09:00	8570,35	8582,64	8540	8551,54	LONG	0,00167	5982,76	0,00334	HOLD	99,6434	103,9032
2019-06-02	10:00	8549,23	8569,23	8525,97	8544,1	LONG	0,00167	5982,76	0,00334	HOLD	99,6434	103,8907
2019-06-02	11:00	8545,93	8573,18	8540,4	8566,26	LONG	0,00167	5982,76	0,00334	HOLD	99,6434	103,9277
2019-06-02	12:00	8566,26	8588,94	8550,14	8581,25	LONG	0,00167	5982,76	0,00334	HOLD	99,6434	103,9528
2019-06-02	13:00	8583	8594,7	8561,55	8580	LONG	0,00167	5982,76	0,00334	HOLD	99,6434	103,9507
2019-06-02	14:00	8580,7	8736,2	8576	8703,51	LONG	0,00167	5982,76	0,00334	HOLD	99,6434	104,1569
2019-06-02	15:00	8702,37	8753,01	8668,83	8717,38	LONG	0,00167	5982,76	0,00334	HOLD	99,6434	104,1801
2019-06-02	16:00	8717,82	8740,63	8684,05	8696,38	LONG	0,00167	5982,76	0,00334	HOLD	99,6434	104,145
2019-06-02	17:00	8697,5	8721	8670,01	8715,05	LONG	0,00167	5982,76	0,00334	HOLD	99,6434	104,1762
2019-06-02	18:00	8715,05	8732	8675	8722,04	LONG	0,00167	5982,76	0,00334	HOLD	99,6434	104,1879
2019-06-02	19:00	8723	8814,78	8720,42	8785,19	LONG	0,00167	5982,76	0,00334	HOLD	99,6434	104,2934
2019-06-02	20:00	8787,51	8788,85	8561,47	8661,96	LONG	0,00167	5982,76	0,00334	HOLD	99,6434	104,0876
2019-06-02	21:00	8660,26	8712,8	8645,78	8663,59	LONG	0,00167	5982,76	0,00334	HOLD	99,6434	104,0903
2019-06-02	22:00	8666,82	8708,05	8654,1	8678,22	LONG	0,00167	5982,76	0,00334	HOLD	99,6434	104,1147
2019-06-02	23:00	8677,22	8703,33	8630	8678,51	LONG	0,00167	5982,76	0,00334	HOLD	99,6434	104,1152
2019-06-03	00:00	8675,7	8702,89	8629,89	8642,13	LONG	0,00167	5982,76	0,00334	HOLD	99,6434	104,0544
2019-06-03	01:00	8643,3	8683	8614,1	8671,35	LONG	0,00167	5982,76	0,00334	HOLD	99,6434	104,1032
2019-06-03	02:00	8672,13	8683,79	8620,1	8669,18	LONG	0,00167	5982,76	0,00334	HOLD	99,6434	104,0996
2019-06-03	03:00	8669,18	8700,47	8647,37	8681,55	LONG	0,00167	5982,76	0,00334	HOLD	99,6434	104,1203
2019-06-03	04:00	8679	8710	8649,19	8701,6	LONG	0,00167	5982,76	0,00334	HOLD	99,6434	104,1538
2019-06-03	05:00	8703,52	8747	8672,62	8732,25	LONG	0,00167	5982,76	0,00334	HOLD	99,6434	104,2049
2019-06-03	06:00	8734,51	8756,28	8708,48	8725,98	LONG	0,00167	5982,76	0,00334	HOLD	99,6434	104,1945
2019-06-03	07:00	8726	8738,15	8638,02	8667,07	LONG	0,00167	5982,76	0,00334	HOLD	99,6434	104,0961
2019-06-03	08:00	8666,82	8703	8617,32	8676	LONG	0,00167	5982,76	0,00334	HOLD	99,6434	104,111
2019-06-03	09:00	8675,72	8800,95	8647,69	8669,94	LONG	0,00167	5982,76	0,00334	HOLD	99,6434	104,1009
2019-06-03	10:00	8672,5	8695,57	8640	8660,47	LONG	0,00167	5982,76	0,00334	HOLD	99,6434	104,0851
2019-06-03	11:00	8660,5	8676,77	8639,31	8671,49	LONG	0,00167	5982,76	0,00334	HOLD	99,6434	104,1035
2019-06-03	12:00	8669,55	8671,5	8509,46	8570,28	LONG	0,00167	5982,76	0,00334	HOLD	99,6434	103,9345
2019-06-03	13:00	8570	8608,33	8450	8516,45	LONG	0,00167	5982,76	0,00334	HOLD	99,6434	103,8446
2019-06-03	14:00	8516,45	8516,89	8321,5	8470	LONG	0,00167	5982,76	0,00334	HOLD	99,6434	103,767
2019-06-03	15:00	8469,98	8521,75	8455,03	8455,69	LONG	0,00167	5982,76	0,00334	HOLD	99,6434	103,7431
2019-06-03	16:00	8456,69	8499,8	8412,96	8480,42	LONG	0,00167	5982,76	0,00334	HOLD	99,6434	103,7844
2019-06-03	17:00	8480,42	8548,08	8465	8544,33	LONG	0,00167	5982,76	0,00334	HOLD	99,6434	103,8911
2019-06-03	18:00	8544,3	8545	8488,19	8507,84	LONG	0,00167	5982,76	0,00334	HOLD	99,6434	103,8302
2019-06-03	19:00	8505,1	8567	8472,42	8530,82	LONG	0,00167	5982,76	0,00334	HOLD	99,6434	103,8686
2019-06-03	20:00	8533,63	8540	8425,01	8433,03	LONG	0,00167	5982,76	0,00334	HOLD	99,6434	103,7052
2019-06-03	21:00	8436,98	8488,09	8342,01	8398,68	LONG	0,00167	5982,76	0,00334	HOLD	99,6434	103,6479
2019-06-03	22:00	8398,68	8477,75	8330	8473,66	LONG	0,00167	5982,76	0,00334	HOLD	99,6434	103,7731
2019-06-03	23:00	8471,88	8558,81	8435	8536,82	LONG	0,00167	5982,76	0,00334	HOLD	99,6434	103,8786
2019-06-04	00:00	8536,82	8546,52	8464,54	8467,22	LONG	0,00167	5982,76	0,00334	HOLD	99,6434	103,7623
2019-06-04	01:00	8468,06	8583	8465,51	8563	LONG	0,00167	5982,76	0,00334	HOLD	99,6434	103,9223
2019-06-04	02:00	8561,49	8580,4	8522,98	8570,88	LONG	0,00167	5982,76	0,00334	HOLD	99,6434	103,9355
2019-06-04	03:00	8570,89	8580,22	8527,08	8564	LONG	0,00167	5982,76	0,00334	HOLD	99,6434	103,924
2019-06-04	04:00	8565	8570,49	8462,11	8492,87	LONG	0,00167	5982,76	0,00334	HOLD	99,6434	103,8052
2019-06-04	05:00	8495,6	8506,57	8403,24	8470,9	LONG	0,00167	5982,76	0,00334	HOLD	99,6434	103,7685
2019-06-04	06:00	8470,52	8474,39	8080,8	8115,82	LONG	0,00167	5982,76	0,00334	HOLD	99,6434	103,1755
2019-06-04	07:00	8115,66	8115,66	7780,4	7988,13	LONG	0,00167	5982,76	0,00334	HOLD	99,6434	102,9623
2019-06-04	08:00	7989,98	8067,99	7968	8026,47	LONG	0,00167	5982,76	0,00334	HOLD	99,6434	103,0263
2019-06-04	09:00	8026,51	8044,98	7981	8042,1	LONG	0,00167	5982,76	0,00334	HOLD	99,6434	103,0524
2019-06-04	10:00	8042,1	8042,1	7879	7895,93	LONG	0,00167	5982,76	0,00334	HOLD	99,6434	102,8083
2019-06-04	11:00	7895,91	8007,28	7878,22	7973,23	LONG	0,00167	5982,76	0,00334	HOLD	99,6434	102,9374
2019-06-04	12:00	7973,05	8004,88	7940	7953,87	LONG	0,00167	5982,76	0,00334	HOLD	99,6434	102,905
2019-06-04	13:00	7953,78	7953,81	7830	7877,93	LONG	0,00167	5982,76	0,00334	HOLD	99,6434	102,7782
2019-06-04	14:00	7877,68	7916,04	7800	7892,6	LONG	0,00167	5982,76	0,00334	HOLD	99,6434	102,8027
2019-06-04	15:00	7893,1	7959,3	7887,9	7940,06	LONG	0,00167	5982,76	0,00334	HOLD	99,6434	102,882
2019-06-04	16:00	7942,68	7994,96	7905,11	7970,01	LONG	0,00167	5982,76	0,00334	HOLD	99,6434	102,932
2019-06-04	17:00	7968	8007	7939,01	7979,78	LONG	0,00167	5982,76	0,00334	HOLD	99,6434	102,9483
2019-06-04	18:00	7981,26	7987,24	7920	7943,56	LONG	0,00167	5982,76	0,00334	HOLD	99,6434	102,8878
2019-06-04	19:00	7943,56	7973,05	7877,85	7965,07	LONG	0,00167	5982,76	0,00334	HOLD	99,6434	102,9238
2019-06-04	20:00	7965,09	8050	7952,28	8026,01	LONG	0,00167	5982,76	0,00334	HOLD	99,6434	103,0255
2019-06-04	21:00	8025,04	8027,24	7966,77	7975,07	LONG	0,00167	5982,76	0,00334	HOLD	99,6434	102,9405
2019-06-04	22:00	7975,75	8013,42	7916	7941,11	LONG	0,00167	5982,76	0,00334	HOLD	99,6434	102,8837
2019-06-04	23:00	7941,91	7976,99	7830,5	7910,66	LONG	0,00167	5982,76	0,00334	HOLD	99,6434	102,8329
2019-06-05	00:00	7908,97	7927	7606,48	7621,24	LONG	0,00167	5982,76	0,00334	HOLD	99,6434	102,3496
2019-06-05	01:00	7621,24	7736	7617,59	7669,05	LONG	0,00167	5982,76	0,00334	HOLD	99,6434	102,4294
2019-06-05	02:00	7667,39	7686,8	7531,11	7621,46	LONG	0,00167	5982,76	0,00334	HOLD	99,6434	102,3499
2019-06-05	03:00	7621,51	7701,19	7587	7669,76	LONG	0,00167	5982,76	0,00334	HOLD	99,6434	102,4306
2019-06-05	04:00	7668,81	7740,8	7486	7494,11	LONG	0,00167	5982,76	0,00334	HOLD	99,6434	102,1372
2019-06-05	05:00	7490,2	7684	7481,02	7656,1	LONG	0,00167	5982,76	0,00334	HOLD	99,6434	102,4078
2019-06-05	06:00	7656,43	7700	7630,73	7687,03	LONG	0,00167	5982,76	0,00334	HOLD	99,6434	102,4594
2019-06-05	07:00	7687,04	7805,99	7687,04	7756,67	LONG	0,00167	5982,76	0,00334	HOLD	99,6434	102,5757
2019-06-05	08:00	7754,79	7799,99	7734,44	7759,7	LONG	0,00167	5982,76	0,00334	HOLD	99,6434	102,5808
2019-06-05	09:00	7759,31	7859,99	7751,87	7827,18	LONG	0,00167	5982,76	0,00334	HOLD	99,6434	102,6935
2019-06-05	10:00	7827,16	7838,68	7783,14	7796,61	LONG	0,00167	5982,76	0,00334	HOLD	99,6434	102,6424
2019-06-05	11:00	7796,36	7814,44	7743	7782,22	LONG	0,00167	5982,76	0,00334	HOLD	99,6434	102,6184
2019-06-05	12:00	7781,12	7803	7717	7732,76	LONG	0,00167	5982,76	0,00334	HOLD	99,6434	102,5358
2019-06-05	13:00	7731,52	7759,93	7678,23	7745,22	LONG	0,00167	5982,76	0,00334	HOLD	99,6434	102,5566
2019-06-05	14:00	7745,22	7838,49	7728,83	7823,93	LONG	0,00167	5982,76	0,00334	HOLD	99,6434	102,688
2019-06-05	15:00	7824,03	7842	7771,71	7809,3	LONG	0,00167	5982,76	0,00334	HOLD	99,6434	102,6636
2019-06-05	16:00	7808,95	7834,51	7769,33	7795,04	LONG	0,00167	5982,76	0,00334	HOLD	99,6434	102,6398
2019-06-05	17:00	7794,51	7888	7771,43	7856,96	LONG	0,00167	5982,76	0,00334	HOLD	99,6434	102,7432
2019-06-05	18:00	7856,96	7888	7750	7791,35	LONG	0,00167	5982,76	0,00334	HOLD	99,6434	102,6336
2019-06-05	19:00	7790,75	7815	7739,99	7758,68	LONG	0,00167	5982,76	0,00334	HOLD	99,6434	102,5791
2019-06-05	20:00	7758,66	7789,91	7733,58	7771,72	LONG	0,00167	5982,76	0,00334	HOLD	99,6434	102,6009
2019-06-05	21:00	7769,56	7800,1	7627,69	7679,99	LONG	0,00167	5982,76	0,00334	HOLD	99,6434	102,4477
2019-06-05	22:00	7679,13	7710,31	7572,78	7625,05	LONG	0,00167	5982,76	0,00334	HOLD	99,6434	102,3559
2019-06-05	23:00	7627,97	7774,78	7622,01	7740	LONG	0,00167	5982,76	0,00334	HOLD	99,6434	102,5479
2019-06-06	00:00	7740	7825,95	7703,25	7794,06	LONG	0,00167	5982,76	0,00334	HOLD	99,6434	102,6382
2019-06-06	01:00	7794,9	7808,74	7728,22	7759,93	LONG	0,00167	5982,76	0,00334	HOLD	99,6434	102,5812
2019-06-06	02:00	7762	7836,44	7760,59	7783,05	LONG	0,00167	5982,76	0,00334	HOLD	99,6434	102,6198
2019-06-06	03:00	7783,06	7896,7	7649,19	7721,36	LONG	0,00167	5982,76	0,00334	HOLD	99,6434	102,5168
2019-06-06	04:00	7723,01	7748,02	7609,81	7727,96	LONG	0,00167	5982,76	0,00334	HOLD	99,6434	102,5278
2019-06-06	05:00	7727,79	7782,31	7683	7774,68	LONG	0,00167	5982,76	0,00334	HOLD	99,6434	102,6058
2019-06-06	06:00	7774,12	7820	7759,01	7776,5	LONG	0,00167	5982,76	0,00334	HOLD	99,6434	102,6088
2019-06-06	07:00	7778,08	7830	7742,12	7785,42	LONG	0,00167	5982,76	0,00334	HOLD	99,6434	102,6237
2019-06-06	08:00	7786,16	7850,65	7772,26	7832,87	LONG	0,00167	5982,76	0,00334	HOLD	99,6434	102,703
2019-06-06	09:00	7832,81	7848,38	7784,18	7808,93	LONG	0,00167	5982,76	0,00334	HOLD	99,6434	102,663
2019-06-06	10:00	7809,92	7868,13	7802,38	7851,95	LONG	0,00167	5982,76	0,00334	HOLD	99,6434	102,7348
2019-06-06	11:00	7851,86	7856,36	7800	7823,47	LONG	0,00167	5982,76	0,00334	HOLD	99,6434	102,6873
2019-06-06	12:00	7823,48	7839,24	7763,47	7788,37	LONG	0,00167	5982,76	0,00334	HOLD	99,6434	102,6287
2019-06-06	13:00	7788,97	7818,74	7784,05	7811,04	LONG	0,00167	5982,76	0,00334	HOLD	99,6434	102,6665
2019-06-06	14:00	7811,03	7822,03	7750	7761,7	LONG	0,00167	5982,76	0,00334	HOLD	99,6434	102,5841
2019-06-06	15:00	7761,82	7802	7740,4	7795,2	LONG	0,00167	5982,76	0,00334	HOLD	99,6434	102,6401
2019-06-06	16:00	7797,4	7810	7751	7761,69	LONG	0,00167	5982,76	0,00334	HOLD	99,6434	102,5841
2019-06-06	17:00	7759,98	7803,88	7750	7790,78	LONG	0,00167	5982,76	0,00334	HOLD	99,6434	102,6327
2019-06-06	18:00	7791,62	7840,62	7781,22	7831,51	LONG	0,00167	5982,76	0,00334	HOLD	99,6434	102,7007
2019-06-06	19:00	7831,96	7849	7700	7745,46	LONG	0,00167	5982,76	0,00334	HOLD	99,6434	102,557
2019-06-06	20:00	7745,5	7747,51	7632,42	7715,88	LONG	0,00167	5982,76	0,00334	HOLD	99,6434	102,5076
2019-06-06	21:00	7715,68	7717,9	7565,25	7678,7	LONG	0,00167	5982,76	0,00334	HOLD	99,6434	102,4455
2019-06-06	22:00	7678,7	7707,09	7646,23	7694,84	LONG	0,00167	5982,76	0,00334	HOLD	99,6434	102,4725
2019-06-06	23:00	7694,84	7714,27	7662,04	7691,46	LONG	0,00167	5982,76	0,00334	HOLD	99,6434	102,4668
2019-06-07	00:00	7691,47	7696,09	7623	7635,64	LONG	0,00167	5982,76	0,00334	HOLD	99,6434	102,3736
2019-06-07	01:00	7634,45	7647,4	7444,58	7582,15	LONG	0,00167	5982,76	0,00334	HOLD	99,6434	102,2843
2019-06-07	02:00	7582,15	7612	7546,38	7595,86	LONG	0,00167	5982,76	0,00334	HOLD	99,6434	102,3072
2019-06-07	03:00	7592,95	7714,85	7572,49	7677,85	LONG	0,00167	5982,76	0,00334	HOLD	99,6434	102,4441
2019-06-07	04:00	7677,83	7737,16	7672,33	7730,21	LONG	0,00167	5982,76	0,00334	HOLD	99,6434	102,5315
2019-06-07	05:00	7730,21	7740	7689,52	7716,04	LONG	0,00167	5982,76	0,00334	HOLD	99,6434	102,5079
2019-06-07	06:00	7716	7807	7699,21	7786,7	LONG	0,00167	5982,76	0,00334	HOLD	99,6434	102,6259
2019-06-07	07:00	7787,57	7815	7755,93	7767,86	LONG	0,00167	5982,76	0,00334	HOLD	99,6434	102,5944
2019-06-07	08:00	7765,08	7785	7741,09	7768,5	LONG	0,00167	5982,76	0,00334	HOLD	99,6434	102,5955
2019-06-07	09:00	7768,46	7784,93	7737,49	7756,71	LONG	0,00167	5982,76	0,00334	HOLD	99,6434	102,5758
2019-06-07	10:00	7757,68	7849,99	7752,15	7786,7	LONG	0,00167	5982,76	0,00334	HOLD	99,6434	102,6259
2019-06-07	11:00	7786,33	7805,88	7760	7768,82	LONG	0,00167	5982,76	0,00334	HOLD	99,6434	102,596
2019-06-07	12:00	7771,49	7790,67	7757,93	7782,6	LONG	0,00167	5982,76	0,00334	HOLD	99,6434	102,619
2019-06-07	13:00	7782,79	7940	7782,61	7911,52	LONG	0,00167	5982,76	0,00334	HOLD	99,6434	102,8343
2019-06-07	14:00	7912,7	7993,32	7911,52	7940,31	LONG	0,00167	5982,76	0,00334	HOLD	99,6434	102,8824
2019-06-07	15:00	7940,31	8000	7939,07	7954,27	LONG	0,00167	5982,76	0,00334	HOLD	99,6434	102,9057
2019-06-07	16:00	7954,25	7979	7911,94	7933,48	LONG	0,00167	5982,76	0,00334	HOLD	99,6434	102,871
2019-06-07	17:00	7933,48	7965,83	7932,71	7937,43	LONG	0,00167	5982,76	0,00334	HOLD	99,6434	102,8776
2019-06-07	18:00	7937,28	7958,08	7873,9	7893	LONG	0,00167	5982,76	0,00334	HOLD	99,6434	102,8034
2019-06-07	19:00	7892,76	7930	7890,01	7902	LONG	0,00167	5982,76	0,00334	HOLD	99,6434	102,8184
2019-06-07	20:00	7902,73	7954,42	7884,75	7950,16	LONG	0,00167	5982,76	0,00334	HOLD	99,6434	102,8989
2019-06-07	21:00	7953,15	7954,7	7903,76	7916	LONG	0,00167	5982,76	0,00334	HOLD	99,6434	102,8418
2019-06-07	22:00	7916	7942,45	7901,16	7928,86	LONG	0,00167	5982,76	0,00334	HOLD	99,6434	102,8633
2019-06-07	23:00	7928	8094,7	7890	8042,79	LONG	0,00167	5982,76	0,00334	HOLD	99,6434	103,0535
2019-06-08	00:00	8043,15	8084,37	8033,21	8065,48	LONG	0,00167	5982,76	0,00334	HOLD	99,6434	103,0914
2019-06-08	01:00	8065,5	8100	8050,78	8055,33	LONG	0,00167	5982,76	0,00334	HOLD	99,6434	103,0745
2019-06-08	02:00	8055,33	8071,62	7928,01	7937,85	LONG	0,00167	5982,76	0,00334	HOLD	99,6434	102,8783
2019-06-08	03:00	7937,72	7937,85	7928	7930,85	LONG	0,00167	5982,76	0,00334	HOLD	99,6434	102,8666
2019-06-08	04:00	7930,85	7930,85	7930,85	7930,85	LONG	0,00167	5982,76	0,00334	HOLD	99,6434	102,8666
2019-06-08	05:00	7930,85	8022,87	7928,02	8006	LONG	0,00167	5982,76	0,00334	HOLD	99,6434	102,9921
2019-06-08	06:00	8006	8055	7968,87	7980,53	LONG	0,00167	5982,76	0,00334	HOLD	99,6434	102,9496
2019-06-08	07:00	7978,94	8044,65	7960	8035,58	LONG	0,00167	5982,76	0,00334	HOLD	99,6434	103,0415
2019-06-08	08:00	8035,53	8037,57	7951	7963,95	LONG	0,00167	5982,76	0,00334	HOLD	99,6434	102,9219
2019-06-08	09:00	7965,01	7967,5	7912,65	7954,06	LONG	0,00167	5982,76	0,00334	HOLD	99,6434	102,9054
2019-06-08	10:00	7954,06	7966,74	7922,03	7927,52	LONG	0,00167	5982,76	0,00334	HOLD	99,6434	102,861
2019-06-08	11:00	7927,39	7966	7914,53	7962,05	LONG	0,00167	5982,76	0,00334	HOLD	99,6434	102,9187
2019-06-08	12:00	7962,9	7991,55	7921,83	7930,81	LONG	0,00167	5982,76	0,00334	HOLD	99,6434	102,8665
2019-06-08	13:00	7933,1	7939,28	7870	7881,17	LONG	0,00167	5982,76	0,00334	HOLD	99,6434	102,7836
2019-06-08	14:00	7881,31	7924,94	7850	7910,04	LONG	0,00167	5982,76	0,00334	HOLD	99,6434	102,8319
2019-06-08	15:00	7910,04	7965	7896,94	7957	LONG	0,00167	5982,76	0,00334	HOLD	99,6434	102,9103
2019-06-08	16:00	7957	7977,7	7932,75	7969,87	LONG	0,00167	5982,76	0,00334	HOLD	99,6434	102,9318
2019-06-08	17:00	7969,87	8000	7947,33	7948,57	LONG	0,00167	5982,76	0,00334	HOLD	99,6434	102,8962
2019-06-08	18:00	7947,34	7986,22	7945,46	7980,59	LONG	0,00167	5982,76	0,00334	HOLD	99,6434	102,9497
2019-06-08	19:00	7981,33	7986,22	7891,35	7922,88	LONG	0,00167	5982,76	0,00334	HOLD	99,6434	102,8533
2019-06-08	20:00	7922,61	7955	7890	7942,13	LONG	0,00167	5982,76	0,00334	HOLD	99,6434	102,8854
2019-06-08	21:00	7941,57	7942,14	7875	7903,71	LONG	0,00167	5982,76	0,00334	HOLD	99,6434	102,8213
2019-06-08	22:00	7906,53	7926,8	7825	7919,43	LONG	0,00167	5982,76	0,00334	HOLD	99,6434	102,8475
2019-06-08	23:00	7919,1	7919,58	7796	7829,68	LONG	0,00167	5982,76	0,00334	HOLD	99,6434	102,6977
2019-06-09	00:00	7829,15	7829,15	7751	7816,58	LONG	0,00167	5982,76	0,00334	HOLD	99,6434	102,6758
2019-06-09	01:00	7816,58	7839,78	7777	7814,68	LONG	0,00167	5982,76	0,00334	HOLD	99,6434	102,6726
2019-06-09	02:00	7814,68	7833	7798,07	7809,25	LONG	0,00167	5982,76	0,00334	HOLD	99,6434	102,6635
2019-06-09	03:00	7810,54	7854,34	7806,95	7850	LONG	0,00167	5982,76	0,00334	HOLD	99,6434	102,7316
2019-06-09	04:00	7850,68	7889,85	7841,84	7867,66	LONG	0,00167	5982,76	0,00334	HOLD	99,6434	102,7611
2019-06-09	05:00	7864,35	7925	7860	7916,74	LONG	0,00167	5982,76	0,00334	HOLD	99,6434	102,843
2019-06-09	06:00	7915,05	7943,72	7888,32	7893,62	LONG	0,00167	5982,76	0,00334	HOLD	99,6434	102,8044
2019-06-09	07:00	7895,28	7935	7845,5	7868,37	LONG	0,00167	5982,76	0,00334	HOLD	99,6434	102,7623
2019-06-09	08:00	7868,37	7890,27	7836,76	7856,39	LONG	0,00167	5982,76	0,00334	HOLD	99,6434	102,7423
2019-06-09	09:00	7856,38	7876,6	7831	7843,29	LONG	0,00167	5982,76	0,00334	HOLD	99,6434	102,7204
2019-06-09	10:00	7843,22	7885,49	7836,79	7873,31	LONG	0,00167	5982,76	0,00334	HOLD	99,6434	102,7705
2019-06-09	11:00	7873,37	7876,97	7850,04	7874,64	LONG	0,00167	5982,76	0,00334	HOLD	99,6434	102,7727
2019-06-09	12:00	7875,82	7883,09	7860,98	7873,78	LONG	0,00167	5982,76	0,00334	HOLD	99,6434	102,7713
2019-06-09	13:00	7873,79	7882,52	7842	7874,38	LONG	0,00167	5982,76	0,00334	HOLD	99,6434	102,7723
2019-06-09	14:00	7873,87	7908	7851,3	7899,01	LONG	0,00167	5982,76	0,00334	HOLD	99,6434	102,8134
2019-06-09	15:00	7898,92	7925,99	7875	7895	LONG	0,00167	5982,76	0,00334	HOLD	99,6434	102,8067
2019-06-09	16:00	7895	7895,92	7857,97	7877,45	LONG	0,00167	5982,76	0,00334	HOLD	99,6434	102,7774
2019-06-09	17:00	7877,45	7880,86	7843	7864,76	LONG	0,00167	5982,76	0,00334	HOLD	99,6434	102,7562
2019-06-09	18:00	7864,78	7893,56	7835	7852,63	LONG	0,00167	5982,76	0,00334	HOLD	99,6434	102,736
2019-06-09	19:00	7850,12	7852,6	7685	7742,76	LONG	0,00167	5982,76	0,00334	HOLD	99,6434	102,5525
2019-06-09	20:00	7740,98	7771,61	7681,92	7728,21	LONG	0,00167	5982,76	0,00334	HOLD	99,6434	102,5282
2019-06-09	21:00	7729,71	7756,06	7665,43	7754,35	LONG	0,00167	5982,76	0,00334	HOLD	99,6434	102,5718
2019-06-09	22:00	7754,57	7755	7692,78	7716,72	LONG	0,00167	5982,76	0,00334	HOLD	99,6434	102,509
2019-06-09	23:00	7718,92	7720	7571,55	7629,9	LONG	0,00167	5982,76	0,00334	HOLD	99,6434	102,364
2019-06-10	00:00	7631,13	7657,87	7575	7632,34	LONG	0,00167	5982,76	0,00334	HOLD	99,6434	102,3681
2019-06-10	01:00	7634,24	7679,24	7623,19	7660,98	LONG	0,00167	5982,76	0,00334	HOLD	99,6434	102,4159
2019-06-10	02:00	7660,74	7759	7655	7732,06	LONG	0,00167	5982,76	0,00334	HOLD	99,6434	102,5346
2019-06-10	03:00	7732,06	7739,12	7675	7696,43	LONG	0,00167	5982,76	0,00334	HOLD	99,6434	102,4751
2019-06-10	04:00	7696,28	7724,99	7609,76	7615,35	LONG	0,00167	5982,76	0,00334	HOLD	99,6434	102,3397
2019-06-10	05:00	7615,35	7618,87	7506,66	7584,42	LONG	0,00167	5982,76	0,00334	HOLD	99,6434	102,2881
2019-06-10	06:00	7583,99	7660	7540	7628,13	LONG	0,00167	5982,76	0,00334	HOLD	99,6434	102,3611
2019-06-10	07:00	7627,57	7630	7511	7599,29	LONG	0,00167	5982,76	0,00334	HOLD	99,6434	102,3129
2019-06-10	08:00	7599,42	7663,96	7580,61	7615,54	LONG	0,00167	5982,76	0,00334	HOLD	99,6434	102,34
2019-06-10	09:00	7614,18	7649,96	7580,01	7628,06	LONG	0,00167	5982,76	0,00334	HOLD	99,6434	102,3609
2019-06-10	10:00	7628,06	7682,42	7624,01	7654,46	LONG	0,00167	5982,76	0,00334	HOLD	99,6434	102,405
2019-06-10	11:00	7654,69	7669,15	7603,89	7640,11	LONG	0,00167	5982,76	0,00334	HOLD	99,6434	102,3811
2019-06-10	12:00	7640,13	7645,4	7613,08	7632,95	LONG	0,00167	5982,76	0,00334	HOLD	99,6434	102,3691
2019-06-10	13:00	7631,91	7727	7631,91	7683,56	LONG	0,00167	5982,76	0,00334	HOLD	99,6434	102,4536
2019-06-10	14:00	7682,9	7737,38	7678,39	7698,71	LONG	0,00167	5982,76	0,00334	HOLD	99,6434	102,4789
2019-06-10	15:00	7698,08	7733,03	7688	7699,32	LONG	0,00167	5982,76	0,00334	HOLD	99,6434	102,4799
2019-06-10	16:00	7699,27	7713,81	7669,97	7677,44	LONG	0,00167	5982,76	0,00334	HOLD	99,6434	102,4434
2019-06-10	17:00	7677,47	7696,98	7621,64	7637,31	LONG	0,00167	5982,76	0,00334	HOLD	99,6434	102,3764
2019-06-10	18:00	7637,87	7954,7	7596	7902,36	LONG	0,00167	5982,76	0,00334	HOLD	99,6434	102,819
2019-06-10	19:00	7902,67	8020	7902,44	7950,5	LONG	0,00167	5982,76	0,00334	HOLD	99,6434	102,8994
2019-06-10	20:00	7950,59	7961,74	7877,25	7902,1	LONG	0,00167	5982,76	0,00334	HOLD	99,6434	102,8186
2019-06-10	21:00	7902,09	7936,14	7892,68	7917,56	LONG	0,00167	5982,76	0,00334	HOLD	99,6434	102,8444
2019-06-10	22:00	7917	7924,12	7852,56	7914,45	LONG	0,00167	5982,76	0,00334	HOLD	99,6434	102,8392
2019-06-10	23:00	7914,45	7961,73	7885	7907,99	LONG	0,00167	5982,76	0,00334	HOLD	99,6434	102,8284
2019-06-11	00:00	7907,76	7927,11	7877,41	7910,98	LONG	0,00167	5982,76	0,00334	HOLD	99,6434	102,8334
2019-06-11	01:00	7910,2	7938,56	7890	7923,98	LONG	0,00167	5982,76	0,00334	HOLD	99,6434	102,8551
2019-06-11	02:00	7924,48	7982,85	7909,01	7945,81	LONG	0,00167	5982,76	0,00334	HOLD	99,6434	102,8916
2019-06-11	03:00	7947,67	7979,47	7867	7912,37	LONG	0,00167	5982,76	0,00334	HOLD	99,6434	102,8357
2019-06-11	04:00	7912,37	7924	7869,97	7921,58	LONG	0,00167	5982,76	0,00334	HOLD	99,6434	102,8511
2019-06-11	05:00	7921,58	7952,92	7903,43	7920,33	LONG	0,00167	5982,76	0,00334	HOLD	99,6434	102,849
2019-06-11	06:00	7920,31	7989,89	7915,96	7982,75	LONG	0,00167	5982,76	0,00334	HOLD	99,6434	102,9533
2019-06-11	07:00	7981	8010	7913,09	7961,65	LONG	0,00167	5982,76	0,00334	HOLD	99,6434	102,918
2019-06-11	08:00	7961,65	7967,26	7917,3	7936	LONG	0,00167	5982,76	0,00334	HOLD	99,6434	102,8752
2019-06-11	09:00	7936	7946,29	7900,03	7921,34	LONG	0,00167	5982,76	0,00334	HOLD	99,6434	102,8507
2019-06-11	10:00	7920,13	7935,11	7897	7932,34	LONG	0,00167	5982,76	0,00334	HOLD	99,6434	102,8691
2019-06-11	11:00	7932,36	7940,97	7910	7915,69	LONG	0,00167	5982,76	0,00334	HOLD	99,6434	102,8413
2019-06-11	12:00	7916,76	7933,05	7899,67	7921,83	LONG	0,00167	5982,76	0,00334	HOLD	99,6434	102,8515
2019-06-11	13:00	7921,71	7921,83	7880,41	7887,75	LONG	0,00167	5982,76	0,00334	HOLD	99,6434	102,7946
2019-06-11	14:00	7889,96	7916,7	7860,17	7897,56	LONG	0,00167	5982,76	0,00334	HOLD	99,6434	102,811
2019-06-11	15:00	7897,56	7923,96	7882,39	7918,8	LONG	0,00167	5982,76	0,00334	HOLD	99,6434	102,8465
2019-06-11	16:00	7919,22	7936,08	7892,03	7893,8	LONG	0,00167	5982,76	0,00334	HOLD	99,6434	102,8047
2019-06-11	17:00	7895,05	7905,01	7747	7795,68	LONG	0,00167	5982,76	0,00334	HOLD	99,6434	102,6409
2019-06-11	18:00	7795,68	7805	7706,83	7769,27	LONG	0,00167	5982,76	0,00334	HOLD	99,6434	102,5968
2019-06-11	19:00	7767,55	7785,94	7730,26	7764,88	LONG	0,00167	5982,76	0,00334	HOLD	99,6434	102,5894
2019-06-11	20:00	7765,72	7792,69	7757,13	7783,94	LONG	0,00167	5982,76	0,00334	HOLD	99,6434	102,6213
2019-06-11	21:00	7782,23	7800,7	7731	7765,27	LONG	0,00167	5982,76	0,00334	HOLD	99,6434	102,5901
2019-06-11	22:00	7765,22	7784,9	7730	7761,53	LONG	0,00167	5982,76	0,00334	HOLD	99,6434	102,5838
2019-06-11	23:00	7761,92	7865,98	7692,23	7847,38	LONG	0,00167	5982,76	0,00334	HOLD	99,6434	102,7272
2019-06-12	00:00	7847,98	7890,99	7825	7861,88	LONG	0,00167	5982,76	0,00334	HOLD	99,6434	102,7514
2019-06-12	01:00	7861,88	7900,98	7840,38	7862,01	LONG	0,00167	5982,76	0,00334	HOLD	99,6434	102,7516
2019-06-12	02:00	7863,45	7878,38	7835	7868,87	LONG	0,00167	5982,76	0,00334	HOLD	99,6434	102,7631
2019-06-12	03:00	7868,69	7947,98	7856,11	7896,04	LONG	0,00167	5982,76	0,00334	HOLD	99,6434	102,8085
2019-06-12	04:00	7896,71	7920,88	7875	7885	LONG	0,00167	5982,76	0,00334	HOLD	99,6434	102,79
2019-06-12	05:00	7883,9	7909,29	7863,49	7869,55	LONG	0,00167	5982,76	0,00334	HOLD	99,6434	102,7642
2019-06-12	06:00	7867,93	7929,78	7866,35	7884,9	LONG	0,00167	5982,76	0,00334	HOLD	99,6434	102,7899
2019-06-12	07:00	7884,9	7896,64	7788,99	7809,04	LONG	0,00167	5982,76	0,00334	HOLD	99,6434	102,6632
2019-06-12	08:00	7808,76	7848,38	7802,06	7826,02	LONG	0,00167	5982,76	0,00334	HOLD	99,6434	102,6915
2019-06-12	09:00	7825,94	8040	7816,1	8001,53	LONG	0,00167	5982,76	0,00334	HOLD	99,6434	102,9846
2019-06-12	10:00	7997,6	8045	7930,02	7959,76	LONG	0,00167	5982,76	0,00334	HOLD	99,6434	102,9149
2019-06-12	11:00	7959,28	7971,99	7921,41	7950,21	LONG	0,00167	5982,76	0,00334	HOLD	99,6434	102,8989
2019-06-12	12:00	7950,75	7953,55	7901,33	7923,8	LONG	0,00167	5982,76	0,00334	HOLD	99,6434	102,8548
2019-06-12	13:00	7923,83	7936,86	7902,84	7913,42	LONG	0,00167	5982,76	0,00334	HOLD	99,6434	102,8375
2019-06-12	14:00	7914,85	7974,46	7910,01	7960,16	LONG	0,00167	5982,76	0,00334	HOLD	99,6434	102,9156
2019-06-12	15:00	7958,01	7960,04	7922	7939,07	LONG	0,00167	5982,76	0,00334	HOLD	99,6434	102,8803
2019-06-12	16:00	7939,09	7941,08	7856,73	7923,4	LONG	0,00167	5982,76	0,00334	HOLD	99,6434	102,8542
2019-06-12	17:00	7923,43	8012	7920,56	7944,35	LONG	0,00167	5982,76	0,00334	HOLD	99,6434	102,8891
2019-06-12	18:00	7942,82	7995,19	7935,63	7967,8	LONG	0,00167	5982,76	0,00334	HOLD	99,6434	102,9283
2019-06-12	19:00	7967,91	8020	7951	7974,51	LONG	0,00167	5982,76	0,00334	HOLD	99,6434	102,9395
2019-06-12	20:00	7973,71	7993,62	7945	7981,22	LONG	0,00167	5982,76	0,00334	HOLD	99,6434	102,9507
2019-06-12	21:00	7981,16	8005	7909,9	7975,84	LONG	0,00167	5982,76	0,00334	HOLD	99,6434	102,9417
2019-06-12	22:00	7977,55	8200	7975	8140,57	LONG	0,00167	5982,76	0,00334	HOLD	99,6434	103,2168
2019-06-12	23:00	8141,89	8169,96	8110	8119,88	LONG	0,00167	5982,76	0,00334	HOLD	99,6434	103,1823
2019-06-13	00:00	8121,95	8135	8068,29	8106,08	LONG	0,00167	5982,76	0,00334	HOLD	99,6434	103,1592
2019-06-13	01:00	8106,99	8119,41	8091,01	8108	LONG	0,00167	5982,76	0,00334	HOLD	99,6434	103,1624
2019-06-13	02:00	8110,24	8129,97	8085,54	8118,56	LONG	0,00167	5982,76	0,00334	HOLD	99,6434	103,1801
2019-06-13	03:00	8118,54	8124,98	8039,49	8079,38	LONG	0,00167	5982,76	0,00334	HOLD	99,6434	103,1146
2019-06-13	04:00	8079,29	8119,63	8072,47	8113,22	LONG	0,00167	5982,76	0,00334	HOLD	99,6434	103,1712
2019-06-13	05:00	8112,48	8118,01	8081,01	8111,8	LONG	0,00167	5982,76	0,00334	HOLD	99,6434	103,1688
2019-06-13	06:00	8111,8	8135	8075,67	8127,64	LONG	0,00167	5982,76	0,00334	HOLD	99,6434	103,1952
2019-06-13	07:00	8127,64	8147,26	8101,02	8125	LONG	0,00167	5982,76	0,00334	HOLD	99,6434	103,1908
2019-06-13	08:00	8123,8	8138,37	8091,53	8099,33	LONG	0,00167	5982,76	0,00334	HOLD	99,6434	103,148
2019-06-13	09:00	8098,14	8102,6	8057,32	8058,6	LONG	0,00167	5982,76	0,00334	HOLD	99,6434	103,0799
2019-06-13	10:00	8058,58	8095,23	8026	8082,01	LONG	0,00167	5982,76	0,00334	HOLD	99,6434	103,119
2019-06-13	11:00	8082,01	8118	8062,08	8104,52	LONG	0,00167	5982,76	0,00334	HOLD	99,6434	103,1566
2019-06-13	12:00	8103,91	8109,4	8077,18	8097,94	LONG	0,00167	5982,76	0,00334	HOLD	99,6434	103,1456
2019-06-13	13:00	8099,13	8099,98	8067,13	8088,79	LONG	0,00167	5982,76	0,00334	HOLD	99,6434	103,1304
2019-06-13	14:00	8087	8115,78	8081,72	8097,99	LONG	0,00167	5982,76	0,00334	HOLD	99,6434	103,1457
2019-06-13	15:00	8097,9	8112,99	8077	8098,25	LONG	0,00167	5982,76	0,00334	HOLD	99,6434	103,1462
2019-06-13	16:00	8097,41	8100,64	8050	8080,35	LONG	0,00167	5982,76	0,00334	HOLD	99,6434	103,1163
2019-06-13	17:00	8080,35	8086,99	8040,15	8063,48	LONG	0,00167	5982,76	0,00334	HOLD	99,6434	103,0881
2019-06-13	18:00	8062,59	8089,99	8050,63	8086,43	LONG	0,00167	5982,76	0,00334	HOLD	99,6434	103,1264
2019-06-13	19:00	8087,59	8113,14	8010,03	8077,41	LONG	0,00167	5982,76	0,00334	HOLD	99,6434	103,1114
2019-06-13	20:00	8077,43	8150	8077,06	8114,26	LONG	0,00167	5982,76	0,00334	HOLD	99,6434	103,1729
2019-06-13	21:00	8114,25	8155,51	8101,63	8139,64	LONG	0,00167	5982,76	0,00334	HOLD	99,6434	103,2153
2019-06-13	22:00	8139,13	8219,49	8134,29	8172,11	LONG	0,00167	5982,76	0,00334	HOLD	99,6434	103,2695
2019-06-13	23:00	8172,74	8181	8135,01	8150,98	LONG	0,00167	5982,76	0,00334	HOLD	99,6434	103,2342
2019-06-14	00:00	8150,12	8177,78	8148	8174,67	LONG	0,00167	5982,76	0,00334	HOLD	99,6434	103,2738
2019-06-14	01:00	8172,68	8275,78	8164,79	8257,56	LONG	0,00167	5982,76	0,00334	HOLD	99,6434	103,4122
2019-06-14	02:00	8257,56	8279,63	8202,78	8225,41	LONG	0,00167	5982,76	0,00334	HOLD	99,6434	103,3585
2019-06-14	03:00	8225,62	8262,99	8208	8243,41	LONG	0,00167	5982,76	0,00334	HOLD	99,6434	103,3886
2019-06-14	04:00	8243,79	8309,82	8243,36	8293,53	LONG	0,00167	5982,76	0,00334	HOLD	99,6434	103,4723
2019-06-14	05:00	8293,53	8300,34	8211	8237,21	LONG	0,00167	5982,76	0,00334	HOLD	99,6434	103,3782
2019-06-14	06:00	8238,55	8257,83	8180,3	8218,54	LONG	0,00167	5982,76	0,00334	HOLD	99,6434	103,347
2019-06-14	07:00	8216,44	8243,03	8191,93	8201,58	LONG	0,00167	5982,76	0,00334	HOLD	99,6434	103,3187
2019-06-14	08:00	8200,98	8218,25	8144,32	8164,06	LONG	0,00167	5982,76	0,00334	HOLD	99,6434	103,2561
2019-06-14	09:00	8162,34	8189,58	8153,11	8175,53	LONG	0,00167	5982,76	0,00334	HOLD	99,6434	103,2752
2019-06-14	10:00	8176,63	8210	8161,3	8197,81	LONG	0,00167	5982,76	0,00334	HOLD	99,6434	103,3124
2019-06-14	11:00	8197,28	8235,24	8180	8233,35	LONG	0,00167	5982,76	0,00334	HOLD	99,6434	103,3718
2019-06-14	12:00	8233,35	8244,18	8205,33	8210,55	LONG	0,00167	5982,76	0,00334	HOLD	99,6434	103,3337
2019-06-14	13:00	8210,61	8213,34	8173,05	8207,91	LONG	0,00167	5982,76	0,00334	HOLD	99,6434	103,3293
2019-06-14	14:00	8206,69	8239,29	8200,28	8239,29	LONG	0,00167	5982,76	0,00334	HOLD	99,6434	103,3817
2019-06-14	15:00	8238,14	8298,15	8231,6	8274,66	LONG	0,00167	5982,76	0,00334	HOLD	99,6434	103,4408
2019-06-14	16:00	8274,66	8291,54	8236	8275,43	LONG	0,00167	5982,76	0,00334	HOLD	99,6434	103,4421
2019-06-14	17:00	8278,01	8297,97	8256,49	8276,78	LONG	0,00167	5982,76	0,00334	HOLD	99,6434	103,4443
2019-06-14	18:00	8276,99	8284	8239,08	8257,18	LONG	0,00167	5982,76	0,00334	HOLD	99,6434	103,4116
2019-06-14	19:00	8256,59	8365	8251,58	8355,18	LONG	0,00167	5982,76	0,00334	HOLD	99,6434	103,5752
2019-06-14	20:00	8355,21	8458,58	8328	8403	LONG	0,00167	5982,76	0,00334	HOLD	99,6434	103,6551
2019-06-14	21:00	8403,97	8436,47	8358	8384,43	LONG	0,00167	5982,76	0,00334	HOLD	99,6434	103,6241
2019-06-14	22:00	8384,95	8448,25	8371,74	8385,16	LONG	0,00167	5982,76	0,00334	HOLD	99,6434	103,6253
2019-06-14	23:00	8385,93	8420	8325,4	8331,54	LONG	0,00167	5982,76	0,00334	HOLD	99,6434	103,5358
2019-06-15	00:00	8327,55	8372,16	8311	8369,19	LONG	0,00167	5982,76	0,00334	HOLD	99,6434	103,5986
2019-06-15	01:00	8367,45	8404	8367	8382,77	LONG	0,00167	5982,76	0,00334	HOLD	99,6434	103,6213
2019-06-15	02:00	8382,77	8434,12	8368	8385,88	LONG	0,00167	5982,76	0,00334	HOLD	99,6434	103,6265
2019-06-15	03:00	8385,86	8435,01	8384,98	8434,61	LONG	0,00167	5982,76	0,00334	HOLD	99,6434	103,7079
2019-06-15	04:00	8431,96	8608,99	8430,37	8583,62	LONG	0,00167	5982,76	0,00334	HOLD	99,6434	103,9567
2019-06-15	05:00	8584,43	8659,94	8573,96	8620,18	LONG	0,00167	5982,76	0,00334	HOLD	99,6434	104,0178
2019-06-15	06:00	8620,2	8684,41	8594,85	8650	LONG	0,00167	5982,76	0,00334	HOLD	99,6434	104,0676
2019-06-15	07:00	8650,88	8670,32	8575,78	8593,63	LONG	0,00167	5982,76	0,00334	HOLD	99,6434	103,9734
2019-06-15	08:00	8593,62	8617,96	8567,63	8580,34	LONG	0,00167	5982,76	0,00334	HOLD	99,6434	103,9513
2019-06-15	09:00	8579,86	8642,84	8573,68	8612,39	LONG	0,00167	5982,76	0,00334	HOLD	99,6434	104,0048
2019-06-15	10:00	8612,39	8618,64	8580,77	8595,21	LONG	0,00167	5982,76	0,00334	HOLD	99,6434	103,9761
2019-06-15	11:00	8595,01	8612,99	8586,14	8601,47	LONG	0,00167	5982,76	0,00334	HOLD	99,6434	103,9865
2019-06-15	12:00	8601,47	8666,32	8598,3	8655,98	LONG	0,00167	5982,76	0,00334	HOLD	99,6434	104,0776
2019-06-15	13:00	8655,96	8720	8625,18	8636,96	LONG	0,00167	5982,76	0,00334	HOLD	99,6434	104,0458
2019-06-15	14:00	8637,61	8665,7	8584,36	8657,15	LONG	0,00167	5982,76	0,00334	HOLD	99,6434	104,0795
2019-06-15	15:00	8657,15	8676,67	8637,94	8645,89	LONG	0,00167	5982,76	0,00334	HOLD	99,6434	104,0607
2019-06-15	16:00	8645,87	8648,87	8612,24	8617,99	LONG	0,00167	5982,76	0,00334	HOLD	99,6434	104,0141
2019-06-15	17:00	8617,54	8649	8594,34	8629,65	LONG	0,00167	5982,76	0,00334	HOLD	99,6434	104,0336
2019-06-15	18:00	8629,67	8638,03	8601	8632,1	LONG	0,00167	5982,76	0,00334	HOLD	99,6434	104,0377
2019-06-15	19:00	8633,26	8633,92	8587	8597,21	LONG	0,00167	5982,76	0,00334	HOLD	99,6434	103,9794
2019-06-15	20:00	8597,21	8620,06	8581,48	8619,28	LONG	0,00167	5982,76	0,00334	HOLD	99,6434	104,0163
2019-06-15	21:00	8619,27	8688,21	8614	8669,74	LONG	0,00167	5982,76	0,00334	HOLD	99,6434	104,1006
2019-06-15	22:00	8669,69	8799	8662,85	8750,71	LONG	0,00167	5982,76	0,00334	HOLD	99,6434	104,2358
2019-06-15	23:00	8753,05	8864,99	8735	8815,5	LONG	0,00167	5982,76	0,00334	HOLD	99,6434	104,344
2019-06-16	00:00	8817,08	8837	8742,77	8780,83	LONG	0,00167	5982,76	0,00334	HOLD	99,6434	104,2861
2019-06-16	01:00	8780,17	8807,64	8760	8787,44	LONG	0,00167	5982,76	0,00334	HOLD	99,6434	104,2971
2019-06-16	02:00	8787,44	8836	8777,19	8810	LONG	0,00167	5982,76	0,00334	HOLD	99,6434	104,3348
2019-06-16	03:00	8809,28	8815	8725,17	8757,84	LONG	0,00167	5982,76	0,00334	HOLD	99,6434	104,2477
2019-06-16	04:00	8757,84	8789,18	8738,84	8788,83	LONG	0,00167	5982,76	0,00334	HOLD	99,6434	104,2994
2019-06-16	05:00	8789,17	8820	8766,45	8799,26	LONG	0,00167	5982,76	0,00334	HOLD	99,6434	104,3168
2019-06-16	06:00	8799,42	8842,48	8776,67	8808,7	LONG	0,00167	5982,76	0,00334	HOLD	99,6434	104,3326
2019-06-16	07:00	8810,77	8815,38	8760	8789,16	LONG	0,00167	5982,76	0,00334	HOLD	99,6434	104,3
2019-06-16	08:00	8788,53	8973,11	8775,55	8910	LONG	0,00167	5982,76	0,00334	HOLD	99,6434	104,5018
2019-06-16	09:00	8909,99	8978,05	8909,99	8933,89	LONG	0,00167	5982,76	0,00334	HOLD	99,6434	104,5417
2019-06-16	10:00	8933,98	8972,4	8920,01	8971,83	LONG	0,00167	5982,76	0,00334	HOLD	99,6434	104,605
2019-06-16	11:00	8970,32	9044,05	8953,43	9025,28	LONG	0,00167	5982,76	0,00334	HOLD	99,6434	104,6943
2019-06-16	12:00	9025,91	9279	9025,23	9275	LONG	0,00167	5982,76	0,00334	HOLD	99,6434	105,1113
2019-06-16	13:00	9275,02	9333	9154,41	9267,31	LONG	0,00167	5982,76	0,00334	HOLD	99,6434	105,0985
2019-06-16	14:00	9266,11	9275,95	9216,05	9245,42	LONG	0,00167	5982,76	0,00334	HOLD	99,6434	105,0619
2019-06-16	15:00	9247	9310	8900	9015	LONG	0,00167	5982,76	0,00334	HOLD	99,6434	104,6771
2019-06-16	16:00	9015	9112,28	8943	9028,95	LONG	0,00167	5982,76	0,00334	HOLD	99,6434	104,7004
2019-06-16	17:00	9026,66	9100	8993,88	9057,52	LONG	0,00167	5982,76	0,00334	HOLD	99,6434	104,7481
2019-06-16	18:00	9057,52	9091	8995,24	9087,12	LONG	0,00167	5982,76	0,00334	HOLD	99,6434	104,7976
2019-06-16	19:00	9087,77	9104,7	9020,33	9040,64	LONG	0,00167	5982,76	0,00334	HOLD	99,6434	104,72
2019-06-16	20:00	9040,63	9219	9011,66	9199,33	LONG	0,00167	5982,76	0,00334	HOLD	99,6434	104,985
2019-06-16	21:00	9197,3	9279,98	9181,4	9212,53	LONG	0,00167	5982,76	0,00334	HOLD	99,6434	105,007
2019-06-16	22:00	9212,73	9234,94	9117,11	9201,73	LONG	0,00167	5982,76	0,00334	HOLD	99,6434	104,989
2019-06-16	23:00	9202,37	9210,01	9116,67	9155	LONG	0,00167	5982,76	0,00334	HOLD	99,6434	104,9109
2019-06-17	00:00	9154,98	9169,89	8983	9031,22	LONG	0,00167	5982,76	0,00334	HOLD	99,6434	104,7042
2019-06-17	01:00	9031,22	9165	8990,47	9039,11	LONG	0,00167	5982,76	0,00334	HOLD	99,6434	104,7174
2019-06-17	02:00	9039,41	9048,35	8839	8924,39	LONG	0,00167	5982,76	0,00334	HOLD	99,6434	104,5258
2019-06-17	03:00	8924,39	8963,63	8820,67	8940,04	LONG	0,00167	5982,76	0,00334	HOLD	99,6434	104,552
2019-06-17	04:00	8940,05	9046,64	8923,01	9045,47	LONG	0,00167	5982,76	0,00334	HOLD	99,6434	104,728
2019-06-17	05:00	9045,25	9068,4	8992	9053,1	LONG	0,00167	5982,76	0,00334	HOLD	99,6434	104,7408
2019-06-17	06:00	9053	9070	8944,02	8953,33	LONG	0,00167	5982,76	0,00334	HOLD	99,6434	104,5741
2019-06-17	07:00	8953	9169,31	8950	9151,17	LONG	0,00167	5982,76	0,00334	HOLD	99,6434	104,9045
2019-06-17	08:00	9154,11	9180	9085	9108,35	LONG	0,00167	5982,76	0,00334	HOLD	99,6434	104,833
2019-06-17	09:00	9108,37	9151,85	9061,93	9063,12	LONG	0,00167	5982,76	0,00334	HOLD	99,6434	104,7575
2019-06-17	10:00	9061,98	9138,07	9061,43	9134,4	LONG	0,00167	5982,76	0,00334	HOLD	99,6434	104,8765
2019-06-17	11:00	9131,33	9212,66	9123,18	9147,27	LONG	0,00167	5982,76	0,00334	HOLD	99,6434	104,898
2019-06-17	12:00	9147,27	9181,98	9121	9140,05	LONG	0,00167	5982,76	0,00334	HOLD	99,6434	104,886
2019-06-17	13:00	9140,1	9174,74	9082	9105,21	LONG	0,00167	5982,76	0,00334	HOLD	99,6434	104,8278
2019-06-17	14:00	9105,21	9154,59	9082,11	9121,17	LONG	0,00167	5982,76	0,00334	HOLD	99,6434	104,8544
2019-06-17	15:00	9121,17	9178,83	9121,17	9160	LONG	0,00167	5982,76	0,00334	HOLD	99,6434	104,9193
2019-06-17	16:00	9160	9170	9106,31	9141,8	LONG	0,00167	5982,76	0,00334	HOLD	99,6434	104,8889
2019-06-17	17:00	9140,22	9247	9110	9222,87	LONG	0,00167	5982,76	0,00334	HOLD	99,6434	105,0243
2019-06-17	18:00	9225,14	9292	9198,4	9249,6	LONG	0,00167	5982,76	0,00334	HOLD	99,6434	105,0689
2019-06-17	19:00	9249,6	9310	9191,03	9250	LONG	0,00167	5982,76	0,00334	HOLD	99,6434	105,0696
2019-06-17	20:00	9248,62	9270	9210	9239,55	LONG	0,00167	5982,76	0,00334	HOLD	99,6434	105,0521
2019-06-17	21:00	9239,54	9379,38	9229,2	9358,08	LONG	0,00167	5982,76	0,00334	HOLD	99,6434	105,2501
2019-06-17	22:00	9358,08	9361,98	9051	9158,42	LONG	0,00167	5982,76	0,00334	HOLD	99,6434	104,9166
2019-06-17	23:00	9161,99	9203,49	9114,16	9198,74	LONG	0,00167	5982,76	0,00334	HOLD	99,6434	104,984
2019-06-18	00:00	9199,56	9260,83	9191,42	9228,38	LONG	0,00167	5982,76	0,00334	HOLD	99,6434	105,0335
2019-06-18	01:00	9227,88	9292,27	9217,78	9259,99	LONG	0,00167	5982,76	0,00334	HOLD	99,6434	105,0863
2019-06-18	02:00	9259,89	9340,74	9220	9278,2	LONG	0,00167	5982,76	0,00334	HOLD	99,6434	105,1167
2019-06-18	03:00	9278,04	9338,36	9159,08	9238,44	LONG	0,00167	5982,76	0,00334	HOLD	99,6434	105,0503
2019-06-18	04:00	9241,37	9270,4	9183,94	9268,58	LONG	0,00167	5982,76	0,00334	HOLD	99,6434	105,1006
2019-06-18	05:00	9270,39	9339,97	9252	9320,42	LONG	0,00167	5982,76	0,00334	HOLD	99,6434	105,1872
2019-06-18	06:00	9320,42	9444	9260	9313,96	LONG	0,00167	5982,76	0,00334	HOLD	99,6434	105,1764
2019-06-18	07:00	9312,13	9336,36	9262	9284,35	LONG	0,00167	5982,76	0,00334	HOLD	99,6434	105,1269
2019-06-18	08:00	9284,34	9313,33	9209,74	9273,04	LONG	0,00167	5982,76	0,00334	HOLD	99,6434	105,1081
2019-06-18	09:00	9271,59	9275	9210	9223,18	LONG	0,00167	5982,76	0,00334	HOLD	99,6434	105,0248
2019-06-18	10:00	9222,91	9254,99	9180,9	9238,33	LONG	0,00167	5982,76	0,00334	HOLD	99,6434	105,0501
2019-06-18	11:00	9238,99	9267,73	9220,03	9230,51	LONG	0,00167	5982,76	0,00334	HOLD	99,6434	105,037
2019-06-18	12:00	9229,38	9232,91	9080,42	9119,69	LONG	0,00167	5982,76	0,00334	HOLD	99,6434	104,852
2019-06-18	13:00	9117,55	9165,19	9089,98	9157,18	LONG	0,00167	5982,76	0,00334	HOLD	99,6434	104,9146
2019-06-18	14:00	9157,03	9159,99	8975,06	9084,63	LONG	0,00167	5982,76	0,00334	HOLD	99,6434	104,7934
2019-06-18	15:00	9082,25	9149	9063,28	9142,52	LONG	0,00167	5982,76	0,00334	HOLD	99,6434	104,8901
2019-06-18	16:00	9141,88	9240	9141,47	9212,68	LONG	0,00167	5982,76	0,00334	HOLD	99,6434	105,0073
2019-06-18	17:00	9213	9250	9187,53	9225,1	LONG	0,00167	5982,76	0,00334	HOLD	99,6434	105,028
2019-06-18	18:00	9225,11	9227,45	9141,98	9174,99	LONG	0,00167	5982,76	0,00334	HOLD	99,6434	104,9443
2019-06-18	19:00	9174,16	9194,42	9093,58	9161,81	LONG	0,00167	5982,76	0,00334	HOLD	99,6434	104,9223
2019-06-18	20:00	9161,79	9199,34	9135,93	9172,72	LONG	0,00167	5982,76	0,00334	HOLD	99,6434	104,9405
2019-06-18	21:00	9173,9	9174,89	9102	9115,73	LONG	0,00167	5982,76	0,00334	HOLD	99,6434	104,8454
2019-06-18	22:00	9116,39	9138,49	8955,8	9086,62	LONG	0,00167	5982,76	0,00334	HOLD	99,6434	104,7967
2019-06-18	23:00	9084,71	9091,27	8956,5	9004,62	LONG	0,00167	5982,76	0,00334	HOLD	99,6434	104,6598
2019-06-19	00:00	9003,72	9070	8950	9051,22	LONG	0,00167	5982,76	0,00334	HOLD	99,6434	104,7376
2019-06-19	01:00	9051,22	9117,94	9035	9110,04	LONG	0,00167	5982,76	0,00334	HOLD	99,6434	104,8359
2019-06-19	02:00	9110,15	9124,13	9040,81	9073,65	LONG	0,00167	5982,76	0,00334	HOLD	99,6434	104,7751
2019-06-19	03:00	9071,63	9142,64	9046,39	9119,74	LONG	0,00167	5982,76	0,00334	HOLD	99,6434	104,8521
2019-06-19	04:00	9119,39	9129,84	8993	9025,29	LONG	0,00167	5982,76	0,00334	HOLD	99,6434	104,6943
2019-06-19	05:00	9025,16	9053,95	8953,43	9017,55	LONG	0,00167	5982,76	0,00334	HOLD	99,6434	104,6814
2019-06-19	06:00	9015,79	9100	8971,74	9081,55	LONG	0,00167	5982,76	0,00334	HOLD	99,6434	104,7883
2019-06-19	07:00	9081,97	9165	9036,71	9161,08	LONG	0,00167	5982,76	0,00334	HOLD	99,6434	104,9211
2019-06-19	08:00	9157,32	9170	9125,28	9139,25	LONG	0,00167	5982,76	0,00334	HOLD	99,6434	104,8846
2019-06-19	09:00	9137,04	9153,31	9111,12	9143,53	LONG	0,00167	5982,76	0,00334	HOLD	99,6434	104,8918
2019-06-19	10:00	9143,55	9169,99	9127,21	9139,53	LONG	0,00167	5982,76	0,00334	HOLD	99,6434	104,8851
2019-06-19	11:00	9139,55	9206,28	9138,4	9165,06	LONG	0,00167	5982,76	0,00334	HOLD	99,6434	104,9277
2019-06-19	12:00	9165,13	9180	9135,67	9172,27	LONG	0,00167	5982,76	0,00334	HOLD	99,6434	104,9398
2019-06-19	13:00	9172	9187,18	9139,89	9143,01	LONG	0,00167	5982,76	0,00334	HOLD	99,6434	104,8909
2019-06-19	14:00	9143,03	9174	9125	9170,67	LONG	0,00167	5982,76	0,00334	HOLD	99,6434	104,9371
2019-06-19	15:00	9171,02	9193,03	9150,01	9158,71	LONG	0,00167	5982,76	0,00334	HOLD	99,6434	104,9171
2019-06-19	16:00	9158,61	9166,17	9093,53	9109,98	LONG	0,00167	5982,76	0,00334	HOLD	99,6434	104,8358
2019-06-19	17:00	9109,96	9138,07	9087	9124,18	LONG	0,00167	5982,76	0,00334	HOLD	99,6434	104,8595
2019-06-19	18:00	9124,17	9139,75	9092,24	9136,65	LONG	0,00167	5982,76	0,00334	HOLD	99,6434	104,8803
2019-06-19	19:00	9137,73	9149,9	9063	9085,27	LONG	0,00167	5982,76	0,00334	HOLD	99,6434	104,7945
2019-06-19	20:00	9085,27	9158,68	9055,83	9128	LONG	0,00167	5982,76	0,00334	HOLD	99,6434	104,8658
2019-06-19	21:00	9127,52	9129,09	8988	9058,2	LONG	0,00167	5982,76	0,00334	HOLD	99,6434	104,7493
2019-06-19	22:00	9066,14	9115,93	9030,6	9088	LONG	0,00167	5982,76	0,00334	HOLD	99,6434	104,799
2019-06-19	23:00	9088,83	9133	9050	9121,65	LONG	0,00167	5982,76	0,00334	HOLD	99,6434	104,8552
2019-06-20	00:00	9122,35	9158,68	9108,7	9137,66	LONG	0,00167	5982,76	0,00334	HOLD	99,6434	104,882
2019-06-20	01:00	9139,47	9140	9090,04	9109	LONG	0,00167	5982,76	0,00334	HOLD	99,6434	104,8341
2019-06-20	02:00	9108,04	9141,99	9099,15	9132,33	LONG	0,00167	5982,76	0,00334	HOLD	99,6434	104,8731
2019-06-20	03:00	9134,32	9160	8960	9148,45	LONG	0,00167	5982,76	0,00334	HOLD	99,6434	104,9
2019-06-20	04:00	9147,17	9214,22	9114,66	9212,91	LONG	0,00167	5982,76	0,00334	HOLD	99,6434	105,0076
2019-06-20	05:00	9211,08	9272,12	9209,73	9245	LONG	0,00167	5982,76	0,00334	HOLD	99,6434	105,0612
2019-06-20	06:00	9246,39	9304	9233,34	9255,49	LONG	0,00167	5982,76	0,00334	HOLD	99,6434	105,0788
2019-06-20	07:00	9253,76	9281,43	9238,73	9244,53	LONG	0,00167	5982,76	0,00334	HOLD	99,6434	105,0605
2019-06-20	08:00	9244,94	9262,5	9217,92	9239,8	LONG	0,00167	5982,76	0,00334	HOLD	99,6434	105,0526
2019-06-20	09:00	9239,9	9324,44	9237,37	9313,84	LONG	0,00167	5982,76	0,00334	HOLD	99,6434	105,1762
2019-06-20	10:00	9313,84	9350	9299,22	9331,6	LONG	0,00167	5982,76	0,00334	HOLD	99,6434	105,2059
2019-06-20	11:00	9331,84	9344,95	9264,74	9294,99	LONG	0,00167	5982,76	0,00334	HOLD	99,6434	105,1447
2019-06-20	12:00	9294,98	9304,99	9275	9276,03	LONG	0,00167	5982,76	0,00334	HOLD	99,6434	105,1131
2019-06-20	13:00	9276	9291,35	9273,17	9284,39	LONG	0,00167	5982,76	0,00334	HOLD	99,6434	105,127
2019-06-20	14:00	9283,86	9309,09	9232,22	9248,25	LONG	0,00167	5982,76	0,00334	HOLD	99,6434	105,0667
2019-06-20	15:00	9248,26	9250,07	9182	9203,23	LONG	0,00167	5982,76	0,00334	HOLD	99,6434	104,9915
2019-06-20	16:00	9203,23	9239,77	9194,47	9208,47	LONG	0,00167	5982,76	0,00334	HOLD	99,6434	105,0002
2019-06-20	17:00	9207,06	9233,58	9175,2	9232,25	LONG	0,00167	5982,76	0,00334	HOLD	99,6434	105,0399
2019-06-20	18:00	9231,93	9269,97	9198,28	9250,1	LONG	0,00167	5982,76	0,00334	HOLD	99,6434	105,0698
2019-06-20	19:00	9250,08	9258,54	9215,84	9248,14	LONG	0,00167	5982,76	0,00334	HOLD	99,6434	105,0665
2019-06-20	20:00	9248,12	9319,87	9242,69	9301,11	LONG	0,00167	5982,76	0,00334	HOLD	99,6434	105,1549
2019-06-20	21:00	9301,08	9358	9284,34	9357,99	LONG	0,00167	5982,76	0,00334	HOLD	99,6434	105,2499
2019-06-20	22:00	9357,82	9400,66	9300	9377,75	LONG	0,00167	5982,76	0,00334	HOLD	99,6434	105,2829
2019-06-20	23:00	9375,63	9424,05	9327,27	9347,15	LONG	0,00167	5982,76	0,00334	HOLD	99,6434	105,2318
2019-06-21	00:00	9347,15	9348,82	9284,81	9339,53	LONG	0,00167	5982,76	0,00334	HOLD	99,6434	105,2191
2019-06-21	01:00	9344,59	9443,02	9321,56	9420,27	LONG	0,00167	5982,76	0,00334	HOLD	99,6434	105,3539
2019-06-21	02:00	9420,28	9518	9388,43	9497,5	LONG	0,00167	5982,76	0,00334	HOLD	99,6434	105,4829
2019-06-21	03:00	9497,5	9590	9474,62	9536,47	LONG	0,00167	5982,76	0,00334	HOLD	99,6434	105,548
2019-06-21	04:00	9535,79	9584,22	9480,59	9494,31	LONG	0,00167	5982,76	0,00334	HOLD	99,6434	105,4776
2019-06-21	05:00	9494,09	9567	9440	9537,19	LONG	0,00167	5982,76	0,00334	HOLD	99,6434	105,5492
2019-06-21	06:00	9536,79	9575	9490,59	9517,12	LONG	0,00167	5982,76	0,00334	HOLD	99,6434	105,5157
2019-06-21	07:00	9518,06	9579,5	9518,06	9571,58	LONG	0,00167	5982,76	0,00334	HOLD	99,6434	105,6066
2019-06-21	08:00	9568,44	9749	9567,8	9712,09	LONG	0,00167	5982,76	0,00334	HOLD	99,6434	105,8413
2019-06-21	09:00	9712,05	9798	9630,56	9684,3	LONG	0,00167	5982,76	0,00334	HOLD	99,6434	105,7949
2019-06-21	10:00	9683,58	9752,37	9649	9750	LONG	0,00167	5982,76	0,00334	HOLD	99,6434	105,9046
2019-06-21	11:00	9750	9761,93	9710	9727,1	LONG	0,00167	5982,76	0,00334	HOLD	99,6434	105,8663
2019-06-21	12:00	9724,12	9745	9690,07	9729,63	LONG	0,00167	5982,76	0,00334	HOLD	99,6434	105,8706
2019-06-21	13:00	9731,02	9736,98	9617,46	9658,68	LONG	0,00167	5982,76	0,00334	HOLD	99,6434	105,7521
2019-06-21	14:00	9657,56	9721,08	9638,83	9719,45	LONG	0,00167	5982,76	0,00334	HOLD	99,6434	105,8536
2019-06-21	15:00	9718,44	9725	9682	9711,14	LONG	0,00167	5982,76	0,00334	HOLD	99,6434	105,8397
2019-06-21	16:00	9709,26	9782,05	9667,25	9760,39	LONG	0,00167	5982,76	0,00334	HOLD	99,6434	105,9219
2019-06-21	17:00	9760,23	9778,58	9702,02	9750,72	LONG	0,00167	5982,76	0,00334	HOLD	99,6434	105,9058
2019-06-21	18:00	9750,71	9826,06	9735,3	9808,89	LONG	0,00167	5982,76	0,00334	HOLD	99,6434	106,0029
2019-06-21	19:00	9807,66	9846,86	9765,32	9825,84	LONG	0,00167	5982,76	0,00334	HOLD	99,6434	106,0312
2019-06-21	20:00	9825,84	9904	9642,12	9757,08	LONG	0,00167	5982,76	0,00334	HOLD	99,6434	105,9164
2019-06-21	21:00	9755,99	9810,66	9703,89	9797,05	LONG	0,00167	5982,76	0,00334	HOLD	99,6434	105,9832
2019-06-21	22:00	9797,05	9848,92	9761,99	9787,83	LONG	0,00167	5982,76	0,00334	HOLD	99,6434	105,9678
2019-06-21	23:00	9790,39	9898	9789,86	9865,36	LONG	0,00167	5982,76	0,00334	HOLD	99,6434	106,0972
2019-06-22	00:00	9866,46	9925,7	9834,84	9900,55	LONG	0,00167	5982,76	0,00334	HOLD	99,6434	106,156
2019-06-22	01:00	9900,55	9930	9865,43	9897,13	LONG	0,00167	5982,76	0,00334	HOLD	99,6434	106,1503
2019-06-22	02:00	9897,05	9907,01	9810,98	9890,28	LONG	0,00167	5982,76	0,00334	HOLD	99,6434	106,1389
2019-06-22	03:00	9890,25	9928,68	9844	9917,5	LONG	0,00167	5982,76	0,00334	HOLD	99,6434	106,1843
2019-06-22	04:00	9917,5	9929,66	9870	9909,46	LONG	0,00167	5982,76	0,00334	HOLD	99,6434	106,1709
2019-06-22	05:00	9909,46	9911,69	9851,07	9903,54	LONG	0,00167	5982,76	0,00334	HOLD	99,6434	106,161
2019-06-22	06:00	9904,25	10174,99	9894,57	10159,86	LONG	0,00167	5982,76	0,00334	HOLD	99,6434	106,5891
2019-06-22	07:00	10159,86	10168,9	9921,72	10085,34	LONG	0,00167	5982,76	0,00334	HOLD	99,6434	106,4646
2019-06-22	08:00	10087,08	10493,89	10065,72	10462,02	LONG	0,00167	5982,76	0,00334	HOLD	99,6434	107,0937
2019-06-22	09:00	10463,73	10791,39	10390	10730	LONG	0,00167	5982,76	0,00334	HOLD	99,6434	107,5412
2019-06-22	10:00	10730	10951,81	10474	10579,96	LONG	0,00167	5982,76	0,00334	HOLD	99,6434	107,2906
2019-06-22	11:00	10575,97	10726,36	10512	10655,61	LONG	0,00167	5982,76	0,00334	HOLD	99,6434	107,417
2019-06-22	12:00	10661,93	10760	10651	10736,06	LONG	0,00167	5982,76	0,00334	HOLD	99,6434	107,5513
2019-06-22	13:00	10736,27	10760	10667	10760	LONG	0,00167	5982,76	0,00334	HOLD	99,6434	107,5913
2019-06-22	14:00	10758,23	10760	10670	10670	LONG	0,00167	5982,76	0,00334	HOLD	99,6434	107,441
2019-06-22	15:00	10675,64	10857,14	10632,9	10821,93	LONG	0,00167	5982,76	0,00334	HOLD	99,6434	107,6947
2019-06-22	16:00	10821,9	10945,38	10770	10930,03	LONG	0,00167	5982,76	0,00334	HOLD	99,6434	107,8752
2019-06-22	17:00	10931,71	10946,99	10850	10899,59	LONG	0,00167	5982,76	0,00334	HOLD	99,6434	107,8244
2019-06-22	18:00	10899,97	10930	10770,79	10867,04	LONG	0,00167	5982,76	0,00334	HOLD	99,6434	107,77
2019-06-22	19:00	10867,04	11160	10863,27	11089,98	LONG	0,00167	5982,76	0,00334	HOLD	99,6434	108,1424
2019-06-22	20:00	11089,56	11150,96	10982,89	11082,97	LONG	0,00167	5982,76	0,00334	HOLD	99,6434	108,1306
2019-06-22	21:00	11083,14	11120	10310	10716,6	LONG	0,00167	5982,76	0,00334	HOLD	99,6434	107,5188
2019-06-22	22:00	10716,6	10850	10576,28	10798,78	LONG	0,00167	5982,76	0,00334	HOLD	99,6434	107,656
2019-06-22	23:00	10804,24	11003,98	10799,6	10908,98	LONG	0,00167	5982,76	0,00334	HOLD	99,6434	107,8401
2019-06-23	00:00	10907,29	11000	10644	10713,51	LONG	0,00167	5982,76	0,00334	HOLD	99,6434	107,5136
2019-06-23	01:00	10717,05	10829,99	10600	10657	LONG	0,00167	5982,76	0,00334	HOLD	99,6434	107,4193
2019-06-23	02:00	10654,75	10738,17	10500	10684,7	LONG	0,00167	5982,76	0,00334	HOLD	99,6434	107,4655
2019-06-23	03:00	10684,97	10748,8	10604,76	10648,84	LONG	0,00167	5982,76	0,00334	HOLD	99,6434	107,4056
2019-06-23	04:00	10647,53	10680	10508,43	10594,88	LONG	0,00167	5982,76	0,00334	HOLD	99,6434	107,3155
2019-06-23	05:00	10595,06	10597	10410	10515	LONG	0,00167	5982,76	0,00334	HOLD	99,6434	107,1821
2019-06-23	06:00	10515	10787,11	10505,7	10729,5	LONG	0,00167	5982,76	0,00334	HOLD	99,6434	107,5404
2019-06-23	07:00	10729	10955	10701,83	10889,75	LONG	0,00167	5982,76	0,00334	HOLD	99,6434	107,808
2019-06-23	08:00	10891,2	10963,25	10790,52	10894,21	LONG	0,00167	5982,76	0,00334	HOLD	99,6434	107,8154
2019-06-23	09:00	10894,17	10918,03	10731,19	10731,79	LONG	0,00167	5982,76	0,00334	HOLD	99,6434	107,5442
2019-06-23	10:00	10737,65	10808,88	10670	10797,89	LONG	0,00167	5982,76	0,00334	HOLD	99,6434	107,6546
2019-06-23	11:00	10797,98	10814,51	10710,26	10736,63	LONG	0,00167	5982,76	0,00334	HOLD	99,6434	107,5523
2019-06-23	12:00	10736,71	10818,46	10680,19	10812,26	LONG	0,00167	5982,76	0,00334	HOLD	99,6434	107,6786
2019-06-23	13:00	10813,41	10846,55	10758	10762,56	LONG	0,00167	5982,76	0,00334	HOLD	99,6434	107,5956
2019-06-23	14:00	10762,8	10816,24	10720	10743,21	LONG	0,00167	5982,76	0,00334	HOLD	99,6434	107,5632
2019-06-23	15:00	10740,65	10782,49	10685,5	10712,72	LONG	0,00167	5982,76	0,00334	HOLD	99,6434	107,5123
2019-06-23	16:00	10712,59	10735,04	10600	10700	LONG	0,00167	5982,76	0,00334	HOLD	99,6434	107,4911
2019-06-23	17:00	10700	10700	10555,18	10596,44	LONG	0,00167	5982,76	0,00334	HOLD	99,6434	107,3181
2019-06-23	18:00	10597,54	10724,03	10593,03	10658,81	LONG	0,00167	5982,76	0,00334	HOLD	99,6434	107,4223
2019-06-23	19:00	10658,81	10816,93	10656,29	10751,35	LONG	0,00167	5982,76	0,00334	HOLD	99,6434	107,5768
2019-06-23	20:00	10751,35	10753,49	10650,02	10686,43	LONG	0,00167	5982,76	0,00334	HOLD	99,6434	107,4684
2019-06-23	21:00	10686,23	10817,98	10682,38	10782,22	LONG	0,00167	5982,76	0,00334	HOLD	99,6434	107,6284
2019-06-23	22:00	10780,32	10828,61	10750	10812,32	LONG	0,00167	5982,76	0,00334	HOLD	99,6434	107,6787
2019-06-23	23:00	10812,32	10862,98	10721,75	10743,36	LONG	0,00167	5982,76	0,00334	HOLD	99,6434	107,5635
2019-06-24	00:00	10740,94	10813,94	10721,11	10798,4	LONG	0,00167	5982,76	0,00334	HOLD	99,6434	107,6554
2019-06-24	01:00	10798,4	10914	10781,54	10906,32	LONG	0,00167	5982,76	0,00334	HOLD	99,6434	107,8356
2019-06-24	02:00	10905,4	11134,7	10905,2	11058,32	LONG	0,00167	5982,76	0,00334	HOLD	99,6434	108,0895
2019-06-24	03:00	11058,49	11180	11043,92	11136,07	LONG	0,00167	5982,76	0,00334	HOLD	99,6434	108,2193
2019-06-24	04:00	11136,49	11392,64	10924,41	11004,07	LONG	0,00167	5982,76	0,00334	HOLD	99,6434	107,9989
2019-06-24	05:00	11004,08	11139,98	10842,78	10936,17	LONG	0,00167	5982,76	0,00334	HOLD	99,6434	107,8855
2019-06-24	06:00	10936,17	10940,35	10780	10906,07	LONG	0,00167	5982,76	0,00334	HOLD	99,6434	107,8352
2019-06-24	07:00	10905,95	10905,96	10620,8	10728,32	LONG	0,00167	5982,76	0,00334	HOLD	99,6434	107,5384
2019-06-24	08:00	10725,15	10777,79	10621,4	10706,37	LONG	0,00167	5982,76	0,00334	HOLD	99,6434	107,5017
