2019-06-24	09:00	10707,56	10776,99	10664,8	10715,91	LONG	0,00167	5982,76	0,00334	HOLD	99,6434	107,5177
2019-06-24	10:00	10715,93	10759,45	10679,78	10720,64	LONG	0,00167	5982,76	0,00334	HOLD	99,6434	107,5256
2019-06-24	11:00	10720,34	10854,75	10674,55	10851,55	LONG	0,00167	5982,76	0,00334	HOLD	99,6434	107,7442
2019-06-24	12:00	10851,53	10876,96	10790,08	10833	LONG	0,00167	5982,76	0,00334	HOLD	99,6434	107,7132
2019-06-24	13:00	10832,53	10833	10740,01	10763,53	LONG	0,00167	5982,76	0,00334	HOLD	99,6434	107,5972
2019-06-24	14:00	10766,29	10848,08	10765,46	10816,17	LONG	0,00167	5982,76	0,00334	HOLD	99,6434	107,6851
2019-06-24	15:00	10814,8	10936	10810,15	10935	LONG	0,00167	5982,76	0,00334	HOLD	99,6434	107,8835
2019-06-24	16:00	10934,98	10975	10861,11	10922,98	LONG	0,00167	5982,76	0,00334	HOLD	99,6434	107,8635
2019-06-24	17:00	10922,98	11023,39	10901	10902,47	LONG	0,00167	5982,76	0,00334	HOLD	99,6434	107,8292
2019-06-24	18:00	10904	10940	10810	10938,17	LONG	0,00167	5982,76	0,00334	HOLD	99,6434	107,8888
2019-06-24	19:00	10937,34	10976,87	10869,57	10901,66	LONG	0,00167	5982,76	0,00334	HOLD	99,6434	107,8279
2019-06-24	20:00	10900,01	10930	10800	10880,7	LONG	0,00167	5982,76	0,00334	HOLD	99,6434	107,7929
2019-06-24	21:00	10880	11000	10855,22	10963,48	LONG	0,00167	5982,76	0,00334	HOLD	99,6434	107,9311
2019-06-24	22:00	10963,48	10988	10875,53	10936,87	LONG	0,00167	5982,76	0,00334	HOLD	99,6434	107,8867
2019-06-24	23:00	10933,85	11143,63	10932,89	11054,85	LONG	0,00167	5982,76	0,00334	HOLD	99,6434	108,0837
2019-06-25	00:00	11053,49	11111,82	11020,7	11073,85	LONG	0,00167	5982,76	0,00334	HOLD	99,6434	108,1154
2019-06-25	01:00	11073,8	11125	11001,03	11019,94	LONG	0,00167	5982,76	0,00334	HOLD	99,6434	108,0254
2019-06-25	02:00	11019,94	11059,21	10861,34	10944,73	LONG	0,00167	5982,76	0,00334	HOLD	99,6434	107,8998
2019-06-25	03:00	10945	11005,03	10865,07	10910,72	LONG	0,00167	5982,76	0,00334	HOLD	99,6434	107,843
2019-06-25	04:00	10907,89	10997	10905,85	10980,94	LONG	0,00167	5982,76	0,00334	HOLD	99,6434	107,9603
2019-06-25	05:00	10980,87	11100	10977,58	11035	LONG	0,00167	5982,76	0,00334	HOLD	99,6434	108,0505
2019-06-25	06:00	11036,93	11071,63	10982	11056,59	LONG	0,00167	5982,76	0,00334	HOLD	99,6434	108,0866
2019-06-25	07:00	11056,59	11130	11026	11072,07	LONG	0,00167	5982,76	0,00334	HOLD	99,6434	108,1124
2019-06-25	08:00	11075,02	11151,77	11070,65	11138,38	LONG	0,00167	5982,76	0,00334	HOLD	99,6434	108,2232
2019-06-25	09:00	11138,38	11262,99	11100	11161,26	LONG	0,00167	5982,76	0,00334	HOLD	99,6434	108,2614
2019-06-25	10:00	11163,25	11215,71	11111,01	11172,19	LONG	0,00167	5982,76	0,00334	HOLD	99,6434	108,2796
2019-06-25	11:00	11171,71	11272,97	11157,91	11272,15	LONG	0,00167	5982,76	0,00334	HOLD	99,6434	108,4466
2019-06-25	12:00	11269,3	11381,85	11260,01	11346,73	LONG	0,00167	5982,76	0,00334	HOLD	99,6434	108,5711
2019-06-25	13:00	11346,73	11435	11273	11312,48	LONG	0,00167	5982,76	0,00334	HOLD	99,6434	108,5139
2019-06-25	14:00	11312,46	11423,15	11308,16	11377,6	LONG	0,00167	5982,76	0,00334	HOLD	99,6434	108,6227
2019-06-25	15:00	11377,6	11402,01	11240,64	11315,76	LONG	0,00167	5982,76	0,00334	HOLD	99,6434	108,5194
2019-06-25	16:00	11315,76	11380,6	11288	11373,69	LONG	0,00167	5982,76	0,00334	HOLD	99,6434	108,6161
2019-06-25	17:00	11373,7	11495	11340,7	11447,48	LONG	0,00167	5982,76	0,00334	HOLD	99,6434	108,7394
2019-06-25	18:00	11446,91	11499,24	11341,96	11418,37	LONG	0,00167	5982,76	0,00334	HOLD	99,6434	108,6908
2019-06-25	19:00	11418,37	11436	11130,01	11236,19	LONG	0,00167	5982,76	0,00334	HOLD	99,6434	108,3865
2019-06-25	20:00	11237,44	11349,7	11210,25	11342,12	LONG	0,00167	5982,76	0,00334	HOLD	99,6434	108,5634
2019-06-25	21:00	11342,12	11385,35	11296	11328,34	LONG	0,00167	5982,76	0,00334	HOLD	99,6434	108,5404
2019-06-25	22:00	11328,33	11433,53	11285,83	11385,31	LONG	0,00167	5982,76	0,00334	HOLD	99,6434	108,6356
2019-06-25	23:00	11385,05	11503,71	11376,93	11386,73	LONG	0,00167	5982,76	0,00334	HOLD	99,6434	108,6379
2019-06-26	00:00	11385,1	11428,39	11266	11377,72	LONG	0,00167	5982,76	0,00334	HOLD	99,6434	108,6229
2019-06-26	01:00	11379,64	11450	11340,78	11441,42	LONG	0,00167	5982,76	0,00334	HOLD	99,6434	108,7293
2019-06-26	02:00	11438,57	11455	11384,97	11411,95	LONG	0,00167	5982,76	0,00334	HOLD	99,6434	108,68
2019-06-26	03:00	11411,76	11460	11385,4	11405,8	LONG	0,00167	5982,76	0,00334	HOLD	99,6434	108,6698
2019-06-26	04:00	11405,8	11627	11405,41	11599,67	LONG	0,00167	5982,76	0,00334	HOLD	99,6434	108,9935
2019-06-26	05:00	11596,46	11750	11560,32	11718,17	LONG	0,00167	5982,76	0,00334	HOLD	99,6434	109,1914
2019-06-26	06:00	11715,24	11850	11675	11820,86	LONG	0,00167	5982,76	0,00334	HOLD	99,6434	109,3629
2019-06-26	07:00	11821,28	11995,46	11741	11950,78	LONG	0,00167	5982,76	0,00334	HOLD	99,6434	109,5799
2019-06-26	08:00	11949,34	11997,5	11850,78	11928,58	LONG	0,00167	5982,76	0,00334	HOLD	99,6434	109,5428
2019-06-26	09:00	11928,54	11990	11816,53	11955,6	LONG	0,00167	5982,76	0,00334	HOLD	99,6434	109,5879
2019-06-26	10:00	11956,55	12293,92	11956,48	12269,41	LONG	0,00167	5982,76	0,00334	HOLD	99,6434	110,112
2019-06-26	11:00	12271	12509,84	12200	12483,25	LONG	0,00167	5982,76	0,00334	HOLD	99,6434	110,4691
2019-06-26	12:00	12486,14	13000	12272,38	12531,41	LONG	0,00167	5982,76	0,00334	HOLD	99,6434	110,5495
2019-06-26	13:00	12532,12	12840,91	12531,06	12806,39	LONG	0,00167	5982,76	0,00334	HOLD	99,6434	111,0088
2019-06-26	14:00	12806,37	12814,26	12518	12541,39	LONG	0,00167	5982,76	0,00334	HOLD	99,6434	110,5662
2019-06-26	15:00	12549,79	12743,85	12542,52	12699,94	LONG	0,00167	5982,76	0,00334	HOLD	99,6434	110,831
2019-06-26	16:00	12699,16	12699,86	12373	12445,6	LONG	0,00167	5982,76	0,00334	HOLD	99,6434	110,4062
2019-06-26	17:00	12445,82	12770,03	12407,29	12762,66	LONG	0,00167	5982,76	0,00334	HOLD	99,6434	110,9357
2019-06-26	18:00	12764,23	12777,55	12652,74	12696,8	LONG	0,00167	5982,76	0,00334	HOLD	99,6434	110,8257
2019-06-26	19:00	12693,77	12894,99	12588	12864,98	LONG	0,00167	5982,76	0,00334	HOLD	99,6434	111,1066
2019-06-26	20:00	12855,43	12959	12763,99	12939,56	LONG	0,00167	5982,76	0,00334	HOLD	99,6434	111,2312
2019-06-26	21:00	12936,28	12982,35	12772,01	12815,91	LONG	0,00167	5982,76	0,00334	HOLD	99,6434	111,0247
2019-06-26	22:00	12813,79	12936,78	12747,1	12889,05	LONG	0,00167	5982,76	0,00334	HOLD	99,6434	111,1468
2019-06-26	23:00	12889,05	13750	12811,77	13714,99	LONG	0,00167	5982,76	0,00334	HOLD	99,6434	112,5261
2019-06-27	00:00	13711,22	13718,77	13231	13538,38	LONG	0,00167	5982,76	0,00334	HOLD	99,6434	112,2312
2019-06-27	01:00	13537,69	13961,45	13451	13905,39	LONG	0,00167	5982,76	0,00334	HOLD	99,6434	112,8441
2019-06-27	02:00	13905,4	13964,74	13650	13960,76	LONG	0,00167	5982,76	0,00334	HOLD	99,6434	112,9366
2019-06-27	03:00	13960,76	13970	11801	12872,77	LONG	0,00167	5982,76	0,00334	HOLD	99,6434	111,1196
2019-06-27	04:00	12882,2	12940	11900	12609,38	LONG	0,00167	5982,76	0,00334	HOLD	99,6434	110,6797
2019-06-27	05:00	12598,31	12800	12275,7	12616,72	LONG	0,00167	5982,76	0,00334	HOLD	99,6434	110,692
2019-06-27	06:00	12619,53	13216,95	12616,71	13093,8	LONG	0,00167	5982,76	0,00334	HOLD	99,6434	111,4887
2019-06-27	07:00	13098,38	13478,04	12860,02	13173,69	LONG	0,00167	5982,76	0,00334	HOLD	99,6434	111,6221
2019-06-27	08:00	13173,69	13360	12500	12869,35	LONG	0,00167	5982,76	0,00334	HOLD	99,6434	111,1139
2019-06-27	09:00	12869,34	12981,71	12571,42	12909,06	LONG	0,00167	5982,76	0,00334	HOLD	99,6434	111,1802
2019-06-27	10:00	12913,5	13034,53	12730	12982,04	LONG	0,00167	5982,76	0,00334	HOLD	99,6434	111,3021
2019-06-27	11:00	12993,75	13154,69	12900,42	12955,99	LONG	0,00167	5982,76	0,00334	HOLD	99,6434	111,2586
2019-06-27	12:00	12950,63	12955,27	12664,21	12931,2	LONG	0,00167	5982,76	0,00334	HOLD	99,6434	111,2172
2019-06-27	13:00	12932,29	12932,29	12100	12468	LONG	0,00167	5982,76	0,00334	HOLD	99,6434	110,4436
2019-06-27	14:00	12467,99	12618,65	12377,35	12499,95	LONG	0,00167	5982,76	0,00334	HOLD	99,6434	110,497
2019-06-27	15:00	12495,13	12516,73	11940,06	12028,99	LONG	0,00167	5982,76	0,00334	HOLD	99,6434	109,7105
2019-06-27	16:00	12029,34	12150	11450	11928	LONG	0,00167	5982,76	0,00334	HOLD	99,6434	109,5418
2019-06-27	17:00	11927,99	12184,49	11838	11893,24	LONG	0,00167	5982,76	0,00334	HOLD	99,6434	109,4838
2019-06-27	18:00	11893,86	12281,38	11893,86	12261,63	LONG	0,00167	5982,76	0,00334	HOLD	99,6434	110,099
2019-06-27	19:00	12255,58	12360	11838	11894,43	LONG	0,00167	5982,76	0,00334	HOLD	99,6434	109,4858
2019-06-27	20:00	11894,43	12002,71	11705	11810,01	LONG	0,00167	5982,76	0,00334	HOLD	99,6434	109,3448
2019-06-27	21:00	11808,59	12087,99	11575	12085,87	LONG	0,00167	5982,76	0,00334	HOLD	99,6434	109,8055
2019-06-27	22:00	12085,87	12094,94	11700,5	11830	LONG	0,00167	5982,76	0,00334	HOLD	99,6434	109,3782
2019-06-27	23:00	11830	11948,63	11033,02	11083,43	LONG	0,00167	5982,76	0,00334	HOLD	99,6434	108,1314
2019-06-28	00:00	11081,84	11189,99	10680,04	11050,16	LONG	0,00167	5982,76	0,00334	HOLD	99,6434	108,0759
2019-06-28	01:00	11056,33	11244,99	10900	11165,54	LONG	0,00167	5982,76	0,00334	HOLD	99,6434	108,2685
2019-06-28	02:00	11165,19	11165,19	10765,65	11022,01	LONG	0,00167	5982,76	0,00334	HOLD	99,6434	108,0288
2019-06-28	03:00	11029,96	11079	10525,1	10850,27	LONG	0,00167	5982,76	0,00334	HOLD	99,6434	107,742
2019-06-28	04:00	10850,26	10982,97	10627,12	10878,88	LONG	0,00167	5982,76	0,00334	HOLD	99,6434	107,7898
2019-06-28	05:00	10878,84	11329,99	10874,51	11277,93	LONG	0,00167	5982,76	0,00334	HOLD	99,6434	108,4562
2019-06-28	06:00	11283,31	11566	11114,27	11329,99	LONG	0,00167	5982,76	0,00334	HOLD	99,6434	108,5432
2019-06-28	07:00	11329,99	11660,84	11200,04	11659,69	LONG	0,00167	5982,76	0,00334	HOLD	99,6434	109,0938
2019-06-28	08:00	11659,65	11771,98	11428,73	11491,02	LONG	0,00167	5982,76	0,00334	HOLD	99,6434	108,8121
2019-06-28	09:00	11490,94	11619,99	11192,01	11207,19	LONG	0,00167	5982,76	0,00334	HOLD	99,6434	108,3381
2019-06-28	10:00	11202,92	11375	11080	11370	LONG	0,00167	5982,76	0,00334	HOLD	99,6434	108,61
2019-06-28	11:00	11370	11413,06	11077	11242,24	LONG	0,00167	5982,76	0,00334	HOLD	99,6434	108,3966
2019-06-28	12:00	11244,96	11331,02	10982,88	11331,02	LONG	0,00167	5982,76	0,00334	HOLD	99,6434	108,5449
2019-06-28	13:00	11324,14	11580	11324,14	11452,58	LONG	0,00167	5982,76	0,00334	HOLD	99,6434	108,7479
2019-06-28	14:00	11452,58	11662	11373,81	11430	LONG	0,00167	5982,76	0,00334	HOLD	99,6434	108,7102
2019-06-28	15:00	11425,81	11889	11425,8	11800	LONG	0,00167	5982,76	0,00334	HOLD	99,6434	109,3281
2019-06-28	16:00	11799,99	12099,44	11798,86	12004,32	LONG	0,00167	5982,76	0,00334	HOLD	99,6434	109,6693
2019-06-28	17:00	12004,41	12150	11805,7	11985	LONG	0,00167	5982,76	0,00334	HOLD	99,6434	109,637
2019-06-28	18:00	11985	12203	11864,46	12178,85	LONG	0,00167	5982,76	0,00334	HOLD	99,6434	109,9608
2019-06-28	19:00	12178,81	12190,14	11672,09	11764,53	LONG	0,00167	5982,76	0,00334	HOLD	99,6434	109,2689
2019-06-28	20:00	11764,53	11968,99	11639	11959,97	LONG	0,00167	5982,76	0,00334	HOLD	99,6434	109,5952
2019-06-28	21:00	11960	11968,3	11780	11833,55	LONG	0,00167	5982,76	0,00334	HOLD	99,6434	109,3841
2019-06-28	22:00	11833,55	12073,48	11832,15	11989,22	LONG	0,00167	5982,76	0,00334	HOLD	99,6434	109,6441
2019-06-28	23:00	11989,78	12047,32	11801,05	11975,35	LONG	0,00167	5982,76	0,00334	HOLD	99,6434	109,6209
2019-06-29	00:00	11975,35	11994,36	11821,11	11897,63	LONG	0,00167	5982,76	0,00334	HOLD	99,6434	109,4911
2019-06-29	01:00	11894,37	12021	11860,06	11993,84	LONG	0,00167	5982,76	0,00334	HOLD	99,6434	109,6518
2019-06-29	02:00	11993,69	12400	11985	12368,43	LONG	0,00167	5982,76	0,00334	HOLD	99,6434	110,2774
2019-06-29	03:00	12366,71	12451,64	12137,7	12271,49	LONG	0,00167	5982,76	0,00334	HOLD	99,6434	110,1155
2019-06-29	04:00	12267,44	12426,68	12267,44	12356,41	LONG	0,00167	5982,76	0,00334	HOLD	99,6434	110,2573
2019-06-29	05:00	12356,41	12401,43	12205,33	12375,82	LONG	0,00167	5982,76	0,00334	HOLD	99,6434	110,2897
2019-06-29	06:00	12373,32	12480	12307,51	12400,63	LONG	0,00167	5982,76	0,00334	HOLD	99,6434	110,3311
2019-06-29	07:00	12407,06	12441,54	12231	12277	LONG	0,00167	5982,76	0,00334	HOLD	99,6434	110,1247
2019-06-29	08:00	12277,31	12392,71	11869	11893,77	LONG	0,00167	5982,76	0,00334	HOLD	99,6434	109,4847
2019-06-29	09:00	11893,77	11900	11617,2	11832,19	LONG	0,00167	5982,76	0,00334	HOLD	99,6434	109,3818
2019-06-29	10:00	11830,84	11852,57	11500	11616,29	LONG	0,00167	5982,76	0,00334	HOLD	99,6434	109,0213
2019-06-29	11:00	11622,19	11738	11475,02	11723,22	LONG	0,00167	5982,76	0,00334	HOLD	99,6434	109,1999
2019-06-29	12:00	11723,24	11780,99	11552,2	11615,37	LONG	0,00167	5982,76	0,00334	HOLD	99,6434	109,0198
2019-06-29	13:00	11611,42	11868	11524,21	11842,35	LONG	0,00167	5982,76	0,00334	HOLD	99,6434	109,3988
2019-06-29	14:00	11844,67	11922,48	11747,38	11873,61	LONG	0,00167	5982,76	0,00334	HOLD	99,6434	109,451
2019-06-29	15:00	11877,5	11880,28	11656	11696,63	LONG	0,00167	5982,76	0,00334	HOLD	99,6434	109,1555
2019-06-29	16:00	11697,56	11796,03	11640,01	11657,04	LONG	0,00167	5982,76	0,00334	HOLD	99,6434	109,0893
2019-06-29	17:00	11657,02	11901	11595,57	11887,42	LONG	0,00167	5982,76	0,00334	HOLD	99,6434	109,4741
2019-06-29	18:00	11890,94	12033	11774,64	12023,91	LONG	0,00167	5982,76	0,00334	HOLD	99,6434	109,702
2019-06-29	19:00	12020,4	12170,99	11951,01	12100	LONG	0,00167	5982,76	0,00334	HOLD	99,6434	109,8291
2019-06-29	20:00	12099,99	12199	11940	12025,54	LONG	0,00167	5982,76	0,00334	HOLD	99,6434	109,7047
2019-06-29	21:00	12025	12064,53	11886	11978,39	LONG	0,00167	5982,76	0,00334	HOLD	99,6434	109,626
2019-06-29	22:00	11978,39	12096,61	11893,93	11939,62	LONG	0,00167	5982,76	0,00334	HOLD	99,6434	109,5613
2019-06-29	23:00	11939,62	12025	11702	11860,46	LONG	0,00167	5982,76	0,00334	HOLD	99,6434	109,4291
2019-06-30	00:00	11860,46	12048,66	11795,78	12014,17	LONG	0,00167	5982,76	0,00334	HOLD	99,6434	109,6857
2019-06-30	01:00	12014,17	12100,57	11950,02	11998,84	LONG	0,00167	5982,76	0,00334	HOLD	99,6434	109,6601
2019-06-30	02:00	11997,64	12050,79	11880	11900	LONG	0,00167	5982,76	0,00334	HOLD	99,6434	109,4951
2019-06-30	03:00	11900	12244	11892,75	12150,2	LONG	0,00167	5982,76	0,00334	HOLD	99,6434	109,9129
2019-06-30	04:00	12152,74	12235	11905	11992,97	LONG	0,00167	5982,76	0,00334	HOLD	99,6434	109,6503
2019-06-30	05:00	11992,3	12126,25	11966,69	12072,02	LONG	0,00167	5982,76	0,00334	HOLD	99,6434	109,7824
2019-06-30	06:00	12070,35	12088,76	11826,92	11903,13	LONG	0,00167	5982,76	0,00334	HOLD	99,6434	109,5003
2019-06-30	07:00	11903,13	12155	11901,3	12135,03	LONG	0,00167	5982,76	0,00334	HOLD	99,6434	109,8876
2019-06-30	08:00	12135,91	12139,78	12012,46	12098,59	LONG	0,00167	5982,76	0,00334	HOLD	99,6434	109,8267
2019-06-30	09:00	12098,22	12107,2	12020,03	12075	LONG	0,00167	5982,76	0,00334	HOLD	99,6434	109,7873
2019-06-30	10:00	12075	12180	12010,03	12133,8	LONG	0,00167	5982,76	0,00334	HOLD	99,6434	109,8855
2019-06-30	11:00	12133,8	12170	12023	12058,72	LONG	0,00167	5982,76	0,00334	HOLD	99,6434	109,7601
2019-06-30	12:00	12058,72	12131,36	11880	11973,36	LONG	0,00167	5982,76	0,00334	HOLD	99,6434	109,6176
2019-06-30	13:00	11973,36	12025,24	11900	11923,54	LONG	0,00167	5982,76	0,00334	HOLD	99,6434	109,5344
2019-06-30	14:00	11921,41	11938,85	11651,98	11731,19	LONG	0,00167	5982,76	0,00334	HOLD	99,6434	109,2132
2019-06-30	15:00	11728,81	11846,53	11680	11808,77	LONG	0,00167	5982,76	0,00334	HOLD	99,6434	109,3427
2019-06-30	16:00	11807,1	11881	11709,18	11798,66	LONG	0,00167	5982,76	0,00334	HOLD	99,6434	109,3258
2019-06-30	17:00	11797,1	11816,8	11501,1	11603,44	LONG	0,00167	5982,76	0,00334	HOLD	99,6434	108,9998
2019-06-30	18:00	11603,44	11680	11564,14	11624,1	LONG	0,00167	5982,76	0,00334	HOLD	99,6434	109,0343
2019-06-30	19:00	11626,52	11728,87	11583	11648,09	LONG	0,00167	5982,76	0,00334	HOLD	99,6434	109,0744
2019-06-30	20:00	11648	11689,94	11115	11206,95	LONG	0,00167	5982,76	0,00334	HOLD	99,6434	108,3377
2019-06-30	21:00	11208,74	11350	11040	11293,3	LONG	0,00167	5982,76	0,00334	HOLD	99,6434	108,4819
2019-06-30	22:00	11299,06	11319,93	11145	11164,45	LONG	0,00167	5982,76	0,00334	HOLD	99,6434	108,2667
2019-06-30	23:00	11164,01	11355,74	10933	11296,37	LONG	0,00167	5982,76	0,00334	HOLD	99,6434	108,487
2019-07-01	00:00	11296,46	11443,98	11290,38	11371,09	LONG	0,00167	5982,76	0,00334	HOLD	99,6434	108,6118
2019-07-01	01:00	11371,34	11376,16	11217,49	11269,13	LONG	0,00167	5982,76	0,00334	HOLD	99,6434	108,4415
2019-07-01	02:00	11269,13	11368	11172,02	11301	LONG	0,00167	5982,76	0,00334	HOLD	99,6434	108,4948
2019-07-01	03:00	11300,49	11500	11230,97	11474,96	LONG	0,00167	5982,76	0,00334	HOLD	99,6434	108,7853
2019-07-01	04:00	11474,97	11534,05	11331	11348,77	LONG	0,00167	5982,76	0,00334	HOLD	99,6434	108,5745
2019-07-01	05:00	11347,56	11355,5	10912,9	11011,7	LONG	0,00167	5982,76	0,00334	HOLD	99,6434	108,0116
2019-07-01	06:00	11011,41	11096,09	10766,03	10854,1	LONG	0,00167	5982,76	0,00334	HOLD	99,6434	107,7484
2019-07-01	07:00	10854,1	11104,41	10719	11091,54	LONG	0,00167	5982,76	0,00334	HOLD	99,6434	108,145
2019-07-01	08:00	11091,06	11171,42	10958,31	10973,34	LONG	0,00167	5982,76	0,00334	HOLD	99,6434	107,9476
2019-07-01	09:00	10981,15	11148,98	10868	11054,94	LONG	0,00167	5982,76	0,00334	HOLD	99,6434	108,0838
2019-07-01	10:00	11056,02	11282,28	11001	11142,98	LONG	0,00167	5982,76	0,00334	HOLD	99,6434	108,2309
2019-07-01	11:00	11139,37	11224,35	11080	11145,92	LONG	0,00167	5982,76	0,00334	HOLD	99,6434	108,2358
2019-07-01	12:00	11144,61	11203,9	11000	11080,09	LONG	0,00167	5982,76	0,00334	HOLD	99,6434	108,1258
2019-07-01	13:00	11078,79	11138,83	10935,41	10962,89	LONG	0,00167	5982,76	0,00334	HOLD	99,6434	107,9301
2019-07-01	14:00	10960,4	11078,63	10900	10983,7	LONG	0,00167	5982,76	0,00334	HOLD	99,6434	107,9649
2019-07-01	15:00	10983,7	11180,85	10950	11178,08	LONG	0,00167	5982,76	0,00334	HOLD	99,6434	108,2895
2019-07-01	16:00	11178,13	11189,99	11072,62	11106,79	LONG	0,00167	5982,76	0,00334	HOLD	99,6434	108,1704
2019-07-01	17:00	11107,17	11146,96	10902,59	10994,45	LONG	0,00167	5982,76	0,00334	HOLD	99,6434	107,9828
2019-07-01	18:00	10994,45	11045	10924	11022,65	LONG	0,00167	5982,76	0,00334	HOLD	99,6434	108,0299
2019-07-01	19:00	11020,87	11041,42	10535	10666,14	LONG	0,00167	5982,76	0,00334	HOLD	99,6434	107,4345
2019-07-01	20:00	10665,04	10748,34	10578,08	10578,28	LONG	0,00167	5982,76	0,00334	HOLD	99,6434	107,2878
2019-07-01	21:00	10578,21	10669,67	10256,01	10305,94	LONG	0,00167	5982,76	0,00334	HOLD	99,6434	106,833
2019-07-01	22:00	10294,35	10397	10050	10396,98	LONG	0,00167	5982,76	0,00334	HOLD	99,6434	106,985
2019-07-01	23:00	10390,17	10480	10254,99	10316,42	LONG	0,00167	5982,76	0,00334	HOLD	99,6434	106,8505
2019-07-02	00:00	10317,18	10426,26	10172,76	10294,95	LONG	0,00167	5982,76	0,00334	HOLD	99,6434	106,8147
2019-07-02	01:00	10295,11	10375	10205,65	10307,19	LONG	0,00167	5982,76	0,00334	HOLD	99,6434	106,8351
2019-07-02	02:00	10305,08	10314,47	10030	10258,02	LONG	0,00167	5982,76	0,00334	HOLD	99,6434	106,753
2019-07-02	03:00	10259	10600	10258,07	10524,09	LONG	0,00167	5982,76	0,00334	HOLD	99,6434	107,1973
2019-07-02	04:00	10524,29	10639,41	10451,01	10596,06	LONG	0,00167	5982,76	0,00334	HOLD	99,6434	107,3175
2019-07-02	05:00	10591,77	10596,26	10462,2	10500,06	LONG	0,00167	5982,76	0,00334	HOLD	99,6434	107,1572
2019-07-02	06:00	10500,03	10700	10497,28	10624,93	LONG	0,00167	5982,76	0,00334	HOLD	99,6434	107,3657
2019-07-02	07:00	10624,9	10700	10365,6	10365,6	LONG	0,00167	5982,76	0,00334	HOLD	99,6434	106,9326
2019-07-02	08:00	10365,51	10435,98	10216	10263,08	LONG	0,00167	5982,76	0,00334	HOLD	99,6434	106,7614
2019-07-02	09:00	10263,06	10420,86	10234,75	10274,75	LONG	0,00167	5982,76	0,00334	HOLD	99,6434	106,7809
2019-07-02	10:00	10271,87	10357,49	10242	10339,07	LONG	0,00167	5982,76	0,00334	HOLD	99,6434	106,8883
2019-07-02	11:00	10340,51	10390	9830	9941,92	LONG	0,00167	5982,76	0,00334	HOLD	99,6434	106,2251
2019-07-02	12:00	9944,47	9988,28	9776	9820,75	LONG	0,00167	5982,76	0,00334	HOLD	99,6434	106,0227
2019-07-02	13:00	9823,07	9919,97	9760,02	9796,64	LONG	0,00167	5982,76	0,00334	HOLD	99,6434	105,9825
2019-07-02	14:00	9797,77	9929,45	9793	9866,96	LONG	0,00167	5982,76	0,00334	HOLD	99,6434	106,0999
2019-07-02	15:00	9866,7	10311,23	9835	10204,58	LONG	0,00167	5982,76	0,00334	HOLD	99,6434	106,6637
2019-07-02	16:00	10212,93	10350	10120,55	10161,55	LONG	0,00167	5982,76	0,00334	HOLD	99,6434	106,5919
2019-07-02	17:00	10167,12	10248,27	10010,01	10047,4	LONG	0,00167	5982,76	0,00334	HOLD	99,6434	106,4012
2019-07-02	18:00	10048,3	10239	9727	9989,1	LONG	0,00167	5982,76	0,00334	HOLD	99,6434	106,3039
2019-07-02	19:00	9993,96	10207,44	9945,3	10058,46	LONG	0,00167	5982,76	0,00334	HOLD	99,6434	106,4197
2019-07-02	20:00	10055,71	10160	9918	9995,56	LONG	0,00167	5982,76	0,00334	HOLD	99,6434	106,3147
2019-07-02	21:00	9991,23	10542,99	9981,41	10542,99	LONG	0,00167	5982,76	0,00334	HOLD	99,6434	107,2289
2019-07-02	22:00	10538,38	10657,62	10383,77	10632,17	LONG	0,00167	5982,76	0,00334	HOLD	99,6434	107,3778
2019-07-02	23:00	10632,16	10637,09	10423,13	10510,69	LONG	0,00167	5982,76	0,00334	HOLD	99,6434	107,1749
2019-07-03	00:00	10510,69	10784,94	10503,21	10772,34	LONG	0,00167	5982,76	0,00334	HOLD	99,6434	107,6119
2019-07-03	01:00	10767,6	10774,5	10581,01	10725	LONG	0,00167	5982,76	0,00334	HOLD	99,6434	107,5328
2019-07-03	02:00	10724,65	10898,99	10680,06	10784	LONG	0,00167	5982,76	0,00334	HOLD	99,6434	107,6314
2019-07-03	03:00	10785,1	10938,75	10703,63	10709,9	LONG	0,00167	5982,76	0,00334	HOLD	99,6434	107,5076
2019-07-03	04:00	10714	10785,88	10592,64	10686,7	LONG	0,00167	5982,76	0,00334	HOLD	99,6434	107,4689
2019-07-03	05:00	10686,56	10882,58	10655	10819,06	LONG	0,00167	5982,76	0,00334	HOLD	99,6434	107,6899
2019-07-03	06:00	10818,2	10863	10692	10842,85	LONG	0,00167	5982,76	0,00334	HOLD	99,6434	107,7296
2019-07-03	07:00	10844,98	11297	10841,04	11266,66	LONG	0,00167	5982,76	0,00334	HOLD	99,6434	108,4374
2019-07-03	08:00	11266,58	11453,86	11211	11347,62	LONG	0,00167	5982,76	0,00334	HOLD	99,6434	108,5726
2019-07-03	09:00	11353,45	11353,45	11121	11135,75	LONG	0,00167	5982,76	0,00334	HOLD	99,6434	108,2188
2019-07-03	10:00	11135,75	11349,99	11076,67	11289,48	LONG	0,00167	5982,76	0,00334	HOLD	99,6434	108,4755
2019-07-03	11:00	11289,46	11392,98	11201,9	11236,92	LONG	0,00167	5982,76	0,00334	HOLD	99,6434	108,3877
2019-07-03	12:00	11236,92	11513	11205	11432,46	LONG	0,00167	5982,76	0,00334	HOLD	99,6434	108,7143
2019-07-03	13:00	11432,46	11484,17	11275	11415,53	LONG	0,00167	5982,76	0,00334	HOLD	99,6434	108,686
2019-07-03	14:00	11415,21	11440	11200,17	11217,7	LONG	0,00167	5982,76	0,00334	HOLD	99,6434	108,3556
2019-07-03	15:00	11217,7	11310	10956,98	10996,15	LONG	0,00167	5982,76	0,00334	HOLD	99,6434	107,9857
2019-07-03	16:00	11008	11220	10878,75	11219,49	LONG	0,00167	5982,76	0,00334	HOLD	99,6434	108,3586
2019-07-03	17:00	11215,01	11347	11156,51	11294,37	LONG	0,00167	5982,76	0,00334	HOLD	99,6434	108,4837
2019-07-03	18:00	11291,48	11339,82	11060,01	11162,35	LONG	0,00167	5982,76	0,00334	HOLD	99,6434	108,2632
2019-07-03	19:00	11166,54	11380,22	11123,43	11370	LONG	0,00167	5982,76	0,00334	HOLD	99,6434	108,61
2019-07-03	20:00	11366,97	11420,06	11161,87	11238,55	LONG	0,00167	5982,76	0,00334	HOLD	99,6434	108,3905
2019-07-03	21:00	11238,58	11423,46	11187,5	11363,02	LONG	0,00167	5982,76	0,00334	HOLD	99,6434	108,5983
2019-07-03	22:00	11364,56	11460	11304,84	11422,43	LONG	0,00167	5982,76	0,00334	HOLD	99,6434	108,6975
2019-07-03	23:00	11421,93	11444,42	11134,02	11174,48	LONG	0,00167	5982,76	0,00334	HOLD	99,6434	108,2835
2019-07-04	00:00	11174,48	11347,01	11165,65	11175,2	LONG	0,00167	5982,76	0,00334	HOLD	99,6434	108,2847
2019-07-04	01:00	11174,98	11256,06	11017,59	11227,64	LONG	0,00167	5982,76	0,00334	HOLD	99,6434	108,3722
2019-07-04	02:00	11224,76	11319,46	11156,29	11257,82	LONG	0,00167	5982,76	0,00334	HOLD	99,6434	108,4226
2019-07-04	03:00	11256,97	11412	11205	11354,35	LONG	0,00167	5982,76	0,00334	HOLD	99,6434	108,5838
2019-07-04	04:00	11356,01	11403,04	11288,68	11376,05	LONG	0,00167	5982,76	0,00334	HOLD	99,6434	108,6201
2019-07-04	05:00	11376,72	11921,99	11357,01	11886,69	LONG	0,00167	5982,76	0,00334	HOLD	99,6434	109,4729
2019-07-04	06:00	11887	11991,89	11755,02	11940	LONG	0,00167	5982,76	0,00334	HOLD	99,6434	109,5619
2019-07-04	07:00	11940	12000	11780	11805	LONG	0,00167	5982,76	0,00334	HOLD	99,6434	109,3364
2019-07-04	08:00	11805,01	11890,47	11711,09	11841,69	LONG	0,00167	5982,76	0,00334	HOLD	99,6434	109,3977
2019-07-04	09:00	11841,69	11936,99	11824,82	11869,78	LONG	0,00167	5982,76	0,00334	HOLD	99,6434	109,4446
2019-07-04	10:00	11869,78	11916,17	11800	11850	LONG	0,00167	5982,76	0,00334	HOLD	99,6434	109,4116
2019-07-04	11:00	11848,71	11865,01	11600	11629,71	LONG	0,00167	5982,76	0,00334	HOLD	99,6434	109,0437
2019-07-04	12:00	11627,75	11698,54	11550	11650,26	LONG	0,00167	5982,76	0,00334	HOLD	99,6434	109,078
2019-07-04	13:00	11653,1	11774,06	11611	11729,58	LONG	0,00167	5982,76	0,00334	HOLD	99,6434	109,2105
2019-07-04	14:00	11729,84	11798,98	11619,28	11669,23	LONG	0,00167	5982,76	0,00334	HOLD	99,6434	109,1097
2019-07-04	15:00	11669,23	11740,95	11575,24	11721,4	LONG	0,00167	5982,76	0,00334	HOLD	99,6434	109,1968
2019-07-04	16:00	11718,74	11732,46	11563,73	11604,27	LONG	0,00167	5982,76	0,00334	HOLD	99,6434	109,0012
2019-07-04	17:00	11604,99	11645	11457,91	11565,88	LONG	0,00167	5982,76	0,00334	HOLD	99,6434	108,9371
2019-07-04	18:00	11567,07	11735	11540,01	11672,13	LONG	0,00167	5982,76	0,00334	HOLD	99,6434	109,1145
2019-07-04	19:00	11672,47	11769,12	11644,02	11717,34	LONG	0,00167	5982,76	0,00334	HOLD	99,6434	109,19
2019-07-04	20:00	11715,92	11889	11696,81	11818,75	LONG	0,00167	5982,76	0,00334	HOLD	99,6434	109,3594
2019-07-04	21:00	11819,84	11863,64	11739	11816,15	LONG	0,00167	5982,76	0,00334	HOLD	99,6434	109,3551
2019-07-04	22:00	11818,89	11857	11680,51	11707,42	LONG	0,00167	5982,76	0,00334	HOLD	99,6434	109,1735
2019-07-04	23:00	11707,42	11799,79	11600	11749,04	LONG	0,00167	5982,76	0,00334	HOLD	99,6434	109,243
2019-07-05	00:00	11749,97	11858,39	11739,56	11828,44	LONG	0,00167	5982,76	0,00334	HOLD	99,6434	109,3756
2019-07-05	01:00	11827,68	11838,95	11750,51	11786,98	LONG	0,00167	5982,76	0,00334	HOLD	99,6434	109,3063
2019-07-05	02:00	11784,82	11807,1	11700,51	11805,42	LONG	0,00167	5982,76	0,00334	HOLD	99,6434	109,3371
2019-07-05	03:00	11805,43	11805,44	11522,34	11692,08	LONG	0,00167	5982,76	0,00334	HOLD	99,6434	109,1479
2019-07-05	04:00	11692,08	11736,59	11552,12	11554,11	LONG	0,00167	5982,76	0,00334	HOLD	99,6434	108,9174
2019-07-05	05:00	11557,18	11687,35	11536,19	11599,5	LONG	0,00167	5982,76	0,00334	HOLD	99,6434	108,9933
2019-07-05	06:00	11594,18	11617,94	11055	11145,67	LONG	0,00167	5982,76	0,00334	HOLD	99,6434	108,2354
2019-07-05	07:00	11145,67	11230	11002,63	11170,81	LONG	0,00167	5982,76	0,00334	HOLD	99,6434	108,2773
2019-07-05	08:00	11172,85	11294,89	11155,65	11226	LONG	0,00167	5982,76	0,00334	HOLD	99,6434	108,3695
2019-07-05	09:00	11226,45	11280	11108,59	11135,91	LONG	0,00167	5982,76	0,00334	HOLD	99,6434	108,2191
2019-07-05	10:00	11137,35	11197,47	11075,47	11154,56	LONG	0,00167	5982,76	0,00334	HOLD	99,6434	108,2502
2019-07-05	11:00	11155,59	11208,03	11040,21	11186,24	LONG	0,00167	5982,76	0,00334	HOLD	99,6434	108,3031
2019-07-05	12:00	11186,39	11227,49	11130,01	11136,67	LONG	0,00167	5982,76	0,00334	HOLD	99,6434	108,2203
2019-07-05	13:00	11131,78	11159,98	10832	10857,04	LONG	0,00167	5982,76	0,00334	HOLD	99,6434	107,7533
2019-07-05	14:00	10859,77	10986,35	10796,44	10982,73	LONG	0,00167	5982,76	0,00334	HOLD	99,6434	107,9632
2019-07-05	15:00	10985,22	10986	10851,03	10888,99	LONG	0,00167	5982,76	0,00334	HOLD	99,6434	107,8067
2019-07-05	16:00	10887,89	11214,99	10864,93	11197,23	LONG	0,00167	5982,76	0,00334	HOLD	99,6434	108,3215
2019-07-05	17:00	11197,8	11340,45	11119,27	11284,25	LONG	0,00167	5982,76	0,00334	HOLD	99,6434	108,4668
2019-07-05	18:00	11283,38	11290,86	11175	11175	LONG	0,00167	5982,76	0,00334	HOLD	99,6434	108,2843
2019-07-05	19:00	11177,11	11236,36	11082,29	11162,05	LONG	0,00167	5982,76	0,00334	HOLD	99,6434	108,2627
2019-07-05	20:00	11169,73	11207,08	11110,99	11144,18	LONG	0,00167	5982,76	0,00334	HOLD	99,6434	108,2329
2019-07-05	21:00	11140,53	11406,83	11140,01	11321,51	LONG	0,00167	5982,76	0,00334	HOLD	99,6434	108,529
2019-07-05	22:00	11321,51	11371,06	11175,03	11233,74	LONG	0,00167	5982,76	0,00334	HOLD	99,6434	108,3824
2019-07-05	23:00	11235,28	11245,03	11120	11141,57	LONG	0,00167	5982,76	0,00334	HOLD	99,6434	108,2285
2019-07-06	00:00	11136,95	11287,93	11030	11280	LONG	0,00167	5982,76	0,00334	HOLD	99,6434	108,4597
2019-07-06	01:00	11276,44	11321,78	11126,81	11200,3	LONG	0,00167	5982,76	0,00334	HOLD	99,6434	108,3266
2019-07-06	02:00	11200,3	11250	11080	11111,55	LONG	0,00167	5982,76	0,00334	HOLD	99,6434	108,1784
2019-07-06	03:00	11110,47	11144,64	10805,1	11014,35	LONG	0,00167	5982,76	0,00334	HOLD	99,6434	108,016
2019-07-06	04:00	11014,4	11120	10947,81	11066,02	LONG	0,00167	5982,76	0,00334	HOLD	99,6434	108,1023
2019-07-06	05:00	11067,17	11115,77	10901,09	10934,76	LONG	0,00167	5982,76	0,00334	HOLD	99,6434	107,8831
2019-07-06	06:00	10934,76	11048,89	10820	10970,73	LONG	0,00167	5982,76	0,00334	HOLD	99,6434	107,9432
2019-07-06	07:00	10982,41	11400	10964,51	11399,94	LONG	0,00167	5982,76	0,00334	HOLD	99,6434	108,66
2019-07-06	08:00	11397,02	11408,6	11285,02	11335,59	LONG	0,00167	5982,76	0,00334	HOLD	99,6434	108,5525
2019-07-06	09:00	11336,14	11404	11290,01	11321,73	LONG	0,00167	5982,76	0,00334	HOLD	99,6434	108,5294
2019-07-06	10:00	11320,17	11477,24	11280,47	11444,45	LONG	0,00167	5982,76	0,00334	HOLD	99,6434	108,7343
2019-07-06	11:00	11445,81	11544	11365,56	11379,14	LONG	0,00167	5982,76	0,00334	HOLD	99,6434	108,6252
2019-07-06	12:00	11376,19	11461,8	11285,01	11319,31	LONG	0,00167	5982,76	0,00334	HOLD	99,6434	108,5253
2019-07-06	13:00	11319,32	11455	11319,32	11352,12	LONG	0,00167	5982,76	0,00334	HOLD	99,6434	108,5801
2019-07-06	14:00	11349,2	11445	11320,04	11384,07	LONG	0,00167	5982,76	0,00334	HOLD	99,6434	108,6335
2019-07-06	15:00	11384,13	11485	11262	11290,41	LONG	0,00167	5982,76	0,00334	HOLD	99,6434	108,4771
2019-07-06	16:00	11292,65	11384,25	11269,74	11379,28	LONG	0,00167	5982,76	0,00334	HOLD	99,6434	108,6255
2019-07-06	17:00	11376,25	11406,47	11300	11328,98	LONG	0,00167	5982,76	0,00334	HOLD	99,6434	108,5415
2019-07-06	18:00	11328,99	11375,25	11300	11369,79	LONG	0,00167	5982,76	0,00334	HOLD	99,6434	108,6096
2019-07-06	19:00	11370	11433,68	11282,08	11380,43	LONG	0,00167	5982,76	0,00334	HOLD	99,6434	108,6274
2019-07-06	20:00	11381,28	11397,24	11300	11337	LONG	0,00167	5982,76	0,00334	HOLD	99,6434	108,5549
2019-07-06	21:00	11337,16	11395	11305,04	11391,93	LONG	0,00167	5982,76	0,00334	HOLD	99,6434	108,6466
2019-07-06	22:00	11392	11621,67	11371,15	11574,32	LONG	0,00167	5982,76	0,00334	HOLD	99,6434	108,9512
2019-07-06	23:00	11575	11665	11501	11547	LONG	0,00167	5982,76	0,00334	HOLD	99,6434	108,9056
2019-07-07	00:00	11546,29	11566	11472,6	11539,7	LONG	0,00167	5982,76	0,00334	HOLD	99,6434	108,8934
2019-07-07	01:00	11535,77	11560,05	11409,63	11442,27	LONG	0,00167	5982,76	0,00334	HOLD	99,6434	108,7307
2019-07-07	02:00	11442,69	11498,63	11417,26	11493,34	LONG	0,00167	5982,76	0,00334	HOLD	99,6434	108,816
2019-07-07	03:00	11490,48	11497,74	11410	11427,28	LONG	0,00167	5982,76	0,00334	HOLD	99,6434	108,7056
2019-07-07	04:00	11425,15	11427,2	11084	11174	LONG	0,00167	5982,76	0,00334	HOLD	99,6434	108,2827
2019-07-07	05:00	11173,98	11243,09	11050	11237,62	LONG	0,00167	5982,76	0,00334	HOLD	99,6434	108,3889
2019-07-07	06:00	11240	11265	11170	11256,49	LONG	0,00167	5982,76	0,00334	HOLD	99,6434	108,4204
2019-07-07	07:00	11256,45	11258,54	11110,01	11200,45	LONG	0,00167	5982,76	0,00334	HOLD	99,6434	108,3268
2019-07-07	08:00	11201,6	11253,41	11156,1	11231,29	LONG	0,00167	5982,76	0,00334	HOLD	99,6434	108,3783
2019-07-07	09:00	11231,71	11237,98	11123	11189,87	LONG	0,00167	5982,76	0,00334	HOLD	99,6434	108,3092
2019-07-07	10:00	11186,81	11209,19	11094,37	11149,05	LONG	0,00167	5982,76	0,00334	HOLD	99,6434	108,241
2019-07-07	11:00	11149,04	11324,99	11127	11277,05	LONG	0,00167	5982,76	0,00334	HOLD	99,6434	108,4548
2019-07-07	12:00	11280,66	11305,54	11166,99	11224,43	LONG	0,00167	5982,76	0,00334	HOLD	99,6434	108,3669
2019-07-07	13:00	11223,43	11240	11164,07	11177,25	LONG	0,00167	5982,76	0,00334	HOLD	99,6434	108,2881
2019-07-07	14:00	11178,78	11240	11160,96	11198,99	LONG	0,00167	5982,76	0,00334	HOLD	99,6434	108,3244
2019-07-07	15:00	11197,09	11200	11114,09	11185,4	LONG	0,00167	5982,76	0,00334	HOLD	99,6434	108,3017
2019-07-07	16:00	11189,55	11242,25	11160	11239,59	LONG	0,00167	5982,76	0,00334	HOLD	99,6434	108,3922
2019-07-07	17:00	11239	11279,54	11225	11267,62	LONG	0,00167	5982,76	0,00334	HOLD	99,6434	108,439
2019-07-07	18:00	11268,96	11354,18	11240	11324,3	LONG	0,00167	5982,76	0,00334	HOLD	99,6434	108,5337
2019-07-07	19:00	11324,17	11448,59	11232,53	11300	LONG	0,00167	5982,76	0,00334	HOLD	99,6434	108,4931
2019-07-07	20:00	11300	11371,43	11294,61	11331,94	LONG	0,00167	5982,76	0,00334	HOLD	99,6434	108,5464
2019-07-07	21:00	11331,92	11389,99	11307,01	11307,14	LONG	0,00167	5982,76	0,00334	HOLD	99,6434	108,505
2019-07-07	22:00	11307,1	11361,83	11165,7	11222,58	LONG	0,00167	5982,76	0,00334	HOLD	99,6434	108,3638
2019-07-07	23:00	11223,64	11223,69	11119,6	11166,15	LONG	0,00167	5982,76	0,00334	HOLD	99,6434	108,2696
2019-07-08	00:00	11164,91	11462	11162,25	11408	LONG	0,00167	5982,76	0,00334	HOLD	99,6434	108,6734
2019-07-08	01:00	11408	11450	11346,87	11390,4	LONG	0,00167	5982,76	0,00334	HOLD	99,6434	108,6441
2019-07-08	02:00	11394,29	11522,22	11355	11474,18	LONG	0,00167	5982,76	0,00334	HOLD	99,6434	108,784
2019-07-08	03:00	11474,18	11538	11356,26	11448	LONG	0,00167	5982,76	0,00334	HOLD	99,6434	108,7402
2019-07-08	04:00	11448	11496,63	11398,2	11470,91	LONG	0,00167	5982,76	0,00334	HOLD	99,6434	108,7785
2019-07-08	05:00	11470,33	11510,34	11263	11367,21	LONG	0,00167	5982,76	0,00334	HOLD	99,6434	108,6053
2019-07-08	06:00	11369,57	11438,48	11353,71	11406,24	LONG	0,00167	5982,76	0,00334	HOLD	99,6434	108,6705
2019-07-08	07:00	11410	11460	11343,86	11373,7	LONG	0,00167	5982,76	0,00334	HOLD	99,6434	108,6162
2019-07-08	08:00	11373,49	11419,64	11330,02	11401,61	LONG	0,00167	5982,76	0,00334	HOLD	99,6434	108,6628
2019-07-08	09:00	11400,24	11428,51	11335	11349,94	LONG	0,00167	5982,76	0,00334	HOLD	99,6434	108,5765
2019-07-08	10:00	11349,92	11382,94	11220	11346,34	LONG	0,00167	5982,76	0,00334	HOLD	99,6434	108,5705
2019-07-08	11:00	11346,5	11439,74	11301	11420,52	LONG	0,00167	5982,76	0,00334	HOLD	99,6434	108,6944
2019-07-08	12:00	11420,52	11430	11390,3	11406,54	LONG	0,00167	5982,76	0,00334	HOLD	99,6434	108,671
2019-07-08	13:00	11406,54	11408,99	11365,95	11376,09	LONG	0,00167	5982,76	0,00334	HOLD	99,6434	108,6202
2019-07-08	14:00	11376,09	11453,68	11368	11420,55	LONG	0,00167	5982,76	0,00334	HOLD	99,6434	108,6944
2019-07-08	15:00	11420,52	11650,06	11335,06	11638,34	LONG	0,00167	5982,76	0,00334	HOLD	99,6434	109,0581
2019-07-08	16:00	11641,8	11820	11629,61	11777,36	LONG	0,00167	5982,76	0,00334	HOLD	99,6434	109,2903
2019-07-08	17:00	11777,61	11894,08	11753,21	11854,78	LONG	0,00167	5982,76	0,00334	HOLD	99,6434	109,4196
2019-07-08	18:00	11854,78	11923,68	11768,86	11884,8	LONG	0,00167	5982,76	0,00334	HOLD	99,6434	109,4697
2019-07-08	19:00	11882,69	11905,95	11780,58	11826,59	LONG	0,00167	5982,76	0,00334	HOLD	99,6434	109,3725
2019-07-08	20:00	11826,62	11859,41	11761,1	11836,59	LONG	0,00167	5982,76	0,00334	HOLD	99,6434	109,3892
2019-07-08	21:00	11839,96	11877,4	11813,86	11847,99	LONG	0,00167	5982,76	0,00334	HOLD	99,6434	109,4082
2019-07-08	22:00	11847,95	11883,4	11799	11832,52	LONG	0,00167	5982,76	0,00334	HOLD	99,6434	109,3824
2019-07-08	23:00	11831,86	11835	11750,86	11822,59	LONG	0,00167	5982,76	0,00334	HOLD	99,6434	109,3658
2019-07-09	00:00	11822,62	11880,05	11815	11855,77	LONG	0,00167	5982,76	0,00334	HOLD	99,6434	109,4212
2019-07-09	01:00	11855,13	11879,82	11763,63	11840,7	LONG	0,00167	5982,76	0,00334	HOLD	99,6434	109,3961
2019-07-09	02:00	11841,28	12300	11837,51	12185,57	LONG	0,00167	5982,76	0,00334	HOLD	99,6434	109,972
2019-07-09	03:00	12185,57	12253,98	12032	12138,34	LONG	0,00167	5982,76	0,00334	HOLD	99,6434	109,8931
2019-07-09	04:00	12137,37	12292	12136,79	12282,11	LONG	0,00167	5982,76	0,00334	HOLD	99,6434	110,1332
2019-07-09	05:00	12282,11	12295	12200,6	12271,27	LONG	0,00167	5982,76	0,00334	HOLD	99,6434	110,1151
2019-07-09	06:00	12271,9	12338,03	12206,48	12238,6	LONG	0,00167	5982,76	0,00334	HOLD	99,6434	110,0605
2019-07-09	07:00	12238,6	12277,44	12170,01	12209,88	LONG	0,00167	5982,76	0,00334	HOLD	99,6434	110,0126
2019-07-09	08:00	12209,88	12543,8	12202,81	12507,33	LONG	0,00167	5982,76	0,00334	HOLD	99,6434	110,5093
2019-07-09	09:00	12507,59	12696,75	12507,35	12631,51	LONG	0,00167	5982,76	0,00334	HOLD	99,6434	110,7167
2019-07-09	10:00	12630,05	12750,95	12600	12655,53	LONG	0,00167	5982,76	0,00334	HOLD	99,6434	110,7568
2019-07-09	11:00	12655,52	12730	12600	12681,99	LONG	0,00167	5982,76	0,00334	HOLD	99,6434	110,801
2019-07-09	12:00	12680,84	12735,5	12619,99	12642,36	LONG	0,00167	5982,76	0,00334	HOLD	99,6434	110,7348
2019-07-09	13:00	12640,3	12777	12628,98	12725,04	LONG	0,00167	5982,76	0,00334	HOLD	99,6434	110,8729
2019-07-09	14:00	12726,58	12794,73	12321	12424,71	LONG	0,00167	5982,76	0,00334	HOLD	99,6434	110,3714
2019-07-09	15:00	12426,83	12575	12410,01	12533,39	LONG	0,00167	5982,76	0,00334	HOLD	99,6434	110,5528
2019-07-09	16:00	12533,38	12655,23	12460	12630,64	LONG	0,00167	5982,76	0,00334	HOLD	99,6434	110,7153
2019-07-09	17:00	12632,91	12645,15	12068	12206,16	LONG	0,00167	5982,76	0,00334	HOLD	99,6434	110,0064
2019-07-09	18:00	12206,16	12288	12123,55	12255,71	LONG	0,00167	5982,76	0,00334	HOLD	99,6434	110,0891
2019-07-09	19:00	12257,56	12349,7	12210,01	12332,09	LONG	0,00167	5982,76	0,00334	HOLD	99,6434	110,2167
2019-07-09	20:00	12332,11	12395	12230,01	12347,87	LONG	0,00167	5982,76	0,00334	HOLD	99,6434	110,243
2019-07-09	21:00	12350,57	12387,74	12222,06	12264,59	LONG	0,00167	5982,76	0,00334	HOLD	99,6434	110,104
2019-07-09	22:00	12269	12370,43	12104,78	12339,33	LONG	0,00167	5982,76	0,00334	HOLD	99,6434	110,2288
2019-07-09	23:00	12338,62	12570	12330,05	12504,26	LONG	0,00167	5982,76	0,00334	HOLD	99,6434	110,5042
2019-07-10	00:00	12503,5	12570,52	12455,3	12508,83	LONG	0,00167	5982,76	0,00334	HOLD	99,6434	110,5118
2019-07-10	01:00	12508,85	12615,2	12491,35	12555,66	LONG	0,00167	5982,76	0,00334	HOLD	99,6434	110,59
2019-07-10	02:00	12555,66	12597,28	12260	12494,73	LONG	0,00167	5982,76	0,00334	HOLD	99,6434	110,4883
2019-07-10	03:00	12494,47	12498,71	12302,57	12396,65	LONG	0,00167	5982,76	0,00334	HOLD	99,6434	110,3245
2019-07-10	04:00	12398,81	12648,58	12373,74	12540,35	LONG	0,00167	5982,76	0,00334	HOLD	99,6434	110,5645
2019-07-10	05:00	12536,73	12588,17	12430,6	12551,43	LONG	0,00167	5982,76	0,00334	HOLD	99,6434	110,583
2019-07-10	06:00	12551,58	12613,63	12500	12543,41	LONG	0,00167	5982,76	0,00334	HOLD	99,6434	110,5696
2019-07-10	07:00	12548,51	12878	12510,52	12842	LONG	0,00167	5982,76	0,00334	HOLD	99,6434	111,0682
2019-07-10	08:00	12842	12986	12810,24	12907,13	LONG	0,00167	5982,76	0,00334	HOLD	99,6434	111,177
2019-07-10	09:00	12907,14	13110,1	12904	13030	LONG	0,00167	5982,76	0,00334	HOLD	99,6434	111,3822
2019-07-10	10:00	13028,63	13107,69	12813,18	12968,57	LONG	0,00167	5982,76	0,00334	HOLD	99,6434	111,2796
2019-07-10	11:00	12968	13068,78	12945	13012,59	LONG	0,00167	5982,76	0,00334	HOLD	99,6434	111,3531
2019-07-10	12:00	13014,98	13063,99	12958,32	13032,94	LONG	0,00167	5982,76	0,00334	HOLD	99,6434	111,3871
2019-07-10	13:00	13032,91	13039,69	12945	12954,1	LONG	0,00167	5982,76	0,00334	HOLD	99,6434	111,2554
2019-07-10	14:00	12956,18	12982,59	12760	12860,89	LONG	0,00167	5982,76	0,00334	HOLD	99,6434	111,0998
2019-07-10	15:00	12860,86	12960	12819,66	12935,58	LONG	0,00167	5982,76	0,00334	HOLD	99,6434	111,2245
2019-07-10	16:00	12935	13045,99	12932,89	12943,43	LONG	0,00167	5982,76	0,00334	HOLD	99,6434	111,2376
2019-07-10	17:00	12942,58	13008	12885,54	12980,77	LONG	0,00167	5982,76	0,00334	HOLD	99,6434	111,3
2019-07-10	18:00	12981,85	13147,08	12950	12970,23	LONG	0,00167	5982,76	0,00334	HOLD	99,6434	111,2824
2019-07-10	19:00	12970,97	13051,47	12900,25	13028,38	LONG	0,00167	5982,76	0,00334	HOLD	99,6434	111,3795
2019-07-10	20:00	13029,95	13130	12992,98	13035	LONG	0,00167	5982,76	0,00334	HOLD	99,6434	111,3905
2019-07-10	21:00	13032,21	13067,56	12550	12550,03	LONG	0,00167	5982,76	0,00334	HOLD	99,6434	110,5806
2019-07-10	22:00	12550,03	12560	12121,21	12367,91	LONG	0,00167	5982,76	0,00334	HOLD	99,6434	110,2765
2019-07-10	23:00	12368,3	12372,56	12153,09	12276,82	LONG	0,00167	5982,76	0,00334	HOLD	99,6434	110,1244
2019-07-11	00:00	12276,82	12296,99	12100	12292,62	LONG	0,00167	5982,76	0,00334	HOLD	99,6434	110,1508
2019-07-11	01:00	12292,62	12327	12165,01	12207,45	LONG	0,00167	5982,76	0,00334	HOLD	99,6434	110,0085
2019-07-11	02:00	12208,22	12225,4	11901	12070,96	LONG	0,00167	5982,76	0,00334	HOLD	99,6434	109,7806
2019-07-11	03:00	12070,96	12118,57	11661	11793,16	LONG	0,00167	5982,76	0,00334	HOLD	99,6434	109,3167
2019-07-11	04:00	11791,1	11985	11569	11969,88	LONG	0,00167	5982,76	0,00334	HOLD	99,6434	109,6118
2019-07-11	05:00	11969,89	12168	11854,98	12079,35	LONG	0,00167	5982,76	0,00334	HOLD	99,6434	109,7946
2019-07-11	06:00	12081,66	12212,29	12027,94	12108,37	LONG	0,00167	5982,76	0,00334	HOLD	99,6434	109,8431
2019-07-11	07:00	12108,11	12111,73	11775,01	11944,35	LONG	0,00167	5982,76	0,00334	HOLD	99,6434	109,5691
2019-07-11	08:00	11944,37	12105,89	11841	11989,04	LONG	0,00167	5982,76	0,00334	HOLD	99,6434	109,6438
2019-07-11	09:00	11998,62	12045,51	11860,53	11975,55	LONG	0,00167	5982,76	0,00334	HOLD	99,6434	109,6213
2019-07-11	10:00	11975,63	12010	11622,04	11702,04	LONG	0,00167	5982,76	0,00334	HOLD	99,6434	109,1645
2019-07-11	11:00	11701,17	11738,46	11200	11374,13	LONG	0,00167	5982,76	0,00334	HOLD	99,6434	108,6169
2019-07-11	12:00	11368,66	11459,05	11222	11432	LONG	0,00167	5982,76	0,00334	HOLD	99,6434	108,7135
2019-07-11	13:00	11432	11568,99	11365	11567,68	LONG	0,00167	5982,76	0,00334	HOLD	99,6434	108,9401
2019-07-11	14:00	11567,69	11613,72	11350	11586,18	LONG	0,00167	5982,76	0,00334	HOLD	99,6434	108,971
2019-07-11	15:00	11585,6	11609,43	11359,17	11422,38	LONG	0,00167	5982,76	0,00334	HOLD	99,6434	108,6975
2019-07-11	16:00	11422,38	11527,02	11365	11453,99	LONG	0,00167	5982,76	0,00334	HOLD	99,6434	108,7502
2019-07-11	17:00	11453,99	11510	11292	11430	LONG	0,00167	5982,76	0,00334	HOLD	99,6434	108,7102
2019-07-11	18:00	11430	11626,76	11395,81	11600	LONG	0,00167	5982,76	0,00334	HOLD	99,6434	108,9941
2019-07-11	19:00	11602,59	11724,99	11550,02	11576,51	LONG	0,00167	5982,76	0,00334	HOLD	99,6434	108,9549
2019-07-11	20:00	11575,39	11695,72	11569,97	11612,29	LONG	0,00167	5982,76	0,00334	HOLD	99,6434	109,0146
2019-07-11	21:00	11614,44	11782	11605,18	11720,6	LONG	0,00167	5982,76	0,00334	HOLD	99,6434	109,1955
2019-07-11	22:00	11720,77	11776,72	11410	11489,66	LONG	0,00167	5982,76	0,00334	HOLD	99,6434	108,8098
2019-07-11	23:00	11495,43	11725	11370,66	11680,79	LONG	0,00167	5982,76	0,00334	HOLD	99,6434	109,129
2019-07-12	00:00	11680,79	11750	11648	11668	LONG	0,00167	5982,76	0,00334	HOLD	99,6434	109,1076
2019-07-12	01:00	11667,49	11699,51	11562	11641,19	LONG	0,00167	5982,76	0,00334	HOLD	99,6434	109,0629
2019-07-12	02:00	11642,9	11652,46	11479	11562,07	LONG	0,00167	5982,76	0,00334	HOLD	99,6434	108,9307
2019-07-12	03:00	11563,42	11624,87	11000	11156,69	LONG	0,00167	5982,76	0,00334	HOLD	99,6434	108,2538
2019-07-12	04:00	11152,32	11340	11061	11289,33	LONG	0,00167	5982,76	0,00334	HOLD	99,6434	108,4753
2019-07-12	05:00	11289,72	11435,28	11251,2	11319,32	LONG	0,00167	5982,76	0,00334	HOLD	99,6434	108,5253
2019-07-12	06:00	11320,62	11386,06	11192	11342,89	LONG	0,00167	5982,76	0,00334	HOLD	99,6434	108,5647
2019-07-12	07:00	11342,88	11508,61	11194,12	11460,77	LONG	0,00167	5982,76	0,00334	HOLD	99,6434	108,7616
2019-07-12	08:00	11458,9	11520	11353,01	11423,94	LONG	0,00167	5982,76	0,00334	HOLD	99,6434	108,7001
2019-07-12	09:00	11425,17	11431	11303,47	11379,78	LONG	0,00167	5982,76	0,00334	HOLD	99,6434	108,6263
2019-07-12	10:00	11379,78	11385,16	11111,13	11186,81	LONG	0,00167	5982,76	0,00334	HOLD	99,6434	108,3041
2019-07-12	11:00	11189,51	11378,88	11073	11315,95	LONG	0,00167	5982,76	0,00334	HOLD	99,6434	108,5197
2019-07-12	12:00	11316,57	11420,01	11245	11396,84	LONG	0,00167	5982,76	0,00334	HOLD	99,6434	108,6548
2019-07-12	13:00	11393,31	11473,11	11324,36	11430,27	LONG	0,00167	5982,76	0,00334	HOLD	99,6434	108,7106
2019-07-12	14:00	11430,35	11720	11430	11651,35	LONG	0,00167	5982,76	0,00334	HOLD	99,6434	109,0798
2019-07-12	15:00	11651,35	11700	11541	11584,32	LONG	0,00167	5982,76	0,00334	HOLD	99,6434	108,9679
2019-07-12	16:00	11584,2	11661,76	11579,1	11633,96	LONG	0,00167	5982,76	0,00334	HOLD	99,6434	109,0508
2019-07-12	17:00	11633,96	11749	11590	11640,04	LONG	0,00167	5982,76	0,00334	HOLD	99,6434	109,061
2019-07-12	18:00	11638,1	11692,43	11597,14	11654,69	LONG	0,00167	5982,76	0,00334	HOLD	99,6434	109,0854
2019-07-12	19:00	11654,67	11690	11523,6	11627,81	LONG	0,00167	5982,76	0,00334	HOLD	99,6434	109,0405
2019-07-12	20:00	11625,12	11717,35	11614,43	11635,89	LONG	0,00167	5982,76	0,00334	HOLD	99,6434	109,054
2019-07-12	21:00	11633,9	11687,27	11549,68	11583,62	LONG	0,00167	5982,76	0,00334	HOLD	99,6434	108,9667
2019-07-12	22:00	11582,63	11588,28	11429,02	11475	LONG	0,00167	5982,76	0,00334	HOLD	99,6434	108,7853
2019-07-12	23:00	11476,07	11587	11401,1	11499,7	LONG	0,00167	5982,76	0,00334	HOLD	99,6434	108,8266
2019-07-13	00:00	11499,7	11620,88	11476,2	11591,68	LONG	0,00167	5982,76	0,00334	HOLD	99,6434	108,9802
2019-07-13	01:00	11591,68	11649,98	11512,23	11561,09	LONG	0,00167	5982,76	0,00334	HOLD	99,6434	108,9291
2019-07-13	02:00	11558,3	11598	11501,58	11590	LONG	0,00167	5982,76	0,00334	HOLD	99,6434	108,9774
2019-07-13	03:00	11590,64	11860	11586	11850,11	LONG	0,00167	5982,76	0,00334	HOLD	99,6434	109,4118
2019-07-13	04:00	11850,14	11885	11720,02	11749,64	LONG	0,00167	5982,76	0,00334	HOLD	99,6434	109,244
2019-07-13	05:00	11747,49	11814,94	11706,25	11758,33	LONG	0,00167	5982,76	0,00334	HOLD	99,6434	109,2585
2019-07-13	06:00	11758,51	11817,64	11728,77	11757,22	LONG	0,00167	5982,76	0,00334	HOLD	99,6434	109,2566
2019-07-13	07:00	11757,22	11799,98	11678,04	11707,75	LONG	0,00167	5982,76	0,00334	HOLD	99,6434	109,174
2019-07-13	08:00	11707,39	11739,9	11606,04	11664,92	LONG	0,00167	5982,76	0,00334	HOLD	99,6434	109,1025
2019-07-13	09:00	11664,32	11712,61	11625	11630,73	LONG	0,00167	5982,76	0,00334	HOLD	99,6434	109,0454
2019-07-13	10:00	11632,64	11686,47	11510	11586,71	LONG	0,00167	5982,76	0,00334	HOLD	99,6434	108,9719
2019-07-13	11:00	11582,06	11624,04	11500	11605,9	LONG	0,00167	5982,76	0,00334	HOLD	99,6434	109,0039
2019-07-13	12:00	11604,96	11660	11586,21	11647,13	LONG	0,00167	5982,76	0,00334	HOLD	99,6434	109,0728
2019-07-13	13:00	11646,81	11650	11525	11525	LONG	0,00167	5982,76	0,00334	HOLD	99,6434	108,8688
2019-07-13	14:00	11527,51	11545,51	11433,95	11464,61	LONG	0,00167	5982,76	0,00334	HOLD	99,6434	108,768
2019-07-13	15:00	11466,07	11583,5	11444,78	11510,04	LONG	0,00167	5982,76	0,00334	HOLD	99,6434	108,8439
2019-07-13	16:00	11511,15	11592,09	11444,11	11499,56	LONG	0,00167	5982,76	0,00334	HOLD	99,6434	108,8264
2019-07-13	17:00	11500,17	11504,29	11225	11298,14	LONG	0,00167	5982,76	0,00334	HOLD	99,6434	108,49
2019-07-13	18:00	11299,9	11339,8	11185	11303,01	LONG	0,00167	5982,76	0,00334	HOLD	99,6434	108,4981
2019-07-13	19:00	11301,56	11376,13	11259,92	11312,5	LONG	0,00167	5982,76	0,00334	HOLD	99,6434	108,514
2019-07-13	20:00	11311,32	11448,77	11285,35	11356,1	LONG	0,00167	5982,76	0,00334	HOLD	99,6434	108,5868
2019-07-13	21:00	11356,27	11426,36	11301,88	11318,95	LONG	0,00167	5982,76	0,00334	HOLD	99,6434	108,5247
2019-07-13	22:00	11319,96	11429,99	11275	11413,9	LONG	0,00167	5982,76	0,00334	HOLD	99,6434	108,6833
2019-07-13	23:00	11415	11479,78	11311,11	11327,52	LONG	0,00167	5982,76	0,00334	HOLD	99,6434	108,539
2019-07-14	00:00	11330	11416,37	11248	11345,97	LONG	0,00167	5982,76	0,00334	HOLD	99,6434	108,5699
2019-07-14	01:00	11345,81	11345,82	11071,01	11135,99	LONG	0,00167	5982,76	0,00334	HOLD	99,6434	108,2192
2019-07-14	02:00	11135,84	11217,4	11015,05	11187,4	LONG	0,00167	5982,76	0,00334	HOLD	99,6434	108,305
2019-07-14	03:00	11187,4	11199,61	10850,94	10921,85	LONG	0,00167	5982,76	0,00334	HOLD	99,6434	107,8616
2019-07-14	04:00	10921,87	11061	10830	11060,88	LONG	0,00167	5982,76	0,00334	HOLD	99,6434	108,0938
2019-07-14	05:00	11061	11450	11002,37	11259,11	LONG	0,00167	5982,76	0,00334	HOLD	99,6434	108,4248
2019-07-14	06:00	11261,52	11394,54	11211	11355,76	LONG	0,00167	5982,76	0,00334	HOLD	99,6434	108,5862
2019-07-14	07:00	11355,78	11419,99	11279,47	11301,44	LONG	0,00167	5982,76	0,00334	HOLD	99,6434	108,4955
2019-07-14	08:00	11301,08	11450	11251,82	11395,13	LONG	0,00167	5982,76	0,00334	HOLD	99,6434	108,652
2019-07-14	09:00	11397,59	11452	11311,5	11325,36	LONG	0,00167	5982,76	0,00334	HOLD	99,6434	108,5354
2019-07-14	10:00	11325,38	11363,07	11275,91	11281,73	LONG	0,00167	5982,76	0,00334	HOLD	99,6434	108,4626
2019-07-14	11:00	11281,12	11346,23	11139,7	11160,17	LONG	0,00167	5982,76	0,00334	HOLD	99,6434	108,2596
2019-07-14	12:00	11160,17	11246,22	11140	11226,26	LONG	0,00167	5982,76	0,00334	HOLD	99,6434	108,3699
2019-07-14	13:00	11225,46	11298,18	11200,02	11215,15	LONG	0,00167	5982,76	0,00334	HOLD	99,6434	108,3514
2019-07-14	14:00	11217,48	11217,48	11085,23	11126,8	LONG	0,00167	5982,76	0,00334	HOLD	99,6434	108,2038
2019-07-14	15:00	11126,82	11190,08	11083,1	11087,63	LONG	0,00167	5982,76	0,00334	HOLD	99,6434	108,1384
2019-07-14	16:00	11087,63	11137,04	10712,22	10875,06	LONG	0,00167	5982,76	0,00334	HOLD	99,6434	107,7834
2019-07-14	17:00	10875,22	10950	10590	10732,42	LONG	0,00167	5982,76	0,00334	HOLD	99,6434	107,5452
2019-07-14	18:00	10732,66	10816,67	10505	10681,52	LONG	0,00167	5982,76	0,00334	HOLD	99,6434	107,4602
2019-07-14	19:00	10680	10751,1	10559,58	10698,21	LONG	0,00167	5982,76	0,00334	HOLD	99,6434	107,4881
2019-07-14	20:00	10697,27	10750	10505	10640	LONG	0,00167	5982,76	0,00334	HOLD	99,6434	107,3909
2019-07-14	21:00	10640	10711,51	10543	10614,63	LONG	0,00167	5982,76	0,00334	HOLD	99,6434	107,3485
2019-07-14	22:00	10612,84	10630	10295	10413,12	LONG	0,00167	5982,76	0,00334	HOLD	99,6434	107,012
2019-07-14	23:00	10413,18	10612,48	10335,03	10572,03	LONG	0,00167	5982,76	0,00334	HOLD	99,6434	107,2774
2019-07-15	00:00	10572,1	10686,87	10520,16	10575,6	LONG	0,00167	5982,76	0,00334	HOLD	99,6434	107,2833
2019-07-15	01:00	10575,63	10605	10312	10477,58	LONG	0,00167	5982,76	0,00334	HOLD	99,6434	107,1196
2019-07-15	02:00	10476,51	10552,95	10388	10488,17	LONG	0,00167	5982,76	0,00334	HOLD	99,6434	107,1373
2019-07-15	03:00	10488,17	10733,37	10368	10632,89	LONG	0,00167	5982,76	0,00334	HOLD	99,6434	107,379
2019-07-15	04:00	10632,92	10711,92	10539,89	10656,85	LONG	0,00167	5982,76	0,00334	HOLD	99,6434	107,419
2019-07-15	05:00	10656,02	10682,19	10480,27	10490,28	LONG	0,00167	5982,76	0,00334	HOLD	99,6434	107,1409
2019-07-15	06:00	10490	10490	10103	10174,18	LONG	0,00167	5982,76	0,00334	HOLD	99,6434	106,613
2019-07-15	07:00	10174,18	10200	9900	10008,21	LONG	0,00167	5982,76	0,00334	HOLD	99,6434	106,3358
2019-07-15	08:00	10005,07	10149,43	9974,45	10037,69	LONG	0,00167	5982,76	0,00334	HOLD	99,6434	106,385
2019-07-15	09:00	10037,32	10110,98	9860	10103,55	LONG	0,00167	5982,76	0,00334	HOLD	99,6434	106,495
2019-07-15	10:00	10104,99	10267,84	10066,01	10244,81	LONG	0,00167	5982,76	0,00334	HOLD	99,6434	106,7309
2019-07-15	11:00	10244,49	10288,46	10150	10157,72	LONG	0,00167	5982,76	0,00334	HOLD	99,6434	106,5855
2019-07-15	12:00	10157,9	10192,39	10051	10172,5	LONG	0,00167	5982,76	0,00334	HOLD	99,6434	106,6102
2019-07-15	13:00	10171,57	10215,51	10068,43	10155,62	LONG	0,00167	5982,76	0,00334	HOLD	99,6434	106,582
2019-07-15	14:00	10152,23	10344,82	10152,23	10322,7	LONG	0,00167	5982,76	0,00334	HOLD	99,6434	106,861
2019-07-15	15:00	10322,7	10333,68	10157,98	10185,02	LONG	0,00167	5982,76	0,00334	HOLD	99,6434	106,6311
2019-07-15	16:00	10187,62	10379,88	10127,1	10319,32	LONG	0,00167	5982,76	0,00334	HOLD	99,6434	106,8553
2019-07-15	17:00	10319,34	10372,8	10266,85	10276,16	LONG	0,00167	5982,76	0,00334	HOLD	99,6434	106,7833
2019-07-15	18:00	10276,05	10389,06	10250	10298,05	LONG	0,00167	5982,76	0,00334	HOLD	99,6434	106,8198
2019-07-15	19:00	10299,23	10323,5	10092,49	10100,37	LONG	0,00167	5982,76	0,00334	HOLD	99,6434	106,4897
2019-07-15	20:00	10100	10397,99	10059,24	10376,76	LONG	0,00167	5982,76	0,00334	HOLD	99,6434	106,9513
2019-07-15	21:00	10375,17	10595,18	10371,38	10541,49	LONG	0,00167	5982,76	0,00334	HOLD	99,6434	107,2264
2019-07-15	22:00	10540,86	10615	10463	10569,22	LONG	0,00167	5982,76	0,00334	HOLD	99,6434	107,2727
2019-07-15	23:00	10569,99	10673,44	10471,47	10645,35	LONG	0,00167	5982,76	0,00334	HOLD	99,6434	107,3998
2019-07-16	00:00	10647,51	10656,94	10423,01	10424,74	LONG	0,00167	5982,76	0,00334	HOLD	99,6434	107,0314
2019-07-16	01:00	10424,74	10940	10371	10903,12	LONG	0,00167	5982,76	0,00334	HOLD	99,6434	107,8303
2019-07-16	02:00	10903,11	10956	10801,01	10844,45	LONG	0,00167	5982,76	0,00334	HOLD	99,6434	107,7323
2019-07-16	03:00	10844,99	10947,99	10751,02	10811,46	LONG	0,00167	5982,76	0,00334	HOLD	99,6434	107,6772
2019-07-16	04:00	10811,46	10890,15	10730,33	10737,06	LONG	0,00167	5982,76	0,00334	HOLD	99,6434	107,553
2019-07-16	05:00	10738,17	10925	10732,17	10919,74	LONG	0,00167	5982,76	0,00334	HOLD	99,6434	107,8581
2019-07-16	06:00	10918,84	11100	10803,7	10838,72	LONG	0,00167	5982,76	0,00334	HOLD	99,6434	107,7227
2019-07-16	07:00	10833,78	10966,3	10801,92	10910,15	LONG	0,00167	5982,76	0,00334	HOLD	99,6434	107,842
2019-07-16	08:00	10909,04	11028	10875,62	10911,85	LONG	0,00167	5982,76	0,00334	HOLD	99,6434	107,8449
2019-07-16	09:00	10915,19	10918,72	10668,82	10744,37	LONG	0,00167	5982,76	0,00334	HOLD	99,6434	107,5652
2019-07-16	10:00	10744,9	10825,49	10625,4	10694,64	LONG	0,00167	5982,76	0,00334	HOLD	99,6434	107,4821
2019-07-16	11:00	10694,1	10806,18	10601,98	10748,14	LONG	0,00167	5982,76	0,00334	HOLD	99,6434	107,5715
2019-07-16	12:00	10746,1	10797,97	10660,58	10752,21	LONG	0,00167	5982,76	0,00334	HOLD	99,6434	107,5783
2019-07-16	13:00	10752,21	10788,15	10670	10683,08	LONG	0,00167	5982,76	0,00334	HOLD	99,6434	107,4628
2019-07-16	14:00	10685,24	10764,6	10460	10717,04	LONG	0,00167	5982,76	0,00334	HOLD	99,6434	107,5195
2019-07-16	15:00	10718,53	10850	10687,44	10801	LONG	0,00167	5982,76	0,00334	HOLD	99,6434	107,6598
2019-07-16	16:00	10801	10848,45	10631	10671,98	LONG	0,00167	5982,76	0,00334	HOLD	99,6434	107,4443
2019-07-16	17:00	10671,91	10740	10609,11	10684,21	LONG	0,00167	5982,76	0,00334	HOLD	99,6434	107,4647
2019-07-16	18:00	10684,21	10760	10580	10682,8	LONG	0,00167	5982,76	0,00334	HOLD	99,6434	107,4624
2019-07-16	19:00	10682,74	10684,93	10411	10497,61	LONG	0,00167	5982,76	0,00334	HOLD	99,6434	107,1531
2019-07-16	20:00	10499,04	10543,17	10311,13	10368,63	LONG	0,00167	5982,76	0,00334	HOLD	99,6434	106,9377
2019-07-16	21:00	10366,59	10487,98	10333	10389	LONG	0,00167	5982,76	0,00334	HOLD	99,6434	106,9717
2019-07-16	22:00	10388,97	10560,25	10367,52	10492,77	LONG	0,00167	5982,76	0,00334	HOLD	99,6434	107,145
2019-07-16	23:00	10492,77	10496,15	9890	9920,21	LONG	0,00167	5982,76	0,00334	HOLD	99,6434	106,1888
2019-07-17	00:00	9923,85	9930	9501	9679,95	LONG	0,00167	5982,76	0,00334	HOLD	99,6434	105,7876
2019-07-17	01:00	9681,45	9789	9560,02	9594,3	LONG	0,00167	5982,76	0,00334	HOLD	99,6434	105,6446
2019-07-17	02:00	9597,84	9699,97	9550,68	9694,73	LONG	0,00167	5982,76	0,00334	HOLD	99,6434	105,8123
2019-07-17	03:00	9694,73	9792,08	9534,77	9594,9	LONG	0,00167	5982,76	0,00334	HOLD	99,6434	105,6456
2019-07-17	04:00	9595,04	9683,67	9410	9645,36	LONG	0,00167	5982,76	0,00334	HOLD	99,6434	105,7298
2019-07-17	05:00	9644,91	9645,34	9443	9470,02	LONG	0,00167	5982,76	0,00334	HOLD	99,6434	105,437
2019-07-17	06:00	9476,61	9545	9350,01	9439,59	LONG	0,00167	5982,76	0,00334	HOLD	99,6434	105,3862
2019-07-17	07:00	9430,17	9630	9426,35	9500,78	LONG	0,00167	5982,76	0,00334	HOLD	99,6434	105,4884
2019-07-17	08:00	9505,26	9548	9432	9461,65	LONG	0,00167	5982,76	0,00334	HOLD	99,6434	105,423
2019-07-17	09:00	9459,78	9463,14	9214	9340,3	LONG	0,00167	5982,76	0,00334	HOLD	99,6434	105,2204
2019-07-17	10:00	9340,52	9460	9338	9399,45	LONG	0,00167	5982,76	0,00334	HOLD	99,6434	105,3192
2019-07-17	11:00	9398,6	9500	9303	9431,52	LONG	0,00167	5982,76	0,00334	HOLD	99,6434	105,3727
2019-07-17	12:00	9431,5	9599	9430,19	9553,45	LONG	0,00167	5982,76	0,00334	HOLD	99,6434	105,5763
2019-07-17	13:00	9553,95	9589	9503,92	9519	LONG	0,00167	5982,76	0,00334	HOLD	99,6434	105,5188
2019-07-17	14:00	9518,71	9608,47	9435,02	9549,98	LONG	0,00167	5982,76	0,00334	HOLD	99,6434	105,5706
2019-07-17	15:00	9549,98	9609,91	9479,96	9505,3	LONG	0,00167	5982,76	0,00334	HOLD	99,6434	105,4959
2019-07-17	16:00	9505,17	9529,05	9400	9432,15	LONG	0,00167	5982,76	0,00334	HOLD	99,6434	105,3738
2019-07-17	17:00	9432,15	9432,74	9228,93	9356,85	LONG	0,00167	5982,76	0,00334	HOLD	99,6434	105,248
2019-07-17	18:00	9355	9390,96	9060	9157,02	LONG	0,00167	5982,76	0,00334	HOLD	99,6434	104,9143
2019-07-17	19:00	9157,04	9498,13	9060	9450,03	LONG	0,00167	5982,76	0,00334	HOLD	99,6434	105,4036
2019-07-17	20:00	9451,04	9519,69	9382,22	9505	LONG	0,00167	5982,76	0,00334	HOLD	99,6434	105,4954
2019-07-17	21:00	9506,29	9716,34	9500	9679,37	LONG	0,00167	5982,76	0,00334	HOLD	99,6434	105,7866
2019-07-17	22:00	9679,37	9805	9601	9720,2	LONG	0,00167	5982,76	0,00334	HOLD	99,6434	105,8548
2019-07-17	23:00	9720,01	9861,99	9633,42	9687,59	LONG	0,00167	5982,76	0,00334	HOLD	99,6434	105,8004
2019-07-18	00:00	9688,57	9860	9640,06	9778,87	LONG	0,00167	5982,76	0,00334	HOLD	99,6434	105,9528
2019-07-18	01:00	9779,27	9923	9716,12	9919,98	LONG	0,00167	5982,76	0,00334	HOLD	99,6434	106,1885
2019-07-18	02:00	9919,98	9957	9700	9731,54	LONG	0,00167	5982,76	0,00334	HOLD	99,6434	105,8738
2019-07-18	03:00	9731,55	9774,89	9612,48	9665,2	LONG	0,00167	5982,76	0,00334	HOLD	99,6434	105,763
2019-07-18	04:00	9665,2	9949	9635	9783,4	LONG	0,00167	5982,76	0,00334	HOLD	99,6434	105,9604
2019-07-18	05:00	9783,39	9901	9682,5	9706,63	LONG	0,00167	5982,76	0,00334	HOLD	99,6434	105,8322
2019-07-18	06:00	9708,72	9718,26	9552,89	9667,92	LONG	0,00167	5982,76	0,00334	HOLD	99,6434	105,7675
2019-07-18	07:00	9668,86	9695	9521	9599,23	LONG	0,00167	5982,76	0,00334	HOLD	99,6434	105,6528
2019-07-18	08:00	9599,23	9805	9599,22	9760,07	LONG	0,00167	5982,76	0,00334	HOLD	99,6434	105,9214
2019-07-18	09:00	9760,09	9805,3	9675,83	9805,3	LONG	0,00167	5982,76	0,00334	HOLD	99,6434	105,9969
2019-07-18	10:00	9803,87	9808,1	9643,54	9708,19	LONG	0,00167	5982,76	0,00334	HOLD	99,6434	105,8348
2019-07-18	11:00	9708,55	9895	9619,69	9890,07	LONG	0,00167	5982,76	0,00334	HOLD	99,6434	106,1385
2019-07-18	12:00	9892,32	9893,97	9780	9813,68	LONG	0,00167	5982,76	0,00334	HOLD	99,6434	106,0109
2019-07-18	13:00	9816,13	9996,52	9776,73	9886,34	LONG	0,00167	5982,76	0,00334	HOLD	99,6434	106,1323
2019-07-18	14:00	9885,74	9888,69	9763,4	9790,97	LONG	0,00167	5982,76	0,00334	HOLD	99,6434	105,973
2019-07-18	15:00	9788,61	9850	9659,14	9707,13	LONG	0,00167	5982,76	0,00334	HOLD	99,6434	105,833
2019-07-18	16:00	9705,78	9816,12	9680	9732,24	LONG	0,00167	5982,76	0,00334	HOLD	99,6434	105,8749
2019-07-18	17:00	9731,86	9870	9716,13	9832,83	LONG	0,00167	5982,76	0,00334	HOLD	99,6434	106,0429
2019-07-18	18:00	9832,5	9850,01	9732,77	9749,38	LONG	0,00167	5982,76	0,00334	HOLD	99,6434	105,9035
2019-07-18	19:00	9751,31	9756,72	9320	9390,86	LONG	0,00167	5982,76	0,00334	HOLD	99,6434	105,3048
2019-07-18	20:00	9390,27	9495	9343,34	9395,88	LONG	0,00167	5982,76	0,00334	HOLD	99,6434	105,3132
2019-07-18	21:00	9395,6	10370	9252	10276,37	LONG	0,00167	5982,76	0,00334	HOLD	99,6434	106,7836
2019-07-18	22:00	10272,8	10455	10167,45	10437,93	LONG	0,00167	5982,76	0,00334	HOLD	99,6434	107,0534
2019-07-18	23:00	10443,04	10665	10342,83	10483,61	LONG	0,00167	5982,76	0,00334	HOLD	99,6434	107,1297
2019-07-19	00:00	10483,64	10577	10390,27	10517,92	LONG	0,00167	5982,76	0,00334	HOLD	99,6434	107,187
2019-07-19	01:00	10515,35	10725	10465	10491,69	LONG	0,00167	5982,76	0,00334	HOLD	99,6434	107,1432
2019-07-19	02:00	10491,7	10609	10450,01	10486,53	LONG	0,00167	5982,76	0,00334	HOLD	99,6434	107,1346
2019-07-19	03:00	10492,54	10642,1	10484,38	10576	LONG	0,00167	5982,76	0,00334	HOLD	99,6434	107,284
2019-07-19	04:00	10573,69	10699,98	10472,84	10565,24	LONG	0,00167	5982,76	0,00334	HOLD	99,6434	107,266
2019-07-19	05:00	10565,39	10594	10480	10572,7	LONG	0,00167	5982,76	0,00334	HOLD	99,6434	107,2785
2019-07-19	06:00	10572	10788	10570	10627,16	LONG	0,00167	5982,76	0,00334	HOLD	99,6434	107,3694
2019-07-19	07:00	10628,64	10673,7	10550	10649,49	LONG	0,00167	5982,76	0,00334	HOLD	99,6434	107,4067
2019-07-19	08:00	10651,06	10706,93	10520,3	10545	LONG	0,00167	5982,76	0,00334	HOLD	99,6434	107,2322
2019-07-19	09:00	10545	10675,11	10490,1	10591,21	LONG	0,00167	5982,76	0,00334	HOLD	99,6434	107,3094
2019-07-19	10:00	10591,43	10648,77	10514,3	10577,81	LONG	0,00167	5982,76	0,00334	HOLD	99,6434	107,287
2019-07-19	11:00	10575,8	10582	10363,38	10433,85	LONG	0,00167	5982,76	0,00334	HOLD	99,6434	107,0466
2019-07-19	12:00	10433,99	10530	10380,59	10484,2	LONG	0,00167	5982,76	0,00334	HOLD	99,6434	107,1307
2019-07-19	13:00	10483,56	10546,35	10430,92	10456,97	LONG	0,00167	5982,76	0,00334	HOLD	99,6434	107,0852
2019-07-19	14:00	10454,6	10645	10399	10600,29	LONG	0,00167	5982,76	0,00334	HOLD	99,6434	107,3246
2019-07-19	15:00	10599,32	10769,71	10210,39	10348,57	LONG	0,00167	5982,76	0,00334	HOLD	99,6434	106,9042
2019-07-19	16:00	10348,52	10388	10242,35	10344,09	LONG	0,00167	5982,76	0,00334	HOLD	99,6434	106,8967
2019-07-19	17:00	10343,64	10375,72	10240	10323,65	LONG	0,00167	5982,76	0,00334	HOLD	99,6434	106,8626
2019-07-19	18:00	10321,6	10397,87	10263,83	10282,65	LONG	0,00167	5982,76	0,00334	HOLD	99,6434	106,7941
2019-07-19	19:00	10282,77	10650	10215	10474,71	LONG	0,00167	5982,76	0,00334	HOLD	99,6434	107,1149
2019-07-19	20:00	10474,4	10483,33	10121,84	10303	LONG	0,00167	5982,76	0,00334	HOLD	99,6434	106,8281
2019-07-19	21:00	10303,59	10440	10263	10321,17	LONG	0,00167	5982,76	0,00334	HOLD	99,6434	106,8584
2019-07-19	22:00	10323,99	10440,18	10305,78	10417,22	LONG	0,00167	5982,76	0,00334	HOLD	99,6434	107,0188
2019-07-19	23:00	10417,22	10420,68	10300,81	10367,57	LONG	0,00167	5982,76	0,00334	HOLD	99,6434	106,9359
2019-07-20	00:00	10367,73	10478	10350,77	10410	LONG	0,00167	5982,76	0,00334	HOLD	99,6434	107,0068
2019-07-20	01:00	10411,5	10449,45	10335	10380,67	LONG	0,00167	5982,76	0,00334	HOLD	99,6434	106,9578
2019-07-20	02:00	10381,71	10432,77	10356,05	10393,6	LONG	0,00167	5982,76	0,00334	HOLD	99,6434	106,9794
2019-07-20	03:00	10391,96	10529,98	10381,77	10507,84	LONG	0,00167	5982,76	0,00334	HOLD	99,6434	107,1702
2019-07-20	04:00	10507,83	10560,55	10459,03	10544,01	LONG	0,00167	5982,76	0,00334	HOLD	99,6434	107,2306
2019-07-20	05:00	10544,03	10576,92	10435,84	10464,99	LONG	0,00167	5982,76	0,00334	HOLD	99,6434	107,0986
2019-07-20	06:00	10464,99	10550	10464,99	10504,29	LONG	0,00167	5982,76	0,00334	HOLD	99,6434	107,1642
2019-07-20	07:00	10505,78	10588	10415,5	10449,86	LONG	0,00167	5982,76	0,00334	HOLD	99,6434	107,0734
2019-07-20	08:00	10451,68	10485,67	10350	10433,58	LONG	0,00167	5982,76	0,00334	HOLD	99,6434	107,0462
2019-07-20	09:00	10433,58	10537,3	10432	10504,92	LONG	0,00167	5982,76	0,00334	HOLD	99,6434	107,1653
2019-07-20	10:00	10504,3	10553,02	10486,97	10507,49	LONG	0,00167	5982,76	0,00334	HOLD	99,6434	107,1696
2019-07-20	11:00	10507,49	10620	10460	10604,92	LONG	0,00167	5982,76	0,00334	HOLD	99,6434	107,3323
2019-07-20	12:00	10605,33	10619	10529,55	10575,08	LONG	0,00167	5982,76	0,00334	HOLD	99,6434	107,2825
2019-07-20	13:00	10575,08	10606,93	10556,83	10597,98	LONG	0,00167	5982,76	0,00334	HOLD	99,6434	107,3207
2019-07-20	14:00	10596,29	10689	10520	10560,04	LONG	0,00167	5982,76	0,00334	HOLD	99,6434	107,2574
2019-07-20	15:00	10558,94	10569,37	10497	10548,92	LONG	0,00167	5982,76	0,00334	HOLD	99,6434	107,2388
2019-07-20	16:00	10549,16	10606,38	10546,65	10554,2	LONG	0,00167	5982,76	0,00334	HOLD	99,6434	107,2476
2019-07-20	17:00	10555,26	10616,69	10529	10567,18	LONG	0,00167	5982,76	0,00334	HOLD	99,6434	107,2693
2019-07-20	18:00	10569,38	10600	10433,01	10571,65	LONG	0,00167	5982,76	0,00334	HOLD	99,6434	107,2767
2019-07-20	19:00	10568,2	10618,06	10500	10520,01	LONG	0,00167	5982,76	0,00334	HOLD	99,6434	107,1905
2019-07-20	20:00	10518,37	10700	10462,02	10525,16	LONG	0,00167	5982,76	0,00334	HOLD	99,6434	107,1991
2019-07-20	21:00	10527,6	10598,9	10519,1	10596,6	LONG	0,00167	5982,76	0,00334	HOLD	99,6434	107,3184
2019-07-20	22:00	10595,75	10645,24	10546,94	10615,46	LONG	0,00167	5982,76	0,00334	HOLD	99,6434	107,3499
2019-07-20	23:00	10613,43	10832	10565,01	10781,27	LONG	0,00167	5982,76	0,00334	HOLD	99,6434	107,6268
2019-07-21	00:00	10780,3	10995	10760,19	10866,22	LONG	0,00167	5982,76	0,00334	HOLD	99,6434	107,7687
2019-07-21	01:00	10862,93	10941,16	10861,77	10900,67	LONG	0,00167	5982,76	0,00334	HOLD	99,6434	107,8262
2019-07-21	02:00	10902	10912,33	10850	10898,66	LONG	0,00167	5982,76	0,00334	HOLD	99,6434	107,8228
2019-07-21	03:00	10898,66	10928,51	10861,24	10903,23	LONG	0,00167	5982,76	0,00334	HOLD	99,6434	107,8305
2019-07-21	04:00	10904,12	10927,96	10855	10925,39	LONG	0,00167	5982,76	0,00334	HOLD	99,6434	107,8675
2019-07-21	05:00	10926,49	10977,43	10885,7	10973	LONG	0,00167	5982,76	0,00334	HOLD	99,6434	107,947
2019-07-21	06:00	10971,41	11068,99	10656,85	10740,23	LONG	0,00167	5982,76	0,00334	HOLD	99,6434	107,5583
2019-07-21	07:00	10740,27	10817,9	10650,21	10776,63	LONG	0,00167	5982,76	0,00334	HOLD	99,6434	107,6191
2019-07-21	08:00	10776,59	10810,63	10746,07	10793,86	LONG	0,00167	5982,76	0,00334	HOLD	99,6434	107,6478
2019-07-21	09:00	10793,81	10794,83	10601	10634,8	LONG	0,00167	5982,76	0,00334	HOLD	99,6434	107,3822
2019-07-21	10:00	10632,73	10634	10550	10575,15	LONG	0,00167	5982,76	0,00334	HOLD	99,6434	107,2826
2019-07-21	11:00	10577,36	10667,33	10530	10633,37	LONG	0,00167	5982,76	0,00334	HOLD	99,6434	107,3798
2019-07-21	12:00	10633,21	10649,39	10555,49	10569,92	LONG	0,00167	5982,76	0,00334	HOLD	99,6434	107,2739
2019-07-21	13:00	10570,23	10630	10539,77	10588,72	LONG	0,00167	5982,76	0,00334	HOLD	99,6434	107,3052
2019-07-21	14:00	10589,58	10638,05	10565,87	10582,45	LONG	0,00167	5982,76	0,00334	HOLD	99,6434	107,2948
2019-07-21	15:00	10581,54	10693,74	10460,01	10673	LONG	0,00167	5982,76	0,00334	HOLD	99,6434	107,446
2019-07-21	16:00	10673	10745,98	10668,85	10677,87	LONG	0,00167	5982,76	0,00334	HOLD	99,6434	107,4541
2019-07-21	17:00	10677,87	10678,25	10510	10555,29	LONG	0,00167	5982,76	0,00334	HOLD	99,6434	107,2494
2019-07-21	18:00	10553,89	10614,55	10513,17	10585,11	LONG	0,00167	5982,76	0,00334	HOLD	99,6434	107,2992
2019-07-21	19:00	10585,11	10592	10516,11	10564,83	LONG	0,00167	5982,76	0,00334	HOLD	99,6434	107,2654
2019-07-21	20:00	10564,83	10596,43	10480	10535,06	LONG	0,00167	5982,76	0,00334	HOLD	99,6434	107,2156
2019-07-21	21:00	10535,08	10560,19	10334	10393,7	LONG	0,00167	5982,76	0,00334	HOLD	99,6434	106,9796
2019-07-21	22:00	10394,87	10472,81	10340	10444,56	LONG	0,00167	5982,76	0,00334	HOLD	99,6434	107,0645
2019-07-21	23:00	10443,54	10471,36	10344,44	10354,16	LONG	0,00167	5982,76	0,00334	HOLD	99,6434	106,9135
2019-07-22	00:00	10355,64	10440	10288	10418,58	LONG	0,00167	5982,76	0,00334	HOLD	99,6434	107,0211
2019-07-22	01:00	10418,58	10515,36	10380,11	10494,08	LONG	0,00167	5982,76	0,00334	HOLD	99,6434	107,1472
2019-07-22	02:00	10492,21	10515	10350	10406,53	LONG	0,00167	5982,76	0,00334	HOLD	99,6434	107,001
2019-07-22	03:00	10407,3	10520	10385	10496,78	LONG	0,00167	5982,76	0,00334	HOLD	99,6434	107,1517
2019-07-22	04:00	10501,08	10600	10487,61	10556,09	LONG	0,00167	5982,76	0,00334	HOLD	99,6434	107,2508
2019-07-22	05:00	10556,01	10649,88	10506	10552,29	LONG	0,00167	5982,76	0,00334	HOLD	99,6434	107,2444
2019-07-22	06:00	10551,76	10640	10528,14	10589,45	LONG	0,00167	5982,76	0,00334	HOLD	99,6434	107,3065
2019-07-22	07:00	10590,15	10683,16	10552	10592,81	LONG	0,00167	5982,76	0,00334	HOLD	99,6434	107,3121
2019-07-22	08:00	10592,81	10617,77	10554,73	10579,46	LONG	0,00167	5982,76	0,00334	HOLD	99,6434	107,2898
2019-07-22	09:00	10579,4	10633	10560,17	10619,55	LONG	0,00167	5982,76	0,00334	HOLD	99,6434	107,3567
2019-07-22	10:00	10619,55	10642,85	10588,91	10614,74	LONG	0,00167	5982,76	0,00334	HOLD	99,6434	107,3487
2019-07-22	11:00	10613,47	10642,66	10511,94	10556,53	LONG	0,00167	5982,76	0,00334	HOLD	99,6434	107,2515
2019-07-22	12:00	10556,57	10603,43	10511	10588,08	LONG	0,00167	5982,76	0,00334	HOLD	99,6434	107,3042
2019-07-22	13:00	10588,13	10640	10584,07	10597,15	LONG	0,00167	5982,76	0,00334	HOLD	99,6434	107,3193
2019-07-22	14:00	10597,15	10620,57	10575	10603,21	LONG	0,00167	5982,76	0,00334	HOLD	99,6434	107,3294
2019-07-22	15:00	10603,39	10620	10543,02	10559,1	LONG	0,00167	5982,76	0,00334	HOLD	99,6434	107,2558
2019-07-22	16:00	10562,94	10565,88	10441,16	10452,89	LONG	0,00167	5982,76	0,00334	HOLD	99,6434	107,0784
2019-07-22	17:00	10456,01	10536,42	10407,3	10493,05	LONG	0,00167	5982,76	0,00334	HOLD	99,6434	107,1455
2019-07-22	18:00	10492,23	10620	10428,03	10562	LONG	0,00167	5982,76	0,00334	HOLD	99,6434	107,2606
2019-07-22	19:00	10559,64	10588	10461	10530	LONG	0,00167	5982,76	0,00334	HOLD	99,6434	107,2072
2019-07-22	20:00	10530	10550	10479	10494,5	LONG	0,00167	5982,76	0,00334	HOLD	99,6434	107,1479
2019-07-22	21:00	10492,67	10549,95	10167,1	10220	LONG	0,00167	5982,76	0,00334	HOLD	99,6434	106,6895
2019-07-22	22:00	10220	10350,14	10168,25	10238,43	LONG	0,00167	5982,76	0,00334	HOLD	99,6434	106,7203
2019-07-22	23:00	10240,81	10316	10219,27	10243,82	LONG	0,00167	5982,76	0,00334	HOLD	99,6434	106,7293
2019-07-23	00:00	10245,47	10430	10188,79	10356,14	LONG	0,00167	5982,76	0,00334	HOLD	99,6434	106,9168
2019-07-23	01:00	10354,59	10354,59	10258	10292,93	LONG	0,00167	5982,76	0,00334	HOLD	99,6434	106,8113
2019-07-23	02:00	10294,47	10330,38	10100	10162,66	LONG	0,00167	5982,76	0,00334	HOLD	99,6434	106,5937
2019-07-23	03:00	10163,75	10393	10125	10352,69	LONG	0,00167	5982,76	0,00334	HOLD	99,6434	106,9111
2019-07-23	04:00	10350,01	10394	10256,08	10294,74	LONG	0,00167	5982,76	0,00334	HOLD	99,6434	106,8143
2019-07-23	05:00	10293,39	10390	10246,56	10300	LONG	0,00167	5982,76	0,00334	HOLD	99,6434	106,8231
2019-07-23	06:00	10300,01	10375	10295,66	10340,31	LONG	0,00167	5982,76	0,00334	HOLD	99,6434	106,8904
2019-07-23	07:00	10343,08	10343,97	10203,05	10269,49	LONG	0,00167	5982,76	0,00334	HOLD	99,6434	106,7721
2019-07-23	08:00	10269,49	10271,91	10216,79	10235,34	LONG	0,00167	5982,76	0,00334	HOLD	99,6434	106,7151
2019-07-23	09:00	10235,34	10309,56	10224,52	10289,48	LONG	0,00167	5982,76	0,00334	HOLD	99,6434	106,8055
2019-07-23	10:00	10287,19	10313,48	10250,38	10255,54	LONG	0,00167	5982,76	0,00334	HOLD	99,6434	106,7488
2019-07-23	11:00	10255,11	10259,33	10200,11	10235,72	LONG	0,00167	5982,76	0,00334	HOLD	99,6434	106,7157
2019-07-23	12:00	10237,81	10258,76	10116,66	10164,33	LONG	0,00167	5982,76	0,00334	HOLD	99,6434	106,5965
2019-07-23	13:00	10164	10205,99	9970	10047,6	LONG	0,00167	5982,76	0,00334	HOLD	99,6434	106,4016
2019-07-23	14:00	10047,13	10230,89	10000	10041,62	LONG	0,00167	5982,76	0,00334	HOLD	99,6434	106,3916
2019-07-23	15:00	10041,61	10102,9	9913,12	9955,95	LONG	0,00167	5982,76	0,00334	HOLD	99,6434	106,2485
2019-07-23	16:00	9959,76	10028	9920	9991,42	LONG	0,00167	5982,76	0,00334	HOLD	99,6434	106,3078
2019-07-23	17:00	9991,42	10040	9883	10002,23	LONG	0,00167	5982,76	0,00334	HOLD	99,6434	106,3258
2019-07-23	18:00	10003,43	10065	9995,27	10025	LONG	0,00167	5982,76	0,00334	HOLD	99,6434	106,3638
2019-07-23	19:00	10025	10045,87	9956,93	9991,32	LONG	0,00167	5982,76	0,00334	HOLD	99,6434	106,3076
2019-07-23	20:00	9993,91	10008,27	9870,58	9959,78	LONG	0,00167	5982,76	0,00334	HOLD	99,6434	106,2549
2019-07-23	21:00	9956,47	10018,27	9889,57	9989,45	LONG	0,00167	5982,76	0,00334	HOLD	99,6434	106,3045
2019-07-23	22:00	9988,18	10068	9920,62	9932,36	LONG	0,00167	5982,76	0,00334	HOLD	99,6434	106,2091
2019-07-23	23:00	9930,59	10020	9900	9988,75	LONG	0,00167	5982,76	0,00334	HOLD	99,6434	106,3033
2019-07-24	00:00	9988,73	10025,51	9964	10013,19	LONG	0,00167	5982,76	0,00334	HOLD	99,6434	106,3441
2019-07-24	01:00	10013,2	10179	10002,52	10096,7	LONG	0,00167	5982,76	0,00334	HOLD	99,6434	106,4836
2019-07-24	02:00	10096,71	10159,42	10050	10149,29	LONG	0,00167	5982,76	0,00334	HOLD	99,6434	106,5714
2019-07-24	03:00	10147,69	10227,98	10135,48	10146,63	LONG	0,00167	5982,76	0,00334	HOLD	99,6434	106,567
2019-07-24	04:00	10142,55	10147,54	10084,67	10124,26	LONG	0,00167	5982,76	0,00334	HOLD	99,6434	106,5296
2019-07-24	05:00	10123,43	10143,65	10016	10031,04	LONG	0,00167	5982,76	0,00334	HOLD	99,6434	106,3739
2019-07-24	06:00	10031,04	10034,05	9822	9864,91	LONG	0,00167	5982,76	0,00334	HOLD	99,6434	106,0965
2019-07-24	07:00	9864,78	9870,22	9634,22	9691,56	LONG	0,00167	5982,76	0,00334	HOLD	99,6434	105,807
2019-07-24	08:00	9693,81	9735,11	9680	9701,41	LONG	0,00167	5982,76	0,00334	HOLD	99,6434	105,8234
2019-07-24	09:00	9701,41	9729	9615	9703,61	LONG	0,00167	5982,76	0,00334	HOLD	99,6434	105,8271
2019-07-24	10:00	9703,62	9704,99	9627,01	9650,84	LONG	0,00167	5982,76	0,00334	HOLD	99,6434	105,739
2019-07-24	11:00	9650	9675,04	9593,06	9650,66	LONG	0,00167	5982,76	0,00334	HOLD	99,6434	105,7387
2019-07-24	12:00	9650,68	9778,23	9632	9703,79	LONG	0,00167	5982,76	0,00334	HOLD	99,6434	105,8274
2019-07-24	13:00	9705,63	9775,65	9677,99	9697,49	LONG	0,00167	5982,76	0,00334	HOLD	99,6434	105,8169
2019-07-24	14:00	9697,49	9733,81	9661,77	9710,82	LONG	0,00167	5982,76	0,00334	HOLD	99,6434	105,8392
2019-07-24	15:00	9711,85	9797	9694,71	9757,8	LONG	0,00167	5982,76	0,00334	HOLD	99,6434	105,9176
2019-07-24	16:00	9757,47	9785,63	9715,4	9767,61	LONG	0,00167	5982,76	0,00334	HOLD	99,6434	105,934
2019-07-24	17:00	9766,81	9780,1	9660	9700,13	LONG	0,00167	5982,76	0,00334	HOLD	99,6434	105,8213
2019-07-24	18:00	9701,63	9751	9619,49	9721,48	LONG	0,00167	5982,76	0,00334	HOLD	99,6434	105,857
2019-07-24	19:00	9721,5	9780	9695,84	9752,1	LONG	0,00167	5982,76	0,00334	HOLD	99,6434	105,9081
2019-07-24	20:00	9752,1	9799,99	9672,2	9709,96	LONG	0,00167	5982,76	0,00334	HOLD	99,6434	105,8377
2019-07-24	21:00	9709,81	9909	9667,03	9869,89	LONG	0,00167	5982,76	0,00334	HOLD	99,6434	106,1048
2019-07-24	22:00	9871,7	9937	9855,59	9911,66	LONG	0,00167	5982,76	0,00334	HOLD	99,6434	106,1746
2019-07-24	23:00	9911,67	9928,74	9525	9583	LONG	0,00167	5982,76	0,00334	HOLD	99,6434	105,6257
2019-07-25	00:00	9583	9671,75	9560	9615,84	LONG	0,00167	5982,76	0,00334	HOLD	99,6434	105,6805
2019-07-25	01:00	9618,54	9688	9602,89	9642,82	LONG	0,00167	5982,76	0,00334	HOLD	99,6434	105,7256
2019-07-25	02:00	9642,8	9698	9572	9650,99	LONG	0,00167	5982,76	0,00334	HOLD	99,6434	105,7392
2019-07-25	03:00	9650,97	9725	9566,29	9671,78	LONG	0,00167	5982,76	0,00334	HOLD	99,6434	105,774
2019-07-25	04:00	9670,28	9843,4	9659	9775,33	LONG	0,00167	5982,76	0,00334	HOLD	99,6434	105,9469
2019-07-25	05:00	9778,37	9830	9734,3	9760,7	LONG	0,00167	5982,76	0,00334	HOLD	99,6434	105,9225
2019-07-25	06:00	9760,77	9848	9752,1	9763,28	LONG	0,00167	5982,76	0,00334	HOLD	99,6434	105,9268
2019-07-25	07:00	9763,4	10160	9720,03	10100	LONG	0,00167	5982,76	0,00334	HOLD	99,6434	106,4891
2019-07-25	08:00	10100	10175	10061,64	10071,1	LONG	0,00167	5982,76	0,00334	HOLD	99,6434	106,4408
2019-07-25	09:00	10069,64	10108	10025,54	10063,43	LONG	0,00167	5982,76	0,00334	HOLD	99,6434	106,428
2019-07-25	10:00	10065,97	10112,23	10050,55	10090,19	LONG	0,00167	5982,76	0,00334	HOLD	99,6434	106,4727
2019-07-25	11:00	10090,12	10110,01	10005,1	10040,68	LONG	0,00167	5982,76	0,00334	HOLD	99,6434	106,39
2019-07-25	12:00	10040,68	10069,2	10020	10055,71	LONG	0,00167	5982,76	0,00334	HOLD	99,6434	106,4151
2019-07-25	13:00	10055,73	10090,97	10009,51	10073,32	LONG	0,00167	5982,76	0,00334	HOLD	99,6434	106,4445
2019-07-25	14:00	10073,36	10100	10030	10046,96	LONG	0,00167	5982,76	0,00334	HOLD	99,6434	106,4005
2019-07-25	15:00	10045,64	10102,04	10041	10073,86	LONG	0,00167	5982,76	0,00334	HOLD	99,6434	106,4454
2019-07-25	16:00	10070,58	10140	10043,97	10065,31	LONG	0,00167	5982,76	0,00334	HOLD	99,6434	106,4312
2019-07-25	17:00	10064,65	10097	10038	10070,32	LONG	0,00167	5982,76	0,00334	HOLD	99,6434	106,4395
2019-07-25	18:00	10071,43	10080,63	10051	10066,42	LONG	0,00167	5982,76	0,00334	HOLD	99,6434	106,433
2019-07-25	19:00	10066,18	10156,6	10063,11	10125,24	LONG	0,00167	5982,76	0,00334	HOLD	99,6434	106,5312
2019-07-25	20:00	10126,96	10127,63	9905	9956,96	LONG	0,00167	5982,76	0,00334	HOLD	99,6434	106,2502
2019-07-25	21:00	9956,43	10005,3	9939,99	9972,94	LONG	0,00167	5982,76	0,00334	HOLD	99,6434	106,2769
2019-07-25	22:00	9970,91	10009,1	9955,38	9987,9	LONG	0,00167	5982,76	0,00334	HOLD	99,6434	106,3019
2019-07-25	23:00	9987,92	10077,64	9933	9983,06	LONG	0,00167	5982,76	0,00334	HOLD	99,6434	106,2938
2019-07-26	00:00	9983,72	10013	9977,22	9991,75	LONG	0,00167	5982,76	0,00334	HOLD	99,6434	106,3083
2019-07-26	01:00	9991,11	10010	9971	9990,88	LONG	0,00167	5982,76	0,00334	HOLD	99,6434	106,3069
2019-07-26	02:00	9990,88	9990,89	9801	9857,82	LONG	0,00167	5982,76	0,00334	HOLD	99,6434	106,0846
2019-07-26	03:00	9857,21	9888,13	9798,89	9872,9	LONG	0,00167	5982,76	0,00334	HOLD	99,6434	106,1098
2019-07-26	04:00	9874,5	9895	9810	9882,86	LONG	0,00167	5982,76	0,00334	HOLD	99,6434	106,1265
2019-07-26	05:00	9882,86	9949,99	9853,16	9905,07	LONG	0,00167	5982,76	0,00334	HOLD	99,6434	106,1636
2019-07-26	06:00	9906,68	9933,23	9856,07	9879,87	LONG	0,00167	5982,76	0,00334	HOLD	99,6434	106,1215
2019-07-26	07:00	9882,15	9882,15	9650	9725,73	LONG	0,00167	5982,76	0,00334	HOLD	99,6434	105,8641
2019-07-26	08:00	9725,75	9735,67	9651,1	9698,2	LONG	0,00167	5982,76	0,00334	HOLD	99,6434	105,8181
2019-07-26	09:00	9699,57	9709,25	9669,02	9684,76	LONG	0,00167	5982,76	0,00334	HOLD	99,6434	105,7956
2019-07-26	10:00	9683,55	9756,85	9637	9697	LONG	0,00167	5982,76	0,00334	HOLD	99,6434	105,8161
2019-07-26	11:00	9694,63	9735,61	9686,02	9733,7	LONG	0,00167	5982,76	0,00334	HOLD	99,6434	105,8774
2019-07-26	12:00	9733,72	9734,16	9701,69	9720,95	LONG	0,00167	5982,76	0,00334	HOLD	99,6434	105,8561
2019-07-26	13:00	9720,41	9727,76	9657	9700	LONG	0,00167	5982,76	0,00334	HOLD	99,6434	105,8211
2019-07-26	14:00	9698,73	9789,82	9683,91	9764,36	LONG	0,00167	5982,76	0,00334	HOLD	99,6434	105,9286
2019-07-26	15:00	9764,18	9803,88	9735,89	9791,51	LONG	0,00167	5982,76	0,00334	HOLD	99,6434	105,9739
2019-07-26	16:00	9791,51	9799	9760,27	9791,5	LONG	0,00167	5982,76	0,00334	HOLD	99,6434	105,9739
2019-07-26	17:00	9791,5	9803,97	9737,04	9766,93	LONG	0,00167	5982,76	0,00334	HOLD	99,6434	105,9329
2019-07-26	18:00	9766,93	9815	9763,23	9791,64	LONG	0,00167	5982,76	0,00334	HOLD	99,6434	105,9741
2019-07-26	19:00	9791,33	9852,49	9740	9773,68	LONG	0,00167	5982,76	0,00334	HOLD	99,6434	105,9441
2019-07-26	20:00	9773,62	9799,69	9718,17	9770,26	LONG	0,00167	5982,76	0,00334	HOLD	99,6434	105,9384
2019-07-26	21:00	9770,26	9789,6	9704	9764,81	LONG	0,00167	5982,76	0,00334	HOLD	99,6434	105,9293
2019-07-26	22:00	9764,67	9799,95	9744,43	9794,01	LONG	0,00167	5982,76	0,00334	HOLD	99,6434	105,9781
2019-07-26	23:00	9794,01	9889,98	9756,87	9807,2	LONG	0,00167	5982,76	0,00334	HOLD	99,6434	106,0001
2019-07-27	00:00	9807,47	9825,53	9737,16	9780,64	LONG	0,00167	5982,76	0,00334	HOLD	99,6434	105,9558
2019-07-27	01:00	9780,64	9845	9775,59	9804,76	LONG	0,00167	5982,76	0,00334	HOLD	99,6434	105,996
2019-07-27	02:00	9804,16	9868,88	9797,98	9839	LONG	0,00167	5982,76	0,00334	HOLD	99,6434	106,0532
2019-07-27	03:00	9838,98	9860	9738	9819,45	LONG	0,00167	5982,76	0,00334	HOLD	99,6434	106,0206
2019-07-27	04:00	9819,43	9837,2	9761,59	9811,06	LONG	0,00167	5982,76	0,00334	HOLD	99,6434	106,0066
2019-07-27	05:00	9811,42	9821,32	9767,53	9776,05	LONG	0,00167	5982,76	0,00334	HOLD	99,6434	105,9481
2019-07-27	06:00	9774,98	9845	9770,02	9824	LONG	0,00167	5982,76	0,00334	HOLD	99,6434	106,0282
2019-07-27	07:00	9824	10161,4	9815	10142,18	LONG	0,00167	5982,76	0,00334	HOLD	99,6434	106,5595
2019-07-27	08:00	10142,18	10188,66	10086,59	10086,8	LONG	0,00167	5982,76	0,00334	HOLD	99,6434	106,467
2019-07-27	09:00	10086,8	10110,56	10070,67	10107,91	LONG	0,00167	5982,76	0,00334	HOLD	99,6434	106,5023
2019-07-27	10:00	10105,77	10119,25	10092,09	10103	LONG	0,00167	5982,76	0,00334	HOLD	99,6434	106,4941
2019-07-27	11:00	10103,02	10118,55	10082	10107,27	LONG	0,00167	5982,76	0,00334	HOLD	99,6434	106,5012
2019-07-27	12:00	10107,27	10110,8	10030,96	10054,82	LONG	0,00167	5982,76	0,00334	HOLD	99,6434	106,4136
2019-07-27	13:00	10053,86	10077,87	10050	10051,7	LONG	0,00167	5982,76	0,00334	HOLD	99,6434	106,4084
2019-07-27	14:00	10051,7	10076,69	10025,16	10055,33	LONG	0,00167	5982,76	0,00334	HOLD	99,6434	106,4145
2019-07-27	15:00	10057,32	10088	10036,18	10059,48	LONG	0,00167	5982,76	0,00334	HOLD	99,6434	106,4214
2019-07-27	16:00	10058,25	10072,51	10044,38	10047,98	LONG	0,00167	5982,76	0,00334	HOLD	99,6434	106,4022
2019-07-27	17:00	10050,59	10069,76	9440	9543,56	LONG	0,00167	5982,76	0,00334	HOLD	99,6434	105,5598
2019-07-27	18:00	9546,65	9560	9452	9525,81	LONG	0,00167	5982,76	0,00334	HOLD	99,6434	105,5302
2019-07-27	19:00	9525,81	9526	9380	9428,55	LONG	0,00167	5982,76	0,00334	HOLD	99,6434	105,3678
2019-07-27	20:00	9430,67	9499,79	9400,1	9443,77	LONG	0,00167	5982,76	0,00334	HOLD	99,6434	105,3932
2019-07-27	21:00	9443,71	9500,27	9423,75	9449	LONG	0,00167	5982,76	0,00334	HOLD	99,6434	105,4019
2019-07-27	22:00	9449,47	9475	9333	9427,69	LONG	0,00167	5982,76	0,00334	HOLD	99,6434	105,3663
2019-07-27	23:00	9428,52	9481,73	9395,15	9436,02	LONG	0,00167	5982,76	0,00334	HOLD	99,6434	105,3802
2019-07-28	00:00	9436,04	9480	9421,25	9456,34	LONG	0,00167	5982,76	0,00334	HOLD	99,6434	105,4142
2019-07-28	01:00	9456,46	9467,88	9377	9401,09	LONG	0,00167	5982,76	0,00334	HOLD	99,6434	105,3219
2019-07-28	02:00	9401,94	9465,81	9383,18	9411,61	LONG	0,00167	5982,76	0,00334	HOLD	99,6434	105,3395
2019-07-28	03:00	9411,26	9463,49	9385	9454,02	LONG	0,00167	5982,76	0,00334	HOLD	99,6434	105,4103
2019-07-28	04:00	9453,07	9541,47	9450	9518,8	LONG	0,00167	5982,76	0,00334	HOLD	99,6434	105,5185
2019-07-28	05:00	9519,64	9535	9343,3	9453,13	LONG	0,00167	5982,76	0,00334	HOLD	99,6434	105,4088
2019-07-28	06:00	9455,06	9540	9422,38	9476,52	LONG	0,00167	5982,76	0,00334	HOLD	99,6434	105,4479
2019-07-28	07:00	9478,92	9488,26	9370	9424	LONG	0,00167	5982,76	0,00334	HOLD	99,6434	105,3602
2019-07-28	08:00	9422,19	9497,5	9422,19	9492,97	LONG	0,00167	5982,76	0,00334	HOLD	99,6434	105,4753
2019-07-28	09:00	9490,6	9505,51	9464,71	9468,57	LONG	0,00167	5982,76	0,00334	HOLD	99,6434	105,4346
2019-07-28	10:00	9468,99	9496	9456,92	9480,56	LONG	0,00167	5982,76	0,00334	HOLD	99,6434	105,4546
2019-07-28	11:00	9480,56	9578,17	9478,64	9515,94	LONG	0,00167	5982,76	0,00334	HOLD	99,6434	105,5137
2019-07-28	12:00	9514,4	9549,21	9506,54	9514,59	LONG	0,00167	5982,76	0,00334	HOLD	99,6434	105,5115
2019-07-28	13:00	9514,49	9550	9470	9514,09	LONG	0,00167	5982,76	0,00334	HOLD	99,6434	105,5106
2019-07-28	14:00	9512,99	9534,15	9485,01	9493,11	LONG	0,00167	5982,76	0,00334	HOLD	99,6434	105,4756
2019-07-28	15:00	9494,49	9534	9478,25	9515,03	LONG	0,00167	5982,76	0,00334	HOLD	99,6434	105,5122
2019-07-28	16:00	9515,03	9530	9472	9475	LONG	0,00167	5982,76	0,00334	HOLD	99,6434	105,4453
2019-07-28	17:00	9475	9492,32	9430,17	9464,72	LONG	0,00167	5982,76	0,00334	HOLD	99,6434	105,4282
2019-07-28	18:00	9463,11	9579	9453,85	9534,98	LONG	0,00167	5982,76	0,00334	HOLD	99,6434	105,5455
2019-07-28	19:00	9535	9546,31	9493,36	9515,49	LONG	0,00167	5982,76	0,00334	HOLD	99,6434	105,513
2019-07-28	20:00	9518,71	9522,74	9475,75	9505,32	LONG	0,00167	5982,76	0,00334	HOLD	99,6434	105,496
2019-07-28	21:00	9505,32	9557,06	9495,01	9503,72	LONG	0,00167	5982,76	0,00334	HOLD	99,6434	105,4933
2019-07-28	22:00	9503	9559,18	9500,26	9522,47	LONG	0,00167	5982,76	0,00334	HOLD	99,6434	105,5246
2019-07-28	23:00	9522,91	9594,99	9515,46	9546,98	LONG	0,00167	5982,76	0,00334	HOLD	99,6434	105,5655
2019-07-29	00:00	9548,99	9581,03	9536,26	9564,2	LONG	0,00167	5982,76	0,00334	HOLD	99,6434	105,5943
2019-07-29	01:00	9564,14	9590	9546,38	9567,49	LONG	0,00167	5982,76	0,00334	HOLD	99,6434	105,5998
2019-07-29	02:00	9565,96	9577,32	9550,15	9555,68	LONG	0,00167	5982,76	0,00334	HOLD	99,6434	105,5801
2019-07-29	03:00	9555,69	9573,09	9500	9540	LONG	0,00167	5982,76	0,00334	HOLD	99,6434	105,5539
2019-07-29	04:00	9538,48	9546,96	9461	9466,32	LONG	0,00167	5982,76	0,00334	HOLD	99,6434	105,4308
2019-07-29	05:00	9468,35	9580	9165	9500	LONG	0,00167	5982,76	0,00334	HOLD	99,6434	105,4871
2019-07-29	06:00	9497,38	9550	9445	9541,54	LONG	0,00167	5982,76	0,00334	HOLD	99,6434	105,5565
2019-07-29	07:00	9541,54	9550	9493,25	9531,84	LONG	0,00167	5982,76	0,00334	HOLD	99,6434	105,5403
2019-07-29	08:00	9534,99	9729	9528,48	9674,15	LONG	0,00167	5982,76	0,00334	HOLD	99,6434	105,7779
2019-07-29	09:00	9674,35	9679,78	9624	9643,31	LONG	0,00167	5982,76	0,00334	HOLD	99,6434	105,7264
2019-07-29	10:00	9644,01	9665,67	9626	9638,46	LONG	0,00167	5982,76	0,00334	HOLD	99,6434	105,7183
2019-07-29	11:00	9636,62	9684,7	9636,45	9663,33	LONG	0,00167	5982,76	0,00334	HOLD	99,6434	105,7598
2019-07-29	12:00	9663,33	9672,64	9583	9613,61	LONG	0,00167	5982,76	0,00334	HOLD	99,6434	105,6768
2019-07-29	13:00	9613,61	9622	9570	9606,67	LONG	0,00167	5982,76	0,00334	HOLD	99,6434	105,6652
2019-07-29	14:00	9607,88	9625,95	9591,94	9625,95	LONG	0,00167	5982,76	0,00334	HOLD	99,6434	105,6974
2019-07-29	15:00	9624,79	9650	9525,01	9573,26	LONG	0,00167	5982,76	0,00334	HOLD	99,6434	105,6094
2019-07-29	16:00	9573,64	9584,98	9395	9494,08	LONG	0,00167	5982,76	0,00334	HOLD	99,6434	105,4772
2019-07-29	17:00	9495,51	9544	9456,14	9511,69	LONG	0,00167	5982,76	0,00334	HOLD	99,6434	105,5066
2019-07-29	18:00	9511,69	9533	9465,13	9484,96	LONG	0,00167	5982,76	0,00334	HOLD	99,6434	105,462
2019-07-29	19:00	9484,51	9559,53	9470,21	9550,36	LONG	0,00167	5982,76	0,00334	HOLD	99,6434	105,5712
2019-07-29	20:00	9550,32	9635,96	9505,94	9569,65	LONG	0,00167	5982,76	0,00334	HOLD	99,6434	105,6034
2019-07-29	21:00	9572,49	9605,99	9525,55	9556,1	LONG	0,00167	5982,76	0,00334	HOLD	99,6434	105,5808
2019-07-29	22:00	9556,04	9600	9502,08	9539,64	LONG	0,00167	5982,76	0,00334	HOLD	99,6434	105,5533
2019-07-29	23:00	9538,24	9693,98	9411,31	9552,05	LONG	0,00167	5982,76	0,00334	HOLD	99,6434	105,574
2019-07-30	00:00	9548,45	9566,61	9425,02	9499,52	LONG	0,00167	5982,76	0,00334	HOLD	99,6434	105,4863
2019-07-30	01:00	9502,79	9534,55	9451,94	9519,55	LONG	0,00167	5982,76	0,00334	HOLD	99,6434	105,5197
2019-07-30	02:00	9520,6	9530,67	9480	9487,63	LONG	0,00167	5982,76	0,00334	HOLD	99,6434	105,4664
2019-07-30	03:00	9489,81	9538,11	9470	9526,46	LONG	0,00167	5982,76	0,00334	HOLD	99,6434	105,5313
2019-07-30	04:00	9527,5	9548,92	9509,95	9511,44	LONG	0,00167	5982,76	0,00334	HOLD	99,6434	105,5062
2019-07-30	05:00	9511,45	9549	9483,33	9532,3	LONG	0,00167	5982,76	0,00334	HOLD	99,6434	105,541
2019-07-30	06:00	9531,96	9542,99	9450	9507,64	LONG	0,00167	5982,76	0,00334	HOLD	99,6434	105,4998
2019-07-30	07:00	9509,07	9539	9503,07	9532,58	LONG	0,00167	5982,76	0,00334	HOLD	99,6434	105,5415
2019-07-30	08:00	9533,59	9534	9460,71	9465,25	LONG	0,00167	5982,76	0,00334	HOLD	99,6434	105,4291
2019-07-30	09:00	9465,25	9488,94	9402	9425,55	LONG	0,00167	5982,76	0,00334	HOLD	99,6434	105,3628
2019-07-30	10:00	9425,6	9453,58	9403	9441,29	LONG	0,00167	5982,76	0,00334	HOLD	99,6434	105,389
2019-07-30	11:00	9441,04	9460,9	9430	9445,13	LONG	0,00167	5982,76	0,00334	HOLD	99,6434	105,3955
2019-07-30	12:00	9445,55	9474,03	9427	9452,89	LONG	0,00167	5982,76	0,00334	HOLD	99,6434	105,4084
2019-07-30	13:00	9451,4	9530	9450,43	9504,77	LONG	0,00167	5982,76	0,00334	HOLD	99,6434	105,4951
2019-07-30	14:00	9503,02	9513,59	9480,22	9501,29	LONG	0,00167	5982,76	0,00334	HOLD	99,6434	105,4892
2019-07-30	15:00	9501,29	9521,94	9460,02	9478,31	LONG	0,00167	5982,76	0,00334	HOLD	99,6434	105,4509
2019-07-30	16:00	9478,31	9500,26	9468,62	9487,43	LONG	0,00167	5982,76	0,00334	HOLD	99,6434	105,4661
2019-07-30	17:00	9487,64	9526	9465,35	9502,93	LONG	0,00167	5982,76	0,00334	HOLD	99,6434	105,492
2019-07-30	18:00	9500,97	9564,86	9450	9522,9	LONG	0,00167	5982,76	0,00334	HOLD	99,6434	105,5253
2019-07-30	19:00	9524,81	9588	9514	9536,53	LONG	0,00167	5982,76	0,00334	HOLD	99,6434	105,5481
2019-07-30	20:00	9535,84	9554,88	9525,3	9541,88	LONG	0,00167	5982,76	0,00334	HOLD	99,6434	105,557
2019-07-30	21:00	9542,24	9577,8	9537,69	9558,25	LONG	0,00167	5982,76	0,00334	HOLD	99,6434	105,5844
2019-07-30	22:00	9558,25	9714,28	9557,78	9682,35	LONG	0,00167	5982,76	0,00334	HOLD	99,6434	105,7916
2019-07-30	23:00	9684,58	9714	9655	9684,85	LONG	0,00167	5982,76	0,00334	HOLD	99,6434	105,7958
2019-07-31	00:00	9684,85	9684,85	9577,78	9612,55	LONG	0,00167	5982,76	0,00334	HOLD	99,6434	105,675
2019-07-31	01:00	9609,3	9650,55	9562,84	9624,64	LONG	0,00167	5982,76	0,00334	HOLD	99,6434	105,6952
2019-07-31	02:00	9624,17	9648,97	9502,21	9598,52	LONG	0,00167	5982,76	0,00334	HOLD	99,6434	105,6516
2019-07-31	03:00	9598,87	9617,69	9520	9537,08	LONG	0,00167	5982,76	0,00334	HOLD	99,6434	105,549
2019-07-31	04:00	9535,22	9585	9512,66	9577,14	LONG	0,00167	5982,76	0,00334	HOLD	99,6434	105,6159
2019-07-31	05:00	9577,62	9629	9548,27	9561,64	LONG	0,00167	5982,76	0,00334	HOLD	99,6434	105,59
2019-07-31	06:00	9561,76	9595,01	9555,67	9574,21	LONG	0,00167	5982,76	0,00334	HOLD	99,6434	105,611
2019-07-31	07:00	9575	9699	9555	9691,42	LONG	0,00167	5982,76	0,00334	HOLD	99,6434	105,8068
2019-07-31	08:00	9693,22	9720	9640	9696,05	LONG	0,00167	5982,76	0,00334	HOLD	99,6434	105,8145
2019-07-31	09:00	9697,47	9698,96	9662,58	9665,88	LONG	0,00167	5982,76	0,00334	HOLD	99,6434	105,7641
2019-07-31	10:00	9665,82	9687,95	9631,06	9668,96	LONG	0,00167	5982,76	0,00334	HOLD	99,6434	105,7692
2019-07-31	11:00	9670,28	9677	9641,21	9673,73	LONG	0,00167	5982,76	0,00334	HOLD	99,6434	105,7772
2019-07-31	12:00	9672,5	9777	9666,57	9706,14	LONG	0,00167	5982,76	0,00334	HOLD	99,6434	105,8313
2019-07-31	13:00	9706,97	9790	9688,98	9777,02	LONG	0,00167	5982,76	0,00334	HOLD	99,6434	105,9497
2019-07-31	14:00	9777,02	9809,99	9724,07	9733,71	LONG	0,00167	5982,76	0,00334	HOLD	99,6434	105,8774
2019-07-31	15:00	9734,86	9772,54	9730,2	9755,73	LONG	0,00167	5982,76	0,00334	HOLD	99,6434	105,9142
2019-07-31	16:00	9755,73	9766,83	9718,59	9754,15	LONG	0,00167	5982,76	0,00334	HOLD	99,6434	105,9115
2019-07-31	17:00	9753,71	9786,12	9742,6	9770,22	LONG	0,00167	5982,76	0,00334	HOLD	99,6434	105,9384
2019-07-31	18:00	9771,3	9774,9	9729,51	9758,1	LONG	0,00167	5982,76	0,00334	HOLD	99,6434	105,9181
2019-07-31	19:00	9758,1	9880	9755,64	9829,57	LONG	0,00167	5982,76	0,00334	HOLD	99,6434	106,0375
2019-07-31	20:00	9829,54	9958,99	9823	9955,19	LONG	0,00167	5982,76	0,00334	HOLD	99,6434	106,2473
2019-07-31	21:00	9955,19	10019,89	9905	9939,33	LONG	0,00167	5982,76	0,00334	HOLD	99,6434	106,2208
2019-07-31	22:00	9937,82	10086,79	9936,88	10049,64	LONG	0,00167	5982,76	0,00334	HOLD	99,6434	106,405
2019-07-31	23:00	10049,7	10109,8	9931	9965,88	LONG	0,00167	5982,76	0,00334	HOLD	99,6434	106,2651
2019-08-01	00:00	9965,86	10028,24	9935,98	10022,46	LONG	0,00167	5982,76	0,00334	HOLD	99,6434	106,3596
2019-08-01	01:00	10024,48	10025	9933,99	9974,64	LONG	0,00167	5982,76	0,00334	HOLD	99,6434	106,2797
2019-08-01	02:00	9975,52	10000	9950	9979,89	LONG	0,00167	5982,76	0,00334	HOLD	99,6434	106,2885
2019-08-01	03:00	9982,43	10059,98	9980,15	10011,19	LONG	0,00167	5982,76	0,00334	HOLD	99,6434	106,3408
2019-08-01	04:00	10010,83	10052,18	9987,39	10050	LONG	0,00167	5982,76	0,00334	HOLD	99,6434	106,4056
2019-08-01	05:00	10050	10053,64	9966,18	10000,83	LONG	0,00167	5982,76	0,00334	HOLD	99,6434	106,3235
2019-08-01	06:00	10000,06	10091,73	9991,51	10080,53	LONG	0,00167	5982,76	0,00334	HOLD	99,6434	106,4566
2019-08-01	07:00	10080,53	10155,06	10030,11	10043,02	LONG	0,00167	5982,76	0,00334	HOLD	99,6434	106,3939
2019-08-01	08:00	10043	10065,07	9980	10020,29	LONG	0,00167	5982,76	0,00334	HOLD	99,6434	106,356
2019-08-01	09:00	10022	10038,56	9988,88	10029,27	LONG	0,00167	5982,76	0,00334	HOLD	99,6434	106,371
2019-08-01	10:00	10027,47	10029,88	9966,38	9988,02	LONG	0,00167	5982,76	0,00334	HOLD	99,6434	106,3021
2019-08-01	11:00	9989,61	9999,96	9935,39	9977,28	LONG	0,00167	5982,76	0,00334	HOLD	99,6434	106,2841
2019-08-01	12:00	9978,49	9989	9863,46	9908,55	LONG	0,00167	5982,76	0,00334	HOLD	99,6434	106,1694
2019-08-01	13:00	9908,56	9972,22	9878	9956,7	LONG	0,00167	5982,76	0,00334	HOLD	99,6434	106,2498
2019-08-01	14:00	9956,72	9990	9935,27	9960,19	LONG	0,00167	5982,76	0,00334	HOLD	99,6434	106,2556
2019-08-01	15:00	9961,34	9994	9956,36	9968,72	LONG	0,00167	5982,76	0,00334	HOLD	99,6434	106,2698
2019-08-01	16:00	9969,42	9974,46	9924,05	9970,71	LONG	0,00167	5982,76	0,00334	HOLD	99,6434	106,2732
2019-08-01	17:00	9970,71	9972,86	9903,69	9943,99	LONG	0,00167	5982,76	0,00334	HOLD	99,6434	106,2285
2019-08-01	18:00	9942,92	9977,99	9925,02	9962,86	LONG	0,00167	5982,76	0,00334	HOLD	99,6434	106,2601
2019-08-01	19:00	9962,86	10040,98	9960	10024,33	LONG	0,00167	5982,76	0,00334	HOLD	99,6434	106,3627
2019-08-01	20:00	10024,45	10060	10005,7	10045,17	LONG	0,00167	5982,76	0,00334	HOLD	99,6434	106,3975
2019-08-01	21:00	10044,95	10047,61	9973,75	9994,68	LONG	0,00167	5982,76	0,00334	HOLD	99,6434	106,3132
2019-08-01	22:00	9993,95	10020	9956	10013,86	LONG	0,00167	5982,76	0,00334	HOLD	99,6434	106,3452
2019-08-01	23:00	10011,48	10056,47	9991,66	10051,71	LONG	0,00167	5982,76	0,00334	HOLD	99,6434	106,4084
2019-08-02	00:00	10050,25	10105,04	10011,29	10085,44	LONG	0,00167	5982,76	0,00334	HOLD	99,6434	106,4648
2019-08-02	01:00	10085,44	10192,63	10073,53	10170,36	LONG	0,00167	5982,76	0,00334	HOLD	99,6434	106,6066
2019-08-02	02:00	10170,36	10341,78	10168,55	10283,73	LONG	0,00167	5982,76	0,00334	HOLD	99,6434	106,7959
2019-08-02	03:00	10283,71	10467,86	10270,3	10387	LONG	0,00167	5982,76	0,00334	HOLD	99,6434	106,9684
2019-08-02	04:00	10387,01	10424,58	10338	10406,98	LONG	0,00167	5982,76	0,00334	HOLD	99,6434	107,0017
2019-08-02	05:00	10406,48	10430,82	10345,12	10374,88	LONG	0,00167	5982,76	0,00334	HOLD	99,6434	106,9481
2019-08-02	06:00	10374,82	10408,31	10353,55	10374,99	LONG	0,00167	5982,76	0,00334	HOLD	99,6434	106,9483
2019-08-02	07:00	10375	10440,61	10281,35	10374,99	LONG	0,00167	5982,76	0,00334	HOLD	99,6434	106,9483
2019-08-02	08:00	10373,7	10399,99	10355,96	10384,93	LONG	0,00167	5982,76	0,00334	HOLD	99,6434	106,9649
2019-08-02	09:00	10382,4	10406,76	10370	10376,98	LONG	0,00167	5982,76	0,00334	HOLD	99,6434	106,9516
2019-08-02	10:00	10375,43	10410	10322,1	10335,77	LONG	0,00167	5982,76	0,00334	HOLD	99,6434	106,8828
2019-08-02	11:00	10335,8	10390,85	10314,8	10369,12	LONG	0,00167	5982,76	0,00334	HOLD	99,6434	106,9385
2019-08-02	12:00	10369,12	10432,39	10360,47	10432,39	LONG	0,00167	5982,76	0,00334	HOLD	99,6434	107,0442
2019-08-02	13:00	10430,52	10500	10416	10455,31	LONG	0,00167	5982,76	0,00334	HOLD	99,6434	107,0825
2019-08-02	14:00	10457,37	10570	10453,47	10531,45	LONG	0,00167	5982,76	0,00334	HOLD	99,6434	107,2096
2019-08-02	15:00	10533,19	10534,59	10464,33	10500,98	LONG	0,00167	5982,76	0,00334	HOLD	99,6434	107,1587
2019-08-02	16:00	10500,98	10540,18	10435,78	10443,92	LONG	0,00167	5982,76	0,00334	HOLD	99,6434	107,0634
2019-08-02	17:00	10440,28	10511,98	10439,94	10495,8	LONG	0,00167	5982,76	0,00334	HOLD	99,6434	107,1501
2019-08-02	18:00	10496,52	10536,41	10465	10467,17	LONG	0,00167	5982,76	0,00334	HOLD	99,6434	107,1023
2019-08-02	19:00	10467,08	10565,43	10462,17	10554,78	LONG	0,00167	5982,76	0,00334	HOLD	99,6434	107,2486
2019-08-02	20:00	10556,22	10573,27	10507,36	10544,88	LONG	0,00167	5982,76	0,00334	HOLD	99,6434	107,232
2019-08-02	21:00	10545,5	10590	10508	10590	LONG	0,00167	5982,76	0,00334	HOLD	99,6434	107,3074
2019-08-02	22:00	10588,47	10643,56	10545	10612,14	LONG	0,00167	5982,76	0,00334	HOLD	99,6434	107,3444
2019-08-02	23:00	10612,1	10670	10350	10422,79	LONG	0,00167	5982,76	0,00334	HOLD	99,6434	107,0281
2019-08-03	00:00	10421,39	10469,35	10386,55	10441,33	LONG	0,00167	5982,76	0,00334	HOLD	99,6434	107,0591
2019-08-03	01:00	10442,37	10480,76	10410,02	10456,24	LONG	0,00167	5982,76	0,00334	HOLD	99,6434	107,084
2019-08-03	02:00	10456,03	10462,53	10411,55	10444,41	LONG	0,00167	5982,76	0,00334	HOLD	99,6434	107,0643
2019-08-03	03:00	10444	10450	10361,75	10383,07	LONG	0,00167	5982,76	0,00334	HOLD	99,6434	106,9618
2019-08-03	04:00	10383,07	10458,92	10351,24	10408,77	LONG	0,00167	5982,76	0,00334	HOLD	99,6434	107,0047
2019-08-03	05:00	10407,74	10528	10401,63	10515,16	LONG	0,00167	5982,76	0,00334	HOLD	99,6434	107,1824
2019-08-03	06:00	10517,13	10545	10494,11	10523,75	LONG	0,00167	5982,76	0,00334	HOLD	99,6434	107,1967
2019-08-03	07:00	10523,75	10555,07	10497,93	10516,69	LONG	0,00167	5982,76	0,00334	HOLD	99,6434	107,185
2019-08-03	08:00	10516,83	10666	10516,31	10642,17	LONG	0,00167	5982,76	0,00334	HOLD	99,6434	107,3945
2019-08-03	09:00	10641,43	10815	10590,17	10789,7	LONG	0,00167	5982,76	0,00334	HOLD	99,6434	107,6409
2019-08-03	10:00	10789,04	10838,98	10758,81	10778,52	LONG	0,00167	5982,76	0,00334	HOLD	99,6434	107,6222
2019-08-03	11:00	10780,68	10849,29	10777,86	10846,31	LONG	0,00167	5982,76	0,00334	HOLD	99,6434	107,7354
2019-08-03	12:00	10846,06	10862,43	10720	10777,9	LONG	0,00167	5982,76	0,00334	HOLD	99,6434	107,6212
2019-08-03	13:00	10777,93	10822,64	10758,72	10798,99	LONG	0,00167	5982,76	0,00334	HOLD	99,6434	107,6564
2019-08-03	14:00	10797,32	10848,63	10769,21	10827,78	LONG	0,00167	5982,76	0,00334	HOLD	99,6434	107,7045
2019-08-03	15:00	10828,29	10840,57	10746,41	10784,85	LONG	0,00167	5982,76	0,00334	HOLD	99,6434	107,6328
2019-08-03	16:00	10785,6	10875,89	10700	10763,38	LONG	0,00167	5982,76	0,00334	HOLD	99,6434	107,5969
2019-08-03	17:00	10763,48	10790	10733	10768,02	LONG	0,00167	5982,76	0,00334	HOLD	99,6434	107,6047
2019-08-03	18:00	10768,02	10783,34	10731,02	10743,92	LONG	0,00167	5982,76	0,00334	HOLD	99,6434	107,5644
2019-08-03	19:00	10741,97	10745,09	10662,15	10731,85	LONG	0,00167	5982,76	0,00334	HOLD	99,6434	107,5443
2019-08-03	20:00	10733,47	10828,55	10732,73	10796	LONG	0,00167	5982,76	0,00334	HOLD	99,6434	107,6514
2019-08-03	21:00	10795,2	10818,99	10775	10791,48	LONG	0,00167	5982,76	0,00334	HOLD	99,6434	107,6439
2019-08-03	22:00	10791,94	10809	10675,5	10733,05	LONG	0,00167	5982,76	0,00334	HOLD	99,6434	107,5463
2019-08-03	23:00	10733,17	10820	10710	10793,54	LONG	0,00167	5982,76	0,00334	HOLD	99,6434	107,6473
2019-08-04	00:00	10793,54	10850,59	10785,92	10829,55	LONG	0,00167	5982,76	0,00334	HOLD	99,6434	107,7074
2019-08-04	01:00	10829,55	10870,66	10796,4	10845,98	LONG	0,00167	5982,76	0,00334	HOLD	99,6434	107,7349
2019-08-04	02:00	10846,22	10904,77	10800,01	10850,6	LONG	0,00167	5982,76	0,00334	HOLD	99,6434	107,7426
2019-08-04	03:00	10851,14	10880	10812,04	10877,8	LONG	0,00167	5982,76	0,00334	HOLD	99,6434	107,788
2019-08-04	04:00	10879,34	10889,77	10802	10830,86	LONG	0,00167	5982,76	0,00334	HOLD	99,6434	107,7096
2019-08-04	05:00	10830,17	10849	10773	10820,62	LONG	0,00167	5982,76	0,00334	HOLD	99,6434	107,6925
2019-08-04	06:00	10820,6	10826	10775,47	10816,86	LONG	0,00167	5982,76	0,00334	HOLD	99,6434	107,6862
2019-08-04	07:00	10816,86	10897	10805	10833,66	LONG	0,00167	5982,76	0,00334	HOLD	99,6434	107,7143
2019-08-04	08:00	10833,85	10880,2	10828,83	10849,11	LONG	0,00167	5982,76	0,00334	HOLD	99,6434	107,7401
2019-08-04	09:00	10849,11	10854,42	10793,59	10804	LONG	0,00167	5982,76	0,00334	HOLD	99,6434	107,6648
2019-08-04	10:00	10804	10808,21	10700	10755,02	LONG	0,00167	5982,76	0,00334	HOLD	99,6434	107,583
2019-08-04	11:00	10754,99	10757,24	10577,77	10611,27	LONG	0,00167	5982,76	0,00334	HOLD	99,6434	107,3429
2019-08-04	12:00	10609,77	10670,67	10552	10609,68	LONG	0,00167	5982,76	0,00334	HOLD	99,6434	107,3403
2019-08-04	13:00	10608,2	10714,6	10595,6	10710	LONG	0,00167	5982,76	0,00334	HOLD	99,6434	107,5078
2019-08-04	14:00	10708,03	10714,16	10645	10670	LONG	0,00167	5982,76	0,00334	HOLD	99,6434	107,441
2019-08-04	15:00	10668,74	10706,8	10660,18	10662,99	LONG	0,00167	5982,76	0,00334	HOLD	99,6434	107,4293
2019-08-04	16:00	10662,99	10739,78	10629,46	10739,47	LONG	0,00167	5982,76	0,00334	HOLD	99,6434	107,557
2019-08-04	17:00	10738,77	10742,29	10680,02	10716,8	LONG	0,00167	5982,76	0,00334	HOLD	99,6434	107,5191
2019-08-04	18:00	10716,07	10724,96	10650	10668,56	LONG	0,00167	5982,76	0,00334	HOLD	99,6434	107,4386
2019-08-04	19:00	10669,23	10708,93	10630,84	10648,53	LONG	0,00167	5982,76	0,00334	HOLD	99,6434	107,4051
2019-08-04	20:00	10650,33	10703	10636,01	10657,86	LONG	0,00167	5982,76	0,00334	HOLD	99,6434	107,4207
2019-08-04	21:00	10658,36	10780	10655,68	10771,9	LONG	0,00167	5982,76	0,00334	HOLD	99,6434	107,6112
2019-08-04	22:00	10770,15	10973,53	10770	10944,15	LONG	0,00167	5982,76	0,00334	HOLD	99,6434	107,8988
2019-08-04	23:00	10944,22	10992,1	10877	10918,2	LONG	0,00167	5982,76	0,00334	HOLD	99,6434	107,8555
2019-08-05	00:00	10919,02	10941,2	10851	10896,69	LONG	0,00167	5982,76	0,00334	HOLD	99,6434	107,8196
2019-08-05	01:00	10896,03	10943,68	10880	10906,9	LONG	0,00167	5982,76	0,00334	HOLD	99,6434	107,8366
2019-08-05	02:00	10907,23	10939	10896,3	10921,14	LONG	0,00167	5982,76	0,00334	HOLD	99,6434	107,8604
2019-08-05	03:00	10921,14	10970	10891	10913,5	LONG	0,00167	5982,76	0,00334	HOLD	99,6434	107,8476
2019-08-05	04:00	10913,42	10968,58	10777	10944,94	LONG	0,00167	5982,76	0,00334	HOLD	99,6434	107,9001
2019-08-05	05:00	10944,98	11040	10917,17	10944,47	LONG	0,00167	5982,76	0,00334	HOLD	99,6434	107,8994
2019-08-05	06:00	10944,52	10979,61	10901	10929,23	LONG	0,00167	5982,76	0,00334	HOLD	99,6434	107,8739
2019-08-05	07:00	10929,99	11198	10927,8	11177,15	LONG	0,00167	5982,76	0,00334	HOLD	99,6434	108,2879
2019-08-05	08:00	11178,11	11460	11149,68	11409,94	LONG	0,00167	5982,76	0,00334	HOLD	99,6434	108,6767
2019-08-05	09:00	11409,17	11600	11355,83	11600	LONG	0,00167	5982,76	0,00334	HOLD	99,6434	108,9941
2019-08-05	10:00	11599,49	11648	11465,39	11562,97	LONG	0,00167	5982,76	0,00334	HOLD	99,6434	108,9322
2019-08-05	11:00	11564,87	11602,53	11521,52	11562	LONG	0,00167	5982,76	0,00334	HOLD	99,6434	108,9306
2019-08-05	12:00	11562	11571,85	11514	11531,67	LONG	0,00167	5982,76	0,00334	HOLD	99,6434	108,88
2019-08-05	13:00	11530,08	11634,4	11484,65	11607,32	LONG	0,00167	5982,76	0,00334	HOLD	99,6434	109,0063
2019-08-05	14:00	11607,32	11848	11591,02	11671,2	LONG	0,00167	5982,76	0,00334	HOLD	99,6434	109,113
2019-08-05	15:00	11673,31	11750	11653,06	11749,46	LONG	0,00167	5982,76	0,00334	HOLD	99,6434	109,2437
2019-08-05	16:00	11749,46	11749,99	11666,36	11720	LONG	0,00167	5982,76	0,00334	HOLD	99,6434	109,1945
2019-08-05	17:00	11721,51	11774	11550,44	11616,54	LONG	0,00167	5982,76	0,00334	HOLD	99,6434	109,0217
2019-08-05	18:00	11616,61	11778,76	11577	11777,64	LONG	0,00167	5982,76	0,00334	HOLD	99,6434	109,2907
2019-08-05	19:00	11776,52	11800	11700	11755,05	LONG	0,00167	5982,76	0,00334	HOLD	99,6434	109,253
2019-08-05	20:00	11755,38	11795	11713	11745	LONG	0,00167	5982,76	0,00334	HOLD	99,6434	109,2362
2019-08-05	21:00	11745,02	11810,61	11720,82	11775,07	LONG	0,00167	5982,76	0,00334	HOLD	99,6434	109,2865
2019-08-05	22:00	11775,13	11775,13	11653,12	11749,97	LONG	0,00167	5982,76	0,00334	HOLD	99,6434	109,2445
2019-08-05	23:00	11747,58	11900	11715	11864,38	LONG	0,00167	5982,76	0,00334	HOLD	99,6434	109,4356
2019-08-06	00:00	11862,02	11937,52	11750	11775,6	LONG	0,00167	5982,76	0,00334	HOLD	99,6434	109,2873
2019-08-06	01:00	11773,88	11871,38	11753,82	11809,51	LONG	0,00167	5982,76	0,00334	HOLD	99,6434	109,344
2019-08-06	02:00	11809,74	11822,22	11750	11752,44	LONG	0,00167	5982,76	0,00334	HOLD	99,6434	109,2487
2019-08-06	03:00	11751,5	11840	11702,55	11732,03	LONG	0,00167	5982,76	0,00334	HOLD	99,6434	109,2146
2019-08-06	04:00	11733,54	11794	11700	11742,41	LONG	0,00167	5982,76	0,00334	HOLD	99,6434	109,2319
2019-08-06	05:00	11742,41	11858,2	11730	11809,84	LONG	0,00167	5982,76	0,00334	HOLD	99,6434	109,3445
2019-08-06	06:00	11811	11850	11760	11828,8	LONG	0,00167	5982,76	0,00334	HOLD	99,6434	109,3762
2019-08-06	07:00	11830	11839,82	11705	11779,93	LONG	0,00167	5982,76	0,00334	HOLD	99,6434	109,2946
2019-08-06	08:00	11779,93	11810,74	11570	11692,8	LONG	0,00167	5982,76	0,00334	HOLD	99,6434	109,1491
2019-08-06	09:00	11694,92	11698,96	11572,41	11664,9	LONG	0,00167	5982,76	0,00334	HOLD	99,6434	109,1025
2019-08-06	10:00	11665	11734,95	11655	11709,82	LONG	0,00167	5982,76	0,00334	HOLD	99,6434	109,1775
2019-08-06	11:00	11708,3	11712,55	11650,62	11702,47	LONG	0,00167	5982,76	0,00334	HOLD	99,6434	109,1652
2019-08-06	12:00	11702,47	11828,3	11695,63	11827,92	LONG	0,00167	5982,76	0,00334	HOLD	99,6434	109,3747
2019-08-06	13:00	11827,92	12199	11810,83	12145,08	LONG	0,00167	5982,76	0,00334	HOLD	99,6434	109,9044
2019-08-06	14:00	12145,06	12330,7	12134,51	12185,24	LONG	0,00167	5982,76	0,00334	HOLD	99,6434	109,9714
2019-08-06	15:00	12185,37	12258,57	12176	12202,35	LONG	0,00167	5982,76	0,00334	HOLD	99,6434	110
2019-08-06	16:00	12202,39	12259,52	12196,57	12220,36	LONG	0,00167	5982,76	0,00334	HOLD	99,6434	110,0301
2019-08-06	17:00	12219,94	12295	11600	11748,89	LONG	0,00167	5982,76	0,00334	HOLD	99,6434	109,2427
2019-08-06	18:00	11748,03	11846,63	11680	11777,65	LONG	0,00167	5982,76	0,00334	HOLD	99,6434	109,2908
2019-08-06	19:00	11775,79	11797,94	11570,03	11704,05	LONG	0,00167	5982,76	0,00334	HOLD	99,6434	109,1678
2019-08-06	20:00	11705,22	11799,99	11651,25	11799,96	LONG	0,00167	5982,76	0,00334	HOLD	99,6434	109,328
2019-08-06	21:00	11799,84	11800	11680,77	11739,99	LONG	0,00167	5982,76	0,00334	HOLD	99,6434	109,2279
2019-08-06	22:00	11738,02	11760,93	11680	11700	LONG	0,00167	5982,76	0,00334	HOLD	99,6434	109,1611
2019-08-06	23:00	11700	11800	11666,66	11788,62	LONG	0,00167	5982,76	0,00334	HOLD	99,6434	109,3091
2019-08-07	00:00	11788,63	11836	11693,27	11713,34	LONG	0,00167	5982,76	0,00334	HOLD	99,6434	109,1834
2019-08-07	01:00	11713,34	11750	11682,13	11734,08	LONG	0,00167	5982,76	0,00334	HOLD	99,6434	109,218
2019-08-07	02:00	11735,41	11761,4	11634,21	11710	LONG	0,00167	5982,76	0,00334	HOLD	99,6434	109,1778
2019-08-07	03:00	11709,62	11747	11615,05	11674,38	LONG	0,00167	5982,76	0,00334	HOLD	99,6434	109,1183
2019-08-07	04:00	11674,39	11677,16	11326	11382,41	LONG	0,00167	5982,76	0,00334	HOLD	99,6434	108,6307
2019-08-07	05:00	11385	11447	11226,7	11322,55	LONG	0,00167	5982,76	0,00334	HOLD	99,6434	108,5307
2019-08-07	06:00	11325,1	11515	11292,73	11481,69	LONG	0,00167	5982,76	0,00334	HOLD	99,6434	108,7965
2019-08-07	07:00	11481,69	11520	11382,84	11474,18	LONG	0,00167	5982,76	0,00334	HOLD	99,6434	108,784
2019-08-07	08:00	11474,18	11575,94	11456,5	11526,89	LONG	0,00167	5982,76	0,00334	HOLD	99,6434	108,872
2019-08-07	09:00	11526,41	11694,02	11521,78	11642,31	LONG	0,00167	5982,76	0,00334	HOLD	99,6434	109,0647
2019-08-07	10:00	11645,26	11670	11550	11640,43	LONG	0,00167	5982,76	0,00334	HOLD	99,6434	109,0616
2019-08-07	11:00	11640,01	11725,27	11606,49	11694,8	LONG	0,00167	5982,76	0,00334	HOLD	99,6434	109,1524
2019-08-07	12:00	11694,82	11725	11580,85	11615,96	LONG	0,00167	5982,76	0,00334	HOLD	99,6434	109,0207
2019-08-07	13:00	11615,99	11683,41	11570,46	11631,25	LONG	0,00167	5982,76	0,00334	HOLD	99,6434	109,0463
2019-08-07	14:00	11631,27	11645,44	11525,96	11538,61	LONG	0,00167	5982,76	0,00334	HOLD	99,6434	108,8916
2019-08-07	15:00	11541,53	11607,38	11463,14	11574,93	LONG	0,00167	5982,76	0,00334	HOLD	99,6434	108,9522
2019-08-07	16:00	11574,93	11665,43	11520	11631,23	LONG	0,00167	5982,76	0,00334	HOLD	99,6434	109,0462
2019-08-07	17:00	11630,21	11700	11630	11638,66	LONG	0,00167	5982,76	0,00334	HOLD	99,6434	109,0586
2019-08-07	18:00	11635,15	11745,81	11585	11743,94	LONG	0,00167	5982,76	0,00334	HOLD	99,6434	109,2345
2019-08-07	19:00	11743,09	11800	11707,08	11783,59	LONG	0,00167	5982,76	0,00334	HOLD	99,6434	109,3007
2019-08-07	20:00	11785,68	12141,17	11783,81	12034,25	LONG	0,00167	5982,76	0,00334	HOLD	99,6434	109,7193
2019-08-07	21:00	12034,84	12114,72	12011,9	12064,94	LONG	0,00167	5982,76	0,00334	HOLD	99,6434	109,7705
2019-08-07	22:00	12064,47	12093,18	11611	11662,75	LONG	0,00167	5982,76	0,00334	HOLD	99,6434	109,0989
2019-08-07	23:00	11662,75	11725,01	11487	11674,59	LONG	0,00167	5982,76	0,00334	HOLD	99,6434	109,1187
2019-08-08	00:00	11675	11793,53	11630,52	11790,39	LONG	0,00167	5982,76	0,00334	HOLD	99,6434	109,312
2019-08-08	01:00	11790,39	11822	11750	11750,14	LONG	0,00167	5982,76	0,00334	HOLD	99,6434	109,2448
2019-08-08	02:00	11751	11818,96	11669,99	11792,77	LONG	0,00167	5982,76	0,00334	HOLD	99,6434	109,316
2019-08-08	03:00	11792,25	11976,08	11616	11895,67	LONG	0,00167	5982,76	0,00334	HOLD	99,6434	109,4879
2019-08-08	04:00	11897,07	12079,51	11805,8	11945,12	LONG	0,00167	5982,76	0,00334	HOLD	99,6434	109,5704
2019-08-08	05:00	11945,12	12030	11883,03	11971,58	LONG	0,00167	5982,76	0,00334	HOLD	99,6434	109,6146
2019-08-08	06:00	11971,58	12016,02	11827,04	11975,03	LONG	0,00167	5982,76	0,00334	HOLD	99,6434	109,6204
2019-08-08	07:00	11975,04	12017,75	11885	11975	LONG	0,00167	5982,76	0,00334	HOLD	99,6434	109,6203
2019-08-08	08:00	11975	11975,01	11843	11899,92	LONG	0,00167	5982,76	0,00334	HOLD	99,6434	109,495
2019-08-08	09:00	11899,88	11973,54	11883	11940,82	LONG	0,00167	5982,76	0,00334	HOLD	99,6434	109,5633
2019-08-08	10:00	11940,84	12000	11925,3	11955,96	LONG	0,00167	5982,76	0,00334	HOLD	99,6434	109,5885
2019-08-08	11:00	11956,03	11972,2	11873,93	11948,27	LONG	0,00167	5982,76	0,00334	HOLD	99,6434	109,5757
2019-08-08	12:00	11948,02	11950	11888	11921,59	LONG	0,00167	5982,76	0,00334	HOLD	99,6434	109,5311
2019-08-08	13:00	11923,35	11925,02	11757	11847,21	LONG	0,00167	5982,76	0,00334	HOLD	99,6434	109,4069
2019-08-08	14:00	11846,15	11920	11800,02	11919,98	LONG	0,00167	5982,76	0,00334	HOLD	99,6434	109,5285
2019-08-08	15:00	11919,98	11975	11865,01	11900,84	LONG	0,00167	5982,76	0,00334	HOLD	99,6434	109,4965
2019-08-08	16:00	11903,39	11944,7	11829,26	11874,99	LONG	0,00167	5982,76	0,00334	HOLD	99,6434	109,4533
2019-08-08	17:00	11872,39	11872,46	11809,86	11832,79	LONG	0,00167	5982,76	0,00334	HOLD	99,6434	109,3828
2019-08-08	18:00	11835,19	11914,96	11786	11826,85	LONG	0,00167	5982,76	0,00334	HOLD	99,6434	109,3729
2019-08-08	19:00	11825,67	11923	11770	11843,21	LONG	0,00167	5982,76	0,00334	HOLD	99,6434	109,4002
2019-08-08	20:00	11848,84	11853,16	11669,72	11679,89	LONG	0,00167	5982,76	0,00334	HOLD	99,6434	109,1275
2019-08-08	21:00	11687,99	11768,76	11645	11720,84	LONG	0,00167	5982,76	0,00334	HOLD	99,6434	109,1959
2019-08-08	22:00	11720,94	11769,57	11688,17	11692,81	LONG	0,00167	5982,76	0,00334	HOLD	99,6434	109,1491
2019-08-08	23:00	11692,82	11799,22	11670	11726,53	LONG	0,00167	5982,76	0,00334	HOLD	99,6434	109,2054
2019-08-09	00:00	11728,34	11750	11521	11592,9	LONG	0,00167	5982,76	0,00334	HOLD	99,6434	108,9822
2019-08-09	01:00	11597,27	11675,05	11531,62	11661,25	LONG	0,00167	5982,76	0,00334	HOLD	99,6434	109,0964
2019-08-09	02:00	11661,57	11683,83	11558,29	11615,82	LONG	0,00167	5982,76	0,00334	HOLD	99,6434	109,0205
2019-08-09	03:00	11614,59	11670,7	11550	11654,76	LONG	0,00167	5982,76	0,00334	HOLD	99,6434	109,0855
2019-08-09	04:00	11654,11	11790	11650	11754,76	LONG	0,00167	5982,76	0,00334	HOLD	99,6434	109,2525
2019-08-09	05:00	11755	11875	11754,76	11848,39	LONG	0,00167	5982,76	0,00334	HOLD	99,6434	109,4089
2019-08-09	06:00	11848,39	12060	11844,02	11999,77	LONG	0,00167	5982,76	0,00334	HOLD	99,6434	109,6617
2019-08-09	07:00	11994,17	12045,68	11887	11969,96	LONG	0,00167	5982,76	0,00334	HOLD	99,6434	109,6119
2019-08-09	08:00	11969,94	11970	11778	11892,91	LONG	0,00167	5982,76	0,00334	HOLD	99,6434	109,4832
2019-08-09	09:00	11890,5	11929,16	11864,72	11923	LONG	0,00167	5982,76	0,00334	HOLD	99,6434	109,5335
2019-08-09	10:00	11921,77	11950	11848,95	11871,07	LONG	0,00167	5982,76	0,00334	HOLD	99,6434	109,4468
2019-08-09	11:00	11873,46	11934,35	11869,6	11887,42	LONG	0,00167	5982,76	0,00334	HOLD	99,6434	109,4741
2019-08-09	12:00	11888,35	11900	11818,01	11860,44	LONG	0,00167	5982,76	0,00334	HOLD	99,6434	109,429
2019-08-09	13:00	11862,12	11872,34	11804	11856,63	LONG	0,00167	5982,76	0,00334	HOLD	99,6434	109,4227
2019-08-09	14:00	11855,55	11900	11826,5	11873,42	LONG	0,00167	5982,76	0,00334	HOLD	99,6434	109,4507
2019-08-09	15:00	11873,42	11970	11806	11840,01	LONG	0,00167	5982,76	0,00334	HOLD	99,6434	109,3949
2019-08-09	16:00	11841,78	11859,94	11710	11765,21	LONG	0,00167	5982,76	0,00334	HOLD	99,6434	109,27
2019-08-09	17:00	11765,21	11820	11700	11719,12	LONG	0,00167	5982,76	0,00334	HOLD	99,6434	109,193
2019-08-09	18:00	11718,31	11778,36	11700	11705,01	LONG	0,00167	5982,76	0,00334	HOLD	99,6434	109,1695
2019-08-09	19:00	11705,03	11787,76	11700	11768,77	LONG	0,00167	5982,76	0,00334	HOLD	99,6434	109,2759
2019-08-09	20:00	11772,01	11896,46	11764,9	11828,88	LONG	0,00167	5982,76	0,00334	HOLD	99,6434	109,3763
2019-08-09	21:00	11828,25	11843,07	11700	11791,96	LONG	0,00167	5982,76	0,00334	HOLD	99,6434	109,3147
2019-08-09	22:00	11791,96	11793,31	11720	11743,37	LONG	0,00167	5982,76	0,00334	HOLD	99,6434	109,2335
2019-08-09	23:00	11743,33	11880	11700	11795,64	LONG	0,00167	5982,76	0,00334	HOLD	99,6434	109,3208
2019-08-10	00:00	11795,64	11823,26	11746,75	11809,07	LONG	0,00167	5982,76	0,00334	HOLD	99,6434	109,3432
2019-08-10	01:00	11809,07	11859,97	11801	11853,15	LONG	0,00167	5982,76	0,00334	HOLD	99,6434	109,4168
2019-08-10	02:00	11851,99	11910	11808,41	11837,18	LONG	0,00167	5982,76	0,00334	HOLD	99,6434	109,3902
2019-08-10	03:00	11837,21	11900	11825,6	11889,97	LONG	0,00167	5982,76	0,00334	HOLD	99,6434	109,4783
2019-08-10	04:00	11889,92	11933	11865,01	11928,11	LONG	0,00167	5982,76	0,00334	HOLD	99,6434	109,542
2019-08-10	05:00	11929,64	11965	11832,31	11845	LONG	0,00167	5982,76	0,00334	HOLD	99,6434	109,4032
2019-08-10	06:00	11844,8	11901,36	11842,87	11879,99	LONG	0,00167	5982,76	0,00334	HOLD	99,6434	109,4617
2019-08-10	07:00	11879,98	11985	11878,07	11928,71	LONG	0,00167	5982,76	0,00334	HOLD	99,6434	109,543
2019-08-10	08:00	11927,99	11940	11869	11897,05	LONG	0,00167	5982,76	0,00334	HOLD	99,6434	109,4902
2019-08-10	09:00	11899,68	11906,55	11751,61	11801,73	LONG	0,00167	5982,76	0,00334	HOLD	99,6434	109,331
2019-08-10	10:00	11800,61	11839,04	11770	11839,03	LONG	0,00167	5982,76	0,00334	HOLD	99,6434	109,3933
2019-08-10	11:00	11837,66	11850	11795,47	11803,62	LONG	0,00167	5982,76	0,00334	HOLD	99,6434	109,3341
2019-08-10	12:00	11804,27	11890,2	11794	11847,48	LONG	0,00167	5982,76	0,00334	HOLD	99,6434	109,4074
2019-08-10	13:00	11847,66	11879,26	11801,9	11824,98	LONG	0,00167	5982,76	0,00334	HOLD	99,6434	109,3698
2019-08-10	14:00	11824,07	11856	11809,52	11829,75	LONG	0,00167	5982,76	0,00334	HOLD	99,6434	109,3778
2019-08-10	15:00	11828,87	11884,94	11827,28	11841,89	LONG	0,00167	5982,76	0,00334	HOLD	99,6434	109,398
2019-08-10	16:00	11840,01	11897,65	11839,95	11892,24	LONG	0,00167	5982,76	0,00334	HOLD	99,6434	109,4821
2019-08-10	17:00	11895,16	11904,36	11851	11875,71	LONG	0,00167	5982,76	0,00334	HOLD	99,6434	109,4545
2019-08-10	18:00	11875,77	11879,78	11350	11395,23	LONG	0,00167	5982,76	0,00334	HOLD	99,6434	108,6521
2019-08-10	19:00	11395,23	11472,22	11310	11449,35	LONG	0,00167	5982,76	0,00334	HOLD	99,6434	108,7425
2019-08-10	20:00	11447,6	11517	11412,48	11469,13	LONG	0,00167	5982,76	0,00334	HOLD	99,6434	108,7755
2019-08-10	21:00	11466,83	11468	11368,88	11430,38	LONG	0,00167	5982,76	0,00334	HOLD	99,6434	108,7108
2019-08-10	22:00	11429,39	11443,43	11381,82	11413,87	LONG	0,00167	5982,76	0,00334	HOLD	99,6434	108,6832
2019-08-10	23:00	11413,13	11422,91	11330	11359,42	LONG	0,00167	5982,76	0,00334	HOLD	99,6434	108,5923
2019-08-11	00:00	11359,41	11431,65	11272,1	11383,37	LONG	0,00167	5982,76	0,00334	HOLD	99,6434	108,6323
2019-08-11	01:00	11383,35	11405	11325,91	11376,13	LONG	0,00167	5982,76	0,00334	HOLD	99,6434	108,6202
2019-08-11	02:00	11375,04	11379	11270	11329,1	LONG	0,00167	5982,76	0,00334	HOLD	99,6434	108,5417
2019-08-11	03:00	11331,56	11397	11316,96	11346,21	LONG	0,00167	5982,76	0,00334	HOLD	99,6434	108,5703
2019-08-11	04:00	11344,39	11390,33	11275	11335,54	LONG	0,00167	5982,76	0,00334	HOLD	99,6434	108,5524
2019-08-11	05:00	11336,24	11336,24	11270	11323,43	LONG	0,00167	5982,76	0,00334	HOLD	99,6434	108,5322
2019-08-11	06:00	11323,4	11368,19	11307,92	11309,31	LONG	0,00167	5982,76	0,00334	HOLD	99,6434	108,5086
2019-08-11	07:00	11309,24	11465	11286,3	11402,6	LONG	0,00167	5982,76	0,00334	HOLD	99,6434	108,6644
2019-08-11	08:00	11401,92	11411,84	11361,43	11365,17	LONG	0,00167	5982,76	0,00334	HOLD	99,6434	108,6019
2019-08-11	09:00	11365,2	11399,99	11365	11377,64	LONG	0,00167	5982,76	0,00334	HOLD	99,6434	108,6227
2019-08-11	10:00	11378,89	11421,05	11375,12	11399,1	LONG	0,00167	5982,76	0,00334	HOLD	99,6434	108,6586
2019-08-11	11:00	11398,4	11424,94	11373,01	11378,54	LONG	0,00167	5982,76	0,00334	HOLD	99,6434	108,6242
2019-08-11	12:00	11378,52	11391,99	11354,14	11374,91	LONG	0,00167	5982,76	0,00334	HOLD	99,6434	108,6182
2019-08-11	13:00	11374,24	11395,23	11330,11	11353,5	LONG	0,00167	5982,76	0,00334	HOLD	99,6434	108,5824
2019-08-11	14:00	11354,91	11376,99	11343,48	11371,71	LONG	0,00167	5982,76	0,00334	HOLD	99,6434	108,6128
2019-08-11	15:00	11370,44	11392,64	11286,46	11324,68	LONG	0,00167	5982,76	0,00334	HOLD	99,6434	108,5343
2019-08-11	16:00	11325,19	11425	11112,11	11364	LONG	0,00167	5982,76	0,00334	HOLD	99,6434	108,6
2019-08-11	17:00	11365	11400	11330	11342,82	LONG	0,00167	5982,76	0,00334	HOLD	99,6434	108,5646
2019-08-11	18:00	11343	11482,86	11343	11469,94	LONG	0,00167	5982,76	0,00334	HOLD	99,6434	108,7769
2019-08-11	19:00	11469,63	11479,97	11406,53	11458,91	LONG	0,00167	5982,76	0,00334	HOLD	99,6434	108,7585
2019-08-11	20:00	11460,18	11482,65	11366,81	11404,22	LONG	0,00167	5982,76	0,00334	HOLD	99,6434	108,6671
2019-08-11	21:00	11403,09	11427	11372	11388,74	LONG	0,00167	5982,76	0,00334	HOLD	99,6434	108,6413
2019-08-11	22:00	11388	11418,3	11350,01	11378	LONG	0,00167	5982,76	0,00334	HOLD	99,6434	108,6233
2019-08-11	23:00	11378,51	11445,57	11362,77	11402,03	LONG	0,00167	5982,76	0,00334	HOLD	99,6434	108,6635
2019-08-12	00:00	11402,01	11420	11360	11372,02	LONG	0,00167	5982,76	0,00334	HOLD	99,6434	108,6134
2019-08-12	01:00	11371,2	11417	11360,69	11397,01	LONG	0,00167	5982,76	0,00334	HOLD	99,6434	108,6551
2019-08-12	02:00	11397,01	11409,32	11369,89	11383,14	LONG	0,00167	5982,76	0,00334	HOLD	99,6434	108,6319
2019-08-12	03:00	11385,44	11450	11301	11435	LONG	0,00167	5982,76	0,00334	HOLD	99,6434	108,7185
2019-08-12	04:00	11435	11566,37	11402,57	11503,27	LONG	0,00167	5982,76	0,00334	HOLD	99,6434	108,8325
2019-08-12	05:00	11504,36	11533	11480,02	11514,18	LONG	0,00167	5982,76	0,00334	HOLD	99,6434	108,8508
2019-08-12	06:00	11513,82	11600	11441,01	11549,97	LONG	0,00167	5982,76	0,00334	HOLD	99,6434	108,9105
2019-08-12	07:00	11539,08	11577,89	11450	11480,8	LONG	0,00167	5982,76	0,00334	HOLD	99,6434	108,795
2019-08-12	08:00	11480,8	11539,3	11463,74	11494,76	LONG	0,00167	5982,76	0,00334	HOLD	99,6434	108,8183
2019-08-12	09:00	11494,48	11499	11420,06	11450	LONG	0,00167	5982,76	0,00334	HOLD	99,6434	108,7436
2019-08-12	10:00	11447,45	11465	11410	11446,44	LONG	0,00167	5982,76	0,00334	HOLD	99,6434	108,7376
2019-08-12	11:00	11447	11471,29	11420	11435,95	LONG	0,00167	5982,76	0,00334	HOLD	99,6434	108,7201
2019-08-12	12:00	11435,95	11453,2	11371,15	11399	LONG	0,00167	5982,76	0,00334	HOLD	99,6434	108,6584
2019-08-12	13:00	11398,99	11414,42	11340	11380,99	LONG	0,00167	5982,76	0,00334	HOLD	99,6434	108,6283
2019-08-12	14:00	11380,92	11440,03	11343,13	11411,97	LONG	0,00167	5982,76	0,00334	HOLD	99,6434	108,6801
2019-08-12	15:00	11411,98	11415,01	11313,14	11371,91	LONG	0,00167	5982,76	0,00334	HOLD	99,6434	108,6132
2019-08-12	16:00	11371,91	11391,35	11343	11357,8	LONG	0,00167	5982,76	0,00334	HOLD	99,6434	108,5896
2019-08-12	17:00	11357,82	11399,8	11350	11379,51	LONG	0,00167	5982,76	0,00334	HOLD	99,6434	108,6259
2019-08-12	18:00	11381,99	11394,23	11305,55	11328,01	LONG	0,00167	5982,76	0,00334	HOLD	99,6434	108,5399
2019-08-12	19:00	11328,01	11425	11235,32	11397,54	LONG	0,00167	5982,76	0,00334	HOLD	99,6434	108,656
2019-08-12	20:00	11397,54	11412,51	11357	11379,18	LONG	0,00167	5982,76	0,00334	HOLD	99,6434	108,6253
2019-08-12	21:00	11379,2	11402,83	11361,42	11380,48	LONG	0,00167	5982,76	0,00334	HOLD	99,6434	108,6275
2019-08-12	22:00	11379,27	11400	11340	11399,11	LONG	0,00167	5982,76	0,00334	HOLD	99,6434	108,6586
2019-08-12	23:00	11400	11441,03	11375	11410,12	LONG	0,00167	5982,76	0,00334	HOLD	99,6434	108,677
2019-08-13	00:00	11406,94	11441	11390	11415,14	LONG	0,00167	5982,76	0,00334	HOLD	99,6434	108,6854
2019-08-13	01:00	11417,09	11429,77	11385,48	11419	LONG	0,00167	5982,76	0,00334	HOLD	99,6434	108,6918
2019-08-13	02:00	11416,79	11449,15	11395,57	11443,89	LONG	0,00167	5982,76	0,00334	HOLD	99,6434	108,7334
2019-08-13	03:00	11446,1	11474,03	11382,56	11438,14	LONG	0,00167	5982,76	0,00334	HOLD	99,6434	108,7238
2019-08-13	04:00	11438,12	11452,75	11395	11397,93	LONG	0,00167	5982,76	0,00334	HOLD	99,6434	108,6566
2019-08-13	05:00	11397,91	11450,86	11375,28	11418,78	LONG	0,00167	5982,76	0,00334	HOLD	99,6434	108,6914
2019-08-13	06:00	11418,17	11426,83	11380,39	11396,08	LONG	0,00167	5982,76	0,00334	HOLD	99,6434	108,6535
2019-08-13	07:00	11398,35	11435,54	11355,99	11427,68	LONG	0,00167	5982,76	0,00334	HOLD	99,6434	108,7063
2019-08-13	08:00	11427,68	11456,16	11399	11399,06	LONG	0,00167	5982,76	0,00334	HOLD	99,6434	108,6585
2019-08-13	09:00	11400	11429,96	11383,3	11393,18	LONG	0,00167	5982,76	0,00334	HOLD	99,6434	108,6487
2019-08-13	10:00	11393,18	11403,15	11370	11394,06	LONG	0,00167	5982,76	0,00334	HOLD	99,6434	108,6502
2019-08-13	11:00	11394,06	11402,39	11350	11353,07	LONG	0,00167	5982,76	0,00334	HOLD	99,6434	108,5817
2019-08-13	12:00	11351,63	11394	11346,7	11393	LONG	0,00167	5982,76	0,00334	HOLD	99,6434	108,6484
2019-08-13	13:00	11392,99	11392,99	11361	11363,33	LONG	0,00167	5982,76	0,00334	HOLD	99,6434	108,5988
2019-08-13	14:00	11363,33	11388,81	11311	11364,96	LONG	0,00167	5982,76	0,00334	HOLD	99,6434	108,6016
2019-08-13	15:00	11364,96	11364,96	11326	11347,1	LONG	0,00167	5982,76	0,00334	HOLD	99,6434	108,5717
2019-08-13	16:00	11347,11	11349,28	11255,01	11302,77	LONG	0,00167	5982,76	0,00334	HOLD	99,6434	108,4977
2019-08-13	17:00	11302,78	11310,73	11200	11260,02	LONG	0,00167	5982,76	0,00334	HOLD	99,6434	108,4263
2019-08-13	18:00	11260,34	11309,98	11240	11280,39	LONG	0,00167	5982,76	0,00334	HOLD	99,6434	108,4603
2019-08-13	19:00	11280,12	11298,93	11250	11253,83	LONG	0,00167	5982,76	0,00334	HOLD	99,6434	108,416
2019-08-13	20:00	11254,37	11269,62	11150	11152,52	LONG	0,00167	5982,76	0,00334	HOLD	99,6434	108,2468
2019-08-13	21:00	11151,93	11152,52	10911	11000,17	LONG	0,00167	5982,76	0,00334	HOLD	99,6434	107,9924
2019-08-13	22:00	10999,42	11024,57	10921	10951,09	LONG	0,00167	5982,76	0,00334	HOLD	99,6434	107,9104
2019-08-13	23:00	10952,74	10993	10850	10850	LONG	0,00167	5982,76	0,00334	HOLD	99,6434	107,7416
2019-08-14	00:00	10852,21	10935,93	10788,45	10910	LONG	0,00167	5982,76	0,00334	HOLD	99,6434	107,8418
2019-08-14	01:00	10908,27	10958,87	10882,13	10925,37	LONG	0,00167	5982,76	0,00334	HOLD	99,6434	107,8675
2019-08-14	02:00	10925,57	10962	10905,2	10936,18	LONG	0,00167	5982,76	0,00334	HOLD	99,6434	107,8855
2019-08-14	03:00	10936,28	10981,69	10913,74	10914,24	LONG	0,00167	5982,76	0,00334	HOLD	99,6434	107,8489
2019-08-14	04:00	10914,24	10924,67	10858,04	10892,47	LONG	0,00167	5982,76	0,00334	HOLD	99,6434	107,8125
2019-08-14	05:00	10896,06	10938,99	10863,64	10897,12	LONG	0,00167	5982,76	0,00334	HOLD	99,6434	107,8203
2019-08-14	06:00	10900,95	10942,67	10880,01	10892,71	LONG	0,00167	5982,76	0,00334	HOLD	99,6434	107,8129
2019-08-14	07:00	10893,36	10897,48	10750	10765,02	LONG	0,00167	5982,76	0,00334	HOLD	99,6434	107,5997
2019-08-14	08:00	10761,07	10813,23	10579	10617,91	LONG	0,00167	5982,76	0,00334	HOLD	99,6434	107,354
2019-08-14	09:00	10617,54	10712,45	10541	10690,15	LONG	0,00167	5982,76	0,00334	HOLD	99,6434	107,4746
2019-08-14	10:00	10690,23	10694,95	10613,26	10656,83	LONG	0,00167	5982,76	0,00334	HOLD	99,6434	107,419
2019-08-14	11:00	10654,92	10660,18	10568,3	10569,26	LONG	0,00167	5982,76	0,00334	HOLD	99,6434	107,2727
2019-08-14	12:00	10571,97	10637,45	10546,15	10621,98	LONG	0,00167	5982,76	0,00334	HOLD	99,6434	107,3608
2019-08-14	13:00	10623,22	10670,79	10615,98	10627,49	LONG	0,00167	5982,76	0,00334	HOLD	99,6434	107,37
2019-08-14	14:00	10627,49	10660,6	10588	10620	LONG	0,00167	5982,76	0,00334	HOLD	99,6434	107,3575
2019-08-14	15:00	10619,98	10632,74	10430,87	10477,88	LONG	0,00167	5982,76	0,00334	HOLD	99,6434	107,1201
2019-08-14	16:00	10477,88	10536,01	10410	10517,63	LONG	0,00167	5982,76	0,00334	HOLD	99,6434	107,1865
2019-08-14	17:00	10517,73	10600,04	10517,73	10534,12	LONG	0,00167	5982,76	0,00334	HOLD	99,6434	107,2141
2019-08-14	18:00	10533,01	10577,08	10469,39	10556,7	LONG	0,00167	5982,76	0,00334	HOLD	99,6434	107,2518
2019-08-14	19:00	10554,72	10697	10552,4	10633,17	LONG	0,00167	5982,76	0,00334	HOLD	99,6434	107,3795
2019-08-14	20:00	10633,08	10667,48	10571,61	10593,62	LONG	0,00167	5982,76	0,00334	HOLD	99,6434	107,3134
2019-08-14	21:00	10590,81	10597,54	10462	10517,77	LONG	0,00167	5982,76	0,00334	HOLD	99,6434	107,1868
2019-08-14	22:00	10515,43	10594,78	10471	10514,08	LONG	0,00167	5982,76	0,00334	HOLD	99,6434	107,1806
2019-08-14	23:00	10514,05	10629	10339,57	10347,13	LONG	0,00167	5982,76	0,00334	HOLD	99,6434	106,9018
2019-08-15	00:00	10349,16	10362,06	10100	10239,28	LONG	0,00167	5982,76	0,00334	HOLD	99,6434	106,7217
2019-08-15	01:00	10235,91	10274,96	10150	10174,16	LONG	0,00167	5982,76	0,00334	HOLD	99,6434	106,6129
2019-08-15	02:00	10174,14	10235	10127,01	10137,77	LONG	0,00167	5982,76	0,00334	HOLD	99,6434	106,5522
2019-08-15	03:00	10140,74	10218,18	10103	10190,26	LONG	0,00167	5982,76	0,00334	HOLD	99,6434	106,6398
2019-08-15	04:00	10192,09	10283,94	10169,25	10211,53	LONG	0,00167	5982,76	0,00334	HOLD	99,6434	106,6753
2019-08-15	05:00	10211,55	10268	10191,05	10240,07	LONG	0,00167	5982,76	0,00334	HOLD	99,6434	106,723
2019-08-15	06:00	10241,31	10253,66	9928,1	10050,37	LONG	0,00167	5982,76	0,00334	HOLD	99,6434	106,4062
2019-08-15	07:00	10055,16	10234,08	10050,48	10133,79	LONG	0,00167	5982,76	0,00334	HOLD	99,6434	106,5455
2019-08-15	08:00	10134,18	10135,8	10030,52	10095,05	LONG	0,00167	5982,76	0,00334	HOLD	99,6434	106,4808
2019-08-15	17:00	10085,65	10169,65	9945,86	10059,74	LONG	0,00167	5982,76	0,00334	HOLD	99,6434	106,4219
2019-08-15	18:00	10059,74	10219,7	10053,29	10158,55	LONG	0,00167	5982,76	0,00334	HOLD	99,6434	106,5869
2019-08-15	19:00	10160,14	10180	9920	9997,09	LONG	0,00167	5982,76	0,00334	HOLD	99,6434	106,3172
2019-08-15	20:00	9997,12	10050,34	9911	10015,53	LONG	0,00167	5982,76	0,00334	HOLD	99,6434	106,348
2019-08-15	21:00	10015,53	10100	9958,37	10010,33	LONG	0,00167	5982,76	0,00334	HOLD	99,6434	106,3393
2019-08-15	22:00	10009,75	10108	9972	10094,59	LONG	0,00167	5982,76	0,00334	HOLD	99,6434	106,4801
2019-08-15	23:00	10092,96	10165	9999,1	10051,97	LONG	0,00167	5982,76	0,00334	HOLD	99,6434	106,4089
2019-08-16	00:00	10051,17	10066	9980	10023,75	LONG	0,00167	5982,76	0,00334	HOLD	99,6434	106,3617
2019-08-16	01:00	10024,2	10085,19	10015,68	10041,57	LONG	0,00167	5982,76	0,00334	HOLD	99,6434	106,3915
2019-08-16	02:00	10041,57	10145,09	10024,76	10106,68	LONG	0,00167	5982,76	0,00334	HOLD	99,6434	106,5002
2019-08-16	03:00	10106,68	10393,29	10090,57	10370	LONG	0,00167	5982,76	0,00334	HOLD	99,6434	106,94
2019-08-16	04:00	10370	10414,72	10290	10338,27	LONG	0,00167	5982,76	0,00334	HOLD	99,6434	106,887
2019-08-16	05:00	10338,25	10458,18	10322	10395,92	LONG	0,00167	5982,76	0,00334	HOLD	99,6434	106,9833
2019-08-16	06:00	10395,49	10460	10240,09	10293,93	LONG	0,00167	5982,76	0,00334	HOLD	99,6434	106,8129
2019-08-16	07:00	10296,77	10368,29	10250	10302,36	LONG	0,00167	5982,76	0,00334	HOLD	99,6434	106,827
2019-08-16	08:00	10304,45	10398,54	10302,49	10353,4	LONG	0,00167	5982,76	0,00334	HOLD	99,6434	106,9123
2019-08-16	09:00	10353,11	10417	10327,62	10350,39	LONG	0,00167	5982,76	0,00334	HOLD	99,6434	106,9072
2019-08-16	10:00	10350,27	10359,11	10271	10324,61	LONG	0,00167	5982,76	0,00334	HOLD	99,6434	106,8642
2019-08-16	11:00	10327,02	10342,2	10064,81	10091,88	LONG	0,00167	5982,76	0,00334	HOLD	99,6434	106,4755
2019-08-16	12:00	10091,88	10149,1	9750	9908,92	LONG	0,00167	5982,76	0,00334	HOLD	99,6434	106,17
2019-08-16	13:00	9908,92	10050	9860,73	9971,79	LONG	0,00167	5982,76	0,00334	HOLD	99,6434	106,275
2019-08-16	14:00	9982,95	10025	9854,52	9937	LONG	0,00167	5982,76	0,00334	HOLD	99,6434	106,2169
2019-08-16	15:00	9937,57	10108,01	9872,01	10073,51	LONG	0,00167	5982,76	0,00334	HOLD	99,6434	106,4448
2019-08-16	16:00	10074,63	10149	10032,67	10094,95	LONG	0,00167	5982,76	0,00334	HOLD	99,6434	106,4807
2019-08-16	17:00	10094,55	10130	10033,51	10089,92	LONG	0,00167	5982,76	0,00334	HOLD	99,6434	106,4723
2019-08-16	18:00	10086,5	10225	9810	10148,92	LONG	0,00167	5982,76	0,00334	HOLD	99,6434	106,5708
2019-08-16	19:00	10146,73	10211,41	10117,97	10200,17	LONG	0,00167	5982,76	0,00334	HOLD	99,6434	106,6564
2019-08-16	20:00	10198,7	10205,8	10055	10113,89	LONG	0,00167	5982,76	0,00334	HOLD	99,6434	106,5123
2019-08-16	21:00	10112,99	10155,8	10037,97	10089,99	LONG	0,00167	5982,76	0,00334	HOLD	99,6434	106,4724
2019-08-16	22:00	10089,93	10469	10055,12	10386,04	LONG	0,00167	5982,76	0,00334	HOLD	99,6434	106,9668
2019-08-16	23:00	10388,99	10438,01	10306	10405	LONG	0,00167	5982,76	0,00334	HOLD	99,6434	106,9984
2019-08-17	00:00	10403,42	10536,03	10375	10396,21	LONG	0,00167	5982,76	0,00334	HOLD	99,6434	106,9838
2019-08-17	01:00	10396,21	10469,84	10390	10409,05	LONG	0,00167	5982,76	0,00334	HOLD	99,6434	107,0052
2019-08-17	02:00	10409,48	10490,26	10402	10451,75	LONG	0,00167	5982,76	0,00334	HOLD	99,6434	107,0765
2019-08-17	03:00	10451,75	10515	10351,12	10377,09	LONG	0,00167	5982,76	0,00334	HOLD	99,6434	106,9518
2019-08-17	04:00	10376,6	10432	10371,05	10428	LONG	0,00167	5982,76	0,00334	HOLD	99,6434	107,0368
2019-08-17	05:00	10427,89	10476,7	10222	10389,91	LONG	0,00167	5982,76	0,00334	HOLD	99,6434	106,9732
2019-08-17	06:00	10389,91	10434	10277	10331,54	LONG	0,00167	5982,76	0,00334	HOLD	99,6434	106,8758
2019-08-17	07:00	10331,15	10359,99	10201	10234,05	LONG	0,00167	5982,76	0,00334	HOLD	99,6434	106,7129
2019-08-17	08:00	10237,52	10383,29	10212,94	10381,59	LONG	0,00167	5982,76	0,00334	HOLD	99,6434	106,9593
2019-08-17	09:00	10378,24	10421,92	10306	10335,44	LONG	0,00167	5982,76	0,00334	HOLD	99,6434	106,8823
2019-08-17	10:00	10335,59	10376,92	10280,05	10284,87	LONG	0,00167	5982,76	0,00334	HOLD	99,6434	106,7978
2019-08-17	11:00	10285,33	10355	10252,88	10346,06	LONG	0,00167	5982,76	0,00334	HOLD	99,6434	106,9
2019-08-17	12:00	10345,1	10391,44	10290	10377,32	LONG	0,00167	5982,76	0,00334	HOLD	99,6434	106,9522
2019-08-17	13:00	10377,83	10398,99	10322,15	10332,3	LONG	0,00167	5982,76	0,00334	HOLD	99,6434	106,877
2019-08-17	14:00	10332,67	10376,53	10320	10357,99	LONG	0,00167	5982,76	0,00334	HOLD	99,6434	106,9199
2019-08-17	15:00	10356,73	10465,14	10314,21	10390,31	LONG	0,00167	5982,76	0,00334	HOLD	99,6434	106,9739
2019-08-17	16:00	10390,81	10450	10355,55	10438,28	LONG	0,00167	5982,76	0,00334	HOLD	99,6434	107,054
2019-08-17	17:00	10438	10448,09	10365	10380,34	LONG	0,00167	5982,76	0,00334	HOLD	99,6434	106,9573
2019-08-17	18:00	10379,86	10387,29	10317	10333,23	LONG	0,00167	5982,76	0,00334	HOLD	99,6434	106,8786
2019-08-17	19:00	10330,76	10371	10260,7	10331,97	LONG	0,00167	5982,76	0,00334	HOLD	99,6434	106,8765
2019-08-17	20:00	10334,04	10363,22	10285,36	10358,02	LONG	0,00167	5982,76	0,00334	HOLD	99,6434	106,92
2019-08-17	21:00	10358,04	10358,45	10305,85	10310,44	LONG	0,00167	5982,76	0,00334	HOLD	99,6434	106,8405
2019-08-17	22:00	10309,46	10345,26	10252,36	10312,27	LONG	0,00167	5982,76	0,00334	HOLD	99,6434	106,8436
2019-08-17	23:00	10312,29	10357	10275	10280	LONG	0,00167	5982,76	0,00334	HOLD	99,6434	106,7897
2019-08-18	00:00	10277,13	10313,01	10010,58	10079,43	LONG	0,00167	5982,76	0,00334	HOLD	99,6434	106,4547
2019-08-18	01:00	10080,21	10239	10000	10177,44	LONG	0,00167	5982,76	0,00334	HOLD	99,6434	106,6184
2019-08-18	02:00	10178,99	10209,31	10160	10167,24	LONG	0,00167	5982,76	0,00334	HOLD	99,6434	106,6014
2019-08-18	03:00	10167	10183,61	10049	10080,91	LONG	0,00167	5982,76	0,00334	HOLD	99,6434	106,4572
2019-08-18	04:00	10080,4	10178,99	10074,92	10144,29	LONG	0,00167	5982,76	0,00334	HOLD	99,6434	106,563
2019-08-18	05:00	10144,2	10239,71	10120,03	10236,13	LONG	0,00167	5982,76	0,00334	HOLD	99,6434	106,7164
2019-08-18	06:00	10236,11	10250	10178,57	10216,02	LONG	0,00167	5982,76	0,00334	HOLD	99,6434	106,6828
2019-08-18	07:00	10216,05	10278,88	10207,24	10227,21	LONG	0,00167	5982,76	0,00334	HOLD	99,6434	106,7015
2019-08-18	08:00	10227,19	10240,46	10151,42	10183,59	LONG	0,00167	5982,76	0,00334	HOLD	99,6434	106,6287
2019-08-18	09:00	10183,46	10207,42	10151,42	10168,76	LONG	0,00167	5982,76	0,00334	HOLD	99,6434	106,6039
2019-08-18	10:00	10168,43	10178,66	10102,56	10113,99	LONG	0,00167	5982,76	0,00334	HOLD	99,6434	106,5124
2019-08-18	11:00	10112,97	10142,3	10080	10132,54	LONG	0,00167	5982,76	0,00334	HOLD	99,6434	106,5434
2019-08-18	12:00	10133,95	10155	10105,01	10140,02	LONG	0,00167	5982,76	0,00334	HOLD	99,6434	106,5559
2019-08-18	13:00	10140,94	10201,14	10140,04	10166,87	LONG	0,00167	5982,76	0,00334	HOLD	99,6434	106,6008
2019-08-18	14:00	10166,05	10176,96	10115,97	10139,41	LONG	0,00167	5982,76	0,00334	HOLD	99,6434	106,5549
2019-08-18	15:00	10139,43	10160	10095,25	10111,55	LONG	0,00167	5982,76	0,00334	HOLD	99,6434	106,5084
2019-08-18	16:00	10109,85	10220	10106,41	10194,55	LONG	0,00167	5982,76	0,00334	HOLD	99,6434	106,647
2019-08-18	17:00	10194,55	10410	10170,33	10357,95	LONG	0,00167	5982,76	0,00334	HOLD	99,6434	106,9199
2019-08-18	18:00	10357,84	10439,93	10326,57	10394	LONG	0,00167	5982,76	0,00334	HOLD	99,6434	106,9801
2019-08-18	19:00	10392,92	10438	10354,14	10375,15	LONG	0,00167	5982,76	0,00334	HOLD	99,6434	106,9486
2019-08-18	20:00	10376,5	10498	10370,8	10429,84	LONG	0,00167	5982,76	0,00334	HOLD	99,6434	107,0399
2019-08-18	21:00	10429,97	10500	10368,88	10374,9	LONG	0,00167	5982,76	0,00334	HOLD	99,6434	106,9482
2019-08-18	22:00	10372,18	10434,09	10370,87	10386,42	LONG	0,00167	5982,76	0,00334	HOLD	99,6434	106,9674
2019-08-18	23:00	10388,53	10467,47	10386,41	10414,4	LONG	0,00167	5982,76	0,00334	HOLD	99,6434	107,0141
2019-08-19	00:00	10413,41	10438,98	10335	10378,49	LONG	0,00167	5982,76	0,00334	HOLD	99,6434	106,9542
2019-08-19	01:00	10379,57	10400	10359,45	10379,1	LONG	0,00167	5982,76	0,00334	HOLD	99,6434	106,9552
2019-08-19	02:00	10380,57	10415,25	10335	10371	LONG	0,00167	5982,76	0,00334	HOLD	99,6434	106,9417
2019-08-19	03:00	10372,07	10387,73	10307,92	10356,86	LONG	0,00167	5982,76	0,00334	HOLD	99,6434	106,918
2019-08-19	04:00	10355,68	10417,28	10343	10412,94	LONG	0,00167	5982,76	0,00334	HOLD	99,6434	107,0117
2019-08-19	05:00	10412,94	10435	10305	10345,91	LONG	0,00167	5982,76	0,00334	HOLD	99,6434	106,8998
2019-08-19	06:00	10346,15	10360	10285,01	10306,78	LONG	0,00167	5982,76	0,00334	HOLD	99,6434	106,8344
2019-08-19	07:00	10306,17	10328,11	10258,6	10325,45	LONG	0,00167	5982,76	0,00334	HOLD	99,6434	106,8656
2019-08-19	08:00	10325,79	10368,08	10280,01	10337,19	LONG	0,00167	5982,76	0,00334	HOLD	99,6434	106,8852
2019-08-19	09:00	10336,23	10439,99	10334,98	10399,3	LONG	0,00167	5982,76	0,00334	HOLD	99,6434	106,9889
2019-08-19	10:00	10400,12	10419,98	10351	10398,23	LONG	0,00167	5982,76	0,00334	HOLD	99,6434	106,9871
2019-08-19	11:00	10398,23	10421	10356,74	10367,4	LONG	0,00167	5982,76	0,00334	HOLD	99,6434	106,9356
2019-08-19	12:00	10368,13	10399	10350	10366,39	LONG	0,00167	5982,76	0,00334	HOLD	99,6434	106,934
2019-08-19	13:00	10363,87	10467,9	10350,01	10460	LONG	0,00167	5982,76	0,00334	HOLD	99,6434	107,0903
2019-08-19	14:00	10460	10735,99	10448,57	10722,1	LONG	0,00167	5982,76	0,00334	HOLD	99,6434	107,528
2019-08-19	15:00	10724,59	10748,97	10660,75	10678	LONG	0,00167	5982,76	0,00334	HOLD	99,6434	107,4543
2019-08-19	16:00	10678,24	10712,61	10635,62	10646,04	LONG	0,00167	5982,76	0,00334	HOLD	99,6434	107,401
2019-08-19	17:00	10648,16	10710,64	10646,08	10680,03	LONG	0,00167	5982,76	0,00334	HOLD	99,6434	107,4577
2019-08-19	18:00	10680,03	10780	10645	10672,81	LONG	0,00167	5982,76	0,00334	HOLD	99,6434	107,4457
2019-08-19	19:00	10670,77	10694,53	10591,41	10681,53	LONG	0,00167	5982,76	0,00334	HOLD	99,6434	107,4602
2019-08-19	20:00	10681,53	10716,64	10650,21	10709,98	LONG	0,00167	5982,76	0,00334	HOLD	99,6434	107,5078
2019-08-19	21:00	10709,99	10749	10681	10717,46	LONG	0,00167	5982,76	0,00334	HOLD	99,6434	107,5202
2019-08-19	22:00	10717,46	10723,36	10665	10707,8	LONG	0,00167	5982,76	0,00334	HOLD	99,6434	107,5041
2019-08-19	23:00	10706,56	10744	10580	10664,72	LONG	0,00167	5982,76	0,00334	HOLD	99,6434	107,4322
2019-08-20	00:00	10662,03	10710	10660,61	10707	LONG	0,00167	5982,76	0,00334	HOLD	99,6434	107,5028
2019-08-20	01:00	10707,69	10737,73	10688,24	10716,9	LONG	0,00167	5982,76	0,00334	HOLD	99,6434	107,5193
2019-08-20	02:00	10717,69	10825,1	10655	10685,88	LONG	0,00167	5982,76	0,00334	HOLD	99,6434	107,4675
2019-08-20	03:00	10685,59	10704,44	10618,01	10675,09	LONG	0,00167	5982,76	0,00334	HOLD	99,6434	107,4495
2019-08-20	04:00	10677,7	10732	10675,01	10710,37	LONG	0,00167	5982,76	0,00334	HOLD	99,6434	107,5084
2019-08-20	05:00	10710,95	10817,77	10693,8	10770,09	LONG	0,00167	5982,76	0,00334	HOLD	99,6434	107,6081
2019-08-20	06:00	10772,37	10930	10770,09	10915,54	LONG	0,00167	5982,76	0,00334	HOLD	99,6434	107,851
2019-08-20	07:00	10914,73	10949,96	10871	10890,77	LONG	0,00167	5982,76	0,00334	HOLD	99,6434	107,8097
2019-08-20	08:00	10890,83	10923,79	10842,96	10886	LONG	0,00167	5982,76	0,00334	HOLD	99,6434	107,8017
2019-08-20	09:00	10886	10889,92	10842	10875,46	LONG	0,00167	5982,76	0,00334	HOLD	99,6434	107,7841
2019-08-20	10:00	10875,46	10878,06	10766	10788,84	LONG	0,00167	5982,76	0,00334	HOLD	99,6434	107,6394
2019-08-20	11:00	10788,97	10837,77	10768,87	10811,4	LONG	0,00167	5982,76	0,00334	HOLD	99,6434	107,6771
2019-08-20	12:00	10811,4	10816	10751	10761,3	LONG	0,00167	5982,76	0,00334	HOLD	99,6434	107,5935
2019-08-20	13:00	10759,85	10800	10714	10791,88	LONG	0,00167	5982,76	0,00334	HOLD	99,6434	107,6445
2019-08-20	14:00	10791	10824,13	10779	10808,74	LONG	0,00167	5982,76	0,00334	HOLD	99,6434	107,6727
2019-08-20	15:00	10810	10811,56	10635,84	10687,36	LONG	0,00167	5982,76	0,00334	HOLD	99,6434	107,47
2019-08-20	16:00	10687,33	10714,03	10560	10705,63	LONG	0,00167	5982,76	0,00334	HOLD	99,6434	107,5005
2019-08-20	17:00	10704,54	10714,24	10640	10652,57	LONG	0,00167	5982,76	0,00334	HOLD	99,6434	107,4119
2019-08-20	18:00	10649,32	10710	10619,93	10708,82	LONG	0,00167	5982,76	0,00334	HOLD	99,6434	107,5058
2019-08-20	19:00	10708,82	10713,96	10632,11	10644,99	LONG	0,00167	5982,76	0,00334	HOLD	99,6434	107,3992
2019-08-20	20:00	10642,33	10697,98	10640,22	10654	LONG	0,00167	5982,76	0,00334	HOLD	99,6434	107,4143
2019-08-20	21:00	10653,96	10679,97	10580	10612,11	LONG	0,00167	5982,76	0,00334	HOLD	99,6434	107,3443
2019-08-20	22:00	10612,11	10752	10580	10744,54	LONG	0,00167	5982,76	0,00334	HOLD	99,6434	107,5655
2019-08-20	23:00	10744,54	10797,44	10684	10745,95	LONG	0,00167	5982,76	0,00334	HOLD	99,6434	107,5678
2019-08-21	00:00	10745,95	10780,16	10732,55	10762,44	LONG	0,00167	5982,76	0,00334	HOLD	99,6434	107,5954
2019-08-21	01:00	10762,9	10767,87	10711,2	10753,84	LONG	0,00167	5982,76	0,00334	HOLD	99,6434	107,581
2019-08-21	02:00	10754,84	10767	10723,85	10734,1	LONG	0,00167	5982,76	0,00334	HOLD	99,6434	107,548
2019-08-21	03:00	10734	10755,02	10650	10717,45	LONG	0,00167	5982,76	0,00334	HOLD	99,6434	107,5202
2019-08-21	04:00	10717,45	10834,28	10693,13	10793,94	LONG	0,00167	5982,76	0,00334	HOLD	99,6434	107,648
2019-08-21	05:00	10794,02	10840	10749,93	10829,65	LONG	0,00167	5982,76	0,00334	HOLD	99,6434	107,7076
2019-08-21	06:00	10832,61	10842,03	10725	10760,51	LONG	0,00167	5982,76	0,00334	HOLD	99,6434	107,5921
2019-08-21	07:00	10760,51	10804,13	10670,01	10693,14	LONG	0,00167	5982,76	0,00334	HOLD	99,6434	107,4796
2019-08-21	08:00	10692,71	10710,76	10634,39	10686,09	LONG	0,00167	5982,76	0,00334	HOLD	99,6434	107,4679
2019-08-21	09:00	10684,51	10708,28	10560	10603,91	LONG	0,00167	5982,76	0,00334	HOLD	99,6434	107,3306
2019-08-21	10:00	10604,65	10639,99	10225,02	10323,18	LONG	0,00167	5982,76	0,00334	HOLD	99,6434	106,8618
2019-08-21	11:00	10322,05	10330,75	10177,96	10210,51	LONG	0,00167	5982,76	0,00334	HOLD	99,6434	106,6736
2019-08-21	12:00	10209,95	10296,72	10172	10250,8	LONG	0,00167	5982,76	0,00334	HOLD	99,6434	106,7409
2019-08-21	13:00	10251,7	10288	10115	10181,38	LONG	0,00167	5982,76	0,00334	HOLD	99,6434	106,625
2019-08-21	14:00	10181,36	10227,06	10111	10138,99	LONG	0,00167	5982,76	0,00334	HOLD	99,6434	106,5542
2019-08-21	15:00	10138,99	10205	10136,23	10180,28	LONG	0,00167	5982,76	0,00334	HOLD	99,6434	106,6232
2019-08-21	16:00	10181,1	10254,97	10141,56	10216	LONG	0,00167	5982,76	0,00334	HOLD	99,6434	106,6828
2019-08-21	17:00	10215,4	10216	10081	10157,94	LONG	0,00167	5982,76	0,00334	HOLD	99,6434	106,5858
2019-08-21	18:00	10156,41	10187,8	10105,84	10179,01	LONG	0,00167	5982,76	0,00334	HOLD	99,6434	106,621
2019-08-21	19:00	10179,01	10183,79	9921,16	9981,38	LONG	0,00167	5982,76	0,00334	HOLD	99,6434	106,291
2019-08-21	20:00	9980,55	10000	9934,28	9962,28	LONG	0,00167	5982,76	0,00334	HOLD	99,6434	106,2591
2019-08-21	21:00	9962,28	10070,85	9958,81	10014,03	LONG	0,00167	5982,76	0,00334	HOLD	99,6434	106,3455
2019-08-21	22:00	10013,98	10085	9958	9986,77	LONG	0,00167	5982,76	0,00334	HOLD	99,6434	106,3
2019-08-21	23:00	9986,77	10150	9858	10132,91	LONG	0,00167	5982,76	0,00334	HOLD	99,6434	106,544
2019-08-22	00:00	10133,32	10158	10081,75	10111,34	LONG	0,00167	5982,76	0,00334	HOLD	99,6434	106,508
2019-08-22	01:00	10113,02	10144,36	10080	10085,29	LONG	0,00167	5982,76	0,00334	HOLD	99,6434	106,4645
2019-08-22	02:00	10087,29	10129,59	10052,42	10106,28	LONG	0,00167	5982,76	0,00334	HOLD	99,6434	106,4996
2019-08-22	03:00	10107,14	10198,85	10102,9	10151,2	LONG	0,00167	5982,76	0,00334	HOLD	99,6434	106,5746
2019-08-22	04:00	10151,2	10185,99	10050,1	10052,48	LONG	0,00167	5982,76	0,00334	HOLD	99,6434	106,4097
2019-08-22	05:00	10051,49	10105,2	10040	10072,45	LONG	0,00167	5982,76	0,00334	HOLD	99,6434	106,4431
2019-08-22	06:00	10074,48	10147,05	9980	10142,57	LONG	0,00167	5982,76	0,00334	HOLD	99,6434	106,5602
2019-08-22	07:00	10140,82	10163,56	10038,52	10074,2	LONG	0,00167	5982,76	0,00334	HOLD	99,6434	106,446
2019-08-22	08:00	10076,01	10089,01	9785	9816,42	LONG	0,00167	5982,76	0,00334	HOLD	99,6434	106,0155
2019-08-22	09:00	9819,03	9956,62	9762	9924,76	LONG	0,00167	5982,76	0,00334	HOLD	99,6434	106,1964
2019-08-22	10:00	9927	9943,99	9870	9872,48	LONG	0,00167	5982,76	0,00334	HOLD	99,6434	106,1091
2019-08-22	11:00	9872,72	10033,73	9860	9974,36	LONG	0,00167	5982,76	0,00334	HOLD	99,6434	106,2793
2019-08-22	12:00	9972,72	10030	9931,26	9972,53	LONG	0,00167	5982,76	0,00334	HOLD	99,6434	106,2762
2019-08-22	13:00	9972,55	10045	9881,46	9991,79	LONG	0,00167	5982,76	0,00334	HOLD	99,6434	106,3084
2019-08-22	14:00	9990,49	10010,5	9960	9973,83	LONG	0,00167	5982,76	0,00334	HOLD	99,6434	106,2784
2019-08-22	15:00	9972,33	9983	9902	9922,23	LONG	0,00167	5982,76	0,00334	HOLD	99,6434	106,1922
2019-08-22	16:00	9922,08	9994	9900	9986,81	LONG	0,00167	5982,76	0,00334	HOLD	99,6434	106,3001
2019-08-22	17:00	9986,24	10070	9979,04	10021,9	LONG	0,00167	5982,76	0,00334	HOLD	99,6434	106,3587
2019-08-22	18:00	10020,64	10024,42	9880,01	9966,53	LONG	0,00167	5982,76	0,00334	HOLD	99,6434	106,2662
2019-08-22	19:00	9966,68	10070	9950	10043,08	LONG	0,00167	5982,76	0,00334	HOLD	99,6434	106,394
2019-08-22	20:00	10043,1	10145	10042,48	10117,78	LONG	0,00167	5982,76	0,00334	HOLD	99,6434	106,5188
2019-08-22	21:00	10115,92	10125	10053	10097,93	LONG	0,00167	5982,76	0,00334	HOLD	99,6434	106,4856
2019-08-22	22:00	10097,93	10183,69	10082	10112,65	LONG	0,00167	5982,76	0,00334	HOLD	99,6434	106,5102
2019-08-22	23:00	10112,64	10143	10060	10114,12	LONG	0,00167	5982,76	0,00334	HOLD	99,6434	106,5127
2019-08-23	00:00	10116	10184,98	10101	10154,94	LONG	0,00167	5982,76	0,00334	HOLD	99,6434	106,5808
2019-08-23	01:00	10153,93	10242	10150	10191,52	LONG	0,00167	5982,76	0,00334	HOLD	99,6434	106,6419
2019-08-23	02:00	10191,48	10219,41	10132,14	10161,22	LONG	0,00167	5982,76	0,00334	HOLD	99,6434	106,5913
2019-08-23	03:00	10164,91	10210	10153,71	10169,99	LONG	0,00167	5982,76	0,00334	HOLD	99,6434	106,606
2019-08-23	04:00	10166,42	10179,38	10089,28	10129,11	LONG	0,00167	5982,76	0,00334	HOLD	99,6434	106,5377
2019-08-23	05:00	10129,47	10189,99	10128,76	10158,54	LONG	0,00167	5982,76	0,00334	HOLD	99,6434	106,5868
2019-08-23	06:00	10158,86	10169,25	10090,88	10099,88	LONG	0,00167	5982,76	0,00334	HOLD	99,6434	106,4889
2019-08-23	07:00	10099,9	10135,55	10019,79	10108,59	LONG	0,00167	5982,76	0,00334	HOLD	99,6434	106,5034
2019-08-23	08:00	10108,97	10119,81	10056,34	10084,2	LONG	0,00167	5982,76	0,00334	HOLD	99,6434	106,4627
2019-08-23	09:00	10086,98	10117,4	10052	10090,07	LONG	0,00167	5982,76	0,00334	HOLD	99,6434	106,4725
2019-08-23	10:00	10091,87	10156,94	10078,27	10134,81	LONG	0,00167	5982,76	0,00334	HOLD	99,6434	106,5472
2019-08-23	11:00	10139,33	10196,25	10130,13	10166,11	LONG	0,00167	5982,76	0,00334	HOLD	99,6434	106,5995
2019-08-23	12:00	10166,92	10170,24	10111	10133,93	LONG	0,00167	5982,76	0,00334	HOLD	99,6434	106,5457
2019-08-23	13:00	10134,17	10228,9	10089	10215,74	LONG	0,00167	5982,76	0,00334	HOLD	99,6434	106,6824
2019-08-23	14:00	10217	10232	10155	10206,15	LONG	0,00167	5982,76	0,00334	HOLD	99,6434	106,6664
2019-08-23	15:00	10206,15	10208,83	10150,15	10152,5	LONG	0,00167	5982,76	0,00334	HOLD	99,6434	106,5768
2019-08-23	16:00	10152,06	10174	10108,44	10118,97	LONG	0,00167	5982,76	0,00334	HOLD	99,6434	106,5208
2019-08-23	17:00	10118,94	10140	10060	10117,03	LONG	0,00167	5982,76	0,00334	HOLD	99,6434	106,5175
2019-08-23	18:00	10115,09	10144,17	10071,26	10116,96	LONG	0,00167	5982,76	0,00334	HOLD	99,6434	106,5174
2019-08-23	19:00	10115,9	10204,74	10093,04	10196,75	LONG	0,00167	5982,76	0,00334	HOLD	99,6434	106,6507
2019-08-23	20:00	10199,98	10413,31	10154,73	10348,68	LONG	0,00167	5982,76	0,00334	HOLD	99,6434	106,9044
2019-08-23	21:00	10348,74	10430,19	10348,7	10392,54	LONG	0,00167	5982,76	0,00334	HOLD	99,6434	106,9776
2019-08-23	22:00	10395,1	10445	10370,34	10397,55	LONG	0,00167	5982,76	0,00334	HOLD	99,6434	106,986
2019-08-23	23:00	10397,71	10420	10370	10386,06	LONG	0,00167	5982,76	0,00334	HOLD	99,6434	106,9668
2019-08-24	00:00	10386,04	10411,21	10376,07	10390,53	LONG	0,00167	5982,76	0,00334	HOLD	99,6434	106,9743
2019-08-24	01:00	10391	10408,17	10375,87	10400,62	LONG	0,00167	5982,76	0,00334	HOLD	99,6434	106,9911
2019-08-24	02:00	10400	10444,32	10365,01	10403,81	LONG	0,00167	5982,76	0,00334	HOLD	99,6434	106,9964
2019-08-24	03:00	10402,01	10414,93	10265,29	10333,23	LONG	0,00167	5982,76	0,00334	HOLD	99,6434	106,8786
2019-08-24	04:00	10333,24	10430	10325	10394,9	LONG	0,00167	5982,76	0,00334	HOLD	99,6434	106,9816
2019-08-24	05:00	10393,77	10437,14	10342,35	10367,23	LONG	0,00167	5982,76	0,00334	HOLD	99,6434	106,9354
2019-08-24	06:00	10367,25	10405,23	10351	10389,55	LONG	0,00167	5982,76	0,00334	HOLD	99,6434	106,9726
2019-08-24	07:00	10388,16	10419,42	10353,53	10390,92	LONG	0,00167	5982,76	0,00334	HOLD	99,6434	106,9749
2019-08-24	08:00	10390,9	10394,99	10357,42	10372,53	LONG	0,00167	5982,76	0,00334	HOLD	99,6434	106,9442
2019-08-24	09:00	10374	10375,31	10315,99	10329,85	LONG	0,00167	5982,76	0,00334	HOLD	99,6434	106,8729
2019-08-24	10:00	10330,74	10349,02	10275,12	10346,8	LONG	0,00167	5982,76	0,00334	HOLD	99,6434	106,9012
2019-08-24	11:00	10346,28	10363,84	10306,02	10322,03	LONG	0,00167	5982,76	0,00334	HOLD	99,6434	106,8599
2019-08-24	12:00	10321,05	10358,48	10310,01	10329,34	LONG	0,00167	5982,76	0,00334	HOLD	99,6434	106,8721
2019-08-24	13:00	10330	10343,48	10302,42	10302,67	LONG	0,00167	5982,76	0,00334	HOLD	99,6434	106,8275
2019-08-24	14:00	10304,89	10309,82	10236,28	10294,85	LONG	0,00167	5982,76	0,00334	HOLD	99,6434	106,8145
2019-08-24	15:00	10294,85	10294,85	10072,29	10100	LONG	0,00167	5982,76	0,00334	HOLD	99,6434	106,4891
2019-08-24	16:00	10100	10132,4	9890	9980,63	LONG	0,00167	5982,76	0,00334	HOLD	99,6434	106,2897
2019-08-24	17:00	9982,25	10010	9950	9982,23	LONG	0,00167	5982,76	0,00334	HOLD	99,6434	106,2924
2019-08-24	18:00	9982,34	10037,83	9969,68	10007,79	LONG	0,00167	5982,76	0,00334	HOLD	99,6434	106,3351
2019-08-24	19:00	10007,09	10007,79	9933	9982,08	LONG	0,00167	5982,76	0,00334	HOLD	99,6434	106,2922
2019-08-24	20:00	9983	10023,95	9955,77	9993,86	LONG	0,00167	5982,76	0,00334	HOLD	99,6434	106,3118
2019-08-24	21:00	9998,33	10010,32	9965,14	9986,09	LONG	0,00167	5982,76	0,00334	HOLD	99,6434	106,2989
2019-08-24	22:00	9987,92	10002,38	9949,56	9993,17	LONG	0,00167	5982,76	0,00334	HOLD	99,6434	106,3107
2019-08-24	23:00	9992,7	10093,98	9948,08	10054,16	LONG	0,00167	5982,76	0,00334	HOLD	99,6434	106,4125
2019-08-25	00:00	10054,16	10078,43	10018,8	10032,12	LONG	0,00167	5982,76	0,00334	HOLD	99,6434	106,3757
2019-08-25	01:00	10032,12	10090	10030,32	10063,56	LONG	0,00167	5982,76	0,00334	HOLD	99,6434	106,4282
2019-08-25	02:00	10060,5	10125,6	10055,98	10101,93	LONG	0,00167	5982,76	0,00334	HOLD	99,6434	106,4923
2019-08-25	03:00	10101,95	10167,97	10087,41	10100,65	LONG	0,00167	5982,76	0,00334	HOLD	99,6434	106,4902
2019-08-25	04:00	10100,7	10103,22	10052	10061,04	LONG	0,00167	5982,76	0,00334	HOLD	99,6434	106,424
2019-08-25	05:00	10063,78	10194,73	9969,38	10169,73	LONG	0,00167	5982,76	0,00334	HOLD	99,6434	106,6055
2019-08-25	06:00	10169,73	10190,16	10103,93	10134,35	LONG	0,00167	5982,76	0,00334	HOLD	99,6434	106,5464
2019-08-25	07:00	10134,61	10168,26	10109,13	10123,09	LONG	0,00167	5982,76	0,00334	HOLD	99,6434	106,5276
2019-08-25	08:00	10124,88	10145,42	10020,02	10081,87	LONG	0,00167	5982,76	0,00334	HOLD	99,6434	106,4588
2019-08-25	09:00	10086,1	10159,8	10046,54	10106,39	LONG	0,00167	5982,76	0,00334	HOLD	99,6434	106,4998
2019-08-25	10:00	10107,48	10125,19	10071	10120,47	LONG	0,00167	5982,76	0,00334	HOLD	99,6434	106,5233
2019-08-25	11:00	10120,51	10132,1	10010,11	10017,55	LONG	0,00167	5982,76	0,00334	HOLD	99,6434	106,3514
2019-08-25	12:00	10014,76	10089,94	10014,38	10057,71	LONG	0,00167	5982,76	0,00334	HOLD	99,6434	106,4185
2019-08-25	13:00	10057,71	10081	10020	10068,58	LONG	0,00167	5982,76	0,00334	HOLD	99,6434	106,4366
2019-08-25	14:00	10068,59	10135,72	10049,26	10103,98	LONG	0,00167	5982,76	0,00334	HOLD	99,6434	106,4957
2019-08-25	15:00	10104	10113,1	10041,8	10077,04	LONG	0,00167	5982,76	0,00334	HOLD	99,6434	106,4507
2019-08-25	16:00	10082,03	10144,3	10055,67	10140,44	LONG	0,00167	5982,76	0,00334	HOLD	99,6434	106,5566
2019-08-25	17:00	10140,51	10163,99	10100,28	10125,5	LONG	0,00167	5982,76	0,00334	HOLD	99,6434	106,5317
2019-08-25	18:00	10125,48	10139,02	10084,01	10117,62	LONG	0,00167	5982,76	0,00334	HOLD	99,6434	106,5185
2019-08-25	19:00	10115	10333	10090	10295,98	LONG	0,00167	5982,76	0,00334	HOLD	99,6434	106,8164
2019-08-25	20:00	10297,2	10300	10205	10237,61	LONG	0,00167	5982,76	0,00334	HOLD	99,6434	106,7189
2019-08-25	21:00	10239,14	10240,08	9966	10048,96	LONG	0,00167	5982,76	0,00334	HOLD	99,6434	106,4038
2019-08-25	22:00	10048,96	10099	10043,28	10066,87	LONG	0,00167	5982,76	0,00334	HOLD	99,6434	106,4338
2019-08-25	23:00	10066,86	10141,88	10032,92	10058,16	LONG	0,00167	5982,76	0,00334	HOLD	99,6434	106,4192
2019-08-26	00:00	10058,16	10093,75	10044,13	10074,4	LONG	0,00167	5982,76	0,00334	HOLD	99,6434	106,4463
2019-08-26	01:00	10074,38	10090,39	10055,02	10078,85	LONG	0,00167	5982,76	0,00334	HOLD	99,6434	106,4538
2019-08-26	02:00	10079,51	10138,97	9971,18	10061,23	LONG	0,00167	5982,76	0,00334	HOLD	99,6434	106,4243
2019-08-26	03:00	10061,23	10073,37	9999	10001,46	LONG	0,00167	5982,76	0,00334	HOLD	99,6434	106,3245
2019-08-26	04:00	10001,46	10088,49	9906,97	9997,16	LONG	0,00167	5982,76	0,00334	HOLD	99,6434	106,3173
2019-08-26	05:00	9997,22	10089	9964,11	10062,19	LONG	0,00167	5982,76	0,00334	HOLD	99,6434	106,4259
2019-08-26	06:00	10062,19	10179	10057,68	10142,69	LONG	0,00167	5982,76	0,00334	HOLD	99,6434	106,5604
2019-08-26	07:00	10142,69	10604	10137,93	10491,27	LONG	0,00167	5982,76	0,00334	HOLD	99,6434	107,1425
2019-08-26	08:00	10489,01	10527,98	10381,84	10419,98	LONG	0,00167	5982,76	0,00334	HOLD	99,6434	107,0235
2019-08-26	09:00	10420	10461,85	10360	10380,27	LONG	0,00167	5982,76	0,00334	HOLD	99,6434	106,9571
2019-08-26	10:00	10378,67	10429,17	10211	10276,8	LONG	0,00167	5982,76	0,00334	HOLD	99,6434	106,7843
2019-08-26	11:00	10276,82	10379,29	10273,37	10339,28	LONG	0,00167	5982,76	0,00334	HOLD	99,6434	106,8887
2019-08-26	12:00	10339,35	10366,13	10255,13	10361,8	LONG	0,00167	5982,76	0,00334	HOLD	99,6434	106,9263
2019-08-26	13:00	10362,92	10388	10325,01	10373,51	LONG	0,00167	5982,76	0,00334	HOLD	99,6434	106,9458
2019-08-26	14:00	10372,82	10416	10313,01	10339,89	LONG	0,00167	5982,76	0,00334	HOLD	99,6434	106,8897
2019-08-26	15:00	10339,63	10375,01	10286	10339,72	LONG	0,00167	5982,76	0,00334	HOLD	99,6434	106,8894
2019-08-26	16:00	10339,59	10395	10318,07	10369,15	LONG	0,00167	5982,76	0,00334	HOLD	99,6434	106,9386
2019-08-26	17:00	10369,75	10448,47	10322,17	10352,26	LONG	0,00167	5982,76	0,00334	HOLD	99,6434	106,9104
2019-08-26	18:00	10355,61	10399,98	10345	10389,59	LONG	0,00167	5982,76	0,00334	HOLD	99,6434	106,9727
2019-08-26	19:00	10389,59	10414,94	10357,15	10365,32	LONG	0,00167	5982,76	0,00334	HOLD	99,6434	106,9322
2019-08-26	20:00	10365,98	10387,63	10286,12	10360,76	LONG	0,00167	5982,76	0,00334	HOLD	99,6434	106,9246
2019-08-26	21:00	10359,48	10373,52	10303,75	10326,42	LONG	0,00167	5982,76	0,00334	HOLD	99,6434	106,8672
2019-08-26	22:00	10329,73	10380	10322,52	10333,46	LONG	0,00167	5982,76	0,00334	HOLD	99,6434	106,879
2019-08-26	23:00	10338,2	10399,82	10230	10342,74	LONG	0,00167	5982,76	0,00334	HOLD	99,6434	106,8945
2019-08-27	00:00	10341,17	10355,55	10300,83	10327,51	LONG	0,00167	5982,76	0,00334	HOLD	99,6434	106,869
2019-08-27	01:00	10327,51	10329,85	10291,19	10305,55	LONG	0,00167	5982,76	0,00334	HOLD	99,6434	106,8324
2019-08-27	02:00	10305,4	10344,82	10301,46	10325	LONG	0,00167	5982,76	0,00334	HOLD	99,6434	106,8648
2019-08-27	03:00	10325	10345	10200	10286,03	LONG	0,00167	5982,76	0,00334	HOLD	99,6434	106,7998
2019-08-27	04:00	10285,51	10300	10211	10288,55	LONG	0,00167	5982,76	0,00334	HOLD	99,6434	106,804
2019-08-27	05:00	10288,55	10357,89	10288,29	10338,02	LONG	0,00167	5982,76	0,00334	HOLD	99,6434	106,8866
2019-08-27	06:00	10339,02	10412	10333,04	10372,25	LONG	0,00167	5982,76	0,00334	HOLD	99,6434	106,9437
2019-08-27	07:00	10373,6	10391,08	10319,06	10348,84	LONG	0,00167	5982,76	0,00334	HOLD	99,6434	106,9046
2019-08-27	08:00	10348,84	10377,58	10293,7	10305,41	LONG	0,00167	5982,76	0,00334	HOLD	99,6434	106,8321
2019-08-27	09:00	10305,41	10319,83	10200	10240	LONG	0,00167	5982,76	0,00334	HOLD	99,6434	106,7229
2019-08-27	10:00	10238,64	10243,42	10112	10200	LONG	0,00167	5982,76	0,00334	HOLD	99,6434	106,6561
2019-08-27	11:00	10200	10200	10159,51	10174,15	LONG	0,00167	5982,76	0,00334	HOLD	99,6434	106,6129
2019-08-27	12:00	10174,92	10255,96	10172,3	10235,54	LONG	0,00167	5982,76	0,00334	HOLD	99,6434	106,7154
2019-08-27	13:00	10235,56	10237,08	10200	10204,26	LONG	0,00167	5982,76	0,00334	HOLD	99,6434	106,6632
2019-08-27	14:00	10203,94	10219,39	10127	10180,65	LONG	0,00167	5982,76	0,00334	HOLD	99,6434	106,6238
2019-08-27	15:00	10180,65	10215,98	10146	10191,92	LONG	0,00167	5982,76	0,00334	HOLD	99,6434	106,6426
2019-08-27	16:00	10191,92	10194,41	10122	10161	LONG	0,00167	5982,76	0,00334	HOLD	99,6434	106,591
2019-08-27	17:00	10159,66	10183,65	10102	10150	LONG	0,00167	5982,76	0,00334	HOLD	99,6434	106,5726
2019-08-27	18:00	10149,6	10177	10101	10130,63	LONG	0,00167	5982,76	0,00334	HOLD	99,6434	106,5402
2019-08-27	19:00	10130,63	10133	10051,08	10129,37	LONG	0,00167	5982,76	0,00334	HOLD	99,6434	106,5381
2019-08-27	20:00	10129,43	10209,7	10129,43	10181,6	LONG	0,00167	5982,76	0,00334	HOLD	99,6434	106,6254
2019-08-27	21:00	10184,62	10205,47	10150	10165,46	LONG	0,00167	5982,76	0,00334	HOLD	99,6434	106,5984
2019-08-27	22:00	10166,67	10194,26	10111,05	10188,06	LONG	0,00167	5982,76	0,00334	HOLD	99,6434	106,6361
2019-08-27	23:00	10190,73	10244	10106,33	10191,62	LONG	0,00167	5982,76	0,00334	HOLD	99,6434	106,6421
2019-08-28	00:00	10191,72	10196,46	10153,79	10188,24	LONG	0,00167	5982,76	0,00334	HOLD	99,6434	106,6364
2019-08-28	01:00	10186,42	10220	10172,11	10181,68	LONG	0,00167	5982,76	0,00334	HOLD	99,6434	106,6255
2019-08-28	02:00	10184,6	10190,03	10135	10164,01	LONG	0,00167	5982,76	0,00334	HOLD	99,6434	106,596
2019-08-28	03:00	10163,99	10187,88	10140,13	10157,7	LONG	0,00167	5982,76	0,00334	HOLD	99,6434	106,5854
2019-08-28	04:00	10157,72	10167	10120	10148,86	LONG	0,00167	5982,76	0,00334	HOLD	99,6434	106,5707
2019-08-28	05:00	10146,37	10170	10117,46	10141,23	LONG	0,00167	5982,76	0,00334	HOLD	99,6434	106,5579
2019-08-28	06:00	10142,9	10211,98	10138,78	10185,05	LONG	0,00167	5982,76	0,00334	HOLD	99,6434	106,6311
2019-08-28	07:00	10185,69	10189,27	10129	10144,88	LONG	0,00167	5982,76	0,00334	HOLD	99,6434	106,564
2019-08-28	08:00	10148,23	10160	10101	10102,8	LONG	0,00167	5982,76	0,00334	HOLD	99,6434	106,4938
2019-08-28	09:00	10102,8	10139,57	10091	10121,69	LONG	0,00167	5982,76	0,00334	HOLD	99,6434	106,5253
2019-08-28	10:00	10121,69	10135,4	10078,57	10095,57	LONG	0,00167	5982,76	0,00334	HOLD	99,6434	106,4817
2019-08-28	11:00	10094,09	10123,2	10088	10088,32	LONG	0,00167	5982,76	0,00334	HOLD	99,6434	106,4696
2019-08-28	12:00	10088,07	10167	10060	10132,91	LONG	0,00167	5982,76	0,00334	HOLD	99,6434	106,544
2019-08-28	13:00	10132,51	10219,47	10120	10187,17	LONG	0,00167	5982,76	0,00334	HOLD	99,6434	106,6347
2019-08-28	14:00	10187,43	10195,29	10140	10157,65	LONG	0,00167	5982,76	0,00334	HOLD	99,6434	106,5854
2019-08-28	15:00	10157,48	10164,78	10116,34	10126,17	LONG	0,00167	5982,76	0,00334	HOLD	99,6434	106,5328
2019-08-28	16:00	10126,09	10160	10105,01	10150	LONG	0,00167	5982,76	0,00334	HOLD	99,6434	106,5726
2019-08-28	17:00	10149,98	10150	10111,35	10142	LONG	0,00167	5982,76	0,00334	HOLD	99,6434	106,5592
2019-08-28	18:00	10142,52	10165,99	10118	10147,74	LONG	0,00167	5982,76	0,00334	HOLD	99,6434	106,5688
2019-08-28	19:00	10146,42	10205	10142,92	10158,01	LONG	0,00167	5982,76	0,00334	HOLD	99,6434	106,586
2019-08-28	20:00	10158,02	10299	10153,2	10169,03	LONG	0,00167	5982,76	0,00334	HOLD	99,6434	106,6044
2019-08-28	21:00	10169,03	10233,7	10158	10203,1	LONG	0,00167	5982,76	0,00334	HOLD	99,6434	106,6613
2019-08-28	22:00	10204,98	10269,78	10194,56	10239,73	LONG	0,00167	5982,76	0,00334	HOLD	99,6434	106,7224
2019-08-28	23:00	10239,73	10265	10211	10229,99	LONG	0,00167	5982,76	0,00334	HOLD	99,6434	106,7062
2019-08-29	00:00	10229,99	10274	10180	10199,36	LONG	0,00167	5982,76	0,00334	HOLD	99,6434	106,655
2019-08-29	01:00	10199,36	10200,73	9601,01	9720,69	LONG	0,00167	5982,76	0,00334	HOLD	99,6434	105,8556
2019-08-29	02:00	9718,53	9762	9633	9683,94	LONG	0,00167	5982,76	0,00334	HOLD	99,6434	105,7943
2019-08-29	03:00	9685,23	9718,11	9647,15	9675,71	LONG	0,00167	5982,76	0,00334	HOLD	99,6434	105,7805
2019-08-29	04:00	9675,71	9753,99	9650	9726,71	LONG	0,00167	5982,76	0,00334	HOLD	99,6434	105,8657
2019-08-29	05:00	9726,68	9746,44	9688	9746,27	LONG	0,00167	5982,76	0,00334	HOLD	99,6434	105,8984
2019-08-29	06:00	9746,22	9766,07	9704,97	9721	LONG	0,00167	5982,76	0,00334	HOLD	99,6434	105,8562
2019-08-29	07:00	9721	9724	9637,85	9692,19	LONG	0,00167	5982,76	0,00334	HOLD	99,6434	105,808
2019-08-29	08:00	9690,7	9715	9670,93	9689,52	LONG	0,00167	5982,76	0,00334	HOLD	99,6434	105,8036
2019-08-29	09:00	9689,98	9708,1	9640,56	9672,78	LONG	0,00167	5982,76	0,00334	HOLD	99,6434	105,7756
2019-08-29	10:00	9674,5	9675,98	9528,88	9589,98	LONG	0,00167	5982,76	0,00334	HOLD	99,6434	105,6374
2019-08-29	11:00	9589,98	9634,76	9567	9616,71	LONG	0,00167	5982,76	0,00334	HOLD	99,6434	105,682
2019-08-29	12:00	9614,5	9646,38	9586	9593,83	LONG	0,00167	5982,76	0,00334	HOLD	99,6434	105,6438
2019-08-29	13:00	9598,13	9598,13	9500	9551,08	LONG	0,00167	5982,76	0,00334	HOLD	99,6434	105,5724
2019-08-29	14:00	9550,65	9565,62	9320	9396,5	LONG	0,00167	5982,76	0,00334	HOLD	99,6434	105,3142
2019-08-29	15:00	9396,5	9458,98	9394,05	9414,29	LONG	0,00167	5982,76	0,00334	HOLD	99,6434	105,3439
2019-08-29	16:00	9414,29	9498,98	9408,46	9480,87	LONG	0,00167	5982,76	0,00334	HOLD	99,6434	105,4551
2019-08-29	17:00	9483,18	9484,98	9442,08	9463,12	LONG	0,00167	5982,76	0,00334	HOLD	99,6434	105,4255
2019-08-29	18:00	9464,32	9498	9441,12	9467,76	LONG	0,00167	5982,76	0,00334	HOLD	99,6434	105,4332
2019-08-29	19:00	9466,45	9484,65	9376,99	9460,35	LONG	0,00167	5982,76	0,00334	HOLD	99,6434	105,4209
2019-08-29	20:00	9461,48	9498	9444,63	9455,28	LONG	0,00167	5982,76	0,00334	HOLD	99,6434	105,4124
2019-08-29	21:00	9457,16	9458,91	9378,24	9407,81	LONG	0,00167	5982,76	0,00334	HOLD	99,6434	105,3331
2019-08-29	22:00	9410,21	9617,9	9401,46	9507,01	LONG	0,00167	5982,76	0,00334	HOLD	99,6434	105,4988
2019-08-29	23:00	9506,64	9531,06	9463,01	9473,17	LONG	0,00167	5982,76	0,00334	HOLD	99,6434	105,4423
2019-08-30	00:00	9474,43	9550	9471,5	9523,48	LONG	0,00167	5982,76	0,00334	HOLD	99,6434	105,5263
2019-08-30	01:00	9523,48	9569,61	9481,06	9483,55	LONG	0,00167	5982,76	0,00334	HOLD	99,6434	105,4596
2019-08-30	02:00	9482,45	9512	9432,45	9509,04	LONG	0,00167	5982,76	0,00334	HOLD	99,6434	105,5022
2019-08-30	03:00	9509,99	9528,56	9482,5	9525	LONG	0,00167	5982,76	0,00334	HOLD	99,6434	105,5288
2019-08-30	04:00	9526,26	9537,46	9485	9510,67	LONG	0,00167	5982,76	0,00334	HOLD	99,6434	105,5049
2019-08-30	05:00	9510,58	9514,95	9472,3	9478,51	LONG	0,00167	5982,76	0,00334	HOLD	99,6434	105,4512
2019-08-30	06:00	9480,78	9516,86	9447,11	9498,44	LONG	0,00167	5982,76	0,00334	HOLD	99,6434	105,4845
2019-08-30	07:00	9499,01	9540	9420,23	9447,89	LONG	0,00167	5982,76	0,00334	HOLD	99,6434	105,4001
2019-08-30	08:00	9446,34	9457,61	9350,41	9446,97	LONG	0,00167	5982,76	0,00334	HOLD	99,6434	105,3985
2019-08-30	09:00	9448,78	9474,54	9420	9428,94	LONG	0,00167	5982,76	0,00334	HOLD	99,6434	105,3684
2019-08-30	10:00	9429,98	9486,9	9420	9468,47	LONG	0,00167	5982,76	0,00334	HOLD	99,6434	105,4344
2019-08-30	11:00	9468,5	9507,22	9440,75	9504,95	LONG	0,00167	5982,76	0,00334	HOLD	99,6434	105,4954
2019-08-30	12:00	9507,04	9525	9477,8	9518,2	LONG	0,00167	5982,76	0,00334	HOLD	99,6434	105,5175
2019-08-30	13:00	9518,2	9554	9481,03	9495,23	LONG	0,00167	5982,76	0,00334	HOLD	99,6434	105,4791
2019-08-30	14:00	9493,98	9520	9468,03	9470	LONG	0,00167	5982,76	0,00334	HOLD	99,6434	105,437
2019-08-30	15:00	9470,62	9577,01	9470	9530,21	LONG	0,00167	5982,76	0,00334	HOLD	99,6434	105,5375
2019-08-30	16:00	9530,19	9590,52	9511,78	9575,21	LONG	0,00167	5982,76	0,00334	HOLD	99,6434	105,6127
2019-08-30	17:00	9575,21	9630	9556,75	9575,12	LONG	0,00167	5982,76	0,00334	HOLD	99,6434	105,6125
2019-08-30	18:00	9577,49	9595,22	9540	9574,75	LONG	0,00167	5982,76	0,00334	HOLD	99,6434	105,6119
2019-08-30	19:00	9572,26	9598,32	9551	9580,6	LONG	0,00167	5982,76	0,00334	HOLD	99,6434	105,6217
2019-08-30	20:00	9584,44	9620	9568,72	9604,9	LONG	0,00167	5982,76	0,00334	HOLD	99,6434	105,6623
2019-08-30	21:00	9606,19	9606,26	9562	9580,99	LONG	0,00167	5982,76	0,00334	HOLD	99,6434	105,6223
2019-08-30	22:00	9581,82	9609,93	9548	9588,33	LONG	0,00167	5982,76	0,00334	HOLD	99,6434	105,6346
2019-08-30	23:00	9589,1	9604,03	9532	9569,78	LONG	0,00167	5982,76	0,00334	HOLD	99,6434	105,6036
2019-08-31	00:00	9567,9	9575,98	9522,76	9522,78	LONG	0,00167	5982,76	0,00334	HOLD	99,6434	105,5251
2019-08-31	01:00	9523,45	9547,99	9486,55	9509,75	LONG	0,00167	5982,76	0,00334	HOLD	99,6434	105,5034
2019-08-31	02:00	9509,75	9592	9450,35	9571,66	LONG	0,00167	5982,76	0,00334	HOLD	99,6434	105,6068
2019-08-31	03:00	9572,13	9696	9572,13	9621,4	LONG	0,00167	5982,76	0,00334	HOLD	99,6434	105,6898
2019-08-31	04:00	9621,4	9625	9578,17	9584,25	LONG	0,00167	5982,76	0,00334	HOLD	99,6434	105,6278
2019-08-31	05:00	9584,96	9612,59	9567,09	9594,57	LONG	0,00167	5982,76	0,00334	HOLD	99,6434	105,645
2019-08-31	06:00	9594,57	9638	9555	9584,54	LONG	0,00167	5982,76	0,00334	HOLD	99,6434	105,6283
2019-08-31	07:00	9582,76	9614,29	9566,42	9597,43	LONG	0,00167	5982,76	0,00334	HOLD	99,6434	105,6498
2019-08-31	08:00	9597,53	9652	9590,6	9626,08	LONG	0,00167	5982,76	0,00334	HOLD	99,6434	105,6976
2019-08-31	09:00	9625,05	9655,77	9610	9621,02	LONG	0,00167	5982,76	0,00334	HOLD	99,6434	105,6892
2019-08-31	10:00	9620,97	9639,54	9601,65	9611,26	LONG	0,00167	5982,76	0,00334	HOLD	99,6434	105,6729
2019-08-31	11:00	9611,02	9624,21	9585,01	9614,04	LONG	0,00167	5982,76	0,00334	HOLD	99,6434	105,6775
2019-08-31	12:00	9612,88	9625	9594,03	9616,59	LONG	0,00167	5982,76	0,00334	HOLD	99,6434	105,6818
2019-08-31	13:00	9616,62	9618,58	9580,32	9589,84	LONG	0,00167	5982,76	0,00334	HOLD	99,6434	105,6371
2019-08-31	14:00	9588,03	9615	9576,71	9591,58	LONG	0,00167	5982,76	0,00334	HOLD	99,6434	105,64
2019-08-31	15:00	9588,25	9591,6	9541	9556	LONG	0,00167	5982,76	0,00334	HOLD	99,6434	105,5806
2019-08-31	16:00	9557	9583,23	9520,58	9568,84	LONG	0,00167	5982,76	0,00334	HOLD	99,6434	105,602
2019-08-31	17:00	9568,84	9588,67	9554,04	9571,13	LONG	0,00167	5982,76	0,00334	HOLD	99,6434	105,6059
2019-08-31	18:00	9571,48	9575	9535,43	9553,85	LONG	0,00167	5982,76	0,00334	HOLD	99,6434	105,577
2019-08-31	19:00	9553,22	9604,06	9545,61	9591,3	LONG	0,00167	5982,76	0,00334	HOLD	99,6434	105,6396
2019-08-31	20:00	9592,57	9610	9570,03	9591,46	LONG	0,00167	5982,76	0,00334	HOLD	99,6434	105,6398
2019-08-31	21:00	9592,84	9593,05	9555,23	9570,38	LONG	0,00167	5982,76	0,00334	HOLD	99,6434	105,6046
2019-08-31	22:00	9573,06	9596,77	9561,8	9595	LONG	0,00167	5982,76	0,00334	HOLD	99,6434	105,6457
2019-08-31	23:00	9594,96	9603	9564,36	9597,13	LONG	0,00167	5982,76	0,00334	HOLD	99,6434	105,6493
2019-09-01	00:00	9597,13	9627,07	9580,56	9597,67	LONG	0,00167	5982,76	0,00334	HOLD	99,6434	105,6502
2019-09-01	01:00	9596,9	9604,15	9556	9569,08	LONG	0,00167	5982,76	0,00334	HOLD	99,6434	105,6024
2019-09-01	02:00	9571,72	9588,99	9556,8	9569,34	LONG	0,00167	5982,76	0,00334	HOLD	99,6434	105,6029
2019-09-01	03:00	9568,53	9570,01	9420,75	9493,87	LONG	0,00167	5982,76	0,00334	HOLD	99,6434	105,4768
2019-09-01	04:00	9497,09	9656,66	9468,63	9654,81	LONG	0,00167	5982,76	0,00334	HOLD	99,6434	105,7456
2019-09-01	05:00	9655,6	9684,51	9599,96	9611,62	LONG	0,00167	5982,76	0,00334	HOLD	99,6434	105,6735
2019-09-01	06:00	9614,82	9622,48	9576	9587,47	LONG	0,00167	5982,76	0,00334	HOLD	99,6434	105,6332
2019-09-01	07:00	9588,74	9630	9579,34	9617,06	LONG	0,00167	5982,76	0,00334	HOLD	99,6434	105,6826
2019-09-01	08:00	9617,06	9642,58	9612,08	9614,99	LONG	0,00167	5982,76	0,00334	HOLD	99,6434	105,6791
2019-09-01	09:00	9614,99	9616	9595,76	9605,78	LONG	0,00167	5982,76	0,00334	HOLD	99,6434	105,6637
2019-09-01	10:00	9606,12	9624,01	9605,78	9623,02	LONG	0,00167	5982,76	0,00334	HOLD	99,6434	105,6925
2019-09-01	11:00	9623,02	9630,21	9605,6	9614,46	LONG	0,00167	5982,76	0,00334	HOLD	99,6434	105,6782
2019-09-01	12:00	9616,12	9618,25	9598,46	9602,25	LONG	0,00167	5982,76	0,00334	HOLD	99,6434	105,6578
2019-09-01	13:00	9602,25	9615,44	9595,87	9611,84	LONG	0,00167	5982,76	0,00334	HOLD	99,6434	105,6739
2019-09-01	14:00	9612,5	9619,37	9604,3	9608,1	LONG	0,00167	5982,76	0,00334	HOLD	99,6434	105,6676
2019-09-01	15:00	9608,06	9610,19	9550	9590,72	LONG	0,00167	5982,76	0,00334	HOLD	99,6434	105,6386
2019-09-01	16:00	9590,57	9609	9560,15	9591,37	LONG	0,00167	5982,76	0,00334	HOLD	99,6434	105,6397
2019-09-01	17:00	9591,54	9595	9567,74	9580,66	LONG	0,00167	5982,76	0,00334	HOLD	99,6434	105,6218
2019-09-01	18:00	9582,23	9589,11	9567,73	9571,05	LONG	0,00167	5982,76	0,00334	HOLD	99,6434	105,6057
2019-09-01	19:00	9571,99	9584,99	9561,53	9577,31	LONG	0,00167	5982,76	0,00334	HOLD	99,6434	105,6162
2019-09-01	20:00	9577,82	9583,01	9545,46	9567,99	LONG	0,00167	5982,76	0,00334	HOLD	99,6434	105,6006
2019-09-01	21:00	9568,77	9581	9558,26	9576,86	LONG	0,00167	5982,76	0,00334	HOLD	99,6434	105,6154
2019-09-01	22:00	9575	9659	9561,06	9604,26	LONG	0,00167	5982,76	0,00334	HOLD	99,6434	105,6612
2019-09-01	23:00	9601,38	9614,34	9555	9575,38	LONG	0,00167	5982,76	0,00334	HOLD	99,6434	105,613
2019-09-02	00:00	9575,01	9630	9520	9586,52	LONG	0,00167	5982,76	0,00334	HOLD	99,6434	105,6316
2019-09-02	01:00	9586,52	9616,84	9581,96	9599,98	LONG	0,00167	5982,76	0,00334	HOLD	99,6434	105,6541
2019-09-02	02:00	9599,98	9632	9577,17	9616,96	LONG	0,00167	5982,76	0,00334	HOLD	99,6434	105,6824
2019-09-02	03:00	9615,3	9627,87	9597,89	9618,45	LONG	0,00167	5982,76	0,00334	HOLD	99,6434	105,6849
2019-09-02	04:00	9621,97	9779	9615,45	9682,55	LONG	0,00167	5982,76	0,00334	HOLD	99,6434	105,7919
2019-09-02	05:00	9680,05	9830	9680,05	9773,63	LONG	0,00167	5982,76	0,00334	HOLD	99,6434	105,944
2019-09-02	06:00	9774,98	9795,58	9708,15	9724,98	LONG	0,00167	5982,76	0,00334	HOLD	99,6434	105,8628
2019-09-02	07:00	9723,59	9756,34	9712,5	9742,36	LONG	0,00167	5982,76	0,00334	HOLD	99,6434	105,8918
2019-09-02	08:00	9742,36	9754,82	9735	9737,56	LONG	0,00167	5982,76	0,00334	HOLD	99,6434	105,8838
2019-09-02	09:00	9739,02	9793	9735	9764,04	LONG	0,00167	5982,76	0,00334	HOLD	99,6434	105,928
2019-09-02	10:00	9764,8	9775	9736	9743,16	LONG	0,00167	5982,76	0,00334	HOLD	99,6434	105,8932
2019-09-02	11:00	9741,76	9773,06	9738,68	9765,95	LONG	0,00167	5982,76	0,00334	HOLD	99,6434	105,9312
2019-09-02	12:00	9768,4	9775	9748	9749	LONG	0,00167	5982,76	0,00334	HOLD	99,6434	105,9029
2019-09-02	13:00	9749,99	9752,33	9735	9735	LONG	0,00167	5982,76	0,00334	HOLD	99,6434	105,8795
2019-09-02	14:00	9735	9750,32	9735	9746,59	LONG	0,00167	5982,76	0,00334	HOLD	99,6434	105,8989
2019-09-02	15:00	9747,2	9750,31	9735	9748	LONG	0,00167	5982,76	0,00334	HOLD	99,6434	105,9012
2019-09-02	16:00	9748	9794,14	9748	9776,27	LONG	0,00167	5982,76	0,00334	HOLD	99,6434	105,9485
2019-09-02	17:00	9777,32	9811,88	9770	9778,62	LONG	0,00167	5982,76	0,00334	HOLD	99,6434	105,9524
2019-09-02	18:00	9778,05	9846	9777,82	9827,91	LONG	0,00167	5982,76	0,00334	HOLD	99,6434	106,0347
2019-09-02	19:00	9826,27	9829,98	9776,07	9829,89	LONG	0,00167	5982,76	0,00334	HOLD	99,6434	106,038
2019-09-02	20:00	9829,89	9917,63	9811,44	9887,05	LONG	0,00167	5982,76	0,00334	HOLD	99,6434	106,1335
2019-09-02	21:00	9888,86	9953,99	9876,84	9895,16	LONG	0,00167	5982,76	0,00334	HOLD	99,6434	106,147
2019-09-02	22:00	9894,04	9897,38	9845	9879	LONG	0,00167	5982,76	0,00334	HOLD	99,6434	106,12
2019-09-02	23:00	9879	9945,08	9878,56	9919,84	LONG	0,00167	5982,76	0,00334	HOLD	99,6434	106,1882
2019-09-03	00:00	9917,47	10113,08	9917,29	10064,54	LONG	0,00167	5982,76	0,00334	HOLD	99,6434	106,4299
2019-09-03	01:00	10064,95	10184,62	10063,44	10119,31	LONG	0,00167	5982,76	0,00334	HOLD	99,6434	106,5213
2019-09-03	02:00	10119,19	10182,2	10082,21	10163,68	LONG	0,00167	5982,76	0,00334	HOLD	99,6434	106,5954
2019-09-03	03:00	10163,64	10424,24	10157,58	10378,71	LONG	0,00167	5982,76	0,00334	HOLD	99,6434	106,9545
2019-09-03	04:00	10379,83	10450	10326,38	10371,14	LONG	0,00167	5982,76	0,00334	HOLD	99,6434	106,9419
2019-09-03	05:00	10373,45	10440	10346,77	10356,74	LONG	0,00167	5982,76	0,00334	HOLD	99,6434	106,9178
2019-09-03	06:00	10356,72	10380,12	10258,34	10340	LONG	0,00167	5982,76	0,00334	HOLD	99,6434	106,8899
2019-09-03	07:00	10340	10403,08	10340	10372,52	LONG	0,00167	5982,76	0,00334	HOLD	99,6434	106,9442
2019-09-03	08:00	10373,23	10377	10282,01	10316,7	LONG	0,00167	5982,76	0,00334	HOLD	99,6434	106,851
2019-09-03	09:00	10315,7	10388,62	10300	10354,43	LONG	0,00167	5982,76	0,00334	HOLD	99,6434	106,914
2019-09-03	10:00	10353,33	10475	10349,19	10385	LONG	0,00167	5982,76	0,00334	HOLD	99,6434	106,965
2019-09-03	11:00	10385,33	10410	10354	10392,66	LONG	0,00167	5982,76	0,00334	HOLD	99,6434	106,9778
2019-09-03	12:00	10394,04	10427,46	10370	10409,05	LONG	0,00167	5982,76	0,00334	HOLD	99,6434	107,0052
2019-09-03	13:00	10408,81	10408,81	10366	10375,67	LONG	0,00167	5982,76	0,00334	HOLD	99,6434	106,9495
2019-09-03	14:00	10376,45	10390	10353,02	10368,72	LONG	0,00167	5982,76	0,00334	HOLD	99,6434	106,9378
2019-09-03	15:00	10368	10398,71	10355,02	10355,84	LONG	0,00167	5982,76	0,00334	HOLD	99,6434	106,9163
2019-09-03	16:00	10355,84	10373,72	10289	10293,96	LONG	0,00167	5982,76	0,00334	HOLD	99,6434	106,813
2019-09-03	17:00	10293,95	10380	10272	10374,59	LONG	0,00167	5982,76	0,00334	HOLD	99,6434	106,9477
2019-09-03	18:00	10371,07	10475	10367,8	10424,5	LONG	0,00167	5982,76	0,00334	HOLD	99,6434	107,031
2019-09-03	19:00	10424,5	10590	10394,08	10570	LONG	0,00167	5982,76	0,00334	HOLD	99,6434	107,274
2019-09-03	20:00	10570	10748	10530,71	10666,52	LONG	0,00167	5982,76	0,00334	HOLD	99,6434	107,4352
2019-09-03	21:00	10666,26	10773	10558	10630,23	LONG	0,00167	5982,76	0,00334	HOLD	99,6434	107,3746
2019-09-03	22:00	10630,23	10691,61	10580	10687,23	LONG	0,00167	5982,76	0,00334	HOLD	99,6434	107,4698
2019-09-03	23:00	10684,69	10713	10637,35	10649,49	LONG	0,00167	5982,76	0,00334	HOLD	99,6434	107,4067
2019-09-04	00:00	10651,29	10680,38	10592,02	10598,28	LONG	0,00167	5982,76	0,00334	HOLD	99,6434	107,3212
2019-09-04	01:00	10598,29	10654,19	10594,04	10624,02	LONG	0,00167	5982,76	0,00334	HOLD	99,6434	107,3642
2019-09-04	02:00	10624,59	10675,18	10615	10647,37	LONG	0,00167	5982,76	0,00334	HOLD	99,6434	107,4032
2019-09-04	03:00	10646,29	10720	10643,5	10690,04	LONG	0,00167	5982,76	0,00334	HOLD	99,6434	107,4745
2019-09-04	04:00	10691,77	10712	10660	10688,06	LONG	0,00167	5982,76	0,00334	HOLD	99,6434	107,4711
2019-09-04	05:00	10688,08	10708,96	10662,81	10692,35	LONG	0,00167	5982,76	0,00334	HOLD	99,6434	107,4783
2019-09-04	06:00	10692,35	10694,44	10468,06	10615,28	LONG	0,00167	5982,76	0,00334	HOLD	99,6434	107,3496
2019-09-04	07:00	10611,85	10629,52	10555,52	10571,02	LONG	0,00167	5982,76	0,00334	HOLD	99,6434	107,2757
2019-09-04	08:00	10570,3	10572,74	10400,01	10492,13	LONG	0,00167	5982,76	0,00334	HOLD	99,6434	107,1439
2019-09-04	09:00	10494,33	10550	10479,8	10525,42	LONG	0,00167	5982,76	0,00334	HOLD	99,6434	107,1995
2019-09-04	10:00	10525,03	10650	10493,97	10604,74	LONG	0,00167	5982,76	0,00334	HOLD	99,6434	107,332
2019-09-04	11:00	10603,92	10641,88	10557,99	10577,71	LONG	0,00167	5982,76	0,00334	HOLD	99,6434	107,2869
2019-09-04	12:00	10578,58	10597,18	10531,82	10560,99	LONG	0,00167	5982,76	0,00334	HOLD	99,6434	107,2589
2019-09-04	13:00	10559,21	10612,97	10558,48	10571,26	LONG	0,00167	5982,76	0,00334	HOLD	99,6434	107,2761
2019-09-04	14:00	10572,62	10592,19	10531,02	10568	LONG	0,00167	5982,76	0,00334	HOLD	99,6434	107,2706
2019-09-04	15:00	10569,1	10578,86	10451,13	10502,99	LONG	0,00167	5982,76	0,00334	HOLD	99,6434	107,1621
2019-09-04	16:00	10504	10538,36	10485,51	10498,27	LONG	0,00167	5982,76	0,00334	HOLD	99,6434	107,1542
2019-09-04	17:00	10498,23	10574	10458,06	10550	LONG	0,00167	5982,76	0,00334	HOLD	99,6434	107,2406
2019-09-04	18:00	10552,63	10569,56	10500	10523,84	LONG	0,00167	5982,76	0,00334	HOLD	99,6434	107,1969
2019-09-04	19:00	10520,96	10535	10466,27	10476,4	LONG	0,00167	5982,76	0,00334	HOLD	99,6434	107,1177
2019-09-04	20:00	10475,01	10476,4	10369,89	10401,7	LONG	0,00167	5982,76	0,00334	HOLD	99,6434	106,9929
2019-09-04	21:00	10401,68	10459,02	10387,8	10396,77	LONG	0,00167	5982,76	0,00334	HOLD	99,6434	106,9847
2019-09-04	22:00	10394,98	10444	10380,86	10406,6	LONG	0,00167	5982,76	0,00334	HOLD	99,6434	107,0011
2019-09-04	23:00	10406,69	10583,49	10405	10552,2	LONG	0,00167	5982,76	0,00334	HOLD	99,6434	107,2443
2019-09-05	00:00	10552,2	10650	10538,44	10627,82	LONG	0,00167	5982,76	0,00334	HOLD	99,6434	107,3705
2019-09-05	01:00	10626,81	10642,02	10574,28	10583,16	LONG	0,00167	5982,76	0,00334	HOLD	99,6434	107,296
2019-09-05	02:00	10582,42	10712	10580,62	10695,23	LONG	0,00167	5982,76	0,00334	HOLD	99,6434	107,4831
2019-09-05	03:00	10698,81	10799	10551	10594,31	LONG	0,00167	5982,76	0,00334	HOLD	99,6434	107,3146
2019-09-05	04:00	10594,29	10642,98	10580	10637,01	LONG	0,00167	5982,76	0,00334	HOLD	99,6434	107,3859
2019-09-05	05:00	10637,03	10669,99	10485,07	10549,59	LONG	0,00167	5982,76	0,00334	HOLD	99,6434	107,2399
2019-09-05	06:00	10547,96	10585,07	10510,89	10567,02	LONG	0,00167	5982,76	0,00334	HOLD	99,6434	107,269
2019-09-05	07:00	10565,92	10575,2	10487,16	10508,55	LONG	0,00167	5982,76	0,00334	HOLD	99,6434	107,1714
2019-09-05	08:00	10509,03	10554,82	10494,3	10532,98	LONG	0,00167	5982,76	0,00334	HOLD	99,6434	107,2122
2019-09-05	09:00	10532,98	10558,88	10502,73	10535,96	LONG	0,00167	5982,76	0,00334	HOLD	99,6434	107,2171
2019-09-05	10:00	10537,09	10563,25	10490	10550,37	LONG	0,00167	5982,76	0,00334	HOLD	99,6434	107,2412
2019-09-05	11:00	10550	10608,69	10539,32	10572,43	LONG	0,00167	5982,76	0,00334	HOLD	99,6434	107,278
2019-09-05	12:00	10572,43	10636,95	10551	10602,85	LONG	0,00167	5982,76	0,00334	HOLD	99,6434	107,3288
2019-09-05	13:00	10601,13	10626,84	10511	10521,89	LONG	0,00167	5982,76	0,00334	HOLD	99,6434	107,1936
2019-09-05	14:00	10524,22	10557,12	10516,8	10541,35	LONG	0,00167	5982,76	0,00334	HOLD	99,6434	107,2261
2019-09-05	15:00	10540,99	10612,01	10502	10575,65	LONG	0,00167	5982,76	0,00334	HOLD	99,6434	107,2834
2019-09-05	16:00	10576,93	10610	10541,4	10557,98	LONG	0,00167	5982,76	0,00334	HOLD	99,6434	107,2539
2019-09-05	17:00	10558,52	10648	10450	10605,57	LONG	0,00167	5982,76	0,00334	HOLD	99,6434	107,3334
2019-09-05	18:00	10604,98	10619,98	10550	10568,1	LONG	0,00167	5982,76	0,00334	HOLD	99,6434	107,2708
2019-09-05	19:00	10567,51	10584,44	10511	10557,24	LONG	0,00167	5982,76	0,00334	HOLD	99,6434	107,2527
2019-09-05	20:00	10559,13	10594	10534,7	10590,21	LONG	0,00167	5982,76	0,00334	HOLD	99,6434	107,3077
2019-09-05	21:00	10590,04	10592,13	10520	10538,15	LONG	0,00167	5982,76	0,00334	HOLD	99,6434	107,2208
2019-09-05	22:00	10538,11	10562	10520	10541,22	LONG	0,00167	5982,76	0,00334	HOLD	99,6434	107,2259
2019-09-05	23:00	10541,22	10595	10480	10517,29	LONG	0,00167	5982,76	0,00334	HOLD	99,6434	107,186
2019-09-06	00:00	10519,52	10533,94	10470,51	10495,11	LONG	0,00167	5982,76	0,00334	HOLD	99,6434	107,1489
2019-09-06	01:00	10495,66	10552	10472,53	10533,45	LONG	0,00167	5982,76	0,00334	HOLD	99,6434	107,2129
2019-09-06	02:00	10535,01	10900	10461,37	10533	LONG	0,00167	5982,76	0,00334	HOLD	99,6434	107,2122
2019-09-06	03:00	10532,94	10587	10500,01	10506,83	LONG	0,00167	5982,76	0,00334	HOLD	99,6434	107,1685
2019-09-06	04:00	10506,63	10560	10491,36	10545,99	LONG	0,00167	5982,76	0,00334	HOLD	99,6434	107,2339
2019-09-06	05:00	10546,01	10585,14	10526,98	10572,2	LONG	0,00167	5982,76	0,00334	HOLD	99,6434	107,2777
2019-09-06	06:00	10572,67	10607,69	10555	10564,49	LONG	0,00167	5982,76	0,00334	HOLD	99,6434	107,2648
2019-09-06	07:00	10563,13	10598,8	10555	10570,6	LONG	0,00167	5982,76	0,00334	HOLD	99,6434	107,275
2019-09-06	08:00	10570,6	10605	10565,55	10583,35	LONG	0,00167	5982,76	0,00334	HOLD	99,6434	107,2963
2019-09-06	09:00	10580,19	10668	10548,51	10640,01	LONG	0,00167	5982,76	0,00334	HOLD	99,6434	107,3909
2019-09-06	10:00	10640,32	10698	10638	10639,64	LONG	0,00167	5982,76	0,00334	HOLD	99,6434	107,3903
2019-09-06	11:00	10639,61	10719	10637,11	10691,3	LONG	0,00167	5982,76	0,00334	HOLD	99,6434	107,4766
2019-09-06	12:00	10693,58	10777,01	10663,71	10688,88	LONG	0,00167	5982,76	0,00334	HOLD	99,6434	107,4725
2019-09-06	13:00	10688,45	10729	10664,63	10710	LONG	0,00167	5982,76	0,00334	HOLD	99,6434	107,5078
2019-09-06	14:00	10710,82	10722,28	10682,7	10716,51	LONG	0,00167	5982,76	0,00334	HOLD	99,6434	107,5187
2019-09-06	15:00	10715,87	10767,22	10674	10703,23	LONG	0,00167	5982,76	0,00334	HOLD	99,6434	107,4965
2019-09-06	16:00	10704,16	10720	10675,12	10712,87	LONG	0,00167	5982,76	0,00334	HOLD	99,6434	107,5126
2019-09-06	17:00	10714,1	10765	10710	10723,09	LONG	0,00167	5982,76	0,00334	HOLD	99,6434	107,5296
2019-09-06	18:00	10721,09	10880	10710	10834,87	LONG	0,00167	5982,76	0,00334	HOLD	99,6434	107,7163
2019-09-06	19:00	10834,37	10905,87	10806,79	10821	LONG	0,00167	5982,76	0,00334	HOLD	99,6434	107,6932
2019-09-06	20:00	10822,29	10853,51	10666	10788,86	LONG	0,00167	5982,76	0,00334	HOLD	99,6434	107,6395
2019-09-06	21:00	10788,82	10852,3	10786,05	10820,99	LONG	0,00167	5982,76	0,00334	HOLD	99,6434	107,6931
2019-09-06	22:00	10822,22	10876	10818,57	10843	LONG	0,00167	5982,76	0,00334	HOLD	99,6434	107,7299
2019-09-06	23:00	10843,13	10857,84	10816	10851,62	LONG	0,00167	5982,76	0,00334	HOLD	99,6434	107,7443
2019-09-07	00:00	10852,18	10855,38	10293,34	10426,51	LONG	0,00167	5982,76	0,00334	HOLD	99,6434	107,0344
2019-09-07	01:00	10426,33	10442,22	10333,42	10357,01	LONG	0,00167	5982,76	0,00334	HOLD	99,6434	106,9183
2019-09-07	02:00	10356,42	10408,56	10333	10372,75	LONG	0,00167	5982,76	0,00334	HOLD	99,6434	106,9446
2019-09-07	03:00	10374,17	10376,21	10150	10355,21	LONG	0,00167	5982,76	0,00334	HOLD	99,6434	106,9153
2019-09-07	04:00	10356,74	10415,25	10283,75	10406,71	LONG	0,00167	5982,76	0,00334	HOLD	99,6434	107,0013
2019-09-07	05:00	10406,15	10406,69	10301,32	10326,12	LONG	0,00167	5982,76	0,00334	HOLD	99,6434	106,8667
2019-09-07	06:00	10326,12	10349,88	10266,76	10298,73	LONG	0,00167	5982,76	0,00334	HOLD	99,6434	106,821
2019-09-07	07:00	10298,71	10354,94	10288,57	10330,6	LONG	0,00167	5982,76	0,00334	HOLD	99,6434	106,8742
2019-09-07	08:00	10331,65	10380,81	10319,47	10359,72	LONG	0,00167	5982,76	0,00334	HOLD	99,6434	106,9228
2019-09-07	09:00	10360,95	10375	10318	10334,88	LONG	0,00167	5982,76	0,00334	HOLD	99,6434	106,8813
2019-09-07	10:00	10334,88	10347,94	10320,87	10333,84	LONG	0,00167	5982,76	0,00334	HOLD	99,6434	106,8796
2019-09-07	11:00	10334,63	10354,33	10301,11	10346,24	LONG	0,00167	5982,76	0,00334	HOLD	99,6434	106,9003
2019-09-07	12:00	10346,53	10360,86	10331,72	10360,86	LONG	0,00167	5982,76	0,00334	HOLD	99,6434	106,9247
2019-09-07	13:00	10360,85	10363,6	10326,97	10330,85	LONG	0,00167	5982,76	0,00334	HOLD	99,6434	106,8746
2019-09-07	14:00	10328,96	10394,29	10319,15	10365,51	LONG	0,00167	5982,76	0,00334	HOLD	99,6434	106,9325
2019-09-07	15:00	10366,24	10408,84	10363,23	10384,78	LONG	0,00167	5982,76	0,00334	HOLD	99,6434	106,9647
2019-09-07	16:00	10384,78	10385	10357,37	10380,73	LONG	0,00167	5982,76	0,00334	HOLD	99,6434	106,9579
2019-09-07	17:00	10380,02	10476,06	10329,86	10369,02	LONG	0,00167	5982,76	0,00334	HOLD	99,6434	106,9383
2019-09-07	18:00	10369	10419,32	10366,43	10417,1	LONG	0,00167	5982,76	0,00334	HOLD	99,6434	107,0186
2019-09-07	19:00	10417,12	10430	10367,75	10371,84	LONG	0,00167	5982,76	0,00334	HOLD	99,6434	106,9431
2019-09-07	20:00	10370,01	10391,04	10369,5	10374,14	LONG	0,00167	5982,76	0,00334	HOLD	99,6434	106,9469
2019-09-07	21:00	10373,58	10422,69	10372,45	10403,2	LONG	0,00167	5982,76	0,00334	HOLD	99,6434	106,9954
2019-09-07	22:00	10403,17	10469,86	10400,62	10455,64	LONG	0,00167	5982,76	0,00334	HOLD	99,6434	107,083
2019-09-07	23:00	10455,02	10556	10355	10510,94	LONG	0,00167	5982,76	0,00334	HOLD	99,6434	107,1754
2019-09-08	00:00	10508,96	10558	10416	10479,2	LONG	0,00167	5982,76	0,00334	HOLD	99,6434	107,1223
2019-09-08	01:00	10478,8	10509,92	10447,04	10456,47	LONG	0,00167	5982,76	0,00334	HOLD	99,6434	107,0844
2019-09-08	02:00	10456,47	10499,99	10420	10465,72	LONG	0,00167	5982,76	0,00334	HOLD	99,6434	107,0998
2019-09-08	03:00	10465,76	10490	10452	10488,84	LONG	0,00167	5982,76	0,00334	HOLD	99,6434	107,1384
2019-09-08	04:00	10488,9	10533,33	10450,31	10501,57	LONG	0,00167	5982,76	0,00334	HOLD	99,6434	107,1597
2019-09-08	05:00	10500,03	10510	10451	10473,32	LONG	0,00167	5982,76	0,00334	HOLD	99,6434	107,1125
2019-09-08	06:00	10475,43	10480,89	10450	10455,88	LONG	0,00167	5982,76	0,00334	HOLD	99,6434	107,0834
2019-09-08	07:00	10455,9	10501	10452,01	10496,42	LONG	0,00167	5982,76	0,00334	HOLD	99,6434	107,1511
2019-09-08	08:00	10495,8	10515	10478,02	10483,02	LONG	0,00167	5982,76	0,00334	HOLD	99,6434	107,1287
2019-09-08	09:00	10487,17	10497,45	10455,7	10457,94	LONG	0,00167	5982,76	0,00334	HOLD	99,6434	107,0868
2019-09-08	10:00	10459,25	10559,01	10455,79	10541,4	LONG	0,00167	5982,76	0,00334	HOLD	99,6434	107,2262
2019-09-08	11:00	10542,56	10592,5	10535,03	10547,74	LONG	0,00167	5982,76	0,00334	HOLD	99,6434	107,2368
2019-09-08	12:00	10548,88	10550,78	10502	10531,94	LONG	0,00167	5982,76	0,00334	HOLD	99,6434	107,2104
2019-09-08	13:00	10530,05	10557,09	10521,45	10552,03	LONG	0,00167	5982,76	0,00334	HOLD	99,6434	107,244
2019-09-08	14:00	10552,03	10560	10512,95	10518,46	LONG	0,00167	5982,76	0,00334	HOLD	99,6434	107,1879
2019-09-08	15:00	10518	10522,86	10465	10503,78	LONG	0,00167	5982,76	0,00334	HOLD	99,6434	107,1634
2019-09-08	16:00	10503,76	10528,68	10481,43	10490,85	LONG	0,00167	5982,76	0,00334	HOLD	99,6434	107,1418
2019-09-08	17:00	10488,7	10525	10481	10483,58	LONG	0,00167	5982,76	0,00334	HOLD	99,6434	107,1297
2019-09-08	18:00	10482,03	10490,81	10208	10387	LONG	0,00167	5982,76	0,00334	HOLD	99,6434	106,9684
2019-09-08	19:00	10386,98	10408,89	10363,61	10380,51	LONG	0,00167	5982,76	0,00334	HOLD	99,6434	106,9575
2019-09-08	20:00	10380,51	10406,54	10353,79	10361,92	LONG	0,00167	5982,76	0,00334	HOLD	99,6434	106,9265
2019-09-08	21:00	10361,92	10421	10354,04	10401,4	LONG	0,00167	5982,76	0,00334	HOLD	99,6434	106,9924
2019-09-08	22:00	10401,03	10406,24	10366,85	10389,24	LONG	0,00167	5982,76	0,00334	HOLD	99,6434	106,9721
2019-09-08	23:00	10389,24	10430,08	10350	10396,33	LONG	0,00167	5982,76	0,00334	HOLD	99,6434	106,984
2019-09-09	00:00	10396,46	10408,62	10353	10363,06	LONG	0,00167	5982,76	0,00334	HOLD	99,6434	106,9284
2019-09-09	01:00	10363,06	10380	10305	10331	LONG	0,00167	5982,76	0,00334	HOLD	99,6434	106,8749
2019-09-09	02:00	10331,73	10359,98	10320,35	10340,06	LONG	0,00167	5982,76	0,00334	HOLD	99,6434	106,89
2019-09-09	03:00	10340,39	10370,88	10330,01	10359,3	LONG	0,00167	5982,76	0,00334	HOLD	99,6434	106,9221
2019-09-09	04:00	10358,56	10410	10320,98	10409,96	LONG	0,00167	5982,76	0,00334	HOLD	99,6434	107,0067
2019-09-09	05:00	10407,63	10417,71	10372,72	10378,09	LONG	0,00167	5982,76	0,00334	HOLD	99,6434	106,9535
2019-09-09	06:00	10378,09	10408,21	10363,62	10381,18	LONG	0,00167	5982,76	0,00334	HOLD	99,6434	106,9587
2019-09-09	07:00	10381,24	10404,74	10368,87	10388,03	LONG	0,00167	5982,76	0,00334	HOLD	99,6434	106,9701
2019-09-09	08:00	10389,17	10395,69	10371	10375,35	LONG	0,00167	5982,76	0,00334	HOLD	99,6434	106,9489
2019-09-09	09:00	10375,45	10385,79	10285,25	10300,94	LONG	0,00167	5982,76	0,00334	HOLD	99,6434	106,8247
2019-09-09	10:00	10294,44	10334,36	10262	10298,96	LONG	0,00167	5982,76	0,00334	HOLD	99,6434	106,8213
2019-09-09	11:00	10300,22	10330,33	10250,01	10320,14	LONG	0,00167	5982,76	0,00334	HOLD	99,6434	106,8567
2019-09-09	12:00	10321,4	10329	10295	10307,39	LONG	0,00167	5982,76	0,00334	HOLD	99,6434	106,8354
2019-09-09	13:00	10307,8	10310,17	10250	10266,89	LONG	0,00167	5982,76	0,00334	HOLD	99,6434	106,7678
2019-09-09	14:00	10266,89	10278,63	10090	10147,36	LONG	0,00167	5982,76	0,00334	HOLD	99,6434	106,5682
2019-09-09	15:00	10147,63	10174	10068,5	10149,96	LONG	0,00167	5982,76	0,00334	HOLD	99,6434	106,5725
2019-09-09	16:00	10149,95	10273,99	10137,68	10249,8	LONG	0,00167	5982,76	0,00334	HOLD	99,6434	106,7393
2019-09-09	17:00	10249,94	10262,67	10195	10250,55	LONG	0,00167	5982,76	0,00334	HOLD	99,6434	106,7405
2019-09-09	18:00	10250,95	10480	10219,38	10413,26	LONG	0,00167	5982,76	0,00334	HOLD	99,6434	107,0122
2019-09-09	19:00	10413,28	10417,33	10343	10351,5	LONG	0,00167	5982,76	0,00334	HOLD	99,6434	106,9091
2019-09-09	20:00	10355,75	10393,57	10315	10329,9	LONG	0,00167	5982,76	0,00334	HOLD	99,6434	106,873
2019-09-09	21:00	10326,67	10364,11	10290	10338,37	LONG	0,00167	5982,76	0,00334	HOLD	99,6434	106,8872
2019-09-09	22:00	10339,45	10369,95	10300	10321,1	LONG	0,00167	5982,76	0,00334	HOLD	99,6434	106,8583
2019-09-09	23:00	10321,26	10338,14	10175,75	10255,21	LONG	0,00167	5982,76	0,00334	HOLD	99,6434	106,7483
2019-09-10	00:00	10255,17	10300	10228,04	10268,98	LONG	0,00167	5982,76	0,00334	HOLD	99,6434	106,7713
2019-09-10	01:00	10268,98	10287,98	10250	10253,8	LONG	0,00167	5982,76	0,00334	HOLD	99,6434	106,7459
2019-09-10	02:00	10253,26	10326,77	10233,11	10312,7	LONG	0,00167	5982,76	0,00334	HOLD	99,6434	106,8443
2019-09-10	03:00	10311,44	10350	10211	10230,91	LONG	0,00167	5982,76	0,00334	HOLD	99,6434	106,7077
2019-09-10	04:00	10230,06	10290,54	10218	10281,17	LONG	0,00167	5982,76	0,00334	HOLD	99,6434	106,7916
2019-09-10	05:00	10283,13	10373	10280	10333,31	LONG	0,00167	5982,76	0,00334	HOLD	99,6434	106,8787
2019-09-10	06:00	10333,37	10370,71	10302	10303,12	LONG	0,00167	5982,76	0,00334	HOLD	99,6434	106,8283
2019-09-10	07:00	10302,58	10365,48	10298	10335,96	LONG	0,00167	5982,76	0,00334	HOLD	99,6434	106,8831
2019-09-10	08:00	10336,95	10384,99	10322	10326,81	LONG	0,00167	5982,76	0,00334	HOLD	99,6434	106,8679
2019-09-10	09:00	10327,32	10357,01	10280	10286,55	LONG	0,00167	5982,76	0,00334	HOLD	99,6434	106,8006
2019-09-10	10:00	10285,19	10319,96	10261	10309,98	LONG	0,00167	5982,76	0,00334	HOLD	99,6434	106,8398
2019-09-10	11:00	10310,75	10331,71	10268,02	10298,15	LONG	0,00167	5982,76	0,00334	HOLD	99,6434	106,82
2019-09-10	12:00	10296,64	10305,18	10242	10263,89	LONG	0,00167	5982,76	0,00334	HOLD	99,6434	106,7628
2019-09-10	13:00	10263,4	10272,81	10225	10266,77	LONG	0,00167	5982,76	0,00334	HOLD	99,6434	106,7676
2019-09-10	14:00	10266,04	10305,75	10240	10271,14	LONG	0,00167	5982,76	0,00334	HOLD	99,6434	106,7749
2019-09-10	15:00	10272,64	10285,65	10245	10255,98	LONG	0,00167	5982,76	0,00334	HOLD	99,6434	106,7496
2019-09-10	16:00	10255,98	10290	10193,55	10255,76	LONG	0,00167	5982,76	0,00334	HOLD	99,6434	106,7492
2019-09-10	17:00	10257,03	10286,95	10220,55	10239,92	LONG	0,00167	5982,76	0,00334	HOLD	99,6434	106,7228
2019-09-10	18:00	10240,14	10259,95	10222,96	10252,38	LONG	0,00167	5982,76	0,00334	HOLD	99,6434	106,7436
2019-09-10	19:00	10251,22	10271,62	10225	10254,93	LONG	0,00167	5982,76	0,00334	HOLD	99,6434	106,7478
2019-09-10	20:00	10255,07	10258	10216,29	10237,15	LONG	0,00167	5982,76	0,00334	HOLD	99,6434	106,7181
2019-09-10	21:00	10236,99	10241,84	10176	10208	LONG	0,00167	5982,76	0,00334	HOLD	99,6434	106,6694
2019-09-10	22:00	10208	10223,8	10161,51	10175,07	LONG	0,00167	5982,76	0,00334	HOLD	99,6434	106,6145
2019-09-10	23:00	10176,26	10238,26	10172,09	10224,49	LONG	0,00167	5982,76	0,00334	HOLD	99,6434	106,697
2019-09-11	00:00	10224,5	10234,66	10192,34	10211,48	LONG	0,00167	5982,76	0,00334	HOLD	99,6434	106,6753
2019-09-11	01:00	10214,68	10219,53	10190	10197,32	LONG	0,00167	5982,76	0,00334	HOLD	99,6434	106,6516
2019-09-11	02:00	10195,33	10203,36	9953	10026,31	LONG	0,00167	5982,76	0,00334	HOLD	99,6434	106,366
2019-09-11	03:00	10025,6	10082,27	9996,36	10062,79	LONG	0,00167	5982,76	0,00334	HOLD	99,6434	106,4269
2019-09-11	04:00	10062,79	10130	10040,29	10107,9	LONG	0,00167	5982,76	0,00334	HOLD	99,6434	106,5023
2019-09-11	05:00	10107,88	10125,81	10056,05	10089,02	LONG	0,00167	5982,76	0,00334	HOLD	99,6434	106,4707
2019-09-11	06:00	10088,71	10129,4	10041,2	10098,15	LONG	0,00167	5982,76	0,00334	HOLD	99,6434	106,486
2019-09-11	07:00	10098,19	10293	10090	10139,07	LONG	0,00167	5982,76	0,00334	HOLD	99,6434	106,5543
2019-09-11	08:00	10138,75	10158,05	10065,96	10066,24	LONG	0,00167	5982,76	0,00334	HOLD	99,6434	106,4327
2019-09-11	09:00	10066,07	10097,81	10050,58	10067,11	LONG	0,00167	5982,76	0,00334	HOLD	99,6434	106,4342
2019-09-11	10:00	10067,13	10117,29	10064,75	10093,04	LONG	0,00167	5982,76	0,00334	HOLD	99,6434	106,4775
2019-09-11	11:00	10093,35	10102,54	10055	10057,06	LONG	0,00167	5982,76	0,00334	HOLD	99,6434	106,4174
2019-09-11	12:00	10055,96	10075,3	9972,04	10027,15	LONG	0,00167	5982,76	0,00334	HOLD	99,6434	106,3674
2019-09-11	13:00	10027,15	10053,69	9880	9990,83	LONG	0,00167	5982,76	0,00334	HOLD	99,6434	106,3068
2019-09-11	14:00	9993,01	10079,42	9990	10066	LONG	0,00167	5982,76	0,00334	HOLD	99,6434	106,4323
2019-09-11	15:00	10066,38	10076,44	10000	10000,96	LONG	0,00167	5982,76	0,00334	HOLD	99,6434	106,3237
2019-09-11	16:00	10000	10035	9982,78	10019,32	LONG	0,00167	5982,76	0,00334	HOLD	99,6434	106,3543
2019-09-11	17:00	10019,39	10119	10015,67	10096,5	LONG	0,00167	5982,76	0,00334	HOLD	99,6434	106,4832
2019-09-11	18:00	10095,05	10141,98	10063,05	10068,05	LONG	0,00167	5982,76	0,00334	HOLD	99,6434	106,4357
2019-09-11	19:00	10063,07	10099,99	10045	10097,41	LONG	0,00167	5982,76	0,00334	HOLD	99,6434	106,4848
2019-09-11	20:00	10097,41	10108,09	10012	10037,71	LONG	0,00167	5982,76	0,00334	HOLD	99,6434	106,3851
2019-09-11	21:00	10037,71	10063	9982	10032,23	LONG	0,00167	5982,76	0,00334	HOLD	99,6434	106,3759
2019-09-11	22:00	10031,43	10035	9973,25	9990,07	LONG	0,00167	5982,76	0,00334	HOLD	99,6434	106,3055
2019-09-11	23:00	9990,57	10120	9923	10041,77	LONG	0,00167	5982,76	0,00334	HOLD	99,6434	106,3918
2019-09-12	00:00	10044,39	10079,99	10032,61	10054,6	LONG	0,00167	5982,76	0,00334	HOLD	99,6434	106,4133
2019-09-12	01:00	10054,35	10126	10052,22	10069,47	LONG	0,00167	5982,76	0,00334	HOLD	99,6434	106,4381
2019-09-12	02:00	10067,39	10100	10043,16	10074,46	LONG	0,00167	5982,76	0,00334	HOLD	99,6434	106,4464
2019-09-12	03:00	10074,5	10125	10063,04	10102,4	LONG	0,00167	5982,76	0,00334	HOLD	99,6434	106,4931
2019-09-12	04:00	10102,51	10184,93	10080,18	10163,58	LONG	0,00167	5982,76	0,00334	HOLD	99,6434	106,5953
2019-09-12	05:00	10162,35	10177,31	10132,62	10145,29	LONG	0,00167	5982,76	0,00334	HOLD	99,6434	106,5647
2019-09-12	06:00	10146,37	10169	10102,23	10158,33	LONG	0,00167	5982,76	0,00334	HOLD	99,6434	106,5865
2019-09-12	07:00	10158,75	10205,22	10136,95	10155,01	LONG	0,00167	5982,76	0,00334	HOLD	99,6434	106,581
2019-09-12	08:00	10155,01	10173,2	10123,51	10123,91	LONG	0,00167	5982,76	0,00334	HOLD	99,6434	106,529
2019-09-12	09:00	10124	10134,02	10081,93	10109,72	LONG	0,00167	5982,76	0,00334	HOLD	99,6434	106,5053
2019-09-12	10:00	10109,89	10136,58	10090,03	10114,07	LONG	0,00167	5982,76	0,00334	HOLD	99,6434	106,5126
2019-09-12	11:00	10113,6	10128	10066,06	10078,61	LONG	0,00167	5982,76	0,00334	HOLD	99,6434	106,4534
2019-09-12	12:00	10077,99	10103	10068,98	10080,36	LONG	0,00167	5982,76	0,00334	HOLD	99,6434	106,4563
2019-09-12	13:00	10080,24	10084,71	10040	10066,25	LONG	0,00167	5982,76	0,00334	HOLD	99,6434	106,4327
2019-09-12	14:00	10066,25	10087,92	10056,17	10079,79	LONG	0,00167	5982,76	0,00334	HOLD	99,6434	106,4553
2019-09-12	15:00	10079,79	10153,01	10074,87	10147,21	LONG	0,00167	5982,76	0,00334	HOLD	99,6434	106,5679
2019-09-12	16:00	10147,21	10178,01	10115,03	10123,47	LONG	0,00167	5982,76	0,00334	HOLD	99,6434	106,5283
2019-09-12	17:00	10122,04	10178	10121	10153,12	LONG	0,00167	5982,76	0,00334	HOLD	99,6434	106,5778
2019-09-12	18:00	10152,84	10189,92	10136,09	10170,47	LONG	0,00167	5982,76	0,00334	HOLD	99,6434	106,6068
2019-09-12	19:00	10169,45	10239,99	10168,97	10234,64	LONG	0,00167	5982,76	0,00334	HOLD	99,6434	106,7139
2019-09-12	20:00	10236,28	10356,22	10219	10336,23	LONG	0,00167	5982,76	0,00334	HOLD	99,6434	106,8836
2019-09-12	21:00	10336,21	10358,65	10270,01	10304,25	LONG	0,00167	5982,76	0,00334	HOLD	99,6434	106,8302
2019-09-12	22:00	10304,25	10370	10281,42	10326,52	LONG	0,00167	5982,76	0,00334	HOLD	99,6434	106,8674
2019-09-12	23:00	10326,53	10350	10225,8	10270,03	LONG	0,00167	5982,76	0,00334	HOLD	99,6434	106,773
2019-09-13	00:00	10271	10295	10265,03	10293,52	LONG	0,00167	5982,76	0,00334	HOLD	99,6434	106,8123
2019-09-13	01:00	10294,96	10345	10286,49	10296,85	LONG	0,00167	5982,76	0,00334	HOLD	99,6434	106,8178
2019-09-13	02:00	10296,05	10323,9	10271,09	10300,63	LONG	0,00167	5982,76	0,00334	HOLD	99,6434	106,8241
2019-09-13	03:00	10301,57	10360	10299,49	10319,24	LONG	0,00167	5982,76	0,00334	HOLD	99,6434	106,8552
2019-09-13	04:00	10319,92	10400	10319,3	10388,7	LONG	0,00167	5982,76	0,00334	HOLD	99,6434	106,9712
2019-09-13	05:00	10389,86	10448,81	10375,05	10386,02	LONG	0,00167	5982,76	0,00334	HOLD	99,6434	106,9667
2019-09-13	06:00	10386	10415,57	10356,18	10415,01	LONG	0,00167	5982,76	0,00334	HOLD	99,6434	107,0152
2019-09-13	07:00	10415,01	10439	10366,86	10385,78	LONG	0,00167	5982,76	0,00334	HOLD	99,6434	106,9663
2019-09-13	08:00	10386,57	10389,3	10326,35	10333,26	LONG	0,00167	5982,76	0,00334	HOLD	99,6434	106,8786
2019-09-13	09:00	10331,95	10388	10327,3	10364,99	LONG	0,00167	5982,76	0,00334	HOLD	99,6434	106,9316
2019-09-13	10:00	10364,41	10369,02	10343,58	10364,02	LONG	0,00167	5982,76	0,00334	HOLD	99,6434	106,93
2019-09-13	11:00	10364,32	10399,19	10324	10337,5	LONG	0,00167	5982,76	0,00334	HOLD	99,6434	106,8857
2019-09-13	12:00	10337,47	10343,82	10270,04	10292,42	LONG	0,00167	5982,76	0,00334	HOLD	99,6434	106,8104
2019-09-13	13:00	10292,32	10319,72	10275,23	10296,87	LONG	0,00167	5982,76	0,00334	HOLD	99,6434	106,8179
2019-09-13	14:00	10296,87	10297,83	10266,66	10283,16	LONG	0,00167	5982,76	0,00334	HOLD	99,6434	106,795
2019-09-13	15:00	10282,73	10327,2	10253	10275,23	LONG	0,00167	5982,76	0,00334	HOLD	99,6434	106,7817
2019-09-13	16:00	10277,74	10321,74	10260,11	10306,6	LONG	0,00167	5982,76	0,00334	HOLD	99,6434	106,8341
2019-09-13	17:00	10305,98	10324	10270,4	10273,03	LONG	0,00167	5982,76	0,00334	HOLD	99,6434	106,778
2019-09-13	18:00	10274,53	10309,14	10250,12	10305,45	LONG	0,00167	5982,76	0,00334	HOLD	99,6434	106,8322
2019-09-13	19:00	10306,84	10347,07	10291,09	10324,16	LONG	0,00167	5982,76	0,00334	HOLD	99,6434	106,8634
2019-09-13	20:00	10325,28	10335	10285,34	10306,76	LONG	0,00167	5982,76	0,00334	HOLD	99,6434	106,8344
2019-09-13	21:00	10306,76	10313,11	10266,82	10286,95	LONG	0,00167	5982,76	0,00334	HOLD	99,6434	106,8013
2019-09-13	22:00	10286,51	10327,88	10280,2	10296,3	LONG	0,00167	5982,76	0,00334	HOLD	99,6434	106,8169
2019-09-13	23:00	10296,3	10310,49	10280	10298,34	LONG	0,00167	5982,76	0,00334	HOLD	99,6434	106,8203
2019-09-14	00:00	10298,55	10312,36	10185,11	10226,59	LONG	0,00167	5982,76	0,00334	HOLD	99,6434	106,7005
2019-09-14	01:00	10226,61	10244,99	10187,66	10222,21	LONG	0,00167	5982,76	0,00334	HOLD	99,6434	106,6932
2019-09-14	02:00	10222,81	10225,65	10188	10210,6	LONG	0,00167	5982,76	0,00334	HOLD	99,6434	106,6738
2019-09-14	03:00	10210,59	10260	10153	10254,23	LONG	0,00167	5982,76	0,00334	HOLD	99,6434	106,7466
2019-09-14	04:00	10255,15	10300	10231,26	10288	LONG	0,00167	5982,76	0,00334	HOLD	99,6434	106,803
2019-09-14	05:00	10287,77	10289,98	10245,51	10280,42	LONG	0,00167	5982,76	0,00334	HOLD	99,6434	106,7904
2019-09-14	06:00	10282,08	10369,23	10257,96	10342,06	LONG	0,00167	5982,76	0,00334	HOLD	99,6434	106,8933
2019-09-14	07:00	10344,13	10354,94	10292,66	10308,91	LONG	0,00167	5982,76	0,00334	HOLD	99,6434	106,838
2019-09-14	08:00	10308,89	10319,66	10290,17	10301,16	LONG	0,00167	5982,76	0,00334	HOLD	99,6434	106,825
2019-09-14	09:00	10299,66	10307,36	10267,01	10276,97	LONG	0,00167	5982,76	0,00334	HOLD	99,6434	106,7846
2019-09-14	10:00	10276,83	10299,99	10269,67	10281,22	LONG	0,00167	5982,76	0,00334	HOLD	99,6434	106,7917
2019-09-14	11:00	10281,2	10288,71	10261,12	10279,31	LONG	0,00167	5982,76	0,00334	HOLD	99,6434	106,7885
2019-09-14	12:00	10278,52	10307,1	10275,01	10290,3	LONG	0,00167	5982,76	0,00334	HOLD	99,6434	106,8069
2019-09-14	13:00	10289,86	10298,08	10277,32	10283,99	LONG	0,00167	5982,76	0,00334	HOLD	99,6434	106,7963
2019-09-14	14:00	10283,99	10331,52	10282	10319	LONG	0,00167	5982,76	0,00334	HOLD	99,6434	106,8548
2019-09-14	15:00	10319,84	10348	10307,16	10314,09	LONG	0,00167	5982,76	0,00334	HOLD	99,6434	106,8466
2019-09-14	16:00	10313,63	10338,42	10290,28	10305,37	LONG	0,00167	5982,76	0,00334	HOLD	99,6434	106,8321
2019-09-14	17:00	10306,96	10323,68	10287,8	10307,85	LONG	0,00167	5982,76	0,00334	HOLD	99,6434	106,8362
2019-09-14	18:00	10307,86	10313,68	10290,9	10293,45	LONG	0,00167	5982,76	0,00334	HOLD	99,6434	106,8121
2019-09-14	19:00	10293,69	10302,5	10222,33	10272,71	LONG	0,00167	5982,76	0,00334	HOLD	99,6434	106,7775
2019-09-14	20:00	10272,57	10352,71	10268,77	10324,2	LONG	0,00167	5982,76	0,00334	HOLD	99,6434	106,8635
2019-09-14	21:00	10322,85	10360	10312,3	10348,58	LONG	0,00167	5982,76	0,00334	HOLD	99,6434	106,9042
2019-09-14	22:00	10346,95	10399	10311,16	10356,32	LONG	0,00167	5982,76	0,00334	HOLD	99,6434	106,9171
2019-09-14	23:00	10357,78	10359,89	10325,25	10352,7	LONG	0,00167	5982,76	0,00334	HOLD	99,6434	106,9111
2019-09-15	00:00	10351,95	10400	10351,61	10382,24	LONG	0,00167	5982,76	0,00334	HOLD	99,6434	106,9604
2019-09-15	01:00	10382,55	10393	10339,75	10384,47	LONG	0,00167	5982,76	0,00334	HOLD	99,6434	106,9642
2019-09-15	02:00	10384,45	10389,98	10354,95	10363,73	LONG	0,00167	5982,76	0,00334	HOLD	99,6434	106,9295
2019-09-15	03:00	10363,73	10399	10363,73	10395,98	LONG	0,00167	5982,76	0,00334	HOLD	99,6434	106,9834
2019-09-15	04:00	10394,29	10419,99	10310	10379,05	LONG	0,00167	5982,76	0,00334	HOLD	99,6434	106,9551
2019-09-15	05:00	10379,99	10388,77	10325,43	10337,27	LONG	0,00167	5982,76	0,00334	HOLD	99,6434	106,8853
2019-09-15	06:00	10337,24	10350	10327,55	10335,02	LONG	0,00167	5982,76	0,00334	HOLD	99,6434	106,8816
2019-09-15	07:00	10332,81	10360	10313	10322,23	LONG	0,00167	5982,76	0,00334	HOLD	99,6434	106,8602
2019-09-15	08:00	10321,05	10339,14	10312,03	10332,17	LONG	0,00167	5982,76	0,00334	HOLD	99,6434	106,8768
2019-09-15	09:00	10334,18	10336,26	10300,72	10323,31	LONG	0,00167	5982,76	0,00334	HOLD	99,6434	106,862
2019-09-15	10:00	10323,31	10325,42	10289,45	10303,36	LONG	0,00167	5982,76	0,00334	HOLD	99,6434	106,8287
2019-09-15	11:00	10303,38	10318,46	10265,9	10312,74	LONG	0,00167	5982,76	0,00334	HOLD	99,6434	106,8444
2019-09-15	12:00	10312,32	10328,75	10301,26	10311,01	LONG	0,00167	5982,76	0,00334	HOLD	99,6434	106,8415
2019-09-15	13:00	10311,01	10325,96	10296,68	10315,57	LONG	0,00167	5982,76	0,00334	HOLD	99,6434	106,8491
2019-09-15	14:00	10315,64	10316,63	10295	10308,42	LONG	0,00167	5982,76	0,00334	HOLD	99,6434	106,8371
2019-09-15	15:00	10307,84	10309,89	10284,41	10289,36	LONG	0,00167	5982,76	0,00334	HOLD	99,6434	106,8053
2019-09-15	16:00	10290,12	10300	10270	10286,49	LONG	0,00167	5982,76	0,00334	HOLD	99,6434	106,8005
2019-09-15	17:00	10285,03	10319	10275,45	10310,16	LONG	0,00167	5982,76	0,00334	HOLD	99,6434	106,8401
2019-09-15	18:00	10310,16	10322	10289	10298,02	LONG	0,00167	5982,76	0,00334	HOLD	99,6434	106,8198
2019-09-15	19:00	10297,51	10325,11	10260	10310,41	LONG	0,00167	5982,76	0,00334	HOLD	99,6434	106,8405
2019-09-15	20:00	10310,68	10311,93	10267,85	10275,61	LONG	0,00167	5982,76	0,00334	HOLD	99,6434	106,7824
2019-09-15	21:00	10274,11	10290	10252,15	10270,42	LONG	0,00167	5982,76	0,00334	HOLD	99,6434	106,7737
2019-09-15	22:00	10272,1	10318	10262,33	10307,97	LONG	0,00167	5982,76	0,00334	HOLD	99,6434	106,8364
2019-09-15	23:00	10307,12	10332,45	10294	10302,28	LONG	0,00167	5982,76	0,00334	HOLD	99,6434	106,8269
2019-09-16	00:00	10302	10316,48	10281,35	10309,48	LONG	0,00167	5982,76	0,00334	HOLD	99,6434	106,8389
2019-09-16	01:00	10308,95	10310	10285,21	10289,45	LONG	0,00167	5982,76	0,00334	HOLD	99,6434	106,8055
2019-09-16	02:00	10289,52	10307,31	10280	10295,88	LONG	0,00167	5982,76	0,00334	HOLD	99,6434	106,8162
2019-09-16	03:00	10295,41	10311,38	10265,23	10271,13	LONG	0,00167	5982,76	0,00334	HOLD	99,6434	106,7749
2019-09-16	04:00	10271,13	10305	10266,5	10290,63	LONG	0,00167	5982,76	0,00334	HOLD	99,6434	106,8074
2019-09-16	05:00	10290,63	10317,96	10282,45	10298,89	LONG	0,00167	5982,76	0,00334	HOLD	99,6434	106,8212
2019-09-16	06:00	10298,89	10315	10297,36	10302,01	LONG	0,00167	5982,76	0,00334	HOLD	99,6434	106,8264
2019-09-16	07:00	10303,34	10347	10302	10329,1	LONG	0,00167	5982,76	0,00334	HOLD	99,6434	106,8717
2019-09-16	08:00	10329,24	10355	10328,46	10339,54	LONG	0,00167	5982,76	0,00334	HOLD	99,6434	106,8891
2019-09-16	09:00	10339,55	10350	10323,03	10340,52	LONG	0,00167	5982,76	0,00334	HOLD	99,6434	106,8908
2019-09-16	10:00	10340,48	10353,98	10300,01	10301,76	LONG	0,00167	5982,76	0,00334	HOLD	99,6434	106,826
2019-09-16	11:00	10302,09	10321	10295,52	10317,98	LONG	0,00167	5982,76	0,00334	HOLD	99,6434	106,8531
2019-09-16	12:00	10317,22	10326,5	10310,2	10313,76	LONG	0,00167	5982,76	0,00334	HOLD	99,6434	106,8461
2019-09-16	13:00	10313	10313,77	10285,74	10303	LONG	0,00167	5982,76	0,00334	HOLD	99,6434	106,8281
2019-09-16	14:00	10303	10307,43	10280	10302,25	LONG	0,00167	5982,76	0,00334	HOLD	99,6434	106,8268
2019-09-16	15:00	10302,43	10317,22	10288	10291,08	LONG	0,00167	5982,76	0,00334	HOLD	99,6434	106,8082
2019-09-16	16:00	10291,08	10317,22	10282,05	10303,25	LONG	0,00167	5982,76	0,00334	HOLD	99,6434	106,8285
2019-09-16	17:00	10303,25	10311	10291,28	10305,86	LONG	0,00167	5982,76	0,00334	HOLD	99,6434	106,8329
2019-09-16	18:00	10306,87	10308,04	10275	10283,79	LONG	0,00167	5982,76	0,00334	HOLD	99,6434	106,796
2019-09-16	19:00	10282,4	10282,41	10130	10148,3	LONG	0,00167	5982,76	0,00334	HOLD	99,6434	106,5697
2019-09-16	20:00	10148,3	10180,68	10123,01	10150,04	LONG	0,00167	5982,76	0,00334	HOLD	99,6434	106,5727
2019-09-16	21:00	10150,09	10167,72	10112,15	10138,27	LONG	0,00167	5982,76	0,00334	HOLD	99,6434	106,553
2019-09-16	22:00	10138,24	10165,33	10117,48	10117,49	LONG	0,00167	5982,76	0,00334	HOLD	99,6434	106,5183
2019-09-16	23:00	10119,73	10161,99	10078	10145,9	LONG	0,00167	5982,76	0,00334	HOLD	99,6434	106,5657
2019-09-17	00:00	10145,16	10158,61	10135	10143,83	LONG	0,00167	5982,76	0,00334	HOLD	99,6434	106,5623
2019-09-17	01:00	10145,2	10151,6	10113,13	10129,92	LONG	0,00167	5982,76	0,00334	HOLD	99,6434	106,5391
2019-09-17	02:00	10129,8	10144	10121,39	10121,39	LONG	0,00167	5982,76	0,00334	HOLD	99,6434	106,5248
2019-09-17	03:00	10121,39	10212,32	10120	10205,05	LONG	0,00167	5982,76	0,00334	HOLD	99,6434	106,6645
2019-09-17	04:00	10205,05	10330	10205,05	10282,7	LONG	0,00167	5982,76	0,00334	HOLD	99,6434	106,7942
2019-09-17	05:00	10283,49	10310	10275,08	10285,61	LONG	0,00167	5982,76	0,00334	HOLD	99,6434	106,7991
2019-09-17	06:00	10284,8	10288	10226,53	10251,31	LONG	0,00167	5982,76	0,00334	HOLD	99,6434	106,7418
2019-09-17	07:00	10249,68	10262,42	10169,51	10218,45	LONG	0,00167	5982,76	0,00334	HOLD	99,6434	106,6869
2019-09-17	08:00	10216,22	10240,29	10194,57	10209,97	LONG	0,00167	5982,76	0,00334	HOLD	99,6434	106,6727
2019-09-17	09:00	10209,97	10232,93	10204,82	10224,95	LONG	0,00167	5982,76	0,00334	HOLD	99,6434	106,6978
2019-09-17	10:00	10224,96	10233,39	10200,01	10225,3	LONG	0,00167	5982,76	0,00334	HOLD	99,6434	106,6983
2019-09-17	11:00	10223,76	10232,15	10192,53	10193,18	LONG	0,00167	5982,76	0,00334	HOLD	99,6434	106,6447
2019-09-17	12:00	10193,48	10215,85	10165	10195,76	LONG	0,00167	5982,76	0,00334	HOLD	99,6434	106,649
2019-09-17	13:00	10195,75	10202,1	10179,57	10189,32	LONG	0,00167	5982,76	0,00334	HOLD	99,6434	106,6382
2019-09-17	14:00	10189,66	10216,04	10189,66	10203,61	LONG	0,00167	5982,76	0,00334	HOLD	99,6434	106,6621
2019-09-17	15:00	10203,09	10206,48	10165	10173,13	LONG	0,00167	5982,76	0,00334	HOLD	99,6434	106,6112
2019-09-17	16:00	10171,4	10173,71	10128,01	10160,87	LONG	0,00167	5982,76	0,00334	HOLD	99,6434	106,5907
2019-09-17	17:00	10160,24	10182,78	10160	10170,35	LONG	0,00167	5982,76	0,00334	HOLD	99,6434	106,6066
2019-09-17	18:00	10170,16	10181,4	10155,54	10162,88	LONG	0,00167	5982,76	0,00334	HOLD	99,6434	106,5941
2019-09-17	19:00	10162,84	10230,85	10151,8	10216,41	LONG	0,00167	5982,76	0,00334	HOLD	99,6434	106,6835
2019-09-17	20:00	10216,31	10245	10178,17	10186,99	LONG	0,00167	5982,76	0,00334	HOLD	99,6434	106,6344
2019-09-17	21:00	10186,97	10221,58	10171,28	10212,97	LONG	0,00167	5982,76	0,00334	HOLD	99,6434	106,6777
2019-09-17	22:00	10213,56	10226,56	10198,45	10200,6	LONG	0,00167	5982,76	0,00334	HOLD	99,6434	106,6571
2019-09-17	23:00	10201,43	10260	10199,03	10252,46	LONG	0,00167	5982,76	0,00334	HOLD	99,6434	106,7437
2019-09-18	00:00	10253	10265,07	10230	10250,45	LONG	0,00167	5982,76	0,00334	HOLD	99,6434	106,7403
2019-09-18	01:00	10250,47	10259,6	10210,55	10226,93	LONG	0,00167	5982,76	0,00334	HOLD	99,6434	106,7011
2019-09-18	02:00	10226,93	10258	10216,35	10257,94	LONG	0,00167	5982,76	0,00334	HOLD	99,6434	106,7528
2019-09-18	03:00	10257,94	10275	10231,9	10245,18	LONG	0,00167	5982,76	0,00334	HOLD	99,6434	106,7315
2019-09-18	04:00	10245,05	10266,61	10188,88	10213,93	LONG	0,00167	5982,76	0,00334	HOLD	99,6434	106,6793
2019-09-18	05:00	10212,37	10237,5	10205,08	10225,96	LONG	0,00167	5982,76	0,00334	HOLD	99,6434	106,6994
2019-09-18	06:00	10226,55	10238,45	10169	10187,82	LONG	0,00167	5982,76	0,00334	HOLD	99,6434	106,6357
2019-09-18	07:00	10187,48	10219,64	10182,28	10214,04	LONG	0,00167	5982,76	0,00334	HOLD	99,6434	106,6795
2019-09-18	08:00	10214,46	10258,02	10207,03	10244,89	LONG	0,00167	5982,76	0,00334	HOLD	99,6434	106,7311
2019-09-18	09:00	10245,6	10254,9	10211,18	10222,49	LONG	0,00167	5982,76	0,00334	HOLD	99,6434	106,6936
2019-09-18	10:00	10222,49	10228,34	10191,16	10206,44	LONG	0,00167	5982,76	0,00334	HOLD	99,6434	106,6668
2019-09-18	11:00	10205,98	10221,46	10200	10218,38	LONG	0,00167	5982,76	0,00334	HOLD	99,6434	106,6868
2019-09-18	12:00	10218,38	10229	10194,12	10198,87	LONG	0,00167	5982,76	0,00334	HOLD	99,6434	106,6542
2019-09-18	13:00	10199,37	10216,04	10190,58	10192,29	LONG	0,00167	5982,76	0,00334	HOLD	99,6434	106,6432
2019-09-18	14:00	10192,28	10219,66	10186,86	10199,92	LONG	0,00167	5982,76	0,00334	HOLD	99,6434	106,656
2019-09-18	15:00	10199,97	10200	10150	10162,53	LONG	0,00167	5982,76	0,00334	HOLD	99,6434	106,5935
2019-09-18	16:00	10162,28	10186,59	10150	10174,14	LONG	0,00167	5982,76	0,00334	HOLD	99,6434	106,6129
2019-09-18	17:00	10174,35	10196,85	10173,36	10178,97	LONG	0,00167	5982,76	0,00334	HOLD	99,6434	106,621
2019-09-18	18:00	10178,28	10179,75	10150	10158,9	LONG	0,00167	5982,76	0,00334	HOLD	99,6434	106,5874
2019-09-18	19:00	10156,86	10215,99	10100	10190,58	LONG	0,00167	5982,76	0,00334	HOLD	99,6434	106,6404
2019-09-18	20:00	10190,58	10203,76	10171,37	10178,96	LONG	0,00167	5982,76	0,00334	HOLD	99,6434	106,6209
2019-09-18	21:00	10177,96	10193,9	10162,02	10173,86	LONG	0,00167	5982,76	0,00334	HOLD	99,6434	106,6124
2019-09-18	22:00	10173,77	10183,84	10150,69	10173,4	LONG	0,00167	5982,76	0,00334	HOLD	99,6434	106,6117
2019-09-18	23:00	10173,34	10205	10132,01	10191,98	LONG	0,00167	5982,76	0,00334	HOLD	99,6434	106,6427
2019-09-19	00:00	10191,92	10195,82	10178,54	10187,12	LONG	0,00167	5982,76	0,00334	HOLD	99,6434	106,6346
2019-09-19	01:00	10185,84	10210	10165,04	10180	LONG	0,00167	5982,76	0,00334	HOLD	99,6434	106,6227
2019-09-19	02:00	10177,91	10194,2	10163	10171,84	LONG	0,00167	5982,76	0,00334	HOLD	99,6434	106,6091
2019-09-19	03:00	10172,17	10208,94	10137,77	10188,83	LONG	0,00167	5982,76	0,00334	HOLD	99,6434	106,6374
2019-09-19	04:00	10188,86	10207,51	10187,49	10195,79	LONG	0,00167	5982,76	0,00334	HOLD	99,6434	106,6491
2019-09-19	05:00	10195,97	10210	10163,05	10174,49	LONG	0,00167	5982,76	0,00334	HOLD	99,6434	106,6135
2019-09-19	06:00	10174,91	10184,28	10151,93	10156,99	LONG	0,00167	5982,76	0,00334	HOLD	99,6434	106,5843
2019-09-19	07:00	10156,41	10185,4	10140,01	10177,05	LONG	0,00167	5982,76	0,00334	HOLD	99,6434	106,6178
2019-09-19	08:00	10176,25	10178,21	10120,75	10125,04	LONG	0,00167	5982,76	0,00334	HOLD	99,6434	106,5309
2019-09-19	09:00	10125,04	10146,46	10080	10094,48	LONG	0,00167	5982,76	0,00334	HOLD	99,6434	106,4799
2019-09-19	10:00	10094,6	10094,6	9653	9823,81	LONG	0,00167	5982,76	0,00334	HOLD	99,6434	106,0278
2019-09-19	11:00	9822,7	9831,86	9777	9821,57	LONG	0,00167	5982,76	0,00334	HOLD	99,6434	106,0241
2019-09-19	12:00	9821,61	9919,01	9818,66	9893,85	LONG	0,00167	5982,76	0,00334	HOLD	99,6434	106,1448
2019-09-19	13:00	9894,94	9895,65	9850	9869,57	LONG	0,00167	5982,76	0,00334	HOLD	99,6434	106,1043
2019-09-19	14:00	9869,59	9891,36	9853,96	9875,49	LONG	0,00167	5982,76	0,00334	HOLD	99,6434	106,1142
2019-09-19	15:00	9874,15	9893,54	9859,87	9881,34	LONG	0,00167	5982,76	0,00334	HOLD	99,6434	106,1239
2019-09-19	16:00	9881,34	9898,28	9863,1	9878,01	LONG	0,00167	5982,76	0,00334	HOLD	99,6434	106,1184
2019-09-19	17:00	9878,01	9883,59	9823,67	9849,33	LONG	0,00167	5982,76	0,00334	HOLD	99,6434	106,0705
2019-09-19	18:00	9849,33	9868,19	9813,73	9857,56	LONG	0,00167	5982,76	0,00334	HOLD	99,6434	106,0842
2019-09-19	19:00	9857,56	9896,44	9850,01	9874,22	LONG	0,00167	5982,76	0,00334	HOLD	99,6434	106,112
2019-09-19	20:00	9874,17	9886,19	9859,81	9862,36	LONG	0,00167	5982,76	0,00334	HOLD	99,6434	106,0922
2019-09-19	21:00	9862,33	9866,08	9847,74	9853,59	LONG	0,00167	5982,76	0,00334	HOLD	99,6434	106,0776
2019-09-19	22:00	9854,8	9887,2	9847,96	9882	LONG	0,00167	5982,76	0,00334	HOLD	99,6434	106,125
2019-09-19	23:00	9882,01	10100	9875	10032,96	LONG	0,00167	5982,76	0,00334	HOLD	99,6434	106,3771
2019-09-20	00:00	10034,88	10099	10018,02	10019,83	LONG	0,00167	5982,76	0,00334	HOLD	99,6434	106,3552
2019-09-20	01:00	10019,83	10064,03	9996,5	10029,25	LONG	0,00167	5982,76	0,00334	HOLD	99,6434	106,3709
2019-09-20	02:00	10029,91	10097,23	10015,26	10086,42	LONG	0,00167	5982,76	0,00334	HOLD	99,6434	106,4664
2019-09-20	03:00	10086,41	10325	10086,41	10238,77	LONG	0,00167	5982,76	0,00334	HOLD	99,6434	106,7208
2019-09-20	04:00	10238,25	10288,05	10236	10239,41	LONG	0,00167	5982,76	0,00334	HOLD	99,6434	106,7219
2019-09-20	05:00	10237,99	10249,62	10201	10209,45	LONG	0,00167	5982,76	0,00334	HOLD	99,6434	106,6719
2019-09-20	06:00	10210	10257,58	10203,61	10244,29	LONG	0,00167	5982,76	0,00334	HOLD	99,6434	106,73
2019-09-20	07:00	10243,7	10281	10215	10224	LONG	0,00167	5982,76	0,00334	HOLD	99,6434	106,6962
2019-09-20	08:00	10224	10240	10178	10196,4	LONG	0,00167	5982,76	0,00334	HOLD	99,6434	106,6501
2019-09-20	09:00	10195,84	10216,65	10151	10175,43	LONG	0,00167	5982,76	0,00334	HOLD	99,6434	106,6151
2019-09-20	10:00	10175,38	10241	10174,31	10213,72	LONG	0,00167	5982,76	0,00334	HOLD	99,6434	106,679
2019-09-20	11:00	10214,08	10223,81	10188,87	10199,19	LONG	0,00167	5982,76	0,00334	HOLD	99,6434	106,6547
2019-09-20	12:00	10201,21	10202,57	10160	10160	LONG	0,00167	5982,76	0,00334	HOLD	99,6434	106,5893
2019-09-20	13:00	10162,72	10191,95	10150	10169,86	LONG	0,00167	5982,76	0,00334	HOLD	99,6434	106,6058
2019-09-20	14:00	10169,79	10187	10150	10157,22	LONG	0,00167	5982,76	0,00334	HOLD	99,6434	106,5846
2019-09-20	15:00	10157,25	10189,5	10125	10140,95	LONG	0,00167	5982,76	0,00334	HOLD	99,6434	106,5575
2019-09-20	16:00	10141	10149	10125	10144,17	LONG	0,00167	5982,76	0,00334	HOLD	99,6434	106,5628
2019-09-20	17:00	10143,79	10179,47	10143,41	10150	LONG	0,00167	5982,76	0,00334	HOLD	99,6434	106,5726
2019-09-20	18:00	10155,03	10177,05	10141,01	10172,75	LONG	0,00167	5982,76	0,00334	HOLD	99,6434	106,6106
2019-09-20	19:00	10173,82	10231	10167,38	10217,72	LONG	0,00167	5982,76	0,00334	HOLD	99,6434	106,6857
2019-09-20	20:00	10218,8	10227,96	10161,43	10180	LONG	0,00167	5982,76	0,00334	HOLD	99,6434	106,6227
2019-09-20	21:00	10179,98	10192,04	10159,61	10178,95	LONG	0,00167	5982,76	0,00334	HOLD	99,6434	106,6209
2019-09-20	22:00	10179,7	10187,79	10140	10179,82	LONG	0,00167	5982,76	0,00334	HOLD	99,6434	106,6224
2019-09-20	23:00	10181,15	10189,42	10100	10107,7	LONG	0,00167	5982,76	0,00334	HOLD	99,6434	106,5019
2019-09-21	00:00	10107,7	10168,35	10061,39	10121,8	LONG	0,00167	5982,76	0,00334	HOLD	99,6434	106,5255
2019-09-21	01:00	10122,04	10177,9	10122,03	10157,92	LONG	0,00167	5982,76	0,00334	HOLD	99,6434	106,5858
2019-09-21	02:00	10158,49	10188,17	10156,98	10161,53	LONG	0,00167	5982,76	0,00334	HOLD	99,6434	106,5918
2019-09-21	03:00	10161,35	10172,19	10142,15	10145,24	LONG	0,00167	5982,76	0,00334	HOLD	99,6434	106,5646
2019-09-21	04:00	10145,3	10156,23	10066,66	10131,77	LONG	0,00167	5982,76	0,00334	HOLD	99,6434	106,5421
2019-09-21	05:00	10131,37	10156,88	10131,35	10136,02	LONG	0,00167	5982,76	0,00334	HOLD	99,6434	106,5492
2019-09-21	06:00	10137,41	10187	10132,2	10168,59	LONG	0,00167	5982,76	0,00334	HOLD	99,6434	106,6036
2019-09-21	07:00	10167,92	10176,7	10136,04	10158,48	LONG	0,00167	5982,76	0,00334	HOLD	99,6434	106,5867
2019-09-21	08:00	10158,1	10174,99	10145,34	10148,46	LONG	0,00167	5982,76	0,00334	HOLD	99,6434	106,57
2019-09-21	09:00	10148,46	10163,62	10117,21	10123,75	LONG	0,00167	5982,76	0,00334	HOLD	99,6434	106,5287
2019-09-21	10:00	10123,79	10143,19	10115,54	10125,64	LONG	0,00167	5982,76	0,00334	HOLD	99,6434	106,5319
2019-09-21	11:00	10126,86	10127,57	10080,36	10092,95	LONG	0,00167	5982,76	0,00334	HOLD	99,6434	106,4773
2019-09-21	12:00	10092,99	10115,8	10082,06	10099,47	LONG	0,00167	5982,76	0,00334	HOLD	99,6434	106,4882
2019-09-21	13:00	10099,79	10105	9957	10059,96	LONG	0,00167	5982,76	0,00334	HOLD	99,6434	106,4222
2019-09-21	14:00	10059,96	10097	10059,79	10081,42	LONG	0,00167	5982,76	0,00334	HOLD	99,6434	106,4581
2019-09-21	15:00	10081,47	10082,73	9985	10034,6	LONG	0,00167	5982,76	0,00334	HOLD	99,6434	106,3799
2019-09-21	16:00	10034,59	10059,98	9985,01	10000,34	LONG	0,00167	5982,76	0,00334	HOLD	99,6434	106,3227
2019-09-21	17:00	10000,02	10035,2	9982,01	9994,24	LONG	0,00167	5982,76	0,00334	HOLD	99,6434	106,3125
2019-09-21	18:00	9994,27	10067,96	9988	10046,56	LONG	0,00167	5982,76	0,00334	HOLD	99,6434	106,3998
2019-09-21	19:00	10046,58	10049,86	9900	9979,71	LONG	0,00167	5982,76	0,00334	HOLD	99,6434	106,2882
2019-09-21	20:00	9980	10015,9	9937,99	10013,97	LONG	0,00167	5982,76	0,00334	HOLD	99,6434	106,3454
2019-09-21	21:00	10013,93	10019,39	9981,71	9996,63	LONG	0,00167	5982,76	0,00334	HOLD	99,6434	106,3165
2019-09-21	22:00	9996,65	10072,51	9996,61	10037,09	LONG	0,00167	5982,76	0,00334	HOLD	99,6434	106,384
2019-09-21	23:00	10038,43	10058,38	9983,07	10004,67	LONG	0,00167	5982,76	0,00334	HOLD	99,6434	106,3299
2019-09-22	00:00	10003,11	10003,8	9960	9976,78	LONG	0,00167	5982,76	0,00334	HOLD	99,6434	106,2833
2019-09-22	01:00	9976,78	10006,79	9967,85	9992,55	LONG	0,00167	5982,76	0,00334	HOLD	99,6434	106,3096
2019-09-22	02:00	9992,14	10017	9985	10016,73	LONG	0,00167	5982,76	0,00334	HOLD	99,6434	106,35
2019-09-22	03:00	10016,98	10026,41	9970,95	9978,63	LONG	0,00167	5982,76	0,00334	HOLD	99,6434	106,2864
2019-09-22	04:00	9978,62	9990,2	9952,25	9980,81	LONG	0,00167	5982,76	0,00334	HOLD	99,6434	106,29
2019-09-22	05:00	9980,81	10014,09	9941,8	9980,01	LONG	0,00167	5982,76	0,00334	HOLD	99,6434	106,2887
2019-09-22	06:00	9980,01	10016,93	9976,45	9986,39	LONG	0,00167	5982,76	0,00334	HOLD	99,6434	106,2994
2019-09-22	07:00	9985,15	10004,33	9937,71	9960	LONG	0,00167	5982,76	0,00334	HOLD	99,6434	106,2553
2019-09-22	08:00	9960	9973,02	9861,55	9905,51	LONG	0,00167	5982,76	0,00334	HOLD	99,6434	106,1643
2019-09-22	09:00	9906,4	9941,08	9883,17	9922,46	LONG	0,00167	5982,76	0,00334	HOLD	99,6434	106,1926
2019-09-22	10:00	9922,44	9935,97	9870	9873,17	LONG	0,00167	5982,76	0,00334	HOLD	99,6434	106,1103
2019-09-22	11:00	9872,77	9905,65	9853,97	9897,63	LONG	0,00167	5982,76	0,00334	HOLD	99,6434	106,1511
2019-09-22	12:00	9897,65	9984	9882,06	9937,28	LONG	0,00167	5982,76	0,00334	HOLD	99,6434	106,2173
2019-09-22	13:00	9937,19	9959,98	9918,43	9933	LONG	0,00167	5982,76	0,00334	HOLD	99,6434	106,2102
2019-09-22	14:00	9934,07	10053,84	9928,21	10026,57	LONG	0,00167	5982,76	0,00334	HOLD	99,6434	106,3665
2019-09-22	15:00	10026,43	10089	10009	10013,5	LONG	0,00167	5982,76	0,00334	HOLD	99,6434	106,3446
2019-09-22	16:00	10013,5	10025,1	9975,35	10023,57	LONG	0,00167	5982,76	0,00334	HOLD	99,6434	106,3614
2019-09-22	17:00	10024,8	10036,19	9980,99	9999,97	LONG	0,00167	5982,76	0,00334	HOLD	99,6434	106,322
2019-09-22	18:00	9998,84	10025,27	9990	10003,44	LONG	0,00167	5982,76	0,00334	HOLD	99,6434	106,3278
2019-09-22	19:00	10003,44	10050	10000,02	10033,47	LONG	0,00167	5982,76	0,00334	HOLD	99,6434	106,378
2019-09-22	20:00	10034,01	10058,79	9925,5	9986,24	LONG	0,00167	5982,76	0,00334	HOLD	99,6434	106,2991
2019-09-22	21:00	9985,95	10004,28	9941,33	9987,46	LONG	0,00167	5982,76	0,00334	HOLD	99,6434	106,3011
2019-09-22	22:00	9987,38	9992,34	9957	9990,64	LONG	0,00167	5982,76	0,00334	HOLD	99,6434	106,3065
2019-09-22	23:00	9989,87	10029,13	9962,97	10013,93	LONG	0,00167	5982,76	0,00334	HOLD	99,6434	106,3453
2019-09-23	00:00	10013,95	10027,43	9985	9993,95	LONG	0,00167	5982,76	0,00334	HOLD	99,6434	106,312
2019-09-23	01:00	9993,42	10003,89	9945,61	9974,26	LONG	0,00167	5982,76	0,00334	HOLD	99,6434	106,2791
2019-09-23	02:00	9972,93	10000	9968,33	9990,04	LONG	0,00167	5982,76	0,00334	HOLD	99,6434	106,3055
2019-09-23	03:00	9989,45	10038	9982,32	10013,71	LONG	0,00167	5982,76	0,00334	HOLD	99,6434	106,345
2019-09-23	04:00	10013,26	10065,98	9990,61	10054,32	LONG	0,00167	5982,76	0,00334	HOLD	99,6434	106,4128
2019-09-23	05:00	10054,84	10070,2	10007,44	10041,95	LONG	0,00167	5982,76	0,00334	HOLD	99,6434	106,3921
2019-09-23	06:00	10041,97	10075,77	10018,71	10028,87	LONG	0,00167	5982,76	0,00334	HOLD	99,6434	106,3703
2019-09-23	07:00	10028,05	10049,99	9958	9990,82	LONG	0,00167	5982,76	0,00334	HOLD	99,6434	106,3068
2019-09-23	08:00	9991,49	10010,4	9955,2	9986,48	LONG	0,00167	5982,76	0,00334	HOLD	99,6434	106,2995
2019-09-23	09:00	9986,13	10001,19	9962,83	9968,37	LONG	0,00167	5982,76	0,00334	HOLD	99,6434	106,2693
2019-09-23	10:00	9969,3	9980,27	9942,55	9980,27	LONG	0,00167	5982,76	0,00334	HOLD	99,6434	106,2891
2019-09-23	11:00	9980,84	9990,98	9963,83	9979,13	LONG	0,00167	5982,76	0,00334	HOLD	99,6434	106,2872
2019-09-23	12:00	9979,13	9980,45	9940	9955,62	LONG	0,00167	5982,76	0,00334	HOLD	99,6434	106,248
2019-09-23	13:00	9955,59	9958,2	9866	9919,66	LONG	0,00167	5982,76	0,00334	HOLD	99,6434	106,1879
2019-09-23	14:00	9919,55	9934,9	9891,02	9908,94	LONG	0,00167	5982,76	0,00334	HOLD	99,6434	106,17
2019-09-23	15:00	9908,94	9946,25	9904,01	9937,91	LONG	0,00167	5982,76	0,00334	HOLD	99,6434	106,2184
2019-09-23	16:00	9937,85	9971,81	9936,98	9952,02	LONG	0,00167	5982,76	0,00334	HOLD	99,6434	106,242
2019-09-23	17:00	9951,97	9952	9916,12	9922,56	LONG	0,00167	5982,76	0,00334	HOLD	99,6434	106,1928
2019-09-23	18:00	9922,51	9951,49	9915	9915,08	LONG	0,00167	5982,76	0,00334	HOLD	99,6434	106,1803
2019-09-23	19:00	9916,35	9934,36	9880,44	9921,86	LONG	0,00167	5982,76	0,00334	HOLD	99,6434	106,1916
2019-09-23	20:00	9922,99	9929,89	9890	9905,29	LONG	0,00167	5982,76	0,00334	HOLD	99,6434	106,1639
2019-09-23	21:00	9905,3	9955	9711	9909,82	LONG	0,00167	5982,76	0,00334	HOLD	99,6434	106,1715
2019-09-23	22:00	9911	9947,49	9845,1	9867,01	LONG	0,00167	5982,76	0,00334	HOLD	99,6434	106,1
2019-09-23	23:00	9867,32	9884,96	9776	9813,5	LONG	0,00167	5982,76	0,00334	HOLD	99,6434	106,0106
2019-09-24	00:00	9814,44	9836,7	9781,3	9792,37	LONG	0,00167	5982,76	0,00334	HOLD	99,6434	105,9753
2019-09-24	01:00	9792,46	9846,88	9780	9827,12	LONG	0,00167	5982,76	0,00334	HOLD	99,6434	106,0334
2019-09-24	02:00	9825,92	9839,94	9790,4	9806,08	LONG	0,00167	5982,76	0,00334	HOLD	99,6434	105,9982
2019-09-24	03:00	9806,19	9829,8	9762,09	9774,12	LONG	0,00167	5982,76	0,00334	HOLD	99,6434	105,9449
2019-09-24	04:00	9774,12	9840	9666	9753,15	LONG	0,00167	5982,76	0,00334	HOLD	99,6434	105,9098
2019-09-24	05:00	9753,15	9755,41	9615,77	9716,3	LONG	0,00167	5982,76	0,00334	HOLD	99,6434	105,8483
2019-09-24	06:00	9716,3	9739,72	9673,7	9702,25	LONG	0,00167	5982,76	0,00334	HOLD	99,6434	105,8248
2019-09-24	07:00	9702,2	9749,9	9604	9747,36	LONG	0,00167	5982,76	0,00334	HOLD	99,6434	105,9002
2019-09-24	08:00	9748,19	9794,99	9722,39	9725,15	LONG	0,00167	5982,76	0,00334	HOLD	99,6434	105,8631
2019-09-24	09:00	9726,44	9755	9690,08	9720,56	LONG	0,00167	5982,76	0,00334	HOLD	99,6434	105,8554
2019-09-24	10:00	9720,67	9741,81	9681,81	9719,98	LONG	0,00167	5982,76	0,00334	HOLD	99,6434	105,8545
2019-09-24	11:00	9719,99	9748,2	9686,83	9722,61	LONG	0,00167	5982,76	0,00334	HOLD	99,6434	105,8588
2019-09-24	12:00	9722,82	9769	9720	9765,02	LONG	0,00167	5982,76	0,00334	HOLD	99,6434	105,9297
2019-09-24	13:00	9765,69	9792	9737,65	9739,53	LONG	0,00167	5982,76	0,00334	HOLD	99,6434	105,8871
2019-09-24	14:00	9740,13	9775,48	9732,24	9755,74	LONG	0,00167	5982,76	0,00334	HOLD	99,6434	105,9142
2019-09-24	15:00	9755,88	9771,64	9700	9722,97	LONG	0,00167	5982,76	0,00334	HOLD	99,6434	105,8594
2019-09-24	16:00	9722,97	9748,29	9681	9733,66	LONG	0,00167	5982,76	0,00334	HOLD	99,6434	105,8773
2019-09-24	17:00	9734,54	9748,01	9714,81	9734,65	LONG	0,00167	5982,76	0,00334	HOLD	99,6434	105,879
2019-09-24	18:00	9733,21	9770	9700	9726,04	LONG	0,00167	5982,76	0,00334	HOLD	99,6434	105,8646
2019-09-24	19:00	9726,04	9730,42	9656,99	9684,49	LONG	0,00167	5982,76	0,00334	HOLD	99,6434	105,7952
2019-09-24	20:00	9685,14	9687,25	9580	9632,9	LONG	0,00167	5982,76	0,00334	HOLD	99,6434	105,709
2019-09-24	21:00	9632,91	9636,5	9509	9522,05	LONG	0,00167	5982,76	0,00334	HOLD	99,6434	105,5239
2019-09-24	22:00	9522,08	9580,98	9410	9527,31	LONG	0,00167	5982,76	0,00334	HOLD	99,6434	105,5327
2019-09-24	23:00	9529,38	9603,08	9467	9504,47	LONG	0,00167	5982,76	0,00334	HOLD	99,6434	105,4946
2019-09-25	00:00	9502,6	9525	9450	9484,55	LONG	0,00167	5982,76	0,00334	HOLD	99,6434	105,4613
2019-09-25	01:00	9484,55	9491,51	8600,02	8635,95	LONG	0,00167	5982,76	0,00334	HOLD	99,6434	104,0441
2019-09-25	02:00	8635,94	8828,16	7800	8367,78	LONG	0,00167	5982,76	0,00334	HOLD	99,6434	103,5963
2019-09-25	03:00	8362,08	8670	8128	8564,87	LONG	0,00167	5982,76	0,00334	HOLD	99,6434	103,9254
2019-09-25	04:00	8562,05	8730,07	8459,87	8636,77	LONG	0,00167	5982,76	0,00334	HOLD	99,6434	104,0455
2019-09-25	05:00	8636,77	8738,69	8603,83	8656,76	LONG	0,00167	5982,76	0,00334	HOLD	99,6434	104,0789
2019-09-25	06:00	8656,76	8765	8451,01	8493,14	LONG	0,00167	5982,76	0,00334	HOLD	99,6434	103,8056
2019-09-25	07:00	8497,55	8725	8490,47	8674,46	LONG	0,00167	5982,76	0,00334	HOLD	99,6434	104,1084
2019-09-25	08:00	8674,43	8730	8628,24	8696,24	LONG	0,00167	5982,76	0,00334	HOLD	99,6434	104,1448
2019-09-25	09:00	8695	8712,38	8558,77	8589,45	LONG	0,00167	5982,76	0,00334	HOLD	99,6434	103,9665
2019-09-25	10:00	8589,14	8627,94	8541,06	8565,61	LONG	0,00167	5982,76	0,00334	HOLD	99,6434	103,9267
2019-09-25	11:00	8565,61	8590	8408	8504,41	LONG	0,00167	5982,76	0,00334	HOLD	99,6434	103,8245
2019-09-25	12:00	8502,18	8530	8430,05	8494,55	LONG	0,00167	5982,76	0,00334	HOLD	99,6434	103,808
2019-09-25	13:00	8494,6	8542,28	8457	8457,02	LONG	0,00167	5982,76	0,00334	HOLD	99,6434	103,7453
2019-09-25	14:00	8458,17	8477,39	8310	8328,16	LONG	0,00167	5982,76	0,00334	HOLD	99,6434	103,5301
2019-09-25	15:00	8328,16	8395,25	8215,64	8251,15	LONG	0,00167	5982,76	0,00334	HOLD	99,6434	103,4015
2019-09-25	16:00	8251,13	8407,64	8245,8	8392,57	LONG	0,00167	5982,76	0,00334	HOLD	99,6434	103,6377
2019-09-25	17:00	8392,57	8460	8354,46	8417,34	LONG	0,00167	5982,76	0,00334	HOLD	99,6434	103,679
2019-09-25	18:00	8416,85	8435,3	8291,55	8326,64	LONG	0,00167	5982,76	0,00334	HOLD	99,6434	103,5276
2019-09-25	19:00	8324,15	8367,72	8240,7	8304,71	LONG	0,00167	5982,76	0,00334	HOLD	99,6434	103,491
2019-09-25	20:00	8304,31	8448	8283,86	8393,68	LONG	0,00167	5982,76	0,00334	HOLD	99,6434	103,6395
2019-09-25	21:00	8393,68	8455	8361,64	8370,48	LONG	0,00167	5982,76	0,00334	HOLD	99,6434	103,6008
2019-09-25	22:00	8370,75	8422,97	8286,52	8299,95	LONG	0,00167	5982,76	0,00334	HOLD	99,6434	103,483
2019-09-25	23:00	8299,94	8354,97	8230	8346,61	LONG	0,00167	5982,76	0,00334	HOLD	99,6434	103,5609
2019-09-26	00:00	8346,71	8412	8327,06	8371,06	LONG	0,00167	5982,76	0,00334	HOLD	99,6434	103,6018
2019-09-26	01:00	8371,45	8398,58	8312	8344,57	LONG	0,00167	5982,76	0,00334	HOLD	99,6434	103,5575
2019-09-26	02:00	8342,27	8365	8315	8348,64	LONG	0,00167	5982,76	0,00334	HOLD	99,6434	103,5643
2019-09-26	03:00	8349,89	8521,91	8341,5	8495,12	LONG	0,00167	5982,76	0,00334	HOLD	99,6434	103,8089
2019-09-26	04:00	8494,87	8577,96	8461,01	8575,52	LONG	0,00167	5982,76	0,00334	HOLD	99,6434	103,9432
2019-09-26	05:00	8575,52	8629,96	8426,71	8434,94	LONG	0,00167	5982,76	0,00334	HOLD	99,6434	103,7084
2019-09-26	06:00	8434,29	8458,99	8328	8430,05	LONG	0,00167	5982,76	0,00334	HOLD	99,6434	103,7003
2019-09-26	07:00	8430,05	8444,3	8372,14	8384,21	LONG	0,00167	5982,76	0,00334	HOLD	99,6434	103,6237
2019-09-26	08:00	8384,21	8412,65	8342,83	8348,13	LONG	0,00167	5982,76	0,00334	HOLD	99,6434	103,5635
2019-09-26	09:00	8347,4	8389,02	8317,47	8366,84	LONG	0,00167	5982,76	0,00334	HOLD	99,6434	103,5947
2019-09-26	10:00	8367,21	8400	8344,17	8361,42	LONG	0,00167	5982,76	0,00334	HOLD	99,6434	103,5857
2019-09-26	11:00	8362,32	8385	8335	8363,2	LONG	0,00167	5982,76	0,00334	HOLD	99,6434	103,5886
2019-09-26	12:00	8360,28	8421,9	8360,19	8388,87	LONG	0,00167	5982,76	0,00334	HOLD	99,6434	103,6315
2019-09-26	13:00	8388,89	8432,21	8386,57	8389,11	LONG	0,00167	5982,76	0,00334	HOLD	99,6434	103,6319
2019-09-26	14:00	8389	8409	8363,63	8378,98	LONG	0,00167	5982,76	0,00334	HOLD	99,6434	103,615
2019-09-26	15:00	8379,62	8427,52	8365,81	8409,28	LONG	0,00167	5982,76	0,00334	HOLD	99,6434	103,6656
2019-09-26	16:00	8409,29	8465,99	8400	8443,47	LONG	0,00167	5982,76	0,00334	HOLD	99,6434	103,7227
2019-09-26	17:00	8443,41	8457,54	8409	8449,56	LONG	0,00167	5982,76	0,00334	HOLD	99,6434	103,7329
2019-09-26	18:00	8448,48	8449,58	8386	8386,35	LONG	0,00167	5982,76	0,00334	HOLD	99,6434	103,6273
2019-09-26	19:00	8386,39	8439,99	8384	8420,12	LONG	0,00167	5982,76	0,00334	HOLD	99,6434	103,6837
2019-09-26	20:00	8421,25	8431	8027	8261,29	LONG	0,00167	5982,76	0,00334	HOLD	99,6434	103,4184
2019-09-26	21:00	8259,15	8400	8099,38	8188,8	LONG	0,00167	5982,76	0,00334	HOLD	99,6434	103,2974
2019-09-26	22:00	8188,08	8228,04	7849,99	7920	LONG	0,00167	5982,76	0,00334	HOLD	99,6434	102,8485
2019-09-26	23:00	7920,08	8032	7750	7954,53	LONG	0,00167	5982,76	0,00334	HOLD	99,6434	102,9062
2019-09-27	00:00	7947,88	7982,73	7866,5	7924,15	LONG	0,00167	5982,76	0,00334	HOLD	99,6434	102,8554
2019-09-27	01:00	7923,46	8165,53	7905	8121,7	LONG	0,00167	5982,76	0,00334	HOLD	99,6434	103,1853
2019-09-27	02:00	8120,7	8132	8035	8131	LONG	0,00167	5982,76	0,00334	HOLD	99,6434	103,2009
2019-09-27	03:00	8131,99	8159	8073,82	8092,62	LONG	0,00167	5982,76	0,00334	HOLD	99,6434	103,1368
2019-09-27	04:00	8092,02	8092,61	8003,64	8079,87	LONG	0,00167	5982,76	0,00334	HOLD	99,6434	103,1155
2019-09-27	05:00	8079,87	8132,96	8014,34	8116,6	LONG	0,00167	5982,76	0,00334	HOLD	99,6434	103,1768
2019-09-27	06:00	8113,48	8134	8051	8063,73	LONG	0,00167	5982,76	0,00334	HOLD	99,6434	103,0885
2019-09-27	07:00	8063,49	8096,07	7929	7968,1	LONG	0,00167	5982,76	0,00334	HOLD	99,6434	102,9288
2019-09-27	08:00	7968,11	8014,03	7912,95	8007,12	LONG	0,00167	5982,76	0,00334	HOLD	99,6434	102,994
2019-09-27	09:00	8007,26	8026,36	7957,92	7990	LONG	0,00167	5982,76	0,00334	HOLD	99,6434	102,9654
2019-09-27	10:00	7990,01	8051,91	7989,08	8022,87	LONG	0,00167	5982,76	0,00334	HOLD	99,6434	103,0203
2019-09-27	11:00	8022,47	8040,84	7974,04	7991,96	LONG	0,00167	5982,76	0,00334	HOLD	99,6434	102,9687
2019-09-27	12:00	7991,25	7998	7953,08	7978,13	LONG	0,00167	5982,76	0,00334	HOLD	99,6434	102,9456
2019-09-27	13:00	7978,15	8029,99	7978,15	8029,64	LONG	0,00167	5982,76	0,00334	HOLD	99,6434	103,0316
2019-09-27	14:00	8029,65	8087,06	8020,72	8057,51	LONG	0,00167	5982,76	0,00334	HOLD	99,6434	103,0781
2019-09-27	15:00	8057,51	8130	8057,51	8078,58	LONG	0,00167	5982,76	0,00334	HOLD	99,6434	103,1133
2019-09-27	16:00	8078,02	8082,99	8016,59	8052,8	LONG	0,00167	5982,76	0,00334	HOLD	99,6434	103,0703
2019-09-27	17:00	8052,8	8084,69	8034	8064,13	LONG	0,00167	5982,76	0,00334	HOLD	99,6434	103,0892
2019-09-27	18:00	8064,11	8068,27	7947	7987,65	LONG	0,00167	5982,76	0,00334	HOLD	99,6434	102,9615
2019-09-27	19:00	7988,18	8043,47	7949	7991,66	LONG	0,00167	5982,76	0,00334	HOLD	99,6434	102,9682
2019-09-27	20:00	7991,52	8027,73	7977,8	7999,36	LONG	0,00167	5982,76	0,00334	HOLD	99,6434	102,981
2019-09-27	21:00	7999,35	8100	7947	7970,66	LONG	0,00167	5982,76	0,00334	HOLD	99,6434	102,9331
2019-09-27	22:00	7970,66	8000	7852,15	7981,71	LONG	0,00167	5982,76	0,00334	HOLD	99,6434	102,9515
2019-09-27	23:00	7978,53	8048,89	7932,18	8002,84	LONG	0,00167	5982,76	0,00334	HOLD	99,6434	102,9868
2019-09-28	00:00	8003,11	8050	7977,5	8032,64	LONG	0,00167	5982,76	0,00334	HOLD	99,6434	103,0366
2019-09-28	01:00	8030,82	8055	8007,59	8029,66	LONG	0,00167	5982,76	0,00334	HOLD	99,6434	103,0316
2019-09-28	02:00	8029,94	8063,75	7980	7991,24	LONG	0,00167	5982,76	0,00334	HOLD	99,6434	102,9675
2019-09-28	03:00	7991,65	8088	7977	8045,58	LONG	0,00167	5982,76	0,00334	HOLD	99,6434	103,0582
2019-09-28	04:00	8046,26	8263,15	8032,04	8215,02	LONG	0,00167	5982,76	0,00334	HOLD	99,6434	103,3412
2019-09-28	05:00	8215,04	8265	8167	8172,57	LONG	0,00167	5982,76	0,00334	HOLD	99,6434	103,2703
2019-09-28	06:00	8172,56	8194,82	8136,01	8177,91	LONG	0,00167	5982,76	0,00334	HOLD	99,6434	103,2792
2019-09-28	07:00	8177,47	8211,79	8155,81	8197,94	LONG	0,00167	5982,76	0,00334	HOLD	99,6434	103,3126
2019-09-28	08:00	8196,96	8197,51	8150	8157,17	LONG	0,00167	5982,76	0,00334	HOLD	99,6434	103,2446
2019-09-28	09:00	8157,27	8172,51	8120,02	8167,29	LONG	0,00167	5982,76	0,00334	HOLD	99,6434	103,2615
2019-09-28	10:00	8169,08	8176,92	8142,42	8163,49	LONG	0,00167	5982,76	0,00334	HOLD	99,6434	103,2551
2019-09-28	11:00	8166,62	8180	8153,46	8170,51	LONG	0,00167	5982,76	0,00334	HOLD	99,6434	103,2668
2019-09-28	12:00	8171	8171,49	8144,23	8155,06	LONG	0,00167	5982,76	0,00334	HOLD	99,6434	103,241
2019-09-28	13:00	8154,82	8164,08	8140,05	8151,62	LONG	0,00167	5982,76	0,00334	HOLD	99,6434	103,2353
2019-09-28	14:00	8151,62	8237,41	8151,62	8213,24	LONG	0,00167	5982,76	0,00334	HOLD	99,6434	103,3382
2019-09-28	15:00	8215,44	8219,39	8171,12	8185	LONG	0,00167	5982,76	0,00334	HOLD	99,6434	103,291
2019-09-28	16:00	8185	8228,19	8171,59	8224	LONG	0,00167	5982,76	0,00334	HOLD	99,6434	103,3562
2019-09-28	17:00	8224	8249	8162,14	8182,16	LONG	0,00167	5982,76	0,00334	HOLD	99,6434	103,2863
2019-09-28	18:00	8181,77	8183,36	8121	8134,89	LONG	0,00167	5982,76	0,00334	HOLD	99,6434	103,2074
2019-09-28	19:00	8134,89	8138,39	8041	8082,17	LONG	0,00167	5982,76	0,00334	HOLD	99,6434	103,1193
2019-09-28	20:00	8081,71	8121,37	8031,12	8118,39	LONG	0,00167	5982,76	0,00334	HOLD	99,6434	103,1798
2019-09-28	21:00	8118,39	8118,54	8044	8072,96	LONG	0,00167	5982,76	0,00334	HOLD	99,6434	103,1039
2019-09-28	22:00	8072,75	8073,05	8001,09	8069,47	LONG	0,00167	5982,76	0,00334	HOLD	99,6434	103,0981
2019-09-28	23:00	8067,54	8134,91	8040	8091,5	LONG	0,00167	5982,76	0,00334	HOLD	99,6434	103,1349
2019-09-29	00:00	8093,33	8178,97	8087,09	8144,95	LONG	0,00167	5982,76	0,00334	HOLD	99,6434	103,2242
2019-09-29	01:00	8144,95	8183,9	8121,62	8136,76	LONG	0,00167	5982,76	0,00334	HOLD	99,6434	103,2105
2019-09-29	02:00	8136,84	8155,62	8095,31	8146,83	LONG	0,00167	5982,76	0,00334	HOLD	99,6434	103,2273
2019-09-29	03:00	8146,83	8177,96	8121,4	8150,1	LONG	0,00167	5982,76	0,00334	HOLD	99,6434	103,2328
2019-09-29	04:00	8149,04	8164,37	8120	8127,89	LONG	0,00167	5982,76	0,00334	HOLD	99,6434	103,1957
2019-09-29	05:00	8127,89	8315	8060,02	8144,25	LONG	0,00167	5982,76	0,00334	HOLD	99,6434	103,223
2019-09-29	06:00	8146,55	8231,98	8129,16	8198,81	LONG	0,00167	5982,76	0,00334	HOLD	99,6434	103,3141
2019-09-29	07:00	8199,38	8229,13	8162,28	8202,6	LONG	0,00167	5982,76	0,00334	HOLD	99,6434	103,3204
2019-09-29	08:00	8201,69	8204,97	8162,99	8173,92	LONG	0,00167	5982,76	0,00334	HOLD	99,6434	103,2725
2019-09-29	09:00	8173,91	8175,74	8150,59	8152,47	LONG	0,00167	5982,76	0,00334	HOLD	99,6434	103,2367
2019-09-29	10:00	8152,45	8168,59	8120,31	8132,03	LONG	0,00167	5982,76	0,00334	HOLD	99,6434	103,2026
2019-09-29	11:00	8130,04	8143,43	8095,28	8115,6	LONG	0,00167	5982,76	0,00334	HOLD	99,6434	103,1751
2019-09-29	12:00	8115,67	8135,28	8095,47	8118,98	LONG	0,00167	5982,76	0,00334	HOLD	99,6434	103,1808
2019-09-29	13:00	8118,03	8121,08	8075	8081,1	LONG	0,00167	5982,76	0,00334	HOLD	99,6434	103,1175
2019-09-29	14:00	8080,5	8097,72	8040	8086,51	LONG	0,00167	5982,76	0,00334	HOLD	99,6434	103,1266
2019-09-29	15:00	8086,59	8115,46	8082,09	8084,63	LONG	0,00167	5982,76	0,00334	HOLD	99,6434	103,1234
2019-09-29	16:00	8085	8116	8066,55	8097,47	LONG	0,00167	5982,76	0,00334	HOLD	99,6434	103,1449
2019-09-29	17:00	8097,06	8106,22	8050	8074,28	LONG	0,00167	5982,76	0,00334	HOLD	99,6434	103,1061
2019-09-29	18:00	8075,44	8095,87	8031,25	8074,16	LONG	0,00167	5982,76	0,00334	HOLD	99,6434	103,1059
2019-09-29	19:00	8073,86	8078	7908,08	7995,96	LONG	0,00167	5982,76	0,00334	HOLD	99,6434	102,9753
2019-09-29	20:00	7995,02	8050	7965,43	7995,67	LONG	0,00167	5982,76	0,00334	HOLD	99,6434	102,9749
2019-09-29	21:00	7996,23	8039	7963,36	7971,15	LONG	0,00167	5982,76	0,00334	HOLD	99,6434	102,9339
2019-09-29	22:00	7969,31	7990	7890	7965,57	LONG	0,00167	5982,76	0,00334	HOLD	99,6434	102,9246
2019-09-29	23:00	7965,56	8035	7926,37	8030,75	LONG	0,00167	5982,76	0,00334	HOLD	99,6434	103,0334
2019-09-30	00:00	8031,17	8032,32	7981,58	7991,93	LONG	0,00167	5982,76	0,00334	HOLD	99,6434	102,9686
2019-09-30	01:00	7991,92	8018,01	7955	7981,66	LONG	0,00167	5982,76	0,00334	HOLD	99,6434	102,9515
2019-09-30	02:00	7981,66	8008,15	7917,84	7950,69	LONG	0,00167	5982,76	0,00334	HOLD	99,6434	102,8997
2019-09-30	03:00	7953,09	8004	7918,98	7990	LONG	0,00167	5982,76	0,00334	HOLD	99,6434	102,9654
2019-09-30	04:00	7990	8099	7970	8039,86	LONG	0,00167	5982,76	0,00334	HOLD	99,6434	103,0487
2019-09-30	05:00	8039,86	8131,03	8019,09	8074,67	LONG	0,00167	5982,76	0,00334	HOLD	99,6434	103,1068
2019-09-30	06:00	8074,07	8096,01	8038,48	8043,82	LONG	0,00167	5982,76	0,00334	HOLD	99,6434	103,0553
2019-09-30	07:00	8043,04	8056,55	7970	8008,59	LONG	0,00167	5982,76	0,00334	HOLD	99,6434	102,9964
2019-09-30	08:00	8006,77	8024,13	7963,86	8022,03	LONG	0,00167	5982,76	0,00334	HOLD	99,6434	103,0189
2019-09-30	09:00	8022,03	8023,42	7966,3	7986,06	LONG	0,00167	5982,76	0,00334	HOLD	99,6434	102,9588
2019-09-30	10:00	7984,63	7991,52	7955	7972,13	LONG	0,00167	5982,76	0,00334	HOLD	99,6434	102,9355
2019-09-30	11:00	7972,11	7975	7710	7822,83	LONG	0,00167	5982,76	0,00334	HOLD	99,6434	102,6862
2019-09-30	12:00	7822,83	7862,74	7765,5	7799,62	LONG	0,00167	5982,76	0,00334	HOLD	99,6434	102,6475
2019-09-30	13:00	7798,92	7819	7733	7754,54	LONG	0,00167	5982,76	0,00334	HOLD	99,6434	102,5722
2019-09-30	14:00	7754,5	7823,94	7740	7794,42	LONG	0,00167	5982,76	0,00334	HOLD	99,6434	102,6388
2019-09-30	15:00	7794,74	7900	7775,02	7866,92	LONG	0,00167	5982,76	0,00334	HOLD	99,6434	102,7598
2019-09-30	16:00	7867,39	8040	7842	8002,64	LONG	0,00167	5982,76	0,00334	HOLD	99,6434	102,9865
2019-09-30	17:00	8003,52	8088	7986,14	8042,09	LONG	0,00167	5982,76	0,00334	HOLD	99,6434	103,0524
2019-09-30	18:00	8042,21	8099	8010,8	8031,3	LONG	0,00167	5982,76	0,00334	HOLD	99,6434	103,0344
2019-09-30	19:00	8033,33	8056,47	7982,56	7998,49	LONG	0,00167	5982,76	0,00334	HOLD	99,6434	102,9796
2019-09-30	20:00	7997,94	8152,8	7997,91	8114,76	LONG	0,00167	5982,76	0,00334	HOLD	99,6434	103,1737
2019-09-30	21:00	8114,99	8257	8090,42	8201,57	LONG	0,00167	5982,76	0,00334	HOLD	99,6434	103,3187
2019-09-30	22:00	8201,54	8300	8200,26	8283,85	LONG	0,00167	5982,76	0,00334	HOLD	99,6434	103,4561
2019-09-30	23:00	8284,01	8337,26	8232,05	8260,01	LONG	0,00167	5982,76	0,00334	HOLD	99,6434	103,4163
2019-10-01	00:00	8260,01	8268,58	8188	8230,78	LONG	0,00167	5982,76	0,00334	HOLD	99,6434	103,3675
2019-10-01	01:00	8230,8	8295,82	8230,78	8258,96	LONG	0,00167	5982,76	0,00334	HOLD	99,6434	103,4145
2019-10-01	02:00	8259,74	8274	8232,35	8269,53	LONG	0,00167	5982,76	0,00334	HOLD	99,6434	103,4322
2019-10-01	03:00	8269,34	8275	8163,36	8214,67	LONG	0,00167	5982,76	0,00334	HOLD	99,6434	103,3406
2019-10-01	04:00	8213,46	8270	8171	8233,45	LONG	0,00167	5982,76	0,00334	HOLD	99,6434	103,3719
2019-10-01	05:00	8233,49	8273,55	8201	8218,58	LONG	0,00167	5982,76	0,00334	HOLD	99,6434	103,3471
2019-10-01	06:00	8219,33	8295	8217,93	8289,34	LONG	0,00167	5982,76	0,00334	HOLD	99,6434	103,4653
2019-10-01	07:00	8289,97	8310,08	8188	8199,66	LONG	0,00167	5982,76	0,00334	HOLD	99,6434	103,3155
2019-10-01	08:00	8199,21	8295	8173,05	8269,83	LONG	0,00167	5982,76	0,00334	HOLD	99,6434	103,4327
2019-10-01	09:00	8269,83	8438,05	8265,14	8412,87	LONG	0,00167	5982,76	0,00334	HOLD	99,6434	103,6716
2019-10-01	10:00	8412,16	8500	8396,08	8396,93	LONG	0,00167	5982,76	0,00334	HOLD	99,6434	103,645
2019-10-01	11:00	8397,21	8470,5	8386	8423,57	LONG	0,00167	5982,76	0,00334	HOLD	99,6434	103,6894
2019-10-01	12:00	8423,57	8440	8400	8419,86	LONG	0,00167	5982,76	0,00334	HOLD	99,6434	103,6833
2019-10-01	13:00	8419,6	8420	8340,74	8386,33	LONG	0,00167	5982,76	0,00334	HOLD	99,6434	103,6273
2019-10-01	14:00	8386,35	8418,92	8346,38	8407,12	LONG	0,00167	5982,76	0,00334	HOLD	99,6434	103,662
2019-10-01	15:00	8405,87	8412,72	8345	8376,28	LONG	0,00167	5982,76	0,00334	HOLD	99,6434	103,6105
2019-10-01	16:00	8377,68	8378,41	8290	8317,13	LONG	0,00167	5982,76	0,00334	HOLD	99,6434	103,5117
2019-10-01	17:00	8318,08	8359,79	8296,34	8305,97	LONG	0,00167	5982,76	0,00334	HOLD	99,6434	103,4931
2019-10-01	18:00	8305,97	8353,99	8282,06	8353,42	LONG	0,00167	5982,76	0,00334	HOLD	99,6434	103,5723
2019-10-01	19:00	8353,35	8428,02	8295	8314,32	LONG	0,00167	5982,76	0,00334	HOLD	99,6434	103,507
2019-10-01	20:00	8314,92	8380	8270,22	8343,56	LONG	0,00167	5982,76	0,00334	HOLD	99,6434	103,5558
2019-10-01	21:00	8343,56	8360,99	8311,85	8335,12	LONG	0,00167	5982,76	0,00334	HOLD	99,6434	103,5417
2019-10-01	22:00	8334,55	8371	8305	8365,5	LONG	0,00167	5982,76	0,00334	HOLD	99,6434	103,5925
2019-10-01	23:00	8365,87	8465	8321,99	8429,27	LONG	0,00167	5982,76	0,00334	HOLD	99,6434	103,699
2019-10-02	00:00	8428,79	8497	8235	8277,22	LONG	0,00167	5982,76	0,00334	HOLD	99,6434	103,445
2019-10-02	01:00	8277,48	8333,2	8241,38	8289	LONG	0,00167	5982,76	0,00334	HOLD	99,6434	103,4647
2019-10-02	02:00	8289	8302,63	8225,38	8302,6	LONG	0,00167	5982,76	0,00334	HOLD	99,6434	103,4874
2019-10-02	03:00	8302,6	8399	8275	8347	LONG	0,00167	5982,76	0,00334	HOLD	99,6434	103,5616
2019-10-02	04:00	8347	8393,97	8283	8299,92	LONG	0,00167	5982,76	0,00334	HOLD	99,6434	103,483
2019-10-02	05:00	8299,9	8346,04	8270,01	8326,38	LONG	0,00167	5982,76	0,00334	HOLD	99,6434	103,5271
2019-10-02	06:00	8326,87	8365	8265,08	8292,44	LONG	0,00167	5982,76	0,00334	HOLD	99,6434	103,4705
2019-10-02	07:00	8292,67	8329	8265	8285,16	LONG	0,00167	5982,76	0,00334	HOLD	99,6434	103,4583
2019-10-02	08:00	8285,07	8330	8274,77	8279,35	LONG	0,00167	5982,76	0,00334	HOLD	99,6434	103,4486
2019-10-02	09:00	8279,26	8303,32	8245	8247,85	LONG	0,00167	5982,76	0,00334	HOLD	99,6434	103,396
2019-10-02	10:00	8247,87	8260	8205	8244,94	LONG	0,00167	5982,76	0,00334	HOLD	99,6434	103,3911
2019-10-02	11:00	8244,48	8258,9	8181,02	8209,45	LONG	0,00167	5982,76	0,00334	HOLD	99,6434	103,3319
2019-10-02	12:00	8211,46	8225	8151,22	8161,84	LONG	0,00167	5982,76	0,00334	HOLD	99,6434	103,2524
2019-10-02	13:00	8165,34	8219,96	8162	8212,54	LONG	0,00167	5982,76	0,00334	HOLD	99,6434	103,337
2019-10-02	14:00	8212,54	8240,85	8202,03	8204,36	LONG	0,00167	5982,76	0,00334	HOLD	99,6434	103,3234
2019-10-02	15:00	8204,36	8276,97	8202	8237,94	LONG	0,00167	5982,76	0,00334	HOLD	99,6434	103,3794
2019-10-02	16:00	8237,59	8267,26	8220,46	8234,67	LONG	0,00167	5982,76	0,00334	HOLD	99,6434	103,374
2019-10-02	17:00	8235	8258,78	8211,05	8255,93	LONG	0,00167	5982,76	0,00334	HOLD	99,6434	103,4095
2019-10-02	18:00	8255,47	8289	8225,53	8269,04	LONG	0,00167	5982,76	0,00334	HOLD	99,6434	103,4314
2019-10-02	19:00	8268,67	8300	8208	8229,1	LONG	0,00167	5982,76	0,00334	HOLD	99,6434	103,3647
2019-10-02	20:00	8230,4	8261,04	8200	8216,8	LONG	0,00167	5982,76	0,00334	HOLD	99,6434	103,3441
2019-10-02	21:00	8216,79	8250	8187,29	8236,44	LONG	0,00167	5982,76	0,00334	HOLD	99,6434	103,3769
2019-10-02	22:00	8237	8250	8211,31	8239,98	LONG	0,00167	5982,76	0,00334	HOLD	99,6434	103,3829
2019-10-02	23:00	8239,98	8271	8208,02	8218,88	LONG	0,00167	5982,76	0,00334	HOLD	99,6434	103,3476
2019-10-03	00:00	8218,88	8239,75	8182,15	8230,16	LONG	0,00167	5982,76	0,00334	HOLD	99,6434	103,3665
2019-10-03	01:00	8230,6	8264	8219,49	8233,13	LONG	0,00167	5982,76	0,00334	HOLD	99,6434	103,3714
2019-10-03	02:00	8233,23	8263,36	8221,46	8257,26	LONG	0,00167	5982,76	0,00334	HOLD	99,6434	103,4117
2019-10-03	03:00	8257,05	8269,2	8213,08	8224,1	LONG	0,00167	5982,76	0,00334	HOLD	99,6434	103,3563
2019-10-03	04:00	8224,82	8258	8223,97	8256,48	LONG	0,00167	5982,76	0,00334	HOLD	99,6434	103,4104
2019-10-03	05:00	8256,41	8279,56	8231,42	8266,64	LONG	0,00167	5982,76	0,00334	HOLD	99,6434	103,4274
2019-10-03	06:00	8266,64	8373,91	8266,01	8359,94	LONG	0,00167	5982,76	0,00334	HOLD	99,6434	103,5832
2019-10-03	07:00	8360	8393	8314,01	8318,42	LONG	0,00167	5982,76	0,00334	HOLD	99,6434	103,5138
2019-10-03	08:00	8319,11	8344,8	8307,77	8319,68	LONG	0,00167	5982,76	0,00334	HOLD	99,6434	103,516
2019-10-03	09:00	8319,68	8345	8317,79	8342,75	LONG	0,00167	5982,76	0,00334	HOLD	99,6434	103,5545
2019-10-03	10:00	8342,91	8344,8	8324,59	8327,52	LONG	0,00167	5982,76	0,00334	HOLD	99,6434	103,529
2019-10-03	11:00	8327,65	8367,57	8327,65	8332,43	LONG	0,00167	5982,76	0,00334	HOLD	99,6434	103,5372
2019-10-03	12:00	8332,27	8345,36	8258,33	8281,36	LONG	0,00167	5982,76	0,00334	HOLD	99,6434	103,452
2019-10-03	13:00	8281,26	8300,39	8258,41	8260,82	LONG	0,00167	5982,76	0,00334	HOLD	99,6434	103,4177
2019-10-03	14:00	8258,53	8276,08	8241	8261,43	LONG	0,00167	5982,76	0,00334	HOLD	99,6434	103,4187
2019-10-03	15:00	8261,43	8293,29	8237,28	8291,14	LONG	0,00167	5982,76	0,00334	HOLD	99,6434	103,4683
2019-10-03	16:00	8291,22	8299,24	8250	8267,96	LONG	0,00167	5982,76	0,00334	HOLD	99,6434	103,4296
2019-10-03	17:00	8267,45	8269,51	8185,38	8215,23	LONG	0,00167	5982,76	0,00334	HOLD	99,6434	103,3415
2019-10-03	18:00	8214,74	8235,21	8200	8217,02	LONG	0,00167	5982,76	0,00334	HOLD	99,6434	103,3445
2019-10-03	19:00	8218,66	8247,4	8205,05	8227,25	LONG	0,00167	5982,76	0,00334	HOLD	99,6434	103,3616
2019-10-03	20:00	8227,27	8242	8207,1	8219,48	LONG	0,00167	5982,76	0,00334	HOLD	99,6434	103,3486
2019-10-03	21:00	8220,66	8220,67	8060	8100,15	LONG	0,00167	5982,76	0,00334	HOLD	99,6434	103,1493
2019-10-03	22:00	8100,99	8139,79	8075,58	8108,14	LONG	0,00167	5982,76	0,00334	HOLD	99,6434	103,1627
2019-10-03	23:00	8108,98	8210	8097,27	8177,91	LONG	0,00167	5982,76	0,00334	HOLD	99,6434	103,2792
2019-10-04	00:00	8176,67	8178,99	8113,54	8149,03	LONG	0,00167	5982,76	0,00334	HOLD	99,6434	103,231
2019-10-04	01:00	8149,03	8149,05	8125,86	8129,72	LONG	0,00167	5982,76	0,00334	HOLD	99,6434	103,1987
2019-10-04	02:00	8130,95	8157,93	8088	8146,04	LONG	0,00167	5982,76	0,00334	HOLD	99,6434	103,226
2019-10-04	03:00	8145,01	8169,83	8119,63	8140,25	LONG	0,00167	5982,76	0,00334	HOLD	99,6434	103,2163
2019-10-04	04:00	8140,16	8197,62	8115	8165,1	LONG	0,00167	5982,76	0,00334	HOLD	99,6434	103,2578
2019-10-04	05:00	8164,68	8200	8138	8198,54	LONG	0,00167	5982,76	0,00334	HOLD	99,6434	103,3136
2019-10-04	06:00	8197,7	8280	8195,24	8223,96	LONG	0,00167	5982,76	0,00334	HOLD	99,6434	103,3561
2019-10-04	07:00	8224,43	8232,41	8080,03	8109,06	LONG	0,00167	5982,76	0,00334	HOLD	99,6434	103,1642
2019-10-04	08:00	8108,99	8130	8050	8116,85	LONG	0,00167	5982,76	0,00334	HOLD	99,6434	103,1772
2019-10-04	09:00	8117	8137,2	8092,3	8092,38	LONG	0,00167	5982,76	0,00334	HOLD	99,6434	103,1364
2019-10-04	10:00	8092,39	8119,96	8072,84	8104,53	LONG	0,00167	5982,76	0,00334	HOLD	99,6434	103,1567
2019-10-04	11:00	8104,81	8107,62	8057,25	8063,87	LONG	0,00167	5982,76	0,00334	HOLD	99,6434	103,0887
2019-10-04	12:00	8065,18	8120,97	8005	8093,4	LONG	0,00167	5982,76	0,00334	HOLD	99,6434	103,1381
2019-10-04	13:00	8093,44	8130,25	8089,15	8110,73	LONG	0,00167	5982,76	0,00334	HOLD	99,6434	103,167
2019-10-04	14:00	8110,73	8148	8094,74	8138,69	LONG	0,00167	5982,76	0,00334	HOLD	99,6434	103,2137
2019-10-04	15:00	8136,98	8138,48	8084,18	8093,96	LONG	0,00167	5982,76	0,00334	HOLD	99,6434	103,139
2019-10-04	16:00	8093,88	8125,99	8093,05	8125	LONG	0,00167	5982,76	0,00334	HOLD	99,6434	103,1908
2019-10-04	17:00	8125	8176,64	8120	8128,38	LONG	0,00167	5982,76	0,00334	HOLD	99,6434	103,1965
2019-10-04	18:00	8129,1	8178,96	8120,04	8151,4	LONG	0,00167	5982,76	0,00334	HOLD	99,6434	103,2349
2019-10-04	19:00	8150,59	8171,92	8122	8125,97	LONG	0,00167	5982,76	0,00334	HOLD	99,6434	103,1925
2019-10-04	20:00	8125,97	8181,37	8124,27	8168,67	LONG	0,00167	5982,76	0,00334	HOLD	99,6434	103,2638
2019-10-04	21:00	8168,58	8186,36	8139,83	8162,44	LONG	0,00167	5982,76	0,00334	HOLD	99,6434	103,2534
2019-10-04	22:00	8162,81	8172	8123	8148	LONG	0,00167	5982,76	0,00334	HOLD	99,6434	103,2292
2019-10-04	23:00	8147,13	8207,77	8125	8182,27	LONG	0,00167	5982,76	0,00334	HOLD	99,6434	103,2865
2019-10-05	00:00	8180,83	8182,27	8129,97	8164,58	LONG	0,00167	5982,76	0,00334	HOLD	99,6434	103,2569
2019-10-05	01:00	8163,29	8200	8152,06	8183,78	LONG	0,00167	5982,76	0,00334	HOLD	99,6434	103,289
2019-10-05	02:00	8184,84	8199,99	8170	8183,5	LONG	0,00167	5982,76	0,00334	HOLD	99,6434	103,2885
2019-10-05	03:00	8183,9	8217,47	8141,02	8148,36	LONG	0,00167	5982,76	0,00334	HOLD	99,6434	103,2298
2019-10-05	04:00	8147,78	8176,48	8130,02	8171,57	LONG	0,00167	5982,76	0,00334	HOLD	99,6434	103,2686
2019-10-05	05:00	8170,26	8203,11	8141	8169,02	LONG	0,00167	5982,76	0,00334	HOLD	99,6434	103,2643
2019-10-05	06:00	8168,47	8169,02	8132	8137,13	LONG	0,00167	5982,76	0,00334	HOLD	99,6434	103,2111
2019-10-05	07:00	8137,09	8149,99	8100	8129,31	LONG	0,00167	5982,76	0,00334	HOLD	99,6434	103,198
2019-10-05	08:00	8129,86	8133	8103,11	8109,15	LONG	0,00167	5982,76	0,00334	HOLD	99,6434	103,1644
2019-10-05	09:00	8108,37	8132,41	8093,99	8129,24	LONG	0,00167	5982,76	0,00334	HOLD	99,6434	103,1979
2019-10-05	10:00	8129,93	8146,99	8120,94	8137,83	LONG	0,00167	5982,76	0,00334	HOLD	99,6434	103,2123
2019-10-05	11:00	8137,81	8145	8109	8127,46	LONG	0,00167	5982,76	0,00334	HOLD	99,6434	103,1949
2019-10-05	12:00	8127,56	8129,68	8108	8117	LONG	0,00167	5982,76	0,00334	HOLD	99,6434	103,1775
2019-10-05	13:00	8117	8140	8103	8131,67	LONG	0,00167	5982,76	0,00334	HOLD	99,6434	103,202
2019-10-05	14:00	8131	8131,77	8091,72	8108	LONG	0,00167	5982,76	0,00334	HOLD	99,6434	103,1624
2019-10-05	15:00	8108,69	8112,48	8070,15	8087,98	LONG	0,00167	5982,76	0,00334	HOLD	99,6434	103,129
2019-10-05	16:00	8088,36	8103,92	8076,24	8082,55	LONG	0,00167	5982,76	0,00334	HOLD	99,6434	103,1199
2019-10-05	17:00	8082,24	8103,99	8070	8084,29	LONG	0,00167	5982,76	0,00334	HOLD	99,6434	103,1228
2019-10-05	18:00	8083,85	8101,97	8072	8081,75	LONG	0,00167	5982,76	0,00334	HOLD	99,6434	103,1186
2019-10-05	19:00	8081,2	8091,47	8050,05	8072,27	LONG	0,00167	5982,76	0,00334	HOLD	99,6434	103,1028
2019-10-05	20:00	8069,9	8082,97	8012,98	8073,38	LONG	0,00167	5982,76	0,00334	HOLD	99,6434	103,1046
2019-10-05	21:00	8073,38	8081,46	8027,14	8032,56	LONG	0,00167	5982,76	0,00334	HOLD	99,6434	103,0365
2019-10-05	22:00	8032,56	8090	8022,54	8082,93	LONG	0,00167	5982,76	0,00334	HOLD	99,6434	103,1206
2019-10-05	23:00	8079,05	8100	8041,07	8073,35	LONG	0,00167	5982,76	0,00334	HOLD	99,6434	103,1046
2019-10-06	00:00	8074,77	8074,8	8031	8038,1	LONG	0,00167	5982,76	0,00334	HOLD	99,6434	103,0457
2019-10-06	01:00	8039,02	8083	8037,1	8060	LONG	0,00167	5982,76	0,00334	HOLD	99,6434	103,0823
2019-10-06	02:00	8060	8092,99	8055,64	8066,36	LONG	0,00167	5982,76	0,00334	HOLD	99,6434	103,0929
2019-10-06	03:00	8066,07	8115,54	8058,33	8083,7	LONG	0,00167	5982,76	0,00334	HOLD	99,6434	103,1219
2019-10-06	04:00	8083,34	8183,41	8081,02	8137,94	LONG	0,00167	5982,76	0,00334	HOLD	99,6434	103,2124
2019-10-06	05:00	8137,91	8173,6	8115,61	8121,28	LONG	0,00167	5982,76	0,00334	HOLD	99,6434	103,1846
2019-10-06	06:00	8121,3	8133,44	8102	8126,19	LONG	0,00167	5982,76	0,00334	HOLD	99,6434	103,1928
2019-10-06	07:00	8127,55	8153,87	8118,83	8130,89	LONG	0,00167	5982,76	0,00334	HOLD	99,6434	103,2007
2019-10-06	08:00	8130,45	8140	8040,72	8060,78	LONG	0,00167	5982,76	0,00334	HOLD	99,6434	103,0836
2019-10-06	09:00	8060,78	8068,31	8011,68	8052,25	LONG	0,00167	5982,76	0,00334	HOLD	99,6434	103,0693
2019-10-06	10:00	8052,24	8061,78	8031,11	8042,99	LONG	0,00167	5982,76	0,00334	HOLD	99,6434	103,0539
2019-10-06	11:00	8042,97	8077,6	8034,68	8073,96	LONG	0,00167	5982,76	0,00334	HOLD	99,6434	103,1056
2019-10-06	12:00	8073,96	8074,44	8034,42	8051,5	LONG	0,00167	5982,76	0,00334	HOLD	99,6434	103,0681
2019-10-06	13:00	8051,5	8062,31	7910	7961,35	LONG	0,00167	5982,76	0,00334	HOLD	99,6434	102,9175
2019-10-06	14:00	7961,35	7977,76	7932,27	7963,17	LONG	0,00167	5982,76	0,00334	HOLD	99,6434	102,9206
2019-10-06	15:00	7963,11	7965	7860	7872,78	LONG	0,00167	5982,76	0,00334	HOLD	99,6434	102,7696
2019-10-06	16:00	7873,41	7938	7871,66	7937,26	LONG	0,00167	5982,76	0,00334	HOLD	99,6434	102,8773
2019-10-06	17:00	7937,26	7938,69	7895,03	7899,41	LONG	0,00167	5982,76	0,00334	HOLD	99,6434	102,8141
2019-10-06	18:00	7899,4	7963,51	7892	7941,91	LONG	0,00167	5982,76	0,00334	HOLD	99,6434	102,8851
2019-10-06	19:00	7942,72	7965,43	7927,11	7938,14	LONG	0,00167	5982,76	0,00334	HOLD	99,6434	102,8788
2019-10-06	20:00	7938,12	7939,15	7880	7902,36	LONG	0,00167	5982,76	0,00334	HOLD	99,6434	102,819
