2022-01-18	16:00	41718,73	41990,93	41453	41903,48	LONG	0,00167	5981,87	0,00451	HOLD	98,2349	158,194
2022-01-18	17:00	41903,48	42050	41829,21	41924,72	LONG	0,00167	5981,87	0,00451	HOLD	98,2349	158,2294
2022-01-18	18:00	41924,73	41930	41694,54	41854,14	LONG	0,00167	5981,87	0,00451	HOLD	98,2349	158,1116
2022-01-18	19:00	41854,13	41950	41628,29	41807,52	LONG	0,00167	5981,87	0,00451	HOLD	98,2349	158,0337
2022-01-18	20:00	41807,52	41842,84	41400	41654,09	LONG	0,00167	5981,87	0,00451	HOLD	98,2349	157,7775
2022-01-18	21:00	41654,1	41689,39	41250	41449,34	LONG	0,00167	5981,87	0,00451	HOLD	98,2349	157,4355
2022-01-18	22:00	41449,34	41842,96	41320,81	41587,27	LONG	0,00167	5981,87	0,00451	HOLD	98,2349	157,6659
2022-01-18	23:00	41587,26	41799,08	41381,66	41706,66	LONG	0,00167	5981,87	0,00451	HOLD	98,2349	157,8653
2022-01-19	00:00	41710,84	41737,38	41470	41489,04	LONG	0,00167	5981,87	0,00451	HOLD	98,2349	157,5018
2022-01-19	01:00	41489,04	41672,01	41385,79	41607,37	LONG	0,00167	5981,87	0,00451	HOLD	98,2349	157,6995
2022-01-19	02:00	41607,36	41770,8	41585	41699,61	LONG	0,00167	5981,87	0,00451	HOLD	98,2349	157,8535
2022-01-19	03:00	41695,59	41784,97	41500,99	41784,27	LONG	0,00167	5981,87	0,00451	HOLD	98,2349	157,9949
2022-01-19	04:00	41784,97	42484,08	41715,2	42369,92	LONG	0,00167	5981,87	0,00451	HOLD	98,2349	158,9729
2022-01-19	05:00	42369,92	42691	42229,35	42480,96	LONG	0,00167	5981,87	0,00451	HOLD	98,2349	159,1583
2022-01-19	06:00	42480,96	42560,91	42334,88	42352,12	LONG	0,00167	5981,87	0,00451	HOLD	98,2349	158,9432
2022-01-19	07:00	42352,12	42482,51	42163,02	42252,73	LONG	0,00167	5981,87	0,00451	HOLD	98,2349	158,7772
2022-01-19	08:00	42246,51	42458,87	42246,32	42420,18	LONG	0,00167	5981,87	0,00451	HOLD	98,2349	159,0568
2022-01-19	09:00	42420,17	42500	42291,31	42333,81	LONG	0,00167	5981,87	0,00451	HOLD	98,2349	158,9126
2022-01-19	10:00	42340,23	42341,56	41582,99	41706,41	LONG	0,00167	5981,87	0,00451	HOLD	98,2349	157,8648
2022-01-19	11:00	41706,41	41807,97	41587,53	41712,02	LONG	0,00167	5981,87	0,00451	HOLD	98,2349	157,8742
2022-01-19	12:00	41712,01	41809,72	41651,09	41762,55	LONG	0,00167	5981,87	0,00451	HOLD	98,2349	157,9586
2022-01-19	13:00	41765,99	41849,94	41674,98	41710,59	LONG	0,00167	5981,87	0,00451	HOLD	98,2349	157,8718
2022-01-19	14:00	41710,59	41710,59	41161,2	41287,1	LONG	0,00167	5981,87	0,00451	HOLD	98,2349	157,1646
2022-01-19	15:00	41287,1	41400	41138,56	41368,68	LONG	0,00167	5981,87	0,00451	HOLD	98,2349	157,3008
2022-01-19	16:00	41368,68	41672,39	41324,67	41573,59	LONG	0,00167	5981,87	0,00451	HOLD	98,2349	157,643
2022-01-19	17:00	41573,59	41616,52	41290	41505,53	LONG	0,00167	5981,87	0,00451	HOLD	98,2349	157,5294
2022-01-19	18:00	41509,06	42178,48	41498,42	42033	LONG	0,00167	5981,87	0,00451	HOLD	98,2349	158,4103
2022-01-19	19:00	42033	42272,71	41893,62	42094,99	LONG	0,00167	5981,87	0,00451	HOLD	98,2349	158,5138
2022-01-19	20:00	42094,99	42332,07	42000	42191,85	LONG	0,00167	5981,87	0,00451	HOLD	98,2349	158,6755
2022-01-19	21:00	42191,85	42559,13	42057,19	42495,38	LONG	0,00167	5981,87	0,00451	HOLD	98,2349	159,1824
2022-01-19	22:00	42495,38	42532,65	41832,13	41981,27	LONG	0,00167	5981,87	0,00451	HOLD	98,2349	158,3239
2022-01-19	23:00	41981,27	42052,48	41697,46	41912,76	LONG	0,00167	5981,87	0,00451	HOLD	98,2349	158,2095
2022-01-20	00:00	41912,77	42355,9	41900,84	42151,01	LONG	0,00167	5981,87	0,00451	HOLD	98,2349	158,6073
2022-01-20	01:00	42151	42235,04	41876,58	42005	LONG	0,00167	5981,87	0,00451	HOLD	98,2349	158,3635
2022-01-20	02:00	42005	42049,36	41746,23	41873,79	LONG	0,00167	5981,87	0,00451	HOLD	98,2349	158,1444
2022-01-20	03:00	41872,45	41961,51	41548	41631,4	LONG	0,00167	5981,87	0,00451	HOLD	98,2349	157,7396
2022-01-20	04:00	41629,35	41841,07	41627,25	41712,22	LONG	0,00167	5981,87	0,00451	HOLD	98,2349	157,8745
2022-01-20	05:00	41712,22	41993,98	41637,63	41976,88	LONG	0,00167	5981,87	0,00451	HOLD	98,2349	158,3165
2022-01-20	06:00	41976,89	41989,42	41635,24	41660,01	LONG	0,00167	5981,87	0,00451	HOLD	98,2349	157,7874
2022-01-20	07:00	41660	41860,55	41639,88	41828,24	LONG	0,00167	5981,87	0,00451	HOLD	98,2349	158,0683
2022-01-20	08:00	41828,23	41877,55	41655,82	41769,99	LONG	0,00167	5981,87	0,00451	HOLD	98,2349	157,971
2022-01-20	09:00	41770	42068,91	41766,69	41983,27	LONG	0,00167	5981,87	0,00451	HOLD	98,2349	158,3272
2022-01-20	10:00	41983,26	42082,26	41880,07	41924,97	LONG	0,00167	5981,87	0,00451	HOLD	98,2349	158,2298
2022-01-20	11:00	41924,97	41989,3	41861,02	41884,17	LONG	0,00167	5981,87	0,00451	HOLD	98,2349	158,1617
2022-01-20	12:00	41884,17	41948,96	41768,48	41879,2	LONG	0,00167	5981,87	0,00451	HOLD	98,2349	158,1534
2022-01-20	13:00	41879,19	42052,11	41871,1	42009,07	LONG	0,00167	5981,87	0,00451	HOLD	98,2349	158,3703
2022-01-20	14:00	42009,08	42148	41930,77	42058,31	LONG	0,00167	5981,87	0,00451	HOLD	98,2349	158,4525
2022-01-20	15:00	42058,31	42084,91	41874,57	41966,58	LONG	0,00167	5981,87	0,00451	HOLD	98,2349	158,2993
2022-01-20	16:00	41969,55	42085	41807,94	42053,53	LONG	0,00167	5981,87	0,00451	HOLD	98,2349	158,4445
2022-01-20	17:00	42053,54	42149,39	42004,39	42105,29	LONG	0,00167	5981,87	0,00451	HOLD	98,2349	158,531
2022-01-20	18:00	42103,87	42232,76	42045,05	42129,44	LONG	0,00167	5981,87	0,00451	HOLD	98,2349	158,5713
2022-01-20	19:00	42129,45	42131,71	41900,05	42033,76	LONG	0,00167	5981,87	0,00451	HOLD	98,2349	158,4115
2022-01-20	20:00	42033,77	42466,88	41970,19	42375,14	LONG	0,00167	5981,87	0,00451	HOLD	98,2349	158,9816
2022-01-20	21:00	42374,09	43060	42368,77	42969,66	LONG	0,00167	5981,87	0,00451	HOLD	98,2349	159,9745
2022-01-20	22:00	42969,67	43456	42936,91	43308,69	LONG	0,00167	5981,87	0,00451	HOLD	98,2349	160,5407
2022-01-20	23:00	43308,7	43505	43144,84	43274,78	LONG	0,00167	5981,87	0,00451	HOLD	98,2349	160,484
2022-01-21	00:00	43274,77	43307,48	42985,54	43025,85	LONG	0,00167	5981,87	0,00451	HOLD	98,2349	160,0683
2022-01-21	01:00	43025,85	43090,04	42805	42834,19	LONG	0,00167	5981,87	0,00451	HOLD	98,2349	159,7482
2022-01-21	02:00	42834,19	43241,38	42808,55	42917,32	LONG	0,00167	5981,87	0,00451	HOLD	98,2349	159,8871
2022-01-21	03:00	42917,31	42996,64	42571,22	42723,71	LONG	0,00167	5981,87	0,00451	HOLD	98,2349	159,5637
2022-01-21	04:00	42723,72	42730,9	41309	41326,04	LONG	0,00167	5981,87	0,00451	HOLD	98,2349	157,2296
2022-01-21	05:00	41326,04	41543,47	40860	41167,25	LONG	0,00167	5981,87	0,00451	HOLD	98,2349	156,9644
2022-01-21	06:00	41164,57	41176,93	40553,31	40680,91	LONG	0,00167	5981,87	0,00451	HOLD	98,2349	156,1523
2022-01-21	07:00	40680,92	41100	40404	40894,8	LONG	0,00167	5981,87	0,00451	HOLD	98,2349	156,5095
2022-01-21	08:00	40894,81	40929,76	39730	39762,99	LONG	0,00167	5981,87	0,00451	HOLD	98,2349	154,6193
2022-01-21	09:00	39763	40280	39267,86	39830,52	LONG	0,00167	5981,87	0,00451	HOLD	98,2349	154,7321
2022-01-21	10:00	39835,99	39944,45	38220	38465,65	LONG	0,00167	5981,87	0,00451	HOLD	98,2349	152,4528
2022-01-21	11:00	38465,65	39070	38437,15	38842,03	LONG	0,00167	5981,87	0,00451	HOLD	98,2349	153,0813
2022-01-21	12:00	38842,03	38998	38700,19	38909,01	LONG	0,00167	5981,87	0,00451	HOLD	98,2349	153,1932
2022-01-21	13:00	38909,01	38936,66	38536,87	38679,8	LONG	0,00167	5981,87	0,00451	HOLD	98,2349	152,8104
2022-01-21	14:00	38680,01	39177,2	38465,67	39134,55	LONG	0,00167	5981,87	0,00451	HOLD	98,2349	153,5698
2022-01-21	15:00	39136,31	39297,55	39006,71	39157,63	LONG	0,00167	5981,87	0,00451	HOLD	98,2349	153,6084
2022-01-21	16:00	39157,63	39189,63	38915,25	38959,77	LONG	0,00167	5981,87	0,00451	HOLD	98,2349	153,278
2022-01-21	17:00	38959,77	39320	38848,35	38965,92	LONG	0,00167	5981,87	0,00451	HOLD	98,2349	153,2882
2022-01-21	18:00	38965,92	38979,2	38668,19	38898,18	LONG	0,00167	5981,87	0,00451	HOLD	98,2349	153,1751
2022-01-21	19:00	38898,19	38933,04	37710	38186,16	LONG	0,00167	5981,87	0,00451	HOLD	98,2349	151,986
2022-01-21	20:00	38186,16	38751,6	38150,03	38491,01	LONG	0,00167	5981,87	0,00451	HOLD	98,2349	152,4951
2022-01-21	21:00	38491,01	38934,29	38253,48	38429,11	LONG	0,00167	5981,87	0,00451	HOLD	98,2349	152,3918
2022-01-21	22:00	38429,12	39042,4	38103,13	38857,26	LONG	0,00167	5981,87	0,00451	HOLD	98,2349	153,1068
2022-01-21	23:00	38857,24	39071,13	38514	38720,72	LONG	0,00167	5981,87	0,00451	HOLD	98,2349	152,8787
2022-01-22	00:00	38720,72	38752,7	38284,84	38382,5	LONG	0,00167	5981,87	0,00451	HOLD	98,2349	152,3139
2022-01-22	01:00	38383,49	38644,02	37850	38265,12	LONG	0,00167	5981,87	0,00451	HOLD	98,2349	152,1179
2022-01-22	02:00	38268,42	38500	37946	37984,12	LONG	0,00167	5981,87	0,00451	HOLD	98,2349	151,6486
2022-01-22	03:00	37984,11	38470	37601	38355,16	LONG	0,00167	5981,87	0,00451	HOLD	98,2349	152,2683
2022-01-22	04:00	38350,62	38464,36	36158	36682,23	LONG	0,00167	5981,87	0,00451	HOLD	98,2349	149,4745
2022-01-22	05:00	36682,23	37201,16	35440,45	36117,6	LONG	0,00167	5981,87	0,00451	HOLD	98,2349	148,5315
2022-01-22	06:00	36123,85	36890	35780,66	36445,31	LONG	0,00167	5981,87	0,00451	HOLD	98,2349	149,0788
2022-01-22	07:00	36445,31	36835,22	36136,66	36487,96	LONG	0,00167	5981,87	0,00451	HOLD	98,2349	149,15
2022-01-22	08:00	36487,96	36619,71	36032,02	36483,15	LONG	0,00167	5981,87	0,00451	HOLD	98,2349	149,142
2022-01-22	09:00	36483,15	36549,91	36263	36467,23	LONG	0,00167	5981,87	0,00451	HOLD	98,2349	149,1154
2022-01-22	10:00	36467,22	36690	36009,98	36341,64	LONG	0,00167	5981,87	0,00451	HOLD	98,2349	148,9057
2022-01-22	11:00	36340,43	36423,82	36200	36278,51	LONG	0,00167	5981,87	0,00451	HOLD	98,2349	148,8003
2022-01-22	12:00	36278,52	36342,71	35600,01	35738,77	LONG	0,00167	5981,87	0,00451	HOLD	98,2349	147,8989
2022-01-22	13:00	35738,77	35984,68	35400,02	35719	LONG	0,00167	5981,87	0,00451	HOLD	98,2349	147,8659
2022-01-22	14:00	35719,01	35895	35112,84	35400,02	LONG	0,00167	5981,87	0,00451	HOLD	98,2349	147,3332
2022-01-22	15:00	35400,01	35819,73	35397,36	35599,94	LONG	0,00167	5981,87	0,00451	HOLD	98,2349	147,667
2022-01-22	16:00	35599,94	35737,15	34664	34814,49	LONG	0,00167	5981,87	0,00451	HOLD	98,2349	146,3553
2022-01-22	17:00	34812,32	35948,01	34008	35488,54	LONG	0,00167	5981,87	0,00451	HOLD	98,2349	147,481
2022-01-22	18:00	35488,54	35693,09	34801	35406,76	LONG	0,00167	5981,87	0,00451	HOLD	98,2349	147,3444
2022-01-22	19:00	35406,76	35900	35336,23	35768	LONG	0,00167	5981,87	0,00451	HOLD	98,2349	147,9477
2022-01-22	20:00	35769,8	36192,76	35518,2	35576,3	LONG	0,00167	5981,87	0,00451	HOLD	98,2349	147,6276
2022-01-22	21:00	35576,29	35656,93	34988,8	35009,27	LONG	0,00167	5981,87	0,00451	HOLD	98,2349	146,6806
2022-01-22	22:00	35009,27	35319,99	34805,32	34838,68	LONG	0,00167	5981,87	0,00451	HOLD	98,2349	146,3957
2022-01-22	23:00	34838,69	35501,96	34520,59	35100,02	LONG	0,00167	5981,87	0,00451	HOLD	98,2349	146,8322
2022-01-23	00:00	35095,23	35217,94	34500	34610,01	LONG	0,00167	5981,87	0,00451	HOLD	98,2349	146,0139
2022-01-23	01:00	34610	34800	34243,38	34392,12	LONG	0,00167	5981,87	0,00451	HOLD	98,2349	145,65
2022-01-23	02:00	34392,12	34854,84	34346,54	34528,62	LONG	0,00167	5981,87	0,00451	HOLD	98,2349	145,8779
2022-01-23	03:00	34528,61	35500	34415,95	35287,51	LONG	0,00167	5981,87	0,00451	HOLD	98,2349	147,1453
2022-01-23	04:00	35287,5	35729,03	35078,55	35387,01	LONG	0,00167	5981,87	0,00451	HOLD	98,2349	147,3114
2022-01-23	05:00	35383,95	35395,26	34728,12	34875	LONG	0,00167	5981,87	0,00451	HOLD	98,2349	146,4564
2022-01-23	06:00	34875	35107	34730	35071,42	LONG	0,00167	5981,87	0,00451	HOLD	98,2349	146,7844
2022-01-23	07:00	35071,42	35479,11	34944	35401,1	LONG	0,00167	5981,87	0,00451	HOLD	98,2349	147,335
2022-01-23	08:00	35401,11	35526,28	35268,34	35315,04	LONG	0,00167	5981,87	0,00451	HOLD	98,2349	147,1913
2022-01-23	09:00	35316,99	35346,21	34834,92	34875,29	LONG	0,00167	5981,87	0,00451	HOLD	98,2349	146,4569
2022-01-23	10:00	34875,3	35101,53	34811	35051	LONG	0,00167	5981,87	0,00451	HOLD	98,2349	146,7503
2022-01-23	11:00	35051,01	35295,97	34952,06	35217,66	LONG	0,00167	5981,87	0,00451	HOLD	98,2349	147,0286
2022-01-23	12:00	35217,65	35565,09	34940,09	35456,4	LONG	0,00167	5981,87	0,00451	HOLD	98,2349	147,4273
2022-01-23	13:00	35456,4	35600,47	35165,22	35279,83	LONG	0,00167	5981,87	0,00451	HOLD	98,2349	147,1325
2022-01-23	14:00	35279,84	35758,64	35221,79	35571,19	LONG	0,00167	5981,87	0,00451	HOLD	98,2349	147,619
2022-01-23	15:00	35571,19	35961,23	35325,03	35846,77	LONG	0,00167	5981,87	0,00451	HOLD	98,2349	148,0792
2022-01-23	16:00	35846,77	36150,76	35738,61	35882,35	LONG	0,00167	5981,87	0,00451	HOLD	98,2349	148,1387
2022-01-23	17:00	35877,41	35948,74	35577	35902,12	LONG	0,00167	5981,87	0,00451	HOLD	98,2349	148,1717
2022-01-23	18:00	35902,12	35906,76	35608,38	35686,29	LONG	0,00167	5981,87	0,00451	HOLD	98,2349	147,8112
2022-01-23	19:00	35686,29	35832,36	35557,92	35803,21	LONG	0,00167	5981,87	0,00451	HOLD	98,2349	148,0065
2022-01-23	20:00	35803,21	36055	35700,45	35969,27	LONG	0,00167	5981,87	0,00451	HOLD	98,2349	148,2838
2022-01-23	21:00	35969,28	36080,5	35050,4	35323,85	LONG	0,00167	5981,87	0,00451	HOLD	98,2349	147,206
2022-01-23	22:00	35323,85	35374,31	35111,56	35287,58	LONG	0,00167	5981,87	0,00451	HOLD	98,2349	147,1454
2022-01-23	23:00	35282,66	35450	35156	35228,45	LONG	0,00167	5981,87	0,00451	HOLD	98,2349	147,0467
2022-01-24	00:00	35228,44	35445,49	35189,99	35332,6	LONG	0,00167	5981,87	0,00451	HOLD	98,2349	147,2206
2022-01-24	01:00	35332,59	35398,38	34870,01	34956,27	LONG	0,00167	5981,87	0,00451	HOLD	98,2349	146,5921
2022-01-24	02:00	34956,28	35205,52	34601,01	34775,45	LONG	0,00167	5981,87	0,00451	HOLD	98,2349	146,2901
2022-01-24	03:00	34775,45	35387,8	34707,58	35300,13	LONG	0,00167	5981,87	0,00451	HOLD	98,2349	147,1664
2022-01-24	04:00	35300,13	35566,66	35083,76	35346,15	LONG	0,00167	5981,87	0,00451	HOLD	98,2349	147,2432
2022-01-24	05:00	35346,15	35545,76	35273,15	35508,47	LONG	0,00167	5981,87	0,00451	HOLD	98,2349	147,5143
2022-01-24	06:00	35508,47	36499	35383,36	36244,55	LONG	0,00167	5981,87	0,00451	HOLD	98,2349	148,7435
2022-01-24	07:00	36244,55	36251,5	35744,18	35840,29	LONG	0,00167	5981,87	0,00451	HOLD	98,2349	148,0684
2022-01-24	08:00	35840,3	36042,21	35600	35652,22	LONG	0,00167	5981,87	0,00451	HOLD	98,2349	147,7543
2022-01-24	09:00	35650,01	35715,01	35160,51	35201,17	LONG	0,00167	5981,87	0,00451	HOLD	98,2349	147,0011
2022-01-24	10:00	35201,17	35399,99	35169	35338,26	LONG	0,00167	5981,87	0,00451	HOLD	98,2349	147,23
2022-01-24	11:00	35338,25	35473,45	35065	35123,56	LONG	0,00167	5981,87	0,00451	HOLD	98,2349	146,8715
2022-01-24	12:00	35123,57	35249,27	34936,37	35184,06	LONG	0,00167	5981,87	0,00451	HOLD	98,2349	146,9725
2022-01-24	13:00	35184,06	35356,65	35054,01	35265,37	LONG	0,00167	5981,87	0,00451	HOLD	98,2349	147,1083
2022-01-24	14:00	35265,14	35314,95	34811,87	34888,81	LONG	0,00167	5981,87	0,00451	HOLD	98,2349	146,4795
2022-01-24	15:00	34887,9	35562,15	34792,53	34959,79	LONG	0,00167	5981,87	0,00451	HOLD	98,2349	146,598
2022-01-24	16:00	34959,79	35093,13	34401,5	34512,2	LONG	0,00167	5981,87	0,00451	HOLD	98,2349	145,8505
2022-01-24	17:00	34510,04	34600	33250	33276,59	LONG	0,00167	5981,87	0,00451	HOLD	98,2349	143,787
2022-01-24	18:00	33276,59	34249,88	33029,54	33697,11	LONG	0,00167	5981,87	0,00451	HOLD	98,2349	144,4893
2022-01-24	19:00	33697,12	33890	33036,44	33114,9	LONG	0,00167	5981,87	0,00451	HOLD	98,2349	143,517
2022-01-24	20:00	33114,89	33776,02	32917,17	33335,23	LONG	0,00167	5981,87	0,00451	HOLD	98,2349	143,885
2022-01-24	21:00	33335,23	34138,16	33100	33622,71	LONG	0,00167	5981,87	0,00451	HOLD	98,2349	144,3651
2022-01-24	22:00	33622,7	34388,38	33222,74	34233,95	LONG	0,00167	5981,87	0,00451	HOLD	98,2349	145,3858
2022-01-24	23:00	34237,31	34576,01	33803,13	34417,76	LONG	0,00167	5981,87	0,00451	HOLD	98,2349	145,6928
2022-01-25	00:00	34417,75	35535,69	34164,58	35363,1	LONG	0,00167	5981,87	0,00451	HOLD	98,2349	147,2715
2022-01-25	01:00	35363,11	36436	35190,13	36179,99	LONG	0,00167	5981,87	0,00451	HOLD	98,2349	148,6357
2022-01-25	02:00	36179,99	36340,54	35652,04	36066,4	LONG	0,00167	5981,87	0,00451	HOLD	98,2349	148,446
2022-01-25	03:00	36066,4	37550	35951,13	37220,05	LONG	0,00167	5981,87	0,00451	HOLD	98,2349	150,3726
2022-01-25	04:00	37218,56	37264,93	36711	36805,22	LONG	0,00167	5981,87	0,00451	HOLD	98,2349	149,6799
2022-01-25	05:00	36807,92	36842,95	36187,99	36369,44	LONG	0,00167	5981,87	0,00451	HOLD	98,2349	148,9521
2022-01-25	06:00	36369,43	36767,09	36355,29	36660,35	LONG	0,00167	5981,87	0,00451	HOLD	98,2349	149,4379
2022-01-25	07:00	36660,35	36691,87	36012,01	36037,58	LONG	0,00167	5981,87	0,00451	HOLD	98,2349	148,3979
2022-01-25	08:00	36038,09	36196,14	35955,43	36125,31	LONG	0,00167	5981,87	0,00451	HOLD	98,2349	148,5444
2022-01-25	09:00	36125,31	36335,48	36084,85	36317,27	LONG	0,00167	5981,87	0,00451	HOLD	98,2349	148,865
2022-01-25	10:00	36317,26	36460,03	36166,44	36424,49	LONG	0,00167	5981,87	0,00451	HOLD	98,2349	149,044
2022-01-25	11:00	36424,5	36496,62	35869,39	35950	LONG	0,00167	5981,87	0,00451	HOLD	98,2349	148,2516
2022-01-25	12:00	35950,01	36110,81	35828,56	36054,81	LONG	0,00167	5981,87	0,00451	HOLD	98,2349	148,4267
2022-01-25	13:00	36054,81	36150,92	35835,01	35843,89	LONG	0,00167	5981,87	0,00451	HOLD	98,2349	148,0744
2022-01-25	14:00	35843,89	36106	35701	36044,01	LONG	0,00167	5981,87	0,00451	HOLD	98,2349	148,4086
2022-01-25	15:00	36044,01	36564,07	36003,3	36070,55	LONG	0,00167	5981,87	0,00451	HOLD	98,2349	148,453
2022-01-25	16:00	36070,55	36510	36040,01	36409,42	LONG	0,00167	5981,87	0,00451	HOLD	98,2349	149,0189
2022-01-25	17:00	36409,42	36800	36287,89	36430,39	LONG	0,00167	5981,87	0,00451	HOLD	98,2349	149,0539
2022-01-25	18:00	36430,38	36600,44	36227,52	36406	LONG	0,00167	5981,87	0,00451	HOLD	98,2349	149,0132
2022-01-25	19:00	36406	36777,77	36201,68	36519,13	LONG	0,00167	5981,87	0,00451	HOLD	98,2349	149,2021
2022-01-25	20:00	36519,12	36579,99	36259,1	36498	LONG	0,00167	5981,87	0,00451	HOLD	98,2349	149,1668
2022-01-25	21:00	36497,39	37149,42	36252	36299,99	LONG	0,00167	5981,87	0,00451	HOLD	98,2349	148,8361
2022-01-25	22:00	36299,99	36780	35967,33	36530	LONG	0,00167	5981,87	0,00451	HOLD	98,2349	149,2202
2022-01-25	23:00	36530	37086,64	36492,48	36837,7	LONG	0,00167	5981,87	0,00451	HOLD	98,2349	149,7341
2022-01-26	00:00	36837,7	37481,75	36800	37273,33	LONG	0,00167	5981,87	0,00451	HOLD	98,2349	150,4616
2022-01-26	01:00	37273,32	37545,14	37120	37320,08	LONG	0,00167	5981,87	0,00451	HOLD	98,2349	150,5397
2022-01-26	02:00	37320,08	37421	36920,01	37067,13	LONG	0,00167	5981,87	0,00451	HOLD	98,2349	150,1172
2022-01-26	03:00	37067,13	37103,15	36616,35	36859,79	LONG	0,00167	5981,87	0,00451	HOLD	98,2349	149,771
2022-01-26	04:00	36859,8	36905,87	36421,56	36556,04	LONG	0,00167	5981,87	0,00451	HOLD	98,2349	149,2637
2022-01-26	05:00	36556,04	36791,16	36432,73	36791,16	LONG	0,00167	5981,87	0,00451	HOLD	98,2349	149,6564
2022-01-26	06:00	36791,16	37042,53	36707,34	36958,32	LONG	0,00167	5981,87	0,00451	HOLD	98,2349	149,9355
2022-01-26	07:00	36958,32	37000	36560,16	36638,5	LONG	0,00167	5981,87	0,00451	HOLD	98,2349	149,4014
2022-01-26	08:00	36638,55	36916,23	36550,2	36851,85	LONG	0,00167	5981,87	0,00451	HOLD	98,2349	149,7577
2022-01-26	09:00	36851,85	37047,83	36784,7	36812,89	LONG	0,00167	5981,87	0,00451	HOLD	98,2349	149,6927
2022-01-26	10:00	36812,9	37522,24	36790,81	37389,76	LONG	0,00167	5981,87	0,00451	HOLD	98,2349	150,656
2022-01-26	11:00	37389,77	37876,8	37248,87	37789,73	LONG	0,00167	5981,87	0,00451	HOLD	98,2349	151,324
2022-01-26	12:00	37789,73	37974,43	37590,01	37600	LONG	0,00167	5981,87	0,00451	HOLD	98,2349	151,0071
2022-01-26	13:00	37600,01	37798,46	37202,47	37288,56	LONG	0,00167	5981,87	0,00451	HOLD	98,2349	150,487
2022-01-26	14:00	37288,56	37400	37109,37	37338,59	LONG	0,00167	5981,87	0,00451	HOLD	98,2349	150,5706
2022-01-26	15:00	37338,6	37700,17	37324,58	37591,42	LONG	0,00167	5981,87	0,00451	HOLD	98,2349	150,9928
2022-01-26	16:00	37591,42	37975,57	37563,47	37650	LONG	0,00167	5981,87	0,00451	HOLD	98,2349	151,0906
2022-01-26	17:00	37650,01	38173,2	37550	37940,46	LONG	0,00167	5981,87	0,00451	HOLD	98,2349	151,5757
2022-01-26	18:00	37940,46	38248,92	37778,18	38072,77	LONG	0,00167	5981,87	0,00451	HOLD	98,2349	151,7967
2022-01-26	19:00	38072,77	38090,61	37742,76	37749,2	LONG	0,00167	5981,87	0,00451	HOLD	98,2349	151,2563
2022-01-26	20:00	37749,68	38275	37475,01	38193,48	LONG	0,00167	5981,87	0,00451	HOLD	98,2349	151,9983
2022-01-26	21:00	38193,48	38499	38055,76	38223,52	LONG	0,00167	5981,87	0,00451	HOLD	98,2349	152,0484
2022-01-26	22:00	38223,51	38369,03	37819,97	37985	LONG	0,00167	5981,87	0,00451	HOLD	98,2349	151,6501
2022-01-26	23:00	37985,01	38295,65	37911,66	38264,86	LONG	0,00167	5981,87	0,00451	HOLD	98,2349	152,1175
2022-01-27	00:00	38264,85	38380,01	38007,03	38040,9	LONG	0,00167	5981,87	0,00451	HOLD	98,2349	151,7434
2022-01-27	01:00	38040,9	38300	37565	37961,15	LONG	0,00167	5981,87	0,00451	HOLD	98,2349	151,6103
2022-01-27	02:00	37961,15	38919,98	37311,58	37579,9	LONG	0,00167	5981,87	0,00451	HOLD	98,2349	150,9736
2022-01-27	03:00	37576,67	37580,03	36668,23	37015,05	LONG	0,00167	5981,87	0,00451	HOLD	98,2349	150,0303
2022-01-27	04:00	37015,05	37181,85	36322,54	36323,08	LONG	0,00167	5981,87	0,00451	HOLD	98,2349	148,8747
2022-01-27	05:00	36327,35	36583,8	36234,63	36509,4	LONG	0,00167	5981,87	0,00451	HOLD	98,2349	149,1858
2022-01-27	06:00	36509,41	36886,68	36439,02	36809,34	LONG	0,00167	5981,87	0,00451	HOLD	98,2349	149,6867
2022-01-27	07:00	36807,24	37080	36655,79	37004,43	LONG	0,00167	5981,87	0,00451	HOLD	98,2349	150,0125
2022-01-27	08:00	37004,43	37005,84	35833,56	35882,21	LONG	0,00167	5981,87	0,00451	HOLD	98,2349	148,1384
2022-01-27	09:00	35882,21	36041,84	35681,77	36008,69	LONG	0,00167	5981,87	0,00451	HOLD	98,2349	148,3497
2022-01-27	10:00	36008,69	36243,32	35507,01	35745,7	LONG	0,00167	5981,87	0,00451	HOLD	98,2349	147,9105
2022-01-27	11:00	35745,7	36000	35692,61	35930,8	LONG	0,00167	5981,87	0,00451	HOLD	98,2349	148,2196
2022-01-27	12:00	35930,8	36091	35820,44	35973,39	LONG	0,00167	5981,87	0,00451	HOLD	98,2349	148,2907
2022-01-27	13:00	35977,88	36175,64	35818,77	36139,09	LONG	0,00167	5981,87	0,00451	HOLD	98,2349	148,5674
2022-01-27	14:00	36139,09	36303,8	35915	36173,87	LONG	0,00167	5981,87	0,00451	HOLD	98,2349	148,6255
2022-01-27	15:00	36177,17	36500	35815,8	36450	LONG	0,00167	5981,87	0,00451	HOLD	98,2349	149,0866
2022-01-27	16:00	36449,99	36611,21	36333	36525,85	LONG	0,00167	5981,87	0,00451	HOLD	98,2349	149,2133
2022-01-27	17:00	36525,84	36649,61	36290,31	36318,22	LONG	0,00167	5981,87	0,00451	HOLD	98,2349	148,8666
2022-01-27	18:00	36318,22	36781,79	36290,01	36679,98	LONG	0,00167	5981,87	0,00451	HOLD	98,2349	149,4707
2022-01-27	19:00	36679,98	36784,27	36423,46	36668,23	LONG	0,00167	5981,87	0,00451	HOLD	98,2349	149,4511
2022-01-27	20:00	36668,23	36849,37	36543,16	36830,89	LONG	0,00167	5981,87	0,00451	HOLD	98,2349	149,7227
2022-01-27	21:00	36830,88	37199	36679,99	36882,03	LONG	0,00167	5981,87	0,00451	HOLD	98,2349	149,8081
2022-01-27	22:00	36882,02	37030	36510	36639,43	LONG	0,00167	5981,87	0,00451	HOLD	98,2349	149,403
2022-01-27	23:00	36639,43	36787,77	36327,13	36528,86	LONG	0,00167	5981,87	0,00451	HOLD	98,2349	149,2183
2022-01-28	00:00	36528,85	36600	36161,41	36282,03	LONG	0,00167	5981,87	0,00451	HOLD	98,2349	148,8061
2022-01-28	01:00	36282,02	36345,76	36022,07	36215,49	LONG	0,00167	5981,87	0,00451	HOLD	98,2349	148,695
2022-01-28	02:00	36215,49	36327,72	35883,82	36209,2	LONG	0,00167	5981,87	0,00451	HOLD	98,2349	148,6845
2022-01-28	03:00	36209,19	36435,7	35557,96	35583,5	LONG	0,00167	5981,87	0,00451	HOLD	98,2349	147,6396
2022-01-28	04:00	35583,5	36330,83	35538,75	36187,01	LONG	0,00167	5981,87	0,00451	HOLD	98,2349	148,6474
2022-01-28	05:00	36187,01	37000	35890,02	36705,27	LONG	0,00167	5981,87	0,00451	HOLD	98,2349	149,5129
2022-01-28	06:00	36704,68	37234,47	36693,22	37160,1	LONG	0,00167	5981,87	0,00451	HOLD	98,2349	150,2725
2022-01-28	07:00	37160,11	37467,98	37046,15	37157,27	LONG	0,00167	5981,87	0,00451	HOLD	98,2349	150,2678
2022-01-28	08:00	37157,26	37222,73	36720,01	36880,8	LONG	0,00167	5981,87	0,00451	HOLD	98,2349	149,8061
2022-01-28	09:00	36880,79	36973,56	36500	36935,62	LONG	0,00167	5981,87	0,00451	HOLD	98,2349	149,8976
2022-01-28	10:00	36936,33	37450	36901,45	37351,83	LONG	0,00167	5981,87	0,00451	HOLD	98,2349	150,5927
2022-01-28	11:00	37351,83	37449,98	36986,43	37223,18	LONG	0,00167	5981,87	0,00451	HOLD	98,2349	150,3779
2022-01-28	12:00	37223,19	37328,87	37091,2	37205,6	LONG	0,00167	5981,87	0,00451	HOLD	98,2349	150,3485
2022-01-28	13:00	37206,17	37500	36907,02	36907,14	LONG	0,00167	5981,87	0,00451	HOLD	98,2349	149,8501
2022-01-28	14:00	36907,14	37099,09	36777,77	36799,82	LONG	0,00167	5981,87	0,00451	HOLD	98,2349	149,6708
2022-01-28	15:00	36799,82	36882,22	36429,62	36658,47	LONG	0,00167	5981,87	0,00451	HOLD	98,2349	149,4348
2022-01-28	16:00	36658,46	36853,09	36401,44	36486,09	LONG	0,00167	5981,87	0,00451	HOLD	98,2349	149,1469
2022-01-28	17:00	36486,1	36678,19	36325,33	36615,35	LONG	0,00167	5981,87	0,00451	HOLD	98,2349	149,3628
2022-01-28	18:00	36615,35	36650	36287,03	36448,28	LONG	0,00167	5981,87	0,00451	HOLD	98,2349	149,0838
2022-01-28	19:00	36447,67	36594,59	36155,01	36278,6	LONG	0,00167	5981,87	0,00451	HOLD	98,2349	148,8004
2022-01-28	20:00	36278,6	36989,92	36213,24	36910,46	LONG	0,00167	5981,87	0,00451	HOLD	98,2349	149,8556
2022-01-28	21:00	36906,58	37096,08	36600	36759,65	LONG	0,00167	5981,87	0,00451	HOLD	98,2349	149,6038
2022-01-28	22:00	36759,65	37300	36682,24	37188,98	LONG	0,00167	5981,87	0,00451	HOLD	98,2349	150,3207
2022-01-28	23:00	37188,99	37376,7	37000,01	37103,62	LONG	0,00167	5981,87	0,00451	HOLD	98,2349	150,1782
2022-01-29	00:00	37103,63	37193,42	36774,43	36843,6	LONG	0,00167	5981,87	0,00451	HOLD	98,2349	149,744
2022-01-29	01:00	36843,59	37137,09	36785,8	37050,57	LONG	0,00167	5981,87	0,00451	HOLD	98,2349	150,0896
2022-01-29	02:00	37050,56	37238,11	36765,05	37222,86	LONG	0,00167	5981,87	0,00451	HOLD	98,2349	150,3773
2022-01-29	03:00	37222,85	37858,19	37134,65	37758,01	LONG	0,00167	5981,87	0,00451	HOLD	98,2349	151,271
2022-01-29	04:00	37758	38000	37660,88	37788,87	LONG	0,00167	5981,87	0,00451	HOLD	98,2349	151,3226
2022-01-29	05:00	37788,87	37943,55	37653,36	37655,01	LONG	0,00167	5981,87	0,00451	HOLD	98,2349	151,099
2022-01-29	06:00	37655,01	37850	37642,05	37716,56	LONG	0,00167	5981,87	0,00451	HOLD	98,2349	151,2018
2022-01-29	07:00	37716,57	37983,41	37647,01	37788,27	LONG	0,00167	5981,87	0,00451	HOLD	98,2349	151,3216
2022-01-29	08:00	37788,27	37899,99	37473,07	37535,77	LONG	0,00167	5981,87	0,00451	HOLD	98,2349	150,8999
2022-01-29	09:00	37535,76	37635,93	37448,58	37530,75	LONG	0,00167	5981,87	0,00451	HOLD	98,2349	150,8915
2022-01-29	10:00	37530,74	37750	37490,1	37737,73	LONG	0,00167	5981,87	0,00451	HOLD	98,2349	151,2372
2022-01-29	11:00	37737,72	37916,08	37726,32	37814,46	LONG	0,00167	5981,87	0,00451	HOLD	98,2349	151,3653
2022-01-29	12:00	37814,47	37834,99	37613,01	37653,72	LONG	0,00167	5981,87	0,00451	HOLD	98,2349	151,0969
2022-01-29	13:00	37653,71	37835	37589,44	37739,78	LONG	0,00167	5981,87	0,00451	HOLD	98,2349	151,2406
2022-01-29	14:00	37739,78	37925	37656,57	37836,99	LONG	0,00167	5981,87	0,00451	HOLD	98,2349	151,4029
2022-01-29	15:00	37836,98	37923	37750	37785,82	LONG	0,00167	5981,87	0,00451	HOLD	98,2349	151,3175
2022-01-29	16:00	37785,82	37786,85	37544,94	37703,24	LONG	0,00167	5981,87	0,00451	HOLD	98,2349	151,1796
2022-01-29	17:00	37703,25	37809,83	37597,11	37756,19	LONG	0,00167	5981,87	0,00451	HOLD	98,2349	151,268
2022-01-29	18:00	37756,2	37788,24	37662,44	37736,07	LONG	0,00167	5981,87	0,00451	HOLD	98,2349	151,2344
2022-01-29	19:00	37736,06	37916,99	37623,01	37847,57	LONG	0,00167	5981,87	0,00451	HOLD	98,2349	151,4206
2022-01-29	20:00	37847,57	38186,11	37733,04	38161,69	LONG	0,00167	5981,87	0,00451	HOLD	98,2349	151,9452
2022-01-29	21:00	38161,69	38198,82	37507,72	37620,04	LONG	0,00167	5981,87	0,00451	HOLD	98,2349	151,0406
2022-01-29	22:00	37620,04	37735,67	37268,44	37566,82	LONG	0,00167	5981,87	0,00451	HOLD	98,2349	150,9517
2022-01-29	23:00	37567,98	37603,57	37317,37	37538,19	LONG	0,00167	5981,87	0,00451	HOLD	98,2349	150,9039
2022-01-30	00:00	37538,19	37720,77	37532,15	37646,31	LONG	0,00167	5981,87	0,00451	HOLD	98,2349	151,0845
2022-01-30	01:00	37646,31	37904,19	37556,56	37806,23	LONG	0,00167	5981,87	0,00451	HOLD	98,2349	151,3515
2022-01-30	02:00	37806,24	37950	37781,49	37853	LONG	0,00167	5981,87	0,00451	HOLD	98,2349	151,4297
2022-01-30	03:00	37853	38650	37816,21	38340,03	LONG	0,00167	5981,87	0,00451	HOLD	98,2349	152,243
2022-01-30	04:00	38340,03	38720,74	38279,99	38358,32	LONG	0,00167	5981,87	0,00451	HOLD	98,2349	152,2735
2022-01-30	05:00	38358,32	38411,72	38045,27	38140	LONG	0,00167	5981,87	0,00451	HOLD	98,2349	151,9089
2022-01-30	06:00	38140	38185,8	37906,26	38166,84	LONG	0,00167	5981,87	0,00451	HOLD	98,2349	151,9538
2022-01-30	07:00	38166,83	38281,24	37737,49	37816,45	LONG	0,00167	5981,87	0,00451	HOLD	98,2349	151,3686
2022-01-30	08:00	37816,46	37976,29	37788,87	37931,75	LONG	0,00167	5981,87	0,00451	HOLD	98,2349	151,5612
2022-01-30	09:00	37931,75	38054,18	37873,59	37951,8	LONG	0,00167	5981,87	0,00451	HOLD	98,2349	151,5946
2022-01-30	10:00	37951,79	38044,24	37881,55	37917,13	LONG	0,00167	5981,87	0,00451	HOLD	98,2349	151,5367
2022-01-30	11:00	37917,13	38183,86	37901,17	38099,34	LONG	0,00167	5981,87	0,00451	HOLD	98,2349	151,841
2022-01-30	12:00	38100,02	38300	38087,02	38139,39	LONG	0,00167	5981,87	0,00451	HOLD	98,2349	151,9079
2022-01-30	13:00	38139,38	38152,79	38038,95	38098,51	LONG	0,00167	5981,87	0,00451	HOLD	98,2349	151,8397
2022-01-30	14:00	38098,51	38290	38098,51	38244,98	LONG	0,00167	5981,87	0,00451	HOLD	98,2349	152,0843
2022-01-30	15:00	38244,98	38359,26	37966,15	38000	LONG	0,00167	5981,87	0,00451	HOLD	98,2349	151,6751
2022-01-30	16:00	37999,99	38073,45	37795	37889,48	LONG	0,00167	5981,87	0,00451	HOLD	98,2349	151,4906
2022-01-30	17:00	37889,49	38189,19	37829	38184,74	LONG	0,00167	5981,87	0,00451	HOLD	98,2349	151,9837
2022-01-30	18:00	38184,74	38259,14	37958,13	38110,02	LONG	0,00167	5981,87	0,00451	HOLD	98,2349	151,8589
2022-01-30	19:00	38110,03	38153,82	37849,53	37938,47	LONG	0,00167	5981,87	0,00451	HOLD	98,2349	151,5724
2022-01-30	20:00	37937,21	37998,99	37823,08	37963,22	LONG	0,00167	5981,87	0,00451	HOLD	98,2349	151,6137
2022-01-30	21:00	37963,21	37999,9	37712,05	37838,99	LONG	0,00167	5981,87	0,00451	HOLD	98,2349	151,4063
2022-01-30	22:00	37839	38041,32	37778,2	37980,09	LONG	0,00167	5981,87	0,00451	HOLD	98,2349	151,6419
2022-01-30	23:00	37977,47	38074,76	37800	37832,44	LONG	0,00167	5981,87	0,00451	HOLD	98,2349	151,3953
2022-01-31	00:00	37832,45	37994,87	37751,72	37991	LONG	0,00167	5981,87	0,00451	HOLD	98,2349	151,6601
2022-01-31	01:00	37991	38020,39	37813,79	37820,95	LONG	0,00167	5981,87	0,00451	HOLD	98,2349	151,3761
2022-01-31	02:00	37820,96	37827,14	37442,52	37512,37	LONG	0,00167	5981,87	0,00451	HOLD	98,2349	150,8608
2022-01-31	03:00	37512,37	37740	37351,63	37684,45	LONG	0,00167	5981,87	0,00451	HOLD	98,2349	151,1482
2022-01-31	04:00	37684,45	37762,6	37492,25	37729	LONG	0,00167	5981,87	0,00451	HOLD	98,2349	151,2226
2022-01-31	05:00	37729	37855,54	37625,41	37785,78	LONG	0,00167	5981,87	0,00451	HOLD	98,2349	151,3174
2022-01-31	06:00	37785,78	38230	37778,46	37881,76	LONG	0,00167	5981,87	0,00451	HOLD	98,2349	151,4777
2022-01-31	07:00	37881,75	37951,07	36828,32	36829,3	LONG	0,00167	5981,87	0,00451	HOLD	98,2349	149,7201
2022-01-31	08:00	36829,3	36960,67	36760,87	36821,05	LONG	0,00167	5981,87	0,00451	HOLD	98,2349	149,7063
2022-01-31	09:00	36823,19	37004,55	36632,61	36993,58	LONG	0,00167	5981,87	0,00451	HOLD	98,2349	149,9944
2022-01-31	10:00	36994,69	37058,82	36925,27	37025,68	LONG	0,00167	5981,87	0,00451	HOLD	98,2349	150,048
2022-01-31	11:00	37025,68	37026,29	36811,48	36912,84	LONG	0,00167	5981,87	0,00451	HOLD	98,2349	149,8596
2022-01-31	12:00	36912,84	37019,76	36850	37001,65	LONG	0,00167	5981,87	0,00451	HOLD	98,2349	150,0079
2022-01-31	13:00	37001,66	37077,46	36916,78	36916,78	LONG	0,00167	5981,87	0,00451	HOLD	98,2349	149,8662
2022-01-31	14:00	36916,79	37196,91	36880,6	37121,83	LONG	0,00167	5981,87	0,00451	HOLD	98,2349	150,2086
2022-01-31	15:00	37121,84	37211,12	37100,71	37145,63	LONG	0,00167	5981,87	0,00451	HOLD	98,2349	150,2483
2022-01-31	16:00	37144,71	37256,14	37085,23	37212,53	LONG	0,00167	5981,87	0,00451	HOLD	98,2349	150,3601
2022-01-31	17:00	37212,53	37350	37156,8	37300,31	LONG	0,00167	5981,87	0,00451	HOLD	98,2349	150,5067
2022-01-31	18:00	37300,31	37399,93	36880	37265,16	LONG	0,00167	5981,87	0,00451	HOLD	98,2349	150,448
2022-01-31	19:00	37265,15	37421,3	36828,52	37081,15	LONG	0,00167	5981,87	0,00451	HOLD	98,2349	150,1407
2022-01-31	20:00	37084,17	37347,83	36724	37251,08	LONG	0,00167	5981,87	0,00451	HOLD	98,2349	150,4244
2022-01-31	21:00	37251,07	37524,78	37193,77	37510,84	LONG	0,00167	5981,87	0,00451	HOLD	98,2349	150,8582
2022-01-31	22:00	37510,85	37900	37510,84	37722,91	LONG	0,00167	5981,87	0,00451	HOLD	98,2349	151,2124
2022-01-31	23:00	37722,91	38414	37671,46	38341,99	LONG	0,00167	5981,87	0,00451	HOLD	98,2349	152,2463
2022-02-01	00:00	38341,99	38600	38122,83	38473,03	LONG	0,00167	5981,87	0,00451	HOLD	98,2349	152,4651
2022-02-01	01:00	38473,03	38600	38342,89	38468,29	LONG	0,00167	5981,87	0,00451	HOLD	98,2349	152,4572
2022-02-01	02:00	38468,29	38744	38383,91	38415,79	LONG	0,00167	5981,87	0,00451	HOLD	98,2349	152,3695
2022-02-01	03:00	38415,79	38563,37	38236,69	38450,62	LONG	0,00167	5981,87	0,00451	HOLD	98,2349	152,4277
2022-02-01	04:00	38450,62	38531,53	38335	38410,09	LONG	0,00167	5981,87	0,00451	HOLD	98,2349	152,36
2022-02-01	05:00	38410,09	38737,99	38398,58	38412,46	LONG	0,00167	5981,87	0,00451	HOLD	98,2349	152,364
2022-02-01	06:00	38412,45	38510,28	38336,04	38466,9	LONG	0,00167	5981,87	0,00451	HOLD	98,2349	152,4549
2022-02-01	07:00	38466,9	38627,35	38276,43	38342,36	LONG	0,00167	5981,87	0,00451	HOLD	98,2349	152,2469
2022-02-01	08:00	38342,37	38407	38175,86	38238,19	LONG	0,00167	5981,87	0,00451	HOLD	98,2349	152,0729
2022-02-01	09:00	38238,18	38506,18	38196,61	38480,9	LONG	0,00167	5981,87	0,00451	HOLD	98,2349	152,4782
2022-02-01	10:00	38480,9	38649,9	38384,99	38596,82	LONG	0,00167	5981,87	0,00451	HOLD	98,2349	152,6718
2022-02-01	11:00	38596,82	38644,57	38470,37	38556,82	LONG	0,00167	5981,87	0,00451	HOLD	98,2349	152,605
2022-02-01	12:00	38556,83	38618,67	38444,26	38452,9	LONG	0,00167	5981,87	0,00451	HOLD	98,2349	152,4315
2022-02-01	13:00	38452,89	38482,91	38240	38285,02	LONG	0,00167	5981,87	0,00451	HOLD	98,2349	152,1511
2022-02-01	14:00	38285,01	38462,69	38281,16	38440,77	LONG	0,00167	5981,87	0,00451	HOLD	98,2349	152,4112
2022-02-01	15:00	38440,76	38624,24	38398,54	38597,53	LONG	0,00167	5981,87	0,00451	HOLD	98,2349	152,673
2022-02-01	16:00	38597,54	39100	38224,41	38256,12	LONG	0,00167	5981,87	0,00451	HOLD	98,2349	152,1029
2022-02-01	17:00	38256,12	38367,16	38000	38253,57	LONG	0,00167	5981,87	0,00451	HOLD	98,2349	152,0986
2022-02-01	18:00	38255,46	38471,43	38204,79	38425,06	LONG	0,00167	5981,87	0,00451	HOLD	98,2349	152,385
2022-02-01	19:00	38425,05	38800	38372	38650	LONG	0,00167	5981,87	0,00451	HOLD	98,2349	152,7606
2022-02-01	20:00	38650,01	38965,99	38454	38872,21	LONG	0,00167	5981,87	0,00451	HOLD	98,2349	153,1317
2022-02-01	21:00	38872,2	39034,47	38304,52	38509,46	LONG	0,00167	5981,87	0,00451	HOLD	98,2349	152,5259
2022-02-01	22:00	38509,46	38649,57	38190,42	38630,33	LONG	0,00167	5981,87	0,00451	HOLD	98,2349	152,7278
2022-02-01	23:00	38630,32	39265,2	38587,96	39110,89	LONG	0,00167	5981,87	0,00451	HOLD	98,2349	153,5303
2022-02-02	00:00	39110,89	39171,94	38655,35	38867,24	LONG	0,00167	5981,87	0,00451	HOLD	98,2349	153,1234
2022-02-02	01:00	38868,01	38900	38460,2	38533,15	LONG	0,00167	5981,87	0,00451	HOLD	98,2349	152,5655
2022-02-02	02:00	38533,14	38595,6	38341,06	38378,09	LONG	0,00167	5981,87	0,00451	HOLD	98,2349	152,3066
2022-02-02	03:00	38378,1	38735,63	38369	38512,08	LONG	0,00167	5981,87	0,00451	HOLD	98,2349	152,5303
2022-02-02	04:00	38512,86	38819	38490	38785,53	LONG	0,00167	5981,87	0,00451	HOLD	98,2349	152,987
2022-02-02	05:00	38785,52	38853,23	38532,45	38697,55	LONG	0,00167	5981,87	0,00451	HOLD	98,2349	152,8401
2022-02-02	06:00	38697,56	38889	38602,3	38694,59	LONG	0,00167	5981,87	0,00451	HOLD	98,2349	152,8351
2022-02-02	07:00	38694,59	38855,92	38429,03	38557,27	LONG	0,00167	5981,87	0,00451	HOLD	98,2349	152,6058
2022-02-02	08:00	38557,27	38668,84	38374,78	38439,76	LONG	0,00167	5981,87	0,00451	HOLD	98,2349	152,4095
2022-02-02	09:00	38439,76	38665,69	38385,19	38622,81	LONG	0,00167	5981,87	0,00451	HOLD	98,2349	152,7152
2022-02-02	10:00	38619,71	38749,99	38544,87	38552,87	LONG	0,00167	5981,87	0,00451	HOLD	98,2349	152,5984
2022-02-02	11:00	38552,87	38555,33	38378,65	38423,44	LONG	0,00167	5981,87	0,00451	HOLD	98,2349	152,3823
2022-02-02	12:00	38423,44	38519,78	38300	38416,38	LONG	0,00167	5981,87	0,00451	HOLD	98,2349	152,3705
2022-02-02	13:00	38416,38	38541,27	38196,42	38277,51	LONG	0,00167	5981,87	0,00451	HOLD	98,2349	152,1386
2022-02-02	14:00	38281,18	38388,46	38200	38284,69	LONG	0,00167	5981,87	0,00451	HOLD	98,2349	152,1506
2022-02-02	15:00	38282,14	38465,21	38225	38447,49	LONG	0,00167	5981,87	0,00451	HOLD	98,2349	152,4225
2022-02-02	16:00	38447,5	38564,87	38388	38530,85	LONG	0,00167	5981,87	0,00451	HOLD	98,2349	152,5617
2022-02-02	17:00	38530,1	38597,95	38359,08	38566,26	LONG	0,00167	5981,87	0,00451	HOLD	98,2349	152,6208
2022-02-02	18:00	38566,25	38577,21	38427,02	38490	LONG	0,00167	5981,87	0,00451	HOLD	98,2349	152,4934
2022-02-02	19:00	38490	38773,41	38468,8	38723,99	LONG	0,00167	5981,87	0,00451	HOLD	98,2349	152,8842
2022-02-02	20:00	38724	38772,24	38335,83	38361,61	LONG	0,00167	5981,87	0,00451	HOLD	98,2349	152,279
2022-02-02	21:00	38361,61	38437,02	37611	37703,72	LONG	0,00167	5981,87	0,00451	HOLD	98,2349	151,1804
2022-02-02	22:00	37703,72	37824,17	37361,49	37429,78	LONG	0,00167	5981,87	0,00451	HOLD	98,2349	150,7229
2022-02-02	23:00	37429,78	37435,9	37066,66	37336,71	LONG	0,00167	5981,87	0,00451	HOLD	98,2349	150,5674
2022-02-03	00:00	37336,71	37550	37269,25	37469,99	LONG	0,00167	5981,87	0,00451	HOLD	98,2349	150,79
2022-02-03	01:00	37469,99	37530,98	37380,01	37486,42	LONG	0,00167	5981,87	0,00451	HOLD	98,2349	150,8175
2022-02-03	02:00	37486,41	37674,34	37401,75	37566,56	LONG	0,00167	5981,87	0,00451	HOLD	98,2349	150,9513
2022-02-03	03:00	37566,56	37662,14	37400,17	37566	LONG	0,00167	5981,87	0,00451	HOLD	98,2349	150,9504
2022-02-03	04:00	37566	37612,66	36586,95	36922,51	LONG	0,00167	5981,87	0,00451	HOLD	98,2349	149,8757
2022-02-03	05:00	36922,51	37211	36820,5	37006,93	LONG	0,00167	5981,87	0,00451	HOLD	98,2349	150,0167
2022-02-03	06:00	37006,93	37133,16	36797,18	36896,36	LONG	0,00167	5981,87	0,00451	HOLD	98,2349	149,8321
2022-02-03	07:00	36896,37	37049,65	36763,4	36878,39	LONG	0,00167	5981,87	0,00451	HOLD	98,2349	149,8021
2022-02-03	08:00	36878,38	36996,39	36753	36845,52	LONG	0,00167	5981,87	0,00451	HOLD	98,2349	149,7472
2022-02-03	09:00	36845,52	36958,97	36720,01	36958,68	LONG	0,00167	5981,87	0,00451	HOLD	98,2349	149,9361
2022-02-03	10:00	36958,67	36960	36772,11	36820,83	LONG	0,00167	5981,87	0,00451	HOLD	98,2349	149,7059
2022-02-03	11:00	36822,5	36957	36780,04	36906,99	LONG	0,00167	5981,87	0,00451	HOLD	98,2349	149,8498
2022-02-03	12:00	36906,99	37081,55	36834,32	36991,62	LONG	0,00167	5981,87	0,00451	HOLD	98,2349	149,9911
2022-02-03	13:00	36991,63	37006,56	36835,14	36924,01	LONG	0,00167	5981,87	0,00451	HOLD	98,2349	149,8782
2022-02-03	14:00	36924,01	37093,03	36916,61	37024,16	LONG	0,00167	5981,87	0,00451	HOLD	98,2349	150,0455
2022-02-03	15:00	37024,16	37106,91	36925,25	37077,65	LONG	0,00167	5981,87	0,00451	HOLD	98,2349	150,1348
2022-02-03	16:00	37077,66	37090	36593,4	36614,91	LONG	0,00167	5981,87	0,00451	HOLD	98,2349	149,362
2022-02-03	17:00	36614,9	36666,67	36250,73	36378,83	LONG	0,00167	5981,87	0,00451	HOLD	98,2349	148,9678
2022-02-03	18:00	36378,83	36796,44	36292,61	36785	LONG	0,00167	5981,87	0,00451	HOLD	98,2349	149,6461
2022-02-03	19:00	36785	36791,98	36250	36694	LONG	0,00167	5981,87	0,00451	HOLD	98,2349	149,4941
2022-02-03	20:00	36690,76	36774,58	36451	36585,08	LONG	0,00167	5981,87	0,00451	HOLD	98,2349	149,3122
2022-02-03	21:00	36585,08	36792,17	36484	36505,71	LONG	0,00167	5981,87	0,00451	HOLD	98,2349	149,1797
2022-02-03	22:00	36505,71	36976,89	36474,92	36910,05	LONG	0,00167	5981,87	0,00451	HOLD	98,2349	149,8549
2022-02-03	23:00	36910,06	37104,6	36686,65	36687	LONG	0,00167	5981,87	0,00451	HOLD	98,2349	149,4824
2022-02-04	00:00	36686,65	36886,3	36518,13	36831,51	LONG	0,00167	5981,87	0,00451	HOLD	98,2349	149,7238
2022-02-04	01:00	36831,52	36853,03	36698	36762,69	LONG	0,00167	5981,87	0,00451	HOLD	98,2349	149,6088
2022-02-04	02:00	36762,69	36830	36449,43	36551,7	LONG	0,00167	5981,87	0,00451	HOLD	98,2349	149,2565
2022-02-04	03:00	36551,71	36644,05	36270	36367,4	LONG	0,00167	5981,87	0,00451	HOLD	98,2349	148,9487
2022-02-04	04:00	36367,43	37050	36357,87	36948,99	LONG	0,00167	5981,87	0,00451	HOLD	98,2349	149,92
2022-02-04	05:00	36949	37016,42	36800,01	36933,16	LONG	0,00167	5981,87	0,00451	HOLD	98,2349	149,8935
2022-02-04	06:00	36933,16	37387	36865,49	37311,61	LONG	0,00167	5981,87	0,00451	HOLD	98,2349	150,5255
2022-02-04	07:00	37311,98	37343,77	37116,97	37180,53	LONG	0,00167	5981,87	0,00451	HOLD	98,2349	150,3066
2022-02-04	08:00	37180,52	37239,94	37026,73	37168,6	LONG	0,00167	5981,87	0,00451	HOLD	98,2349	150,2867
2022-02-04	09:00	37168,59	37445,5	37140,19	37326,25	LONG	0,00167	5981,87	0,00451	HOLD	98,2349	150,55
2022-02-04	10:00	37326,26	37420,51	37266,31	37297,62	LONG	0,00167	5981,87	0,00451	HOLD	98,2349	150,5022
2022-02-04	11:00	37297,61	37356	37245	37289,34	LONG	0,00167	5981,87	0,00451	HOLD	98,2349	150,4883
2022-02-04	12:00	37289,35	37689	37260,01	37547,01	LONG	0,00167	5981,87	0,00451	HOLD	98,2349	150,9186
2022-02-04	13:00	37547,01	38025,6	37547	37990,02	LONG	0,00167	5981,87	0,00451	HOLD	98,2349	151,6585
2022-02-04	14:00	37990,02	38222	37838,13	37869,31	LONG	0,00167	5981,87	0,00451	HOLD	98,2349	151,4569
2022-02-04	15:00	37869,31	38047,98	37850,01	37957,32	LONG	0,00167	5981,87	0,00451	HOLD	98,2349	151,6039
2022-02-04	16:00	37957,32	38140,39	37900	38014,01	LONG	0,00167	5981,87	0,00451	HOLD	98,2349	151,6985
2022-02-04	17:00	38014	38236,08	37763,74	37879,74	LONG	0,00167	5981,87	0,00451	HOLD	98,2349	151,4743
2022-02-04	18:00	37879,74	37994,6	37810	37810	LONG	0,00167	5981,87	0,00451	HOLD	98,2349	151,3578
2022-02-04	19:00	37810	38060,55	37810	37956,67	LONG	0,00167	5981,87	0,00451	HOLD	98,2349	151,6028
2022-02-04	20:00	37956,67	38200	37362,72	37421,4	LONG	0,00167	5981,87	0,00451	HOLD	98,2349	150,7089
2022-02-04	21:00	37421,41	38070,65	37290,2	37953,2	LONG	0,00167	5981,87	0,00451	HOLD	98,2349	151,597
2022-02-04	22:00	37953,2	39819,91	37886,9	39490,87	LONG	0,00167	5981,87	0,00451	HOLD	98,2349	154,1649
2022-02-04	23:00	39490,88	40600	39442,89	40268,51	LONG	0,00167	5981,87	0,00451	HOLD	98,2349	155,4636
2022-02-05	00:00	40268,51	40557,51	40180	40520,46	LONG	0,00167	5981,87	0,00451	HOLD	98,2349	155,8843
2022-02-05	01:00	40520,45	40662,01	40278,79	40469,27	LONG	0,00167	5981,87	0,00451	HOLD	98,2349	155,7988
2022-02-05	02:00	40469,27	40877	40366,99	40727,91	LONG	0,00167	5981,87	0,00451	HOLD	98,2349	156,2308
2022-02-05	03:00	40727,92	40884,96	40456,25	40588	LONG	0,00167	5981,87	0,00451	HOLD	98,2349	155,9971
2022-02-05	04:00	40588	40631,89	40426,23	40624,15	LONG	0,00167	5981,87	0,00451	HOLD	98,2349	156,0575
2022-02-05	05:00	40624,16	40666,98	40382,84	40641,74	LONG	0,00167	5981,87	0,00451	HOLD	98,2349	156,0868
2022-02-05	06:00	40641,74	41772,33	40562,29	41574,25	LONG	0,00167	5981,87	0,00451	HOLD	98,2349	157,6441
2022-02-05	07:00	41571,7	41913,69	41342,98	41471,41	LONG	0,00167	5981,87	0,00451	HOLD	98,2349	157,4724
2022-02-05	08:00	41471,41	41535,73	41193,44	41274,08	LONG	0,00167	5981,87	0,00451	HOLD	98,2349	157,1429
2022-02-05	09:00	41274,08	41447,08	41173,36	41363,96	LONG	0,00167	5981,87	0,00451	HOLD	98,2349	157,293
2022-02-05	10:00	41363,96	41471	41341,37	41447,85	LONG	0,00167	5981,87	0,00451	HOLD	98,2349	157,4331
2022-02-05	11:00	41447,85	41693,9	41369,69	41465,42	LONG	0,00167	5981,87	0,00451	HOLD	98,2349	157,4624
2022-02-05	12:00	41465,43	41656,25	41376,5	41525,27	LONG	0,00167	5981,87	0,00451	HOLD	98,2349	157,5623
2022-02-05	13:00	41525,26	41748,18	41480,41	41499,99	LONG	0,00167	5981,87	0,00451	HOLD	98,2349	157,5201
2022-02-05	14:00	41500	41501,91	41373,27	41379,99	LONG	0,00167	5981,87	0,00451	HOLD	98,2349	157,3197
2022-02-05	15:00	41379,99	41600,1	41315,68	41436,23	LONG	0,00167	5981,87	0,00451	HOLD	98,2349	157,4136
2022-02-05	16:00	41437,62	41564,28	41099,92	41547,36	LONG	0,00167	5981,87	0,00451	HOLD	98,2349	157,5992
2022-02-05	17:00	41547,36	41669	41418,41	41565,86	LONG	0,00167	5981,87	0,00451	HOLD	98,2349	157,6301
2022-02-05	18:00	41565,86	41633,39	41382	41430	LONG	0,00167	5981,87	0,00451	HOLD	98,2349	157,4032
2022-02-05	19:00	41430	41513,6	41334,7	41379,13	LONG	0,00167	5981,87	0,00451	HOLD	98,2349	157,3183
2022-02-05	20:00	41379,12	41545,82	41348,62	41510,69	LONG	0,00167	5981,87	0,00451	HOLD	98,2349	157,538
2022-02-05	21:00	41510,7	41755,3	41385,46	41458,73	LONG	0,00167	5981,87	0,00451	HOLD	98,2349	157,4512
2022-02-05	22:00	41458,73	41899,54	41326,17	41761,85	LONG	0,00167	5981,87	0,00451	HOLD	98,2349	157,9574
2022-02-05	23:00	41761,87	41854,81	41230	41283,81	LONG	0,00167	5981,87	0,00451	HOLD	98,2349	157,1591
2022-02-06	00:00	41283,81	41686,28	40843,01	41583,93	LONG	0,00167	5981,87	0,00451	HOLD	98,2349	157,6603
2022-02-06	01:00	41583,94	41742,45	41505,79	41683,89	LONG	0,00167	5981,87	0,00451	HOLD	98,2349	157,8272
2022-02-06	02:00	41683,89	41688,18	41487,04	41544,9	LONG	0,00167	5981,87	0,00451	HOLD	98,2349	157,5951
2022-02-06	03:00	41544,9	41696,5	41380,11	41644	LONG	0,00167	5981,87	0,00451	HOLD	98,2349	157,7606
2022-02-06	04:00	41647,78	41771,85	41555,55	41627,47	LONG	0,00167	5981,87	0,00451	HOLD	98,2349	157,733
2022-02-06	05:00	41627,48	41757,35	41558,17	41579,88	LONG	0,00167	5981,87	0,00451	HOLD	98,2349	157,6535
2022-02-06	06:00	41579,89	41643,47	41349,81	41382,59	LONG	0,00167	5981,87	0,00451	HOLD	98,2349	157,3241
2022-02-06	07:00	41382,6	41526,22	41340,35	41478,68	LONG	0,00167	5981,87	0,00451	HOLD	98,2349	157,4845
2022-02-06	08:00	41478,67	41640	41475,85	41606,03	LONG	0,00167	5981,87	0,00451	HOLD	98,2349	157,6972
2022-02-06	09:00	41606,04	41628,19	41462,73	41534,56	LONG	0,00167	5981,87	0,00451	HOLD	98,2349	157,5779
2022-02-06	10:00	41534,57	41556,01	41431,13	41444,04	LONG	0,00167	5981,87	0,00451	HOLD	98,2349	157,4267
2022-02-06	11:00	41444,03	41545,41	41305,29	41543,41	LONG	0,00167	5981,87	0,00451	HOLD	98,2349	157,5926
2022-02-06	12:00	41543,41	41587,44	41490,38	41572,96	LONG	0,00167	5981,87	0,00451	HOLD	98,2349	157,642
2022-02-06	13:00	41572,97	41580,04	41401,58	41451,37	LONG	0,00167	5981,87	0,00451	HOLD	98,2349	157,4389
2022-02-06	14:00	41451,37	41714,18	41405,92	41612,33	LONG	0,00167	5981,87	0,00451	HOLD	98,2349	157,7077
2022-02-06	15:00	41612,32	41660,63	41489,95	41640	LONG	0,00167	5981,87	0,00451	HOLD	98,2349	157,7539
2022-02-06	16:00	41640	41672,99	41579,98	41648,99	LONG	0,00167	5981,87	0,00451	HOLD	98,2349	157,769
2022-02-06	17:00	41649	41700,01	41531,16	41578,68	LONG	0,00167	5981,87	0,00451	HOLD	98,2349	157,6515
2022-02-06	18:00	41578,68	41627,63	41444	41522	LONG	0,00167	5981,87	0,00451	HOLD	98,2349	157,5569
2022-02-06	19:00	41522	41645,34	41487,82	41610,99	LONG	0,00167	5981,87	0,00451	HOLD	98,2349	157,7055
2022-02-06	20:00	41610,99	41834,99	41479,28	41692,35	LONG	0,00167	5981,87	0,00451	HOLD	98,2349	157,8414
2022-02-06	21:00	41692,35	42168	41204,45	41306,34	LONG	0,00167	5981,87	0,00451	HOLD	98,2349	157,1967
2022-02-06	22:00	41306,34	41600	41116,56	41519,49	LONG	0,00167	5981,87	0,00451	HOLD	98,2349	157,5527
2022-02-06	23:00	41519,48	41698,08	41417,23	41640,85	LONG	0,00167	5981,87	0,00451	HOLD	98,2349	157,7554
2022-02-07	00:00	41640,84	41747,4	41546,65	41644,84	LONG	0,00167	5981,87	0,00451	HOLD	98,2349	157,762
2022-02-07	01:00	41644,84	41674,43	41426,6	41509,04	LONG	0,00167	5981,87	0,00451	HOLD	98,2349	157,5352
2022-02-07	02:00	41509,04	41732	41487,99	41717,94	LONG	0,00167	5981,87	0,00451	HOLD	98,2349	157,8841
2022-02-07	03:00	41717,93	41748,03	41500,23	41569,99	LONG	0,00167	5981,87	0,00451	HOLD	98,2349	157,637
2022-02-07	04:00	41569,99	41720,85	41535,16	41649,98	LONG	0,00167	5981,87	0,00451	HOLD	98,2349	157,7706
2022-02-07	05:00	41649,98	41782,8	41536,86	41590,73	LONG	0,00167	5981,87	0,00451	HOLD	98,2349	157,6717
2022-02-07	06:00	41590,74	42656	41478,86	42380,87	LONG	0,00167	5981,87	0,00451	HOLD	98,2349	158,9912
2022-02-07	07:00	42380,87	42500	41645,85	41830,55	LONG	0,00167	5981,87	0,00451	HOLD	98,2349	158,0722
2022-02-07	08:00	41830,54	42266,27	41699,99	42098,41	LONG	0,00167	5981,87	0,00451	HOLD	98,2349	158,5195
2022-02-07	09:00	42102,42	42695	42095,13	42332,99	LONG	0,00167	5981,87	0,00451	HOLD	98,2349	158,9112
2022-02-07	10:00	42333	42944,2	42332,23	42818,99	LONG	0,00167	5981,87	0,00451	HOLD	98,2349	159,7229
2022-02-07	11:00	42819	42900	42700	42815,74	LONG	0,00167	5981,87	0,00451	HOLD	98,2349	159,7174
2022-02-07	12:00	42815,73	43000	42685,34	42798,1	LONG	0,00167	5981,87	0,00451	HOLD	98,2349	159,688
2022-02-07	13:00	42798,09	42823	42653,33	42749,36	LONG	0,00167	5981,87	0,00451	HOLD	98,2349	159,6066
2022-02-07	14:00	42749,35	42768,33	42551,96	42723,92	LONG	0,00167	5981,87	0,00451	HOLD	98,2349	159,5641
2022-02-07	15:00	42723,91	42767,69	42522,08	42596,49	LONG	0,00167	5981,87	0,00451	HOLD	98,2349	159,3513
2022-02-07	16:00	42596,49	42636,46	42234,09	42410,63	LONG	0,00167	5981,87	0,00451	HOLD	98,2349	159,0409
2022-02-07	17:00	42410,62	42640,2	42350	42560	LONG	0,00167	5981,87	0,00451	HOLD	98,2349	159,2903
2022-02-07	18:00	42559,99	42754,56	42559,99	42720,03	LONG	0,00167	5981,87	0,00451	HOLD	98,2349	159,5576
2022-02-07	19:00	42720,03	42790,6	42490,02	42639,93	LONG	0,00167	5981,87	0,00451	HOLD	98,2349	159,4238
2022-02-07	20:00	42639,92	42900	42611,77	42799,47	LONG	0,00167	5981,87	0,00451	HOLD	98,2349	159,6903
2022-02-07	21:00	42799,47	43475,08	42766,06	43411,15	LONG	0,00167	5981,87	0,00451	HOLD	98,2349	160,7118
2022-02-07	22:00	43411,16	43895,02	43105	43835,59	LONG	0,00167	5981,87	0,00451	HOLD	98,2349	161,4206
2022-02-07	23:00	43835,59	44077	43484,91	43797,71	LONG	0,00167	5981,87	0,00451	HOLD	98,2349	161,3573
2022-02-08	00:00	43797,7	44313,19	43601	44204,42	LONG	0,00167	5981,87	0,00451	HOLD	98,2349	162,0365
2022-02-08	01:00	44204,41	44500,5	43708	44065,25	LONG	0,00167	5981,87	0,00451	HOLD	98,2349	161,8041
2022-02-08	02:00	44065,25	44495,02	43954,32	44252,8	LONG	0,00167	5981,87	0,00451	HOLD	98,2349	162,1173
2022-02-08	03:00	44252,31	44438,93	43792,77	44131,88	LONG	0,00167	5981,87	0,00451	HOLD	98,2349	161,9154
2022-02-08	04:00	44131,88	44248,71	43769,64	44085,24	LONG	0,00167	5981,87	0,00451	HOLD	98,2349	161,8375
2022-02-08	05:00	44085,23	44180,29	43966,52	44068,99	LONG	0,00167	5981,87	0,00451	HOLD	98,2349	161,8104
2022-02-08	06:00	44069,99	44190,58	43742,9	43839,99	LONG	0,00167	5981,87	0,00451	HOLD	98,2349	161,4279
2022-02-08	07:00	43839,99	43992,53	43555,72	43850	LONG	0,00167	5981,87	0,00451	HOLD	98,2349	161,4446
2022-02-08	08:00	43849,99	44077,77	43798,8	44042,35	LONG	0,00167	5981,87	0,00451	HOLD	98,2349	161,7659
2022-02-08	09:00	44042,34	44102,5	43888,55	43954,99	LONG	0,00167	5981,87	0,00451	HOLD	98,2349	161,62
2022-02-08	10:00	43955,01	44185	43835,41	44178,57	LONG	0,00167	5981,87	0,00451	HOLD	98,2349	161,9934
2022-02-08	11:00	44178,57	44363,34	44073,73	44362,01	LONG	0,00167	5981,87	0,00451	HOLD	98,2349	162,2997
2022-02-08	12:00	44362,02	45000	44234,54	44883,08	LONG	0,00167	5981,87	0,00451	HOLD	98,2349	163,1699
2022-02-08	13:00	44883,08	45492	44237,74	44791,58	LONG	0,00167	5981,87	0,00451	HOLD	98,2349	163,0171
2022-02-08	14:00	44791,58	44927,83	44604,48	44855	LONG	0,00167	5981,87	0,00451	HOLD	98,2349	163,123
2022-02-08	15:00	44855	44919,77	43750	44004,51	LONG	0,00167	5981,87	0,00451	HOLD	98,2349	161,7027
2022-02-08	16:00	44004,51	44257,55	43520,96	43859,02	LONG	0,00167	5981,87	0,00451	HOLD	98,2349	161,4597
2022-02-08	17:00	43859,01	43938,45	43569,76	43857	LONG	0,00167	5981,87	0,00451	HOLD	98,2349	161,4563
2022-02-08	18:00	43857	44066,02	43711,1	43988,3	LONG	0,00167	5981,87	0,00451	HOLD	98,2349	161,6756
2022-02-08	19:00	43988,3	43988,31	43105,3	43458,92	LONG	0,00167	5981,87	0,00451	HOLD	98,2349	160,7915
2022-02-08	20:00	43458,92	43632,37	43193,02	43624,95	LONG	0,00167	5981,87	0,00451	HOLD	98,2349	161,0688
2022-02-08	21:00	43624,95	43856,28	43525,6	43579,31	LONG	0,00167	5981,87	0,00451	HOLD	98,2349	160,9926
2022-02-08	22:00	43580,08	43585,85	42854,81	43429,31	LONG	0,00167	5981,87	0,00451	HOLD	98,2349	160,7421
2022-02-08	23:00	43429,32	43685,2	42910	43017,01	LONG	0,00167	5981,87	0,00451	HOLD	98,2349	160,0535
2022-02-09	00:00	43017	43204,03	42666	42953,86	LONG	0,00167	5981,87	0,00451	HOLD	98,2349	159,9481
2022-02-09	01:00	42953,87	43259,8	42850,01	42978,55	LONG	0,00167	5981,87	0,00451	HOLD	98,2349	159,9893
2022-02-09	02:00	42978,56	43130	42700	42998,65	LONG	0,00167	5981,87	0,00451	HOLD	98,2349	160,0229
2022-02-09	03:00	43000,53	44349,99	42938,36	44271,95	LONG	0,00167	5981,87	0,00451	HOLD	98,2349	162,1493
2022-02-09	04:00	44271,95	44393,36	43849,9	44180,36	LONG	0,00167	5981,87	0,00451	HOLD	98,2349	161,9963
2022-02-09	05:00	44180	44274,69	43865,22	44062,89	LONG	0,00167	5981,87	0,00451	HOLD	98,2349	161,8002
2022-02-09	06:00	44062,89	44299,98	44013,56	44042,99	LONG	0,00167	5981,87	0,00451	HOLD	98,2349	161,7669
2022-02-09	07:00	44043	44341,88	43958,7	44243,99	LONG	0,00167	5981,87	0,00451	HOLD	98,2349	162,1026
2022-02-09	08:00	44243,99	44247,54	43800,39	43861,21	LONG	0,00167	5981,87	0,00451	HOLD	98,2349	161,4634
2022-02-09	09:00	43861,22	43926,83	43117,92	43340,22	LONG	0,00167	5981,87	0,00451	HOLD	98,2349	160,5933
2022-02-09	10:00	43340,23	43488,57	43252,76	43343,28	LONG	0,00167	5981,87	0,00451	HOLD	98,2349	160,5984
2022-02-09	11:00	43343,28	43569,65	43313,98	43453,49	LONG	0,00167	5981,87	0,00451	HOLD	98,2349	160,7825
2022-02-09	12:00	43453,49	43749	43125	43584,93	LONG	0,00167	5981,87	0,00451	HOLD	98,2349	161,002
2022-02-09	13:00	43584,93	43831,05	43533,73	43700,01	LONG	0,00167	5981,87	0,00451	HOLD	98,2349	161,1942
2022-02-09	14:00	43700,01	43918,52	43416,21	43807,75	LONG	0,00167	5981,87	0,00451	HOLD	98,2349	161,3741
2022-02-09	15:00	43807,75	43939	43181,91	43399,78	LONG	0,00167	5981,87	0,00451	HOLD	98,2349	160,6928
2022-02-09	16:00	43399,78	43662,06	43300	43386,75	LONG	0,00167	5981,87	0,00451	HOLD	98,2349	160,671
2022-02-09	17:00	43386,75	43737,61	43365,44	43614,04	LONG	0,00167	5981,87	0,00451	HOLD	98,2349	161,0506
2022-02-09	18:00	43611,23	43824,35	43371,62	43715,45	LONG	0,00167	5981,87	0,00451	HOLD	98,2349	161,2199
2022-02-09	19:00	43715,46	44349,23	43617,61	44141,56	LONG	0,00167	5981,87	0,00451	HOLD	98,2349	161,9315
2022-02-09	20:00	44141,57	44471,4	43863,16	43938,87	LONG	0,00167	5981,87	0,00451	HOLD	98,2349	161,5931
2022-02-09	21:00	43938,87	44265,41	43780,73	44092,39	LONG	0,00167	5981,87	0,00451	HOLD	98,2349	161,8494
2022-02-09	22:00	44092,39	44197,97	43794,01	43867,63	LONG	0,00167	5981,87	0,00451	HOLD	98,2349	161,4741
2022-02-09	23:00	43867,63	44148,11	43579,66	44077,34	LONG	0,00167	5981,87	0,00451	HOLD	98,2349	161,8243
2022-02-10	00:00	44077,34	44318,77	43977,69	44066	LONG	0,00167	5981,87	0,00451	HOLD	98,2349	161,8054
2022-02-10	01:00	44066,01	44175	43922,14	44167,65	LONG	0,00167	5981,87	0,00451	HOLD	98,2349	161,9751
2022-02-10	02:00	44167,64	44700	44133,44	44463,43	LONG	0,00167	5981,87	0,00451	HOLD	98,2349	162,4691
2022-02-10	03:00	44466,23	44799	44342,03	44765,18	LONG	0,00167	5981,87	0,00451	HOLD	98,2349	162,973
2022-02-10	04:00	44765,19	44799	44436,69	44452,14	LONG	0,00167	5981,87	0,00451	HOLD	98,2349	162,4502
2022-02-10	05:00	44452,14	44591	44189	44557,76	LONG	0,00167	5981,87	0,00451	HOLD	98,2349	162,6266
2022-02-10	06:00	44557,75	44588,04	44200	44372,72	LONG	0,00167	5981,87	0,00451	HOLD	98,2349	162,3176
2022-02-10	07:00	44372,71	44400	44030,1	44103,29	LONG	0,00167	5981,87	0,00451	HOLD	98,2349	161,8676
2022-02-10	08:00	44103,29	44261,25	44028,57	44253,22	LONG	0,00167	5981,87	0,00451	HOLD	98,2349	162,118
2022-02-10	09:00	44253,23	44360	43800	43800,01	LONG	0,00167	5981,87	0,00451	HOLD	98,2349	161,3612
2022-02-10	10:00	43800	43858,41	43542,14	43775,42	LONG	0,00167	5981,87	0,00451	HOLD	98,2349	161,3201
2022-02-10	11:00	43775,42	43911,57	43575,22	43783,82	LONG	0,00167	5981,87	0,00451	HOLD	98,2349	161,3341
2022-02-10	12:00	43784,72	43906,3	43703,78	43879,78	LONG	0,00167	5981,87	0,00451	HOLD	98,2349	161,4944
2022-02-10	13:00	43879,78	43997,18	43757,57	43874,66	LONG	0,00167	5981,87	0,00451	HOLD	98,2349	161,4858
2022-02-10	14:00	43874,67	44131,6	43856,46	44092,42	LONG	0,00167	5981,87	0,00451	HOLD	98,2349	161,8495
2022-02-10	15:00	44092,43	44299,45	44055,86	44215	LONG	0,00167	5981,87	0,00451	HOLD	98,2349	162,0542
2022-02-10	16:00	44215	44499	44091,98	44400,01	LONG	0,00167	5981,87	0,00451	HOLD	98,2349	162,3632
2022-02-10	17:00	44400	44759,55	44361,36	44644,36	LONG	0,00167	5981,87	0,00451	HOLD	98,2349	162,7712
2022-02-10	18:00	44644,74	45177,96	44563,23	44834,09	LONG	0,00167	5981,87	0,00451	HOLD	98,2349	163,0881
2022-02-10	19:00	44834,09	44989,79	44486,43	44807,73	LONG	0,00167	5981,87	0,00451	HOLD	98,2349	163,0441
2022-02-10	20:00	44807,73	45060	43630,01	43642,98	LONG	0,00167	5981,87	0,00451	HOLD	98,2349	161,0989
2022-02-10	21:00	43642,98	44368,63	43174,01	44356,08	LONG	0,00167	5981,87	0,00451	HOLD	98,2349	162,2898
2022-02-10	22:00	44354,92	45669,71	44154,59	44947,1	LONG	0,00167	5981,87	0,00451	HOLD	98,2349	163,2768
2022-02-10	23:00	44947,12	45540,75	44846,59	45382,86	LONG	0,00167	5981,87	0,00451	HOLD	98,2349	164,0045
2022-02-11	00:00	45382,86	45821	45013,31	45330,43	LONG	0,00167	5981,87	0,00451	HOLD	98,2349	163,917
2022-02-11	01:00	45330,43	45400	44850	45217,94	LONG	0,00167	5981,87	0,00451	HOLD	98,2349	163,7291
2022-02-11	02:00	45218,18	45254,95	44341,07	44373,97	LONG	0,00167	5981,87	0,00451	HOLD	98,2349	162,3197
2022-02-11	03:00	44373,95	44601,14	43785,93	44102,4	LONG	0,00167	5981,87	0,00451	HOLD	98,2349	161,8662
2022-02-11	04:00	44102,41	44199,99	43700	43749,99	LONG	0,00167	5981,87	0,00451	HOLD	98,2349	161,2776
2022-02-11	05:00	43749,3	44079,45	43612,6	43957,59	LONG	0,00167	5981,87	0,00451	HOLD	98,2349	161,6243
2022-02-11	06:00	43957,58	44047,61	43333,42	43495,44	LONG	0,00167	5981,87	0,00451	HOLD	98,2349	160,8525
2022-02-11	07:00	43495,44	43559,45	42600	43040,01	LONG	0,00167	5981,87	0,00451	HOLD	98,2349	160,092
2022-02-11	08:00	43040,01	43749,86	42937,85	43169,78	LONG	0,00167	5981,87	0,00451	HOLD	98,2349	160,3087
2022-02-11	09:00	43169,78	43196,82	42817,93	43127,36	LONG	0,00167	5981,87	0,00451	HOLD	98,2349	160,2378
2022-02-11	10:00	43127,36	43408,63	43088,07	43343,71	LONG	0,00167	5981,87	0,00451	HOLD	98,2349	160,5991
2022-02-11	11:00	43342,92	43370,79	42918,12	43091,1	LONG	0,00167	5981,87	0,00451	HOLD	98,2349	160,1773
2022-02-11	12:00	43091,09	43091,58	42836	42848,1	LONG	0,00167	5981,87	0,00451	HOLD	98,2349	159,7715
2022-02-11	13:00	42848,09	43281,46	42814,23	43248,73	LONG	0,00167	5981,87	0,00451	HOLD	98,2349	160,4405
2022-02-11	14:00	43248,74	43416,22	43170,35	43359,25	LONG	0,00167	5981,87	0,00451	HOLD	98,2349	160,6251
2022-02-11	15:00	43359,24	43555,92	42987,01	43000,32	LONG	0,00167	5981,87	0,00451	HOLD	98,2349	160,0257
2022-02-11	16:00	43000,32	43600	42851	43492,64	LONG	0,00167	5981,87	0,00451	HOLD	98,2349	160,8479
2022-02-11	17:00	43492,63	43569,67	43233,67	43443,77	LONG	0,00167	5981,87	0,00451	HOLD	98,2349	160,7662
2022-02-11	18:00	43443,78	43523,42	43320	43357,53	LONG	0,00167	5981,87	0,00451	HOLD	98,2349	160,6222
2022-02-11	19:00	43357,53	43700,78	43253,31	43570,77	LONG	0,00167	5981,87	0,00451	HOLD	98,2349	160,9783
2022-02-11	20:00	43570,77	43826	43503,01	43765,14	LONG	0,00167	5981,87	0,00451	HOLD	98,2349	161,3029
2022-02-11	21:00	43765,15	43920	43284,4	43514,72	LONG	0,00167	5981,87	0,00451	HOLD	98,2349	160,8847
2022-02-11	22:00	43514,72	43810,97	43501,56	43669,01	LONG	0,00167	5981,87	0,00451	HOLD	98,2349	161,1424
2022-02-11	23:00	43669,02	43767,16	43424,99	43577,92	LONG	0,00167	5981,87	0,00451	HOLD	98,2349	160,9903
2022-02-12	00:00	43577,91	43723,78	43374,02	43417,18	LONG	0,00167	5981,87	0,00451	HOLD	98,2349	160,7218
2022-02-12	01:00	43417,18	43500	42581,07	42664,58	LONG	0,00167	5981,87	0,00451	HOLD	98,2349	159,465
2022-02-12	02:00	42664,58	43180,9	42050	42742,63	LONG	0,00167	5981,87	0,00451	HOLD	98,2349	159,5953
2022-02-12	03:00	42742,63	42865,58	42217,55	42338,66	LONG	0,00167	5981,87	0,00451	HOLD	98,2349	158,9207
2022-02-12	04:00	42338,65	42735,78	42293,09	42543,6	LONG	0,00167	5981,87	0,00451	HOLD	98,2349	159,263
2022-02-12	05:00	42542,02	42604,19	42000	42155,01	LONG	0,00167	5981,87	0,00451	HOLD	98,2349	158,614
2022-02-12	06:00	42155	42443,38	41938,51	42373,73	LONG	0,00167	5981,87	0,00451	HOLD	98,2349	158,9793
2022-02-12	07:00	42373,73	42415,45	42221,38	42311	LONG	0,00167	5981,87	0,00451	HOLD	98,2349	158,8745
2022-02-12	08:00	42311	42485,66	42252,58	42447,82	LONG	0,00167	5981,87	0,00451	HOLD	98,2349	159,103
2022-02-12	09:00	42447,83	42480,55	42338,95	42449,73	LONG	0,00167	5981,87	0,00451	HOLD	98,2349	159,1062
2022-02-12	10:00	42449,75	42450	42156,99	42288,46	LONG	0,00167	5981,87	0,00451	HOLD	98,2349	158,8369
2022-02-12	11:00	42288,45	42428,3	42223,88	42287	LONG	0,00167	5981,87	0,00451	HOLD	98,2349	158,8344
2022-02-12	12:00	42287,01	42414,84	42200	42272,01	LONG	0,00167	5981,87	0,00451	HOLD	98,2349	158,8094
2022-02-12	13:00	42272,01	42315,88	41688,88	42039,37	LONG	0,00167	5981,87	0,00451	HOLD	98,2349	158,4209
2022-02-12	14:00	42039,38	42232,92	41935,02	42103,94	LONG	0,00167	5981,87	0,00451	HOLD	98,2349	158,5287
2022-02-12	15:00	42103,94	42382,71	42101,11	42278,6	LONG	0,00167	5981,87	0,00451	HOLD	98,2349	158,8204
2022-02-12	16:00	42278,6	42459,06	42230,81	42393,81	LONG	0,00167	5981,87	0,00451	HOLD	98,2349	159,0128
2022-02-12	17:00	42393,8	42399,3	42100	42263,62	LONG	0,00167	5981,87	0,00451	HOLD	98,2349	158,7954
2022-02-12	18:00	42263,62	42430,54	41888,82	42406,48	LONG	0,00167	5981,87	0,00451	HOLD	98,2349	159,034
2022-02-12	19:00	42406,48	42445,85	42200,24	42276,3	LONG	0,00167	5981,87	0,00451	HOLD	98,2349	158,8166
2022-02-12	20:00	42276,3	42340,46	42078,79	42099,17	LONG	0,00167	5981,87	0,00451	HOLD	98,2349	158,5208
2022-02-12	21:00	42099,17	42218,92	41800,13	42160,63	LONG	0,00167	5981,87	0,00451	HOLD	98,2349	158,6234
2022-02-12	22:00	42160,62	42207,03	41833,31	42123,93	LONG	0,00167	5981,87	0,00451	HOLD	98,2349	158,5621
2022-02-12	23:00	42123,92	42806,65	41995,2	42730,49	LONG	0,00167	5981,87	0,00451	HOLD	98,2349	159,5751
2022-02-13	00:00	42730,49	42804,03	42548,62	42723,95	LONG	0,00167	5981,87	0,00451	HOLD	98,2349	159,5641
2022-02-13	01:00	42723,94	43079,49	42723,94	42829,94	LONG	0,00167	5981,87	0,00451	HOLD	98,2349	159,7411
2022-02-13	02:00	42829,94	42882,66	42608,56	42662,47	LONG	0,00167	5981,87	0,00451	HOLD	98,2349	159,4615
2022-02-13	03:00	42662,47	42752,99	42475,16	42622,67	LONG	0,00167	5981,87	0,00451	HOLD	98,2349	159,395
2022-02-13	04:00	42622,66	42622,67	41700	41877,82	LONG	0,00167	5981,87	0,00451	HOLD	98,2349	158,1511
2022-02-13	05:00	41877,82	42226,29	41830,01	42175,51	LONG	0,00167	5981,87	0,00451	HOLD	98,2349	158,6482
2022-02-13	06:00	42175,52	42250,87	42058,83	42217,87	LONG	0,00167	5981,87	0,00451	HOLD	98,2349	158,719
2022-02-13	07:00	42217,87	42508,47	42057,26	42390,82	LONG	0,00167	5981,87	0,00451	HOLD	98,2349	159,0078
2022-02-13	08:00	42390,81	42499,35	42198,86	42233,77	LONG	0,00167	5981,87	0,00451	HOLD	98,2349	158,7455
2022-02-13	09:00	42233,77	42275,11	42102,22	42219,44	LONG	0,00167	5981,87	0,00451	HOLD	98,2349	158,7216
2022-02-13	10:00	42219,43	42298,29	42150	42230	LONG	0,00167	5981,87	0,00451	HOLD	98,2349	158,7392
2022-02-13	11:00	42229,99	42333,24	42119,35	42204,84	LONG	0,00167	5981,87	0,00451	HOLD	98,2349	158,6972
2022-02-13	12:00	42204,83	42314,02	42120	42268,49	LONG	0,00167	5981,87	0,00451	HOLD	98,2349	158,8035
2022-02-13	13:00	42268,5	42430	42215	42426,18	LONG	0,00167	5981,87	0,00451	HOLD	98,2349	159,0669
2022-02-13	14:00	42423,88	42490,01	42300	42412,4	LONG	0,00167	5981,87	0,00451	HOLD	98,2349	159,0439
2022-02-13	15:00	42412,39	42500	42328,92	42443,06	LONG	0,00167	5981,87	0,00451	HOLD	98,2349	159,0951
2022-02-13	16:00	42443,06	42447,99	42269,64	42310,59	LONG	0,00167	5981,87	0,00451	HOLD	98,2349	158,8738
2022-02-13	17:00	42310,59	42634,86	42243,48	42570	LONG	0,00167	5981,87	0,00451	HOLD	98,2349	159,307
2022-02-13	18:00	42570	42654,64	42412,33	42470,73	LONG	0,00167	5981,87	0,00451	HOLD	98,2349	159,1413
2022-02-13	19:00	42470,72	42631,89	42415,6	42468,44	LONG	0,00167	5981,87	0,00451	HOLD	98,2349	159,1374
2022-02-13	20:00	42468,43	42568,63	42400,6	42506,34	LONG	0,00167	5981,87	0,00451	HOLD	98,2349	159,2007
2022-02-13	21:00	42506,34	42714,48	42138,17	42535,07	LONG	0,00167	5981,87	0,00451	HOLD	98,2349	159,2487
2022-02-13	22:00	42535,07	42760	42498,09	42559,97	LONG	0,00167	5981,87	0,00451	HOLD	98,2349	159,2903
2022-02-13	23:00	42559,97	42580	42208,21	42311,15	LONG	0,00167	5981,87	0,00451	HOLD	98,2349	158,8748
2022-02-14	00:00	42311,16	42311,16	42082,16	42267,4	LONG	0,00167	5981,87	0,00451	HOLD	98,2349	158,8017
2022-02-14	01:00	42267,39	42398,75	41870	41974,93	LONG	0,00167	5981,87	0,00451	HOLD	98,2349	158,3133
2022-02-14	02:00	41974,93	42181,63	41875,38	42031,16	LONG	0,00167	5981,87	0,00451	HOLD	98,2349	158,4072
2022-02-14	03:00	42031,17	42446,55	41929,42	42441,44	LONG	0,00167	5981,87	0,00451	HOLD	98,2349	159,0923
2022-02-14	04:00	42441,45	42497,85	42196,09	42200,2	LONG	0,00167	5981,87	0,00451	HOLD	98,2349	158,6895
2022-02-14	05:00	42200,21	42423,53	42200,18	42371,56	LONG	0,00167	5981,87	0,00451	HOLD	98,2349	158,9756
2022-02-14	06:00	42371,56	42393,42	42018	42053,66	LONG	0,00167	5981,87	0,00451	HOLD	98,2349	158,4448
2022-02-14	07:00	42053,65	42180,04	41934,03	42113,12	LONG	0,00167	5981,87	0,00451	HOLD	98,2349	158,5441
2022-02-14	08:00	42116,92	42152	41550,56	41670,43	LONG	0,00167	5981,87	0,00451	HOLD	98,2349	157,8048
2022-02-14	09:00	41670,16	41839,95	41600	41703,81	LONG	0,00167	5981,87	0,00451	HOLD	98,2349	157,8605
2022-02-14	10:00	41703,81	41971,76	41620,32	41916,43	LONG	0,00167	5981,87	0,00451	HOLD	98,2349	158,2156
2022-02-14	11:00	41916,42	41985,18	41836,82	41962,01	LONG	0,00167	5981,87	0,00451	HOLD	98,2349	158,2917
2022-02-14	12:00	41962,01	42018,51	41767,27	41778,62	LONG	0,00167	5981,87	0,00451	HOLD	98,2349	157,9854
2022-02-14	13:00	41778,62	42276	41734,7	42184,55	LONG	0,00167	5981,87	0,00451	HOLD	98,2349	158,6633
2022-02-14	14:00	42184,54	42368,21	42112,47	42314,42	LONG	0,00167	5981,87	0,00451	HOLD	98,2349	158,8802
2022-02-14	15:00	42314,42	42415	42000,3	42033,61	LONG	0,00167	5981,87	0,00451	HOLD	98,2349	158,4113
2022-02-14	16:00	42033,61	42226,23	41956,76	42077,44	LONG	0,00167	5981,87	0,00451	HOLD	98,2349	158,4845
2022-02-14	17:00	42077,44	42279	41922,48	42225,3	LONG	0,00167	5981,87	0,00451	HOLD	98,2349	158,7314
2022-02-14	18:00	42225,3	42270	42070,01	42117,87	LONG	0,00167	5981,87	0,00451	HOLD	98,2349	158,552
2022-02-14	19:00	42112,71	42591,49	41961,13	42535,39	LONG	0,00167	5981,87	0,00451	HOLD	98,2349	159,2492
2022-02-14	20:00	42535,39	42687,37	42380,93	42491	LONG	0,00167	5981,87	0,00451	HOLD	98,2349	159,1751
2022-02-14	21:00	42490,99	42842,4	42467,73	42519,99	LONG	0,00167	5981,87	0,00451	HOLD	98,2349	159,2235
2022-02-14	22:00	42519,99	42653,84	42350	42584,97	LONG	0,00167	5981,87	0,00451	HOLD	98,2349	159,332
2022-02-14	23:00	42584,97	42818,35	42550	42651	LONG	0,00167	5981,87	0,00451	HOLD	98,2349	159,4423
2022-02-15	00:00	42651	42807,67	42515,16	42570	LONG	0,00167	5981,87	0,00451	HOLD	98,2349	159,307
2022-02-15	01:00	42570,01	42653,1	42212	42233,91	LONG	0,00167	5981,87	0,00451	HOLD	98,2349	158,7458
2022-02-15	02:00	42233,91	42299,74	41803,17	42119,31	LONG	0,00167	5981,87	0,00451	HOLD	98,2349	158,5544
2022-02-15	03:00	42119,31	42308,72	41933,95	42180,5	LONG	0,00167	5981,87	0,00451	HOLD	98,2349	158,6566
2022-02-15	04:00	42180,51	42282,1	42100	42234,5	LONG	0,00167	5981,87	0,00451	HOLD	98,2349	158,7468
2022-02-15	05:00	42234,51	42750	42220,4	42678,07	LONG	0,00167	5981,87	0,00451	HOLD	98,2349	159,4875
2022-02-15	06:00	42678,07	42800	42529,51	42535,94	LONG	0,00167	5981,87	0,00451	HOLD	98,2349	159,2502
2022-02-15	07:00	42535,94	42668,43	42427,03	42576,18	LONG	0,00167	5981,87	0,00451	HOLD	98,2349	159,3174
2022-02-15	08:00	42576,18	43700	42518,1	43465,96	LONG	0,00167	5981,87	0,00451	HOLD	98,2349	160,8033
2022-02-15	09:00	43465,97	43685,7	43389,75	43569,79	LONG	0,00167	5981,87	0,00451	HOLD	98,2349	160,9767
2022-02-15	10:00	43569,78	43663,77	43501	43567,76	LONG	0,00167	5981,87	0,00451	HOLD	98,2349	160,9733
2022-02-15	11:00	43567,75	43781,97	43459,41	43468,94	LONG	0,00167	5981,87	0,00451	HOLD	98,2349	160,8083
2022-02-15	12:00	43468,93	43626,48	43397,1	43573,44	LONG	0,00167	5981,87	0,00451	HOLD	98,2349	160,9828
2022-02-15	13:00	43573,45	43698,82	43521,75	43544,44	LONG	0,00167	5981,87	0,00451	HOLD	98,2349	160,9344
2022-02-15	14:00	43544,45	43777	43527,26	43691,57	LONG	0,00167	5981,87	0,00451	HOLD	98,2349	161,1801
2022-02-15	15:00	43691,57	44198,99	43608,67	43987,97	LONG	0,00167	5981,87	0,00451	HOLD	98,2349	161,6751
2022-02-15	16:00	43987,97	44117,07	43829,88	44056,02	LONG	0,00167	5981,87	0,00451	HOLD	98,2349	161,7887
2022-02-15	17:00	44056,01	44371,71	43966,81	44270,01	LONG	0,00167	5981,87	0,00451	HOLD	98,2349	162,1461
2022-02-15	18:00	44270,01	44425,85	44111,11	44233,6	LONG	0,00167	5981,87	0,00451	HOLD	98,2349	162,0853
2022-02-15	19:00	44233,6	44349,67	44129,49	44182,61	LONG	0,00167	5981,87	0,00451	HOLD	98,2349	162,0001
2022-02-15	20:00	44182,6	44305,66	44024,03	44240,69	LONG	0,00167	5981,87	0,00451	HOLD	98,2349	162,0971
2022-02-15	21:00	44240,69	44500	44200,58	44249,99	LONG	0,00167	5981,87	0,00451	HOLD	98,2349	162,1126
2022-02-15	22:00	44250	44297,87	44109,02	44198,96	LONG	0,00167	5981,87	0,00451	HOLD	98,2349	162,0274
2022-02-15	23:00	44198,97	44259,37	44011	44123,18	LONG	0,00167	5981,87	0,00451	HOLD	98,2349	161,9009
2022-02-16	00:00	44120	44156,43	43846,07	43925	LONG	0,00167	5981,87	0,00451	HOLD	98,2349	161,5699
2022-02-16	01:00	43924,99	44199,79	43870,13	44128,64	LONG	0,00167	5981,87	0,00451	HOLD	98,2349	161,91
2022-02-16	02:00	44128,63	44131	43961,59	43993,95	LONG	0,00167	5981,87	0,00451	HOLD	98,2349	161,685
2022-02-16	03:00	43993,94	44169,63	43961,88	44140,76	LONG	0,00167	5981,87	0,00451	HOLD	98,2349	161,9302
2022-02-16	04:00	44140,76	44162,42	43941,28	43969,02	LONG	0,00167	5981,87	0,00451	HOLD	98,2349	161,6434
2022-02-16	05:00	43969,03	44377,92	43966,5	44169,17	LONG	0,00167	5981,87	0,00451	HOLD	98,2349	161,9777
2022-02-16	06:00	44169,18	44751,4	44103,71	44544,86	LONG	0,00167	5981,87	0,00451	HOLD	98,2349	162,6051
2022-02-16	07:00	44544,85	44549,97	44125	44195,77	LONG	0,00167	5981,87	0,00451	HOLD	98,2349	162,0221
2022-02-16	08:00	44195,77	44199,99	43945,32	43988,69	LONG	0,00167	5981,87	0,00451	HOLD	98,2349	161,6763
2022-02-16	09:00	43988,68	44070,1	43877,18	44068,38	LONG	0,00167	5981,87	0,00451	HOLD	98,2349	161,8093
2022-02-16	10:00	44068,39	44150,1	43942,27	43971,26	LONG	0,00167	5981,87	0,00451	HOLD	98,2349	161,6471
2022-02-16	11:00	43971,27	43974,95	43673,92	43893,67	LONG	0,00167	5981,87	0,00451	HOLD	98,2349	161,5176
2022-02-16	12:00	43893,68	44132,96	43886,37	44056,97	LONG	0,00167	5981,87	0,00451	HOLD	98,2349	161,7903
2022-02-16	13:00	44056,97	44191,77	43998,54	44028,14	LONG	0,00167	5981,87	0,00451	HOLD	98,2349	161,7421
2022-02-16	14:00	44028,15	44191,04	43925,23	44184,2	LONG	0,00167	5981,87	0,00451	HOLD	98,2349	162,0028
2022-02-16	15:00	44184,19	44327,55	44130,7	44147,08	LONG	0,00167	5981,87	0,00451	HOLD	98,2349	161,9408
2022-02-16	16:00	44147,09	44236,09	43992,99	44005,23	LONG	0,00167	5981,87	0,00451	HOLD	98,2349	161,7039
2022-02-16	17:00	44005,23	44128,13	43876	44111,61	LONG	0,00167	5981,87	0,00451	HOLD	98,2349	161,8815
2022-02-16	18:00	44111,61	44260	44107,17	44173,15	LONG	0,00167	5981,87	0,00451	HOLD	98,2349	161,9843
2022-02-16	19:00	44173,15	44214,11	43964,42	44032,98	LONG	0,00167	5981,87	0,00451	HOLD	98,2349	161,7502
2022-02-16	20:00	44032,98	44150	43521	43637,97	LONG	0,00167	5981,87	0,00451	HOLD	98,2349	161,0906
2022-02-16	21:00	43637,96	43735,99	43307	43490,21	LONG	0,00167	5981,87	0,00451	HOLD	98,2349	160,8438
2022-02-16	22:00	43490,21	43690	43443,44	43598,63	LONG	0,00167	5981,87	0,00451	HOLD	98,2349	161,0249
2022-02-16	23:00	43598,62	43740,6	43350	43647,36	LONG	0,00167	5981,87	0,00451	HOLD	98,2349	161,1062
2022-02-17	00:00	43647,37	43705,6	43544,32	43573,76	LONG	0,00167	5981,87	0,00451	HOLD	98,2349	160,9833
2022-02-17	01:00	43573,76	43892	43506,64	43847,16	LONG	0,00167	5981,87	0,00451	HOLD	98,2349	161,4399
2022-02-17	02:00	43847,15	44344,64	43694,44	44220	LONG	0,00167	5981,87	0,00451	HOLD	98,2349	162,0625
2022-02-17	03:00	44219,99	44376,58	44075,55	44093,62	LONG	0,00167	5981,87	0,00451	HOLD	98,2349	161,8515
2022-02-17	04:00	44093,62	44165	43877,68	44068,34	LONG	0,00167	5981,87	0,00451	HOLD	98,2349	161,8093
2022-02-17	05:00	44068,34	44159,37	43956,3	44010,49	LONG	0,00167	5981,87	0,00451	HOLD	98,2349	161,7127
2022-02-17	06:00	44010,5	44168,64	43823,09	43873,56	LONG	0,00167	5981,87	0,00451	HOLD	98,2349	161,484
2022-02-17	07:00	43873,56	44100,23	43822,28	44060,74	LONG	0,00167	5981,87	0,00451	HOLD	98,2349	161,7966
2022-02-17	08:00	44060,75	44164,71	43968,58	44006,09	LONG	0,00167	5981,87	0,00451	HOLD	98,2349	161,7053
2022-02-17	09:00	44006,09	44095,73	43824,68	43995,48	LONG	0,00167	5981,87	0,00451	HOLD	98,2349	161,6876
2022-02-17	10:00	43995,48	44010	43575,04	43583,05	LONG	0,00167	5981,87	0,00451	HOLD	98,2349	160,9988
2022-02-17	11:00	43580	43710,42	43350	43615,72	LONG	0,00167	5981,87	0,00451	HOLD	98,2349	161,0534
2022-02-17	12:00	43615,72	43707,77	43514,77	43617,4	LONG	0,00167	5981,87	0,00451	HOLD	98,2349	161,0562
2022-02-17	13:00	43617,41	43900,56	43573,5	43838,8	LONG	0,00167	5981,87	0,00451	HOLD	98,2349	161,4259
2022-02-17	14:00	43838,8	43950	43750,98	43919,46	LONG	0,00167	5981,87	0,00451	HOLD	98,2349	161,5606
2022-02-17	15:00	43919,46	44022,36	43330	43468,21	LONG	0,00167	5981,87	0,00451	HOLD	98,2349	160,8071
2022-02-17	16:00	43468,21	43529,79	42900	43216,34	LONG	0,00167	5981,87	0,00451	HOLD	98,2349	160,3864
2022-02-17	17:00	43216,33	43342	42925,06	43049,99	LONG	0,00167	5981,87	0,00451	HOLD	98,2349	160,1086
2022-02-17	18:00	43050	43207,47	42977,67	43164,05	LONG	0,00167	5981,87	0,00451	HOLD	98,2349	160,2991
2022-02-17	19:00	43164,05	43340,65	43140,57	43213,25	LONG	0,00167	5981,87	0,00451	HOLD	98,2349	160,3813
2022-02-17	20:00	43213,26	43289,92	42142,27	42239,99	LONG	0,00167	5981,87	0,00451	HOLD	98,2349	158,7559
2022-02-17	21:00	42239,99	42392	41837,61	41926,31	LONG	0,00167	5981,87	0,00451	HOLD	98,2349	158,2321
2022-02-17	22:00	41926,31	42131,05	41700	41925,44	LONG	0,00167	5981,87	0,00451	HOLD	98,2349	158,2306
2022-02-17	23:00	41925,44	42111	41641	41979,68	LONG	0,00167	5981,87	0,00451	HOLD	98,2349	158,3212
2022-02-18	00:00	41979,68	41995,2	41600	41746,21	LONG	0,00167	5981,87	0,00451	HOLD	98,2349	157,9313
2022-02-18	01:00	41746,21	41868,83	40750,02	41292,65	LONG	0,00167	5981,87	0,00451	HOLD	98,2349	157,1739
2022-02-18	02:00	41292,66	41292,66	40940,64	41201,62	LONG	0,00167	5981,87	0,00451	HOLD	98,2349	157,0218
2022-02-18	03:00	41204,22	41204,22	40851,2	40882,85	LONG	0,00167	5981,87	0,00451	HOLD	98,2349	156,4895
2022-02-18	04:00	40878,68	40950,04	40073,21	40666,82	LONG	0,00167	5981,87	0,00451	HOLD	98,2349	156,1287
2022-02-18	05:00	40666,82	40753,47	40422,94	40711,68	LONG	0,00167	5981,87	0,00451	HOLD	98,2349	156,2036
2022-02-18	06:00	40712,96	40761,06	40446,6	40515,7	LONG	0,00167	5981,87	0,00451	HOLD	98,2349	155,8764
2022-02-18	07:00	40515,71	40668,41	40300	40563,91	LONG	0,00167	5981,87	0,00451	HOLD	98,2349	155,9569
2022-02-18	08:00	40563,91	40950	40362,92	40784,37	LONG	0,00167	5981,87	0,00451	HOLD	98,2349	156,325
2022-02-18	09:00	40784,36	40886,26	40666,26	40762,43	LONG	0,00167	5981,87	0,00451	HOLD	98,2349	156,2884
2022-02-18	10:00	40762,42	40770,19	40574,02	40691,98	LONG	0,00167	5981,87	0,00451	HOLD	98,2349	156,1707
2022-02-18	11:00	40691,97	40777,77	40496,57	40513,23	LONG	0,00167	5981,87	0,00451	HOLD	98,2349	155,8722
2022-02-18	12:00	40513,24	40711,3	40493,31	40625,63	LONG	0,00167	5981,87	0,00451	HOLD	98,2349	156,0599
2022-02-18	13:00	40625,62	40745	40575,74	40712,19	LONG	0,00167	5981,87	0,00451	HOLD	98,2349	156,2045
2022-02-18	14:00	40712,19	40780,64	40560,01	40665,81	LONG	0,00167	5981,87	0,00451	HOLD	98,2349	156,127
2022-02-18	15:00	40665,81	40959,88	40654,11	40868,39	LONG	0,00167	5981,87	0,00451	HOLD	98,2349	156,4654
2022-02-18	16:00	40868,39	40919,35	40764,55	40873	LONG	0,00167	5981,87	0,00451	HOLD	98,2349	156,4731
2022-02-18	17:00	40872,99	40877,21	40691,36	40788,01	LONG	0,00167	5981,87	0,00451	HOLD	98,2349	156,3311
2022-02-18	18:00	40788,02	40805	40101,01	40178,94	LONG	0,00167	5981,87	0,00451	HOLD	98,2349	155,314
2022-02-18	19:00	40178,95	40558	40082,09	40441,43	LONG	0,00167	5981,87	0,00451	HOLD	98,2349	155,7523
2022-02-18	20:00	40441,44	40533,06	40186,57	40387,81	LONG	0,00167	5981,87	0,00451	HOLD	98,2349	155,6628
2022-02-18	21:00	40387,8	40517,77	39616,72	40483,81	LONG	0,00167	5981,87	0,00451	HOLD	98,2349	155,8231
2022-02-18	22:00	40483,82	40799	39660	39832,03	LONG	0,00167	5981,87	0,00451	HOLD	98,2349	154,7346
2022-02-18	23:00	39832,02	40438,27	39450	39933,41	LONG	0,00167	5981,87	0,00451	HOLD	98,2349	154,9039
2022-02-19	00:00	39933,42	40370,78	39915,03	40022,97	LONG	0,00167	5981,87	0,00451	HOLD	98,2349	155,0535
2022-02-19	01:00	40022,97	40229,79	39790	40140,15	LONG	0,00167	5981,87	0,00451	HOLD	98,2349	155,2492
2022-02-19	02:00	40140,15	40340	40050	40216,8	LONG	0,00167	5981,87	0,00451	HOLD	98,2349	155,3772
2022-02-19	03:00	40216,79	40286,09	39941,57	40025,79	LONG	0,00167	5981,87	0,00451	HOLD	98,2349	155,0582
2022-02-19	04:00	40025,79	40158,94	39900	39971,04	LONG	0,00167	5981,87	0,00451	HOLD	98,2349	154,9668
2022-02-19	05:00	39971,05	40062,17	39711,31	39940	LONG	0,00167	5981,87	0,00451	HOLD	98,2349	154,9149
2022-02-19	06:00	39940,01	40082,39	39885,72	39974,44	LONG	0,00167	5981,87	0,00451	HOLD	98,2349	154,9725
2022-02-19	07:00	39974,45	40243,51	39915,89	40201,59	LONG	0,00167	5981,87	0,00451	HOLD	98,2349	155,3518
2022-02-19	08:00	40201,6	40307,22	40060,61	40151,39	LONG	0,00167	5981,87	0,00451	HOLD	98,2349	155,268
2022-02-19	09:00	40151,38	40212,98	40073,75	40155,22	LONG	0,00167	5981,87	0,00451	HOLD	98,2349	155,2744
2022-02-19	10:00	40155,22	40227,14	40061,07	40125,12	LONG	0,00167	5981,87	0,00451	HOLD	98,2349	155,2241
2022-02-19	11:00	40125,13	40285,79	40060,88	40212,56	LONG	0,00167	5981,87	0,00451	HOLD	98,2349	155,3701
2022-02-19	12:00	40212,57	40246,47	40150,16	40237,75	LONG	0,00167	5981,87	0,00451	HOLD	98,2349	155,4122
2022-02-19	13:00	40237,76	40444,32	40208,67	40370,01	LONG	0,00167	5981,87	0,00451	HOLD	98,2349	155,6331
2022-02-19	14:00	40370,01	40407,31	40241,86	40263,71	LONG	0,00167	5981,87	0,00451	HOLD	98,2349	155,4555
2022-02-19	15:00	40263,7	40301,11	39933,83	39976,14	LONG	0,00167	5981,87	0,00451	HOLD	98,2349	154,9753
2022-02-19	16:00	39976,13	40057,67	39869,39	39926,26	LONG	0,00167	5981,87	0,00451	HOLD	98,2349	154,892
2022-02-19	17:00	39926,26	39974,98	39757,43	39946,01	LONG	0,00167	5981,87	0,00451	HOLD	98,2349	154,925
2022-02-19	18:00	39946,01	40032,7	39648,6	39842,54	LONG	0,00167	5981,87	0,00451	HOLD	98,2349	154,7522
2022-02-19	19:00	39842,53	39950	39661,3	39754,99	LONG	0,00167	5981,87	0,00451	HOLD	98,2349	154,606
2022-02-19	20:00	39754,98	40076,94	39639,03	40017,88	LONG	0,00167	5981,87	0,00451	HOLD	98,2349	155,045
2022-02-19	21:00	40017,88	40017,88	39771,31	39867,75	LONG	0,00167	5981,87	0,00451	HOLD	98,2349	154,7943
2022-02-19	22:00	39867,76	40013,87	39803,76	39969,93	LONG	0,00167	5981,87	0,00451	HOLD	98,2349	154,9649
2022-02-19	23:00	39969,92	40345,62	39850	39946,4	LONG	0,00167	5981,87	0,00451	HOLD	98,2349	154,9256
2022-02-20	00:00	39946,41	40168,05	39872,67	40142,43	LONG	0,00167	5981,87	0,00451	HOLD	98,2349	155,253
2022-02-20	01:00	40142,43	40203,88	40044,42	40115,33	LONG	0,00167	5981,87	0,00451	HOLD	98,2349	155,2077
2022-02-20	02:00	40115,32	40124,74	39904,44	39974,66	LONG	0,00167	5981,87	0,00451	HOLD	98,2349	154,9728
2022-02-20	03:00	39974,66	40107,17	39936,62	40061,87	LONG	0,00167	5981,87	0,00451	HOLD	98,2349	155,1185
2022-02-20	04:00	40061,86	40071,5	39800	39921,63	LONG	0,00167	5981,87	0,00451	HOLD	98,2349	154,8843
2022-02-20	05:00	39921,63	40047,28	39874,06	40015,39	LONG	0,00167	5981,87	0,00451	HOLD	98,2349	155,0408
2022-02-20	06:00	40015,4	40140	39949,18	40079,17	LONG	0,00167	5981,87	0,00451	HOLD	98,2349	155,1474
2022-02-20	07:00	40079,17	40125,44	39876,01	39924,54	LONG	0,00167	5981,87	0,00451	HOLD	98,2349	154,8891
2022-02-20	08:00	39924,54	40019,18	39824,54	39997,17	LONG	0,00167	5981,87	0,00451	HOLD	98,2349	155,0104
2022-02-20	09:00	39997,17	40019,74	39826,92	39839,17	LONG	0,00167	5981,87	0,00451	HOLD	98,2349	154,7466
2022-02-20	10:00	39839,17	39907,07	39700	39794,59	LONG	0,00167	5981,87	0,00451	HOLD	98,2349	154,6721
2022-02-20	11:00	39794,59	39843,59	39481,12	39550,65	LONG	0,00167	5981,87	0,00451	HOLD	98,2349	154,2647
2022-02-20	12:00	39550,65	39699,14	39285,3	39349,91	LONG	0,00167	5981,87	0,00451	HOLD	98,2349	153,9295
2022-02-20	13:00	39349,91	39443,27	38688	38794,82	LONG	0,00167	5981,87	0,00451	HOLD	98,2349	153,0025
2022-02-20	14:00	38794,82	38883,63	38581,1	38796,64	LONG	0,00167	5981,87	0,00451	HOLD	98,2349	153,0055
2022-02-20	15:00	38796,63	38836,18	38101,11	38166,84	LONG	0,00167	5981,87	0,00451	HOLD	98,2349	151,9538
2022-02-20	16:00	38166,84	38425,76	38000	38185,42	LONG	0,00167	5981,87	0,00451	HOLD	98,2349	151,9848
2022-02-20	17:00	38185,43	38378,27	38140	38193,02	LONG	0,00167	5981,87	0,00451	HOLD	98,2349	151,9975
2022-02-20	18:00	38193,01	38358,42	38122,93	38343,99	LONG	0,00167	5981,87	0,00451	HOLD	98,2349	152,2496
2022-02-20	19:00	38343,99	38616	38201,1	38213,07	LONG	0,00167	5981,87	0,00451	HOLD	98,2349	152,031
2022-02-20	20:00	38213,07	38320,4	38180	38204,92	LONG	0,00167	5981,87	0,00451	HOLD	98,2349	152,0174
2022-02-20	21:00	38204,92	38300	38022	38196,97	LONG	0,00167	5981,87	0,00451	HOLD	98,2349	152,0041
2022-02-20	22:00	38196,98	38415,49	38180,31	38335,04	LONG	0,00167	5981,87	0,00451	HOLD	98,2349	152,2347
2022-02-20	23:00	38337,2	38507,31	38238,43	38271,61	LONG	0,00167	5981,87	0,00451	HOLD	98,2349	152,1287
2022-02-21	00:00	38271,61	38399,99	38205	38279,31	LONG	0,00167	5981,87	0,00451	HOLD	98,2349	152,1416
2022-02-21	01:00	38279,31	38456	38180,1	38441,26	LONG	0,00167	5981,87	0,00451	HOLD	98,2349	152,412
2022-02-21	02:00	38441,27	38444,66	38336,01	38397,22	LONG	0,00167	5981,87	0,00451	HOLD	98,2349	152,3385
2022-02-21	03:00	38397,22	38400,98	38250,59	38317,72	LONG	0,00167	5981,87	0,00451	HOLD	98,2349	152,2057
2022-02-21	04:00	38317,72	38360	38048,49	38240,07	LONG	0,00167	5981,87	0,00451	HOLD	98,2349	152,0761
2022-02-21	05:00	38240,08	38860	38235,53	38816,16	LONG	0,00167	5981,87	0,00451	HOLD	98,2349	153,0381
2022-02-21	06:00	38816,16	38979,12	38340,51	38386,89	LONG	0,00167	5981,87	0,00451	HOLD	98,2349	152,3212
2022-02-21	07:00	38386,89	38749,95	38182,98	38741,34	LONG	0,00167	5981,87	0,00451	HOLD	98,2349	152,9132
2022-02-21	08:00	38740,15	39388	38552,39	39135,57	LONG	0,00167	5981,87	0,00451	HOLD	98,2349	153,5715
2022-02-21	09:00	39135,57	39247,07	39021,84	39110,92	LONG	0,00167	5981,87	0,00451	HOLD	98,2349	153,5304
2022-02-21	10:00	39110,92	39250	38800,57	38919,25	LONG	0,00167	5981,87	0,00451	HOLD	98,2349	153,2103
2022-02-21	11:00	38919,25	39378,56	38909,26	39297,12	LONG	0,00167	5981,87	0,00451	HOLD	98,2349	153,8413
2022-02-21	12:00	39297,13	39494,35	39210	39228,67	LONG	0,00167	5981,87	0,00451	HOLD	98,2349	153,727
2022-02-21	13:00	39228,66	39276,43	39150,81	39204,39	LONG	0,00167	5981,87	0,00451	HOLD	98,2349	153,6865
2022-02-21	14:00	39204,38	39320,69	39073,48	39294,07	LONG	0,00167	5981,87	0,00451	HOLD	98,2349	153,8362
2022-02-21	15:00	39294,06	39362,15	39026,74	39061,55	LONG	0,00167	5981,87	0,00451	HOLD	98,2349	153,4479
2022-02-21	16:00	39061,54	39110,03	38873,72	38923,52	LONG	0,00167	5981,87	0,00451	HOLD	98,2349	153,2174
2022-02-21	17:00	38923,51	38981,5	38217,89	38294,51	LONG	0,00167	5981,87	0,00451	HOLD	98,2349	152,167
2022-02-21	18:00	38294,5	38437,32	37348,49	37577,33	LONG	0,00167	5981,87	0,00451	HOLD	98,2349	150,9693
2022-02-21	19:00	37576,1	37786,22	37401,01	37539,99	LONG	0,00167	5981,87	0,00451	HOLD	98,2349	150,9069
2022-02-21	20:00	37539,99	37700	37213,63	37562,74	LONG	0,00167	5981,87	0,00451	HOLD	98,2349	150,9449
2022-02-21	21:00	37562,74	38872	37481,27	38680	LONG	0,00167	5981,87	0,00451	HOLD	98,2349	152,8107
2022-02-21	22:00	38680,01	39283,07	38629,31	38827,94	LONG	0,00167	5981,87	0,00451	HOLD	98,2349	153,0578
2022-02-21	23:00	38827,93	39141,41	38647,1	38696,1	LONG	0,00167	5981,87	0,00451	HOLD	98,2349	152,8376
2022-02-22	00:00	38696,11	38830,91	38478,3	38527,65	LONG	0,00167	5981,87	0,00451	HOLD	98,2349	152,5563
2022-02-22	01:00	38527,66	38655,73	37533,93	37749,99	LONG	0,00167	5981,87	0,00451	HOLD	98,2349	151,2576
2022-02-22	02:00	37749,99	38399,54	37500	38135,21	LONG	0,00167	5981,87	0,00451	HOLD	98,2349	151,9009
2022-02-22	03:00	38135,2	38448,27	37960,04	38249,99	LONG	0,00167	5981,87	0,00451	HOLD	98,2349	152,0926
2022-02-22	04:00	38250	38361,32	36912,08	37058,51	LONG	0,00167	5981,87	0,00451	HOLD	98,2349	150,1029
2022-02-22	05:00	37058,51	37779,54	36800	37543,3	LONG	0,00167	5981,87	0,00451	HOLD	98,2349	150,9125
2022-02-22	06:00	37543,29	37676,78	36850	37008,16	LONG	0,00167	5981,87	0,00451	HOLD	98,2349	150,0188
2022-02-22	07:00	37008,16	37331,29	36810	37229,72	LONG	0,00167	5981,87	0,00451	HOLD	98,2349	150,3888
2022-02-22	08:00	37229,73	37468,35	36852,8	37243,25	LONG	0,00167	5981,87	0,00451	HOLD	98,2349	150,4114
2022-02-22	09:00	37243,26	37243,26	36855,3	37006,67	LONG	0,00167	5981,87	0,00451	HOLD	98,2349	150,0163
2022-02-22	10:00	37006,67	37017,58	36350	36591,06	LONG	0,00167	5981,87	0,00451	HOLD	98,2349	149,3222
2022-02-22	11:00	36591,06	36810,06	36550,47	36617,84	LONG	0,00167	5981,87	0,00451	HOLD	98,2349	149,3669
2022-02-22	12:00	36617,85	37250,23	36560,08	36740,76	LONG	0,00167	5981,87	0,00451	HOLD	98,2349	149,5722
2022-02-22	13:00	36740,75	37010	36600	36864,19	LONG	0,00167	5981,87	0,00451	HOLD	98,2349	149,7783
2022-02-22	14:00	36864,19	36995,82	36515,87	36771,66	LONG	0,00167	5981,87	0,00451	HOLD	98,2349	149,6238
2022-02-22	15:00	36771,65	37176	36756,53	37108,86	LONG	0,00167	5981,87	0,00451	HOLD	98,2349	150,1869
2022-02-22	16:00	37108,85	37319,17	37011	37135,03	LONG	0,00167	5981,87	0,00451	HOLD	98,2349	150,2306
2022-02-22	17:00	37135,03	37865	37085,05	37707,21	LONG	0,00167	5981,87	0,00451	HOLD	98,2349	151,1862
2022-02-22	18:00	37707,21	37768,01	37437,33	37519,48	LONG	0,00167	5981,87	0,00451	HOLD	98,2349	150,8727
2022-02-22	19:00	37519,47	37773,04	37274,38	37637,98	LONG	0,00167	5981,87	0,00451	HOLD	98,2349	151,0706
2022-02-22	20:00	37637,98	37981,27	37319,15	37836,84	LONG	0,00167	5981,87	0,00451	HOLD	98,2349	151,4027
2022-02-22	21:00	37836,84	38298,48	37414,52	38140,19	LONG	0,00167	5981,87	0,00451	HOLD	98,2349	151,9093
2022-02-22	22:00	38140,18	38240	37677,46	37759,9	LONG	0,00167	5981,87	0,00451	HOLD	98,2349	151,2742
2022-02-22	23:00	37759,9	37878,93	37464,65	37709,99	LONG	0,00167	5981,87	0,00451	HOLD	98,2349	151,1908
2022-02-23	00:00	37709,99	37841,87	37380	37640,97	LONG	0,00167	5981,87	0,00451	HOLD	98,2349	151,0756
2022-02-23	01:00	37640,96	37993,42	37551,74	37711,07	LONG	0,00167	5981,87	0,00451	HOLD	98,2349	151,1926
2022-02-23	02:00	37711,06	38169,08	37615	38065,32	LONG	0,00167	5981,87	0,00451	HOLD	98,2349	151,7842
2022-02-23	03:00	38065,32	38280	37775,36	37908,98	LONG	0,00167	5981,87	0,00451	HOLD	98,2349	151,5231
2022-02-23	04:00	37908,99	38051,34	37831,39	37875,2	LONG	0,00167	5981,87	0,00451	HOLD	98,2349	151,4667
2022-02-23	05:00	37875,2	37976,96	37755,01	37917,34	LONG	0,00167	5981,87	0,00451	HOLD	98,2349	151,5371
2022-02-23	06:00	37917,33	38429	37884,1	38230,33	LONG	0,00167	5981,87	0,00451	HOLD	98,2349	152,0598
2022-02-23	07:00	38230,33	38354,56	38036,24	38137,91	LONG	0,00167	5981,87	0,00451	HOLD	98,2349	151,9055
2022-02-23	08:00	38137,9	38160,42	37938,07	38062,5	LONG	0,00167	5981,87	0,00451	HOLD	98,2349	151,7795
2022-02-23	09:00	38062,5	38206,97	37528,33	37692,92	LONG	0,00167	5981,87	0,00451	HOLD	98,2349	151,1623
2022-02-23	10:00	37692,92	37795,91	37592,86	37750,67	LONG	0,00167	5981,87	0,00451	HOLD	98,2349	151,2588
2022-02-23	11:00	37750,66	38078,09	37712,93	38003,05	LONG	0,00167	5981,87	0,00451	HOLD	98,2349	151,6802
2022-02-23	12:00	38003,05	38123,81	37813,27	37976,11	LONG	0,00167	5981,87	0,00451	HOLD	98,2349	151,6352
2022-02-23	13:00	37976,1	38148,29	37912,64	37988,84	LONG	0,00167	5981,87	0,00451	HOLD	98,2349	151,6565
2022-02-23	14:00	37988,84	38213,11	37957,45	38151,17	LONG	0,00167	5981,87	0,00451	HOLD	98,2349	151,9276
2022-02-23	15:00	38151,16	38788,99	38081,12	38673,03	LONG	0,00167	5981,87	0,00451	HOLD	98,2349	152,7991
2022-02-23	16:00	38673,02	38990	38600,01	38876,9	LONG	0,00167	5981,87	0,00451	HOLD	98,2349	153,1396
2022-02-23	17:00	38876,89	38956,64	38759,31	38866,27	LONG	0,00167	5981,87	0,00451	HOLD	98,2349	153,1218
2022-02-23	18:00	38866,28	39125,47	38734,64	38782,91	LONG	0,00167	5981,87	0,00451	HOLD	98,2349	152,9826
2022-02-23	19:00	38782,91	39100	38749,36	39016,39	LONG	0,00167	5981,87	0,00451	HOLD	98,2349	153,3725
2022-02-23	20:00	39016,39	39249,93	38889	38960,24	LONG	0,00167	5981,87	0,00451	HOLD	98,2349	153,2787
2022-02-23	21:00	38960,25	38990,99	38623,93	38660,07	LONG	0,00167	5981,87	0,00451	HOLD	98,2349	152,7775
2022-02-23	22:00	38660,08	38672,72	38450	38512,51	LONG	0,00167	5981,87	0,00451	HOLD	98,2349	152,531
2022-02-23	23:00	38512,51	38710	38360	38638,24	LONG	0,00167	5981,87	0,00451	HOLD	98,2349	152,741
2022-02-24	00:00	38638,24	38780	38005,24	38084,48	LONG	0,00167	5981,87	0,00451	HOLD	98,2349	151,8162
2022-02-24	01:00	38084,48	38109,88	37715,47	37780,8	LONG	0,00167	5981,87	0,00451	HOLD	98,2349	151,3091
2022-02-24	02:00	37780,8	37875,41	37536	37615,81	LONG	0,00167	5981,87	0,00451	HOLD	98,2349	151,0335
2022-02-24	03:00	37615,81	37738,56	37381,92	37677,98	LONG	0,00167	5981,87	0,00451	HOLD	98,2349	151,1374
2022-02-24	04:00	37677,98	37796,36	37423,37	37513,07	LONG	0,00167	5981,87	0,00451	HOLD	98,2349	150,862
2022-02-24	05:00	37513,07	37667,52	37080	37648,23	LONG	0,00167	5981,87	0,00451	HOLD	98,2349	151,0877
2022-02-24	06:00	37648,22	37720,03	37036,79	37250,01	LONG	0,00167	5981,87	0,00451	HOLD	98,2349	150,4227
2022-02-24	07:00	37250,02	37427,81	36700,3	36755,82	LONG	0,00167	5981,87	0,00451	HOLD	98,2349	149,5974
2022-02-24	08:00	36755,83	37080,48	36638	36949,63	LONG	0,00167	5981,87	0,00451	HOLD	98,2349	149,921
2022-02-24	09:00	36949,63	37019,63	35820,03	35924,92	LONG	0,00167	5981,87	0,00451	HOLD	98,2349	148,2098
2022-02-24	10:00	35924,92	35954,99	34720,53	34936,89	LONG	0,00167	5981,87	0,00451	HOLD	98,2349	146,5597
2022-02-24	11:00	34936,9	35277,54	34536	35077,91	LONG	0,00167	5981,87	0,00451	HOLD	98,2349	146,7953
2022-02-24	12:00	35077,91	35111,01	34322,28	34680,85	LONG	0,00167	5981,87	0,00451	HOLD	98,2349	146,1322
2022-02-24	13:00	34683,58	35106,44	34609,08	34901,75	LONG	0,00167	5981,87	0,00451	HOLD	98,2349	146,5011
2022-02-24	14:00	34901,76	35515,83	34379,04	35312,05	LONG	0,00167	5981,87	0,00451	HOLD	98,2349	147,1863
2022-02-24	15:00	35312,04	35885	35180,98	35513,82	LONG	0,00167	5981,87	0,00451	HOLD	98,2349	147,5232
2022-02-24	16:00	35513,82	35790,27	35286,73	35345,54	LONG	0,00167	5981,87	0,00451	HOLD	98,2349	147,2422
2022-02-24	17:00	35345,53	35494	34818,09	35198,51	LONG	0,00167	5981,87	0,00451	HOLD	98,2349	146,9967
2022-02-24	18:00	35198,52	35598	34885,06	35442,22	LONG	0,00167	5981,87	0,00451	HOLD	98,2349	147,4036
2022-02-24	19:00	35442,23	35461,8	35035	35255,87	LONG	0,00167	5981,87	0,00451	HOLD	98,2349	147,0924
2022-02-24	20:00	35255,86	35699,53	35127,01	35475,7	LONG	0,00167	5981,87	0,00451	HOLD	98,2349	147,4596
2022-02-24	21:00	35475,7	35900	35177,96	35639,83	LONG	0,00167	5981,87	0,00451	HOLD	98,2349	147,7337
2022-02-24	22:00	35639,82	36100	35404,34	35919,96	LONG	0,00167	5981,87	0,00451	HOLD	98,2349	148,2015
2022-02-24	23:00	35919,96	36310,52	35861,05	36156,98	LONG	0,00167	5981,87	0,00451	HOLD	98,2349	148,5973
2022-02-25	00:00	36156,98	36173,35	35721,96	35831,85	LONG	0,00167	5981,87	0,00451	HOLD	98,2349	148,0543
2022-02-25	01:00	35831,86	36800	35800	36396,52	LONG	0,00167	5981,87	0,00451	HOLD	98,2349	148,9973
2022-02-25	02:00	36396,52	37366,36	36220,54	37300	LONG	0,00167	5981,87	0,00451	HOLD	98,2349	150,5061
2022-02-25	03:00	37300	39843	37286,02	38418,97	LONG	0,00167	5981,87	0,00451	HOLD	98,2349	152,3748
2022-02-25	04:00	38421,98	38683,51	38183,93	38395,64	LONG	0,00167	5981,87	0,00451	HOLD	98,2349	152,3359
2022-02-25	05:00	38395,63	38481,8	37748,94	37870,05	LONG	0,00167	5981,87	0,00451	HOLD	98,2349	151,4581
2022-02-25	06:00	37870,05	38400	37870,05	38327,21	LONG	0,00167	5981,87	0,00451	HOLD	98,2349	152,2216
2022-02-25	07:00	38328,68	38795,6	38217,5	38226,27	LONG	0,00167	5981,87	0,00451	HOLD	98,2349	152,053
2022-02-25	08:00	38226,27	38932,97	38138,54	38562,39	LONG	0,00167	5981,87	0,00451	HOLD	98,2349	152,6143
2022-02-25	09:00	38562,38	38820,46	38473,78	38800,29	LONG	0,00167	5981,87	0,00451	HOLD	98,2349	153,0116
2022-02-25	10:00	38800,29	39030,01	38509,4	38923,36	LONG	0,00167	5981,87	0,00451	HOLD	98,2349	153,2172
2022-02-25	11:00	38923,37	38942,46	38652,02	38721,84	LONG	0,00167	5981,87	0,00451	HOLD	98,2349	152,8806
2022-02-25	12:00	38721,83	38771,8	38291,61	38453,38	LONG	0,00167	5981,87	0,00451	HOLD	98,2349	152,4323
2022-02-25	13:00	38453,38	38759,85	38379,94	38711,37	LONG	0,00167	5981,87	0,00451	HOLD	98,2349	152,8631
2022-02-25	14:00	38711,36	38817,83	38368,97	38466,24	LONG	0,00167	5981,87	0,00451	HOLD	98,2349	152,4538
2022-02-25	15:00	38466,25	38517,99	38132,11	38345,27	LONG	0,00167	5981,87	0,00451	HOLD	98,2349	152,2517
2022-02-25	16:00	38345,28	38758	38014,37	38674,22	LONG	0,00167	5981,87	0,00451	HOLD	98,2349	152,8011
2022-02-25	17:00	38674,22	38783,66	38468,56	38578,29	LONG	0,00167	5981,87	0,00451	HOLD	98,2349	152,6409
2022-02-25	18:00	38578,29	38876,91	38341,57	38745,01	LONG	0,00167	5981,87	0,00451	HOLD	98,2349	152,9193
2022-02-25	19:00	38745	39500	38739,07	39362,05	LONG	0,00167	5981,87	0,00451	HOLD	98,2349	153,9498
2022-02-25	20:00	39363,76	39683,53	39232,04	39359,98	LONG	0,00167	5981,87	0,00451	HOLD	98,2349	153,9463
2022-02-25	21:00	39359,99	39478,35	38928,99	39009,52	LONG	0,00167	5981,87	0,00451	HOLD	98,2349	153,361
2022-02-25	22:00	39009,52	39568,46	38700	39410,92	LONG	0,00167	5981,87	0,00451	HOLD	98,2349	154,0314
2022-02-25	23:00	39415,46	39588,82	39182,86	39374	LONG	0,00167	5981,87	0,00451	HOLD	98,2349	153,9697
2022-02-26	00:00	39374	39397,81	38872,7	38974,42	LONG	0,00167	5981,87	0,00451	HOLD	98,2349	153,3024
2022-02-26	01:00	38974,41	39041,21	38537,91	38655,33	LONG	0,00167	5981,87	0,00451	HOLD	98,2349	152,7695
2022-02-26	02:00	38655,33	38960,38	38538,06	38676,14	LONG	0,00167	5981,87	0,00451	HOLD	98,2349	152,8043
2022-02-26	03:00	38676,13	39242,42	38601	39109,06	LONG	0,00167	5981,87	0,00451	HOLD	98,2349	153,5273
2022-02-26	04:00	39109,06	39217,14	38920,71	38962,27	LONG	0,00167	5981,87	0,00451	HOLD	98,2349	153,2821
2022-02-26	05:00	38962,28	39491	38853,62	39424,14	LONG	0,00167	5981,87	0,00451	HOLD	98,2349	154,0535
2022-02-26	06:00	39424,13	39600	39136	39219,17	LONG	0,00167	5981,87	0,00451	HOLD	98,2349	153,7112
2022-02-26	07:00	39219,16	40348,45	39076,14	39765,45	LONG	0,00167	5981,87	0,00451	HOLD	98,2349	154,6234
2022-02-26	08:00	39765,46	39825,65	39562,17	39704,81	LONG	0,00167	5981,87	0,00451	HOLD	98,2349	154,5222
2022-02-26	09:00	39704,82	39725	39467,36	39550,42	LONG	0,00167	5981,87	0,00451	HOLD	98,2349	154,2643
2022-02-26	10:00	39550,43	39595,47	39252	39390,33	LONG	0,00167	5981,87	0,00451	HOLD	98,2349	153,997
2022-02-26	11:00	39390,33	39468,73	39233,48	39356,93	LONG	0,00167	5981,87	0,00451	HOLD	98,2349	153,9412
2022-02-26	12:00	39356,92	39381,16	38955,82	39021,48	LONG	0,00167	5981,87	0,00451	HOLD	98,2349	153,381
2022-02-26	13:00	39021,49	39218,13	39007,24	39132,03	LONG	0,00167	5981,87	0,00451	HOLD	98,2349	153,5656
2022-02-26	14:00	39132,03	39200	38910,11	39200	LONG	0,00167	5981,87	0,00451	HOLD	98,2349	153,6791
2022-02-26	15:00	39200	39546	38650,37	38782,8	LONG	0,00167	5981,87	0,00451	HOLD	98,2349	152,9824
2022-02-26	16:00	38782,8	38927,07	38573,18	38790,93	LONG	0,00167	5981,87	0,00451	HOLD	98,2349	152,996
2022-02-26	17:00	38790,93	39068,89	38759,77	39001,55	LONG	0,00167	5981,87	0,00451	HOLD	98,2349	153,3477
2022-02-26	18:00	39001,56	39173,99	38787,69	38928,21	LONG	0,00167	5981,87	0,00451	HOLD	98,2349	153,2253
2022-02-26	19:00	38928,22	39027,88	38772,15	38992,78	LONG	0,00167	5981,87	0,00451	HOLD	98,2349	153,3331
2022-02-26	20:00	38992,78	39241,51	38912,97	39088,2	LONG	0,00167	5981,87	0,00451	HOLD	98,2349	153,4924
2022-02-26	21:00	39088,2	39378,6	38943,18	39209,63	LONG	0,00167	5981,87	0,00451	HOLD	98,2349	153,6952
2022-02-26	22:00	39209,64	39358,14	39146,56	39215,66	LONG	0,00167	5981,87	0,00451	HOLD	98,2349	153,7053
2022-02-26	23:00	39215,66	39320,36	39036,73	39148,75	LONG	0,00167	5981,87	0,00451	HOLD	98,2349	153,5936
2022-02-27	00:00	39148,75	39309,23	39090,03	39248,58	LONG	0,00167	5981,87	0,00451	HOLD	98,2349	153,7603
2022-02-27	01:00	39248,58	39255,22	38823,08	39099,16	LONG	0,00167	5981,87	0,00451	HOLD	98,2349	153,5107
2022-02-27	02:00	39099,15	39440	39092,6	39254,12	LONG	0,00167	5981,87	0,00451	HOLD	98,2349	153,7695
2022-02-27	03:00	39254,12	39444,09	39213,2	39322,55	LONG	0,00167	5981,87	0,00451	HOLD	98,2349	153,8838
2022-02-27	04:00	39322,55	39700	39288,51	39433,79	LONG	0,00167	5981,87	0,00451	HOLD	98,2349	154,0696
2022-02-27	05:00	39433,79	39467,04	39062,06	39145,18	LONG	0,00167	5981,87	0,00451	HOLD	98,2349	153,5876
2022-02-27	06:00	39145,18	39173,31	38911	39116,72	LONG	0,00167	5981,87	0,00451	HOLD	98,2349	153,5401
2022-02-27	07:00	39116,73	39256,58	38717,74	38788,64	LONG	0,00167	5981,87	0,00451	HOLD	98,2349	152,9922
2022-02-27	08:00	38791,56	38855,73	38217,01	38240,04	LONG	0,00167	5981,87	0,00451	HOLD	98,2349	152,076
2022-02-27	09:00	38240,04	38595,85	38189,19	38530,22	LONG	0,00167	5981,87	0,00451	HOLD	98,2349	152,5606
2022-02-27	10:00	38530,22	38685,08	38516,66	38606,81	LONG	0,00167	5981,87	0,00451	HOLD	98,2349	152,6885
2022-02-27	11:00	38606,8	38656,44	38462,82	38547,38	LONG	0,00167	5981,87	0,00451	HOLD	98,2349	152,5893
2022-02-27	12:00	38547,38	38755	38458,8	38584,32	LONG	0,00167	5981,87	0,00451	HOLD	98,2349	152,651
2022-02-27	13:00	38584,31	38875,99	38576,6	38773,23	LONG	0,00167	5981,87	0,00451	HOLD	98,2349	152,9664
2022-02-27	14:00	38773,23	38867,91	38742,6	38790,93	LONG	0,00167	5981,87	0,00451	HOLD	98,2349	152,996
2022-02-27	15:00	38790,92	38888	38621,57	38807,2	LONG	0,00167	5981,87	0,00451	HOLD	98,2349	153,0232
2022-02-27	16:00	38807,2	39134,11	38750,52	39082,01	LONG	0,00167	5981,87	0,00451	HOLD	98,2349	153,4821
2022-02-27	17:00	39082,01	39460	38974,21	39369,82	LONG	0,00167	5981,87	0,00451	HOLD	98,2349	153,9627
2022-02-27	18:00	39369,83	39548,17	39232,48	39479,8	LONG	0,00167	5981,87	0,00451	HOLD	98,2349	154,1464
2022-02-27	19:00	39479,8	39855,7	39363,39	39752,6	LONG	0,00167	5981,87	0,00451	HOLD	98,2349	154,602
2022-02-27	20:00	39752,61	39795,64	38565,14	39058,97	LONG	0,00167	5981,87	0,00451	HOLD	98,2349	153,4436
2022-02-27	21:00	39058,98	39190,15	38660	38800	LONG	0,00167	5981,87	0,00451	HOLD	98,2349	153,0111
2022-02-27	22:00	38800	39430	38740,39	39357,03	LONG	0,00167	5981,87	0,00451	HOLD	98,2349	153,9414
2022-02-27	23:00	39357,03	39450,94	38940,67	39092,99	LONG	0,00167	5981,87	0,00451	HOLD	98,2349	153,5004
2022-02-28	00:00	39092,96	39139,29	38930,32	38969,71	LONG	0,00167	5981,87	0,00451	HOLD	98,2349	153,2946
2022-02-28	01:00	38969,7	39157,14	38800	38915,13	LONG	0,00167	5981,87	0,00451	HOLD	98,2349	153,2034
2022-02-28	02:00	38915,14	38970,77	37500	37606,49	LONG	0,00167	5981,87	0,00451	HOLD	98,2349	151,018
2022-02-28	03:00	37604,4	38299,39	37357	37966,6	LONG	0,00167	5981,87	0,00451	HOLD	98,2349	151,6194
2022-02-28	04:00	37966,6	38040,27	37000	37417,76	LONG	0,00167	5981,87	0,00451	HOLD	98,2349	150,7028
2022-02-28	05:00	37417,75	37957,87	37346,23	37818,47	LONG	0,00167	5981,87	0,00451	HOLD	98,2349	151,372
2022-02-28	06:00	37818,47	37854,53	37330,23	37699,07	LONG	0,00167	5981,87	0,00451	HOLD	98,2349	151,1726
2022-02-28	07:00	37699,08	37802,04	37450,17	37574,27	LONG	0,00167	5981,87	0,00451	HOLD	98,2349	150,9642
2022-02-28	08:00	37574,27	38483,53	37574,27	37970,85	LONG	0,00167	5981,87	0,00451	HOLD	98,2349	151,6265
2022-02-28	09:00	37970,86	38102,58	37559,38	37768,41	LONG	0,00167	5981,87	0,00451	HOLD	98,2349	151,2884
2022-02-28	10:00	37768,41	37884,6	37650,04	37793,8	LONG	0,00167	5981,87	0,00451	HOLD	98,2349	151,3308
2022-02-28	11:00	37793,8	38044,91	37731,41	37816,22	LONG	0,00167	5981,87	0,00451	HOLD	98,2349	151,3682
2022-02-28	12:00	37816,23	38011,81	37738,05	37829,44	LONG	0,00167	5981,87	0,00451	HOLD	98,2349	151,3903
2022-02-28	13:00	37829,44	38126,4	37451,56	37979,66	LONG	0,00167	5981,87	0,00451	HOLD	98,2349	151,6412
2022-02-28	14:00	37979,67	38478,28	37900	38347,58	LONG	0,00167	5981,87	0,00451	HOLD	98,2349	152,2556
2022-02-28	15:00	38347,58	38672,96	38178,91	38302,12	LONG	0,00167	5981,87	0,00451	HOLD	98,2349	152,1797
2022-02-28	16:00	38302,11	38568,42	38100,53	38105,83	LONG	0,00167	5981,87	0,00451	HOLD	98,2349	151,8519
2022-02-28	17:00	38105,83	38461,13	38088,71	38378,07	LONG	0,00167	5981,87	0,00451	HOLD	98,2349	152,3065
2022-02-28	18:00	38378,07	38484,84	38127,76	38333,65	LONG	0,00167	5981,87	0,00451	HOLD	98,2349	152,2323
2022-02-28	19:00	38333,65	38646,21	38139,41	38276,92	LONG	0,00167	5981,87	0,00451	HOLD	98,2349	152,1376
2022-02-28	20:00	38276,91	38352,18	37934,89	38002,5	LONG	0,00167	5981,87	0,00451	HOLD	98,2349	151,6793
2022-02-28	21:00	38002,49	39900	38001,05	39826,36	LONG	0,00167	5981,87	0,00451	HOLD	98,2349	154,7252
2022-02-28	22:00	39826,37	40898	39610	40824,96	LONG	0,00167	5981,87	0,00451	HOLD	98,2349	156,3928
2022-02-28	23:00	40824,96	41332,85	40693,18	41010,09	LONG	0,00167	5981,87	0,00451	HOLD	98,2349	156,702
2022-03-01	00:00	41010,09	41426,12	40737,15	41425,8	LONG	0,00167	5981,87	0,00451	HOLD	98,2349	157,3962
2022-03-01	01:00	41425,8	41463,41	41031,76	41204,66	LONG	0,00167	5981,87	0,00451	HOLD	98,2349	157,0269
2022-03-01	02:00	41204,65	41392	41009,28	41329,44	LONG	0,00167	5981,87	0,00451	HOLD	98,2349	157,2353
2022-03-01	03:00	41329,44	41950	41248,41	41908,07	LONG	0,00167	5981,87	0,00451	HOLD	98,2349	158,2016
2022-03-01	04:00	41908,08	41918,02	41500,56	41644,99	LONG	0,00167	5981,87	0,00451	HOLD	98,2349	157,7623
2022-03-01	05:00	41645	44225,84	41628,99	43026,44	LONG	0,00167	5981,87	0,00451	HOLD	98,2349	160,0693
2022-03-01	06:00	43026,45	43346,92	42847	43160	LONG	0,00167	5981,87	0,00451	HOLD	98,2349	160,2923
2022-03-01	07:00	43160	43750	43155,68	43560	LONG	0,00167	5981,87	0,00451	HOLD	98,2349	160,9603
2022-03-01	08:00	43560,01	43630,09	43222,22	43259,9	LONG	0,00167	5981,87	0,00451	HOLD	98,2349	160,4592
2022-03-01	09:00	43259,89	43292,6	42951,84	43160,01	LONG	0,00167	5981,87	0,00451	HOLD	98,2349	160,2924
2022-03-01	10:00	43160,01	43180	42855,2	43147,71	LONG	0,00167	5981,87	0,00451	HOLD	98,2349	160,2718
2022-03-01	11:00	43147,71	43400	43073,67	43336,26	LONG	0,00167	5981,87	0,00451	HOLD	98,2349	160,5867
2022-03-01	12:00	43336,26	43396,12	43145,6	43210,25	LONG	0,00167	5981,87	0,00451	HOLD	98,2349	160,3763
2022-03-01	13:00	43210,26	43484,16	43040,15	43453,28	LONG	0,00167	5981,87	0,00451	HOLD	98,2349	160,7821
2022-03-01	14:00	43453,29	43562,35	43288,69	43492,96	LONG	0,00167	5981,87	0,00451	HOLD	98,2349	160,8484
2022-03-01	15:00	43492,96	43716,69	43310,85	43492,24	LONG	0,00167	5981,87	0,00451	HOLD	98,2349	160,8472
2022-03-01	16:00	43492,24	43500,85	43138,16	43258,34	LONG	0,00167	5981,87	0,00451	HOLD	98,2349	160,4566
2022-03-01	17:00	43258,33	43584	42809,98	43578,87	LONG	0,00167	5981,87	0,00451	HOLD	98,2349	160,9919
2022-03-01	18:00	43578,88	43887	43350	43609,96	LONG	0,00167	5981,87	0,00451	HOLD	98,2349	161,0438
2022-03-01	19:00	43609,96	44689,8	43574,9	44640,38	LONG	0,00167	5981,87	0,00451	HOLD	98,2349	162,7646
2022-03-01	20:00	44641,01	44949	44416,04	44416,04	LONG	0,00167	5981,87	0,00451	HOLD	98,2349	162,3899
2022-03-01	21:00	44416,05	44664,19	43717,57	43808,86	LONG	0,00167	5981,87	0,00451	HOLD	98,2349	161,3759
2022-03-01	22:00	43808,86	44073	43350	43643,69	LONG	0,00167	5981,87	0,00451	HOLD	98,2349	161,1001
2022-03-01	23:00	43643,69	44078,65	43111,46	43385,53	LONG	0,00167	5981,87	0,00451	HOLD	98,2349	160,669
2022-03-02	00:00	43385,54	43850	43240,23	43643,84	LONG	0,00167	5981,87	0,00451	HOLD	98,2349	161,1004
2022-03-02	01:00	43643,85	43881,6	43420,77	43803,01	LONG	0,00167	5981,87	0,00451	HOLD	98,2349	161,3662
2022-03-02	02:00	43803,01	44063,22	43664,36	43719,49	LONG	0,00167	5981,87	0,00451	HOLD	98,2349	161,2267
2022-03-02	03:00	43719,49	44102,61	43684,16	44084,63	LONG	0,00167	5981,87	0,00451	HOLD	98,2349	161,8365
2022-03-02	04:00	44084,63	44400,1	43731,54	43882,75	LONG	0,00167	5981,87	0,00451	HOLD	98,2349	161,4993
2022-03-02	05:00	43882,76	44219	43758,33	44156,77	LONG	0,00167	5981,87	0,00451	HOLD	98,2349	161,9569
2022-03-02	06:00	44156,77	44506,65	44057,49	44421,2	LONG	0,00167	5981,87	0,00451	HOLD	98,2349	162,3985
2022-03-02	07:00	44421,2	44750	43924,23	44280	LONG	0,00167	5981,87	0,00451	HOLD	98,2349	162,1627
2022-03-02	08:00	44280	44390,4	43819,97	44027,69	LONG	0,00167	5981,87	0,00451	HOLD	98,2349	161,7414
2022-03-02	09:00	44027,69	44288,16	43847,35	44224,41	LONG	0,00167	5981,87	0,00451	HOLD	98,2349	162,0699
2022-03-02	10:00	44224,4	44554,21	44084,67	44324,65	LONG	0,00167	5981,87	0,00451	HOLD	98,2349	162,2373
2022-03-02	11:00	44324,64	44534,79	44136,47	44248,56	LONG	0,00167	5981,87	0,00451	HOLD	98,2349	162,1102
2022-03-02	12:00	44248,57	44355,29	44075,36	44269,18	LONG	0,00167	5981,87	0,00451	HOLD	98,2349	162,1447
2022-03-02	13:00	44269,18	44375,61	43880,61	43927,27	LONG	0,00167	5981,87	0,00451	HOLD	98,2349	161,5737
2022-03-02	14:00	43927,27	43987,03	43653,63	43973,09	LONG	0,00167	5981,87	0,00451	HOLD	98,2349	161,6502
2022-03-02	15:00	43973,09	44295,39	43738,27	43839,99	LONG	0,00167	5981,87	0,00451	HOLD	98,2349	161,4279
2022-03-02	16:00	43840	44164,26	43760,12	43907,5	LONG	0,00167	5981,87	0,00451	HOLD	98,2349	161,5407
2022-03-02	17:00	43907,5	44341,25	43854,55	44139,45	LONG	0,00167	5981,87	0,00451	HOLD	98,2349	161,928
2022-03-02	18:00	44139,45	44246,23	43987,12	44103,28	LONG	0,00167	5981,87	0,00451	HOLD	98,2349	161,8676
2022-03-02	19:00	44103,29	44350	43784,85	44005,36	LONG	0,00167	5981,87	0,00451	HOLD	98,2349	161,7041
2022-03-02	20:00	44005,37	44040,48	43334,09	43525,3	LONG	0,00167	5981,87	0,00451	HOLD	98,2349	160,9024
2022-03-02	21:00	43525,29	44867,05	43496,53	44819,4	LONG	0,00167	5981,87	0,00451	HOLD	98,2349	163,0635
2022-03-02	22:00	44819,39	45400	43800	44126,52	LONG	0,00167	5981,87	0,00451	HOLD	98,2349	161,9064
2022-03-02	23:00	44126,51	44498,02	43954,94	44243,19	LONG	0,00167	5981,87	0,00451	HOLD	98,2349	162,1013
2022-03-03	00:00	44243,19	44438,1	43715,99	43750,18	LONG	0,00167	5981,87	0,00451	HOLD	98,2349	161,2779
2022-03-03	01:00	43750,19	43934,4	43545,57	43600	LONG	0,00167	5981,87	0,00451	HOLD	98,2349	161,0271
2022-03-03	02:00	43599,99	43817	43433	43704,42	LONG	0,00167	5981,87	0,00451	HOLD	98,2349	161,2015
2022-03-03	03:00	43704,41	43899	43681,3	43803,31	LONG	0,00167	5981,87	0,00451	HOLD	98,2349	161,3667
2022-03-03	04:00	43803,31	44099,82	43750,67	44068,55	LONG	0,00167	5981,87	0,00451	HOLD	98,2349	161,8096
2022-03-03	05:00	44068,55	44380	43870	44067,4	LONG	0,00167	5981,87	0,00451	HOLD	98,2349	161,8077
2022-03-03	06:00	44067,4	44200,01	43851,72	43892,98	LONG	0,00167	5981,87	0,00451	HOLD	98,2349	161,5164
2022-03-03	07:00	43892,99	44063,15	43663,5	43978,76	LONG	0,00167	5981,87	0,00451	HOLD	98,2349	161,6597
2022-03-03	08:00	43978,75	44026,68	43700	43825,88	LONG	0,00167	5981,87	0,00451	HOLD	98,2349	161,4044
2022-03-03	09:00	43825,87	43834,94	43593,02	43790,01	LONG	0,00167	5981,87	0,00451	HOLD	98,2349	161,3445
2022-03-03	10:00	43790,01	43843,25	43193,52	43305,77	LONG	0,00167	5981,87	0,00451	HOLD	98,2349	160,5358
2022-03-03	11:00	43305,76	43481,52	43249,83	43435,27	LONG	0,00167	5981,87	0,00451	HOLD	98,2349	160,752
2022-03-03	12:00	43435,27	43505,61	43274,97	43316,87	LONG	0,00167	5981,87	0,00451	HOLD	98,2349	160,5543
2022-03-03	13:00	43316,87	43465,28	42915,06	43433,97	LONG	0,00167	5981,87	0,00451	HOLD	98,2349	160,7499
2022-03-03	14:00	43433,97	43696,83	43340,36	43477,05	LONG	0,00167	5981,87	0,00451	HOLD	98,2349	160,8218
2022-03-03	15:00	43477,04	43621,22	43266,85	43456,88	LONG	0,00167	5981,87	0,00451	HOLD	98,2349	160,7881
2022-03-03	16:00	43456,88	43480	43095,93	43151,97	LONG	0,00167	5981,87	0,00451	HOLD	98,2349	160,2789
2022-03-03	17:00	43151,98	43489	43064,46	43385,78	LONG	0,00167	5981,87	0,00451	HOLD	98,2349	160,6694
2022-03-03	18:00	43387,01	43599	43295,7	43382,23	LONG	0,00167	5981,87	0,00451	HOLD	98,2349	160,6635
2022-03-03	19:00	43382,23	43788,85	43307,47	43558,81	LONG	0,00167	5981,87	0,00451	HOLD	98,2349	160,9584
2022-03-03	20:00	43558,82	44014,22	43491,98	43987,36	LONG	0,00167	5981,87	0,00451	HOLD	98,2349	161,674
2022-03-03	21:00	43987,36	44101,12	43344	43425,19	LONG	0,00167	5981,87	0,00451	HOLD	98,2349	160,7352
2022-03-03	22:00	43425,18	43496,49	42348,56	42547,34	LONG	0,00167	5981,87	0,00451	HOLD	98,2349	159,2692
2022-03-03	23:00	42547,34	42750	42268	42416,84	LONG	0,00167	5981,87	0,00451	HOLD	98,2349	159,0513
2022-03-04	00:00	42416,83	42567,71	42055,64	42398,35	LONG	0,00167	5981,87	0,00451	HOLD	98,2349	159,0204
2022-03-04	01:00	42398,34	42524,3	42188,45	42256,74	LONG	0,00167	5981,87	0,00451	HOLD	98,2349	158,7839
2022-03-04	02:00	42256,75	42418	42100	42226,74	LONG	0,00167	5981,87	0,00451	HOLD	98,2349	158,7338
2022-03-04	03:00	42226,74	42271,8	41840,39	42030,31	LONG	0,00167	5981,87	0,00451	HOLD	98,2349	158,4058
2022-03-04	04:00	42030,32	42139,59	41832,28	42092,25	LONG	0,00167	5981,87	0,00451	HOLD	98,2349	158,5092
2022-03-04	05:00	42093,5	42703,65	42077,74	42492,09	LONG	0,00167	5981,87	0,00451	HOLD	98,2349	159,1769
2022-03-04	06:00	42492,09	42606,05	42380,85	42454	LONG	0,00167	5981,87	0,00451	HOLD	98,2349	159,1133
2022-03-04	07:00	42454	42527,3	41509,94	41603,36	LONG	0,00167	5981,87	0,00451	HOLD	98,2349	157,6928
2022-03-04	08:00	41603,36	41683,42	41069,91	41510,57	LONG	0,00167	5981,87	0,00451	HOLD	98,2349	157,5378
2022-03-04	09:00	41510,58	41548,2	41350,23	41403,7	LONG	0,00167	5981,87	0,00451	HOLD	98,2349	157,3593
2022-03-04	10:00	41403,7	41487,99	41215,32	41449,94	LONG	0,00167	5981,87	0,00451	HOLD	98,2349	157,4365
2022-03-04	11:00	41449,93	41449,94	41100	41379,99	LONG	0,00167	5981,87	0,00451	HOLD	98,2349	157,3197
2022-03-04	12:00	41379,99	41439,23	41242,91	41374,45	LONG	0,00167	5981,87	0,00451	HOLD	98,2349	157,3105
2022-03-04	13:00	41374,45	41499,48	41264,1	41407,98	LONG	0,00167	5981,87	0,00451	HOLD	98,2349	157,3665
2022-03-04	14:00	41407,98	41475	41282,73	41436,98	LONG	0,00167	5981,87	0,00451	HOLD	98,2349	157,4149
2022-03-04	15:00	41436,98	41774,12	40863,01	41589,99	LONG	0,00167	5981,87	0,00451	HOLD	98,2349	157,6704
2022-03-04	16:00	41590	41846,61	41323,76	41522,29	LONG	0,00167	5981,87	0,00451	HOLD	98,2349	157,5574
2022-03-04	17:00	41522,29	41790	41467,86	41676,57	LONG	0,00167	5981,87	0,00451	HOLD	98,2349	157,815
2022-03-04	18:00	41676,56	41904,88	41570,97	41662,07	LONG	0,00167	5981,87	0,00451	HOLD	98,2349	157,7908
2022-03-04	19:00	41662,06	41762,43	41340,23	41511,29	LONG	0,00167	5981,87	0,00451	HOLD	98,2349	157,539
2022-03-04	20:00	41511,3	41833	41244,37	41315,76	LONG	0,00167	5981,87	0,00451	HOLD	98,2349	157,2125
2022-03-04	21:00	41315,75	41536,7	40590,42	41106,91	LONG	0,00167	5981,87	0,00451	HOLD	98,2349	156,8637
2022-03-04	22:00	41106,91	41250	40550,04	40694,32	LONG	0,00167	5981,87	0,00451	HOLD	98,2349	156,1747
2022-03-04	23:00	40694,32	40827	40414,24	40754,4	LONG	0,00167	5981,87	0,00451	HOLD	98,2349	156,275
2022-03-05	00:00	40754,41	40958,66	40668,32	40840,53	LONG	0,00167	5981,87	0,00451	HOLD	98,2349	156,4188
2022-03-05	01:00	40840,53	40926,39	40561,99	40605,88	LONG	0,00167	5981,87	0,00451	HOLD	98,2349	156,027
2022-03-05	02:00	40605,88	40650	39665,72	39782,13	LONG	0,00167	5981,87	0,00451	HOLD	98,2349	154,6513
2022-03-05	03:00	39782,13	39879,48	39061,53	39469,36	LONG	0,00167	5981,87	0,00451	HOLD	98,2349	154,129
2022-03-05	04:00	39469,36	39630,94	39200	39394,46	LONG	0,00167	5981,87	0,00451	HOLD	98,2349	154,0039
2022-03-05	05:00	39392,83	39473,07	38550	39004,73	LONG	0,00167	5981,87	0,00451	HOLD	98,2349	153,353
2022-03-05	06:00	39004,73	39247,76	38838,9	39148,66	LONG	0,00167	5981,87	0,00451	HOLD	98,2349	153,5934
2022-03-05	07:00	39148,65	39197,94	38723,33	38744	LONG	0,00167	5981,87	0,00451	HOLD	98,2349	152,9176
2022-03-05	08:00	38743,99	39081	38564,04	38987,24	LONG	0,00167	5981,87	0,00451	HOLD	98,2349	153,3238
2022-03-05	09:00	38987,25	39064,26	38827,77	38866,23	LONG	0,00167	5981,87	0,00451	HOLD	98,2349	153,1217
2022-03-05	10:00	38866,24	39119,12	38831,16	39050,62	LONG	0,00167	5981,87	0,00451	HOLD	98,2349	153,4297
2022-03-05	11:00	39050,61	39100,81	38407,59	38856,33	LONG	0,00167	5981,87	0,00451	HOLD	98,2349	153,1052
2022-03-05	12:00	38856,32	39021,62	38801,4	39007,05	LONG	0,00167	5981,87	0,00451	HOLD	98,2349	153,3569
2022-03-05	13:00	39007,06	39104,62	38936,61	38981,86	LONG	0,00167	5981,87	0,00451	HOLD	98,2349	153,3148
2022-03-05	14:00	38981,86	39140,51	38947,52	39016,73	LONG	0,00167	5981,87	0,00451	HOLD	98,2349	153,3731
2022-03-05	15:00	39016,74	39200	38948,91	39082,01	LONG	0,00167	5981,87	0,00451	HOLD	98,2349	153,4821
2022-03-05	16:00	39082,02	39111,42	38970	39036,75	LONG	0,00167	5981,87	0,00451	HOLD	98,2349	153,4065
2022-03-05	17:00	39036,75	39169,31	38784,69	39138,99	LONG	0,00167	5981,87	0,00451	HOLD	98,2349	153,5773
2022-03-05	18:00	39138,85	39294,47	39062,19	39129,59	LONG	0,00167	5981,87	0,00451	HOLD	98,2349	153,5616
2022-03-05	19:00	39129,58	39371,15	39036,33	39069,55	LONG	0,00167	5981,87	0,00451	HOLD	98,2349	153,4613
2022-03-05	20:00	39069,54	39095,91	38889,75	39008,04	LONG	0,00167	5981,87	0,00451	HOLD	98,2349	153,3586
2022-03-05	21:00	39008,04	39161	38924,83	39115,73	LONG	0,00167	5981,87	0,00451	HOLD	98,2349	153,5384
2022-03-05	22:00	39115,74	39189,77	39060	39160,01	LONG	0,00167	5981,87	0,00451	HOLD	98,2349	153,6124
2022-03-05	23:00	39160	39613,24	39122,33	39334,06	LONG	0,00167	5981,87	0,00451	HOLD	98,2349	153,903
2022-03-06	00:00	39334,07	39570	39307,04	39430	LONG	0,00167	5981,87	0,00451	HOLD	98,2349	154,0632
2022-03-06	01:00	39430	39447,51	39256,84	39407,58	LONG	0,00167	5981,87	0,00451	HOLD	98,2349	154,0258
2022-03-06	02:00	39407,58	39459,24	39349,54	39433,71	LONG	0,00167	5981,87	0,00451	HOLD	98,2349	154,0694
2022-03-06	03:00	39433,71	39583,66	39391,24	39451,91	LONG	0,00167	5981,87	0,00451	HOLD	98,2349	154,0998
2022-03-06	04:00	39451,92	39536,14	39345,12	39371,89	LONG	0,00167	5981,87	0,00451	HOLD	98,2349	153,9662
2022-03-06	05:00	39371,9	39479,01	39281,23	39464,94	LONG	0,00167	5981,87	0,00451	HOLD	98,2349	154,1216
2022-03-06	06:00	39464,93	39472,84	39326,59	39397,96	LONG	0,00167	5981,87	0,00451	HOLD	98,2349	154,0097
2022-03-06	07:00	39397,97	39693,87	39345,82	39644,15	LONG	0,00167	5981,87	0,00451	HOLD	98,2349	154,4209
2022-03-06	08:00	39644,16	39677,68	39429,51	39446,94	LONG	0,00167	5981,87	0,00451	HOLD	98,2349	154,0915
2022-03-06	09:00	39446,94	39525,24	39357,66	39507,51	LONG	0,00167	5981,87	0,00451	HOLD	98,2349	154,1927
2022-03-06	10:00	39507,5	39550	39275	39300,54	LONG	0,00167	5981,87	0,00451	HOLD	98,2349	153,847
2022-03-06	11:00	39300,53	39587,62	38814,73	39467,95	LONG	0,00167	5981,87	0,00451	HOLD	98,2349	154,1266
2022-03-06	12:00	39467,95	39656,89	39434,24	39486,44	LONG	0,00167	5981,87	0,00451	HOLD	98,2349	154,1575
2022-03-06	13:00	39486,44	39606,96	39322,33	39472,27	LONG	0,00167	5981,87	0,00451	HOLD	98,2349	154,1338
2022-03-06	14:00	39472,26	39512,09	39264,13	39387,57	LONG	0,00167	5981,87	0,00451	HOLD	98,2349	153,9924
2022-03-06	15:00	39387,56	39387,57	39114,05	39141,41	LONG	0,00167	5981,87	0,00451	HOLD	98,2349	153,5813
2022-03-06	16:00	39141,42	39189,17	38623,93	38678,3	LONG	0,00167	5981,87	0,00451	HOLD	98,2349	152,8079
2022-03-06	17:00	38678,3	38728,6	38131,3	38256,6	LONG	0,00167	5981,87	0,00451	HOLD	98,2349	152,1037
2022-03-06	18:00	38256,6	38386,94	38088,57	38352,48	LONG	0,00167	5981,87	0,00451	HOLD	98,2349	152,2638
2022-03-06	19:00	38352,48	38698,79	38296,12	38494,06	LONG	0,00167	5981,87	0,00451	HOLD	98,2349	152,5002
2022-03-06	20:00	38494,06	39056,16	38494,06	38878,04	LONG	0,00167	5981,87	0,00451	HOLD	98,2349	153,1415
2022-03-06	21:00	38878,05	38961,51	38686,78	38805,61	LONG	0,00167	5981,87	0,00451	HOLD	98,2349	153,0205
2022-03-06	22:00	38805,61	38895,27	38618,92	38862,61	LONG	0,00167	5981,87	0,00451	HOLD	98,2349	153,1157
2022-03-06	23:00	38862,62	39368,4	38733,37	39211,05	LONG	0,00167	5981,87	0,00451	HOLD	98,2349	153,6976
2022-03-07	00:00	39211,06	39250,91	38927,8	39004,28	LONG	0,00167	5981,87	0,00451	HOLD	98,2349	153,3523
2022-03-07	01:00	39004,28	39135,3	38700	38886,48	LONG	0,00167	5981,87	0,00451	HOLD	98,2349	153,1556
2022-03-07	02:00	38886,48	38921,7	38518,56	38670,66	LONG	0,00167	5981,87	0,00451	HOLD	98,2349	152,7951
2022-03-07	03:00	38670,65	38926,32	38628,78	38854,99	LONG	0,00167	5981,87	0,00451	HOLD	98,2349	153,103
2022-03-07	04:00	38854,99	39273,79	38740,15	39020,11	LONG	0,00167	5981,87	0,00451	HOLD	98,2349	153,3787
2022-03-07	05:00	39020,12	39200	38942,23	38974,11	LONG	0,00167	5981,87	0,00451	HOLD	98,2349	153,3019
2022-03-07	06:00	38974,11	39013,92	38127	38420,81	LONG	0,00167	5981,87	0,00451	HOLD	98,2349	152,3779
2022-03-07	07:00	38420,8	38537,1	38005	38403,63	LONG	0,00167	5981,87	0,00451	HOLD	98,2349	152,3492
2022-03-07	08:00	38403,63	38555,85	38285	38324,69	LONG	0,00167	5981,87	0,00451	HOLD	98,2349	152,2174
2022-03-07	09:00	38324,68	38372,21	37584,12	37784,37	LONG	0,00167	5981,87	0,00451	HOLD	98,2349	151,315
2022-03-07	10:00	37784,36	37972,17	37578,03	37869,45	LONG	0,00167	5981,87	0,00451	HOLD	98,2349	151,4571
2022-03-07	11:00	37869,46	37973,27	37760,08	37930,18	LONG	0,00167	5981,87	0,00451	HOLD	98,2349	151,5585
2022-03-07	12:00	37930,18	38247,48	37809,41	38024,18	LONG	0,00167	5981,87	0,00451	HOLD	98,2349	151,7155
2022-03-07	13:00	38024,19	38214,16	37988,65	38162,47	LONG	0,00167	5981,87	0,00451	HOLD	98,2349	151,9465
2022-03-07	14:00	38162,47	38210,34	37787,42	37895,24	LONG	0,00167	5981,87	0,00451	HOLD	98,2349	151,5002
2022-03-07	15:00	37895,24	38207,64	37649,46	38160,12	LONG	0,00167	5981,87	0,00451	HOLD	98,2349	151,9425
2022-03-07	16:00	38160,13	38394,21	38133,42	38152,18	LONG	0,00167	5981,87	0,00451	HOLD	98,2349	151,9293
2022-03-07	17:00	38152,19	38290	37972,71	38018,91	LONG	0,00167	5981,87	0,00451	HOLD	98,2349	151,7067
2022-03-07	18:00	38018,9	38399,54	37970,73	38337,05	LONG	0,00167	5981,87	0,00451	HOLD	98,2349	152,238
2022-03-07	19:00	38337,05	38765,16	38337,05	38596,21	LONG	0,00167	5981,87	0,00451	HOLD	98,2349	152,6708
2022-03-07	20:00	38596,22	39183,49	38531,2	39025,77	LONG	0,00167	5981,87	0,00451	HOLD	98,2349	153,3882
2022-03-07	21:00	39025,78	39285	38847,16	38847,16	LONG	0,00167	5981,87	0,00451	HOLD	98,2349	153,0899
2022-03-07	22:00	38847,17	39199,41	38631	39071,48	LONG	0,00167	5981,87	0,00451	HOLD	98,2349	153,4645
2022-03-07	23:00	39071,49	39547,57	38752,65	38828,33	LONG	0,00167	5981,87	0,00451	HOLD	98,2349	153,0585
2022-03-08	00:00	38828,33	38997,39	38526,6	38601,7	LONG	0,00167	5981,87	0,00451	HOLD	98,2349	152,68
2022-03-08	01:00	38601,7	38601,71	37776,21	37979,79	LONG	0,00167	5981,87	0,00451	HOLD	98,2349	151,6414
2022-03-08	02:00	37979,79	38033,87	37192,78	37308,94	LONG	0,00167	5981,87	0,00451	HOLD	98,2349	150,5211
2022-03-08	03:00	37308,94	37831,97	37155	37590,01	LONG	0,00167	5981,87	0,00451	HOLD	98,2349	150,9905
2022-03-08	04:00	37590	38267,56	37500,34	37836,35	LONG	0,00167	5981,87	0,00451	HOLD	98,2349	151,4018
2022-03-08	05:00	37836,35	38489,48	37788,58	38211,47	LONG	0,00167	5981,87	0,00451	HOLD	98,2349	152,0283
2022-03-08	06:00	38211,47	38517,82	37887,04	37988	LONG	0,00167	5981,87	0,00451	HOLD	98,2349	151,6551
2022-03-08	07:00	37988,01	38373,88	37867,65	38200	LONG	0,00167	5981,87	0,00451	HOLD	98,2349	152,0091
2022-03-08	08:00	38199,99	38492,9	38043,12	38268,96	LONG	0,00167	5981,87	0,00451	HOLD	98,2349	152,1243
2022-03-08	09:00	38268,97	38972,08	38141,55	38614,62	LONG	0,00167	5981,87	0,00451	HOLD	98,2349	152,7016
2022-03-08	10:00	38614,61	38699,74	38526,21	38695,87	LONG	0,00167	5981,87	0,00451	HOLD	98,2349	152,8372
2022-03-08	11:00	38696,56	38831,7	38479,88	38550,01	LONG	0,00167	5981,87	0,00451	HOLD	98,2349	152,5937
2022-03-08	12:00	38550	38604,38	38230	38351,8	LONG	0,00167	5981,87	0,00451	HOLD	98,2349	152,2626
2022-03-08	13:00	38351,81	38508,47	38001	38277,69	LONG	0,00167	5981,87	0,00451	HOLD	98,2349	152,1389
2022-03-08	14:00	38277,68	38758,88	38158,23	38547,79	LONG	0,00167	5981,87	0,00451	HOLD	98,2349	152,59
2022-03-08	15:00	38547,79	39120	38460,28	38775,71	LONG	0,00167	5981,87	0,00451	HOLD	98,2349	152,9706
2022-03-08	16:00	38775,72	39014,7	38700,53	38985,67	LONG	0,00167	5981,87	0,00451	HOLD	98,2349	153,3212
2022-03-08	17:00	38985,67	39186,58	38710,08	39063,62	LONG	0,00167	5981,87	0,00451	HOLD	98,2349	153,4514
2022-03-08	18:00	39063,62	39099,99	38736,28	38983,05	LONG	0,00167	5981,87	0,00451	HOLD	98,2349	153,3168
2022-03-08	19:00	38983,05	39226,99	38614,56	38828,17	LONG	0,00167	5981,87	0,00451	HOLD	98,2349	153,0582
2022-03-08	20:00	38828,17	39078,66	38619,08	38877	LONG	0,00167	5981,87	0,00451	HOLD	98,2349	153,1397
2022-03-08	21:00	38876,99	39176,51	38532,9	38763,3	LONG	0,00167	5981,87	0,00451	HOLD	98,2349	152,9499
2022-03-08	22:00	38763,31	38896,23	38307,07	38658,34	LONG	0,00167	5981,87	0,00451	HOLD	98,2349	152,7746
2022-03-08	23:00	38658,34	38865,46	38139,84	38309,73	LONG	0,00167	5981,87	0,00451	HOLD	98,2349	152,1924
2022-03-09	00:00	38309,74	39159	38289,05	39071,93	LONG	0,00167	5981,87	0,00451	HOLD	98,2349	153,4653
2022-03-09	01:00	39071,94	39362,08	38656	38682,81	LONG	0,00167	5981,87	0,00451	HOLD	98,2349	152,8154
2022-03-09	02:00	38682,81	38828,22	38465,44	38764,88	LONG	0,00167	5981,87	0,00451	HOLD	98,2349	152,9525
2022-03-09	03:00	38764,87	38897,68	38434,22	38512,51	LONG	0,00167	5981,87	0,00451	HOLD	98,2349	152,531
2022-03-09	04:00	38512,5	38586,15	38388,73	38494,34	LONG	0,00167	5981,87	0,00451	HOLD	98,2349	152,5007
2022-03-09	05:00	38494,34	38642,74	38472,61	38552,29	LONG	0,00167	5981,87	0,00451	HOLD	98,2349	152,5975
2022-03-09	06:00	38552,29	38780,49	38530,07	38730,63	LONG	0,00167	5981,87	0,00451	HOLD	98,2349	152,8953
2022-03-09	07:00	38730,63	39030	38656,45	38951,8	LONG	0,00167	5981,87	0,00451	HOLD	98,2349	153,2646
2022-03-09	08:00	38951,8	39308,75	38903,56	39215,42	LONG	0,00167	5981,87	0,00451	HOLD	98,2349	153,7049
2022-03-09	09:00	39215,42	39520	39132,36	39410,93	LONG	0,00167	5981,87	0,00451	HOLD	98,2349	154,0314
2022-03-09	10:00	39410,93	41448,84	39372,81	41217,73	LONG	0,00167	5981,87	0,00451	HOLD	98,2349	157,0488
2022-03-09	11:00	41217,73	41884	41217,72	41639,54	LONG	0,00167	5981,87	0,00451	HOLD	98,2349	157,7532
2022-03-09	12:00	41639,55	41695,6	41318,06	41515,86	LONG	0,00167	5981,87	0,00451	HOLD	98,2349	157,5466
2022-03-09	13:00	41515,86	41650,07	41422,47	41600,01	LONG	0,00167	5981,87	0,00451	HOLD	98,2349	157,6872
2022-03-09	14:00	41600	41812,33	41496,39	41791,1	LONG	0,00167	5981,87	0,00451	HOLD	98,2349	158,0063
2022-03-09	15:00	41791,1	42438,81	41626,28	42053,19	LONG	0,00167	5981,87	0,00451	HOLD	98,2349	158,444
2022-03-09	16:00	42053,18	42211,09	41916,23	42009,91	LONG	0,00167	5981,87	0,00451	HOLD	98,2349	158,3717
2022-03-09	17:00	42007,62	42226,77	41955,41	42215,67	LONG	0,00167	5981,87	0,00451	HOLD	98,2349	158,7153
2022-03-09	18:00	42215,67	42400	42012	42151,66	LONG	0,00167	5981,87	0,00451	HOLD	98,2349	158,6084
2022-03-09	19:00	42151,65	42545,45	41626,86	41914,33	LONG	0,00167	5981,87	0,00451	HOLD	98,2349	158,2121
2022-03-09	20:00	41914,33	42082,91	41650,14	41869,16	LONG	0,00167	5981,87	0,00451	HOLD	98,2349	158,1366
2022-03-09	21:00	41869,16	42308,65	41850	42208,71	LONG	0,00167	5981,87	0,00451	HOLD	98,2349	158,7037
2022-03-09	22:00	42208,71	42594,06	42106,81	42520,99	LONG	0,00167	5981,87	0,00451	HOLD	98,2349	159,2252
2022-03-09	23:00	42520,99	42558,96	42131,18	42233,16	LONG	0,00167	5981,87	0,00451	HOLD	98,2349	158,7445
2022-03-10	00:00	42233,17	42350	42103,08	42320,15	LONG	0,00167	5981,87	0,00451	HOLD	98,2349	158,8898
2022-03-10	01:00	42320,15	42327,82	41847,13	42023,1	LONG	0,00167	5981,87	0,00451	HOLD	98,2349	158,3937
2022-03-10	02:00	42023,1	42266,1	41773,19	42204,65	LONG	0,00167	5981,87	0,00451	HOLD	98,2349	158,6969
2022-03-10	03:00	42204,65	42320	41700	41841,64	LONG	0,00167	5981,87	0,00451	HOLD	98,2349	158,0907
2022-03-10	04:00	41841,64	41944,75	41683,06	41876,77	LONG	0,00167	5981,87	0,00451	HOLD	98,2349	158,1493
2022-03-10	05:00	41876,77	42063,93	41738,86	41892,07	LONG	0,00167	5981,87	0,00451	HOLD	98,2349	158,1749
2022-03-10	06:00	41892,08	42141,24	41815	41941,71	LONG	0,00167	5981,87	0,00451	HOLD	98,2349	158,2578
2022-03-10	07:00	41941,7	42039,63	41745,01	41810,97	LONG	0,00167	5981,87	0,00451	HOLD	98,2349	158,0395
2022-03-10	08:00	41810,97	41950	40815,76	40930,71	LONG	0,00167	5981,87	0,00451	HOLD	98,2349	156,5694
2022-03-10	09:00	40930,7	41066,13	40632,65	40714,52	LONG	0,00167	5981,87	0,00451	HOLD	98,2349	156,2084
2022-03-10	10:00	40714,52	40928,34	40545,08	40768,51	LONG	0,00167	5981,87	0,00451	HOLD	98,2349	156,2986
2022-03-10	11:00	40768,5	40834,93	39350	39540,63	LONG	0,00167	5981,87	0,00451	HOLD	98,2349	154,248
2022-03-10	12:00	39540,63	39542,85	38848,48	39209,53	LONG	0,00167	5981,87	0,00451	HOLD	98,2349	153,6951
2022-03-10	13:00	39212,19	39424	39047,85	39385,01	LONG	0,00167	5981,87	0,00451	HOLD	98,2349	153,9881
2022-03-10	14:00	39385	39399,39	39127,98	39238,9	LONG	0,00167	5981,87	0,00451	HOLD	98,2349	153,7441
2022-03-10	15:00	39238,9	39270,78	38782,14	39220,21	LONG	0,00167	5981,87	0,00451	HOLD	98,2349	153,7129
2022-03-10	16:00	39220,2	39317,32	39030	39151,03	LONG	0,00167	5981,87	0,00451	HOLD	98,2349	153,5974
2022-03-10	17:00	39151,03	39245,92	38982,88	39051,74	LONG	0,00167	5981,87	0,00451	HOLD	98,2349	153,4315
2022-03-10	18:00	39051,74	39140,84	38942,55	39076,38	LONG	0,00167	5981,87	0,00451	HOLD	98,2349	153,4727
2022-03-10	19:00	39076,39	39348,92	38957,2	39242,81	LONG	0,00167	5981,87	0,00451	HOLD	98,2349	153,7506
2022-03-10	20:00	39242,8	40292,44	38539,73	38864,68	LONG	0,00167	5981,87	0,00451	HOLD	98,2349	153,1192
2022-03-10	21:00	38864,68	39363,37	38792,57	39283,39	LONG	0,00167	5981,87	0,00451	HOLD	98,2349	153,8184
2022-03-10	22:00	39283,39	39750	38966,83	39179,54	LONG	0,00167	5981,87	0,00451	HOLD	98,2349	153,645
2022-03-10	23:00	39179,55	39264,09	38904,63	39141,28	LONG	0,00167	5981,87	0,00451	HOLD	98,2349	153,5811
2022-03-11	00:00	39141,29	39294,99	39035,93	39164,28	LONG	0,00167	5981,87	0,00451	HOLD	98,2349	153,6195
2022-03-11	01:00	39164,27	39258,83	39010,85	39160,68	LONG	0,00167	5981,87	0,00451	HOLD	98,2349	153,6135
2022-03-11	02:00	39160,68	39567,05	39066,64	39430,56	LONG	0,00167	5981,87	0,00451	HOLD	98,2349	154,0642
2022-03-11	03:00	39431,8	39680	39276,95	39612,11	LONG	0,00167	5981,87	0,00451	HOLD	98,2349	154,3674
2022-03-11	04:00	39612,11	39614	39259,51	39316,99	LONG	0,00167	5981,87	0,00451	HOLD	98,2349	153,8745
2022-03-11	05:00	39316,99	39487,36	39050	39442,06	LONG	0,00167	5981,87	0,00451	HOLD	98,2349	154,0834
2022-03-11	06:00	39442,07	39595,68	39366,37	39422	LONG	0,00167	5981,87	0,00451	HOLD	98,2349	154,0499
2022-03-11	07:00	39422,01	39439,65	39131	39289,99	LONG	0,00167	5981,87	0,00451	HOLD	98,2349	153,8294
2022-03-11	08:00	39289,99	39311,94	38566	38679,24	LONG	0,00167	5981,87	0,00451	HOLD	98,2349	152,8095
2022-03-11	09:00	38679,23	38740,13	38223,6	38272,53	LONG	0,00167	5981,87	0,00451	HOLD	98,2349	152,1303
2022-03-11	10:00	38272,53	38858,42	38251,51	38714,97	LONG	0,00167	5981,87	0,00451	HOLD	98,2349	152,8691
2022-03-11	11:00	38714,97	38726,69	38443,18	38484,13	LONG	0,00167	5981,87	0,00451	HOLD	98,2349	152,4836
2022-03-11	12:00	38484,13	38794,31	38337,03	38771,5	LONG	0,00167	5981,87	0,00451	HOLD	98,2349	152,9635
2022-03-11	13:00	38771,5	39000	38676,69	38948,78	LONG	0,00167	5981,87	0,00451	HOLD	98,2349	153,2596
2022-03-11	14:00	38948,77	39348,87	38913,26	39132,09	LONG	0,00167	5981,87	0,00451	HOLD	98,2349	153,5657
2022-03-11	15:00	39132,1	39189,87	38856,83	39020,52	LONG	0,00167	5981,87	0,00451	HOLD	98,2349	153,3794
2022-03-11	16:00	39020,53	39187,99	38905	39020,47	LONG	0,00167	5981,87	0,00451	HOLD	98,2349	153,3793
2022-03-11	17:00	39020,47	39145,07	38965,16	39017,19	LONG	0,00167	5981,87	0,00451	HOLD	98,2349	153,3738
2022-03-11	18:00	39017,19	40219,34	38806,86	39893,68	LONG	0,00167	5981,87	0,00451	HOLD	98,2349	154,8376
2022-03-11	19:00	39894,08	40236,26	39735,48	39914,09	LONG	0,00167	5981,87	0,00451	HOLD	98,2349	154,8717
2022-03-11	20:00	39914,1	39948,38	39182,61	39258,6	LONG	0,00167	5981,87	0,00451	HOLD	98,2349	153,777
2022-03-11	21:00	39259,07	39601,14	39168,81	39323,9	LONG	0,00167	5981,87	0,00451	HOLD	98,2349	153,8861
2022-03-11	22:00	39323,9	39323,9	38908	39080,26	LONG	0,00167	5981,87	0,00451	HOLD	98,2349	153,4792
2022-03-11	23:00	39080,26	39094,84	38585,09	38724,67	LONG	0,00167	5981,87	0,00451	HOLD	98,2349	152,8853
2022-03-12	00:00	38724,68	38880,78	38577	38815,8	LONG	0,00167	5981,87	0,00451	HOLD	98,2349	153,0375
2022-03-12	01:00	38815,79	38879,22	38616,39	38637,5	LONG	0,00167	5981,87	0,00451	HOLD	98,2349	152,7398
2022-03-12	02:00	38637,5	38865,53	38500	38792,59	LONG	0,00167	5981,87	0,00451	HOLD	98,2349	152,9988
2022-03-12	03:00	38792,58	38968,58	38308,83	38364,9	LONG	0,00167	5981,87	0,00451	HOLD	98,2349	152,2845
2022-03-12	04:00	38364,9	38999,73	38364,9	38852,13	LONG	0,00167	5981,87	0,00451	HOLD	98,2349	153,0982
2022-03-12	05:00	38852,14	39177,48	38849,55	38916,69	LONG	0,00167	5981,87	0,00451	HOLD	98,2349	153,206
2022-03-12	06:00	38916,7	38949	38729	38729,57	LONG	0,00167	5981,87	0,00451	HOLD	98,2349	152,8935
2022-03-12	07:00	38729,57	39161,21	38660,52	39144,28	LONG	0,00167	5981,87	0,00451	HOLD	98,2349	153,5861
2022-03-12	08:00	39144,28	39327,99	39067,97	39185	LONG	0,00167	5981,87	0,00451	HOLD	98,2349	153,6541
2022-03-12	09:00	39184,99	39268,37	39044,28	39124,47	LONG	0,00167	5981,87	0,00451	HOLD	98,2349	153,553
2022-03-12	10:00	39124,47	39237,48	39080,24	39088,94	LONG	0,00167	5981,87	0,00451	HOLD	98,2349	153,4937
2022-03-12	11:00	39088,93	39196,51	38931,8	39108	LONG	0,00167	5981,87	0,00451	HOLD	98,2349	153,5255
2022-03-12	12:00	39107,99	39200	39050	39170,82	LONG	0,00167	5981,87	0,00451	HOLD	98,2349	153,6304
2022-03-12	13:00	39170,82	39261,46	39070,48	39083,02	LONG	0,00167	5981,87	0,00451	HOLD	98,2349	153,4838
2022-03-12	14:00	39083,01	39178,95	39000,37	39104,99	LONG	0,00167	5981,87	0,00451	HOLD	98,2349	153,5205
2022-03-12	15:00	39104,99	39169,53	38957,47	39105,27	LONG	0,00167	5981,87	0,00451	HOLD	98,2349	153,5209
2022-03-12	16:00	39105,26	39230	39078,5	39171,68	LONG	0,00167	5981,87	0,00451	HOLD	98,2349	153,6318
2022-03-12	17:00	39171,67	39284,46	39132,78	39229,99	LONG	0,00167	5981,87	0,00451	HOLD	98,2349	153,7292
2022-03-12	18:00	39230	39280	39012	39079,16	LONG	0,00167	5981,87	0,00451	HOLD	98,2349	153,4773
2022-03-12	19:00	39079,17	39217,41	39035	39183,78	LONG	0,00167	5981,87	0,00451	HOLD	98,2349	153,6521
2022-03-12	20:00	39183,77	39262,95	39012	39074,74	LONG	0,00167	5981,87	0,00451	HOLD	98,2349	153,47
2022-03-12	21:00	39074,73	39148,87	38678,22	38910,69	LONG	0,00167	5981,87	0,00451	HOLD	98,2349	153,196
2022-03-12	22:00	38910,68	39172,46	38826,65	39042,04	LONG	0,00167	5981,87	0,00451	HOLD	98,2349	153,4153
2022-03-12	23:00	39042,05	39166,58	38976,57	39147,7	LONG	0,00167	5981,87	0,00451	HOLD	98,2349	153,5918
2022-03-13	00:00	39147,7	39486,71	39051,27	39099,58	LONG	0,00167	5981,87	0,00451	HOLD	98,2349	153,5114
2022-03-13	01:00	39099,59	39152,51	38945,25	39058,99	LONG	0,00167	5981,87	0,00451	HOLD	98,2349	153,4437
2022-03-13	02:00	39058,98	39083	38930,71	39030,08	LONG	0,00167	5981,87	0,00451	HOLD	98,2349	153,3954
2022-03-13	03:00	39030,08	39210	38987,05	39128,08	LONG	0,00167	5981,87	0,00451	HOLD	98,2349	153,559
2022-03-13	04:00	39128,08	39180,89	39062	39091,99	LONG	0,00167	5981,87	0,00451	HOLD	98,2349	153,4988
2022-03-13	05:00	39092	39169,69	39032,38	39101,98	LONG	0,00167	5981,87	0,00451	HOLD	98,2349	153,5154
2022-03-13	06:00	39101,98	39164	38730,67	38807,36	LONG	0,00167	5981,87	0,00451	HOLD	98,2349	153,0234
2022-03-13	07:00	38807,35	38961,22	38703,73	38917,66	LONG	0,00167	5981,87	0,00451	HOLD	98,2349	153,2076
2022-03-13	08:00	38917,65	39276,28	38883,19	38993,01	LONG	0,00167	5981,87	0,00451	HOLD	98,2349	153,3335
2022-03-13	09:00	38993	39205,98	38981	39166,99	LONG	0,00167	5981,87	0,00451	HOLD	98,2349	153,624
2022-03-13	10:00	39166,99	39229,99	39104,46	39194,08	LONG	0,00167	5981,87	0,00451	HOLD	98,2349	153,6693
2022-03-13	11:00	39194,07	39310	39117,67	39129,03	LONG	0,00167	5981,87	0,00451	HOLD	98,2349	153,5606
2022-03-13	12:00	39129,03	39180	39100,82	39122,07	LONG	0,00167	5981,87	0,00451	HOLD	98,2349	153,549
2022-03-13	13:00	39122,06	39184,16	39074,01	39154,99	LONG	0,00167	5981,87	0,00451	HOLD	98,2349	153,604
2022-03-13	14:00	39155	39200	39069	39089,77	LONG	0,00167	5981,87	0,00451	HOLD	98,2349	153,4951
2022-03-13	15:00	39089,76	39129,22	39008,39	39066,86	LONG	0,00167	5981,87	0,00451	HOLD	98,2349	153,4568
2022-03-13	16:00	39066,85	39095,97	38848,25	38970,67	LONG	0,00167	5981,87	0,00451	HOLD	98,2349	153,2962
2022-03-13	17:00	38970,67	39013,65	38849,99	38986,01	LONG	0,00167	5981,87	0,00451	HOLD	98,2349	153,3218
2022-03-13	18:00	38986,02	39021,71	38601,81	38741,12	LONG	0,00167	5981,87	0,00451	HOLD	98,2349	152,9128
2022-03-13	19:00	38741,13	38776,95	38370	38498,8	LONG	0,00167	5981,87	0,00451	HOLD	98,2349	152,5081
2022-03-13	20:00	38498,81	38938,63	38460	38749,98	LONG	0,00167	5981,87	0,00451	HOLD	98,2349	152,9276
2022-03-13	21:00	38749,99	38922	38725,43	38836,99	LONG	0,00167	5981,87	0,00451	HOLD	98,2349	153,0729
2022-03-13	22:00	38837	39074,93	38833,64	38936	LONG	0,00167	5981,87	0,00451	HOLD	98,2349	153,2383
2022-03-13	23:00	38936	38998,54	38851	38921,98	LONG	0,00167	5981,87	0,00451	HOLD	98,2349	153,2148
2022-03-14	00:00	38921,97	39059	38861,81	38944,98	LONG	0,00167	5981,87	0,00451	HOLD	98,2349	153,2533
2022-03-14	01:00	38944,97	39015,13	38875,69	38984,13	LONG	0,00167	5981,87	0,00451	HOLD	98,2349	153,3186
2022-03-14	02:00	38984,13	39067	38856	38869,02	LONG	0,00167	5981,87	0,00451	HOLD	98,2349	153,1264
2022-03-14	03:00	38869,02	38869,03	38555	38683,99	LONG	0,00167	5981,87	0,00451	HOLD	98,2349	152,8174
2022-03-14	04:00	38684	38830,71	38650,13	38741	LONG	0,00167	5981,87	0,00451	HOLD	98,2349	152,9126
2022-03-14	05:00	38740,99	38838,18	37588	37720,93	LONG	0,00167	5981,87	0,00451	HOLD	98,2349	151,2091
2022-03-14	06:00	37720,93	37896,72	37578,51	37777,34	LONG	0,00167	5981,87	0,00451	HOLD	98,2349	151,3033
2022-03-14	07:00	37777,35	37883,91	37555	37842,4	LONG	0,00167	5981,87	0,00451	HOLD	98,2349	151,412
2022-03-14	08:00	37842,4	38357,75	37842,39	38062,99	LONG	0,00167	5981,87	0,00451	HOLD	98,2349	151,7803
2022-03-14	09:00	38064,35	38188	37991,3	38045,31	LONG	0,00167	5981,87	0,00451	HOLD	98,2349	151,7508
2022-03-14	10:00	38045,31	38179,81	37975,4	38144,05	LONG	0,00167	5981,87	0,00451	HOLD	98,2349	151,9157
2022-03-14	11:00	38144,06	38921	38126,29	38519,86	LONG	0,00167	5981,87	0,00451	HOLD	98,2349	152,5433
2022-03-14	12:00	38519,86	38610	38450,24	38468,03	LONG	0,00167	5981,87	0,00451	HOLD	98,2349	152,4568
2022-03-14	13:00	38468,02	38773,15	38458,96	38658,62	LONG	0,00167	5981,87	0,00451	HOLD	98,2349	152,775
2022-03-14	14:00	38658,63	39184,66	38631,45	39078,92	LONG	0,00167	5981,87	0,00451	HOLD	98,2349	153,4769
2022-03-14	15:00	39078,91	39239,42	38942,56	39077	LONG	0,00167	5981,87	0,00451	HOLD	98,2349	153,4737
2022-03-14	16:00	39077	39299,98	38853,74	39155	LONG	0,00167	5981,87	0,00451	HOLD	98,2349	153,604
2022-03-14	17:00	39154,99	39181,46	38969,38	39100,56	LONG	0,00167	5981,87	0,00451	HOLD	98,2349	153,5131
2022-03-14	18:00	39100,56	39118	38842,89	38897,64	LONG	0,00167	5981,87	0,00451	HOLD	98,2349	153,1742
2022-03-14	19:00	38897,64	38987,4	38675,03	38845,11	LONG	0,00167	5981,87	0,00451	HOLD	98,2349	153,0865
2022-03-14	20:00	38845,12	38970	38612,01	38873,9	LONG	0,00167	5981,87	0,00451	HOLD	98,2349	153,1346
2022-03-14	21:00	38873,91	39174,79	38745	39131,54	LONG	0,00167	5981,87	0,00451	HOLD	98,2349	153,5648
2022-03-14	22:00	39131,53	39160,78	38823,36	38964,25	LONG	0,00167	5981,87	0,00451	HOLD	98,2349	153,2854
2022-03-14	23:00	38964,26	39055	38812,07	38836,65	LONG	0,00167	5981,87	0,00451	HOLD	98,2349	153,0723
2022-03-15	00:00	38836,66	38848,01	38552,23	38736,43	LONG	0,00167	5981,87	0,00451	HOLD	98,2349	152,905
2022-03-15	01:00	38736,42	38787,39	38415,4	38675	LONG	0,00167	5981,87	0,00451	HOLD	98,2349	152,8024
2022-03-15	02:00	38675	38864,84	38615	38813	LONG	0,00167	5981,87	0,00451	HOLD	98,2349	153,0329
2022-03-15	03:00	38814,18	38940	38702	38723,35	LONG	0,00167	5981,87	0,00451	HOLD	98,2349	152,8831
2022-03-15	04:00	38723,35	38787,21	38606,41	38729,97	LONG	0,00167	5981,87	0,00451	HOLD	98,2349	152,8942
2022-03-15	05:00	38729,97	39947,12	38677,68	39326,12	LONG	0,00167	5981,87	0,00451	HOLD	98,2349	153,8898
2022-03-15	06:00	39326,12	39784,25	39326,11	39671,37	LONG	0,00167	5981,87	0,00451	HOLD	98,2349	154,4663
2022-03-15	07:00	39671,37	39804,68	39384,38	39571,99	LONG	0,00167	5981,87	0,00451	HOLD	98,2349	154,3004
2022-03-15	08:00	39571,99	39600	38774,65	38825,81	LONG	0,00167	5981,87	0,00451	HOLD	98,2349	153,0542
2022-03-15	09:00	38826,87	39118,91	38801	38984,01	LONG	0,00167	5981,87	0,00451	HOLD	98,2349	153,3184
2022-03-15	10:00	38984,01	39034,78	38636,7	38768,41	LONG	0,00167	5981,87	0,00451	HOLD	98,2349	152,9584
2022-03-15	11:00	38768,41	38865,18	38704,28	38786,01	LONG	0,00167	5981,87	0,00451	HOLD	98,2349	152,9878
2022-03-15	12:00	38786,01	38835	38689,6	38755,98	LONG	0,00167	5981,87	0,00451	HOLD	98,2349	152,9376
2022-03-15	13:00	38755,99	38990,61	38723,49	38761,04	LONG	0,00167	5981,87	0,00451	HOLD	98,2349	152,9461
2022-03-15	14:00	38761,03	38768	38098,33	38439,5	LONG	0,00167	5981,87	0,00451	HOLD	98,2349	152,4091
2022-03-15	15:00	38439,5	38477	38254,35	38362,15	LONG	0,00167	5981,87	0,00451	HOLD	98,2349	152,2799
2022-03-15	16:00	38362,14	38690	38300,01	38581,61	LONG	0,00167	5981,87	0,00451	HOLD	98,2349	152,6464
2022-03-15	17:00	38579,98	38730,88	38555,83	38663,58	LONG	0,00167	5981,87	0,00451	HOLD	98,2349	152,7833
2022-03-15	18:00	38663,58	38786,74	38600	38645,01	LONG	0,00167	5981,87	0,00451	HOLD	98,2349	152,7523
2022-03-15	19:00	38645,01	38940	38580,5	38857,07	LONG	0,00167	5981,87	0,00451	HOLD	98,2349	153,1064
2022-03-15	20:00	38857,06	38936,14	38465,7	38717,01	LONG	0,00167	5981,87	0,00451	HOLD	98,2349	152,8725
2022-03-15	21:00	38717,01	39188,13	38660	39033,47	LONG	0,00167	5981,87	0,00451	HOLD	98,2349	153,401
2022-03-15	22:00	39033,47	39270,24	38928,19	39017,11	LONG	0,00167	5981,87	0,00451	HOLD	98,2349	153,3737
2022-03-15	23:00	39017,11	39400	38926,15	39171	LONG	0,00167	5981,87	0,00451	HOLD	98,2349	153,6307
2022-03-16	00:00	39171,01	39359,57	39083,84	39296,21	LONG	0,00167	5981,87	0,00451	HOLD	98,2349	153,8398
2022-03-16	01:00	39296,2	39526,99	39182,99	39404,9	LONG	0,00167	5981,87	0,00451	HOLD	98,2349	154,0213
2022-03-16	02:00	39404,9	39805,43	39395	39735,71	LONG	0,00167	5981,87	0,00451	HOLD	98,2349	154,5738
2022-03-16	03:00	39735,71	39863,42	39377,71	39432,05	LONG	0,00167	5981,87	0,00451	HOLD	98,2349	154,0667
2022-03-16	04:00	39432,05	39655,63	39280,92	39653	LONG	0,00167	5981,87	0,00451	HOLD	98,2349	154,4357
2022-03-16	05:00	39652,99	39887,61	39400,08	39467,01	LONG	0,00167	5981,87	0,00451	HOLD	98,2349	154,125
2022-03-16	06:00	39467,01	39547,99	39232,61	39280,33	LONG	0,00167	5981,87	0,00451	HOLD	98,2349	153,8133
2022-03-16	07:00	39280,33	39430	39119,62	39169,82	LONG	0,00167	5981,87	0,00451	HOLD	98,2349	153,6287
2022-03-16	08:00	39169,82	39625	39088	39512,48	LONG	0,00167	5981,87	0,00451	HOLD	98,2349	154,201
2022-03-16	09:00	39512,49	41718	39473,01	40866,06	LONG	0,00167	5981,87	0,00451	HOLD	98,2349	156,4615
2022-03-16	10:00	40866,06	40939,77	38828,48	39160	LONG	0,00167	5981,87	0,00451	HOLD	98,2349	153,6123
2022-03-16	11:00	39160	39214,94	38911	39113,85	LONG	0,00167	5981,87	0,00451	HOLD	98,2349	153,5353
2022-03-16	12:00	39113,84	39494,08	38976,87	39321,24	LONG	0,00167	5981,87	0,00451	HOLD	98,2349	153,8816
2022-03-16	13:00	39321,24	39599,26	39257,89	39588,15	LONG	0,00167	5981,87	0,00451	HOLD	98,2349	154,3274
2022-03-16	14:00	39588,15	39676,65	39354,15	39581	LONG	0,00167	5981,87	0,00451	HOLD	98,2349	154,3154
2022-03-16	15:00	39581,01	40483,78	39563,63	40309,99	LONG	0,00167	5981,87	0,00451	HOLD	98,2349	155,5328
2022-03-16	16:00	40309,99	40731,3	40230,09	40507,25	LONG	0,00167	5981,87	0,00451	HOLD	98,2349	155,8622
2022-03-16	17:00	40507,24	40664,97	40163,26	40307,89	LONG	0,00167	5981,87	0,00451	HOLD	98,2349	155,5293
2022-03-16	18:00	40307,89	40680,64	40225,92	40521,6	LONG	0,00167	5981,87	0,00451	HOLD	98,2349	155,8862
2022-03-16	19:00	40521,6	40695,8	40343,01	40360,41	LONG	0,00167	5981,87	0,00451	HOLD	98,2349	155,617
2022-03-16	20:00	40360,4	40664,96	40252,06	40633,84	LONG	0,00167	5981,87	0,00451	HOLD	98,2349	156,0737
2022-03-16	21:00	40633,83	41194,6	40375,92	40818,21	LONG	0,00167	5981,87	0,00451	HOLD	98,2349	156,3816
2022-03-16	22:00	40818,2	40884,14	40514,15	40611,67	LONG	0,00167	5981,87	0,00451	HOLD	98,2349	156,0366
2022-03-16	23:00	40611,67	40761,55	40041,4	40301	LONG	0,00167	5981,87	0,00451	HOLD	98,2349	155,5178
2022-03-17	00:00	40301,01	40690	40064,11	40426,71	LONG	0,00167	5981,87	0,00451	HOLD	98,2349	155,7277
2022-03-17	01:00	40426,7	40567,53	39311,53	39930,5	LONG	0,00167	5981,87	0,00451	HOLD	98,2349	154,8991
2022-03-17	02:00	39931,07	40950	39821,74	40880,17	LONG	0,00167	5981,87	0,00451	HOLD	98,2349	156,485
2022-03-17	03:00	40880,17	41471,36	40766,19	41246	LONG	0,00167	5981,87	0,00451	HOLD	98,2349	157,096
2022-03-17	04:00	41245,99	41399,68	40934	41102,42	LONG	0,00167	5981,87	0,00451	HOLD	98,2349	156,8562
2022-03-17	05:00	41102,41	41214,36	40863,09	40882,99	LONG	0,00167	5981,87	0,00451	HOLD	98,2349	156,4897
2022-03-17	06:00	40882,99	41199,99	40780	41114	LONG	0,00167	5981,87	0,00451	HOLD	98,2349	156,8755
2022-03-17	07:00	41114,01	41164,78	40860	41016,83	LONG	0,00167	5981,87	0,00451	HOLD	98,2349	156,7132
2022-03-17	08:00	41016,82	41310	40820	41213,81	LONG	0,00167	5981,87	0,00451	HOLD	98,2349	157,0422
2022-03-17	09:00	41213,8	41393,01	40902,42	41120,15	LONG	0,00167	5981,87	0,00451	HOLD	98,2349	156,8858
2022-03-17	10:00	41120,15	41166,92	40971,4	41014,71	LONG	0,00167	5981,87	0,00451	HOLD	98,2349	156,7097
2022-03-17	11:00	41014,71	41371,14	40903,28	41340,94	LONG	0,00167	5981,87	0,00451	HOLD	98,2349	157,2545
2022-03-17	12:00	41340,94	41478,82	41010,6	41062,31	LONG	0,00167	5981,87	0,00451	HOLD	98,2349	156,7892
2022-03-17	13:00	41062,3	41102,98	40608	40760,01	LONG	0,00167	5981,87	0,00451	HOLD	98,2349	156,2844
2022-03-17	14:00	40760,01	40918,8	40543,52	40726,05	LONG	0,00167	5981,87	0,00451	HOLD	98,2349	156,2276
2022-03-17	15:00	40726,06	40899,92	40679,71	40811,95	LONG	0,00167	5981,87	0,00451	HOLD	98,2349	156,3711
2022-03-17	16:00	40811,95	40888	40701	40821	LONG	0,00167	5981,87	0,00451	HOLD	98,2349	156,3862
2022-03-17	17:00	40821	40841,78	40500	40723,08	LONG	0,00167	5981,87	0,00451	HOLD	98,2349	156,2227
2022-03-17	18:00	40723,08	40812,73	40632,29	40748,51	LONG	0,00167	5981,87	0,00451	HOLD	98,2349	156,2652
2022-03-17	19:00	40748,5	41233,27	40704,89	41038,8	LONG	0,00167	5981,87	0,00451	HOLD	98,2349	156,7499
2022-03-17	20:00	41038,8	41170,99	40822,02	41114	LONG	0,00167	5981,87	0,00451	HOLD	98,2349	156,8755
2022-03-17	21:00	41114,01	41162,46	40762,47	40822,99	LONG	0,00167	5981,87	0,00451	HOLD	98,2349	156,3895
2022-03-17	22:00	40823	41018,43	40750	40798,56	LONG	0,00167	5981,87	0,00451	HOLD	98,2349	156,3487
2022-03-17	23:00	40798,56	40890,11	40619,57	40800,05	LONG	0,00167	5981,87	0,00451	HOLD	98,2349	156,3512
2022-03-18	00:00	40800,05	40837,24	40565,39	40776,38	LONG	0,00167	5981,87	0,00451	HOLD	98,2349	156,3117
2022-03-18	01:00	40776,38	40874,99	40743,42	40805,01	LONG	0,00167	5981,87	0,00451	HOLD	98,2349	156,3595
2022-03-18	02:00	40805,01	40878,96	40741,4	40871,85	LONG	0,00167	5981,87	0,00451	HOLD	98,2349	156,4711
2022-03-18	03:00	40871,86	40879,31	40639,77	40696,52	LONG	0,00167	5981,87	0,00451	HOLD	98,2349	156,1783
2022-03-18	04:00	40696,53	41000,13	40673,7	41000,01	LONG	0,00167	5981,87	0,00451	HOLD	98,2349	156,6852
2022-03-18	05:00	41000,01	41068,9	40865,71	40987,83	LONG	0,00167	5981,87	0,00451	HOLD	98,2349	156,6648
2022-03-18	06:00	40987,84	41000	40884,79	40917,9	LONG	0,00167	5981,87	0,00451	HOLD	98,2349	156,548
2022-03-18	07:00	40917,89	40933,11	40215,59	40335,84	LONG	0,00167	5981,87	0,00451	HOLD	98,2349	155,576
2022-03-18	08:00	40335,84	40549,67	40258,39	40541,74	LONG	0,00167	5981,87	0,00451	HOLD	98,2349	155,9198
2022-03-18	09:00	40541,73	40624,99	40430,5	40511	LONG	0,00167	5981,87	0,00451	HOLD	98,2349	155,8685
2022-03-18	10:00	40511,01	40581,94	40428,06	40522,19	LONG	0,00167	5981,87	0,00451	HOLD	98,2349	155,8872
2022-03-18	11:00	40522,18	40640,07	40432,35	40618,2	LONG	0,00167	5981,87	0,00451	HOLD	98,2349	156,0475
2022-03-18	12:00	40618,21	40897	40618,2	40757,01	LONG	0,00167	5981,87	0,00451	HOLD	98,2349	156,2793
2022-03-18	13:00	40757,01	40838	40709,78	40742,92	LONG	0,00167	5981,87	0,00451	HOLD	98,2349	156,2558
2022-03-18	14:00	40742,92	40795	40552,74	40570,67	LONG	0,00167	5981,87	0,00451	HOLD	98,2349	155,9682
2022-03-18	15:00	40570,67	40750	40453,92	40604,45	LONG	0,00167	5981,87	0,00451	HOLD	98,2349	156,0246
2022-03-18	16:00	40604,45	40633,63	40452,08	40505,61	LONG	0,00167	5981,87	0,00451	HOLD	98,2349	155,8595
2022-03-18	17:00	40505,62	40637,54	40334,14	40370,63	LONG	0,00167	5981,87	0,00451	HOLD	98,2349	155,6341
2022-03-18	18:00	40370,62	40445	40135,04	40390,41	LONG	0,00167	5981,87	0,00451	HOLD	98,2349	155,6671
2022-03-18	19:00	40390,4	40583,81	40343,46	40445	LONG	0,00167	5981,87	0,00451	HOLD	98,2349	155,7583
2022-03-18	20:00	40445	40615,79	40300	40591,9	LONG	0,00167	5981,87	0,00451	HOLD	98,2349	156,0036
2022-03-18	21:00	40591,91	40800	40442	40566,35	LONG	0,00167	5981,87	0,00451	HOLD	98,2349	155,9609
2022-03-18	22:00	40566,35	41072,96	40542,87	40931,08	LONG	0,00167	5981,87	0,00451	HOLD	98,2349	156,57
2022-03-18	23:00	40931,08	41472,44	40904,98	41409,65	LONG	0,00167	5981,87	0,00451	HOLD	98,2349	157,3693
2022-03-19	00:00	41409,65	41698,47	41353,41	41661,86	LONG	0,00167	5981,87	0,00451	HOLD	98,2349	157,7904
2022-03-19	01:00	41661,87	41850	41594,45	41693,03	LONG	0,00167	5981,87	0,00451	HOLD	98,2349	157,8425
2022-03-19	02:00	41693,04	42063,97	41640,92	42042,72	LONG	0,00167	5981,87	0,00451	HOLD	98,2349	158,4265
2022-03-19	03:00	42042,71	42325,02	41699,46	41720,01	LONG	0,00167	5981,87	0,00451	HOLD	98,2349	157,8876
2022-03-19	04:00	41720	41871,49	41625,36	41804,08	LONG	0,00167	5981,87	0,00451	HOLD	98,2349	158,028
2022-03-19	05:00	41804,09	41862,16	41633	41687,15	LONG	0,00167	5981,87	0,00451	HOLD	98,2349	157,8327
2022-03-19	06:00	41687,15	41879,67	41682,12	41757,51	LONG	0,00167	5981,87	0,00451	HOLD	98,2349	157,9502
2022-03-19	07:00	41757,51	42000	41748,03	41867,49	LONG	0,00167	5981,87	0,00451	HOLD	98,2349	158,1339
2022-03-19	08:00	41867,49	41942,54	41682,05	41719,11	LONG	0,00167	5981,87	0,00451	HOLD	98,2349	157,8861
2022-03-19	09:00	41719,12	41788,99	41659,69	41766,33	LONG	0,00167	5981,87	0,00451	HOLD	98,2349	157,9649
2022-03-19	10:00	41766,32	41830	41499,29	41793,66	LONG	0,00167	5981,87	0,00451	HOLD	98,2349	158,0106
2022-03-19	11:00	41793,65	41944,64	41672,56	41798,8	LONG	0,00167	5981,87	0,00451	HOLD	98,2349	158,0191
2022-03-19	12:00	41798,81	41832,58	41723,19	41737,21	LONG	0,00167	5981,87	0,00451	HOLD	98,2349	157,9163
2022-03-19	13:00	41737,2	41790,78	41707,27	41757,78	LONG	0,00167	5981,87	0,00451	HOLD	98,2349	157,9506
2022-03-19	14:00	41757,78	41757,8	41535,22	41610	LONG	0,00167	5981,87	0,00451	HOLD	98,2349	157,7038
2022-03-19	15:00	41609,99	41737,68	41575,06	41700,01	LONG	0,00167	5981,87	0,00451	HOLD	98,2349	157,8542
2022-03-19	16:00	41700	41756,63	41654	41667,16	LONG	0,00167	5981,87	0,00451	HOLD	98,2349	157,7993
2022-03-19	17:00	41667,16	41708,5	41591,83	41680,91	LONG	0,00167	5981,87	0,00451	HOLD	98,2349	157,8223
2022-03-19	18:00	41680,92	41791,52	41631,98	41721,78	LONG	0,00167	5981,87	0,00451	HOLD	98,2349	157,8905
2022-03-19	19:00	41721,78	41853,86	41667,05	41849,06	LONG	0,00167	5981,87	0,00451	HOLD	98,2349	158,1031
2022-03-19	20:00	41849,05	41932	41692,8	41730,94	LONG	0,00167	5981,87	0,00451	HOLD	98,2349	157,9058
2022-03-19	21:00	41730,95	41836,04	41652,9	41826,54	LONG	0,00167	5981,87	0,00451	HOLD	98,2349	158,0655
2022-03-19	22:00	41825,89	42085,62	41760	41937,68	LONG	0,00167	5981,87	0,00451	HOLD	98,2349	158,2511
2022-03-19	23:00	41937,68	42163,5	41838,29	41976,86	LONG	0,00167	5981,87	0,00451	HOLD	98,2349	158,3165
2022-03-20	00:00	41976,86	42000	41802,02	41889,42	LONG	0,00167	5981,87	0,00451	HOLD	98,2349	158,1705
2022-03-20	01:00	41889,41	42044,58	41824,59	42010	LONG	0,00167	5981,87	0,00451	HOLD	98,2349	158,3718
2022-03-20	02:00	42010	42092,49	41912	42034,88	LONG	0,00167	5981,87	0,00451	HOLD	98,2349	158,4134
2022-03-20	03:00	42034,87	42400	41895,98	42191,28	LONG	0,00167	5981,87	0,00451	HOLD	98,2349	158,6746
2022-03-20	04:00	42191,28	42359,15	42096,09	42115,73	LONG	0,00167	5981,87	0,00451	HOLD	98,2349	158,5484
2022-03-20	05:00	42115,73	42145,31	41715,43	41954,53	LONG	0,00167	5981,87	0,00451	HOLD	98,2349	158,2792
2022-03-20	06:00	41954,52	42296,38	41916,02	42201,13	LONG	0,00167	5981,87	0,00451	HOLD	98,2349	158,691
2022-03-20	07:00	42201,13	42296,26	41927,12	42037,1	LONG	0,00167	5981,87	0,00451	HOLD	98,2349	158,4171
2022-03-20	08:00	42037,1	42078,02	41794,59	41965,16	LONG	0,00167	5981,87	0,00451	HOLD	98,2349	158,297
2022-03-20	09:00	41965,15	42046,99	41770,38	41814,99	LONG	0,00167	5981,87	0,00451	HOLD	98,2349	158,0462
2022-03-20	10:00	41815	41979,26	41814,63	41942,34	LONG	0,00167	5981,87	0,00451	HOLD	98,2349	158,2589
2022-03-20	11:00	41941,99	41972,14	41829,37	41849,37	LONG	0,00167	5981,87	0,00451	HOLD	98,2349	158,1036
2022-03-20	12:00	41849,37	41941,89	41751,99	41897,05	LONG	0,00167	5981,87	0,00451	HOLD	98,2349	158,1832
2022-03-20	13:00	41897,05	42007,99	41843,89	41894,9	LONG	0,00167	5981,87	0,00451	HOLD	98,2349	158,1796
2022-03-20	14:00	41894,9	41967,3	41783	41863,99	LONG	0,00167	5981,87	0,00451	HOLD	98,2349	158,128
2022-03-20	15:00	41863,99	41937,99	41810	41860,91	LONG	0,00167	5981,87	0,00451	HOLD	98,2349	158,1229
2022-03-20	16:00	41860,91	41878,72	41575	41765,22	LONG	0,00167	5981,87	0,00451	HOLD	98,2349	157,9631
2022-03-20	17:00	41765,22	41833,25	41643,49	41760,68	LONG	0,00167	5981,87	0,00451	HOLD	98,2349	157,9555
2022-03-20	18:00	41760,68	41815,4	41586,85	41586,86	LONG	0,00167	5981,87	0,00451	HOLD	98,2349	157,6652
2022-03-20	19:00	41586,85	41699	41319,13	41632,99	LONG	0,00167	5981,87	0,00451	HOLD	98,2349	157,7422
2022-03-20	20:00	41633	41676,44	41427,47	41485,48	LONG	0,00167	5981,87	0,00451	HOLD	98,2349	157,4959
2022-03-20	21:00	41485,47	41672,64	41354,54	41426,71	LONG	0,00167	5981,87	0,00451	HOLD	98,2349	157,3977
2022-03-20	22:00	41426,7	41554,39	41252,67	41340,3	LONG	0,00167	5981,87	0,00451	HOLD	98,2349	157,2534
2022-03-20	23:00	41340,3	41502,83	41216	41297	LONG	0,00167	5981,87	0,00451	HOLD	98,2349	157,1811
2022-03-21	00:00	41297,01	41336,86	40911	41033,01	LONG	0,00167	5981,87	0,00451	HOLD	98,2349	156,7403
2022-03-21	01:00	41033	41237	40938,67	41231	LONG	0,00167	5981,87	0,00451	HOLD	98,2349	157,0709
2022-03-21	02:00	41229,99	41412,32	41145,48	41379,03	LONG	0,00167	5981,87	0,00451	HOLD	98,2349	157,3181
2022-03-21	03:00	41379,03	41677,65	41232,81	41283,14	LONG	0,00167	5981,87	0,00451	HOLD	98,2349	157,158
2022-03-21	04:00	41283,15	41412,01	41092,02	41358,83	LONG	0,00167	5981,87	0,00451	HOLD	98,2349	157,2844
2022-03-21	05:00	41358,83	41436	41124,54	41435,99	LONG	0,00167	5981,87	0,00451	HOLD	98,2349	157,4132
2022-03-21	06:00	41436	41440	41153	41262,11	LONG	0,00167	5981,87	0,00451	HOLD	98,2349	157,1229
2022-03-21	07:00	41262,11	41421,62	41173,59	41416,99	LONG	0,00167	5981,87	0,00451	HOLD	98,2349	157,3815
2022-03-21	08:00	41416,99	41451,51	41171,99	41226	LONG	0,00167	5981,87	0,00451	HOLD	98,2349	157,0626
2022-03-21	09:00	41226	41281,3	40467,94	40805,68	LONG	0,00167	5981,87	0,00451	HOLD	98,2349	156,3606
2022-03-21	10:00	40804,84	40979,31	40693,4	40832,93	LONG	0,00167	5981,87	0,00451	HOLD	98,2349	156,4061
2022-03-21	11:00	40832,93	40920,4	40714,81	40864,28	LONG	0,00167	5981,87	0,00451	HOLD	98,2349	156,4585
2022-03-21	12:00	40864,28	40965,69	40834,07	40945,18	LONG	0,00167	5981,87	0,00451	HOLD	98,2349	156,5936
2022-03-21	13:00	40945,19	41087	40764,77	40846,04	LONG	0,00167	5981,87	0,00451	HOLD	98,2349	156,428
2022-03-21	14:00	40846,05	41136,17	40771,23	41102,01	LONG	0,00167	5981,87	0,00451	HOLD	98,2349	156,8555
2022-03-21	15:00	41102	41356,18	41092,79	41154,08	LONG	0,00167	5981,87	0,00451	HOLD	98,2349	156,9425
2022-03-21	16:00	41154,07	41358,03	41084,01	41330,38	LONG	0,00167	5981,87	0,00451	HOLD	98,2349	157,2369
2022-03-21	17:00	41330,38	41442,7	41264,69	41332,32	LONG	0,00167	5981,87	0,00451	HOLD	98,2349	157,2401
2022-03-21	18:00	41332,32	41492,14	41178,25	41244,28	LONG	0,00167	5981,87	0,00451	HOLD	98,2349	157,0931
2022-03-21	19:00	41244,27	41321,68	40915	41222,5	LONG	0,00167	5981,87	0,00451	HOLD	98,2349	157,0567
2022-03-21	20:00	41222,5	41544,22	41092,8	41104,03	LONG	0,00167	5981,87	0,00451	HOLD	98,2349	156,8589
2022-03-21	21:00	41104,03	41196,75	40738,48	41032,99	LONG	0,00167	5981,87	0,00451	HOLD	98,2349	156,7402
2022-03-21	22:00	41033	41249,81	40898,77	41224,48	LONG	0,00167	5981,87	0,00451	HOLD	98,2349	157,06
2022-03-21	23:00	41224,48	41240,31	40779,38	40788,71	LONG	0,00167	5981,87	0,00451	HOLD	98,2349	156,3323
2022-03-22	00:00	40788,72	41072,69	40759,18	41056,4	LONG	0,00167	5981,87	0,00451	HOLD	98,2349	156,7793
2022-03-22	01:00	41056,4	41160	40937	40938,71	LONG	0,00167	5981,87	0,00451	HOLD	98,2349	156,5828
2022-03-22	02:00	40938,7	41197,5	40863,54	41180,55	LONG	0,00167	5981,87	0,00451	HOLD	98,2349	156,9867
2022-03-22	03:00	41180,54	41271,4	41119,8	41120,01	LONG	0,00167	5981,87	0,00451	HOLD	98,2349	156,8856
2022-03-22	04:00	41120	41315,77	41060,61	41305,52	LONG	0,00167	5981,87	0,00451	HOLD	98,2349	157,1954
2022-03-22	05:00	41305,53	41370	41120	41120,01	LONG	0,00167	5981,87	0,00451	HOLD	98,2349	156,8856
2022-03-22	06:00	41120,01	41165,86	40950	41002,25	LONG	0,00167	5981,87	0,00451	HOLD	98,2349	156,6889
2022-03-22	07:00	41002,26	41173,6	40875,51	41133,83	LONG	0,00167	5981,87	0,00451	HOLD	98,2349	156,9086
2022-03-22	08:00	41133,82	41189,32	41035,2	41180,69	LONG	0,00167	5981,87	0,00451	HOLD	98,2349	156,9869
2022-03-22	09:00	41180,69	42007,48	41154,28	41841,09	LONG	0,00167	5981,87	0,00451	HOLD	98,2349	158,0898
2022-03-22	10:00	41841,09	42497	41841,09	42236,46	LONG	0,00167	5981,87	0,00451	HOLD	98,2349	158,75
2022-03-22	11:00	42236,46	43361	42236,46	42989,52	LONG	0,00167	5981,87	0,00451	HOLD	98,2349	160,0076
2022-03-22	12:00	42989,53	43099,68	42812,22	42850	LONG	0,00167	5981,87	0,00451	HOLD	98,2349	159,7746
2022-03-22	13:00	42850	42871,66	41995,01	42247,99	LONG	0,00167	5981,87	0,00451	HOLD	98,2349	158,7693
2022-03-22	14:00	42248	42384,2	42176,29	42215,94	LONG	0,00167	5981,87	0,00451	HOLD	98,2349	158,7158
2022-03-22	15:00	42215,95	42700,61	42085,74	42548	LONG	0,00167	5981,87	0,00451	HOLD	98,2349	159,2703
2022-03-22	16:00	42548	42597,86	42388	42460,99	LONG	0,00167	5981,87	0,00451	HOLD	98,2349	159,125
2022-03-22	17:00	42461	42916,55	42445,92	42829,67	LONG	0,00167	5981,87	0,00451	HOLD	98,2349	159,7407
2022-03-22	18:00	42829,68	43030,2	42761,74	42983	LONG	0,00167	5981,87	0,00451	HOLD	98,2349	159,9968
2022-03-22	19:00	42983	43085	42745,85	42950,41	LONG	0,00167	5981,87	0,00451	HOLD	98,2349	159,9423
2022-03-22	20:00	42950,41	43024,08	42681,29	42826,15	LONG	0,00167	5981,87	0,00451	HOLD	98,2349	159,7348
2022-03-22	21:00	42826,32	43199	42731,59	42760,66	LONG	0,00167	5981,87	0,00451	HOLD	98,2349	159,6254
2022-03-22	22:00	42760,66	42788	42561,28	42573,81	LONG	0,00167	5981,87	0,00451	HOLD	98,2349	159,3134
2022-03-22	23:00	42573,8	42700	42453,7	42515	LONG	0,00167	5981,87	0,00451	HOLD	98,2349	159,2152
2022-03-23	00:00	42515	42627,48	42477,73	42616,99	LONG	0,00167	5981,87	0,00451	HOLD	98,2349	159,3855
2022-03-23	01:00	42616,98	42624,58	42484,67	42563,33	LONG	0,00167	5981,87	0,00451	HOLD	98,2349	159,2959
2022-03-23	02:00	42563,33	42711,37	42263,01	42284,41	LONG	0,00167	5981,87	0,00451	HOLD	98,2349	158,8301
2022-03-23	03:00	42284,4	42629	42263,01	42588,59	LONG	0,00167	5981,87	0,00451	HOLD	98,2349	159,3381
2022-03-23	04:00	42588,58	42872,17	42565,22	42833,03	LONG	0,00167	5981,87	0,00451	HOLD	98,2349	159,7463
2022-03-23	05:00	42833,04	42833,04	42470,35	42529,15	LONG	0,00167	5981,87	0,00451	HOLD	98,2349	159,2388
2022-03-23	06:00	42529,15	42533,12	42258,68	42364,13	LONG	0,00167	5981,87	0,00451	HOLD	98,2349	158,9632
2022-03-23	07:00	42364,13	42492,15	42274,93	42402,56	LONG	0,00167	5981,87	0,00451	HOLD	98,2349	159,0274
2022-03-23	08:00	42402,55	42402,56	41884	42322,66	LONG	0,00167	5981,87	0,00451	HOLD	98,2349	158,894
2022-03-23	09:00	42322,66	42529,99	42246,55	42324,96	LONG	0,00167	5981,87	0,00451	HOLD	98,2349	158,8978
2022-03-23	10:00	42324,95	42364,52	42049,96	42073,94	LONG	0,00167	5981,87	0,00451	HOLD	98,2349	158,4786
2022-03-23	11:00	42073,93	42196,71	41751,47	41944,35	LONG	0,00167	5981,87	0,00451	HOLD	98,2349	158,2622
2022-03-23	12:00	41944,35	42068,15	41782,1	42021,36	LONG	0,00167	5981,87	0,00451	HOLD	98,2349	158,3908
2022-03-23	13:00	42021,35	42255,4	41954,34	42232,31	LONG	0,00167	5981,87	0,00451	HOLD	98,2349	158,7431
2022-03-23	14:00	42232,3	42259,38	42033,1	42107,74	LONG	0,00167	5981,87	0,00451	HOLD	98,2349	158,5351
2022-03-23	15:00	42107,73	42345,32	41980,87	42229,43	LONG	0,00167	5981,87	0,00451	HOLD	98,2349	158,7383
2022-03-23	16:00	42229,42	42300	41994,69	42166,63	LONG	0,00167	5981,87	0,00451	HOLD	98,2349	158,6334
2022-03-23	17:00	42166,63	42273,57	42099,97	42156,52	LONG	0,00167	5981,87	0,00451	HOLD	98,2349	158,6165
2022-03-23	18:00	42156,52	42186,07	41878,82	42039,78	LONG	0,00167	5981,87	0,00451	HOLD	98,2349	158,4216
2022-03-23	19:00	42039,77	42438,71	41881	42359,04	LONG	0,00167	5981,87	0,00451	HOLD	98,2349	158,9547
2022-03-23	20:00	42359,04	42450	41976,87	42020,98	LONG	0,00167	5981,87	0,00451	HOLD	98,2349	158,3902
2022-03-23	21:00	42020,99	42400,01	41969	42392,81	LONG	0,00167	5981,87	0,00451	HOLD	98,2349	159,0111
2022-03-23	22:00	42392,81	42737,39	42302,81	42618,18	LONG	0,00167	5981,87	0,00451	HOLD	98,2349	159,3875
2022-03-23	23:00	42618,18	42775,1	42483,36	42580,51	LONG	0,00167	5981,87	0,00451	HOLD	98,2349	159,3246
2022-03-24	00:00	42580,5	42602,22	42059	42160,33	LONG	0,00167	5981,87	0,00451	HOLD	98,2349	158,6229
2022-03-24	01:00	42160,33	42224,16	42050,37	42087,94	LONG	0,00167	5981,87	0,00451	HOLD	98,2349	158,502
2022-03-24	02:00	42087,94	42353,5	42070,91	42216,79	LONG	0,00167	5981,87	0,00451	HOLD	98,2349	158,7172
2022-03-24	03:00	42216,79	42407,67	42189,73	42349,72	LONG	0,00167	5981,87	0,00451	HOLD	98,2349	158,9392
2022-03-24	04:00	42349,72	42410	42250,8	42385,37	LONG	0,00167	5981,87	0,00451	HOLD	98,2349	158,9987
2022-03-24	05:00	42385,37	42555,99	42335,12	42488,67	LONG	0,00167	5981,87	0,00451	HOLD	98,2349	159,1712
2022-03-24	06:00	42488,66	43025,96	42398,98	42882,76	LONG	0,00167	5981,87	0,00451	HOLD	98,2349	159,8294
2022-03-24	07:00	42882,76	43276,12	42757,17	43034,72	LONG	0,00167	5981,87	0,00451	HOLD	98,2349	160,0831
2022-03-24	08:00	43034,73	43103,76	42700	42827,45	LONG	0,00167	5981,87	0,00451	HOLD	98,2349	159,737
2022-03-24	09:00	42827,45	42967,45	42650	42952,53	LONG	0,00167	5981,87	0,00451	HOLD	98,2349	159,9459
2022-03-24	10:00	42952,54	42963,86	42679,01	42712,87	LONG	0,00167	5981,87	0,00451	HOLD	98,2349	159,5456
2022-03-24	11:00	42712,87	42951,29	42712,87	42901,03	LONG	0,00167	5981,87	0,00451	HOLD	98,2349	159,8599
2022-03-24	12:00	42901,04	43045	42782,01	43012,49	LONG	0,00167	5981,87	0,00451	HOLD	98,2349	160,046
2022-03-24	13:00	43012,5	43478	42984,86	43198,4	LONG	0,00167	5981,87	0,00451	HOLD	98,2349	160,3565
2022-03-24	14:00	43198,41	43229,27	42900	43077,74	LONG	0,00167	5981,87	0,00451	HOLD	98,2349	160,155
2022-03-24	15:00	43077,75	43167,58	42975,56	43049,54	LONG	0,00167	5981,87	0,00451	HOLD	98,2349	160,1079
2022-03-24	16:00	43049,54	43220	42840,92	43021,01	LONG	0,00167	5981,87	0,00451	HOLD	98,2349	160,0602
2022-03-24	17:00	43021,01	43101,76	42921	43002,96	LONG	0,00167	5981,87	0,00451	HOLD	98,2349	160,0301
2022-03-24	18:00	43002,96	43084,38	42867,33	42968,42	LONG	0,00167	5981,87	0,00451	HOLD	98,2349	159,9724
2022-03-24	19:00	42968,42	43072,59	42741,02	42810,84	LONG	0,00167	5981,87	0,00451	HOLD	98,2349	159,7092
2022-03-24	20:00	42810,84	43064,07	42560,46	42984,86	LONG	0,00167	5981,87	0,00451	HOLD	98,2349	159,9999
2022-03-24	21:00	42984,85	43595,01	42889,08	43582,11	LONG	0,00167	5981,87	0,00451	HOLD	98,2349	160,9973
2022-03-24	22:00	43582,11	44036,93	43468,63	44000,01	LONG	0,00167	5981,87	0,00451	HOLD	98,2349	161,6952
2022-03-24	23:00	44000	44186,78	43842,04	44002,19	LONG	0,00167	5981,87	0,00451	HOLD	98,2349	161,6988
2022-03-25	00:00	44002,19	44220,89	43803	43815,11	LONG	0,00167	5981,87	0,00451	HOLD	98,2349	161,3864
2022-03-25	01:00	43815,1	43995	43757,1	43993,17	LONG	0,00167	5981,87	0,00451	HOLD	98,2349	161,6837
2022-03-25	02:00	43993,18	44077,55	43880,53	43908,3	LONG	0,00167	5981,87	0,00451	HOLD	98,2349	161,542
2022-03-25	03:00	43908,31	43943,88	43818,02	43869,99	LONG	0,00167	5981,87	0,00451	HOLD	98,2349	161,478
2022-03-25	04:00	43869,99	44083,85	43807,27	44031,77	LONG	0,00167	5981,87	0,00451	HOLD	98,2349	161,7482
2022-03-25	05:00	44031,76	44100	43901,6	43949,01	LONG	0,00167	5981,87	0,00451	HOLD	98,2349	161,61
2022-03-25	06:00	43948,74	44005,68	43870,5	43991,46	LONG	0,00167	5981,87	0,00451	HOLD	98,2349	161,6809
2022-03-25	07:00	43991,46	44017,76	43854,38	43970	LONG	0,00167	5981,87	0,00451	HOLD	98,2349	161,645
2022-03-25	08:00	43970,01	44398,53	43940,7	44130,75	LONG	0,00167	5981,87	0,00451	HOLD	98,2349	161,9135
2022-03-25	09:00	44130,76	44158,99	43877,31	43946,79	LONG	0,00167	5981,87	0,00451	HOLD	98,2349	161,6063
2022-03-25	10:00	43946,8	43995,73	43870	43968,16	LONG	0,00167	5981,87	0,00451	HOLD	98,2349	161,642
2022-03-25	11:00	43968,17	44096,79	43904,94	44096,78	LONG	0,00167	5981,87	0,00451	HOLD	98,2349	161,8568
2022-03-25	12:00	44096,79	44104,92	43992	44074,21	LONG	0,00167	5981,87	0,00451	HOLD	98,2349	161,8191
2022-03-25	13:00	44074,22	44200	43963,82	44099,9	LONG	0,00167	5981,87	0,00451	HOLD	98,2349	161,862
2022-03-25	14:00	44099,9	44187,95	43901,1	43904,97	LONG	0,00167	5981,87	0,00451	HOLD	98,2349	161,5364
2022-03-25	15:00	43904,97	44076,83	43579	44000,67	LONG	0,00167	5981,87	0,00451	HOLD	98,2349	161,6963
2022-03-25	16:00	44000,67	44164,78	43902,56	44120	LONG	0,00167	5981,87	0,00451	HOLD	98,2349	161,8955
2022-03-25	17:00	44119,99	44317,29	44065,57	44233,28	LONG	0,00167	5981,87	0,00451	HOLD	98,2349	162,0847
2022-03-25	18:00	44233,29	44664,2	44201,32	44585,28	LONG	0,00167	5981,87	0,00451	HOLD	98,2349	162,6726
2022-03-25	19:00	44585,28	44916,7	44450,84	44835,23	LONG	0,00167	5981,87	0,00451	HOLD	98,2349	163,09
2022-03-25	20:00	44835,24	45050	44700,19	44980,18	LONG	0,00167	5981,87	0,00451	HOLD	98,2349	163,332
2022-03-25	21:00	44980,18	45094,14	44663,36	44865,46	LONG	0,00167	5981,87	0,00451	HOLD	98,2349	163,1405
2022-03-25	22:00	44865,45	44882	44187,69	44318,21	LONG	0,00167	5981,87	0,00451	HOLD	98,2349	162,2266
2022-03-25	23:00	44318,21	44596,29	44141,66	44150	LONG	0,00167	5981,87	0,00451	HOLD	98,2349	161,9456
2022-03-26	00:00	44150	44343,09	44013,11	44328,42	LONG	0,00167	5981,87	0,00451	HOLD	98,2349	162,2436
2022-03-26	01:00	44328,43	44517,27	44297,44	44459,22	LONG	0,00167	5981,87	0,00451	HOLD	98,2349	162,462
2022-03-26	02:00	44459,22	44470,86	44164,97	44444,95	LONG	0,00167	5981,87	0,00451	HOLD	98,2349	162,4382
2022-03-26	03:00	44444,94	44646,06	44358,21	44550,51	LONG	0,00167	5981,87	0,00451	HOLD	98,2349	162,6145
2022-03-26	04:00	44550,5	44550,51	44408	44525,36	LONG	0,00167	5981,87	0,00451	HOLD	98,2349	162,5725
2022-03-26	05:00	44525,35	44525,36	44264,33	44299,5	LONG	0,00167	5981,87	0,00451	HOLD	98,2349	162,1953
2022-03-26	06:00	44299,49	44386,24	44230,59	44313,16	LONG	0,00167	5981,87	0,00451	HOLD	98,2349	162,2181
2022-03-26	07:00	44313,16	44453,48	44121,18	44150,85	LONG	0,00167	5981,87	0,00451	HOLD	98,2349	161,9471
2022-03-26	08:00	44150,85	44355,14	44071,97	44295,04	LONG	0,00167	5981,87	0,00451	HOLD	98,2349	162,1879
2022-03-26	09:00	44295,04	44383,16	44195,32	44289,01	LONG	0,00167	5981,87	0,00451	HOLD	98,2349	162,1778
2022-03-26	10:00	44289,01	44430	44246,08	44394,03	LONG	0,00167	5981,87	0,00451	HOLD	98,2349	162,3532
2022-03-26	11:00	44394,04	44466,73	44370,13	44408,5	LONG	0,00167	5981,87	0,00451	HOLD	98,2349	162,3773
2022-03-26	12:00	44408,49	44517,23	44355,98	44498,45	LONG	0,00167	5981,87	0,00451	HOLD	98,2349	162,5276
2022-03-26	13:00	44498,45	44548,24	44385,33	44446,8	LONG	0,00167	5981,87	0,00451	HOLD	98,2349	162,4413
2022-03-26	14:00	44446,8	44546,82	44364,2	44510,07	LONG	0,00167	5981,87	0,00451	HOLD	98,2349	162,547
2022-03-26	15:00	44510,07	44578	44440,63	44499	LONG	0,00167	5981,87	0,00451	HOLD	98,2349	162,5285
2022-03-26	16:00	44499	44515,8	44419,24	44472,19	LONG	0,00167	5981,87	0,00451	HOLD	98,2349	162,4837
2022-03-26	17:00	44472,2	44494,46	44374,13	44427,99	LONG	0,00167	5981,87	0,00451	HOLD	98,2349	162,4099
2022-03-26	18:00	44428	44489,3	44318,94	44334,49	LONG	0,00167	5981,87	0,00451	HOLD	98,2349	162,2537
2022-03-26	19:00	44334,5	44392,58	44222,5	44350,01	LONG	0,00167	5981,87	0,00451	HOLD	98,2349	162,2797
2022-03-26	20:00	44350,01	44397,78	44167,52	44251,67	LONG	0,00167	5981,87	0,00451	HOLD	98,2349	162,1154
2022-03-26	21:00	44251,68	44277,66	44153,94	44251,84	LONG	0,00167	5981,87	0,00451	HOLD	98,2349	162,1157
2022-03-26	22:00	44251,84	44330	44194,58	44205,31	LONG	0,00167	5981,87	0,00451	HOLD	98,2349	162,038
2022-03-26	23:00	44205,3	44314,08	44140,76	44292,67	LONG	0,00167	5981,87	0,00451	HOLD	98,2349	162,1839
2022-03-27	00:00	44292,67	44431,75	44284,36	44372,81	LONG	0,00167	5981,87	0,00451	HOLD	98,2349	162,3177
2022-03-27	01:00	44372,82	44464,92	44366,5	44436,03	LONG	0,00167	5981,87	0,00451	HOLD	98,2349	162,4233
2022-03-27	02:00	44436,03	44461,88	44303,91	44367,49	LONG	0,00167	5981,87	0,00451	HOLD	98,2349	162,3089
2022-03-27	03:00	44367,49	44792,99	44363,47	44571,92	LONG	0,00167	5981,87	0,00451	HOLD	98,2349	162,6502
2022-03-27	04:00	44571,93	44584,37	44255	44444,99	LONG	0,00167	5981,87	0,00451	HOLD	98,2349	162,4383
2022-03-27	05:00	44444,98	44522,71	44363,54	44364,14	LONG	0,00167	5981,87	0,00451	HOLD	98,2349	162,3033
2022-03-27	06:00	44364,13	44570,6	44364,13	44511,27	LONG	0,00167	5981,87	0,00451	HOLD	98,2349	162,549
2022-03-27	07:00	44511,27	44744,67	44484,11	44713,12	LONG	0,00167	5981,87	0,00451	HOLD	98,2349	162,8861
2022-03-27	08:00	44713,11	44770,17	44579,14	44724,97	LONG	0,00167	5981,87	0,00451	HOLD	98,2349	162,9058
2022-03-27	09:00	44724,96	44950	44661,35	44697,63	LONG	0,00167	5981,87	0,00451	HOLD	98,2349	162,8602
2022-03-27	10:00	44697,63	44718,21	44619,7	44713,01	LONG	0,00167	5981,87	0,00451	HOLD	98,2349	162,8859
2022-03-27	11:00	44713,01	44759,17	44542,01	44580,51	LONG	0,00167	5981,87	0,00451	HOLD	98,2349	162,6646
2022-03-27	12:00	44580,51	44712,3	44573,03	44639	LONG	0,00167	5981,87	0,00451	HOLD	98,2349	162,7623
2022-03-27	13:00	44639,01	44730	44618,01	44656,4	LONG	0,00167	5981,87	0,00451	HOLD	98,2349	162,7913
2022-03-27	14:00	44656,39	44750	44640,64	44734,06	LONG	0,00167	5981,87	0,00451	HOLD	98,2349	162,921
2022-03-27	15:00	44734,06	44747,94	44592,85	44604,49	LONG	0,00167	5981,87	0,00451	HOLD	98,2349	162,7046
2022-03-27	16:00	44604,48	44698,94	44539,86	44539,86	LONG	0,00167	5981,87	0,00451	HOLD	98,2349	162,5967
2022-03-27	17:00	44539,95	44619,14	44469,38	44527	LONG	0,00167	5981,87	0,00451	HOLD	98,2349	162,5752
2022-03-27	18:00	44527,01	44636,34	44515,88	44569,5	LONG	0,00167	5981,87	0,00451	HOLD	98,2349	162,6462
2022-03-27	19:00	44569,5	44606,86	44433	44436,1	LONG	0,00167	5981,87	0,00451	HOLD	98,2349	162,4234
2022-03-27	20:00	44436,09	44647,24	44421,46	44616,24	LONG	0,00167	5981,87	0,00451	HOLD	98,2349	162,7243
2022-03-27	21:00	44616,23	44741	44583,52	44614,35	LONG	0,00167	5981,87	0,00451	HOLD	98,2349	162,7211
2022-03-27	22:00	44614,36	44933,45	44523,23	44857,52	LONG	0,00167	5981,87	0,00451	HOLD	98,2349	163,1272
2022-03-27	23:00	44857,53	45036,04	44740	44950	LONG	0,00167	5981,87	0,00451	HOLD	98,2349	163,2816
2022-03-28	00:00	44950	44966	44777,73	44919,53	LONG	0,00167	5981,87	0,00451	HOLD	98,2349	163,2308
2022-03-28	01:00	44919,53	44980,7	44841,14	44841,14	LONG	0,00167	5981,87	0,00451	HOLD	98,2349	163,0998
2022-03-28	02:00	44841,14	44885,28	44810,25	44830,66	LONG	0,00167	5981,87	0,00451	HOLD	98,2349	163,0823
2022-03-28	03:00	44830,66	46616,14	44678,12	46115,8	LONG	0,00167	5981,87	0,00451	HOLD	98,2349	165,2285
2022-03-28	04:00	46115,79	46800	45838,15	46552,08	LONG	0,00167	5981,87	0,00451	HOLD	98,2349	165,9571
2022-03-28	05:00	46552,07	46999	46357,98	46613	LONG	0,00167	5981,87	0,00451	HOLD	98,2349	166,0589
2022-03-28	06:00	46613	46877,87	46559,59	46827,76	LONG	0,00167	5981,87	0,00451	HOLD	98,2349	166,4175
2022-03-28	07:00	46827,76	47650	46663,56	46920,99	LONG	0,00167	5981,87	0,00451	HOLD	98,2349	166,5732
2022-03-28	08:00	46921	47037,48	46700	46810,5	LONG	0,00167	5981,87	0,00451	HOLD	98,2349	166,3887
2022-03-28	09:00	46810,5	46945,59	46766,42	46924,82	LONG	0,00167	5981,87	0,00451	HOLD	98,2349	166,5796
2022-03-28	10:00	46924,82	47049,41	46850,49	47049,4	LONG	0,00167	5981,87	0,00451	HOLD	98,2349	166,7876
2022-03-28	11:00	47049,4	47218,88	46864,4	47124,8	LONG	0,00167	5981,87	0,00451	HOLD	98,2349	166,9136
2022-03-28	12:00	47124,8	47371,99	47011,38	47056,19	LONG	0,00167	5981,87	0,00451	HOLD	98,2349	166,799
2022-03-28	13:00	47056,19	47106,24	46716,83	46904,73	LONG	0,00167	5981,87	0,00451	HOLD	98,2349	166,546
2022-03-28	14:00	46904,72	47200	46884,84	46989,24	LONG	0,00167	5981,87	0,00451	HOLD	98,2349	166,6872
2022-03-28	15:00	46989,24	47053,25	46845,98	47021,24	LONG	0,00167	5981,87	0,00451	HOLD	98,2349	166,7406
2022-03-28	16:00	47021,24	47188,48	46974,32	47140,89	LONG	0,00167	5981,87	0,00451	HOLD	98,2349	166,9404
2022-03-28	17:00	47140,89	47275	47064,05	47218,33	LONG	0,00167	5981,87	0,00451	HOLD	98,2349	167,0698
2022-03-28	18:00	47218,33	47383,05	47118,08	47252,54	LONG	0,00167	5981,87	0,00451	HOLD	98,2349	167,1269
2022-03-28	19:00	47252,54	47376,74	47123,54	47210,53	LONG	0,00167	5981,87	0,00451	HOLD	98,2349	167,0567
2022-03-28	20:00	47210,53	47756,43	47176,67	47724,13	LONG	0,00167	5981,87	0,00451	HOLD	98,2349	167,9144
2022-03-28	21:00	47724,12	47739,97	47349,52	47603,5	LONG	0,00167	5981,87	0,00451	HOLD	98,2349	167,713
2022-03-28	22:00	47603,51	47908,05	47400,89	47422,51	LONG	0,00167	5981,87	0,00451	HOLD	98,2349	167,4107
2022-03-28	23:00	47422,51	47550	47300,65	47466,55	LONG	0,00167	5981,87	0,00451	HOLD	98,2349	167,4843
2022-03-29	00:00	47466,54	47673,95	47331,69	47599,06	LONG	0,00167	5981,87	0,00451	HOLD	98,2349	167,7056
2022-03-29	01:00	47599,06	48085	47556,37	47970,99	LONG	0,00167	5981,87	0,00451	HOLD	98,2349	168,3267
2022-03-29	02:00	47970,98	48189,84	47689,38	47956,28	LONG	0,00167	5981,87	0,00451	HOLD	98,2349	168,3021
2022-03-29	03:00	47956,28	48030,5	47811,4	47934,68	LONG	0,00167	5981,87	0,00451	HOLD	98,2349	168,2661
2022-03-29	04:00	47934,69	48094,11	47444,08	47629,22	LONG	0,00167	5981,87	0,00451	HOLD	98,2349	167,7559
2022-03-29	05:00	47629,21	47753,24	47488	47540,59	LONG	0,00167	5981,87	0,00451	HOLD	98,2349	167,6079
2022-03-29	06:00	47540,58	47595,69	46885,44	47122,21	LONG	0,00167	5981,87	0,00451	HOLD	98,2349	166,9092
2022-03-29	07:00	47122,21	47606,01	47050	47397,88	LONG	0,00167	5981,87	0,00451	HOLD	98,2349	167,3696
2022-03-29	08:00	47397,89	47600	47336,01	47537,04	LONG	0,00167	5981,87	0,00451	HOLD	98,2349	167,602
2022-03-29	09:00	47537,05	47596,5	47383,38	47408,56	LONG	0,00167	5981,87	0,00451	HOLD	98,2349	167,3874
2022-03-29	10:00	47408,56	47424,37	47315	47335,06	LONG	0,00167	5981,87	0,00451	HOLD	98,2349	167,2647
2022-03-29	11:00	47335,06	47655,54	47320,65	47592,99	LONG	0,00167	5981,87	0,00451	HOLD	98,2349	167,6954
2022-03-29	12:00	47593	47671,24	47510,39	47641,03	LONG	0,00167	5981,87	0,00451	HOLD	98,2349	167,7757
2022-03-29	13:00	47641,03	47753,75	47520	47570,59	LONG	0,00167	5981,87	0,00451	HOLD	98,2349	167,658
2022-03-29	14:00	47570,58	47582,49	47344,44	47344,44	LONG	0,00167	5981,87	0,00451	HOLD	98,2349	167,2804
2022-03-29	15:00	47344,45	47618,5	47334,69	47539,75	LONG	0,00167	5981,87	0,00451	HOLD	98,2349	167,6065
2022-03-29	16:00	47539,75	47737,53	47523,02	47591,82	LONG	0,00167	5981,87	0,00451	HOLD	98,2349	167,6935
2022-03-29	17:00	47591,82	47614,1	47438,38	47602,34	LONG	0,00167	5981,87	0,00451	HOLD	98,2349	167,7111
2022-03-29	18:00	47602,35	47963,24	47572	47896,1	LONG	0,00167	5981,87	0,00451	HOLD	98,2349	168,2016
2022-03-29	19:00	47896,09	48096,47	47811,01	47843,32	LONG	0,00167	5981,87	0,00451	HOLD	98,2349	168,1135
2022-03-29	20:00	47843,32	47897,49	47544,99	47695,81	LONG	0,00167	5981,87	0,00451	HOLD	98,2349	167,8671
2022-03-29	21:00	47695,81	47852,35	47596,85	47803	LONG	0,00167	5981,87	0,00451	HOLD	98,2349	168,0462
2022-03-29	22:00	47803,01	48020	47345	47440	LONG	0,00167	5981,87	0,00451	HOLD	98,2349	167,4399
2022-03-29	23:00	47440	47547	47105,5	47491,5	LONG	0,00167	5981,87	0,00451	HOLD	98,2349	167,5259
2022-03-30	00:00	47491,51	47499,99	47143,58	47456,48	LONG	0,00167	5981,87	0,00451	HOLD	98,2349	167,4675
2022-03-30	01:00	47456,48	47586,58	47368,4	47519,49	LONG	0,00167	5981,87	0,00451	HOLD	98,2349	167,5727
2022-03-30	02:00	47519,5	47871,02	47497,57	47701,49	LONG	0,00167	5981,87	0,00451	HOLD	98,2349	167,8766
2022-03-30	03:00	47701,49	47726	47318,94	47477,84	LONG	0,00167	5981,87	0,00451	HOLD	98,2349	167,5031
2022-03-30	04:00	47477,85	47520	47180	47270,18	LONG	0,00167	5981,87	0,00451	HOLD	98,2349	167,1563
2022-03-30	05:00	47270,19	47397,89	46950,85	47331,12	LONG	0,00167	5981,87	0,00451	HOLD	98,2349	167,2581
2022-03-30	06:00	47331,13	47515,95	47297,73	47434,8	LONG	0,00167	5981,87	0,00451	HOLD	98,2349	167,4313
2022-03-30	07:00	47434,79	47439,55	47092,55	47245,21	LONG	0,00167	5981,87	0,00451	HOLD	98,2349	167,1146
2022-03-30	08:00	47245,21	47245,22	46445,42	46865,28	LONG	0,00167	5981,87	0,00451	HOLD	98,2349	166,4802
2022-03-30	09:00	46865,28	47306,65	46800	47209,25	LONG	0,00167	5981,87	0,00451	HOLD	98,2349	167,0546
2022-03-30	10:00	47209,25	47457,16	47200	47435,46	LONG	0,00167	5981,87	0,00451	HOLD	98,2349	167,4324
2022-03-30	11:00	47435,46	47462	47140,46	47238,67	LONG	0,00167	5981,87	0,00451	HOLD	98,2349	167,1037
2022-03-30	12:00	47238,68	47550,64	47194	47484,99	LONG	0,00167	5981,87	0,00451	HOLD	98,2349	167,5151
2022-03-30	13:00	47484,99	47580	47349,92	47408,2	LONG	0,00167	5981,87	0,00451	HOLD	98,2349	167,3868
2022-03-30	14:00	47408,19	47521,13	47335,63	47384,44	LONG	0,00167	5981,87	0,00451	HOLD	98,2349	167,3472
2022-03-30	15:00	47384,44	47500	47190,86	47435,05	LONG	0,00167	5981,87	0,00451	HOLD	98,2349	167,4317
2022-03-30	16:00	47435,05	47456,08	47210	47257,91	LONG	0,00167	5981,87	0,00451	HOLD	98,2349	167,1359
2022-03-30	17:00	47257,91	47327,99	47206,01	47269,99	LONG	0,00167	5981,87	0,00451	HOLD	98,2349	167,156
2022-03-30	18:00	47270	47465,65	47064,81	47319,91	LONG	0,00167	5981,87	0,00451	HOLD	98,2349	167,2394
2022-03-30	19:00	47319,92	47344,5	47150,49	47294,98	LONG	0,00167	5981,87	0,00451	HOLD	98,2349	167,1978
2022-03-30	20:00	47294,98	47309,02	46897	46984	LONG	0,00167	5981,87	0,00451	HOLD	98,2349	166,6784
2022-03-30	21:00	46984,01	47232	46869	47113,49	LONG	0,00167	5981,87	0,00451	HOLD	98,2349	166,8947
2022-03-30	22:00	47113,49	47180,74	46910,46	47160,81	LONG	0,00167	5981,87	0,00451	HOLD	98,2349	166,9737
2022-03-30	23:00	47160,82	47350,4	47024,46	47248,66	LONG	0,00167	5981,87	0,00451	HOLD	98,2349	167,1204
2022-03-31	00:00	47248,66	47700,22	47179,94	47659,5	LONG	0,00167	5981,87	0,00451	HOLD	98,2349	167,8065
2022-03-31	01:00	47659,5	47690,18	47070,26	47130,01	LONG	0,00167	5981,87	0,00451	HOLD	98,2349	166,9223
2022-03-31	02:00	47130,02	47187,49	46831,81	47073,89	LONG	0,00167	5981,87	0,00451	HOLD	98,2349	166,8285
2022-03-31	03:00	47073,89	47274,95	47009,96	47258,88	LONG	0,00167	5981,87	0,00451	HOLD	98,2349	167,1375
2022-03-31	04:00	47258,89	47292,68	46908,04	46987,49	LONG	0,00167	5981,87	0,00451	HOLD	98,2349	166,6843
2022-03-31	05:00	46987,49	47130,54	46850	47104,52	LONG	0,00167	5981,87	0,00451	HOLD	98,2349	166,8797
2022-03-31	06:00	47104,51	47239,06	47001,96	47067,99	LONG	0,00167	5981,87	0,00451	HOLD	98,2349	166,8187
2022-03-31	07:00	47067,99	47273,5	46973,91	47154,06	LONG	0,00167	5981,87	0,00451	HOLD	98,2349	166,9624
2022-03-31	08:00	47154,06	47425,21	47142,21	47400	LONG	0,00167	5981,87	0,00451	HOLD	98,2349	167,3731
2022-03-31	09:00	47400	47418,13	47172,51	47220	LONG	0,00167	5981,87	0,00451	HOLD	98,2349	167,0725
2022-03-31	10:00	47219,99	47260,44	47070,01	47095,56	LONG	0,00167	5981,87	0,00451	HOLD	98,2349	166,8647
2022-03-31	11:00	47095,55	47150	46987,15	47020,01	LONG	0,00167	5981,87	0,00451	HOLD	98,2349	166,7386
2022-03-31	12:00	47020,01	47138,87	46898,12	47095,23	LONG	0,00167	5981,87	0,00451	HOLD	98,2349	166,8642
2022-03-31	13:00	47095,23	47170,71	47027,27	47113,93	LONG	0,00167	5981,87	0,00451	HOLD	98,2349	166,8954
2022-03-31	14:00	47113,94	47168,92	47050,05	47160,76	LONG	0,00167	5981,87	0,00451	HOLD	98,2349	166,9736
2022-03-31	15:00	47160,75	47325	47000	47245,22	LONG	0,00167	5981,87	0,00451	HOLD	98,2349	167,1147
2022-03-31	16:00	47245,23	47343,75	47110	47301,02	LONG	0,00167	5981,87	0,00451	HOLD	98,2349	167,2078
2022-03-31	17:00	47301,03	47386,7	47210,93	47276,37	LONG	0,00167	5981,87	0,00451	HOLD	98,2349	167,1667
2022-03-31	18:00	47276,36	47279,7	47080	47152,01	LONG	0,00167	5981,87	0,00451	HOLD	98,2349	166,959
2022-03-31	19:00	47152	47540,46	47108,37	47395,76	LONG	0,00167	5981,87	0,00451	HOLD	98,2349	167,3661
2022-03-31	20:00	47395,75	47600	46913,12	46913,13	LONG	0,00167	5981,87	0,00451	HOLD	98,2349	166,5601
2022-03-31	21:00	46913,13	46913,51	46230	46690,48	LONG	0,00167	5981,87	0,00451	HOLD	98,2349	166,1882
2022-03-31	22:00	46690,48	46799	46356,23	46453,81	LONG	0,00167	5981,87	0,00451	HOLD	98,2349	165,793
2022-03-31	23:00	46453,81	46492,65	45669	45688,8	LONG	0,00167	5981,87	0,00451	HOLD	98,2349	164,5154
2022-04-01	00:00	45688,8	45891,94	45651,35	45820	LONG	0,00167	5981,87	0,00451	HOLD	98,2349	164,7345
2022-04-01	01:00	45819,99	45962,08	45595,28	45957,27	LONG	0,00167	5981,87	0,00451	HOLD	98,2349	164,9638
2022-04-01	02:00	45957,27	45987,94	45500	45581,97	LONG	0,00167	5981,87	0,00451	HOLD	98,2349	164,337
2022-04-01	03:00	45581,98	45790	45519,03	45745,46	LONG	0,00167	5981,87	0,00451	HOLD	98,2349	164,6101
2022-04-01	04:00	45745,45	45849,99	45647,01	45757,19	LONG	0,00167	5981,87	0,00451	HOLD	98,2349	164,6296
2022-04-01	05:00	45757,19	45820,34	45660,68	45787,85	LONG	0,00167	5981,87	0,00451	HOLD	98,2349	164,6809
2022-04-01	06:00	45787,85	45787,86	45200	45510,34	LONG	0,00167	5981,87	0,00451	HOLD	98,2349	164,2174
2022-04-01	07:00	45510,35	45644,86	45351,73	45541,5	LONG	0,00167	5981,87	0,00451	HOLD	98,2349	164,2694
2022-04-01	08:00	45542,16	45542,17	44868	44923,77	LONG	0,00167	5981,87	0,00451	HOLD	98,2349	163,2378
2022-04-01	09:00	44923,77	45049,03	44200	44392,71	LONG	0,00167	5981,87	0,00451	HOLD	98,2349	162,351
2022-04-01	10:00	44392,71	44599,99	44273,44	44599,98	LONG	0,00167	5981,87	0,00451	HOLD	98,2349	162,6971
2022-04-01	11:00	44599,98	44780,01	44547,11	44642,44	LONG	0,00167	5981,87	0,00451	HOLD	98,2349	162,768
2022-04-01	12:00	44642,44	44789,99	44583,23	44646,16	LONG	0,00167	5981,87	0,00451	HOLD	98,2349	162,7742
2022-04-01	13:00	44646,15	44848,44	44567,94	44803,7	LONG	0,00167	5981,87	0,00451	HOLD	98,2349	163,0373
2022-04-01	14:00	44803,7	45110,81	44801	45015,69	LONG	0,00167	5981,87	0,00451	HOLD	98,2349	163,3913
2022-04-01	15:00	45015,68	45323,91	45008,24	45137,06	LONG	0,00167	5981,87	0,00451	HOLD	98,2349	163,594
2022-04-01	16:00	45137,05	45243,2	44990,48	45076	LONG	0,00167	5981,87	0,00451	HOLD	98,2349	163,4921
2022-04-01	17:00	45076,01	45234,56	45019,8	45223	LONG	0,00167	5981,87	0,00451	HOLD	98,2349	163,7376
2022-04-01	18:00	45223	45283,17	45022,82	45064,26	LONG	0,00167	5981,87	0,00451	HOLD	98,2349	163,4725
2022-04-01	19:00	45064,25	45416,98	44701,01	45245,66	LONG	0,00167	5981,87	0,00451	HOLD	98,2349	163,7754
2022-04-01	20:00	45245,66	45603,85	45237,91	45430,12	LONG	0,00167	5981,87	0,00451	HOLD	98,2349	164,0834
2022-04-01	21:00	45430,12	46180,77	45420	46128,91	LONG	0,00167	5981,87	0,00451	HOLD	98,2349	165,2504
2022-04-01	22:00	46128,92	46720,09	46113,08	46532	LONG	0,00167	5981,87	0,00451	HOLD	98,2349	165,9236
2022-04-01	23:00	46531,99	46587,81	46025,29	46025,29	LONG	0,00167	5981,87	0,00451	HOLD	98,2349	165,0774
2022-04-02	00:00	46025,29	46549,31	45893,98	46465,5	LONG	0,00167	5981,87	0,00451	HOLD	98,2349	165,8125
2022-04-02	01:00	46465,48	46602	46250	46334,63	LONG	0,00167	5981,87	0,00451	HOLD	98,2349	165,594
2022-04-02	02:00	46334,62	46394,64	46140	46361,68	LONG	0,00167	5981,87	0,00451	HOLD	98,2349	165,6391
2022-04-02	03:00	46361,68	46380,16	46075,85	46145,38	LONG	0,00167	5981,87	0,00451	HOLD	98,2349	165,2779
2022-04-02	04:00	46145,37	46439,56	46142	46305,07	LONG	0,00167	5981,87	0,00451	HOLD	98,2349	165,5446
2022-04-02	05:00	46305,07	46398	46150	46368,41	LONG	0,00167	5981,87	0,00451	HOLD	98,2349	165,6504
2022-04-02	06:00	46368,42	46368,42	46120,2	46283,49	LONG	0,00167	5981,87	0,00451	HOLD	98,2349	165,5086
2022-04-02	07:00	46283,49	47213	46081,93	46894,92	LONG	0,00167	5981,87	0,00451	HOLD	98,2349	166,5297
2022-04-02	08:00	46894,91	47073,67	46501	46745,5	LONG	0,00167	5981,87	0,00451	HOLD	98,2349	166,2801
2022-04-02	09:00	46745,49	46844,59	46233,83	46497,9	LONG	0,00167	5981,87	0,00451	HOLD	98,2349	165,8666
2022-04-02	10:00	46497,9	46599,94	46371	46599,93	LONG	0,00167	5981,87	0,00451	HOLD	98,2349	166,037
2022-04-02	11:00	46599,93	46684,4	46489,5	46529,71	LONG	0,00167	5981,87	0,00451	HOLD	98,2349	165,9198
2022-04-02	12:00	46529,7	46600	46410,63	46541,38	LONG	0,00167	5981,87	0,00451	HOLD	98,2349	165,9392
2022-04-02	13:00	46541,38	46648,73	46462,79	46632,28	LONG	0,00167	5981,87	0,00451	HOLD	98,2349	166,091
2022-04-02	14:00	46632,28	46644,42	46419,38	46584,49	LONG	0,00167	5981,87	0,00451	HOLD	98,2349	166,0112
2022-04-02	15:00	46584,49	46589,64	46490	46551,39	LONG	0,00167	5981,87	0,00451	HOLD	98,2349	165,956
2022-04-02	16:00	46551,4	46734,76	46515,75	46682,5	LONG	0,00167	5981,87	0,00451	HOLD	98,2349	166,1749
2022-04-02	17:00	46682,5	46719,49	46548,41	46719,49	LONG	0,00167	5981,87	0,00451	HOLD	98,2349	166,2367
2022-04-02	18:00	46719,49	46753,15	46542,84	46542,84	LONG	0,00167	5981,87	0,00451	HOLD	98,2349	165,9417
2022-04-02	19:00	46542,84	46880,97	46225,75	46717,49	LONG	0,00167	5981,87	0,00451	HOLD	98,2349	166,2334
2022-04-02	20:00	46717,49	46941,11	46648,68	46735,11	LONG	0,00167	5981,87	0,00451	HOLD	98,2349	166,2628
2022-04-02	21:00	46735,1	46801,5	46571,59	46617,07	LONG	0,00167	5981,87	0,00451	HOLD	98,2349	166,0656
2022-04-02	22:00	46617,08	46617,08	46130,03	46295,06	LONG	0,00167	5981,87	0,00451	HOLD	98,2349	165,5279
2022-04-02	23:00	46295,06	46425,49	46155	46307,06	LONG	0,00167	5981,87	0,00451	HOLD	98,2349	165,5479
2022-04-03	00:00	46307,06	46487,01	46252,44	46359,1	LONG	0,00167	5981,87	0,00451	HOLD	98,2349	165,6348
2022-04-03	01:00	46359,1	46394,77	45620	45831,61	LONG	0,00167	5981,87	0,00451	HOLD	98,2349	164,7539
2022-04-03	02:00	45831,61	46252,21	45811,03	46120,24	LONG	0,00167	5981,87	0,00451	HOLD	98,2349	165,2359
2022-04-03	03:00	46120,25	46350	46026,88	46181,06	LONG	0,00167	5981,87	0,00451	HOLD	98,2349	165,3375
2022-04-03	04:00	46181,06	46317,85	45909,04	46231	LONG	0,00167	5981,87	0,00451	HOLD	98,2349	165,4209
2022-04-03	05:00	46231	46333,26	46040,55	46110,77	LONG	0,00167	5981,87	0,00451	HOLD	98,2349	165,2201
2022-04-03	06:00	46110,77	46148,74	45756,94	45811	LONG	0,00167	5981,87	0,00451	HOLD	98,2349	164,7195
2022-04-03	07:00	45810,99	46065,21	45774,64	46065,21	LONG	0,00167	5981,87	0,00451	HOLD	98,2349	165,144
2022-04-03	08:00	46065,21	46065,83	45530,92	45846	LONG	0,00167	5981,87	0,00451	HOLD	98,2349	164,778
2022-04-03	09:00	45845,99	45960,55	45760,25	45776,83	LONG	0,00167	5981,87	0,00451	HOLD	98,2349	164,6624
2022-04-03	10:00	45776,84	45970	45718,23	45943,25	LONG	0,00167	5981,87	0,00451	HOLD	98,2349	164,9404
2022-04-03	11:00	45943,26	46364,19	45927,83	46364,18	LONG	0,00167	5981,87	0,00451	HOLD	98,2349	165,6433
2022-04-03	12:00	46364,18	46380,96	46225	46355,93	LONG	0,00167	5981,87	0,00451	HOLD	98,2349	165,6295
2022-04-03	13:00	46355,93	46570	46312,04	46432,7	LONG	0,00167	5981,87	0,00451	HOLD	98,2349	165,7578
2022-04-03	14:00	46432,69	46465,55	46291,56	46363,82	LONG	0,00167	5981,87	0,00451	HOLD	98,2349	165,6427
2022-04-03	15:00	46363,83	46416,75	46219,08	46271,68	LONG	0,00167	5981,87	0,00451	HOLD	98,2349	165,4888
2022-04-03	16:00	46271,67	46446,8	46168,92	46362,66	LONG	0,00167	5981,87	0,00451	HOLD	98,2349	165,6408
2022-04-03	17:00	46362,66	46400	46122,62	46180	LONG	0,00167	5981,87	0,00451	HOLD	98,2349	165,3357
2022-04-03	18:00	46180	46332,83	46076,92	46252,59	LONG	0,00167	5981,87	0,00451	HOLD	98,2349	165,457
2022-04-03	19:00	46252,59	46435,08	46188	46383,12	LONG	0,00167	5981,87	0,00451	HOLD	98,2349	165,675
2022-04-03	20:00	46383,12	46670,04	46272,44	46441,27	LONG	0,00167	5981,87	0,00451	HOLD	98,2349	165,7721
2022-04-03	21:00	46441,27	46633,75	46301,67	46633,75	LONG	0,00167	5981,87	0,00451	HOLD	98,2349	166,0935
2022-04-03	22:00	46633,74	46723	46381	46412,49	LONG	0,00167	5981,87	0,00451	HOLD	98,2349	165,724
2022-04-03	23:00	46412,49	46519,35	46220,16	46293,5	LONG	0,00167	5981,87	0,00451	HOLD	98,2349	165,5253
2022-04-04	00:00	46293,49	46411,11	46240,46	46394,95	LONG	0,00167	5981,87	0,00451	HOLD	98,2349	165,6947
2022-04-04	01:00	46394,96	46770,65	46352,04	46586,31	LONG	0,00167	5981,87	0,00451	HOLD	98,2349	166,0143
2022-04-04	02:00	46586,31	46698,82	46400,41	46405,5	LONG	0,00167	5981,87	0,00451	HOLD	98,2349	165,7123
2022-04-04	03:00	46405,49	46482,33	46363,96	46365,02	LONG	0,00167	5981,87	0,00451	HOLD	98,2349	165,6447
2022-04-04	04:00	46365,01	46980	46332,25	46980	LONG	0,00167	5981,87	0,00451	HOLD	98,2349	166,6717
2022-04-04	05:00	46980	47444,11	46584,63	46695,11	LONG	0,00167	5981,87	0,00451	HOLD	98,2349	166,196
2022-04-04	06:00	46695,1	46711,58	46248,84	46407,35	LONG	0,00167	5981,87	0,00451	HOLD	98,2349	165,7154
2022-04-04	07:00	46407,36	46461,14	45744,77	45862,08	LONG	0,00167	5981,87	0,00451	HOLD	98,2349	164,8048
2022-04-04	08:00	45862,08	46049,04	45757,41	45863,28	LONG	0,00167	5981,87	0,00451	HOLD	98,2349	164,8068
2022-04-04	09:00	45863,28	46068,38	45756,94	46036,97	LONG	0,00167	5981,87	0,00451	HOLD	98,2349	165,0969
2022-04-04	10:00	46036,96	46174,46	46000	46005,44	LONG	0,00167	5981,87	0,00451	HOLD	98,2349	165,0442
2022-04-04	11:00	46005,43	46153,84	45834,39	46075,85	LONG	0,00167	5981,87	0,00451	HOLD	98,2349	165,1618
2022-04-04	12:00	46075,85	46244,01	46025,27	46231,67	LONG	0,00167	5981,87	0,00451	HOLD	98,2349	165,422
2022-04-04	13:00	46231,67	46293,38	46162,63	46200	LONG	0,00167	5981,87	0,00451	HOLD	98,2349	165,3691
2022-04-04	14:00	46200	46227	46083,62	46173,99	LONG	0,00167	5981,87	0,00451	HOLD	98,2349	165,3257
2022-04-04	15:00	46174	46287,97	45964,2	46158,42	LONG	0,00167	5981,87	0,00451	HOLD	98,2349	165,2997
2022-04-04	16:00	46158,41	46158,42	45863,91	45904,99	LONG	0,00167	5981,87	0,00451	HOLD	98,2349	164,8765
2022-04-04	17:00	45905	46048,36	45787	45996	LONG	0,00167	5981,87	0,00451	HOLD	98,2349	165,0285
2022-04-04	18:00	45996	46199,11	45921,01	46160,09	LONG	0,00167	5981,87	0,00451	HOLD	98,2349	165,3025
2022-04-04	19:00	46160,08	46249	45902	46006,58	LONG	0,00167	5981,87	0,00451	HOLD	98,2349	165,0461
2022-04-04	20:00	46006,59	46239,14	45869	46168,57	LONG	0,00167	5981,87	0,00451	HOLD	98,2349	165,3167
2022-04-04	21:00	46168,56	46359	45868,27	45896,98	LONG	0,00167	5981,87	0,00451	HOLD	98,2349	164,8631
2022-04-04	22:00	45896,98	45957,49	45555	45633,88	LONG	0,00167	5981,87	0,00451	HOLD	98,2349	164,4237
2022-04-04	23:00	45633,88	45815,82	45566,37	45700,01	LONG	0,00167	5981,87	0,00451	HOLD	98,2349	164,5342
2022-04-05	00:00	45700,01	45766,4	45176,9	45375,27	LONG	0,00167	5981,87	0,00451	HOLD	98,2349	163,9918
2022-04-05	01:00	45375,28	45531,42	45118	45507,44	LONG	0,00167	5981,87	0,00451	HOLD	98,2349	164,2126
2022-04-05	02:00	45507,45	45940,35	45507,44	45925,76	LONG	0,00167	5981,87	0,00451	HOLD	98,2349	164,9112
2022-04-05	03:00	45925,77	46377,84	45626,02	46307,5	LONG	0,00167	5981,87	0,00451	HOLD	98,2349	165,5487
2022-04-05	04:00	46307,51	46588,85	46177,49	46449,06	LONG	0,00167	5981,87	0,00451	HOLD	98,2349	165,7851
2022-04-05	05:00	46449,07	46856,35	46372,05	46666,67	LONG	0,00167	5981,87	0,00451	HOLD	98,2349	166,1485
2022-04-05	06:00	46666,67	46890,71	46547,25	46580,51	LONG	0,00167	5981,87	0,00451	HOLD	98,2349	166,0046
2022-04-05	07:00	46580,5	46649,42	46412,62	46512,01	LONG	0,00167	5981,87	0,00451	HOLD	98,2349	165,8902
2022-04-05	08:00	46512,01	46694,66	46451,78	46632,24	LONG	0,00167	5981,87	0,00451	HOLD	98,2349	166,091
2022-04-05	09:00	46632,23	46759,79	46555,55	46626	LONG	0,00167	5981,87	0,00451	HOLD	98,2349	166,0806
2022-04-05	10:00	46626,01	46777,77	46594,27	46645,82	LONG	0,00167	5981,87	0,00451	HOLD	98,2349	166,1137
2022-04-05	11:00	46645,83	46884,49	46617,77	46770,01	LONG	0,00167	5981,87	0,00451	HOLD	98,2349	166,3211
2022-04-05	12:00	46770	46833,06	46699	46699,99	LONG	0,00167	5981,87	0,00451	HOLD	98,2349	166,2041
2022-04-05	13:00	46700	46754,76	46549,82	46609,29	LONG	0,00167	5981,87	0,00451	HOLD	98,2349	166,0527
2022-04-05	14:00	46609,29	46742,5	46567,67	46709,99	LONG	0,00167	5981,87	0,00451	HOLD	98,2349	166,2208
2022-04-05	15:00	46710	46737,89	46561,92	46665,89	LONG	0,00167	5981,87	0,00451	HOLD	98,2349	166,1472
2022-04-05	16:00	46665,88	46703,99	46558,8	46571,41	LONG	0,00167	5981,87	0,00451	HOLD	98,2349	165,9894
2022-04-05	17:00	46571,42	46680,5	46522,52	46648,71	LONG	0,00167	5981,87	0,00451	HOLD	98,2349	166,1185
2022-04-05	18:00	46648,71	46740	46560,69	46683,37	LONG	0,00167	5981,87	0,00451	HOLD	98,2349	166,1764
2022-04-05	19:00	46683,37	47200	46676	46767,99	LONG	0,00167	5981,87	0,00451	HOLD	98,2349	166,3177
2022-04-05	20:00	46767,99	46861,53	46333	46423,92	LONG	0,00167	5981,87	0,00451	HOLD	98,2349	165,7431
2022-04-05	21:00	46423,91	46466,13	45754,39	45820	LONG	0,00167	5981,87	0,00451	HOLD	98,2349	164,7345
2022-04-05	22:00	45820	45920,39	45667,4	45763,72	LONG	0,00167	5981,87	0,00451	HOLD	98,2349	164,6406
2022-04-05	23:00	45763,73	46022,33	45600	45928,96	LONG	0,00167	5981,87	0,00451	HOLD	98,2349	164,9165
2022-04-06	00:00	45928,97	46191	45896,61	45969,01	LONG	0,00167	5981,87	0,00451	HOLD	98,2349	164,9834
2022-04-06	01:00	45969,01	45987,19	45867,36	45893,04	LONG	0,00167	5981,87	0,00451	HOLD	98,2349	164,8565
2022-04-06	02:00	45893,04	46050	45457,89	46032,5	LONG	0,00167	5981,87	0,00451	HOLD	98,2349	165,0894
2022-04-06	03:00	46032,49	46107,58	45627,42	45877,97	LONG	0,00167	5981,87	0,00451	HOLD	98,2349	164,8314
2022-04-06	04:00	45877,97	45958,81	45744,52	45953,55	LONG	0,00167	5981,87	0,00451	HOLD	98,2349	164,9576
2022-04-06	05:00	45953,56	46050,22	45790,72	45854,49	LONG	0,00167	5981,87	0,00451	HOLD	98,2349	164,7921
2022-04-06	06:00	45854,5	45885,7	45353,81	45497,55	LONG	0,00167	5981,87	0,00451	HOLD	98,2349	164,1961
2022-04-06	07:00	45497,54	45506,67	44412	45005,88	LONG	0,00167	5981,87	0,00451	HOLD	98,2349	163,375
2022-04-06	08:00	45005,88	45365,48	44963,13	45188,86	LONG	0,00167	5981,87	0,00451	HOLD	98,2349	163,6805
2022-04-06	09:00	45188,87	45368,29	45150	45220,87	LONG	0,00167	5981,87	0,00451	HOLD	98,2349	163,734
2022-04-06	10:00	45220,86	45289,48	45139,93	45215,88	LONG	0,00167	5981,87	0,00451	HOLD	98,2349	163,7257
2022-04-06	11:00	45215,88	45375,38	45119	45335,34	LONG	0,00167	5981,87	0,00451	HOLD	98,2349	163,9252
2022-04-06	12:00	45335,34	45444,83	45302	45375	LONG	0,00167	5981,87	0,00451	HOLD	98,2349	163,9914
2022-04-06	13:00	45374,99	45482,5	45251,43	45464,26	LONG	0,00167	5981,87	0,00451	HOLD	98,2349	164,1405
2022-04-06	14:00	45464,27	45507,14	45233,59	45276,04	LONG	0,00167	5981,87	0,00451	HOLD	98,2349	163,8261
2022-04-06	15:00	45276,04	45399,28	45177,48	45366,85	LONG	0,00167	5981,87	0,00451	HOLD	98,2349	163,9778
2022-04-06	16:00	45366,85	45393,25	45205,01	45330,2	LONG	0,00167	5981,87	0,00451	HOLD	98,2349	163,9166
2022-04-06	17:00	45330,19	45453,94	45008,02	45072,53	LONG	0,00167	5981,87	0,00451	HOLD	98,2349	163,4863
2022-04-06	18:00	45072,54	45114,27	44665,91	44819,19	LONG	0,00167	5981,87	0,00451	HOLD	98,2349	163,0632
2022-04-06	19:00	44819,19	44999,99	44670,01	44751	LONG	0,00167	5981,87	0,00451	HOLD	98,2349	162,9493
2022-04-06	20:00	44751	44965,83	44130,12	44165,9	LONG	0,00167	5981,87	0,00451	HOLD	98,2349	161,9722
2022-04-06	21:00	44165,9	44496,97	43769,17	44258,99	LONG	0,00167	5981,87	0,00451	HOLD	98,2349	162,1277
2022-04-06	22:00	44258,99	44305,39	43705,64	44168,35	LONG	0,00167	5981,87	0,00451	HOLD	98,2349	161,9763
2022-04-06	23:00	44168,36	44274,8	43566,01	43781,3	LONG	0,00167	5981,87	0,00451	HOLD	98,2349	161,3299
2022-04-07	00:00	43781,3	43940,38	43393,74	43815,28	LONG	0,00167	5981,87	0,00451	HOLD	98,2349	161,3867
2022-04-07	01:00	43815,28	44298,61	43177,11	43837,63	LONG	0,00167	5981,87	0,00451	HOLD	98,2349	161,424
2022-04-07	02:00	43837,64	43973,01	43527,09	43754,57	LONG	0,00167	5981,87	0,00451	HOLD	98,2349	161,2853
2022-04-07	03:00	43754,56	44041,1	43725,34	43877,45	LONG	0,00167	5981,87	0,00451	HOLD	98,2349	161,4905
2022-04-07	04:00	43877,45	43999	43792,47	43845,82	LONG	0,00167	5981,87	0,00451	HOLD	98,2349	161,4377
2022-04-07	05:00	43845,81	43865,27	43484,71	43511,33	LONG	0,00167	5981,87	0,00451	HOLD	98,2349	160,8791
2022-04-07	06:00	43511,33	43609,56	43121	43170,47	LONG	0,00167	5981,87	0,00451	HOLD	98,2349	160,3098
2022-04-07	07:00	43170,47	43559,09	42727,35	42894,3	LONG	0,00167	5981,87	0,00451	HOLD	98,2349	159,8486
2022-04-07	08:00	42894,3	43410,16	42868,81	43374,97	LONG	0,00167	5981,87	0,00451	HOLD	98,2349	160,6513
2022-04-07	09:00	43374,97	43430	43120,14	43350,91	LONG	0,00167	5981,87	0,00451	HOLD	98,2349	160,6112
2022-04-07	10:00	43350,92	43409,96	43157	43294,04	LONG	0,00167	5981,87	0,00451	HOLD	98,2349	160,5162
2022-04-07	11:00	43294,04	43494,48	43210,47	43395,57	LONG	0,00167	5981,87	0,00451	HOLD	98,2349	160,6857
2022-04-07	12:00	43395,57	43465,18	43225	43399,99	LONG	0,00167	5981,87	0,00451	HOLD	98,2349	160,6931
2022-04-07	13:00	43399,99	43497,63	43300	43380,94	LONG	0,00167	5981,87	0,00451	HOLD	98,2349	160,6613
2022-04-07	14:00	43380,94	43545,74	43366,01	43445,33	LONG	0,00167	5981,87	0,00451	HOLD	98,2349	160,7688
2022-04-07	15:00	43445,34	43553,14	43421,31	43521,92	LONG	0,00167	5981,87	0,00451	HOLD	98,2349	160,8967
2022-04-07	16:00	43521,92	43521,93	43269,5	43457,98	LONG	0,00167	5981,87	0,00451	HOLD	98,2349	160,79
2022-04-07	17:00	43457,98	43484,27	43328,99	43409,73	LONG	0,00167	5981,87	0,00451	HOLD	98,2349	160,7094
2022-04-07	18:00	43409,74	43834,52	43302,01	43766,74	LONG	0,00167	5981,87	0,00451	HOLD	98,2349	161,3056
2022-04-07	19:00	43766,75	43900,99	43551,74	43554,97	LONG	0,00167	5981,87	0,00451	HOLD	98,2349	160,9519
2022-04-07	20:00	43554,97	43683,86	43330,09	43659,98	LONG	0,00167	5981,87	0,00451	HOLD	98,2349	161,1273
2022-04-07	21:00	43659,98	43781,97	43352,98	43420,69	LONG	0,00167	5981,87	0,00451	HOLD	98,2349	160,7277
2022-04-07	22:00	43420,69	43572,81	43024,86	43331,81	LONG	0,00167	5981,87	0,00451	HOLD	98,2349	160,5793
2022-04-07	23:00	43331,82	43497,28	43266,68	43494	LONG	0,00167	5981,87	0,00451	HOLD	98,2349	160,8501
2022-04-08	00:00	43494	43695,12	43472,05	43657,68	LONG	0,00167	5981,87	0,00451	HOLD	98,2349	161,1235
2022-04-08	01:00	43657,68	43819,99	43514,01	43702,95	LONG	0,00167	5981,87	0,00451	HOLD	98,2349	161,1991
2022-04-08	02:00	43702,96	43772,52	43375,36	43388,92	LONG	0,00167	5981,87	0,00451	HOLD	98,2349	160,6746
2022-04-08	03:00	43388,93	43600,06	43376,23	43567,36	LONG	0,00167	5981,87	0,00451	HOLD	98,2349	160,9726
2022-04-08	04:00	43567,35	43596,3	43208	43520,07	LONG	0,00167	5981,87	0,00451	HOLD	98,2349	160,8937
2022-04-08	05:00	43520,07	43635,24	43466,64	43629,73	LONG	0,00167	5981,87	0,00451	HOLD	98,2349	161,0768
2022-04-08	06:00	43629,72	43750	43425,22	43444,19	LONG	0,00167	5981,87	0,00451	HOLD	98,2349	160,7669
2022-04-08	07:00	43444,2	43527,36	43305,57	43327,46	LONG	0,00167	5981,87	0,00451	HOLD	98,2349	160,572
2022-04-08	08:00	43327,47	43647,92	43310	43607,61	LONG	0,00167	5981,87	0,00451	HOLD	98,2349	161,0399
2022-04-08	09:00	43607,61	43694,15	43566,38	43615,63	LONG	0,00167	5981,87	0,00451	HOLD	98,2349	161,0532
2022-04-08	10:00	43615,63	43691,83	43550	43605,96	LONG	0,00167	5981,87	0,00451	HOLD	98,2349	161,0371
2022-04-08	11:00	43605,95	43659,83	43491,46	43543,02	LONG	0,00167	5981,87	0,00451	HOLD	98,2349	160,932
2022-04-08	12:00	43543,03	43678,2	43476,97	43654,3	LONG	0,00167	5981,87	0,00451	HOLD	98,2349	161,1178
2022-04-08	13:00	43654,3	43672,53	43484,28	43573,45	LONG	0,00167	5981,87	0,00451	HOLD	98,2349	160,9828
2022-04-08	14:00	43573,45	43780,32	43416,74	43763,52	LONG	0,00167	5981,87	0,00451	HOLD	98,2349	161,3002
2022-04-08	15:00	43763,53	43970,62	43650	43700,33	LONG	0,00167	5981,87	0,00451	HOLD	98,2349	161,1947
2022-04-08	16:00	43700,33	43772,45	43499,83	43588,73	LONG	0,00167	5981,87	0,00451	HOLD	98,2349	161,0083
2022-04-08	17:00	43588,72	43621,85	43500,1	43558,51	LONG	0,00167	5981,87	0,00451	HOLD	98,2349	160,9579
2022-04-08	18:00	43558,51	43561,37	43260,76	43298,79	LONG	0,00167	5981,87	0,00451	HOLD	98,2349	160,5241
2022-04-08	19:00	43298,79	43417,96	43079,05	43151,75	LONG	0,00167	5981,87	0,00451	HOLD	98,2349	160,2786
2022-04-08	20:00	43151,75	43193,9	42751,01	42906,67	LONG	0,00167	5981,87	0,00451	HOLD	98,2349	159,8693
2022-04-08	21:00	42906,66	43846,15	42888,8	43750,14	LONG	0,00167	5981,87	0,00451	HOLD	98,2349	161,2779
2022-04-08	22:00	43750,15	43961,99	43587,23	43648,01	LONG	0,00167	5981,87	0,00451	HOLD	98,2349	161,1073
2022-04-08	23:00	43648,01	43714,97	43395,9	43433,71	LONG	0,00167	5981,87	0,00451	HOLD	98,2349	160,7494
2022-04-09	00:00	43433,71	43457,18	42801,26	43004,38	LONG	0,00167	5981,87	0,00451	HOLD	98,2349	160,0325
2022-04-09	01:00	43004,37	43320,76	42414	42957,57	LONG	0,00167	5981,87	0,00451	HOLD	98,2349	159,9543
2022-04-09	02:00	42957,56	43192,67	42657,5	42730,84	LONG	0,00167	5981,87	0,00451	HOLD	98,2349	159,5756
2022-04-09	03:00	42730,84	42870,7	42532,96	42798,74	LONG	0,00167	5981,87	0,00451	HOLD	98,2349	159,689
2022-04-09	04:00	42798,75	42862,06	42450,88	42563,36	LONG	0,00167	5981,87	0,00451	HOLD	98,2349	159,296
2022-04-09	05:00	42563,36	42660,03	42241	42300,99	LONG	0,00167	5981,87	0,00451	HOLD	98,2349	158,8578
2022-04-09	06:00	42300,98	42370,06	42107,14	42252,01	LONG	0,00167	5981,87	0,00451	HOLD	98,2349	158,776
2022-04-09	07:00	42252,02	42455,66	42160	42435,02	LONG	0,00167	5981,87	0,00451	HOLD	98,2349	159,0816
2022-04-09	08:00	42435,03	42466,87	42294,33	42433,4	LONG	0,00167	5981,87	0,00451	HOLD	98,2349	159,0789
2022-04-09	09:00	42433,4	42448,16	42160,63	42180	LONG	0,00167	5981,87	0,00451	HOLD	98,2349	158,6557
2022-04-09	10:00	42180	42439,22	42125,48	42380	LONG	0,00167	5981,87	0,00451	HOLD	98,2349	158,9897
2022-04-09	11:00	42380	42560,99	42341,79	42406,82	LONG	0,00167	5981,87	0,00451	HOLD	98,2349	159,0345
2022-04-09	12:00	42406,82	42640	42406,01	42586,04	LONG	0,00167	5981,87	0,00451	HOLD	98,2349	159,3338
2022-04-09	13:00	42586,04	42601,84	42399,72	42440	LONG	0,00167	5981,87	0,00451	HOLD	98,2349	159,0899
2022-04-09	14:00	42440,01	42515	42364,25	42481,09	LONG	0,00167	5981,87	0,00451	HOLD	98,2349	159,1586
2022-04-09	15:00	42481,08	42509,04	42372,54	42463,51	LONG	0,00167	5981,87	0,00451	HOLD	98,2349	159,1292
2022-04-09	16:00	42463,5	42485,44	42397,66	42443,11	LONG	0,00167	5981,87	0,00451	HOLD	98,2349	159,0951
2022-04-09	17:00	42443,11	42485,44	42322,72	42480,56	LONG	0,00167	5981,87	0,00451	HOLD	98,2349	159,1577
2022-04-09	18:00	42480,56	42540	42434,36	42445,1	LONG	0,00167	5981,87	0,00451	HOLD	98,2349	159,0985
2022-04-09	19:00	42445,09	42522,44	42397,39	42506,35	LONG	0,00167	5981,87	0,00451	HOLD	98,2349	159,2007
2022-04-09	20:00	42506,34	42519,29	42445,72	42456,86	LONG	0,00167	5981,87	0,00451	HOLD	98,2349	159,1181
2022-04-09	21:00	42456,86	42500,2	42361,01	42460	LONG	0,00167	5981,87	0,00451	HOLD	98,2349	159,1233
2022-04-09	22:00	42459,99	42466,91	42158,67	42260,77	LONG	0,00167	5981,87	0,00451	HOLD	98,2349	158,7906
2022-04-09	23:00	42253,02	42522,57	42183,6	42445,64	LONG	0,00167	5981,87	0,00451	HOLD	98,2349	159,0994
2022-04-10	00:00	42445,65	42613,8	42410	42575,67	LONG	0,00167	5981,87	0,00451	HOLD	98,2349	159,3165
2022-04-10	01:00	42575,67	42631,69	42454,62	42467,82	LONG	0,00167	5981,87	0,00451	HOLD	98,2349	159,1364
2022-04-10	02:00	42467,82	42583,9	42448,11	42511,94	LONG	0,00167	5981,87	0,00451	HOLD	98,2349	159,2101
2022-04-10	03:00	42511,95	42638	42423,18	42423,18	LONG	0,00167	5981,87	0,00451	HOLD	98,2349	159,0619
2022-04-10	04:00	42423,18	42584,49	42390	42558,06	LONG	0,00167	5981,87	0,00451	HOLD	98,2349	159,2871
2022-04-10	05:00	42558,06	42634,88	42501,31	42543,42	LONG	0,00167	5981,87	0,00451	HOLD	98,2349	159,2627
2022-04-10	06:00	42543,42	42800	42488,23	42753,97	LONG	0,00167	5981,87	0,00451	HOLD	98,2349	159,6143
2022-04-10	07:00	42753,96	42776,62	42591	42632,32	LONG	0,00167	5981,87	0,00451	HOLD	98,2349	159,4111
2022-04-10	08:00	42632,31	42786,02	42597,9	42767,23	LONG	0,00167	5981,87	0,00451	HOLD	98,2349	159,6364
2022-04-10	09:00	42767,22	42896,64	42731,1	42833,03	LONG	0,00167	5981,87	0,00451	HOLD	98,2349	159,7463
2022-04-10	10:00	42833,03	42891,91	42775,74	42785,72	LONG	0,00167	5981,87	0,00451	HOLD	98,2349	159,6673
2022-04-10	11:00	42785,72	42791,24	42706,35	42740,86	LONG	0,00167	5981,87	0,00451	HOLD	98,2349	159,5924
2022-04-10	12:00	42740,86	42799	42650	42656,7	LONG	0,00167	5981,87	0,00451	HOLD	98,2349	159,4518
2022-04-10	13:00	42656,7	42793,21	42645,5	42785,32	LONG	0,00167	5981,87	0,00451	HOLD	98,2349	159,6666
2022-04-10	14:00	42785,33	42796,01	42575,4	42633,59	LONG	0,00167	5981,87	0,00451	HOLD	98,2349	159,4132
2022-04-10	15:00	42633,59	42716,75	42564,2	42642,54	LONG	0,00167	5981,87	0,00451	HOLD	98,2349	159,4282
2022-04-10	16:00	42642,55	42655,94	42489,01	42523,95	LONG	0,00167	5981,87	0,00451	HOLD	98,2349	159,2301
2022-04-10	17:00	42523,94	42563,62	42433,49	42530	LONG	0,00167	5981,87	0,00451	HOLD	98,2349	159,2402
2022-04-10	18:00	42530	42715,84	42517,01	42680,36	LONG	0,00167	5981,87	0,00451	HOLD	98,2349	159,4913
2022-04-10	19:00	42680,35	42850	42525	42590	LONG	0,00167	5981,87	0,00451	HOLD	98,2349	159,3404
2022-04-10	20:00	42589,99	42663,68	42525,44	42575,53	LONG	0,00167	5981,87	0,00451	HOLD	98,2349	159,3163
2022-04-10	21:00	42575,54	42748,08	42541,5	42698,38	LONG	0,00167	5981,87	0,00451	HOLD	98,2349	159,5214
2022-04-10	22:00	42698,38	42776,77	42650,02	42747,47	LONG	0,00167	5981,87	0,00451	HOLD	98,2349	159,6034
2022-04-10	23:00	42747,48	42799	42659,64	42784,43	LONG	0,00167	5981,87	0,00451	HOLD	98,2349	159,6651
2022-04-11	00:00	42784,43	43310,15	42784,43	43103,62	LONG	0,00167	5981,87	0,00451	HOLD	98,2349	160,1982
2022-04-11	01:00	43103,61	43258,83	43080	43107,6	LONG	0,00167	5981,87	0,00451	HOLD	98,2349	160,2048
2022-04-11	02:00	43107,61	43290	43075	43235,77	LONG	0,00167	5981,87	0,00451	HOLD	98,2349	160,4189
2022-04-11	03:00	43235,77	43410,3	43101,19	43101,23	LONG	0,00167	5981,87	0,00451	HOLD	98,2349	160,1942
2022-04-11	04:00	43101,23	43198,2	42654,93	42706	LONG	0,00167	5981,87	0,00451	HOLD	98,2349	159,5342
2022-04-11	05:00	42706,71	42740,88	41868	42111,94	LONG	0,00167	5981,87	0,00451	HOLD	98,2349	158,5421
2022-04-11	06:00	42111,93	42434,51	41980,28	42158,85	LONG	0,00167	5981,87	0,00451	HOLD	98,2349	158,6204
2022-04-11	07:00	42158,85	42394,71	41755	42303,26	LONG	0,00167	5981,87	0,00451	HOLD	98,2349	158,8616
2022-04-11	08:00	42303,26	42414,71	42153,06	42159,32	LONG	0,00167	5981,87	0,00451	HOLD	98,2349	158,6212
2022-04-11	09:00	42159,32	42225,77	41800	41929,34	LONG	0,00167	5981,87	0,00451	HOLD	98,2349	158,2371
2022-04-11	10:00	41929,33	42148,69	41828,74	42111,22	LONG	0,00167	5981,87	0,00451	HOLD	98,2349	158,5409
2022-04-11	11:00	42111,21	42283,45	42084,56	42259,43	LONG	0,00167	5981,87	0,00451	HOLD	98,2349	158,7884
2022-04-11	12:00	42259,44	42312,75	42183,5	42287,6	LONG	0,00167	5981,87	0,00451	HOLD	98,2349	158,8354
2022-04-11	13:00	42287,61	42340,09	42153,8	42250	LONG	0,00167	5981,87	0,00451	HOLD	98,2349	158,7726
2022-04-11	14:00	42249,99	42350,29	42161,45	42305,75	LONG	0,00167	5981,87	0,00451	HOLD	98,2349	158,8657
2022-04-11	15:00	42305,74	42350	42079,56	42200	LONG	0,00167	5981,87	0,00451	HOLD	98,2349	158,6891
2022-04-11	16:00	42200	42202,79	41392,8	41416,22	LONG	0,00167	5981,87	0,00451	HOLD	98,2349	157,3802
2022-04-11	17:00	41416,22	41646,55	41215	41595,99	LONG	0,00167	5981,87	0,00451	HOLD	98,2349	157,6804
2022-04-11	18:00	41595,98	41595,99	40968,11	41067,63	LONG	0,00167	5981,87	0,00451	HOLD	98,2349	156,7981
2022-04-11	19:00	41067,64	41246,61	40916,01	41145,46	LONG	0,00167	5981,87	0,00451	HOLD	98,2349	156,9281
2022-04-11	20:00	41145,45	41184	40684,8	41141,13	LONG	0,00167	5981,87	0,00451	HOLD	98,2349	156,9208
2022-04-11	21:00	41141,13	41220,9	40716,37	40803,87	LONG	0,00167	5981,87	0,00451	HOLD	98,2349	156,3576
2022-04-11	22:00	40803,86	40989,99	40560	40581,51	LONG	0,00167	5981,87	0,00451	HOLD	98,2349	155,9863
2022-04-11	23:00	40581,52	40832,55	40485,12	40764,79	LONG	0,00167	5981,87	0,00451	HOLD	98,2349	156,2923
2022-04-12	00:00	40764,79	40896,83	40250	40459,07	LONG	0,00167	5981,87	0,00451	HOLD	98,2349	155,7818
2022-04-12	01:00	40459,07	40520,45	40238	40509,98	LONG	0,00167	5981,87	0,00451	HOLD	98,2349	155,8668
2022-04-12	02:00	40509,97	40598,43	39770,35	39985,33	LONG	0,00167	5981,87	0,00451	HOLD	98,2349	154,9906
2022-04-12	03:00	39985,34	40269,6	39500	39838,26	LONG	0,00167	5981,87	0,00451	HOLD	98,2349	154,745
2022-04-12	04:00	39838,26	39916,45	39275,68	39395,29	LONG	0,00167	5981,87	0,00451	HOLD	98,2349	154,0053
2022-04-12	05:00	39395,29	39978,62	39200	39766,39	LONG	0,00167	5981,87	0,00451	HOLD	98,2349	154,625
2022-04-12	06:00	39766,39	39840,39	39372,35	39530,45	LONG	0,00167	5981,87	0,00451	HOLD	98,2349	154,231
2022-04-12	07:00	39530,45	39852,95	39357,64	39544,31	LONG	0,00167	5981,87	0,00451	HOLD	98,2349	154,2541
2022-04-12	08:00	39544,32	39727,8	39408,16	39504,54	LONG	0,00167	5981,87	0,00451	HOLD	98,2349	154,1877
2022-04-12	09:00	39504,54	39550,48	39290	39490	LONG	0,00167	5981,87	0,00451	HOLD	98,2349	154,1634
2022-04-12	10:00	39489,99	39750,01	39478,73	39747,13	LONG	0,00167	5981,87	0,00451	HOLD	98,2349	154,5928
2022-04-12	11:00	39747,14	39950	39624,71	39921,19	LONG	0,00167	5981,87	0,00451	HOLD	98,2349	154,8835
2022-04-12	12:00	39921,18	40145	39870,71	40105,78	LONG	0,00167	5981,87	0,00451	HOLD	98,2349	155,1918
2022-04-12	13:00	40105,78	40186,36	39834,98	39935,23	LONG	0,00167	5981,87	0,00451	HOLD	98,2349	154,907
2022-04-12	14:00	39935,24	40196,39	39866,31	40183,97	LONG	0,00167	5981,87	0,00451	HOLD	98,2349	155,3224
2022-04-12	15:00	40183,97	40344,6	40108,31	40182,03	LONG	0,00167	5981,87	0,00451	HOLD	98,2349	155,3191
2022-04-12	16:00	40182,02	40245,48	40016,09	40212,26	LONG	0,00167	5981,87	0,00451	HOLD	98,2349	155,3696
2022-04-12	17:00	40212,25	40273,24	40094,66	40149,99	LONG	0,00167	5981,87	0,00451	HOLD	98,2349	155,2656
2022-04-12	18:00	40150	40464	40105	40378	LONG	0,00167	5981,87	0,00451	HOLD	98,2349	155,6464
2022-04-12	19:00	40378	40699	40196,48	40618,37	LONG	0,00167	5981,87	0,00451	HOLD	98,2349	156,0478
2022-04-12	20:00	40618,37	40627,48	40154,99	40401,03	LONG	0,00167	5981,87	0,00451	HOLD	98,2349	155,6849
2022-04-12	21:00	40401,03	40436,31	39800	39990,39	LONG	0,00167	5981,87	0,00451	HOLD	98,2349	154,9991
2022-04-12	22:00	39990,38	40370	39959,21	40179,13	LONG	0,00167	5981,87	0,00451	HOLD	98,2349	155,3143
2022-04-12	23:00	40179,12	40376,8	39922,98	40097,23	LONG	0,00167	5981,87	0,00451	HOLD	98,2349	155,1775
2022-04-13	00:00	40097,23	40227,03	39940,02	40014,72	LONG	0,00167	5981,87	0,00451	HOLD	98,2349	155,0397
2022-04-13	01:00	40014,71	40056,52	39632	39667,85	LONG	0,00167	5981,87	0,00451	HOLD	98,2349	154,4605
2022-04-13	02:00	39667,85	39721,7	39261,39	39303,1	LONG	0,00167	5981,87	0,00451	HOLD	98,2349	153,8513
2022-04-13	03:00	39303,1	39597,94	39254,63	39519,99	LONG	0,00167	5981,87	0,00451	HOLD	98,2349	154,2135
2022-04-13	04:00	39519,99	39750,15	39473,91	39693,79	LONG	0,00167	5981,87	0,00451	HOLD	98,2349	154,5038
2022-04-13	05:00	39693,8	39927	39555,51	39827,96	LONG	0,00167	5981,87	0,00451	HOLD	98,2349	154,7278
2022-04-13	06:00	39827,97	40289,02	39819	40074,94	LONG	0,00167	5981,87	0,00451	HOLD	98,2349	155,1403
2022-04-13	07:00	40074,95	40189	39892,43	39936,17	LONG	0,00167	5981,87	0,00451	HOLD	98,2349	154,9085
2022-04-13	08:00	39936,17	39936,17	39588,54	39882,9	LONG	0,00167	5981,87	0,00451	HOLD	98,2349	154,8196
2022-04-13	09:00	39882,9	40189,27	39706,19	40059,14	LONG	0,00167	5981,87	0,00451	HOLD	98,2349	155,1139
2022-04-13	10:00	40059,15	40275	40013,79	40076,05	LONG	0,00167	5981,87	0,00451	HOLD	98,2349	155,1421
2022-04-13	11:00	40076,05	40142,6	39931,51	40134,51	LONG	0,00167	5981,87	0,00451	HOLD	98,2349	155,2398
2022-04-13	12:00	40134,5	40211,9	40063,51	40187,9	LONG	0,00167	5981,87	0,00451	HOLD	98,2349	155,3289
2022-04-13	13:00	40187,89	40228,41	39858,34	39958,45	LONG	0,00167	5981,87	0,00451	HOLD	98,2349	154,9458
2022-04-13	14:00	39958,44	40226,07	39910,07	40130	LONG	0,00167	5981,87	0,00451	HOLD	98,2349	155,2322
2022-04-13	15:00	40129,99	40200,03	40005	40162,32	LONG	0,00167	5981,87	0,00451	HOLD	98,2349	155,2862
2022-04-13	16:00	40162,32	40212,75	40029,86	40079,99	LONG	0,00167	5981,87	0,00451	HOLD	98,2349	155,1487
2022-04-13	17:00	40080	40142,11	39728,59	39808,11	LONG	0,00167	5981,87	0,00451	HOLD	98,2349	154,6947
2022-04-13	18:00	39808,1	39990	39656,1	39722,64	LONG	0,00167	5981,87	0,00451	HOLD	98,2349	154,552
2022-04-13	19:00	39722,63	39935,3	39648,78	39700,01	LONG	0,00167	5981,87	0,00451	HOLD	98,2349	154,5142
2022-04-13	20:00	39700,01	40569,99	39622,87	40521,75	LONG	0,00167	5981,87	0,00451	HOLD	98,2349	155,8865
2022-04-13	21:00	40521,75	40957	40365	40642,1	LONG	0,00167	5981,87	0,00451	HOLD	98,2349	156,0874
2022-04-13	22:00	40642,1	41411	40640	41158,18	LONG	0,00167	5981,87	0,00451	HOLD	98,2349	156,9493
2022-04-13	23:00	41158,18	41347,69	40938,14	41005,58	LONG	0,00167	5981,87	0,00451	HOLD	98,2349	156,6945
2022-04-14	00:00	41005,59	41141,57	40829	41043,91	LONG	0,00167	5981,87	0,00451	HOLD	98,2349	156,7585
2022-04-14	01:00	41043,91	41374,2	40990,62	41363,01	LONG	0,00167	5981,87	0,00451	HOLD	98,2349	157,2914
2022-04-14	02:00	41363,01	41561,31	41024,49	41059,3	LONG	0,00167	5981,87	0,00451	HOLD	98,2349	156,7842
2022-04-14	03:00	41059,31	41319,86	41000	41241,16	LONG	0,00167	5981,87	0,00451	HOLD	98,2349	157,0879
2022-04-14	04:00	41241,17	41337	41080,01	41219,72	LONG	0,00167	5981,87	0,00451	HOLD	98,2349	157,0521
2022-04-14	05:00	41219,73	41404,58	41151,71	41279,05	LONG	0,00167	5981,87	0,00451	HOLD	98,2349	157,1512
2022-04-14	06:00	41279,04	41340	41075,04	41147,79	LONG	0,00167	5981,87	0,00451	HOLD	98,2349	156,932
2022-04-14	07:00	41147,78	41272,19	41064,35	41186,23	LONG	0,00167	5981,87	0,00451	HOLD	98,2349	156,9961
2022-04-14	08:00	41186,22	41500	41177,94	41470,01	LONG	0,00167	5981,87	0,00451	HOLD	98,2349	157,4701
2022-04-14	09:00	41470	41473,24	41347,58	41419,99	LONG	0,00167	5981,87	0,00451	HOLD	98,2349	157,3865
2022-04-14	10:00	41420	41450	41271,08	41320	LONG	0,00167	5981,87	0,00451	HOLD	98,2349	157,2195
2022-04-14	11:00	41320	41413,11	41230,56	41290,81	LONG	0,00167	5981,87	0,00451	HOLD	98,2349	157,1708
2022-04-14	12:00	41290,81	41343,62	41242,97	41308,44	LONG	0,00167	5981,87	0,00451	HOLD	98,2349	157,2002
2022-04-14	13:00	41308,45	41332,7	41161,12	41195,39	LONG	0,00167	5981,87	0,00451	HOLD	98,2349	157,0114
2022-04-14	14:00	41195,39	41360	41156,9	41271,66	LONG	0,00167	5981,87	0,00451	HOLD	98,2349	157,1388
2022-04-14	15:00	41271,66	41324,93	41165	41172,72	LONG	0,00167	5981,87	0,00451	HOLD	98,2349	156,9736
2022-04-14	16:00	41172,72	41218,7	40973,51	41186,69	LONG	0,00167	5981,87	0,00451	HOLD	98,2349	156,9969
2022-04-14	17:00	41186,7	41225	40941,69	40946,47	LONG	0,00167	5981,87	0,00451	HOLD	98,2349	156,5957
2022-04-14	18:00	40946,47	41070,76	40851,5	40919,99	LONG	0,00167	5981,87	0,00451	HOLD	98,2349	156,5515
2022-04-14	19:00	40919,99	41186,9	40873,66	41149,98	LONG	0,00167	5981,87	0,00451	HOLD	98,2349	156,9356
2022-04-14	20:00	41149,98	41300	40516,48	40605,62	LONG	0,00167	5981,87	0,00451	HOLD	98,2349	156,0265
2022-04-14	21:00	40605,63	40659,82	40310,41	40435,04	LONG	0,00167	5981,87	0,00451	HOLD	98,2349	155,7417
2022-04-14	22:00	40435,03	40483,66	39925,21	39964,02	LONG	0,00167	5981,87	0,00451	HOLD	98,2349	154,9551
2022-04-14	23:00	39964,01	40069	39772,58	39951,1	LONG	0,00167	5981,87	0,00451	HOLD	98,2349	154,9335
2022-04-15	00:00	39951,11	40060,05	39842	39986,83	LONG	0,00167	5981,87	0,00451	HOLD	98,2349	154,9931
2022-04-15	01:00	39986,84	40028,94	39626,06	39659	LONG	0,00167	5981,87	0,00451	HOLD	98,2349	154,4457
2022-04-15	02:00	39658,99	39847,79	39551,94	39775,82	LONG	0,00167	5981,87	0,00451	HOLD	98,2349	154,6408
2022-04-15	03:00	39775,81	39910	39662,46	39909,99	LONG	0,00167	5981,87	0,00451	HOLD	98,2349	154,8648
2022-04-15	04:00	39909,99	40000	39861,31	39970	LONG	0,00167	5981,87	0,00451	HOLD	98,2349	154,965
2022-04-15	05:00	39969,99	40017,26	39806,25	39843,71	LONG	0,00167	5981,87	0,00451	HOLD	98,2349	154,7541
2022-04-15	06:00	39843,71	39946,94	39828,95	39942,38	LONG	0,00167	5981,87	0,00451	HOLD	98,2349	154,9189
2022-04-15	07:00	39942,37	40180	39766,4	39859,99	LONG	0,00167	5981,87	0,00451	HOLD	98,2349	154,7813
2022-04-15	08:00	39859,99	39978,66	39833,87	39941	LONG	0,00167	5981,87	0,00451	HOLD	98,2349	154,9166
2022-04-15	09:00	39941,01	40075,35	39909,06	40017,2	LONG	0,00167	5981,87	0,00451	HOLD	98,2349	155,0439
2022-04-15	10:00	40017,19	40207,25	40000	40200,94	LONG	0,00167	5981,87	0,00451	HOLD	98,2349	155,3507
2022-04-15	11:00	40200,95	40266,47	40062,61	40103,26	LONG	0,00167	5981,87	0,00451	HOLD	98,2349	155,1876
2022-04-15	12:00	40103,25	40214,59	40081,41	40132,73	LONG	0,00167	5981,87	0,00451	HOLD	98,2349	155,2368
2022-04-15	13:00	40132,74	40164,19	39967,72	40040	LONG	0,00167	5981,87	0,00451	HOLD	98,2349	155,0819
2022-04-15	14:00	40040	40449,96	39953,2	40239,43	LONG	0,00167	5981,87	0,00451	HOLD	98,2349	155,415
2022-04-15	15:00	40239,43	40396,59	40100	40153,97	LONG	0,00167	5981,87	0,00451	HOLD	98,2349	155,2723
2022-04-15	16:00	40153,98	40194,67	40036,06	40112,16	LONG	0,00167	5981,87	0,00451	HOLD	98,2349	155,2024
2022-04-15	17:00	40112,17	40399	40087,47	40268,24	LONG	0,00167	5981,87	0,00451	HOLD	98,2349	155,4631
2022-04-15	18:00	40268,23	40363,01	40100	40220	LONG	0,00167	5981,87	0,00451	HOLD	98,2349	155,3825
2022-04-15	19:00	40220	40258,26	40106,54	40149,99	LONG	0,00167	5981,87	0,00451	HOLD	98,2349	155,2656
2022-04-15	20:00	40150	40234,81	40010,2	40039,87	LONG	0,00167	5981,87	0,00451	HOLD	98,2349	155,0817
2022-04-15	21:00	40039,87	40870,36	39900	40450	LONG	0,00167	5981,87	0,00451	HOLD	98,2349	155,7666
2022-04-15	22:00	40450	40578,16	40354,54	40412,2	LONG	0,00167	5981,87	0,00451	HOLD	98,2349	155,7035
2022-04-15	23:00	40412,21	40449,23	40203,68	40383,09	LONG	0,00167	5981,87	0,00451	HOLD	98,2349	155,6549
2022-04-16	00:00	40383,1	40650,01	40356,71	40436,01	LONG	0,00167	5981,87	0,00451	HOLD	98,2349	155,7433
2022-04-16	01:00	40436,01	40472,25	40360,14	40388,11	LONG	0,00167	5981,87	0,00451	HOLD	98,2349	155,6633
2022-04-16	02:00	40388,11	40395,5	40276	40313,35	LONG	0,00167	5981,87	0,00451	HOLD	98,2349	155,5384
2022-04-16	03:00	40313,35	40403,26	40281,35	40396,69	LONG	0,00167	5981,87	0,00451	HOLD	98,2349	155,6776
2022-04-16	04:00	40396,7	40465	40362,37	40426	LONG	0,00167	5981,87	0,00451	HOLD	98,2349	155,7266
2022-04-16	05:00	40425,99	40504,67	40341,12	40467,48	LONG	0,00167	5981,87	0,00451	HOLD	98,2349	155,7958
2022-04-16	06:00	40467,48	40602	40420	40551,9	LONG	0,00167	5981,87	0,00451	HOLD	98,2349	155,9368
2022-04-16	07:00	40551,9	40573,68	40468,25	40560	LONG	0,00167	5981,87	0,00451	HOLD	98,2349	155,9503
2022-04-16	08:00	40560	40709,35	40525,67	40579,99	LONG	0,00167	5981,87	0,00451	HOLD	98,2349	155,9837
2022-04-16	09:00	40579,99	40595,02	40499,7	40522,34	LONG	0,00167	5981,87	0,00451	HOLD	98,2349	155,8875
2022-04-16	10:00	40522,34	40522,34	40410,75	40434,12	LONG	0,00167	5981,87	0,00451	HOLD	98,2349	155,7401
2022-04-16	11:00	40434,11	40563,46	40417,29	40539,47	LONG	0,00167	5981,87	0,00451	HOLD	98,2349	155,9161
2022-04-16	12:00	40539,46	40539,47	40373,91	40456,82	LONG	0,00167	5981,87	0,00451	HOLD	98,2349	155,778
2022-04-16	13:00	40456,82	40456,82	40367,5	40419,52	LONG	0,00167	5981,87	0,00451	HOLD	98,2349	155,7157
2022-04-16	14:00	40419,52	40450	40353,54	40393,77	LONG	0,00167	5981,87	0,00451	HOLD	98,2349	155,6727
2022-04-16	15:00	40393,77	40447,71	40344,92	40369,99	LONG	0,00167	5981,87	0,00451	HOLD	98,2349	155,633
2022-04-16	16:00	40370	40414,58	40277	40328,79	LONG	0,00167	5981,87	0,00451	HOLD	98,2349	155,5642
2022-04-16	17:00	40328,8	40484,7	40310,05	40413,91	LONG	0,00167	5981,87	0,00451	HOLD	98,2349	155,7064
2022-04-16	18:00	40413,91	40492,91	40390,55	40416,95	LONG	0,00167	5981,87	0,00451	HOLD	98,2349	155,7114
2022-04-16	19:00	40416,94	40472,01	40341,83	40449,11	LONG	0,00167	5981,87	0,00451	HOLD	98,2349	155,7652
2022-04-16	20:00	40449,1	40461,73	40377	40438,15	LONG	0,00167	5981,87	0,00451	HOLD	98,2349	155,7469
2022-04-16	21:00	40438,16	40505,52	40400	40493,32	LONG	0,00167	5981,87	0,00451	HOLD	98,2349	155,839
2022-04-16	22:00	40493,31	40577,57	39991,55	40062,68	LONG	0,00167	5981,87	0,00451	HOLD	98,2349	155,1198
2022-04-16	23:00	40062,67	40236,01	40005,78	40203,33	LONG	0,00167	5981,87	0,00451	HOLD	98,2349	155,3547
2022-04-17	00:00	40203,33	40236,01	40096,4	40153	LONG	0,00167	5981,87	0,00451	HOLD	98,2349	155,2707
2022-04-17	01:00	40152,99	40197,42	40106,98	40183,9	LONG	0,00167	5981,87	0,00451	HOLD	98,2349	155,3223
2022-04-17	02:00	40183,91	40250	40170	40210	LONG	0,00167	5981,87	0,00451	HOLD	98,2349	155,3658
2022-04-17	03:00	40210,01	40394,39	40185,45	40280	LONG	0,00167	5981,87	0,00451	HOLD	98,2349	155,4827
2022-04-17	04:00	40280	40600	40280	40485,28	LONG	0,00167	5981,87	0,00451	HOLD	98,2349	155,8256
2022-04-17	05:00	40485,28	40699,55	40392,5	40405,86	LONG	0,00167	5981,87	0,00451	HOLD	98,2349	155,6929
2022-04-17	06:00	40405,85	40499	40360,11	40378,71	LONG	0,00167	5981,87	0,00451	HOLD	98,2349	155,6476
2022-04-17	07:00	40378,7	40413,14	40300,84	40374,13	LONG	0,00167	5981,87	0,00451	HOLD	98,2349	155,6399
2022-04-17	08:00	40374,13	40423	40326,87	40387,43	LONG	0,00167	5981,87	0,00451	HOLD	98,2349	155,6622
2022-04-17	09:00	40387,44	40387,44	40122,05	40166,93	LONG	0,00167	5981,87	0,00451	HOLD	98,2349	155,2939
2022-04-17	10:00	40166,93	40295	40124,99	40230,86	LONG	0,00167	5981,87	0,00451	HOLD	98,2349	155,4007
2022-04-17	11:00	40230,87	40340	40226,55	40282,58	LONG	0,00167	5981,87	0,00451	HOLD	98,2349	155,4871
2022-04-17	12:00	40282,58	40430	40253,1	40364,48	LONG	0,00167	5981,87	0,00451	HOLD	98,2349	155,6238
2022-04-17	13:00	40364,47	40391,71	40311,66	40323,16	LONG	0,00167	5981,87	0,00451	HOLD	98,2349	155,5548
2022-04-17	14:00	40323,15	40359,74	40234,79	40285,15	LONG	0,00167	5981,87	0,00451	HOLD	98,2349	155,4913
2022-04-17	15:00	40285,15	40424,01	40280	40390,16	LONG	0,00167	5981,87	0,00451	HOLD	98,2349	155,6667
2022-04-17	16:00	40390,15	40529,79	40390,15	40419,82	LONG	0,00167	5981,87	0,00451	HOLD	98,2349	155,7162
2022-04-17	17:00	40419,82	40461,64	40377,77	40412,88	LONG	0,00167	5981,87	0,00451	HOLD	98,2349	155,7047
2022-04-17	18:00	40412,89	40485	40363,6	40464,77	LONG	0,00167	5981,87	0,00451	HOLD	98,2349	155,7913
2022-04-17	19:00	40464,77	40490,88	40366,98	40421,72	LONG	0,00167	5981,87	0,00451	HOLD	98,2349	155,7194
2022-04-17	20:00	40421,72	40595,67	40250,02	40306,56	LONG	0,00167	5981,87	0,00451	HOLD	98,2349	155,5271
2022-04-17	21:00	40306,53	40421,15	40200	40359,19	LONG	0,00167	5981,87	0,00451	HOLD	98,2349	155,615
2022-04-17	22:00	40359,19	40485,82	40321,92	40445,3	LONG	0,00167	5981,87	0,00451	HOLD	98,2349	155,7588
2022-04-17	23:00	40445,3	40476,07	40125,89	40200,01	LONG	0,00167	5981,87	0,00451	HOLD	98,2349	155,3492
2022-04-18	00:00	40200	40276	40050	40101,72	LONG	0,00167	5981,87	0,00451	HOLD	98,2349	155,185
2022-04-18	01:00	40101,72	40160	39833,31	40119,99	LONG	0,00167	5981,87	0,00451	HOLD	98,2349	155,2155
2022-04-18	02:00	40119,99	40450	40087,19	40370,46	LONG	0,00167	5981,87	0,00451	HOLD	98,2349	155,6338
2022-04-18	03:00	40370,46	40459,52	40232,62	40263,19	LONG	0,00167	5981,87	0,00451	HOLD	98,2349	155,4547
2022-04-18	04:00	40263,19	40285,56	40127	40208,14	LONG	0,00167	5981,87	0,00451	HOLD	98,2349	155,3627
2022-04-18	05:00	40208,15	40340,22	39932,66	40000	LONG	0,00167	5981,87	0,00451	HOLD	98,2349	155,0151
2022-04-18	06:00	39999,99	40002,97	39546,17	39678,12	LONG	0,00167	5981,87	0,00451	HOLD	98,2349	154,4776
2022-04-18	07:00	39678,11	39784,98	39580,05	39732,92	LONG	0,00167	5981,87	0,00451	HOLD	98,2349	154,5691
2022-04-18	08:00	39732,92	39828,62	39667,63	39752,13	LONG	0,00167	5981,87	0,00451	HOLD	98,2349	154,6012
2022-04-18	09:00	39752,13	39838,45	39721,24	39796,91	LONG	0,00167	5981,87	0,00451	HOLD	98,2349	154,676
2022-04-18	10:00	39796,91	39896,98	39743,64	39813,17	LONG	0,00167	5981,87	0,00451	HOLD	98,2349	154,7031
2022-04-18	11:00	39813,17	39847,24	38673,18	38819,06	LONG	0,00167	5981,87	0,00451	HOLD	98,2349	153,043
2022-04-18	12:00	38819,07	38986,2	38536,51	38922,21	LONG	0,00167	5981,87	0,00451	HOLD	98,2349	153,2152
2022-04-18	13:00	38922,21	39070,05	38883,88	38980,39	LONG	0,00167	5981,87	0,00451	HOLD	98,2349	153,3124
2022-04-18	14:00	38980,4	39068,96	38791,73	38919,85	LONG	0,00167	5981,87	0,00451	HOLD	98,2349	153,2113
2022-04-18	15:00	38919,85	39064,97	38851,57	38874,87	LONG	0,00167	5981,87	0,00451	HOLD	98,2349	153,1362
2022-04-18	16:00	38874,87	38990,89	38799	38976,39	LONG	0,00167	5981,87	0,00451	HOLD	98,2349	153,3057
2022-04-18	17:00	38976,39	39138,49	38920,62	38923,98	LONG	0,00167	5981,87	0,00451	HOLD	98,2349	153,2182
2022-04-18	18:00	38923,98	39107,99	38923,98	38998,54	LONG	0,00167	5981,87	0,00451	HOLD	98,2349	153,3427
2022-04-18	19:00	38998,54	39529,77	38998,54	39400,02	LONG	0,00167	5981,87	0,00451	HOLD	98,2349	154,0132
2022-04-18	20:00	39400,01	39620,8	39233,13	39326,13	LONG	0,00167	5981,87	0,00451	HOLD	98,2349	153,8898
2022-04-18	21:00	39326,13	39569,92	39302,15	39340	LONG	0,00167	5981,87	0,00451	HOLD	98,2349	153,9129
2022-04-18	22:00	39340	39370	39122,78	39254,5	LONG	0,00167	5981,87	0,00451	HOLD	98,2349	153,7702
2022-04-18	23:00	39254,5	39622,15	39000	39464,46	LONG	0,00167	5981,87	0,00451	HOLD	98,2349	154,1208
2022-04-19	00:00	39464,46	40370,8	39463,21	40211,03	LONG	0,00167	5981,87	0,00451	HOLD	98,2349	155,3676
2022-04-19	01:00	40211,03	41116,73	40211,03	40646,01	LONG	0,00167	5981,87	0,00451	HOLD	98,2349	156,094
2022-04-19	02:00	40646,01	40747,02	40421,67	40680,68	LONG	0,00167	5981,87	0,00451	HOLD	98,2349	156,1519
2022-04-19	03:00	40680,68	40909,08	40632,51	40664,26	LONG	0,00167	5981,87	0,00451	HOLD	98,2349	156,1245
2022-04-19	04:00	40664,25	41099	40664,25	40801,3	LONG	0,00167	5981,87	0,00451	HOLD	98,2349	156,3533
2022-04-19	05:00	40801,29	40949,93	40710	40923,74	LONG	0,00167	5981,87	0,00451	HOLD	98,2349	156,5578
2022-04-19	06:00	40923,75	40972,77	40721,25	40801,13	LONG	0,00167	5981,87	0,00451	HOLD	98,2349	156,353
2022-04-19	07:00	40801,13	41263,43	40792,45	40880,79	LONG	0,00167	5981,87	0,00451	HOLD	98,2349	156,4861
2022-04-19	08:00	40880,79	40935,96	40699,09	40750,05	LONG	0,00167	5981,87	0,00451	HOLD	98,2349	156,2677
2022-04-19	09:00	40750,05	40764,92	40601	40611	LONG	0,00167	5981,87	0,00451	HOLD	98,2349	156,0355
2022-04-19	10:00	40611,01	40790,85	40609,3	40693,79	LONG	0,00167	5981,87	0,00451	HOLD	98,2349	156,1738
2022-04-19	11:00	40693,79	40883,99	40658,15	40864,27	LONG	0,00167	5981,87	0,00451	HOLD	98,2349	156,4585
2022-04-19	12:00	40864,27	40877,5	40649,15	40660,96	LONG	0,00167	5981,87	0,00451	HOLD	98,2349	156,1189
2022-04-19	13:00	40660,96	40805,69	40660,96	40711,6	LONG	0,00167	5981,87	0,00451	HOLD	98,2349	156,2035
2022-04-19	14:00	40711,61	40750	40571	40683,14	LONG	0,00167	5981,87	0,00451	HOLD	98,2349	156,156
2022-04-19	15:00	40683,13	40854,82	40666,9	40725,91	LONG	0,00167	5981,87	0,00451	HOLD	98,2349	156,2274
2022-04-19	16:00	40725,91	40768,42	40580	40665,4	LONG	0,00167	5981,87	0,00451	HOLD	98,2349	156,1264
2022-04-19	17:00	40665,4	40815,87	40636,74	40795,62	LONG	0,00167	5981,87	0,00451	HOLD	98,2349	156,3438
2022-04-19	18:00	40795,61	41026,89	40665,05	40687,3	LONG	0,00167	5981,87	0,00451	HOLD	98,2349	156,1629
2022-04-19	19:00	40687,3	41104	40662,26	40975,11	LONG	0,00167	5981,87	0,00451	HOLD	98,2349	156,6436
2022-04-19	20:00	40975,12	41472,34	40841,65	41451,52	LONG	0,00167	5981,87	0,00451	HOLD	98,2349	157,4392
2022-04-19	21:00	41451,52	41687,14	41380,5	41565,91	LONG	0,00167	5981,87	0,00451	HOLD	98,2349	157,6302
2022-04-19	22:00	41565,92	41760	41371,81	41445,87	LONG	0,00167	5981,87	0,00451	HOLD	98,2349	157,4297
2022-04-19	23:00	41445,88	41546,63	41236,55	41342,26	LONG	0,00167	5981,87	0,00451	HOLD	98,2349	157,2567
2022-04-20	00:00	41342,25	41370,01	41167,92	41345,63	LONG	0,00167	5981,87	0,00451	HOLD	98,2349	157,2623
2022-04-20	01:00	41345,63	41503,76	41312,31	41400,55	LONG	0,00167	5981,87	0,00451	HOLD	98,2349	157,3541
2022-04-20	02:00	41400,56	41547,65	41362,02	41417,24	LONG	0,00167	5981,87	0,00451	HOLD	98,2349	157,3819
2022-04-20	03:00	41417,23	41417,25	41212,94	41293,15	LONG	0,00167	5981,87	0,00451	HOLD	98,2349	157,1747
2022-04-20	04:00	41293,15	41391,24	41260	41313,07	LONG	0,00167	5981,87	0,00451	HOLD	98,2349	157,208
2022-04-20	05:00	41313,08	41460,52	41265,86	41395,39	LONG	0,00167	5981,87	0,00451	HOLD	98,2349	157,3454
2022-04-20	06:00	41395,38	41539,9	41395,38	41493,18	LONG	0,00167	5981,87	0,00451	HOLD	98,2349	157,5088
2022-04-20	07:00	41493,19	41541,23	41250,26	41295,37	LONG	0,00167	5981,87	0,00451	HOLD	98,2349	157,1784
2022-04-20	08:00	41295,37	41385,72	41229,96	41351,39	LONG	0,00167	5981,87	0,00451	HOLD	98,2349	157,272
2022-04-20	09:00	41351,39	41399	41311,69	41372,13	LONG	0,00167	5981,87	0,00451	HOLD	98,2349	157,3066
2022-04-20	10:00	41372,13	41394,75	41296,01	41386,14	LONG	0,00167	5981,87	0,00451	HOLD	98,2349	157,33
2022-04-20	11:00	41386,14	41396,67	41261,58	41337,09	LONG	0,00167	5981,87	0,00451	HOLD	98,2349	157,2481
2022-04-20	12:00	41337,09	41446,28	41290	41443,99	LONG	0,00167	5981,87	0,00451	HOLD	98,2349	157,4266
2022-04-20	13:00	41443,99	41472,34	41383,02	41472,34	LONG	0,00167	5981,87	0,00451	HOLD	98,2349	157,474
2022-04-20	14:00	41472,33	41631,47	41291,88	41340,05	LONG	0,00167	5981,87	0,00451	HOLD	98,2349	157,253
2022-04-20	15:00	41340,04	41520	41302,02	41477,51	LONG	0,00167	5981,87	0,00451	HOLD	98,2349	157,4826
2022-04-20	16:00	41477,52	41720	41452,54	41540,01	LONG	0,00167	5981,87	0,00451	HOLD	98,2349	157,587
2022-04-20	17:00	41540,01	41892,89	41448,35	41821,38	LONG	0,00167	5981,87	0,00451	HOLD	98,2349	158,0568
2022-04-20	18:00	41821,37	42199	41712,76	42090	LONG	0,00167	5981,87	0,00451	HOLD	98,2349	158,5054
2022-04-20	19:00	42090,01	42173,38	41943,55	42102,57	LONG	0,00167	5981,87	0,00451	HOLD	98,2349	158,5264
2022-04-20	20:00	42102,57	42110,07	41388,11	41591,55	LONG	0,00167	5981,87	0,00451	HOLD	98,2349	157,673
2022-04-20	21:00	41591,54	41756,49	41509,01	41549,13	LONG	0,00167	5981,87	0,00451	HOLD	98,2349	157,6022
2022-04-20	22:00	41549,13	41559,99	41054,1	41261,73	LONG	0,00167	5981,87	0,00451	HOLD	98,2349	157,1222
2022-04-20	23:00	41261,72	41438,51	41037,11	41371,85	LONG	0,00167	5981,87	0,00451	HOLD	98,2349	157,3061
2022-04-21	00:00	41371,85	41452,46	41283,61	41370,25	LONG	0,00167	5981,87	0,00451	HOLD	98,2349	157,3035
2022-04-21	01:00	41370,26	41370,26	40820	40965,95	LONG	0,00167	5981,87	0,00451	HOLD	98,2349	156,6283
2022-04-21	02:00	40965,94	41269,79	40938,06	41193,89	LONG	0,00167	5981,87	0,00451	HOLD	98,2349	157,0089
2022-04-21	03:00	41193,89	41434,88	41140	41413,27	LONG	0,00167	5981,87	0,00451	HOLD	98,2349	157,3753
2022-04-21	04:00	41413,27	41645,09	41371,33	41496,45	LONG	0,00167	5981,87	0,00451	HOLD	98,2349	157,5142
2022-04-21	05:00	41496,45	41616,89	41431	41467,66	LONG	0,00167	5981,87	0,00451	HOLD	98,2349	157,4661
2022-04-21	06:00	41467,65	41483,53	41286,53	41358,19	LONG	0,00167	5981,87	0,00451	HOLD	98,2349	157,2833
2022-04-21	07:00	41358,19	41569,04	41320,47	41528,1	LONG	0,00167	5981,87	0,00451	HOLD	98,2349	157,5671
2022-04-21	08:00	41528,1	41785,48	41468,61	41674,49	LONG	0,00167	5981,87	0,00451	HOLD	98,2349	157,8115
2022-04-21	09:00	41674,48	41723,84	41567,42	41623,24	LONG	0,00167	5981,87	0,00451	HOLD	98,2349	157,726
2022-04-21	10:00	41623,24	41711,71	41551,68	41693,58	LONG	0,00167	5981,87	0,00451	HOLD	98,2349	157,8434
2022-04-21	11:00	41693,58	41750	41525	41610,01	LONG	0,00167	5981,87	0,00451	HOLD	98,2349	157,7039
2022-04-21	12:00	41610,01	41699	41434,44	41462,76	LONG	0,00167	5981,87	0,00451	HOLD	98,2349	157,458
2022-04-21	13:00	41462,75	41600	41419,2	41522,38	LONG	0,00167	5981,87	0,00451	HOLD	98,2349	157,5575
2022-04-21	14:00	41522,38	41940	41451	41855,69	LONG	0,00167	5981,87	0,00451	HOLD	98,2349	158,1141
2022-04-21	15:00	41855,69	42050,3	41741,1	41922,97	LONG	0,00167	5981,87	0,00451	HOLD	98,2349	158,2265
2022-04-21	16:00	41922,96	41971,9	41743,96	41803,7	LONG	0,00167	5981,87	0,00451	HOLD	98,2349	158,0273
2022-04-21	17:00	41803,7	42470	41782,71	42254,13	LONG	0,00167	5981,87	0,00451	HOLD	98,2349	158,7795
2022-04-21	18:00	42254,13	42690	42240	42440	LONG	0,00167	5981,87	0,00451	HOLD	98,2349	159,0899
2022-04-21	19:00	42440,01	42779,99	42343,97	42666,02	LONG	0,00167	5981,87	0,00451	HOLD	98,2349	159,4674
2022-04-21	20:00	42666,03	42976	42607,6	42693	LONG	0,00167	5981,87	0,00451	HOLD	98,2349	159,5125
2022-04-21	21:00	42693	42708,27	42415,63	42498,41	LONG	0,00167	5981,87	0,00451	HOLD	98,2349	159,1875
2022-04-21	22:00	42498,41	42568,75	42085,65	42135,33	LONG	0,00167	5981,87	0,00451	HOLD	98,2349	158,5811
2022-04-21	23:00	42135,34	42184,04	41814,92	41814,92	LONG	0,00167	5981,87	0,00451	HOLD	98,2349	158,0461
2022-04-22	00:00	41814,92	41927,56	41487,58	41554	LONG	0,00167	5981,87	0,00451	HOLD	98,2349	157,6103
2022-04-22	01:00	41554	41670,21	41393,68	41462,09	LONG	0,00167	5981,87	0,00451	HOLD	98,2349	157,4568
2022-04-22	02:00	41462,1	41555,16	41207,22	41218,81	LONG	0,00167	5981,87	0,00451	HOLD	98,2349	157,0506
2022-04-22	03:00	41218,82	41309,67	40541,56	40609,25	LONG	0,00167	5981,87	0,00451	HOLD	98,2349	156,0326
2022-04-22	04:00	40609,26	40846,14	40557,32	40726,46	LONG	0,00167	5981,87	0,00451	HOLD	98,2349	156,2283
2022-04-22	05:00	40726,46	40815,6	39751	40412,01	LONG	0,00167	5981,87	0,00451	HOLD	98,2349	155,7032
2022-04-22	06:00	40412	40561,63	40323,58	40480,01	LONG	0,00167	5981,87	0,00451	HOLD	98,2349	155,8168
2022-04-22	07:00	40480,01	40658,19	40232,63	40427,23	LONG	0,00167	5981,87	0,00451	HOLD	98,2349	155,7286
2022-04-22	08:00	40427,23	40565,22	40312,91	40501,22	LONG	0,00167	5981,87	0,00451	HOLD	98,2349	155,8522
2022-04-22	09:00	40501,23	40638,98	40425,31	40486,19	LONG	0,00167	5981,87	0,00451	HOLD	98,2349	155,8271
2022-04-22	10:00	40486,19	40634,49	40447,16	40502,11	LONG	0,00167	5981,87	0,00451	HOLD	98,2349	155,8537
2022-04-22	11:00	40502,1	40635	40458,12	40628,73	LONG	0,00167	5981,87	0,00451	HOLD	98,2349	156,0651
2022-04-22	12:00	40628,74	40730,15	40596,69	40669,26	LONG	0,00167	5981,87	0,00451	HOLD	98,2349	156,1328
2022-04-22	13:00	40669,26	40795,06	40625,94	40678,09	LONG	0,00167	5981,87	0,00451	HOLD	98,2349	156,1476
2022-04-22	14:00	40678,1	40788,19	40293	40709,59	LONG	0,00167	5981,87	0,00451	HOLD	98,2349	156,2002
2022-04-22	15:00	40709,6	40783,54	40352,69	40407,33	LONG	0,00167	5981,87	0,00451	HOLD	98,2349	155,6954
2022-04-22	16:00	40407,33	40476,63	40200	40298,26	LONG	0,00167	5981,87	0,00451	HOLD	98,2349	155,5132
2022-04-22	17:00	40298,26	40498	40138,03	40459,92	LONG	0,00167	5981,87	0,00451	HOLD	98,2349	155,7832
2022-04-22	18:00	40459,92	40600	40429,67	40585,54	LONG	0,00167	5981,87	0,00451	HOLD	98,2349	155,993
2022-04-22	19:00	40585,54	40618,69	40362,06	40409,49	LONG	0,00167	5981,87	0,00451	HOLD	98,2349	155,699
2022-04-22	20:00	40409,48	40640	40050	40244,96	LONG	0,00167	5981,87	0,00451	HOLD	98,2349	155,4242
2022-04-22	21:00	40244,96	40448,31	39804,72	39867	LONG	0,00167	5981,87	0,00451	HOLD	98,2349	154,793
2022-04-22	22:00	39866,99	40012,7	39320,02	39433,6	LONG	0,00167	5981,87	0,00451	HOLD	98,2349	154,0693
2022-04-22	23:00	39433,6	39531,43	39177	39382,8	LONG	0,00167	5981,87	0,00451	HOLD	98,2349	153,9844
2022-04-23	00:00	39382,79	39536,51	39296,2	39340,61	LONG	0,00167	5981,87	0,00451	HOLD	98,2349	153,914
2022-04-23	01:00	39340,61	39652,26	39203,52	39525,29	LONG	0,00167	5981,87	0,00451	HOLD	98,2349	154,2224
2022-04-23	02:00	39525,28	39786,62	39418,95	39502,92	LONG	0,00167	5981,87	0,00451	HOLD	98,2349	154,185
2022-04-23	03:00	39502,92	39624,52	39401	39623,54	LONG	0,00167	5981,87	0,00451	HOLD	98,2349	154,3865
2022-04-23	04:00	39623,53	39710	39541,59	39615,22	LONG	0,00167	5981,87	0,00451	HOLD	98,2349	154,3726
2022-04-23	05:00	39615,22	39750	39433,73	39711,22	LONG	0,00167	5981,87	0,00451	HOLD	98,2349	154,5329
2022-04-23	06:00	39711,22	39835,23	39663,12	39709,18	LONG	0,00167	5981,87	0,00451	HOLD	98,2349	154,5295
2022-04-23	07:00	39709,19	39872,64	39557,21	39566,45	LONG	0,00167	5981,87	0,00451	HOLD	98,2349	154,2911
2022-04-23	08:00	39566,46	39699	39564,14	39608,78	LONG	0,00167	5981,87	0,00451	HOLD	98,2349	154,3618
2022-04-23	09:00	39608,78	39611,31	39429,31	39495,49	LONG	0,00167	5981,87	0,00451	HOLD	98,2349	154,1726
2022-04-23	10:00	39495,48	39553,01	39406,25	39463,02	LONG	0,00167	5981,87	0,00451	HOLD	98,2349	154,1184
2022-04-23	11:00	39463,01	39567,6	39285	39533,62	LONG	0,00167	5981,87	0,00451	HOLD	98,2349	154,2363
2022-04-23	12:00	39533,62	39627,18	39508,36	39570	LONG	0,00167	5981,87	0,00451	HOLD	98,2349	154,297
2022-04-23	13:00	39570	39687,77	39549,21	39588,25	LONG	0,00167	5981,87	0,00451	HOLD	98,2349	154,3275
2022-04-23	14:00	39588,25	39654,24	39551,59	39600,98	LONG	0,00167	5981,87	0,00451	HOLD	98,2349	154,3488
2022-04-23	15:00	39600,98	39686,64	39535,05	39639,22	LONG	0,00167	5981,87	0,00451	HOLD	98,2349	154,4126
2022-04-23	16:00	39639,21	39653,96	39501,41	39520,82	LONG	0,00167	5981,87	0,00451	HOLD	98,2349	154,2149
2022-04-23	17:00	39520,82	39661,37	39520,81	39600,28	LONG	0,00167	5981,87	0,00451	HOLD	98,2349	154,3476
2022-04-23	18:00	39600,28	39684	39580	39602,93	LONG	0,00167	5981,87	0,00451	HOLD	98,2349	154,352
2022-04-23	19:00	39602,93	39777,77	39535,22	39695,13	LONG	0,00167	5981,87	0,00451	HOLD	98,2349	154,506
2022-04-23	20:00	39695,12	39797,37	39642,79	39703,86	LONG	0,00167	5981,87	0,00451	HOLD	98,2349	154,5206
2022-04-23	21:00	39703,86	39758,93	39645	39715,31	LONG	0,00167	5981,87	0,00451	HOLD	98,2349	154,5397
2022-04-23	22:00	39715,31	39820,62	39664,1	39792,65	LONG	0,00167	5981,87	0,00451	HOLD	98,2349	154,6689
2022-04-23	23:00	39792,65	39980	39715,96	39828,68	LONG	0,00167	5981,87	0,00451	HOLD	98,2349	154,729
2022-04-24	00:00	39828,68	39832,89	39710,02	39815,89	LONG	0,00167	5981,87	0,00451	HOLD	98,2349	154,7077
2022-04-24	01:00	39815,88	39839,99	39658,09	39683,92	LONG	0,00167	5981,87	0,00451	HOLD	98,2349	154,4873
2022-04-24	02:00	39683,91	39777,03	39666,02	39755,32	LONG	0,00167	5981,87	0,00451	HOLD	98,2349	154,6065
2022-04-24	03:00	39755,31	39822,95	39748,74	39794,24	LONG	0,00167	5981,87	0,00451	HOLD	98,2349	154,6715
2022-04-24	04:00	39794,23	39948,27	39778,93	39895	LONG	0,00167	5981,87	0,00451	HOLD	98,2349	154,8398
2022-04-24	05:00	39895,01	39928,04	39786,08	39816,37	LONG	0,00167	5981,87	0,00451	HOLD	98,2349	154,7085
2022-04-24	06:00	39816,36	39820,81	39327,58	39441,6	LONG	0,00167	5981,87	0,00451	HOLD	98,2349	154,0826
2022-04-24	07:00	39441,61	39654,56	39414,18	39560,56	LONG	0,00167	5981,87	0,00451	HOLD	98,2349	154,2813
2022-04-24	08:00	39560,55	39637,93	39467,7	39476,23	LONG	0,00167	5981,87	0,00451	HOLD	98,2349	154,1404
2022-04-24	09:00	39476,22	39606,1	39420,11	39539,62	LONG	0,00167	5981,87	0,00451	HOLD	98,2349	154,2463
2022-04-24	10:00	39539,62	39828	39511,57	39776,57	LONG	0,00167	5981,87	0,00451	HOLD	98,2349	154,642
2022-04-24	11:00	39776,56	39815,42	39656,86	39703,67	LONG	0,00167	5981,87	0,00451	HOLD	98,2349	154,5203
2022-04-24	12:00	39703,68	39720,98	39629,99	39667,21	LONG	0,00167	5981,87	0,00451	HOLD	98,2349	154,4594
2022-04-24	13:00	39667,21	39800,01	39649	39744,43	LONG	0,00167	5981,87	0,00451	HOLD	98,2349	154,5883
2022-04-24	14:00	39744,42	39810,02	39725,97	39751,38	LONG	0,00167	5981,87	0,00451	HOLD	98,2349	154,5999
2022-04-24	15:00	39751,38	39803,74	39714	39723,88	LONG	0,00167	5981,87	0,00451	HOLD	98,2349	154,554
2022-04-24	16:00	39723,88	39779,26	39662,48	39750,11	LONG	0,00167	5981,87	0,00451	HOLD	98,2349	154,5978
2022-04-24	17:00	39750,11	39784,66	39642,07	39695,42	LONG	0,00167	5981,87	0,00451	HOLD	98,2349	154,5065
2022-04-24	18:00	39695,42	39720	39544,91	39609,11	LONG	0,00167	5981,87	0,00451	HOLD	98,2349	154,3624
2022-04-24	19:00	39609,11	39660	39525,49	39582,37	LONG	0,00167	5981,87	0,00451	HOLD	98,2349	154,3177
2022-04-24	20:00	39582,38	39636,12	39351,58	39579,7	LONG	0,00167	5981,87	0,00451	HOLD	98,2349	154,3132
2022-04-24	21:00	39579,7	39940	39371,46	39752,4	LONG	0,00167	5981,87	0,00451	HOLD	98,2349	154,6017
2022-04-24	22:00	39752,4	39842,64	39632,92	39656,49	LONG	0,00167	5981,87	0,00451	HOLD	98,2349	154,4415
2022-04-24	23:00	39656,49	39782,34	38929,62	39490,01	LONG	0,00167	5981,87	0,00451	HOLD	98,2349	154,1635
2022-04-25	00:00	39490	39531,52	39138,21	39421,19	LONG	0,00167	5981,87	0,00451	HOLD	98,2349	154,0485
2022-04-25	01:00	39421,18	39699,98	39408,61	39661,57	LONG	0,00167	5981,87	0,00451	HOLD	98,2349	154,45
2022-04-25	02:00	39661,56	39807,94	39633,78	39703,74	LONG	0,00167	5981,87	0,00451	HOLD	98,2349	154,5204
2022-04-25	03:00	39703,74	39728,55	39469,32	39500	LONG	0,00167	5981,87	0,00451	HOLD	98,2349	154,1801
2022-04-25	04:00	39499,99	39646,35	39454,62	39633,37	LONG	0,00167	5981,87	0,00451	HOLD	98,2349	154,4029
2022-04-25	05:00	39633,37	39771,6	39530	39548,32	LONG	0,00167	5981,87	0,00451	HOLD	98,2349	154,2608
2022-04-25	06:00	39548,31	39584,87	39426,01	39450,13	LONG	0,00167	5981,87	0,00451	HOLD	98,2349	154,0969
2022-04-25	07:00	39450,12	39500,84	38674	38855,47	LONG	0,00167	5981,87	0,00451	HOLD	98,2349	153,1038
2022-04-25	08:00	38855,47	39154,38	38747,51	39095,81	LONG	0,00167	5981,87	0,00451	HOLD	98,2349	153,5051
2022-04-25	09:00	39095,81	39153,94	38961,64	39091,17	LONG	0,00167	5981,87	0,00451	HOLD	98,2349	153,4974
2022-04-25	10:00	39091,17	39294,76	39086,37	39253,71	LONG	0,00167	5981,87	0,00451	HOLD	98,2349	153,7688
2022-04-25	11:00	39253,7	39256,28	39055,71	39139,74	LONG	0,00167	5981,87	0,00451	HOLD	98,2349	153,5785
2022-04-25	12:00	39139,74	39230,5	38947,42	38975,22	LONG	0,00167	5981,87	0,00451	HOLD	98,2349	153,3038
2022-04-25	13:00	38975,21	39057,97	38590	38636,35	LONG	0,00167	5981,87	0,00451	HOLD	98,2349	152,7378
2022-04-25	14:00	38636,35	38675,68	38200	38453,92	LONG	0,00167	5981,87	0,00451	HOLD	98,2349	152,4332
2022-04-25	15:00	38453,92	38578,84	38375	38418,06	LONG	0,00167	5981,87	0,00451	HOLD	98,2349	152,3733
2022-04-25	16:00	38418,06	38636,86	38209,36	38588,2	LONG	0,00167	5981,87	0,00451	HOLD	98,2349	152,6574
2022-04-25	17:00	38588,2	38663,27	38400	38426,02	LONG	0,00167	5981,87	0,00451	HOLD	98,2349	152,3866
2022-04-25	18:00	38426,02	38947,89	38335,95	38832,29	LONG	0,00167	5981,87	0,00451	HOLD	98,2349	153,0651
2022-04-25	19:00	38832,29	39009,83	38743,92	38802,63	LONG	0,00167	5981,87	0,00451	HOLD	98,2349	153,0155
2022-04-25	20:00	38802,64	39299	38629,06	38735,61	LONG	0,00167	5981,87	0,00451	HOLD	98,2349	152,9036
2022-04-25	21:00	38735,61	39420	38578,6	39060,88	LONG	0,00167	5981,87	0,00451	HOLD	98,2349	153,4468
2022-04-25	22:00	39060,89	39390,03	38925,01	38976,76	LONG	0,00167	5981,87	0,00451	HOLD	98,2349	153,3063
2022-04-25	23:00	38976,76	39665,35	38911,57	39469,64	LONG	0,00167	5981,87	0,00451	HOLD	98,2349	154,1294
2022-04-26	00:00	39469,65	39574,42	39351,49	39394,92	LONG	0,00167	5981,87	0,00451	HOLD	98,2349	154,0047
2022-04-26	01:00	39394,93	40358,17	39297,61	39887,03	LONG	0,00167	5981,87	0,00451	HOLD	98,2349	154,8265
2022-04-26	02:00	39887,04	40384,61	39765,83	40225,97	LONG	0,00167	5981,87	0,00451	HOLD	98,2349	155,3925
2022-04-26	03:00	40225,98	40324,5	40046,34	40185,34	LONG	0,00167	5981,87	0,00451	HOLD	98,2349	155,3247
2022-04-26	04:00	40185,34	40249,93	40069,55	40227,58	LONG	0,00167	5981,87	0,00451	HOLD	98,2349	155,3952
2022-04-26	05:00	40227,57	40616	40141,92	40346,97	LONG	0,00167	5981,87	0,00451	HOLD	98,2349	155,5946
2022-04-26	06:00	40346,97	40570	40242,65	40426,08	LONG	0,00167	5981,87	0,00451	HOLD	98,2349	155,7267
2022-04-26	07:00	40426,08	40773,65	40387,55	40554,7	LONG	0,00167	5981,87	0,00451	HOLD	98,2349	155,9415
2022-04-26	08:00	40554,71	40625	40450	40474,99	LONG	0,00167	5981,87	0,00451	HOLD	98,2349	155,8084
2022-04-26	09:00	40474,98	40596,45	40374,23	40524,32	LONG	0,00167	5981,87	0,00451	HOLD	98,2349	155,8908
2022-04-26	10:00	40524,32	40640,78	40490,45	40535,29	LONG	0,00167	5981,87	0,00451	HOLD	98,2349	155,9091
2022-04-26	11:00	40535,29	40620	40488,8	40560,01	LONG	0,00167	5981,87	0,00451	HOLD	98,2349	155,9504
2022-04-26	12:00	40560,01	40690,47	40521,57	40589,58	LONG	0,00167	5981,87	0,00451	HOLD	98,2349	155,9997
2022-04-26	13:00	40589,58	40616,02	40435,72	40524,27	LONG	0,00167	5981,87	0,00451	HOLD	98,2349	155,8907
2022-04-26	14:00	40524,27	40656,93	40375,01	40584,5	LONG	0,00167	5981,87	0,00451	HOLD	98,2349	155,9913
2022-04-26	15:00	40584,5	40797,31	40444,3	40511,94	LONG	0,00167	5981,87	0,00451	HOLD	98,2349	155,8701
2022-04-26	16:00	40511,93	40534,74	40328,9	40382,28	LONG	0,00167	5981,87	0,00451	HOLD	98,2349	155,6535
2022-04-26	17:00	40382,29	40457,22	40325,03	40372	LONG	0,00167	5981,87	0,00451	HOLD	98,2349	155,6364
2022-04-26	18:00	40372	40579,32	40229,41	40467,03	LONG	0,00167	5981,87	0,00451	HOLD	98,2349	155,7951
2022-04-26	19:00	40467,03	40625	40187,55	40286,35	LONG	0,00167	5981,87	0,00451	HOLD	98,2349	155,4933
2022-04-26	20:00	40286,36	40348,51	39792,43	39823,53	LONG	0,00167	5981,87	0,00451	HOLD	98,2349	154,7204
2022-04-26	21:00	39823,52	39823,78	39222,67	39274,4	LONG	0,00167	5981,87	0,00451	HOLD	98,2349	153,8034
2022-04-26	22:00	39274,4	39361,21	38550	38563,94	LONG	0,00167	5981,87	0,00451	HOLD	98,2349	152,6169
2022-04-26	23:00	38563,94	38886,51	38342,11	38667,14	LONG	0,00167	5981,87	0,00451	HOLD	98,2349	152,7893
2022-04-27	00:00	38667,14	38676,77	38000,18	38399,09	LONG	0,00167	5981,87	0,00451	HOLD	98,2349	152,3416
2022-04-27	01:00	38399,09	38473,96	38214,86	38408,86	LONG	0,00167	5981,87	0,00451	HOLD	98,2349	152,3579
2022-04-27	02:00	38408,86	38577,77	37842,49	38270,03	LONG	0,00167	5981,87	0,00451	HOLD	98,2349	152,1261
2022-04-27	03:00	38270,03	38423,85	37713,31	38129,14	LONG	0,00167	5981,87	0,00451	HOLD	98,2349	151,8908
2022-04-27	04:00	38129,14	38444,12	38028,46	38330,02	LONG	0,00167	5981,87	0,00451	HOLD	98,2349	152,2263
2022-04-27	05:00	38330,03	38463,4	38159,97	38221,01	LONG	0,00167	5981,87	0,00451	HOLD	98,2349	152,0442
2022-04-27	06:00	38221	38268,46	37702,26	38112,65	LONG	0,00167	5981,87	0,00451	HOLD	98,2349	151,8633
2022-04-27	07:00	38112,64	38261,17	37881,31	38179,53	LONG	0,00167	5981,87	0,00451	HOLD	98,2349	151,975
2022-04-27	08:00	38179,53	38323,01	38166,4	38310,79	LONG	0,00167	5981,87	0,00451	HOLD	98,2349	152,1942
2022-04-27	09:00	38310,79	38444,8	38269,4	38426,55	LONG	0,00167	5981,87	0,00451	HOLD	98,2349	152,3875
2022-04-27	10:00	38426,56	38486,87	38326,44	38343,18	LONG	0,00167	5981,87	0,00451	HOLD	98,2349	152,2483
2022-04-27	11:00	38343,17	38460	38311,3	38410,93	LONG	0,00167	5981,87	0,00451	HOLD	98,2349	152,3614
2022-04-27	12:00	38410,93	38570,01	38372,3	38410,13	LONG	0,00167	5981,87	0,00451	HOLD	98,2349	152,3601
2022-04-27	13:00	38410,13	38703,98	38401,17	38646,71	LONG	0,00167	5981,87	0,00451	HOLD	98,2349	152,7551
2022-04-27	14:00	38646,71	39113,72	38599,15	39112,74	LONG	0,00167	5981,87	0,00451	HOLD	98,2349	153,5334
2022-04-27	15:00	39113,06	39221,65	38694,6	38980	LONG	0,00167	5981,87	0,00451	HOLD	98,2349	153,3117
2022-04-27	16:00	38980,01	39107,64	38823,66	39053,68	LONG	0,00167	5981,87	0,00451	HOLD	98,2349	153,4348
2022-04-27	17:00	39053,69	39146,08	38955,47	39108,57	LONG	0,00167	5981,87	0,00451	HOLD	98,2349	153,5265
2022-04-27	18:00	39108,58	39119,1	38645,42	39017,19	LONG	0,00167	5981,87	0,00451	HOLD	98,2349	153,3738
2022-04-27	19:00	39017,19	39139,17	38862,48	38893,18	LONG	0,00167	5981,87	0,00451	HOLD	98,2349	153,1668
2022-04-27	20:00	38893,19	39474,72	38774,93	39344,7	LONG	0,00167	5981,87	0,00451	HOLD	98,2349	153,9208
2022-04-27	21:00	39344,69	39409,99	38435,95	38672,62	LONG	0,00167	5981,87	0,00451	HOLD	98,2349	152,7984
2022-04-27	22:00	38672,62	39141,86	38635,91	39005,76	LONG	0,00167	5981,87	0,00451	HOLD	98,2349	153,3548
2022-04-27	23:00	39005,77	39309	38918,43	39191,58	LONG	0,00167	5981,87	0,00451	HOLD	98,2349	153,6651
2022-04-28	00:00	39191,59	39260,48	38959,96	39109,99	LONG	0,00167	5981,87	0,00451	HOLD	98,2349	153,5288
2022-04-28	01:00	39109,99	39189,47	38750,48	38785,71	LONG	0,00167	5981,87	0,00451	HOLD	98,2349	152,9873
2022-04-28	02:00	38785,72	38915,38	38668,2	38858,26	LONG	0,00167	5981,87	0,00451	HOLD	98,2349	153,1084
2022-04-28	03:00	38858,27	39270,12	38831,73	39099,99	LONG	0,00167	5981,87	0,00451	HOLD	98,2349	153,5121
2022-04-28	04:00	39100	39399,99	39081,73	39221,97	LONG	0,00167	5981,87	0,00451	HOLD	98,2349	153,7158
2022-04-28	05:00	39221,97	39270	38991,4	39074,34	LONG	0,00167	5981,87	0,00451	HOLD	98,2349	153,4693
2022-04-28	06:00	39074,35	39290,81	39056,41	39235,72	LONG	0,00167	5981,87	0,00451	HOLD	98,2349	153,7388
2022-04-28	07:00	39235,72	39455	39152,96	39385,87	LONG	0,00167	5981,87	0,00451	HOLD	98,2349	153,9895
2022-04-28	08:00	39385,87	39689,49	39178,11	39230,01	LONG	0,00167	5981,87	0,00451	HOLD	98,2349	153,7293
2022-04-28	09:00	39230,01	39472,54	39161,08	39429,1	LONG	0,00167	5981,87	0,00451	HOLD	98,2349	154,0617
2022-04-28	10:00	39429,1	39522,2	39323,64	39342,07	LONG	0,00167	5981,87	0,00451	HOLD	98,2349	153,9164
2022-04-28	11:00	39342,06	39400	39260,76	39388,5	LONG	0,00167	5981,87	0,00451	HOLD	98,2349	153,9939
2022-04-28	12:00	39388,51	39436,73	39226,49	39321,03	LONG	0,00167	5981,87	0,00451	HOLD	98,2349	153,8813
2022-04-28	13:00	39321,02	39436,93	39280,66	39415,45	LONG	0,00167	5981,87	0,00451	HOLD	98,2349	154,0389
2022-04-28	14:00	39415,46	39660	39382,99	39385,01	LONG	0,00167	5981,87	0,00451	HOLD	98,2349	153,9881
2022-04-28	15:00	39385,01	39788,53	39359,63	39634,27	LONG	0,00167	5981,87	0,00451	HOLD	98,2349	154,4044
2022-04-28	16:00	39634,26	39882,38	39634,26	39773,98	LONG	0,00167	5981,87	0,00451	HOLD	98,2349	154,6377
2022-04-28	17:00	39773,99	39829,99	39599,96	39714,94	LONG	0,00167	5981,87	0,00451	HOLD	98,2349	154,5391
2022-04-28	18:00	39714,94	39765,9	39613,92	39679,31	LONG	0,00167	5981,87	0,00451	HOLD	98,2349	154,4796
2022-04-28	19:00	39679,31	39865,1	39517	39560,12	LONG	0,00167	5981,87	0,00451	HOLD	98,2349	154,2805
2022-04-28	20:00	39560,13	39567,23	39052,63	39094,46	LONG	0,00167	5981,87	0,00451	HOLD	98,2349	153,5029
2022-04-28	21:00	39094,46	39398,78	38881,43	39287,09	LONG	0,00167	5981,87	0,00451	HOLD	98,2349	153,8246
2022-04-28	22:00	39287,09	40300	39088,84	39438,01	LONG	0,00167	5981,87	0,00451	HOLD	98,2349	154,0766
2022-04-28	23:00	39438,12	40127	39314,05	39899,44	LONG	0,00167	5981,87	0,00451	HOLD	98,2349	154,8472
2022-04-29	00:00	39899,43	40288,49	39860,01	40283,72	LONG	0,00167	5981,87	0,00451	HOLD	98,2349	155,489
2022-04-29	01:00	40283,71	40372,63	40052,51	40083,32	LONG	0,00167	5981,87	0,00451	HOLD	98,2349	155,1543
2022-04-29	02:00	40083,32	40234,11	39918	39983,77	LONG	0,00167	5981,87	0,00451	HOLD	98,2349	154,988
2022-04-29	03:00	39983,77	40216,27	39734,53	39870	LONG	0,00167	5981,87	0,00451	HOLD	98,2349	154,798
2022-04-29	04:00	39870	39987,99	39761,52	39853,02	LONG	0,00167	5981,87	0,00451	HOLD	98,2349	154,7697
2022-04-29	05:00	39853,02	39875,01	39606,92	39794,89	LONG	0,00167	5981,87	0,00451	HOLD	98,2349	154,6726
2022-04-29	06:00	39794,89	39853,28	39666,66	39742,07	LONG	0,00167	5981,87	0,00451	HOLD	98,2349	154,5844
2022-04-29	07:00	39742,06	39869,28	39675,46	39845	LONG	0,00167	5981,87	0,00451	HOLD	98,2349	154,7563
2022-04-29	08:00	39844,99	39925,25	39769,98	39820,48	LONG	0,00167	5981,87	0,00451	HOLD	98,2349	154,7153
2022-04-29	09:00	39820,47	39831,85	39457,13	39522,12	LONG	0,00167	5981,87	0,00451	HOLD	98,2349	154,2171
2022-04-29	10:00	39522,12	39557,87	39286,01	39533,01	LONG	0,00167	5981,87	0,00451	HOLD	98,2349	154,2353
2022-04-29	11:00	39533,02	39598,3	39368,97	39542,94	LONG	0,00167	5981,87	0,00451	HOLD	98,2349	154,2519
2022-04-29	12:00	39542,94	39641,3	39481,45	39501,26	LONG	0,00167	5981,87	0,00451	HOLD	98,2349	154,1822
2022-04-29	13:00	39501,26	39574,05	39374,12	39459	LONG	0,00167	5981,87	0,00451	HOLD	98,2349	154,1117
2022-04-29	14:00	39459	39624,64	39413,45	39610,14	LONG	0,00167	5981,87	0,00451	HOLD	98,2349	154,3641
2022-04-29	15:00	39610,14	39634,12	39394,58	39410,22	LONG	0,00167	5981,87	0,00451	HOLD	98,2349	154,0302
2022-04-29	16:00	39410,22	39410,23	39070,38	39147,85	LONG	0,00167	5981,87	0,00451	HOLD	98,2349	153,5921
2022-04-29	17:00	39147,86	39243,54	38666,1	38805,41	LONG	0,00167	5981,87	0,00451	HOLD	98,2349	153,0202
2022-04-29	18:00	38805,4	38944,25	38616,46	38749,54	LONG	0,00167	5981,87	0,00451	HOLD	98,2349	152,9269
2022-04-29	19:00	38749,54	39136,02	38634,52	38916,71	LONG	0,00167	5981,87	0,00451	HOLD	98,2349	153,206
2022-04-29	20:00	38916,72	39406,37	38800	39277,05	LONG	0,00167	5981,87	0,00451	HOLD	98,2349	153,8078
2022-04-29	21:00	39277,06	39323,86	38801,84	38958,44	LONG	0,00167	5981,87	0,00451	HOLD	98,2349	153,2757
2022-04-29	22:00	38958,44	39144	38846,24	39004,86	LONG	0,00167	5981,87	0,00451	HOLD	98,2349	153,3533
2022-04-29	23:00	39004,87	39078,3	38435,42	38522,33	LONG	0,00167	5981,87	0,00451	HOLD	98,2349	152,5474
2022-04-30	00:00	38522,32	38736,13	38467,15	38642,24	LONG	0,00167	5981,87	0,00451	HOLD	98,2349	152,7477
2022-04-30	01:00	38642,25	38673,27	38335,92	38543,11	LONG	0,00167	5981,87	0,00451	HOLD	98,2349	152,5821
2022-04-30	02:00	38543,11	38609,73	38175	38331,54	LONG	0,00167	5981,87	0,00451	HOLD	98,2349	152,2288
2022-04-30	03:00	38331,55	38584	38310,9	38564,44	LONG	0,00167	5981,87	0,00451	HOLD	98,2349	152,6178
2022-04-30	04:00	38564,38	38649,99	38450,47	38560,15	LONG	0,00167	5981,87	0,00451	HOLD	98,2349	152,6106
2022-04-30	05:00	38560,14	38635,29	38430,03	38608,63	LONG	0,00167	5981,87	0,00451	HOLD	98,2349	152,6916
2022-04-30	06:00	38608,63	38665,36	38555,98	38596,11	LONG	0,00167	5981,87	0,00451	HOLD	98,2349	152,6706
2022-04-30	07:00	38596,11	38795,38	38551,12	38639,95	LONG	0,00167	5981,87	0,00451	HOLD	98,2349	152,7439
2022-04-30	08:00	38639,96	38764,26	38630	38701,96	LONG	0,00167	5981,87	0,00451	HOLD	98,2349	152,8474
2022-04-30	09:00	38701,96	38772,56	38656,17	38692,99	LONG	0,00167	5981,87	0,00451	HOLD	98,2349	152,8324
2022-04-30	10:00	38693	38706,11	38586,65	38656,37	LONG	0,00167	5981,87	0,00451	HOLD	98,2349	152,7713
2022-04-30	11:00	38656,37	38699,63	38493,52	38553,36	LONG	0,00167	5981,87	0,00451	HOLD	98,2349	152,5993
2022-04-30	12:00	38553,35	38778,79	38523,28	38703,01	LONG	0,00167	5981,87	0,00451	HOLD	98,2349	152,8492
2022-04-30	13:00	38703,01	38734,63	38646,69	38701,11	LONG	0,00167	5981,87	0,00451	HOLD	98,2349	152,846
2022-04-30	14:00	38701,11	38746,15	38634,24	38650,34	LONG	0,00167	5981,87	0,00451	HOLD	98,2349	152,7612
2022-04-30	15:00	38650,35	38688,72	38536,66	38577,06	LONG	0,00167	5981,87	0,00451	HOLD	98,2349	152,6388
2022-04-30	16:00	38577,07	38644,03	38540,98	38622,5	LONG	0,00167	5981,87	0,00451	HOLD	98,2349	152,7147
2022-04-30	17:00	38622,51	38658,72	38564,46	38566,49	LONG	0,00167	5981,87	0,00451	HOLD	98,2349	152,6212
2022-04-30	18:00	38566,49	38636,21	38563,4	38580,01	LONG	0,00167	5981,87	0,00451	HOLD	98,2349	152,6438
2022-04-30	19:00	38580	38610	38525,34	38536,23	LONG	0,00167	5981,87	0,00451	HOLD	98,2349	152,5706
2022-04-30	20:00	38536,23	38638,24	38501	38506,33	LONG	0,00167	5981,87	0,00451	HOLD	98,2349	152,5207
2022-04-30	21:00	38506,32	38638,38	38211	38258,27	LONG	0,00167	5981,87	0,00451	HOLD	98,2349	152,1065
2022-04-30	22:00	38258,27	38529,98	38156,04	38466,56	LONG	0,00167	5981,87	0,00451	HOLD	98,2349	152,4543
2022-04-30	23:00	38466,56	38610,15	38404,29	38426,31	LONG	0,00167	5981,87	0,00451	HOLD	98,2349	152,3871
2022-05-01	00:00	38426,31	38448,25	38201,78	38286,36	LONG	0,00167	5981,87	0,00451	HOLD	98,2349	152,1534
2022-05-01	01:00	38286,35	38353,69	38203,32	38345,82	LONG	0,00167	5981,87	0,00451	HOLD	98,2349	152,2527
2022-05-01	02:00	38345,82	38499	38303,34	38466,83	LONG	0,00167	5981,87	0,00451	HOLD	98,2349	152,4547
2022-05-01	03:00	38466,82	38466,83	38282,08	38326,45	LONG	0,00167	5981,87	0,00451	HOLD	98,2349	152,2203
2022-05-01	04:00	38326,45	38370,84	38248,66	38301,14	LONG	0,00167	5981,87	0,00451	HOLD	98,2349	152,178
2022-05-01	05:00	38301,13	38370	38160	38250,44	LONG	0,00167	5981,87	0,00451	HOLD	98,2349	152,0934
2022-05-01	06:00	38250,43	38277,77	37578,2	37630,8	LONG	0,00167	5981,87	0,00451	HOLD	98,2349	151,0586
2022-05-01	07:00	37630,8	37806,79	37500	37680,67	LONG	0,00167	5981,87	0,00451	HOLD	98,2349	151,1419
2022-05-01	08:00	37680,66	38077,1	37386,38	37937,07	LONG	0,00167	5981,87	0,00451	HOLD	98,2349	151,57
2022-05-01	09:00	37937,07	38053,68	37771,81	37817,79	LONG	0,00167	5981,87	0,00451	HOLD	98,2349	151,3709
2022-05-01	10:00	37817,78	38064,39	37801,52	38041,44	LONG	0,00167	5981,87	0,00451	HOLD	98,2349	151,7443
2022-05-01	11:00	38041,44	38063,41	37885,3	37948,39	LONG	0,00167	5981,87	0,00451	HOLD	98,2349	151,589
2022-05-01	12:00	37948,39	38165,12	37899,21	38060,05	LONG	0,00167	5981,87	0,00451	HOLD	98,2349	151,7754
2022-05-01	13:00	38060,06	38149,92	37950	37952,66	LONG	0,00167	5981,87	0,00451	HOLD	98,2349	151,5961
2022-05-01	14:00	37952,67	37999	37897,2	37970,27	LONG	0,00167	5981,87	0,00451	HOLD	98,2349	151,6255
2022-05-01	15:00	37970,27	38058,46	37924,13	38031,51	LONG	0,00167	5981,87	0,00451	HOLD	98,2349	151,7278
2022-05-01	16:00	38031,51	38056,59	37866,62	37974,54	LONG	0,00167	5981,87	0,00451	HOLD	98,2349	151,6326
2022-05-01	17:00	37974,55	38094,16	37951,64	38026,25	LONG	0,00167	5981,87	0,00451	HOLD	98,2349	151,719
2022-05-01	18:00	38026,24	38057,97	37903,7	37942,78	LONG	0,00167	5981,87	0,00451	HOLD	98,2349	151,5796
2022-05-01	19:00	37942,78	38030	37841,9	37969,99	LONG	0,00167	5981,87	0,00451	HOLD	98,2349	151,625
2022-05-01	20:00	37969,99	38026,85	37915,49	37922,85	LONG	0,00167	5981,87	0,00451	HOLD	98,2349	151,5463
2022-05-01	21:00	37922,84	38022,65	37891,9	37991,17	LONG	0,00167	5981,87	0,00451	HOLD	98,2349	151,6604
2022-05-01	22:00	37991,17	38641,46	37981,14	38490	LONG	0,00167	5981,87	0,00451	HOLD	98,2349	152,4934
2022-05-01	23:00	38490,01	38675	38390,79	38504,49	LONG	0,00167	5981,87	0,00451	HOLD	98,2349	152,5176
2022-05-02	00:00	38504,49	38595	38370	38382,47	LONG	0,00167	5981,87	0,00451	HOLD	98,2349	152,3139
2022-05-02	01:00	38382,47	38417,48	37913,15	37934,91	LONG	0,00167	5981,87	0,00451	HOLD	98,2349	151,5664
2022-05-02	02:00	37934,9	38009,73	37750	37807,87	LONG	0,00167	5981,87	0,00451	HOLD	98,2349	151,3543
2022-05-02	03:00	37807,87	38349,98	37686,26	38313,23	LONG	0,00167	5981,87	0,00451	HOLD	98,2349	152,1982
2022-05-02	04:00	38313,23	38439,76	38083,07	38342,63	LONG	0,00167	5981,87	0,00451	HOLD	98,2349	152,2473
2022-05-02	05:00	38342,63	38574,5	38089,84	38306,63	LONG	0,00167	5981,87	0,00451	HOLD	98,2349	152,1872
2022-05-02	06:00	38306,63	38630	38241,37	38468,35	LONG	0,00167	5981,87	0,00451	HOLD	98,2349	152,4573
2022-05-02	07:00	38468,35	38810,73	38448,84	38672,88	LONG	0,00167	5981,87	0,00451	HOLD	98,2349	152,7989
2022-05-02	08:00	38672,88	38739,49	38487,91	38493,58	LONG	0,00167	5981,87	0,00451	HOLD	98,2349	152,4994
2022-05-02	09:00	38493,57	38654,54	38376,38	38621,62	LONG	0,00167	5981,87	0,00451	HOLD	98,2349	152,7132
2022-05-02	10:00	38621,62	38723,06	38621,62	38674,1	LONG	0,00167	5981,87	0,00451	HOLD	98,2349	152,8009
2022-05-02	11:00	38674,11	39122,77	38600,03	38975,11	LONG	0,00167	5981,87	0,00451	HOLD	98,2349	153,3036
2022-05-02	12:00	38975,11	39037,5	38881,19	39008,71	LONG	0,00167	5981,87	0,00451	HOLD	98,2349	153,3597
2022-05-02	13:00	39008,71	39167,34	38923,56	38926,11	LONG	0,00167	5981,87	0,00451	HOLD	98,2349	153,2217
2022-05-02	14:00	38926,11	39041,81	38826,7	38881,47	LONG	0,00167	5981,87	0,00451	HOLD	98,2349	153,1472
2022-05-02	15:00	38881,46	38996,84	38782,29	38922,16	LONG	0,00167	5981,87	0,00451	HOLD	98,2349	153,2151
2022-05-02	16:00	38922,16	39075	38772,81	38780,01	LONG	0,00167	5981,87	0,00451	HOLD	98,2349	152,9778
2022-05-02	17:00	38780	38866,04	38653,77	38711,88	LONG	0,00167	5981,87	0,00451	HOLD	98,2349	152,864
2022-05-02	18:00	38711,87	38762,76	38482,41	38528,77	LONG	0,00167	5981,87	0,00451	HOLD	98,2349	152,5582
2022-05-02	19:00	38528,78	38705	38422,92	38500,41	LONG	0,00167	5981,87	0,00451	HOLD	98,2349	152,5108
