2026-04-30	05:00	75933,94	76004,14	75818,14	75927,38	LONG	0,00167	5981,87	0,00648	HOLD	98,2349	215,0139
2026-04-30	06:00	75927,38	75990,06	75692,33	75780	LONG	0,00167	5981,87	0,00648	HOLD	98,2349	214,7677
2026-04-30	07:00	75780	76344,61	75656,03	76248,74	LONG	0,00167	5981,87	0,00648	HOLD	98,2349	215,5505
2026-04-30	08:00	76248,76	76473,26	76178,73	76232,8	LONG	0,00167	5981,87	0,00648	HOLD	98,2349	215,5239
2026-04-30	09:00	76232,81	76351,04	75494,7	75704,74	LONG	0,00167	5981,87	0,00648	HOLD	98,2349	214,6421
2026-04-30	10:00	75704,74	75994,26	75659,85	75928,1	LONG	0,00167	5981,87	0,00648	HOLD	98,2349	215,0151
2026-04-30	11:00	75928,09	75963,92	75414,57	75497	LONG	0,00167	5981,87	0,00648	HOLD	98,2349	214,2951
2026-04-30	12:00	75497,01	75750	75323,65	75600,09	LONG	0,00167	5981,87	0,00648	HOLD	98,2349	214,4673
2026-04-30	13:00	75600,09	75867,9	75569,99	75753,53	LONG	0,00167	5981,87	0,00648	HOLD	98,2349	214,7235
2026-04-30	14:00	75753,54	76179,91	75718,5	76161,67	LONG	0,00167	5981,87	0,00648	HOLD	98,2349	215,4051
2026-04-30	15:00	76161,67	76208,92	76019,57	76058,17	LONG	0,00167	5981,87	0,00648	HOLD	98,2349	215,2323
2026-04-30	16:00	76058,17	76339,38	76012,6	76097,19	LONG	0,00167	5981,87	0,00648	HOLD	98,2349	215,2974
2026-04-30	17:00	76097,19	76163,52	75974,93	76028,66	LONG	0,00167	5981,87	0,00648	HOLD	98,2349	215,183
2026-04-30	18:00	76028,66	76244,36	75876,29	76059,43	LONG	0,00167	5981,87	0,00648	HOLD	98,2349	215,2344
2026-04-30	19:00	76059,42	76511,22	76042,75	76308,48	LONG	0,00167	5981,87	0,00648	HOLD	98,2349	215,6503
2026-04-30	20:00	76308,48	76669,14	76116,2	76420,44	LONG	0,00167	5981,87	0,00648	HOLD	98,2349	215,8373
2026-04-30	21:00	76420,45	76597,51	76093,81	76301,24	LONG	0,00167	5981,87	0,00648	HOLD	98,2349	215,6382
2026-04-30	22:00	76301,25	76653,6	76163,16	76473,6	LONG	0,00167	5981,87	0,00648	HOLD	98,2349	215,9261
2026-04-30	23:00	76473,6	76484,6	76228,27	76261,03	LONG	0,00167	5981,87	0,00648	HOLD	98,2349	215,5711
2026-05-01	00:00	76261,04	76328,71	76111	76250,01	LONG	0,00167	5981,87	0,00648	HOLD	98,2349	215,5527
2026-05-01	01:00	76250	76468,84	76204,4	76350	LONG	0,00167	5981,87	0,00648	HOLD	98,2349	215,7196
2026-05-01	02:00	76350	76514,8	76308,33	76412,8	LONG	0,00167	5981,87	0,00648	HOLD	98,2349	215,8245
2026-05-01	03:00	76412,8	76568,9	76318,31	76492,46	LONG	0,00167	5981,87	0,00648	HOLD	98,2349	215,9576
2026-05-01	04:00	76492,45	76535,42	76240,78	76241,78	LONG	0,00167	5981,87	0,00648	HOLD	98,2349	215,5389
2026-05-01	05:00	76241,77	76449,16	76206,02	76237,06	LONG	0,00167	5981,87	0,00648	HOLD	98,2349	215,531
2026-05-01	06:00	76237,07	76380,2	76217,96	76346,57	LONG	0,00167	5981,87	0,00648	HOLD	98,2349	215,7139
2026-05-01	07:00	76346,58	76591	76320,42	76458,05	LONG	0,00167	5981,87	0,00648	HOLD	98,2349	215,9001
2026-05-01	08:00	76458,06	76776,21	76449,5	76686,13	LONG	0,00167	5981,87	0,00648	HOLD	98,2349	216,281
2026-05-01	09:00	76686,12	76744,6	76533,74	76592,54	LONG	0,00167	5981,87	0,00648	HOLD	98,2349	216,1247
2026-05-01	10:00	76592,54	77453,74	76555,06	77131,08	LONG	0,00167	5981,87	0,00648	HOLD	98,2349	217,024
2026-05-01	11:00	77131,08	77206,38	76653,6	77042,44	LONG	0,00167	5981,87	0,00648	HOLD	98,2349	216,876
2026-05-01	12:00	77042,44	77184,96	77033,91	77165,98	LONG	0,00167	5981,87	0,00648	HOLD	98,2349	217,0823
2026-05-01	13:00	77165,99	77179,53	76882	76993,48	LONG	0,00167	5981,87	0,00648	HOLD	98,2349	216,7943
2026-05-01	14:00	76993,49	77140,36	76957,04	77130,54	LONG	0,00167	5981,87	0,00648	HOLD	98,2349	217,0231
2026-05-01	15:00	77130,54	77500	77048	77377,47	LONG	0,00167	5981,87	0,00648	HOLD	98,2349	217,4355
2026-05-01	16:00	77377,48	77391,99	77200,15	77268,55	LONG	0,00167	5981,87	0,00648	HOLD	98,2349	217,2536
2026-05-01	17:00	77268,56	77433,72	77146,48	77304,34	LONG	0,00167	5981,87	0,00648	HOLD	98,2349	217,3134
2026-05-01	18:00	77303,8	77600	77263,66	77463,98	LONG	0,00167	5981,87	0,00648	HOLD	98,2349	217,58
2026-05-01	19:00	77463,98	78170,2	77408,73	77896,01	LONG	0,00167	5981,87	0,00648	HOLD	98,2349	218,3015
2026-05-01	20:00	77896,01	78914,12	77896	78737,25	LONG	0,00167	5981,87	0,00648	HOLD	98,2349	219,7063
2026-05-01	21:00	78737,26	78871,8	78051,86	78358,75	LONG	0,00167	5981,87	0,00648	HOLD	98,2349	219,0743
2026-05-01	22:00	78358,74	78735,92	78176,06	78445,89	LONG	0,00167	5981,87	0,00648	HOLD	98,2349	219,2198
2026-05-01	23:00	78445,88	78683,23	78167,53	78214,36	LONG	0,00167	5981,87	0,00648	HOLD	98,2349	218,8331
2026-05-02	00:00	78214,36	78584,61	78131,02	78552,94	LONG	0,00167	5981,87	0,00648	HOLD	98,2349	219,3986
2026-05-02	01:00	78552,93	78623,37	78375,53	78423,9	LONG	0,00167	5981,87	0,00648	HOLD	98,2349	219,1831
2026-05-02	02:00	78423,91	78540	78313,16	78360	LONG	0,00167	5981,87	0,00648	HOLD	98,2349	219,0763
2026-05-02	03:00	78360,01	78422,81	77752	77880,18	LONG	0,00167	5981,87	0,00648	HOLD	98,2349	218,275
2026-05-02	04:00	77880,18	78200	77857,97	78199,99	LONG	0,00167	5981,87	0,00648	HOLD	98,2349	218,8091
2026-05-02	05:00	78200	78411,13	78144,7	78153,38	LONG	0,00167	5981,87	0,00648	HOLD	98,2349	218,7313
2026-05-02	06:00	78153,37	78249,6	78043,28	78231,13	LONG	0,00167	5981,87	0,00648	HOLD	98,2349	218,8611
2026-05-02	07:00	78231,13	78393,39	78166,48	78341,75	LONG	0,00167	5981,87	0,00648	HOLD	98,2349	219,0459
2026-05-02	08:00	78341,75	78441,31	78294,19	78355	LONG	0,00167	5981,87	0,00648	HOLD	98,2349	219,068
2026-05-02	09:00	78355	78513,7	78260,95	78353,93	LONG	0,00167	5981,87	0,00648	HOLD	98,2349	219,0662
2026-05-02	10:00	78353,93	78514,82	78237,25	78400	LONG	0,00167	5981,87	0,00648	HOLD	98,2349	219,1431
2026-05-02	11:00	78399,99	78448,99	78123,53	78175,5	LONG	0,00167	5981,87	0,00648	HOLD	98,2349	218,7682
2026-05-02	12:00	78175,5	78235,25	78040	78174	LONG	0,00167	5981,87	0,00648	HOLD	98,2349	218,7657
2026-05-02	13:00	78174	78363,21	78148,24	78327,8	LONG	0,00167	5981,87	0,00648	HOLD	98,2349	219,0226
2026-05-02	14:00	78327,8	78342,18	78207,2	78220	LONG	0,00167	5981,87	0,00648	HOLD	98,2349	218,8425
2026-05-02	15:00	78220	78356,51	78165,3	78315,37	LONG	0,00167	5981,87	0,00648	HOLD	98,2349	219,0018
2026-05-02	16:00	78315,36	78394	78220	78293,57	LONG	0,00167	5981,87	0,00648	HOLD	98,2349	218,9654
2026-05-02	17:00	78293,57	78311,97	78225,22	78249,3	LONG	0,00167	5981,87	0,00648	HOLD	98,2349	218,8915
2026-05-02	18:00	78249,31	78249,31	78094,43	78143,08	LONG	0,00167	5981,87	0,00648	HOLD	98,2349	218,7141
2026-05-02	19:00	78143,09	78262,37	78108,41	78211,24	LONG	0,00167	5981,87	0,00648	HOLD	98,2349	218,8279
2026-05-02	20:00	78211,24	78423,85	78211,24	78367,06	LONG	0,00167	5981,87	0,00648	HOLD	98,2349	219,0881
2026-05-02	21:00	78367,06	78484,42	78309,84	78423,98	LONG	0,00167	5981,87	0,00648	HOLD	98,2349	219,1832
2026-05-02	22:00	78423,98	78487,68	78365,96	78487,67	LONG	0,00167	5981,87	0,00648	HOLD	98,2349	219,2896
2026-05-02	23:00	78487,67	78596,61	78430,07	78455,02	LONG	0,00167	5981,87	0,00648	HOLD	98,2349	219,235
2026-05-03	00:00	78455,02	78485,53	78368,24	78398,02	LONG	0,00167	5981,87	0,00648	HOLD	98,2349	219,1398
2026-05-03	01:00	78398,03	78493,31	78310,54	78466,62	LONG	0,00167	5981,87	0,00648	HOLD	98,2349	219,2544
2026-05-03	02:00	78466,63	78521,68	78440,11	78486	LONG	0,00167	5981,87	0,00648	HOLD	98,2349	219,2868
2026-05-03	03:00	78486,23	78491,26	78418,32	78451,38	LONG	0,00167	5981,87	0,00648	HOLD	98,2349	219,2289
2026-05-03	04:00	78451,37	79199,48	78439,51	78719,78	LONG	0,00167	5981,87	0,00648	HOLD	98,2349	219,6772
2026-05-03	05:00	78719,78	78872,39	78610,46	78832,98	LONG	0,00167	5981,87	0,00648	HOLD	98,2349	219,8662
2026-05-03	06:00	78832,98	78832,98	78631,9	78686,85	LONG	0,00167	5981,87	0,00648	HOLD	98,2349	219,6222
2026-05-03	07:00	78686,84	78754,55	78490,61	78542,32	LONG	0,00167	5981,87	0,00648	HOLD	98,2349	219,3808
2026-05-03	08:00	78542,33	78542,33	78152,25	78240,83	LONG	0,00167	5981,87	0,00648	HOLD	98,2349	218,8773
2026-05-03	09:00	78240,84	78309,09	78108,75	78171,85	LONG	0,00167	5981,87	0,00648	HOLD	98,2349	218,7621
2026-05-03	10:00	78171,86	78217,59	78109,94	78203,08	LONG	0,00167	5981,87	0,00648	HOLD	98,2349	218,8143
2026-05-03	11:00	78203,07	78236,45	78120	78163,19	LONG	0,00167	5981,87	0,00648	HOLD	98,2349	218,7477
2026-05-03	12:00	78163,19	78260,75	78163,17	78249,42	LONG	0,00167	5981,87	0,00648	HOLD	98,2349	218,8917
2026-05-03	13:00	78249,41	78337,26	78084,08	78288,3	LONG	0,00167	5981,87	0,00648	HOLD	98,2349	218,9566
2026-05-03	14:00	78288,3	78483,67	78288,29	78363,25	LONG	0,00167	5981,87	0,00648	HOLD	98,2349	219,0818
2026-05-03	15:00	78363,24	78505,92	78363,24	78387,86	LONG	0,00167	5981,87	0,00648	HOLD	98,2349	219,1229
2026-05-03	16:00	78387,87	78604,67	78354,53	78529,57	LONG	0,00167	5981,87	0,00648	HOLD	98,2349	219,3595
2026-05-03	17:00	78529,57	78534,4	78406,97	78408,01	LONG	0,00167	5981,87	0,00648	HOLD	98,2349	219,1565
2026-05-03	18:00	78408,01	78849,22	78380	78656,01	LONG	0,00167	5981,87	0,00648	HOLD	98,2349	219,5707
2026-05-03	19:00	78656,01	78878,77	78656	78747,09	LONG	0,00167	5981,87	0,00648	HOLD	98,2349	219,7228
2026-05-03	20:00	78747,09	78769,63	78586,99	78670,01	LONG	0,00167	5981,87	0,00648	HOLD	98,2349	219,5941
2026-05-03	21:00	78670,01	78786,57	78608,7	78741	LONG	0,00167	5981,87	0,00648	HOLD	98,2349	219,7126
2026-05-03	22:00	78741	78815,19	78633,4	78668,36	LONG	0,00167	5981,87	0,00648	HOLD	98,2349	219,5913
2026-05-03	23:00	78668,36	78784,56	78600	78654	LONG	0,00167	5981,87	0,00648	HOLD	98,2349	219,5673
2026-05-04	00:00	78654,01	78822,83	78558,65	78725,76	LONG	0,00167	5981,87	0,00648	HOLD	98,2349	219,6872
2026-05-04	01:00	78725,76	78763,57	78631,61	78739,67	LONG	0,00167	5981,87	0,00648	HOLD	98,2349	219,7104
2026-05-04	02:00	78739,68	78853,32	78676,67	78760,32	LONG	0,00167	5981,87	0,00648	HOLD	98,2349	219,7449
2026-05-04	03:00	78760,32	79268	78732,04	78915,99	LONG	0,00167	5981,87	0,00648	HOLD	98,2349	220,0048
2026-05-04	04:00	78915,99	79056,59	78650	78831,59	LONG	0,00167	5981,87	0,00648	HOLD	98,2349	219,8639
2026-05-04	05:00	78831,6	79447	78831,6	79177,29	LONG	0,00167	5981,87	0,00648	HOLD	98,2349	220,4412
2026-05-04	06:00	79177,29	79287,82	78484,42	78568,57	LONG	0,00167	5981,87	0,00648	HOLD	98,2349	219,4247
2026-05-04	07:00	78568,58	78572,57	78288,88	78547,14	LONG	0,00167	5981,87	0,00648	HOLD	98,2349	219,3889
2026-05-04	08:00	78547,15	79848,84	78412,49	79769,43	LONG	0,00167	5981,87	0,00648	HOLD	98,2349	221,4301
2026-05-04	09:00	79769,43	80420,9	79540,05	80173,3	LONG	0,00167	5981,87	0,00648	HOLD	98,2349	222,1046
2026-05-04	10:00	80173,3	80458	79926,9	80316,31	LONG	0,00167	5981,87	0,00648	HOLD	98,2349	222,3434
2026-05-04	11:00	80316,3	80635,51	80233,04	80332,06	LONG	0,00167	5981,87	0,00648	HOLD	98,2349	222,3697
2026-05-04	12:00	80332,06	80395,96	79956,25	80027,26	LONG	0,00167	5981,87	0,00648	HOLD	98,2349	221,8607
2026-05-04	13:00	80027,26	80048,64	79500	79877,9	LONG	0,00167	5981,87	0,00648	HOLD	98,2349	221,6112
2026-05-04	14:00	79877,91	79946,33	79672	79696,75	LONG	0,00167	5981,87	0,00648	HOLD	98,2349	221,3087
2026-05-04	15:00	79696,75	79800	79602,32	79708,3	LONG	0,00167	5981,87	0,00648	HOLD	98,2349	221,328
2026-05-04	16:00	79708,3	79930	79647,87	79838,48	LONG	0,00167	5981,87	0,00648	HOLD	98,2349	221,5454
2026-05-04	17:00	79838,49	79880	78202	78940,26	LONG	0,00167	5981,87	0,00648	HOLD	98,2349	220,0454
2026-05-04	18:00	78940,27	79124,83	78708,87	78793,67	LONG	0,00167	5981,87	0,00648	HOLD	98,2349	219,8006
2026-05-04	19:00	78793,67	79020	78718,55	78857,18	LONG	0,00167	5981,87	0,00648	HOLD	98,2349	219,9066
2026-05-04	20:00	78857,18	79124,83	78581,74	78790	LONG	0,00167	5981,87	0,00648	HOLD	98,2349	219,7944
2026-05-04	21:00	78790,01	80545,17	78500	80216,16	LONG	0,00167	5981,87	0,00648	HOLD	98,2349	222,1761
2026-05-04	22:00	80216,15	80367,93	79320,28	80028,85	LONG	0,00167	5981,87	0,00648	HOLD	98,2349	221,8633
2026-05-04	23:00	80028,85	80395,68	79619,33	80025,03	LONG	0,00167	5981,87	0,00648	HOLD	98,2349	221,8569
2026-05-05	00:00	80025,03	80776,99	80021,5	80390,81	LONG	0,00167	5981,87	0,00648	HOLD	98,2349	222,4678
2026-05-05	01:00	80390,8	80439,18	80035,32	80114,91	LONG	0,00167	5981,87	0,00648	HOLD	98,2349	222,007
2026-05-05	02:00	80114,91	80138	79900	80053,31	LONG	0,00167	5981,87	0,00648	HOLD	98,2349	221,9042
2026-05-05	03:00	80053,31	80154,12	79901	79936,7	LONG	0,00167	5981,87	0,00648	HOLD	98,2349	221,7094
2026-05-05	04:00	79936,7	80383,15	79936,7	80259,17	LONG	0,00167	5981,87	0,00648	HOLD	98,2349	222,248
2026-05-05	05:00	80259,18	80397,19	80042,84	80067,23	LONG	0,00167	5981,87	0,00648	HOLD	98,2349	221,9274
2026-05-05	06:00	80067,22	80067,22	79744,91	79861,01	LONG	0,00167	5981,87	0,00648	HOLD	98,2349	221,583
2026-05-05	07:00	79861,01	80183,33	79808,72	80170,66	LONG	0,00167	5981,87	0,00648	HOLD	98,2349	222,1001
2026-05-05	08:00	80170,66	80385,06	80080,76	80352	LONG	0,00167	5981,87	0,00648	HOLD	98,2349	222,403
2026-05-05	09:00	80351,99	80900	80300	80554,68	LONG	0,00167	5981,87	0,00648	HOLD	98,2349	222,7415
2026-05-05	10:00	80554,69	81083,98	80457,93	80893,08	LONG	0,00167	5981,87	0,00648	HOLD	98,2349	223,3066
2026-05-05	11:00	80893,08	80982,59	80725	80902,44	LONG	0,00167	5981,87	0,00648	HOLD	98,2349	223,3222
2026-05-05	12:00	80902,44	81323,52	80830,06	80970	LONG	0,00167	5981,87	0,00648	HOLD	98,2349	223,435
2026-05-05	13:00	80969,99	81016,42	80800	80976	LONG	0,00167	5981,87	0,00648	HOLD	98,2349	223,4451
2026-05-05	14:00	80976	81136,59	80826	80855,59	LONG	0,00167	5981,87	0,00648	HOLD	98,2349	223,244
2026-05-05	15:00	80855,59	80895,5	80723,2	80815,24	LONG	0,00167	5981,87	0,00648	HOLD	98,2349	223,1766
2026-05-05	16:00	80815,24	80815,24	80527,76	80586,02	LONG	0,00167	5981,87	0,00648	HOLD	98,2349	222,7938
2026-05-05	17:00	80586,02	80831,87	80530,82	80823,61	LONG	0,00167	5981,87	0,00648	HOLD	98,2349	223,1906
2026-05-05	18:00	80823,61	81095,48	80780	81014,05	LONG	0,00167	5981,87	0,00648	HOLD	98,2349	223,5086
2026-05-05	19:00	81014,05	81329,61	80932,54	81279,41	LONG	0,00167	5981,87	0,00648	HOLD	98,2349	223,9518
2026-05-05	20:00	81279,4	81712,32	81196	81330	LONG	0,00167	5981,87	0,00648	HOLD	98,2349	224,0362
2026-05-05	21:00	81330	81500	80939,87	81336,59	LONG	0,00167	5981,87	0,00648	HOLD	98,2349	224,0472
2026-05-05	22:00	81336,59	81689,2	81235	81525,19	LONG	0,00167	5981,87	0,00648	HOLD	98,2349	224,3622
2026-05-05	23:00	81525,19	81615,33	81050,04	81285,75	LONG	0,00167	5981,87	0,00648	HOLD	98,2349	223,9623
2026-05-06	00:00	81285,75	81458,26	81185,02	81270,6	LONG	0,00167	5981,87	0,00648	HOLD	98,2349	223,937
2026-05-06	01:00	81270,61	81599	81270,61	81515	LONG	0,00167	5981,87	0,00648	HOLD	98,2349	224,3452
2026-05-06	02:00	81515	81680	81407,58	81606,35	LONG	0,00167	5981,87	0,00648	HOLD	98,2349	224,4977
2026-05-06	03:00	81606,35	81770	81510,13	81646,38	LONG	0,00167	5981,87	0,00648	HOLD	98,2349	224,5646
2026-05-06	04:00	81646,39	81791,48	81305,27	81407,11	LONG	0,00167	5981,87	0,00648	HOLD	98,2349	224,165
2026-05-06	05:00	81407,11	81600	80817,72	81111,27	LONG	0,00167	5981,87	0,00648	HOLD	98,2349	223,671
2026-05-06	06:00	81111,27	81222,03	80790	80905,52	LONG	0,00167	5981,87	0,00648	HOLD	98,2349	223,3274
2026-05-06	07:00	80905,53	81262,28	80731,14	81030,01	LONG	0,00167	5981,87	0,00648	HOLD	98,2349	223,5353
2026-05-06	08:00	81030	81534,23	80996	81439,34	LONG	0,00167	5981,87	0,00648	HOLD	98,2349	224,2188
2026-05-06	09:00	81439,34	81449,04	81047,01	81363,54	LONG	0,00167	5981,87	0,00648	HOLD	98,2349	224,0923
2026-05-06	10:00	81363,54	81760,84	81358,17	81581,69	LONG	0,00167	5981,87	0,00648	HOLD	98,2349	224,4566
2026-05-06	11:00	81581,7	81649,99	81270	81331,1	LONG	0,00167	5981,87	0,00648	HOLD	98,2349	224,0381
2026-05-06	12:00	81331,1	81360,3	81060	81333	LONG	0,00167	5981,87	0,00648	HOLD	98,2349	224,0413
2026-05-06	13:00	81333	81516,9	81211,34	81476,71	LONG	0,00167	5981,87	0,00648	HOLD	98,2349	224,2812
2026-05-06	14:00	81476,71	81611	81307,81	81359,82	LONG	0,00167	5981,87	0,00648	HOLD	98,2349	224,086
2026-05-06	15:00	81359,82	81986	81328,68	81945,66	LONG	0,00167	5981,87	0,00648	HOLD	98,2349	225,0644
2026-05-06	16:00	81945,66	82060	81682,7	81997	LONG	0,00167	5981,87	0,00648	HOLD	98,2349	225,1501
2026-05-06	17:00	81997	82390	81953,25	82290,04	LONG	0,00167	5981,87	0,00648	HOLD	98,2349	225,6395
2026-05-06	18:00	82290,03	82850	82261,6	82522,89	LONG	0,00167	5981,87	0,00648	HOLD	98,2349	226,0284
2026-05-06	19:00	82522,88	82539,33	82164,61	82220,47	LONG	0,00167	5981,87	0,00648	HOLD	98,2349	225,5233
2026-05-06	20:00	82220,47	82220,47	81600	81670,89	LONG	0,00167	5981,87	0,00648	HOLD	98,2349	224,6055
2026-05-06	21:00	81670,9	81980,72	81136	81526,73	LONG	0,00167	5981,87	0,00648	HOLD	98,2349	224,3648
2026-05-06	22:00	81526,74	81823	81316,28	81704,25	LONG	0,00167	5981,87	0,00648	HOLD	98,2349	224,6612
2026-05-06	23:00	81704,25	81907,51	81431,16	81630,94	LONG	0,00167	5981,87	0,00648	HOLD	98,2349	224,5388
2026-05-07	00:00	81630,94	81709,32	81394	81452,63	LONG	0,00167	5981,87	0,00648	HOLD	98,2349	224,241
2026-05-07	01:00	81452,63	81559,17	81271,06	81353,14	LONG	0,00167	5981,87	0,00648	HOLD	98,2349	224,0749
2026-05-07	02:00	81353,15	81522,41	81200	81464,87	LONG	0,00167	5981,87	0,00648	HOLD	98,2349	224,2615
2026-05-07	03:00	81464,86	81700	81302,35	81427,52	LONG	0,00167	5981,87	0,00648	HOLD	98,2349	224,1991
2026-05-07	04:00	81427,52	81618,77	81294,64	81539,16	LONG	0,00167	5981,87	0,00648	HOLD	98,2349	224,3855
2026-05-07	05:00	81539,16	81540,91	81240	81342,39	LONG	0,00167	5981,87	0,00648	HOLD	98,2349	224,0569
2026-05-07	06:00	81342,39	81447,3	81000	81447,01	LONG	0,00167	5981,87	0,00648	HOLD	98,2349	224,2316
2026-05-07	07:00	81447,01	81490,03	80980	81016,96	LONG	0,00167	5981,87	0,00648	HOLD	98,2349	223,5135
2026-05-07	08:00	81016,96	81284,67	80830,23	81167,8	LONG	0,00167	5981,87	0,00648	HOLD	98,2349	223,7654
2026-05-07	09:00	81167,79	81180,74	80883,54	81113,34	LONG	0,00167	5981,87	0,00648	HOLD	98,2349	223,6744
2026-05-07	10:00	81113,35	81113,35	80834,61	80834,91	LONG	0,00167	5981,87	0,00648	HOLD	98,2349	223,2094
2026-05-07	11:00	80834,92	80989,59	80725,09	80979,19	LONG	0,00167	5981,87	0,00648	HOLD	98,2349	223,4504
2026-05-07	12:00	80979,19	81172,27	80974,06	81088	LONG	0,00167	5981,87	0,00648	HOLD	98,2349	223,6321
2026-05-07	13:00	81088	81443,21	80874,41	81438,61	LONG	0,00167	5981,87	0,00648	HOLD	98,2349	224,2176
2026-05-07	14:00	81438,62	81708,32	81390,3	81518,58	LONG	0,00167	5981,87	0,00648	HOLD	98,2349	224,3512
2026-05-07	15:00	81518,57	81590	81194,74	81231,24	LONG	0,00167	5981,87	0,00648	HOLD	98,2349	223,8713
2026-05-07	16:00	81231,25	81231,25	80852,33	80929	LONG	0,00167	5981,87	0,00648	HOLD	98,2349	223,3666
2026-05-07	17:00	80929	80997	80572,4	80850,75	LONG	0,00167	5981,87	0,00648	HOLD	98,2349	223,2359
2026-05-07	18:00	80850,76	81041,15	80786,5	80866,65	LONG	0,00167	5981,87	0,00648	HOLD	98,2349	223,2624
2026-05-07	19:00	80866,65	81180	80846,87	81162,01	LONG	0,00167	5981,87	0,00648	HOLD	98,2349	223,7557
2026-05-07	20:00	81162	81162,01	80260,98	80503,68	LONG	0,00167	5981,87	0,00648	HOLD	98,2349	222,6563
2026-05-07	21:00	80503,69	80685,7	80046	80171,38	LONG	0,00167	5981,87	0,00648	HOLD	98,2349	222,1013
2026-05-07	22:00	80171,37	80271,42	79699,52	79890,63	LONG	0,00167	5981,87	0,00648	HOLD	98,2349	221,6325
2026-05-07	23:00	79890	80020	79646,79	79801,08	LONG	0,00167	5981,87	0,00648	HOLD	98,2349	221,4829
2026-05-08	00:00	79801,08	80135,17	79500	80094,52	LONG	0,00167	5981,87	0,00648	HOLD	98,2349	221,973
2026-05-08	01:00	80094,52	80269,06	80004,4	80200,59	LONG	0,00167	5981,87	0,00648	HOLD	98,2349	222,1501
2026-05-08	02:00	80200,6	80224	79934,3	80146,11	LONG	0,00167	5981,87	0,00648	HOLD	98,2349	222,0591
2026-05-08	03:00	80146,77	80371,23	79859,51	79879,99	LONG	0,00167	5981,87	0,00648	HOLD	98,2349	221,6147
2026-05-08	04:00	79880	79934,92	79660	79735,01	LONG	0,00167	5981,87	0,00648	HOLD	98,2349	221,3726
2026-05-08	05:00	79735	79990	79582,95	79919,01	LONG	0,00167	5981,87	0,00648	HOLD	98,2349	221,6799
2026-05-08	06:00	79919	80068,03	79871,98	80006	LONG	0,00167	5981,87	0,00648	HOLD	98,2349	221,8252
2026-05-08	07:00	80006	80142,84	79729,72	79831,99	LONG	0,00167	5981,87	0,00648	HOLD	98,2349	221,5346
2026-05-08	08:00	79831,98	79900,11	79612,63	79740,01	LONG	0,00167	5981,87	0,00648	HOLD	98,2349	221,381
2026-05-08	09:00	79740,01	79761,61	79316,99	79488,46	LONG	0,00167	5981,87	0,00648	HOLD	98,2349	220,9609
2026-05-08	10:00	79488,47	79666,66	79181,48	79578,85	LONG	0,00167	5981,87	0,00648	HOLD	98,2349	221,1118
2026-05-08	11:00	79578,84	79748	79551,26	79655,23	LONG	0,00167	5981,87	0,00648	HOLD	98,2349	221,2394
2026-05-08	12:00	79655,22	79778,95	79600	79600,01	LONG	0,00167	5981,87	0,00648	HOLD	98,2349	221,1472
2026-05-08	13:00	79600,01	79654	79411	79525,76	LONG	0,00167	5981,87	0,00648	HOLD	98,2349	221,0232
2026-05-08	14:00	79525,77	79727	79248,58	79682,4	LONG	0,00167	5981,87	0,00648	HOLD	98,2349	221,2848
2026-05-08	15:00	79682,4	79987,27	79666,05	79886,01	LONG	0,00167	5981,87	0,00648	HOLD	98,2349	221,6248
2026-05-08	16:00	79886	80061,17	79794,88	79872,72	LONG	0,00167	5981,87	0,00648	HOLD	98,2349	221,6026
2026-05-08	17:00	79872,72	80278,92	79788,01	80212,56	LONG	0,00167	5981,87	0,00648	HOLD	98,2349	222,1701
2026-05-08	18:00	80212,55	80340,94	80127,54	80231,22	LONG	0,00167	5981,87	0,00648	HOLD	98,2349	222,2013
2026-05-08	19:00	80231,22	80500	79966,14	80025,82	LONG	0,00167	5981,87	0,00648	HOLD	98,2349	221,8583
2026-05-08	20:00	80025,81	80095,99	79549,54	79647,8	LONG	0,00167	5981,87	0,00648	HOLD	98,2349	221,227
2026-05-08	21:00	79647,81	80441,79	79647,8	80150,97	LONG	0,00167	5981,87	0,00648	HOLD	98,2349	222,0673
2026-05-08	22:00	80150,97	80200	79625	80142,14	LONG	0,00167	5981,87	0,00648	HOLD	98,2349	222,0525
2026-05-08	23:00	80142,13	80182,18	79741,3	79802,34	LONG	0,00167	5981,87	0,00648	HOLD	98,2349	221,4851
2026-05-09	00:00	79802,35	80261,87	79738,75	80060	LONG	0,00167	5981,87	0,00648	HOLD	98,2349	221,9153
2026-05-09	01:00	80060	80299,99	80059,99	80078,4	LONG	0,00167	5981,87	0,00648	HOLD	98,2349	221,9461
2026-05-09	02:00	80078,39	80181,66	79954,54	80179,94	LONG	0,00167	5981,87	0,00648	HOLD	98,2349	222,1156
2026-05-09	03:00	80180	80299,93	80089,76	80133,09	LONG	0,00167	5981,87	0,00648	HOLD	98,2349	222,0374
2026-05-09	04:00	80133,08	80264	80116,32	80263,99	LONG	0,00167	5981,87	0,00648	HOLD	98,2349	222,256
2026-05-09	05:00	80264	80409,09	80238,42	80262	LONG	0,00167	5981,87	0,00648	HOLD	98,2349	222,2527
2026-05-09	06:00	80262	80299,27	80111,02	80193,17	LONG	0,00167	5981,87	0,00648	HOLD	98,2349	222,1377
2026-05-09	07:00	80193,18	80240,87	80129,85	80238,76	LONG	0,00167	5981,87	0,00648	HOLD	98,2349	222,2139
2026-05-09	08:00	80238,75	80446,58	80217,46	80327,75	LONG	0,00167	5981,87	0,00648	HOLD	98,2349	222,3625
2026-05-09	09:00	80327,75	80477,47	80327,75	80417,87	LONG	0,00167	5981,87	0,00648	HOLD	98,2349	222,513
2026-05-09	10:00	80417,88	80550,67	80307,76	80383,95	LONG	0,00167	5981,87	0,00648	HOLD	98,2349	222,4563
2026-05-09	11:00	80383,96	80666,66	80373,55	80379,9	LONG	0,00167	5981,87	0,00648	HOLD	98,2349	222,4496
2026-05-09	12:00	80379,9	80480,49	80343	80379,49	LONG	0,00167	5981,87	0,00648	HOLD	98,2349	222,4489
2026-05-09	13:00	80379,5	80428,01	80201,6	80263,92	LONG	0,00167	5981,87	0,00648	HOLD	98,2349	222,2559
2026-05-09	14:00	80263,93	80309,05	80135	80228,89	LONG	0,00167	5981,87	0,00648	HOLD	98,2349	222,1974
2026-05-09	15:00	80228,88	80452,44	80220	80407,12	LONG	0,00167	5981,87	0,00648	HOLD	98,2349	222,495
2026-05-09	16:00	80407,12	80415,83	80214	80242,53	LONG	0,00167	5981,87	0,00648	HOLD	98,2349	222,2202
2026-05-09	17:00	80242,54	80346,94	80166,26	80264,02	LONG	0,00167	5981,87	0,00648	HOLD	98,2349	222,2561
2026-05-09	18:00	80264,01	80366,07	80256,95	80345,46	LONG	0,00167	5981,87	0,00648	HOLD	98,2349	222,3921
2026-05-09	19:00	80345,47	80416,21	80274,03	80397,97	LONG	0,00167	5981,87	0,00648	HOLD	98,2349	222,4798
2026-05-09	20:00	80397,97	80422	80318,7	80391,18	LONG	0,00167	5981,87	0,00648	HOLD	98,2349	222,4684
2026-05-09	21:00	80391,18	80426,9	80254,71	80332,22	LONG	0,00167	5981,87	0,00648	HOLD	98,2349	222,3699
2026-05-09	22:00	80332,23	80600	80234	80527,92	LONG	0,00167	5981,87	0,00648	HOLD	98,2349	222,6968
2026-05-09	23:00	80527,92	80777	80487,4	80625,01	LONG	0,00167	5981,87	0,00648	HOLD	98,2349	222,8589
2026-05-10	00:00	80625	80928,56	80625	80812,7	LONG	0,00167	5981,87	0,00648	HOLD	98,2349	223,1724
2026-05-10	01:00	80812,69	81080	80787,39	80907,65	LONG	0,00167	5981,87	0,00648	HOLD	98,2349	223,3309
2026-05-10	02:00	80907,66	80958	80776,99	80938,53	LONG	0,00167	5981,87	0,00648	HOLD	98,2349	223,3825
2026-05-10	03:00	80938,53	80938,53	80744,98	80805,5	LONG	0,00167	5981,87	0,00648	HOLD	98,2349	223,1603
2026-05-10	04:00	80805,51	80896	80744,98	80780,83	LONG	0,00167	5981,87	0,00648	HOLD	98,2349	223,1191
2026-05-10	05:00	80780,83	80823,24	80670,01	80782,38	LONG	0,00167	5981,87	0,00648	HOLD	98,2349	223,1217
2026-05-10	06:00	80782,38	80850	80621,88	80678,4	LONG	0,00167	5981,87	0,00648	HOLD	98,2349	222,9481
2026-05-10	07:00	80678,41	80770,51	80610,64	80680,04	LONG	0,00167	5981,87	0,00648	HOLD	98,2349	222,9508
2026-05-10	08:00	80680,03	80690,73	80572,77	80685,56	LONG	0,00167	5981,87	0,00648	HOLD	98,2349	222,96
2026-05-10	09:00	80685,55	80790	80611	80777,42	LONG	0,00167	5981,87	0,00648	HOLD	98,2349	223,1134
2026-05-10	10:00	80777,42	80887,15	80709,59	80775	LONG	0,00167	5981,87	0,00648	HOLD	98,2349	223,1094
2026-05-10	11:00	80774,99	80840	80722,78	80759,93	LONG	0,00167	5981,87	0,00648	HOLD	98,2349	223,0842
2026-05-10	12:00	80759,93	80816,52	80682	80700,77	LONG	0,00167	5981,87	0,00648	HOLD	98,2349	222,9854
2026-05-10	13:00	80700,76	80753,04	80658,97	80733,75	LONG	0,00167	5981,87	0,00648	HOLD	98,2349	223,0405
2026-05-10	14:00	80733,75	80827,14	80720,1	80736,03	LONG	0,00167	5981,87	0,00648	HOLD	98,2349	223,0443
2026-05-10	15:00	80736,03	80909,65	80715,33	80830,33	LONG	0,00167	5981,87	0,00648	HOLD	98,2349	223,2018
2026-05-10	16:00	80830,34	80913,8	80756,53	80807,96	LONG	0,00167	5981,87	0,00648	HOLD	98,2349	223,1644
2026-05-10	17:00	80807,95	80883,48	80691	80873,79	LONG	0,00167	5981,87	0,00648	HOLD	98,2349	223,2744
2026-05-10	18:00	80873,8	80975,4	80750	80821,21	LONG	0,00167	5981,87	0,00648	HOLD	98,2349	223,1866
2026-05-10	19:00	80821,21	80950	80784,2	80927,72	LONG	0,00167	5981,87	0,00648	HOLD	98,2349	223,3644
2026-05-10	20:00	80927,71	81000,01	80865,44	80971,67	LONG	0,00167	5981,87	0,00648	HOLD	98,2349	223,4378
2026-05-10	21:00	80971,66	80999,36	80816,22	80990,11	LONG	0,00167	5981,87	0,00648	HOLD	98,2349	223,4686
2026-05-10	22:00	80990,11	81442,81	80936	81418,01	LONG	0,00167	5981,87	0,00648	HOLD	98,2349	224,1832
2026-05-10	23:00	81418,01	81500	81200	81378,25	LONG	0,00167	5981,87	0,00648	HOLD	98,2349	224,1168
2026-05-11	00:00	81378,25	81583,11	81220	81476,18	LONG	0,00167	5981,87	0,00648	HOLD	98,2349	224,2804
2026-05-11	01:00	81476,18	81493,11	81231,14	81271,96	LONG	0,00167	5981,87	0,00648	HOLD	98,2349	223,9393
2026-05-11	02:00	81271,96	81481,92	81148	81437,83	LONG	0,00167	5981,87	0,00648	HOLD	98,2349	224,2163
2026-05-11	03:00	81437,83	81459,66	80279,77	80734,88	LONG	0,00167	5981,87	0,00648	HOLD	98,2349	223,0424
2026-05-11	04:00	80734,88	80944,44	80571,97	80720,47	LONG	0,00167	5981,87	0,00648	HOLD	98,2349	223,0183
2026-05-11	05:00	80720,47	82171,96	80666,66	82044,49	LONG	0,00167	5981,87	0,00648	HOLD	98,2349	225,2294
2026-05-11	06:00	82044,49	82479,32	82044,49	82210,07	LONG	0,00167	5981,87	0,00648	HOLD	98,2349	225,506
2026-05-11	07:00	82210,07	82380	81280	81471,13	LONG	0,00167	5981,87	0,00648	HOLD	98,2349	224,2719
2026-05-11	08:00	81471,13	81744,85	81291,23	81501,72	LONG	0,00167	5981,87	0,00648	HOLD	98,2349	224,323
2026-05-11	09:00	81501,73	81572,4	81117,64	81169,08	LONG	0,00167	5981,87	0,00648	HOLD	98,2349	223,7675
2026-05-11	10:00	81169,09	81188,97	80525	80736,01	LONG	0,00167	5981,87	0,00648	HOLD	98,2349	223,0443
2026-05-11	11:00	80736	80879,12	80639,99	80824,61	LONG	0,00167	5981,87	0,00648	HOLD	98,2349	223,1922
2026-05-11	12:00	80824,61	80981,8	80761,73	80832,33	LONG	0,00167	5981,87	0,00648	HOLD	98,2349	223,2051
2026-05-11	13:00	80832,34	81049,51	80762	80822,86	LONG	0,00167	5981,87	0,00648	HOLD	98,2349	223,1893
2026-05-11	14:00	80822,86	80840,3	80663,11	80740,4	LONG	0,00167	5981,87	0,00648	HOLD	98,2349	223,0516
2026-05-11	15:00	80740,4	80863,42	80621,87	80767,97	LONG	0,00167	5981,87	0,00648	HOLD	98,2349	223,0977
2026-05-11	16:00	80767,97	80997,63	80758,3	80966,57	LONG	0,00167	5981,87	0,00648	HOLD	98,2349	223,4293
2026-05-11	17:00	80966,58	81200	80940	80940	LONG	0,00167	5981,87	0,00648	HOLD	98,2349	223,3849
2026-05-11	18:00	80940	81196,95	80900	81196,94	LONG	0,00167	5981,87	0,00648	HOLD	98,2349	223,814
2026-05-11	19:00	81196,95	81356,46	81029,77	81054,65	LONG	0,00167	5981,87	0,00648	HOLD	98,2349	223,5764
2026-05-11	20:00	81054,65	81332,29	80739,63	81072	LONG	0,00167	5981,87	0,00648	HOLD	98,2349	223,6054
2026-05-11	21:00	81072,01	81252,72	80462,97	80953,38	LONG	0,00167	5981,87	0,00648	HOLD	98,2349	223,4073
2026-05-11	22:00	80953,39	81458	80826,02	81445,9	LONG	0,00167	5981,87	0,00648	HOLD	98,2349	224,2298
2026-05-11	23:00	81445,89	81910,35	81344,72	81575,85	LONG	0,00167	5981,87	0,00648	HOLD	98,2349	224,4468
2026-05-12	00:00	81575,84	82071,77	81369,42	81941,09	LONG	0,00167	5981,87	0,00648	HOLD	98,2349	225,0568
2026-05-12	01:00	81941,09	82137,26	81836,15	81858,96	LONG	0,00167	5981,87	0,00648	HOLD	98,2349	224,9196
2026-05-12	02:00	81858,97	82091,11	81739,09	81961,99	LONG	0,00167	5981,87	0,00648	HOLD	98,2349	225,0917
2026-05-12	03:00	81961,99	82078,91	81758,5	81821,02	LONG	0,00167	5981,87	0,00648	HOLD	98,2349	224,8562
2026-05-12	04:00	81821,03	81906,35	81600	81821,18	LONG	0,00167	5981,87	0,00648	HOLD	98,2349	224,8565
2026-05-12	05:00	81821,18	81969,99	81729,99	81833,92	LONG	0,00167	5981,87	0,00648	HOLD	98,2349	224,8778
2026-05-12	06:00	81833,92	81833,92	81596,31	81745,65	LONG	0,00167	5981,87	0,00648	HOLD	98,2349	224,7304
2026-05-12	07:00	81745,66	81788	81478,75	81545,2	LONG	0,00167	5981,87	0,00648	HOLD	98,2349	224,3956
2026-05-12	08:00	81545,2	81615,67	80714,28	81199,18	LONG	0,00167	5981,87	0,00648	HOLD	98,2349	223,8178
2026-05-12	09:00	81199,18	81332,29	81087,63	81249,93	LONG	0,00167	5981,87	0,00648	HOLD	98,2349	223,9025
2026-05-12	10:00	81249,93	81294,42	81024,41	81058,8	LONG	0,00167	5981,87	0,00648	HOLD	98,2349	223,5833
2026-05-12	11:00	81058,79	81303,99	81000	81240,01	LONG	0,00167	5981,87	0,00648	HOLD	98,2349	223,886
2026-05-12	12:00	81240,01	81305,24	81181,56	81224,03	LONG	0,00167	5981,87	0,00648	HOLD	98,2349	223,8593
2026-05-12	13:00	81224,04	81300	81010,01	81022,44	LONG	0,00167	5981,87	0,00648	HOLD	98,2349	223,5226
2026-05-12	14:00	81022,44	81137,27	80800,77	80865,4	LONG	0,00167	5981,87	0,00648	HOLD	98,2349	223,2604
2026-05-12	15:00	80865,4	80964,13	80760,53	80843,31	LONG	0,00167	5981,87	0,00648	HOLD	98,2349	223,2235
2026-05-12	16:00	80843,3	80963,35	80720	80837,15	LONG	0,00167	5981,87	0,00648	HOLD	98,2349	223,2132
2026-05-12	17:00	80837,15	80848,27	80601,27	80666,37	LONG	0,00167	5981,87	0,00648	HOLD	98,2349	222,928
2026-05-12	18:00	80666,38	80785,38	80496,57	80784,87	LONG	0,00167	5981,87	0,00648	HOLD	98,2349	223,1259
2026-05-12	19:00	80784,86	80999	80619,19	80881,26	LONG	0,00167	5981,87	0,00648	HOLD	98,2349	223,2868
2026-05-12	20:00	80881,25	80928,26	80397,07	80466,91	LONG	0,00167	5981,87	0,00648	HOLD	98,2349	222,5949
2026-05-12	21:00	80466,91	80888,01	80397,88	80540	LONG	0,00167	5981,87	0,00648	HOLD	98,2349	222,7169
2026-05-12	22:00	80540	80676,78	80188,65	80336,01	LONG	0,00167	5981,87	0,00648	HOLD	98,2349	222,3763
2026-05-12	23:00	80336,01	80435,99	79843,59	80000,01	LONG	0,00167	5981,87	0,00648	HOLD	98,2349	221,8152
2026-05-13	00:00	80000,01	80593,06	79951,05	80527,69	LONG	0,00167	5981,87	0,00648	HOLD	98,2349	222,6964
2026-05-13	01:00	80527,69	80763,81	80430	80679,12	LONG	0,00167	5981,87	0,00648	HOLD	98,2349	222,9493
2026-05-13	02:00	80679,11	80874,42	80679,11	80834,64	LONG	0,00167	5981,87	0,00648	HOLD	98,2349	223,209
2026-05-13	03:00	80835,3	80896,25	80642,85	80696,87	LONG	0,00167	5981,87	0,00648	HOLD	98,2349	222,9789
2026-05-13	04:00	80696,87	80738	80497	80587,44	LONG	0,00167	5981,87	0,00648	HOLD	98,2349	222,7962
2026-05-13	05:00	80587,45	80791,94	80587,45	80656,43	LONG	0,00167	5981,87	0,00648	HOLD	98,2349	222,9114
2026-05-13	06:00	80656,44	80714	80439,91	80504,47	LONG	0,00167	5981,87	0,00648	HOLD	98,2349	222,6576
2026-05-13	07:00	80504,47	80768,95	80412,15	80718	LONG	0,00167	5981,87	0,00648	HOLD	98,2349	223,0142
2026-05-13	08:00	80718	81195,69	80683,12	81006	LONG	0,00167	5981,87	0,00648	HOLD	98,2349	223,4952
2026-05-13	09:00	81005,99	81281,66	80934,69	81050	LONG	0,00167	5981,87	0,00648	HOLD	98,2349	223,5686
2026-05-13	10:00	81050	81299,99	80976,27	81249,99	LONG	0,00167	5981,87	0,00648	HOLD	98,2349	223,9026
2026-05-13	11:00	81249,99	81281,07	81124,87	81231,96	LONG	0,00167	5981,87	0,00648	HOLD	98,2349	223,8725
2026-05-13	12:00	81231,96	81247,22	80999,99	81019,99	LONG	0,00167	5981,87	0,00648	HOLD	98,2349	223,5185
2026-05-13	13:00	81020	81160,36	80972,94	80980,05	LONG	0,00167	5981,87	0,00648	HOLD	98,2349	223,4518
2026-05-13	14:00	80980,06	81049,01	80889,12	81026,92	LONG	0,00167	5981,87	0,00648	HOLD	98,2349	223,5301
2026-05-13	15:00	81026,92	81200	80943,63	81196,57	LONG	0,00167	5981,87	0,00648	HOLD	98,2349	223,8134
2026-05-13	16:00	81196,57	81324,64	81137,77	81291,38	LONG	0,00167	5981,87	0,00648	HOLD	98,2349	223,9717
2026-05-13	17:00	81291,37	81298,5	80809,01	80809,01	LONG	0,00167	5981,87	0,00648	HOLD	98,2349	223,1662
2026-05-13	18:00	80809,01	80843,87	80494,98	80501,22	LONG	0,00167	5981,87	0,00648	HOLD	98,2349	222,6522
2026-05-13	19:00	80501,22	80592,65	79852	80202,78	LONG	0,00167	5981,87	0,00648	HOLD	98,2349	222,1538
2026-05-13	20:00	80202,78	80345,45	79576,47	79656,01	LONG	0,00167	5981,87	0,00648	HOLD	98,2349	221,2407
2026-05-13	21:00	79656,01	79898	79481,56	79756,01	LONG	0,00167	5981,87	0,00648	HOLD	98,2349	221,4077
2026-05-13	22:00	79756,02	79856,08	78807,22	78827,21	LONG	0,00167	5981,87	0,00648	HOLD	98,2349	219,8566
2026-05-13	23:00	78827,21	79222,22	78754,65	79108,39	LONG	0,00167	5981,87	0,00648	HOLD	98,2349	220,3262
2026-05-14	00:00	79108,39	79556,36	79100	79514,97	LONG	0,00167	5981,87	0,00648	HOLD	98,2349	221,0051
2026-05-14	01:00	79514,97	79800	79514,97	79598,15	LONG	0,00167	5981,87	0,00648	HOLD	98,2349	221,1441
2026-05-14	02:00	79598,15	79646,29	79400	79642,41	LONG	0,00167	5981,87	0,00648	HOLD	98,2349	221,218
2026-05-14	03:00	79642,41	79760	79622,7	79698,95	LONG	0,00167	5981,87	0,00648	HOLD	98,2349	221,3124
2026-05-14	04:00	79698,95	79705,73	79340,39	79398,54	LONG	0,00167	5981,87	0,00648	HOLD	98,2349	220,8107
2026-05-14	05:00	79398,54	79470	79228	79428,46	LONG	0,00167	5981,87	0,00648	HOLD	98,2349	220,8607
2026-05-14	06:00	79428,46	79499,01	79233,83	79313,61	LONG	0,00167	5981,87	0,00648	HOLD	98,2349	220,6689
2026-05-14	07:00	79313,61	79681,73	79308	79580	LONG	0,00167	5981,87	0,00648	HOLD	98,2349	221,1137
2026-05-14	08:00	79580	79681,73	79409,42	79604,6	LONG	0,00167	5981,87	0,00648	HOLD	98,2349	221,1548
2026-05-14	09:00	79604,61	79676,11	79222,22	79370,24	LONG	0,00167	5981,87	0,00648	HOLD	98,2349	220,7634
2026-05-14	10:00	79370,24	79460	78922	79044,85	LONG	0,00167	5981,87	0,00648	HOLD	98,2349	220,22
2026-05-14	11:00	79044,86	79474,41	78982,06	79451,63	LONG	0,00167	5981,87	0,00648	HOLD	98,2349	220,8994
2026-05-14	12:00	79451,62	79998	79359,49	79809,16	LONG	0,00167	5981,87	0,00648	HOLD	98,2349	221,4964
2026-05-14	13:00	79809,15	79953,35	79769,12	79804,71	LONG	0,00167	5981,87	0,00648	HOLD	98,2349	221,489
2026-05-14	14:00	79804,72	79937,59	79702,05	79745,98	LONG	0,00167	5981,87	0,00648	HOLD	98,2349	221,3909
2026-05-14	15:00	79745,99	79936,98	79644,44	79821,56	LONG	0,00167	5981,87	0,00648	HOLD	98,2349	221,5171
2026-05-14	16:00	79821,55	79905,99	79569,81	79635,52	LONG	0,00167	5981,87	0,00648	HOLD	98,2349	221,2065
2026-05-14	17:00	79635,53	79756,98	79409,42	79570,01	LONG	0,00167	5981,87	0,00648	HOLD	98,2349	221,0971
2026-05-14	18:00	79570,01	79600	79234	79258,27	LONG	0,00167	5981,87	0,00648	HOLD	98,2349	220,5765
2026-05-14	19:00	79258,27	79775,02	79230,31	79767,11	LONG	0,00167	5981,87	0,00648	HOLD	98,2349	221,4262
2026-05-14	20:00	79767,1	80059,71	79670,88	79701,73	LONG	0,00167	5981,87	0,00648	HOLD	98,2349	221,317
2026-05-14	21:00	79701,73	81020	79561,52	80964,85	LONG	0,00167	5981,87	0,00648	HOLD	98,2349	223,4264
2026-05-14	22:00	80964,84	81332,23	80816,08	81301,23	LONG	0,00167	5981,87	0,00648	HOLD	98,2349	223,9882
2026-05-14	23:00	81301,22	81904,44	81080,25	81888,4	LONG	0,00167	5981,87	0,00648	HOLD	98,2349	224,9688
2026-05-15	00:00	81888,4	82048,13	81271	81668,48	LONG	0,00167	5981,87	0,00648	HOLD	98,2349	224,6015
2026-05-15	01:00	81668,49	81949,15	81440,38	81581,99	LONG	0,00167	5981,87	0,00648	HOLD	98,2349	224,4571
2026-05-15	02:00	81582	81718,73	81330,12	81419,74	LONG	0,00167	5981,87	0,00648	HOLD	98,2349	224,1861
2026-05-15	03:00	81419,75	81590,19	81166,22	81412,04	LONG	0,00167	5981,87	0,00648	HOLD	98,2349	224,1732
2026-05-15	04:00	81412,05	81526,08	81268,38	81396,61	LONG	0,00167	5981,87	0,00648	HOLD	98,2349	224,1475
2026-05-15	05:00	81396,61	81559,71	81335,48	81456	LONG	0,00167	5981,87	0,00648	HOLD	98,2349	224,2467
2026-05-15	06:00	81456	81456	81059,93	81089,99	LONG	0,00167	5981,87	0,00648	HOLD	98,2349	223,6354
2026-05-15	07:00	81090	81664,45	81068,52	81518,67	LONG	0,00167	5981,87	0,00648	HOLD	98,2349	224,3513
2026-05-15	08:00	81518,66	81612,73	81106,2	81131,01	LONG	0,00167	5981,87	0,00648	HOLD	98,2349	223,7039
2026-05-15	09:00	81131	81350	80750	81299,14	LONG	0,00167	5981,87	0,00648	HOLD	98,2349	223,9847
2026-05-15	10:00	81299,14	81340,81	80930,82	81059,15	LONG	0,00167	5981,87	0,00648	HOLD	98,2349	223,5839
2026-05-15	11:00	81059,15	81100	80709,09	80724,71	LONG	0,00167	5981,87	0,00648	HOLD	98,2349	223,0254
2026-05-15	12:00	80724,71	80882,45	80314	80360,01	LONG	0,00167	5981,87	0,00648	HOLD	98,2349	222,4164
2026-05-15	13:00	80360,01	80644,5	80314,01	80580	LONG	0,00167	5981,87	0,00648	HOLD	98,2349	222,7837
2026-05-15	14:00	80580	81003,37	80559,88	80814,88	LONG	0,00167	5981,87	0,00648	HOLD	98,2349	223,176
2026-05-15	15:00	80814,88	80822,95	80415,84	80638	LONG	0,00167	5981,87	0,00648	HOLD	98,2349	222,8806
2026-05-15	16:00	80638	80670,51	80369	80489,8	LONG	0,00167	5981,87	0,00648	HOLD	98,2349	222,6331
2026-05-15	17:00	80489,81	80776,33	80407,6	80716,23	LONG	0,00167	5981,87	0,00648	HOLD	98,2349	223,0112
2026-05-15	18:00	80716,22	80750,56	80590,08	80628,53	LONG	0,00167	5981,87	0,00648	HOLD	98,2349	222,8648
2026-05-15	19:00	80628,52	80635,44	80340,83	80385,11	LONG	0,00167	5981,87	0,00648	HOLD	98,2349	222,4583
2026-05-15	20:00	80385,1	80385,11	78698,69	78758,59	LONG	0,00167	5981,87	0,00648	HOLD	98,2349	219,742
2026-05-15	21:00	78758,59	79353,32	78659	79150,37	LONG	0,00167	5981,87	0,00648	HOLD	98,2349	220,3963
2026-05-15	22:00	79150,36	79369,36	79013,81	79150,27	LONG	0,00167	5981,87	0,00648	HOLD	98,2349	220,3961
2026-05-15	23:00	79150,26	79382,3	79131,01	79294,31	LONG	0,00167	5981,87	0,00648	HOLD	98,2349	220,6366
2026-05-16	00:00	79294,31	79504,83	79224	79460	LONG	0,00167	5981,87	0,00648	HOLD	98,2349	220,9133
2026-05-16	01:00	79460	79561,94	79170,47	79284	LONG	0,00167	5981,87	0,00648	HOLD	98,2349	220,6194
2026-05-16	02:00	79284,01	79290	79051	79146,5	LONG	0,00167	5981,87	0,00648	HOLD	98,2349	220,3898
2026-05-16	03:00	79146,5	79217,07	79000	79123,12	LONG	0,00167	5981,87	0,00648	HOLD	98,2349	220,3508
2026-05-16	04:00	79123,13	79200	78911,42	78973,5	LONG	0,00167	5981,87	0,00648	HOLD	98,2349	220,1009
2026-05-16	05:00	78973,5	79145,44	78973,49	79107,38	LONG	0,00167	5981,87	0,00648	HOLD	98,2349	220,3245
2026-05-16	06:00	79107,38	79161,86	79077,96	79113,21	LONG	0,00167	5981,87	0,00648	HOLD	98,2349	220,3342
2026-05-16	07:00	79113,2	79227,77	79075,09	79111,92	LONG	0,00167	5981,87	0,00648	HOLD	98,2349	220,332
2026-05-16	08:00	79111,92	79186,05	79010	79168	LONG	0,00167	5981,87	0,00648	HOLD	98,2349	220,4257
2026-05-16	09:00	79168	79211,77	79080,1	79155,54	LONG	0,00167	5981,87	0,00648	HOLD	98,2349	220,4049
2026-05-16	10:00	79155,55	79187,71	79059,77	79083,18	LONG	0,00167	5981,87	0,00648	HOLD	98,2349	220,2841
2026-05-16	11:00	79083,19	79129,71	78860	79035,26	LONG	0,00167	5981,87	0,00648	HOLD	98,2349	220,204
2026-05-16	12:00	79035,25	79039,49	78933,63	79027,37	LONG	0,00167	5981,87	0,00648	HOLD	98,2349	220,1909
2026-05-16	13:00	79027,36	79047,94	78459,87	78648	LONG	0,00167	5981,87	0,00648	HOLD	98,2349	219,5573
2026-05-16	14:00	78648	78651,63	78066	78369,77	LONG	0,00167	5981,87	0,00648	HOLD	98,2349	219,0927
2026-05-16	15:00	78369,78	78530,52	78334,21	78426,56	LONG	0,00167	5981,87	0,00648	HOLD	98,2349	219,1875
2026-05-16	16:00	78426,55	78440,81	77906,1	78083,48	LONG	0,00167	5981,87	0,00648	HOLD	98,2349	218,6146
2026-05-16	17:00	78083,47	78101,43	77640	77960	LONG	0,00167	5981,87	0,00648	HOLD	98,2349	218,4083
2026-05-16	18:00	77959,99	78193,88	77959,99	78081,71	LONG	0,00167	5981,87	0,00648	HOLD	98,2349	218,6116
2026-05-16	19:00	78080,46	78133,38	77918,62	78007,23	LONG	0,00167	5981,87	0,00648	HOLD	98,2349	218,4872
2026-05-16	20:00	78007,24	78014,6	77833,4	78014,6	LONG	0,00167	5981,87	0,00648	HOLD	98,2349	218,4995
2026-05-16	21:00	78014,6	78346	77895,2	78130,55	LONG	0,00167	5981,87	0,00648	HOLD	98,2349	218,6932
2026-05-16	22:00	78130,55	78285	78078,22	78238,67	LONG	0,00167	5981,87	0,00648	HOLD	98,2349	218,8737
2026-05-16	23:00	78238,68	78364,65	78119,72	78205,96	LONG	0,00167	5981,87	0,00648	HOLD	98,2349	218,8191
2026-05-17	00:00	78205,96	78320,41	78199	78201,5	LONG	0,00167	5981,87	0,00648	HOLD	98,2349	218,8116
2026-05-17	01:00	78201,5	78327,75	78142,99	78229,81	LONG	0,00167	5981,87	0,00648	HOLD	98,2349	218,8589
2026-05-17	02:00	78229,82	78314,69	78204,22	78259,66	LONG	0,00167	5981,87	0,00648	HOLD	98,2349	218,9088
2026-05-17	03:00	78259,67	78318,94	78201,42	78261	LONG	0,00167	5981,87	0,00648	HOLD	98,2349	218,911
2026-05-17	04:00	78261	78308,33	78206,85	78265,73	LONG	0,00167	5981,87	0,00648	HOLD	98,2349	218,9189
2026-05-17	05:00	78265,73	78279,28	78171,02	78186,25	LONG	0,00167	5981,87	0,00648	HOLD	98,2349	218,7862
2026-05-17	06:00	78186,25	78267,46	78125,32	78148,05	LONG	0,00167	5981,87	0,00648	HOLD	98,2349	218,7224
2026-05-17	07:00	78148,05	78243,19	77812	77945,85	LONG	0,00167	5981,87	0,00648	HOLD	98,2349	218,3847
2026-05-17	08:00	77945,85	78114	77721,19	77725,71	LONG	0,00167	5981,87	0,00648	HOLD	98,2349	218,0171
2026-05-17	09:00	77725,72	77938	77725,71	77895,51	LONG	0,00167	5981,87	0,00648	HOLD	98,2349	218,3006
2026-05-17	10:00	77895,5	78079,3	77888	78028,88	LONG	0,00167	5981,87	0,00648	HOLD	98,2349	218,5234
2026-05-17	11:00	78028,88	78203,93	78003,35	78158,09	LONG	0,00167	5981,87	0,00648	HOLD	98,2349	218,7392
2026-05-17	12:00	78158,08	78323,96	78102,42	78121,41	LONG	0,00167	5981,87	0,00648	HOLD	98,2349	218,6779
2026-05-17	13:00	78121,41	78204,01	78017	78104,8	LONG	0,00167	5981,87	0,00648	HOLD	98,2349	218,6502
2026-05-17	14:00	78104,79	78208,69	78053,79	78180,01	LONG	0,00167	5981,87	0,00648	HOLD	98,2349	218,7758
2026-05-17	15:00	78180	78200,91	78033,01	78089,8	LONG	0,00167	5981,87	0,00648	HOLD	98,2349	218,6251
2026-05-17	16:00	78089,8	78293,97	78073,52	78249,33	LONG	0,00167	5981,87	0,00648	HOLD	98,2349	218,8915
2026-05-17	17:00	78249,33	78599,99	78249,03	78465,99	LONG	0,00167	5981,87	0,00648	HOLD	98,2349	219,2533
2026-05-17	18:00	78465,99	78473,82	78289	78415,99	LONG	0,00167	5981,87	0,00648	HOLD	98,2349	219,1698
2026-05-17	19:00	78415,99	78550	78333,8	78364,83	LONG	0,00167	5981,87	0,00648	HOLD	98,2349	219,0844
2026-05-17	20:00	78364,83	78364,83	78173,15	78202,91	LONG	0,00167	5981,87	0,00648	HOLD	98,2349	218,814
2026-05-17	21:00	78202,91	78217,33	77850	78051,51	LONG	0,00167	5981,87	0,00648	HOLD	98,2349	218,5612
2026-05-17	22:00	78051,51	78119,42	77920,76	78051,41	LONG	0,00167	5981,87	0,00648	HOLD	98,2349	218,561
2026-05-17	23:00	78051,42	78193,66	78025,23	78034,36	LONG	0,00167	5981,87	0,00648	HOLD	98,2349	218,5325
2026-05-18	00:00	78034,37	78092,44	77856,69	78089,98	LONG	0,00167	5981,87	0,00648	HOLD	98,2349	218,6254
2026-05-18	01:00	78089,99	78271,59	78014,33	78268,05	LONG	0,00167	5981,87	0,00648	HOLD	98,2349	218,9228
2026-05-18	02:00	78268,04	78468,46	78209,96	78415,3	LONG	0,00167	5981,87	0,00648	HOLD	98,2349	219,1687
2026-05-18	03:00	78415,29	78435,32	78248,8	78277,36	LONG	0,00167	5981,87	0,00648	HOLD	98,2349	218,9383
2026-05-18	04:00	78277,36	78485,36	78243,5	78405,72	LONG	0,00167	5981,87	0,00648	HOLD	98,2349	219,1527
2026-05-18	05:00	78405,72	78414,16	77830	77997,24	LONG	0,00167	5981,87	0,00648	HOLD	98,2349	218,4705
2026-05-18	06:00	77997,24	78008,18	76735,16	77457,67	LONG	0,00167	5981,87	0,00648	HOLD	98,2349	217,5695
2026-05-18	07:00	77457,67	77477,99	76916,6	77209,95	LONG	0,00167	5981,87	0,00648	HOLD	98,2349	217,1558
2026-05-18	08:00	77209,95	77291,54	76744,95	77109,22	LONG	0,00167	5981,87	0,00648	HOLD	98,2349	216,9875
2026-05-18	09:00	77109,21	77222,03	76707,61	76835,41	LONG	0,00167	5981,87	0,00648	HOLD	98,2349	216,5303
2026-05-18	10:00	76835,41	77030,42	76817,14	76924,65	LONG	0,00167	5981,87	0,00648	HOLD	98,2349	216,6793
2026-05-18	11:00	76924,66	77069,77	76772,01	77038,49	LONG	0,00167	5981,87	0,00648	HOLD	98,2349	216,8694
2026-05-18	12:00	77038,49	77080,93	76884,33	76931,4	LONG	0,00167	5981,87	0,00648	HOLD	98,2349	216,6906
2026-05-18	13:00	76931,4	76967,8	76583,33	76912,52	LONG	0,00167	5981,87	0,00648	HOLD	98,2349	216,6591
2026-05-18	14:00	76912,53	77089,29	76771,53	77073,69	LONG	0,00167	5981,87	0,00648	HOLD	98,2349	216,9282
2026-05-18	15:00	77073,69	77181,88	76890,34	77040,42	LONG	0,00167	5981,87	0,00648	HOLD	98,2349	216,8726
2026-05-18	16:00	77040,43	77048,14	76877,17	76933,16	LONG	0,00167	5981,87	0,00648	HOLD	98,2349	216,6935
2026-05-18	17:00	76933,17	76957,35	76716,99	76764,74	LONG	0,00167	5981,87	0,00648	HOLD	98,2349	216,4123
2026-05-18	18:00	76764,75	77403,48	76668,58	77285,83	LONG	0,00167	5981,87	0,00648	HOLD	98,2349	217,2825
2026-05-18	19:00	77285,83	77800	77275,96	77639,98	LONG	0,00167	5981,87	0,00648	HOLD	98,2349	217,8739
2026-05-18	20:00	77639,99	77639,99	76695,31	76937,7	LONG	0,00167	5981,87	0,00648	HOLD	98,2349	216,7011
2026-05-18	21:00	76937,7	76954,25	76230,02	76393,65	LONG	0,00167	5981,87	0,00648	HOLD	98,2349	215,7925
2026-05-18	22:00	76393,66	76485,29	76051	76409,46	LONG	0,00167	5981,87	0,00648	HOLD	98,2349	215,8189
2026-05-18	23:00	76409,46	76665,68	76218	76410,01	LONG	0,00167	5981,87	0,00648	HOLD	98,2349	215,8199
2026-05-19	00:00	76410	76757,21	76366,13	76706,39	LONG	0,00167	5981,87	0,00648	HOLD	98,2349	216,3148
2026-05-19	01:00	76706,38	76706,38	76144,24	76252,5	LONG	0,00167	5981,87	0,00648	HOLD	98,2349	215,5568
2026-05-19	02:00	76252,01	76995	76235	76928	LONG	0,00167	5981,87	0,00648	HOLD	98,2349	216,6849
2026-05-19	03:00	76928	77182,14	76874,73	76909,92	LONG	0,00167	5981,87	0,00648	HOLD	98,2349	216,6547
2026-05-19	04:00	76909,92	77174,23	76800	77103,05	LONG	0,00167	5981,87	0,00648	HOLD	98,2349	216,9772
2026-05-19	05:00	77103,04	77222,79	76937,19	77078,22	LONG	0,00167	5981,87	0,00648	HOLD	98,2349	216,9358
2026-05-19	06:00	77078,22	77160,79	76948,8	77001,87	LONG	0,00167	5981,87	0,00648	HOLD	98,2349	216,8083
2026-05-19	07:00	77001,88	77414,62	76955,99	77140,87	LONG	0,00167	5981,87	0,00648	HOLD	98,2349	217,0404
2026-05-19	08:00	77140,86	77156,2	76667	76667,01	LONG	0,00167	5981,87	0,00648	HOLD	98,2349	216,249
2026-05-19	09:00	76667,01	76997,33	76487,83	76617,47	LONG	0,00167	5981,87	0,00648	HOLD	98,2349	216,1663
2026-05-19	10:00	76617,46	76867,23	76586,11	76787,11	LONG	0,00167	5981,87	0,00648	HOLD	98,2349	216,4496
2026-05-19	11:00	76787,1	76943,75	76700	76927,25	LONG	0,00167	5981,87	0,00648	HOLD	98,2349	216,6836
2026-05-19	12:00	76927,25	77000	76644,98	76911,24	LONG	0,00167	5981,87	0,00648	HOLD	98,2349	216,6569
2026-05-19	13:00	76911,25	77108,68	76886,13	77029,4	LONG	0,00167	5981,87	0,00648	HOLD	98,2349	216,8542
2026-05-19	14:00	77029,41	77278,57	76974,72	77233,69	LONG	0,00167	5981,87	0,00648	HOLD	98,2349	217,1954
2026-05-19	15:00	77233,68	77317,02	76972,96	77048,71	LONG	0,00167	5981,87	0,00648	HOLD	98,2349	216,8865
2026-05-19	16:00	77048,72	77074,05	76709,29	76818,8	LONG	0,00167	5981,87	0,00648	HOLD	98,2349	216,5025
2026-05-19	17:00	76818,8	77103,97	76704	77041,87	LONG	0,00167	5981,87	0,00648	HOLD	98,2349	216,8751
2026-05-19	18:00	77041,87	77076,53	76633,83	76714,62	LONG	0,00167	5981,87	0,00648	HOLD	98,2349	216,3286
2026-05-19	19:00	76714,61	76982,89	76650,06	76940,21	LONG	0,00167	5981,87	0,00648	HOLD	98,2349	216,7053
2026-05-19	20:00	76940,2	77048,72	76596	76872,75	LONG	0,00167	5981,87	0,00648	HOLD	98,2349	216,5926
2026-05-19	21:00	76872,74	77023,75	76144,71	76392,43	LONG	0,00167	5981,87	0,00648	HOLD	98,2349	215,7905
2026-05-19	22:00	76392,43	76675,76	76337,97	76521,23	LONG	0,00167	5981,87	0,00648	HOLD	98,2349	216,0056
2026-05-19	23:00	76521,24	76911	76407,72	76894,59	LONG	0,00167	5981,87	0,00648	HOLD	98,2349	216,6291
2026-05-20	00:00	76894,59	77015,41	76759,39	76856,76	LONG	0,00167	5981,87	0,00648	HOLD	98,2349	216,5659
2026-05-20	01:00	76856,76	76947,2	76744,8	76803,28	LONG	0,00167	5981,87	0,00648	HOLD	98,2349	216,4766
2026-05-20	02:00	76803,28	77065,8	76765,14	76818,74	LONG	0,00167	5981,87	0,00648	HOLD	98,2349	216,5024
2026-05-20	03:00	76818,73	77040,24	76818,73	77022,23	LONG	0,00167	5981,87	0,00648	HOLD	98,2349	216,8423
2026-05-20	04:00	77022,22	77040,83	76973,76	76982,34	LONG	0,00167	5981,87	0,00648	HOLD	98,2349	216,7757
2026-05-20	05:00	76982,34	76982,34	76642,95	76712,21	LONG	0,00167	5981,87	0,00648	HOLD	98,2349	216,3245
2026-05-20	06:00	76712,22	76980,07	76670,52	76834,36	LONG	0,00167	5981,87	0,00648	HOLD	98,2349	216,5285
2026-05-20	07:00	76834,36	76896,5	76516,74	76788,83	LONG	0,00167	5981,87	0,00648	HOLD	98,2349	216,4525
2026-05-20	08:00	76788,83	76922,46	76536,59	76820,98	LONG	0,00167	5981,87	0,00648	HOLD	98,2349	216,5062
2026-05-20	09:00	76820,98	76909,62	76600	76690,42	LONG	0,00167	5981,87	0,00648	HOLD	98,2349	216,2881
2026-05-20	10:00	76690,42	76829,61	76604,99	76723,54	LONG	0,00167	5981,87	0,00648	HOLD	98,2349	216,3435
2026-05-20	11:00	76723,55	76836,82	76692	76780,37	LONG	0,00167	5981,87	0,00648	HOLD	98,2349	216,4384
2026-05-20	12:00	76780,37	77320	76780,37	77196,99	LONG	0,00167	5981,87	0,00648	HOLD	98,2349	217,1341
2026-05-20	13:00	77196,99	77422	77179,93	77414,11	LONG	0,00167	5981,87	0,00648	HOLD	98,2349	217,4967
2026-05-20	14:00	77414,1	77472,21	77241,13	77282,64	LONG	0,00167	5981,87	0,00648	HOLD	98,2349	217,2772
2026-05-20	15:00	77282,65	77635,52	77210,33	77458,04	LONG	0,00167	5981,87	0,00648	HOLD	98,2349	217,5701
2026-05-20	16:00	77458,05	77543,59	77365,94	77485,13	LONG	0,00167	5981,87	0,00648	HOLD	98,2349	217,6153
2026-05-20	17:00	77485,14	77663	77485,14	77517,45	LONG	0,00167	5981,87	0,00648	HOLD	98,2349	217,6693
2026-05-20	18:00	77517,46	77569,1	77328,2	77382,49	LONG	0,00167	5981,87	0,00648	HOLD	98,2349	217,4439
2026-05-20	19:00	77382,5	77748,05	77365,52	77617,26	LONG	0,00167	5981,87	0,00648	HOLD	98,2349	217,836
2026-05-20	20:00	77617,26	77650,62	76968,05	77204,61	LONG	0,00167	5981,87	0,00648	HOLD	98,2349	217,1468
2026-05-20	21:00	77204,61	77574,29	76891,61	77446,08	LONG	0,00167	5981,87	0,00648	HOLD	98,2349	217,5501
2026-05-20	22:00	77446,01	77853,04	77300	77455,46	LONG	0,00167	5981,87	0,00648	HOLD	98,2349	217,5658
2026-05-20	23:00	77455,45	77557	77018,38	77338,6	LONG	0,00167	5981,87	0,00648	HOLD	98,2349	217,3706
2026-05-21	00:00	77338,6	77713,66	77230,86	77568,95	LONG	0,00167	5981,87	0,00648	HOLD	98,2349	217,7553
2026-05-21	01:00	77568,95	77634,52	77398,63	77415,09	LONG	0,00167	5981,87	0,00648	HOLD	98,2349	217,4983
2026-05-21	02:00	77415,09	77709,68	77350,71	77667,49	LONG	0,00167	5981,87	0,00648	HOLD	98,2349	217,9199
2026-05-21	03:00	77667,49	77760	77476,19	77720,01	LONG	0,00167	5981,87	0,00648	HOLD	98,2349	218,0076
2026-05-21	04:00	77720,01	77766,6	77500	77500,01	LONG	0,00167	5981,87	0,00648	HOLD	98,2349	217,6402
2026-05-21	05:00	77500,01	77504,69	77226,61	77504,69	LONG	0,00167	5981,87	0,00648	HOLD	98,2349	217,648
2026-05-21	06:00	77504,69	77559,34	77386,93	77552,23	LONG	0,00167	5981,87	0,00648	HOLD	98,2349	217,7274
2026-05-21	07:00	77552,24	78071,42	77525	77967,09	LONG	0,00167	5981,87	0,00648	HOLD	98,2349	218,4202
2026-05-21	08:00	77967,09	78173,15	77800	77863,85	LONG	0,00167	5981,87	0,00648	HOLD	98,2349	218,2478
2026-05-21	09:00	77863,85	78100	77820,1	77955,78	LONG	0,00167	5981,87	0,00648	HOLD	98,2349	218,4013
2026-05-21	10:00	77955,78	78098,85	77908	78078,72	LONG	0,00167	5981,87	0,00648	HOLD	98,2349	218,6066
2026-05-21	11:00	78078,72	78180,01	77965,36	78035,8	LONG	0,00167	5981,87	0,00648	HOLD	98,2349	218,5349
2026-05-21	12:00	78035,8	78147,07	77714,94	77828	LONG	0,00167	5981,87	0,00648	HOLD	98,2349	218,1879
2026-05-21	13:00	77828	77873,15	77533,45	77622,14	LONG	0,00167	5981,87	0,00648	HOLD	98,2349	217,8441
2026-05-21	14:00	77622,14	77901,06	77521	77889,01	LONG	0,00167	5981,87	0,00648	HOLD	98,2349	218,2898
2026-05-21	15:00	77889,01	78200	77885,53	77924,63	LONG	0,00167	5981,87	0,00648	HOLD	98,2349	218,3493
2026-05-21	16:00	77924,63	77977,53	77633,02	77633,02	LONG	0,00167	5981,87	0,00648	HOLD	98,2349	217,8623
2026-05-21	17:00	77633,03	77678,01	77190,09	77198,08	LONG	0,00167	5981,87	0,00648	HOLD	98,2349	217,1359
2026-05-21	18:00	77198,09	77372	77147,15	77189,1	LONG	0,00167	5981,87	0,00648	HOLD	98,2349	217,1209
2026-05-21	19:00	77189,1	77363,32	77080,72	77278,53	LONG	0,00167	5981,87	0,00648	HOLD	98,2349	217,2703
2026-05-21	20:00	77278,52	77358,05	76719,47	77122,68	LONG	0,00167	5981,87	0,00648	HOLD	98,2349	217,01
2026-05-21	21:00	77122,67	77240,82	76788,8	76984,61	LONG	0,00167	5981,87	0,00648	HOLD	98,2349	216,7794
2026-05-21	22:00	76984,61	77402,12	76900	77259,46	LONG	0,00167	5981,87	0,00648	HOLD	98,2349	217,2384
2026-05-21	23:00	77259,45	77344,01	77008,75	77207,93	LONG	0,00167	5981,87	0,00648	HOLD	98,2349	217,1524
2026-05-22	00:00	77207,92	78098,16	77181,83	77869,38	LONG	0,00167	5981,87	0,00648	HOLD	98,2349	218,257
2026-05-22	01:00	77869,38	77922,01	77230	77387,74	LONG	0,00167	5981,87	0,00648	HOLD	98,2349	217,4527
2026-05-22	02:00	77387,74	77802,51	77365,97	77690,56	LONG	0,00167	5981,87	0,00648	HOLD	98,2349	217,9584
2026-05-22	03:00	77690,56	77804,75	77647,75	77705,81	LONG	0,00167	5981,87	0,00648	HOLD	98,2349	217,9838
2026-05-22	04:00	77705,8	77813,35	77645,4	77672,29	LONG	0,00167	5981,87	0,00648	HOLD	98,2349	217,9279
2026-05-22	05:00	77672,3	77750,61	77555,33	77628	LONG	0,00167	5981,87	0,00648	HOLD	98,2349	217,8539
2026-05-22	06:00	77628,01	77745,39	77534,43	77615,52	LONG	0,00167	5981,87	0,00648	HOLD	98,2349	217,8331
2026-05-22	07:00	77615,52	77628,38	77369,49	77373,57	LONG	0,00167	5981,87	0,00648	HOLD	98,2349	217,429
2026-05-22	08:00	77373,57	77673,5	77327,28	77616	LONG	0,00167	5981,87	0,00648	HOLD	98,2349	217,8339
2026-05-22	09:00	77616	77728,01	77593,16	77673,36	LONG	0,00167	5981,87	0,00648	HOLD	98,2349	217,9297
2026-05-22	10:00	77673,37	77817,8	77673,36	77779,98	LONG	0,00167	5981,87	0,00648	HOLD	98,2349	218,1077
2026-05-22	11:00	77779,98	77900	77637,99	77655,42	LONG	0,00167	5981,87	0,00648	HOLD	98,2349	217,8997
2026-05-22	12:00	77655,43	77726	77454,56	77489	LONG	0,00167	5981,87	0,00648	HOLD	98,2349	217,6218
2026-05-22	13:00	77489	77525,85	77370,4	77423,41	LONG	0,00167	5981,87	0,00648	HOLD	98,2349	217,5122
2026-05-22	14:00	77423,41	77543,38	77288,77	77408,06	LONG	0,00167	5981,87	0,00648	HOLD	98,2349	217,4866
2026-05-22	15:00	77408,07	77535	77216	77267,38	LONG	0,00167	5981,87	0,00648	HOLD	98,2349	217,2517
2026-05-22	16:00	77267,39	77360	77200	77307,11	LONG	0,00167	5981,87	0,00648	HOLD	98,2349	217,318
2026-05-22	17:00	77307,12	77363,01	77261,73	77312	LONG	0,00167	5981,87	0,00648	HOLD	98,2349	217,3262
2026-05-22	18:00	77311,99	77430,55	77184,45	77428,84	LONG	0,00167	5981,87	0,00648	HOLD	98,2349	217,5213
2026-05-22	19:00	77428,83	77584,94	77395,45	77533,9	LONG	0,00167	5981,87	0,00648	HOLD	98,2349	217,6968
2026-05-22	20:00	77533,91	77547,56	77130,99	77290,01	LONG	0,00167	5981,87	0,00648	HOLD	98,2349	217,2895
2026-05-22	21:00	77290	77290	76751	76774,23	LONG	0,00167	5981,87	0,00648	HOLD	98,2349	216,4281
2026-05-22	22:00	76774,23	77030,64	76570	76790,59	LONG	0,00167	5981,87	0,00648	HOLD	98,2349	216,4554
2026-05-22	23:00	76790,6	77006,69	76767	76950,68	LONG	0,00167	5981,87	0,00648	HOLD	98,2349	216,7228
2026-05-23	00:00	76950,67	77093,72	76750	76750	LONG	0,00167	5981,87	0,00648	HOLD	98,2349	216,3876
2026-05-23	01:00	76750,01	76898	76101	76537,47	LONG	0,00167	5981,87	0,00648	HOLD	98,2349	216,0327
2026-05-23	02:00	76537,47	76590,68	75668,76	75860,44	LONG	0,00167	5981,87	0,00648	HOLD	98,2349	214,9021
2026-05-23	03:00	75860,44	76080,95	75826	75984,47	LONG	0,00167	5981,87	0,00648	HOLD	98,2349	215,1092
2026-05-23	04:00	75984,47	76087,85	75926,2	75978,83	LONG	0,00167	5981,87	0,00648	HOLD	98,2349	215,0998
2026-05-23	05:00	75978,83	75978,84	75558,28	75737,52	LONG	0,00167	5981,87	0,00648	HOLD	98,2349	214,6968
2026-05-23	06:00	75737,53	75881,18	75359,18	75539,5	LONG	0,00167	5981,87	0,00648	HOLD	98,2349	214,3661
2026-05-23	07:00	75539,5	75635,59	75220	75352,64	LONG	0,00167	5981,87	0,00648	HOLD	98,2349	214,0541
2026-05-23	08:00	75352,64	75500	75350	75489,84	LONG	0,00167	5981,87	0,00648	HOLD	98,2349	214,2832
2026-05-23	09:00	75489,83	75581,27	75417,56	75572,07	LONG	0,00167	5981,87	0,00648	HOLD	98,2349	214,4205
2026-05-23	10:00	75572,07	75664,62	75563,33	75635,22	LONG	0,00167	5981,87	0,00648	HOLD	98,2349	214,526
2026-05-23	11:00	75635,22	75650,63	75507,01	75539,77	LONG	0,00167	5981,87	0,00648	HOLD	98,2349	214,3666
2026-05-23	12:00	75539,77	75562,4	75469,89	75482,68	LONG	0,00167	5981,87	0,00648	HOLD	98,2349	214,2712
2026-05-23	13:00	75482,68	75501,09	75394,54	75398,33	LONG	0,00167	5981,87	0,00648	HOLD	98,2349	214,1304
2026-05-23	14:00	75398,33	75443,44	74289,6	74609,36	LONG	0,00167	5981,87	0,00648	HOLD	98,2349	212,8128
2026-05-23	15:00	74609,37	74746,67	74303,56	74684,3	LONG	0,00167	5981,87	0,00648	HOLD	98,2349	212,9379
2026-05-23	16:00	74684,29	74752,45	74624,5	74656,91	LONG	0,00167	5981,87	0,00648	HOLD	98,2349	212,8922
2026-05-23	17:00	74656,91	74797,01	74656,91	74705	LONG	0,00167	5981,87	0,00648	HOLD	98,2349	212,9725
2026-05-23	18:00	74705	74873,55	74704,99	74789,99	LONG	0,00167	5981,87	0,00648	HOLD	98,2349	213,1144
2026-05-23	19:00	74789,99	74798,41	74660,05	74753,93	LONG	0,00167	5981,87	0,00648	HOLD	98,2349	213,0542
2026-05-23	20:00	74753,94	75262,86	74753,93	75213,9	LONG	0,00167	5981,87	0,00648	HOLD	98,2349	213,8224
2026-05-23	21:00	75213,9	75726,3	75108,15	75537,72	LONG	0,00167	5981,87	0,00648	HOLD	98,2349	214,3631
2026-05-23	22:00	75537,73	75676	75405,4	75520	LONG	0,00167	5981,87	0,00648	HOLD	98,2349	214,3335
2026-05-23	23:00	75519,99	75638,62	75415,17	75444,7	LONG	0,00167	5981,87	0,00648	HOLD	98,2349	214,2078
2026-05-24	00:00	75444,71	75522	75371,72	75488,18	LONG	0,00167	5981,87	0,00648	HOLD	98,2349	214,2804
2026-05-24	01:00	75488,17	75986,24	75472,04	75845,82	LONG	0,00167	5981,87	0,00648	HOLD	98,2349	214,8777
2026-05-24	02:00	75845,82	76012,22	75780,9	75983,45	LONG	0,00167	5981,87	0,00648	HOLD	98,2349	215,1075
2026-05-24	03:00	75983,45	77300	75953,94	77287,58	LONG	0,00167	5981,87	0,00648	HOLD	98,2349	217,2854
2026-05-24	04:00	77286,08	77404,18	76538,04	76804,99	LONG	0,00167	5981,87	0,00648	HOLD	98,2349	216,4795
2026-05-24	05:00	76805	76885	76396,06	76584,45	LONG	0,00167	5981,87	0,00648	HOLD	98,2349	216,1112
2026-05-24	06:00	76584,45	76822	76538,36	76752,01	LONG	0,00167	5981,87	0,00648	HOLD	98,2349	216,391
2026-05-24	07:00	76752	76930,65	76629,02	76835,16	LONG	0,00167	5981,87	0,00648	HOLD	98,2349	216,5299
2026-05-24	08:00	76835,16	76921,45	76754,53	76890,04	LONG	0,00167	5981,87	0,00648	HOLD	98,2349	216,6215
2026-05-24	09:00	76890,04	76968,04	76704,32	76830	LONG	0,00167	5981,87	0,00648	HOLD	98,2349	216,5212
2026-05-24	10:00	76830,01	77011,62	76738,5	76750	LONG	0,00167	5981,87	0,00648	HOLD	98,2349	216,3876
2026-05-24	11:00	76750,01	76858,26	76730	76786,5	LONG	0,00167	5981,87	0,00648	HOLD	98,2349	216,4486
2026-05-24	12:00	76786,5	76861,78	76651,59	76822,23	LONG	0,00167	5981,87	0,00648	HOLD	98,2349	216,5083
2026-05-24	13:00	76822,23	77065,94	76716,02	76987,58	LONG	0,00167	5981,87	0,00648	HOLD	98,2349	216,7844
2026-05-24	14:00	76987,58	77014,24	76786,2	76799,99	LONG	0,00167	5981,87	0,00648	HOLD	98,2349	216,4711
2026-05-24	15:00	76799,99	76861,77	76734,42	76830,69	LONG	0,00167	5981,87	0,00648	HOLD	98,2349	216,5224
2026-05-24	16:00	76830,69	77046,67	76821,86	77020,53	LONG	0,00167	5981,87	0,00648	HOLD	98,2349	216,8394
2026-05-24	17:00	77020,54	77543,15	76927,04	77190,74	LONG	0,00167	5981,87	0,00648	HOLD	98,2349	217,1237
2026-05-24	18:00	77190,73	77356,62	77190,73	77320,06	LONG	0,00167	5981,87	0,00648	HOLD	98,2349	217,3396
2026-05-24	19:00	77320,06	77325,72	77044,73	77118,73	LONG	0,00167	5981,87	0,00648	HOLD	98,2349	217,0034
2026-05-24	20:00	77118,72	77127,54	76688,89	76802,23	LONG	0,00167	5981,87	0,00648	HOLD	98,2349	216,4749
2026-05-24	21:00	76802,23	76840,01	76195,36	76465,16	LONG	0,00167	5981,87	0,00648	HOLD	98,2349	215,912
2026-05-24	22:00	76465,15	76539,38	76362,78	76371,59	LONG	0,00167	5981,87	0,00648	HOLD	98,2349	215,7557
2026-05-24	23:00	76371,59	76734,3	76371,59	76671,7	LONG	0,00167	5981,87	0,00648	HOLD	98,2349	216,2569
2026-05-25	00:00	76671,69	76799,99	76566,15	76693,34	LONG	0,00167	5981,87	0,00648	HOLD	98,2349	216,293
2026-05-25	01:00	76693,34	76788,01	76596	76665,73	LONG	0,00167	5981,87	0,00648	HOLD	98,2349	216,2469
2026-05-25	02:00	76665,72	76783,51	76611,17	76773,34	LONG	0,00167	5981,87	0,00648	HOLD	98,2349	216,4266
2026-05-25	03:00	76773,33	76796,18	76596,37	76668,4	LONG	0,00167	5981,87	0,00648	HOLD	98,2349	216,2514
2026-05-25	04:00	76668,41	76748,12	76108	76151,14	LONG	0,00167	5981,87	0,00648	HOLD	98,2349	215,3875
2026-05-25	05:00	76151,14	77012,01	76132	76803,99	LONG	0,00167	5981,87	0,00648	HOLD	98,2349	216,4778
2026-05-25	06:00	76803,99	77225,97	76803,99	77064,96	LONG	0,00167	5981,87	0,00648	HOLD	98,2349	216,9136
2026-05-25	07:00	77064,96	77288	77064,95	77153,01	LONG	0,00167	5981,87	0,00648	HOLD	98,2349	217,0607
2026-05-25	08:00	77153,01	77245,67	76914,25	76945,27	LONG	0,00167	5981,87	0,00648	HOLD	98,2349	216,7137
2026-05-25	09:00	76945,28	77485	76945,28	77108,77	LONG	0,00167	5981,87	0,00648	HOLD	98,2349	216,9868
2026-05-25	10:00	77108,77	77169,88	77002,3	77026,67	LONG	0,00167	5981,87	0,00648	HOLD	98,2349	216,8497
2026-05-25	11:00	77026,68	77450	76990,78	77391,07	LONG	0,00167	5981,87	0,00648	HOLD	98,2349	217,4582
2026-05-25	12:00	77391,07	77498	77324	77407	LONG	0,00167	5981,87	0,00648	HOLD	98,2349	217,4848
2026-05-25	13:00	77406,99	77650	77222,22	77419,87	LONG	0,00167	5981,87	0,00648	HOLD	98,2349	217,5063
2026-05-25	14:00	77419,87	77520	77184,62	77401,12	LONG	0,00167	5981,87	0,00648	HOLD	98,2349	217,475
2026-05-25	15:00	77401,11	77469,64	77280,32	77456,94	LONG	0,00167	5981,87	0,00648	HOLD	98,2349	217,5682
2026-05-25	16:00	77456,94	77699,97	77425,17	77604,56	LONG	0,00167	5981,87	0,00648	HOLD	98,2349	217,8148
2026-05-25	17:00	77604,56	77681,37	77490,37	77545,65	LONG	0,00167	5981,87	0,00648	HOLD	98,2349	217,7164
2026-05-25	18:00	77545,65	77545,65	77333,33	77357,5	LONG	0,00167	5981,87	0,00648	HOLD	98,2349	217,4022
2026-05-25	19:00	77357,5	77440,46	77286,5	77367,98	LONG	0,00167	5981,87	0,00648	HOLD	98,2349	217,4197
2026-05-25	20:00	77367,98	77450	77286,5	77341,05	LONG	0,00167	5981,87	0,00648	HOLD	98,2349	217,3747
2026-05-25	21:00	77341,05	77773,69	77304,84	77714	LONG	0,00167	5981,87	0,00648	HOLD	98,2349	217,9975
2026-05-25	22:00	77713,99	77905,52	77557	77628,82	LONG	0,00167	5981,87	0,00648	HOLD	98,2349	217,8553
2026-05-25	23:00	77628,82	77807,29	77508,88	77735,69	LONG	0,00167	5981,87	0,00648	HOLD	98,2349	218,0337
2026-05-26	00:00	77735,69	77804,48	77550,39	77564,01	LONG	0,00167	5981,87	0,00648	HOLD	98,2349	217,747
2026-05-26	01:00	77564	77658,01	77543,38	77543,39	LONG	0,00167	5981,87	0,00648	HOLD	98,2349	217,7126
2026-05-26	02:00	77543,39	77543,39	77343,61	77441,86	LONG	0,00167	5981,87	0,00648	HOLD	98,2349	217,543
2026-05-26	03:00	77441,85	77500	77220	77273,06	LONG	0,00167	5981,87	0,00648	HOLD	98,2349	217,2612
2026-05-26	04:00	77273,06	77396,08	77273,05	77367,03	LONG	0,00167	5981,87	0,00648	HOLD	98,2349	217,4181
2026-05-26	05:00	77367,03	77449,94	77019,82	77116,21	LONG	0,00167	5981,87	0,00648	HOLD	98,2349	216,9992
2026-05-26	06:00	77116,21	77367,44	77072,36	77322,01	LONG	0,00167	5981,87	0,00648	HOLD	98,2349	217,3429
2026-05-26	07:00	77322,01	77345	76575,49	76792,71	LONG	0,00167	5981,87	0,00648	HOLD	98,2349	216,459
2026-05-26	08:00	76792,24	76888,01	76590,9	76756,98	LONG	0,00167	5981,87	0,00648	HOLD	98,2349	216,3993
2026-05-26	09:00	76756,98	76810	76512,98	76660	LONG	0,00167	5981,87	0,00648	HOLD	98,2349	216,2373
2026-05-26	10:00	76660	76705,71	76475,59	76664,01	LONG	0,00167	5981,87	0,00648	HOLD	98,2349	216,244
2026-05-26	11:00	76664	76817,28	76606,79	76749,5	LONG	0,00167	5981,87	0,00648	HOLD	98,2349	216,3868
2026-05-26	12:00	76749,51	76989,23	76704,8	76930,01	LONG	0,00167	5981,87	0,00648	HOLD	98,2349	216,6883
2026-05-26	13:00	76930	77059,74	76775	76908,01	LONG	0,00167	5981,87	0,00648	HOLD	98,2349	216,6515
2026-05-26	14:00	76908	76924,55	76603,73	76730,84	LONG	0,00167	5981,87	0,00648	HOLD	98,2349	216,3556
2026-05-26	15:00	76730,84	76852,01	76693,21	76726,37	LONG	0,00167	5981,87	0,00648	HOLD	98,2349	216,3482
2026-05-26	16:00	76726,37	76804	76649,79	76672,19	LONG	0,00167	5981,87	0,00648	HOLD	98,2349	216,2577
2026-05-26	17:00	76672,2	77621,75	76586,94	77430	LONG	0,00167	5981,87	0,00648	HOLD	98,2349	217,5232
2026-05-26	18:00	77430	77516,93	77174,94	77183,55	LONG	0,00167	5981,87	0,00648	HOLD	98,2349	217,1117
2026-05-26	19:00	77183,56	77232,52	76877,94	77132,5	LONG	0,00167	5981,87	0,00648	HOLD	98,2349	217,0264
2026-05-26	20:00	77132,51	77464,01	76691,88	77231,56	LONG	0,00167	5981,87	0,00648	HOLD	98,2349	217,1918
2026-05-26	21:00	77231,56	78080	76724,63	76908,01	LONG	0,00167	5981,87	0,00648	HOLD	98,2349	216,6515
2026-05-26	22:00	76908,01	77012	76272,63	76518,1	LONG	0,00167	5981,87	0,00648	HOLD	98,2349	216,0004
2026-05-26	23:00	76518,1	76710,01	76209,58	76558	LONG	0,00167	5981,87	0,00648	HOLD	98,2349	216,067
2026-05-27	00:00	76558	76649,91	75850	75935,08	LONG	0,00167	5981,87	0,00648	HOLD	98,2349	215,0267
2026-05-27	01:00	75935,09	76273,66	75779,3	75840,55	LONG	0,00167	5981,87	0,00648	HOLD	98,2349	214,8689
2026-05-27	02:00	75840,55	76104,49	75805,23	76052	LONG	0,00167	5981,87	0,00648	HOLD	98,2349	215,222
2026-05-27	03:00	76052	76180	75982,64	76106,86	LONG	0,00167	5981,87	0,00648	HOLD	98,2349	215,3136
2026-05-27	04:00	76106,86	76117,31	75850	75890	LONG	0,00167	5981,87	0,00648	HOLD	98,2349	214,9514
2026-05-27	05:00	75890	75998,94	75677,97	75749,02	LONG	0,00167	5981,87	0,00648	HOLD	98,2349	214,716
2026-05-27	06:00	75749,02	75986,45	75749,02	75930,01	LONG	0,00167	5981,87	0,00648	HOLD	98,2349	215,0183
2026-05-27	07:00	75930,01	76089,7	75872,71	76085,01	LONG	0,00167	5981,87	0,00648	HOLD	98,2349	215,2771
2026-05-27	08:00	76085	76104,02	75824	75877,44	LONG	0,00167	5981,87	0,00648	HOLD	98,2349	214,9305
2026-05-27	09:00	75877,44	75890,59	75682,99	75879	LONG	0,00167	5981,87	0,00648	HOLD	98,2349	214,9331
2026-05-27	10:00	75879,01	75966,91	75607,62	75683	LONG	0,00167	5981,87	0,00648	HOLD	98,2349	214,6058
2026-05-27	11:00	75683	75706,77	75310,9	75579,01	LONG	0,00167	5981,87	0,00648	HOLD	98,2349	214,4321
2026-05-27	12:00	75579,01	75739,36	75579	75697,99	LONG	0,00167	5981,87	0,00648	HOLD	98,2349	214,6308
2026-05-27	13:00	75697,99	75900	75690,01	75838,65	LONG	0,00167	5981,87	0,00648	HOLD	98,2349	214,8657
2026-05-27	14:00	75838,65	75980	75764	75977,17	LONG	0,00167	5981,87	0,00648	HOLD	98,2349	215,097
2026-05-27	15:00	75977,16	76071,41	75843,02	75873,24	LONG	0,00167	5981,87	0,00648	HOLD	98,2349	214,9235
2026-05-27	16:00	75873,25	75978,01	75710,76	75912,6	LONG	0,00167	5981,87	0,00648	HOLD	98,2349	214,9892
2026-05-27	17:00	75912,61	76043,94	75880	75909,82	LONG	0,00167	5981,87	0,00648	HOLD	98,2349	214,9845
2026-05-27	18:00	75909,82	76029,24	75754,1	75769,18	LONG	0,00167	5981,87	0,00648	HOLD	98,2349	214,7497
2026-05-27	19:00	75769,18	76174,15	75575,75	75688	LONG	0,00167	5981,87	0,00648	HOLD	98,2349	214,6141
2026-05-27	20:00	75688,01	75760	74866,18	75073,4	LONG	0,00167	5981,87	0,00648	HOLD	98,2349	213,5877
2026-05-27	21:00	75073,4	75274,11	74758,33	75031,92	LONG	0,00167	5981,87	0,00648	HOLD	98,2349	213,5184
2026-05-27	22:00	75031,92	75502,29	74983,77	75326,01	LONG	0,00167	5981,87	0,00648	HOLD	98,2349	214,0096
2026-05-27	23:00	75326,02	75408,01	75000	75304,01	LONG	0,00167	5981,87	0,00648	HOLD	98,2349	213,9728
2026-05-28	00:00	75304,01	75344,01	74685,58	74860,42	LONG	0,00167	5981,87	0,00648	HOLD	98,2349	213,232
2026-05-28	01:00	74860,42	75032,01	74663,45	75026,67	LONG	0,00167	5981,87	0,00648	HOLD	98,2349	213,5097
2026-05-28	02:00	75026,67	75105,17	74952,36	75066,08	LONG	0,00167	5981,87	0,00648	HOLD	98,2349	213,5755
2026-05-28	03:00	75066,09	75415,81	75056,25	75274,58	LONG	0,00167	5981,87	0,00648	HOLD	98,2349	213,9237
2026-05-28	04:00	75274,58	75274,58	74341,76	74473,01	LONG	0,00167	5981,87	0,00648	HOLD	98,2349	212,5851
2026-05-28	05:00	74473,01	74775,5	74260,91	74418,13	LONG	0,00167	5981,87	0,00648	HOLD	98,2349	212,4934
2026-05-28	06:00	74418,12	74572	74243,99	74449,3	LONG	0,00167	5981,87	0,00648	HOLD	98,2349	212,5455
2026-05-28	07:00	74449,31	74580	74366,89	74570,66	LONG	0,00167	5981,87	0,00648	HOLD	98,2349	212,7481
2026-05-28	08:00	74570,67	74590,77	74156	74344,08	LONG	0,00167	5981,87	0,00648	HOLD	98,2349	212,3698
2026-05-28	09:00	74344,07	74400	74127,57	74287,42	LONG	0,00167	5981,87	0,00648	HOLD	98,2349	212,2751
2026-05-28	10:00	74287,43	74380,39	73060,59	73258,01	LONG	0,00167	5981,87	0,00648	HOLD	98,2349	210,556
2026-05-28	11:00	73258	73260,01	72728,85	73181,95	LONG	0,00167	5981,87	0,00648	HOLD	98,2349	210,429
2026-05-28	12:00	73181,95	73181,95	72908,67	72990,87	LONG	0,00167	5981,87	0,00648	HOLD	98,2349	210,1099
2026-05-28	13:00	72990,87	73213,11	72761,11	73202,7	LONG	0,00167	5981,87	0,00648	HOLD	98,2349	210,4637
2026-05-28	14:00	73202,71	73512,14	73158	73498	LONG	0,00167	5981,87	0,00648	HOLD	98,2349	210,9568
2026-05-28	15:00	73498	73500	73193,13	73325,88	LONG	0,00167	5981,87	0,00648	HOLD	98,2349	210,6694
2026-05-28	16:00	73325,88	73560	73261,6	73541,24	LONG	0,00167	5981,87	0,00648	HOLD	98,2349	211,029
2026-05-28	17:00	73541,25	73616	73349,91	73400,01	LONG	0,00167	5981,87	0,00648	HOLD	98,2349	210,7932
2026-05-28	18:00	73400,01	73532,01	73319,36	73505,66	LONG	0,00167	5981,87	0,00648	HOLD	98,2349	210,9696
2026-05-28	19:00	73505,65	73580,75	73245,56	73518,01	LONG	0,00167	5981,87	0,00648	HOLD	98,2349	210,9902
2026-05-28	20:00	73518,01	73574,6	72771,64	73022,02	LONG	0,00167	5981,87	0,00648	HOLD	98,2349	210,1619
2026-05-28	21:00	73022,01	73573,21	72582,82	73033,06	LONG	0,00167	5981,87	0,00648	HOLD	98,2349	210,1804
2026-05-28	22:00	73033,06	73180,01	72700	72928,73	LONG	0,00167	5981,87	0,00648	HOLD	98,2349	210,0061
2026-05-28	23:00	72928,73	73440,67	72741,4	73440,67	LONG	0,00167	5981,87	0,00648	HOLD	98,2349	210,8611
2026-05-29	00:00	73440,66	73734,72	73316,31	73554,82	LONG	0,00167	5981,87	0,00648	HOLD	98,2349	211,0517
2026-05-29	01:00	73554,81	73749,69	73514,57	73652,88	LONG	0,00167	5981,87	0,00648	HOLD	98,2349	211,2155
2026-05-29	02:00	73652,87	73652,88	73381,81	73419,32	LONG	0,00167	5981,87	0,00648	HOLD	98,2349	210,8254
2026-05-29	03:00	73419,31	73721,45	73241,48	73579,99	LONG	0,00167	5981,87	0,00648	HOLD	98,2349	211,0937
2026-05-29	04:00	73580	73926,22	73560,45	73817,31	LONG	0,00167	5981,87	0,00648	HOLD	98,2349	211,49
2026-05-29	05:00	73817,31	73949,22	73448,55	73464,8	LONG	0,00167	5981,87	0,00648	HOLD	98,2349	210,9014
2026-05-29	06:00	73464,8	73714,9	73464,79	73617,51	LONG	0,00167	5981,87	0,00648	HOLD	98,2349	211,1564
2026-05-29	07:00	73617,52	73854,77	73617,51	73716,37	LONG	0,00167	5981,87	0,00648	HOLD	98,2349	211,3215
2026-05-29	08:00	73716,37	73868,33	73463,52	73586,83	LONG	0,00167	5981,87	0,00648	HOLD	98,2349	211,1051
2026-05-29	09:00	73586,83	73646,68	73189,11	73225,06	LONG	0,00167	5981,87	0,00648	HOLD	98,2349	210,501
2026-05-29	10:00	73225,07	73456,63	73225,07	73301,52	LONG	0,00167	5981,87	0,00648	HOLD	98,2349	210,6287
2026-05-29	11:00	73301,53	73508,97	73210,21	73507,69	LONG	0,00167	5981,87	0,00648	HOLD	98,2349	210,973
2026-05-29	12:00	73507,68	73719,39	73500	73706	LONG	0,00167	5981,87	0,00648	HOLD	98,2349	211,3042
2026-05-29	13:00	73706	73939,19	73641,05	73786,32	LONG	0,00167	5981,87	0,00648	HOLD	98,2349	211,4383
2026-05-29	14:00	73786,32	73830,01	73373,37	73528,56	LONG	0,00167	5981,87	0,00648	HOLD	98,2349	211,0078
2026-05-29	15:00	73528,55	73835,58	73524	73653,4	LONG	0,00167	5981,87	0,00648	HOLD	98,2349	211,2163
2026-05-29	16:00	73653,4	73902,85	73649,58	73744,96	LONG	0,00167	5981,87	0,00648	HOLD	98,2349	211,3692
2026-05-29	17:00	73744,96	73749,53	73588,13	73634,64	LONG	0,00167	5981,87	0,00648	HOLD	98,2349	211,185
2026-05-29	18:00	73634,64	73700,41	73341,85	73487,98	LONG	0,00167	5981,87	0,00648	HOLD	98,2349	210,9401
2026-05-29	19:00	73487,98	73487,98	73202	73295,73	LONG	0,00167	5981,87	0,00648	HOLD	98,2349	210,619
2026-05-29	20:00	73295,73	73346,04	72900,46	73135,7	LONG	0,00167	5981,87	0,00648	HOLD	98,2349	210,3518
2026-05-29	21:00	73135,7	73198,17	72512,49	73096,85	LONG	0,00167	5981,87	0,00648	HOLD	98,2349	210,2869
2026-05-29	22:00	73096,84	74200	73008,98	73808,26	LONG	0,00167	5981,87	0,00648	HOLD	98,2349	211,4749
2026-05-29	23:00	73808,25	74124,73	73565,73	74056,5	LONG	0,00167	5981,87	0,00648	HOLD	98,2349	211,8895
2026-05-30	00:00	74056,49	74514,1	73925,33	73980,94	LONG	0,00167	5981,87	0,00648	HOLD	98,2349	211,7633
2026-05-30	01:00	73980,94	74065,29	73187,25	73374,52	LONG	0,00167	5981,87	0,00648	HOLD	98,2349	210,7506
2026-05-30	02:00	73374,51	73727,95	73239,36	73520,28	LONG	0,00167	5981,87	0,00648	HOLD	98,2349	210,994
2026-05-30	03:00	73520,29	73760	73514	73673,61	LONG	0,00167	5981,87	0,00648	HOLD	98,2349	211,2501
2026-05-30	04:00	73673,62	73844	73408,8	73409,27	LONG	0,00167	5981,87	0,00648	HOLD	98,2349	210,8086
2026-05-30	05:00	73409,27	73571,81	73379,79	73483,52	LONG	0,00167	5981,87	0,00648	HOLD	98,2349	210,9326
2026-05-30	06:00	73483,51	73510	73320	73460,78	LONG	0,00167	5981,87	0,00648	HOLD	98,2349	210,8946
2026-05-30	07:00	73460,78	73579,82	73408,62	73498,8	LONG	0,00167	5981,87	0,00648	HOLD	98,2349	210,9581
2026-05-30	08:00	73498,8	73663,08	73472,8	73657,9	LONG	0,00167	5981,87	0,00648	HOLD	98,2349	211,2238
2026-05-30	09:00	73657,9	73786,7	73613,85	73786,69	LONG	0,00167	5981,87	0,00648	HOLD	98,2349	211,4389
2026-05-30	10:00	73786,7	73796,43	73524,01	73524,01	LONG	0,00167	5981,87	0,00648	HOLD	98,2349	211,0002
2026-05-30	11:00	73524,01	73575	73216	73402,84	LONG	0,00167	5981,87	0,00648	HOLD	98,2349	210,7979
2026-05-30	12:00	73402,85	73635	73346,85	73604,99	LONG	0,00167	5981,87	0,00648	HOLD	98,2349	211,1355
2026-05-30	13:00	73604,99	73709,91	73530	73584,99	LONG	0,00167	5981,87	0,00648	HOLD	98,2349	211,1021
2026-05-30	14:00	73584,99	73588,2	73486	73548,6	LONG	0,00167	5981,87	0,00648	HOLD	98,2349	211,0413
2026-05-30	15:00	73548,6	73567,59	73500,02	73530,07	LONG	0,00167	5981,87	0,00648	HOLD	98,2349	211,0104
2026-05-30	16:00	73530,07	73615,47	73503,07	73615,46	LONG	0,00167	5981,87	0,00648	HOLD	98,2349	211,153
2026-05-30	17:00	73615,46	73680,75	73592,57	73655,85	LONG	0,00167	5981,87	0,00648	HOLD	98,2349	211,2204
2026-05-30	18:00	73655,85	73655,86	73564,62	73602,02	LONG	0,00167	5981,87	0,00648	HOLD	98,2349	211,1305
2026-05-30	19:00	73602,01	73717,07	73594,4	73698,18	LONG	0,00167	5981,87	0,00648	HOLD	98,2349	211,2911
2026-05-30	20:00	73698,17	73837,06	73676,1	73829,31	LONG	0,00167	5981,87	0,00648	HOLD	98,2349	211,5101
2026-05-30	21:00	73829,31	74100	73820,91	73929,11	LONG	0,00167	5981,87	0,00648	HOLD	98,2349	211,6768
2026-05-30	22:00	73929,11	74042,88	73836,7	73930,14	LONG	0,00167	5981,87	0,00648	HOLD	98,2349	211,6785
2026-05-30	23:00	73930,13	73985,84	73880,1	73934,99	LONG	0,00167	5981,87	0,00648	HOLD	98,2349	211,6866
2026-05-31	00:00	73935	74047,26	73811,3	74020,07	LONG	0,00167	5981,87	0,00648	HOLD	98,2349	211,8287
2026-05-31	01:00	74020,06	74143,76	73945	74043,38	LONG	0,00167	5981,87	0,00648	HOLD	98,2349	211,8676
2026-05-31	02:00	74043,39	74072	73971,3	74016,65	LONG	0,00167	5981,87	0,00648	HOLD	98,2349	211,8229
2026-05-31	03:00	74016,64	74016,65	73926,68	73979,84	LONG	0,00167	5981,87	0,00648	HOLD	98,2349	211,7615
2026-05-31	04:00	73979,85	74054	73929,07	73981,99	LONG	0,00167	5981,87	0,00648	HOLD	98,2349	211,7651
2026-05-31	05:00	73981,99	73982	73796,01	73883,3	LONG	0,00167	5981,87	0,00648	HOLD	98,2349	211,6003
2026-05-31	06:00	73883,3	73995,98	73781,3	73884,38	LONG	0,00167	5981,87	0,00648	HOLD	98,2349	211,6021
2026-05-31	07:00	73884,38	74041,72	73858,56	74038,2	LONG	0,00167	5981,87	0,00648	HOLD	98,2349	211,8589
2026-05-31	08:00	74038,2	74275,66	74028,64	74058,01	LONG	0,00167	5981,87	0,00648	HOLD	98,2349	211,892
2026-05-31	09:00	74058,01	74243,94	73890,49	74090,84	LONG	0,00167	5981,87	0,00648	HOLD	98,2349	211,9468
2026-05-31	10:00	74090,84	74226,78	74074,05	74150,64	LONG	0,00167	5981,87	0,00648	HOLD	98,2349	212,0467
2026-05-31	11:00	74150,64	74221,33	74109	74178,4	LONG	0,00167	5981,87	0,00648	HOLD	98,2349	212,0931
2026-05-31	12:00	74178,41	74207,2	74055,16	74055,98	LONG	0,00167	5981,87	0,00648	HOLD	98,2349	211,8886
2026-05-31	13:00	74055,99	74109,39	73985,34	74054,87	LONG	0,00167	5981,87	0,00648	HOLD	98,2349	211,8868
2026-05-31	14:00	74054,86	74054,87	73836	73871,24	LONG	0,00167	5981,87	0,00648	HOLD	98,2349	211,5801
2026-05-31	15:00	73871,25	73980	73850,05	73937,61	LONG	0,00167	5981,87	0,00648	HOLD	98,2349	211,691
2026-05-31	16:00	73937,62	74024	73813,44	73841,79	LONG	0,00167	5981,87	0,00648	HOLD	98,2349	211,5309
2026-05-31	17:00	73841,79	73900	73699,2	73900	LONG	0,00167	5981,87	0,00648	HOLD	98,2349	211,6281
2026-05-31	18:00	73900	73972	73899,99	73937,79	LONG	0,00167	5981,87	0,00648	HOLD	98,2349	211,6913
2026-05-31	19:00	73937,63	73995,88	73874	73920	LONG	0,00167	5981,87	0,00648	HOLD	98,2349	211,6615
2026-05-31	20:00	73920	74023,99	73807,43	73872,8	LONG	0,00167	5981,87	0,00648	HOLD	98,2349	211,5827
2026-05-31	21:00	73872,8	73872,8	73483,05	73602,17	LONG	0,00167	5981,87	0,00648	HOLD	98,2349	211,1308
2026-05-31	22:00	73602,18	73775,79	73588,8	73655,21	LONG	0,00167	5981,87	0,00648	HOLD	98,2349	211,2193
2026-05-31	23:00	73655,2	73730	73400	73526,14	LONG	0,00167	5981,87	0,00648	HOLD	98,2349	211,0038
2026-06-01	00:00	73526,15	73734	73466,67	73709,44	LONG	0,00167	5981,87	0,00648	HOLD	98,2349	211,3099
2026-06-01	01:00	73709,43	73713,34	73585,49	73603,69	LONG	0,00167	5981,87	0,00648	HOLD	98,2349	211,1333
2026-06-01	02:00	73603,68	73649,93	73456,48	73563,42	LONG	0,00167	5981,87	0,00648	HOLD	98,2349	211,0661
2026-06-01	03:00	73563,41	73760	73563,41	73739,66	LONG	0,00167	5981,87	0,00648	HOLD	98,2349	211,3604
2026-06-01	04:00	73739,67	73924	73626,67	73892,52	LONG	0,00167	5981,87	0,00648	HOLD	98,2349	211,6157
2026-06-01	05:00	73892,52	73997,56	73686	73944,62	LONG	0,00167	5981,87	0,00648	HOLD	98,2349	211,7027
2026-06-01	06:00	73944,62	74198	73500	73674,39	LONG	0,00167	5981,87	0,00648	HOLD	98,2349	211,2514
2026-06-01	07:00	73674,39	74092	73654,06	73885	LONG	0,00167	5981,87	0,00648	HOLD	98,2349	211,6031
2026-06-01	08:00	73885,01	73916,01	73278,02	73292,92	LONG	0,00167	5981,87	0,00648	HOLD	98,2349	210,6143
2026-06-01	09:00	73292,92	73892,52	73222	73790	LONG	0,00167	5981,87	0,00648	HOLD	98,2349	211,4444
2026-06-01	10:00	73789,99	74019,58	73735,47	73769,06	LONG	0,00167	5981,87	0,00648	HOLD	98,2349	211,4095
2026-06-01	11:00	73769,06	73841,37	73348,74	73536,01	LONG	0,00167	5981,87	0,00648	HOLD	98,2349	211,0203
2026-06-01	12:00	73536,01	73541,48	73328,32	73350	LONG	0,00167	5981,87	0,00648	HOLD	98,2349	210,7096
2026-06-01	13:00	73349,99	73368	72950,01	73135,74	LONG	0,00167	5981,87	0,00648	HOLD	98,2349	210,3518
2026-06-01	14:00	73135,75	73203,85	72704	72818	LONG	0,00167	5981,87	0,00648	HOLD	98,2349	209,8212
2026-06-01	15:00	72818	72921,38	72610,03	72902,65	LONG	0,00167	5981,87	0,00648	HOLD	98,2349	209,9626
2026-06-01	16:00	72902,64	73095,64	72600	72880	LONG	0,00167	5981,87	0,00648	HOLD	98,2349	209,9247
2026-06-01	17:00	72880	72900,73	72592,27	72748,88	LONG	0,00167	5981,87	0,00648	HOLD	98,2349	209,7058
2026-06-01	18:00	72748,88	72768,11	72290	72479,99	LONG	0,00167	5981,87	0,00648	HOLD	98,2349	209,2567
2026-06-01	19:00	72480	72610	71902,98	72221,73	LONG	0,00167	5981,87	0,00648	HOLD	98,2349	208,8254
2026-06-01	20:00	72221,74	72243,52	71389,88	71711,89	LONG	0,00167	5981,87	0,00648	HOLD	98,2349	207,974
2026-06-01	21:00	71711,89	71887,6	71363,43	71567,91	LONG	0,00167	5981,87	0,00648	HOLD	98,2349	207,7336
2026-06-01	22:00	71567,91	71677,55	71066,33	71129,62	LONG	0,00167	5981,87	0,00648	HOLD	98,2349	207,0016
2026-06-01	23:00	71129,62	71599,95	70686,68	71564,01	LONG	0,00167	5981,87	0,00648	HOLD	98,2349	207,727
2026-06-02	00:00	71564,01	71800,73	71469,64	71646,01	LONG	0,00167	5981,87	0,00648	HOLD	98,2349	207,864
2026-06-02	01:00	71646	71687,28	71382	71498,64	LONG	0,00167	5981,87	0,00648	HOLD	98,2349	207,6179
2026-06-02	02:00	71498,64	71666	71386	71595,24	LONG	0,00167	5981,87	0,00648	HOLD	98,2349	207,7792
2026-06-02	03:00	71595,24	71690	71419,64	71446	LONG	0,00167	5981,87	0,00648	HOLD	98,2349	207,53
2026-06-02	04:00	71445,99	71449,98	70941,95	71038,01	LONG	0,00167	5981,87	0,00648	HOLD	98,2349	206,8486
2026-06-02	05:00	71038,01	71460	70840,9	71408	LONG	0,00167	5981,87	0,00648	HOLD	98,2349	207,4665
2026-06-02	06:00	71407,99	71583,29	71225,29	71408,9	LONG	0,00167	5981,87	0,00648	HOLD	98,2349	207,468
2026-06-02	07:00	71408,9	71408,9	71100	71289,23	LONG	0,00167	5981,87	0,00648	HOLD	98,2349	207,2682
2026-06-02	08:00	71289,24	71372	70607,57	70652,47	LONG	0,00167	5981,87	0,00648	HOLD	98,2349	206,2048
2026-06-02	09:00	70652,47	70880,63	70111	70846,49	LONG	0,00167	5981,87	0,00648	HOLD	98,2349	206,5288
2026-06-02	10:00	70846,48	71041,04	70806	70953,69	LONG	0,00167	5981,87	0,00648	HOLD	98,2349	206,7078
2026-06-02	11:00	70953,7	71048	70713,54	70810	LONG	0,00167	5981,87	0,00648	HOLD	98,2349	206,4678
2026-06-02	12:00	70810	70847,66	70267,79	70268,96	LONG	0,00167	5981,87	0,00648	HOLD	98,2349	205,5643
2026-06-02	13:00	70268,97	70442	69958,49	70106,31	LONG	0,00167	5981,87	0,00648	HOLD	98,2349	205,2927
2026-06-02	14:00	70106,31	70275,86	69733	70118,42	LONG	0,00167	5981,87	0,00648	HOLD	98,2349	205,3129
2026-06-02	15:00	70118,42	70172	69705,3	69821,99	LONG	0,00167	5981,87	0,00648	HOLD	98,2349	204,8179
2026-06-02	16:00	69822	69849	69324,65	69426,01	LONG	0,00167	5981,87	0,00648	HOLD	98,2349	204,1566
2026-06-02	17:00	69426,01	69756	69336,98	69652,19	LONG	0,00167	5981,87	0,00648	HOLD	98,2349	204,5343
2026-06-02	18:00	69652,18	69659,47	69397,83	69461,72	LONG	0,00167	5981,87	0,00648	HOLD	98,2349	204,2162
2026-06-02	19:00	69461,73	69548,13	68989,61	69010,42	LONG	0,00167	5981,87	0,00648	HOLD	98,2349	203,4625
2026-06-02	20:00	69010,41	69180	68757,03	68811,91	LONG	0,00167	5981,87	0,00648	HOLD	98,2349	203,131
2026-06-02	21:00	68809,93	68836	67617,85	68019,3	LONG	0,00167	5981,87	0,00648	HOLD	98,2349	201,8074
2026-06-02	22:00	68019,3	68094,6	67076	67304,28	LONG	0,00167	5981,87	0,00648	HOLD	98,2349	200,6133
2026-06-02	23:00	67304,29	68146,3	67228,45	67413,44	LONG	0,00167	5981,87	0,00648	HOLD	98,2349	200,7956
2026-06-03	00:00	67413,44	67837,53	67378	67492,34	LONG	0,00167	5981,87	0,00648	HOLD	98,2349	200,9274
2026-06-03	01:00	67492,34	67661,7	67124,2	67341,99	LONG	0,00167	5981,87	0,00648	HOLD	98,2349	200,6763
2026-06-03	02:00	67341,99	67498	66432	67315,14	LONG	0,00167	5981,87	0,00648	HOLD	98,2349	200,6314
2026-06-03	03:00	67315,14	67689,65	66911,2	67587,77	LONG	0,00167	5981,87	0,00648	HOLD	98,2349	201,0867
2026-06-03	04:00	67587,78	67923,24	67412	67566,01	LONG	0,00167	5981,87	0,00648	HOLD	98,2349	201,0504
2026-06-03	05:00	67566,01	67566,01	66244,02	66385,2	LONG	0,00167	5981,87	0,00648	HOLD	98,2349	199,0784
2026-06-03	06:00	66385,2	66868,62	66193	66760,83	LONG	0,00167	5981,87	0,00648	HOLD	98,2349	199,7057
2026-06-03	07:00	66760,84	67204,15	66654	66938,01	LONG	0,00167	5981,87	0,00648	HOLD	98,2349	200,0016
2026-06-03	08:00	66938,01	67050	66472,65	66920	LONG	0,00167	5981,87	0,00648	HOLD	98,2349	199,9715
2026-06-03	09:00	66920	66920,01	66586,17	66620,01	LONG	0,00167	5981,87	0,00648	HOLD	98,2349	199,4706
2026-06-03	10:00	66620	66653,67	65426,34	65849,9	LONG	0,00167	5981,87	0,00648	HOLD	98,2349	198,1845
2026-06-03	11:00	65849,9	66623,44	65834	66465,98	LONG	0,00167	5981,87	0,00648	HOLD	98,2349	199,2133
2026-06-03	12:00	66465,99	67398,28	66465,99	67330,01	LONG	0,00167	5981,87	0,00648	HOLD	98,2349	200,6563
2026-06-03	13:00	67330	67516	66962,95	66983,27	LONG	0,00167	5981,87	0,00648	HOLD	98,2349	200,0772
2026-06-03	14:00	66983,27	67334,4	66872,01	67220,03	LONG	0,00167	5981,87	0,00648	HOLD	98,2349	200,4726
2026-06-03	15:00	67220,03	67264,34	66974	67028	LONG	0,00167	5981,87	0,00648	HOLD	98,2349	200,1519
2026-06-03	16:00	67028,01	67322	66656,48	67075,17	LONG	0,00167	5981,87	0,00648	HOLD	98,2349	200,2307
2026-06-03	17:00	67075,18	67476,69	67068,51	67294,52	LONG	0,00167	5981,87	0,00648	HOLD	98,2349	200,597
2026-06-03	18:00	67294,51	67366,82	67056,58	67067,37	LONG	0,00167	5981,87	0,00648	HOLD	98,2349	200,2177
2026-06-03	19:00	67067,37	67163,82	66782,65	67078,72	LONG	0,00167	5981,87	0,00648	HOLD	98,2349	200,2366
2026-06-03	20:00	67078,72	67244,62	66635	66906,01	LONG	0,00167	5981,87	0,00648	HOLD	98,2349	199,9482
2026-06-03	21:00	66906	66990,66	66643,96	66864,95	LONG	0,00167	5981,87	0,00648	HOLD	98,2349	199,8796
2026-06-03	22:00	66864,95	66898	66076	66076,01	LONG	0,00167	5981,87	0,00648	HOLD	98,2349	198,5621
2026-06-03	23:00	66076,01	66373,18	65555	66061,83	LONG	0,00167	5981,87	0,00648	HOLD	98,2349	198,5384
2026-06-04	00:00	66061,83	66189,8	65704,8	65964,08	LONG	0,00167	5981,87	0,00648	HOLD	98,2349	198,3752
2026-06-04	01:00	65964,08	66161,24	65744,01	66036,57	LONG	0,00167	5981,87	0,00648	HOLD	98,2349	198,4962
2026-06-04	02:00	66036,56	66054	65251	65462	LONG	0,00167	5981,87	0,00648	HOLD	98,2349	197,5367
2026-06-04	03:00	65461,99	65614,74	64766	65007,27	LONG	0,00167	5981,87	0,00648	HOLD	98,2349	196,7773
2026-06-04	04:00	65007,27	65860	64960,87	65768,88	LONG	0,00167	5981,87	0,00648	HOLD	98,2349	198,0492
2026-06-04	05:00	65768,89	65841,23	64778,15	64912,98	LONG	0,00167	5981,87	0,00648	HOLD	98,2349	196,6198
2026-06-04	06:00	64912,97	64979,99	64092,49	64142,75	LONG	0,00167	5981,87	0,00648	HOLD	98,2349	195,3335
2026-06-04	07:00	64142,75	64428	63000	63344,97	LONG	0,00167	5981,87	0,00648	HOLD	98,2349	194,0012
2026-06-04	08:00	63344,98	63500	62100,01	62178,1	LONG	0,00167	5981,87	0,00648	HOLD	98,2349	192,0526
2026-06-04	09:00	62178,1	63622,7	61383,56	63231,99	LONG	0,00167	5981,87	0,00648	HOLD	98,2349	193,8126
2026-06-04	10:00	63232	64540,3	63218,48	64363,49	LONG	0,00167	5981,87	0,00648	HOLD	98,2349	195,7022
2026-06-04	11:00	64363,49	64764,32	64265,73	64399,99	LONG	0,00167	5981,87	0,00648	HOLD	98,2349	195,7631
2026-06-04	12:00	64399,99	64400	63648,01	63955,47	LONG	0,00167	5981,87	0,00648	HOLD	98,2349	195,0208
2026-06-04	13:00	63955,48	64481,22	63892	64027,99	LONG	0,00167	5981,87	0,00648	HOLD	98,2349	195,1419
2026-06-04	14:00	64027,99	64062,81	63492,89	63603,15	LONG	0,00167	5981,87	0,00648	HOLD	98,2349	194,4324
2026-06-04	15:00	63603,15	63904,63	63245,9	63629,99	LONG	0,00167	5981,87	0,00648	HOLD	98,2349	194,4772
2026-06-04	16:00	63629,99	63644	62703,33	63266	LONG	0,00167	5981,87	0,00648	HOLD	98,2349	193,8694
2026-06-04	17:00	63266,01	63276	62301,21	62420	LONG	0,00167	5981,87	0,00648	HOLD	98,2349	192,4565
2026-06-04	18:00	62420,01	62833,82	62205	62545,99	LONG	0,00167	5981,87	0,00648	HOLD	98,2349	192,6669
2026-06-04	19:00	62546	63966,48	62392	63766,82	LONG	0,00167	5981,87	0,00648	HOLD	98,2349	194,7057
2026-06-04	20:00	63766,82	64244	63068,41	64230	LONG	0,00167	5981,87	0,00648	HOLD	98,2349	195,4792
2026-06-04	21:00	64230	64494,92	63785,33	63958,97	LONG	0,00167	5981,87	0,00648	HOLD	98,2349	195,0266
2026-06-04	22:00	63958,97	64404	63691,7	63896,17	LONG	0,00167	5981,87	0,00648	HOLD	98,2349	194,9217
2026-06-04	23:00	63896,16	63920	63456	63563,51	LONG	0,00167	5981,87	0,00648	HOLD	98,2349	194,3662
2026-06-05	00:00	63563,51	63722	62944,91	63540,97	LONG	0,00167	5981,87	0,00648	HOLD	98,2349	194,3286
2026-06-05	01:00	63540,96	64110,28	63149,76	63819,62	LONG	0,00167	5981,87	0,00648	HOLD	98,2349	194,7939
2026-06-05	02:00	63819,62	64163,93	63544	63629,38	LONG	0,00167	5981,87	0,00648	HOLD	98,2349	194,4762
2026-06-05	03:00	63629,38	63653,2	63182,84	63638,4	LONG	0,00167	5981,87	0,00648	HOLD	98,2349	194,4913
2026-06-05	04:00	63638,4	63876	63106,04	63286,21	LONG	0,00167	5981,87	0,00648	HOLD	98,2349	193,9031
2026-06-05	05:00	63286,21	63772	63194	63735,43	LONG	0,00167	5981,87	0,00648	HOLD	98,2349	194,6533
2026-06-05	06:00	63735,42	63918	63376	63885,99	LONG	0,00167	5981,87	0,00648	HOLD	98,2349	194,9047
2026-06-05	07:00	63885,99	63978	63396,57	63426,72	LONG	0,00167	5981,87	0,00648	HOLD	98,2349	194,1378
2026-06-05	08:00	63426,73	63566	63052	63374,67	LONG	0,00167	5981,87	0,00648	HOLD	98,2349	194,0508
2026-06-05	09:00	63374,67	63436	62588,77	62617,72	LONG	0,00167	5981,87	0,00648	HOLD	98,2349	192,7867
2026-06-05	10:00	62617,72	62888	62339	62730	LONG	0,00167	5981,87	0,00648	HOLD	98,2349	192,9742
2026-06-05	11:00	62730	63646	62487,24	63615,23	LONG	0,00167	5981,87	0,00648	HOLD	98,2349	194,4526
2026-06-05	12:00	63615,22	63688	62278	62329,35	LONG	0,00167	5981,87	0,00648	HOLD	98,2349	192,3052
2026-06-05	13:00	62329,36	62634,53	61126,01	61946,57	LONG	0,00167	5981,87	0,00648	HOLD	98,2349	191,6659
2026-06-05	14:00	61946,57	63116	61378,38	63115,99	LONG	0,00167	5981,87	0,00648	HOLD	98,2349	193,6188
2026-06-05	15:00	63115,99	63120,98	62288,88	62454,64	LONG	0,00167	5981,87	0,00648	HOLD	98,2349	192,5144
2026-06-05	16:00	62454,64	63259,9	62442	62860,09	LONG	0,00167	5981,87	0,00648	HOLD	98,2349	193,1915
2026-06-05	17:00	62860,09	62931,81	62375	62536,87	LONG	0,00167	5981,87	0,00648	HOLD	98,2349	192,6517
2026-06-05	18:00	62536,87	62644,48	61964,98	61964,99	LONG	0,00167	5981,87	0,00648	HOLD	98,2349	191,6967
2026-06-05	19:00	61964,99	62457,86	61620,47	61959,73	LONG	0,00167	5981,87	0,00648	HOLD	98,2349	191,6879
2026-06-05	20:00	61959,72	62326	60732,35	60732,36	LONG	0,00167	5981,87	0,00648	HOLD	98,2349	189,6382
2026-06-05	21:00	60732,36	61227,98	60334,97	60868,97	LONG	0,00167	5981,87	0,00648	HOLD	98,2349	189,8663
2026-06-05	22:00	60868,98	61126	60000	60438,01	LONG	0,00167	5981,87	0,00648	HOLD	98,2349	189,1466
2026-06-05	23:00	60438	61547,24	59786	61394,39	LONG	0,00167	5981,87	0,00648	HOLD	98,2349	190,7438
2026-06-06	00:00	61394,38	61508,85	60660	60813,99	LONG	0,00167	5981,87	0,00648	HOLD	98,2349	189,7745
2026-06-06	01:00	60814	60950	59141	59395,99	LONG	0,00167	5981,87	0,00648	HOLD	98,2349	187,4064
2026-06-06	02:00	59396	60459,41	59130,91	60300,24	LONG	0,00167	5981,87	0,00648	HOLD	98,2349	188,9165
2026-06-06	03:00	60300,24	61787,01	59940,01	61620,01	LONG	0,00167	5981,87	0,00648	HOLD	98,2349	191,1206
2026-06-06	04:00	61620,01	62000	61444,2	61670,38	LONG	0,00167	5981,87	0,00648	HOLD	98,2349	191,2047
2026-06-06	05:00	61670,38	61966	61207,82	61584,49	LONG	0,00167	5981,87	0,00648	HOLD	98,2349	191,0612
2026-06-06	06:00	61584,49	61776	60518	61056,47	LONG	0,00167	5981,87	0,00648	HOLD	98,2349	190,1794
2026-06-06	07:00	61056,47	61530,05	61045,01	61273,29	LONG	0,00167	5981,87	0,00648	HOLD	98,2349	190,5415
2026-06-06	08:00	61273,29	61380	60954,36	61058,95	LONG	0,00167	5981,87	0,00648	HOLD	98,2349	190,1836
2026-06-06	09:00	61058,95	61176	60678	60951,64	LONG	0,00167	5981,87	0,00648	HOLD	98,2349	190,0044
2026-06-06	10:00	60951,63	60966,86	60520	60687,04	LONG	0,00167	5981,87	0,00648	HOLD	98,2349	189,5625
2026-06-06	11:00	60687,05	60866	59500	60101,27	LONG	0,00167	5981,87	0,00648	HOLD	98,2349	188,5843
2026-06-06	12:00	60101,28	61062	59621,22	60942,38	LONG	0,00167	5981,87	0,00648	HOLD	98,2349	189,9889
2026-06-06	13:00	60942,37	61276,95	60681	60786,96	LONG	0,00167	5981,87	0,00648	HOLD	98,2349	189,7294
2026-06-06	14:00	60786,96	61229,17	60733,14	61004,95	LONG	0,00167	5981,87	0,00648	HOLD	98,2349	190,0934
2026-06-06	15:00	61004,95	61500	60884	61264	LONG	0,00167	5981,87	0,00648	HOLD	98,2349	190,526
2026-06-06	16:00	61264	61322	60875,55	60981,24	LONG	0,00167	5981,87	0,00648	HOLD	98,2349	190,0538
2026-06-06	17:00	60981,24	60981,24	60198	60593	LONG	0,00167	5981,87	0,00648	HOLD	98,2349	189,4055
2026-06-06	18:00	60593	60968	60552,95	60802,91	LONG	0,00167	5981,87	0,00648	HOLD	98,2349	189,756
2026-06-06	19:00	60802,9	61185,26	60641,2	61030,63	LONG	0,00167	5981,87	0,00648	HOLD	98,2349	190,1363
2026-06-06	20:00	61030,63	61100	60701,41	60801,2	LONG	0,00167	5981,87	0,00648	HOLD	98,2349	189,7531
2026-06-06	21:00	60801,2	61016	60768	60791,05	LONG	0,00167	5981,87	0,00648	HOLD	98,2349	189,7362
2026-06-06	22:00	60791,06	60929,2	60396	60784	LONG	0,00167	5981,87	0,00648	HOLD	98,2349	189,7244
2026-06-06	23:00	60784,01	60971,24	60466,56	60774	LONG	0,00167	5981,87	0,00648	HOLD	98,2349	189,7077
2026-06-07	00:00	60774	60844	60501	60576,2	LONG	0,00167	5981,87	0,00648	HOLD	98,2349	189,3774
2026-06-07	01:00	60576,19	60754,74	60393,96	60637,21	LONG	0,00167	5981,87	0,00648	HOLD	98,2349	189,4793
2026-06-07	02:00	60637,2	60786	60536	60600,01	LONG	0,00167	5981,87	0,00648	HOLD	98,2349	189,4172
2026-06-07	03:00	60600	60756	60522	60711,69	LONG	0,00167	5981,87	0,00648	HOLD	98,2349	189,6037
2026-06-07	04:00	60711,69	61000	60707,93	60751,21	LONG	0,00167	5981,87	0,00648	HOLD	98,2349	189,6697
2026-06-07	05:00	60751,22	60818	60429,09	60543,53	LONG	0,00167	5981,87	0,00648	HOLD	98,2349	189,3228
2026-06-07	06:00	60543,52	60942,75	60543,52	60884,62	LONG	0,00167	5981,87	0,00648	HOLD	98,2349	189,8925
2026-06-07	07:00	60884,62	60987,99	60746	60782,01	LONG	0,00167	5981,87	0,00648	HOLD	98,2349	189,7211
2026-06-07	08:00	60782	61664,13	60758	61479,75	LONG	0,00167	5981,87	0,00648	HOLD	98,2349	190,8863
2026-06-07	09:00	61479,75	61568	61184	61506,74	LONG	0,00167	5981,87	0,00648	HOLD	98,2349	190,9314
2026-06-07	10:00	61506,73	61778,33	61416,1	61701,07	LONG	0,00167	5981,87	0,00648	HOLD	98,2349	191,2559
2026-06-07	11:00	61701,06	61907,07	61482,46	61890,92	LONG	0,00167	5981,87	0,00648	HOLD	98,2349	191,573
2026-06-07	12:00	61890,92	62159	61647	61748,1	LONG	0,00167	5981,87	0,00648	HOLD	98,2349	191,3345
2026-06-07	13:00	61748,11	62272	61619,4	62101	LONG	0,00167	5981,87	0,00648	HOLD	98,2349	191,9238
2026-06-07	14:00	62101,01	62416,26	61983,46	62404,73	LONG	0,00167	5981,87	0,00648	HOLD	98,2349	192,431
2026-06-07	15:00	62404,72	62960	62259,37	62855,01	LONG	0,00167	5981,87	0,00648	HOLD	98,2349	193,183
2026-06-07	16:00	62855	62900	62374,63	62530	LONG	0,00167	5981,87	0,00648	HOLD	98,2349	192,6402
2026-06-07	17:00	62530	62570,31	62298,39	62370,52	LONG	0,00167	5981,87	0,00648	HOLD	98,2349	192,3739
2026-06-07	18:00	62370,53	62754,45	62359,44	62621,96	LONG	0,00167	5981,87	0,00648	HOLD	98,2349	192,7938
2026-06-07	19:00	62621,97	62643,97	61577,12	61900,67	LONG	0,00167	5981,87	0,00648	HOLD	98,2349	191,5893
2026-06-07	20:00	61900,66	61907,64	61649,12	61700,13	LONG	0,00167	5981,87	0,00648	HOLD	98,2349	191,2544
2026-06-07	21:00	61700,14	62312,67	61696,98	61905,49	LONG	0,00167	5981,87	0,00648	HOLD	98,2349	191,5973
2026-06-07	22:00	61905,49	62219,92	61674,51	62093,99	LONG	0,00167	5981,87	0,00648	HOLD	98,2349	191,9121
2026-06-07	23:00	62093,99	62332	61966	62083,64	LONG	0,00167	5981,87	0,00648	HOLD	98,2349	191,8948
2026-06-08	00:00	62083,64	62330	62046,62	62160,01	LONG	0,00167	5981,87	0,00648	HOLD	98,2349	192,0224
2026-06-08	01:00	62160,01	62296	62022	62030,14	LONG	0,00167	5981,87	0,00648	HOLD	98,2349	191,8055
2026-06-08	02:00	62030,15	62036,78	61184	61328	LONG	0,00167	5981,87	0,00648	HOLD	98,2349	190,6329
2026-06-08	03:00	61327,99	61962,47	61217,17	61878,01	LONG	0,00167	5981,87	0,00648	HOLD	98,2349	191,5514
2026-06-08	04:00	61878	62017,71	61652,01	61778,41	LONG	0,00167	5981,87	0,00648	HOLD	98,2349	191,3851
2026-06-08	05:00	61778,42	64234,68	61728,11	62865,87	LONG	0,00167	5981,87	0,00648	HOLD	98,2349	193,2011
2026-06-08	06:00	62865,87	63444,11	62803,42	63332,01	LONG	0,00167	5981,87	0,00648	HOLD	98,2349	193,9796
2026-06-08	07:00	63332,01	63863,06	63138,37	63631,42	LONG	0,00167	5981,87	0,00648	HOLD	98,2349	194,4796
2026-06-08	08:00	63631,43	63643,99	62720,86	63211,41	LONG	0,00167	5981,87	0,00648	HOLD	98,2349	193,7782
2026-06-08	09:00	63211,41	63260	62918	63129,93	LONG	0,00167	5981,87	0,00648	HOLD	98,2349	193,6421
2026-06-08	10:00	63129,94	63458	62978,36	63130,12	LONG	0,00167	5981,87	0,00648	HOLD	98,2349	193,6424
2026-06-08	11:00	63130,12	63171,1	62657,07	62684,61	LONG	0,00167	5981,87	0,00648	HOLD	98,2349	192,8984
2026-06-08	12:00	62684,61	62825,27	62408	62764	LONG	0,00167	5981,87	0,00648	HOLD	98,2349	193,031
2026-06-08	13:00	62763,99	63144	62734	62988,03	LONG	0,00167	5981,87	0,00648	HOLD	98,2349	193,4052
2026-06-08	14:00	62988,58	63350	62812	63283,99	LONG	0,00167	5981,87	0,00648	HOLD	98,2349	193,8994
2026-06-08	15:00	63284	63284	62992,01	63132,83	LONG	0,00167	5981,87	0,00648	HOLD	98,2349	193,647
2026-06-08	16:00	63132,84	63577,86	63128,47	63502	LONG	0,00167	5981,87	0,00648	HOLD	98,2349	194,2635
2026-06-08	17:00	63501,99	63568,19	63096,88	63172,3	LONG	0,00167	5981,87	0,00648	HOLD	98,2349	193,7129
2026-06-08	18:00	63172,3	63873,08	63058	63479,61	LONG	0,00167	5981,87	0,00648	HOLD	98,2349	194,2261
2026-06-08	19:00	63479,62	63933,18	62718,3	63872	LONG	0,00167	5981,87	0,00648	HOLD	98,2349	194,8814
2026-06-08	20:00	63872	63943,56	63362,1	63758	LONG	0,00167	5981,87	0,00648	HOLD	98,2349	194,691
2026-06-08	21:00	63758	64077,57	63560,68	63964,08	LONG	0,00167	5981,87	0,00648	HOLD	98,2349	195,0352
2026-06-08	22:00	63964,07	64200	63711	63774,48	LONG	0,00167	5981,87	0,00648	HOLD	98,2349	194,7185
2026-06-08	23:00	63774,48	64046,86	63472	63532,01	LONG	0,00167	5981,87	0,00648	HOLD	98,2349	194,3136
2026-06-09	00:00	63532,01	63646	63268,01	63550	LONG	0,00167	5981,87	0,00648	HOLD	98,2349	194,3436
2026-06-09	01:00	63549,99	63690	63339,98	63466,83	LONG	0,00167	5981,87	0,00648	HOLD	98,2349	194,2047
2026-06-09	02:00	63466,83	63596	63356	63372,01	LONG	0,00167	5981,87	0,00648	HOLD	98,2349	194,0464
2026-06-09	03:00	63372,01	63485,49	63160,31	63485,49	LONG	0,00167	5981,87	0,00648	HOLD	98,2349	194,2359
2026-06-09	04:00	63485,49	63850	63483,41	63728,96	LONG	0,00167	5981,87	0,00648	HOLD	98,2349	194,6425
2026-06-09	05:00	63728,96	63728,96	63210	63440,01	LONG	0,00167	5981,87	0,00648	HOLD	98,2349	194,16
2026-06-09	06:00	63440	63594	62978,66	63085,99	LONG	0,00167	5981,87	0,00648	HOLD	98,2349	193,5687
2026-06-09	07:00	63086	63184	62423,07	62562	LONG	0,00167	5981,87	0,00648	HOLD	98,2349	192,6937
2026-06-09	08:00	62562	62879,1	62546,62	62764,01	LONG	0,00167	5981,87	0,00648	HOLD	98,2349	193,031
2026-06-09	09:00	62764	62874	62544,11	62868	LONG	0,00167	5981,87	0,00648	HOLD	98,2349	193,2047
2026-06-09	10:00	62867,99	62979,94	62702	62875,17	LONG	0,00167	5981,87	0,00648	HOLD	98,2349	193,2167
2026-06-09	11:00	62875,18	63424	62748	63242,36	LONG	0,00167	5981,87	0,00648	HOLD	98,2349	193,8299
2026-06-09	12:00	63242,36	63526,01	63120,24	63338,68	LONG	0,00167	5981,87	0,00648	HOLD	98,2349	193,9907
2026-06-09	13:00	63338,69	63506	63230	63300	LONG	0,00167	5981,87	0,00648	HOLD	98,2349	193,9261
2026-06-09	14:00	63300	63443,6	63012	63198,44	LONG	0,00167	5981,87	0,00648	HOLD	98,2349	193,7565
2026-06-09	15:00	63198,44	63208,86	62769,52	62849,75	LONG	0,00167	5981,87	0,00648	HOLD	98,2349	193,1742
2026-06-09	16:00	62849,75	62944,43	62590	62715,37	LONG	0,00167	5981,87	0,00648	HOLD	98,2349	192,9498
2026-06-09	17:00	62715,37	62835,37	62596	62786,01	LONG	0,00167	5981,87	0,00648	HOLD	98,2349	193,0678
2026-06-09	18:00	62786	62818	62498,75	62711,12	LONG	0,00167	5981,87	0,00648	HOLD	98,2349	192,9427
2026-06-09	19:00	62711,12	62895,18	62421,24	62645,15	LONG	0,00167	5981,87	0,00648	HOLD	98,2349	192,8325
2026-06-09	20:00	62645,14	62738	62140	62273,61	LONG	0,00167	5981,87	0,00648	HOLD	98,2349	192,2121
2026-06-09	21:00	62273,62	62395,01	61148,07	61541,95	LONG	0,00167	5981,87	0,00648	HOLD	98,2349	190,9902
2026-06-09	22:00	61541,95	61706,86	61037	61131,84	LONG	0,00167	5981,87	0,00648	HOLD	98,2349	190,3053
2026-06-09	23:00	61131,85	61484,67	60780	61390,51	LONG	0,00167	5981,87	0,00648	HOLD	98,2349	190,7373
2026-06-10	00:00	61390,51	61889	61390,51	61692,01	LONG	0,00167	5981,87	0,00648	HOLD	98,2349	191,2408
2026-06-10	01:00	61692,01	61964	61602	61792,01	LONG	0,00167	5981,87	0,00648	HOLD	98,2349	191,4078
2026-06-10	02:00	61792	62103,39	61722	62098,09	LONG	0,00167	5981,87	0,00648	HOLD	98,2349	191,919
2026-06-10	03:00	62098,09	62272	61954,39	62160	LONG	0,00167	5981,87	0,00648	HOLD	98,2349	192,0223
2026-06-10	04:00	62159,99	62176,86	61698	61761,2	LONG	0,00167	5981,87	0,00648	HOLD	98,2349	191,3563
2026-06-10	05:00	61761,21	61976	61666,66	61717,5	LONG	0,00167	5981,87	0,00648	HOLD	98,2349	191,2834
2026-06-10	06:00	61717,5	61878	61556	61730	LONG	0,00167	5981,87	0,00648	HOLD	98,2349	191,3042
2026-06-10	07:00	61730	61930	61440	61923,16	LONG	0,00167	5981,87	0,00648	HOLD	98,2349	191,6268
2026-06-10	08:00	61923,16	61974,7	61590	61714	LONG	0,00167	5981,87	0,00648	HOLD	98,2349	191,2775
2026-06-10	09:00	61714	61837,67	61235,29	61302,36	LONG	0,00167	5981,87	0,00648	HOLD	98,2349	190,5901
2026-06-10	10:00	61302,37	61594	61286	61549,64	LONG	0,00167	5981,87	0,00648	HOLD	98,2349	191,003
2026-06-10	11:00	61549,64	61560	61182,65	61295,99	LONG	0,00167	5981,87	0,00648	HOLD	98,2349	190,5794
2026-06-10	12:00	61296	61400,01	61080	61361,17	LONG	0,00167	5981,87	0,00648	HOLD	98,2349	190,6883
2026-06-10	13:00	61361,17	61521,99	61145,5	61472,89	LONG	0,00167	5981,87	0,00648	HOLD	98,2349	190,8749
2026-06-10	14:00	61472,89	61813,34	61440	61687,56	LONG	0,00167	5981,87	0,00648	HOLD	98,2349	191,2334
2026-06-10	15:00	61687,56	61736	61168	61261,55	LONG	0,00167	5981,87	0,00648	HOLD	98,2349	190,5219
2026-06-10	16:00	61261,56	61421,46	60755	61334,94	LONG	0,00167	5981,87	0,00648	HOLD	98,2349	190,6445
2026-06-10	17:00	61334,95	61456	61151,4	61386,09	LONG	0,00167	5981,87	0,00648	HOLD	98,2349	190,7299
2026-06-10	18:00	61386,09	61430	60867,19	61034,04	LONG	0,00167	5981,87	0,00648	HOLD	98,2349	190,142
2026-06-10	19:00	61034,04	61950	60960	61564,01	LONG	0,00167	5981,87	0,00648	HOLD	98,2349	191,027
2026-06-10	20:00	61564	62446	61444,87	62146,42	LONG	0,00167	5981,87	0,00648	HOLD	98,2349	191,9997
2026-06-10	21:00	62146,43	62258,01	61814,79	62195,99	LONG	0,00167	5981,87	0,00648	HOLD	98,2349	192,0824
2026-06-10	22:00	62195,99	62857,99	61852	62639,23	LONG	0,00167	5981,87	0,00648	HOLD	98,2349	192,8227
2026-06-10	23:00	62639,23	62646	61930	62219,33	LONG	0,00167	5981,87	0,00648	HOLD	98,2349	192,1214
2026-06-11	00:00	62219,33	62360	61654,54	61969,99	LONG	0,00167	5981,87	0,00648	HOLD	98,2349	191,705
2026-06-11	01:00	61969,99	62162,9	61588,8	61882	LONG	0,00167	5981,87	0,00648	HOLD	98,2349	191,5581
2026-06-11	02:00	61881,99	62062,98	61673,79	61942,44	LONG	0,00167	5981,87	0,00648	HOLD	98,2349	191,659
2026-06-11	03:00	61942,45	61949,21	61688	61805,51	LONG	0,00167	5981,87	0,00648	HOLD	98,2349	191,4303
2026-06-11	04:00	61805,5	61805,51	61179,19	61356,18	LONG	0,00167	5981,87	0,00648	HOLD	98,2349	190,68
2026-06-11	05:00	61356,18	61574	61104,24	61381,46	LONG	0,00167	5981,87	0,00648	HOLD	98,2349	190,7222
2026-06-11	06:00	61381,46	61604	61166	61510,99	LONG	0,00167	5981,87	0,00648	HOLD	98,2349	190,9385
2026-06-11	07:00	61510,99	61974,7	61510,99	61812	LONG	0,00167	5981,87	0,00648	HOLD	98,2349	191,4412
2026-06-11	08:00	61812	62378	61812	62206,01	LONG	0,00167	5981,87	0,00648	HOLD	98,2349	192,0992
2026-06-11	09:00	62206,01	62304	61944,19	62148	LONG	0,00167	5981,87	0,00648	HOLD	98,2349	192,0023
2026-06-11	10:00	62148,01	62848	62012	62689,48	LONG	0,00167	5981,87	0,00648	HOLD	98,2349	192,9066
2026-06-11	11:00	62689,47	62854	62546,34	62726,86	LONG	0,00167	5981,87	0,00648	HOLD	98,2349	192,969
2026-06-11	12:00	62726,85	62726,86	62556,84	62610	LONG	0,00167	5981,87	0,00648	HOLD	98,2349	192,7738
2026-06-11	13:00	62610	62997,53	62544,89	62772	LONG	0,00167	5981,87	0,00648	HOLD	98,2349	193,0444
2026-06-11	14:00	62772,01	62842,92	62612,01	62719,39	LONG	0,00167	5981,87	0,00648	HOLD	98,2349	192,9565
2026-06-11	15:00	62719,39	63050	62719,38	62957,99	LONG	0,00167	5981,87	0,00648	HOLD	98,2349	193,355
2026-06-11	16:00	62958	62989,97	62790	62927,49	LONG	0,00167	5981,87	0,00648	HOLD	98,2349	193,3041
2026-06-11	17:00	62927,49	63214,97	62789,62	63148	LONG	0,00167	5981,87	0,00648	HOLD	98,2349	193,6723
2026-06-11	18:00	63148	63257,21	63040,01	63108	LONG	0,00167	5981,87	0,00648	HOLD	98,2349	193,6055
2026-06-11	19:00	63108,01	63190	62500	63010,01	LONG	0,00167	5981,87	0,00648	HOLD	98,2349	193,4419
2026-06-11	20:00	63010	63239,43	62677,84	63077,57	LONG	0,00167	5981,87	0,00648	HOLD	98,2349	193,5547
2026-06-11	21:00	63077,71	63100	62732,6	62734,02	LONG	0,00167	5981,87	0,00648	HOLD	98,2349	192,981
2026-06-11	22:00	62734,02	62887,88	62518,1	62749,44	LONG	0,00167	5981,87	0,00648	HOLD	98,2349	193,0067
2026-06-11	23:00	62749,44	62842	62548,79	62582,45	LONG	0,00167	5981,87	0,00648	HOLD	98,2349	192,7278
2026-06-12	00:00	62582,45	63655,83	62348	63644,19	LONG	0,00167	5981,87	0,00648	HOLD	98,2349	194,5009
2026-06-12	01:00	63644,18	63788	63324,35	63461,12	LONG	0,00167	5981,87	0,00648	HOLD	98,2349	194,1952
2026-06-12	02:00	63461,12	63933,02	63390	63605,68	LONG	0,00167	5981,87	0,00648	HOLD	98,2349	194,4366
2026-06-12	03:00	63605,69	63663,4	63270	63393,67	LONG	0,00167	5981,87	0,00648	HOLD	98,2349	194,0826
2026-06-12	04:00	63393,67	63599,99	63393,66	63519,99	LONG	0,00167	5981,87	0,00648	HOLD	98,2349	194,2935
2026-06-12	05:00	63519,99	63670	63462	63500,01	LONG	0,00167	5981,87	0,00648	HOLD	98,2349	194,2602
2026-06-12	06:00	63500	63700	63362	63625,99	LONG	0,00167	5981,87	0,00648	HOLD	98,2349	194,4705
2026-06-12	07:00	63626	63810,01	63520,86	63648,8	LONG	0,00167	5981,87	0,00648	HOLD	98,2349	194,5086
2026-06-12	08:00	63648,8	63648,8	63301,53	63426,2	LONG	0,00167	5981,87	0,00648	HOLD	98,2349	194,1369
2026-06-12	09:00	63426,21	63779,11	63426,2	63624,07	LONG	0,00167	5981,87	0,00648	HOLD	98,2349	194,4673
2026-06-12	10:00	63624,07	63649,99	63357,7	63524,82	LONG	0,00167	5981,87	0,00648	HOLD	98,2349	194,3016
2026-06-12	11:00	63524,81	63863,98	63426,48	63700	LONG	0,00167	5981,87	0,00648	HOLD	98,2349	194,5941
2026-06-12	12:00	63700	63721,31	63310	63358,2	LONG	0,00167	5981,87	0,00648	HOLD	98,2349	194,0233
2026-06-12	13:00	63358,2	63411,5	62829,81	62980,45	LONG	0,00167	5981,87	0,00648	HOLD	98,2349	193,3925
2026-06-12	14:00	62980,46	63211,74	62956	63100,8	LONG	0,00167	5981,87	0,00648	HOLD	98,2349	193,5935
2026-06-12	15:00	63100,8	63615,84	63100,8	63470,81	LONG	0,00167	5981,87	0,00648	HOLD	98,2349	194,2114
2026-06-12	16:00	63470,81	63953,84	63438	63752,93	LONG	0,00167	5981,87	0,00648	HOLD	98,2349	194,6825
2026-06-12	17:00	63752,93	63852	63588,34	63702,01	LONG	0,00167	5981,87	0,00648	HOLD	98,2349	194,5975
2026-06-12	18:00	63702,01	63884,49	63684,44	63766,01	LONG	0,00167	5981,87	0,00648	HOLD	98,2349	194,7044
2026-06-12	19:00	63766,01	63775	63378	63465,51	LONG	0,00167	5981,87	0,00648	HOLD	98,2349	194,2025
2026-06-12	20:00	63465,52	63532,59	63045,29	63229,1	LONG	0,00167	5981,87	0,00648	HOLD	98,2349	193,8077
2026-06-12	21:00	63229,1	64000	63190	63999,99	LONG	0,00167	5981,87	0,00648	HOLD	98,2349	195,0951
2026-06-12	22:00	63999,99	64394,44	63551,9	63593,02	LONG	0,00167	5981,87	0,00648	HOLD	98,2349	194,4155
2026-06-12	23:00	63593,02	63996	63510,16	63982,48	LONG	0,00167	5981,87	0,00648	HOLD	98,2349	195,0659
2026-06-13	00:00	63982,48	64111,1	63745,99	63865,44	LONG	0,00167	5981,87	0,00648	HOLD	98,2349	194,8704
2026-06-13	01:00	63865,45	63934,34	63686	63694	LONG	0,00167	5981,87	0,00648	HOLD	98,2349	194,5841
2026-06-13	02:00	63694,01	63830,93	63589,27	63589,27	LONG	0,00167	5981,87	0,00648	HOLD	98,2349	194,4092
2026-06-13	03:00	63589,28	63696,41	63400	63449	LONG	0,00167	5981,87	0,00648	HOLD	98,2349	194,175
2026-06-13	04:00	63449,01	63624,62	63440,01	63472	LONG	0,00167	5981,87	0,00648	HOLD	98,2349	194,2134
2026-06-13	05:00	63471,99	63658	63471,99	63502	LONG	0,00167	5981,87	0,00648	HOLD	98,2349	194,2635
2026-06-13	06:00	63502	63580,01	63426,83	63580,01	LONG	0,00167	5981,87	0,00648	HOLD	98,2349	194,3938
2026-06-13	07:00	63580	63652,11	63507,39	63600,01	LONG	0,00167	5981,87	0,00648	HOLD	98,2349	194,4272
2026-06-13	08:00	63600,01	63840	63600,01	63837,89	LONG	0,00167	5981,87	0,00648	HOLD	98,2349	194,8244
2026-06-13	09:00	63837,88	63837,89	63558	63646,01	LONG	0,00167	5981,87	0,00648	HOLD	98,2349	194,504
2026-06-13	10:00	63646,01	63720,88	63418,66	63532	LONG	0,00167	5981,87	0,00648	HOLD	98,2349	194,3136
2026-06-13	11:00	63532	63663,91	63484	63512,01	LONG	0,00167	5981,87	0,00648	HOLD	98,2349	194,2802
2026-06-13	12:00	63512,01	63596	63493,16	63584,03	LONG	0,00167	5981,87	0,00648	HOLD	98,2349	194,4005
2026-06-13	13:00	63584,03	63740	63550,51	63735,74	LONG	0,00167	5981,87	0,00648	HOLD	98,2349	194,6538
2026-06-13	14:00	63736	63883,47	63674,98	63846	LONG	0,00167	5981,87	0,00648	HOLD	98,2349	194,838
2026-06-13	15:00	63845,99	63910	63766,18	63806	LONG	0,00167	5981,87	0,00648	HOLD	98,2349	194,7712
2026-06-13	16:00	63806	63867,65	63742,57	63743,12	LONG	0,00167	5981,87	0,00648	HOLD	98,2349	194,6662
2026-06-13	17:00	63743,13	63908,48	63726,57	63843,01	LONG	0,00167	5981,87	0,00648	HOLD	98,2349	194,833
2026-06-13	18:00	63843,01	63984,53	63843,01	63971,28	LONG	0,00167	5981,87	0,00648	HOLD	98,2349	195,0472
2026-06-13	19:00	63971,28	64214	63921,33	64133,12	LONG	0,00167	5981,87	0,00648	HOLD	98,2349	195,3175
2026-06-13	20:00	64133,12	64245,88	64060	64102,69	LONG	0,00167	5981,87	0,00648	HOLD	98,2349	195,2666
2026-06-13	21:00	64102,61	64233,73	64090,09	64220,97	LONG	0,00167	5981,87	0,00648	HOLD	98,2349	195,4642
2026-06-13	22:00	64220,96	64350	64186,97	64296,15	LONG	0,00167	5981,87	0,00648	HOLD	98,2349	195,5897
2026-06-13	23:00	64296,15	64307,52	63920,05	64029,17	LONG	0,00167	5981,87	0,00648	HOLD	98,2349	195,1439
2026-06-14	00:00	64029,17	64120	63944	63971,19	LONG	0,00167	5981,87	0,00648	HOLD	98,2349	195,047
2026-06-14	01:00	63971,2	64282,19	63971,19	64161,46	LONG	0,00167	5981,87	0,00648	HOLD	98,2349	195,3648
2026-06-14	02:00	64161,46	64333,62	64152	64296,59	LONG	0,00167	5981,87	0,00648	HOLD	98,2349	195,5904
2026-06-14	03:00	64296,59	64296,6	64226,83	64278,31	LONG	0,00167	5981,87	0,00648	HOLD	98,2349	195,5599
2026-06-14	04:00	64278,31	64762,77	64226,38	64471,04	LONG	0,00167	5981,87	0,00648	HOLD	98,2349	195,8818
2026-06-14	05:00	64471,04	64556	64383,61	64456,47	LONG	0,00167	5981,87	0,00648	HOLD	98,2349	195,8574
2026-06-14	06:00	64456,46	64596,99	64382,42	64458,01	LONG	0,00167	5981,87	0,00648	HOLD	98,2349	195,86
2026-06-14	07:00	64458,01	64579,03	64380,7	64565	LONG	0,00167	5981,87	0,00648	HOLD	98,2349	196,0387
2026-06-14	08:00	64565,01	64710	64507,25	64563	LONG	0,00167	5981,87	0,00648	HOLD	98,2349	196,0354
2026-06-14	09:00	64563	64636	64476,01	64490,01	LONG	0,00167	5981,87	0,00648	HOLD	98,2349	195,9135
2026-06-14	10:00	64490,01	64545,4	64466	64545,3	LONG	0,00167	5981,87	0,00648	HOLD	98,2349	196,0058
2026-06-14	11:00	64545,3	64563,48	64325,61	64339,07	LONG	0,00167	5981,87	0,00648	HOLD	98,2349	195,6614
2026-06-14	12:00	64339,07	64411,2	64293,41	64338	LONG	0,00167	5981,87	0,00648	HOLD	98,2349	195,6596
2026-06-14	13:00	64338	64487,8	64232,12	64286,1	LONG	0,00167	5981,87	0,00648	HOLD	98,2349	195,5729
2026-06-14	14:00	64286,1	64445,95	64214	64429,39	LONG	0,00167	5981,87	0,00648	HOLD	98,2349	195,8122
2026-06-14	15:00	64429,39	64513,82	64392	64456,33	LONG	0,00167	5981,87	0,00648	HOLD	98,2349	195,8572
2026-06-14	16:00	64456,33	64617,99	64321,18	64616	LONG	0,00167	5981,87	0,00648	HOLD	98,2349	196,1239
2026-06-14	17:00	64616	64664	64498,01	64521,13	LONG	0,00167	5981,87	0,00648	HOLD	98,2349	195,9654
2026-06-14	18:00	64521,13	64641,9	64460	64546	LONG	0,00167	5981,87	0,00648	HOLD	98,2349	196,007
2026-06-14	19:00	64546,01	64560,66	64295,06	64327,53	LONG	0,00167	5981,87	0,00648	HOLD	98,2349	195,6421
2026-06-14	20:00	64327,54	64398,14	64244	64317,99	LONG	0,00167	5981,87	0,00648	HOLD	98,2349	195,6262
2026-06-14	21:00	64318	64341,43	63866,66	63983,55	LONG	0,00167	5981,87	0,00648	HOLD	98,2349	195,0677
2026-06-14	22:00	63983,56	64153,75	63980,35	64025,07	LONG	0,00167	5981,87	0,00648	HOLD	98,2349	195,137
2026-06-14	23:00	64025,06	64208,92	63936	63942,63	LONG	0,00167	5981,87	0,00648	HOLD	98,2349	194,9993
2026-06-15	00:00	63942,63	64019,38	63694,11	63732,64	LONG	0,00167	5981,87	0,00648	HOLD	98,2349	194,6487
2026-06-15	01:00	63732,65	63813,3	63678,83	63813,3	LONG	0,00167	5981,87	0,00648	HOLD	98,2349	194,7834
2026-06-15	02:00	63813,3	63861,86	63734,71	63802	LONG	0,00167	5981,87	0,00648	HOLD	98,2349	194,7645
2026-06-15	03:00	63801,99	64092,4	63794,09	64008,64	LONG	0,00167	5981,87	0,00648	HOLD	98,2349	195,1096
2026-06-15	04:00	64008,64	65666	64007,24	65311,59	LONG	0,00167	5981,87	0,00648	HOLD	98,2349	197,2855
2026-06-15	05:00	65311,59	65580	64946,12	65426,78	LONG	0,00167	5981,87	0,00648	HOLD	98,2349	197,4779
2026-06-15	06:00	65426,78	65800	65256,21	65746,45	LONG	0,00167	5981,87	0,00648	HOLD	98,2349	198,0117
2026-06-15	07:00	65746,45	65923	65480,69	65625,99	LONG	0,00167	5981,87	0,00648	HOLD	98,2349	197,8105
2026-06-15	08:00	65626	65734,87	65354	65525	LONG	0,00167	5981,87	0,00648	HOLD	98,2349	197,6419
2026-06-15	09:00	65525,01	65775,15	65415,02	65472,01	LONG	0,00167	5981,87	0,00648	HOLD	98,2349	197,5534
2026-06-15	10:00	65472,01	65995	65422,83	65927,1	LONG	0,00167	5981,87	0,00648	HOLD	98,2349	198,3134
2026-06-15	11:00	65927,11	65927,11	65633,28	65644,01	LONG	0,00167	5981,87	0,00648	HOLD	98,2349	197,8406
2026-06-15	12:00	65644	65872	65611,01	65858,01	LONG	0,00167	5981,87	0,00648	HOLD	98,2349	198,198
2026-06-15	13:00	65858	65967,27	65775,45	65812,01	LONG	0,00167	5981,87	0,00648	HOLD	98,2349	198,1212
2026-06-15	14:00	65812,01	66000	65628,45	65674,76	LONG	0,00167	5981,87	0,00648	HOLD	98,2349	197,892
2026-06-15	15:00	65674,76	65800	65620	65662,01	LONG	0,00167	5981,87	0,00648	HOLD	98,2349	197,8707
2026-06-15	16:00	65662	65779,5	65512	65596,86	LONG	0,00167	5981,87	0,00648	HOLD	98,2349	197,7619
2026-06-15	17:00	65596,86	65973,15	65584,37	65917,37	LONG	0,00167	5981,87	0,00648	HOLD	98,2349	198,2972
2026-06-15	18:00	65917,37	66385,12	65832,78	66233,9	LONG	0,00167	5981,87	0,00648	HOLD	98,2349	198,8258
2026-06-15	19:00	66233,89	66600,91	66106	66563,49	LONG	0,00167	5981,87	0,00648	HOLD	98,2349	199,3762
2026-06-15	20:00	66563,48	66949,22	66412	66447,05	LONG	0,00167	5981,87	0,00648	HOLD	98,2349	199,1817
2026-06-15	21:00	66447,06	66675,83	66251,58	66591,55	LONG	0,00167	5981,87	0,00648	HOLD	98,2349	199,423
2026-06-15	22:00	66591,54	67292,15	66580,42	67292,14	LONG	0,00167	5981,87	0,00648	HOLD	98,2349	200,593
2026-06-15	23:00	67292,15	67292,15	67088,83	67157,99	LONG	0,00167	5981,87	0,00648	HOLD	98,2349	200,369
2026-06-16	00:00	67158	67158	66585,26	66851,79	LONG	0,00167	5981,87	0,00648	HOLD	98,2349	199,8576
2026-06-16	01:00	66851,8	66933,86	66715,61	66766,12	LONG	0,00167	5981,87	0,00648	HOLD	98,2349	199,7146
2026-06-16	02:00	66766,13	66889,85	66348	66614,35	LONG	0,00167	5981,87	0,00648	HOLD	98,2349	199,4611
2026-06-16	03:00	66615,98	66681,3	66489,86	66519,98	LONG	0,00167	5981,87	0,00648	HOLD	98,2349	199,3035
2026-06-16	04:00	66519,99	66567,38	66314,34	66368,15	LONG	0,00167	5981,87	0,00648	HOLD	98,2349	199,05
2026-06-16	05:00	66368,15	66476,64	66076,56	66206,34	LONG	0,00167	5981,87	0,00648	HOLD	98,2349	198,7797
2026-06-16	06:00	66206,34	66368	66116,59	66328,74	LONG	0,00167	5981,87	0,00648	HOLD	98,2349	198,9841
2026-06-16	07:00	66328,74	66463,26	66242	66250	LONG	0,00167	5981,87	0,00648	HOLD	98,2349	198,8526
2026-06-16	08:00	66250	66418,01	66248,93	66346,52	LONG	0,00167	5981,87	0,00648	HOLD	98,2349	199,0138
2026-06-16	09:00	66346,51	66367,69	65678,14	65741,99	LONG	0,00167	5981,87	0,00648	HOLD	98,2349	198,0043
2026-06-16	10:00	65742	66166,61	65650	66165,21	LONG	0,00167	5981,87	0,00648	HOLD	98,2349	198,711
2026-06-16	11:00	66165,21	66301,83	65802	65840,09	LONG	0,00167	5981,87	0,00648	HOLD	98,2349	198,1681
2026-06-16	12:00	65840,1	66150,22	65840,09	66045	LONG	0,00167	5981,87	0,00648	HOLD	98,2349	198,5103
2026-06-16	13:00	66044,99	66572,99	66044,99	66446	LONG	0,00167	5981,87	0,00648	HOLD	98,2349	199,18
2026-06-16	14:00	66446,01	66527,23	66300,1	66372	LONG	0,00167	5981,87	0,00648	HOLD	98,2349	199,0564
2026-06-16	15:00	66372	66992	66345,06	66899,61	LONG	0,00167	5981,87	0,00648	HOLD	98,2349	199,9375
2026-06-16	16:00	66899,61	66923,99	66474,74	66510	LONG	0,00167	5981,87	0,00648	HOLD	98,2349	199,2868
2026-06-16	17:00	66510,01	66778	66486,38	66514	LONG	0,00167	5981,87	0,00648	HOLD	98,2349	199,2935
2026-06-16	18:00	66514,01	66643,23	66368,36	66481,73	LONG	0,00167	5981,87	0,00648	HOLD	98,2349	199,2396
2026-06-16	19:00	66481,73	66818	66368	66429,83	LONG	0,00167	5981,87	0,00648	HOLD	98,2349	199,153
2026-06-16	20:00	66429,84	66463,13	65928,16	66052	LONG	0,00167	5981,87	0,00648	HOLD	98,2349	198,522
2026-06-16	21:00	66052,01	66265,8	65360,92	65654,9	LONG	0,00167	5981,87	0,00648	HOLD	98,2349	197,8588
2026-06-16	22:00	65654,9	65999,78	65614,3	65859,76	LONG	0,00167	5981,87	0,00648	HOLD	98,2349	198,2009
2026-06-16	23:00	65859,76	65953,97	65706	65758,07	LONG	0,00167	5981,87	0,00648	HOLD	98,2349	198,0311
2026-06-17	00:00	65758,07	66011,47	65710,34	65978,79	LONG	0,00167	5981,87	0,00648	HOLD	98,2349	198,3997
2026-06-17	01:00	65978,78	66248,69	65802	65847,99	LONG	0,00167	5981,87	0,00648	HOLD	98,2349	198,1813
2026-06-17	02:00	65848	65848	65560	65675,88	LONG	0,00167	5981,87	0,00648	HOLD	98,2349	197,8939
2026-06-17	03:00	65675,89	65865,92	65592	65854	LONG	0,00167	5981,87	0,00648	HOLD	98,2349	198,1913
2026-06-17	04:00	65854	65938	65654,9	65776,97	LONG	0,00167	5981,87	0,00648	HOLD	98,2349	198,0627
2026-06-17	05:00	65776,97	65882	65680	65780	LONG	0,00167	5981,87	0,00648	HOLD	98,2349	198,0677
2026-06-17	06:00	65780,01	65834,19	65626,9	65675,01	LONG	0,00167	5981,87	0,00648	HOLD	98,2349	197,8924
2026-06-17	07:00	65675,02	65848	65675,02	65700	LONG	0,00167	5981,87	0,00648	HOLD	98,2349	197,9341
2026-06-17	08:00	65700	65956,56	65477,5	65940	LONG	0,00167	5981,87	0,00648	HOLD	98,2349	198,3349
2026-06-17	09:00	65940	66200	65788	65904	LONG	0,00167	5981,87	0,00648	HOLD	98,2349	198,2748
2026-06-17	10:00	65903,99	65904	65703,45	65851,99	LONG	0,00167	5981,87	0,00648	HOLD	98,2349	198,188
2026-06-17	11:00	65852	66048,19	65788,31	65892	LONG	0,00167	5981,87	0,00648	HOLD	98,2349	198,2548
2026-06-17	12:00	65892,01	65978	65746,51	65836,3	LONG	0,00167	5981,87	0,00648	HOLD	98,2349	198,1618
2026-06-17	13:00	65836,3	65896,45	65582,63	65624	LONG	0,00167	5981,87	0,00648	HOLD	98,2349	197,8072
2026-06-17	14:00	65624,01	65710	65251	65539,5	LONG	0,00167	5981,87	0,00648	HOLD	98,2349	197,6661
2026-06-17	15:00	65539,51	65574	64833,07	64926,02	LONG	0,00167	5981,87	0,00648	HOLD	98,2349	196,6416
2026-06-17	16:00	64926,02	65076,76	64842,01	64909,44	LONG	0,00167	5981,87	0,00648	HOLD	98,2349	196,6139
2026-06-17	17:00	64909,44	64993,97	64768	64798	LONG	0,00167	5981,87	0,00648	HOLD	98,2349	196,4278
2026-06-17	18:00	64798	64868,21	64565	64810,01	LONG	0,00167	5981,87	0,00648	HOLD	98,2349	196,4479
2026-06-17	19:00	64810,01	65108	64590,53	65040,88	LONG	0,00167	5981,87	0,00648	HOLD	98,2349	196,8334
2026-06-17	20:00	65040,88	65369,53	64850	65278	LONG	0,00167	5981,87	0,00648	HOLD	98,2349	197,2294
2026-06-17	21:00	65278	65461,38	64772,72	65101,45	LONG	0,00167	5981,87	0,00648	HOLD	98,2349	196,9346
2026-06-17	22:00	65101,45	65855,66	64987,74	65752	LONG	0,00167	5981,87	0,00648	HOLD	98,2349	198,021
2026-06-17	23:00	65751,99	66445,93	65722	65864,12	LONG	0,00167	5981,87	0,00648	HOLD	98,2349	198,2082
2026-06-18	00:00	65864,13	66191,98	65800	66104,08	LONG	0,00167	5981,87	0,00648	HOLD	98,2349	198,609
2026-06-18	01:00	66107,99	66107,99	64800	65516	LONG	0,00167	5981,87	0,00648	HOLD	98,2349	197,6269
2026-06-18	02:00	65516	65666	63998,35	64301,85	LONG	0,00167	5981,87	0,00648	HOLD	98,2349	195,5992
2026-06-18	03:00	64301,85	64488,96	64181,33	64434,36	LONG	0,00167	5981,87	0,00648	HOLD	98,2349	195,8205
2026-06-18	04:00	64434,36	64452	64142	64257,77	LONG	0,00167	5981,87	0,00648	HOLD	98,2349	195,5256
2026-06-18	05:00	64257,77	64434,84	63915,77	64300,01	LONG	0,00167	5981,87	0,00648	HOLD	98,2349	195,5962
2026-06-18	06:00	64300,01	64529,2	64248	64509,4	LONG	0,00167	5981,87	0,00648	HOLD	98,2349	195,9458
2026-06-18	07:00	64509,4	64702	64457,67	64468,01	LONG	0,00167	5981,87	0,00648	HOLD	98,2349	195,8767
2026-06-18	08:00	64468,01	64806	64466,3	64548,74	LONG	0,00167	5981,87	0,00648	HOLD	98,2349	196,0115
2026-06-18	09:00	64548,75	64776,66	64488	64689,5	LONG	0,00167	5981,87	0,00648	HOLD	98,2349	196,2466
2026-06-18	10:00	64689,5	64689,5	64267,86	64282,82	LONG	0,00167	5981,87	0,00648	HOLD	98,2349	195,5675
2026-06-18	11:00	64282,82	64347,09	63826,93	63883,41	LONG	0,00167	5981,87	0,00648	HOLD	98,2349	194,9004
2026-06-18	12:00	63883,26	64020	63696,29	63994	LONG	0,00167	5981,87	0,00648	HOLD	98,2349	195,0851
2026-06-18	13:00	63994	64134,33	63850	64083,41	LONG	0,00167	5981,87	0,00648	HOLD	98,2349	195,2344
2026-06-18	14:00	64084	64510,5	64015,42	64510,44	LONG	0,00167	5981,87	0,00648	HOLD	98,2349	195,9476
2026-06-18	15:00	64510,45	64646,75	64378,25	64399,92	LONG	0,00167	5981,87	0,00648	HOLD	98,2349	195,763
2026-06-18	16:00	64399,93	64478	64196,14	64199,53	LONG	0,00167	5981,87	0,00648	HOLD	98,2349	195,4284
2026-06-18	17:00	64199,53	64223,79	63910	64078,61	LONG	0,00167	5981,87	0,00648	HOLD	98,2349	195,2264
2026-06-18	18:00	64078,61	64196	63878,14	63974,4	LONG	0,00167	5981,87	0,00648	HOLD	98,2349	195,0524
2026-06-18	19:00	63974,4	64402,01	63922	64378,07	LONG	0,00167	5981,87	0,00648	HOLD	98,2349	195,7265
2026-06-18	20:00	64378,06	64445,19	63800	63984	LONG	0,00167	5981,87	0,00648	HOLD	98,2349	195,0684
2026-06-18	21:00	63983,99	64203,66	63587,3	63816,61	LONG	0,00167	5981,87	0,00648	HOLD	98,2349	194,7889
2026-06-18	22:00	63816,61	63825,99	62293,76	62369,44	LONG	0,00167	5981,87	0,00648	HOLD	98,2349	192,3721
2026-06-18	23:00	62369,43	62814	62349,42	62688	LONG	0,00167	5981,87	0,00648	HOLD	98,2349	192,9041
2026-06-19	00:00	62688	62750	62272,07	62606	LONG	0,00167	5981,87	0,00648	HOLD	98,2349	192,7672
2026-06-19	01:00	62606	62959,75	62580,01	62708,92	LONG	0,00167	5981,87	0,00648	HOLD	98,2349	192,939
2026-06-19	02:00	62708,93	63008,33	62636	62950,79	LONG	0,00167	5981,87	0,00648	HOLD	98,2349	193,343
2026-06-19	03:00	62950,79	63274,19	62950,79	63086	LONG	0,00167	5981,87	0,00648	HOLD	98,2349	193,5688
2026-06-19	04:00	63086	63121,81	62870,39	62971,32	LONG	0,00167	5981,87	0,00648	HOLD	98,2349	193,3772
2026-06-19	05:00	62971,32	62990	62742	62885,85	LONG	0,00167	5981,87	0,00648	HOLD	98,2349	193,2345
2026-06-19	06:00	62885,84	62985,12	62756,6	62958,01	LONG	0,00167	5981,87	0,00648	HOLD	98,2349	193,355
2026-06-19	07:00	62958,01	63086	62840	63020	LONG	0,00167	5981,87	0,00648	HOLD	98,2349	193,4585
2026-06-19	08:00	63020	63100	62852,01	63021,86	LONG	0,00167	5981,87	0,00648	HOLD	98,2349	193,4616
2026-06-19	09:00	63021,86	63110,29	62893,71	63006	LONG	0,00167	5981,87	0,00648	HOLD	98,2349	193,4352
2026-06-19	10:00	63006,01	63029,64	62386,9	62773,51	LONG	0,00167	5981,87	0,00648	HOLD	98,2349	193,0469
2026-06-19	11:00	62773,52	62916,66	62409,55	62452,01	LONG	0,00167	5981,87	0,00648	HOLD	98,2349	192,51
2026-06-19	12:00	62452,01	62744,92	62452	62739,2	LONG	0,00167	5981,87	0,00648	HOLD	98,2349	192,9896
2026-06-19	13:00	62739,2	62914,73	62728	62894,08	LONG	0,00167	5981,87	0,00648	HOLD	98,2349	193,2483
2026-06-19	14:00	62894,09	62917,32	62504,27	62629,99	LONG	0,00167	5981,87	0,00648	HOLD	98,2349	192,8072
2026-06-19	15:00	62630	62782	62533,33	62603,99	LONG	0,00167	5981,87	0,00648	HOLD	98,2349	192,7638
2026-06-19	16:00	62604	62654	62316,44	62390	LONG	0,00167	5981,87	0,00648	HOLD	98,2349	192,4064
2026-06-19	17:00	62390,01	62587,27	62383,76	62533,25	LONG	0,00167	5981,87	0,00648	HOLD	98,2349	192,6457
2026-06-19	18:00	62533,24	62684	62452,52	62626	LONG	0,00167	5981,87	0,00648	HOLD	98,2349	192,8006
2026-06-19	19:00	62626	62872,99	62353	62830,01	LONG	0,00167	5981,87	0,00648	HOLD	98,2349	193,1413
2026-06-19	20:00	62830,01	63415	62666	63210	LONG	0,00167	5981,87	0,00648	HOLD	98,2349	193,7758
2026-06-19	21:00	63210	63419,27	63010	63203,53	LONG	0,00167	5981,87	0,00648	HOLD	98,2349	193,765
2026-06-19	22:00	63203,54	63283,86	63019,26	63214,01	LONG	0,00167	5981,87	0,00648	HOLD	98,2349	193,7825
2026-06-19	23:00	63214,01	63387,8	62918,98	62971,99	LONG	0,00167	5981,87	0,00648	HOLD	98,2349	193,3784
2026-06-20	00:00	62972	63263,49	62866,99	63198,01	LONG	0,00167	5981,87	0,00648	HOLD	98,2349	193,7558
2026-06-20	01:00	63198	63201,95	62991,37	63110,01	LONG	0,00167	5981,87	0,00648	HOLD	98,2349	193,6089
2026-06-20	02:00	63110,01	63140	62942	63021,6	LONG	0,00167	5981,87	0,00648	HOLD	98,2349	193,4612
2026-06-20	03:00	63021,6	63274	62958,59	63250,01	LONG	0,00167	5981,87	0,00648	HOLD	98,2349	193,8427
2026-06-20	04:00	63250,01	63275,64	63060	63075,98	LONG	0,00167	5981,87	0,00648	HOLD	98,2349	193,552
2026-06-20	05:00	63075,99	63369,48	63048	63315,28	LONG	0,00167	5981,87	0,00648	HOLD	98,2349	193,9517
2026-06-20	06:00	63315,29	63666	63276	63543,91	LONG	0,00167	5981,87	0,00648	HOLD	98,2349	194,3335
2026-06-20	07:00	63543,9	63777	63470	63530,01	LONG	0,00167	5981,87	0,00648	HOLD	98,2349	194,3103
2026-06-20	08:00	63530,01	63616,23	63404	63586,28	LONG	0,00167	5981,87	0,00648	HOLD	98,2349	194,4042
2026-06-20	09:00	63586,27	63586,27	63336,01	63340,57	LONG	0,00167	5981,87	0,00648	HOLD	98,2349	193,9939
2026-06-20	10:00	63340,58	63510	63320,14	63476,79	LONG	0,00167	5981,87	0,00648	HOLD	98,2349	194,2214
2026-06-20	11:00	63476,79	63613,59	63402	63583,53	LONG	0,00167	5981,87	0,00648	HOLD	98,2349	194,3996
2026-06-20	12:00	63583,53	63907,07	63543,46	63678,07	LONG	0,00167	5981,87	0,00648	HOLD	98,2349	194,5575
2026-06-20	13:00	63678,07	63761,99	63640,36	63744,61	LONG	0,00167	5981,87	0,00648	HOLD	98,2349	194,6686
2026-06-20	14:00	63744,61	63800	63594,37	63655,21	LONG	0,00167	5981,87	0,00648	HOLD	98,2349	194,5193
2026-06-20	15:00	63655,21	63664,39	63392,41	63417,97	LONG	0,00167	5981,87	0,00648	HOLD	98,2349	194,1232
2026-06-20	16:00	63417,98	63787,74	63417,98	63741,16	LONG	0,00167	5981,87	0,00648	HOLD	98,2349	194,6629
2026-06-20	17:00	63741,16	63777,5	63592,44	63674,7	LONG	0,00167	5981,87	0,00648	HOLD	98,2349	194,5519
2026-06-20	18:00	63674,71	63798,76	63620,74	63688	LONG	0,00167	5981,87	0,00648	HOLD	98,2349	194,5741
2026-06-20	19:00	63688	63785,76	63537,99	63655,09	LONG	0,00167	5981,87	0,00648	HOLD	98,2349	194,5191
2026-06-20	20:00	63655,1	63655,1	63278	63397,78	LONG	0,00167	5981,87	0,00648	HOLD	98,2349	194,0894
2026-06-20	21:00	63397,77	64150	63184,21	63949,9	LONG	0,00167	5981,87	0,00648	HOLD	98,2349	195,0115
2026-06-20	22:00	63949,9	64388	63836	64160,04	LONG	0,00167	5981,87	0,00648	HOLD	98,2349	195,3624
2026-06-20	23:00	64160,04	64167,26	63902,58	64034,31	LONG	0,00167	5981,87	0,00648	HOLD	98,2349	195,1524
2026-06-21	00:00	64034,31	64041,07	63730,21	63834,7	LONG	0,00167	5981,87	0,00648	HOLD	98,2349	194,8191
2026-06-21	01:00	63834,7	63928,4	63788	63805,89	LONG	0,00167	5981,87	0,00648	HOLD	98,2349	194,771
2026-06-21	02:00	63805,9	63968	63798	63936	LONG	0,00167	5981,87	0,00648	HOLD	98,2349	194,9883
2026-06-21	03:00	63935,99	63981,09	63853,31	63925,99	LONG	0,00167	5981,87	0,00648	HOLD	98,2349	194,9715
2026-06-21	04:00	63926	64092,91	63918,29	64012,4	LONG	0,00167	5981,87	0,00648	HOLD	98,2349	195,1159
2026-06-21	05:00	64012,39	64350	63978,12	64272,01	LONG	0,00167	5981,87	0,00648	HOLD	98,2349	195,5494
2026-06-21	06:00	64272	64336,91	64250,02	64298,01	LONG	0,00167	5981,87	0,00648	HOLD	98,2349	195,5928
2026-06-21	07:00	64298,01	64322,91	64237,31	64294	LONG	0,00167	5981,87	0,00648	HOLD	98,2349	195,5861
2026-06-21	08:00	64294	64323,68	64206,17	64248	LONG	0,00167	5981,87	0,00648	HOLD	98,2349	195,5093
2026-06-21	09:00	64248	64275,12	64216,05	64241,25	LONG	0,00167	5981,87	0,00648	HOLD	98,2349	195,498
2026-06-21	10:00	64241,26	64472,99	64234	64426	LONG	0,00167	5981,87	0,00648	HOLD	98,2349	195,8066
2026-06-21	11:00	64426	64588	64269,45	64276,12	LONG	0,00167	5981,87	0,00648	HOLD	98,2349	195,5563
2026-06-21	12:00	64276,12	64365,43	64225,6	64256,55	LONG	0,00167	5981,87	0,00648	HOLD	98,2349	195,5236
2026-06-21	13:00	64256,56	64323,99	64200	64303,46	LONG	0,00167	5981,87	0,00648	HOLD	98,2349	195,6019
2026-06-21	14:00	64303,47	64303,47	64173,08	64191,07	LONG	0,00167	5981,87	0,00648	HOLD	98,2349	195,4142
2026-06-21	15:00	64191,06	64228	63900,17	64014	LONG	0,00167	5981,87	0,00648	HOLD	98,2349	195,1185
2026-06-21	16:00	64014	64246	63961,28	64209,16	LONG	0,00167	5981,87	0,00648	HOLD	98,2349	195,4444
2026-06-21	17:00	64209,16	64408	64204	64365,99	LONG	0,00167	5981,87	0,00648	HOLD	98,2349	195,7063
2026-06-21	18:00	64366	64483,95	64112,01	64176	LONG	0,00167	5981,87	0,00648	HOLD	98,2349	195,3891
2026-06-21	19:00	64176	64235,13	63952	64200	LONG	0,00167	5981,87	0,00648	HOLD	98,2349	195,4291
2026-06-21	20:00	64200	64200	64020,01	64146	LONG	0,00167	5981,87	0,00648	HOLD	98,2349	195,339
2026-06-21	21:00	64146	64154	64004	64145,97	LONG	0,00167	5981,87	0,00648	HOLD	98,2349	195,3389
2026-06-21	22:00	64145,97	64355,88	64120	64224	LONG	0,00167	5981,87	0,00648	HOLD	98,2349	195,4692
2026-06-21	23:00	64224	64254,38	64046	64145,31	LONG	0,00167	5981,87	0,00648	HOLD	98,2349	195,3378
2026-06-22	00:00	64145,32	64221,44	64080	64151,46	LONG	0,00167	5981,87	0,00648	HOLD	98,2349	195,3481
2026-06-22	01:00	64151,47	64240	63933,47	64213,81	LONG	0,00167	5981,87	0,00648	HOLD	98,2349	195,4522
2026-06-22	02:00	64213,82	64298,84	64168,73	64207,12	LONG	0,00167	5981,87	0,00648	HOLD	98,2349	195,441
2026-06-22	03:00	64207,13	64271,21	63700	63848	LONG	0,00167	5981,87	0,00648	HOLD	98,2349	194,8413
2026-06-22	04:00	63848	63969,59	63510	63808,01	LONG	0,00167	5981,87	0,00648	HOLD	98,2349	194,7745
2026-06-22	05:00	63808	63864	63575,04	63801,59	LONG	0,00167	5981,87	0,00648	HOLD	98,2349	194,7638
2026-06-22	06:00	63801,6	63801,6	63270	63311,99	LONG	0,00167	5981,87	0,00648	HOLD	98,2349	193,9462
2026-06-22	07:00	63312	64094	63312	63896,01	LONG	0,00167	5981,87	0,00648	HOLD	98,2349	194,9215
2026-06-22	08:00	63896	64823,52	63850,8	64606	LONG	0,00167	5981,87	0,00648	HOLD	98,2349	196,1072
2026-06-22	09:00	64606	64663,99	64250	64257,99	LONG	0,00167	5981,87	0,00648	HOLD	98,2349	195,526
2026-06-22	10:00	64258	64459,44	63894,98	63974,01	LONG	0,00167	5981,87	0,00648	HOLD	98,2349	195,0517
2026-06-22	11:00	63974,01	64116,44	63868,41	64100,02	LONG	0,00167	5981,87	0,00648	HOLD	98,2349	195,2622
2026-06-22	12:00	64100,01	64344,17	64088,64	64247,74	LONG	0,00167	5981,87	0,00648	HOLD	98,2349	195,5089
2026-06-22	13:00	64247,74	64326	63946	63989,95	LONG	0,00167	5981,87	0,00648	HOLD	98,2349	195,0784
2026-06-22	14:00	63989,96	64397,57	63968,23	64211,19	LONG	0,00167	5981,87	0,00648	HOLD	98,2349	195,4478
2026-06-22	15:00	64211,2	64350,58	64044	64165,99	LONG	0,00167	5981,87	0,00648	HOLD	98,2349	195,3723
2026-06-22	16:00	64166	64256,2	64052,17	64145,39	LONG	0,00167	5981,87	0,00648	HOLD	98,2349	195,3379
2026-06-22	17:00	64145,4	64272	64065,18	64139,21	LONG	0,00167	5981,87	0,00648	HOLD	98,2349	195,3276
2026-06-22	18:00	64139,21	64768,46	64097,08	64657,22	LONG	0,00167	5981,87	0,00648	HOLD	98,2349	196,1927
2026-06-22	19:00	64657,22	65222,45	64579,08	65149,57	LONG	0,00167	5981,87	0,00648	HOLD	98,2349	197,0149
2026-06-22	20:00	65149,58	65589,76	64945,53	65578	LONG	0,00167	5981,87	0,00648	HOLD	98,2349	197,7304
2026-06-22	21:00	65577,99	65622,83	64835	64980,39	LONG	0,00167	5981,87	0,00648	HOLD	98,2349	196,7324
2026-06-22	22:00	64980,39	65146	64757,11	64836,95	LONG	0,00167	5981,87	0,00648	HOLD	98,2349	196,4928
2026-06-22	23:00	64836,95	64862	64519	64719,77	LONG	0,00167	5981,87	0,00648	HOLD	98,2349	196,2972
2026-06-23	00:00	64719,77	64769,98	64388,16	64602	LONG	0,00167	5981,87	0,00648	HOLD	98,2349	196,1005
2026-06-23	01:00	64602	64730,15	64311	64334,01	LONG	0,00167	5981,87	0,00648	HOLD	98,2349	195,6529
2026-06-23	02:00	64334,01	64499,28	64276	64472	LONG	0,00167	5981,87	0,00648	HOLD	98,2349	195,8834
2026-06-23	03:00	64472,51	64659,43	64356,95	64433,8	LONG	0,00167	5981,87	0,00648	HOLD	98,2349	195,8196
2026-06-23	04:00	64433,8	64480	64134,39	64320,57	LONG	0,00167	5981,87	0,00648	HOLD	98,2349	195,6305
2026-06-23	05:00	64320,57	64396,45	63804,59	63971,12	LONG	0,00167	5981,87	0,00648	HOLD	98,2349	195,0469
2026-06-23	06:00	63971,13	64053,33	63877,61	64020,01	LONG	0,00167	5981,87	0,00648	HOLD	98,2349	195,1286
2026-06-23	07:00	64020,01	64162,02	63828,93	64154,99	LONG	0,00167	5981,87	0,00648	HOLD	98,2349	195,354
2026-06-23	08:00	64154,99	64273,09	63893,33	64156	LONG	0,00167	5981,87	0,00648	HOLD	98,2349	195,3557
2026-06-23	09:00	64156	64275,38	64042,01	64204,01	LONG	0,00167	5981,87	0,00648	HOLD	98,2349	195,4358
2026-06-23	10:00	64204,01	64204,01	63968,42	64065,35	LONG	0,00167	5981,87	0,00648	HOLD	98,2349	195,2043
2026-06-23	11:00	64065,34	64095,55	63612,62	63623,02	LONG	0,00167	5981,87	0,00648	HOLD	98,2349	194,4656
2026-06-23	12:00	63623,03	63728	63342,34	63400	LONG	0,00167	5981,87	0,00648	HOLD	98,2349	194,0931
2026-06-23	13:00	63400	63400	62568,9	62936,01	LONG	0,00167	5981,87	0,00648	HOLD	98,2349	193,3183
2026-06-23	14:00	62936,01	63095	62872	62886,03	LONG	0,00167	5981,87	0,00648	HOLD	98,2349	193,2348
2026-06-23	15:00	62886,04	62945,08	61938	62385,99	LONG	0,00167	5981,87	0,00648	HOLD	98,2349	192,3997
2026-06-23	16:00	62386	62528,13	62350,44	62386	LONG	0,00167	5981,87	0,00648	HOLD	98,2349	192,3998
2026-06-23	17:00	62386	62586	62247,2	62328,01	LONG	0,00167	5981,87	0,00648	HOLD	98,2349	192,3029
2026-06-23	18:00	62328,01	62643,99	62328	62507,06	LONG	0,00167	5981,87	0,00648	HOLD	98,2349	192,6019
2026-06-23	19:00	62507,05	62558	62189,42	62256,6	LONG	0,00167	5981,87	0,00648	HOLD	98,2349	192,1837
2026-06-23	20:00	62256,61	62538,72	61960	62475,99	LONG	0,00167	5981,87	0,00648	HOLD	98,2349	192,55
2026-06-23	21:00	62476	62855,98	62406,25	62493,63	LONG	0,00167	5981,87	0,00648	HOLD	98,2349	192,5795
2026-06-23	22:00	62493,63	62507,99	62198	62487,79	LONG	0,00167	5981,87	0,00648	HOLD	98,2349	192,5698
2026-06-23	23:00	62487,79	62846	62428,01	62558	LONG	0,00167	5981,87	0,00648	HOLD	98,2349	192,687
2026-06-24	00:00	62558	62693,48	62327,95	62358,02	LONG	0,00167	5981,87	0,00648	HOLD	98,2349	192,353
2026-06-24	01:00	62358,03	62445,21	62104,7	62241,99	LONG	0,00167	5981,87	0,00648	HOLD	98,2349	192,1593
2026-06-24	02:00	62242	62480	62230	62388,49	LONG	0,00167	5981,87	0,00648	HOLD	98,2349	192,4039
2026-06-24	03:00	62388,49	62531,27	62380,25	62470,7	LONG	0,00167	5981,87	0,00648	HOLD	98,2349	192,5412
2026-06-24	04:00	62470,7	62658,93	62470,7	62599,77	LONG	0,00167	5981,87	0,00648	HOLD	98,2349	192,7568
2026-06-24	05:00	62599,77	62779,82	62526	62590	LONG	0,00167	5981,87	0,00648	HOLD	98,2349	192,7404
2026-06-24	06:00	62590	62799,99	62480,39	62734,57	LONG	0,00167	5981,87	0,00648	HOLD	98,2349	192,9819
2026-06-24	07:00	62734,57	63024,4	62733,29	63014	LONG	0,00167	5981,87	0,00648	HOLD	98,2349	193,4485
2026-06-24	08:00	63014	63119,45	62772,15	62932,19	LONG	0,00167	5981,87	0,00648	HOLD	98,2349	193,3119
2026-06-24	09:00	62932,19	63013,12	62606,09	62630	LONG	0,00167	5981,87	0,00648	HOLD	98,2349	192,8072
2026-06-24	10:00	62630,01	62830	62461,87	62729,78	LONG	0,00167	5981,87	0,00648	HOLD	98,2349	192,9739
2026-06-24	11:00	62729,78	62799,62	62525,49	62744,42	LONG	0,00167	5981,87	0,00648	HOLD	98,2349	192,9983
2026-06-24	12:00	62744,41	63073,44	62706	62890	LONG	0,00167	5981,87	0,00648	HOLD	98,2349	193,2414
2026-06-24	13:00	62889,99	62909,98	62728,73	62780	LONG	0,00167	5981,87	0,00648	HOLD	98,2349	193,0577
2026-06-24	14:00	62780,01	62844	62610,11	62657,99	LONG	0,00167	5981,87	0,00648	HOLD	98,2349	192,854
2026-06-24	15:00	62658	62807,46	62605,28	62800	LONG	0,00167	5981,87	0,00648	HOLD	98,2349	193,0911
2026-06-24	16:00	62800	62800,01	62637,08	62681,7	LONG	0,00167	5981,87	0,00648	HOLD	98,2349	192,8936
2026-06-24	17:00	62681,7	62681,7	62412,05	62445,99	LONG	0,00167	5981,87	0,00648	HOLD	98,2349	192,4999
2026-06-24	18:00	62445,99	63239,06	62318,88	62921,19	LONG	0,00167	5981,87	0,00648	HOLD	98,2349	193,2935
2026-06-24	19:00	62921,19	62973,2	62585,2	62618,31	LONG	0,00167	5981,87	0,00648	HOLD	98,2349	192,7877
2026-06-24	20:00	62618,31	62628,75	61255,74	61338,01	LONG	0,00167	5981,87	0,00648	HOLD	98,2349	190,6496
2026-06-24	21:00	61338	61456	60888	61113,1	LONG	0,00167	5981,87	0,00648	HOLD	98,2349	190,274
2026-06-24	22:00	61113,1	61150,13	60249,82	60250	LONG	0,00167	5981,87	0,00648	HOLD	98,2349	188,8326
2026-06-24	23:00	60250	60678,1	59622	59850	LONG	0,00167	5981,87	0,00648	HOLD	98,2349	188,1646
2026-06-25	00:00	59850	60057,18	59102,7	59404	LONG	0,00167	5981,87	0,00648	HOLD	98,2349	187,4198
2026-06-25	01:00	59404	59930	59310,85	59599,99	LONG	0,00167	5981,87	0,00648	HOLD	98,2349	187,7471
2026-06-25	02:00	59600	60000	59530	59958,3	LONG	0,00167	5981,87	0,00648	HOLD	98,2349	188,3455
2026-06-25	03:00	59958,3	61208,48	59854	60956	LONG	0,00167	5981,87	0,00648	HOLD	98,2349	190,0117
2026-06-25	04:00	60956	61144,63	60665,75	61110	LONG	0,00167	5981,87	0,00648	HOLD	98,2349	190,2688
2026-06-25	05:00	61109,99	61276	60802,66	60873,99	LONG	0,00167	5981,87	0,00648	HOLD	98,2349	189,8747
2026-06-25	06:00	60874	61112	60830,01	61077,99	LONG	0,00167	5981,87	0,00648	HOLD	98,2349	190,2154
2026-06-25	07:00	61078	61163,16	60726,77	60832	LONG	0,00167	5981,87	0,00648	HOLD	98,2349	189,8046
2026-06-25	08:00	60832	60988	60720,23	60928	LONG	0,00167	5981,87	0,00648	HOLD	98,2349	189,9649
2026-06-25	09:00	60928	60966	60700,01	60799,08	LONG	0,00167	5981,87	0,00648	HOLD	98,2349	189,7496
2026-06-25	10:00	60799,08	60910,63	60684,94	60883,65	LONG	0,00167	5981,87	0,00648	HOLD	98,2349	189,8908
2026-06-25	11:00	60883,66	61410	60792	61357,63	LONG	0,00167	5981,87	0,00648	HOLD	98,2349	190,6824
2026-06-25	12:00	61357,63	61807,04	61280	61600,01	LONG	0,00167	5981,87	0,00648	HOLD	98,2349	191,0872
2026-06-25	13:00	61600,02	61869,02	61600,01	61732,06	LONG	0,00167	5981,87	0,00648	HOLD	98,2349	191,3077
2026-06-25	14:00	61732,06	61962,4	61670	61911,04	LONG	0,00167	5981,87	0,00648	HOLD	98,2349	191,6066
2026-06-25	15:00	61911,03	61920	61684,87	61712,35	LONG	0,00167	5981,87	0,00648	HOLD	98,2349	191,2748
2026-06-25	16:00	61712,36	61792	61614,32	61739,29	LONG	0,00167	5981,87	0,00648	HOLD	98,2349	191,3198
2026-06-25	17:00	61739,29	61751,07	61257,79	61269,94	LONG	0,00167	5981,87	0,00648	HOLD	98,2349	190,5359
2026-06-25	18:00	61269,95	61422,52	61066	61282,01	LONG	0,00167	5981,87	0,00648	HOLD	98,2349	190,5561
2026-06-25	19:00	61282	61761,35	61080	61244,01	LONG	0,00167	5981,87	0,00648	HOLD	98,2349	190,4926
2026-06-25	20:00	61244,01	61369,18	58115,01	58290,17	LONG	0,00167	5981,87	0,00648	HOLD	98,2349	185,5597
2026-06-25	21:00	58291,7	60485,51	58291,7	59471,5	LONG	0,00167	5981,87	0,00648	HOLD	98,2349	187,5325
2026-06-25	22:00	59471,49	59655,86	58874,85	59557,99	LONG	0,00167	5981,87	0,00648	HOLD	98,2349	187,677
2026-06-25	23:00	59557,99	60067	59157,63	59312,64	LONG	0,00167	5981,87	0,00648	HOLD	98,2349	187,2673
2026-06-26	00:00	59312,64	59740,9	59139,96	59676,01	LONG	0,00167	5981,87	0,00648	HOLD	98,2349	187,8741
2026-06-26	01:00	59676	59793,34	59364	59512,71	LONG	0,00167	5981,87	0,00648	HOLD	98,2349	187,6014
2026-06-26	02:00	59512,71	59516	59168,82	59320	LONG	0,00167	5981,87	0,00648	HOLD	98,2349	187,2795
2026-06-26	03:00	59319,99	59741,95	59319,99	59456,62	LONG	0,00167	5981,87	0,00648	HOLD	98,2349	187,5077
2026-06-26	04:00	59456,62	60273,81	59452,01	60211,87	LONG	0,00167	5981,87	0,00648	HOLD	98,2349	188,769
2026-06-26	05:00	60211,86	60211,86	59740	59851,27	LONG	0,00167	5981,87	0,00648	HOLD	98,2349	188,1668
2026-06-26	06:00	59851,27	60191,55	59739,99	59794	LONG	0,00167	5981,87	0,00648	HOLD	98,2349	188,0711
2026-06-26	07:00	59794,64	59906,71	59642,77	59667,09	LONG	0,00167	5981,87	0,00648	HOLD	98,2349	187,8592
2026-06-26	08:00	59667,09	59789,07	59228	59431,5	LONG	0,00167	5981,87	0,00648	HOLD	98,2349	187,4657
2026-06-26	09:00	59431,49	59456	58358,77	58561,99	LONG	0,00167	5981,87	0,00648	HOLD	98,2349	186,0137
2026-06-26	10:00	58562	60131,37	58337	60036,01	LONG	0,00167	5981,87	0,00648	HOLD	98,2349	188,4753
2026-06-26	11:00	60036	60238,77	59836,17	59920,47	LONG	0,00167	5981,87	0,00648	HOLD	98,2349	188,2823
2026-06-26	12:00	59920,47	60047,68	59736	59953,3	LONG	0,00167	5981,87	0,00648	HOLD	98,2349	188,3372
2026-06-26	13:00	59953,3	60459,55	59702	60324	LONG	0,00167	5981,87	0,00648	HOLD	98,2349	188,9562
2026-06-26	14:00	60324	60759,99	60283,08	60532	LONG	0,00167	5981,87	0,00648	HOLD	98,2349	189,3036
2026-06-26	15:00	60532	60580	60150,56	60245,67	LONG	0,00167	5981,87	0,00648	HOLD	98,2349	188,8254
2026-06-26	16:00	60245,9	60259,37	59583,33	59736,01	LONG	0,00167	5981,87	0,00648	HOLD	98,2349	187,9743
2026-06-26	17:00	59736,01	59858,93	59239,78	59313,26	LONG	0,00167	5981,87	0,00648	HOLD	98,2349	187,2683
2026-06-26	18:00	59313,26	59588	59259,78	59413,24	LONG	0,00167	5981,87	0,00648	HOLD	98,2349	187,4353
2026-06-26	19:00	59413,24	60007,91	58969,9	59185,02	LONG	0,00167	5981,87	0,00648	HOLD	98,2349	187,0541
2026-06-26	20:00	59185,02	60216,14	58500,1	60175,43	LONG	0,00167	5981,87	0,00648	HOLD	98,2349	188,7081
2026-06-26	21:00	60175,42	60294	59390	59590,73	LONG	0,00167	5981,87	0,00648	HOLD	98,2349	187,7317
2026-06-26	22:00	59590,73	60500	59584,01	60328,32	LONG	0,00167	5981,87	0,00648	HOLD	98,2349	188,9634
2026-06-26	23:00	60328,18	60583	59970	60041,75	LONG	0,00167	5981,87	0,00648	HOLD	98,2349	188,4849
2026-06-27	00:00	60041,76	60287,9	59952	60023,97	LONG	0,00167	5981,87	0,00648	HOLD	98,2349	188,4552
2026-06-27	01:00	60023,96	60158	59556	59668,01	LONG	0,00167	5981,87	0,00648	HOLD	98,2349	187,8607
2026-06-27	02:00	59668,01	60098	59617,37	59751,97	LONG	0,00167	5981,87	0,00648	HOLD	98,2349	188,0009
2026-06-27	03:00	59751,96	59994	59571,31	59718	LONG	0,00167	5981,87	0,00648	HOLD	98,2349	187,9442
2026-06-27	04:00	59717,99	60050	59678	59918,7	LONG	0,00167	5981,87	0,00648	HOLD	98,2349	188,2794
2026-06-27	05:00	59918,7	60080	59754	60048	LONG	0,00167	5981,87	0,00648	HOLD	98,2349	188,4953
2026-06-27	06:00	60048	60117,64	59923,27	60097,27	LONG	0,00167	5981,87	0,00648	HOLD	98,2349	188,5776
2026-06-27	07:00	60097,27	60197	59876,22	60059,07	LONG	0,00167	5981,87	0,00648	HOLD	98,2349	188,5138
2026-06-27	08:00	60059,09	60068	59936,07	59945,53	LONG	0,00167	5981,87	0,00648	HOLD	98,2349	188,3242
2026-06-27	09:00	59945,53	60378,23	59921,68	60290,01	LONG	0,00167	5981,87	0,00648	HOLD	98,2349	188,8995
2026-06-27	10:00	60290,01	60412	60159,91	60305,73	LONG	0,00167	5981,87	0,00648	HOLD	98,2349	188,9257
2026-06-27	11:00	60305,73	60482	60217,26	60239,99	LONG	0,00167	5981,87	0,00648	HOLD	98,2349	188,8159
2026-06-27	12:00	60240	60311	60136	60236,76	LONG	0,00167	5981,87	0,00648	HOLD	98,2349	188,8105
2026-06-27	13:00	60236,75	60500	60093,33	60370,62	LONG	0,00167	5981,87	0,00648	HOLD	98,2349	189,0341
2026-06-27	14:00	60370,63	60574	60300	60548,07	LONG	0,00167	5981,87	0,00648	HOLD	98,2349	189,3304
2026-06-27	15:00	60548,06	60548,74	60371,62	60456	LONG	0,00167	5981,87	0,00648	HOLD	98,2349	189,1767
2026-06-27	16:00	60456	60511,99	60289,55	60414,62	LONG	0,00167	5981,87	0,00648	HOLD	98,2349	189,1076
2026-06-27	17:00	60414,62	60487,31	60380	60420,28	LONG	0,00167	5981,87	0,00648	HOLD	98,2349	189,117
2026-06-27	18:00	60420,28	60447,8	60198,94	60363,65	LONG	0,00167	5981,87	0,00648	HOLD	98,2349	189,0224
2026-06-27	19:00	60363,65	60430,01	60257,03	60430	LONG	0,00167	5981,87	0,00648	HOLD	98,2349	189,1332
2026-06-27	20:00	60430	60665,74	60394	60588,35	LONG	0,00167	5981,87	0,00648	HOLD	98,2349	189,3977
2026-06-27	21:00	60588,35	60728	60510	60611,5	LONG	0,00167	5981,87	0,00648	HOLD	98,2349	189,4363
2026-06-27	22:00	60611,49	60941,17	60570	60840,06	LONG	0,00167	5981,87	0,00648	HOLD	98,2349	189,818
2026-06-27	23:00	60840,06	60855,03	60673,64	60807,99	LONG	0,00167	5981,87	0,00648	HOLD	98,2349	189,7645
2026-06-28	00:00	60808	60818,76	60413,15	60524,88	LONG	0,00167	5981,87	0,00648	HOLD	98,2349	189,2917
2026-06-28	01:00	60524,89	60576,03	60446,25	60570,86	LONG	0,00167	5981,87	0,00648	HOLD	98,2349	189,3685
2026-06-28	02:00	60570,86	60605,41	60085,88	60175,95	LONG	0,00167	5981,87	0,00648	HOLD	98,2349	188,709
2026-06-28	03:00	60175,95	60306	60173,07	60300	LONG	0,00167	5981,87	0,00648	HOLD	98,2349	188,9161
2026-06-28	04:00	60300	60482,18	60142	60203,82	LONG	0,00167	5981,87	0,00648	HOLD	98,2349	188,7555
2026-06-28	05:00	60203,83	60256,56	59855,16	60228,95	LONG	0,00167	5981,87	0,00648	HOLD	98,2349	188,7975
2026-06-28	06:00	60228,96	60320	59952	60029	LONG	0,00167	5981,87	0,00648	HOLD	98,2349	188,4636
2026-06-28	07:00	60029,01	60190	60018	60146	LONG	0,00167	5981,87	0,00648	HOLD	98,2349	188,659
2026-06-28	08:00	60146	60273,38	59986	60222,22	LONG	0,00167	5981,87	0,00648	HOLD	98,2349	188,7862
2026-06-28	09:00	60222,21	60339,99	60054	60150,45	LONG	0,00167	5981,87	0,00648	HOLD	98,2349	188,6664
2026-06-28	10:00	60150,46	60275	60150,45	60197,04	LONG	0,00167	5981,87	0,00648	HOLD	98,2349	188,7442
2026-06-28	11:00	60197,03	60231,83	60088,04	60133	LONG	0,00167	5981,87	0,00648	HOLD	98,2349	188,6373
2026-06-28	12:00	60133,01	60140	59753,48	59989,17	LONG	0,00167	5981,87	0,00648	HOLD	98,2349	188,3971
2026-06-28	13:00	59989,18	60030	59808	60002,82	LONG	0,00167	5981,87	0,00648	HOLD	98,2349	188,4199
2026-06-28	14:00	60002,82	60259,68	60000	60219,99	LONG	0,00167	5981,87	0,00648	HOLD	98,2349	188,7825
2026-06-28	15:00	60220	60545,01	60140,14	60370	LONG	0,00167	5981,87	0,00648	HOLD	98,2349	189,033
2026-06-28	16:00	60370,01	60462	60250,81	60258,84	LONG	0,00167	5981,87	0,00648	HOLD	98,2349	188,8474
2026-06-28	17:00	60258,85	60292,48	60068	60166,71	LONG	0,00167	5981,87	0,00648	HOLD	98,2349	188,6935
2026-06-28	18:00	60166,71	60374,05	60100	60342	LONG	0,00167	5981,87	0,00648	HOLD	98,2349	188,9863
2026-06-28	19:00	60341,99	60457,02	60190	60293,51	LONG	0,00167	5981,87	0,00648	HOLD	98,2349	188,9053
2026-06-28	20:00	60293,5	60293,51	59963,86	60071,88	LONG	0,00167	5981,87	0,00648	HOLD	98,2349	188,5352
2026-06-28	21:00	60071,89	60250	60018	60033	LONG	0,00167	5981,87	0,00648	HOLD	98,2349	188,4703
2026-06-28	22:00	60033,01	60130	59817,28	59890	LONG	0,00167	5981,87	0,00648	HOLD	98,2349	188,2314
2026-06-28	23:00	59890,35	59943,9	59582,34	59690,62	LONG	0,00167	5981,87	0,00648	HOLD	98,2349	187,8985
2026-06-29	00:00	59690,62	59848	59403,77	59586,01	LONG	0,00167	5981,87	0,00648	HOLD	98,2349	187,7238
2026-06-29	01:00	59586	59700	59502	59614,46	LONG	0,00167	5981,87	0,00648	HOLD	98,2349	187,7713
2026-06-29	02:00	59614,46	59682	59270,26	59481,79	LONG	0,00167	5981,87	0,00648	HOLD	98,2349	187,5497
2026-06-29	03:00	59481,78	59765,9	59474,28	59660	LONG	0,00167	5981,87	0,00648	HOLD	98,2349	187,8473
2026-06-29	04:00	59660	59796,66	59333,33	59445,95	LONG	0,00167	5981,87	0,00648	HOLD	98,2349	187,4899
2026-06-29	05:00	59445,96	59906	58905	59067,01	LONG	0,00167	5981,87	0,00648	HOLD	98,2349	186,857
2026-06-29	06:00	59067	59848	59011,99	59577,01	LONG	0,00167	5981,87	0,00648	HOLD	98,2349	187,7087
2026-06-29	07:00	59577,01	59700	59000,01	59667,01	LONG	0,00167	5981,87	0,00648	HOLD	98,2349	187,859
2026-06-29	08:00	59667	59697	59206	59440,95	LONG	0,00167	5981,87	0,00648	HOLD	98,2349	187,4815
2026-06-29	09:00	59440,95	59812	58900,01	59757,46	LONG	0,00167	5981,87	0,00648	HOLD	98,2349	188,0101
2026-06-29	10:00	59757,47	60233	59757,47	60049,46	LONG	0,00167	5981,87	0,00648	HOLD	98,2349	188,4977
2026-06-29	11:00	60049,45	60053,99	59746	59830	LONG	0,00167	5981,87	0,00648	HOLD	98,2349	188,1312
2026-06-29	12:00	59830,01	60102,8	59392,02	60102,8	LONG	0,00167	5981,87	0,00648	HOLD	98,2349	188,5868
2026-06-29	13:00	60102,8	60346,27	60050,67	60075,49	LONG	0,00167	5981,87	0,00648	HOLD	98,2349	188,5412
2026-06-29	14:00	60075,5	60186,94	59936	60026	LONG	0,00167	5981,87	0,00648	HOLD	98,2349	188,4586
2026-06-29	15:00	60026,01	60093,99	59745,46	59840	LONG	0,00167	5981,87	0,00648	HOLD	98,2349	188,1479
2026-06-29	16:00	59840,01	60104	59778,76	60057	LONG	0,00167	5981,87	0,00648	HOLD	98,2349	188,5103
2026-06-29	17:00	60057	60311,95	60056,99	60088	LONG	0,00167	5981,87	0,00648	HOLD	98,2349	188,5621
2026-06-29	18:00	60088	60216	59796	59956,05	LONG	0,00167	5981,87	0,00648	HOLD	98,2349	188,3417
2026-06-29	19:00	59956,05	60780,57	59595,09	59948,78	LONG	0,00167	5981,87	0,00648	HOLD	98,2349	188,3296
2026-06-29	20:00	59948,79	60340	59319,9	59580	LONG	0,00167	5981,87	0,00648	HOLD	98,2349	187,7137
2026-06-29	21:00	59580	59699,99	59011	59469,67	LONG	0,00167	5981,87	0,00648	HOLD	98,2349	187,5295
2026-06-29	22:00	59469,45	59960	59097,58	59824,01	LONG	0,00167	5981,87	0,00648	HOLD	98,2349	188,1212
2026-06-29	23:00	59824,01	60030	59584,48	59892,86	LONG	0,00167	5981,87	0,00648	HOLD	98,2349	188,2362
2026-06-30	00:00	59892,87	60683,84	59892	60413,99	LONG	0,00167	5981,87	0,00648	HOLD	98,2349	189,1065
2026-06-30	01:00	60413,99	60520	60193,87	60295	LONG	0,00167	5981,87	0,00648	HOLD	98,2349	188,9078
2026-06-30	02:00	60295	60557,5	60153,35	60433,49	LONG	0,00167	5981,87	0,00648	HOLD	98,2349	189,1391
2026-06-30	03:00	60433,5	60553,06	60295,32	60296	LONG	0,00167	5981,87	0,00648	HOLD	98,2349	188,9095
2026-06-30	04:00	60296,01	60585,99	60261,89	60479,72	LONG	0,00167	5981,87	0,00648	HOLD	98,2349	189,2163
2026-06-30	05:00	60479,71	60516	60350	60352,31	LONG	0,00167	5981,87	0,00648	HOLD	98,2349	189,0035
2026-06-30	06:00	60352,31	60379,23	60194,01	60260,21	LONG	0,00167	5981,87	0,00648	HOLD	98,2349	188,8497
2026-06-30	07:00	60260,2	60276,54	59700	59838,01	LONG	0,00167	5981,87	0,00648	HOLD	98,2349	188,1446
2026-06-30	08:00	59838,01	60048,98	59771	59939,94	LONG	0,00167	5981,87	0,00648	HOLD	98,2349	188,3148
2026-06-30	09:00	59939,94	60042,54	59755	59948,24	LONG	0,00167	5981,87	0,00648	HOLD	98,2349	188,3287
2026-06-30	10:00	59948,24	60031,75	59600	59627,48	LONG	0,00167	5981,87	0,00648	HOLD	98,2349	187,793
2026-06-30	11:00	59627,47	59700	59433,36	59492,01	LONG	0,00167	5981,87	0,00648	HOLD	98,2349	187,5668
2026-06-30	12:00	59492,01	59656,89	59360	59652,13	LONG	0,00167	5981,87	0,00648	HOLD	98,2349	187,8342
2026-06-30	13:00	59652,13	59712,88	59513,72	59592	LONG	0,00167	5981,87	0,00648	HOLD	98,2349	187,7338
2026-06-30	14:00	59592	59632	59444	59524,01	LONG	0,00167	5981,87	0,00648	HOLD	98,2349	187,6202
2026-06-30	15:00	59524,01	59551,03	59189	59311,92	LONG	0,00167	5981,87	0,00648	HOLD	98,2349	187,266
2026-06-30	16:00	59311,26	59420	59252	59374,96	LONG	0,00167	5981,87	0,00648	HOLD	98,2349	187,3713
2026-06-30	17:00	59374,96	59420	59286,36	59334,01	LONG	0,00167	5981,87	0,00648	HOLD	98,2349	187,3029
2026-06-30	18:00	59334,01	59413,27	59123,01	59192,7	LONG	0,00167	5981,87	0,00648	HOLD	98,2349	187,067
2026-06-30	19:00	59192,71	59192,71	58403,51	58412	LONG	0,00167	5981,87	0,00648	HOLD	98,2349	185,7632
2026-06-30	20:00	58411,99	58802,66	58228,33	58737,18	LONG	0,00167	5981,87	0,00648	HOLD	98,2349	186,3062
2026-06-30	21:00	58737,17	59276,6	58433	58482,81	LONG	0,00167	5981,87	0,00648	HOLD	98,2349	185,8814
2026-06-30	22:00	58482,81	58796	58201	58381,99	LONG	0,00167	5981,87	0,00648	HOLD	98,2349	185,7131
2026-06-30	23:00	58382	58632	58241,79	58497,65	LONG	0,00167	5981,87	0,00648	HOLD	98,2349	185,9062
2026-07-01	00:00	58497,65	58618,65	58310,72	58417,99	LONG	0,00167	5981,87	0,00648	HOLD	98,2349	185,7732
2026-07-01	01:00	58417,99	58699,98	58351,56	58680,87	LONG	0,00167	5981,87	0,00648	HOLD	98,2349	186,2122
2026-07-01	02:00	58680,86	58839,16	58586,01	58818,05	LONG	0,00167	5981,87	0,00648	HOLD	98,2349	186,4413
2026-07-01	03:00	58818	58874,99	58648,26	58732,01	LONG	0,00167	5981,87	0,00648	HOLD	98,2349	186,2976
2026-07-01	04:00	58732	58770	58509,99	58639,99	LONG	0,00167	5981,87	0,00648	HOLD	98,2349	186,1439
2026-07-01	05:00	58639,99	58806,91	58513,8	58607,99	LONG	0,00167	5981,87	0,00648	HOLD	98,2349	186,0905
2026-07-01	06:00	58607,99	58664	58555	58624,71	LONG	0,00167	5981,87	0,00648	HOLD	98,2349	186,1184
2026-07-01	07:00	58624,71	58750,68	58310	58576	LONG	0,00167	5981,87	0,00648	HOLD	98,2349	186,0371
2026-07-01	08:00	58575,99	59022,81	57800,19	58770,57	LONG	0,00167	5981,87	0,00648	HOLD	98,2349	186,362
2026-07-01	09:00	58770,58	59171,63	58663,95	59085	LONG	0,00167	5981,87	0,00648	HOLD	98,2349	186,8871
2026-07-01	10:00	59085	59318	58850	59197,13	LONG	0,00167	5981,87	0,00648	HOLD	98,2349	187,0743
2026-07-01	11:00	59197,12	59457	59062	59339,99	LONG	0,00167	5981,87	0,00648	HOLD	98,2349	187,3129
2026-07-01	12:00	59339,99	59376,48	59126,42	59154,33	LONG	0,00167	5981,87	0,00648	HOLD	98,2349	187,0029
2026-07-01	13:00	59154,33	59156	58534,31	58755,8	LONG	0,00167	5981,87	0,00648	HOLD	98,2349	186,3373
2026-07-01	14:00	58755,8	58823,9	58600	58768,65	LONG	0,00167	5981,87	0,00648	HOLD	98,2349	186,3588
2026-07-01	15:00	58768,64	58984	58500	58973,99	LONG	0,00167	5981,87	0,00648	HOLD	98,2349	186,7017
2026-07-01	16:00	58973,99	59091,99	58825,61	58944,55	LONG	0,00167	5981,87	0,00648	HOLD	98,2349	186,6525
2026-07-01	17:00	58944,55	58948,47	58624	58659,98	LONG	0,00167	5981,87	0,00648	HOLD	98,2349	186,1773
2026-07-01	18:00	58659,97	58755,9	58550	58622,03	LONG	0,00167	5981,87	0,00648	HOLD	98,2349	186,1139
2026-07-01	19:00	58622,02	58676	58326	58538,01	LONG	0,00167	5981,87	0,00648	HOLD	98,2349	185,9736
2026-07-01	20:00	58538	59508	58536	59498,03	LONG	0,00167	5981,87	0,00648	HOLD	98,2349	187,5769
2026-07-01	21:00	59498,03	60092	59278	59542	LONG	0,00167	5981,87	0,00648	HOLD	98,2349	187,6503
2026-07-01	22:00	59541,99	60536,55	59520,51	60147,15	LONG	0,00167	5981,87	0,00648	HOLD	98,2349	188,6609
2026-07-01	23:00	60147,15	60267,17	59865,75	59920	LONG	0,00167	5981,87	0,00648	HOLD	98,2349	188,2815
2026-07-02	00:00	59920	60239,84	59787,35	60190,6	LONG	0,00167	5981,87	0,00648	HOLD	98,2349	188,7334
2026-07-02	01:00	60190,59	60298	60016,4	60171,16	LONG	0,00167	5981,87	0,00648	HOLD	98,2349	188,701
2026-07-02	02:00	60171,16	60352,93	60000	60028,67	LONG	0,00167	5981,87	0,00648	HOLD	98,2349	188,463
2026-07-02	03:00	60029,39	60198	59876	60126	LONG	0,00167	5981,87	0,00648	HOLD	98,2349	188,6256
2026-07-02	04:00	60126	60846,95	60124,89	60815,99	LONG	0,00167	5981,87	0,00648	HOLD	98,2349	189,7778
2026-07-02	05:00	60815,99	61334	60339	60478,01	LONG	0,00167	5981,87	0,00648	HOLD	98,2349	189,2134
2026-07-02	06:00	60478	60478	59984,86	60024	LONG	0,00167	5981,87	0,00648	HOLD	98,2349	188,4552
2026-07-02	07:00	60024	60028	59588	59761,73	LONG	0,00167	5981,87	0,00648	HOLD	98,2349	188,0172
2026-07-02	08:00	59761,74	60324,99	59715,8	60175,92	LONG	0,00167	5981,87	0,00648	HOLD	98,2349	188,7089
2026-07-02	09:00	60175,91	60495,24	60015,68	60423,1	LONG	0,00167	5981,87	0,00648	HOLD	98,2349	189,1217
2026-07-02	10:00	60423,11	61121,78	60300,02	61058	LONG	0,00167	5981,87	0,00648	HOLD	98,2349	190,182
2026-07-02	11:00	61057,99	61058	60728	60787,98	LONG	0,00167	5981,87	0,00648	HOLD	98,2349	189,7311
2026-07-02	12:00	60787,98	60877,69	60488	60504,54	LONG	0,00167	5981,87	0,00648	HOLD	98,2349	189,2577
2026-07-02	13:00	60504,54	60652,74	60260	60274,01	LONG	0,00167	5981,87	0,00648	HOLD	98,2349	188,8727
2026-07-02	14:00	60274,01	60315,93	60104	60149,99	LONG	0,00167	5981,87	0,00648	HOLD	98,2349	188,6656
2026-07-02	15:00	60149,99	60555,06	60132,51	60511,99	LONG	0,00167	5981,87	0,00648	HOLD	98,2349	189,2702
2026-07-02	16:00	60512	61437,49	60376,13	61184	LONG	0,00167	5981,87	0,00648	HOLD	98,2349	190,3924
2026-07-02	17:00	61184	61350	61051,07	61263,68	LONG	0,00167	5981,87	0,00648	HOLD	98,2349	190,5255
2026-07-02	18:00	61263,93	61388	61125,58	61358,01	LONG	0,00167	5981,87	0,00648	HOLD	98,2349	190,683
2026-07-02	19:00	61358	61614	61147,23	61542,53	LONG	0,00167	5981,87	0,00648	HOLD	98,2349	190,9912
2026-07-02	20:00	61542,53	62053	61506	61939,04	LONG	0,00167	5981,87	0,00648	HOLD	98,2349	191,6533
2026-07-02	21:00	61939,04	62200	61394,49	61696,61	LONG	0,00167	5981,87	0,00648	HOLD	98,2349	191,2485
2026-07-02	22:00	61696,61	61850,86	61427,39	61612,93	LONG	0,00167	5981,87	0,00648	HOLD	98,2349	191,1087
2026-07-02	23:00	61612,93	61790,13	61108,99	61682,34	LONG	0,00167	5981,87	0,00648	HOLD	98,2349	191,2247
2026-07-03	00:00	61682,34	61962,43	61619,69	61667,39	LONG	0,00167	5981,87	0,00648	HOLD	98,2349	191,1997
2026-07-03	01:00	61667,4	61900,29	61664,39	61761,36	LONG	0,00167	5981,87	0,00648	HOLD	98,2349	191,3566
2026-07-03	02:00	61761,36	61763,81	61424	61479,6	LONG	0,00167	5981,87	0,00648	HOLD	98,2349	190,8861
2026-07-03	03:00	61479,59	61596	61342	61584,78	LONG	0,00167	5981,87	0,00648	HOLD	98,2349	191,0617
2026-07-03	04:00	61584,77	61653,43	61516	61592,26	LONG	0,00167	5981,87	0,00648	HOLD	98,2349	191,0742
2026-07-03	05:00	61592,26	61596,62	61406,28	61465,26	LONG	0,00167	5981,87	0,00648	HOLD	98,2349	190,8621
2026-07-03	06:00	61465,26	61606	61350,02	61560	LONG	0,00167	5981,87	0,00648	HOLD	98,2349	191,0203
2026-07-03	07:00	61560	61578	61248,86	61308,75	LONG	0,00167	5981,87	0,00648	HOLD	98,2349	190,6008
2026-07-03	08:00	61308,75	61733,11	61286	61588	LONG	0,00167	5981,87	0,00648	HOLD	98,2349	191,0671
2026-07-03	09:00	61588	61664,62	61294	61440,01	LONG	0,00167	5981,87	0,00648	HOLD	98,2349	190,82
2026-07-03	10:00	61440,01	61575,15	61324	61434	LONG	0,00167	5981,87	0,00648	HOLD	98,2349	190,8099
2026-07-03	11:00	61434	61524,01	61332,76	61448	LONG	0,00167	5981,87	0,00648	HOLD	98,2349	190,8333
2026-07-03	12:00	61448	61808	61430	61700,49	LONG	0,00167	5981,87	0,00648	HOLD	98,2349	191,255
2026-07-03	13:00	61700,49	61850	61612	61710,01	LONG	0,00167	5981,87	0,00648	HOLD	98,2349	191,2709
2026-07-03	14:00	61710,01	61864,99	61659,32	61750,47	LONG	0,00167	5981,87	0,00648	HOLD	98,2349	191,3384
2026-07-03	15:00	61750,47	61896,99	61554,07	61584	LONG	0,00167	5981,87	0,00648	HOLD	98,2349	191,0604
2026-07-03	16:00	61583,99	61783,89	61510,01	61718,68	LONG	0,00167	5981,87	0,00648	HOLD	98,2349	191,2853
2026-07-03	17:00	61718,69	62038	61663,98	61916,46	LONG	0,00167	5981,87	0,00648	HOLD	98,2349	191,6156
2026-07-03	18:00	61916,46	62103,1	61840	62024,02	LONG	0,00167	5981,87	0,00648	HOLD	98,2349	191,7953
2026-07-03	19:00	62024,01	62174,47	61871,66	61983,99	LONG	0,00167	5981,87	0,00648	HOLD	98,2349	191,7284
2026-07-03	20:00	61984	62282	61944	62116,01	LONG	0,00167	5981,87	0,00648	HOLD	98,2349	191,9489
2026-07-03	21:00	62116	62280	61700	62167,48	LONG	0,00167	5981,87	0,00648	HOLD	98,2349	192,0348
2026-07-03	22:00	62167,47	62400	61820	61922,72	LONG	0,00167	5981,87	0,00648	HOLD	98,2349	191,6261
2026-07-03	23:00	61922,71	62125,99	61911,65	62104,81	LONG	0,00167	5981,87	0,00648	HOLD	98,2349	191,9302
2026-07-04	00:00	62104,81	62292,51	62068,78	62194	LONG	0,00167	5981,87	0,00648	HOLD	98,2349	192,0791
2026-07-04	01:00	62193,99	62250	62118	62204,01	LONG	0,00167	5981,87	0,00648	HOLD	98,2349	192,0958
2026-07-04	02:00	62204	62317,64	62146	62210	LONG	0,00167	5981,87	0,00648	HOLD	98,2349	192,1058
2026-07-04	03:00	62210	62907,77	62186,01	62776,92	LONG	0,00167	5981,87	0,00648	HOLD	98,2349	193,0526
2026-07-04	04:00	62776,91	62979,86	62518,72	62732	LONG	0,00167	5981,87	0,00648	HOLD	98,2349	192,9776
2026-07-04	05:00	62732	62748,01	62538,47	62578	LONG	0,00167	5981,87	0,00648	HOLD	98,2349	192,7204
2026-07-04	06:00	62578	62707,67	62529,03	62583,26	LONG	0,00167	5981,87	0,00648	HOLD	98,2349	192,7292
2026-07-04	07:00	62583,26	62946	62578,55	62756,29	LONG	0,00167	5981,87	0,00648	HOLD	98,2349	193,0181
2026-07-04	08:00	62756,29	62756,29	62404,25	62468,44	LONG	0,00167	5981,87	0,00648	HOLD	98,2349	192,5374
2026-07-04	09:00	62468,44	62576	62432	62538,96	LONG	0,00167	5981,87	0,00648	HOLD	98,2349	192,6552
2026-07-04	10:00	62538,96	62750	62484,01	62627,29	LONG	0,00167	5981,87	0,00648	HOLD	98,2349	192,8027
2026-07-04	11:00	62627,28	62749,97	62590,06	62700	LONG	0,00167	5981,87	0,00648	HOLD	98,2349	192,9241
2026-07-04	12:00	62700	62700,01	62441,29	62471,52	LONG	0,00167	5981,87	0,00648	HOLD	98,2349	192,5426
2026-07-04	13:00	62471,53	62559,43	62328,24	62500,01	LONG	0,00167	5981,87	0,00648	HOLD	98,2349	192,5902
2026-07-04	14:00	62500,01	62634,24	62470	62576	LONG	0,00167	5981,87	0,00648	HOLD	98,2349	192,7171
2026-07-04	15:00	62576	62674,47	62516,46	62553,78	LONG	0,00167	5981,87	0,00648	HOLD	98,2349	192,68
2026-07-04	16:00	62553,78	62583,99	62415,87	62494	LONG	0,00167	5981,87	0,00648	HOLD	98,2349	192,5801
2026-07-04	17:00	62494,01	62545,02	62445,38	62513	LONG	0,00167	5981,87	0,00648	HOLD	98,2349	192,6119
2026-07-04	18:00	62512,99	62563,84	62456,24	62482,01	LONG	0,00167	5981,87	0,00648	HOLD	98,2349	192,5601
2026-07-04	19:00	62482	62696,78	62482	62664,01	LONG	0,00167	5981,87	0,00648	HOLD	98,2349	192,864
2026-07-04	20:00	62664,01	62776,92	62542	62588,84	LONG	0,00167	5981,87	0,00648	HOLD	98,2349	192,7385
2026-07-04	21:00	62588,84	62738,28	62585,53	62693,99	LONG	0,00167	5981,87	0,00648	HOLD	98,2349	192,9141
2026-07-04	22:00	62693,99	63075,46	62687,89	62943,29	LONG	0,00167	5981,87	0,00648	HOLD	98,2349	193,3304
2026-07-04	23:00	62943,29	62968,29	62786	62927,29	LONG	0,00167	5981,87	0,00648	HOLD	98,2349	193,3037
2026-07-05	00:00	62927,3	63439,62	62803	63280,38	LONG	0,00167	5981,87	0,00648	HOLD	98,2349	193,8934
2026-07-05	01:00	63280,38	63346	63092,02	63172,78	LONG	0,00167	5981,87	0,00648	HOLD	98,2349	193,7137
2026-07-05	02:00	63172,79	63461,99	63123,49	63294,72	LONG	0,00167	5981,87	0,00648	HOLD	98,2349	193,9173
2026-07-05	03:00	63294,72	63392	63155,37	63233,78	LONG	0,00167	5981,87	0,00648	HOLD	98,2349	193,8156
2026-07-05	04:00	63233,79	63448	63202	63297,84	LONG	0,00167	5981,87	0,00648	HOLD	98,2349	193,9225
2026-07-05	05:00	63297,83	63310	63160	63184,99	LONG	0,00167	5981,87	0,00648	HOLD	98,2349	193,7341
2026-07-05	06:00	63185	63241,33	62927,98	63144,01	LONG	0,00167	5981,87	0,00648	HOLD	98,2349	193,6656
2026-07-05	07:00	63144,01	63144,01	62888,86	62991,29	LONG	0,00167	5981,87	0,00648	HOLD	98,2349	193,4106
2026-07-05	08:00	62991,3	63043,15	62800	62887,94	LONG	0,00167	5981,87	0,00648	HOLD	98,2349	193,238
2026-07-05	09:00	62887,93	62926	62596,08	62693,56	LONG	0,00167	5981,87	0,00648	HOLD	98,2349	192,9134
2026-07-05	10:00	62693,57	62796,39	62658	62769,04	LONG	0,00167	5981,87	0,00648	HOLD	98,2349	193,0394
2026-07-05	11:00	62769,03	62952,93	62712	62815,99	LONG	0,00167	5981,87	0,00648	HOLD	98,2349	193,1178
2026-07-05	12:00	62815,99	62815,99	62659,65	62740,5	LONG	0,00167	5981,87	0,00648	HOLD	98,2349	192,9918
2026-07-05	13:00	62740,5	62819,91	62669,99	62782,18	LONG	0,00167	5981,87	0,00648	HOLD	98,2349	193,0614
2026-07-05	14:00	62782,18	63059,99	62718,31	63020,21	LONG	0,00167	5981,87	0,00648	HOLD	98,2349	193,4589
2026-07-05	15:00	63020,21	63104	62900	62915	LONG	0,00167	5981,87	0,00648	HOLD	98,2349	193,2832
2026-07-05	16:00	62915	62930,16	62436,59	62622,18	LONG	0,00167	5981,87	0,00648	HOLD	98,2349	192,7942
2026-07-05	17:00	62622,18	62756,25	62536,57	62756,12	LONG	0,00167	5981,87	0,00648	HOLD	98,2349	193,0179
2026-07-05	18:00	62756,12	62812	62600,03	62658,92	LONG	0,00167	5981,87	0,00648	HOLD	98,2349	192,8555
2026-07-05	19:00	62658,92	62772	62569,37	62745,01	LONG	0,00167	5981,87	0,00648	HOLD	98,2349	192,9993
2026-07-05	20:00	62745	62819,66	62644,12	62792	LONG	0,00167	5981,87	0,00648	HOLD	98,2349	193,0778
2026-07-05	21:00	62791,99	62818,37	62656,02	62812,25	LONG	0,00167	5981,87	0,00648	HOLD	98,2349	193,1116
2026-07-05	22:00	62812,25	62943,59	62679,76	62740,01	LONG	0,00167	5981,87	0,00648	HOLD	98,2349	192,991
2026-07-05	23:00	62740,01	62772,86	62590,02	62637,48	LONG	0,00167	5981,87	0,00648	HOLD	98,2349	192,8197
2026-07-06	00:00	62637,48	62820	62594,38	62624,93	LONG	0,00167	5981,87	0,00648	HOLD	98,2349	192,7988
2026-07-06	01:00	62624,93	62880	62616	62820,33	LONG	0,00167	5981,87	0,00648	HOLD	98,2349	193,1251
2026-07-06	02:00	62820,33	62888,14	62714,98	62768,88	LONG	0,00167	5981,87	0,00648	HOLD	98,2349	193,0392
2026-07-06	03:00	62768,87	62836,01	62700	62730,61	LONG	0,00167	5981,87	0,00648	HOLD	98,2349	192,9753
2026-07-06	04:00	62730,61	63220	62609,47	63092,01	LONG	0,00167	5981,87	0,00648	HOLD	98,2349	193,5788
2026-07-06	05:00	63092	63964,48	63005,04	63736	LONG	0,00167	5981,87	0,00648	HOLD	98,2349	194,6543
2026-07-06	06:00	63735,99	63999	63577,36	63650	LONG	0,00167	5981,87	0,00648	HOLD	98,2349	194,5106
2026-07-06	07:00	63650,01	63772,52	63350	63761,99	LONG	0,00167	5981,87	0,00648	HOLD	98,2349	194,6977
2026-07-06	08:00	63761,98	63920	63550	63576	LONG	0,00167	5981,87	0,00648	HOLD	98,2349	194,3871
2026-07-06	09:00	63576	63669,45	63373,13	63460,01	LONG	0,00167	5981,87	0,00648	HOLD	98,2349	194,1934
2026-07-06	10:00	63460,01	63495,14	63136,01	63294	LONG	0,00167	5981,87	0,00648	HOLD	98,2349	193,9161
2026-07-06	11:00	63294	63402,77	63187,98	63267,99	LONG	0,00167	5981,87	0,00648	HOLD	98,2349	193,8727
2026-07-06	12:00	63267,99	63268	62950	63114	LONG	0,00167	5981,87	0,00648	HOLD	98,2349	193,6155
2026-07-06	13:00	63113,99	63152,7	62972	62976	LONG	0,00167	5981,87	0,00648	HOLD	98,2349	193,3851
2026-07-06	14:00	62976	63120	62890	63089,42	LONG	0,00167	5981,87	0,00648	HOLD	98,2349	193,5745
2026-07-06	15:00	63089,42	63244	62800,13	62904,01	LONG	0,00167	5981,87	0,00648	HOLD	98,2349	193,2648
2026-07-06	16:00	62904,01	62914	62630,85	62664,77	LONG	0,00167	5981,87	0,00648	HOLD	98,2349	192,8653
2026-07-06	17:00	62664,77	63030	62664,76	62822,06	LONG	0,00167	5981,87	0,00648	HOLD	98,2349	193,128
2026-07-06	18:00	62822,07	63000	62483,83	62483,84	LONG	0,00167	5981,87	0,00648	HOLD	98,2349	192,5632
2026-07-06	19:00	62483,84	62487,98	61668,2	61754,01	LONG	0,00167	5981,87	0,00648	HOLD	98,2349	191,3443
2026-07-06	20:00	61754,01	62034	61306,84	61768,21	LONG	0,00167	5981,87	0,00648	HOLD	98,2349	191,3681
2026-07-06	21:00	61768,2	62411,41	61712,54	62052	LONG	0,00167	5981,87	0,00648	HOLD	98,2349	191,842
2026-07-06	22:00	62052	63550	62052	63545,98	LONG	0,00167	5981,87	0,00648	HOLD	98,2349	194,3369
2026-07-06	23:00	63545,98	63863	63386,01	63732	LONG	0,00167	5981,87	0,00648	HOLD	98,2349	194,6476
2026-07-07	00:00	63732	63976,16	63570,16	63587,38	LONG	0,00167	5981,87	0,00648	HOLD	98,2349	194,4061
2026-07-07	01:00	63587,38	63886	63560	63696,4	LONG	0,00167	5981,87	0,00648	HOLD	98,2349	194,5881
2026-07-07	02:00	63696,4	63887,93	63652,42	63738,52	LONG	0,00167	5981,87	0,00648	HOLD	98,2349	194,6585
2026-07-07	03:00	63738,52	63892,65	63589,41	63828	LONG	0,00167	5981,87	0,00648	HOLD	98,2349	194,8079
2026-07-07	04:00	63828	64700	63810	64489,98	LONG	0,00167	5981,87	0,00648	HOLD	98,2349	195,9134
2026-07-07	05:00	64489,97	64500	64151,01	64244	LONG	0,00167	5981,87	0,00648	HOLD	98,2349	195,5026
2026-07-07	06:00	64244	64340,76	64017,78	64042,02	LONG	0,00167	5981,87	0,00648	HOLD	98,2349	195,1653
2026-07-07	07:00	64042,93	64314	63997,5	64203,99	LONG	0,00167	5981,87	0,00648	HOLD	98,2349	195,4358
2026-07-07	08:00	64203,99	64204	63767,04	63840	LONG	0,00167	5981,87	0,00648	HOLD	98,2349	194,8279
2026-07-07	09:00	63840	63908	63288,01	63322,01	LONG	0,00167	5981,87	0,00648	HOLD	98,2349	193,9629
2026-07-07	10:00	63322,01	63414	63150	63191,01	LONG	0,00167	5981,87	0,00648	HOLD	98,2349	193,7441
2026-07-07	11:00	63191,01	63288,33	63064	63100,01	LONG	0,00167	5981,87	0,00648	HOLD	98,2349	193,5922
2026-07-07	12:00	63100	63278,99	62800	63128,01	LONG	0,00167	5981,87	0,00648	HOLD	98,2349	193,6389
2026-07-07	13:00	63128	63400	62984,42	63340	LONG	0,00167	5981,87	0,00648	HOLD	98,2349	193,9929
2026-07-07	14:00	63340,01	63445,7	63072,1	63083,18	LONG	0,00167	5981,87	0,00648	HOLD	98,2349	193,5641
2026-07-07	15:00	63083,19	63184	62984,58	63104	LONG	0,00167	5981,87	0,00648	HOLD	98,2349	193,5988
2026-07-07	16:00	63104	63348,73	63063,28	63256	LONG	0,00167	5981,87	0,00648	HOLD	98,2349	193,8527
2026-07-07	17:00	63256,01	63467,15	63228,17	63284	LONG	0,00167	5981,87	0,00648	HOLD	98,2349	193,8994
2026-07-07	18:00	63284	63452	63116,02	63406	LONG	0,00167	5981,87	0,00648	HOLD	98,2349	194,1032
2026-07-07	19:00	63405,99	63872	63396,58	63481,39	LONG	0,00167	5981,87	0,00648	HOLD	98,2349	194,2291
2026-07-07	20:00	63481,39	63482,5	63000	63056	LONG	0,00167	5981,87	0,00648	HOLD	98,2349	193,5187
2026-07-07	21:00	63056	63634	62671,39	63562,05	LONG	0,00167	5981,87	0,00648	HOLD	98,2349	194,3638
2026-07-07	22:00	63562,05	64105	63376,22	63930,51	LONG	0,00167	5981,87	0,00648	HOLD	98,2349	194,9791
2026-07-07	23:00	63930,5	64243,75	63810	63983,27	LONG	0,00167	5981,87	0,00648	HOLD	98,2349	195,0672
2026-07-08	00:00	63983,28	64232	63896,21	64186	LONG	0,00167	5981,87	0,00648	HOLD	98,2349	195,4058
2026-07-08	01:00	64185,99	64188	63672,01	63679,99	LONG	0,00167	5981,87	0,00648	HOLD	98,2349	194,5607
2026-07-08	02:00	63679,99	63894,58	63379,69	63817,99	LONG	0,00167	5981,87	0,00648	HOLD	98,2349	194,7912
2026-07-08	03:00	63818	63901,75	63585	63697,99	LONG	0,00167	5981,87	0,00648	HOLD	98,2349	194,5908
2026-07-08	04:00	63698	63866	63313,1	63423,94	LONG	0,00167	5981,87	0,00648	HOLD	98,2349	194,1331
2026-07-08	05:00	63423,93	63660	63218	63551,02	LONG	0,00167	5981,87	0,00648	HOLD	98,2349	194,3453
2026-07-08	06:00	63551,02	63708	63320	63363,99	LONG	0,00167	5981,87	0,00648	HOLD	98,2349	194,033
2026-07-08	07:00	63364	63761,99	63307,36	63612,77	LONG	0,00167	5981,87	0,00648	HOLD	98,2349	194,4485
2026-07-08	08:00	63612,78	63649,5	62921,78	63038,01	LONG	0,00167	5981,87	0,00648	HOLD	98,2349	193,4886
2026-07-08	09:00	63038	63066	62525,47	62979,99	LONG	0,00167	5981,87	0,00648	HOLD	98,2349	193,3917
2026-07-08	10:00	62979,98	63094	62700,18	62766	LONG	0,00167	5981,87	0,00648	HOLD	98,2349	193,0344
2026-07-08	11:00	62766	62901,49	62676	62800	LONG	0,00167	5981,87	0,00648	HOLD	98,2349	193,0911
2026-07-08	12:00	62800,01	62876,95	62558	62637,88	LONG	0,00167	5981,87	0,00648	HOLD	98,2349	192,8204
2026-07-08	13:00	62637,88	62746	62477,04	62657,81	LONG	0,00167	5981,87	0,00648	HOLD	98,2349	192,8537
2026-07-08	14:00	62657,82	62894,89	62550	62888,35	LONG	0,00167	5981,87	0,00648	HOLD	98,2349	193,2387
2026-07-08	15:00	62888,34	62941,46	61855,26	62018,36	LONG	0,00167	5981,87	0,00648	HOLD	98,2349	191,7858
2026-07-08	16:00	62018,36	62190,01	61743,83	62057,67	LONG	0,00167	5981,87	0,00648	HOLD	98,2349	191,8515
2026-07-08	17:00	62057,68	62199,97	61903,45	62183,12	LONG	0,00167	5981,87	0,00648	HOLD	98,2349	192,061
2026-07-08	18:00	62183,11	62392,04	62055,63	62299,99	LONG	0,00167	5981,87	0,00648	HOLD	98,2349	192,2561
2026-07-08	19:00	62300	62451,08	61953,58	61957,73	LONG	0,00167	5981,87	0,00648	HOLD	98,2349	191,6846
2026-07-08	20:00	61957,74	62090	61632,23	61945,49	LONG	0,00167	5981,87	0,00648	HOLD	98,2349	191,6641
2026-07-08	21:00	61945,49	62173,56	61712	61889,83	LONG	0,00167	5981,87	0,00648	HOLD	98,2349	191,5712
2026-07-08	22:00	61889,83	61922	61544,56	61704,01	LONG	0,00167	5981,87	0,00648	HOLD	98,2349	191,2608
2026-07-08	23:00	61704,01	62164,6	61692	62113,03	LONG	0,00167	5981,87	0,00648	HOLD	98,2349	191,9439
2026-07-09	00:00	62113,02	62394,32	62032	62104,62	LONG	0,00167	5981,87	0,00648	HOLD	98,2349	191,9299
2026-07-09	01:00	62104,62	62351,97	62045,2	62185,32	LONG	0,00167	5981,87	0,00648	HOLD	98,2349	192,0646
2026-07-09	02:00	62185,33	62292,19	62068	62277,98	LONG	0,00167	5981,87	0,00648	HOLD	98,2349	192,2194
2026-07-09	03:00	62277,98	62306,54	62082,8	62099,61	LONG	0,00167	5981,87	0,00648	HOLD	98,2349	191,9215
2026-07-09	04:00	62099,62	62251,22	61956	62187,17	LONG	0,00167	5981,87	0,00648	HOLD	98,2349	192,0677
2026-07-09	05:00	62187,17	62350,63	62178	62330,4	LONG	0,00167	5981,87	0,00648	HOLD	98,2349	192,3069
2026-07-09	06:00	62330,4	62346,6	62174	62290	LONG	0,00167	5981,87	0,00648	HOLD	98,2349	192,2394
2026-07-09	07:00	62290,01	62309,88	62058,51	62129,99	LONG	0,00167	5981,87	0,00648	HOLD	98,2349	191,9722
2026-07-09	08:00	62129,99	62642	61837,1	61916	LONG	0,00167	5981,87	0,00648	HOLD	98,2349	191,6149
2026-07-09	09:00	61916	62121,21	61705,29	61788,8	LONG	0,00167	5981,87	0,00648	HOLD	98,2349	191,4024
2026-07-09	10:00	61788,79	62062,99	61730	61974,34	LONG	0,00167	5981,87	0,00648	HOLD	98,2349	191,7123
2026-07-09	11:00	61974,34	62456,29	61956,46	62453,74	LONG	0,00167	5981,87	0,00648	HOLD	98,2349	192,5129
2026-07-09	12:00	62453,74	62624,61	62236	62589,61	LONG	0,00167	5981,87	0,00648	HOLD	98,2349	192,7398
2026-07-09	13:00	62589,61	62980	62485,58	62959,96	LONG	0,00167	5981,87	0,00648	HOLD	98,2349	193,3583
2026-07-09	14:00	62959,96	63283,26	62788,06	63000	LONG	0,00167	5981,87	0,00648	HOLD	98,2349	193,4251
2026-07-09	15:00	62999,99	63100,1	62855,63	62903,65	LONG	0,00167	5981,87	0,00648	HOLD	98,2349	193,2642
2026-07-09	16:00	62903,66	63002	62786,82	62953,4	LONG	0,00167	5981,87	0,00648	HOLD	98,2349	193,3473
2026-07-09	17:00	62953,4	63056,98	62688	62786,04	LONG	0,00167	5981,87	0,00648	HOLD	98,2349	193,0678
2026-07-09	18:00	62786,05	62830	62614,66	62786,34	LONG	0,00167	5981,87	0,00648	HOLD	98,2349	193,0683
2026-07-09	19:00	62786,33	62952	62465,39	62614,02	LONG	0,00167	5981,87	0,00648	HOLD	98,2349	192,7806
2026-07-09	20:00	62614,01	63240,15	62523,08	63028,35	LONG	0,00167	5981,87	0,00648	HOLD	98,2349	193,4725
2026-07-09	21:00	63028,36	63144,79	62666,66	63016	LONG	0,00167	5981,87	0,00648	HOLD	98,2349	193,4519
2026-07-09	22:00	63016	63261	62811,1	62868,05	LONG	0,00167	5981,87	0,00648	HOLD	98,2349	193,2048
2026-07-09	23:00	62868,06	62996	62559,59	62700,01	LONG	0,00167	5981,87	0,00648	HOLD	98,2349	192,9242
2026-07-10	00:00	62700,01	63165,12	62668	63142,79	LONG	0,00167	5981,87	0,00648	HOLD	98,2349	193,6636
2026-07-10	01:00	63142,79	63500	63080	63219,03	LONG	0,00167	5981,87	0,00648	HOLD	98,2349	193,7909
2026-07-10	02:00	63219,03	63375,73	63118,45	63248,1	LONG	0,00167	5981,87	0,00648	HOLD	98,2349	193,8395
2026-07-10	03:00	63248,09	63330,85	63177,36	63313,38	LONG	0,00167	5981,87	0,00648	HOLD	98,2349	193,9485
2026-07-10	04:00	63313,38	63397,94	63208,91	63274,59	LONG	0,00167	5981,87	0,00648	HOLD	98,2349	193,8837
2026-07-10	05:00	63274,6	63418	63218,77	63218,78	LONG	0,00167	5981,87	0,00648	HOLD	98,2349	193,7905
2026-07-10	06:00	63218,78	63325	63060,91	63230	LONG	0,00167	5981,87	0,00648	HOLD	98,2349	193,8092
2026-07-10	07:00	63230,01	63255,49	62926,01	63113,93	LONG	0,00167	5981,87	0,00648	HOLD	98,2349	193,6154
2026-07-10	08:00	63113,92	63999,99	62962	63749,86	LONG	0,00167	5981,87	0,00648	HOLD	98,2349	194,6774
2026-07-10	09:00	63749,86	64050,23	63692,76	63961,99	LONG	0,00167	5981,87	0,00648	HOLD	98,2349	195,0317
2026-07-10	10:00	63961,99	64050	63822,8	63947,2	LONG	0,00167	5981,87	0,00648	HOLD	98,2349	195,007
2026-07-10	11:00	63947,2	64176,86	63857,64	64047,88	LONG	0,00167	5981,87	0,00648	HOLD	98,2349	195,1751
2026-07-10	12:00	64047,89	64200	63944,05	64115,99	LONG	0,00167	5981,87	0,00648	HOLD	98,2349	195,2888
2026-07-10	13:00	64116	64162	63836	63854,71	LONG	0,00167	5981,87	0,00648	HOLD	98,2349	194,8525
2026-07-10	14:00	63854,71	64011,9	63802,02	63963	LONG	0,00167	5981,87	0,00648	HOLD	98,2349	195,0334
2026-07-10	15:00	63963	64392	63962,99	64246,01	LONG	0,00167	5981,87	0,00648	HOLD	98,2349	195,506
2026-07-10	16:00	64246	64480,01	64102	64385,09	LONG	0,00167	5981,87	0,00648	HOLD	98,2349	195,7382
2026-07-10	17:00	64385,09	64494,84	64274,47	64407,8	LONG	0,00167	5981,87	0,00648	HOLD	98,2349	195,7762
2026-07-10	18:00	64407,8	64480	64341,83	64425,18	LONG	0,00167	5981,87	0,00648	HOLD	98,2349	195,8052
2026-07-10	19:00	64425,18	64608	63999	64286,64	LONG	0,00167	5981,87	0,00648	HOLD	98,2349	195,5738
2026-07-10	20:00	64286,65	64692,83	64152,84	64484	LONG	0,00167	5981,87	0,00648	HOLD	98,2349	195,9034
2026-07-10	21:00	64484	64516	63793,43	63914,87	LONG	0,00167	5981,87	0,00648	HOLD	98,2349	194,953
2026-07-10	22:00	63914,88	64210	63898	64040	LONG	0,00167	5981,87	0,00648	HOLD	98,2349	195,1619
2026-07-10	23:00	64039,99	64220	63826,57	64140,01	LONG	0,00167	5981,87	0,00648	HOLD	98,2349	195,329
2026-07-11	00:00	64140	64158,58	63821,88	63823,99	LONG	0,00167	5981,87	0,00648	HOLD	98,2349	194,8012
2026-07-11	01:00	63824	64003,99	63732,66	63810	LONG	0,00167	5981,87	0,00648	HOLD	98,2349	194,7778
2026-07-11	02:00	63809,99	64077,56	63780	63917,88	LONG	0,00167	5981,87	0,00648	HOLD	98,2349	194,958
2026-07-11	03:00	63917,88	63946,36	63656	63841,25	LONG	0,00167	5981,87	0,00648	HOLD	98,2349	194,83
2026-07-11	04:00	63841,25	64099,56	63835,05	64011,99	LONG	0,00167	5981,87	0,00648	HOLD	98,2349	195,1152
2026-07-11	05:00	64012	64169,39	63981,37	64112,29	LONG	0,00167	5981,87	0,00648	HOLD	98,2349	195,2827
2026-07-11	06:00	64112,3	64222,61	64024	64161,72	LONG	0,00167	5981,87	0,00648	HOLD	98,2349	195,3652
2026-07-11	07:00	64161,72	64168,49	64028,43	64124	LONG	0,00167	5981,87	0,00648	HOLD	98,2349	195,3022
2026-07-11	08:00	64123,99	64310	64004,01	64012,95	LONG	0,00167	5981,87	0,00648	HOLD	98,2349	195,1168
2026-07-11	09:00	64012,95	64166	63984,07	64158,04	LONG	0,00167	5981,87	0,00648	HOLD	98,2349	195,3591
2026-07-11	10:00	64158,04	64195,04	64068	64150,42	LONG	0,00167	5981,87	0,00648	HOLD	98,2349	195,3463
2026-07-11	11:00	64150,42	64213,55	64080,26	64152	LONG	0,00167	5981,87	0,00648	HOLD	98,2349	195,349
2026-07-11	12:00	64152	64221,99	64121,07	64176,01	LONG	0,00167	5981,87	0,00648	HOLD	98,2349	195,3891
2026-07-11	13:00	64176	64278	64124	64219,1	LONG	0,00167	5981,87	0,00648	HOLD	98,2349	195,461
2026-07-11	14:00	64219,09	64256,55	64152	64162,18	LONG	0,00167	5981,87	0,00648	HOLD	98,2349	195,366
2026-07-11	15:00	64162,18	64300	64153,87	64265,98	LONG	0,00167	5981,87	0,00648	HOLD	98,2349	195,5393
2026-07-11	16:00	64265,98	64300	64159,7	64167,34	LONG	0,00167	5981,87	0,00648	HOLD	98,2349	195,3746
2026-07-11	17:00	64167,35	64204,02	64129,99	64196	LONG	0,00167	5981,87	0,00648	HOLD	98,2349	195,4225
2026-07-11	18:00	64196	64215,32	64167,99	64198	LONG	0,00167	5981,87	0,00648	HOLD	98,2349	195,4258
2026-07-11	19:00	64197,99	64228	64130,65	64195,49	LONG	0,00167	5981,87	0,00648	HOLD	98,2349	195,4216
2026-07-11	20:00	64195,48	64266	64159,99	64235,66	LONG	0,00167	5981,87	0,00648	HOLD	98,2349	195,4887
2026-07-11	21:00	64235,67	64504,11	64235,66	64350,07	LONG	0,00167	5981,87	0,00648	HOLD	98,2349	195,6798
2026-07-11	22:00	64350,07	64484,01	63896,18	64175,75	LONG	0,00167	5981,87	0,00648	HOLD	98,2349	195,3886
2026-07-11	23:00	64175,75	64273,63	64084	64180,01	LONG	0,00167	5981,87	0,00648	HOLD	98,2349	195,3958
2026-07-12	00:00	64180	64402	64164,08	64315,53	LONG	0,00167	5981,87	0,00648	HOLD	98,2349	195,6221
2026-07-12	01:00	64315,53	64395,17	64288,91	64327,99	LONG	0,00167	5981,87	0,00648	HOLD	98,2349	195,6429
2026-07-12	02:00	64327,99	64338	64233,23	64286	LONG	0,00167	5981,87	0,00648	HOLD	98,2349	195,5728
2026-07-12	03:00	64286	64463,83	64285,99	64382,45	LONG	0,00167	5981,87	0,00648	HOLD	98,2349	195,7338
2026-07-12	04:00	64382,44	64427,56	64338,09	64355,99	LONG	0,00167	5981,87	0,00648	HOLD	98,2349	195,6896
2026-07-12	05:00	64355,99	64424,03	64144,47	64203,08	LONG	0,00167	5981,87	0,00648	HOLD	98,2349	195,4343
2026-07-12	06:00	64203,09	64246	63819	63819	LONG	0,00167	5981,87	0,00648	HOLD	98,2349	194,7929
2026-07-12	07:00	63819,01	63909,92	63702,16	63828,47	LONG	0,00167	5981,87	0,00648	HOLD	98,2349	194,8087
2026-07-12	08:00	63828,48	64172,66	63812	64133,61	LONG	0,00167	5981,87	0,00648	HOLD	98,2349	195,3183
2026-07-12	09:00	64133,61	64133,62	64029,51	64070,39	LONG	0,00167	5981,87	0,00648	HOLD	98,2349	195,2127
2026-07-12	10:00	64070,4	64223,74	64035,68	64223,73	LONG	0,00167	5981,87	0,00648	HOLD	98,2349	195,4688
2026-07-12	11:00	64223,73	64245,87	63943,68	63999,93	LONG	0,00167	5981,87	0,00648	HOLD	98,2349	195,095
2026-07-12	12:00	63999,94	64024,48	63900	63959,93	LONG	0,00167	5981,87	0,00648	HOLD	98,2349	195,0282
2026-07-12	13:00	63959,93	63962,85	63640,83	63762,46	LONG	0,00167	5981,87	0,00648	HOLD	98,2349	194,6985
2026-07-12	14:00	63762,47	63908,39	63740,12	63885,27	LONG	0,00167	5981,87	0,00648	HOLD	98,2349	194,9035
2026-07-12	15:00	63885,28	64100,32	63884,2	63983,18	LONG	0,00167	5981,87	0,00648	HOLD	98,2349	195,0671
2026-07-12	16:00	63983,18	64062,17	63764	63961,61	LONG	0,00167	5981,87	0,00648	HOLD	98,2349	195,031
2026-07-12	17:00	63961,6	63961,6	63843,4	63865,76	LONG	0,00167	5981,87	0,00648	HOLD	98,2349	194,871
2026-07-12	18:00	63865,76	64030	63826,01	64018,01	LONG	0,00167	5981,87	0,00648	HOLD	98,2349	195,1252
2026-07-12	19:00	64018	64135	63970,55	64026	LONG	0,00167	5981,87	0,00648	HOLD	98,2349	195,1386
2026-07-12	20:00	64026,01	64097,99	63987,4	64023,14	LONG	0,00167	5981,87	0,00648	HOLD	98,2349	195,1338
2026-07-12	21:00	64023,13	64290,11	63958,71	64203,08	LONG	0,00167	5981,87	0,00648	HOLD	98,2349	195,4343
2026-07-12	22:00	64203,08	64262,15	64117,97	64176	LONG	0,00167	5981,87	0,00648	HOLD	98,2349	195,3891
2026-07-12	23:00	64176	64209,64	64042	64177,7	LONG	0,00167	5981,87	0,00648	HOLD	98,2349	195,3919
2026-07-13	00:00	64177,7	64177,74	64029,12	64078	LONG	0,00167	5981,87	0,00648	HOLD	98,2349	195,2254
2026-07-13	01:00	64078	64150	64018,69	64147,99	LONG	0,00167	5981,87	0,00648	HOLD	98,2349	195,3423
2026-07-13	02:00	64148	64270	64147,3	64228,59	LONG	0,00167	5981,87	0,00648	HOLD	98,2349	195,4769
2026-07-13	03:00	64228,59	64254	64178,03	64198,89	LONG	0,00167	5981,87	0,00648	HOLD	98,2349	195,4273
2026-07-13	04:00	64198,9	64232,02	63891,84	63920,4	LONG	0,00167	5981,87	0,00648	HOLD	98,2349	194,9622
2026-07-13	05:00	63920,4	63923,99	63668	63886,87	LONG	0,00167	5981,87	0,00648	HOLD	98,2349	194,9062
2026-07-13	06:00	63886,86	63914,85	63726,62	63780	LONG	0,00167	5981,87	0,00648	HOLD	98,2349	194,7277
2026-07-13	07:00	63780	64425	63568	64072,01	LONG	0,00167	5981,87	0,00648	HOLD	98,2349	195,2154
2026-07-13	08:00	64072	64072,01	63376,53	63412,01	LONG	0,00167	5981,87	0,00648	HOLD	98,2349	194,1132
2026-07-13	09:00	63412,01	63541,94	63237,26	63375,99	LONG	0,00167	5981,87	0,00648	HOLD	98,2349	194,053
2026-07-13	10:00	63376	63382,95	62741,04	62806,41	LONG	0,00167	5981,87	0,00648	HOLD	98,2349	193,1018
2026-07-13	11:00	62806,41	62911,94	62620,13	62672	LONG	0,00167	5981,87	0,00648	HOLD	98,2349	192,8774
2026-07-13	12:00	62672	62905,68	62500,76	62799	LONG	0,00167	5981,87	0,00648	HOLD	98,2349	193,0895
2026-07-13	13:00	62799,01	62880	62710,45	62797,55	LONG	0,00167	5981,87	0,00648	HOLD	98,2349	193,0871
2026-07-13	14:00	62797,55	63070,01	62753,69	62985,52	LONG	0,00167	5981,87	0,00648	HOLD	98,2349	193,401
2026-07-13	15:00	62985,53	63302,88	62935,92	63206,97	LONG	0,00167	5981,87	0,00648	HOLD	98,2349	193,7708
2026-07-13	16:00	63206,98	63210	63086,12	63100,02	LONG	0,00167	5981,87	0,00648	HOLD	98,2349	193,5922
2026-07-13	17:00	63100,02	63157,85	62862,28	62867,89	LONG	0,00167	5981,87	0,00648	HOLD	98,2349	193,2045
2026-07-13	18:00	62867,9	63135,55	62867,9	62901,99	LONG	0,00167	5981,87	0,00648	HOLD	98,2349	193,2615
2026-07-13	19:00	62901,99	62990,04	62570	62625,15	LONG	0,00167	5981,87	0,00648	HOLD	98,2349	192,7991
2026-07-13	20:00	62625,15	62766,37	62164	62318	LONG	0,00167	5981,87	0,00648	HOLD	98,2349	192,2862
2026-07-13	21:00	62318,01	62794,97	62101	62791,85	LONG	0,00167	5981,87	0,00648	HOLD	98,2349	193,0775
2026-07-13	22:00	62791,85	62983,83	62559,58	62618,01	LONG	0,00167	5981,87	0,00648	HOLD	98,2349	192,7872
2026-07-13	23:00	62618	62629,35	62212	62276	LONG	0,00167	5981,87	0,00648	HOLD	98,2349	192,2161
2026-07-14	00:00	62276,01	62370	61900	61904,99	LONG	0,00167	5981,87	0,00648	HOLD	98,2349	191,5965
2026-07-14	01:00	61904,99	62100	61824,97	62020	LONG	0,00167	5981,87	0,00648	HOLD	98,2349	191,7885
2026-07-14	02:00	62020	62292,84	61990	62288,23	LONG	0,00167	5981,87	0,00648	HOLD	98,2349	192,2365
2026-07-14	03:00	62288,23	62324,74	62050,71	62210,99	LONG	0,00167	5981,87	0,00648	HOLD	98,2349	192,1075
2026-07-14	04:00	62211	62216,35	61897,45	62065,06	LONG	0,00167	5981,87	0,00648	HOLD	98,2349	191,8638
2026-07-14	05:00	62065,05	62224	61911,31	61924	LONG	0,00167	5981,87	0,00648	HOLD	98,2349	191,6282
2026-07-14	06:00	61924	62347,46	61882,88	62334,52	LONG	0,00167	5981,87	0,00648	HOLD	98,2349	192,3138
2026-07-14	07:00	62334,52	62666,66	62272,2	62549,54	LONG	0,00167	5981,87	0,00648	HOLD	98,2349	192,6729
2026-07-14	08:00	62549,55	62640	62460,03	62540,42	LONG	0,00167	5981,87	0,00648	HOLD	98,2349	192,6576
2026-07-14	09:00	62540,41	62645	62329,98	62544	LONG	0,00167	5981,87	0,00648	HOLD	98,2349	192,6636
2026-07-14	10:00	62544	62604	62314	62572,89	LONG	0,00167	5981,87	0,00648	HOLD	98,2349	192,7119
2026-07-14	11:00	62572,88	62768,95	62539,71	62745,23	LONG	0,00167	5981,87	0,00648	HOLD	98,2349	192,9997
2026-07-14	12:00	62745,24	62872	62697,69	62737	LONG	0,00167	5981,87	0,00648	HOLD	98,2349	192,9859
2026-07-14	13:00	62737	62772,48	62566,01	62624,05	LONG	0,00167	5981,87	0,00648	HOLD	98,2349	192,7973
2026-07-14	14:00	62624,06	62655,99	62516,93	62560,92	LONG	0,00167	5981,87	0,00648	HOLD	98,2349	192,6919
2026-07-14	15:00	62560,92	62807,94	62500	62713,85	LONG	0,00167	5981,87	0,00648	HOLD	98,2349	192,9473
2026-07-14	16:00	62713,85	62742	62534,29	62629,55	LONG	0,00167	5981,87	0,00648	HOLD	98,2349	192,8065
2026-07-14	17:00	62629,56	62908,8	62609,47	62800	LONG	0,00167	5981,87	0,00648	HOLD	98,2349	193,0911
2026-07-14	18:00	62800,01	62923,06	62713,6	62844,99	LONG	0,00167	5981,87	0,00648	HOLD	98,2349	193,1663
2026-07-14	19:00	62844,99	63989,54	62780,84	63960	LONG	0,00167	5981,87	0,00648	HOLD	98,2349	195,0283
2026-07-14	20:00	63959,99	64181,99	63699,03	63840,01	LONG	0,00167	5981,87	0,00648	HOLD	98,2349	194,828
2026-07-14	21:00	63840,01	64346,49	63580,99	64305,02	LONG	0,00167	5981,87	0,00648	HOLD	98,2349	195,6045
2026-07-14	22:00	64305,01	64966,43	64194,64	64743,99	LONG	0,00167	5981,87	0,00648	HOLD	98,2349	196,3376
2026-07-14	23:00	64744	64896,86	64606	64730	LONG	0,00167	5981,87	0,00648	HOLD	98,2349	196,3142
2026-07-15	00:00	64730,01	64730,01	64231,77	64621,43	LONG	0,00167	5981,87	0,00648	HOLD	98,2349	196,1329
2026-07-15	01:00	64621,43	64648,88	64477,23	64571,98	LONG	0,00167	5981,87	0,00648	HOLD	98,2349	196,0503
2026-07-15	02:00	64571,99	64704	64487,38	64569,59	LONG	0,00167	5981,87	0,00648	HOLD	98,2349	196,0464
2026-07-15	03:00	64569,59	64599	64419,99	64572,02	LONG	0,00167	5981,87	0,00648	HOLD	98,2349	196,0504
2026-07-15	04:00	64572,02	64893,92	64526	64676,9	LONG	0,00167	5981,87	0,00648	HOLD	98,2349	196,2256
2026-07-15	05:00	64676,89	65100	64516	64860,89	LONG	0,00167	5981,87	0,00648	HOLD	98,2349	196,5328
2026-07-15	06:00	64860,89	65048	64782	65043,98	LONG	0,00167	5981,87	0,00648	HOLD	98,2349	196,8386
2026-07-15	07:00	65043,99	65065,01	64765,12	64824,58	LONG	0,00167	5981,87	0,00648	HOLD	98,2349	196,4722
2026-07-15	08:00	64824,57	64853,08	64644,48	64674,35	LONG	0,00167	5981,87	0,00648	HOLD	98,2349	196,2213
2026-07-15	09:00	64674,35	64755,99	64488	64490,87	LONG	0,00167	5981,87	0,00648	HOLD	98,2349	195,9149
2026-07-15	10:00	64490,87	64840	64490,86	64792,01	LONG	0,00167	5981,87	0,00648	HOLD	98,2349	196,4178
2026-07-15	11:00	64792	64885,99	64714	64746,01	LONG	0,00167	5981,87	0,00648	HOLD	98,2349	196,341
2026-07-15	12:00	64746,01	64964,96	64602,5	64944,06	LONG	0,00167	5981,87	0,00648	HOLD	98,2349	196,6717
2026-07-15	13:00	64944,06	65277,37	64814	64814	LONG	0,00167	5981,87	0,00648	HOLD	98,2349	196,4545
2026-07-15	14:00	64814,01	64876	64485	64549,34	LONG	0,00167	5981,87	0,00648	HOLD	98,2349	196,0125
2026-07-15	15:00	64549,33	64797,02	64549,33	64768,01	LONG	0,00167	5981,87	0,00648	HOLD	98,2349	196,3777
2026-07-15	16:00	64768	64917,94	64653,18	64671,83	LONG	0,00167	5981,87	0,00648	HOLD	98,2349	196,2171
2026-07-15	17:00	64671,84	64855,56	64614	64663	LONG	0,00167	5981,87	0,00648	HOLD	98,2349	196,2024
2026-07-15	18:00	64663	64767,37	64616,11	64732,15	LONG	0,00167	5981,87	0,00648	HOLD	98,2349	196,3178
2026-07-15	19:00	64732,15	65249,9	64606	65164	LONG	0,00167	5981,87	0,00648	HOLD	98,2349	197,039
2026-07-15	20:00	65164	65577	64888	65117,99	LONG	0,00167	5981,87	0,00648	HOLD	98,2349	196,9622
2026-07-15	21:00	65118	65517,05	65070	65399,81	LONG	0,00167	5981,87	0,00648	HOLD	98,2349	197,4328
2026-07-15	22:00	65399,8	65600	65261,71	65427,61	LONG	0,00167	5981,87	0,00648	HOLD	98,2349	197,4793
2026-07-15	23:00	65427,6	65470	64784,83	65120,79	LONG	0,00167	5981,87	0,00648	HOLD	98,2349	196,9669
2026-07-16	00:00	65120,8	65194,72	64972,95	65056,1	LONG	0,00167	5981,87	0,00648	HOLD	98,2349	196,8588
2026-07-16	01:00	65056,1	65143,57	64847,42	64860	LONG	0,00167	5981,87	0,00648	HOLD	98,2349	196,5313
2026-07-16	02:00	64860	65000	64738,49	64977,34	LONG	0,00167	5981,87	0,00648	HOLD	98,2349	196,7273
2026-07-16	03:00	64977,34	65055,39	64899	64968,01	LONG	0,00167	5981,87	0,00648	HOLD	98,2349	196,7117
2026-07-16	04:00	64968,02	65018,74	64789,89	64834,31	LONG	0,00167	5981,87	0,00648	HOLD	98,2349	196,4884
2026-07-16	05:00	64834,31	64982,47	64772	64866,93	LONG	0,00167	5981,87	0,00648	HOLD	98,2349	196,5429
2026-07-16	06:00	64866,93	64938	64691,89	64756,28	LONG	0,00167	5981,87	0,00648	HOLD	98,2349	196,3581
2026-07-16	07:00	64756,28	64845,5	64500	64584,07	LONG	0,00167	5981,87	0,00648	HOLD	98,2349	196,0705
2026-07-16	08:00	64584,07	64830	64392,01	64730,01	LONG	0,00167	5981,87	0,00648	HOLD	98,2349	196,3143
2026-07-16	09:00	64730	64735,09	64574,02	64642,01	LONG	0,00167	5981,87	0,00648	HOLD	98,2349	196,1673
2026-07-16	10:00	64642	64745,55	64555	64619,95	LONG	0,00167	5981,87	0,00648	HOLD	98,2349	196,1305
2026-07-16	11:00	64619,96	64692	64544,04	64650,05	LONG	0,00167	5981,87	0,00648	HOLD	98,2349	196,1807
2026-07-16	12:00	64650,05	64997,52	64592,67	64917,99	LONG	0,00167	5981,87	0,00648	HOLD	98,2349	196,6282
2026-07-16	13:00	64917,99	64978	64630,01	64777,32	LONG	0,00167	5981,87	0,00648	HOLD	98,2349	196,3933
2026-07-16	14:00	64777,33	64777,33	64086,12	64238	LONG	0,00167	5981,87	0,00648	HOLD	98,2349	195,4926
2026-07-16	15:00	64238	64380	63888	64126,85	LONG	0,00167	5981,87	0,00648	HOLD	98,2349	195,307
2026-07-16	16:00	64126,86	64186,83	64019,02	64090	LONG	0,00167	5981,87	0,00648	HOLD	98,2349	195,2454
2026-07-16	17:00	64090	64269,42	64077,75	64221,34	LONG	0,00167	5981,87	0,00648	HOLD	98,2349	195,4648
2026-07-16	18:00	64221,34	64269,42	64101	64256,53	LONG	0,00167	5981,87	0,00648	HOLD	98,2349	195,5235
2026-07-16	19:00	64256,52	64256,52	63838,28	63966,01	LONG	0,00167	5981,87	0,00648	HOLD	98,2349	195,0384
2026-07-16	20:00	63966,01	64480	63961,14	64376	LONG	0,00167	5981,87	0,00648	HOLD	98,2349	195,7231
2026-07-16	21:00	64375,99	64863,07	64332,57	64543,51	LONG	0,00167	5981,87	0,00648	HOLD	98,2349	196,0028
2026-07-16	22:00	64543,51	64896	64320	64704,73	LONG	0,00167	5981,87	0,00648	HOLD	98,2349	196,272
2026-07-16	23:00	64704,73	64712	64333,33	64484	LONG	0,00167	5981,87	0,00648	HOLD	98,2349	195,9034
2026-07-17	00:00	64484,01	64484,01	63984,09	64069,03	LONG	0,00167	5981,87	0,00648	HOLD	98,2349	195,2104
2026-07-17	01:00	64069,04	64330	64052,14	64246,01	LONG	0,00167	5981,87	0,00648	HOLD	98,2349	195,506
2026-07-17	02:00	64246,01	64301,99	64152	64271,84	LONG	0,00167	5981,87	0,00648	HOLD	98,2349	195,5491
2026-07-17	03:00	64271,85	64276	64108	64114,27	LONG	0,00167	5981,87	0,00648	HOLD	98,2349	195,286
2026-07-17	04:00	64114,25	64253,25	64101,18	64161,99	LONG	0,00167	5981,87	0,00648	HOLD	98,2349	195,3657
2026-07-17	05:00	64162	64240,12	63950,01	63968	LONG	0,00167	5981,87	0,00648	HOLD	98,2349	195,0417
2026-07-17	06:00	63968,01	64010,58	63748,74	63830,2	LONG	0,00167	5981,87	0,00648	HOLD	98,2349	194,8116
2026-07-17	07:00	63830,2	63912	63612,62	63886	LONG	0,00167	5981,87	0,00648	HOLD	98,2349	194,9048
2026-07-17	08:00	63886	64067,69	63476	63546,24	LONG	0,00167	5981,87	0,00648	HOLD	98,2349	194,3374
2026-07-17	09:00	63546,25	63657,99	63380,28	63482	LONG	0,00167	5981,87	0,00648	HOLD	98,2349	194,2301
2026-07-17	10:00	63482	63720	63482	63570	LONG	0,00167	5981,87	0,00648	HOLD	98,2349	194,377
2026-07-17	11:00	63570	63576	63320	63486,01	LONG	0,00167	5981,87	0,00648	HOLD	98,2349	194,2368
2026-07-17	12:00	63486,01	63486,01	62804,3	62839,76	LONG	0,00167	5981,87	0,00648	HOLD	98,2349	193,1575
2026-07-17	13:00	62839,77	62998,52	62710	62948	LONG	0,00167	5981,87	0,00648	HOLD	98,2349	193,3383
2026-07-17	14:00	62948	62983,99	62800	62828,11	LONG	0,00167	5981,87	0,00648	HOLD	98,2349	193,1381
2026-07-17	15:00	62828,11	62939,04	62666	62888	LONG	0,00167	5981,87	0,00648	HOLD	98,2349	193,2381
2026-07-17	16:00	62888,01	63069,06	62852,89	62989,46	LONG	0,00167	5981,87	0,00648	HOLD	98,2349	193,4075
2026-07-17	17:00	62989,47	63201,91	62989,47	63179,92	LONG	0,00167	5981,87	0,00648	HOLD	98,2349	193,7256
2026-07-17	18:00	63179,91	63361,7	63063,67	63298,01	LONG	0,00167	5981,87	0,00648	HOLD	98,2349	193,9228
2026-07-17	19:00	63298	63348	63069,09	63099,75	LONG	0,00167	5981,87	0,00648	HOLD	98,2349	193,5917
2026-07-17	20:00	63099,75	63180	62537,56	63153,99	LONG	0,00167	5981,87	0,00648	HOLD	98,2349	193,6823
2026-07-17	21:00	63154	63518	63051,77	63174	LONG	0,00167	5981,87	0,00648	HOLD	98,2349	193,7157
2026-07-17	22:00	63174,01	63452	62856,16	63452	LONG	0,00167	5981,87	0,00648	HOLD	98,2349	194,18
2026-07-17	23:00	63452	63706,75	63312,01	63594	LONG	0,00167	5981,87	0,00648	HOLD	98,2349	194,4171
2026-07-18	00:00	63594	64228,27	63594	64049,86	LONG	0,00167	5981,87	0,00648	HOLD	98,2349	195,1784
2026-07-18	01:00	64049,85	64387,99	63894	64259,73	LONG	0,00167	5981,87	0,00648	HOLD	98,2349	195,5289
2026-07-18	02:00	64259,73	64259,73	63981,2	64160,8	LONG	0,00167	5981,87	0,00648	HOLD	98,2349	195,3637
2026-07-18	03:00	64160,8	64192,57	63958,19	64120	LONG	0,00167	5981,87	0,00648	HOLD	98,2349	195,2955
2026-07-18	04:00	64120,01	64216,61	64064	64110	LONG	0,00167	5981,87	0,00648	HOLD	98,2349	195,2788
2026-07-18	05:00	64110,01	64147	63903,63	63986	LONG	0,00167	5981,87	0,00648	HOLD	98,2349	195,0718
2026-07-18	06:00	63986,01	64011,08	63884,35	63931,67	LONG	0,00167	5981,87	0,00648	HOLD	98,2349	194,981
2026-07-18	07:00	63931,67	64012,39	63895,33	63910,04	LONG	0,00167	5981,87	0,00648	HOLD	98,2349	194,9449
2026-07-18	08:00	63910,05	64000	63886,65	63952,98	LONG	0,00167	5981,87	0,00648	HOLD	98,2349	195,0166
2026-07-18	09:00	63952,97	64032,6	63930,54	63967,61	LONG	0,00167	5981,87	0,00648	HOLD	98,2349	195,0411
2026-07-18	10:00	63967,61	64017,85	63928,15	64017,84	LONG	0,00167	5981,87	0,00648	HOLD	98,2349	195,1249
2026-07-18	11:00	64017,84	64017,85	63947,09	63967,99	LONG	0,00167	5981,87	0,00648	HOLD	98,2349	195,0417
2026-07-18	12:00	63968	63998	63926,39	63967,95	LONG	0,00167	5981,87	0,00648	HOLD	98,2349	195,0416
2026-07-18	13:00	63967,95	64005,99	63950	63979,67	LONG	0,00167	5981,87	0,00648	HOLD	98,2349	195,0612
2026-07-18	14:00	63979,67	64026,03	63974,94	64002,75	LONG	0,00167	5981,87	0,00648	HOLD	98,2349	195,0997
2026-07-18	15:00	64002,75	64019,64	63960	64006,01	LONG	0,00167	5981,87	0,00648	HOLD	98,2349	195,1052
2026-07-18	16:00	64006,01	64006,01	63887,73	63987,76	LONG	0,00167	5981,87	0,00648	HOLD	98,2349	195,0747
2026-07-18	17:00	63987,77	64026,39	63982,34	64016,43	LONG	0,00167	5981,87	0,00648	HOLD	98,2349	195,1226
2026-07-18	18:00	64016,43	64097,22	64010,99	64069,89	LONG	0,00167	5981,87	0,00648	HOLD	98,2349	195,2119
2026-07-18	19:00	64069,89	64274,47	64057,27	64218	LONG	0,00167	5981,87	0,00648	HOLD	98,2349	195,4592
2026-07-18	20:00	64218,01	64218,01	63963	64106	LONG	0,00167	5981,87	0,00648	HOLD	98,2349	195,2722
2026-07-18	21:00	64105,99	64195,01	64101,42	64126	LONG	0,00167	5981,87	0,00648	HOLD	98,2349	195,3056
2026-07-18	22:00	64126	64163,99	64037,45	64123,12	LONG	0,00167	5981,87	0,00648	HOLD	98,2349	195,3008
2026-07-18	23:00	64123,13	64314	64091,48	64303,47	LONG	0,00167	5981,87	0,00648	HOLD	98,2349	195,6019
2026-07-19	00:00	64303,48	64492	64280,22	64480,29	LONG	0,00167	5981,87	0,00648	HOLD	98,2349	195,8972
2026-07-19	01:00	64480,28	64669,5	64462	64512,41	LONG	0,00167	5981,87	0,00648	HOLD	98,2349	195,9509
2026-07-19	02:00	64512,41	64597,9	64482	64552,79	LONG	0,00167	5981,87	0,00648	HOLD	98,2349	196,0183
2026-07-19	03:00	64552,8	64739,64	64528,69	64693,01	LONG	0,00167	5981,87	0,00648	HOLD	98,2349	196,2525
2026-07-19	04:00	64693,02	64846,83	64614,36	64731,72	LONG	0,00167	5981,87	0,00648	HOLD	98,2349	196,3171
2026-07-19	05:00	64731,73	64865	64712,29	64805,05	LONG	0,00167	5981,87	0,00648	HOLD	98,2349	196,4396
2026-07-19	06:00	64805,04	64843,3	64709,28	64834,22	LONG	0,00167	5981,87	0,00648	HOLD	98,2349	196,4883
2026-07-19	07:00	64834,21	64906,4	64769,47	64792,08	LONG	0,00167	5981,87	0,00648	HOLD	98,2349	196,4179
2026-07-19	08:00	64792,08	64792,09	64765,99	64765,99	LONG	0,00167	5981,87	0,00648	HOLD	98,2349	196,3743
2026-07-19	09:00	64766	64967,25	64700,84	64826,01	LONG	0,00167	5981,87	0,00648	HOLD	98,2349	196,4746
2026-07-19	10:00	64826,01	64842,92	64620,44	64706,18	LONG	0,00167	5981,87	0,00648	HOLD	98,2349	196,2745
2026-07-19	11:00	64706,18	64795,43	64610,89	64720,17	LONG	0,00167	5981,87	0,00648	HOLD	98,2349	196,2978
2026-07-19	12:00	64720,17	64815,65	64676	64724,01	LONG	0,00167	5981,87	0,00648	HOLD	98,2349	196,3042
2026-07-19	13:00	64724	64759,33	64694,66	64711,69	LONG	0,00167	5981,87	0,00648	HOLD	98,2349	196,2837
2026-07-19	14:00	64711,69	64784	64675	64711,05	LONG	0,00167	5981,87	0,00648	HOLD	98,2349	196,2826
2026-07-19	15:00	64711,04	64743	64631,54	64707,49	LONG	0,00167	5981,87	0,00648	HOLD	98,2349	196,2767
2026-07-19	16:00	64707,48	64725,74	64500	64509,99	LONG	0,00167	5981,87	0,00648	HOLD	98,2349	195,9468
2026-07-19	17:00	64510	64700	64482	64595	LONG	0,00167	5981,87	0,00648	HOLD	98,2349	196,0888
2026-07-19	18:00	64595	64636,28	64445	64467,64	LONG	0,00167	5981,87	0,00648	HOLD	98,2349	195,8761
2026-07-19	19:00	64467,65	64467,65	64285,24	64441,15	LONG	0,00167	5981,87	0,00648	HOLD	98,2349	195,8319
2026-07-19	20:00	64441,16	64516,33	64307,72	64483,31	LONG	0,00167	5981,87	0,00648	HOLD	98,2349	195,9023
2026-07-19	21:00	64483,32	64663,04	64425,24	64593,07	LONG	0,00167	5981,87	0,00648	HOLD	98,2349	196,0856
2026-07-19	22:00	64593,07	64620	64500	64585,32	LONG	0,00167	5981,87	0,00648	HOLD	98,2349	196,0726
2026-07-19	23:00	64585,33	64644	64505,21	64538,72	LONG	0,00167	5981,87	0,00648	HOLD	98,2349	195,9948
2026-07-20	00:00	64538,72	64752	64406,3	64547,86	LONG	0,00167	5981,87	0,00648	HOLD	98,2349	196,0101
2026-07-20	01:00	64547,86	64554	64280	64419,99	LONG	0,00167	5981,87	0,00648	HOLD	98,2349	195,7965
2026-07-20	02:00	64420	64467,82	64352	64462,58	LONG	0,00167	5981,87	0,00648	HOLD	98,2349	195,8677
2026-07-20	03:00	64462,58	64560	64462,57	64535,99	LONG	0,00167	5981,87	0,00648	HOLD	98,2349	195,9902
2026-07-20	04:00	64536	64562,55	64350	64415,75	LONG	0,00167	5981,87	0,00648	HOLD	98,2349	195,7894
2026-07-20	05:00	64415,75	64900	64347,89	64674,67	LONG	0,00167	5981,87	0,00648	HOLD	98,2349	196,2218
2026-07-20	06:00	64674,66	64772	64572	64722,54	LONG	0,00167	5981,87	0,00648	HOLD	98,2349	196,3018
2026-07-20	07:00	64722,55	65107,99	64416	64553,84	LONG	0,00167	5981,87	0,00648	HOLD	98,2349	196,0201
2026-07-20	08:00	64553,85	65029,4	64506	64628,01	LONG	0,00167	5981,87	0,00648	HOLD	98,2349	196,1439
2026-07-20	09:00	64628,01	64964	64585	64827,2	LONG	0,00167	5981,87	0,00648	HOLD	98,2349	196,4766
2026-07-20	10:00	64827,19	64914,93	64644,01	64869,8	LONG	0,00167	5981,87	0,00648	HOLD	98,2349	196,5477
2026-07-20	11:00	64869,79	64869,99	64540	64540,01	LONG	0,00167	5981,87	0,00648	HOLD	98,2349	195,997
2026-07-20	12:00	64540	64562	64082,7	64128	LONG	0,00167	5981,87	0,00648	HOLD	98,2349	195,3089
2026-07-20	13:00	64128,01	64220	63765,83	63917,98	LONG	0,00167	5981,87	0,00648	HOLD	98,2349	194,9582
2026-07-20	14:00	63917,99	64315,96	63896	64280,01	LONG	0,00167	5981,87	0,00648	HOLD	98,2349	195,5628
2026-07-20	15:00	64280,01	64356	63100	64049,99	LONG	0,00167	5981,87	0,00648	HOLD	98,2349	195,1786
2026-07-20	16:00	64050	64276	64012,8	64199,5	LONG	0,00167	5981,87	0,00648	HOLD	98,2349	195,4283
2026-07-20	17:00	64199,51	64415,42	64162	64301,18	LONG	0,00167	5981,87	0,00648	HOLD	98,2349	195,5981
2026-07-20	18:00	64301,18	65068	64273,33	65002,01	LONG	0,00167	5981,87	0,00648	HOLD	98,2349	196,7685
2026-07-20	19:00	65002	65002,83	64599,89	64640	LONG	0,00167	5981,87	0,00648	HOLD	98,2349	196,1639
2026-07-20	20:00	64640	64763,67	64208	64344,01	LONG	0,00167	5981,87	0,00648	HOLD	98,2349	195,6696
2026-07-20	21:00	64344,01	64575,37	64077,76	64416,01	LONG	0,00167	5981,87	0,00648	HOLD	98,2349	195,7899
2026-07-20	22:00	64416,01	65666,8	64398,15	65598,75	LONG	0,00167	5981,87	0,00648	HOLD	98,2349	197,7651
2026-07-20	23:00	65598,75	65637,7	65336	65508,5	LONG	0,00167	5981,87	0,00648	HOLD	98,2349	197,6143
2026-07-21	00:00	65508,5	65646,55	65342,52	65587,98	LONG	0,00167	5981,87	0,00648	HOLD	98,2349	197,7471
2026-07-21	01:00	65587,99	65799	65204	65240,01	LONG	0,00167	5981,87	0,00648	HOLD	98,2349	197,166
2026-07-21	02:00	65240,01	65274,58	65041,05	65142	LONG	0,00167	5981,87	0,00648	HOLD	98,2349	197,0023
2026-07-21	03:00	65142	65438	65061,92	65367,58	LONG	0,00167	5981,87	0,00648	HOLD	98,2349	197,379
2026-07-21	04:00	65367,57	65445,27	65272,32	65286,02	LONG	0,00167	5981,87	0,00648	HOLD	98,2349	197,2428
2026-07-21	05:00	65286,02	65286,02	65092,66	65141,99	LONG	0,00167	5981,87	0,00648	HOLD	98,2349	197,0023
2026-07-21	06:00	65142	65272,21	65128,17	65255,51	LONG	0,00167	5981,87	0,00648	HOLD	98,2349	197,1918
2026-07-21	07:00	65255,51	65585	65148,75	65568,01	LONG	0,00167	5981,87	0,00648	HOLD	98,2349	197,7137
2026-07-21	08:00	65568	65658,78	65232,65	65235,55	LONG	0,00167	5981,87	0,00648	HOLD	98,2349	197,1585
2026-07-21	09:00	65235,56	65500	65176,2	65414,01	LONG	0,00167	5981,87	0,00648	HOLD	98,2349	197,4565
2026-07-21	10:00	65414,01	65593,11	65411,74	65566,78	LONG	0,00167	5981,87	0,00648	HOLD	98,2349	197,7117
2026-07-21	11:00	65566,77	65742,58	65471,69	65522,01	LONG	0,00167	5981,87	0,00648	HOLD	98,2349	197,6369
2026-07-21	12:00	65522	65933,24	65485,55	65751,56	LONG	0,00167	5981,87	0,00648	HOLD	98,2349	198,0202
2026-07-21	13:00	65751,56	65991,05	65634	65913	LONG	0,00167	5981,87	0,00648	HOLD	98,2349	198,2899
2026-07-21	14:00	65913	66245,64	65866	66186,86	LONG	0,00167	5981,87	0,00648	HOLD	98,2349	198,7472
2026-07-21	15:00	66186,86	66354	66129,19	66226,44	LONG	0,00167	5981,87	0,00648	HOLD	98,2349	198,8133
2026-07-21	16:00	66226,43	66350	66144	66291,99	LONG	0,00167	5981,87	0,00648	HOLD	98,2349	198,9228
2026-07-21	17:00	66292	66420,65	66176,55	66180	LONG	0,00167	5981,87	0,00648	HOLD	98,2349	198,7357
2026-07-21	18:00	66180	66350	66147,82	66345,59	LONG	0,00167	5981,87	0,00648	HOLD	98,2349	199,0123
2026-07-21	19:00	66345,59	66640	66255,73	66558,82	LONG	0,00167	5981,87	0,00648	HOLD	98,2349	199,3684
2026-07-21	20:00	66558,81	66810,97	66315,62	66786	LONG	0,00167	5981,87	0,00648	HOLD	98,2349	199,7478
2026-07-21	21:00	66786	66956,15	66648,27	66842,3	LONG	0,00167	5981,87	0,00648	HOLD	98,2349	199,8418
2026-07-21	22:00	66842,29	66842,3	66517,52	66676,54	LONG	0,00167	5981,87	0,00648	HOLD	98,2349	199,565
2026-07-21	23:00	66676,53	66764	66462,32	66542,01	LONG	0,00167	5981,87	0,00648	HOLD	98,2349	199,3403
2026-07-22	00:00	66542,01	66567,59	66052,63	66207,95	LONG	0,00167	5981,87	0,00648	HOLD	98,2349	198,7824
2026-07-22	01:00	66207,96	66358	66098,71	66319,95	LONG	0,00167	5981,87	0,00648	HOLD	98,2349	198,9695
2026-07-22	02:00	66319,96	66502,8	66264,12	66444,76	LONG	0,00167	5981,87	0,00648	HOLD	98,2349	199,1779
2026-07-22	03:00	66444,76	66496	66359,3	66406,57	LONG	0,00167	5981,87	0,00648	HOLD	98,2349	199,1141
2026-07-22	04:00	66406,58	66408,26	66290	66385	LONG	0,00167	5981,87	0,00648	HOLD	98,2349	199,0781
2026-07-22	05:00	66385	66388,35	66204	66304,02	LONG	0,00167	5981,87	0,00648	HOLD	98,2349	198,9429
2026-07-22	06:00	66304,02	66576	66228,55	66556,16	LONG	0,00167	5981,87	0,00648	HOLD	98,2349	199,3639
2026-07-22	07:00	66556,15	66739,89	66525,54	66620,97	LONG	0,00167	5981,87	0,00648	HOLD	98,2349	199,4722
2026-07-22	08:00	66620,97	66661,79	66282,65	66433,3	LONG	0,00167	5981,87	0,00648	HOLD	98,2349	199,1588
2026-07-22	09:00	66433,29	66532,26	66298	66314,12	LONG	0,00167	5981,87	0,00648	HOLD	98,2349	198,9597
2026-07-22	10:00	66314,12	66371,27	66176	66210	LONG	0,00167	5981,87	0,00648	HOLD	98,2349	198,7858
2026-07-22	11:00	66209,99	66424	66198	66381,05	LONG	0,00167	5981,87	0,00648	HOLD	98,2349	199,0715
2026-07-22	12:00	66381,05	66381,05	65944,51	65974,9	LONG	0,00167	5981,87	0,00648	HOLD	98,2349	198,3932
2026-07-22	13:00	65974,9	66026,93	65830,94	65934,33	LONG	0,00167	5981,87	0,00648	HOLD	98,2349	198,3255
2026-07-22	14:00	65934,34	65968,9	65701	65843,48	LONG	0,00167	5981,87	0,00648	HOLD	98,2349	198,1738
2026-07-22	15:00	65843,48	66164,57	65843,47	65987,96	LONG	0,00167	5981,87	0,00648	HOLD	98,2349	198,415
2026-07-22	16:00	65987,97	66082,5	65850	65928	LONG	0,00167	5981,87	0,00648	HOLD	98,2349	198,3149
2026-07-22	17:00	65928,01	66116,36	65898	66046,02	LONG	0,00167	5981,87	0,00648	HOLD	98,2349	198,512
2026-07-22	18:00	66046,01	66092,59	65909,16	66013,36	LONG	0,00167	5981,87	0,00648	HOLD	98,2349	198,4575
2026-07-22	19:00	66013,36	66013,37	65553,67	65636,01	LONG	0,00167	5981,87	0,00648	HOLD	98,2349	197,8273
2026-07-22	20:00	65636,01	65982,28	65559,66	65951,39	LONG	0,00167	5981,87	0,00648	HOLD	98,2349	198,354
2026-07-22	21:00	65951,38	66204,98	65588	65793,98	LONG	0,00167	5981,87	0,00648	HOLD	98,2349	198,0911
2026-07-22	22:00	65793,98	66125	65793,98	66047,39	LONG	0,00167	5981,87	0,00648	HOLD	98,2349	198,5143
2026-07-22	23:00	66047,38	66384	65911,6	66229,01	LONG	0,00167	5981,87	0,00648	HOLD	98,2349	198,8176
2026-07-23	00:00	66229,01	66275,29	65944	66024,03	LONG	0,00167	5981,87	0,00648	HOLD	98,2349	198,4753
2026-07-23	01:00	66024,02	66075,91	65726,08	65895,46	LONG	0,00167	5981,87	0,00648	HOLD	98,2349	198,2606
2026-07-23	02:00	65895,46	65958,56	65691,93	65923,19	LONG	0,00167	5981,87	0,00648	HOLD	98,2349	198,3069
2026-07-23	03:00	65923,19	65986	65791,79	65919,68	LONG	0,00167	5981,87	0,00648	HOLD	98,2349	198,301
2026-07-23	04:00	65919,67	66133,98	65892,64	66072,47	LONG	0,00167	5981,87	0,00648	HOLD	98,2349	198,5562
2026-07-23	05:00	66072,48	66080,94	65932	66044,17	LONG	0,00167	5981,87	0,00648	HOLD	98,2349	198,5089
2026-07-23	06:00	66044,17	66138,24	65844,3	66114,49	LONG	0,00167	5981,87	0,00648	HOLD	98,2349	198,6263
2026-07-23	07:00	66114,5	66313,14	66054,58	66058,19	LONG	0,00167	5981,87	0,00648	HOLD	98,2349	198,5323
2026-07-23	08:00	66058,2	66208	65751	65830	LONG	0,00167	5981,87	0,00648	HOLD	98,2349	198,1512
2026-07-23	09:00	65830	65843,25	65653,23	65805,34	LONG	0,00167	5981,87	0,00648	HOLD	98,2349	198,1101
2026-07-23	10:00	65805,35	65816	65585,11	65662,53	LONG	0,00167	5981,87	0,00648	HOLD	98,2349	197,8716
2026-07-23	11:00	65662,53	65738,99	65590,12	65616,48	LONG	0,00167	5981,87	0,00648	HOLD	98,2349	197,7947
2026-07-23	12:00	65616,49	65797,93	65570,12	65691,01	LONG	0,00167	5981,87	0,00648	HOLD	98,2349	197,9191
2026-07-23	13:00	65691,01	65821,17	65625,2	65790	LONG	0,00167	5981,87	0,00648	HOLD	98,2349	198,0844
2026-07-23	14:00	65790	65790	65351,02	65442,13	LONG	0,00167	5981,87	0,00648	HOLD	98,2349	197,5035
2026-07-23	15:00	65442,12	65665,99	65419,75	65633	LONG	0,00167	5981,87	0,00648	HOLD	98,2349	197,8223
2026-07-23	16:00	65632,99	65757,99	65608,18	65638,92	LONG	0,00167	5981,87	0,00648	HOLD	98,2349	197,8321
2026-07-23	17:00	65638,92	65792,09	65589,69	65740	LONG	0,00167	5981,87	0,00648	HOLD	98,2349	198,0009
2026-07-23	18:00	65740	65740,01	65540,93	65555,21	LONG	0,00167	5981,87	0,00648	HOLD	98,2349	197,6923
2026-07-23	19:00	65555,21	65589,41	64988,05	65167,04	LONG	0,00167	5981,87	0,00648	HOLD	98,2349	197,0441
2026-07-23	20:00	65167,05	65221,29	64863,62	64880	LONG	0,00167	5981,87	0,00648	HOLD	98,2349	196,5647
2026-07-23	21:00	64880	65216,24	64822,13	64909,99	LONG	0,00167	5981,87	0,00648	HOLD	98,2349	196,6148
2026-07-23	22:00	64910	65023,68	64728	64958,36	LONG	0,00167	5981,87	0,00648	HOLD	98,2349	196,6956
2026-07-23	23:00	64958,37	64961,15	64704,57	64756,84	LONG	0,00167	5981,87	0,00648	HOLD	98,2349	196,3591
2026-07-24	00:00	64756,84	64900	64650	64681,27	LONG	0,00167	5981,87	0,00648	HOLD	98,2349	196,2329
2026-07-24	01:00	64681,26	64948,05	64680	64869,12	LONG	0,00167	5981,87	0,00648	HOLD	98,2349	196,5466
2026-07-24	02:00	64869,13	64934,75	64686,56	64846,94	LONG	0,00167	5981,87	0,00648	HOLD	98,2349	196,5095
2026-07-24	03:00	64846,93	65217,93	64834,52	65147,5	LONG	0,00167	5981,87	0,00648	HOLD	98,2349	197,0115
2026-07-24	04:00	65147,5	65210,35	65014	65169,81	LONG	0,00167	5981,87	0,00648	HOLD	98,2349	197,0487
2026-07-24	05:00	65169,82	65227,99	65013,94	65195,43	LONG	0,00167	5981,87	0,00648	HOLD	98,2349	197,0915
2026-07-24	06:00	65195,43	65235,43	65052,01	65098,97	LONG	0,00167	5981,87	0,00648	HOLD	98,2349	196,9304
2026-07-24	07:00	65098,98	65113,86	64762,18	64973,99	LONG	0,00167	5981,87	0,00648	HOLD	98,2349	196,7217
2026-07-24	08:00	64974	65168	64944,37	65086	LONG	0,00167	5981,87	0,00648	HOLD	98,2349	196,9088
2026-07-24	09:00	65086	65187,57	64925,45	65116,99	LONG	0,00167	5981,87	0,00648	HOLD	98,2349	196,9605
2026-07-24	10:00	65116,99	65464,35	65078	65456,7	LONG	0,00167	5981,87	0,00648	HOLD	98,2349	197,5278
2026-07-24	11:00	65456,7	65469,86	65272,26	65318	LONG	0,00167	5981,87	0,00648	HOLD	98,2349	197,2962
2026-07-24	12:00	65318,01	65394	65248	65325	LONG	0,00167	5981,87	0,00648	HOLD	98,2349	197,3079
2026-07-24	13:00	65325,01	65519,93	65278,07	65472	LONG	0,00167	5981,87	0,00648	HOLD	98,2349	197,5534
2026-07-24	14:00	65472	65808,59	65320,69	65499,95	LONG	0,00167	5981,87	0,00648	HOLD	98,2349	197,6001
2026-07-24	15:00	65499,94	65508,17	65302,18	65302,18	LONG	0,00167	5981,87	0,00648	HOLD	98,2349	197,2698
2026-07-24	16:00	65302,18	65314,66	64952,38	65113,13	LONG	0,00167	5981,87	0,00648	HOLD	98,2349	196,9541
2026-07-24	17:00	65113,13	65157,99	64906,85	64950	LONG	0,00167	5981,87	0,00648	HOLD	98,2349	196,6816
2026-07-24	18:00	64950,01	65099,99	64857,14	65083,43	LONG	0,00167	5981,87	0,00648	HOLD	98,2349	196,9045
2026-07-24	19:00	65083,42	65133,99	64766	64780,01	LONG	0,00167	5981,87	0,00648	HOLD	98,2349	196,3978
2026-07-24	20:00	64780	64802	63920,01	64155,46	LONG	0,00167	5981,87	0,00648	HOLD	98,2349	195,3548
2026-07-24	21:00	64155,47	64198,3	63739,75	64055,12	LONG	0,00167	5981,87	0,00648	HOLD	98,2349	195,1872
2026-07-24	22:00	64055,11	64333,33	63858	64093,85	LONG	0,00167	5981,87	0,00648	HOLD	98,2349	195,2519
2026-07-24	23:00	64093,86	64200	63881,46	63958	LONG	0,00167	5981,87	0,00648	HOLD	98,2349	195,025
2026-07-25	00:00	63958,01	64202,91	63905,51	64180	LONG	0,00167	5981,87	0,00648	HOLD	98,2349	195,3957
2026-07-25	01:00	64180	64290,1	64129,75	64272	LONG	0,00167	5981,87	0,00648	HOLD	98,2349	195,5494
2026-07-25	02:00	64272,01	64292,44	64141,18	64225,32	LONG	0,00167	5981,87	0,00648	HOLD	98,2349	195,4714
2026-07-25	03:00	64225,32	64288,02	64128,89	64170,23	LONG	0,00167	5981,87	0,00648	HOLD	98,2349	195,3794
2026-07-25	04:00	64170,24	64258,73	64122,29	64155	LONG	0,00167	5981,87	0,00648	HOLD	98,2349	195,354
2026-07-25	05:00	64155	64216,27	64121,86	64169,01	LONG	0,00167	5981,87	0,00648	HOLD	98,2349	195,3774
2026-07-25	06:00	64169,01	64187,4	64134,71	64139,99	LONG	0,00167	5981,87	0,00648	HOLD	98,2349	195,3289
2026-07-25	07:00	64140	64179,03	64033,18	64073,61	LONG	0,00167	5981,87	0,00648	HOLD	98,2349	195,2181
2026-07-25	08:00	64073,61	64160	64006,55	64068,01	LONG	0,00167	5981,87	0,00648	HOLD	98,2349	195,2087
2026-07-25	09:00	64068	64099,99	64017,87	64052	LONG	0,00167	5981,87	0,00648	HOLD	98,2349	195,182
2026-07-25	10:00	64052,01	64105,61	64016,65	64085,36	LONG	0,00167	5981,87	0,00648	HOLD	98,2349	195,2377
2026-07-25	11:00	64085,36	64205,67	64085,15	64181,46	LONG	0,00167	5981,87	0,00648	HOLD	98,2349	195,3982
2026-07-25	12:00	64181,45	64199,76	63980,01	64024	LONG	0,00167	5981,87	0,00648	HOLD	98,2349	195,1352
2026-07-25	13:00	64024	64063,37	63964,57	64010	LONG	0,00167	5981,87	0,00648	HOLD	98,2349	195,1118
2026-07-25	14:00	64010	64038,52	64000	64003,2	LONG	0,00167	5981,87	0,00648	HOLD	98,2349	195,1005
2026-07-25	15:00	64003,2	64010,01	63810	63876,06	LONG	0,00167	5981,87	0,00648	HOLD	98,2349	194,8882
2026-07-25	16:00	63876,07	64024,72	63830	63999,99	LONG	0,00167	5981,87	0,00648	HOLD	98,2349	195,0951
2026-07-25	17:00	64000	64070	63996	64070	LONG	0,00167	5981,87	0,00648	HOLD	98,2349	195,212
2026-07-25	18:00	64069,99	64113	64047,09	64064,01	LONG	0,00167	5981,87	0,00648	HOLD	98,2349	195,202
2026-07-25	19:00	64064,01	64123,8	64043	64123,8	LONG	0,00167	5981,87	0,00648	HOLD	98,2349	195,3019
2026-07-25	20:00	64123,8	64267,78	64106,74	64172	LONG	0,00167	5981,87	0,00648	HOLD	98,2349	195,3824
2026-07-25	21:00	64172,01	64217,09	64126	64214,04	LONG	0,00167	5981,87	0,00648	HOLD	98,2349	195,4526
2026-07-25	22:00	64214,05	64272	64169,99	64182	LONG	0,00167	5981,87	0,00648	HOLD	98,2349	195,3991
2026-07-25	23:00	64182,01	64241,71	64123	64206,6	LONG	0,00167	5981,87	0,00648	HOLD	98,2349	195,4402
2026-07-26	00:00	64206,61	64356	64194,37	64267,4	LONG	0,00167	5981,87	0,00648	HOLD	98,2349	195,5417
2026-07-26	01:00	64267,41	64475,28	64267,41	64415,99	LONG	0,00167	5981,87	0,00648	HOLD	98,2349	195,7898
2026-07-26	02:00	64415,99	64438,12	64388,38	64388,38	LONG	0,00167	5981,87	0,00648	HOLD	98,2349	195,7437
2026-07-26	03:00	64388,39	64392,74	64313	64339,75	LONG	0,00167	5981,87	0,00648	HOLD	98,2349	195,6625
2026-07-26	04:00	64339,75	64430	64263,03	64344,02	LONG	0,00167	5981,87	0,00648	HOLD	98,2349	195,6697
2026-07-26	05:00	64344,02	64426	64344,01	64412	LONG	0,00167	5981,87	0,00648	HOLD	98,2349	195,7832
2026-07-26	06:00	64412,01	64429,38	64363	64375	LONG	0,00167	5981,87	0,00648	HOLD	98,2349	195,7214
2026-07-26	07:00	64375,01	64507	64350	64506,99	LONG	0,00167	5981,87	0,00648	HOLD	98,2349	195,9418
2026-07-26	08:00	64506,99	64541,66	64456,67	64462	LONG	0,00167	5981,87	0,00648	HOLD	98,2349	195,8667
2026-07-26	09:00	64462	64527,59	64427,59	64527,56	LONG	0,00167	5981,87	0,00648	HOLD	98,2349	195,9762
2026-07-26	10:00	64527,57	64582	64488,73	64557	LONG	0,00167	5981,87	0,00648	HOLD	98,2349	196,0253
2026-07-26	11:00	64557	64599,95	64491,73	64530,06	LONG	0,00167	5981,87	0,00648	HOLD	98,2349	195,9803
2026-07-26	12:00	64530,06	64530,07	64403,95	64417,69	LONG	0,00167	5981,87	0,00648	HOLD	98,2349	195,7927
2026-07-26	13:00	64417,68	64457,55	64293,81	64438	LONG	0,00167	5981,87	0,00648	HOLD	98,2349	195,8266
2026-07-26	14:00	64438,01	64460	64341,99	64370	LONG	0,00167	5981,87	0,00648	HOLD	98,2349	195,713
2026-07-26	15:00	64370	64493,99	64353	64480,01	LONG	0,00167	5981,87	0,00648	HOLD	98,2349	195,8968
2026-07-26	16:00	64480,02	64549,02	64478,38	64538	LONG	0,00167	5981,87	0,00648	HOLD	98,2349	195,9936
2026-07-26	17:00	64538,01	64573,73	64497,62	64515,4	LONG	0,00167	5981,87	0,00648	HOLD	98,2349	195,9559
2026-07-26	18:00	64515,39	64535,99	64495,17	64507,35	LONG	0,00167	5981,87	0,00648	HOLD	98,2349	195,9424
2026-07-26	19:00	64507,36	64662,99	64434	64466,67	LONG	0,00167	5981,87	0,00648	HOLD	98,2349	195,8745
2026-07-26	20:00	64466,68	64571,42	64414	64518	LONG	0,00167	5981,87	0,00648	HOLD	98,2349	195,9602
2026-07-26	21:00	64517,99	64768,23	64517,99	64712,99	LONG	0,00167	5981,87	0,00648	HOLD	98,2349	196,2858
2026-07-26	22:00	64713	64827	64673,42	64768	LONG	0,00167	5981,87	0,00648	HOLD	98,2349	196,3777
2026-07-26	23:00	64768	64940,51	64703,23	64734,17	LONG	0,00167	5981,87	0,00648	HOLD	98,2349	196,3212
2026-07-27	00:00	64734,17	64794,45	64668,91	64697,2	LONG	0,00167	5981,87	0,00648	HOLD	98,2349	196,2595
2026-07-27	01:00	64697,21	64769,99	64668,91	64734,38	LONG	0,00167	5981,87	0,00648	HOLD	98,2349	196,3216
2026-07-27	02:00	64734,39	64753	64671,91	64695,52	LONG	0,00167	5981,87	0,00648	HOLD	98,2349	196,2567
2026-07-27	03:00	64695,52	64703,36	64631,57	64649,04	LONG	0,00167	5981,87	0,00648	HOLD	98,2349	196,179
2026-07-27	04:00	64649,04	64924	64649,03	64858,02	LONG	0,00167	5981,87	0,00648	HOLD	98,2349	196,528
2026-07-27	05:00	64858,03	65502,6	64858,03	65412,68	LONG	0,00167	5981,87	0,00648	HOLD	98,2349	197,4543
2026-07-27	06:00	65412,69	65577	65273,76	65399,99	LONG	0,00167	5981,87	0,00648	HOLD	98,2349	197,4331
2026-07-27	07:00	65400	65418,81	65065,46	65131,95	LONG	0,00167	5981,87	0,00648	HOLD	98,2349	196,9855
2026-07-27	08:00	65131,96	65225,75	64892,03	65206,21	LONG	0,00167	5981,87	0,00648	HOLD	98,2349	197,1095
2026-07-27	09:00	65206,21	65281,64	65118,08	65172	LONG	0,00167	5981,87	0,00648	HOLD	98,2349	197,0524
2026-07-27	10:00	65172,02	65367,73	65161,99	65284	LONG	0,00167	5981,87	0,00648	HOLD	98,2349	197,2394
2026-07-27	11:00	65284	65500	65242,69	65282,8	LONG	0,00167	5981,87	0,00648	HOLD	98,2349	197,2374
2026-07-27	12:00	65282,81	65493,38	65282,8	65468,38	LONG	0,00167	5981,87	0,00648	HOLD	98,2349	197,5473
2026-07-27	13:00	65468,38	65744,6	65404,9	65416,76	LONG	0,00167	5981,87	0,00648	HOLD	98,2349	197,4611
2026-07-27	14:00	65416,77	65447,02	65217,16	65221,99	LONG	0,00167	5981,87	0,00648	HOLD	98,2349	197,1359
2026-07-27	15:00	65221,99	65258	65128,85	65162,98	LONG	0,00167	5981,87	0,00648	HOLD	98,2349	197,0373
2026-07-27	16:00	65162,98	65348,17	65100	65262,17	LONG	0,00167	5981,87	0,00648	HOLD	98,2349	197,203
2026-07-27	17:00	65262,18	65432	65230,01	65333,35	LONG	0,00167	5981,87	0,00648	HOLD	98,2349	197,3218
2026-07-27	18:00	65333,35	65333,36	65092	65100,79	LONG	0,00167	5981,87	0,00648	HOLD	98,2349	196,9335
2026-07-27	19:00	65100,79	65255,76	64836	65086	LONG	0,00167	5981,87	0,00648	HOLD	98,2349	196,9088
2026-07-27	20:00	65086	65718	64913,12	65217,37	LONG	0,00167	5981,87	0,00648	HOLD	98,2349	197,1282
2026-07-27	21:00	65217,38	65431,9	64459,82	64687,45	LONG	0,00167	5981,87	0,00648	HOLD	98,2349	196,2432
2026-07-27	22:00	64687,45	64776	64418,01	64554,01	LONG	0,00167	5981,87	0,00648	HOLD	98,2349	196,0203
2026-07-27	23:00	64554	64970,93	64517,78	64898,52	LONG	0,00167	5981,87	0,00648	HOLD	98,2349	196,5957
2026-07-28	00:00	64898,53	65090	64794,37	65019,81	LONG	0,00167	5981,87	0,00648	HOLD	98,2349	196,7982
2026-07-28	01:00	65019,81	65058,32	64755,67	64878	LONG	0,00167	5981,87	0,00648	HOLD	98,2349	196,5614
2026-07-28	02:00	64878	65078	64810,9	64984	LONG	0,00167	5981,87	0,00648	HOLD	98,2349	196,7384
2026-07-28	03:00	64983,99	65056	64908,01	64960,65	LONG	0,00167	5981,87	0,00648	HOLD	98,2349	196,6994
2026-07-28	04:00	64960,64	64960,65	64790,28	64821,25	LONG	0,00167	5981,87	0,00648	HOLD	98,2349	196,4666
2026-07-28	05:00	64821,26	64821,26	63792	63792	LONG	0,00167	5981,87	0,00648	HOLD	98,2349	194,7478
2026-07-28	06:00	63792,01	63940,27	63605,56	63755,86	LONG	0,00167	5981,87	0,00648	HOLD	98,2349	194,6874
2026-07-28	07:00	63755,86	63827,49	63469,3	63487,88	LONG	0,00167	5981,87	0,00648	HOLD	98,2349	194,2399
2026-07-28	08:00	63487,88	63529,89	63059,39	63230,83	LONG	0,00167	5981,87	0,00648	HOLD	98,2349	193,8106
2026-07-28	09:00	63230,82	63305,94	63108	63185,59	LONG	0,00167	5981,87	0,00648	HOLD	98,2349	193,7351
2026-07-28	10:00	63185,59	63375,39	63168,01	63343,83	LONG	0,00167	5981,87	0,00648	HOLD	98,2349	193,9993
2026-07-28	11:00	63343,82	63361,85	63221,26	63350,95	LONG	0,00167	5981,87	0,00648	HOLD	98,2349	194,0112
2026-07-28	12:00	63350,95	63623,5	63323,09	63451,61	LONG	0,00167	5981,87	0,00648	HOLD	98,2349	194,1793
2026-07-28	13:00	63451,62	63660,72	63395,13	63640,63	LONG	0,00167	5981,87	0,00648	HOLD	98,2349	194,495
2026-07-28	14:00	63640,63	63668,71	63455,58	63505,99	LONG	0,00167	5981,87	0,00648	HOLD	98,2349	194,2701
2026-07-28	15:00	63506	63546,36	63406,11	63428,08	LONG	0,00167	5981,87	0,00648	HOLD	98,2349	194,14
2026-07-28	16:00	63428,07	63581,33	63368,81	63393,99	LONG	0,00167	5981,87	0,00648	HOLD	98,2349	194,0831
2026-07-28	17:00	63393,99	63555,18	63294	63473,47	LONG	0,00167	5981,87	0,00648	HOLD	98,2349	194,2158
2026-07-28	18:00	63473,48	63593	63352	63450	LONG	0,00167	5981,87	0,00648	HOLD	98,2349	194,1766
2026-07-28	19:00	63449,99	63570	63364,96	63546,65	LONG	0,00167	5981,87	0,00648	HOLD	98,2349	194,338
2026-07-28	20:00	63546,65	63588	62742,47	63104	LONG	0,00167	5981,87	0,00648	HOLD	98,2349	193,5988
2026-07-28	21:00	63104	63550	62965,38	63412,45	LONG	0,00167	5981,87	0,00648	HOLD	98,2349	194,1139
2026-07-28	22:00	63412,45	64026,62	63269,28	63928,47	LONG	0,00167	5981,87	0,00648	HOLD	98,2349	194,9757
2026-07-28	23:00	63928,46	64100	63773,65	64043,26	LONG	0,00167	5981,87	0,00648	HOLD	98,2349	195,1674
2026-07-29	00:00	64043,27	64043,27	63504	63685,88	LONG	0,00167	5981,87	0,00648	HOLD	98,2349	194,5706
2026-07-29	01:00	63685,88	63849,09	63672,26	63734,49	LONG	0,00167	5981,87	0,00648	HOLD	98,2349	194,6517
2026-07-29	02:00	63734,49	63904	63675,93	63904	LONG	0,00167	5981,87	0,00648	HOLD	98,2349	194,9348
2026-07-29	03:00	63904	64018,39	63880	63917,55	LONG	0,00167	5981,87	0,00648	HOLD	98,2349	194,9575
2026-07-29	04:00	63917,55	64073,3	63892	63972,44	LONG	0,00167	5981,87	0,00648	HOLD	98,2349	195,0491
2026-07-29	05:00	63972,44	64020,76	63768,47	63783,71	LONG	0,00167	5981,87	0,00648	HOLD	98,2349	194,7339
2026-07-29	06:00	63783,72	63956,4	63562	63915	LONG	0,00167	5981,87	0,00648	HOLD	98,2349	194,9532
2026-07-29	07:00	63915	64200	63873,54	63953,99	LONG	0,00167	5981,87	0,00648	HOLD	98,2349	195,0183
2026-07-29	08:00	63954	63999	63690	63705,06	LONG	0,00167	5981,87	0,00648	HOLD	98,2349	194,6026
2026-07-29	09:00	63705,07	64132,42	63658	63979,96	LONG	0,00167	5981,87	0,00648	HOLD	98,2349	195,0617
2026-07-29	10:00	63979,96	64002	63710	63753,03	LONG	0,00167	5981,87	0,00648	HOLD	98,2349	194,6827
2026-07-29	11:00	63753,04	63970,92	63598	63968,34	LONG	0,00167	5981,87	0,00648	HOLD	98,2349	195,0423
2026-07-29	12:00	63968,34	64094,2	63890,07	64067,32	LONG	0,00167	5981,87	0,00648	HOLD	98,2349	195,2076
2026-07-29	13:00	64067,32	64471	64026,64	64435,62	LONG	0,00167	5981,87	0,00648	HOLD	98,2349	195,8226
2026-07-29	14:00	64435,63	64575,99	64402,67	64561	LONG	0,00167	5981,87	0,00648	HOLD	98,2349	196,032
2026-07-29	15:00	64561,01	64588	64283,83	64417,31	LONG	0,00167	5981,87	0,00648	HOLD	98,2349	195,792
2026-07-29	16:00	64417,31	64744,81	64386,94	64698	LONG	0,00167	5981,87	0,00648	HOLD	98,2349	196,2608
2026-07-29	17:00	64698,01	64718	64410,24	64469,83	LONG	0,00167	5981,87	0,00648	HOLD	98,2349	195,8798
2026-07-29	18:00	64469,84	64591,73	64422,5	64507,54	LONG	0,00167	5981,87	0,00648	HOLD	98,2349	195,9427
2026-07-29	19:00	64507,53	64507,54	64215,93	64276,81	LONG	0,00167	5981,87	0,00648	HOLD	98,2349	195,5574
2026-07-29	20:00	64276,82	64667,18	64139,68	64664,7	LONG	0,00167	5981,87	0,00648	HOLD	98,2349	196,2052
2026-07-29	21:00	64664,69	64718,87	64047,71	64108,01	LONG	0,00167	5981,87	0,00648	HOLD	98,2349	195,2755
2026-07-29	22:00	64108,01	64195	63886	63964,01	LONG	0,00167	5981,87	0,00648	HOLD	98,2349	195,035
2026-07-29	23:00	63964,01	64146,53	63624,15	63808,33	LONG	0,00167	5981,87	0,00648	HOLD	98,2349	194,7751
2026-07-30	00:00	63808,33	64286,71	63709,19	64269,83	LONG	0,00167	5981,87	0,00648	HOLD	98,2349	195,5458
2026-07-30	01:00	64269,83	64648,79	63758	64501,52	LONG	0,00167	5981,87	0,00648	HOLD	98,2349	195,9327
2026-07-30	02:00	64501,52	64600	63511	63589,46	LONG	0,00167	5981,87	0,00648	HOLD	98,2349	194,4095
2026-07-30	03:00	63589,46	63746,42	63378,09	63522,01	LONG	0,00167	5981,87	0,00648	HOLD	98,2349	194,2969
2026-07-30	04:00	63522,01	63860	63267,34	63860	LONG	0,00167	5981,87	0,00648	HOLD	98,2349	194,8613
2026-07-30	05:00	63860	64131,44	63859,99	63942,5	LONG	0,00167	5981,87	0,00648	HOLD	98,2349	194,9991
2026-07-30	06:00	63942,5	64067,12	63899	63984,28	LONG	0,00167	5981,87	0,00648	HOLD	98,2349	195,0689
2026-07-30	07:00	63984,29	64125,61	63603,92	63696,72	LONG	0,00167	5981,87	0,00648	HOLD	98,2349	194,5887
2026-07-30	08:00	63696,73	64370	63690	64266	LONG	0,00167	5981,87	0,00648	HOLD	98,2349	195,5394
2026-07-30	09:00	64266,01	64411,76	64159,63	64189,99	LONG	0,00167	5981,87	0,00648	HOLD	98,2349	195,4124
2026-07-30	10:00	64190	64300,91	64133,99	64161,98	LONG	0,00167	5981,87	0,00648	HOLD	98,2349	195,3656
2026-07-30	11:00	64161,98	64180	64008,5	64023,99	LONG	0,00167	5981,87	0,00648	HOLD	98,2349	195,1352
2026-07-30	12:00	64024	64182	63907,85	64033,89	LONG	0,00167	5981,87	0,00648	HOLD	98,2349	195,1517
2026-07-30	13:00	64033,9	64080	63957,2	64002	LONG	0,00167	5981,87	0,00648	HOLD	98,2349	195,0985
2026-07-30	14:00	64001,99	64144,06	63943,29	64026	LONG	0,00167	5981,87	0,00648	HOLD	98,2349	195,1386
2026-07-30	15:00	64026	64358,99	63980,54	64308,01	LONG	0,00167	5981,87	0,00648	HOLD	98,2349	195,6095
2026-07-30	16:00	64308,01	64641,37	64283,8	64567,56	LONG	0,00167	5981,87	0,00648	HOLD	98,2349	196,043
2026-07-30	17:00	64567,55	64631,99	64562	64570,72	LONG	0,00167	5981,87	0,00648	HOLD	98,2349	196,0482
2026-07-30	18:00	64570,72	64885,18	64542,73	64788	LONG	0,00167	5981,87	0,00648	HOLD	98,2349	196,4111
2026-07-30	19:00	64788,01	65043,94	64788	64925	LONG	0,00167	5981,87	0,00648	HOLD	98,2349	196,6399
2026-07-30	20:00	64925	65176,6	64689,02	65022,01	LONG	0,00167	5981,87	0,00648	HOLD	98,2349	196,8019
2026-07-30	21:00	65022	65042	64620	64683,97	LONG	0,00167	5981,87	0,00648	HOLD	98,2349	196,2374
2026-07-30	22:00	64683,97	64888	64607,31	64730,3	LONG	0,00167	5981,87	0,00648	HOLD	98,2349	196,3147
2026-07-30	23:00	64730,29	64963,64	64729,56	64818,01	LONG	0,00167	5981,87	0,00648	HOLD	98,2349	196,4612
2026-07-31	00:00	64818,01	64988	64772	64872	LONG	0,00167	5981,87	0,00648	HOLD	98,2349	196,5514
2026-07-31	01:00	64871,99	64899,8	64688	64702,8	LONG	0,00167	5981,87	0,00648	HOLD	98,2349	196,2688
2026-07-31	02:00	64702,8	64904	64702,79	64800	LONG	0,00167	5981,87	0,00648	HOLD	98,2349	196,4311
2026-07-31	03:00	64800	64936	64752,12	64777,37	LONG	0,00167	5981,87	0,00648	HOLD	98,2349	196,3934
2026-07-31	04:00	64777,38	64802,48	64700,34	64735,53	LONG	0,00167	5981,87	0,00648	HOLD	98,2349	196,3235
2026-07-31	05:00	64735,53	65029,29	64668,91	64851,16	LONG	0,00167	5981,87	0,00648	HOLD	98,2349	196,5166
2026-07-31	06:00	64851,16	65086,4	64740	64780,02	LONG	0,00167	5981,87	0,00648	HOLD	98,2349	196,3978
2026-07-31	07:00	64780,03	64901,55	64690,29	64724,91	LONG	0,00167	5981,87	0,00648	HOLD	98,2349	196,3057
2026-07-31	08:00	64724,92	65409,56	64480,44	64564,01	LONG	0,00167	5981,87	0,00648	HOLD	98,2349	196,037
2026-07-31	09:00	64564	64614	64203,58	64297,79	LONG	0,00167	5981,87	0,00648	HOLD	98,2349	195,5925
2026-07-31	10:00	64297,79	64439,81	64172	64370	LONG	0,00167	5981,87	0,00648	HOLD	98,2349	195,713
2026-07-31	11:00	64370	64438	64236	64300	LONG	0,00167	5981,87	0,00648	HOLD	98,2349	195,5961
2026-07-31	12:00	64299,99	64421,68	64268,47	64363,06	LONG	0,00167	5981,87	0,00648	HOLD	98,2349	195,7015
2026-07-31	13:00	64363,06	64496,64	64196,08	64231,97	LONG	0,00167	5981,87	0,00648	HOLD	98,2349	195,4825
2026-07-31	14:00	64231,97	64245,57	63878,11	63950,01	LONG	0,00167	5981,87	0,00648	HOLD	98,2349	195,0117
2026-07-31	15:00	63950,01	63987,36	63784,67	63834,01	LONG	0,00167	5981,87	0,00648	HOLD	98,2349	194,8179
2026-07-31	16:00	63834,01	63847,13	63638,18	63715,9	LONG	0,00167	5981,87	0,00648	HOLD	98,2349	194,6207
2026-07-31	17:00	63715,91	63951,77	63610	63918,67	LONG	0,00167	5981,87	0,00648	HOLD	98,2349	194,9593
2026-07-31	18:00	63918,68	64011,99	63792,01	63805,51	LONG	0,00167	5981,87	0,00648	HOLD	98,2349	194,7703
2026-07-31	19:00	63805,5	63830,62	63627,66	63754,01	LONG	0,00167	5981,87	0,00648	HOLD	98,2349	194,6843
2026-07-31	20:00	63754,01	63849,19	63241,71	63270,73	LONG	0,00167	5981,87	0,00648	HOLD	98,2349	193,8773
2026-07-31	21:00	63270,72	63310	62466	62682,06	LONG	0,00167	5981,87	0,00648	HOLD	98,2349	192,8942
2026-07-31	22:00	62682,05	62769,36	62490,24	62716,57	LONG	0,00167	5981,87	0,00648	HOLD	98,2349	192,9518
2026-07-31	23:00	62716,57	62931,79	62709,01	62870,88	LONG	0,00167	5981,87	0,00648	HOLD	98,2349	193,2095
2026-08-01	00:00	62870,87	63301,68	62800	63245,44	LONG	0,00167	5981,87	0,00648	HOLD	98,2349	193,835
2026-08-01	01:00	63245,44	63302	62966	63097,57	LONG	0,00167	5981,87	0,00648	HOLD	98,2349	193,5881
2026-08-01	02:00	63097,57	63158	62936,29	62972	LONG	0,00167	5981,87	0,00648	HOLD	98,2349	193,3784
2026-08-01	03:00	62972	63034	62928,35	62953,7	LONG	0,00167	5981,87	0,00648	HOLD	98,2349	193,3478
2026-08-01	04:00	62953,7	63062,47	62846	62947,78	LONG	0,00167	5981,87	0,00648	HOLD	98,2349	193,3379
2026-08-01	05:00	62947,77	63020	62870,01	62950	LONG	0,00167	5981,87	0,00648	HOLD	98,2349	193,3416
2026-08-01	06:00	62950,01	63013,52	62860,64	62887,88	LONG	0,00167	5981,87	0,00648	HOLD	98,2349	193,2379
2026-08-01	07:00	62887,88	63024,04	62887,87	62938,01	LONG	0,00167	5981,87	0,00648	HOLD	98,2349	193,3216
2026-08-01	08:00	62938,01	62990	62923,47	62975,01	LONG	0,00167	5981,87	0,00648	HOLD	98,2349	193,3834
2026-08-01	09:00	62975	63106,55	62975	63075,07	LONG	0,00167	5981,87	0,00648	HOLD	98,2349	193,5505
2026-08-01	10:00	63075,08	63075,08	62970,65	63004,48	LONG	0,00167	5981,87	0,00648	HOLD	98,2349	193,4326
2026-08-01	11:00	63004,47	63115,37	62993,2	63115,01	LONG	0,00167	5981,87	0,00648	HOLD	98,2349	193,6172
2026-08-01	12:00	63115	63142,85	63000,85	63020	LONG	0,00167	5981,87	0,00648	HOLD	98,2349	193,4585
2026-08-01	13:00	63020	63086,65	62992,82	63080,64	LONG	0,00167	5981,87	0,00648	HOLD	98,2349	193,5598
2026-08-01	14:00	63080,65	63110,89	63034	63050,46	LONG	0,00167	5981,87	0,00648	HOLD	98,2349	193,5094
2026-08-01	15:00	63050,45	63150	63050,45	63126,25	LONG	0,00167	5981,87	0,00648	HOLD	98,2349	193,636
2026-08-01	16:00	63126,25	63139,54	63046,33	63053,17	LONG	0,00167	5981,87	0,00648	HOLD	98,2349	193,5139
2026-08-01	17:00	63053,17	63111,09	62986,31	63056	LONG	0,00167	5981,87	0,00648	HOLD	98,2349	193,5187
2026-08-01	18:00	63055,99	63091,97	63037,72	63076	LONG	0,00167	5981,87	0,00648	HOLD	98,2349	193,5521
2026-08-01	19:00	63076	63119,4	63076	63103,68	LONG	0,00167	5981,87	0,00648	HOLD	98,2349	193,5983
2026-08-01	20:00	63103,68	63106,83	63051	63069,32	LONG	0,00167	5981,87	0,00648	HOLD	98,2349	193,5409
2026-08-01	21:00	63069,31	63127,07	63069,31	63126,52	LONG	0,00167	5981,87	0,00648	HOLD	98,2349	193,6364
2026-08-01	22:00	63126,53	63126,53	63007,05	63007,06	LONG	0,00167	5981,87	0,00648	HOLD	98,2349	193,4369
2026-08-01	23:00	63007,06	63027,65	62874	62932,32	LONG	0,00167	5981,87	0,00648	HOLD	98,2349	193,3121
2026-08-02	00:00	62932,32	62996	62666	62708,07	LONG	0,00167	5981,87	0,00648	HOLD	98,2349	192,9376
2026-08-02	01:00	62708,06	62734	62275	62580,56	LONG	0,00167	5981,87	0,00648	HOLD	98,2349	192,7247
2026-08-02	02:00	62580,55	62624	62461,17	62529,82	LONG	0,00167	5981,87	0,00648	HOLD	98,2349	192,6399
2026-08-02	03:00	62529,81	62674,98	62482,99	62662,13	LONG	0,00167	5981,87	0,00648	HOLD	98,2349	192,8609
2026-08-02	04:00	62662,14	62864	62662,13	62812,75	LONG	0,00167	5981,87	0,00648	HOLD	98,2349	193,1124
2026-08-02	05:00	62812,76	62866,62	62794,17	62831,28	LONG	0,00167	5981,87	0,00648	HOLD	98,2349	193,1434
2026-08-02	06:00	62831,29	62862,8	62769,97	62823,64	LONG	0,00167	5981,87	0,00648	HOLD	98,2349	193,1306
2026-08-02	07:00	62823,65	62979,99	62806,58	62833,99	LONG	0,00167	5981,87	0,00648	HOLD	98,2349	193,1479
2026-08-02	08:00	62834	63088	62834	62981,87	LONG	0,00167	5981,87	0,00648	HOLD	98,2349	193,3949
2026-08-02	09:00	62981,87	63547,7	62958,54	63451,58	LONG	0,00167	5981,87	0,00648	HOLD	98,2349	194,1793
2026-08-02	10:00	63451,58	63550	63380	63461,95	LONG	0,00167	5981,87	0,00648	HOLD	98,2349	194,1966
2026-08-02	11:00	63461,95	63612	63461,95	63590	LONG	0,00167	5981,87	0,00648	HOLD	98,2349	194,4104
2026-08-02	12:00	63590	63634	63415,26	63453,27	LONG	0,00167	5981,87	0,00648	HOLD	98,2349	194,1821
2026-08-02	13:00	63453,27	63498,15	63435,99	63482,49	LONG	0,00167	5981,87	0,00648	HOLD	98,2349	194,2309
2026-08-02	14:00	63482,49	63544,51	63480	63506,24	LONG	0,00167	5981,87	0,00648	HOLD	98,2349	194,2706
2026-08-02	15:00	63506,23	63530	63172	63193,99	LONG	0,00167	5981,87	0,00648	HOLD	98,2349	193,7491
2026-08-02	16:00	63194	63320	63094	63273,94	LONG	0,00167	5981,87	0,00648	HOLD	98,2349	193,8826
2026-08-02	17:00	63273,94	63273,94	63125,06	63205,03	LONG	0,00167	5981,87	0,00648	HOLD	98,2349	193,7675
2026-08-02	18:00	63205,03	63206	62982,38	63031,99	LONG	0,00167	5981,87	0,00648	HOLD	98,2349	193,4786
2026-08-02	19:00	63031,99	63231,67	63031,99	63125,49	LONG	0,00167	5981,87	0,00648	HOLD	98,2349	193,6347
2026-08-02	20:00	63125,49	63146,89	63010	63126,92	LONG	0,00167	5981,87	0,00648	HOLD	98,2349	193,6371
2026-08-02	21:00	63126,92	63186	63062	63069,37	LONG	0,00167	5981,87	0,00648	HOLD	98,2349	193,541
2026-08-02	22:00	63069,37	63186	63050	63109,14	LONG	0,00167	5981,87	0,00648	HOLD	98,2349	193,6074
2026-08-02	23:00	63109,13	63273,49	63064,01	63180,36	LONG	0,00167	5981,87	0,00648	HOLD	98,2349	193,7263
2026-08-03	00:00	63180,36	63342	63152	63300,28	LONG	0,00167	5981,87	0,00648	HOLD	98,2349	193,9266
2026-08-03	01:00	63300	63610,01	63290	63382,01	LONG	0,00167	5981,87	0,00648	HOLD	98,2349	194,0631
2026-08-03	02:00	63382,01	63479,85	63323,89	63456,01	LONG	0,00167	5981,87	0,00648	HOLD	98,2349	194,1867
2026-08-03	03:00	63456	63501,48	63404,69	63494,52	LONG	0,00167	5981,87	0,00648	HOLD	98,2349	194,251
2026-08-03	04:00	63494,51	63785	63479,45	63578	LONG	0,00167	5981,87	0,00648	HOLD	98,2349	194,3904
2026-08-03	05:00	63578,01	63796,33	63376,71	63424,58	LONG	0,00167	5981,87	0,00648	HOLD	98,2349	194,1342
2026-08-03	06:00	63424,58	63596	63344	63570	LONG	0,00167	5981,87	0,00648	HOLD	98,2349	194,377
2026-08-03	07:00	63570,01	63596	63208,3	63317,6	LONG	0,00167	5981,87	0,00648	HOLD	98,2349	193,9555
2026-08-03	08:00	63317,61	63350	63111,1	63212,16	LONG	0,00167	5981,87	0,00648	HOLD	98,2349	193,7794
2026-08-03	09:00	63212,16	63286	63100	63141,4	LONG	0,00167	5981,87	0,00648	HOLD	98,2349	193,6613
2026-08-03	10:00	63141,39	63168,44	62786,04	62870,49	LONG	0,00167	5981,87	0,00648	HOLD	98,2349	193,2089
2026-08-03	11:00	62870,48	63001,77	62770,37	62790	LONG	0,00167	5981,87	0,00648	HOLD	98,2349	193,0744
2026-08-03	12:00	62790	62875,02	62751,3	62827,17	LONG	0,00167	5981,87	0,00648	HOLD	98,2349	193,1365
2026-08-03	13:00	62827,17	62872,58	62613	62623,6	LONG	0,00167	5981,87	0,00648	HOLD	98,2349	192,7966
2026-08-03	14:00	62623,6	62700	62552,04	62621,1	LONG	0,00167	5981,87	0,00648	HOLD	98,2349	192,7924
2026-08-03	15:00	62621,1	62647,69	62300	62541,5	LONG	0,00167	5981,87	0,00648	HOLD	98,2349	192,6594
2026-08-03	16:00	62541,5	62863,1	62520	62837,4	LONG	0,00167	5981,87	0,00648	HOLD	98,2349	193,1536
2026-08-03	17:00	62837,4	62860	62615,11	62742,01	LONG	0,00167	5981,87	0,00648	HOLD	98,2349	192,9943
2026-08-03	18:00	62742,01	62778,92	62540,95	62560,01	LONG	0,00167	5981,87	0,00648	HOLD	98,2349	192,6904
2026-08-03	19:00	62560,01	62799,3	62445,26	62700	LONG	0,00167	5981,87	0,00648	HOLD	98,2349	192,9241
2026-08-03	20:00	62700,01	63390	62562,42	63351,09	LONG	0,00167	5981,87	0,00648	HOLD	98,2349	194,0115
2026-08-03	21:00	63351,09	63992,71	63136	63967,19	LONG	0,00167	5981,87	0,00648	HOLD	98,2349	195,0403
2026-08-03	22:00	63967,19	63989,75	63646,59	63694,91	LONG	0,00167	5981,87	0,00648	HOLD	98,2349	194,5856
2026-08-03	23:00	63694,9	63939,99	63664	63776,46	LONG	0,00167	5981,87	0,00648	HOLD	98,2349	194,7218
2026-08-04	00:00	63776,46	64059,75	63714,55	63906	LONG	0,00167	5981,87	0,00648	HOLD	98,2349	194,9382
2026-08-04	01:00	63905,99	64000	63768	63870,87	LONG	0,00167	5981,87	0,00648	HOLD	98,2349	194,8795
2026-08-04	02:00	63870,87	64080	63846	63869,38	LONG	0,00167	5981,87	0,00648	HOLD	98,2349	194,877
2026-08-04	03:00	63869,38	64023,61	63769,92	63775,43	LONG	0,00167	5981,87	0,00648	HOLD	98,2349	194,7201
2026-08-04	04:00	63775,43	63791,98	63548	63590,15	LONG	0,00167	5981,87	0,00648	HOLD	98,2349	194,4107
2026-08-04	05:00	63590,15	63680	63392,01	63618	LONG	0,00167	5981,87	0,00648	HOLD	98,2349	194,4572
2026-08-04	06:00	63618,01	63621,35	63465,43	63520	LONG	0,00167	5981,87	0,00648	HOLD	98,2349	194,2935
2026-08-04	07:00	63520	63585,09	63322,01	63361,99	LONG	0,00167	5981,87	0,00648	HOLD	98,2349	194,0297
2026-08-04	08:00	63362	63927,99	63361,99	63847,93	LONG	0,00167	5981,87	0,00648	HOLD	98,2349	194,8412
2026-08-04	09:00	63847,92	63972	63686,44	63822,44	LONG	0,00167	5981,87	0,00648	HOLD	98,2349	194,7986
2026-08-04	10:00	63822,45	63860	63649	63800,01	LONG	0,00167	5981,87	0,00648	HOLD	98,2349	194,7612
2026-08-04	11:00	63800,01	64243,81	63762	64029	LONG	0,00167	5981,87	0,00648	HOLD	98,2349	195,1436
2026-08-04	12:00	64029,01	64056	63788,23	63818,48	LONG	0,00167	5981,87	0,00648	HOLD	98,2349	194,792
2026-08-04	13:00	63818,47	63859,71	63654,16	63670	LONG	0,00167	5981,87	0,00648	HOLD	98,2349	194,544
2026-08-04	14:00	63670	63763,63	63506,78	63685,74	LONG	0,00167	5981,87	0,00648	HOLD	98,2349	194,5703
2026-08-04	15:00	63685,73	63748,22	63564,99	63588,94	LONG	0,00167	5981,87	0,00648	HOLD	98,2349	194,4087
2026-08-04	16:00	63589,04	63610	63516,43	63603,73	LONG	0,00167	5981,87	0,00648	HOLD	98,2349	194,4334
2026-08-04	17:00	63603,73	63842	63451,8	63764	LONG	0,00167	5981,87	0,00648	HOLD	98,2349	194,701
2026-08-04	18:00	63763,99	63950	63712	63926	LONG	0,00167	5981,87	0,00648	HOLD	98,2349	194,9716
2026-08-04	19:00	63926	64062,46	63788	63906,41	LONG	0,00167	5981,87	0,00648	HOLD	98,2349	194,9388
2026-08-04	20:00	63906,41	64097,74	63656	63683,94	LONG	0,00167	5981,87	0,00648	HOLD	98,2349	194,5673
2026-08-04	21:00	63683,95	64193,54	63615,38	64128,72	LONG	0,00167	5981,87	0,00648	HOLD	98,2349	195,3101
2026-08-04	22:00	64128,73	64238	63814,29	64125,14	LONG	0,00167	5981,87	0,00648	HOLD	98,2349	195,3041
2026-08-04	23:00	64125,14	64130	63897,22	63950,93	LONG	0,00167	5981,87	0,00648	HOLD	98,2349	195,0132
2026-08-05	00:00	63950,94	64184	63892	63972,09	LONG	0,00167	5981,87	0,00648	HOLD	98,2349	195,0485
2026-08-05	01:00	63972,09	64400	63965,73	64305,99	LONG	0,00167	5981,87	0,00648	HOLD	98,2349	195,6061
2026-08-05	02:00	64305,99	64413,21	64193,57	64233,36	LONG	0,00167	5981,87	0,00648	HOLD	98,2349	195,4849
2026-08-05	03:00	64233,35	64420	64001,68	64341	LONG	0,00167	5981,87	0,00648	HOLD	98,2349	195,6646
2026-08-05	04:00	64341	64341,99	64175,52	64194	LONG	0,00167	5981,87	0,00648	HOLD	98,2349	195,4191
2026-08-05	05:00	64193,99	64293,91	64140	64270,61	LONG	0,00167	5981,87	0,00648	HOLD	98,2349	195,5471
2026-08-05	06:00	64270,62	64549,16	64081,26	64106,56	LONG	0,00167	5981,87	0,00648	HOLD	98,2349	195,2731
2026-08-05	07:00	64106,55	64193,25	63978,44	63988	LONG	0,00167	5981,87	0,00648	HOLD	98,2349	195,0751
2026-08-05	08:00	63988	64346	63950	64333,84	LONG	0,00167	5981,87	0,00648	HOLD	98,2349	195,6527
2026-08-05	09:00	64333,85	64504	64322,59	64368,26	LONG	0,00167	5981,87	0,00648	HOLD	98,2349	195,7101
2026-08-05	10:00	64368,27	64446	64046	64183,27	LONG	0,00167	5981,87	0,00648	HOLD	98,2349	195,4012
2026-08-05	11:00	64183,27	64218	64088,01	64176,7	LONG	0,00167	5981,87	0,00648	HOLD	98,2349	195,3902
2026-08-05	12:00	64176,69	64525,97	64163,36	64330,87	LONG	0,00167	5981,87	0,00648	HOLD	98,2349	195,6477
2026-08-05	13:00	64330,86	64373,31	64229,34	64253,58	LONG	0,00167	5981,87	0,00648	HOLD	98,2349	195,5186
2026-08-05	14:00	64253,59	64272	63995,89	64163,99	LONG	0,00167	5981,87	0,00648	HOLD	98,2349	195,369
2026-08-05	15:00	64164	64280	64098	64120,81	LONG	0,00167	5981,87	0,00648	HOLD	98,2349	195,2969
2026-08-05	16:00	64120,81	64210,83	64102,95	64155,05	LONG	0,00167	5981,87	0,00648	HOLD	98,2349	195,3541
2026-08-05	17:00	64155,06	64242,93	64020	64062,23	LONG	0,00167	5981,87	0,00648	HOLD	98,2349	195,1991
2026-08-05	18:00	64062,23	64150	64044,5	64075,28	LONG	0,00167	5981,87	0,00648	HOLD	98,2349	195,2209
2026-08-05	19:00	64075,28	64581,43	64050	64332,43	LONG	0,00167	5981,87	0,00648	HOLD	98,2349	195,6503
2026-08-05	20:00	64332,43	64412	63880	64407,99	LONG	0,00167	5981,87	0,00648	HOLD	98,2349	195,7765
2026-08-05	21:00	64407,99	64578	64300	64476,39	LONG	0,00167	5981,87	0,00648	HOLD	98,2349	195,8907
2026-08-05	22:00	64476,4	64744	64385,49	64388,01	LONG	0,00167	5981,87	0,00648	HOLD	98,2349	195,7431
2026-08-05	23:00	64388,01	64760,99	64388	64661,99	LONG	0,00167	5981,87	0,00648	HOLD	98,2349	196,2007
2026-08-06	00:00	64661,99	64804	64541,71	64770	LONG	0,00167	5981,87	0,00648	HOLD	98,2349	196,381
2026-08-06	01:00	64770	64844,99	64670,01	64799,1	LONG	0,00167	5981,87	0,00648	HOLD	98,2349	196,4296
2026-08-06	02:00	64799,1	64936,18	64781,79	64840,28	LONG	0,00167	5981,87	0,00648	HOLD	98,2349	196,4984
2026-08-06	03:00	64840,27	65025,22	64806,46	64822,89	LONG	0,00167	5981,87	0,00648	HOLD	98,2349	196,4694
2026-08-06	04:00	64822,88	64825,78	64657,69	64733,13	LONG	0,00167	5981,87	0,00648	HOLD	98,2349	196,3195
2026-08-06	05:00	64733,13	64783,84	64629,81	64636	LONG	0,00167	5981,87	0,00648	HOLD	98,2349	196,1573
2026-08-06	06:00	64636	64749,99	64579,15	64665,23	LONG	0,00167	5981,87	0,00648	HOLD	98,2349	196,2061
2026-08-06	07:00	64665,24	64724,38	64572	64644,99	LONG	0,00167	5981,87	0,00648	HOLD	98,2349	196,1723
2026-08-06	08:00	64644,92	64659,65	64498	64580,07	LONG	0,00167	5981,87	0,00648	HOLD	98,2349	196,0639
2026-08-06	09:00	64580,08	64650,62	64439,34	64579,36	LONG	0,00167	5981,87	0,00648	HOLD	98,2349	196,0627
2026-08-06	10:00	64579,36	64583,63	64493,2	64531,03	LONG	0,00167	5981,87	0,00648	HOLD	98,2349	195,982
2026-08-06	11:00	64531,03	64755,72	64496,27	64734,65	LONG	0,00167	5981,87	0,00648	HOLD	98,2349	196,322
2026-08-06	12:00	64734,65	64996	64730,26	64908,09	LONG	0,00167	5981,87	0,00648	HOLD	98,2349	196,6117
2026-08-06	13:00	64908,1	64908,1	64745,69	64860	LONG	0,00167	5981,87	0,00648	HOLD	98,2349	196,5313
2026-08-06	14:00	64860	64965,66	64776	64809,7	LONG	0,00167	5981,87	0,00648	HOLD	98,2349	196,4473
2026-08-06	15:00	64809,7	64999	64760	64941,99	LONG	0,00167	5981,87	0,00648	HOLD	98,2349	196,6683
2026-08-06	16:00	64942	64944	64630	64683,62	LONG	0,00167	5981,87	0,00648	HOLD	98,2349	196,2368
2026-08-06	17:00	64683,62	64685,05	64581,21	64615,95	LONG	0,00167	5981,87	0,00648	HOLD	98,2349	196,1238
2026-08-06	18:00	64615,95	64661,26	64503,54	64622,09	LONG	0,00167	5981,87	0,00648	HOLD	98,2349	196,134
2026-08-06	19:00	64622,08	64637,68	64381,96	64424	LONG	0,00167	5981,87	0,00648	HOLD	98,2349	195,8032
2026-08-06	20:00	64424,01	64524,21	64172	64434,01	LONG	0,00167	5981,87	0,00648	HOLD	98,2349	195,8199
2026-08-06	21:00	64434,01	64850	64362	64778	LONG	0,00167	5981,87	0,00648	HOLD	98,2349	196,3944
2026-08-06	22:00	64778,01	64987,26	64624,29	64631,87	LONG	0,00167	5981,87	0,00648	HOLD	98,2349	196,1504
2026-08-06	23:00	64631,88	64778	64592,37	64757,99	LONG	0,00167	5981,87	0,00648	HOLD	98,2349	196,361
2026-08-07	00:00	64758	64834	64548,81	64621,69	LONG	0,00167	5981,87	0,00648	HOLD	98,2349	196,1334
2026-08-07	01:00	64621,68	64621,69	64378,67	64418,47	LONG	0,00167	5981,87	0,00648	HOLD	98,2349	195,794
2026-08-07	02:00	64418,48	64474,71	64365	64446	LONG	0,00167	5981,87	0,00648	HOLD	98,2349	195,84
2026-08-07	03:00	64446,01	64536,32	64439,7	64439,7	LONG	0,00167	5981,87	0,00648	HOLD	98,2349	195,8294
2026-08-07	04:00	64439,71	64513,99	64404,74	64440,74	LONG	0,00167	5981,87	0,00648	HOLD	98,2349	195,8312
2026-08-07	05:00	64440,74	64450	64330,4	64351,49	LONG	0,00167	5981,87	0,00648	HOLD	98,2349	195,6821
2026-08-07	06:00	64351,48	64360,01	64200	64323,61	LONG	0,00167	5981,87	0,00648	HOLD	98,2349	195,6356
2026-08-07	07:00	64323,61	64410	64230,59	64317,99	LONG	0,00167	5981,87	0,00648	HOLD	98,2349	195,6262
2026-08-07	08:00	64318	64476,78	64300	64422,55	LONG	0,00167	5981,87	0,00648	HOLD	98,2349	195,8008
2026-08-07	09:00	64422,54	64544	64252,09	64399,87	LONG	0,00167	5981,87	0,00648	HOLD	98,2349	195,7629
2026-08-07	10:00	64399,88	64407,73	64260	64289,99	LONG	0,00167	5981,87	0,00648	HOLD	98,2349	195,5794
2026-08-07	11:00	64289,99	64364,08	64166	64255,13	LONG	0,00167	5981,87	0,00648	HOLD	98,2349	195,5212
2026-08-07	12:00	64255,14	64400	64177,62	64336,43	LONG	0,00167	5981,87	0,00648	HOLD	98,2349	195,657
2026-08-07	13:00	64336,42	64463,75	64283,91	64304,12	LONG	0,00167	5981,87	0,00648	HOLD	98,2349	195,603
2026-08-07	14:00	64304,12	64436,13	64264	64319,84	LONG	0,00167	5981,87	0,00648	HOLD	98,2349	195,6293
2026-08-07	15:00	64319,84	64672,1	64304,22	64600	LONG	0,00167	5981,87	0,00648	HOLD	98,2349	196,0971
2026-08-07	16:00	64600	64965	64599,99	64839,32	LONG	0,00167	5981,87	0,00648	HOLD	98,2349	196,4968
2026-08-07	17:00	64839,32	64916	64802	64893,98	LONG	0,00167	5981,87	0,00648	HOLD	98,2349	196,5881
2026-08-07	18:00	64893,99	65213,33	64893,64	65029,98	LONG	0,00167	5981,87	0,00648	HOLD	98,2349	196,8152
2026-08-07	19:00	65029,98	65390,99	64986,26	65292,32	LONG	0,00167	5981,87	0,00648	HOLD	98,2349	197,2533
2026-08-07	20:00	65292,31	65338	64984,68	65009,24	LONG	0,00167	5981,87	0,00648	HOLD	98,2349	196,7806
2026-08-07	21:00	65009,23	65275,03	64788	64957,98	LONG	0,00167	5981,87	0,00648	HOLD	98,2349	196,695
2026-08-07	22:00	64957,98	65136,17	64894,83	64912,72	LONG	0,00167	5981,87	0,00648	HOLD	98,2349	196,6194
2026-08-07	23:00	64912,71	65072,31	64814	64814	LONG	0,00167	5981,87	0,00648	HOLD	98,2349	196,4545
2026-08-08	00:00	64814,01	64828,82	64525	64764,33	LONG	0,00167	5981,87	0,00648	HOLD	98,2349	196,3716
2026-08-08	01:00	64764,33	64881,13	64676	64735,51	LONG	0,00167	5981,87	0,00648	HOLD	98,2349	196,3234
2026-08-08	02:00	64735,52	65039,42	64735,52	64960,47	LONG	0,00167	5981,87	0,00648	HOLD	98,2349	196,6991
2026-08-08	03:00	64960,46	65053,56	64948	64972	LONG	0,00167	5981,87	0,00648	HOLD	98,2349	196,7184
2026-08-08	04:00	64972	65102	64928	64928,01	LONG	0,00167	5981,87	0,00648	HOLD	98,2349	196,6449
2026-08-08	05:00	64928,02	64947,7	64846	64888	LONG	0,00167	5981,87	0,00648	HOLD	98,2349	196,5781
2026-08-08	06:00	64888	64923,2	64869,99	64923,19	LONG	0,00167	5981,87	0,00648	HOLD	98,2349	196,6369
2026-08-08	07:00	64923,2	64954	64784,19	64929,01	LONG	0,00167	5981,87	0,00648	HOLD	98,2349	196,6466
2026-08-08	08:00	64929,01	64965	64908,97	64911,79	LONG	0,00167	5981,87	0,00648	HOLD	98,2349	196,6178
2026-08-08	09:00	64911,8	64957,47	64894,49	64923,97	LONG	0,00167	5981,87	0,00648	HOLD	98,2349	196,6382
2026-08-08	10:00	64923,98	65074,18	64918,28	65033	LONG	0,00167	5981,87	0,00648	HOLD	98,2349	196,8203
2026-08-08	11:00	65033	65071,15	64971,18	65013,58	LONG	0,00167	5981,87	0,00648	HOLD	98,2349	196,7878
2026-08-08	12:00	65013,58	65018,64	64976	64995,39	LONG	0,00167	5981,87	0,00648	HOLD	98,2349	196,7574
2026-08-08	13:00	64995,39	65014	64959,81	65006,61	LONG	0,00167	5981,87	0,00648	HOLD	98,2349	196,7762
2026-08-08	14:00	65006,61	65006,61	64951,34	64960	LONG	0,00167	5981,87	0,00648	HOLD	98,2349	196,6983
2026-08-08	15:00	64959,99	65020,5	64948,56	64993,87	LONG	0,00167	5981,87	0,00648	HOLD	98,2349	196,7549
2026-08-08	16:00	64993,88	65050	64992,98	64994,31	LONG	0,00167	5981,87	0,00648	HOLD	98,2349	196,7556
2026-08-08	17:00	64994,31	65022,43	64994,31	65005,87	LONG	0,00167	5981,87	0,00648	HOLD	98,2349	196,7749
2026-08-08	18:00	65005,88	65024,1	64957	64967,35	LONG	0,00167	5981,87	0,00648	HOLD	98,2349	196,7106
2026-08-08	19:00	64967,36	65050,55	64924	65008,34	LONG	0,00167	5981,87	0,00648	HOLD	98,2349	196,7791
2026-08-08	20:00	65008,33	65018	65000	65015,27	LONG	0,00167	5981,87	0,00648	HOLD	98,2349	196,7906
2026-08-08	21:00	65015,27	65192,54	65015,27	65129,02	LONG	0,00167	5981,87	0,00648	HOLD	98,2349	196,9806
2026-08-08	22:00	65129,01	65149,57	65061,31	65080,82	LONG	0,00167	5981,87	0,00648	HOLD	98,2349	196,9001
2026-08-08	23:00	65080,83	65116,82	65039	65086,45	LONG	0,00167	5981,87	0,00648	HOLD	98,2349	196,9095
2026-08-09	00:00	65086,46	65150	65075,46	65119,75	LONG	0,00167	5981,87	0,00648	HOLD	98,2349	196,9651
2026-08-09	01:00	65119,75	65119,75	65025,54	65044,07	LONG	0,00167	5981,87	0,00648	HOLD	98,2349	196,8387
2026-08-09	02:00	65044,08	65093,7	65017,39	65075,41	LONG	0,00167	5981,87	0,00648	HOLD	98,2349	196,8911
2026-08-09	03:00	65075,4	65100,61	65060	65082,41	LONG	0,00167	5981,87	0,00648	HOLD	98,2349	196,9028
2026-08-09	04:00	65082,42	65082,42	65000,53	65012,96	LONG	0,00167	5981,87	0,00648	HOLD	98,2349	196,7868
2026-08-09	05:00	65012,95	65038	64948,17	64950,61	LONG	0,00167	5981,87	0,00648	HOLD	98,2349	196,6827
2026-08-09	06:00	64950,62	64975,99	64936,01	64962,6	LONG	0,00167	5981,87	0,00648	HOLD	98,2349	196,7027
2026-08-09	07:00	64962,6	64991,93	64958,17	64973,65	LONG	0,00167	5981,87	0,00648	HOLD	98,2349	196,7211
2026-08-09	08:00	64973,65	65002	64838,33	64861,46	LONG	0,00167	5981,87	0,00648	HOLD	98,2349	196,5338
2026-08-09	09:00	64861,46	64863,16	64777,92	64820,01	LONG	0,00167	5981,87	0,00648	HOLD	98,2349	196,4646
2026-08-09	10:00	64820,01	64820,01	64730,08	64788,8	LONG	0,00167	5981,87	0,00648	HOLD	98,2349	196,4124
2026-08-09	11:00	64788,8	64826,13	64785	64785	LONG	0,00167	5981,87	0,00648	HOLD	98,2349	196,4061
2026-08-09	12:00	64785,01	64801,58	64777	64801,58	LONG	0,00167	5981,87	0,00648	HOLD	98,2349	196,4338
2026-08-09	13:00	64801,57	64867,11	64801,57	64849,99	LONG	0,00167	5981,87	0,00648	HOLD	98,2349	196,5146
2026-08-09	14:00	64850	64860,01	64826,14	64826,14	LONG	0,00167	5981,87	0,00648	HOLD	98,2349	196,4748
2026-08-09	15:00	64826,15	64960,06	64792,1	64824,16	LONG	0,00167	5981,87	0,00648	HOLD	98,2349	196,4715
2026-08-09	16:00	64824,17	64877,86	64809,68	64877,85	LONG	0,00167	5981,87	0,00648	HOLD	98,2349	196,5612
2026-08-09	17:00	64877,86	64994,07	64877,85	64959,86	LONG	0,00167	5981,87	0,00648	HOLD	98,2349	196,6981
2026-08-09	18:00	64959,87	65000	64950	64950	LONG	0,00167	5981,87	0,00648	HOLD	98,2349	196,6816
2026-08-09	19:00	64950,01	64962,41	64914,73	64960,11	LONG	0,00167	5981,87	0,00648	HOLD	98,2349	196,6985
2026-08-09	20:00	64960,12	65266	64960,11	65219,78	LONG	0,00167	5981,87	0,00648	HOLD	98,2349	197,1322
2026-08-09	21:00	65219,78	65300	65150,95	65260,01	LONG	0,00167	5981,87	0,00648	HOLD	98,2349	197,1994
2026-08-09	22:00	65260,01	65264	65214	65228,68	LONG	0,00167	5981,87	0,00648	HOLD	98,2349	197,147
2026-08-09	23:00	65228,68	65266,06	65182,36	65232,14	LONG	0,00167	5981,87	0,00648	HOLD	98,2349	197,1528
2026-08-10	00:00	65232,15	65239,18	65198,68	65198,68	LONG	0,00167	5981,87	0,00648	HOLD	98,2349	197,0969
2026-08-10	01:00	65198,68	65220	65192	65199,68	LONG	0,00167	5981,87	0,00648	HOLD	98,2349	197,0986
2026-08-10	02:00	65199,69	65210	65179,72	65180,66	LONG	0,00167	5981,87	0,00648	HOLD	98,2349	197,0668
2026-08-10	03:00	65180,66	65181,99	65046,25	65137,96	LONG	0,00167	5981,87	0,00648	HOLD	98,2349	196,9955
2026-08-10	04:00	65137,96	65250	65115,05	65192,99	LONG	0,00167	5981,87	0,00648	HOLD	98,2349	197,0874
2026-08-10	05:00	65192,99	65474,46	64971,41	65077,13	LONG	0,00167	5981,87	0,00648	HOLD	98,2349	196,8939
2026-08-10	06:00	65077,13	65108	64842,59	64901,59	LONG	0,00167	5981,87	0,00648	HOLD	98,2349	196,6008
2026-08-10	07:00	64901,59	65322,58	64826,78	64968,01	LONG	0,00167	5981,87	0,00648	HOLD	98,2349	196,7117
2026-08-10	08:00	64968,21	65391,14	64900	65189,99	LONG	0,00167	5981,87	0,00648	HOLD	98,2349	197,0824
2026-08-10	09:00	65190	65220	64903,54	65099,99	LONG	0,00167	5981,87	0,00648	HOLD	98,2349	196,9321
2026-08-10	10:00	65099,99	65172	64904,99	64982,01	LONG	0,00167	5981,87	0,00648	HOLD	98,2349	196,7351
2026-08-10	11:00	64982	65100	64924	65006,73	LONG	0,00167	5981,87	0,00648	HOLD	98,2349	196,7764
2026-08-10	12:00	65006,74	65159,25	64979,88	65134	LONG	0,00167	5981,87	0,00648	HOLD	98,2349	196,9889
2026-08-10	13:00	65134	65339,7	65130,01	65299,4	LONG	0,00167	5981,87	0,00648	HOLD	98,2349	197,2651
2026-08-10	14:00	65299,4	65379,13	65196,53	65202,73	LONG	0,00167	5981,87	0,00648	HOLD	98,2349	197,1037
2026-08-10	15:00	65202,72	65328,73	65192	65245,58	LONG	0,00167	5981,87	0,00648	HOLD	98,2349	197,1753
2026-08-10	16:00	65245,59	65245,59	64958,87	64967,24	LONG	0,00167	5981,87	0,00648	HOLD	98,2349	196,7104
2026-08-10	17:00	64967,25	65074,61	64967,24	65013,06	LONG	0,00167	5981,87	0,00648	HOLD	98,2349	196,787
2026-08-10	18:00	65013,07	65130,16	64977,93	65125,98	LONG	0,00167	5981,87	0,00648	HOLD	98,2349	196,9755
2026-08-10	19:00	65125,99	65237,8	64850	64870,75	LONG	0,00167	5981,87	0,00648	HOLD	98,2349	196,5493
2026-08-10	20:00	64870,74	64973,72	64518,01	64561,98	LONG	0,00167	5981,87	0,00648	HOLD	98,2349	196,0336
2026-08-10	21:00	64561,98	64888,32	64544,01	64625,77	LONG	0,00167	5981,87	0,00648	HOLD	98,2349	196,1402
2026-08-10	22:00	64625,77	64711,43	64203,15	64299,99	LONG	0,00167	5981,87	0,00648	HOLD	98,2349	195,5961
2026-08-10	23:00	64299,99	64354	63830,57	63904,65	LONG	0,00167	5981,87	0,00648	HOLD	98,2349	194,9359
2026-08-11	00:00	63904,65	64027,12	63832	63953,04	LONG	0,00167	5981,87	0,00648	HOLD	98,2349	195,0167
2026-08-11	01:00	63953,04	64020,64	63806,27	63889,39	LONG	0,00167	5981,87	0,00648	HOLD	98,2349	194,9104
2026-08-11	02:00	63889,39	64101,34	63888,01	64045,7	LONG	0,00167	5981,87	0,00648	HOLD	98,2349	195,1715
2026-08-11	03:00	64045,7	64215,21	64023,06	64158,5	LONG	0,00167	5981,87	0,00648	HOLD	98,2349	195,3598
2026-08-11	04:00	64158,49	64158,5	63987	63987	LONG	0,00167	5981,87	0,00648	HOLD	98,2349	195,0734
2026-08-11	05:00	63987	64055,95	63944	64016	LONG	0,00167	5981,87	0,00648	HOLD	98,2349	195,1219
2026-08-11	06:00	64015,99	64020	63920,69	63970,01	LONG	0,00167	5981,87	0,00648	HOLD	98,2349	195,0451
2026-08-11	07:00	63970,01	64058	63895,64	64040	LONG	0,00167	5981,87	0,00648	HOLD	98,2349	195,1619
2026-08-11	08:00	64040,01	64080,1	63958,2	64060,8	LONG	0,00167	5981,87	0,00648	HOLD	98,2349	195,1967
2026-08-11	09:00	64060,8	64086	64030	64044,59	LONG	0,00167	5981,87	0,00648	HOLD	98,2349	195,1696
2026-08-11	10:00	64044,6	64176	64044,59	64155,01	LONG	0,00167	5981,87	0,00648	HOLD	98,2349	195,354
2026-08-11	11:00	64155	64159,65	64021,02	64023,51	LONG	0,00167	5981,87	0,00648	HOLD	98,2349	195,1344
2026-08-11	12:00	64023,51	64051,93	63964	64000	LONG	0,00167	5981,87	0,00648	HOLD	98,2349	195,0951
2026-08-11	13:00	64000	64050,43	63852	63969,28	LONG	0,00167	5981,87	0,00648	HOLD	98,2349	195,0438
2026-08-11	14:00	63969,29	64108	63911,09	64065,99	LONG	0,00167	5981,87	0,00648	HOLD	98,2349	195,2053
2026-08-11	15:00	64066	64148,78	64044,72	64136,41	LONG	0,00167	5981,87	0,00648	HOLD	98,2349	195,3229
2026-08-11	16:00	64136,41	64300	64121,51	64300	LONG	0,00167	5981,87	0,00648	HOLD	98,2349	195,5961
2026-08-11	17:00	64300	64312,7	64200	64233,23	LONG	0,00167	5981,87	0,00648	HOLD	98,2349	195,4846
2026-08-11	18:00	64233,23	64400	64233,23	64389,57	LONG	0,00167	5981,87	0,00648	HOLD	98,2349	195,7457
2026-08-11	19:00	64389,58	64515,43	64274,57	64330,01	LONG	0,00167	5981,87	0,00648	HOLD	98,2349	195,6463
2026-08-11	20:00	64330	64368,42	64050	64200,28	LONG	0,00167	5981,87	0,00648	HOLD	98,2349	195,4296
2026-08-11	21:00	64200,29	64263,83	63714,75	63770,03	LONG	0,00167	5981,87	0,00648	HOLD	98,2349	194,7111
2026-08-11	22:00	63770,03	63868	63451	63609,87	LONG	0,00167	5981,87	0,00648	HOLD	98,2349	194,4436
2026-08-11	23:00	63609,86	63660	63459,54	63512,59	LONG	0,00167	5981,87	0,00648	HOLD	98,2349	194,2812
2026-08-12	00:00	63512,59	63632,94	63461,88	63607,88	LONG	0,00167	5981,87	0,00648	HOLD	98,2349	194,4403
2026-08-12	01:00	63607,87	63626,03	63251,59	63373,07	LONG	0,00167	5981,87	0,00648	HOLD	98,2349	194,0482
2026-08-12	02:00	63373,07	63536	63238	63536	LONG	0,00167	5981,87	0,00648	HOLD	98,2349	194,3203
2026-08-12	03:00	63536	63748,37	63536	63740	LONG	0,00167	5981,87	0,00648	HOLD	98,2349	194,6609
2026-08-12	04:00	63740	63768,58	63622	63672,73	LONG	0,00167	5981,87	0,00648	HOLD	98,2349	194,5486
2026-08-12	05:00	63672,73	63768	63626,25	63668,49	LONG	0,00167	5981,87	0,00648	HOLD	98,2349	194,5415
2026-08-12	06:00	63668,5	63668,5	63543,55	63600	LONG	0,00167	5981,87	0,00648	HOLD	98,2349	194,4271
2026-08-12	07:00	63600,01	63745,53	63534,01	63742,07	LONG	0,00167	5981,87	0,00648	HOLD	98,2349	194,6644
2026-08-12	08:00	63742,07	63855,5	63698,18	63813,8	LONG	0,00167	5981,87	0,00648	HOLD	98,2349	194,7842
