2023-06-23	13:00	30042	30062,33	29974,28	30012,18	LONG	0,00167	5981,87	0,00451	HOLD	98,2349	138,3355
2023-06-23	14:00	30012,18	30012,18	29904,29	29931,99	LONG	0,00167	5981,87	0,00451	HOLD	98,2349	138,2016
2023-06-23	15:00	29932	30041,2	29906,71	30008,12	LONG	0,00167	5981,87	0,00451	HOLD	98,2349	138,3287
2023-06-23	16:00	30008,12	30170,43	29963,62	30145,22	LONG	0,00167	5981,87	0,00451	HOLD	98,2349	138,5577
2023-06-23	17:00	30145,21	30195	29938	30075,99	LONG	0,00167	5981,87	0,00451	HOLD	98,2349	138,442
2023-06-23	18:00	30076	30150	30038,65	30140,87	LONG	0,00167	5981,87	0,00451	HOLD	98,2349	138,5504
2023-06-23	19:00	30140,86	30230,87	29996	30106,5	LONG	0,00167	5981,87	0,00451	HOLD	98,2349	138,493
2023-06-23	20:00	30106,51	30181,8	29911,07	30077,82	LONG	0,00167	5981,87	0,00451	HOLD	98,2349	138,4451
2023-06-23	21:00	30077,82	30356,3	30010,61	30282,04	LONG	0,00167	5981,87	0,00451	HOLD	98,2349	138,7861
2023-06-23	22:00	30282,05	31400	30252	31238	LONG	0,00167	5981,87	0,00451	HOLD	98,2349	140,3826
2023-06-23	23:00	31238,01	31431,94	30666,67	31097,02	LONG	0,00167	5981,87	0,00451	HOLD	98,2349	140,1472
2023-06-24	00:00	31097,02	31286,61	31007,18	31241,1	LONG	0,00167	5981,87	0,00451	HOLD	98,2349	140,3878
2023-06-24	01:00	31241,1	31271,91	30880,78	30943,68	LONG	0,00167	5981,87	0,00451	HOLD	98,2349	139,8911
2023-06-24	02:00	30943,69	30944,42	30615,33	30880,87	LONG	0,00167	5981,87	0,00451	HOLD	98,2349	139,7862
2023-06-24	03:00	30880,88	30950	30788,51	30906,07	LONG	0,00167	5981,87	0,00451	HOLD	98,2349	139,8283
2023-06-24	04:00	30906,07	30919	30540,69	30659,8	LONG	0,00167	5981,87	0,00451	HOLD	98,2349	139,417
2023-06-24	05:00	30659,8	30669,35	30453,1	30644,17	LONG	0,00167	5981,87	0,00451	HOLD	98,2349	139,3909
2023-06-24	06:00	30644,17	30691,32	30522,5	30688,5	LONG	0,00167	5981,87	0,00451	HOLD	98,2349	139,4649
2023-06-24	07:00	30688,51	30694,16	30459,32	30488,2	LONG	0,00167	5981,87	0,00451	HOLD	98,2349	139,1304
2023-06-24	08:00	30488,2	30629,88	30410	30605,3	LONG	0,00167	5981,87	0,00451	HOLD	98,2349	139,326
2023-06-24	09:00	30605,31	30794,11	30580,01	30756,6	LONG	0,00167	5981,87	0,00451	HOLD	98,2349	139,5787
2023-06-24	10:00	30756,61	30779,83	30702,8	30730,01	LONG	0,00167	5981,87	0,00451	HOLD	98,2349	139,5343
2023-06-24	11:00	30730	30753,35	30655,35	30703,68	LONG	0,00167	5981,87	0,00451	HOLD	98,2349	139,4903
2023-06-24	12:00	30703,69	30756,08	30676,13	30725,01	LONG	0,00167	5981,87	0,00451	HOLD	98,2349	139,5259
2023-06-24	13:00	30725,01	30788	30631,41	30697,94	LONG	0,00167	5981,87	0,00451	HOLD	98,2349	139,4807
2023-06-24	14:00	30697,95	30697,95	30552,01	30567,58	LONG	0,00167	5981,87	0,00451	HOLD	98,2349	139,263
2023-06-24	15:00	30567,58	30665,43	30552,78	30608,82	LONG	0,00167	5981,87	0,00451	HOLD	98,2349	139,3319
2023-06-24	16:00	30608,81	30637,21	30574,75	30621,63	LONG	0,00167	5981,87	0,00451	HOLD	98,2349	139,3533
2023-06-24	17:00	30621,64	30742,73	30605,01	30739,98	LONG	0,00167	5981,87	0,00451	HOLD	98,2349	139,5509
2023-06-24	18:00	30739,99	30739,99	30656,4	30684,38	LONG	0,00167	5981,87	0,00451	HOLD	98,2349	139,4581
2023-06-24	19:00	30684,37	30800	30652	30694,57	LONG	0,00167	5981,87	0,00451	HOLD	98,2349	139,4751
2023-06-24	20:00	30694,56	30720	30525	30640,69	LONG	0,00167	5981,87	0,00451	HOLD	98,2349	139,3851
2023-06-24	21:00	30640,69	30720	30605,48	30688,53	LONG	0,00167	5981,87	0,00451	HOLD	98,2349	139,465
2023-06-24	22:00	30688,52	30697,96	30282,07	30398,71	LONG	0,00167	5981,87	0,00451	HOLD	98,2349	138,981
2023-06-24	23:00	30398,72	30513,25	30250	30510,01	LONG	0,00167	5981,87	0,00451	HOLD	98,2349	139,1669
2023-06-25	00:00	30510,01	30650,31	30502	30584,49	LONG	0,00167	5981,87	0,00451	HOLD	98,2349	139,2912
2023-06-25	01:00	30584,5	30709,36	30570	30638,38	LONG	0,00167	5981,87	0,00451	HOLD	98,2349	139,3812
2023-06-25	02:00	30638,39	30679,51	30598,83	30627,84	LONG	0,00167	5981,87	0,00451	HOLD	98,2349	139,3636
2023-06-25	03:00	30627,84	30627,85	30484,16	30507,56	LONG	0,00167	5981,87	0,00451	HOLD	98,2349	139,1628
2023-06-25	04:00	30507,56	30574,4	30408,95	30513,78	LONG	0,00167	5981,87	0,00451	HOLD	98,2349	139,1732
2023-06-25	05:00	30513,78	30544,17	30476,5	30515,33	LONG	0,00167	5981,87	0,00451	HOLD	98,2349	139,1757
2023-06-25	06:00	30515,33	30570	30485,7	30527,43	LONG	0,00167	5981,87	0,00451	HOLD	98,2349	139,196
2023-06-25	07:00	30527,44	30582	30465,41	30513,23	LONG	0,00167	5981,87	0,00451	HOLD	98,2349	139,1722
2023-06-25	08:00	30513,24	30624	30467,47	30598,52	LONG	0,00167	5981,87	0,00451	HOLD	98,2349	139,3147
2023-06-25	09:00	30598,52	30686,16	30592	30621,3	LONG	0,00167	5981,87	0,00451	HOLD	98,2349	139,3527
2023-06-25	10:00	30621,3	30783,68	30619,76	30748,46	LONG	0,00167	5981,87	0,00451	HOLD	98,2349	139,5651
2023-06-25	11:00	30748,46	31046,01	30748,46	30890,66	LONG	0,00167	5981,87	0,00451	HOLD	98,2349	139,8025
2023-06-25	12:00	30890,65	30950,34	30829,28	30858,56	LONG	0,00167	5981,87	0,00451	HOLD	98,2349	139,7489
2023-06-25	13:00	30858,55	30985,91	30752	30872,66	LONG	0,00167	5981,87	0,00451	HOLD	98,2349	139,7725
2023-06-25	14:00	30872,66	30877,58	30666,87	30723,78	LONG	0,00167	5981,87	0,00451	HOLD	98,2349	139,5239
2023-06-25	15:00	30723,78	30761,7	30666,67	30735,93	LONG	0,00167	5981,87	0,00451	HOLD	98,2349	139,5441
2023-06-25	16:00	30735,92	30735,93	30588	30683,99	LONG	0,00167	5981,87	0,00451	HOLD	98,2349	139,4574
2023-06-25	17:00	30683,99	30692,79	30584,51	30621,27	LONG	0,00167	5981,87	0,00451	HOLD	98,2349	139,3527
2023-06-25	18:00	30621,28	30740	30590	30716,03	LONG	0,00167	5981,87	0,00451	HOLD	98,2349	139,5109
2023-06-25	19:00	30716,03	30739,8	30630,89	30669,4	LONG	0,00167	5981,87	0,00451	HOLD	98,2349	139,433
2023-06-25	20:00	30669,39	30688,76	30515,68	30676,5	LONG	0,00167	5981,87	0,00451	HOLD	98,2349	139,4449
2023-06-25	21:00	30676,49	30727,27	30530	30551,82	LONG	0,00167	5981,87	0,00451	HOLD	98,2349	139,2367
2023-06-25	22:00	30551,82	30636	30462	30585,16	LONG	0,00167	5981,87	0,00451	HOLD	98,2349	139,2924
2023-06-25	23:00	30585,16	30655,11	30500,2	30590,29	LONG	0,00167	5981,87	0,00451	HOLD	98,2349	139,3009
2023-06-26	00:00	30590,3	30609,79	30488	30526,01	LONG	0,00167	5981,87	0,00451	HOLD	98,2349	139,1936
2023-06-26	01:00	30526	30526,01	30341,73	30453,03	LONG	0,00167	5981,87	0,00451	HOLD	98,2349	139,0717
2023-06-26	02:00	30453,02	30453,03	30328	30429,78	LONG	0,00167	5981,87	0,00451	HOLD	98,2349	139,0329
2023-06-26	03:00	30429,78	30530,71	30277,49	30374	LONG	0,00167	5981,87	0,00451	HOLD	98,2349	138,9397
2023-06-26	04:00	30374,01	30493,61	30362,55	30451,52	LONG	0,00167	5981,87	0,00451	HOLD	98,2349	139,0692
2023-06-26	05:00	30451,52	30571,89	30386,66	30500,86	LONG	0,00167	5981,87	0,00451	HOLD	98,2349	139,1516
2023-06-26	06:00	30500,86	30501,87	30432,43	30462,66	LONG	0,00167	5981,87	0,00451	HOLD	98,2349	139,0878
2023-06-26	07:00	30462,67	30550	30391,75	30394,89	LONG	0,00167	5981,87	0,00451	HOLD	98,2349	138,9746
2023-06-26	08:00	30394,88	30405,56	29963,6	30172,74	LONG	0,00167	5981,87	0,00451	HOLD	98,2349	138,6036
2023-06-26	09:00	30172,73	30240	30115,77	30222,48	LONG	0,00167	5981,87	0,00451	HOLD	98,2349	138,6867
2023-06-26	10:00	30222,48	30328,63	30177,38	30296,36	LONG	0,00167	5981,87	0,00451	HOLD	98,2349	138,8101
2023-06-26	11:00	30296,35	30323,99	30214,3	30245,17	LONG	0,00167	5981,87	0,00451	HOLD	98,2349	138,7246
2023-06-26	12:00	30245,18	30272,93	30164,79	30215,05	LONG	0,00167	5981,87	0,00451	HOLD	98,2349	138,6743
2023-06-26	13:00	30215,04	30486,23	30194,59	30483,97	LONG	0,00167	5981,87	0,00451	HOLD	98,2349	139,1234
2023-06-26	14:00	30483,97	30580	30283	30404,29	LONG	0,00167	5981,87	0,00451	HOLD	98,2349	138,9903
2023-06-26	15:00	30404,28	30428,36	30323,37	30405,75	LONG	0,00167	5981,87	0,00451	HOLD	98,2349	138,9927
2023-06-26	16:00	30405,76	30420,14	30245,88	30268	LONG	0,00167	5981,87	0,00451	HOLD	98,2349	138,7627
2023-06-26	17:00	30268	30288,37	30130	30267,99	LONG	0,00167	5981,87	0,00451	HOLD	98,2349	138,7627
2023-06-26	18:00	30268	30343,6	30250	30322,89	LONG	0,00167	5981,87	0,00451	HOLD	98,2349	138,8544
2023-06-26	19:00	30322,89	30398	30257,02	30359,3	LONG	0,00167	5981,87	0,00451	HOLD	98,2349	138,9152
2023-06-26	20:00	30359,29	30658,49	30356,97	30639,14	LONG	0,00167	5981,87	0,00451	HOLD	98,2349	139,3825
2023-06-26	21:00	30639,14	30666	30260,01	30394,56	LONG	0,00167	5981,87	0,00451	HOLD	98,2349	138,9741
2023-06-26	22:00	30394,56	30461,37	30325	30419,62	LONG	0,00167	5981,87	0,00451	HOLD	98,2349	139,0159
2023-06-26	23:00	30419,63	30432	29982,47	30100,47	LONG	0,00167	5981,87	0,00451	HOLD	98,2349	138,4829
2023-06-27	00:00	30100,46	30170,38	29930	30084,63	LONG	0,00167	5981,87	0,00451	HOLD	98,2349	138,4565
2023-06-27	01:00	30084,63	30239,62	30040	30213,36	LONG	0,00167	5981,87	0,00451	HOLD	98,2349	138,6715
2023-06-27	02:00	30213,35	30306,96	30070,42	30243,97	LONG	0,00167	5981,87	0,00451	HOLD	98,2349	138,7226
2023-06-27	03:00	30243,97	30290	30141,7	30161,78	LONG	0,00167	5981,87	0,00451	HOLD	98,2349	138,5853
2023-06-27	04:00	30161,78	30220,59	30116,9	30158,07	LONG	0,00167	5981,87	0,00451	HOLD	98,2349	138,5791
2023-06-27	05:00	30158,07	30258,14	30099	30227,51	LONG	0,00167	5981,87	0,00451	HOLD	98,2349	138,6951
2023-06-27	06:00	30227,5	30286,63	30197,51	30267,99	LONG	0,00167	5981,87	0,00451	HOLD	98,2349	138,7627
2023-06-27	07:00	30267,99	30381,21	30226,17	30354,02	LONG	0,00167	5981,87	0,00451	HOLD	98,2349	138,9064
2023-06-27	08:00	30354,01	30390	30273,02	30373,77	LONG	0,00167	5981,87	0,00451	HOLD	98,2349	138,9393
2023-06-27	09:00	30373,76	30496,88	30353,48	30480,06	LONG	0,00167	5981,87	0,00451	HOLD	98,2349	139,1168
2023-06-27	10:00	30480,07	30484	30363,79	30371,57	LONG	0,00167	5981,87	0,00451	HOLD	98,2349	138,9357
2023-06-27	11:00	30371,56	30385	30332,95	30348,8	LONG	0,00167	5981,87	0,00451	HOLD	98,2349	138,8976
2023-06-27	12:00	30348,81	30366,09	30247,98	30317,9	LONG	0,00167	5981,87	0,00451	HOLD	98,2349	138,846
2023-06-27	13:00	30317,91	30322	30233,58	30320,14	LONG	0,00167	5981,87	0,00451	HOLD	98,2349	138,8498
2023-06-27	14:00	30320,14	30470,8	30307,18	30411,22	LONG	0,00167	5981,87	0,00451	HOLD	98,2349	139,0019
2023-06-27	15:00	30411,23	30448,45	30355,05	30395,14	LONG	0,00167	5981,87	0,00451	HOLD	98,2349	138,975
2023-06-27	16:00	30395,13	30400	30336	30377,98	LONG	0,00167	5981,87	0,00451	HOLD	98,2349	138,9464
2023-06-27	17:00	30377,97	30705,35	30377,97	30656,57	LONG	0,00167	5981,87	0,00451	HOLD	98,2349	139,4116
2023-06-27	18:00	30656,56	30786,99	30537	30729,1	LONG	0,00167	5981,87	0,00451	HOLD	98,2349	139,5327
2023-06-27	19:00	30729,09	30769,04	30633,21	30713,99	LONG	0,00167	5981,87	0,00451	HOLD	98,2349	139,5075
2023-06-27	20:00	30713,99	30720	30528	30610,41	LONG	0,00167	5981,87	0,00451	HOLD	98,2349	139,3345
2023-06-27	21:00	30610,41	30994,97	30585,23	30808,63	LONG	0,00167	5981,87	0,00451	HOLD	98,2349	139,6656
2023-06-27	22:00	30808,63	30820	30383	30498,74	LONG	0,00167	5981,87	0,00451	HOLD	98,2349	139,148
2023-06-27	23:00	30498,74	30748	30455,5	30710,65	LONG	0,00167	5981,87	0,00451	HOLD	98,2349	139,5019
2023-06-28	00:00	30710,64	30769,96	30618,68	30733,2	LONG	0,00167	5981,87	0,00451	HOLD	98,2349	139,5396
2023-06-28	01:00	30733,19	30737,93	30626,67	30686,32	LONG	0,00167	5981,87	0,00451	HOLD	98,2349	139,4613
2023-06-28	02:00	30686,33	30737,99	30638,91	30648,03	LONG	0,00167	5981,87	0,00451	HOLD	98,2349	139,3974
2023-06-28	03:00	30648,03	30716	30554,09	30649,96	LONG	0,00167	5981,87	0,00451	HOLD	98,2349	139,4006
2023-06-28	04:00	30649,96	30728	30575,29	30717,42	LONG	0,00167	5981,87	0,00451	HOLD	98,2349	139,5132
2023-06-28	05:00	30717,41	30736,24	30579,34	30586,45	LONG	0,00167	5981,87	0,00451	HOLD	98,2349	139,2945
2023-06-28	06:00	30586,45	30726,27	30573,13	30692,44	LONG	0,00167	5981,87	0,00451	HOLD	98,2349	139,4715
2023-06-28	07:00	30692,44	30709,74	30460,56	30614	LONG	0,00167	5981,87	0,00451	HOLD	98,2349	139,3405
2023-06-28	08:00	30614,01	30665,08	30474,96	30498,42	LONG	0,00167	5981,87	0,00451	HOLD	98,2349	139,1475
2023-06-28	09:00	30498,43	30544,8	30336,36	30420,01	LONG	0,00167	5981,87	0,00451	HOLD	98,2349	139,0166
2023-06-28	10:00	30420,01	30473,62	30394,86	30452,75	LONG	0,00167	5981,87	0,00451	HOLD	98,2349	139,0712
2023-06-28	11:00	30452,74	30488,83	30390,96	30482,31	LONG	0,00167	5981,87	0,00451	HOLD	98,2349	139,1206
2023-06-28	12:00	30482,31	30482,31	30375	30452,53	LONG	0,00167	5981,87	0,00451	HOLD	98,2349	139,0709
2023-06-28	13:00	30452,54	30452,54	30343,58	30375,09	LONG	0,00167	5981,87	0,00451	HOLD	98,2349	138,9415
2023-06-28	14:00	30375,08	30393,49	30155,75	30186,13	LONG	0,00167	5981,87	0,00451	HOLD	98,2349	138,626
2023-06-28	15:00	30186,14	30280,8	30150,98	30278	LONG	0,00167	5981,87	0,00451	HOLD	98,2349	138,7794
2023-06-28	16:00	30278	30332,53	30229,99	30304,42	LONG	0,00167	5981,87	0,00451	HOLD	98,2349	138,8235
2023-06-28	17:00	30304,42	30344,07	30282	30337,62	LONG	0,00167	5981,87	0,00451	HOLD	98,2349	138,879
2023-06-28	18:00	30337,61	30388	30306,13	30310,73	LONG	0,00167	5981,87	0,00451	HOLD	98,2349	138,8341
2023-06-28	19:00	30310,73	30370	30037,2	30101,99	LONG	0,00167	5981,87	0,00451	HOLD	98,2349	138,4855
2023-06-28	20:00	30102	30211,54	30009	30202,34	LONG	0,00167	5981,87	0,00451	HOLD	98,2349	138,6531
2023-06-28	21:00	30202,34	30490,86	30147,24	30316	LONG	0,00167	5981,87	0,00451	HOLD	98,2349	138,8429
2023-06-28	22:00	30316	30449,83	30282,21	30411,06	LONG	0,00167	5981,87	0,00451	HOLD	98,2349	139,0016
2023-06-28	23:00	30411,07	30466,36	30255,26	30258	LONG	0,00167	5981,87	0,00451	HOLD	98,2349	138,746
2023-06-29	00:00	30258	30284	30056,73	30155,23	LONG	0,00167	5981,87	0,00451	HOLD	98,2349	138,5744
2023-06-29	01:00	30155,24	30256	30142,51	30198,15	LONG	0,00167	5981,87	0,00451	HOLD	98,2349	138,6461
2023-06-29	02:00	30198,15	30250	29858,8	30100	LONG	0,00167	5981,87	0,00451	HOLD	98,2349	138,4821
2023-06-29	03:00	30099,99	30145	29948,82	30108,01	LONG	0,00167	5981,87	0,00451	HOLD	98,2349	138,4955
2023-06-29	04:00	30108	30218,55	30030	30134,38	LONG	0,00167	5981,87	0,00451	HOLD	98,2349	138,5396
2023-06-29	05:00	30134,39	30183,5	30086,99	30105,94	LONG	0,00167	5981,87	0,00451	HOLD	98,2349	138,4921
2023-06-29	06:00	30105,94	30183,48	30057,89	30077,41	LONG	0,00167	5981,87	0,00451	HOLD	98,2349	138,4444
2023-06-29	07:00	30077,4	30177,7	30049,98	30079,99	LONG	0,00167	5981,87	0,00451	HOLD	98,2349	138,4487
2023-06-29	08:00	30079,99	30245,9	30058,6	30168,77	LONG	0,00167	5981,87	0,00451	HOLD	98,2349	138,597
2023-06-29	09:00	30168,78	30209,22	30100	30121,15	LONG	0,00167	5981,87	0,00451	HOLD	98,2349	138,5175
2023-06-29	10:00	30121,16	30193,1	30100	30176	LONG	0,00167	5981,87	0,00451	HOLD	98,2349	138,6091
2023-06-29	11:00	30176	30222,93	30141,05	30221,3	LONG	0,00167	5981,87	0,00451	HOLD	98,2349	138,6847
2023-06-29	12:00	30221,31	30260	30181,26	30183	LONG	0,00167	5981,87	0,00451	HOLD	98,2349	138,6208
2023-06-29	13:00	30183	30242	30179,6	30235,56	LONG	0,00167	5981,87	0,00451	HOLD	98,2349	138,7085
2023-06-29	14:00	30235,57	30421,48	30218,01	30340,29	LONG	0,00167	5981,87	0,00451	HOLD	98,2349	138,8834
2023-06-29	15:00	30340,29	30449	30337,23	30383,98	LONG	0,00167	5981,87	0,00451	HOLD	98,2349	138,9564
2023-06-29	16:00	30383,99	30473,14	30354,33	30433,33	LONG	0,00167	5981,87	0,00451	HOLD	98,2349	139,0388
2023-06-29	17:00	30433,34	30750	30401,21	30697,11	LONG	0,00167	5981,87	0,00451	HOLD	98,2349	139,4793
2023-06-29	18:00	30697,12	30725,62	30566	30670,94	LONG	0,00167	5981,87	0,00451	HOLD	98,2349	139,4356
2023-06-29	19:00	30670,95	30709,21	30602,3	30623,93	LONG	0,00167	5981,87	0,00451	HOLD	98,2349	139,3571
2023-06-29	20:00	30623,93	30843,98	30454,12	30564	LONG	0,00167	5981,87	0,00451	HOLD	98,2349	139,257
2023-06-29	21:00	30564	30654,2	30400	30450,01	LONG	0,00167	5981,87	0,00451	HOLD	98,2349	139,0667
2023-06-29	22:00	30450,01	30544,85	30418,98	30478,8	LONG	0,00167	5981,87	0,00451	HOLD	98,2349	139,1147
2023-06-29	23:00	30478,79	30579,34	30476	30502,01	LONG	0,00167	5981,87	0,00451	HOLD	98,2349	139,1535
2023-06-30	00:00	30502,02	30663,37	30416,63	30543,33	LONG	0,00167	5981,87	0,00451	HOLD	98,2349	139,2225
2023-06-30	01:00	30543,33	30618,08	30500,29	30566,8	LONG	0,00167	5981,87	0,00451	HOLD	98,2349	139,2617
2023-06-30	02:00	30566,8	30606,97	30495,89	30584,99	LONG	0,00167	5981,87	0,00451	HOLD	98,2349	139,2921
2023-06-30	03:00	30584,99	30639,9	30250	30398,98	LONG	0,00167	5981,87	0,00451	HOLD	98,2349	138,9814
2023-06-30	04:00	30398,97	30454,76	30366,84	30417,34	LONG	0,00167	5981,87	0,00451	HOLD	98,2349	139,0121
2023-06-30	05:00	30417,33	30460	30395,03	30409,34	LONG	0,00167	5981,87	0,00451	HOLD	98,2349	138,9987
2023-06-30	06:00	30409,35	30526,42	30392,78	30447,31	LONG	0,00167	5981,87	0,00451	HOLD	98,2349	139,0621
2023-06-30	07:00	30447,31	30511,38	30400	30441,34	LONG	0,00167	5981,87	0,00451	HOLD	98,2349	139,0522
2023-06-30	08:00	30441,35	30441,35	30347,17	30384,53	LONG	0,00167	5981,87	0,00451	HOLD	98,2349	138,9573
2023-06-30	09:00	30384,54	30750	30375,57	30661,82	LONG	0,00167	5981,87	0,00451	HOLD	98,2349	139,4204
2023-06-30	10:00	30661,83	30883,68	30625,77	30745,05	LONG	0,00167	5981,87	0,00451	HOLD	98,2349	139,5594
2023-06-30	11:00	30745,06	31282	30690,3	30877,99	LONG	0,00167	5981,87	0,00451	HOLD	98,2349	139,7814
2023-06-30	12:00	30877,99	30997,41	30650,02	30736,63	LONG	0,00167	5981,87	0,00451	HOLD	98,2349	139,5453
2023-06-30	13:00	30736,64	30762,14	30610,01	30665,99	LONG	0,00167	5981,87	0,00451	HOLD	98,2349	139,4273
2023-06-30	14:00	30666	30848,66	30658	30765,09	LONG	0,00167	5981,87	0,00451	HOLD	98,2349	139,5928
2023-06-30	15:00	30765,1	30906,8	30717,5	30854	LONG	0,00167	5981,87	0,00451	HOLD	98,2349	139,7413
2023-06-30	16:00	30854	30854	30745,65	30768,83	LONG	0,00167	5981,87	0,00451	HOLD	98,2349	139,5991
2023-06-30	17:00	30768,82	30868,19	30748,85	30811,52	LONG	0,00167	5981,87	0,00451	HOLD	98,2349	139,6704
2023-06-30	18:00	30811,52	30963,2	30765,01	30910,01	LONG	0,00167	5981,87	0,00451	HOLD	98,2349	139,8349
2023-06-30	19:00	30910,01	31137,36	30892	31010,11	LONG	0,00167	5981,87	0,00451	HOLD	98,2349	140,002
2023-06-30	20:00	31010,11	31095,15	29500	30135,62	LONG	0,00167	5981,87	0,00451	HOLD	98,2349	138,5416
2023-06-30	21:00	30135,63	30312,98	29944	30092,5	LONG	0,00167	5981,87	0,00451	HOLD	98,2349	138,4696
2023-06-30	22:00	30092,49	30213	30000	30067,72	LONG	0,00167	5981,87	0,00451	HOLD	98,2349	138,4282
2023-06-30	23:00	30067,72	30529,39	29925,5	30400,53	LONG	0,00167	5981,87	0,00451	HOLD	98,2349	138,984
2023-07-01	00:00	30400,54	30748,08	30376,59	30455,8	LONG	0,00167	5981,87	0,00451	HOLD	98,2349	139,0763
2023-07-01	01:00	30455,79	30536,01	30288,01	30359,99	LONG	0,00167	5981,87	0,00451	HOLD	98,2349	138,9163
2023-07-01	02:00	30359,99	30474,52	30329,24	30372,36	LONG	0,00167	5981,87	0,00451	HOLD	98,2349	138,937
2023-07-01	03:00	30372,37	30520	30366,95	30397,54	LONG	0,00167	5981,87	0,00451	HOLD	98,2349	138,979
2023-07-01	04:00	30397,54	30480	30340,46	30479,56	LONG	0,00167	5981,87	0,00451	HOLD	98,2349	139,116
2023-07-01	05:00	30479,57	30529,99	30461,39	30476,68	LONG	0,00167	5981,87	0,00451	HOLD	98,2349	139,1112
2023-07-01	06:00	30476,68	30544,44	30461,14	30472	LONG	0,00167	5981,87	0,00451	HOLD	98,2349	139,1034
2023-07-01	07:00	30471,99	30534,74	30420	30469,83	LONG	0,00167	5981,87	0,00451	HOLD	98,2349	139,0998
2023-07-01	08:00	30469,82	30484,31	30380,51	30447,78	LONG	0,00167	5981,87	0,00451	HOLD	98,2349	139,0629
2023-07-01	09:00	30447,77	30530,64	30390,33	30420,85	LONG	0,00167	5981,87	0,00451	HOLD	98,2349	139,018
2023-07-01	10:00	30420,84	30444	30375,85	30398,01	LONG	0,00167	5981,87	0,00451	HOLD	98,2349	138,9798
2023-07-01	11:00	30398,02	30417,62	30320,57	30389,15	LONG	0,00167	5981,87	0,00451	HOLD	98,2349	138,965
2023-07-01	12:00	30389,16	30430	30389,15	30429,36	LONG	0,00167	5981,87	0,00451	HOLD	98,2349	139,0322
2023-07-01	13:00	30429,36	30472,69	30402,08	30450,26	LONG	0,00167	5981,87	0,00451	HOLD	98,2349	139,0671
2023-07-01	14:00	30450,27	30460	30408,04	30459,88	LONG	0,00167	5981,87	0,00451	HOLD	98,2349	139,0831
2023-07-01	15:00	30459,87	30472,22	30420,77	30441,7	LONG	0,00167	5981,87	0,00451	HOLD	98,2349	139,0528
2023-07-01	16:00	30441,71	30465,87	30434,21	30441,23	LONG	0,00167	5981,87	0,00451	HOLD	98,2349	139,052
2023-07-01	17:00	30441,23	30491,88	30429,84	30469,98	LONG	0,00167	5981,87	0,00451	HOLD	98,2349	139,1
2023-07-01	18:00	30469,98	30600	30469,97	30523,02	LONG	0,00167	5981,87	0,00451	HOLD	98,2349	139,1886
2023-07-01	19:00	30523,02	30635,51	30503,94	30564,01	LONG	0,00167	5981,87	0,00451	HOLD	98,2349	139,257
2023-07-01	20:00	30564	30639,01	30539,59	30565,26	LONG	0,00167	5981,87	0,00451	HOLD	98,2349	139,2591
2023-07-01	21:00	30565,26	30617,45	30531,22	30608,52	LONG	0,00167	5981,87	0,00451	HOLD	98,2349	139,3314
2023-07-01	22:00	30608,52	30661,6	30541,17	30572,58	LONG	0,00167	5981,87	0,00451	HOLD	98,2349	139,2714
2023-07-01	23:00	30572,59	30600	30543,99	30572	LONG	0,00167	5981,87	0,00451	HOLD	98,2349	139,2704
2023-07-02	00:00	30572	30593,38	30550	30573,86	LONG	0,00167	5981,87	0,00451	HOLD	98,2349	139,2735
2023-07-02	01:00	30573,85	30611,88	30568,32	30608,87	LONG	0,00167	5981,87	0,00451	HOLD	98,2349	139,332
2023-07-02	02:00	30608,86	30633,92	30596,97	30609,51	LONG	0,00167	5981,87	0,00451	HOLD	98,2349	139,333
2023-07-02	03:00	30609,51	30612,68	30579,96	30582,58	LONG	0,00167	5981,87	0,00451	HOLD	98,2349	139,2881
2023-07-02	04:00	30582,59	30603,81	30570,01	30584,65	LONG	0,00167	5981,87	0,00451	HOLD	98,2349	139,2915
2023-07-02	05:00	30584,66	30606,88	30548,88	30577,64	LONG	0,00167	5981,87	0,00451	HOLD	98,2349	139,2798
2023-07-02	06:00	30577,65	30598	30561,14	30585,9	LONG	0,00167	5981,87	0,00451	HOLD	98,2349	139,2936
2023-07-02	07:00	30585,9	30649,99	30548	30575,77	LONG	0,00167	5981,87	0,00451	HOLD	98,2349	139,2767
2023-07-02	08:00	30575,77	30600	30551,71	30567,56	LONG	0,00167	5981,87	0,00451	HOLD	98,2349	139,263
2023-07-02	09:00	30567,57	30613,7	30463,16	30542	LONG	0,00167	5981,87	0,00451	HOLD	98,2349	139,2203
2023-07-02	10:00	30542	30552	30476,11	30509,31	LONG	0,00167	5981,87	0,00451	HOLD	98,2349	139,1657
2023-07-02	11:00	30509,3	30539,27	30476	30527,67	LONG	0,00167	5981,87	0,00451	HOLD	98,2349	139,1964
2023-07-02	12:00	30527,67	30553,17	30481,27	30481,27	LONG	0,00167	5981,87	0,00451	HOLD	98,2349	139,1189
2023-07-02	13:00	30481,27	30515,22	30470,01	30480	LONG	0,00167	5981,87	0,00451	HOLD	98,2349	139,1167
2023-07-02	14:00	30479,99	30517,86	30479,99	30513,01	LONG	0,00167	5981,87	0,00451	HOLD	98,2349	139,1719
2023-07-02	15:00	30513,01	30552	30484	30484,01	LONG	0,00167	5981,87	0,00451	HOLD	98,2349	139,1234
2023-07-02	16:00	30484,01	30547,44	30484	30516,81	LONG	0,00167	5981,87	0,00451	HOLD	98,2349	139,1782
2023-07-02	17:00	30516,81	30537,05	30505,18	30509,99	LONG	0,00167	5981,87	0,00451	HOLD	98,2349	139,1668
2023-07-02	18:00	30509,99	30544,74	30505,18	30544,74	LONG	0,00167	5981,87	0,00451	HOLD	98,2349	139,2249
2023-07-02	19:00	30544,74	30574,75	30504	30525,99	LONG	0,00167	5981,87	0,00451	HOLD	98,2349	139,1935
2023-07-02	20:00	30525,99	30531,2	30493,61	30517,96	LONG	0,00167	5981,87	0,00451	HOLD	98,2349	139,1801
2023-07-02	21:00	30517,95	30628	30488,28	30590,23	LONG	0,00167	5981,87	0,00451	HOLD	98,2349	139,3008
2023-07-02	22:00	30590,22	30613,21	30155	30498,01	LONG	0,00167	5981,87	0,00451	HOLD	98,2349	139,1468
2023-07-02	23:00	30498	30693,14	30478,32	30561,58	LONG	0,00167	5981,87	0,00451	HOLD	98,2349	139,253
2023-07-03	00:00	30561,57	30580,85	30424,92	30441,2	LONG	0,00167	5981,87	0,00451	HOLD	98,2349	139,0519
2023-07-03	01:00	30441,2	30525,69	30366,65	30523,07	LONG	0,00167	5981,87	0,00451	HOLD	98,2349	139,1887
2023-07-03	02:00	30523,07	30559,9	30518,69	30557,74	LONG	0,00167	5981,87	0,00451	HOLD	98,2349	139,2466
2023-07-03	03:00	30557,74	30621,11	30497,3	30588,47	LONG	0,00167	5981,87	0,00451	HOLD	98,2349	139,2979
2023-07-03	04:00	30588,46	30614	30500	30557,44	LONG	0,00167	5981,87	0,00451	HOLD	98,2349	139,2461
2023-07-03	05:00	30557,44	30791	30425,47	30651,29	LONG	0,00167	5981,87	0,00451	HOLD	98,2349	139,4028
2023-07-03	06:00	30651,28	30658,21	30554,22	30617,03	LONG	0,00167	5981,87	0,00451	HOLD	98,2349	139,3456
2023-07-03	07:00	30617,02	30688,75	30587,77	30637,99	LONG	0,00167	5981,87	0,00451	HOLD	98,2349	139,3806
2023-07-03	08:00	30637,98	30756,5	30634,98	30660,86	LONG	0,00167	5981,87	0,00451	HOLD	98,2349	139,4188
2023-07-03	09:00	30660,86	30783,44	30660,86	30755	LONG	0,00167	5981,87	0,00451	HOLD	98,2349	139,576
2023-07-03	10:00	30754,99	30800,01	30750,46	30756,65	LONG	0,00167	5981,87	0,00451	HOLD	98,2349	139,5787
2023-07-03	11:00	30756,65	30795,8	30668	30679,99	LONG	0,00167	5981,87	0,00451	HOLD	98,2349	139,4507
2023-07-03	12:00	30679,99	30704,3	30666,52	30673,62	LONG	0,00167	5981,87	0,00451	HOLD	98,2349	139,4401
2023-07-03	13:00	30673,61	30678,41	30606	30651,25	LONG	0,00167	5981,87	0,00451	HOLD	98,2349	139,4027
2023-07-03	14:00	30651,25	30759,8	30636,65	30667,19	LONG	0,00167	5981,87	0,00451	HOLD	98,2349	139,4293
2023-07-03	15:00	30667,19	30700,92	30599,07	30640,12	LONG	0,00167	5981,87	0,00451	HOLD	98,2349	139,3841
2023-07-03	16:00	30640,11	30670	30602,29	30610,61	LONG	0,00167	5981,87	0,00451	HOLD	98,2349	139,3349
2023-07-03	17:00	30610,6	30670,05	30583,01	30640,09	LONG	0,00167	5981,87	0,00451	HOLD	98,2349	139,3841
2023-07-03	18:00	30640,09	30676,74	30600,01	30625,22	LONG	0,00167	5981,87	0,00451	HOLD	98,2349	139,3593
2023-07-03	19:00	30625,22	30662,44	30570,27	30653,06	LONG	0,00167	5981,87	0,00451	HOLD	98,2349	139,4058
2023-07-03	20:00	30653,06	30696,83	30614,07	30653,84	LONG	0,00167	5981,87	0,00451	HOLD	98,2349	139,4071
2023-07-03	21:00	30653,83	30755	30653,29	30736,27	LONG	0,00167	5981,87	0,00451	HOLD	98,2349	139,5447
2023-07-03	22:00	30736,28	31170	30736,27	31068,64	LONG	0,00167	5981,87	0,00451	HOLD	98,2349	140,0998
2023-07-03	23:00	31068,64	31127,76	30800,8	31042,22	LONG	0,00167	5981,87	0,00451	HOLD	98,2349	140,0556
2023-07-04	00:00	31042,21	31057,86	30915,29	31000,98	LONG	0,00167	5981,87	0,00451	HOLD	98,2349	139,9868
2023-07-04	01:00	31000,98	31250,29	30995,77	31199,14	LONG	0,00167	5981,87	0,00451	HOLD	98,2349	140,3177
2023-07-04	02:00	31199,13	31380	31126	31255,84	LONG	0,00167	5981,87	0,00451	HOLD	98,2349	140,4124
2023-07-04	03:00	31255,83	31299,16	31107,2	31121,18	LONG	0,00167	5981,87	0,00451	HOLD	98,2349	140,1875
2023-07-04	04:00	31121,18	31132	30900	31050,23	LONG	0,00167	5981,87	0,00451	HOLD	98,2349	140,069
2023-07-04	05:00	31050,22	31146,43	31040,9	31120,69	LONG	0,00167	5981,87	0,00451	HOLD	98,2349	140,1867
2023-07-04	06:00	31120,7	31157,89	31083,91	31156,2	LONG	0,00167	5981,87	0,00451	HOLD	98,2349	140,246
2023-07-04	07:00	31156,2	31187,74	31096,48	31112,86	LONG	0,00167	5981,87	0,00451	HOLD	98,2349	140,1736
2023-07-04	08:00	31112,86	31350,69	31108,56	31288,8	LONG	0,00167	5981,87	0,00451	HOLD	98,2349	140,4674
2023-07-04	09:00	31288,8	31325,76	31200	31259,77	LONG	0,00167	5981,87	0,00451	HOLD	98,2349	140,419
2023-07-04	10:00	31259,77	31263,54	31179,09	31195,69	LONG	0,00167	5981,87	0,00451	HOLD	98,2349	140,3119
2023-07-04	11:00	31195,68	31212,26	31000	31058	LONG	0,00167	5981,87	0,00451	HOLD	98,2349	140,082
2023-07-04	12:00	31058,01	31090,9	30972,69	30972,7	LONG	0,00167	5981,87	0,00451	HOLD	98,2349	139,9396
2023-07-04	13:00	30972,7	31052,91	30879,29	30999,55	LONG	0,00167	5981,87	0,00451	HOLD	98,2349	139,9844
2023-07-04	14:00	30999,55	31032,35	30900,48	30911,41	LONG	0,00167	5981,87	0,00451	HOLD	98,2349	139,8372
2023-07-04	15:00	30911,4	30976,42	30902,01	30930,76	LONG	0,00167	5981,87	0,00451	HOLD	98,2349	139,8695
2023-07-04	16:00	30930,75	31045	30867,68	31016,91	LONG	0,00167	5981,87	0,00451	HOLD	98,2349	140,0134
2023-07-04	17:00	31016,92	31051,92	30946	31025,64	LONG	0,00167	5981,87	0,00451	HOLD	98,2349	140,028
2023-07-04	18:00	31025,63	31080	31000,73	31067,99	LONG	0,00167	5981,87	0,00451	HOLD	98,2349	140,0987
2023-07-04	19:00	31067,99	31080	31014,9	31044,9	LONG	0,00167	5981,87	0,00451	HOLD	98,2349	140,0601
2023-07-04	20:00	31044,9	31055,43	30979	30999,55	LONG	0,00167	5981,87	0,00451	HOLD	98,2349	139,9844
2023-07-04	21:00	30999,54	31046	30951,54	30972,4	LONG	0,00167	5981,87	0,00451	HOLD	98,2349	139,9391
2023-07-04	22:00	30972,4	31011,98	30886	30964,37	LONG	0,00167	5981,87	0,00451	HOLD	98,2349	139,9256
2023-07-04	23:00	30964,38	31130	30807	30960,29	LONG	0,00167	5981,87	0,00451	HOLD	98,2349	139,9188
2023-07-05	00:00	30960,3	30987,66	30867,5	30900,01	LONG	0,00167	5981,87	0,00451	HOLD	98,2349	139,8182
2023-07-05	01:00	30900,01	30934,92	30839	30902	LONG	0,00167	5981,87	0,00451	HOLD	98,2349	139,8215
2023-07-05	02:00	30902	30913,31	30620	30696,84	LONG	0,00167	5981,87	0,00451	HOLD	98,2349	139,4789
2023-07-05	03:00	30696,84	30808,49	30668,5	30797,13	LONG	0,00167	5981,87	0,00451	HOLD	98,2349	139,6463
2023-07-05	04:00	30797,13	30822,85	30754,79	30803,72	LONG	0,00167	5981,87	0,00451	HOLD	98,2349	139,6574
2023-07-05	05:00	30803,72	30822,58	30766,26	30820,01	LONG	0,00167	5981,87	0,00451	HOLD	98,2349	139,6846
2023-07-05	06:00	30820,01	30843,73	30760,35	30766,51	LONG	0,00167	5981,87	0,00451	HOLD	98,2349	139,5952
2023-07-05	07:00	30766,52	30843,31	30752	30762,27	LONG	0,00167	5981,87	0,00451	HOLD	98,2349	139,5881
2023-07-05	08:00	30762,27	30842,64	30753,99	30795,93	LONG	0,00167	5981,87	0,00451	HOLD	98,2349	139,6443
2023-07-05	09:00	30795,92	30866	30794,05	30837,99	LONG	0,00167	5981,87	0,00451	HOLD	98,2349	139,7146
2023-07-05	10:00	30838	30878,07	30823,83	30868,71	LONG	0,00167	5981,87	0,00451	HOLD	98,2349	139,7659
2023-07-05	11:00	30868,71	30869,41	30817,91	30834,86	LONG	0,00167	5981,87	0,00451	HOLD	98,2349	139,7094
2023-07-05	12:00	30834,87	30869,57	30794,18	30814,08	LONG	0,00167	5981,87	0,00451	HOLD	98,2349	139,6747
2023-07-05	13:00	30814,08	30832,96	30762	30810,72	LONG	0,00167	5981,87	0,00451	HOLD	98,2349	139,669
2023-07-05	14:00	30810,72	30815	30764,12	30774,25	LONG	0,00167	5981,87	0,00451	HOLD	98,2349	139,6081
2023-07-05	15:00	30774,24	30810,34	30650,47	30764,29	LONG	0,00167	5981,87	0,00451	HOLD	98,2349	139,5915
2023-07-05	16:00	30764,29	30775,59	30678	30680	LONG	0,00167	5981,87	0,00451	HOLD	98,2349	139,4507
2023-07-05	17:00	30680	30715	30392,06	30430,21	LONG	0,00167	5981,87	0,00451	HOLD	98,2349	139,0336
2023-07-05	18:00	30430,21	30489,99	30350	30404,3	LONG	0,00167	5981,87	0,00451	HOLD	98,2349	138,9903
2023-07-05	19:00	30404,31	30436	30268,97	30321,22	LONG	0,00167	5981,87	0,00451	HOLD	98,2349	138,8516
2023-07-05	20:00	30321,21	30380	30200	30357,31	LONG	0,00167	5981,87	0,00451	HOLD	98,2349	138,9118
2023-07-05	21:00	30357,31	30452	30334,01	30417,65	LONG	0,00167	5981,87	0,00451	HOLD	98,2349	139,0126
2023-07-05	22:00	30417,65	30422,45	30237,35	30356,11	LONG	0,00167	5981,87	0,00451	HOLD	98,2349	138,9098
2023-07-05	23:00	30356,11	30474,17	30333,7	30462,6	LONG	0,00167	5981,87	0,00451	HOLD	98,2349	139,0877
2023-07-06	00:00	30462,6	30581,32	30448,91	30523,21	LONG	0,00167	5981,87	0,00451	HOLD	98,2349	139,1889
2023-07-06	01:00	30523,22	30591,57	30436,22	30505,52	LONG	0,00167	5981,87	0,00451	HOLD	98,2349	139,1594
2023-07-06	02:00	30505,51	30531,95	30425,09	30431,95	LONG	0,00167	5981,87	0,00451	HOLD	98,2349	139,0365
2023-07-06	03:00	30431,95	30497,72	30383,83	30460,29	LONG	0,00167	5981,87	0,00451	HOLD	98,2349	139,0838
2023-07-06	04:00	30460,28	30493,45	30417,63	30469,99	LONG	0,00167	5981,87	0,00451	HOLD	98,2349	139,1
2023-07-06	05:00	30469,99	30505,01	30396,04	30436,92	LONG	0,00167	5981,87	0,00451	HOLD	98,2349	139,0448
2023-07-06	06:00	30436,92	30539,13	30389,96	30504,81	LONG	0,00167	5981,87	0,00451	HOLD	98,2349	139,1582
2023-07-06	07:00	30504,8	30531,25	30390	30413,1	LONG	0,00167	5981,87	0,00451	HOLD	98,2349	139,005
2023-07-06	08:00	30413,1	30479,71	30327	30476,71	LONG	0,00167	5981,87	0,00451	HOLD	98,2349	139,1112
2023-07-06	09:00	30476,71	30560,51	30458,08	30471,65	LONG	0,00167	5981,87	0,00451	HOLD	98,2349	139,1028
2023-07-06	10:00	30471,66	30525,01	30465,1	30490,85	LONG	0,00167	5981,87	0,00451	HOLD	98,2349	139,1349
2023-07-06	11:00	30490,85	30539,65	30450	30465,4	LONG	0,00167	5981,87	0,00451	HOLD	98,2349	139,0924
2023-07-06	12:00	30465,4	30630	30438,26	30582,51	LONG	0,00167	5981,87	0,00451	HOLD	98,2349	139,2879
2023-07-06	13:00	30582,5	30730	30560	30692,56	LONG	0,00167	5981,87	0,00451	HOLD	98,2349	139,4717
2023-07-06	14:00	30692,57	30857,89	30688,21	30803,19	LONG	0,00167	5981,87	0,00451	HOLD	98,2349	139,6565
2023-07-06	15:00	30803,2	31359,78	30783,58	31329,97	LONG	0,00167	5981,87	0,00451	HOLD	98,2349	140,5362
2023-07-06	16:00	31329,98	31500	31029,01	31069,6	LONG	0,00167	5981,87	0,00451	HOLD	98,2349	140,1014
2023-07-06	17:00	31069,6	31273,6	31064,67	31231,64	LONG	0,00167	5981,87	0,00451	HOLD	98,2349	140,372
2023-07-06	18:00	31231,64	31266,5	30701	30846,55	LONG	0,00167	5981,87	0,00451	HOLD	98,2349	139,7289
2023-07-06	19:00	30846,55	30887,1	30500	30600,31	LONG	0,00167	5981,87	0,00451	HOLD	98,2349	139,3177
2023-07-06	20:00	30600,3	30661,35	30310	30373,47	LONG	0,00167	5981,87	0,00451	HOLD	98,2349	138,9388
2023-07-06	21:00	30373,48	30438,2	29888	30214,35	LONG	0,00167	5981,87	0,00451	HOLD	98,2349	138,6731
2023-07-06	22:00	30214,34	30494	30077,06	30407,01	LONG	0,00167	5981,87	0,00451	HOLD	98,2349	138,9948
2023-07-06	23:00	30407	30464,13	30157,41	30313,99	LONG	0,00167	5981,87	0,00451	HOLD	98,2349	138,8395
2023-07-07	00:00	30313,98	30350,37	30205,17	30294,86	LONG	0,00167	5981,87	0,00451	HOLD	98,2349	138,8076
2023-07-07	01:00	30294,85	30392,24	30210	30378,01	LONG	0,00167	5981,87	0,00451	HOLD	98,2349	138,9464
2023-07-07	02:00	30378,02	30378,02	30254,52	30309,88	LONG	0,00167	5981,87	0,00451	HOLD	98,2349	138,8326
2023-07-07	03:00	30309,88	30343,24	30250	30315,16	LONG	0,00167	5981,87	0,00451	HOLD	98,2349	138,8415
2023-07-07	04:00	30315,16	30345,18	30177,77	30224,72	LONG	0,00167	5981,87	0,00451	HOLD	98,2349	138,6904
2023-07-07	05:00	30224,73	30267,77	30104,58	30167,3	LONG	0,00167	5981,87	0,00451	HOLD	98,2349	138,5945
2023-07-07	06:00	30167,31	30167,31	29850,45	29895,43	LONG	0,00167	5981,87	0,00451	HOLD	98,2349	138,1405
2023-07-07	07:00	29895,42	30104,22	29701,02	30052,6	LONG	0,00167	5981,87	0,00451	HOLD	98,2349	138,403
2023-07-07	08:00	30052,59	30119,06	29962,45	30086	LONG	0,00167	5981,87	0,00451	HOLD	98,2349	138,4588
2023-07-07	09:00	30085,99	30143,4	30054,74	30102,98	LONG	0,00167	5981,87	0,00451	HOLD	98,2349	138,4871
2023-07-07	10:00	30102,98	30165,64	30062,17	30135,4	LONG	0,00167	5981,87	0,00451	HOLD	98,2349	138,5413
2023-07-07	11:00	30135,41	30173,37	30076,61	30087,81	LONG	0,00167	5981,87	0,00451	HOLD	98,2349	138,4618
2023-07-07	12:00	30087,8	30300	30057,2	30208,4	LONG	0,00167	5981,87	0,00451	HOLD	98,2349	138,6632
2023-07-07	13:00	30208,4	30240,01	30100	30117	LONG	0,00167	5981,87	0,00451	HOLD	98,2349	138,5105
2023-07-07	14:00	30117	30138,89	29930,53	30007,4	LONG	0,00167	5981,87	0,00451	HOLD	98,2349	138,3275
2023-07-07	15:00	30007,41	30109	29970	30055,41	LONG	0,00167	5981,87	0,00451	HOLD	98,2349	138,4077
2023-07-07	16:00	30055,41	30187,27	30055,4	30138,79	LONG	0,00167	5981,87	0,00451	HOLD	98,2349	138,5469
2023-07-07	17:00	30138,79	30168,75	30088,99	30165,88	LONG	0,00167	5981,87	0,00451	HOLD	98,2349	138,5922
2023-07-07	18:00	30165,88	30199	30100	30118,7	LONG	0,00167	5981,87	0,00451	HOLD	98,2349	138,5134
2023-07-07	19:00	30118,7	30350	30041,05	30203,98	LONG	0,00167	5981,87	0,00451	HOLD	98,2349	138,6558
2023-07-07	20:00	30203,99	30388	30127,83	30385,39	LONG	0,00167	5981,87	0,00451	HOLD	98,2349	138,9587
2023-07-07	21:00	30385,4	30443,75	30263,97	30411,49	LONG	0,00167	5981,87	0,00451	HOLD	98,2349	139,0023
2023-07-07	22:00	30411,49	30425,69	30312,45	30390,83	LONG	0,00167	5981,87	0,00451	HOLD	98,2349	138,9678
2023-07-07	23:00	30390,83	30449	30316,32	30354,85	LONG	0,00167	5981,87	0,00451	HOLD	98,2349	138,9077
2023-07-08	00:00	30354,85	30365,1	30186,39	30238,46	LONG	0,00167	5981,87	0,00451	HOLD	98,2349	138,7134
2023-07-08	01:00	30238,47	30249,99	30116	30166,32	LONG	0,00167	5981,87	0,00451	HOLD	98,2349	138,5929
2023-07-08	02:00	30166,32	30250,01	30135,38	30246,2	LONG	0,00167	5981,87	0,00451	HOLD	98,2349	138,7263
2023-07-08	03:00	30246,21	30300	30214,16	30264,12	LONG	0,00167	5981,87	0,00451	HOLD	98,2349	138,7562
2023-07-08	04:00	30264,12	30344,02	30264,12	30289,64	LONG	0,00167	5981,87	0,00451	HOLD	98,2349	138,7988
2023-07-08	05:00	30289,63	30344,85	30283,8	30304,08	LONG	0,00167	5981,87	0,00451	HOLD	98,2349	138,823
2023-07-08	06:00	30304,08	30346,06	30285	30344,7	LONG	0,00167	5981,87	0,00451	HOLD	98,2349	138,8908
2023-07-08	07:00	30344,7	30344,71	30275	30286,29	LONG	0,00167	5981,87	0,00451	HOLD	98,2349	138,7932
2023-07-08	08:00	30286,3	30304,6	30257,07	30304,58	LONG	0,00167	5981,87	0,00451	HOLD	98,2349	138,8238
2023-07-08	09:00	30304,59	30386,81	30281,3	30355,42	LONG	0,00167	5981,87	0,00451	HOLD	98,2349	138,9087
2023-07-08	10:00	30355,42	30358,72	30272,35	30274,83	LONG	0,00167	5981,87	0,00451	HOLD	98,2349	138,7741
2023-07-08	11:00	30274,82	30279,19	30224,3	30235,89	LONG	0,00167	5981,87	0,00451	HOLD	98,2349	138,7091
2023-07-08	12:00	30235,89	30241,16	30183,39	30239,49	LONG	0,00167	5981,87	0,00451	HOLD	98,2349	138,7151
2023-07-08	13:00	30239,5	30254,73	30145,21	30176,71	LONG	0,00167	5981,87	0,00451	HOLD	98,2349	138,6102
2023-07-08	14:00	30176,71	30220,05	30170	30193,36	LONG	0,00167	5981,87	0,00451	HOLD	98,2349	138,6381
2023-07-08	15:00	30193,36	30313,98	30190,19	30276,01	LONG	0,00167	5981,87	0,00451	HOLD	98,2349	138,7761
2023-07-08	16:00	30276,02	30280	30225,17	30248,72	LONG	0,00167	5981,87	0,00451	HOLD	98,2349	138,7305
2023-07-08	17:00	30248,71	30253,52	30222,79	30222,8	LONG	0,00167	5981,87	0,00451	HOLD	98,2349	138,6872
2023-07-08	18:00	30222,79	30226,59	30156,23	30201,71	LONG	0,00167	5981,87	0,00451	HOLD	98,2349	138,652
2023-07-08	19:00	30201,72	30210	30152,19	30171,85	LONG	0,00167	5981,87	0,00451	HOLD	98,2349	138,6021
2023-07-08	20:00	30171,85	30239,37	30171,63	30209,32	LONG	0,00167	5981,87	0,00451	HOLD	98,2349	138,6647
2023-07-08	21:00	30209,33	30231,17	30193,49	30204,99	LONG	0,00167	5981,87	0,00451	HOLD	98,2349	138,6575
2023-07-08	22:00	30204,99	30222,85	30180,94	30208	LONG	0,00167	5981,87	0,00451	HOLD	98,2349	138,6625
2023-07-08	23:00	30208,01	30318,25	30208	30254,57	LONG	0,00167	5981,87	0,00451	HOLD	98,2349	138,7403
2023-07-09	00:00	30254,58	30280	30242,35	30254,69	LONG	0,00167	5981,87	0,00451	HOLD	98,2349	138,7405
2023-07-09	01:00	30254,69	30254,7	30187,5	30201,74	LONG	0,00167	5981,87	0,00451	HOLD	98,2349	138,652
2023-07-09	02:00	30201,73	30201,89	30044,47	30112	LONG	0,00167	5981,87	0,00451	HOLD	98,2349	138,5022
2023-07-09	03:00	30112	30164,15	30054,06	30158,21	LONG	0,00167	5981,87	0,00451	HOLD	98,2349	138,5794
2023-07-09	04:00	30158,22	30196	30148	30180,8	LONG	0,00167	5981,87	0,00451	HOLD	98,2349	138,6171
2023-07-09	05:00	30180,81	30225,3	30166	30224,5	LONG	0,00167	5981,87	0,00451	HOLD	98,2349	138,6901
2023-07-09	06:00	30224,5	30289,99	30214,81	30284,63	LONG	0,00167	5981,87	0,00451	HOLD	98,2349	138,7905
2023-07-09	07:00	30284,63	30349,18	30246,47	30336,01	LONG	0,00167	5981,87	0,00451	HOLD	98,2349	138,8763
2023-07-09	08:00	30336	30402,98	30292,84	30332,26	LONG	0,00167	5981,87	0,00451	HOLD	98,2349	138,87
2023-07-09	09:00	30332,25	30364,52	30266,6	30301,04	LONG	0,00167	5981,87	0,00451	HOLD	98,2349	138,8179
2023-07-09	10:00	30301,05	30317,55	30262,22	30287,99	LONG	0,00167	5981,87	0,00451	HOLD	98,2349	138,7961
2023-07-09	11:00	30287,99	30297,72	30270,59	30275,35	LONG	0,00167	5981,87	0,00451	HOLD	98,2349	138,775
2023-07-09	12:00	30275,34	30299,89	30249,65	30260,67	LONG	0,00167	5981,87	0,00451	HOLD	98,2349	138,7505
2023-07-09	13:00	30260,67	30267,87	30233,79	30254,79	LONG	0,00167	5981,87	0,00451	HOLD	98,2349	138,7406
2023-07-09	14:00	30254,8	30283,5	30233,33	30265	LONG	0,00167	5981,87	0,00451	HOLD	98,2349	138,7577
2023-07-09	15:00	30265	30310	30265	30305,51	LONG	0,00167	5981,87	0,00451	HOLD	98,2349	138,8253
2023-07-09	16:00	30305,51	30305,52	30240	30276	LONG	0,00167	5981,87	0,00451	HOLD	98,2349	138,7761
2023-07-09	17:00	30276	30295,47	30257,89	30262,89	LONG	0,00167	5981,87	0,00451	HOLD	98,2349	138,7542
2023-07-09	18:00	30262,89	30290	30243,67	30266,69	LONG	0,00167	5981,87	0,00451	HOLD	98,2349	138,7605
2023-07-09	19:00	30266,7	30348,63	30250,89	30329,99	LONG	0,00167	5981,87	0,00451	HOLD	98,2349	138,8662
2023-07-09	20:00	30329,99	30350	30255,89	30265,14	LONG	0,00167	5981,87	0,00451	HOLD	98,2349	138,7579
2023-07-09	21:00	30265,14	30445,52	30190	30341,02	LONG	0,00167	5981,87	0,00451	HOLD	98,2349	138,8846
2023-07-09	22:00	30341,02	30391,12	30274,94	30349,47	LONG	0,00167	5981,87	0,00451	HOLD	98,2349	138,8988
2023-07-09	23:00	30349,47	30349,74	30278	30287,99	LONG	0,00167	5981,87	0,00451	HOLD	98,2349	138,7961
2023-07-10	00:00	30287,99	30297,71	30255,05	30288,29	LONG	0,00167	5981,87	0,00451	HOLD	98,2349	138,7966
2023-07-10	01:00	30288,3	30302,7	30256,71	30258,01	LONG	0,00167	5981,87	0,00451	HOLD	98,2349	138,746
2023-07-10	02:00	30258	30264,85	30204	30242,42	LONG	0,00167	5981,87	0,00451	HOLD	98,2349	138,72
2023-07-10	03:00	30242,43	30249,99	30115	30193,99	LONG	0,00167	5981,87	0,00451	HOLD	98,2349	138,6391
2023-07-10	04:00	30193,99	30212	30138,07	30153,9	LONG	0,00167	5981,87	0,00451	HOLD	98,2349	138,5722
2023-07-10	05:00	30153,9	30199,48	30061,12	30174	LONG	0,00167	5981,87	0,00451	HOLD	98,2349	138,6057
2023-07-10	06:00	30174	30186,35	30127,03	30160,71	LONG	0,00167	5981,87	0,00451	HOLD	98,2349	138,5835
2023-07-10	07:00	30160,71	30227,03	29950	30090,27	LONG	0,00167	5981,87	0,00451	HOLD	98,2349	138,4659
2023-07-10	08:00	30090,26	30137,77	30037,38	30048,8	LONG	0,00167	5981,87	0,00451	HOLD	98,2349	138,3966
2023-07-10	09:00	30048,79	30230	30044,17	30200	LONG	0,00167	5981,87	0,00451	HOLD	98,2349	138,6491
2023-07-10	10:00	30199,99	30240	30154,37	30156,17	LONG	0,00167	5981,87	0,00451	HOLD	98,2349	138,5759
2023-07-10	11:00	30156,17	30160	30109,99	30118,07	LONG	0,00167	5981,87	0,00451	HOLD	98,2349	138,5123
2023-07-10	12:00	30118,06	30144,06	30082,25	30082,25	LONG	0,00167	5981,87	0,00451	HOLD	98,2349	138,4525
2023-07-10	13:00	30082,25	30119,99	30050,29	30089,64	LONG	0,00167	5981,87	0,00451	HOLD	98,2349	138,4648
2023-07-10	14:00	30089,65	30137,81	30081,93	30112,1	LONG	0,00167	5981,87	0,00451	HOLD	98,2349	138,5023
2023-07-10	15:00	30112,11	30114	30000,02	30099,21	LONG	0,00167	5981,87	0,00451	HOLD	98,2349	138,4808
2023-07-10	16:00	30099,22	30200	30038	30140	LONG	0,00167	5981,87	0,00451	HOLD	98,2349	138,5489
2023-07-10	17:00	30140,01	30229,99	30140	30183,45	LONG	0,00167	5981,87	0,00451	HOLD	98,2349	138,6215
2023-07-10	18:00	30183,45	30245,9	30176,34	30240	LONG	0,00167	5981,87	0,00451	HOLD	98,2349	138,7159
2023-07-10	19:00	30240	30285,74	30143,21	30161,47	LONG	0,00167	5981,87	0,00451	HOLD	98,2349	138,5848
2023-07-10	20:00	30161,46	30333	30158,83	30209,7	LONG	0,00167	5981,87	0,00451	HOLD	98,2349	138,6653
2023-07-10	21:00	30209,71	30362	30200	30310,03	LONG	0,00167	5981,87	0,00451	HOLD	98,2349	138,8329
2023-07-10	22:00	30310,02	30323,18	30241,16	30312,81	LONG	0,00167	5981,87	0,00451	HOLD	98,2349	138,8375
2023-07-10	23:00	30312,82	30379,29	30241	30351,18	LONG	0,00167	5981,87	0,00451	HOLD	98,2349	138,9016
2023-07-11	00:00	30351,18	30366	30260,33	30278,2	LONG	0,00167	5981,87	0,00451	HOLD	98,2349	138,7797
2023-07-11	01:00	30278,19	30548,12	30264,01	30529	LONG	0,00167	5981,87	0,00451	HOLD	98,2349	139,1986
2023-07-11	02:00	30528,99	30840	30490,45	30837,4	LONG	0,00167	5981,87	0,00451	HOLD	98,2349	139,7136
2023-07-11	03:00	30837,4	31045,78	30765,43	30779,01	LONG	0,00167	5981,87	0,00451	HOLD	98,2349	139,6161
2023-07-11	04:00	30779,01	30799,09	30200	30302,21	LONG	0,00167	5981,87	0,00451	HOLD	98,2349	138,8198
2023-07-11	05:00	30302,22	30397,04	30190	30347,37	LONG	0,00167	5981,87	0,00451	HOLD	98,2349	138,8953
2023-07-11	06:00	30347,38	30419,26	30337,5	30411,57	LONG	0,00167	5981,87	0,00451	HOLD	98,2349	139,0025
2023-07-11	07:00	30411,57	30508,05	30363,29	30419,99	LONG	0,00167	5981,87	0,00451	HOLD	98,2349	139,0165
2023-07-11	08:00	30419,99	30600	30400,68	30586,26	LONG	0,00167	5981,87	0,00451	HOLD	98,2349	139,2942
2023-07-11	09:00	30586,25	30600	30456	30483,69	LONG	0,00167	5981,87	0,00451	HOLD	98,2349	139,1229
2023-07-11	10:00	30483,7	30495	30399,18	30476	LONG	0,00167	5981,87	0,00451	HOLD	98,2349	139,1101
2023-07-11	11:00	30475,99	30500	30433,06	30441,19	LONG	0,00167	5981,87	0,00451	HOLD	98,2349	139,0519
2023-07-11	12:00	30441,19	30469,42	30430,88	30456	LONG	0,00167	5981,87	0,00451	HOLD	98,2349	139,0767
2023-07-11	13:00	30456,01	30658	30451,38	30634,59	LONG	0,00167	5981,87	0,00451	HOLD	98,2349	139,3749
2023-07-11	14:00	30634,59	30651,78	30532,66	30535,38	LONG	0,00167	5981,87	0,00451	HOLD	98,2349	139,2092
2023-07-11	15:00	30535,38	30567,32	30492,68	30495,91	LONG	0,00167	5981,87	0,00451	HOLD	98,2349	139,1433
2023-07-11	16:00	30495,92	30508,54	30344,28	30449,83	LONG	0,00167	5981,87	0,00451	HOLD	98,2349	139,0664
2023-07-11	17:00	30449,83	30449,83	30370	30394,94	LONG	0,00167	5981,87	0,00451	HOLD	98,2349	138,9747
2023-07-11	18:00	30394,94	30455,01	30377,4	30404,31	LONG	0,00167	5981,87	0,00451	HOLD	98,2349	138,9903
2023-07-11	19:00	30404,31	30437,17	30376,01	30433,05	LONG	0,00167	5981,87	0,00451	HOLD	98,2349	139,0383
2023-07-11	20:00	30433,06	30494	30300	30450	LONG	0,00167	5981,87	0,00451	HOLD	98,2349	139,0666
2023-07-11	21:00	30450,01	30595	30380	30527,43	LONG	0,00167	5981,87	0,00451	HOLD	98,2349	139,196
2023-07-11	22:00	30527,43	30813,63	30480,83	30596,45	LONG	0,00167	5981,87	0,00451	HOLD	98,2349	139,3112
2023-07-11	23:00	30596,44	30693,87	30506,57	30649,3	LONG	0,00167	5981,87	0,00451	HOLD	98,2349	139,3995
2023-07-12	00:00	30649,31	30667,15	30545,27	30575,6	LONG	0,00167	5981,87	0,00451	HOLD	98,2349	139,2764
2023-07-12	01:00	30575,59	30575,6	30405	30480	LONG	0,00167	5981,87	0,00451	HOLD	98,2349	139,1167
2023-07-12	02:00	30480,01	30582	30460,72	30581,99	LONG	0,00167	5981,87	0,00451	HOLD	98,2349	139,2871
2023-07-12	03:00	30582	30630,74	30550,39	30571,52	LONG	0,00167	5981,87	0,00451	HOLD	98,2349	139,2696
2023-07-12	04:00	30571,52	30584,89	30510,01	30570,18	LONG	0,00167	5981,87	0,00451	HOLD	98,2349	139,2673
2023-07-12	05:00	30570,18	30603,37	30501,56	30584,57	LONG	0,00167	5981,87	0,00451	HOLD	98,2349	139,2914
2023-07-12	06:00	30584,57	30650	30584,56	30622,1	LONG	0,00167	5981,87	0,00451	HOLD	98,2349	139,354
2023-07-12	07:00	30622,1	30630	30500,76	30509,98	LONG	0,00167	5981,87	0,00451	HOLD	98,2349	139,1668
2023-07-12	08:00	30509,98	30578,11	30497,95	30535,92	LONG	0,00167	5981,87	0,00451	HOLD	98,2349	139,2101
2023-07-12	09:00	30535,91	30671,38	30535,91	30607,23	LONG	0,00167	5981,87	0,00451	HOLD	98,2349	139,3292
2023-07-12	10:00	30607,24	30634,28	30578,31	30588,32	LONG	0,00167	5981,87	0,00451	HOLD	98,2349	139,2976
2023-07-12	11:00	30588,32	30635,37	30565,53	30635,36	LONG	0,00167	5981,87	0,00451	HOLD	98,2349	139,3762
2023-07-12	12:00	30635,36	30697,21	30612,45	30654	LONG	0,00167	5981,87	0,00451	HOLD	98,2349	139,4073
2023-07-12	13:00	30654,01	30788,87	30621,86	30720,01	LONG	0,00167	5981,87	0,00451	HOLD	98,2349	139,5176
2023-07-12	14:00	30720	30849,01	30713	30740	LONG	0,00167	5981,87	0,00451	HOLD	98,2349	139,5509
2023-07-12	15:00	30740	30764,04	30665,01	30735,48	LONG	0,00167	5981,87	0,00451	HOLD	98,2349	139,5434
2023-07-12	16:00	30735,48	30758	30685,13	30724,01	LONG	0,00167	5981,87	0,00451	HOLD	98,2349	139,5242
2023-07-12	17:00	30724	30724,01	30656	30679,99	LONG	0,00167	5981,87	0,00451	HOLD	98,2349	139,4507
2023-07-12	18:00	30679,99	30809,13	30658,74	30776,25	LONG	0,00167	5981,87	0,00451	HOLD	98,2349	139,6115
2023-07-12	19:00	30776,25	30983,25	30639	30721,17	LONG	0,00167	5981,87	0,00451	HOLD	98,2349	139,5195
2023-07-12	20:00	30721,17	30857,29	30461,59	30666,33	LONG	0,00167	5981,87	0,00451	HOLD	98,2349	139,4279
2023-07-12	21:00	30666,33	30850,33	30652	30736,57	LONG	0,00167	5981,87	0,00451	HOLD	98,2349	139,5452
2023-07-12	22:00	30736,57	30808,16	30472	30524,63	LONG	0,00167	5981,87	0,00451	HOLD	98,2349	139,1913
2023-07-12	23:00	30524,63	30538,44	30422,62	30487,03	LONG	0,00167	5981,87	0,00451	HOLD	98,2349	139,1285
2023-07-13	00:00	30487,04	30523,09	30424,74	30447,95	LONG	0,00167	5981,87	0,00451	HOLD	98,2349	139,0632
2023-07-13	01:00	30447,94	30537,01	30430	30521,67	LONG	0,00167	5981,87	0,00451	HOLD	98,2349	139,1863
2023-07-13	02:00	30521,68	30521,68	30210	30287,47	LONG	0,00167	5981,87	0,00451	HOLD	98,2349	138,7952
2023-07-13	03:00	30287,48	30348	30238,28	30348	LONG	0,00167	5981,87	0,00451	HOLD	98,2349	138,8963
2023-07-13	04:00	30347,99	30372,98	30317,85	30356,01	LONG	0,00167	5981,87	0,00451	HOLD	98,2349	138,9097
2023-07-13	05:00	30356	30372,53	30337,06	30368,68	LONG	0,00167	5981,87	0,00451	HOLD	98,2349	138,9308
2023-07-13	06:00	30368,67	30419,99	30358	30380	LONG	0,00167	5981,87	0,00451	HOLD	98,2349	138,9497
2023-07-13	07:00	30380	30433,25	30339,62	30353,51	LONG	0,00167	5981,87	0,00451	HOLD	98,2349	138,9055
2023-07-13	08:00	30353,51	30397,43	30294,78	30383,78	LONG	0,00167	5981,87	0,00451	HOLD	98,2349	138,9561
2023-07-13	09:00	30383,79	30383,79	30320,91	30337,55	LONG	0,00167	5981,87	0,00451	HOLD	98,2349	138,8789
2023-07-13	10:00	30337,55	30350,55	30274	30298,01	LONG	0,00167	5981,87	0,00451	HOLD	98,2349	138,8128
2023-07-13	11:00	30298,01	30320,62	30251,5	30297,33	LONG	0,00167	5981,87	0,00451	HOLD	98,2349	138,8117
2023-07-13	12:00	30297,33	30323,37	30251	30323	LONG	0,00167	5981,87	0,00451	HOLD	98,2349	138,8546
2023-07-13	13:00	30323,01	30400	30302,57	30383,98	LONG	0,00167	5981,87	0,00451	HOLD	98,2349	138,9564
2023-07-13	14:00	30383,99	30426,91	30354,26	30366,02	LONG	0,00167	5981,87	0,00451	HOLD	98,2349	138,9264
2023-07-13	15:00	30366,01	30425	30345,05	30411,99	LONG	0,00167	5981,87	0,00451	HOLD	98,2349	139,0032
2023-07-13	16:00	30411,99	30605,1	30411,99	30576,68	LONG	0,00167	5981,87	0,00451	HOLD	98,2349	139,2782
2023-07-13	17:00	30576,68	30637,06	30529,84	30578,84	LONG	0,00167	5981,87	0,00451	HOLD	98,2349	139,2818
2023-07-13	18:00	30578,84	30599,09	30541,22	30543,99	LONG	0,00167	5981,87	0,00451	HOLD	98,2349	139,2236
2023-07-13	19:00	30543,99	30599,05	30459,91	30520,02	LONG	0,00167	5981,87	0,00451	HOLD	98,2349	139,1836
2023-07-13	20:00	30520,01	30689,77	30506,88	30663,43	LONG	0,00167	5981,87	0,00451	HOLD	98,2349	139,4231
2023-07-13	21:00	30663,44	30695	30471,66	30571,99	LONG	0,00167	5981,87	0,00451	HOLD	98,2349	139,2704
2023-07-13	22:00	30572	31170	30555,41	30917,48	LONG	0,00167	5981,87	0,00451	HOLD	98,2349	139,8473
2023-07-13	23:00	30917,48	30975	30718,27	30826,46	LONG	0,00167	5981,87	0,00451	HOLD	98,2349	139,6953
2023-07-14	00:00	30826,47	31200	30790	31070,08	LONG	0,00167	5981,87	0,00451	HOLD	98,2349	140,1022
2023-07-14	01:00	31070,08	31479,99	31056,08	31255	LONG	0,00167	5981,87	0,00451	HOLD	98,2349	140,411
2023-07-14	02:00	31255,01	31804,2	31245,72	31606,01	LONG	0,00167	5981,87	0,00451	HOLD	98,2349	140,9972
2023-07-14	03:00	31606	31691,46	31282,48	31372,91	LONG	0,00167	5981,87	0,00451	HOLD	98,2349	140,6079
2023-07-14	04:00	31372,92	31390	31000	31254,01	LONG	0,00167	5981,87	0,00451	HOLD	98,2349	140,4093
2023-07-14	05:00	31254	31364,67	31207,51	31309,17	LONG	0,00167	5981,87	0,00451	HOLD	98,2349	140,5015
2023-07-14	06:00	31309,17	31499,99	31305,27	31454,23	LONG	0,00167	5981,87	0,00451	HOLD	98,2349	140,7437
2023-07-14	07:00	31454,23	31518,94	31361,68	31444,01	LONG	0,00167	5981,87	0,00451	HOLD	98,2349	140,7266
2023-07-14	08:00	31444,02	31499,46	31333	31418,88	LONG	0,00167	5981,87	0,00451	HOLD	98,2349	140,6847
2023-07-14	09:00	31418,88	31475,75	31384,05	31459,24	LONG	0,00167	5981,87	0,00451	HOLD	98,2349	140,7521
2023-07-14	10:00	31459,25	31630	31401,64	31460	LONG	0,00167	5981,87	0,00451	HOLD	98,2349	140,7533
2023-07-14	11:00	31459,99	31469	31370	31390,53	LONG	0,00167	5981,87	0,00451	HOLD	98,2349	140,6373
2023-07-14	12:00	31390,53	31401	31350,12	31360,48	LONG	0,00167	5981,87	0,00451	HOLD	98,2349	140,5871
2023-07-14	13:00	31360,48	31385,2	31282,62	31291,22	LONG	0,00167	5981,87	0,00451	HOLD	98,2349	140,4715
2023-07-14	14:00	31291,22	31339,35	31075,25	31098,74	LONG	0,00167	5981,87	0,00451	HOLD	98,2349	140,15
2023-07-14	15:00	31098,75	31287,85	31083,95	31243,71	LONG	0,00167	5981,87	0,00451	HOLD	98,2349	140,3921
2023-07-14	16:00	31243,7	31243,71	31138,95	31187,04	LONG	0,00167	5981,87	0,00451	HOLD	98,2349	140,2975
2023-07-14	17:00	31187,03	31203,42	31090	31175	LONG	0,00167	5981,87	0,00451	HOLD	98,2349	140,2774
2023-07-14	18:00	31175	31234,79	31139	31209,59	LONG	0,00167	5981,87	0,00451	HOLD	98,2349	140,3352
2023-07-14	19:00	31209,58	31219,99	31111	31126,75	LONG	0,00167	5981,87	0,00451	HOLD	98,2349	140,1968
2023-07-14	20:00	31126,76	31280	31050	31253,43	LONG	0,00167	5981,87	0,00451	HOLD	98,2349	140,4084
2023-07-14	21:00	31253,44	31334	31174,55	31300,56	LONG	0,00167	5981,87	0,00451	HOLD	98,2349	140,4871
2023-07-14	22:00	31300,57	31360,11	31206,64	31240,48	LONG	0,00167	5981,87	0,00451	HOLD	98,2349	140,3867
2023-07-14	23:00	31240,49	31275,5	31065,82	31214	LONG	0,00167	5981,87	0,00451	HOLD	98,2349	140,3425
2023-07-15	00:00	31213,99	31214	30648	30688,64	LONG	0,00167	5981,87	0,00451	HOLD	98,2349	139,4652
2023-07-15	01:00	30688,63	30770,95	30050	30091,83	LONG	0,00167	5981,87	0,00451	HOLD	98,2349	138,4685
2023-07-15	02:00	30091,82	30250	29900	30115,17	LONG	0,00167	5981,87	0,00451	HOLD	98,2349	138,5075
2023-07-15	03:00	30115,18	30237,6	29985,31	30189,18	LONG	0,00167	5981,87	0,00451	HOLD	98,2349	138,6311
2023-07-15	04:00	30189,19	30276,21	30147,48	30241,99	LONG	0,00167	5981,87	0,00451	HOLD	98,2349	138,7193
2023-07-15	05:00	30242	30256,28	30201	30227,6	LONG	0,00167	5981,87	0,00451	HOLD	98,2349	138,6952
2023-07-15	06:00	30227,6	30319,03	30201	30312,01	LONG	0,00167	5981,87	0,00451	HOLD	98,2349	138,8362
2023-07-15	07:00	30312	30328,77	30200	30328,76	LONG	0,00167	5981,87	0,00451	HOLD	98,2349	138,8642
2023-07-15	08:00	30328,77	30390,9	30286	30336,45	LONG	0,00167	5981,87	0,00451	HOLD	98,2349	138,877
2023-07-15	09:00	30336,45	30348	30288,7	30288,7	LONG	0,00167	5981,87	0,00451	HOLD	98,2349	138,7973
2023-07-15	10:00	30288,71	30333,7	30262,93	30292,91	LONG	0,00167	5981,87	0,00451	HOLD	98,2349	138,8043
2023-07-15	11:00	30292,9	30324	30290	30295,99	LONG	0,00167	5981,87	0,00451	HOLD	98,2349	138,8094
2023-07-15	12:00	30295,99	30311,72	30257,45	30295,43	LONG	0,00167	5981,87	0,00451	HOLD	98,2349	138,8085
2023-07-15	13:00	30295,44	30317,56	30266,33	30311,49	LONG	0,00167	5981,87	0,00451	HOLD	98,2349	138,8353
2023-07-15	14:00	30311,5	30366,83	30303,55	30338	LONG	0,00167	5981,87	0,00451	HOLD	98,2349	138,8796
2023-07-15	15:00	30338	30348,01	30263,25	30316,19	LONG	0,00167	5981,87	0,00451	HOLD	98,2349	138,8432
2023-07-15	16:00	30316,2	30350,06	30315,92	30350,06	LONG	0,00167	5981,87	0,00451	HOLD	98,2349	138,8997
2023-07-15	17:00	30350,06	30371,67	30305,6	30325,43	LONG	0,00167	5981,87	0,00451	HOLD	98,2349	138,8586
2023-07-15	18:00	30325,43	30340	30290,07	30311,99	LONG	0,00167	5981,87	0,00451	HOLD	98,2349	138,8362
2023-07-15	19:00	30311,99	30365,04	30311,99	30351,1	LONG	0,00167	5981,87	0,00451	HOLD	98,2349	138,9015
2023-07-15	20:00	30351,1	30352,83	30268,66	30324,99	LONG	0,00167	5981,87	0,00451	HOLD	98,2349	138,8579
2023-07-15	21:00	30324,99	30330,9	30280	30284,48	LONG	0,00167	5981,87	0,00451	HOLD	98,2349	138,7902
2023-07-15	22:00	30284,48	30317,05	30250,99	30303,41	LONG	0,00167	5981,87	0,00451	HOLD	98,2349	138,8218
2023-07-15	23:00	30303,4	30308	30256,89	30280,01	LONG	0,00167	5981,87	0,00451	HOLD	98,2349	138,7828
2023-07-16	00:00	30280,01	30311,21	30261,13	30283,13	LONG	0,00167	5981,87	0,00451	HOLD	98,2349	138,788
2023-07-16	01:00	30283,12	30353,92	30283,12	30321,99	LONG	0,00167	5981,87	0,00451	HOLD	98,2349	138,8529
2023-07-16	02:00	30321,99	30358,18	30321,99	30326,47	LONG	0,00167	5981,87	0,00451	HOLD	98,2349	138,8603
2023-07-16	03:00	30326,47	30326,47	30290,49	30302,01	LONG	0,00167	5981,87	0,00451	HOLD	98,2349	138,8195
2023-07-16	04:00	30302,01	30304,05	30276	30302,98	LONG	0,00167	5981,87	0,00451	HOLD	98,2349	138,8211
2023-07-16	05:00	30302,99	30318,68	30275	30285,42	LONG	0,00167	5981,87	0,00451	HOLD	98,2349	138,7918
2023-07-16	06:00	30285,43	30293,74	30269,96	30289,52	LONG	0,00167	5981,87	0,00451	HOLD	98,2349	138,7986
2023-07-16	07:00	30289,52	30307,99	30273,99	30299,99	LONG	0,00167	5981,87	0,00451	HOLD	98,2349	138,8161
2023-07-16	08:00	30299,99	30332,01	30260	30265	LONG	0,00167	5981,87	0,00451	HOLD	98,2349	138,7577
2023-07-16	09:00	30264,99	30335	30064,29	30252	LONG	0,00167	5981,87	0,00451	HOLD	98,2349	138,736
2023-07-16	10:00	30252	30261,99	30178,01	30188	LONG	0,00167	5981,87	0,00451	HOLD	98,2349	138,6291
2023-07-16	11:00	30188	30211,56	30134,59	30152,25	LONG	0,00167	5981,87	0,00451	HOLD	98,2349	138,5694
2023-07-16	12:00	30152,26	30241,34	30152,25	30238,01	LONG	0,00167	5981,87	0,00451	HOLD	98,2349	138,7126
2023-07-16	13:00	30238,01	30311,99	30225,13	30258,77	LONG	0,00167	5981,87	0,00451	HOLD	98,2349	138,7473
2023-07-16	14:00	30258,76	30298,75	30250	30265,22	LONG	0,00167	5981,87	0,00451	HOLD	98,2349	138,7581
2023-07-16	15:00	30265,23	30306,94	30265,22	30298,49	LONG	0,00167	5981,87	0,00451	HOLD	98,2349	138,8136
2023-07-16	16:00	30298,5	30319,59	30279,99	30303,13	LONG	0,00167	5981,87	0,00451	HOLD	98,2349	138,8214
2023-07-16	17:00	30303,13	30350	30273,37	30290	LONG	0,00167	5981,87	0,00451	HOLD	98,2349	138,7994
2023-07-16	18:00	30290	30319,14	30283,23	30306,01	LONG	0,00167	5981,87	0,00451	HOLD	98,2349	138,8262
2023-07-16	19:00	30306,01	30340	30288	30293,97	LONG	0,00167	5981,87	0,00451	HOLD	98,2349	138,8061
2023-07-16	20:00	30293,96	30313,09	30273,08	30303,93	LONG	0,00167	5981,87	0,00451	HOLD	98,2349	138,8227
2023-07-16	21:00	30303,93	30441,46	30303,93	30401,99	LONG	0,00167	5981,87	0,00451	HOLD	98,2349	138,9865
2023-07-16	22:00	30402	30432	30370	30379,95	LONG	0,00167	5981,87	0,00451	HOLD	98,2349	138,9497
2023-07-16	23:00	30379,96	30401,87	30320	30364,17	LONG	0,00167	5981,87	0,00451	HOLD	98,2349	138,9233
2023-07-17	00:00	30364,18	30403,13	30362,57	30381,92	LONG	0,00167	5981,87	0,00451	HOLD	98,2349	138,9529
2023-07-17	01:00	30381,93	30394,87	30232	30276,87	LONG	0,00167	5981,87	0,00451	HOLD	98,2349	138,7775
2023-07-17	02:00	30276,87	30298,71	30200,43	30252,93	LONG	0,00167	5981,87	0,00451	HOLD	98,2349	138,7375
2023-07-17	03:00	30252,94	30296,84	30236	30271,64	LONG	0,00167	5981,87	0,00451	HOLD	98,2349	138,7688
2023-07-17	04:00	30271,64	30314,48	30271,64	30292,65	LONG	0,00167	5981,87	0,00451	HOLD	98,2349	138,8039
2023-07-17	05:00	30292,66	30361	30263,33	30321,03	LONG	0,00167	5981,87	0,00451	HOLD	98,2349	138,8513
2023-07-17	06:00	30321,02	30332	30122,95	30231,99	LONG	0,00167	5981,87	0,00451	HOLD	98,2349	138,7026
2023-07-17	07:00	30232	30312	30176,03	30213,99	LONG	0,00167	5981,87	0,00451	HOLD	98,2349	138,6725
2023-07-17	08:00	30213,99	30336,96	30190	30291,05	LONG	0,00167	5981,87	0,00451	HOLD	98,2349	138,8012
2023-07-17	09:00	30291,04	30300	30256,02	30262	LONG	0,00167	5981,87	0,00451	HOLD	98,2349	138,7527
2023-07-17	10:00	30261,99	30319,13	30255,7	30312,66	LONG	0,00167	5981,87	0,00451	HOLD	98,2349	138,8373
2023-07-17	11:00	30312,66	30314	30272,01	30296,44	LONG	0,00167	5981,87	0,00451	HOLD	98,2349	138,8102
2023-07-17	12:00	30296,45	30323,05	30264,27	30264,27	LONG	0,00167	5981,87	0,00451	HOLD	98,2349	138,7565
2023-07-17	13:00	30264,28	30278,97	30232,06	30275,11	LONG	0,00167	5981,87	0,00451	HOLD	98,2349	138,7746
2023-07-17	14:00	30275,11	30287,23	30243,1	30281	LONG	0,00167	5981,87	0,00451	HOLD	98,2349	138,7844
2023-07-17	15:00	30281,01	30328	30258,24	30261,9	LONG	0,00167	5981,87	0,00451	HOLD	98,2349	138,7525
2023-07-17	16:00	30261,9	30276,52	30150	30182	LONG	0,00167	5981,87	0,00451	HOLD	98,2349	138,6191
2023-07-17	17:00	30182	30209,99	29965,39	30163,93	LONG	0,00167	5981,87	0,00451	HOLD	98,2349	138,5889
2023-07-17	18:00	30163,93	30261,9	30144,39	30161,7	LONG	0,00167	5981,87	0,00451	HOLD	98,2349	138,5852
2023-07-17	19:00	30161,7	30211,11	30032	30206	LONG	0,00167	5981,87	0,00451	HOLD	98,2349	138,6592
2023-07-17	20:00	30206,01	30307,84	30160,01	30286,64	LONG	0,00167	5981,87	0,00451	HOLD	98,2349	138,7938
2023-07-17	21:00	30286,65	30308	30230,38	30274,8	LONG	0,00167	5981,87	0,00451	HOLD	98,2349	138,7741
2023-07-17	22:00	30274,81	30291,74	30112,99	30174,83	LONG	0,00167	5981,87	0,00451	HOLD	98,2349	138,6071
2023-07-17	23:00	30174,84	30241,03	30078	30144,01	LONG	0,00167	5981,87	0,00451	HOLD	98,2349	138,5556
2023-07-18	00:00	30144	30159,99	29920	30030,67	LONG	0,00167	5981,87	0,00451	HOLD	98,2349	138,3664
2023-07-18	01:00	30030,67	30060	29659,2	29802,39	LONG	0,00167	5981,87	0,00451	HOLD	98,2349	137,9851
2023-07-18	02:00	29802,38	29934	29754,31	29884,39	LONG	0,00167	5981,87	0,00451	HOLD	98,2349	138,1221
2023-07-18	03:00	29884,4	29991,91	29881,41	29926,19	LONG	0,00167	5981,87	0,00451	HOLD	98,2349	138,1919
2023-07-18	04:00	29926,19	30285,71	29926,18	30242,59	LONG	0,00167	5981,87	0,00451	HOLD	98,2349	138,7203
2023-07-18	05:00	30242,6	30267,82	30101,7	30106,74	LONG	0,00167	5981,87	0,00451	HOLD	98,2349	138,4934
2023-07-18	06:00	30106,74	30169,23	30074,54	30138	LONG	0,00167	5981,87	0,00451	HOLD	98,2349	138,5456
2023-07-18	07:00	30138,01	30194	30105,55	30168,01	LONG	0,00167	5981,87	0,00451	HOLD	98,2349	138,5957
2023-07-18	08:00	30168,01	30239,78	30145,55	30215,84	LONG	0,00167	5981,87	0,00451	HOLD	98,2349	138,6756
2023-07-18	09:00	30215,85	30227,99	30100,85	30120	LONG	0,00167	5981,87	0,00451	HOLD	98,2349	138,5155
2023-07-18	10:00	30120	30148,76	30073,96	30073,96	LONG	0,00167	5981,87	0,00451	HOLD	98,2349	138,4387
2023-07-18	11:00	30073,97	30118,19	30040,78	30118,19	LONG	0,00167	5981,87	0,00451	HOLD	98,2349	138,5125
2023-07-18	12:00	30118,19	30118,19	30040	30052,22	LONG	0,00167	5981,87	0,00451	HOLD	98,2349	138,4023
2023-07-18	13:00	30052,23	30097,09	29921,54	29988,62	LONG	0,00167	5981,87	0,00451	HOLD	98,2349	138,2961
2023-07-18	14:00	29988,61	30040,39	29926,7	29968,13	LONG	0,00167	5981,87	0,00451	HOLD	98,2349	138,2619
2023-07-18	15:00	29968,13	30111,68	29881	30021,99	LONG	0,00167	5981,87	0,00451	HOLD	98,2349	138,3519
2023-07-18	16:00	30022	30039,47	29950,01	29956,94	LONG	0,00167	5981,87	0,00451	HOLD	98,2349	138,2432
2023-07-18	17:00	29956,95	30029,84	29908	29990,65	LONG	0,00167	5981,87	0,00451	HOLD	98,2349	138,2995
2023-07-18	18:00	29990,65	30073,41	29810	29884,01	LONG	0,00167	5981,87	0,00451	HOLD	98,2349	138,1214
2023-07-18	19:00	29884	29918,2	29725,24	29784	LONG	0,00167	5981,87	0,00451	HOLD	98,2349	137,9544
2023-07-18	20:00	29783,99	29869	29675	29831,99	LONG	0,00167	5981,87	0,00451	HOLD	98,2349	138,0346
2023-07-18	21:00	29831,99	30034,15	29817,31	29924,78	LONG	0,00167	5981,87	0,00451	HOLD	98,2349	138,1895
2023-07-18	22:00	29924,77	29930	29837,83	29912	LONG	0,00167	5981,87	0,00451	HOLD	98,2349	138,1682
2023-07-18	23:00	29912,01	29964,99	29512	29701,2	LONG	0,00167	5981,87	0,00451	HOLD	98,2349	137,8161
2023-07-19	00:00	29701,2	29829,42	29670,87	29821,77	LONG	0,00167	5981,87	0,00451	HOLD	98,2349	138,0175
2023-07-19	01:00	29821,76	29924,76	29791,43	29904,98	LONG	0,00167	5981,87	0,00451	HOLD	98,2349	138,1565
2023-07-19	02:00	29904,98	29943,79	29680,76	29715,99	LONG	0,00167	5981,87	0,00451	HOLD	98,2349	137,8408
2023-07-19	03:00	29715,98	29812	29690,65	29778	LONG	0,00167	5981,87	0,00451	HOLD	98,2349	137,9444
2023-07-19	04:00	29777,99	29834,28	29754,46	29800,86	LONG	0,00167	5981,87	0,00451	HOLD	98,2349	137,9826
2023-07-19	05:00	29800,86	29825,87	29758,85	29819,68	LONG	0,00167	5981,87	0,00451	HOLD	98,2349	138,014
2023-07-19	06:00	29819,68	29865	29788	29859,13	LONG	0,00167	5981,87	0,00451	HOLD	98,2349	138,0799
2023-07-19	07:00	29859,14	30071,12	29839,5	30055,32	LONG	0,00167	5981,87	0,00451	HOLD	98,2349	138,4075
2023-07-19	08:00	30055,31	30071,01	29950,7	30006,01	LONG	0,00167	5981,87	0,00451	HOLD	98,2349	138,3252
2023-07-19	09:00	30006	30029	29971,41	30024	LONG	0,00167	5981,87	0,00451	HOLD	98,2349	138,3552
2023-07-19	10:00	30023,99	30076,71	30008	30059,11	LONG	0,00167	5981,87	0,00451	HOLD	98,2349	138,4139
2023-07-19	11:00	30059,1	30189,09	30056	30099,08	LONG	0,00167	5981,87	0,00451	HOLD	98,2349	138,4806
2023-07-19	12:00	30099,08	30119,98	30055,05	30098,39	LONG	0,00167	5981,87	0,00451	HOLD	98,2349	138,4795
2023-07-19	13:00	30098,39	30114	30000	30044,59	LONG	0,00167	5981,87	0,00451	HOLD	98,2349	138,3896
2023-07-19	14:00	30044,58	30073,52	29966,48	30000,68	LONG	0,00167	5981,87	0,00451	HOLD	98,2349	138,3163
2023-07-19	15:00	30000,68	30014,86	29876,5	29923,28	LONG	0,00167	5981,87	0,00451	HOLD	98,2349	138,187
2023-07-19	16:00	29923,28	30046	29867,17	30006,3	LONG	0,00167	5981,87	0,00451	HOLD	98,2349	138,3257
2023-07-19	17:00	30006,29	30034	29976,46	29988	LONG	0,00167	5981,87	0,00451	HOLD	98,2349	138,2951
2023-07-19	18:00	29987,99	30029,65	29958,86	30012,63	LONG	0,00167	5981,87	0,00451	HOLD	98,2349	138,3362
2023-07-19	19:00	30012,62	30021,02	29885,38	29950,01	LONG	0,00167	5981,87	0,00451	HOLD	98,2349	138,2317
2023-07-19	20:00	29950	30128	29827,39	29994,3	LONG	0,00167	5981,87	0,00451	HOLD	98,2349	138,3056
2023-07-19	21:00	29994,31	30056,69	29787,9	29824,01	LONG	0,00167	5981,87	0,00451	HOLD	98,2349	138,0212
2023-07-19	22:00	29824	29995,16	29761,96	29956,46	LONG	0,00167	5981,87	0,00451	HOLD	98,2349	138,2424
2023-07-19	23:00	29956,46	29979	29870	29903,9	LONG	0,00167	5981,87	0,00451	HOLD	98,2349	138,1547
2023-07-20	00:00	29903,9	30085,8	29881,26	29993,18	LONG	0,00167	5981,87	0,00451	HOLD	98,2349	138,3038
2023-07-20	01:00	29993,19	30092,42	29944	30078	LONG	0,00167	5981,87	0,00451	HOLD	98,2349	138,4454
2023-07-20	02:00	30078	30100	30019,84	30044,31	LONG	0,00167	5981,87	0,00451	HOLD	98,2349	138,3891
2023-07-20	03:00	30044,31	30054	29949,89	29964,95	LONG	0,00167	5981,87	0,00451	HOLD	98,2349	138,2566
2023-07-20	04:00	29964,94	29964,95	29851,1	29933,96	LONG	0,00167	5981,87	0,00451	HOLD	98,2349	138,2049
2023-07-20	05:00	29933,96	29957,47	29850,07	29872,8	LONG	0,00167	5981,87	0,00451	HOLD	98,2349	138,1027
2023-07-20	06:00	29872,81	29940	29830,36	29909,21	LONG	0,00167	5981,87	0,00451	HOLD	98,2349	138,1635
2023-07-20	07:00	29909,21	30012	29881,29	30000	LONG	0,00167	5981,87	0,00451	HOLD	98,2349	138,3151
2023-07-20	08:00	29999,99	30027,99	29970,05	29987,33	LONG	0,00167	5981,87	0,00451	HOLD	98,2349	138,294
2023-07-20	09:00	29987,34	30047,95	29974,67	29985,53	LONG	0,00167	5981,87	0,00451	HOLD	98,2349	138,291
2023-07-20	10:00	29985,54	29993,71	29914,45	29948,01	LONG	0,00167	5981,87	0,00451	HOLD	98,2349	138,2283
2023-07-20	11:00	29948	29984,39	29926,88	29962,01	LONG	0,00167	5981,87	0,00451	HOLD	98,2349	138,2517
2023-07-20	12:00	29962,01	30176,96	29954,06	30125,99	LONG	0,00167	5981,87	0,00451	HOLD	98,2349	138,5255
2023-07-20	13:00	30125,98	30197,36	30086,22	30120	LONG	0,00167	5981,87	0,00451	HOLD	98,2349	138,5155
2023-07-20	14:00	30119,99	30246,98	30102,01	30202,77	LONG	0,00167	5981,87	0,00451	HOLD	98,2349	138,6538
2023-07-20	15:00	30202,78	30320	30166,67	30264,55	LONG	0,00167	5981,87	0,00451	HOLD	98,2349	138,7569
2023-07-20	16:00	30264,56	30389,92	30215,05	30327,99	LONG	0,00167	5981,87	0,00451	HOLD	98,2349	138,8629
2023-07-20	17:00	30327,99	30417,46	30272,9	30295	LONG	0,00167	5981,87	0,00451	HOLD	98,2349	138,8078
2023-07-20	18:00	30295	30311,79	30251,09	30284,9	LONG	0,00167	5981,87	0,00451	HOLD	98,2349	138,7909
2023-07-20	19:00	30284,9	30316	30208,04	30221,53	LONG	0,00167	5981,87	0,00451	HOLD	98,2349	138,6851
2023-07-20	20:00	30221,52	30283,22	30171,71	30229,58	LONG	0,00167	5981,87	0,00451	HOLD	98,2349	138,6985
2023-07-20	21:00	30229,57	30243,93	29627,04	29782,19	LONG	0,00167	5981,87	0,00451	HOLD	98,2349	137,9514
2023-07-20	22:00	29782,2	29853,16	29711,11	29810,18	LONG	0,00167	5981,87	0,00451	HOLD	98,2349	137,9981
2023-07-20	23:00	29810,17	29872,71	29658,02	29716,69	LONG	0,00167	5981,87	0,00451	HOLD	98,2349	137,842
2023-07-21	00:00	29716,69	29820	29694,38	29756,73	LONG	0,00167	5981,87	0,00451	HOLD	98,2349	137,9089
2023-07-21	01:00	29756,72	29795,52	29570,96	29687,84	LONG	0,00167	5981,87	0,00451	HOLD	98,2349	137,7938
2023-07-21	02:00	29687,84	29762,31	29675,01	29756	LONG	0,00167	5981,87	0,00451	HOLD	98,2349	137,9077
2023-07-21	03:00	29756	29769,75	29669,56	29739,72	LONG	0,00167	5981,87	0,00451	HOLD	98,2349	137,8805
2023-07-21	04:00	29739,73	29888	29736	29870,28	LONG	0,00167	5981,87	0,00451	HOLD	98,2349	138,0985
2023-07-21	05:00	29870,27	29878,48	29798,39	29814	LONG	0,00167	5981,87	0,00451	HOLD	98,2349	138,0045
2023-07-21	06:00	29814	29822	29789,65	29800	LONG	0,00167	5981,87	0,00451	HOLD	98,2349	137,9811
2023-07-21	07:00	29800	29835	29726,34	29786,01	LONG	0,00167	5981,87	0,00451	HOLD	98,2349	137,9578
2023-07-21	08:00	29786,01	29899	29760	29877,48	LONG	0,00167	5981,87	0,00451	HOLD	98,2349	138,1105
2023-07-21	09:00	29877,49	29953,01	29846	29903,19	LONG	0,00167	5981,87	0,00451	HOLD	98,2349	138,1535
2023-07-21	10:00	29903,2	29942	29877,02	29897,62	LONG	0,00167	5981,87	0,00451	HOLD	98,2349	138,1442
2023-07-21	11:00	29897,62	29904	29859,15	29864	LONG	0,00167	5981,87	0,00451	HOLD	98,2349	138,088
2023-07-21	12:00	29864	29865,82	29790	29817,99	LONG	0,00167	5981,87	0,00451	HOLD	98,2349	138,0112
2023-07-21	13:00	29817,99	29856,48	29793,89	29856,48	LONG	0,00167	5981,87	0,00451	HOLD	98,2349	138,0755
2023-07-21	14:00	29856,47	29859,53	29751,9	29766,81	LONG	0,00167	5981,87	0,00451	HOLD	98,2349	137,9257
2023-07-21	15:00	29766,81	29816,78	29756,17	29786,29	LONG	0,00167	5981,87	0,00451	HOLD	98,2349	137,9582
2023-07-21	16:00	29786,3	29851,37	29750	29755,99	LONG	0,00167	5981,87	0,00451	HOLD	98,2349	137,9076
2023-07-21	17:00	29755,99	29818,96	29755,99	29793,36	LONG	0,00167	5981,87	0,00451	HOLD	98,2349	137,9701
2023-07-21	18:00	29793,37	29815	29729,76	29778,51	LONG	0,00167	5981,87	0,00451	HOLD	98,2349	137,9453
2023-07-21	19:00	29778,51	29898,5	29778,5	29869,91	LONG	0,00167	5981,87	0,00451	HOLD	98,2349	138,0979
2023-07-21	20:00	29869,9	29913,94	29784,39	29813,99	LONG	0,00167	5981,87	0,00451	HOLD	98,2349	138,0045
2023-07-21	21:00	29814	29882,23	29780,09	29881,07	LONG	0,00167	5981,87	0,00451	HOLD	98,2349	138,1165
2023-07-21	22:00	29881,07	29909,08	29854,74	29866	LONG	0,00167	5981,87	0,00451	HOLD	98,2349	138,0914
2023-07-21	23:00	29866	29870	29812,2	29828	LONG	0,00167	5981,87	0,00451	HOLD	98,2349	138,0279
2023-07-22	00:00	29828	29938	29823,99	29921,99	LONG	0,00167	5981,87	0,00451	HOLD	98,2349	138,1849
2023-07-22	01:00	29922	30061,7	29921,99	29981,69	LONG	0,00167	5981,87	0,00451	HOLD	98,2349	138,2846
2023-07-22	02:00	29981,7	29981,7	29770	29875,99	LONG	0,00167	5981,87	0,00451	HOLD	98,2349	138,108
2023-07-22	03:00	29875,99	29892,9	29833,93	29880	LONG	0,00167	5981,87	0,00451	HOLD	98,2349	138,1147
2023-07-22	04:00	29880,01	29941,06	29878,69	29899,57	LONG	0,00167	5981,87	0,00451	HOLD	98,2349	138,1474
2023-07-22	05:00	29899,57	29955	29887,16	29925,06	LONG	0,00167	5981,87	0,00451	HOLD	98,2349	138,19
2023-07-22	06:00	29925,07	29933	29891,86	29901,72	LONG	0,00167	5981,87	0,00451	HOLD	98,2349	138,151
2023-07-22	07:00	29901,72	29999	29901,71	29983,79	LONG	0,00167	5981,87	0,00451	HOLD	98,2349	138,2881
2023-07-22	08:00	29983,8	29987,45	29916,41	29924,01	LONG	0,00167	5981,87	0,00451	HOLD	98,2349	138,1882
2023-07-22	09:00	29924	29967,24	29918,2	29935,48	LONG	0,00167	5981,87	0,00451	HOLD	98,2349	138,2074
2023-07-22	10:00	29935,47	29937,98	29896	29903,41	LONG	0,00167	5981,87	0,00451	HOLD	98,2349	138,1538
2023-07-22	11:00	29903,4	29932,69	29868,82	29884	LONG	0,00167	5981,87	0,00451	HOLD	98,2349	138,1214
2023-07-22	12:00	29884	29900	29858	29870,01	LONG	0,00167	5981,87	0,00451	HOLD	98,2349	138,0981
2023-07-22	13:00	29870,01	29894	29848	29890,01	LONG	0,00167	5981,87	0,00451	HOLD	98,2349	138,1315
2023-07-22	14:00	29890	29990	29862,73	29944,77	LONG	0,00167	5981,87	0,00451	HOLD	98,2349	138,2229
2023-07-22	15:00	29944,78	29979,92	29927,85	29937,29	LONG	0,00167	5981,87	0,00451	HOLD	98,2349	138,2104
2023-07-22	16:00	29937,28	29948,31	29909,32	29929,48	LONG	0,00167	5981,87	0,00451	HOLD	98,2349	138,1974
2023-07-22	17:00	29929,49	29929,49	29870	29902,08	LONG	0,00167	5981,87	0,00451	HOLD	98,2349	138,1516
2023-07-22	18:00	29902,09	29902,09	29864,48	29886,94	LONG	0,00167	5981,87	0,00451	HOLD	98,2349	138,1263
2023-07-22	19:00	29886,93	29886,94	29828,77	29840,84	LONG	0,00167	5981,87	0,00451	HOLD	98,2349	138,0493
2023-07-22	20:00	29840,85	29867,64	29835,2	29848,3	LONG	0,00167	5981,87	0,00451	HOLD	98,2349	138,0618
2023-07-22	21:00	29848,3	29893,67	29847,47	29883,87	LONG	0,00167	5981,87	0,00451	HOLD	98,2349	138,1212
2023-07-22	22:00	29883,87	29907,35	29859,14	29900,24	LONG	0,00167	5981,87	0,00451	HOLD	98,2349	138,1485
2023-07-22	23:00	29900,23	29908,71	29862,61	29899,99	LONG	0,00167	5981,87	0,00451	HOLD	98,2349	138,1481
2023-07-23	00:00	29900	29900	29810	29837,35	LONG	0,00167	5981,87	0,00451	HOLD	98,2349	138,0435
2023-07-23	01:00	29837,35	29837,35	29801,66	29814,23	LONG	0,00167	5981,87	0,00451	HOLD	98,2349	138,0049
2023-07-23	02:00	29814,23	29857,36	29805	29836	LONG	0,00167	5981,87	0,00451	HOLD	98,2349	138,0413
2023-07-23	03:00	29836	29839,75	29819,42	29827,24	LONG	0,00167	5981,87	0,00451	HOLD	98,2349	138,0266
2023-07-23	04:00	29827,25	29833,81	29815,48	29827,04	LONG	0,00167	5981,87	0,00451	HOLD	98,2349	138,0263
2023-07-23	05:00	29827,04	29832,58	29785,72	29808	LONG	0,00167	5981,87	0,00451	HOLD	98,2349	137,9945
2023-07-23	06:00	29807,99	29814,56	29625,1	29794	LONG	0,00167	5981,87	0,00451	HOLD	98,2349	137,9711
2023-07-23	07:00	29793,99	29819,93	29730	29778,38	LONG	0,00167	5981,87	0,00451	HOLD	98,2349	137,945
2023-07-23	08:00	29778,37	29875	29778,37	29826,16	LONG	0,00167	5981,87	0,00451	HOLD	98,2349	138,0248
2023-07-23	09:00	29826,17	29893,77	29811	29885,12	LONG	0,00167	5981,87	0,00451	HOLD	98,2349	138,1233
2023-07-23	10:00	29885,12	29885,13	29840	29845,72	LONG	0,00167	5981,87	0,00451	HOLD	98,2349	138,0575
2023-07-23	11:00	29845,71	29920	29845,71	29905,22	LONG	0,00167	5981,87	0,00451	HOLD	98,2349	138,1569
2023-07-23	12:00	29905,23	29980,88	29898,01	29921,99	LONG	0,00167	5981,87	0,00451	HOLD	98,2349	138,1849
2023-07-23	13:00	29921,99	29938,98	29894,73	29919,41	LONG	0,00167	5981,87	0,00451	HOLD	98,2349	138,1806
2023-07-23	14:00	29919,41	29930,26	29885,01	29916	LONG	0,00167	5981,87	0,00451	HOLD	98,2349	138,1749
2023-07-23	15:00	29916	29959	29887,6	29948,01	LONG	0,00167	5981,87	0,00451	HOLD	98,2349	138,2283
2023-07-23	16:00	29948,01	29955,66	29896,85	29900,18	LONG	0,00167	5981,87	0,00451	HOLD	98,2349	138,1484
2023-07-23	17:00	29900,17	29914,85	29884,77	29887,59	LONG	0,00167	5981,87	0,00451	HOLD	98,2349	138,1274
2023-07-23	18:00	29887,6	29923,1	29884	29888,58	LONG	0,00167	5981,87	0,00451	HOLD	98,2349	138,1291
2023-07-23	19:00	29888,59	29931,51	29886	29919,7	LONG	0,00167	5981,87	0,00451	HOLD	98,2349	138,181
2023-07-23	20:00	29919,69	29921,66	29852,29	29888,36	LONG	0,00167	5981,87	0,00451	HOLD	98,2349	138,1287
2023-07-23	21:00	29888,35	29907,26	29886	29894,82	LONG	0,00167	5981,87	0,00451	HOLD	98,2349	138,1395
2023-07-23	22:00	29894,82	29914,21	29888,38	29897,64	LONG	0,00167	5981,87	0,00451	HOLD	98,2349	138,1442
2023-07-23	23:00	29897,64	29972	29897,63	29954,12	LONG	0,00167	5981,87	0,00451	HOLD	98,2349	138,2385
2023-07-24	00:00	29954,12	30130	29936,53	30118,49	LONG	0,00167	5981,87	0,00451	HOLD	98,2349	138,513
2023-07-24	01:00	30118,5	30292,02	30077,55	30248,01	LONG	0,00167	5981,87	0,00451	HOLD	98,2349	138,7293
2023-07-24	02:00	30248,01	30350	30015,38	30093,12	LONG	0,00167	5981,87	0,00451	HOLD	98,2349	138,4707
2023-07-24	03:00	30093,12	30143,5	30093,12	30143,49	LONG	0,00167	5981,87	0,00451	HOLD	98,2349	138,5548
2023-07-24	04:00	30143,49	30143,5	29920,37	29955,24	LONG	0,00167	5981,87	0,00451	HOLD	98,2349	138,2404
2023-07-24	05:00	29955,24	30042,58	29944,6	30013,59	LONG	0,00167	5981,87	0,00451	HOLD	98,2349	138,3378
2023-07-24	06:00	30013,6	30097,49	30013,59	30083,75	LONG	0,00167	5981,87	0,00451	HOLD	98,2349	138,455
2023-07-24	07:00	30083,75	30099,58	30008	30010,01	LONG	0,00167	5981,87	0,00451	HOLD	98,2349	138,3319
2023-07-24	08:00	30010,01	30021,18	29859	29915,99	LONG	0,00167	5981,87	0,00451	HOLD	98,2349	138,1748
2023-07-24	09:00	29916	29916	29760	29799,63	LONG	0,00167	5981,87	0,00451	HOLD	98,2349	137,9805
2023-07-24	10:00	29799,63	29799,64	29669,83	29716,01	LONG	0,00167	5981,87	0,00451	HOLD	98,2349	137,8409
2023-07-24	11:00	29716	29801,23	29660	29794	LONG	0,00167	5981,87	0,00451	HOLD	98,2349	137,9711
2023-07-24	12:00	29794	29819	29746,41	29799,92	LONG	0,00167	5981,87	0,00451	HOLD	98,2349	137,981
2023-07-24	13:00	29799,91	29799,92	29765	29778,46	LONG	0,00167	5981,87	0,00451	HOLD	98,2349	137,9452
2023-07-24	14:00	29778,46	29870	29731	29828	LONG	0,00167	5981,87	0,00451	HOLD	98,2349	138,0279
2023-07-24	15:00	29828	29832,54	29754,85	29756,01	LONG	0,00167	5981,87	0,00451	HOLD	98,2349	137,9077
2023-07-24	16:00	29756	29767,27	29000	29178,01	LONG	0,00167	5981,87	0,00451	HOLD	98,2349	136,9424
2023-07-24	17:00	29178	29383,11	29116,16	29324,01	LONG	0,00167	5981,87	0,00451	HOLD	98,2349	137,1862
2023-07-24	18:00	29324	29330,69	29222,34	29269,99	LONG	0,00167	5981,87	0,00451	HOLD	98,2349	137,096
2023-07-24	19:00	29269,99	29270	29164	29232	LONG	0,00167	5981,87	0,00451	HOLD	98,2349	137,0326
2023-07-24	20:00	29231,99	29255	29112	29180	LONG	0,00167	5981,87	0,00451	HOLD	98,2349	136,9457
2023-07-24	21:00	29179,99	29191,04	29025,01	29043,38	LONG	0,00167	5981,87	0,00451	HOLD	98,2349	136,7176
2023-07-24	22:00	29043,38	29140	28861,9	29093,78	LONG	0,00167	5981,87	0,00451	HOLD	98,2349	136,8018
2023-07-24	23:00	29093,78	29151,46	29026	29107,54	LONG	0,00167	5981,87	0,00451	HOLD	98,2349	136,8247
2023-07-25	00:00	29107,55	29124,13	29014,59	29039,74	LONG	0,00167	5981,87	0,00451	HOLD	98,2349	136,7115
2023-07-25	01:00	29039,75	29137,65	29000	29124,26	LONG	0,00167	5981,87	0,00451	HOLD	98,2349	136,8527
2023-07-25	02:00	29124,25	29157,15	29102	29117,99	LONG	0,00167	5981,87	0,00451	HOLD	98,2349	136,8422
2023-07-25	03:00	29117,99	29151,05	29090,36	29149,15	LONG	0,00167	5981,87	0,00451	HOLD	98,2349	136,8942
2023-07-25	04:00	29149,16	29195,73	29130	29167,05	LONG	0,00167	5981,87	0,00451	HOLD	98,2349	136,9241
2023-07-25	05:00	29167,04	29194,7	29143,26	29161,25	LONG	0,00167	5981,87	0,00451	HOLD	98,2349	136,9144
2023-07-25	06:00	29161,24	29210	29161,24	29176,5	LONG	0,00167	5981,87	0,00451	HOLD	98,2349	136,9399
2023-07-25	07:00	29176,5	29183,34	29095,95	29112,86	LONG	0,00167	5981,87	0,00451	HOLD	98,2349	136,8336
2023-07-25	08:00	29112,87	29114	29047,65	29081,99	LONG	0,00167	5981,87	0,00451	HOLD	98,2349	136,7821
2023-07-25	09:00	29082	29170,71	29068	29130	LONG	0,00167	5981,87	0,00451	HOLD	98,2349	136,8622
2023-07-25	10:00	29130	29149,47	29082,85	29111	LONG	0,00167	5981,87	0,00451	HOLD	98,2349	136,8305
2023-07-25	11:00	29111	29122,81	29074,55	29089,46	LONG	0,00167	5981,87	0,00451	HOLD	98,2349	136,7945
2023-07-25	12:00	29089,46	29147,35	29089,46	29128,34	LONG	0,00167	5981,87	0,00451	HOLD	98,2349	136,8595
2023-07-25	13:00	29128,35	29147,66	29116	29144,67	LONG	0,00167	5981,87	0,00451	HOLD	98,2349	136,8867
2023-07-25	14:00	29144,67	29165,3	29123,63	29142,46	LONG	0,00167	5981,87	0,00451	HOLD	98,2349	136,8831
2023-07-25	15:00	29142,46	29198	29126	29191,43	LONG	0,00167	5981,87	0,00451	HOLD	98,2349	136,9648
2023-07-25	16:00	29191,43	29282	29162,5	29167,31	LONG	0,00167	5981,87	0,00451	HOLD	98,2349	136,9245
2023-07-25	17:00	29167,32	29198,97	29147,83	29164,99	LONG	0,00167	5981,87	0,00451	HOLD	98,2349	136,9207
2023-07-25	18:00	29165	29168,9	29120	29128,29	LONG	0,00167	5981,87	0,00451	HOLD	98,2349	136,8594
2023-07-25	19:00	29128,29	29143,95	29098,04	29118	LONG	0,00167	5981,87	0,00451	HOLD	98,2349	136,8422
2023-07-25	20:00	29118,01	29339,16	29082,84	29277,67	LONG	0,00167	5981,87	0,00451	HOLD	98,2349	137,1089
2023-07-25	21:00	29277,67	29340,57	29156,19	29177,5	LONG	0,00167	5981,87	0,00451	HOLD	98,2349	136,9416
2023-07-25	22:00	29177,5	29233,44	29168	29181,51	LONG	0,00167	5981,87	0,00451	HOLD	98,2349	136,9483
2023-07-25	23:00	29181,5	29295,76	29181,5	29228,79	LONG	0,00167	5981,87	0,00451	HOLD	98,2349	137,0272
2023-07-26	00:00	29228,78	29286,77	29188	29275,99	LONG	0,00167	5981,87	0,00451	HOLD	98,2349	137,106
2023-07-26	01:00	29276	29376	29256,6	29264,01	LONG	0,00167	5981,87	0,00451	HOLD	98,2349	137,086
2023-07-26	02:00	29264,01	29277,95	29196,84	29198,83	LONG	0,00167	5981,87	0,00451	HOLD	98,2349	136,9772
2023-07-26	03:00	29198,82	29241,35	29183,93	29229,85	LONG	0,00167	5981,87	0,00451	HOLD	98,2349	137,029
2023-07-26	04:00	29229,84	29245,37	29214,35	29228,93	LONG	0,00167	5981,87	0,00451	HOLD	98,2349	137,0275
2023-07-26	05:00	29228,92	29255,99	29206,45	29206,46	LONG	0,00167	5981,87	0,00451	HOLD	98,2349	136,9899
2023-07-26	06:00	29206,45	29247,3	29199,62	29228,91	LONG	0,00167	5981,87	0,00451	HOLD	98,2349	137,0274
2023-07-26	07:00	29228,91	29233,71	29140	29166,76	LONG	0,00167	5981,87	0,00451	HOLD	98,2349	136,9236
2023-07-26	08:00	29166,77	29174	29096,94	29131,01	LONG	0,00167	5981,87	0,00451	HOLD	98,2349	136,8639
2023-07-26	09:00	29131,01	29299	29131	29288,57	LONG	0,00167	5981,87	0,00451	HOLD	98,2349	137,1271
2023-07-26	10:00	29288,57	29412,88	29210	29242,81	LONG	0,00167	5981,87	0,00451	HOLD	98,2349	137,0506
2023-07-26	11:00	29242,8	29242,81	29200	29201,19	LONG	0,00167	5981,87	0,00451	HOLD	98,2349	136,9811
2023-07-26	12:00	29201,2	29277,1	29198,17	29268,12	LONG	0,00167	5981,87	0,00451	HOLD	98,2349	137,0929
2023-07-26	13:00	29268,12	29320,84	29180	29209,99	LONG	0,00167	5981,87	0,00451	HOLD	98,2349	136,9958
2023-07-26	14:00	29209,99	29245	29195	29216,61	LONG	0,00167	5981,87	0,00451	HOLD	98,2349	137,0069
2023-07-26	15:00	29216,61	29240,54	29210	29222,66	LONG	0,00167	5981,87	0,00451	HOLD	98,2349	137,017
2023-07-26	16:00	29222,66	29231,56	29165	29192,45	LONG	0,00167	5981,87	0,00451	HOLD	98,2349	136,9665
2023-07-26	17:00	29192,45	29202	29165	29192,55	LONG	0,00167	5981,87	0,00451	HOLD	98,2349	136,9667
2023-07-26	18:00	29192,54	29218	29160,33	29175,39	LONG	0,00167	5981,87	0,00451	HOLD	98,2349	136,938
2023-07-26	19:00	29175,39	29243,43	29166,36	29229,13	LONG	0,00167	5981,87	0,00451	HOLD	98,2349	137,0278
2023-07-26	20:00	29229,13	29321,69	29229,12	29306,54	LONG	0,00167	5981,87	0,00451	HOLD	98,2349	137,1571
2023-07-26	21:00	29306,54	29354	29206,89	29267,54	LONG	0,00167	5981,87	0,00451	HOLD	98,2349	137,0919
2023-07-26	22:00	29267,54	29337,33	29267,12	29324	LONG	0,00167	5981,87	0,00451	HOLD	98,2349	137,1862
2023-07-26	23:00	29324,01	29369,55	29271,23	29302,43	LONG	0,00167	5981,87	0,00451	HOLD	98,2349	137,1502
2023-07-27	00:00	29302,43	29325	29243,24	29268,9	LONG	0,00167	5981,87	0,00451	HOLD	98,2349	137,0942
2023-07-27	01:00	29268,91	29499	29230,01	29377,5	LONG	0,00167	5981,87	0,00451	HOLD	98,2349	137,2756
2023-07-27	02:00	29377,5	29401,94	29195	29401,93	LONG	0,00167	5981,87	0,00451	HOLD	98,2349	137,3164
2023-07-27	03:00	29401,93	29690	29390	29578,09	LONG	0,00167	5981,87	0,00451	HOLD	98,2349	137,6106
2023-07-27	04:00	29578,09	29658,36	29428,27	29466	LONG	0,00167	5981,87	0,00451	HOLD	98,2349	137,4234
2023-07-27	05:00	29465,99	29507,39	29430,44	29476,01	LONG	0,00167	5981,87	0,00451	HOLD	98,2349	137,4401
2023-07-27	06:00	29476,01	29530,08	29280,01	29351,96	LONG	0,00167	5981,87	0,00451	HOLD	98,2349	137,2329
2023-07-27	07:00	29351,95	29360,87	29302,01	29356,09	LONG	0,00167	5981,87	0,00451	HOLD	98,2349	137,2398
2023-07-27	08:00	29356,1	29418,17	29339,94	29399,99	LONG	0,00167	5981,87	0,00451	HOLD	98,2349	137,3131
2023-07-27	09:00	29400	29440	29346,14	29437,81	LONG	0,00167	5981,87	0,00451	HOLD	98,2349	137,3763
2023-07-27	10:00	29437,8	29450,44	29405,77	29405,78	LONG	0,00167	5981,87	0,00451	HOLD	98,2349	137,3228
2023-07-27	11:00	29405,78	29490	29405,77	29488,36	LONG	0,00167	5981,87	0,00451	HOLD	98,2349	137,4607
2023-07-27	12:00	29488,36	29499,41	29454,37	29460	LONG	0,00167	5981,87	0,00451	HOLD	98,2349	137,4133
2023-07-27	13:00	29460,01	29477,5	29378,6	29384,01	LONG	0,00167	5981,87	0,00451	HOLD	98,2349	137,2864
2023-07-27	14:00	29384,02	29467,5	29380,88	29412,17	LONG	0,00167	5981,87	0,00451	HOLD	98,2349	137,3335
2023-07-27	15:00	29412,18	29470,83	29396	29470,82	LONG	0,00167	5981,87	0,00451	HOLD	98,2349	137,4314
2023-07-27	16:00	29470,83	29567,49	29466,94	29544,02	LONG	0,00167	5981,87	0,00451	HOLD	98,2349	137,5537
2023-07-27	17:00	29544,01	29554,9	29472,51	29479,5	LONG	0,00167	5981,87	0,00451	HOLD	98,2349	137,4459
2023-07-27	18:00	29479,49	29524,56	29468	29507,03	LONG	0,00167	5981,87	0,00451	HOLD	98,2349	137,4919
2023-07-27	19:00	29507,02	29507,03	29460	29496,41	LONG	0,00167	5981,87	0,00451	HOLD	98,2349	137,4741
2023-07-27	20:00	29496,42	29502,5	29431,19	29446,02	LONG	0,00167	5981,87	0,00451	HOLD	98,2349	137,39
2023-07-27	21:00	29446,01	29446,02	29322,49	29350	LONG	0,00167	5981,87	0,00451	HOLD	98,2349	137,2296
2023-07-27	22:00	29350	29361,68	29236,78	29292,01	LONG	0,00167	5981,87	0,00451	HOLD	98,2349	137,1328
2023-07-27	23:00	29292	29333,22	29261,25	29274,93	LONG	0,00167	5981,87	0,00451	HOLD	98,2349	137,1043
2023-07-28	00:00	29274,93	29292,06	29180	29220	LONG	0,00167	5981,87	0,00451	HOLD	98,2349	137,0125
2023-07-28	01:00	29219,99	29249,99	29083,85	29141,37	LONG	0,00167	5981,87	0,00451	HOLD	98,2349	136,8812
2023-07-28	02:00	29141,38	29178,94	29104,11	29163,83	LONG	0,00167	5981,87	0,00451	HOLD	98,2349	136,9187
2023-07-28	03:00	29163,83	29191,87	29133,5	29144,56	LONG	0,00167	5981,87	0,00451	HOLD	98,2349	136,8866
2023-07-28	04:00	29144,56	29235	29142,01	29187,15	LONG	0,00167	5981,87	0,00451	HOLD	98,2349	136,9577
2023-07-28	05:00	29187,16	29238	29187,15	29202,29	LONG	0,00167	5981,87	0,00451	HOLD	98,2349	136,983
2023-07-28	06:00	29202,29	29225,88	29179,95	29222,78	LONG	0,00167	5981,87	0,00451	HOLD	98,2349	137,0172
2023-07-28	07:00	29222,78	29305,3	29209,7	29273	LONG	0,00167	5981,87	0,00451	HOLD	98,2349	137,1011
2023-07-28	08:00	29273	29295,22	29256,64	29260,75	LONG	0,00167	5981,87	0,00451	HOLD	98,2349	137,0806
2023-07-28	09:00	29260,75	29263,37	29188,15	29229,99	LONG	0,00167	5981,87	0,00451	HOLD	98,2349	137,0292
2023-07-28	10:00	29230	29290	29202,84	29253,85	LONG	0,00167	5981,87	0,00451	HOLD	98,2349	137,0691
2023-07-28	11:00	29253,84	29266	29224	29260	LONG	0,00167	5981,87	0,00451	HOLD	98,2349	137,0793
2023-07-28	12:00	29259,99	29262,73	29156,85	29185,99	LONG	0,00167	5981,87	0,00451	HOLD	98,2349	136,9557
2023-07-28	13:00	29186	29206,11	29162,76	29190,01	LONG	0,00167	5981,87	0,00451	HOLD	98,2349	136,9625
2023-07-28	14:00	29190,01	29196,75	29135,15	29140,8	LONG	0,00167	5981,87	0,00451	HOLD	98,2349	136,8803
2023-07-28	15:00	29140,79	29186,22	29123,12	29152	LONG	0,00167	5981,87	0,00451	HOLD	98,2349	136,899
2023-07-28	16:00	29152	29232,83	29126,09	29213,94	LONG	0,00167	5981,87	0,00451	HOLD	98,2349	137,0024
2023-07-28	17:00	29213,94	29232,99	29203,65	29218,91	LONG	0,00167	5981,87	0,00451	HOLD	98,2349	137,0107
2023-07-28	18:00	29218,91	29246,08	29195,4	29206,59	LONG	0,00167	5981,87	0,00451	HOLD	98,2349	136,9901
2023-07-28	19:00	29206,58	29327,37	29206,58	29306,01	LONG	0,00167	5981,87	0,00451	HOLD	98,2349	137,1562
2023-07-28	20:00	29306,01	29319	29251,81	29293,41	LONG	0,00167	5981,87	0,00451	HOLD	98,2349	137,1351
2023-07-28	21:00	29293,42	29518	29293,41	29487,41	LONG	0,00167	5981,87	0,00451	HOLD	98,2349	137,4591
2023-07-28	22:00	29487,41	29542,22	29353,99	29387,99	LONG	0,00167	5981,87	0,00451	HOLD	98,2349	137,2931
2023-07-28	23:00	29387,99	29399,98	29338	29361,41	LONG	0,00167	5981,87	0,00451	HOLD	98,2349	137,2487
2023-07-29	00:00	29361,4	29361,41	29194,05	29259,36	LONG	0,00167	5981,87	0,00451	HOLD	98,2349	137,0783
2023-07-29	01:00	29259,36	29332,11	29242,93	29309,15	LONG	0,00167	5981,87	0,00451	HOLD	98,2349	137,1614
2023-07-29	02:00	29309,16	29329,69	29285,7	29316	LONG	0,00167	5981,87	0,00451	HOLD	98,2349	137,1729
2023-07-29	03:00	29316	29339,66	29284,68	29338,48	LONG	0,00167	5981,87	0,00451	HOLD	98,2349	137,2104
2023-07-29	04:00	29338,48	29364,46	29303,01	29313,77	LONG	0,00167	5981,87	0,00451	HOLD	98,2349	137,1691
2023-07-29	05:00	29313,77	29315,61	29292	29292	LONG	0,00167	5981,87	0,00451	HOLD	98,2349	137,1328
2023-07-29	06:00	29292,01	29326	29290,01	29314,14	LONG	0,00167	5981,87	0,00451	HOLD	98,2349	137,1698
2023-07-29	07:00	29314,14	29344,58	29296	29325,84	LONG	0,00167	5981,87	0,00451	HOLD	98,2349	137,1893
2023-07-29	08:00	29325,83	29382,09	29323,25	29382,08	LONG	0,00167	5981,87	0,00451	HOLD	98,2349	137,2832
2023-07-29	09:00	29382,09	29396,15	29366,67	29379,08	LONG	0,00167	5981,87	0,00451	HOLD	98,2349	137,2782
2023-07-29	10:00	29379,08	29384	29365,12	29371,89	LONG	0,00167	5981,87	0,00451	HOLD	98,2349	137,2662
2023-07-29	11:00	29371,9	29406,92	29365,47	29380,91	LONG	0,00167	5981,87	0,00451	HOLD	98,2349	137,2813
2023-07-29	12:00	29380,92	29380,92	29345,01	29370,42	LONG	0,00167	5981,87	0,00451	HOLD	98,2349	137,2637
2023-07-29	13:00	29370,42	29370,42	29329,66	29345,29	LONG	0,00167	5981,87	0,00451	HOLD	98,2349	137,2218
2023-07-29	14:00	29345,3	29351,11	29295	29295,01	LONG	0,00167	5981,87	0,00451	HOLD	98,2349	137,1378
2023-07-29	15:00	29295	29330,55	29256,18	29295,44	LONG	0,00167	5981,87	0,00451	HOLD	98,2349	137,1385
2023-07-29	16:00	29295,44	29300,14	29265,73	29282	LONG	0,00167	5981,87	0,00451	HOLD	98,2349	137,1161
2023-07-29	17:00	29282	29294,24	29260,81	29282,01	LONG	0,00167	5981,87	0,00451	HOLD	98,2349	137,1161
2023-07-29	18:00	29282,01	29304	29267,15	29267,16	LONG	0,00167	5981,87	0,00451	HOLD	98,2349	137,0913
2023-07-29	19:00	29267,16	29335,25	29261,87	29294,01	LONG	0,00167	5981,87	0,00451	HOLD	98,2349	137,1361
2023-07-29	20:00	29294	29332,25	29289,29	29293,98	LONG	0,00167	5981,87	0,00451	HOLD	98,2349	137,1361
2023-07-29	21:00	29293,98	29316	29279,15	29282,74	LONG	0,00167	5981,87	0,00451	HOLD	98,2349	137,1173
2023-07-29	22:00	29282,75	29295,87	29282,74	29292,34	LONG	0,00167	5981,87	0,00451	HOLD	98,2349	137,1334
2023-07-29	23:00	29292,34	29308,46	29290,68	29308,46	LONG	0,00167	5981,87	0,00451	HOLD	98,2349	137,1603
2023-07-30	00:00	29308,46	29331,39	29297,26	29325,57	LONG	0,00167	5981,87	0,00451	HOLD	98,2349	137,1888
2023-07-30	01:00	29325,56	29331,1	29290,6	29307,51	LONG	0,00167	5981,87	0,00451	HOLD	98,2349	137,1587
2023-07-30	02:00	29307,52	29349,62	29307,51	29338,02	LONG	0,00167	5981,87	0,00451	HOLD	98,2349	137,2096
2023-07-30	03:00	29338,03	29380,92	29338,02	29355,23	LONG	0,00167	5981,87	0,00451	HOLD	98,2349	137,2384
2023-07-30	04:00	29355,23	29366,65	29346,94	29348,09	LONG	0,00167	5981,87	0,00451	HOLD	98,2349	137,2265
2023-07-30	05:00	29348,09	29366,56	29348	29352,36	LONG	0,00167	5981,87	0,00451	HOLD	98,2349	137,2336
2023-07-30	06:00	29352,35	29370,02	29352,34	29352,9	LONG	0,00167	5981,87	0,00451	HOLD	98,2349	137,2345
2023-07-30	07:00	29352,9	29352,92	29320,49	29348,83	LONG	0,00167	5981,87	0,00451	HOLD	98,2349	137,2277
2023-07-30	08:00	29348,82	29348,83	29324,6	29326,73	LONG	0,00167	5981,87	0,00451	HOLD	98,2349	137,1908
2023-07-30	09:00	29326,74	29326,74	29306,03	29313,34	LONG	0,00167	5981,87	0,00451	HOLD	98,2349	137,1684
2023-07-30	10:00	29313,35	29318,69	29313,34	29314,92	LONG	0,00167	5981,87	0,00451	HOLD	98,2349	137,1711
2023-07-30	11:00	29314,93	29327,43	29311,37	29325,31	LONG	0,00167	5981,87	0,00451	HOLD	98,2349	137,1884
2023-07-30	12:00	29325,3	29331,98	29312,16	29312,94	LONG	0,00167	5981,87	0,00451	HOLD	98,2349	137,1678
2023-07-30	13:00	29312,94	29312,94	29268,65	29286,98	LONG	0,00167	5981,87	0,00451	HOLD	98,2349	137,1244
2023-07-30	14:00	29286,99	29298,51	29278,61	29294,31	LONG	0,00167	5981,87	0,00451	HOLD	98,2349	137,1366
2023-07-30	15:00	29294,3	29306,37	29292,51	29292,52	LONG	0,00167	5981,87	0,00451	HOLD	98,2349	137,1337
2023-07-30	16:00	29292,52	29301,53	29277,71	29278	LONG	0,00167	5981,87	0,00451	HOLD	98,2349	137,1094
2023-07-30	17:00	29278	29287,6	29232,22	29278,32	LONG	0,00167	5981,87	0,00451	HOLD	98,2349	137,1099
2023-07-30	18:00	29278,32	29326,47	29256	29314	LONG	0,00167	5981,87	0,00451	HOLD	98,2349	137,1695
2023-07-30	19:00	29314	29329,85	29308,51	29324,01	LONG	0,00167	5981,87	0,00451	HOLD	98,2349	137,1862
2023-07-30	20:00	29324,01	29324,66	29278,38	29287,91	LONG	0,00167	5981,87	0,00451	HOLD	98,2349	137,126
2023-07-30	21:00	29287,92	29425	29287,91	29391,81	LONG	0,00167	5981,87	0,00451	HOLD	98,2349	137,2995
2023-07-30	22:00	29391,82	29449	29312,51	29349,37	LONG	0,00167	5981,87	0,00451	HOLD	98,2349	137,2286
2023-07-30	23:00	29349,36	29405,66	29326	29380,02	LONG	0,00167	5981,87	0,00451	HOLD	98,2349	137,2798
2023-07-31	00:00	29380,01	29399	29359,41	29396,52	LONG	0,00167	5981,87	0,00451	HOLD	98,2349	137,3073
2023-07-31	01:00	29396,52	29399,18	29353,26	29355,99	LONG	0,00167	5981,87	0,00451	HOLD	98,2349	137,2396
2023-07-31	02:00	29356	29366,01	29113,51	29202,28	LONG	0,00167	5981,87	0,00451	HOLD	98,2349	136,9829
2023-07-31	03:00	29202,28	29274,83	29033,24	29270,96	LONG	0,00167	5981,87	0,00451	HOLD	98,2349	137,0976
2023-07-31	04:00	29270,96	29270,96	29179,95	29213,87	LONG	0,00167	5981,87	0,00451	HOLD	98,2349	137,0023
2023-07-31	05:00	29213,86	29213,87	29150	29156	LONG	0,00167	5981,87	0,00451	HOLD	98,2349	136,9057
2023-07-31	06:00	29156	29284	29155,99	29281,09	LONG	0,00167	5981,87	0,00451	HOLD	98,2349	137,1146
2023-07-31	07:00	29281,09	29530	29264	29461,54	LONG	0,00167	5981,87	0,00451	HOLD	98,2349	137,4159
2023-07-31	08:00	29461,55	29488	29384,21	29451,99	LONG	0,00167	5981,87	0,00451	HOLD	98,2349	137,4
2023-07-31	09:00	29452	29496,66	29428,88	29464,53	LONG	0,00167	5981,87	0,00451	HOLD	98,2349	137,4209
2023-07-31	10:00	29464,54	29468	29409,46	29421,99	LONG	0,00167	5981,87	0,00451	HOLD	98,2349	137,3499
2023-07-31	11:00	29422	29433,16	29381,55	29404	LONG	0,00167	5981,87	0,00451	HOLD	98,2349	137,3198
2023-07-31	12:00	29404	29417,96	29360,66	29380,02	LONG	0,00167	5981,87	0,00451	HOLD	98,2349	137,2798
2023-07-31	13:00	29380,02	29443,68	29368,01	29411,23	LONG	0,00167	5981,87	0,00451	HOLD	98,2349	137,3319
2023-07-31	14:00	29411,22	29413,5	29372,17	29373,61	LONG	0,00167	5981,87	0,00451	HOLD	98,2349	137,2691
2023-07-31	15:00	29373,62	29420,06	29356,04	29391,3	LONG	0,00167	5981,87	0,00451	HOLD	98,2349	137,2986
2023-07-31	16:00	29391,3	29393,87	29332,32	29383,96	LONG	0,00167	5981,87	0,00451	HOLD	98,2349	137,2864
2023-07-31	17:00	29383,96	29410	29376,44	29389,85	LONG	0,00167	5981,87	0,00451	HOLD	98,2349	137,2962
2023-07-31	18:00	29389,85	29406	29384,98	29405,99	LONG	0,00167	5981,87	0,00451	HOLD	98,2349	137,3231
2023-07-31	19:00	29405,99	29473,97	29396	29472,5	LONG	0,00167	5981,87	0,00451	HOLD	98,2349	137,4342
2023-07-31	20:00	29472,5	29472,51	29312,59	29363,99	LONG	0,00167	5981,87	0,00451	HOLD	98,2349	137,253
2023-07-31	21:00	29364	29367,78	29269,43	29302,45	LONG	0,00167	5981,87	0,00451	HOLD	98,2349	137,1502
2023-07-31	22:00	29302,46	29342,59	29225,97	29247,98	LONG	0,00167	5981,87	0,00451	HOLD	98,2349	137,0593
2023-07-31	23:00	29247,99	29265,27	29179,44	29232,51	LONG	0,00167	5981,87	0,00451	HOLD	98,2349	137,0334
2023-08-01	00:00	29232,5	29274,99	29153	29215,99	LONG	0,00167	5981,87	0,00451	HOLD	98,2349	137,0058
2023-08-01	01:00	29216	29218,76	29150	29195,74	LONG	0,00167	5981,87	0,00451	HOLD	98,2349	136,972
2023-08-01	02:00	29195,74	29237,54	29101,8	29157,48	LONG	0,00167	5981,87	0,00451	HOLD	98,2349	136,9081
2023-08-01	03:00	29157,49	29257,99	29115,64	29208,27	LONG	0,00167	5981,87	0,00451	HOLD	98,2349	136,993
2023-08-01	04:00	29208,28	29295,24	29158,46	29243,31	LONG	0,00167	5981,87	0,00451	HOLD	98,2349	137,0515
2023-08-01	05:00	29243,32	29243,32	29201	29209,99	LONG	0,00167	5981,87	0,00451	HOLD	98,2349	136,9958
2023-08-01	06:00	29210	29240,5	29190	29232,25	LONG	0,00167	5981,87	0,00451	HOLD	98,2349	137,033
2023-08-01	07:00	29232,26	29288,2	29210,99	29283,96	LONG	0,00167	5981,87	0,00451	HOLD	98,2349	137,1194
2023-08-01	08:00	29283,96	29347,16	29169,37	29200,54	LONG	0,00167	5981,87	0,00451	HOLD	98,2349	136,98
2023-08-01	09:00	29200,53	29218,74	28720	28933,22	LONG	0,00167	5981,87	0,00451	HOLD	98,2349	136,5336
2023-08-01	10:00	28933,22	28951,12	28813,86	28835	LONG	0,00167	5981,87	0,00451	HOLD	98,2349	136,3696
2023-08-01	11:00	28835,01	28928,34	28803,5	28866	LONG	0,00167	5981,87	0,00451	HOLD	98,2349	136,4214
2023-08-01	12:00	28866	28922,7	28852	28920,03	LONG	0,00167	5981,87	0,00451	HOLD	98,2349	136,5116
2023-08-01	13:00	28920,02	28970,81	28908	28914,29	LONG	0,00167	5981,87	0,00451	HOLD	98,2349	136,502
2023-08-01	14:00	28914,29	28940,1	28899,7	28937,3	LONG	0,00167	5981,87	0,00451	HOLD	98,2349	136,5404
2023-08-01	15:00	28937,31	28994,91	28907,04	28994,91	LONG	0,00167	5981,87	0,00451	HOLD	98,2349	136,6366
2023-08-01	16:00	28994,91	28995,59	28926,82	28928,37	LONG	0,00167	5981,87	0,00451	HOLD	98,2349	136,5255
2023-08-01	17:00	28928,36	28946	28900	28928,01	LONG	0,00167	5981,87	0,00451	HOLD	98,2349	136,5249
2023-08-01	18:00	28928,02	28930,57	28862,18	28862,19	LONG	0,00167	5981,87	0,00451	HOLD	98,2349	136,415
2023-08-01	19:00	28862,19	28927,5	28753,74	28878,57	LONG	0,00167	5981,87	0,00451	HOLD	98,2349	136,4424
2023-08-01	20:00	28878,57	28912,91	28864	28869,02	LONG	0,00167	5981,87	0,00451	HOLD	98,2349	136,4264
2023-08-01	21:00	28869,02	28902,12	28800	28828,18	LONG	0,00167	5981,87	0,00451	HOLD	98,2349	136,3582
2023-08-01	22:00	28828,19	28980	28585,7	28954	LONG	0,00167	5981,87	0,00451	HOLD	98,2349	136,5683
2023-08-01	23:00	28953,99	29053	28864,01	28936	LONG	0,00167	5981,87	0,00451	HOLD	98,2349	136,5383
2023-08-02	00:00	28936,01	28988,74	28930,85	28954,01	LONG	0,00167	5981,87	0,00451	HOLD	98,2349	136,5683
2023-08-02	01:00	28954	29274,44	28954	29272	LONG	0,00167	5981,87	0,00451	HOLD	98,2349	137,0994
2023-08-02	02:00	29271,99	29335	29213,91	29274,41	LONG	0,00167	5981,87	0,00451	HOLD	98,2349	137,1034
2023-08-02	03:00	29274,42	29307,5	29180	29229,74	LONG	0,00167	5981,87	0,00451	HOLD	98,2349	137,0288
2023-08-02	04:00	29229,75	29312,5	29194,12	29244,86	LONG	0,00167	5981,87	0,00451	HOLD	98,2349	137,0541
2023-08-02	05:00	29244,87	29256,32	29199,65	29253,99	LONG	0,00167	5981,87	0,00451	HOLD	98,2349	137,0693
2023-08-02	06:00	29253,99	29739,25	29253,99	29705,99	LONG	0,00167	5981,87	0,00451	HOLD	98,2349	137,8241
2023-08-02	07:00	29705,99	29842,48	29682,01	29822,03	LONG	0,00167	5981,87	0,00451	HOLD	98,2349	138,0179
2023-08-02	08:00	29822,04	30047,5	29791,46	29844,88	LONG	0,00167	5981,87	0,00451	HOLD	98,2349	138,0561
2023-08-02	09:00	29844,89	29880	29788,73	29810,86	LONG	0,00167	5981,87	0,00451	HOLD	98,2349	137,9993
2023-08-02	10:00	29810,86	29818	29622,5	29632,96	LONG	0,00167	5981,87	0,00451	HOLD	98,2349	137,7022
2023-08-02	11:00	29632,96	29719,77	29582,04	29675,52	LONG	0,00167	5981,87	0,00451	HOLD	98,2349	137,7733
2023-08-02	12:00	29675,52	29675,52	29604,77	29649,99	LONG	0,00167	5981,87	0,00451	HOLD	98,2349	137,7306
2023-08-02	13:00	29650	29691,49	29567,45	29567,45	LONG	0,00167	5981,87	0,00451	HOLD	98,2349	137,5928
2023-08-02	14:00	29567,45	29647,87	29564	29577,26	LONG	0,00167	5981,87	0,00451	HOLD	98,2349	137,6092
2023-08-02	15:00	29577,25	29577,26	29378,62	29489,55	LONG	0,00167	5981,87	0,00451	HOLD	98,2349	137,4627
2023-08-02	16:00	29489,54	29501,43	29419,8	29453,52	LONG	0,00167	5981,87	0,00451	HOLD	98,2349	137,4025
2023-08-02	17:00	29453,52	29534,33	29442	29531,47	LONG	0,00167	5981,87	0,00451	HOLD	98,2349	137,5327
2023-08-02	18:00	29531,46	29571,38	29501,7	29562,49	LONG	0,00167	5981,87	0,00451	HOLD	98,2349	137,5845
2023-08-02	19:00	29562,49	29603,8	29465,25	29466,01	LONG	0,00167	5981,87	0,00451	HOLD	98,2349	137,4234
2023-08-02	20:00	29466,01	29467,72	29350	29412,04	LONG	0,00167	5981,87	0,00451	HOLD	98,2349	137,3332
2023-08-02	21:00	29412,04	29412,05	29253,33	29275,14	LONG	0,00167	5981,87	0,00451	HOLD	98,2349	137,1046
2023-08-02	22:00	29275,13	29362,45	29169,04	29321,4	LONG	0,00167	5981,87	0,00451	HOLD	98,2349	137,1819
2023-08-02	23:00	29321,39	29364	28927,5	29025,91	LONG	0,00167	5981,87	0,00451	HOLD	98,2349	136,6884
2023-08-03	00:00	29025,91	29254	28969,71	29148	LONG	0,00167	5981,87	0,00451	HOLD	98,2349	136,8923
2023-08-03	01:00	29148,01	29160	29030	29148,1	LONG	0,00167	5981,87	0,00451	HOLD	98,2349	136,8925
2023-08-03	02:00	29148,09	29209,15	29132,56	29151,56	LONG	0,00167	5981,87	0,00451	HOLD	98,2349	136,8982
2023-08-03	03:00	29151,57	29169,47	29106,34	29137,46	LONG	0,00167	5981,87	0,00451	HOLD	98,2349	136,8747
2023-08-03	04:00	29137,45	29204	29066,35	29179,56	LONG	0,00167	5981,87	0,00451	HOLD	98,2349	136,945
2023-08-03	05:00	29179,56	29233,06	29167,71	29186	LONG	0,00167	5981,87	0,00451	HOLD	98,2349	136,9558
2023-08-03	06:00	29186	29186,66	29134,16	29186,01	LONG	0,00167	5981,87	0,00451	HOLD	98,2349	136,9558
2023-08-03	07:00	29186	29225,01	29163,39	29170,68	LONG	0,00167	5981,87	0,00451	HOLD	98,2349	136,9302
2023-08-03	08:00	29170,68	29275,8	29159,96	29252	LONG	0,00167	5981,87	0,00451	HOLD	98,2349	137,066
2023-08-03	09:00	29251,99	29271,55	29126,34	29176,98	LONG	0,00167	5981,87	0,00451	HOLD	98,2349	136,9407
2023-08-03	10:00	29176,98	29182,44	29131	29182,14	LONG	0,00167	5981,87	0,00451	HOLD	98,2349	136,9493
2023-08-03	11:00	29182,13	29192	29082	29136,43	LONG	0,00167	5981,87	0,00451	HOLD	98,2349	136,873
2023-08-03	12:00	29136,43	29157,5	29092,36	29149	LONG	0,00167	5981,87	0,00451	HOLD	98,2349	136,894
2023-08-03	13:00	29149	29157,83	29044,04	29085,2	LONG	0,00167	5981,87	0,00451	HOLD	98,2349	136,7874
2023-08-03	14:00	29085,19	29104,53	29013,04	29044,17	LONG	0,00167	5981,87	0,00451	HOLD	98,2349	136,7189
2023-08-03	15:00	29044,16	29122,04	28968	29122,03	LONG	0,00167	5981,87	0,00451	HOLD	98,2349	136,8489
2023-08-03	16:00	29122,04	29163,32	29105,14	29154,11	LONG	0,00167	5981,87	0,00451	HOLD	98,2349	136,9025
2023-08-03	17:00	29154,12	29197,78	29149,23	29176	LONG	0,00167	5981,87	0,00451	HOLD	98,2349	136,9391
2023-08-03	18:00	29176,01	29191,99	29129,52	29146,01	LONG	0,00167	5981,87	0,00451	HOLD	98,2349	136,889
2023-08-03	19:00	29146,01	29163,31	29078,43	29106	LONG	0,00167	5981,87	0,00451	HOLD	98,2349	136,8222
2023-08-03	20:00	29105,99	29236,56	29105,99	29195,55	LONG	0,00167	5981,87	0,00451	HOLD	98,2349	136,9717
2023-08-03	21:00	29195,54	29427,33	29184,81	29392,57	LONG	0,00167	5981,87	0,00451	HOLD	98,2349	137,3007
2023-08-03	22:00	29392,58	29433,33	29204,07	29259,07	LONG	0,00167	5981,87	0,00451	HOLD	98,2349	137,0778
2023-08-03	23:00	29259,07	29330	29208,3	29302,55	LONG	0,00167	5981,87	0,00451	HOLD	98,2349	137,1504
2023-08-04	00:00	29302,55	29368,86	29228	29230,23	LONG	0,00167	5981,87	0,00451	HOLD	98,2349	137,0296
2023-08-04	01:00	29230,24	29271,03	29137,55	29269,76	LONG	0,00167	5981,87	0,00451	HOLD	98,2349	137,0956
2023-08-04	02:00	29269,76	29300	29220	29281,32	LONG	0,00167	5981,87	0,00451	HOLD	98,2349	137,1149
2023-08-04	03:00	29281,32	29361,14	29271,99	29304	LONG	0,00167	5981,87	0,00451	HOLD	98,2349	137,1528
2023-08-04	04:00	29304	29338	29230,73	29253,91	LONG	0,00167	5981,87	0,00451	HOLD	98,2349	137,0692
2023-08-04	05:00	29253,91	29269,31	29165,46	29235,25	LONG	0,00167	5981,87	0,00451	HOLD	98,2349	137,038
2023-08-04	06:00	29235,25	29238,93	29193,64	29193,64	LONG	0,00167	5981,87	0,00451	HOLD	98,2349	136,9685
2023-08-04	07:00	29193,65	29251,68	29166,66	29232,94	LONG	0,00167	5981,87	0,00451	HOLD	98,2349	137,0342
2023-08-04	08:00	29232,95	29234	29191,04	29198,15	LONG	0,00167	5981,87	0,00451	HOLD	98,2349	136,9761
2023-08-04	09:00	29198,15	29209,91	29100	29166	LONG	0,00167	5981,87	0,00451	HOLD	98,2349	136,9224
2023-08-04	10:00	29166	29178,7	29136,17	29161,29	LONG	0,00167	5981,87	0,00451	HOLD	98,2349	136,9145
2023-08-04	11:00	29161,28	29209,21	29134,7	29205,98	LONG	0,00167	5981,87	0,00451	HOLD	98,2349	136,9891
2023-08-04	12:00	29205,98	29250,84	29198,7	29240,84	LONG	0,00167	5981,87	0,00451	HOLD	98,2349	137,0473
2023-08-04	13:00	29240,83	29253,02	29183,05	29196	LONG	0,00167	5981,87	0,00451	HOLD	98,2349	136,9725
2023-08-04	14:00	29195,99	29212,92	29168	29212,92	LONG	0,00167	5981,87	0,00451	HOLD	98,2349	137,0007
2023-08-04	15:00	29212,91	29263,52	29176,29	29186,27	LONG	0,00167	5981,87	0,00451	HOLD	98,2349	136,9562
2023-08-04	16:00	29186,28	29224,54	29175	29200,13	LONG	0,00167	5981,87	0,00451	HOLD	98,2349	136,9794
2023-08-04	17:00	29200,12	29200,13	29150	29161,91	LONG	0,00167	5981,87	0,00451	HOLD	98,2349	136,9155
2023-08-04	18:00	29161,91	29183,53	29137	29167,51	LONG	0,00167	5981,87	0,00451	HOLD	98,2349	136,9249
2023-08-04	19:00	29167,51	29263,17	29130	29222,53	LONG	0,00167	5981,87	0,00451	HOLD	98,2349	137,0168
2023-08-04	20:00	29222,54	29333,08	29208,27	29240,72	LONG	0,00167	5981,87	0,00451	HOLD	98,2349	137,0471
2023-08-04	21:00	29240,73	29286	29163,68	29257,13	LONG	0,00167	5981,87	0,00451	HOLD	98,2349	137,0745
2023-08-04	22:00	29257,12	29301,23	29232	29274,28	LONG	0,00167	5981,87	0,00451	HOLD	98,2349	137,1032
2023-08-04	23:00	29274,28	29286,7	29250,7	29265,38	LONG	0,00167	5981,87	0,00451	HOLD	98,2349	137,0883
2023-08-05	00:00	29265,39	29269,24	29197,2	29200,01	LONG	0,00167	5981,87	0,00451	HOLD	98,2349	136,9792
2023-08-05	01:00	29200,01	29200,01	28950	29062,51	LONG	0,00167	5981,87	0,00451	HOLD	98,2349	136,7495
2023-08-05	02:00	29062,5	29104,99	29015,01	29032,06	LONG	0,00167	5981,87	0,00451	HOLD	98,2349	136,6987
2023-08-05	03:00	29032,05	29081,59	28807,54	28967,51	LONG	0,00167	5981,87	0,00451	HOLD	98,2349	136,5909
2023-08-05	04:00	28967,5	29105,27	28958,18	29056,36	LONG	0,00167	5981,87	0,00451	HOLD	98,2349	136,7393
2023-08-05	05:00	29056,37	29094,99	29056,36	29057,62	LONG	0,00167	5981,87	0,00451	HOLD	98,2349	136,7414
2023-08-05	06:00	29057,62	29130,35	29056,67	29113,99	LONG	0,00167	5981,87	0,00451	HOLD	98,2349	136,8355
2023-08-05	07:00	29114	29152,23	29097,17	29118,48	LONG	0,00167	5981,87	0,00451	HOLD	98,2349	136,843
2023-08-05	08:00	29118,47	29130	29065,11	29075,79	LONG	0,00167	5981,87	0,00451	HOLD	98,2349	136,7717
2023-08-05	09:00	29075,79	29102,37	29074	29086,05	LONG	0,00167	5981,87	0,00451	HOLD	98,2349	136,7888
2023-08-05	10:00	29086,04	29102,45	29082,25	29094,53	LONG	0,00167	5981,87	0,00451	HOLD	98,2349	136,803
2023-08-05	11:00	29094,52	29096,23	29035	29056,01	LONG	0,00167	5981,87	0,00451	HOLD	98,2349	136,7387
2023-08-05	12:00	29056,01	29096,24	29045,28	29096,2	LONG	0,00167	5981,87	0,00451	HOLD	98,2349	136,8058
2023-08-05	13:00	29096,2	29097,72	29064,22	29066,84	LONG	0,00167	5981,87	0,00451	HOLD	98,2349	136,7568
2023-08-05	14:00	29066,83	29069,18	29046,22	29052,81	LONG	0,00167	5981,87	0,00451	HOLD	98,2349	136,7333
2023-08-05	15:00	29052,81	29090,39	29044,37	29088,39	LONG	0,00167	5981,87	0,00451	HOLD	98,2349	136,7928
2023-08-05	16:00	29088,38	29088,39	29058,05	29058,06	LONG	0,00167	5981,87	0,00451	HOLD	98,2349	136,7421
2023-08-05	17:00	29058,06	29077,5	29046,04	29058	LONG	0,00167	5981,87	0,00451	HOLD	98,2349	136,742
2023-08-05	18:00	29058	29080	29048	29048	LONG	0,00167	5981,87	0,00451	HOLD	98,2349	136,7253
2023-08-05	19:00	29048,01	29052,84	28978,64	29014,77	LONG	0,00167	5981,87	0,00451	HOLD	98,2349	136,6698
2023-08-05	20:00	29014,77	29034	28997,03	29026,26	LONG	0,00167	5981,87	0,00451	HOLD	98,2349	136,689
2023-08-05	21:00	29026,26	29082,13	29026,25	29068,19	LONG	0,00167	5981,87	0,00451	HOLD	98,2349	136,759
2023-08-05	22:00	29068,18	29076,75	29014	29041,49	LONG	0,00167	5981,87	0,00451	HOLD	98,2349	136,7144
2023-08-05	23:00	29041,49	29049,37	29009,37	29032,73	LONG	0,00167	5981,87	0,00451	HOLD	98,2349	136,6998
2023-08-06	00:00	29032,72	29069,83	29031,39	29063,99	LONG	0,00167	5981,87	0,00451	HOLD	98,2349	136,752
2023-08-06	01:00	29064	29099	29060,19	29076,86	LONG	0,00167	5981,87	0,00451	HOLD	98,2349	136,7735
2023-08-06	02:00	29076,86	29088,58	29066	29067,35	LONG	0,00167	5981,87	0,00451	HOLD	98,2349	136,7576
2023-08-06	03:00	29067,36	29076,4	29052,5	29053,73	LONG	0,00167	5981,87	0,00451	HOLD	98,2349	136,7349
2023-08-06	04:00	29053,72	29083	29053,72	29073,45	LONG	0,00167	5981,87	0,00451	HOLD	98,2349	136,7678
2023-08-06	05:00	29073,44	29092,38	29064,76	29090,6	LONG	0,00167	5981,87	0,00451	HOLD	98,2349	136,7964
2023-08-06	06:00	29090,59	29090,6	29072,12	29072,13	LONG	0,00167	5981,87	0,00451	HOLD	98,2349	136,7656
2023-08-06	07:00	29072,13	29072,13	29058	29067,5	LONG	0,00167	5981,87	0,00451	HOLD	98,2349	136,7579
2023-08-06	08:00	29067,5	29067,51	29036,56	29038,43	LONG	0,00167	5981,87	0,00451	HOLD	98,2349	136,7093
2023-08-06	09:00	29038,43	29078,95	29036	29068,58	LONG	0,00167	5981,87	0,00451	HOLD	98,2349	136,7597
2023-08-06	10:00	29068,59	29068,86	29055	29063,99	LONG	0,00167	5981,87	0,00451	HOLD	98,2349	136,752
2023-08-06	11:00	29064	29080	29062,26	29073,84	LONG	0,00167	5981,87	0,00451	HOLD	98,2349	136,7685
2023-08-06	12:00	29073,84	29103,26	29073,83	29103,25	LONG	0,00167	5981,87	0,00451	HOLD	98,2349	136,8176
2023-08-06	13:00	29103,25	29105,51	29045,96	29070,18	LONG	0,00167	5981,87	0,00451	HOLD	98,2349	136,7623
2023-08-06	14:00	29070,18	29107,48	29068	29092,68	LONG	0,00167	5981,87	0,00451	HOLD	98,2349	136,7999
2023-08-06	15:00	29092,68	29142	29092,67	29112,25	LONG	0,00167	5981,87	0,00451	HOLD	98,2349	136,8326
2023-08-06	16:00	29112,24	29112,25	29074	29083,59	LONG	0,00167	5981,87	0,00451	HOLD	98,2349	136,7847
2023-08-06	17:00	29083,58	29083,59	29047,82	29070	LONG	0,00167	5981,87	0,00451	HOLD	98,2349	136,762
2023-08-06	18:00	29070	29079,92	29063,49	29078,01	LONG	0,00167	5981,87	0,00451	HOLD	98,2349	136,7754
2023-08-06	19:00	29078,01	29078,01	29028,71	29033,13	LONG	0,00167	5981,87	0,00451	HOLD	98,2349	136,7005
2023-08-06	20:00	29033,14	29039,01	29014,08	29016,01	LONG	0,00167	5981,87	0,00451	HOLD	98,2349	136,6719
2023-08-06	21:00	29016,01	29061,81	28991,88	29038	LONG	0,00167	5981,87	0,00451	HOLD	98,2349	136,7086
2023-08-06	22:00	29038	29051,99	29001	29012,93	LONG	0,00167	5981,87	0,00451	HOLD	98,2349	136,6667
2023-08-06	23:00	29012,92	29089,99	29000,52	29089,31	LONG	0,00167	5981,87	0,00451	HOLD	98,2349	136,7943
2023-08-07	00:00	29089,3	29097,5	29052,43	29088,54	LONG	0,00167	5981,87	0,00451	HOLD	98,2349	136,793
2023-08-07	01:00	29088,55	29102,91	29074,03	29087,82	LONG	0,00167	5981,87	0,00451	HOLD	98,2349	136,7918
2023-08-07	02:00	29087,82	29100	29076	29088	LONG	0,00167	5981,87	0,00451	HOLD	98,2349	136,7921
2023-08-07	03:00	29088	29170	29076,69	29135,78	LONG	0,00167	5981,87	0,00451	HOLD	98,2349	136,8719
2023-08-07	04:00	29135,78	29205,09	29038,13	29086,58	LONG	0,00167	5981,87	0,00451	HOLD	98,2349	136,7897
2023-08-07	05:00	29086,57	29160	29058,97	29100	LONG	0,00167	5981,87	0,00451	HOLD	98,2349	136,8121
2023-08-07	06:00	29100	29101,05	29072,82	29088,42	LONG	0,00167	5981,87	0,00451	HOLD	98,2349	136,7928
2023-08-07	07:00	29088,43	29096	29018,25	29055,99	LONG	0,00167	5981,87	0,00451	HOLD	98,2349	136,7386
2023-08-07	08:00	29055,98	29205	29055,98	29145,4	LONG	0,00167	5981,87	0,00451	HOLD	98,2349	136,888
2023-08-07	09:00	29145,39	29229,62	29122,01	29197	LONG	0,00167	5981,87	0,00451	HOLD	98,2349	136,9741
2023-08-07	10:00	29197	29210,76	29149,02	29162,67	LONG	0,00167	5981,87	0,00451	HOLD	98,2349	136,9168
2023-08-07	11:00	29162,66	29197,82	29157,42	29183,27	LONG	0,00167	5981,87	0,00451	HOLD	98,2349	136,9512
2023-08-07	12:00	29183,27	29183,27	29125,05	29127,62	LONG	0,00167	5981,87	0,00451	HOLD	98,2349	136,8583
2023-08-07	13:00	29127,62	29127,62	29050,77	29052	LONG	0,00167	5981,87	0,00451	HOLD	98,2349	136,732
2023-08-07	14:00	29052	29110,57	29051,99	29094,09	LONG	0,00167	5981,87	0,00451	HOLD	98,2349	136,8023
2023-08-07	15:00	29094,09	29094,1	29056	29063,01	LONG	0,00167	5981,87	0,00451	HOLD	98,2349	136,7504
2023-08-07	16:00	29063	29095,88	29045,14	29092,01	LONG	0,00167	5981,87	0,00451	HOLD	98,2349	136,7988
2023-08-07	17:00	29092	29153,86	29085,2	29143,23	LONG	0,00167	5981,87	0,00451	HOLD	98,2349	136,8843
2023-08-07	18:00	29143,23	29143,23	29088,18	29091,44	LONG	0,00167	5981,87	0,00451	HOLD	98,2349	136,7978
2023-08-07	19:00	29091,44	29150	29034,78	29079,25	LONG	0,00167	5981,87	0,00451	HOLD	98,2349	136,7775
2023-08-07	20:00	29079,25	29089,9	29030	29030,51	LONG	0,00167	5981,87	0,00451	HOLD	98,2349	136,6961
2023-08-07	21:00	29030,5	29074,56	28964,65	29023,99	LONG	0,00167	5981,87	0,00451	HOLD	98,2349	136,6852
2023-08-07	22:00	29024	29027,07	28788,73	28858,44	LONG	0,00167	5981,87	0,00451	HOLD	98,2349	136,4087
2023-08-07	23:00	28858,45	28976,04	28701,03	28938	LONG	0,00167	5981,87	0,00451	HOLD	98,2349	136,5416
2023-08-08	00:00	28937,99	28989,99	28868	28981,32	LONG	0,00167	5981,87	0,00451	HOLD	98,2349	136,6139
2023-08-08	01:00	28981,31	29186,74	28973,03	29094,43	LONG	0,00167	5981,87	0,00451	HOLD	98,2349	136,8028
2023-08-08	02:00	29094,42	29154,92	29050,78	29154,91	LONG	0,00167	5981,87	0,00451	HOLD	98,2349	136,9038
2023-08-08	03:00	29154,91	29199	29121,12	29198,99	LONG	0,00167	5981,87	0,00451	HOLD	98,2349	136,9775
2023-08-08	04:00	29199	29276,78	29135,82	29196,42	LONG	0,00167	5981,87	0,00451	HOLD	98,2349	136,9732
2023-08-08	05:00	29196,42	29205	29165,9	29181,18	LONG	0,00167	5981,87	0,00451	HOLD	98,2349	136,9477
2023-08-08	06:00	29181,19	29216	29163,48	29211,06	LONG	0,00167	5981,87	0,00451	HOLD	98,2349	136,9976
2023-08-08	07:00	29211,06	29260,1	29187,35	29260,1	LONG	0,00167	5981,87	0,00451	HOLD	98,2349	137,0795
2023-08-08	08:00	29260,09	29260,1	29147,38	29151,86	LONG	0,00167	5981,87	0,00451	HOLD	98,2349	136,8987
2023-08-08	09:00	29151,85	29205,05	29146,45	29173,04	LONG	0,00167	5981,87	0,00451	HOLD	98,2349	136,9341
2023-08-08	10:00	29173,03	29208,32	29173,03	29195,08	LONG	0,00167	5981,87	0,00451	HOLD	98,2349	136,9709
2023-08-08	11:00	29195,09	29233	29181,81	29225,63	LONG	0,00167	5981,87	0,00451	HOLD	98,2349	137,0219
2023-08-08	12:00	29225,62	29331,24	29225,62	29249,12	LONG	0,00167	5981,87	0,00451	HOLD	98,2349	137,0612
2023-08-08	13:00	29249,13	29272	29222,33	29224,01	LONG	0,00167	5981,87	0,00451	HOLD	98,2349	137,0192
2023-08-08	14:00	29224	29233,31	29185,43	29187,62	LONG	0,00167	5981,87	0,00451	HOLD	98,2349	136,9585
2023-08-08	15:00	29187,62	29204	29182	29182,01	LONG	0,00167	5981,87	0,00451	HOLD	98,2349	136,9491
2023-08-08	16:00	29182,01	29217,59	29171,47	29204	LONG	0,00167	5981,87	0,00451	HOLD	98,2349	136,9858
2023-08-08	17:00	29204	29318,6	29200,82	29300,21	LONG	0,00167	5981,87	0,00451	HOLD	98,2349	137,1465
2023-08-08	18:00	29300,21	29441,96	29285	29438,63	LONG	0,00167	5981,87	0,00451	HOLD	98,2349	137,3777
2023-08-08	19:00	29438,63	29600	29363,14	29578,57	LONG	0,00167	5981,87	0,00451	HOLD	98,2349	137,6114
2023-08-08	20:00	29578,56	29674,7	29354	29362,45	LONG	0,00167	5981,87	0,00451	HOLD	98,2349	137,2504
2023-08-08	21:00	29362,46	29540	29362,45	29439,12	LONG	0,00167	5981,87	0,00451	HOLD	98,2349	137,3785
2023-08-08	22:00	29439,12	29600,99	29436,7	29535,39	LONG	0,00167	5981,87	0,00451	HOLD	98,2349	137,5392
2023-08-08	23:00	29535,38	29836	29535,38	29748	LONG	0,00167	5981,87	0,00451	HOLD	98,2349	137,8943
2023-08-09	00:00	29748	29876,74	29696	29808,56	LONG	0,00167	5981,87	0,00451	HOLD	98,2349	137,9954
2023-08-09	01:00	29808,56	29950	29759,45	29847,49	LONG	0,00167	5981,87	0,00451	HOLD	98,2349	138,0605
2023-08-09	02:00	29847,49	29944,82	29834	29884,24	LONG	0,00167	5981,87	0,00451	HOLD	98,2349	138,1218
2023-08-09	03:00	29884,23	29999	29841,8	29980	LONG	0,00167	5981,87	0,00451	HOLD	98,2349	138,2817
2023-08-09	04:00	29979,99	30244	29816,41	29854,98	LONG	0,00167	5981,87	0,00451	HOLD	98,2349	138,073
2023-08-09	05:00	29854,97	29882,04	29685,76	29768,01	LONG	0,00167	5981,87	0,00451	HOLD	98,2349	137,9277
2023-08-09	06:00	29768,01	29821,99	29760	29770,42	LONG	0,00167	5981,87	0,00451	HOLD	98,2349	137,9317
2023-08-09	07:00	29770,41	29864,35	29770,41	29782,01	LONG	0,00167	5981,87	0,00451	HOLD	98,2349	137,9511
2023-08-09	08:00	29782,01	29883,1	29762,4	29853,15	LONG	0,00167	5981,87	0,00451	HOLD	98,2349	138,0699
2023-08-09	09:00	29853,15	29866,2	29613	29692,19	LONG	0,00167	5981,87	0,00451	HOLD	98,2349	137,8011
2023-08-09	10:00	29692,18	29744,88	29676,68	29716,01	LONG	0,00167	5981,87	0,00451	HOLD	98,2349	137,8409
2023-08-09	11:00	29716	29766,41	29705,13	29762,1	LONG	0,00167	5981,87	0,00451	HOLD	98,2349	137,9178
2023-08-09	12:00	29762,1	29786,34	29733,75	29735,98	LONG	0,00167	5981,87	0,00451	HOLD	98,2349	137,8742
2023-08-09	13:00	29735,98	29740,15	29673,34	29725,52	LONG	0,00167	5981,87	0,00451	HOLD	98,2349	137,8568
2023-08-09	14:00	29725,51	29821,29	29718,94	29818	LONG	0,00167	5981,87	0,00451	HOLD	98,2349	138,0112
2023-08-09	15:00	29818,01	29844,4	29775	29836,4	LONG	0,00167	5981,87	0,00451	HOLD	98,2349	138,0419
2023-08-09	16:00	29836,39	29836,4	29779,13	29781,78	LONG	0,00167	5981,87	0,00451	HOLD	98,2349	137,9507
2023-08-09	17:00	29781,77	29854,71	29740,01	29842,45	LONG	0,00167	5981,87	0,00451	HOLD	98,2349	138,052
2023-08-09	18:00	29842,45	29914,19	29795,2	29888,32	LONG	0,00167	5981,87	0,00451	HOLD	98,2349	138,1286
2023-08-09	19:00	29888,32	30094,4	29866,01	30076,32	LONG	0,00167	5981,87	0,00451	HOLD	98,2349	138,4426
2023-08-09	20:00	30076,33	30160	29864,35	29886,73	LONG	0,00167	5981,87	0,00451	HOLD	98,2349	138,126
2023-08-09	21:00	29886,72	29947,22	29755,4	29755,4	LONG	0,00167	5981,87	0,00451	HOLD	98,2349	137,9067
2023-08-09	22:00	29755,41	29796,2	29676,86	29761,7	LONG	0,00167	5981,87	0,00451	HOLD	98,2349	137,9172
2023-08-09	23:00	29761,7	29774	29513,41	29513,42	LONG	0,00167	5981,87	0,00451	HOLD	98,2349	137,5026
2023-08-10	00:00	29513,41	29594,22	29443,22	29515,27	LONG	0,00167	5981,87	0,00451	HOLD	98,2349	137,5056
2023-08-10	01:00	29515,27	29586,95	29452,9	29525,01	LONG	0,00167	5981,87	0,00451	HOLD	98,2349	137,5219
2023-08-10	02:00	29525,01	29550	29396,95	29416,22	LONG	0,00167	5981,87	0,00451	HOLD	98,2349	137,3402
2023-08-10	03:00	29416,21	29513,81	29376,67	29500,33	LONG	0,00167	5981,87	0,00451	HOLD	98,2349	137,4807
2023-08-10	04:00	29500,33	29559,9	29440	29526,89	LONG	0,00167	5981,87	0,00451	HOLD	98,2349	137,525
2023-08-10	05:00	29526,88	29601,92	29516,98	29601,91	LONG	0,00167	5981,87	0,00451	HOLD	98,2349	137,6503
2023-08-10	06:00	29601,92	29626	29566,49	29581,99	LONG	0,00167	5981,87	0,00451	HOLD	98,2349	137,6171
2023-08-10	07:00	29581,99	29639,99	29566,67	29620	LONG	0,00167	5981,87	0,00451	HOLD	98,2349	137,6805
2023-08-10	08:00	29620	29660,06	29576,97	29608,68	LONG	0,00167	5981,87	0,00451	HOLD	98,2349	137,6616
2023-08-10	09:00	29608,67	29644,33	29582,3	29582,3	LONG	0,00167	5981,87	0,00451	HOLD	98,2349	137,6176
2023-08-10	10:00	29582,3	29620	29566,66	29582,63	LONG	0,00167	5981,87	0,00451	HOLD	98,2349	137,6181
2023-08-10	11:00	29582,63	29582,63	29536,1	29542,05	LONG	0,00167	5981,87	0,00451	HOLD	98,2349	137,5504
2023-08-10	12:00	29542,04	29616,98	29510,44	29585,84	LONG	0,00167	5981,87	0,00451	HOLD	98,2349	137,6235
2023-08-10	13:00	29585,85	29609,68	29513,43	29517,33	LONG	0,00167	5981,87	0,00451	HOLD	98,2349	137,5091
2023-08-10	14:00	29517,33	29567,69	29491,11	29512	LONG	0,00167	5981,87	0,00451	HOLD	98,2349	137,5002
2023-08-10	15:00	29511,99	29534,88	29492,58	29519,2	LONG	0,00167	5981,87	0,00451	HOLD	98,2349	137,5122
2023-08-10	16:00	29519,19	29554	29476	29534,16	LONG	0,00167	5981,87	0,00451	HOLD	98,2349	137,5372
2023-08-10	17:00	29534,15	29559,98	29512,77	29552,86	LONG	0,00167	5981,87	0,00451	HOLD	98,2349	137,5684
2023-08-10	18:00	29552,86	29557,31	29486	29504,01	LONG	0,00167	5981,87	0,00451	HOLD	98,2349	137,4868
2023-08-10	19:00	29504,01	29635,29	29489	29560,97	LONG	0,00167	5981,87	0,00451	HOLD	98,2349	137,582
2023-08-10	20:00	29560,97	29692,85	29523,87	29680,11	LONG	0,00167	5981,87	0,00451	HOLD	98,2349	137,7809
2023-08-10	21:00	29680,1	29738	29400	29495,76	LONG	0,00167	5981,87	0,00451	HOLD	98,2349	137,4731
2023-08-10	22:00	29495,76	29531,25	29435,75	29466	LONG	0,00167	5981,87	0,00451	HOLD	98,2349	137,4234
2023-08-10	23:00	29465,99	29478,07	29385	29431,15	LONG	0,00167	5981,87	0,00451	HOLD	98,2349	137,3652
2023-08-11	00:00	29431,16	29462	29320,2	29412,75	LONG	0,00167	5981,87	0,00451	HOLD	98,2349	137,3344
2023-08-11	01:00	29412,74	29475,24	29396,76	29436	LONG	0,00167	5981,87	0,00451	HOLD	98,2349	137,3733
2023-08-11	02:00	29436	29449,99	29384,89	29444,52	LONG	0,00167	5981,87	0,00451	HOLD	98,2349	137,3875
2023-08-11	03:00	29444,52	29488,29	29422,71	29453,45	LONG	0,00167	5981,87	0,00451	HOLD	98,2349	137,4024
2023-08-11	04:00	29453,44	29471,3	29449,47	29466,07	LONG	0,00167	5981,87	0,00451	HOLD	98,2349	137,4235
2023-08-11	05:00	29466,06	29481,89	29446,72	29465,01	LONG	0,00167	5981,87	0,00451	HOLD	98,2349	137,4217
2023-08-11	06:00	29465,01	29469	29450	29455,75	LONG	0,00167	5981,87	0,00451	HOLD	98,2349	137,4062
2023-08-11	07:00	29455,76	29498,17	29450	29481,66	LONG	0,00167	5981,87	0,00451	HOLD	98,2349	137,4495
2023-08-11	08:00	29481,65	29491,28	29440,11	29450,01	LONG	0,00167	5981,87	0,00451	HOLD	98,2349	137,3967
2023-08-11	09:00	29450	29450,01	29352,47	29373,02	LONG	0,00167	5981,87	0,00451	HOLD	98,2349	137,2681
2023-08-11	10:00	29373,01	29433	29355,23	29412	LONG	0,00167	5981,87	0,00451	HOLD	98,2349	137,3332
2023-08-11	11:00	29412	29432	29407,23	29416,82	LONG	0,00167	5981,87	0,00451	HOLD	98,2349	137,3412
2023-08-11	12:00	29416,81	29461,58	29380,04	29461,57	LONG	0,00167	5981,87	0,00451	HOLD	98,2349	137,416
2023-08-11	13:00	29461,57	29473,73	29430	29462,01	LONG	0,00167	5981,87	0,00451	HOLD	98,2349	137,4167
2023-08-11	14:00	29462	29490	29417,27	29417,28	LONG	0,00167	5981,87	0,00451	HOLD	98,2349	137,342
2023-08-11	15:00	29417,28	29452,33	29406,91	29413,22	LONG	0,00167	5981,87	0,00451	HOLD	98,2349	137,3352
2023-08-11	16:00	29413,22	29415,59	29382	29386,42	LONG	0,00167	5981,87	0,00451	HOLD	98,2349	137,2905
2023-08-11	17:00	29386,42	29427,47	29350	29393,28	LONG	0,00167	5981,87	0,00451	HOLD	98,2349	137,3019
2023-08-11	18:00	29393,27	29447,14	29393,27	29445,96	LONG	0,00167	5981,87	0,00451	HOLD	98,2349	137,3899
2023-08-11	19:00	29445,96	29460	29397,5	29425,99	LONG	0,00167	5981,87	0,00451	HOLD	98,2349	137,3565
2023-08-11	20:00	29425,99	29472,84	29419,64	29470,71	LONG	0,00167	5981,87	0,00451	HOLD	98,2349	137,4312
2023-08-11	21:00	29470,71	29564,52	29464,78	29495,44	LONG	0,00167	5981,87	0,00451	HOLD	98,2349	137,4725
2023-08-11	22:00	29495,44	29524,89	29354	29395,89	LONG	0,00167	5981,87	0,00451	HOLD	98,2349	137,3063
2023-08-11	23:00	29395,9	29431,03	29252,45	29361,77	LONG	0,00167	5981,87	0,00451	HOLD	98,2349	137,2493
2023-08-12	00:00	29361,77	29397,36	29323	29340,4	LONG	0,00167	5981,87	0,00451	HOLD	98,2349	137,2136
2023-08-12	01:00	29340,39	29377,6	29330,83	29376,19	LONG	0,00167	5981,87	0,00451	HOLD	98,2349	137,2734
2023-08-12	02:00	29376,2	29416,65	29350,67	29396,76	LONG	0,00167	5981,87	0,00451	HOLD	98,2349	137,3077
2023-08-12	03:00	29396,76	29429	29396,76	29420,22	LONG	0,00167	5981,87	0,00451	HOLD	98,2349	137,3469
2023-08-12	04:00	29420,22	29444,73	29405,19	29410,05	LONG	0,00167	5981,87	0,00451	HOLD	98,2349	137,3299
2023-08-12	05:00	29410,04	29439,69	29404,39	29434,56	LONG	0,00167	5981,87	0,00451	HOLD	98,2349	137,3709
2023-08-12	06:00	29434,57	29440	29405,99	29426,03	LONG	0,00167	5981,87	0,00451	HOLD	98,2349	137,3566
2023-08-12	07:00	29426,02	29454,75	29406,26	29454,73	LONG	0,00167	5981,87	0,00451	HOLD	98,2349	137,4045
2023-08-12	08:00	29454,72	29460,73	29400,64	29405,25	LONG	0,00167	5981,87	0,00451	HOLD	98,2349	137,3219
2023-08-12	09:00	29405,24	29414,67	29391,45	29391,46	LONG	0,00167	5981,87	0,00451	HOLD	98,2349	137,2989
2023-08-12	10:00	29391,46	29405	29381,56	29402,07	LONG	0,00167	5981,87	0,00451	HOLD	98,2349	137,3166
2023-08-12	11:00	29402,06	29425,96	29402,06	29418,23	LONG	0,00167	5981,87	0,00451	HOLD	98,2349	137,3436
2023-08-12	12:00	29418,22	29419,1	29405,34	29405,34	LONG	0,00167	5981,87	0,00451	HOLD	98,2349	137,3221
2023-08-12	13:00	29405,34	29416,87	29384,82	29416,86	LONG	0,00167	5981,87	0,00451	HOLD	98,2349	137,3413
2023-08-12	14:00	29416,86	29426,68	29401,46	29421,49	LONG	0,00167	5981,87	0,00451	HOLD	98,2349	137,349
2023-08-12	15:00	29421,48	29426,54	29390,57	29392,99	LONG	0,00167	5981,87	0,00451	HOLD	98,2349	137,3014
2023-08-12	16:00	29392,99	29419,61	29392,98	29417,61	LONG	0,00167	5981,87	0,00451	HOLD	98,2349	137,3426
2023-08-12	17:00	29417,6	29434,35	29417,59	29434,35	LONG	0,00167	5981,87	0,00451	HOLD	98,2349	137,3705
2023-08-12	18:00	29434,35	29434,35	29415,6	29429,85	LONG	0,00167	5981,87	0,00451	HOLD	98,2349	137,363
2023-08-12	19:00	29429,85	29429,85	29415,55	29428,8	LONG	0,00167	5981,87	0,00451	HOLD	98,2349	137,3612
2023-08-12	20:00	29428,8	29428,8	29408,28	29408,8	LONG	0,00167	5981,87	0,00451	HOLD	98,2349	137,3278
2023-08-12	21:00	29408,81	29450	29408,8	29449,98	LONG	0,00167	5981,87	0,00451	HOLD	98,2349	137,3966
2023-08-12	22:00	29449,99	29458,1	29438,81	29438,81	LONG	0,00167	5981,87	0,00451	HOLD	98,2349	137,378
2023-08-12	23:00	29438,81	29481,35	29438,81	29456,74	LONG	0,00167	5981,87	0,00451	HOLD	98,2349	137,4079
2023-08-13	00:00	29456,75	29457,56	29430,11	29430,11	LONG	0,00167	5981,87	0,00451	HOLD	98,2349	137,3634
2023-08-13	01:00	29430,11	29436,25	29418,54	29429,11	LONG	0,00167	5981,87	0,00451	HOLD	98,2349	137,3618
2023-08-13	02:00	29429,12	29429,12	29411,58	29416,16	LONG	0,00167	5981,87	0,00451	HOLD	98,2349	137,3401
2023-08-13	03:00	29416,17	29426,87	29416,16	29420,38	LONG	0,00167	5981,87	0,00451	HOLD	98,2349	137,3472
2023-08-13	04:00	29420,38	29420,39	29400	29417,38	LONG	0,00167	5981,87	0,00451	HOLD	98,2349	137,3422
2023-08-13	05:00	29417,38	29431,08	29417,38	29426,5	LONG	0,00167	5981,87	0,00451	HOLD	98,2349	137,3574
2023-08-13	06:00	29426,5	29433,16	29426,49	29430,17	LONG	0,00167	5981,87	0,00451	HOLD	98,2349	137,3635
2023-08-13	07:00	29430,18	29450	29425,06	29449,99	LONG	0,00167	5981,87	0,00451	HOLD	98,2349	137,3966
2023-08-13	08:00	29450	29452,75	29442,39	29452,75	LONG	0,00167	5981,87	0,00451	HOLD	98,2349	137,4012
2023-08-13	09:00	29452,75	29455,21	29446,31	29446,31	LONG	0,00167	5981,87	0,00451	HOLD	98,2349	137,3905
2023-08-13	10:00	29446,32	29446,32	29400	29418,56	LONG	0,00167	5981,87	0,00451	HOLD	98,2349	137,3441
2023-08-13	11:00	29418,56	29418,57	29384,1	29394,68	LONG	0,00167	5981,87	0,00451	HOLD	98,2349	137,3043
2023-08-13	12:00	29394,69	29394,69	29363	29385	LONG	0,00167	5981,87	0,00451	HOLD	98,2349	137,2881
2023-08-13	13:00	29384,99	29401,56	29381,56	29401,56	LONG	0,00167	5981,87	0,00451	HOLD	98,2349	137,3157
2023-08-13	14:00	29401,55	29407,5	29395,9	29396,36	LONG	0,00167	5981,87	0,00451	HOLD	98,2349	137,3071
2023-08-13	15:00	29396,37	29414,53	29391,85	29414,53	LONG	0,00167	5981,87	0,00451	HOLD	98,2349	137,3374
2023-08-13	16:00	29414,53	29414,53	29408	29413,7	LONG	0,00167	5981,87	0,00451	HOLD	98,2349	137,336
2023-08-13	17:00	29413,7	29416,53	29403,86	29403,86	LONG	0,00167	5981,87	0,00451	HOLD	98,2349	137,3196
2023-08-13	18:00	29403,86	29403,87	29375,49	29383,38	LONG	0,00167	5981,87	0,00451	HOLD	98,2349	137,2854
2023-08-13	19:00	29383,39	29393,76	29367,89	29389,99	LONG	0,00167	5981,87	0,00451	HOLD	98,2349	137,2964
2023-08-13	20:00	29390	29390,01	29373,39	29375,99	LONG	0,00167	5981,87	0,00451	HOLD	98,2349	137,273
2023-08-13	21:00	29376	29386,3	29371,64	29371,64	LONG	0,00167	5981,87	0,00451	HOLD	98,2349	137,2658
2023-08-13	22:00	29371,65	29380,26	29362	29374,2	LONG	0,00167	5981,87	0,00451	HOLD	98,2349	137,2701
2023-08-13	23:00	29374,19	29374,2	29328,21	29353,59	LONG	0,00167	5981,87	0,00451	HOLD	98,2349	137,2356
2023-08-14	00:00	29353,59	29420	29353,58	29400,02	LONG	0,00167	5981,87	0,00451	HOLD	98,2349	137,3132
2023-08-14	01:00	29400,02	29428,67	29396,79	29422,12	LONG	0,00167	5981,87	0,00451	HOLD	98,2349	137,3501
2023-08-14	02:00	29422,13	29474,65	29422,12	29442,91	LONG	0,00167	5981,87	0,00451	HOLD	98,2349	137,3848
2023-08-14	03:00	29442,91	29446	29420	29420,01	LONG	0,00167	5981,87	0,00451	HOLD	98,2349	137,3466
2023-08-14	04:00	29420,01	29427,03	29367,2	29367,2	LONG	0,00167	5981,87	0,00451	HOLD	98,2349	137,2584
2023-08-14	05:00	29367,2	29376,71	29272,32	29319,41	LONG	0,00167	5981,87	0,00451	HOLD	98,2349	137,1786
2023-08-14	06:00	29319,42	29334,77	29298	29303,84	LONG	0,00167	5981,87	0,00451	HOLD	98,2349	137,1526
2023-08-14	07:00	29303,85	29325,29	29250	29266	LONG	0,00167	5981,87	0,00451	HOLD	98,2349	137,0894
2023-08-14	08:00	29266	29298,52	29205,15	29268	LONG	0,00167	5981,87	0,00451	HOLD	98,2349	137,0927
2023-08-14	09:00	29268	29361,99	29102,45	29319,99	LONG	0,00167	5981,87	0,00451	HOLD	98,2349	137,1795
2023-08-14	10:00	29320	29429,95	29319,99	29399,91	LONG	0,00167	5981,87	0,00451	HOLD	98,2349	137,313
2023-08-14	11:00	29399,91	29450	29395,24	29413,99	LONG	0,00167	5981,87	0,00451	HOLD	98,2349	137,3365
2023-08-14	12:00	29413,99	29453,47	29413,99	29447,6	LONG	0,00167	5981,87	0,00451	HOLD	98,2349	137,3926
2023-08-14	13:00	29447,6	29469,63	29411	29419,84	LONG	0,00167	5981,87	0,00451	HOLD	98,2349	137,3463
2023-08-14	14:00	29419,84	29434,85	29392,6	29422,01	LONG	0,00167	5981,87	0,00451	HOLD	98,2349	137,3499
2023-08-14	15:00	29422,01	29495,76	29422	29426,5	LONG	0,00167	5981,87	0,00451	HOLD	98,2349	137,3574
2023-08-14	16:00	29426,49	29434	29386,35	29413,99	LONG	0,00167	5981,87	0,00451	HOLD	98,2349	137,3365
2023-08-14	17:00	29414	29450,06	29404,15	29433,58	LONG	0,00167	5981,87	0,00451	HOLD	98,2349	137,3692
2023-08-14	18:00	29433,57	29433,58	29383,63	29409,99	LONG	0,00167	5981,87	0,00451	HOLD	98,2349	137,3298
2023-08-14	19:00	29410	29410	29348,01	29384,01	LONG	0,00167	5981,87	0,00451	HOLD	98,2349	137,2864
2023-08-14	20:00	29384	29400	29332,61	29384,92	LONG	0,00167	5981,87	0,00451	HOLD	98,2349	137,288
2023-08-14	21:00	29384,91	29593	29384,91	29534	LONG	0,00167	5981,87	0,00451	HOLD	98,2349	137,5369
2023-08-14	22:00	29533,99	29672	29475,67	29599,99	LONG	0,00167	5981,87	0,00451	HOLD	98,2349	137,6471
2023-08-14	23:00	29600	29695,32	29599,99	29653,99	LONG	0,00167	5981,87	0,00451	HOLD	98,2349	137,7373
2023-08-15	00:00	29653,99	29671,96	29480,1	29487,28	LONG	0,00167	5981,87	0,00451	HOLD	98,2349	137,4589
2023-08-15	01:00	29487,29	29490	29257	29330,01	LONG	0,00167	5981,87	0,00451	HOLD	98,2349	137,1963
2023-08-15	02:00	29330,01	29392,42	29322	29360,54	LONG	0,00167	5981,87	0,00451	HOLD	98,2349	137,2472
2023-08-15	03:00	29360,54	29400,83	29338,12	29400,83	LONG	0,00167	5981,87	0,00451	HOLD	98,2349	137,3145
2023-08-15	04:00	29400,82	29408,76	29383	29405,13	LONG	0,00167	5981,87	0,00451	HOLD	98,2349	137,3217
2023-08-15	05:00	29405,13	29471,31	29398	29438	LONG	0,00167	5981,87	0,00451	HOLD	98,2349	137,3766
2023-08-15	06:00	29437,99	29441,93	29423,01	29430,93	LONG	0,00167	5981,87	0,00451	HOLD	98,2349	137,3648
2023-08-15	07:00	29430,92	29454,23	29404,71	29433,88	LONG	0,00167	5981,87	0,00451	HOLD	98,2349	137,3697
2023-08-15	08:00	29433,89	29450,1	29380	29411,07	LONG	0,00167	5981,87	0,00451	HOLD	98,2349	137,3316
2023-08-15	09:00	29411,08	29422,43	29374,38	29383,98	LONG	0,00167	5981,87	0,00451	HOLD	98,2349	137,2864
2023-08-15	10:00	29383,98	29410	29371,99	29402,01	LONG	0,00167	5981,87	0,00451	HOLD	98,2349	137,3165
2023-08-15	11:00	29402	29406,01	29375,4	29378,01	LONG	0,00167	5981,87	0,00451	HOLD	98,2349	137,2764
2023-08-15	12:00	29378,01	29393,19	29359,67	29369,73	LONG	0,00167	5981,87	0,00451	HOLD	98,2349	137,2626
2023-08-15	13:00	29369,72	29385,95	29358,49	29374,1	LONG	0,00167	5981,87	0,00451	HOLD	98,2349	137,2699
2023-08-15	14:00	29374,11	29435,02	29351,33	29408,84	LONG	0,00167	5981,87	0,00451	HOLD	98,2349	137,3279
2023-08-15	15:00	29408,83	29457,44	29401,34	29426,15	LONG	0,00167	5981,87	0,00451	HOLD	98,2349	137,3568
2023-08-15	16:00	29426,15	29450,12	29406,7	29422,8	LONG	0,00167	5981,87	0,00451	HOLD	98,2349	137,3512
2023-08-15	17:00	29422,79	29422,96	29398	29403,74	LONG	0,00167	5981,87	0,00451	HOLD	98,2349	137,3194
2023-08-15	18:00	29403,74	29404,92	29358	29366	LONG	0,00167	5981,87	0,00451	HOLD	98,2349	137,2564
2023-08-15	19:00	29365,99	29403,25	29362,97	29368,72	LONG	0,00167	5981,87	0,00451	HOLD	98,2349	137,2609
2023-08-15	20:00	29368,71	29416	29366,6	29375,44	LONG	0,00167	5981,87	0,00451	HOLD	98,2349	137,2721
2023-08-15	21:00	29375,44	29468,75	29337,75	29455,76	LONG	0,00167	5981,87	0,00451	HOLD	98,2349	137,4063
2023-08-15	22:00	29455,76	29499,26	29315	29332,66	LONG	0,00167	5981,87	0,00451	HOLD	98,2349	137,2007
2023-08-15	23:00	29332,67	29369,23	29260	29282,82	LONG	0,00167	5981,87	0,00451	HOLD	98,2349	137,1175
2023-08-16	00:00	29282,82	29335,84	29278,01	29335,83	LONG	0,00167	5981,87	0,00451	HOLD	98,2349	137,206
2023-08-16	01:00	29335,83	29348,11	29302,66	29323	LONG	0,00167	5981,87	0,00451	HOLD	98,2349	137,1846
2023-08-16	02:00	29323,01	29323,01	29059,6	29181,73	LONG	0,00167	5981,87	0,00451	HOLD	98,2349	136,9486
2023-08-16	03:00	29181,73	29234,51	29135,81	29199	LONG	0,00167	5981,87	0,00451	HOLD	98,2349	136,9775
2023-08-16	04:00	29198,99	29243,08	29178,62	29229,94	LONG	0,00167	5981,87	0,00451	HOLD	98,2349	137,0291
2023-08-16	05:00	29229,93	29239,79	29182,1	29183,62	LONG	0,00167	5981,87	0,00451	HOLD	98,2349	136,9518
2023-08-16	06:00	29183,61	29217,94	29176	29200	LONG	0,00167	5981,87	0,00451	HOLD	98,2349	136,9791
2023-08-16	07:00	29200,01	29259,85	29196,21	29224,37	LONG	0,00167	5981,87	0,00451	HOLD	98,2349	137,0198
2023-08-16	08:00	29224,37	29249,02	29184,96	29245,47	LONG	0,00167	5981,87	0,00451	HOLD	98,2349	137,0551
2023-08-16	09:00	29245,46	29257,46	29223,39	29255,14	LONG	0,00167	5981,87	0,00451	HOLD	98,2349	137,0712
2023-08-16	10:00	29255,14	29255,14	29223,16	29228,51	LONG	0,00167	5981,87	0,00451	HOLD	98,2349	137,0268
2023-08-16	11:00	29228,51	29235,54	29204,67	29208,37	LONG	0,00167	5981,87	0,00451	HOLD	98,2349	136,9931
2023-08-16	12:00	29208,36	29209,24	29138,16	29142,23	LONG	0,00167	5981,87	0,00451	HOLD	98,2349	136,8827
2023-08-16	13:00	29142,24	29195,87	29111	29193,23	LONG	0,00167	5981,87	0,00451	HOLD	98,2349	136,9678
2023-08-16	14:00	29193,22	29213,12	29177,18	29197,67	LONG	0,00167	5981,87	0,00451	HOLD	98,2349	136,9753
2023-08-16	15:00	29197,67	29216,46	29161,69	29179,96	LONG	0,00167	5981,87	0,00451	HOLD	98,2349	136,9457
2023-08-16	16:00	29179,95	29179,96	29100	29167,59	LONG	0,00167	5981,87	0,00451	HOLD	98,2349	136,925
2023-08-16	17:00	29167,6	29206,61	29164,65	29197,33	LONG	0,00167	5981,87	0,00451	HOLD	98,2349	136,9747
2023-08-16	18:00	29197,34	29198	29147,94	29164,67	LONG	0,00167	5981,87	0,00451	HOLD	98,2349	136,9201
2023-08-16	19:00	29164,67	29211,34	29047,09	29160	LONG	0,00167	5981,87	0,00451	HOLD	98,2349	136,9123
2023-08-16	20:00	29159,99	29177,69	29073,6	29088,62	LONG	0,00167	5981,87	0,00451	HOLD	98,2349	136,7931
2023-08-16	21:00	29088,62	29165	29050,47	29159,91	LONG	0,00167	5981,87	0,00451	HOLD	98,2349	136,9122
2023-08-16	22:00	29159,92	29184,31	29100,39	29106,55	LONG	0,00167	5981,87	0,00451	HOLD	98,2349	136,8231
2023-08-16	23:00	29106,55	29107,75	28956	29086,52	LONG	0,00167	5981,87	0,00451	HOLD	98,2349	136,7896
2023-08-17	00:00	29086,53	29169,35	29051,09	29168	LONG	0,00167	5981,87	0,00451	HOLD	98,2349	136,9257
2023-08-17	01:00	29168	29235	29108,74	29172	LONG	0,00167	5981,87	0,00451	HOLD	98,2349	136,9324
2023-08-17	02:00	29171,99	29172	29106,01	29111,7	LONG	0,00167	5981,87	0,00451	HOLD	98,2349	136,8317
2023-08-17	03:00	29111,69	29139,99	28840,9	28974,01	LONG	0,00167	5981,87	0,00451	HOLD	98,2349	136,6017
2023-08-17	04:00	28974,01	28974,01	28866,76	28929,63	LONG	0,00167	5981,87	0,00451	HOLD	98,2349	136,5276
2023-08-17	05:00	28929,63	28977,77	28908	28910	LONG	0,00167	5981,87	0,00451	HOLD	98,2349	136,4948
2023-08-17	06:00	28910,01	28910,01	28723,08	28730,51	LONG	0,00167	5981,87	0,00451	HOLD	98,2349	136,1951
2023-08-17	07:00	28730,51	28783,48	28342	28580,85	LONG	0,00167	5981,87	0,00451	HOLD	98,2349	135,9452
2023-08-17	08:00	28580,84	28635,93	28540	28632,69	LONG	0,00167	5981,87	0,00451	HOLD	98,2349	136,0317
2023-08-17	09:00	28632,7	28647,7	28570,92	28584,35	LONG	0,00167	5981,87	0,00451	HOLD	98,2349	135,951
2023-08-17	10:00	28584,35	28698,01	28578,01	28657,31	LONG	0,00167	5981,87	0,00451	HOLD	98,2349	136,0728
2023-08-17	11:00	28657,3	28706,31	28612,54	28649,99	LONG	0,00167	5981,87	0,00451	HOLD	98,2349	136,0606
2023-08-17	12:00	28649,99	28679,65	28633,77	28679,64	LONG	0,00167	5981,87	0,00451	HOLD	98,2349	136,1101
2023-08-17	13:00	28679,65	28697,6	28655,92	28690,22	LONG	0,00167	5981,87	0,00451	HOLD	98,2349	136,1278
2023-08-17	14:00	28690,21	28690,22	28601,87	28621,99	LONG	0,00167	5981,87	0,00451	HOLD	98,2349	136,0139
2023-08-17	15:00	28622	28635,3	28546,89	28554,01	LONG	0,00167	5981,87	0,00451	HOLD	98,2349	135,9003
2023-08-17	16:00	28554,01	28620	28517,45	28593,12	LONG	0,00167	5981,87	0,00451	HOLD	98,2349	135,9657
2023-08-17	17:00	28593,12	28610,07	28496,47	28540	LONG	0,00167	5981,87	0,00451	HOLD	98,2349	135,8769
2023-08-17	18:00	28540	28567,08	28483,89	28545,11	LONG	0,00167	5981,87	0,00451	HOLD	98,2349	135,8855
2023-08-17	19:00	28545,1	28573,55	28435,26	28496,41	LONG	0,00167	5981,87	0,00451	HOLD	98,2349	135,8041
2023-08-17	20:00	28496,4	28545	28381	28400	LONG	0,00167	5981,87	0,00451	HOLD	98,2349	135,6431
2023-08-17	21:00	28400	28460,01	28320,11	28394,34	LONG	0,00167	5981,87	0,00451	HOLD	98,2349	135,6337
2023-08-17	22:00	28394,34	28500,6	27888	27934,02	LONG	0,00167	5981,87	0,00451	HOLD	98,2349	134,865
2023-08-17	23:00	27934,02	28089,78	27700	27937,35	LONG	0,00167	5981,87	0,00451	HOLD	98,2349	134,8705
2023-08-18	00:00	27937,36	28040	27936,65	27974	LONG	0,00167	5981,87	0,00451	HOLD	98,2349	134,9317
2023-08-18	01:00	27973,99	28025,08	27864,74	27879,97	LONG	0,00167	5981,87	0,00451	HOLD	98,2349	134,7747
2023-08-18	02:00	27879,98	27975,59	27858,07	27894,01	LONG	0,00167	5981,87	0,00451	HOLD	98,2349	134,7981
2023-08-18	03:00	27894	27920,23	27530	27679,57	LONG	0,00167	5981,87	0,00451	HOLD	98,2349	134,44
2023-08-18	04:00	27679,56	27737,83	25166	26253,92	LONG	0,00167	5981,87	0,00451	HOLD	98,2349	132,0592
2023-08-18	05:00	26253,93	27150	25950	26801,29	LONG	0,00167	5981,87	0,00451	HOLD	98,2349	132,9733
2023-08-18	06:00	26801,3	27000	26458,67	26623,41	LONG	0,00167	5981,87	0,00451	HOLD	98,2349	132,6762
2023-08-18	07:00	26623,41	26832,6	26593,86	26737,3	LONG	0,00167	5981,87	0,00451	HOLD	98,2349	132,8664
2023-08-18	08:00	26737,3	26759,96	26564	26613,49	LONG	0,00167	5981,87	0,00451	HOLD	98,2349	132,6597
2023-08-18	09:00	26613,49	26684,64	26466	26482,13	LONG	0,00167	5981,87	0,00451	HOLD	98,2349	132,4403
2023-08-18	10:00	26482,13	26517,8	26321,18	26398	LONG	0,00167	5981,87	0,00451	HOLD	98,2349	132,2998
2023-08-18	11:00	26397,99	26439,58	26157,71	26267,94	LONG	0,00167	5981,87	0,00451	HOLD	98,2349	132,0826
2023-08-18	12:00	26267,93	26534,97	26262,47	26443,76	LONG	0,00167	5981,87	0,00451	HOLD	98,2349	132,3762
2023-08-18	13:00	26443,75	26610	26443,75	26502,66	LONG	0,00167	5981,87	0,00451	HOLD	98,2349	132,4746
2023-08-18	14:00	26502,67	26527,45	26423	26429,99	LONG	0,00167	5981,87	0,00451	HOLD	98,2349	132,3532
2023-08-18	15:00	26430	26595,47	26420,96	26591,69	LONG	0,00167	5981,87	0,00451	HOLD	98,2349	132,6233
2023-08-18	16:00	26591,68	26609,65	26425,82	26451,61	LONG	0,00167	5981,87	0,00451	HOLD	98,2349	132,3893
2023-08-18	17:00	26451,61	26468,67	26388	26452,08	LONG	0,00167	5981,87	0,00451	HOLD	98,2349	132,3901
2023-08-18	18:00	26452,07	26514,28	26381,6	26494	LONG	0,00167	5981,87	0,00451	HOLD	98,2349	132,4601
2023-08-18	19:00	26494	26500	26322	26328,02	LONG	0,00167	5981,87	0,00451	HOLD	98,2349	132,1829
2023-08-18	20:00	26328,02	26384,74	26220	26241,78	LONG	0,00167	5981,87	0,00451	HOLD	98,2349	132,0389
2023-08-18	21:00	26241,78	26307,24	25981,88	26012,08	LONG	0,00167	5981,87	0,00451	HOLD	98,2349	131,6553
2023-08-18	22:00	26012,08	26252	25931,95	26002	LONG	0,00167	5981,87	0,00451	HOLD	98,2349	131,6385
2023-08-18	23:00	26001,99	26141,85	25769,04	25904,91	LONG	0,00167	5981,87	0,00451	HOLD	98,2349	131,4763
2023-08-19	00:00	25904,9	26114	25619	26012,02	LONG	0,00167	5981,87	0,00451	HOLD	98,2349	131,6552
2023-08-19	01:00	26012,01	26313,33	25921	26124,01	LONG	0,00167	5981,87	0,00451	HOLD	98,2349	131,8422
2023-08-19	02:00	26124,01	26145,01	25992	26065,01	LONG	0,00167	5981,87	0,00451	HOLD	98,2349	131,7437
2023-08-19	03:00	26065,01	26243,8	26049,02	26083,78	LONG	0,00167	5981,87	0,00451	HOLD	98,2349	131,7751
2023-08-19	04:00	26083,77	26177,7	26062,74	26062,75	LONG	0,00167	5981,87	0,00451	HOLD	98,2349	131,7399
2023-08-19	05:00	26062,75	26120,44	26040,14	26071,99	LONG	0,00167	5981,87	0,00451	HOLD	98,2349	131,7554
2023-08-19	06:00	26071,99	26094,49	26006,01	26054	LONG	0,00167	5981,87	0,00451	HOLD	98,2349	131,7253
2023-08-19	07:00	26054	26154,57	26017,68	26099,09	LONG	0,00167	5981,87	0,00451	HOLD	98,2349	131,8006
2023-08-19	08:00	26099,09	26100	26014	26016,01	LONG	0,00167	5981,87	0,00451	HOLD	98,2349	131,6619
2023-08-19	09:00	26016,01	26066,6	26000,15	26002,01	LONG	0,00167	5981,87	0,00451	HOLD	98,2349	131,6385
2023-08-19	10:00	26002,01	26002,01	25924	25967,51	LONG	0,00167	5981,87	0,00451	HOLD	98,2349	131,5809
2023-08-19	11:00	25967,51	26009,18	25922	25988,76	LONG	0,00167	5981,87	0,00451	HOLD	98,2349	131,6164
2023-08-19	12:00	25988,76	25994,67	25875,01	25884,49	LONG	0,00167	5981,87	0,00451	HOLD	98,2349	131,4422
2023-08-19	13:00	25884,48	25929,02	25825,96	25836,28	LONG	0,00167	5981,87	0,00451	HOLD	98,2349	131,3617
2023-08-19	14:00	25836,27	25920	25801,09	25917,99	LONG	0,00167	5981,87	0,00451	HOLD	98,2349	131,4982
2023-08-19	15:00	25918	25999,01	25894,89	25932,97	LONG	0,00167	5981,87	0,00451	HOLD	98,2349	131,5232
2023-08-19	16:00	25932,98	25965,99	25884	25945,99	LONG	0,00167	5981,87	0,00451	HOLD	98,2349	131,5449
2023-08-19	17:00	25945,99	25959,7	25891,08	25908,82	LONG	0,00167	5981,87	0,00451	HOLD	98,2349	131,4829
2023-08-19	18:00	25908,82	25943,75	25892,94	25900,08	LONG	0,00167	5981,87	0,00451	HOLD	98,2349	131,4683
2023-08-19	19:00	25900,07	25926	25872,06	25914,37	LONG	0,00167	5981,87	0,00451	HOLD	98,2349	131,4921
2023-08-19	20:00	25914,38	25981,53	25908	25925,24	LONG	0,00167	5981,87	0,00451	HOLD	98,2349	131,5103
2023-08-19	21:00	25925,24	26051,36	25920,12	25975	LONG	0,00167	5981,87	0,00451	HOLD	98,2349	131,5934
2023-08-19	22:00	25975,01	26226,04	25957,29	26216,01	LONG	0,00167	5981,87	0,00451	HOLD	98,2349	131,9959
2023-08-19	23:00	26216,01	26281	26117	26253,3	LONG	0,00167	5981,87	0,00451	HOLD	98,2349	132,0582
2023-08-20	00:00	26253,3	26253,31	26072,29	26086,9	LONG	0,00167	5981,87	0,00451	HOLD	98,2349	131,7803
2023-08-20	01:00	26086,9	26138	26026,96	26126,44	LONG	0,00167	5981,87	0,00451	HOLD	98,2349	131,8463
2023-08-20	02:00	26126,44	26159,84	26095,36	26125,62	LONG	0,00167	5981,87	0,00451	HOLD	98,2349	131,8449
2023-08-20	03:00	26125,61	26156	26033,16	26056,78	LONG	0,00167	5981,87	0,00451	HOLD	98,2349	131,73
2023-08-20	04:00	26056,78	26096,51	26050,1	26084,96	LONG	0,00167	5981,87	0,00451	HOLD	98,2349	131,777
2023-08-20	05:00	26084,97	26089,34	26049,65	26054	LONG	0,00167	5981,87	0,00451	HOLD	98,2349	131,7253
2023-08-20	06:00	26054	26124,99	26053,21	26100,01	LONG	0,00167	5981,87	0,00451	HOLD	98,2349	131,8022
2023-08-20	07:00	26100,01	26188,09	26081,32	26181,68	LONG	0,00167	5981,87	0,00451	HOLD	98,2349	131,9385
2023-08-20	08:00	26181,67	26207,88	26046,4	26072,45	LONG	0,00167	5981,87	0,00451	HOLD	98,2349	131,7561
2023-08-20	09:00	26072,45	26107,81	26048,36	26094	LONG	0,00167	5981,87	0,00451	HOLD	98,2349	131,7921
2023-08-20	10:00	26093,99	26143,04	26093,99	26105,24	LONG	0,00167	5981,87	0,00451	HOLD	98,2349	131,8109
2023-08-20	11:00	26105,23	26131,21	26101,25	26121,47	LONG	0,00167	5981,87	0,00451	HOLD	98,2349	131,838
2023-08-20	12:00	26121,46	26160,16	26067,7	26092	LONG	0,00167	5981,87	0,00451	HOLD	98,2349	131,7888
2023-08-20	13:00	26092,01	26092,01	26047,41	26063,99	LONG	0,00167	5981,87	0,00451	HOLD	98,2349	131,742
2023-08-20	14:00	26064	26092	26060,29	26088,44	LONG	0,00167	5981,87	0,00451	HOLD	98,2349	131,7828
2023-08-20	15:00	26088,44	26112	26058,98	26112	LONG	0,00167	5981,87	0,00451	HOLD	98,2349	131,8222
2023-08-20	16:00	26112	26144,89	26093,23	26144	LONG	0,00167	5981,87	0,00451	HOLD	98,2349	131,8756
2023-08-20	17:00	26144	26157,61	26120,16	26148,05	LONG	0,00167	5981,87	0,00451	HOLD	98,2349	131,8824
2023-08-20	18:00	26148,05	26198,72	26131,71	26176,7	LONG	0,00167	5981,87	0,00451	HOLD	98,2349	131,9302
2023-08-20	19:00	26176,69	26197,62	26135,56	26183,72	LONG	0,00167	5981,87	0,00451	HOLD	98,2349	131,942
2023-08-20	20:00	26183,71	26217,52	26128,02	26135,9	LONG	0,00167	5981,87	0,00451	HOLD	98,2349	131,8621
2023-08-20	21:00	26135,9	26149,43	26062	26062,87	LONG	0,00167	5981,87	0,00451	HOLD	98,2349	131,7401
2023-08-20	22:00	26062,86	26138,25	25971,05	26106,83	LONG	0,00167	5981,87	0,00451	HOLD	98,2349	131,8135
2023-08-20	23:00	26106,83	26123,99	26002,51	26053,01	LONG	0,00167	5981,87	0,00451	HOLD	98,2349	131,7237
2023-08-21	00:00	26053,01	26162,34	26028,19	26124,18	LONG	0,00167	5981,87	0,00451	HOLD	98,2349	131,8425
2023-08-21	01:00	26124,18	26150	26105,89	26113,81	LONG	0,00167	5981,87	0,00451	HOLD	98,2349	131,8252
2023-08-21	02:00	26113,82	26139,77	26108,97	26137,25	LONG	0,00167	5981,87	0,00451	HOLD	98,2349	131,8643
2023-08-21	03:00	26137,25	26299	26137,25	26232,98	LONG	0,00167	5981,87	0,00451	HOLD	98,2349	132,0242
2023-08-21	04:00	26232,99	26243,48	26143,59	26176,86	LONG	0,00167	5981,87	0,00451	HOLD	98,2349	131,9305
2023-08-21	05:00	26176,85	26225,19	26176,85	26209,46	LONG	0,00167	5981,87	0,00451	HOLD	98,2349	131,9849
2023-08-21	06:00	26209,47	26209,47	26146,95	26189,99	LONG	0,00167	5981,87	0,00451	HOLD	98,2349	131,9524
2023-08-21	07:00	26190	26195,12	26120,01	26142	LONG	0,00167	5981,87	0,00451	HOLD	98,2349	131,8723
2023-08-21	08:00	26142	26168	26085,01	26146,14	LONG	0,00167	5981,87	0,00451	HOLD	98,2349	131,8792
2023-08-21	09:00	26146,14	26161,23	26080,22	26097,38	LONG	0,00167	5981,87	0,00451	HOLD	98,2349	131,7978
2023-08-21	10:00	26097,38	26111,76	26070	26090,66	LONG	0,00167	5981,87	0,00451	HOLD	98,2349	131,7865
2023-08-21	11:00	26090,66	26090,67	26045	26059,02	LONG	0,00167	5981,87	0,00451	HOLD	98,2349	131,7337
2023-08-21	12:00	26059,02	26189,04	26048	26104,54	LONG	0,00167	5981,87	0,00451	HOLD	98,2349	131,8097
2023-08-21	13:00	26104,54	26120	26030,41	26032	LONG	0,00167	5981,87	0,00451	HOLD	98,2349	131,6886
2023-08-21	14:00	26032,01	26051,49	26000	26023,34	LONG	0,00167	5981,87	0,00451	HOLD	98,2349	131,6741
2023-08-21	15:00	26023,33	26070	25983,88	26059,99	LONG	0,00167	5981,87	0,00451	HOLD	98,2349	131,7353
2023-08-21	16:00	26059,99	26088,32	26002	26028	LONG	0,00167	5981,87	0,00451	HOLD	98,2349	131,6819
2023-08-21	17:00	26028,01	26028,01	25880,2	25944,01	LONG	0,00167	5981,87	0,00451	HOLD	98,2349	131,5416
2023-08-21	18:00	25944,01	26044,27	25931,53	26031,6	LONG	0,00167	5981,87	0,00451	HOLD	98,2349	131,6879
2023-08-21	19:00	26031,61	26085,15	25994	26004	LONG	0,00167	5981,87	0,00451	HOLD	98,2349	131,6418
2023-08-21	20:00	26004	26144,09	25982,84	26129,7	LONG	0,00167	5981,87	0,00451	HOLD	98,2349	131,8517
2023-08-21	21:00	26129,69	26198,89	26058	26108,51	LONG	0,00167	5981,87	0,00451	HOLD	98,2349	131,8164
2023-08-21	22:00	26108,52	26134,19	25812	25939,59	LONG	0,00167	5981,87	0,00451	HOLD	98,2349	131,5343
2023-08-21	23:00	25939,59	26048,47	25937,6	26015,43	LONG	0,00167	5981,87	0,00451	HOLD	98,2349	131,6609
2023-08-22	00:00	26015,42	26075,85	26002,08	26050,7	LONG	0,00167	5981,87	0,00451	HOLD	98,2349	131,7198
2023-08-22	01:00	26050,7	26111	26026,5	26034,18	LONG	0,00167	5981,87	0,00451	HOLD	98,2349	131,6922
2023-08-22	02:00	26034,18	26164	26034,17	26097,74	LONG	0,00167	5981,87	0,00451	HOLD	98,2349	131,7984
2023-08-22	03:00	26097,73	26154,79	26091,2	26105,6	LONG	0,00167	5981,87	0,00451	HOLD	98,2349	131,8115
2023-08-22	04:00	26105,6	26258,42	26082,25	26196,01	LONG	0,00167	5981,87	0,00451	HOLD	98,2349	131,9625
2023-08-22	05:00	26196,01	26196,01	26132	26132	LONG	0,00167	5981,87	0,00451	HOLD	98,2349	131,8556
2023-08-22	06:00	26132	26152	26114,69	26126,92	LONG	0,00167	5981,87	0,00451	HOLD	98,2349	131,8471
2023-08-22	07:00	26126,92	26139,42	26094,14	26100,11	LONG	0,00167	5981,87	0,00451	HOLD	98,2349	131,8023
2023-08-22	08:00	26100,1	26107,82	26050	26050	LONG	0,00167	5981,87	0,00451	HOLD	98,2349	131,7186
2023-08-22	09:00	26050	26069,99	26044,03	26065,61	LONG	0,00167	5981,87	0,00451	HOLD	98,2349	131,7447
2023-08-22	10:00	26065,62	26075,2	26025,54	26055,99	LONG	0,00167	5981,87	0,00451	HOLD	98,2349	131,7286
2023-08-22	11:00	26056	26056,21	26003,66	26015,22	LONG	0,00167	5981,87	0,00451	HOLD	98,2349	131,6606
2023-08-22	12:00	26015,23	26051,56	26000	26041,39	LONG	0,00167	5981,87	0,00451	HOLD	98,2349	131,7043
2023-08-22	13:00	26041,39	26093,94	26027,24	26069,99	LONG	0,00167	5981,87	0,00451	HOLD	98,2349	131,752
2023-08-22	14:00	26069,99	26117,28	26062	26106,69	LONG	0,00167	5981,87	0,00451	HOLD	98,2349	131,8133
2023-08-22	15:00	26106,69	26112,44	26052	26061,72	LONG	0,00167	5981,87	0,00451	HOLD	98,2349	131,7382
2023-08-22	16:00	26061,73	26086,38	26034,25	26048,07	LONG	0,00167	5981,87	0,00451	HOLD	98,2349	131,7154
2023-08-22	17:00	26048,06	26056	26030	26047,48	LONG	0,00167	5981,87	0,00451	HOLD	98,2349	131,7144
2023-08-22	18:00	26047,48	26066	26027,22	26049,64	LONG	0,00167	5981,87	0,00451	HOLD	98,2349	131,718
2023-08-22	19:00	26049,63	26100,23	26044,94	26044,94	LONG	0,00167	5981,87	0,00451	HOLD	98,2349	131,7102
2023-08-22	20:00	26044,94	26059	25969,31	25998,93	LONG	0,00167	5981,87	0,00451	HOLD	98,2349	131,6334
2023-08-22	21:00	25998,94	26059	25945,66	25994,21	LONG	0,00167	5981,87	0,00451	HOLD	98,2349	131,6255
2023-08-22	22:00	25994,2	26025	25914,03	25936,61	LONG	0,00167	5981,87	0,00451	HOLD	98,2349	131,5293
2023-08-22	23:00	25936,62	26054,73	25796,31	26020,01	LONG	0,00167	5981,87	0,00451	HOLD	98,2349	131,6686
2023-08-23	00:00	26020,01	26033,04	25726,29	25832,42	LONG	0,00167	5981,87	0,00451	HOLD	98,2349	131,3553
2023-08-23	01:00	25832,41	26008,64	25770,14	25905,6	LONG	0,00167	5981,87	0,00451	HOLD	98,2349	131,4775
2023-08-23	02:00	25905,6	25963,99	25773,96	25779,99	LONG	0,00167	5981,87	0,00451	HOLD	98,2349	131,2677
2023-08-23	03:00	25780	25870,01	25779,99	25864,01	LONG	0,00167	5981,87	0,00451	HOLD	98,2349	131,408
2023-08-23	04:00	25864	25903,78	25300	25669,29	LONG	0,00167	5981,87	0,00451	HOLD	98,2349	131,0829
2023-08-23	05:00	25669,3	25856,63	25643,46	25807,99	LONG	0,00167	5981,87	0,00451	HOLD	98,2349	131,3145
2023-08-23	06:00	25808	26070,04	25784,69	26056	LONG	0,00167	5981,87	0,00451	HOLD	98,2349	131,7287
2023-08-23	07:00	26055,99	26187,99	26030,56	26040,38	LONG	0,00167	5981,87	0,00451	HOLD	98,2349	131,7026
2023-08-23	08:00	26040,38	26081,64	25994,12	26049,41	LONG	0,00167	5981,87	0,00451	HOLD	98,2349	131,7177
2023-08-23	09:00	26049,41	26091,75	26033	26044,42	LONG	0,00167	5981,87	0,00451	HOLD	98,2349	131,7093
2023-08-23	10:00	26044,41	26078,01	25990,15	26006,32	LONG	0,00167	5981,87	0,00451	HOLD	98,2349	131,6457
2023-08-23	11:00	26006,32	26062	25976,72	26050,01	LONG	0,00167	5981,87	0,00451	HOLD	98,2349	131,7187
2023-08-23	12:00	26050,02	26053,53	25991,1	26042,01	LONG	0,00167	5981,87	0,00451	HOLD	98,2349	131,7053
2023-08-23	13:00	26042	26183,91	26038,31	26064	LONG	0,00167	5981,87	0,00451	HOLD	98,2349	131,742
2023-08-23	14:00	26063,99	26132,47	26014,7	26057,13	LONG	0,00167	5981,87	0,00451	HOLD	98,2349	131,7305
2023-08-23	15:00	26057,12	26096	26027,49	26037,99	LONG	0,00167	5981,87	0,00451	HOLD	98,2349	131,6986
2023-08-23	16:00	26037,99	26057,81	26015,45	26042,01	LONG	0,00167	5981,87	0,00451	HOLD	98,2349	131,7053
2023-08-23	17:00	26042,01	26042,01	25953,92	25965,99	LONG	0,00167	5981,87	0,00451	HOLD	98,2349	131,5783
2023-08-23	18:00	25965,99	25966,84	25902,62	25939,49	LONG	0,00167	5981,87	0,00451	HOLD	98,2349	131,5341
2023-08-23	19:00	25939,49	25962	25842	25844,01	LONG	0,00167	5981,87	0,00451	HOLD	98,2349	131,3746
2023-08-23	20:00	25844	26038,88	25812,82	26018,22	LONG	0,00167	5981,87	0,00451	HOLD	98,2349	131,6656
2023-08-23	21:00	26018,22	26136	25924,84	26041,99	LONG	0,00167	5981,87	0,00451	HOLD	98,2349	131,7053
2023-08-23	22:00	26041,98	26185	26027,04	26144	LONG	0,00167	5981,87	0,00451	HOLD	98,2349	131,8756
2023-08-23	23:00	26143,99	26480,97	26127,24	26396	LONG	0,00167	5981,87	0,00451	HOLD	98,2349	132,2965
2023-08-24	00:00	26396,01	26605	26372	26539,34	LONG	0,00167	5981,87	0,00451	HOLD	98,2349	132,5358
2023-08-24	01:00	26539,35	26559,68	26433,47	26462,97	LONG	0,00167	5981,87	0,00451	HOLD	98,2349	132,4083
2023-08-24	02:00	26462,96	26819,27	26445,38	26632	LONG	0,00167	5981,87	0,00451	HOLD	98,2349	132,6906
2023-08-24	03:00	26632,01	26723,99	26538,71	26593,59	LONG	0,00167	5981,87	0,00451	HOLD	98,2349	132,6264
2023-08-24	04:00	26593,6	26623,01	26222,43	26320,02	LONG	0,00167	5981,87	0,00451	HOLD	98,2349	132,1696
2023-08-24	05:00	26320,01	26489,66	26300,01	26456	LONG	0,00167	5981,87	0,00451	HOLD	98,2349	132,3967
2023-08-24	06:00	26455,99	26529,99	26406,12	26432,72	LONG	0,00167	5981,87	0,00451	HOLD	98,2349	132,3578
2023-08-24	07:00	26432,71	26547,89	26426	26513,66	LONG	0,00167	5981,87	0,00451	HOLD	98,2349	132,493
2023-08-24	08:00	26513,66	26529,98	26348	26348,01	LONG	0,00167	5981,87	0,00451	HOLD	98,2349	132,2163
2023-08-24	09:00	26348	26417,54	26345,76	26374,5	LONG	0,00167	5981,87	0,00451	HOLD	98,2349	132,2606
2023-08-24	10:00	26374,49	26450,84	26374,49	26442,01	LONG	0,00167	5981,87	0,00451	HOLD	98,2349	132,3733
2023-08-24	11:00	26442,01	26479,24	26413,72	26456,13	LONG	0,00167	5981,87	0,00451	HOLD	98,2349	132,3969
2023-08-24	12:00	26456,14	26485,98	26408,9	26421,67	LONG	0,00167	5981,87	0,00451	HOLD	98,2349	132,3393
2023-08-24	13:00	26421,67	26516	26384	26447,35	LONG	0,00167	5981,87	0,00451	HOLD	98,2349	132,3822
2023-08-24	14:00	26447,35	26495,8	26431,93	26477,38	LONG	0,00167	5981,87	0,00451	HOLD	98,2349	132,4324
2023-08-24	15:00	26477,39	26517	26425,03	26494,87	LONG	0,00167	5981,87	0,00451	HOLD	98,2349	132,4616
2023-08-24	16:00	26494,88	26577,87	26431,13	26440,75	LONG	0,00167	5981,87	0,00451	HOLD	98,2349	132,3712
2023-08-24	17:00	26440,75	26478	26409,4	26475,98	LONG	0,00167	5981,87	0,00451	HOLD	98,2349	132,43
2023-08-24	18:00	26475,99	26541,64	26444,01	26444,02	LONG	0,00167	5981,87	0,00451	HOLD	98,2349	132,3767
2023-08-24	19:00	26444,02	26444,02	26381,6	26390,08	LONG	0,00167	5981,87	0,00451	HOLD	98,2349	132,2866
2023-08-24	20:00	26390,08	26425,01	26291,39	26356,52	LONG	0,00167	5981,87	0,00451	HOLD	98,2349	132,2305
2023-08-24	21:00	26356,52	26374	26073	26116,05	LONG	0,00167	5981,87	0,00451	HOLD	98,2349	131,8289
2023-08-24	22:00	26116,06	26168	25990,72	25996,34	LONG	0,00167	5981,87	0,00451	HOLD	98,2349	131,629
2023-08-24	23:00	25996,35	26163	25994	26115	LONG	0,00167	5981,87	0,00451	HOLD	98,2349	131,8272
2023-08-25	00:00	26114,99	26120	25864	26059,99	LONG	0,00167	5981,87	0,00451	HOLD	98,2349	131,7353
2023-08-25	01:00	26059,99	26074,22	25976,74	26021,25	LONG	0,00167	5981,87	0,00451	HOLD	98,2349	131,6706
2023-08-25	02:00	26021,26	26137,99	26007,19	26039,44	LONG	0,00167	5981,87	0,00451	HOLD	98,2349	131,701
2023-08-25	03:00	26039,44	26106,6	25936,01	26031,99	LONG	0,00167	5981,87	0,00451	HOLD	98,2349	131,6886
2023-08-25	04:00	26031,98	26095,85	26021,46	26095	LONG	0,00167	5981,87	0,00451	HOLD	98,2349	131,7938
2023-08-25	05:00	26095	26132,71	26088,03	26119,71	LONG	0,00167	5981,87	0,00451	HOLD	98,2349	131,8351
2023-08-25	06:00	26119,71	26207,15	26066	26180,05	LONG	0,00167	5981,87	0,00451	HOLD	98,2349	131,9358
2023-08-25	07:00	26180,05	26187,34	26120,94	26138,63	LONG	0,00167	5981,87	0,00451	HOLD	98,2349	131,8667
2023-08-25	08:00	26138,64	26152,83	26090,94	26148,76	LONG	0,00167	5981,87	0,00451	HOLD	98,2349	131,8836
2023-08-25	09:00	26148,76	26178,92	26121,71	26130,96	LONG	0,00167	5981,87	0,00451	HOLD	98,2349	131,8538
2023-08-25	10:00	26130,95	26141,82	26011,41	26106	LONG	0,00167	5981,87	0,00451	HOLD	98,2349	131,8122
2023-08-25	11:00	26106	26111,11	26026	26026,08	LONG	0,00167	5981,87	0,00451	HOLD	98,2349	131,6787
2023-08-25	12:00	26026,08	26079,14	26007,63	26059,99	LONG	0,00167	5981,87	0,00451	HOLD	98,2349	131,7353
2023-08-25	13:00	26059,99	26060	25990,49	26015,37	LONG	0,00167	5981,87	0,00451	HOLD	98,2349	131,6608
2023-08-25	14:00	26015,38	26064,99	25974,22	25980,5	LONG	0,00167	5981,87	0,00451	HOLD	98,2349	131,6026
2023-08-25	15:00	25980,5	26108	25980,49	26093,51	LONG	0,00167	5981,87	0,00451	HOLD	98,2349	131,7913
2023-08-25	16:00	26093,5	26128,75	26078,67	26079,98	LONG	0,00167	5981,87	0,00451	HOLD	98,2349	131,7687
2023-08-25	17:00	26079,99	26111,88	26074,15	26088,01	LONG	0,00167	5981,87	0,00451	HOLD	98,2349	131,7821
2023-08-25	18:00	26088	26110,7	26083,22	26096,4	LONG	0,00167	5981,87	0,00451	HOLD	98,2349	131,7961
2023-08-25	19:00	26096,41	26145	26096,4	26108,69	LONG	0,00167	5981,87	0,00451	HOLD	98,2349	131,8167
2023-08-25	20:00	26108,7	26237,92	26060,01	26068,33	LONG	0,00167	5981,87	0,00451	HOLD	98,2349	131,7493
2023-08-25	21:00	26068,33	26314,05	25777,15	25833,58	LONG	0,00167	5981,87	0,00451	HOLD	98,2349	131,3572
2023-08-25	22:00	25833,59	26056,33	25812	25932,01	LONG	0,00167	5981,87	0,00451	HOLD	98,2349	131,5216
2023-08-25	23:00	25932,01	26030,9	25902,15	25935,33	LONG	0,00167	5981,87	0,00451	HOLD	98,2349	131,5271
2023-08-26	00:00	25935,34	25983,65	25832,25	25890	LONG	0,00167	5981,87	0,00451	HOLD	98,2349	131,4514
2023-08-26	01:00	25889,99	26066,62	25872,24	26052,01	LONG	0,00167	5981,87	0,00451	HOLD	98,2349	131,722
2023-08-26	02:00	26052,01	26061,6	25950	25972,36	LONG	0,00167	5981,87	0,00451	HOLD	98,2349	131,589
2023-08-26	03:00	25972,37	26082	25957,4	26060,84	LONG	0,00167	5981,87	0,00451	HOLD	98,2349	131,7367
2023-08-26	04:00	26060,84	26083,74	26030	26081,86	LONG	0,00167	5981,87	0,00451	HOLD	98,2349	131,7718
2023-08-26	05:00	26081,87	26085,2	26038,01	26053,98	LONG	0,00167	5981,87	0,00451	HOLD	98,2349	131,7253
2023-08-26	06:00	26053,98	26063,47	26034,81	26060,01	LONG	0,00167	5981,87	0,00451	HOLD	98,2349	131,7354
2023-08-26	07:00	26060	26097,1	26027,2	26040,27	LONG	0,00167	5981,87	0,00451	HOLD	98,2349	131,7024
2023-08-26	08:00	26040,26	26077,1	26034,09	26046	LONG	0,00167	5981,87	0,00451	HOLD	98,2349	131,712
2023-08-26	09:00	26046,01	26125,77	26046	26076,01	LONG	0,00167	5981,87	0,00451	HOLD	98,2349	131,7621
2023-08-26	10:00	26076,01	26100	26064,24	26087,15	LONG	0,00167	5981,87	0,00451	HOLD	98,2349	131,7807
2023-08-26	11:00	26087,16	26088	26064,43	26076	LONG	0,00167	5981,87	0,00451	HOLD	98,2349	131,7621
2023-08-26	12:00	26076	26076,67	26052,78	26062	LONG	0,00167	5981,87	0,00451	HOLD	98,2349	131,7387
2023-08-26	13:00	26062,01	26079,88	26050,63	26079,88	LONG	0,00167	5981,87	0,00451	HOLD	98,2349	131,7685
2023-08-26	14:00	26079,88	26083,89	26048	26050,81	LONG	0,00167	5981,87	0,00451	HOLD	98,2349	131,72
2023-08-26	15:00	26050,82	26060	26001,83	26041,9	LONG	0,00167	5981,87	0,00451	HOLD	98,2349	131,7051
2023-08-26	16:00	26041,9	26043,24	26007,03	26015,41	LONG	0,00167	5981,87	0,00451	HOLD	98,2349	131,6609
2023-08-26	17:00	26015,41	26035,15	26013,44	26035,15	LONG	0,00167	5981,87	0,00451	HOLD	98,2349	131,6938
2023-08-26	18:00	26035,15	26054,8	26035,14	26045,87	LONG	0,00167	5981,87	0,00451	HOLD	98,2349	131,7117
2023-08-26	19:00	26045,86	26046,88	25985,92	26029,37	LONG	0,00167	5981,87	0,00451	HOLD	98,2349	131,6842
2023-08-26	20:00	26029,36	26044,2	26029,36	26044,19	LONG	0,00167	5981,87	0,00451	HOLD	98,2349	131,7089
2023-08-26	21:00	26044,19	26073,01	26030,75	26068,01	LONG	0,00167	5981,87	0,00451	HOLD	98,2349	131,7487
2023-08-26	22:00	26068,01	26078	26050,01	26054	LONG	0,00167	5981,87	0,00451	HOLD	98,2349	131,7253
2023-08-26	23:00	26054	26060	26013,59	26041,93	LONG	0,00167	5981,87	0,00451	HOLD	98,2349	131,7052
2023-08-27	00:00	26041,92	26041,93	26004,77	26035,04	LONG	0,00167	5981,87	0,00451	HOLD	98,2349	131,6937
2023-08-27	01:00	26035,05	26035,05	26006	26019,99	LONG	0,00167	5981,87	0,00451	HOLD	98,2349	131,6685
2023-08-27	02:00	26020	26039,49	26019,25	26034,21	LONG	0,00167	5981,87	0,00451	HOLD	98,2349	131,6923
2023-08-27	03:00	26034,22	26043,99	26026	26032,37	LONG	0,00167	5981,87	0,00451	HOLD	98,2349	131,6892
2023-08-27	04:00	26032,38	26047,62	26017,73	26042,02	LONG	0,00167	5981,87	0,00451	HOLD	98,2349	131,7053
2023-08-27	05:00	26042,02	26047,16	26030,2	26030,2	LONG	0,00167	5981,87	0,00451	HOLD	98,2349	131,6856
2023-08-27	06:00	26030,2	26031,15	25988,2	26017,37	LONG	0,00167	5981,87	0,00451	HOLD	98,2349	131,6642
2023-08-27	07:00	26017,38	26030,55	26000	26000,01	LONG	0,00167	5981,87	0,00451	HOLD	98,2349	131,6352
2023-08-27	08:00	26000	26011,72	25966,11	25997,74	LONG	0,00167	5981,87	0,00451	HOLD	98,2349	131,6314
2023-08-27	09:00	25997,74	26020,07	25994,96	26000,06	LONG	0,00167	5981,87	0,00451	HOLD	98,2349	131,6352
2023-08-27	10:00	26000,05	26022,88	26000,05	26021,96	LONG	0,00167	5981,87	0,00451	HOLD	98,2349	131,6718
2023-08-27	11:00	26021,96	26038,27	26021,96	26037,81	LONG	0,00167	5981,87	0,00451	HOLD	98,2349	131,6983
2023-08-27	12:00	26037,82	26044,98	26029,88	26033,52	LONG	0,00167	5981,87	0,00451	HOLD	98,2349	131,6911
2023-08-27	13:00	26033,52	26050	26024,46	26045,97	LONG	0,00167	5981,87	0,00451	HOLD	98,2349	131,7119
2023-08-27	14:00	26045,98	26055,54	26043,61	26043,61	LONG	0,00167	5981,87	0,00451	HOLD	98,2349	131,708
2023-08-27	15:00	26043,61	26068,33	26033,78	26063,09	LONG	0,00167	5981,87	0,00451	HOLD	98,2349	131,7405
2023-08-27	16:00	26063,1	26078,13	26050,73	26078,13	LONG	0,00167	5981,87	0,00451	HOLD	98,2349	131,7656
2023-08-27	17:00	26078,12	26095,6	26076,83	26082,77	LONG	0,00167	5981,87	0,00451	HOLD	98,2349	131,7734
2023-08-27	18:00	26082,78	26082,78	26057,25	26060,44	LONG	0,00167	5981,87	0,00451	HOLD	98,2349	131,7361
2023-08-27	19:00	26060,44	26071,91	26052,8	26071,66	LONG	0,00167	5981,87	0,00451	HOLD	98,2349	131,7548
2023-08-27	20:00	26071,67	26090,26	26066,56	26079,99	LONG	0,00167	5981,87	0,00451	HOLD	98,2349	131,7687
2023-08-27	21:00	26079,99	26182,23	26079,98	26145,28	LONG	0,00167	5981,87	0,00451	HOLD	98,2349	131,8778
2023-08-27	22:00	26145,27	26167,52	26115,77	26122,15	LONG	0,00167	5981,87	0,00451	HOLD	98,2349	131,8391
2023-08-27	23:00	26122,14	26166,09	26122,14	26166,08	LONG	0,00167	5981,87	0,00451	HOLD	98,2349	131,9125
2023-08-28	00:00	26166,08	26179	26044,3	26065,08	LONG	0,00167	5981,87	0,00451	HOLD	98,2349	131,7438
2023-08-28	01:00	26065,08	26111,95	26037,27	26104,12	LONG	0,00167	5981,87	0,00451	HOLD	98,2349	131,809
2023-08-28	02:00	26104,13	26164,29	26096,3	26125,49	LONG	0,00167	5981,87	0,00451	HOLD	98,2349	131,8447
2023-08-28	03:00	26125,48	26128,1	26082,72	26091,49	LONG	0,00167	5981,87	0,00451	HOLD	98,2349	131,7879
2023-08-28	04:00	26091,5	26133,71	26040,17	26067,86	LONG	0,00167	5981,87	0,00451	HOLD	98,2349	131,7485
2023-08-28	05:00	26067,87	26090,28	26045,35	26089,29	LONG	0,00167	5981,87	0,00451	HOLD	98,2349	131,7843
2023-08-28	06:00	26089,29	26109	26083,86	26101,77	LONG	0,00167	5981,87	0,00451	HOLD	98,2349	131,8051
2023-08-28	07:00	26101,78	26105	25986,41	26023,51	LONG	0,00167	5981,87	0,00451	HOLD	98,2349	131,6744
2023-08-28	08:00	26023,51	26063,39	25993,58	26028,01	LONG	0,00167	5981,87	0,00451	HOLD	98,2349	131,6819
2023-08-28	09:00	26028,02	26056,93	26019,53	26030,5	LONG	0,00167	5981,87	0,00451	HOLD	98,2349	131,6861
2023-08-28	10:00	26030,49	26050,75	26012,98	26012,98	LONG	0,00167	5981,87	0,00451	HOLD	98,2349	131,6568
2023-08-28	11:00	26012,98	26038,83	26009,37	26026,61	LONG	0,00167	5981,87	0,00451	HOLD	98,2349	131,6796
2023-08-28	12:00	26026,62	26031,72	25872,05	25963,02	LONG	0,00167	5981,87	0,00451	HOLD	98,2349	131,5734
2023-08-28	13:00	25963,01	25987,67	25926,37	25946,26	LONG	0,00167	5981,87	0,00451	HOLD	98,2349	131,5454
2023-08-28	14:00	25946,26	25949,72	25887,91	25934,12	LONG	0,00167	5981,87	0,00451	HOLD	98,2349	131,5251
2023-08-28	15:00	25934,13	25987,19	25922,27	25969,72	LONG	0,00167	5981,87	0,00451	HOLD	98,2349	131,5846
2023-08-28	16:00	25969,71	25970,89	25864,5	25931,54	LONG	0,00167	5981,87	0,00451	HOLD	98,2349	131,5208
2023-08-28	17:00	25931,55	25968,69	25912,75	25953,45	LONG	0,00167	5981,87	0,00451	HOLD	98,2349	131,5574
2023-08-28	18:00	25953,45	26004	25945,84	26000,99	LONG	0,00167	5981,87	0,00451	HOLD	98,2349	131,6368
2023-08-28	19:00	26000,99	26253,99	25991,44	26136,55	LONG	0,00167	5981,87	0,00451	HOLD	98,2349	131,8632
2023-08-28	20:00	26136,54	26163,62	26090	26101,31	LONG	0,00167	5981,87	0,00451	HOLD	98,2349	131,8043
2023-08-28	21:00	26101,3	26159,04	26080,6	26139,61	LONG	0,00167	5981,87	0,00451	HOLD	98,2349	131,8683
2023-08-28	22:00	26139,62	26190	26044,11	26104,17	LONG	0,00167	5981,87	0,00451	HOLD	98,2349	131,8091
2023-08-28	23:00	26104,16	26160	26095,88	26146,92	LONG	0,00167	5981,87	0,00451	HOLD	98,2349	131,8805
2023-08-29	00:00	26146,91	26191,79	26135,75	26141,79	LONG	0,00167	5981,87	0,00451	HOLD	98,2349	131,8719
2023-08-29	01:00	26141,79	26148,91	26100	26148,91	LONG	0,00167	5981,87	0,00451	HOLD	98,2349	131,8838
2023-08-29	02:00	26148,91	26155	25918	25996,26	LONG	0,00167	5981,87	0,00451	HOLD	98,2349	131,6289
2023-08-29	03:00	25996,27	26023,74	25972,95	25993,03	LONG	0,00167	5981,87	0,00451	HOLD	98,2349	131,6235
2023-08-29	04:00	25993,04	26010,68	25946,18	25982,67	LONG	0,00167	5981,87	0,00451	HOLD	98,2349	131,6062
2023-08-29	05:00	25982,68	26067,53	25981,73	26061,41	LONG	0,00167	5981,87	0,00451	HOLD	98,2349	131,7377
2023-08-29	06:00	26061,41	26178,83	26048,77	26120	LONG	0,00167	5981,87	0,00451	HOLD	98,2349	131,8355
2023-08-29	07:00	26120	26165,99	26084,07	26140,44	LONG	0,00167	5981,87	0,00451	HOLD	98,2349	131,8697
2023-08-29	08:00	26140,44	26206,24	26093,46	26106,34	LONG	0,00167	5981,87	0,00451	HOLD	98,2349	131,8127
2023-08-29	09:00	26106,34	26117,57	26080,19	26104,69	LONG	0,00167	5981,87	0,00451	HOLD	98,2349	131,81
2023-08-29	10:00	26104,69	26105,9	26066,36	26083,19	LONG	0,00167	5981,87	0,00451	HOLD	98,2349	131,7741
2023-08-29	11:00	26083,18	26091,36	26051	26057,87	LONG	0,00167	5981,87	0,00451	HOLD	98,2349	131,7318
2023-08-29	12:00	26057,86	26095,08	26032,07	26065,15	LONG	0,00167	5981,87	0,00451	HOLD	98,2349	131,7439
2023-08-29	13:00	26065,15	26065,16	26005	26008,66	LONG	0,00167	5981,87	0,00451	HOLD	98,2349	131,6496
2023-08-29	14:00	26008,67	26049,23	25990,58	26004,2	LONG	0,00167	5981,87	0,00451	HOLD	98,2349	131,6422
2023-08-29	15:00	26004,2	26015,72	25950	25956,43	LONG	0,00167	5981,87	0,00451	HOLD	98,2349	131,5624
2023-08-29	16:00	25956,44	25992,23	25950,74	25992,23	LONG	0,00167	5981,87	0,00451	HOLD	98,2349	131,6222
2023-08-29	17:00	25992,23	25992,23	25922	25981,27	LONG	0,00167	5981,87	0,00451	HOLD	98,2349	131,6039
2023-08-29	18:00	25981,27	26046	25961,97	25975,55	LONG	0,00167	5981,87	0,00451	HOLD	98,2349	131,5943
2023-08-29	19:00	25975,54	26044,51	25964,79	26044,51	LONG	0,00167	5981,87	0,00451	HOLD	98,2349	131,7095
2023-08-29	20:00	26044,5	26103,43	26006	26052	LONG	0,00167	5981,87	0,00451	HOLD	98,2349	131,722
2023-08-29	21:00	26052	27692	26052	27492,03	LONG	0,00167	5981,87	0,00451	HOLD	98,2349	134,1268
2023-08-29	22:00	27492,03	27550	27265,24	27423,44	LONG	0,00167	5981,87	0,00451	HOLD	98,2349	134,0123
2023-08-29	23:00	27423,44	28142,85	27350,01	27999,99	LONG	0,00167	5981,87	0,00451	HOLD	98,2349	134,9751
2023-08-30	00:00	27999,99	28097,91	27793,33	27892,07	LONG	0,00167	5981,87	0,00451	HOLD	98,2349	134,7949
2023-08-30	01:00	27892,08	28020,73	27835,84	27971,79	LONG	0,00167	5981,87	0,00451	HOLD	98,2349	134,928
2023-08-30	02:00	27971,78	27995	27823,91	27831,33	LONG	0,00167	5981,87	0,00451	HOLD	98,2349	134,6935
2023-08-30	03:00	27831,33	27883,61	27561,24	27569,28	LONG	0,00167	5981,87	0,00451	HOLD	98,2349	134,2558
2023-08-30	04:00	27569,28	27733,32	27564,39	27658,99	LONG	0,00167	5981,87	0,00451	HOLD	98,2349	134,4057
2023-08-30	05:00	27658,98	27693,98	27532,79	27638,28	LONG	0,00167	5981,87	0,00451	HOLD	98,2349	134,3711
2023-08-30	06:00	27638,29	27779,12	27567,7	27716,34	LONG	0,00167	5981,87	0,00451	HOLD	98,2349	134,5014
2023-08-30	07:00	27716,34	27768,57	27622,24	27622,24	LONG	0,00167	5981,87	0,00451	HOLD	98,2349	134,3443
2023-08-30	08:00	27622,24	27643,03	27455,91	27552,62	LONG	0,00167	5981,87	0,00451	HOLD	98,2349	134,228
2023-08-30	09:00	27552,63	27562,07	27349,39	27400,56	LONG	0,00167	5981,87	0,00451	HOLD	98,2349	133,9741
2023-08-30	10:00	27400,55	27426,35	27280,99	27391,13	LONG	0,00167	5981,87	0,00451	HOLD	98,2349	133,9583
2023-08-30	11:00	27391,14	27446,8	27391,13	27443	LONG	0,00167	5981,87	0,00451	HOLD	98,2349	134,045
2023-08-30	12:00	27443	27476,03	27435,64	27469,04	LONG	0,00167	5981,87	0,00451	HOLD	98,2349	134,0884
2023-08-30	13:00	27469,05	27469,05	27371,94	27382,21	LONG	0,00167	5981,87	0,00451	HOLD	98,2349	133,9434
2023-08-30	14:00	27382,21	27464,8	27382,21	27436,25	LONG	0,00167	5981,87	0,00451	HOLD	98,2349	134,0337
2023-08-30	15:00	27436,25	27499	27406,65	27470,98	LONG	0,00167	5981,87	0,00451	HOLD	98,2349	134,0917
2023-08-30	16:00	27470,97	27471,92	27310,05	27426,8	LONG	0,00167	5981,87	0,00451	HOLD	98,2349	134,0179
2023-08-30	17:00	27426,79	27448,86	27400	27435,44	LONG	0,00167	5981,87	0,00451	HOLD	98,2349	134,0323
2023-08-30	18:00	27435,44	27435,45	27331,45	27338,51	LONG	0,00167	5981,87	0,00451	HOLD	98,2349	133,8705
2023-08-30	19:00	27338,52	27425	27292,24	27353,64	LONG	0,00167	5981,87	0,00451	HOLD	98,2349	133,8957
2023-08-30	20:00	27353,64	27464,45	27145,23	27376,07	LONG	0,00167	5981,87	0,00451	HOLD	98,2349	133,9332
2023-08-30	21:00	27376,07	27424,4	27017,24	27110,01	LONG	0,00167	5981,87	0,00451	HOLD	98,2349	133,4889
2023-08-30	22:00	27110	27293,9	27036,66	27201,63	LONG	0,00167	5981,87	0,00451	HOLD	98,2349	133,6419
2023-08-30	23:00	27201,63	27210,84	27067,9	27155,37	LONG	0,00167	5981,87	0,00451	HOLD	98,2349	133,5646
2023-08-31	00:00	27155,37	27249,99	27117	27167,98	LONG	0,00167	5981,87	0,00451	HOLD	98,2349	133,5857
2023-08-31	01:00	27167,97	27286,88	27100	27279,98	LONG	0,00167	5981,87	0,00451	HOLD	98,2349	133,7727
2023-08-31	02:00	27279,98	27286,88	27178,26	27178,28	LONG	0,00167	5981,87	0,00451	HOLD	98,2349	133,6029
2023-08-31	03:00	27178,27	27291,34	27178,27	27250,15	LONG	0,00167	5981,87	0,00451	HOLD	98,2349	133,7229
2023-08-31	04:00	27250,15	27337,78	27250,15	27259,69	LONG	0,00167	5981,87	0,00451	HOLD	98,2349	133,7388
2023-08-31	05:00	27259,69	27326,87	27241	27241	LONG	0,00167	5981,87	0,00451	HOLD	98,2349	133,7076
2023-08-31	06:00	27241	27319,88	27228	27299,99	LONG	0,00167	5981,87	0,00451	HOLD	98,2349	133,8061
2023-08-31	07:00	27299,99	27303,36	27198,7	27222,13	LONG	0,00167	5981,87	0,00451	HOLD	98,2349	133,6761
2023-08-31	08:00	27222,13	27240,69	27179,12	27196,48	LONG	0,00167	5981,87	0,00451	HOLD	98,2349	133,6333
2023-08-31	09:00	27196,48	27233,75	27186,3	27190,01	LONG	0,00167	5981,87	0,00451	HOLD	98,2349	133,6225
2023-08-31	10:00	27190,01	27217,28	27178,88	27217,27	LONG	0,00167	5981,87	0,00451	HOLD	98,2349	133,668
2023-08-31	11:00	27217,28	27285,68	27215	27252,3	LONG	0,00167	5981,87	0,00451	HOLD	98,2349	133,7265
2023-08-31	12:00	27252,3	27274,31	27226,38	27251,29	LONG	0,00167	5981,87	0,00451	HOLD	98,2349	133,7248
2023-08-31	13:00	27251,29	27290,95	27233,28	27253,2	LONG	0,00167	5981,87	0,00451	HOLD	98,2349	133,728
2023-08-31	14:00	27253,2	27294,97	27232,88	27261,03	LONG	0,00167	5981,87	0,00451	HOLD	98,2349	133,7411
2023-08-31	15:00	27261,03	27273,97	27222,01	27235,08	LONG	0,00167	5981,87	0,00451	HOLD	98,2349	133,6977
2023-08-31	16:00	27235,08	27235,09	27184,99	27198,27	LONG	0,00167	5981,87	0,00451	HOLD	98,2349	133,6363
2023-08-31	17:00	27198,26	27226,18	27191,48	27201,83	LONG	0,00167	5981,87	0,00451	HOLD	98,2349	133,6422
2023-08-31	18:00	27201,83	27587,51	27201,17	27303,96	LONG	0,00167	5981,87	0,00451	HOLD	98,2349	133,8128
2023-08-31	19:00	27303,95	27315,47	27063,08	27192,62	LONG	0,00167	5981,87	0,00451	HOLD	98,2349	133,6268
2023-08-31	20:00	27192,62	27205,32	27073,14	27149,99	LONG	0,00167	5981,87	0,00451	HOLD	98,2349	133,5556
2023-08-31	21:00	27149,99	27192,78	27027	27175,66	LONG	0,00167	5981,87	0,00451	HOLD	98,2349	133,5985
2023-08-31	22:00	27175,67	27179,74	26803,73	26922,01	LONG	0,00167	5981,87	0,00451	HOLD	98,2349	133,1749
2023-08-31	23:00	26922,01	26924,87	26218,65	26234,23	LONG	0,00167	5981,87	0,00451	HOLD	98,2349	132,0263
2023-09-01	00:00	26234,22	26400,43	26133,94	26329,07	LONG	0,00167	5981,87	0,00451	HOLD	98,2349	132,1847
2023-09-01	01:00	26329,08	26387,32	26189,77	26292,23	LONG	0,00167	5981,87	0,00451	HOLD	98,2349	132,1232
2023-09-01	02:00	26292,24	26319,4	25928	26162,79	LONG	0,00167	5981,87	0,00451	HOLD	98,2349	131,907
2023-09-01	03:00	26162,79	26194,86	25959,72	26022,61	LONG	0,00167	5981,87	0,00451	HOLD	98,2349	131,6729
2023-09-01	04:00	26022,61	26037,97	25655,01	26024,57	LONG	0,00167	5981,87	0,00451	HOLD	98,2349	131,6762
2023-09-01	05:00	26024,57	26072,73	25976,15	26053,96	LONG	0,00167	5981,87	0,00451	HOLD	98,2349	131,7253
2023-09-01	06:00	26053,95	26057,99	25912,01	25940,78	LONG	0,00167	5981,87	0,00451	HOLD	98,2349	131,5362
2023-09-01	07:00	25940,77	26070	25931,11	26051,97	LONG	0,00167	5981,87	0,00451	HOLD	98,2349	131,7219
2023-09-01	08:00	26051,97	26057,9	25974,13	25985,72	LONG	0,00167	5981,87	0,00451	HOLD	98,2349	131,6113
2023-09-01	09:00	25985,71	26100	25985,71	26058,62	LONG	0,00167	5981,87	0,00451	HOLD	98,2349	131,733
2023-09-01	10:00	26058,62	26094,9	26043,63	26081,01	LONG	0,00167	5981,87	0,00451	HOLD	98,2349	131,7704
2023-09-01	11:00	26081	26095	26039	26044,46	LONG	0,00167	5981,87	0,00451	HOLD	98,2349	131,7094
2023-09-01	12:00	26044,46	26057,54	26025,4	26027,27	LONG	0,00167	5981,87	0,00451	HOLD	98,2349	131,6807
2023-09-01	13:00	26027,26	26042,9	25978	25997	LONG	0,00167	5981,87	0,00451	HOLD	98,2349	131,6301
2023-09-01	14:00	25996,99	26015	25979,35	25990,92	LONG	0,00167	5981,87	0,00451	HOLD	98,2349	131,62
2023-09-01	15:00	25990,92	26014,45	25957,37	25980,46	LONG	0,00167	5981,87	0,00451	HOLD	98,2349	131,6025
2023-09-01	16:00	25980,46	26049,83	25975,24	26033,97	LONG	0,00167	5981,87	0,00451	HOLD	98,2349	131,6919
2023-09-01	17:00	26033,98	26047,39	25987	25999,31	LONG	0,00167	5981,87	0,00451	HOLD	98,2349	131,634
2023-09-01	18:00	25999,32	26072,34	25981,79	26047,49	LONG	0,00167	5981,87	0,00451	HOLD	98,2349	131,7145
2023-09-01	19:00	26047,5	26156	25990,61	26063,27	LONG	0,00167	5981,87	0,00451	HOLD	98,2349	131,7408
2023-09-01	20:00	26063,27	26064,66	25874,05	26000	LONG	0,00167	5981,87	0,00451	HOLD	98,2349	131,6351
2023-09-01	21:00	26000,01	26000,01	25691,6	25717	LONG	0,00167	5981,87	0,00451	HOLD	98,2349	131,1625
2023-09-01	22:00	25717,01	25935,7	25566,53	25811	LONG	0,00167	5981,87	0,00451	HOLD	98,2349	131,3195
2023-09-01	23:00	25811	25964,17	25755	25789,78	LONG	0,00167	5981,87	0,00451	HOLD	98,2349	131,2841
2023-09-02	00:00	25789,77	25800,15	25333,75	25478,86	LONG	0,00167	5981,87	0,00451	HOLD	98,2349	130,7648
2023-09-02	01:00	25478,85	25834,86	25455,41	25654,23	LONG	0,00167	5981,87	0,00451	HOLD	98,2349	131,0577
2023-09-02	02:00	25654,22	25679,88	25581,24	25645,66	LONG	0,00167	5981,87	0,00451	HOLD	98,2349	131,0434
2023-09-02	03:00	25645,65	25937,42	25565,55	25776,62	LONG	0,00167	5981,87	0,00451	HOLD	98,2349	131,2621
2023-09-02	04:00	25776,62	25862,77	25734,92	25804,49	LONG	0,00167	5981,87	0,00451	HOLD	98,2349	131,3086
2023-09-02	05:00	25804,49	25826,71	25763,2	25764,3	LONG	0,00167	5981,87	0,00451	HOLD	98,2349	131,2415
2023-09-02	06:00	25764,31	25835	25752,47	25805,05	LONG	0,00167	5981,87	0,00451	HOLD	98,2349	131,3096
2023-09-02	07:00	25805,04	25840	25781,4	25789,12	LONG	0,00167	5981,87	0,00451	HOLD	98,2349	131,283
2023-09-02	08:00	25789,12	25815,55	25773,67	25773,68	LONG	0,00167	5981,87	0,00451	HOLD	98,2349	131,2572
2023-09-02	09:00	25773,68	25795,87	25752,47	25761,91	LONG	0,00167	5981,87	0,00451	HOLD	98,2349	131,2375
2023-09-02	10:00	25761,91	25811,23	25757,57	25798,08	LONG	0,00167	5981,87	0,00451	HOLD	98,2349	131,2979
2023-09-02	11:00	25798,07	25805,05	25766,75	25779,72	LONG	0,00167	5981,87	0,00451	HOLD	98,2349	131,2673
2023-09-02	12:00	25779,72	25853,03	25779,71	25821,38	LONG	0,00167	5981,87	0,00451	HOLD	98,2349	131,3368
2023-09-02	13:00	25821,37	25832,91	25795,24	25801,4	LONG	0,00167	5981,87	0,00451	HOLD	98,2349	131,3035
2023-09-02	14:00	25801,39	25842,06	25781,42	25795,47	LONG	0,00167	5981,87	0,00451	HOLD	98,2349	131,2936
2023-09-02	15:00	25795,46	25801,88	25774,81	25782,25	LONG	0,00167	5981,87	0,00451	HOLD	98,2349	131,2715
2023-09-02	16:00	25782,24	25825,67	25775,13	25810,54	LONG	0,00167	5981,87	0,00451	HOLD	98,2349	131,3187
2023-09-02	17:00	25810,54	25855,49	25810,41	25832,89	LONG	0,00167	5981,87	0,00451	HOLD	98,2349	131,3561
2023-09-02	18:00	25832,89	25860	25781,55	25813,54	LONG	0,00167	5981,87	0,00451	HOLD	98,2349	131,3238
2023-09-02	19:00	25813,55	25835,83	25802,71	25808,72	LONG	0,00167	5981,87	0,00451	HOLD	98,2349	131,3157
2023-09-02	20:00	25808,73	25853,76	25785,64	25825,01	LONG	0,00167	5981,87	0,00451	HOLD	98,2349	131,3429
2023-09-02	21:00	25825	25894,48	25808,07	25866	LONG	0,00167	5981,87	0,00451	HOLD	98,2349	131,4114
2023-09-02	22:00	25866	25987,5	25866	25894,76	LONG	0,00167	5981,87	0,00451	HOLD	98,2349	131,4594
2023-09-02	23:00	25894,77	25937,91	25843,93	25861,42	LONG	0,00167	5981,87	0,00451	HOLD	98,2349	131,4037
2023-09-03	00:00	25861,41	25873,88	25813,01	25813,58	LONG	0,00167	5981,87	0,00451	HOLD	98,2349	131,3238
2023-09-03	01:00	25813,58	25824,85	25763,2	25809,63	LONG	0,00167	5981,87	0,00451	HOLD	98,2349	131,3172
2023-09-03	02:00	25809,62	25846,07	25800	25833,39	LONG	0,00167	5981,87	0,00451	HOLD	98,2349	131,3569
2023-09-03	03:00	25833,4	25848,99	25817,84	25848,99	LONG	0,00167	5981,87	0,00451	HOLD	98,2349	131,383
2023-09-03	04:00	25848,98	25888,64	25841,66	25858,85	LONG	0,00167	5981,87	0,00451	HOLD	98,2349	131,3994
2023-09-03	05:00	25858,84	25861,51	25845,66	25861,51	LONG	0,00167	5981,87	0,00451	HOLD	98,2349	131,4039
2023-09-03	06:00	25861,51	25907,09	25855	25869,51	LONG	0,00167	5981,87	0,00451	HOLD	98,2349	131,4172
2023-09-03	07:00	25869,52	25872,62	25826,29	25869,99	LONG	0,00167	5981,87	0,00451	HOLD	98,2349	131,418
2023-09-03	08:00	25869,99	25907,53	25855,48	25867,4	LONG	0,00167	5981,87	0,00451	HOLD	98,2349	131,4137
2023-09-03	09:00	25867,4	25880,86	25855,76	25860,46	LONG	0,00167	5981,87	0,00451	HOLD	98,2349	131,4021
2023-09-03	10:00	25860,46	25873,51	25850	25863,91	LONG	0,00167	5981,87	0,00451	HOLD	98,2349	131,4079
2023-09-03	11:00	25863,91	25880,05	25863,9	25874,99	LONG	0,00167	5981,87	0,00451	HOLD	98,2349	131,4264
2023-09-03	12:00	25874,98	25905	25873,5	25900,06	LONG	0,00167	5981,87	0,00451	HOLD	98,2349	131,4682
2023-09-03	13:00	25900,06	25946,59	25892,51	25910	LONG	0,00167	5981,87	0,00451	HOLD	98,2349	131,4848
2023-09-03	14:00	25909,99	25956,24	25899,96	25956,22	LONG	0,00167	5981,87	0,00451	HOLD	98,2349	131,562
2023-09-03	15:00	25956,23	25956,3	25878,33	25882,18	LONG	0,00167	5981,87	0,00451	HOLD	98,2349	131,4384
2023-09-03	16:00	25882,18	25943,41	25877,3	25905,02	LONG	0,00167	5981,87	0,00451	HOLD	98,2349	131,4765
2023-09-03	17:00	25905,01	25938,43	25887,96	25932,97	LONG	0,00167	5981,87	0,00451	HOLD	98,2349	131,5232
2023-09-03	18:00	25932,96	25945,92	25913,64	25943,38	LONG	0,00167	5981,87	0,00451	HOLD	98,2349	131,5406
2023-09-03	19:00	25943,39	26085,01	25880,86	25896,06	LONG	0,00167	5981,87	0,00451	HOLD	98,2349	131,4616
2023-09-03	20:00	25896,07	25947,42	25807,32	25890,46	LONG	0,00167	5981,87	0,00451	HOLD	98,2349	131,4522
2023-09-03	21:00	25890,47	25936,93	25883	25926,96	LONG	0,00167	5981,87	0,00451	HOLD	98,2349	131,5132
2023-09-03	22:00	25926,96	25928,96	25850	25873,5	LONG	0,00167	5981,87	0,00451	HOLD	98,2349	131,4239
2023-09-03	23:00	25873,5	25897,04	25800	25846,9	LONG	0,00167	5981,87	0,00451	HOLD	98,2349	131,3795
2023-09-04	00:00	25846,91	25888	25832,98	25888	LONG	0,00167	5981,87	0,00451	HOLD	98,2349	131,4481
2023-09-04	01:00	25887,99	26039,99	25882,27	25934,01	LONG	0,00167	5981,87	0,00451	HOLD	98,2349	131,5249
2023-09-04	02:00	25934	26014,94	25929,8	26011,16	LONG	0,00167	5981,87	0,00451	HOLD	98,2349	131,6538
2023-09-04	03:00	26011,16	26135	25962,61	26048,18	LONG	0,00167	5981,87	0,00451	HOLD	98,2349	131,7156
2023-09-04	04:00	26048,18	26071,95	25950	25967,7	LONG	0,00167	5981,87	0,00451	HOLD	98,2349	131,5812
2023-09-04	05:00	25967,7	25985	25932,77	25950,6	LONG	0,00167	5981,87	0,00451	HOLD	98,2349	131,5526
2023-09-04	06:00	25950,59	25982,08	25927,94	25971,21	LONG	0,00167	5981,87	0,00451	HOLD	98,2349	131,5871
2023-09-04	07:00	25971,21	25974,19	25897,06	25910,09	LONG	0,00167	5981,87	0,00451	HOLD	98,2349	131,485
2023-09-04	08:00	25910,1	25926,46	25877,66	25908,49	LONG	0,00167	5981,87	0,00451	HOLD	98,2349	131,4823
2023-09-04	09:00	25908,49	26030	25895,36	25983,16	LONG	0,00167	5981,87	0,00451	HOLD	98,2349	131,607
2023-09-04	10:00	25983,17	26108,02	25975,67	25987,56	LONG	0,00167	5981,87	0,00451	HOLD	98,2349	131,6144
2023-09-04	11:00	25987,56	26018,12	25982,08	25982,64	LONG	0,00167	5981,87	0,00451	HOLD	98,2349	131,6062
2023-09-04	12:00	25982,63	25992,35	25934,44	25934,44	LONG	0,00167	5981,87	0,00451	HOLD	98,2349	131,5257
2023-09-04	13:00	25934,44	25992,25	25912,21	25967,48	LONG	0,00167	5981,87	0,00451	HOLD	98,2349	131,5808
2023-09-04	14:00	25967,49	26010	25964,96	25964,96	LONG	0,00167	5981,87	0,00451	HOLD	98,2349	131,5766
2023-09-04	15:00	25964,97	26011,24	25961,59	25986,08	LONG	0,00167	5981,87	0,00451	HOLD	98,2349	131,6119
2023-09-04	16:00	25986,08	25986,52	25918,5	25952,21	LONG	0,00167	5981,87	0,00451	HOLD	98,2349	131,5553
2023-09-04	17:00	25952,22	25967,25	25867,07	25907,79	LONG	0,00167	5981,87	0,00451	HOLD	98,2349	131,4812
2023-09-04	18:00	25907,8	25942,28	25865,57	25892,49	LONG	0,00167	5981,87	0,00451	HOLD	98,2349	131,4556
2023-09-04	19:00	25892,49	25902,29	25815	25858,38	LONG	0,00167	5981,87	0,00451	HOLD	98,2349	131,3986
2023-09-04	20:00	25858,37	25911,75	25842,01	25883,35	LONG	0,00167	5981,87	0,00451	HOLD	98,2349	131,4403
2023-09-04	21:00	25883,34	25909,21	25830,83	25854,41	LONG	0,00167	5981,87	0,00451	HOLD	98,2349	131,392
2023-09-04	22:00	25854,4	25966,8	25717,04	25814,23	LONG	0,00167	5981,87	0,00451	HOLD	98,2349	131,3249
2023-09-04	23:00	25814,24	25879,37	25810	25864,08	LONG	0,00167	5981,87	0,00451	HOLD	98,2349	131,4082
2023-09-05	00:00	25864,08	25941,48	25850,47	25907,48	LONG	0,00167	5981,87	0,00451	HOLD	98,2349	131,4806
2023-09-05	01:00	25907,47	25948,15	25886,45	25915,66	LONG	0,00167	5981,87	0,00451	HOLD	98,2349	131,4943
2023-09-05	02:00	25915,66	25916,83	25853,15	25893,18	LONG	0,00167	5981,87	0,00451	HOLD	98,2349	131,4568
2023-09-05	03:00	25893,19	25920	25806,41	25836,68	LONG	0,00167	5981,87	0,00451	HOLD	98,2349	131,3624
2023-09-05	04:00	25836,68	25842,23	25631,21	25677,71	LONG	0,00167	5981,87	0,00451	HOLD	98,2349	131,0969
2023-09-05	05:00	25677,72	25798,54	25632,61	25775,01	LONG	0,00167	5981,87	0,00451	HOLD	98,2349	131,2594
2023-09-05	06:00	25775,02	25874,97	25764,02	25826,02	LONG	0,00167	5981,87	0,00451	HOLD	98,2349	131,3446
2023-09-05	07:00	25826,03	25844,48	25737,69	25768,49	LONG	0,00167	5981,87	0,00451	HOLD	98,2349	131,2485
2023-09-05	08:00	25768,5	25803,94	25745,03	25753,14	LONG	0,00167	5981,87	0,00451	HOLD	98,2349	131,2229
2023-09-05	09:00	25753,15	25758,68	25670	25670,49	LONG	0,00167	5981,87	0,00451	HOLD	98,2349	131,0849
2023-09-05	10:00	25670,5	25694,29	25562,62	25692,45	LONG	0,00167	5981,87	0,00451	HOLD	98,2349	131,1215
2023-09-05	11:00	25692,45	25731,19	25678,06	25698,24	LONG	0,00167	5981,87	0,00451	HOLD	98,2349	131,1312
2023-09-05	12:00	25698,23	25756,72	25688,73	25733,31	LONG	0,00167	5981,87	0,00451	HOLD	98,2349	131,1898
2023-09-05	13:00	25733,31	25741,46	25682,55	25690	LONG	0,00167	5981,87	0,00451	HOLD	98,2349	131,1174
2023-09-05	14:00	25690	25736,22	25687,57	25735,56	LONG	0,00167	5981,87	0,00451	HOLD	98,2349	131,1935
2023-09-05	15:00	25735,57	25812,09	25654	25710,92	LONG	0,00167	5981,87	0,00451	HOLD	98,2349	131,1524
2023-09-05	16:00	25710,92	25794,38	25700,44	25752,27	LONG	0,00167	5981,87	0,00451	HOLD	98,2349	131,2214
2023-09-05	17:00	25752,26	25810,16	25747,2	25758,01	LONG	0,00167	5981,87	0,00451	HOLD	98,2349	131,231
2023-09-05	18:00	25758	25796,97	25746,14	25783,68	LONG	0,00167	5981,87	0,00451	HOLD	98,2349	131,2739
2023-09-05	19:00	25783,69	25839	25700	25824,26	LONG	0,00167	5981,87	0,00451	HOLD	98,2349	131,3417
2023-09-05	20:00	25824,26	25832,23	25736,03	25736,25	LONG	0,00167	5981,87	0,00451	HOLD	98,2349	131,1947
2023-09-05	21:00	25736,26	25766,08	25625,03	25716,23	LONG	0,00167	5981,87	0,00451	HOLD	98,2349	131,1612
2023-09-05	22:00	25716,24	25915,49	25671,41	25759,37	LONG	0,00167	5981,87	0,00451	HOLD	98,2349	131,2333
2023-09-05	23:00	25759,38	25845	25735,52	25753,62	LONG	0,00167	5981,87	0,00451	HOLD	98,2349	131,2237
2023-09-06	00:00	25753,61	25774,77	25706,53	25749,08	LONG	0,00167	5981,87	0,00451	HOLD	98,2349	131,2161
2023-09-06	01:00	25749,09	25762,98	25715,27	25742,39	LONG	0,00167	5981,87	0,00451	HOLD	98,2349	131,2049
2023-09-06	02:00	25742,38	25772,37	25683,93	25683,93	LONG	0,00167	5981,87	0,00451	HOLD	98,2349	131,1073
2023-09-06	03:00	25683,93	25738	25675	25714,41	LONG	0,00167	5981,87	0,00451	HOLD	98,2349	131,1582
2023-09-06	04:00	25714,41	25769,19	25712,48	25735,02	LONG	0,00167	5981,87	0,00451	HOLD	98,2349	131,1926
2023-09-06	05:00	25735,01	25771,68	25727,54	25768,29	LONG	0,00167	5981,87	0,00451	HOLD	98,2349	131,2482
2023-09-06	06:00	25768,29	25802,73	25768,02	25792,1	LONG	0,00167	5981,87	0,00451	HOLD	98,2349	131,2879
2023-09-06	07:00	25792,11	25825,76	25778,71	25803,43	LONG	0,00167	5981,87	0,00451	HOLD	98,2349	131,3069
2023-09-06	08:00	25803,42	25828,8	25773,12	25783,33	LONG	0,00167	5981,87	0,00451	HOLD	98,2349	131,2733
2023-09-06	09:00	25783,34	25859,42	25774,18	25849,65	LONG	0,00167	5981,87	0,00451	HOLD	98,2349	131,3841
2023-09-06	10:00	25849,65	25870,51	25777,53	25782,86	LONG	0,00167	5981,87	0,00451	HOLD	98,2349	131,2725
2023-09-06	11:00	25782,87	25792,25	25755,38	25755,39	LONG	0,00167	5981,87	0,00451	HOLD	98,2349	131,2266
2023-09-06	12:00	25755,39	25766,95	25740,13	25746,55	LONG	0,00167	5981,87	0,00451	HOLD	98,2349	131,2119
2023-09-06	13:00	25746,55	25791,32	25740,91	25780,01	LONG	0,00167	5981,87	0,00451	HOLD	98,2349	131,2678
2023-09-06	14:00	25780	25784,57	25723,65	25728,93	LONG	0,00167	5981,87	0,00451	HOLD	98,2349	131,1825
2023-09-06	15:00	25728,93	25759,4	25724,99	25749,93	LONG	0,00167	5981,87	0,00451	HOLD	98,2349	131,2175
2023-09-06	16:00	25749,93	25772,48	25715,16	25753,47	LONG	0,00167	5981,87	0,00451	HOLD	98,2349	131,2234
2023-09-06	17:00	25753,46	25777,2	25722,14	25726,92	LONG	0,00167	5981,87	0,00451	HOLD	98,2349	131,1791
2023-09-06	18:00	25726,92	25771,14	25722,79	25733,29	LONG	0,00167	5981,87	0,00451	HOLD	98,2349	131,1897
2023-09-06	19:00	25733,28	25746,19	25693,52	25713,63	LONG	0,00167	5981,87	0,00451	HOLD	98,2349	131,1569
2023-09-06	20:00	25713,64	25778	25687,63	25741,82	LONG	0,00167	5981,87	0,00451	HOLD	98,2349	131,204
2023-09-06	21:00	25741,83	25741,83	25540	25615,93	LONG	0,00167	5981,87	0,00451	HOLD	98,2349	130,9937
2023-09-06	22:00	25615,92	25658,6	25546,87	25588,02	LONG	0,00167	5981,87	0,00451	HOLD	98,2349	130,9471
2023-09-06	23:00	25588,01	25638,5	25552,76	25595,2	LONG	0,00167	5981,87	0,00451	HOLD	98,2349	130,9591
2023-09-07	00:00	25595,19	26040	25372,51	25860,01	LONG	0,00167	5981,87	0,00451	HOLD	98,2349	131,4014
2023-09-07	01:00	25860	25959,52	25588	25630	LONG	0,00167	5981,87	0,00451	HOLD	98,2349	131,0172
2023-09-07	02:00	25630	25728,73	25592,19	25689,54	LONG	0,00167	5981,87	0,00451	HOLD	98,2349	131,1167
2023-09-07	03:00	25689,54	25720,09	25655,02	25681,37	LONG	0,00167	5981,87	0,00451	HOLD	98,2349	131,103
2023-09-07	04:00	25681,38	25775	25673,46	25725,62	LONG	0,00167	5981,87	0,00451	HOLD	98,2349	131,1769
2023-09-07	05:00	25725,63	25776,72	25720,27	25748,24	LONG	0,00167	5981,87	0,00451	HOLD	98,2349	131,2147
2023-09-07	06:00	25748,25	25786,51	25737,55	25759,95	LONG	0,00167	5981,87	0,00451	HOLD	98,2349	131,2343
2023-09-07	07:00	25759,95	25771,51	25733,75	25758,64	LONG	0,00167	5981,87	0,00451	HOLD	98,2349	131,2321
2023-09-07	08:00	25758,63	25775,27	25724,78	25745,71	LONG	0,00167	5981,87	0,00451	HOLD	98,2349	131,2105
2023-09-07	09:00	25745,71	25781,75	25733,21	25750,01	LONG	0,00167	5981,87	0,00451	HOLD	98,2349	131,2177
2023-09-07	10:00	25750,01	25839,5	25750	25837,88	LONG	0,00167	5981,87	0,00451	HOLD	98,2349	131,3644
2023-09-07	11:00	25837,88	25850	25785,01	25816,09	LONG	0,00167	5981,87	0,00451	HOLD	98,2349	131,328
2023-09-07	12:00	25816,1	25820	25776,87	25788,92	LONG	0,00167	5981,87	0,00451	HOLD	98,2349	131,2826
2023-09-07	13:00	25788,91	25795,62	25761,86	25761,87	LONG	0,00167	5981,87	0,00451	HOLD	98,2349	131,2375
2023-09-07	14:00	25761,87	25769,42	25745,94	25762,89	LONG	0,00167	5981,87	0,00451	HOLD	98,2349	131,2392
2023-09-07	15:00	25762,89	25762,9	25730,27	25744,99	LONG	0,00167	5981,87	0,00451	HOLD	98,2349	131,2093
2023-09-07	16:00	25744,99	25760,61	25734,07	25735,35	LONG	0,00167	5981,87	0,00451	HOLD	98,2349	131,1932
2023-09-07	17:00	25735,36	25748,77	25719,06	25748,76	LONG	0,00167	5981,87	0,00451	HOLD	98,2349	131,2156
2023-09-07	18:00	25748,77	25757,43	25691,07	25708,6	LONG	0,00167	5981,87	0,00451	HOLD	98,2349	131,1485
2023-09-07	19:00	25708,6	25718,86	25636,72	25660	LONG	0,00167	5981,87	0,00451	HOLD	98,2349	131,0673
2023-09-07	20:00	25660,01	25773,72	25627,7	25646,63	LONG	0,00167	5981,87	0,00451	HOLD	98,2349	131,045
2023-09-07	21:00	25646,64	25768,84	25615,38	25768,76	LONG	0,00167	5981,87	0,00451	HOLD	98,2349	131,249
2023-09-07	22:00	25768,76	25834,52	25741,27	25779,35	LONG	0,00167	5981,87	0,00451	HOLD	98,2349	131,2667
2023-09-07	23:00	25779,35	25976,66	25773,52	25828,71	LONG	0,00167	5981,87	0,00451	HOLD	98,2349	131,3491
2023-09-08	00:00	25828,72	25965	25794,54	25931,18	LONG	0,00167	5981,87	0,00451	HOLD	98,2349	131,5202
2023-09-08	01:00	25931,19	25977,75	25853,33	25902,88	LONG	0,00167	5981,87	0,00451	HOLD	98,2349	131,473
2023-09-08	02:00	25902,87	25915	25836,76	25880,01	LONG	0,00167	5981,87	0,00451	HOLD	98,2349	131,4348
2023-09-08	03:00	25880,01	26025	25858,21	26006,25	LONG	0,00167	5981,87	0,00451	HOLD	98,2349	131,6456
2023-09-08	04:00	26006,24	26443,14	26006,24	26160	LONG	0,00167	5981,87	0,00451	HOLD	98,2349	131,9023
2023-09-08	05:00	26159,99	26433,33	26159,99	26323,99	LONG	0,00167	5981,87	0,00451	HOLD	98,2349	132,1762
2023-09-08	06:00	26323,99	26358,07	26134,5	26255	LONG	0,00167	5981,87	0,00451	HOLD	98,2349	132,061
2023-09-08	07:00	26255	26445,5	26222,52	26359,08	LONG	0,00167	5981,87	0,00451	HOLD	98,2349	132,2348
2023-09-08	08:00	26359,09	26385,48	26238,77	26244,79	LONG	0,00167	5981,87	0,00451	HOLD	98,2349	132,0439
2023-09-08	09:00	26244,79	26286,09	26198,91	26248,33	LONG	0,00167	5981,87	0,00451	HOLD	98,2349	132,0499
2023-09-08	10:00	26248,32	26272,86	26215,36	26252,8	LONG	0,00167	5981,87	0,00451	HOLD	98,2349	132,0573
2023-09-08	11:00	26252,81	26382,65	26252,8	26345,8	LONG	0,00167	5981,87	0,00451	HOLD	98,2349	132,2126
2023-09-08	12:00	26345,79	26385	26239,43	26239,43	LONG	0,00167	5981,87	0,00451	HOLD	98,2349	132,035
2023-09-08	13:00	26239,44	26257,79	26190	26224,85	LONG	0,00167	5981,87	0,00451	HOLD	98,2349	132,0106
2023-09-08	14:00	26224,86	26289,13	26224,85	26256,22	LONG	0,00167	5981,87	0,00451	HOLD	98,2349	132,063
2023-09-08	15:00	26256,21	26266,93	26188,23	26200,04	LONG	0,00167	5981,87	0,00451	HOLD	98,2349	131,9692
2023-09-08	16:00	26200,04	26200,04	26035,99	26044,08	LONG	0,00167	5981,87	0,00451	HOLD	98,2349	131,7088
2023-09-08	17:00	26044,08	26044,08	25647,26	25831,21	LONG	0,00167	5981,87	0,00451	HOLD	98,2349	131,3533
2023-09-08	18:00	25831,21	25896,24	25817,08	25839,51	LONG	0,00167	5981,87	0,00451	HOLD	98,2349	131,3671
2023-09-08	19:00	25839,52	25905	25795,45	25854,03	LONG	0,00167	5981,87	0,00451	HOLD	98,2349	131,3914
2023-09-08	20:00	25854,03	25955	25825,25	25887,46	LONG	0,00167	5981,87	0,00451	HOLD	98,2349	131,4472
2023-09-08	21:00	25887,46	25944,19	25831,24	25831,25	LONG	0,00167	5981,87	0,00451	HOLD	98,2349	131,3533
2023-09-08	22:00	25831,24	25900	25818,4	25844,64	LONG	0,00167	5981,87	0,00451	HOLD	98,2349	131,3757
2023-09-08	23:00	25844,64	25875,15	25719,8	25796,69	LONG	0,00167	5981,87	0,00451	HOLD	98,2349	131,2956
2023-09-09	00:00	25796,69	25849,1	25746	25829,01	LONG	0,00167	5981,87	0,00451	HOLD	98,2349	131,3496
2023-09-09	01:00	25829,01	25834,97	25766,21	25798,34	LONG	0,00167	5981,87	0,00451	HOLD	98,2349	131,2984
2023-09-09	02:00	25798,34	25895,63	25781,84	25895,62	LONG	0,00167	5981,87	0,00451	HOLD	98,2349	131,4608
2023-09-09	03:00	25895,63	25910	25850,13	25908,81	LONG	0,00167	5981,87	0,00451	HOLD	98,2349	131,4829
2023-09-09	04:00	25908,81	25932,36	25867,55	25894,23	LONG	0,00167	5981,87	0,00451	HOLD	98,2349	131,4585
2023-09-09	05:00	25894,22	25911,66	25889,56	25905,74	LONG	0,00167	5981,87	0,00451	HOLD	98,2349	131,4777
2023-09-09	06:00	25905,74	25934,36	25897,91	25910,5	LONG	0,00167	5981,87	0,00451	HOLD	98,2349	131,4857
2023-09-09	07:00	25910,5	25910,5	25855,32	25860,65	LONG	0,00167	5981,87	0,00451	HOLD	98,2349	131,4024
2023-09-09	08:00	25860,65	25889,42	25852	25865,23	LONG	0,00167	5981,87	0,00451	HOLD	98,2349	131,4101
2023-09-09	09:00	25865,22	25893,65	25850,82	25888	LONG	0,00167	5981,87	0,00451	HOLD	98,2349	131,4481
2023-09-09	10:00	25888	25888	25866	25875	LONG	0,00167	5981,87	0,00451	HOLD	98,2349	131,4264
2023-09-09	11:00	25874,99	25880,82	25863,4	25873,37	LONG	0,00167	5981,87	0,00451	HOLD	98,2349	131,4237
2023-09-09	12:00	25873,38	25888	25836,49	25844,92	LONG	0,00167	5981,87	0,00451	HOLD	98,2349	131,3762
2023-09-09	13:00	25844,92	25881,27	25844,92	25881,27	LONG	0,00167	5981,87	0,00451	HOLD	98,2349	131,4369
2023-09-09	14:00	25881,27	25894,21	25872,56	25886,15	LONG	0,00167	5981,87	0,00451	HOLD	98,2349	131,445
2023-09-09	15:00	25886,14	25907,75	25866,74	25870,48	LONG	0,00167	5981,87	0,00451	HOLD	98,2349	131,4188
2023-09-09	16:00	25870,49	25907,22	25869,59	25882,91	LONG	0,00167	5981,87	0,00451	HOLD	98,2349	131,4396
2023-09-09	17:00	25882,91	25896,29	25855,5	25868,49	LONG	0,00167	5981,87	0,00451	HOLD	98,2349	131,4155
2023-09-09	18:00	25868,5	25878,11	25849,05	25863,03	LONG	0,00167	5981,87	0,00451	HOLD	98,2349	131,4064
2023-09-09	19:00	25863,03	25867,08	25849,67	25852,74	LONG	0,00167	5981,87	0,00451	HOLD	98,2349	131,3892
2023-09-09	20:00	25852,74	25870,17	25796,64	25824,6	LONG	0,00167	5981,87	0,00451	HOLD	98,2349	131,3422
2023-09-09	21:00	25824,59	25859,5	25822,33	25847,38	LONG	0,00167	5981,87	0,00451	HOLD	98,2349	131,3803
2023-09-09	22:00	25847,37	25928,66	25847,37	25894,09	LONG	0,00167	5981,87	0,00451	HOLD	98,2349	131,4583
2023-09-09	23:00	25894,1	25945,09	25879,99	25895,84	LONG	0,00167	5981,87	0,00451	HOLD	98,2349	131,4612
2023-09-10	00:00	25895,85	25905,73	25870,8	25879	LONG	0,00167	5981,87	0,00451	HOLD	98,2349	131,4331
2023-09-10	01:00	25879,01	25879,01	25845,7	25861,91	LONG	0,00167	5981,87	0,00451	HOLD	98,2349	131,4045
2023-09-10	02:00	25861,9	25878,35	25854,51	25868,43	LONG	0,00167	5981,87	0,00451	HOLD	98,2349	131,4154
2023-09-10	03:00	25868,42	25889,49	25857,74	25863,01	LONG	0,00167	5981,87	0,00451	HOLD	98,2349	131,4064
2023-09-10	04:00	25863	25900	25862,13	25891,28	LONG	0,00167	5981,87	0,00451	HOLD	98,2349	131,4536
2023-09-10	05:00	25891,28	25919,5	25881	25908,53	LONG	0,00167	5981,87	0,00451	HOLD	98,2349	131,4824
2023-09-10	06:00	25908,53	25918,19	25888,97	25901,61	LONG	0,00167	5981,87	0,00451	HOLD	98,2349	131,4708
2023-09-10	07:00	25901,6	25902,68	25862,25	25871,65	LONG	0,00167	5981,87	0,00451	HOLD	98,2349	131,4208
2023-09-10	08:00	25871,64	25871,65	25831,09	25852,75	LONG	0,00167	5981,87	0,00451	HOLD	98,2349	131,3892
2023-09-10	09:00	25852,74	25858,81	25842,75	25853,35	LONG	0,00167	5981,87	0,00451	HOLD	98,2349	131,3902
2023-09-10	10:00	25853,36	25878,04	25825,8	25861,39	LONG	0,00167	5981,87	0,00451	HOLD	98,2349	131,4037
2023-09-10	11:00	25861,39	25862,19	25750,35	25832,82	LONG	0,00167	5981,87	0,00451	HOLD	98,2349	131,356
2023-09-10	12:00	25832,82	25853,17	25810	25847,81	LONG	0,00167	5981,87	0,00451	HOLD	98,2349	131,381
2023-09-10	13:00	25847,82	25869,99	25840,45	25852,01	LONG	0,00167	5981,87	0,00451	HOLD	98,2349	131,388
2023-09-10	14:00	25852,01	25873,96	25850	25852,25	LONG	0,00167	5981,87	0,00451	HOLD	98,2349	131,3884
2023-09-10	15:00	25852,25	25872,11	25826,33	25863,1	LONG	0,00167	5981,87	0,00451	HOLD	98,2349	131,4065
2023-09-10	16:00	25863,11	25865,82	25824,28	25830,01	LONG	0,00167	5981,87	0,00451	HOLD	98,2349	131,3513
2023-09-10	17:00	25830	25844,26	25805	25805,01	LONG	0,00167	5981,87	0,00451	HOLD	98,2349	131,3095
2023-09-10	18:00	25805	25824,4	25795,33	25795,33	LONG	0,00167	5981,87	0,00451	HOLD	98,2349	131,2933
2023-09-10	19:00	25795,33	25819	25793,4	25802,47	LONG	0,00167	5981,87	0,00451	HOLD	98,2349	131,3053
2023-09-10	20:00	25802,47	25834,82	25767,5	25809,06	LONG	0,00167	5981,87	0,00451	HOLD	98,2349	131,3163
2023-09-10	21:00	25809,06	25822,25	25742,26	25773,24	LONG	0,00167	5981,87	0,00451	HOLD	98,2349	131,2565
2023-09-10	22:00	25773,24	25797,49	25712,6	25775,01	LONG	0,00167	5981,87	0,00451	HOLD	98,2349	131,2594
2023-09-10	23:00	25775,02	25791,17	25650	25791,17	LONG	0,00167	5981,87	0,00451	HOLD	98,2349	131,2864
2023-09-11	00:00	25791,16	25792,71	25672,65	25695,6	LONG	0,00167	5981,87	0,00451	HOLD	98,2349	131,1268
2023-09-11	01:00	25695,59	25754,21	25687,77	25728,23	LONG	0,00167	5981,87	0,00451	HOLD	98,2349	131,1813
2023-09-11	02:00	25728,23	25860	25570,57	25800	LONG	0,00167	5981,87	0,00451	HOLD	98,2349	131,3011
2023-09-11	03:00	25799,99	25911	25771,3	25820,35	LONG	0,00167	5981,87	0,00451	HOLD	98,2349	131,3351
2023-09-11	04:00	25820,35	25908,95	25815,5	25902,81	LONG	0,00167	5981,87	0,00451	HOLD	98,2349	131,4728
2023-09-11	05:00	25902,82	26033,66	25851,85	25852,34	LONG	0,00167	5981,87	0,00451	HOLD	98,2349	131,3886
2023-09-11	06:00	25852,34	25864,99	25818,39	25841,61	LONG	0,00167	5981,87	0,00451	HOLD	98,2349	131,3706
2023-09-11	07:00	25841,6	25876,73	25652,78	25726,35	LONG	0,00167	5981,87	0,00451	HOLD	98,2349	131,1781
2023-09-11	08:00	25726,35	25756,57	25666,59	25687,32	LONG	0,00167	5981,87	0,00451	HOLD	98,2349	131,113
2023-09-11	09:00	25687,33	25742,46	25659,82	25735,72	LONG	0,00167	5981,87	0,00451	HOLD	98,2349	131,1938
2023-09-11	10:00	25735,73	25786,96	25732,94	25740,39	LONG	0,00167	5981,87	0,00451	HOLD	98,2349	131,2016
2023-09-11	11:00	25740,38	25784,32	25720,82	25778,07	LONG	0,00167	5981,87	0,00451	HOLD	98,2349	131,2645
2023-09-11	12:00	25778,06	25894,48	25776,29	25892,97	LONG	0,00167	5981,87	0,00451	HOLD	98,2349	131,4564
2023-09-11	13:00	25892,96	25900,69	25820	25839,55	LONG	0,00167	5981,87	0,00451	HOLD	98,2349	131,3672
2023-09-11	14:00	25839,55	25843,65	25797,86	25813,65	LONG	0,00167	5981,87	0,00451	HOLD	98,2349	131,3239
2023-09-11	15:00	25813,65	25830,95	25752,46	25805,26	LONG	0,00167	5981,87	0,00451	HOLD	98,2349	131,3099
2023-09-11	16:00	25805,25	25811,55	25663,81	25736,49	LONG	0,00167	5981,87	0,00451	HOLD	98,2349	131,1951
2023-09-11	17:00	25736,49	25740,65	25577,3	25711,52	LONG	0,00167	5981,87	0,00451	HOLD	98,2349	131,1534
2023-09-11	18:00	25711,53	25717,92	25589	25601,27	LONG	0,00167	5981,87	0,00451	HOLD	98,2349	130,9693
2023-09-11	19:00	25601,27	25718,01	25589,12	25718	LONG	0,00167	5981,87	0,00451	HOLD	98,2349	131,1642
2023-09-11	20:00	25718,01	25755,09	25605	25617,5	LONG	0,00167	5981,87	0,00451	HOLD	98,2349	130,9964
2023-09-11	21:00	25617,5	25634,93	25004	25147,75	LONG	0,00167	5981,87	0,00451	HOLD	98,2349	130,2119
2023-09-11	22:00	25147,76	25203,65	24951	25115,97	LONG	0,00167	5981,87	0,00451	HOLD	98,2349	130,1588
2023-09-11	23:00	25115,98	25250,49	25102,22	25185,01	LONG	0,00167	5981,87	0,00451	HOLD	98,2349	130,2741
2023-09-12	00:00	25185,01	25229,43	25051,01	25223,92	LONG	0,00167	5981,87	0,00451	HOLD	98,2349	130,3391
2023-09-12	01:00	25223,92	25227,96	25152,94	25163,6	LONG	0,00167	5981,87	0,00451	HOLD	98,2349	130,2384
2023-09-12	02:00	25163,59	25164,97	24990,38	25020,66	LONG	0,00167	5981,87	0,00451	HOLD	98,2349	129,9996
2023-09-12	03:00	25020,66	25133,38	24901	25099,99	LONG	0,00167	5981,87	0,00451	HOLD	98,2349	130,1321
2023-09-12	04:00	25099,99	25217	25077,51	25147,99	LONG	0,00167	5981,87	0,00451	HOLD	98,2349	130,2123
2023-09-12	05:00	25147,99	25197,31	25126,48	25148,62	LONG	0,00167	5981,87	0,00451	HOLD	98,2349	130,2133
2023-09-12	06:00	25148,61	25177,5	25084,25	25162,52	LONG	0,00167	5981,87	0,00451	HOLD	98,2349	130,2366
2023-09-12	07:00	25162,53	25234,99	25144,23	25202,39	LONG	0,00167	5981,87	0,00451	HOLD	98,2349	130,3031
2023-09-12	08:00	25202,38	25214,21	25131,48	25141,58	LONG	0,00167	5981,87	0,00451	HOLD	98,2349	130,2016
2023-09-12	09:00	25141,57	25218,04	25136,07	25209,39	LONG	0,00167	5981,87	0,00451	HOLD	98,2349	130,3148
2023-09-12	10:00	25209,39	25950	25209,38	25797,97	LONG	0,00167	5981,87	0,00451	HOLD	98,2349	131,2978
2023-09-12	11:00	25797,98	25990	25742,82	25760,81	LONG	0,00167	5981,87	0,00451	HOLD	98,2349	131,2357
2023-09-12	12:00	25760,8	25782,1	25612,7	25773,08	LONG	0,00167	5981,87	0,00451	HOLD	98,2349	131,2562
2023-09-12	13:00	25773,07	25850,53	25723,27	25763,73	LONG	0,00167	5981,87	0,00451	HOLD	98,2349	131,2406
2023-09-12	14:00	25763,74	25874,99	25724,63	25822,71	LONG	0,00167	5981,87	0,00451	HOLD	98,2349	131,3391
2023-09-12	15:00	25822,71	25871,06	25735,29	25766,93	LONG	0,00167	5981,87	0,00451	HOLD	98,2349	131,2459
2023-09-12	16:00	25766,93	25875,85	25736,12	25869,97	LONG	0,00167	5981,87	0,00451	HOLD	98,2349	131,418
2023-09-12	17:00	25869,96	26331,38	25841,38	26159,98	LONG	0,00167	5981,87	0,00451	HOLD	98,2349	131,9023
2023-09-12	18:00	26159,98	26175,97	26031,63	26098,99	LONG	0,00167	5981,87	0,00451	HOLD	98,2349	131,8005
2023-09-12	19:00	26098,98	26230	26095,4	26121,84	LONG	0,00167	5981,87	0,00451	HOLD	98,2349	131,8386
2023-09-12	20:00	26121,84	26328,99	26033,73	26275,36	LONG	0,00167	5981,87	0,00451	HOLD	98,2349	132,095
2023-09-12	21:00	26275,36	26392	26047,05	26114,39	LONG	0,00167	5981,87	0,00451	HOLD	98,2349	131,8262
2023-09-12	22:00	26114,39	26230	26111,11	26205,97	LONG	0,00167	5981,87	0,00451	HOLD	98,2349	131,9791
2023-09-12	23:00	26205,98	26567	26070	26109,32	LONG	0,00167	5981,87	0,00451	HOLD	98,2349	131,8177
2023-09-13	00:00	26109,32	26166,94	25892,42	25903,04	LONG	0,00167	5981,87	0,00451	HOLD	98,2349	131,4732
2023-09-13	01:00	25903,04	26021,4	25882,43	25980,28	LONG	0,00167	5981,87	0,00451	HOLD	98,2349	131,6022
2023-09-13	02:00	25980,29	26265,98	25980,28	26066,33	LONG	0,00167	5981,87	0,00451	HOLD	98,2349	131,7459
2023-09-13	03:00	26066,34	26117,7	26053,15	26073,9	LONG	0,00167	5981,87	0,00451	HOLD	98,2349	131,7586
2023-09-13	04:00	26073,9	26159,11	26063,61	26102,98	LONG	0,00167	5981,87	0,00451	HOLD	98,2349	131,8071
2023-09-13	05:00	26102,99	26102,99	25920	25970,01	LONG	0,00167	5981,87	0,00451	HOLD	98,2349	131,5851
2023-09-13	06:00	25970,01	25970,01	25790	25840,1	LONG	0,00167	5981,87	0,00451	HOLD	98,2349	131,3681
2023-09-13	07:00	25840,1	25985,91	25764,17	25919,51	LONG	0,00167	5981,87	0,00451	HOLD	98,2349	131,5007
2023-09-13	08:00	25919,52	25963,63	25905,44	25957,47	LONG	0,00167	5981,87	0,00451	HOLD	98,2349	131,5641
2023-09-13	09:00	25957,46	25970,03	25906,67	25910,5	LONG	0,00167	5981,87	0,00451	HOLD	98,2349	131,4857
2023-09-13	10:00	25910,49	25924,1	25836,96	25879,24	LONG	0,00167	5981,87	0,00451	HOLD	98,2349	131,4335
2023-09-13	11:00	25879,24	25949,19	25864,32	25926,36	LONG	0,00167	5981,87	0,00451	HOLD	98,2349	131,5122
2023-09-13	12:00	25926,37	25927,98	25850,91	25900,01	LONG	0,00167	5981,87	0,00451	HOLD	98,2349	131,4682
2023-09-13	13:00	25900	25995	25866,73	25956,65	LONG	0,00167	5981,87	0,00451	HOLD	98,2349	131,5627
2023-09-13	14:00	25956,65	26109,94	25855,17	25879,91	LONG	0,00167	5981,87	0,00451	HOLD	98,2349	131,4346
2023-09-13	15:00	25879,91	25966,96	25866,17	25952,88	LONG	0,00167	5981,87	0,00451	HOLD	98,2349	131,5565
2023-09-13	16:00	25952,88	26205,89	25928,54	26154,98	LONG	0,00167	5981,87	0,00451	HOLD	98,2349	131,894
2023-09-13	17:00	26154,98	26233,16	26094,53	26151,9	LONG	0,00167	5981,87	0,00451	HOLD	98,2349	131,8888
2023-09-13	18:00	26151,9	26247,79	26107,83	26198,41	LONG	0,00167	5981,87	0,00451	HOLD	98,2349	131,9665
2023-09-13	19:00	26198,41	26268,54	26016,22	26212,51	LONG	0,00167	5981,87	0,00451	HOLD	98,2349	131,99
2023-09-13	20:00	26212,51	26232,46	26083,8	26124,87	LONG	0,00167	5981,87	0,00451	HOLD	98,2349	131,8437
2023-09-13	21:00	26124,88	26349,17	26068,73	26214,37	LONG	0,00167	5981,87	0,00451	HOLD	98,2349	131,9931
2023-09-13	22:00	26214,38	26387,76	26181,57	26241,31	LONG	0,00167	5981,87	0,00451	HOLD	98,2349	132,0381
2023-09-13	23:00	26241,31	26405,22	26201,75	26280,05	LONG	0,00167	5981,87	0,00451	HOLD	98,2349	132,1028
2023-09-14	00:00	26280,05	26355,1	26084,17	26094,13	LONG	0,00167	5981,87	0,00451	HOLD	98,2349	131,7923
2023-09-14	01:00	26094,13	26164,41	26086,2	26111,48	LONG	0,00167	5981,87	0,00451	HOLD	98,2349	131,8213
2023-09-14	02:00	26111,49	26201,61	26055	26140,01	LONG	0,00167	5981,87	0,00451	HOLD	98,2349	131,869
2023-09-14	03:00	26140	26250,4	26140	26218,04	LONG	0,00167	5981,87	0,00451	HOLD	98,2349	131,9993
2023-09-14	04:00	26218,04	26272,31	26206,09	26226,77	LONG	0,00167	5981,87	0,00451	HOLD	98,2349	132,0138
2023-09-14	05:00	26226,77	26305,46	26226,77	26242,18	LONG	0,00167	5981,87	0,00451	HOLD	98,2349	132,0396
2023-09-14	06:00	26242,18	26263,58	26200	26222	LONG	0,00167	5981,87	0,00451	HOLD	98,2349	132,0059
2023-09-14	07:00	26222	26525	26184,63	26522	LONG	0,00167	5981,87	0,00451	HOLD	98,2349	132,5069
2023-09-14	08:00	26522	26541,77	26126,77	26173,37	LONG	0,00167	5981,87	0,00451	HOLD	98,2349	131,9247
2023-09-14	09:00	26173,37	26285,02	26168,62	26284,99	LONG	0,00167	5981,87	0,00451	HOLD	98,2349	132,1111
2023-09-14	10:00	26284,99	26300	26254,34	26265,68	LONG	0,00167	5981,87	0,00451	HOLD	98,2349	132,0788
2023-09-14	11:00	26265,69	26280,3	26196,62	26214,13	LONG	0,00167	5981,87	0,00451	HOLD	98,2349	131,9927
2023-09-14	12:00	26214,14	26241,84	26163,96	26194,76	LONG	0,00167	5981,87	0,00451	HOLD	98,2349	131,9604
2023-09-14	13:00	26194,77	26295	26183,95	26291,88	LONG	0,00167	5981,87	0,00451	HOLD	98,2349	132,1226
2023-09-14	14:00	26291,88	26390,1	26262,34	26344,45	LONG	0,00167	5981,87	0,00451	HOLD	98,2349	132,2104
2023-09-14	15:00	26344,44	26357,86	26275	26306,51	LONG	0,00167	5981,87	0,00451	HOLD	98,2349	132,147
2023-09-14	16:00	26306,5	26306,51	26270	26287,6	LONG	0,00167	5981,87	0,00451	HOLD	98,2349	132,1154
2023-09-14	17:00	26287,6	26341,9	26283,1	26334,44	LONG	0,00167	5981,87	0,00451	HOLD	98,2349	132,1937
2023-09-14	18:00	26334,43	26489,5	26331	26446,15	LONG	0,00167	5981,87	0,00451	HOLD	98,2349	132,3802
2023-09-14	19:00	26446,15	26592,95	26342,08	26458,68	LONG	0,00167	5981,87	0,00451	HOLD	98,2349	132,4011
2023-09-14	20:00	26458,68	26766	26458,67	26582,42	LONG	0,00167	5981,87	0,00451	HOLD	98,2349	132,6078
2023-09-14	21:00	26582,43	26750	26528,24	26731,4	LONG	0,00167	5981,87	0,00451	HOLD	98,2349	132,8566
2023-09-14	22:00	26731,39	26798,5	26583,63	26693,97	LONG	0,00167	5981,87	0,00451	HOLD	98,2349	132,7941
2023-09-14	23:00	26693,97	26731,21	26546,6	26621,67	LONG	0,00167	5981,87	0,00451	HOLD	98,2349	132,6733
2023-09-15	00:00	26621,68	26680	26569,65	26645,63	LONG	0,00167	5981,87	0,00451	HOLD	98,2349	132,7133
2023-09-15	01:00	26645,63	26860,49	26581	26581	LONG	0,00167	5981,87	0,00451	HOLD	98,2349	132,6054
2023-09-15	02:00	26581,01	26682,87	26558	26678,14	LONG	0,00167	5981,87	0,00451	HOLD	98,2349	132,7676
2023-09-15	03:00	26678,13	26723,64	26558,02	26568,72	LONG	0,00167	5981,87	0,00451	HOLD	98,2349	132,5849
2023-09-15	04:00	26568,72	26622,03	26473	26534,84	LONG	0,00167	5981,87	0,00451	HOLD	98,2349	132,5283
2023-09-15	05:00	26534,84	26620,29	26510	26601,15	LONG	0,00167	5981,87	0,00451	HOLD	98,2349	132,6391
2023-09-15	06:00	26601,14	26628,76	26497,07	26522,73	LONG	0,00167	5981,87	0,00451	HOLD	98,2349	132,5081
2023-09-15	07:00	26522,73	26560	26470	26481,44	LONG	0,00167	5981,87	0,00451	HOLD	98,2349	132,4391
2023-09-15	08:00	26481,43	26520,51	26448,19	26502,66	LONG	0,00167	5981,87	0,00451	HOLD	98,2349	132,4746
2023-09-15	09:00	26502,66	26609,98	26502,65	26608,59	LONG	0,00167	5981,87	0,00451	HOLD	98,2349	132,6515
2023-09-15	10:00	26608,59	26624,52	26573,63	26615,39	LONG	0,00167	5981,87	0,00451	HOLD	98,2349	132,6628
2023-09-15	11:00	26615,4	26655,84	26600,39	26642,16	LONG	0,00167	5981,87	0,00451	HOLD	98,2349	132,7075
2023-09-15	12:00	26642,15	26642,83	26575	26588,99	LONG	0,00167	5981,87	0,00451	HOLD	98,2349	132,6188
2023-09-15	13:00	26588,98	26609,88	26564,28	26576,02	LONG	0,00167	5981,87	0,00451	HOLD	98,2349	132,5971
2023-09-15	14:00	26576,01	26594,83	26550,99	26565,69	LONG	0,00167	5981,87	0,00451	HOLD	98,2349	132,5798
2023-09-15	15:00	26565,69	26637,08	26540,61	26633,41	LONG	0,00167	5981,87	0,00451	HOLD	98,2349	132,6929
2023-09-15	16:00	26633,41	26690	26578,53	26613,78	LONG	0,00167	5981,87	0,00451	HOLD	98,2349	132,6602
2023-09-15	17:00	26613,78	26657,84	26597,12	26639,64	LONG	0,00167	5981,87	0,00451	HOLD	98,2349	132,7033
2023-09-15	18:00	26639,64	26639,65	26375,01	26425,16	LONG	0,00167	5981,87	0,00451	HOLD	98,2349	132,3452
2023-09-15	19:00	26425,17	26470,73	26334,13	26364,66	LONG	0,00167	5981,87	0,00451	HOLD	98,2349	132,2441
2023-09-15	20:00	26364,67	26526,99	26362,42	26364,97	LONG	0,00167	5981,87	0,00451	HOLD	98,2349	132,2446
2023-09-15	21:00	26364,97	26416,89	26224	26238,14	LONG	0,00167	5981,87	0,00451	HOLD	98,2349	132,0328
2023-09-15	22:00	26238,13	26329,6	26225,54	26321,21	LONG	0,00167	5981,87	0,00451	HOLD	98,2349	132,1716
2023-09-15	23:00	26321,2	26388,36	26315,02	26379,97	LONG	0,00167	5981,87	0,00451	HOLD	98,2349	132,2697
2023-09-16	00:00	26379,97	26379,97	26317,01	26338,5	LONG	0,00167	5981,87	0,00451	HOLD	98,2349	132,2004
2023-09-16	01:00	26338,51	26405,44	26331,97	26347,38	LONG	0,00167	5981,87	0,00451	HOLD	98,2349	132,2153
2023-09-16	02:00	26347,39	26444,45	26340,68	26397,38	LONG	0,00167	5981,87	0,00451	HOLD	98,2349	132,2988
2023-09-16	03:00	26397,38	26444,1	26373,21	26415,78	LONG	0,00167	5981,87	0,00451	HOLD	98,2349	132,3295
2023-09-16	04:00	26415,78	26506,26	26415,77	26469,14	LONG	0,00167	5981,87	0,00451	HOLD	98,2349	132,4186
2023-09-16	05:00	26469,14	26847,72	26469,13	26776,31	LONG	0,00167	5981,87	0,00451	HOLD	98,2349	132,9316
2023-09-16	06:00	26776,32	26888	26591,73	26600	LONG	0,00167	5981,87	0,00451	HOLD	98,2349	132,6371
2023-09-16	07:00	26599,99	26672,41	26571,42	26630,17	LONG	0,00167	5981,87	0,00451	HOLD	98,2349	132,6875
2023-09-16	08:00	26630,17	26694,18	26594,2	26653,31	LONG	0,00167	5981,87	0,00451	HOLD	98,2349	132,7262
2023-09-16	09:00	26653,3	26777	26653,3	26675,01	LONG	0,00167	5981,87	0,00451	HOLD	98,2349	132,7624
2023-09-16	10:00	26675,01	26700	26604,75	26616,43	LONG	0,00167	5981,87	0,00451	HOLD	98,2349	132,6646
2023-09-16	11:00	26616,44	26621,36	26539,89	26555,28	LONG	0,00167	5981,87	0,00451	HOLD	98,2349	132,5625
2023-09-16	12:00	26555,28	26583,29	26515	26537,76	LONG	0,00167	5981,87	0,00451	HOLD	98,2349	132,5332
2023-09-16	13:00	26537,76	26537,77	26467,45	26487,38	LONG	0,00167	5981,87	0,00451	HOLD	98,2349	132,4491
2023-09-16	14:00	26487,39	26509,99	26480	26494,5	LONG	0,00167	5981,87	0,00451	HOLD	98,2349	132,461
2023-09-16	15:00	26494,5	26536,35	26470,91	26508,08	LONG	0,00167	5981,87	0,00451	HOLD	98,2349	132,4836
2023-09-16	16:00	26508,07	26581,98	26499,73	26501,44	LONG	0,00167	5981,87	0,00451	HOLD	98,2349	132,4725
2023-09-16	17:00	26501,44	26545,19	26445	26545,18	LONG	0,00167	5981,87	0,00451	HOLD	98,2349	132,5456
2023-09-16	18:00	26545,18	26550	26485,15	26524,09	LONG	0,00167	5981,87	0,00451	HOLD	98,2349	132,5104
2023-09-16	19:00	26524,08	26576,38	26500,32	26550,68	LONG	0,00167	5981,87	0,00451	HOLD	98,2349	132,5548
2023-09-16	20:00	26550,69	26570,65	26516,83	26550,65	LONG	0,00167	5981,87	0,00451	HOLD	98,2349	132,5547
2023-09-16	21:00	26550,66	26560,16	26490,31	26500,61	LONG	0,00167	5981,87	0,00451	HOLD	98,2349	132,4712
2023-09-16	22:00	26500,61	26537,69	26481,87	26507,12	LONG	0,00167	5981,87	0,00451	HOLD	98,2349	132,482
2023-09-16	23:00	26507,12	26530,24	26496,14	26527,19	LONG	0,00167	5981,87	0,00451	HOLD	98,2349	132,5155
2023-09-17	00:00	26527,18	26622,22	26512,74	26566,98	LONG	0,00167	5981,87	0,00451	HOLD	98,2349	132,582
2023-09-17	01:00	26566,98	26622,15	26554,99	26581,25	LONG	0,00167	5981,87	0,00451	HOLD	98,2349	132,6058
2023-09-17	02:00	26581,26	26582,91	26505,4	26532,8	LONG	0,00167	5981,87	0,00451	HOLD	98,2349	132,5249
2023-09-17	03:00	26532,79	26562,63	26526,18	26527,41	LONG	0,00167	5981,87	0,00451	HOLD	98,2349	132,5159
2023-09-17	04:00	26527,41	26579,99	26526,15	26570,01	LONG	0,00167	5981,87	0,00451	HOLD	98,2349	132,5871
2023-09-17	05:00	26570,01	26573,89	26560	26560,01	LONG	0,00167	5981,87	0,00451	HOLD	98,2349	132,5704
2023-09-17	06:00	26560	26571,87	26507	26559,67	LONG	0,00167	5981,87	0,00451	HOLD	98,2349	132,5698
2023-09-17	07:00	26559,67	26559,68	26434,05	26468,67	LONG	0,00167	5981,87	0,00451	HOLD	98,2349	132,4178
2023-09-17	08:00	26468,67	26515,17	26416,16	26496,35	LONG	0,00167	5981,87	0,00451	HOLD	98,2349	132,464
2023-09-17	09:00	26496,34	26530,07	26490,89	26502,51	LONG	0,00167	5981,87	0,00451	HOLD	98,2349	132,4743
2023-09-17	10:00	26502,5	26535,24	26499,76	26529,25	LONG	0,00167	5981,87	0,00451	HOLD	98,2349	132,519
2023-09-17	11:00	26529,25	26570	26508,96	26552,85	LONG	0,00167	5981,87	0,00451	HOLD	98,2349	132,5584
2023-09-17	12:00	26552,85	26560	26520	26543,79	LONG	0,00167	5981,87	0,00451	HOLD	98,2349	132,5433
2023-09-17	13:00	26543,79	26545,98	26524,37	26545,41	LONG	0,00167	5981,87	0,00451	HOLD	98,2349	132,546
2023-09-17	14:00	26545,42	26547,37	26490,88	26495,93	LONG	0,00167	5981,87	0,00451	HOLD	98,2349	132,4633
2023-09-17	15:00	26495,94	26553,99	26493,13	26551,14	LONG	0,00167	5981,87	0,00451	HOLD	98,2349	132,5555
2023-09-17	16:00	26551,15	26582,05	26542,07	26578,69	LONG	0,00167	5981,87	0,00451	HOLD	98,2349	132,6016
2023-09-17	17:00	26578,7	26611,98	26568,73	26597,73	LONG	0,00167	5981,87	0,00451	HOLD	98,2349	132,6334
2023-09-17	18:00	26597,73	26623,25	26566,67	26566,67	LONG	0,00167	5981,87	0,00451	HOLD	98,2349	132,5815
2023-09-17	19:00	26566,68	26583,46	26557,04	26576,85	LONG	0,00167	5981,87	0,00451	HOLD	98,2349	132,5985
2023-09-17	20:00	26576,86	26576,86	26527,4	26543,94	LONG	0,00167	5981,87	0,00451	HOLD	98,2349	132,5435
2023-09-17	21:00	26543,94	26589,19	26525,28	26538,87	LONG	0,00167	5981,87	0,00451	HOLD	98,2349	132,5351
2023-09-17	22:00	26538,87	26600	26538,47	26549,98	LONG	0,00167	5981,87	0,00451	HOLD	98,2349	132,5536
2023-09-17	23:00	26549,98	26551	26491	26511,23	LONG	0,00167	5981,87	0,00451	HOLD	98,2349	132,4889
2023-09-18	00:00	26511,23	26531,16	26480	26480	LONG	0,00167	5981,87	0,00451	HOLD	98,2349	132,4367
2023-09-18	01:00	26480,01	26518,78	26464,64	26494,76	LONG	0,00167	5981,87	0,00451	HOLD	98,2349	132,4614
2023-09-18	02:00	26494,76	26520,76	26490,53	26505,15	LONG	0,00167	5981,87	0,00451	HOLD	98,2349	132,4787
2023-09-18	03:00	26505,14	26505,15	26422	26436,35	LONG	0,00167	5981,87	0,00451	HOLD	98,2349	132,3638
2023-09-18	04:00	26436,34	26497,53	26399	26484,92	LONG	0,00167	5981,87	0,00451	HOLD	98,2349	132,445
2023-09-18	05:00	26484,91	26492	26438,61	26491,99	LONG	0,00167	5981,87	0,00451	HOLD	98,2349	132,4568
2023-09-18	06:00	26491,99	26534,09	26450	26527,51	LONG	0,00167	5981,87	0,00451	HOLD	98,2349	132,5161
2023-09-18	07:00	26527,5	26553,56	26377,35	26462,41	LONG	0,00167	5981,87	0,00451	HOLD	98,2349	132,4074
2023-09-18	08:00	26462,4	26489,38	26442,83	26462,63	LONG	0,00167	5981,87	0,00451	HOLD	98,2349	132,4077
2023-09-18	09:00	26462,63	26750	26458,63	26663,12	LONG	0,00167	5981,87	0,00451	HOLD	98,2349	132,7426
2023-09-18	10:00	26663,12	26688	26581,71	26658,66	LONG	0,00167	5981,87	0,00451	HOLD	98,2349	132,7351
2023-09-18	11:00	26658,66	26680	26567,09	26621,75	LONG	0,00167	5981,87	0,00451	HOLD	98,2349	132,6735
2023-09-18	12:00	26621,76	26680	26605,32	26647,45	LONG	0,00167	5981,87	0,00451	HOLD	98,2349	132,7164
2023-09-18	13:00	26647,45	26699,07	26622,77	26622,83	LONG	0,00167	5981,87	0,00451	HOLD	98,2349	132,6753
2023-09-18	14:00	26622,82	26800	26622,82	26710,67	LONG	0,00167	5981,87	0,00451	HOLD	98,2349	132,822
2023-09-18	15:00	26710,67	26729,6	26684,02	26724,8	LONG	0,00167	5981,87	0,00451	HOLD	98,2349	132,8456
2023-09-18	16:00	26724,8	26945,55	26724,8	26872,31	LONG	0,00167	5981,87	0,00451	HOLD	98,2349	133,0919
2023-09-18	17:00	26872,3	27189,22	26872,3	27129,11	LONG	0,00167	5981,87	0,00451	HOLD	98,2349	133,5208
2023-09-18	18:00	27129,12	27240	27100	27196,98	LONG	0,00167	5981,87	0,00451	HOLD	98,2349	133,6341
2023-09-18	19:00	27196,98	27406,73	27151	27371,35	LONG	0,00167	5981,87	0,00451	HOLD	98,2349	133,9253
2023-09-18	20:00	27371,36	27409	27203	27255,21	LONG	0,00167	5981,87	0,00451	HOLD	98,2349	133,7313
2023-09-18	21:00	27255,22	27292,68	27130	27260,46	LONG	0,00167	5981,87	0,00451	HOLD	98,2349	133,7401
2023-09-18	22:00	27260,46	27357	27253,08	27269,42	LONG	0,00167	5981,87	0,00451	HOLD	98,2349	133,7551
2023-09-18	23:00	27269,43	27310	27197,89	27246	LONG	0,00167	5981,87	0,00451	HOLD	98,2349	133,716
2023-09-19	00:00	27245,99	27268,52	26669,94	26760,49	LONG	0,00167	5981,87	0,00451	HOLD	98,2349	132,9052
2023-09-19	01:00	26760,48	26842,93	26631	26710	LONG	0,00167	5981,87	0,00451	HOLD	98,2349	132,8208
2023-09-19	02:00	26710	26943,83	26680,92	26814,79	LONG	0,00167	5981,87	0,00451	HOLD	98,2349	132,9958
2023-09-19	03:00	26814,78	26841,63	26736,13	26765,95	LONG	0,00167	5981,87	0,00451	HOLD	98,2349	132,9143
2023-09-19	04:00	26765,95	26846,76	26732,23	26839,13	LONG	0,00167	5981,87	0,00451	HOLD	98,2349	133,0365
2023-09-19	05:00	26839,13	26881,45	26782,95	26872,13	LONG	0,00167	5981,87	0,00451	HOLD	98,2349	133,0916
2023-09-19	06:00	26872,12	26872,13	26728	26762,51	LONG	0,00167	5981,87	0,00451	HOLD	98,2349	132,9085
2023-09-19	07:00	26762,5	26787,56	26667,79	26677,12	LONG	0,00167	5981,87	0,00451	HOLD	98,2349	132,7659
2023-09-19	08:00	26677,12	26734,77	26669,91	26699,99	LONG	0,00167	5981,87	0,00451	HOLD	98,2349	132,8041
2023-09-19	09:00	26700	26821,58	26684,79	26821,57	LONG	0,00167	5981,87	0,00451	HOLD	98,2349	133,0072
2023-09-19	10:00	26821,58	26840,67	26787,37	26818,42	LONG	0,00167	5981,87	0,00451	HOLD	98,2349	133,0019
2023-09-19	11:00	26818,41	26860	26807,19	26859,9	LONG	0,00167	5981,87	0,00451	HOLD	98,2349	133,0712
2023-09-19	12:00	26859,9	26859,91	26793,77	26796,26	LONG	0,00167	5981,87	0,00451	HOLD	98,2349	132,9649
2023-09-19	13:00	26796,26	26830	26750,88	26829,86	LONG	0,00167	5981,87	0,00451	HOLD	98,2349	133,021
2023-09-19	14:00	26829,86	26874,73	26814,94	26847,21	LONG	0,00167	5981,87	0,00451	HOLD	98,2349	133,05
2023-09-19	15:00	26847,21	27077,35	26847,21	27066,74	LONG	0,00167	5981,87	0,00451	HOLD	98,2349	133,4166
2023-09-19	16:00	27066,74	27466	27027,7	27288,96	LONG	0,00167	5981,87	0,00451	HOLD	98,2349	133,7877
2023-09-19	17:00	27288,95	27314,7	27050,02	27170,73	LONG	0,00167	5981,87	0,00451	HOLD	98,2349	133,5903
2023-09-19	18:00	27170,73	27240	27092,83	27237,56	LONG	0,00167	5981,87	0,00451	HOLD	98,2349	133,7019
2023-09-19	19:00	27237,57	27288	27072,56	27139,15	LONG	0,00167	5981,87	0,00451	HOLD	98,2349	133,5375
2023-09-19	20:00	27139,16	27210,01	26917,84	26968,77	LONG	0,00167	5981,87	0,00451	HOLD	98,2349	133,253
2023-09-19	21:00	26968,78	27200	26881,37	27169	LONG	0,00167	5981,87	0,00451	HOLD	98,2349	133,5874
2023-09-19	22:00	27169	27480	27138,08	27422,24	LONG	0,00167	5981,87	0,00451	HOLD	98,2349	134,0103
2023-09-19	23:00	27422,24	27483,57	27236,52	27285,72	LONG	0,00167	5981,87	0,00451	HOLD	98,2349	133,7823
2023-09-20	00:00	27285,71	27289,38	27079,68	27133,88	LONG	0,00167	5981,87	0,00451	HOLD	98,2349	133,5287
2023-09-20	01:00	27133,88	27199,48	27080	27123,01	LONG	0,00167	5981,87	0,00451	HOLD	98,2349	133,5106
2023-09-20	02:00	27123,02	27204,99	27069,9	27185,44	LONG	0,00167	5981,87	0,00451	HOLD	98,2349	133,6148
2023-09-20	03:00	27185,43	27212,5	27115,7	27183,67	LONG	0,00167	5981,87	0,00451	HOLD	98,2349	133,6119
2023-09-20	04:00	27183,67	27185	26990,01	27157,97	LONG	0,00167	5981,87	0,00451	HOLD	98,2349	133,569
2023-09-20	05:00	27157,98	27199	27091,53	27189,46	LONG	0,00167	5981,87	0,00451	HOLD	98,2349	133,6215
2023-09-20	06:00	27189,45	27222,81	27173,64	27210,26	LONG	0,00167	5981,87	0,00451	HOLD	98,2349	133,6563
2023-09-20	07:00	27210,25	27257,85	27146,01	27206,68	LONG	0,00167	5981,87	0,00451	HOLD	98,2349	133,6503
2023-09-20	08:00	27206,69	27349,91	27194,64	27345,77	LONG	0,00167	5981,87	0,00451	HOLD	98,2349	133,8826
2023-09-20	09:00	27345,77	27388,63	27140,89	27165,48	LONG	0,00167	5981,87	0,00451	HOLD	98,2349	133,5815
2023-09-20	10:00	27165,48	27202,67	27085	27119,48	LONG	0,00167	5981,87	0,00451	HOLD	98,2349	133,5047
2023-09-20	11:00	27119,48	27159,91	27070	27071,8	LONG	0,00167	5981,87	0,00451	HOLD	98,2349	133,425
2023-09-20	12:00	27071,79	27106,1	27007	27025	LONG	0,00167	5981,87	0,00451	HOLD	98,2349	133,3469
2023-09-20	13:00	27024,99	27075,39	26936,79	27064,07	LONG	0,00167	5981,87	0,00451	HOLD	98,2349	133,4121
2023-09-20	14:00	27064,06	27142,03	27045,58	27105,62	LONG	0,00167	5981,87	0,00451	HOLD	98,2349	133,4815
2023-09-20	15:00	27105,61	27197,66	27092,39	27188,4	LONG	0,00167	5981,87	0,00451	HOLD	98,2349	133,6198
2023-09-20	16:00	27188,4	27195	26950,83	27055,38	LONG	0,00167	5981,87	0,00451	HOLD	98,2349	133,3976
2023-09-20	17:00	27055,38	27081,32	26950	27081,31	LONG	0,00167	5981,87	0,00451	HOLD	98,2349	133,4409
2023-09-20	18:00	27081,31	27119,06	27061,22	27098,08	LONG	0,00167	5981,87	0,00451	HOLD	98,2349	133,4689
2023-09-20	19:00	27098,07	27130	26997,94	27068,28	LONG	0,00167	5981,87	0,00451	HOLD	98,2349	133,4192
2023-09-20	20:00	27068,29	27199,31	27014,32	27160,09	LONG	0,00167	5981,87	0,00451	HOLD	98,2349	133,5725
2023-09-20	21:00	27160,1	27237,87	27051,23	27124,99	LONG	0,00167	5981,87	0,00451	HOLD	98,2349	133,5139
2023-09-20	22:00	27125	27199	27101,38	27180,63	LONG	0,00167	5981,87	0,00451	HOLD	98,2349	133,6068
2023-09-20	23:00	27180,62	27225	27140,05	27161,15	LONG	0,00167	5981,87	0,00451	HOLD	98,2349	133,5743
2023-09-21	00:00	27161,14	27277,36	27155,64	27195,12	LONG	0,00167	5981,87	0,00451	HOLD	98,2349	133,631
2023-09-21	01:00	27195,13	27300	27079,38	27165	LONG	0,00167	5981,87	0,00451	HOLD	98,2349	133,5807
2023-09-21	02:00	27165	27187,19	26800	26930,61	LONG	0,00167	5981,87	0,00451	HOLD	98,2349	133,1893
2023-09-21	03:00	26930,62	27098,73	26921,7	27098,73	LONG	0,00167	5981,87	0,00451	HOLD	98,2349	133,47
2023-09-21	04:00	27098,73	27241,31	27061,64	27111,16	LONG	0,00167	5981,87	0,00451	HOLD	98,2349	133,4908
2023-09-21	05:00	27111,16	27123,46	27051,22	27095,93	LONG	0,00167	5981,87	0,00451	HOLD	98,2349	133,4653
2023-09-21	06:00	27095,93	27155,59	27078,59	27125	LONG	0,00167	5981,87	0,00451	HOLD	98,2349	133,5139
2023-09-21	07:00	27125,01	27159,6	27044,8	27046,33	LONG	0,00167	5981,87	0,00451	HOLD	98,2349	133,3825
2023-09-21	08:00	27046,32	27052,59	26979,28	27029,54	LONG	0,00167	5981,87	0,00451	HOLD	98,2349	133,3545
2023-09-21	09:00	27029,55	27056,21	26936,66	26970,79	LONG	0,00167	5981,87	0,00451	HOLD	98,2349	133,2564
2023-09-21	10:00	26970,78	27035,44	26965,68	27035	LONG	0,00167	5981,87	0,00451	HOLD	98,2349	133,3636
2023-09-21	11:00	27034,99	27103,17	26991,06	27093,24	LONG	0,00167	5981,87	0,00451	HOLD	98,2349	133,4609
2023-09-21	12:00	27093,24	27096,36	27032,55	27071,02	LONG	0,00167	5981,87	0,00451	HOLD	98,2349	133,4237
2023-09-21	13:00	27071,03	27073,09	27005	27070	LONG	0,00167	5981,87	0,00451	HOLD	98,2349	133,422
2023-09-21	14:00	27070	27070,09	26979,92	26990,11	LONG	0,00167	5981,87	0,00451	HOLD	98,2349	133,2886
2023-09-21	15:00	26990,11	27017	26905,67	26926,74	LONG	0,00167	5981,87	0,00451	HOLD	98,2349	133,1828
2023-09-21	16:00	26926,75	26942,53	26689,84	26747,3	LONG	0,00167	5981,87	0,00451	HOLD	98,2349	132,8831
2023-09-21	17:00	26747,3	26799,6	26635,37	26649,89	LONG	0,00167	5981,87	0,00451	HOLD	98,2349	132,7205
2023-09-21	18:00	26649,9	26792,65	26618,9	26730,78	LONG	0,00167	5981,87	0,00451	HOLD	98,2349	132,8555
2023-09-21	19:00	26730,77	26776,98	26559,01	26642,32	LONG	0,00167	5981,87	0,00451	HOLD	98,2349	132,7078
2023-09-21	20:00	26642,33	26655	26380	26419,86	LONG	0,00167	5981,87	0,00451	HOLD	98,2349	132,3363
2023-09-21	21:00	26419,87	26599	26377,7	26582,5	LONG	0,00167	5981,87	0,00451	HOLD	98,2349	132,6079
2023-09-21	22:00	26582,5	26659,12	26541,21	26584,02	LONG	0,00167	5981,87	0,00451	HOLD	98,2349	132,6105
2023-09-21	23:00	26584,01	26603	26545,82	26583,82	LONG	0,00167	5981,87	0,00451	HOLD	98,2349	132,6101
2023-09-22	00:00	26583,81	26696,6	26577,96	26651,55	LONG	0,00167	5981,87	0,00451	HOLD	98,2349	132,7232
2023-09-22	01:00	26651,56	26687,35	26602,5	26606,44	LONG	0,00167	5981,87	0,00451	HOLD	98,2349	132,6479
2023-09-22	02:00	26606,43	26623,07	26555,68	26599,95	LONG	0,00167	5981,87	0,00451	HOLD	98,2349	132,6371
2023-09-22	03:00	26599,95	26606,64	26497,94	26594,26	LONG	0,00167	5981,87	0,00451	HOLD	98,2349	132,6276
2023-09-22	04:00	26594,27	26621,57	26560,82	26613,67	LONG	0,00167	5981,87	0,00451	HOLD	98,2349	132,66
2023-09-22	05:00	26613,68	26617,28	26550	26590,06	LONG	0,00167	5981,87	0,00451	HOLD	98,2349	132,6205
2023-09-22	06:00	26590,06	26617,58	26556,97	26568,08	LONG	0,00167	5981,87	0,00451	HOLD	98,2349	132,5838
2023-09-22	07:00	26568,08	26649,99	26468,77	26643,38	LONG	0,00167	5981,87	0,00451	HOLD	98,2349	132,7096
2023-09-22	08:00	26643,37	26670,13	26566,48	26630,22	LONG	0,00167	5981,87	0,00451	HOLD	98,2349	132,6876
2023-09-22	09:00	26630,22	26644,77	26564,94	26567,66	LONG	0,00167	5981,87	0,00451	HOLD	98,2349	132,5831
2023-09-22	10:00	26567,65	26640	26550,65	26627,77	LONG	0,00167	5981,87	0,00451	HOLD	98,2349	132,6835
2023-09-22	11:00	26627,77	26661,42	26619,66	26647,69	LONG	0,00167	5981,87	0,00451	HOLD	98,2349	132,7168
2023-09-22	12:00	26647,7	26670,15	26609,13	26666,23	LONG	0,00167	5981,87	0,00451	HOLD	98,2349	132,7477
2023-09-22	13:00	26666,23	26686,04	26601,5	26619,99	LONG	0,00167	5981,87	0,00451	HOLD	98,2349	132,6705
2023-09-22	14:00	26619,99	26705,46	26573,93	26674,8	LONG	0,00167	5981,87	0,00451	HOLD	98,2349	132,7621
2023-09-22	15:00	26674,8	26743,38	26665,27	26672,82	LONG	0,00167	5981,87	0,00451	HOLD	98,2349	132,7588
2023-09-22	16:00	26672,82	26673,98	26620,41	26635,84	LONG	0,00167	5981,87	0,00451	HOLD	98,2349	132,697
2023-09-22	17:00	26635,84	26656,59	26590	26591,81	LONG	0,00167	5981,87	0,00451	HOLD	98,2349	132,6235
2023-09-22	18:00	26591,81	26650,57	26591,8	26640,26	LONG	0,00167	5981,87	0,00451	HOLD	98,2349	132,7044
2023-09-22	19:00	26640,26	26653,12	26580,63	26585,71	LONG	0,00167	5981,87	0,00451	HOLD	98,2349	132,6133
2023-09-22	20:00	26585,72	26620	26556,6	26609,99	LONG	0,00167	5981,87	0,00451	HOLD	98,2349	132,6538
2023-09-22	21:00	26610	26691,91	26590	26679,08	LONG	0,00167	5981,87	0,00451	HOLD	98,2349	132,7692
2023-09-22	22:00	26679,09	26698,29	26629,13	26631,01	LONG	0,00167	5981,87	0,00451	HOLD	98,2349	132,6889
2023-09-22	23:00	26631,01	26644,98	26580	26597,89	LONG	0,00167	5981,87	0,00451	HOLD	98,2349	132,6336
2023-09-23	00:00	26597,89	26628,71	26531,01	26576,22	LONG	0,00167	5981,87	0,00451	HOLD	98,2349	132,5974
2023-09-23	01:00	26576,22	26607,58	26538,73	26593,65	LONG	0,00167	5981,87	0,00451	HOLD	98,2349	132,6265
2023-09-23	02:00	26593,66	26635,73	26532,24	26540,1	LONG	0,00167	5981,87	0,00451	HOLD	98,2349	132,5371
2023-09-23	03:00	26540,1	26565,69	26511	26539,06	LONG	0,00167	5981,87	0,00451	HOLD	98,2349	132,5354
2023-09-23	04:00	26539,06	26575,58	26488	26569,07	LONG	0,00167	5981,87	0,00451	HOLD	98,2349	132,5855
2023-09-23	05:00	26569,07	26585,85	26545,17	26584,41	LONG	0,00167	5981,87	0,00451	HOLD	98,2349	132,6111
2023-09-23	06:00	26584,4	26597,96	26550,38	26580,14	LONG	0,00167	5981,87	0,00451	HOLD	98,2349	132,604
2023-09-23	07:00	26580,14	26614,98	26570,31	26603,1	LONG	0,00167	5981,87	0,00451	HOLD	98,2349	132,6423
2023-09-23	08:00	26603,11	26603,11	26559,37	26579,99	LONG	0,00167	5981,87	0,00451	HOLD	98,2349	132,6037
2023-09-23	09:00	26579,99	26583,31	26545	26545,57	LONG	0,00167	5981,87	0,00451	HOLD	98,2349	132,5462
2023-09-23	10:00	26545,56	26561,58	26524,59	26532,2	LONG	0,00167	5981,87	0,00451	HOLD	98,2349	132,5239
2023-09-23	11:00	26532,21	26554,06	26509	26550,17	LONG	0,00167	5981,87	0,00451	HOLD	98,2349	132,5539
2023-09-23	12:00	26550,16	26555	26541,81	26542,46	LONG	0,00167	5981,87	0,00451	HOLD	98,2349	132,5411
2023-09-23	13:00	26542,46	26582,61	26542,45	26582,61	LONG	0,00167	5981,87	0,00451	HOLD	98,2349	132,6081
2023-09-23	14:00	26582,61	26586,75	26541,67	26585,31	LONG	0,00167	5981,87	0,00451	HOLD	98,2349	132,6126
2023-09-23	15:00	26585,32	26594,78	26554,49	26573,6	LONG	0,00167	5981,87	0,00451	HOLD	98,2349	132,5931
2023-09-23	16:00	26573,59	26580,16	26555	26573,87	LONG	0,00167	5981,87	0,00451	HOLD	98,2349	132,5935
2023-09-23	17:00	26573,88	26581,9	26567,25	26567,26	LONG	0,00167	5981,87	0,00451	HOLD	98,2349	132,5825
2023-09-23	18:00	26567,26	26575,21	26556,74	26575,21	LONG	0,00167	5981,87	0,00451	HOLD	98,2349	132,5957
2023-09-23	19:00	26575,21	26588,5	26559,5	26574,99	LONG	0,00167	5981,87	0,00451	HOLD	98,2349	132,5954
2023-09-23	20:00	26574,99	26583,66	26556,74	26575,13	LONG	0,00167	5981,87	0,00451	HOLD	98,2349	132,5956
2023-09-23	21:00	26575,13	26577,73	26557,36	26566,83	LONG	0,00167	5981,87	0,00451	HOLD	98,2349	132,5817
2023-09-23	22:00	26566,83	26585,06	26546,2	26581,55	LONG	0,00167	5981,87	0,00451	HOLD	98,2349	132,6063
2023-09-23	23:00	26581,55	26608,18	26559,83	26606,31	LONG	0,00167	5981,87	0,00451	HOLD	98,2349	132,6477
2023-09-24	00:00	26606,31	26610	26574,71	26598,31	LONG	0,00167	5981,87	0,00451	HOLD	98,2349	132,6343
2023-09-24	01:00	26598,31	26632,81	26598,31	26615,3	LONG	0,00167	5981,87	0,00451	HOLD	98,2349	132,6627
2023-09-24	02:00	26615,29	26617,05	26597,01	26610,09	LONG	0,00167	5981,87	0,00451	HOLD	98,2349	132,654
2023-09-24	03:00	26610,09	26612,61	26581,91	26587,75	LONG	0,00167	5981,87	0,00451	HOLD	98,2349	132,6167
2023-09-24	04:00	26587,75	26594,26	26561,38	26568,8	LONG	0,00167	5981,87	0,00451	HOLD	98,2349	132,585
2023-09-24	05:00	26568,8	26580,82	26561,01	26562,2	LONG	0,00167	5981,87	0,00451	HOLD	98,2349	132,574
2023-09-24	06:00	26562,2	26575,97	26558,07	26575,96	LONG	0,00167	5981,87	0,00451	HOLD	98,2349	132,597
2023-09-24	07:00	26575,97	26584,32	26560,84	26567,07	LONG	0,00167	5981,87	0,00451	HOLD	98,2349	132,5821
2023-09-24	08:00	26567,07	26588,15	26558,85	26584,4	LONG	0,00167	5981,87	0,00451	HOLD	98,2349	132,6111
2023-09-24	09:00	26584,41	26590,01	26577,56	26586,05	LONG	0,00167	5981,87	0,00451	HOLD	98,2349	132,6138
2023-09-24	10:00	26586,05	26586,06	26565,19	26570,93	LONG	0,00167	5981,87	0,00451	HOLD	98,2349	132,5886
2023-09-24	11:00	26570,93	26573,7	26555,48	26569,77	LONG	0,00167	5981,87	0,00451	HOLD	98,2349	132,5867
2023-09-24	12:00	26569,77	26570,77	26550	26557,99	LONG	0,00167	5981,87	0,00451	HOLD	98,2349	132,567
2023-09-24	13:00	26557,99	26561,85	26549,31	26553,1	LONG	0,00167	5981,87	0,00451	HOLD	98,2349	132,5588
2023-09-24	14:00	26553,1	26563,44	26550,25	26563,44	LONG	0,00167	5981,87	0,00451	HOLD	98,2349	132,5761
2023-09-24	15:00	26563,43	26590,01	26563,43	26590	LONG	0,00167	5981,87	0,00451	HOLD	98,2349	132,6204
2023-09-24	16:00	26590	26611,8	26581,82	26589,08	LONG	0,00167	5981,87	0,00451	HOLD	98,2349	132,6189
2023-09-24	17:00	26589,08	26590,22	26574,91	26579,78	LONG	0,00167	5981,87	0,00451	HOLD	98,2349	132,6034
2023-09-24	18:00	26579,78	26605,22	26579,78	26596,71	LONG	0,00167	5981,87	0,00451	HOLD	98,2349	132,6316
2023-09-24	19:00	26596,71	26610,84	26585,9	26606,54	LONG	0,00167	5981,87	0,00451	HOLD	98,2349	132,6481
2023-09-24	20:00	26606,55	26628,8	26586,73	26588,77	LONG	0,00167	5981,87	0,00451	HOLD	98,2349	132,6184
2023-09-24	21:00	26588,76	26592,06	26573,14	26588,1	LONG	0,00167	5981,87	0,00451	HOLD	98,2349	132,6173
2023-09-24	22:00	26588,09	26592,56	26563,8	26578,06	LONG	0,00167	5981,87	0,00451	HOLD	98,2349	132,6005
2023-09-24	23:00	26578,06	26581,04	26563,17	26573,1	LONG	0,00167	5981,87	0,00451	HOLD	98,2349	132,5922
2023-09-25	00:00	26573,1	26719,63	26567,01	26673,07	LONG	0,00167	5981,87	0,00451	HOLD	98,2349	132,7592
2023-09-25	01:00	26673,07	26738,54	26423,97	26591,85	LONG	0,00167	5981,87	0,00451	HOLD	98,2349	132,6235
2023-09-25	02:00	26591,84	26591,85	26335,81	26449,17	LONG	0,00167	5981,87	0,00451	HOLD	98,2349	132,3853
2023-09-25	03:00	26449,18	26511,95	26400,81	26502	LONG	0,00167	5981,87	0,00451	HOLD	98,2349	132,4735
2023-09-25	04:00	26502,01	26521,67	26450	26519,35	LONG	0,00167	5981,87	0,00451	HOLD	98,2349	132,5025
2023-09-25	05:00	26519,35	26519,36	26472,52	26490,85	LONG	0,00167	5981,87	0,00451	HOLD	98,2349	132,4549
2023-09-25	06:00	26490,84	26490,85	26122,08	26248,38	LONG	0,00167	5981,87	0,00451	HOLD	98,2349	132,0499
2023-09-25	07:00	26248,39	26248,39	26000	26248,17	LONG	0,00167	5981,87	0,00451	HOLD	98,2349	132,0496
2023-09-25	08:00	26248,16	26343,1	26163	26164,01	LONG	0,00167	5981,87	0,00451	HOLD	98,2349	131,909
2023-09-25	09:00	26164	26252,8	26156,97	26207,39	LONG	0,00167	5981,87	0,00451	HOLD	98,2349	131,9815
2023-09-25	10:00	26207,39	26238,85	26154,95	26157,45	LONG	0,00167	5981,87	0,00451	HOLD	98,2349	131,8981
2023-09-25	11:00	26157,44	26195,44	26112,88	26149,06	LONG	0,00167	5981,87	0,00451	HOLD	98,2349	131,8841
2023-09-25	12:00	26149,07	26151,5	26077	26113,81	LONG	0,00167	5981,87	0,00451	HOLD	98,2349	131,8252
2023-09-25	13:00	26113,81	26172,08	26040,12	26138,01	LONG	0,00167	5981,87	0,00451	HOLD	98,2349	131,8656
2023-09-25	14:00	26138	26192,28	26104,41	26189,21	LONG	0,00167	5981,87	0,00451	HOLD	98,2349	131,9511
2023-09-25	15:00	26189,21	26233,43	26110	26142,99	LONG	0,00167	5981,87	0,00451	HOLD	98,2349	131,8739
2023-09-25	16:00	26142,99	26146,46	26048,95	26063,09	LONG	0,00167	5981,87	0,00451	HOLD	98,2349	131,7405
2023-09-25	17:00	26063,08	26116,23	26051,01	26094,81	LONG	0,00167	5981,87	0,00451	HOLD	98,2349	131,7935
2023-09-25	18:00	26094,8	26110,37	26020,01	26075,41	LONG	0,00167	5981,87	0,00451	HOLD	98,2349	131,7611
2023-09-25	19:00	26075,4	26118,99	25990,46	26103,57	LONG	0,00167	5981,87	0,00451	HOLD	98,2349	131,8081
2023-09-25	20:00	26103,58	26190,91	26087,94	26161,62	LONG	0,00167	5981,87	0,00451	HOLD	98,2349	131,905
2023-09-25	21:00	26161,62	26180,49	26116,93	26133,9	LONG	0,00167	5981,87	0,00451	HOLD	98,2349	131,8588
2023-09-25	22:00	26133,89	26300	26133,89	26243,72	LONG	0,00167	5981,87	0,00451	HOLD	98,2349	132,0422
2023-09-25	23:00	26243,73	26425,63	26243,72	26324,78	LONG	0,00167	5981,87	0,00451	HOLD	98,2349	132,1775
2023-09-26	00:00	26324,77	26375,87	26222,32	26358,41	LONG	0,00167	5981,87	0,00451	HOLD	98,2349	132,2337
2023-09-26	01:00	26358,41	26389,09	26315,58	26331,58	LONG	0,00167	5981,87	0,00451	HOLD	98,2349	132,1889
2023-09-26	02:00	26331,58	26352,94	26269,59	26331,83	LONG	0,00167	5981,87	0,00451	HOLD	98,2349	132,1893
2023-09-26	03:00	26331,84	26446,15	26282,27	26287,56	LONG	0,00167	5981,87	0,00451	HOLD	98,2349	132,1154
2023-09-26	04:00	26287,56	26312,79	26263,83	26279,61	LONG	0,00167	5981,87	0,00451	HOLD	98,2349	132,1021
2023-09-26	05:00	26279,61	26292,68	26270	26281,85	LONG	0,00167	5981,87	0,00451	HOLD	98,2349	132,1058
2023-09-26	06:00	26281,85	26316,27	26270	26304,81	LONG	0,00167	5981,87	0,00451	HOLD	98,2349	132,1442
2023-09-26	07:00	26304,8	26307,73	26250	26266	LONG	0,00167	5981,87	0,00451	HOLD	98,2349	132,0794
2023-09-26	08:00	26266,01	26299,74	26234,37	26297,6	LONG	0,00167	5981,87	0,00451	HOLD	98,2349	132,1321
2023-09-26	09:00	26297,6	26360	26285	26357,14	LONG	0,00167	5981,87	0,00451	HOLD	98,2349	132,2316
2023-09-26	10:00	26357,14	26397,46	26345,28	26353,87	LONG	0,00167	5981,87	0,00451	HOLD	98,2349	132,2261
2023-09-26	11:00	26353,87	26363,84	26330,41	26344,67	LONG	0,00167	5981,87	0,00451	HOLD	98,2349	132,2107
2023-09-26	12:00	26344,67	26349,34	26307,67	26320,9	LONG	0,00167	5981,87	0,00451	HOLD	98,2349	132,171
2023-09-26	13:00	26320,91	26339,06	26270,32	26292,9	LONG	0,00167	5981,87	0,00451	HOLD	98,2349	132,1243
2023-09-26	14:00	26292,9	26292,9	26253,64	26272,01	LONG	0,00167	5981,87	0,00451	HOLD	98,2349	132,0894
2023-09-26	15:00	26272	26285,54	26255	26274,29	LONG	0,00167	5981,87	0,00451	HOLD	98,2349	132,0932
2023-09-26	16:00	26274,28	26334,75	26226,54	26272,07	LONG	0,00167	5981,87	0,00451	HOLD	98,2349	132,0895
2023-09-26	17:00	26272,07	26278,03	26225,63	26249,77	LONG	0,00167	5981,87	0,00451	HOLD	98,2349	132,0523
2023-09-26	18:00	26249,77	26288,98	26188,26	26273,83	LONG	0,00167	5981,87	0,00451	HOLD	98,2349	132,0924
2023-09-26	19:00	26273,82	26306,39	26200	26213,19	LONG	0,00167	5981,87	0,00451	HOLD	98,2349	131,9912
2023-09-26	20:00	26213,18	26257,49	26142,07	26181,55	LONG	0,00167	5981,87	0,00451	HOLD	98,2349	131,9383
2023-09-26	21:00	26181,55	26214,99	26120,11	26196,39	LONG	0,00167	5981,87	0,00451	HOLD	98,2349	131,9631
2023-09-26	22:00	26196,4	26204,22	26088,34	26126,66	LONG	0,00167	5981,87	0,00451	HOLD	98,2349	131,8467
2023-09-26	23:00	26126,66	26295,99	26115	26217,95	LONG	0,00167	5981,87	0,00451	HOLD	98,2349	131,9991
2023-09-27	00:00	26217,95	26264,99	26144,24	26175,01	LONG	0,00167	5981,87	0,00451	HOLD	98,2349	131,9274
2023-09-27	01:00	26175	26207,67	26144,96	26184,98	LONG	0,00167	5981,87	0,00451	HOLD	98,2349	131,9441
2023-09-27	02:00	26184,99	26275,72	26170,64	26247,7	LONG	0,00167	5981,87	0,00451	HOLD	98,2349	132,0488
2023-09-27	03:00	26247,7	26288,68	26152,94	26164,19	LONG	0,00167	5981,87	0,00451	HOLD	98,2349	131,9093
2023-09-27	04:00	26164,19	26192,71	26100	26165,4	LONG	0,00167	5981,87	0,00451	HOLD	98,2349	131,9114
2023-09-27	05:00	26165,39	26207,89	26152,65	26157,65	LONG	0,00167	5981,87	0,00451	HOLD	98,2349	131,8984
2023-09-27	06:00	26157,65	26240	26150,08	26221,67	LONG	0,00167	5981,87	0,00451	HOLD	98,2349	132,0053
2023-09-27	07:00	26221,68	26260	26202,96	26257,54	LONG	0,00167	5981,87	0,00451	HOLD	98,2349	132,0652
2023-09-27	08:00	26257,54	26265	26219,12	26260,27	LONG	0,00167	5981,87	0,00451	HOLD	98,2349	132,0698
2023-09-27	09:00	26260,27	26277,54	26220,4	26228,04	LONG	0,00167	5981,87	0,00451	HOLD	98,2349	132,016
2023-09-27	10:00	26228,03	26289,5	26227,72	26278,04	LONG	0,00167	5981,87	0,00451	HOLD	98,2349	132,0995
2023-09-27	11:00	26278,03	26289	26247,93	26248,71	LONG	0,00167	5981,87	0,00451	HOLD	98,2349	132,0505
2023-09-27	12:00	26248,7	26260,4	26231,74	26255,89	LONG	0,00167	5981,87	0,00451	HOLD	98,2349	132,0625
2023-09-27	13:00	26255,89	26271,3	26236,74	26257,77	LONG	0,00167	5981,87	0,00451	HOLD	98,2349	132,0656
2023-09-27	14:00	26257,77	26264,78	26242,93	26246,34	LONG	0,00167	5981,87	0,00451	HOLD	98,2349	132,0465
2023-09-27	15:00	26246,35	26264,36	26223,72	26259,81	LONG	0,00167	5981,87	0,00451	HOLD	98,2349	132,069
2023-09-27	16:00	26259,81	26404	26257,73	26397,79	LONG	0,00167	5981,87	0,00451	HOLD	98,2349	132,2995
2023-09-27	17:00	26397,79	26490,15	26356,05	26442,59	LONG	0,00167	5981,87	0,00451	HOLD	98,2349	132,3743
2023-09-27	18:00	26442,59	26848,07	26437,45	26766,7	LONG	0,00167	5981,87	0,00451	HOLD	98,2349	132,9155
2023-09-27	19:00	26766,69	26850	26685	26722,48	LONG	0,00167	5981,87	0,00451	HOLD	98,2349	132,8417
2023-09-27	20:00	26722,47	26805,07	26536,86	26621,54	LONG	0,00167	5981,87	0,00451	HOLD	98,2349	132,6731
2023-09-27	21:00	26621,54	26633,71	26169,38	26192,91	LONG	0,00167	5981,87	0,00451	HOLD	98,2349	131,9573
2023-09-27	22:00	26192,91	26332,35	26179,31	26304,42	LONG	0,00167	5981,87	0,00451	HOLD	98,2349	132,1435
2023-09-27	23:00	26304,42	26313,79	26226,42	26241,07	LONG	0,00167	5981,87	0,00451	HOLD	98,2349	132,0377
2023-09-28	00:00	26241,08	26272,43	26158,63	26231,39	LONG	0,00167	5981,87	0,00451	HOLD	98,2349	132,0216
2023-09-28	01:00	26231,39	26282,5	26112,06	26249,42	LONG	0,00167	5981,87	0,00451	HOLD	98,2349	132,0517
2023-09-28	02:00	26249,42	26294,82	26249,41	26267,8	LONG	0,00167	5981,87	0,00451	HOLD	98,2349	132,0824
2023-09-28	03:00	26267,81	26294	26226,91	26257,75	LONG	0,00167	5981,87	0,00451	HOLD	98,2349	132,0656
2023-09-28	04:00	26257,75	26304,14	26242,5	26279,94	LONG	0,00167	5981,87	0,00451	HOLD	98,2349	132,1026
2023-09-28	05:00	26279,94	26350	26279,93	26334,12	LONG	0,00167	5981,87	0,00451	HOLD	98,2349	132,1931
2023-09-28	06:00	26334,12	26385	26297,61	26372,99	LONG	0,00167	5981,87	0,00451	HOLD	98,2349	132,258
2023-09-28	07:00	26373	26557,75	26362,5	26446,73	LONG	0,00167	5981,87	0,00451	HOLD	98,2349	132,3812
2023-09-28	08:00	26446,74	26462,39	26349,75	26451,46	LONG	0,00167	5981,87	0,00451	HOLD	98,2349	132,3891
2023-09-28	09:00	26451,46	26533,32	26365	26386,26	LONG	0,00167	5981,87	0,00451	HOLD	98,2349	132,2802
2023-09-28	10:00	26386,27	26391,87	26342,4	26379,15	LONG	0,00167	5981,87	0,00451	HOLD	98,2349	132,2683
2023-09-28	11:00	26379,15	26465,46	26347,17	26444,83	LONG	0,00167	5981,87	0,00451	HOLD	98,2349	132,378
2023-09-28	12:00	26444,83	26486,85	26401,25	26449,95	LONG	0,00167	5981,87	0,00451	HOLD	98,2349	132,3866
2023-09-28	13:00	26449,96	26485,91	26405,44	26477,93	LONG	0,00167	5981,87	0,00451	HOLD	98,2349	132,4333
2023-09-28	14:00	26477,94	26513,46	26437,98	26459,99	LONG	0,00167	5981,87	0,00451	HOLD	98,2349	132,4033
2023-09-28	15:00	26459,99	26469,51	26400,28	26410	LONG	0,00167	5981,87	0,00451	HOLD	98,2349	132,3198
2023-09-28	16:00	26410,01	26451,1	26389,29	26428,69	LONG	0,00167	5981,87	0,00451	HOLD	98,2349	132,3511
2023-09-28	17:00	26428,69	26623,84	26415,52	26570,62	LONG	0,00167	5981,87	0,00451	HOLD	98,2349	132,5881
2023-09-28	18:00	26570,63	26589,98	26440,83	26476,93	LONG	0,00167	5981,87	0,00451	HOLD	98,2349	132,4316
2023-09-28	19:00	26476,93	26570	26460	26479,3	LONG	0,00167	5981,87	0,00451	HOLD	98,2349	132,4356
2023-09-28	20:00	26479,3	26584,87	26467,96	26580,69	LONG	0,00167	5981,87	0,00451	HOLD	98,2349	132,6049
2023-09-28	21:00	26580,7	26913,47	26555,09	26793,37	LONG	0,00167	5981,87	0,00451	HOLD	98,2349	132,9601
2023-09-28	22:00	26793,36	27064	26788,35	27020	LONG	0,00167	5981,87	0,00451	HOLD	98,2349	133,3385
2023-09-28	23:00	27019,99	27308,48	27019,99	27059,99	LONG	0,00167	5981,87	0,00451	HOLD	98,2349	133,4053
2023-09-29	00:00	27060	27185	27058,12	27160,13	LONG	0,00167	5981,87	0,00451	HOLD	98,2349	133,5726
2023-09-29	01:00	27160,14	27231,94	26848,71	26959,34	LONG	0,00167	5981,87	0,00451	HOLD	98,2349	133,2372
2023-09-29	02:00	26959,34	27138,58	26917,33	27100	LONG	0,00167	5981,87	0,00451	HOLD	98,2349	133,4721
2023-09-29	03:00	27100	27166,42	27040	27082,26	LONG	0,00167	5981,87	0,00451	HOLD	98,2349	133,4425
2023-09-29	04:00	27082,27	27100,67	26895	27002,81	LONG	0,00167	5981,87	0,00451	HOLD	98,2349	133,3098
2023-09-29	05:00	27002,82	27048,75	26949,83	27010,99	LONG	0,00167	5981,87	0,00451	HOLD	98,2349	133,3235
2023-09-29	06:00	27010,98	27071,33	26996,06	27021,39	LONG	0,00167	5981,87	0,00451	HOLD	98,2349	133,3409
2023-09-29	07:00	27021,39	27134,16	26970,65	27066,78	LONG	0,00167	5981,87	0,00451	HOLD	98,2349	133,4167
2023-09-29	08:00	27066,79	27111,18	27000	27045,01	LONG	0,00167	5981,87	0,00451	HOLD	98,2349	133,3803
2023-09-29	09:00	27045,02	27085	26859,7	26895,21	LONG	0,00167	5981,87	0,00451	HOLD	98,2349	133,1301
2023-09-29	10:00	26895,21	26961,15	26885,01	26957,99	LONG	0,00167	5981,87	0,00451	HOLD	98,2349	133,235
2023-09-29	11:00	26958	26972,45	26895,94	26972,45	LONG	0,00167	5981,87	0,00451	HOLD	98,2349	133,2591
2023-09-29	12:00	26972,45	26985	26954,98	26977,11	LONG	0,00167	5981,87	0,00451	HOLD	98,2349	133,2669
2023-09-29	13:00	26977,12	27078,38	26950	27075,28	LONG	0,00167	5981,87	0,00451	HOLD	98,2349	133,4309
2023-09-29	14:00	27075,27	27244,89	27039,56	27179,98	LONG	0,00167	5981,87	0,00451	HOLD	98,2349	133,6057
2023-09-29	15:00	27179,99	27179,99	26992,63	27003,58	LONG	0,00167	5981,87	0,00451	HOLD	98,2349	133,3111
2023-09-29	16:00	27003,58	27083,57	26968,48	27035,57	LONG	0,00167	5981,87	0,00451	HOLD	98,2349	133,3645
2023-09-29	17:00	27035,57	27062,98	27012,17	27028,96	LONG	0,00167	5981,87	0,00451	HOLD	98,2349	133,3535
2023-09-29	18:00	27028,96	27065	26963,7	26970,78	LONG	0,00167	5981,87	0,00451	HOLD	98,2349	133,2563
2023-09-29	19:00	26970,78	27013,68	26897	27001	LONG	0,00167	5981,87	0,00451	HOLD	98,2349	133,3068
2023-09-29	20:00	27001,01	27048,88	26891,1	26895	LONG	0,00167	5981,87	0,00451	HOLD	98,2349	133,1298
2023-09-29	21:00	26895,01	27149,05	26665,16	26908,12	LONG	0,00167	5981,87	0,00451	HOLD	98,2349	133,1517
2023-09-29	22:00	26908,12	26933,91	26791,48	26888,57	LONG	0,00167	5981,87	0,00451	HOLD	98,2349	133,1191
2023-09-29	23:00	26888,57	26907,75	26809,57	26875	LONG	0,00167	5981,87	0,00451	HOLD	98,2349	133,0964
2023-09-30	00:00	26875	26882,91	26826,41	26840,95	LONG	0,00167	5981,87	0,00451	HOLD	98,2349	133,0395
2023-09-30	01:00	26840,95	26934,06	26750	26920	LONG	0,00167	5981,87	0,00451	HOLD	98,2349	133,1715
2023-09-30	02:00	26919,99	26954,09	26895	26926,52	LONG	0,00167	5981,87	0,00451	HOLD	98,2349	133,1824
2023-09-30	03:00	26926,53	26984,99	26872,67	26910,48	LONG	0,00167	5981,87	0,00451	HOLD	98,2349	133,1556
2023-09-30	04:00	26910,47	26920	26869,99	26870	LONG	0,00167	5981,87	0,00451	HOLD	98,2349	133,088
2023-09-30	05:00	26870	26912,32	26866,13	26887,2	LONG	0,00167	5981,87	0,00451	HOLD	98,2349	133,1168
2023-09-30	06:00	26887,2	26926,56	26876,34	26906,96	LONG	0,00167	5981,87	0,00451	HOLD	98,2349	133,1498
2023-09-30	07:00	26906,96	26946,98	26891,65	26936,11	LONG	0,00167	5981,87	0,00451	HOLD	98,2349	133,1984
2023-09-30	08:00	26936,11	26941,69	26891,26	26894,65	LONG	0,00167	5981,87	0,00451	HOLD	98,2349	133,1292
2023-09-30	09:00	26894,65	26918,2	26886,31	26909,42	LONG	0,00167	5981,87	0,00451	HOLD	98,2349	133,1539
2023-09-30	10:00	26909,41	26933,56	26893,63	26915,3	LONG	0,00167	5981,87	0,00451	HOLD	98,2349	133,1637
2023-09-30	11:00	26915,3	26941,62	26911,51	26924,62	LONG	0,00167	5981,87	0,00451	HOLD	98,2349	133,1793
2023-09-30	12:00	26924,62	26955,91	26924,62	26934,9	LONG	0,00167	5981,87	0,00451	HOLD	98,2349	133,1964
2023-09-30	13:00	26934,91	26951,97	26927,48	26927,49	LONG	0,00167	5981,87	0,00451	HOLD	98,2349	133,1841
2023-09-30	14:00	26927,49	26958,04	26919,36	26931,75	LONG	0,00167	5981,87	0,00451	HOLD	98,2349	133,1912
2023-09-30	15:00	26931,76	26938,32	26923,18	26929,09	LONG	0,00167	5981,87	0,00451	HOLD	98,2349	133,1867
2023-09-30	16:00	26929,09	26959	26929,09	26947,64	LONG	0,00167	5981,87	0,00451	HOLD	98,2349	133,2177
2023-09-30	17:00	26947,63	26987,84	26947,63	26978,94	LONG	0,00167	5981,87	0,00451	HOLD	98,2349	133,27
2023-09-30	18:00	26978,95	26997	26923,54	26936,02	LONG	0,00167	5981,87	0,00451	HOLD	98,2349	133,1983
2023-09-30	19:00	26936,02	26954,4	26909,94	26928,06	LONG	0,00167	5981,87	0,00451	HOLD	98,2349	133,185
2023-09-30	20:00	26928,05	26979	26903,01	26973,39	LONG	0,00167	5981,87	0,00451	HOLD	98,2349	133,2607
2023-09-30	21:00	26973,4	27006,41	26957,26	26992,38	LONG	0,00167	5981,87	0,00451	HOLD	98,2349	133,2924
2023-09-30	22:00	26992,39	27094,99	26979,73	26996,29	LONG	0,00167	5981,87	0,00451	HOLD	98,2349	133,2989
2023-09-30	23:00	26996,29	27043,61	26975,45	27020,92	LONG	0,00167	5981,87	0,00451	HOLD	98,2349	133,3401
2023-10-01	00:00	27020,91	27030,18	26970,72	27017,55	LONG	0,00167	5981,87	0,00451	HOLD	98,2349	133,3345
2023-10-01	01:00	27017,54	27017,55	26989,57	26999,98	LONG	0,00167	5981,87	0,00451	HOLD	98,2349	133,3051
2023-10-01	02:00	26999,98	27037,04	26987,78	27020,7	LONG	0,00167	5981,87	0,00451	HOLD	98,2349	133,3397
2023-10-01	03:00	27020,7	27073,11	27020,69	27064,15	LONG	0,00167	5981,87	0,00451	HOLD	98,2349	133,4123
2023-10-01	04:00	27064,15	27081,78	26946,73	26999,28	LONG	0,00167	5981,87	0,00451	HOLD	98,2349	133,3039
2023-10-01	05:00	26999,29	27029,28	26977,16	27010,29	LONG	0,00167	5981,87	0,00451	HOLD	98,2349	133,3223
2023-10-01	06:00	27010,28	27011	26956,16	26962,56	LONG	0,00167	5981,87	0,00451	HOLD	98,2349	133,2426
2023-10-01	07:00	26962,57	26997	26954,09	26991,07	LONG	0,00167	5981,87	0,00451	HOLD	98,2349	133,2902
2023-10-01	08:00	26991,08	27037,4	26978,87	27019,83	LONG	0,00167	5981,87	0,00451	HOLD	98,2349	133,3383
2023-10-01	09:00	27019,83	27047,75	27018,42	27025,89	LONG	0,00167	5981,87	0,00451	HOLD	98,2349	133,3484
2023-10-01	10:00	27025,89	27048	27010,23	27044,76	LONG	0,00167	5981,87	0,00451	HOLD	98,2349	133,3799
2023-10-01	11:00	27044,77	27047,77	27020,9	27045,47	LONG	0,00167	5981,87	0,00451	HOLD	98,2349	133,3811
2023-10-01	12:00	27045,47	27072,75	27041,86	27071,72	LONG	0,00167	5981,87	0,00451	HOLD	98,2349	133,4249
2023-10-01	13:00	27071,73	27138,33	27071,72	27128,85	LONG	0,00167	5981,87	0,00451	HOLD	98,2349	133,5203
2023-10-01	14:00	27128,85	27158,59	27097,04	27107,95	LONG	0,00167	5981,87	0,00451	HOLD	98,2349	133,4854
2023-10-01	15:00	27107,94	27157,87	27086,74	27135,47	LONG	0,00167	5981,87	0,00451	HOLD	98,2349	133,5314
2023-10-01	16:00	27135,47	27231,81	27135,47	27217,77	LONG	0,00167	5981,87	0,00451	HOLD	98,2349	133,6688
2023-10-01	17:00	27217,78	27289,08	27159,98	27210,01	LONG	0,00167	5981,87	0,00451	HOLD	98,2349	133,6559
2023-10-01	18:00	27210	27239,89	27170	27187,71	LONG	0,00167	5981,87	0,00451	HOLD	98,2349	133,6186
2023-10-01	19:00	27187,71	27199,79	27126,28	27193,98	LONG	0,00167	5981,87	0,00451	HOLD	98,2349	133,6291
2023-10-01	20:00	27193,98	27196,89	27148,56	27192,04	LONG	0,00167	5981,87	0,00451	HOLD	98,2349	133,6258
2023-10-01	21:00	27192,04	27229,29	27083,24	27119,79	LONG	0,00167	5981,87	0,00451	HOLD	98,2349	133,5052
2023-10-01	22:00	27119,79	27155,85	27107,01	27153,18	LONG	0,00167	5981,87	0,00451	HOLD	98,2349	133,561
2023-10-01	23:00	27153,17	27155	27082,38	27112,19	LONG	0,00167	5981,87	0,00451	HOLD	98,2349	133,4925
2023-10-02	00:00	27112,2	27140,45	27035,78	27072,35	LONG	0,00167	5981,87	0,00451	HOLD	98,2349	133,426
2023-10-02	01:00	27072,34	27100,01	27065,07	27096,13	LONG	0,00167	5981,87	0,00451	HOLD	98,2349	133,4657
2023-10-02	02:00	27096,13	27107,77	27076,36	27103,02	LONG	0,00167	5981,87	0,00451	HOLD	98,2349	133,4772
2023-10-02	03:00	27103,02	27147	27033,1	27109,75	LONG	0,00167	5981,87	0,00451	HOLD	98,2349	133,4884
2023-10-02	04:00	27109,75	27187,99	27091,78	27180,37	LONG	0,00167	5981,87	0,00451	HOLD	98,2349	133,6064
2023-10-02	05:00	27180,38	28065,51	27155	27996,43	LONG	0,00167	5981,87	0,00451	HOLD	98,2349	134,9692
2023-10-02	06:00	27996,43	28025,12	27861,47	27992,57	LONG	0,00167	5981,87	0,00451	HOLD	98,2349	134,9627
2023-10-02	07:00	27992,58	28062,43	27880,95	27932,05	LONG	0,00167	5981,87	0,00451	HOLD	98,2349	134,8617
2023-10-02	08:00	27932,05	27965,75	27826,65	27920	LONG	0,00167	5981,87	0,00451	HOLD	98,2349	134,8415
2023-10-02	09:00	27919,99	28002,07	27899,91	27982,6	LONG	0,00167	5981,87	0,00451	HOLD	98,2349	134,9461
2023-10-02	10:00	27982,61	28210	27953,95	28126,54	LONG	0,00167	5981,87	0,00451	HOLD	98,2349	135,1865
2023-10-02	11:00	28126,54	28154,83	28018,11	28067,06	LONG	0,00167	5981,87	0,00451	HOLD	98,2349	135,0871
2023-10-02	12:00	28067,07	28112,95	27910,95	27977,38	LONG	0,00167	5981,87	0,00451	HOLD	98,2349	134,9374
2023-10-02	13:00	27977,39	28103,83	27963,35	28101,59	LONG	0,00167	5981,87	0,00451	HOLD	98,2349	135,1448
2023-10-02	14:00	28101,59	28430	28097,65	28311,91	LONG	0,00167	5981,87	0,00451	HOLD	98,2349	135,496
2023-10-02	15:00	28311,91	28484,28	28252,84	28280,94	LONG	0,00167	5981,87	0,00451	HOLD	98,2349	135,4443
2023-10-02	16:00	28280,94	28326,55	28238,15	28288,61	LONG	0,00167	5981,87	0,00451	HOLD	98,2349	135,4571
2023-10-02	17:00	28288,61	28342,87	28273,31	28305,5	LONG	0,00167	5981,87	0,00451	HOLD	98,2349	135,4853
2023-10-02	18:00	28305,5	28368,76	28187,69	28198,04	LONG	0,00167	5981,87	0,00451	HOLD	98,2349	135,3059
2023-10-02	19:00	28198,05	28349,27	28197,69	28320,66	LONG	0,00167	5981,87	0,00451	HOLD	98,2349	135,5106
2023-10-02	20:00	28320,67	28544	28292	28544	LONG	0,00167	5981,87	0,00451	HOLD	98,2349	135,8836
2023-10-02	21:00	28544	28580	28178,4	28307,69	LONG	0,00167	5981,87	0,00451	HOLD	98,2349	135,489
2023-10-02	22:00	28307,69	28419,88	27983	28026,31	LONG	0,00167	5981,87	0,00451	HOLD	98,2349	135,0191
2023-10-02	23:00	28026,3	28123,39	27853,49	27999,15	LONG	0,00167	5981,87	0,00451	HOLD	98,2349	134,9737
2023-10-03	00:00	27999,15	28121,91	27905,72	28055,25	LONG	0,00167	5981,87	0,00451	HOLD	98,2349	135,0674
2023-10-03	01:00	28055,26	28104,1	27655,82	27798,81	LONG	0,00167	5981,87	0,00451	HOLD	98,2349	134,6392
2023-10-03	02:00	27798,82	27967,93	27631,41	27964,99	LONG	0,00167	5981,87	0,00451	HOLD	98,2349	134,9167
2023-10-03	03:00	27965	27965,94	27821,3	27843,68	LONG	0,00167	5981,87	0,00451	HOLD	98,2349	134,7141
2023-10-03	04:00	27843,68	27873,4	27281,44	27472,22	LONG	0,00167	5981,87	0,00451	HOLD	98,2349	134,0937
2023-10-03	05:00	27472,23	27558,46	27351	27554,56	LONG	0,00167	5981,87	0,00451	HOLD	98,2349	134,2313
2023-10-03	06:00	27554,55	27618,48	27472,48	27494,51	LONG	0,00167	5981,87	0,00451	HOLD	98,2349	134,131
2023-10-03	07:00	27494,51	27572	27401	27430	LONG	0,00167	5981,87	0,00451	HOLD	98,2349	134,0232
2023-10-03	08:00	27430	27564,6	27381,48	27563,32	LONG	0,00167	5981,87	0,00451	HOLD	98,2349	134,2459
2023-10-03	09:00	27563,32	27613,78	27517,15	27584,2	LONG	0,00167	5981,87	0,00451	HOLD	98,2349	134,2808
2023-10-03	10:00	27584,2	27640	27536	27601,55	LONG	0,00167	5981,87	0,00451	HOLD	98,2349	134,3097
2023-10-03	11:00	27601,54	27648,05	27545,3	27633,02	LONG	0,00167	5981,87	0,00451	HOLD	98,2349	134,3623
2023-10-03	12:00	27633,02	27635	27572,37	27572,37	LONG	0,00167	5981,87	0,00451	HOLD	98,2349	134,261
2023-10-03	13:00	27572,37	27676,52	27565,06	27637,63	LONG	0,00167	5981,87	0,00451	HOLD	98,2349	134,37
2023-10-03	14:00	27637,63	27653,47	27521,43	27540,64	LONG	0,00167	5981,87	0,00451	HOLD	98,2349	134,208
2023-10-03	15:00	27540,65	27642,83	27540,06	27595,14	LONG	0,00167	5981,87	0,00451	HOLD	98,2349	134,299
2023-10-03	16:00	27595,14	27619,18	27545,38	27550,01	LONG	0,00167	5981,87	0,00451	HOLD	98,2349	134,2237
2023-10-03	17:00	27550,01	27635,8	27550	27625,58	LONG	0,00167	5981,87	0,00451	HOLD	98,2349	134,3499
2023-10-03	18:00	27625,58	27634,97	27475	27559,99	LONG	0,00167	5981,87	0,00451	HOLD	98,2349	134,2403
2023-10-03	19:00	27560	27565	27420,55	27472,7	LONG	0,00167	5981,87	0,00451	HOLD	98,2349	134,0946
2023-10-03	20:00	27472,69	27579,7	27388	27549,47	LONG	0,00167	5981,87	0,00451	HOLD	98,2349	134,2228
2023-10-03	21:00	27549,48	27549,48	27258,05	27350,59	LONG	0,00167	5981,87	0,00451	HOLD	98,2349	133,8906
2023-10-03	22:00	27350,59	27420,13	27234,55	27345	LONG	0,00167	5981,87	0,00451	HOLD	98,2349	133,8813
2023-10-03	23:00	27345	27442,59	27318,89	27385,44	LONG	0,00167	5981,87	0,00451	HOLD	98,2349	133,9488
2023-10-04	00:00	27385,44	27486,2	27385	27435,4	LONG	0,00167	5981,87	0,00451	HOLD	98,2349	134,0323
2023-10-04	01:00	27435,4	27447,75	27300,47	27300,48	LONG	0,00167	5981,87	0,00451	HOLD	98,2349	133,8069
2023-10-04	02:00	27300,48	27425	27250	27275	LONG	0,00167	5981,87	0,00451	HOLD	98,2349	133,7644
2023-10-04	03:00	27275	27396,97	27160,5	27394,25	LONG	0,00167	5981,87	0,00451	HOLD	98,2349	133,9635
2023-10-04	04:00	27394,24	27453,11	27360	27400,06	LONG	0,00167	5981,87	0,00451	HOLD	98,2349	133,9732
2023-10-04	05:00	27400,06	27410,93	27270	27404,21	LONG	0,00167	5981,87	0,00451	HOLD	98,2349	133,9802
2023-10-04	06:00	27404,22	27469,65	27380,36	27426,46	LONG	0,00167	5981,87	0,00451	HOLD	98,2349	134,0173
2023-10-04	07:00	27426,45	27435	27202	27310,43	LONG	0,00167	5981,87	0,00451	HOLD	98,2349	133,8236
2023-10-04	08:00	27310,43	27355,74	27260	27336,8	LONG	0,00167	5981,87	0,00451	HOLD	98,2349	133,8676
2023-10-04	09:00	27336,8	27510,29	27312,23	27412,14	LONG	0,00167	5981,87	0,00451	HOLD	98,2349	133,9934
2023-10-04	10:00	27412,14	27465,14	27404,96	27430,43	LONG	0,00167	5981,87	0,00451	HOLD	98,2349	134,024
2023-10-04	11:00	27430,43	27430,44	27380,16	27388,69	LONG	0,00167	5981,87	0,00451	HOLD	98,2349	133,9543
2023-10-04	12:00	27388,68	27407,42	27357,1	27407,18	LONG	0,00167	5981,87	0,00451	HOLD	98,2349	133,9851
2023-10-04	13:00	27407,18	27419,99	27350,75	27419,99	LONG	0,00167	5981,87	0,00451	HOLD	98,2349	134,0065
2023-10-04	14:00	27419,99	27454,98	27405,5	27453,78	LONG	0,00167	5981,87	0,00451	HOLD	98,2349	134,063
2023-10-04	15:00	27453,77	27574,11	27434,1	27519,93	LONG	0,00167	5981,87	0,00451	HOLD	98,2349	134,1734
2023-10-04	16:00	27519,93	27638,87	27507,31	27630	LONG	0,00167	5981,87	0,00451	HOLD	98,2349	134,3572
2023-10-04	17:00	27630,01	27643,09	27520,28	27530,05	LONG	0,00167	5981,87	0,00451	HOLD	98,2349	134,1903
2023-10-04	18:00	27530,06	27603,75	27524,16	27572,43	LONG	0,00167	5981,87	0,00451	HOLD	98,2349	134,2611
2023-10-04	19:00	27572,43	27633,42	27540,17	27570,02	LONG	0,00167	5981,87	0,00451	HOLD	98,2349	134,2571
2023-10-04	20:00	27570,02	27577,57	27403,4	27420	LONG	0,00167	5981,87	0,00451	HOLD	98,2349	134,0065
2023-10-04	21:00	27419,99	27462,08	27329,85	27386,94	LONG	0,00167	5981,87	0,00451	HOLD	98,2349	133,9513
2023-10-04	22:00	27386,93	27475	27363,69	27404,22	LONG	0,00167	5981,87	0,00451	HOLD	98,2349	133,9802
2023-10-04	23:00	27404,21	27597,45	27400,94	27524,06	LONG	0,00167	5981,87	0,00451	HOLD	98,2349	134,1803
2023-10-05	00:00	27524,07	27590,63	27506,14	27539,51	LONG	0,00167	5981,87	0,00451	HOLD	98,2349	134,2061
2023-10-05	01:00	27539,5	27630	27522	27627,42	LONG	0,00167	5981,87	0,00451	HOLD	98,2349	134,3529
2023-10-05	02:00	27627,42	27839,72	27527,2	27618,1	LONG	0,00167	5981,87	0,00451	HOLD	98,2349	134,3374
2023-10-05	03:00	27618,1	27739,14	27564,71	27648,98	LONG	0,00167	5981,87	0,00451	HOLD	98,2349	134,3889
2023-10-05	04:00	27648,99	27788,85	27647,65	27686,59	LONG	0,00167	5981,87	0,00451	HOLD	98,2349	134,4517
2023-10-05	05:00	27686,6	27777,48	27660,8	27752,75	LONG	0,00167	5981,87	0,00451	HOLD	98,2349	134,5622
2023-10-05	06:00	27752,75	27831,51	27752,74	27778,57	LONG	0,00167	5981,87	0,00451	HOLD	98,2349	134,6054
2023-10-05	07:00	27778,57	27896,07	27722,44	27811,78	LONG	0,00167	5981,87	0,00451	HOLD	98,2349	134,6608
2023-10-05	08:00	27811,79	27812,41	27688,22	27732,16	LONG	0,00167	5981,87	0,00451	HOLD	98,2349	134,5278
2023-10-05	09:00	27732,15	27738,13	27660,89	27677,67	LONG	0,00167	5981,87	0,00451	HOLD	98,2349	134,4369
2023-10-05	10:00	27677,67	27709,53	27650,01	27651,73	LONG	0,00167	5981,87	0,00451	HOLD	98,2349	134,3935
2023-10-05	11:00	27651,73	27698,25	27638,36	27692,91	LONG	0,00167	5981,87	0,00451	HOLD	98,2349	134,4623
2023-10-05	12:00	27692,91	27702,2	27641,3	27641,31	LONG	0,00167	5981,87	0,00451	HOLD	98,2349	134,3761
2023-10-05	13:00	27641,31	27665	27609,7	27660,75	LONG	0,00167	5981,87	0,00451	HOLD	98,2349	134,4086
2023-10-05	14:00	27660,75	27660,76	27550,77	27607,98	LONG	0,00167	5981,87	0,00451	HOLD	98,2349	134,3205
2023-10-05	15:00	27607,98	27666	27593,23	27649,63	LONG	0,00167	5981,87	0,00451	HOLD	98,2349	134,39
2023-10-05	16:00	27649,62	27725,96	27635,38	27684,68	LONG	0,00167	5981,87	0,00451	HOLD	98,2349	134,4486
