2020-11-27	05:00	17031,17	17229,94	16968,11	17167,99	LONG	0,00167	5981,87	0,00334	HOLD	98,2349	116,8857
2020-11-27	06:00	17167,49	17177,91	16807,69	17149,47	LONG	0,00167	5981,87	0,00334	HOLD	98,2349	116,8548
2020-11-27	07:00	17149,47	17400	17012,56	17393,73	LONG	0,00167	5981,87	0,00334	HOLD	98,2349	117,2627
2020-11-27	08:00	17395,34	17457,62	17266,08	17306,48	LONG	0,00167	5981,87	0,00334	HOLD	98,2349	117,117
2020-11-27	09:00	17306,48	17320	17068	17092,5	LONG	0,00167	5981,87	0,00334	HOLD	98,2349	116,7596
2020-11-27	10:00	17092,5	17269,46	17022,18	17078,11	LONG	0,00167	5981,87	0,00334	HOLD	98,2349	116,7356
2020-11-27	11:00	17078,11	17186,87	17050	17073,39	LONG	0,00167	5981,87	0,00334	HOLD	98,2349	116,7277
2020-11-27	12:00	17071,42	17340,49	17069,27	17258,5	LONG	0,00167	5981,87	0,00334	HOLD	98,2349	117,0368
2020-11-27	13:00	17258,5	17311	17172,53	17282,03	LONG	0,00167	5981,87	0,00334	HOLD	98,2349	117,0761
2020-11-27	14:00	17282,03	17296,75	17037,57	17094,18	LONG	0,00167	5981,87	0,00334	HOLD	98,2349	116,7624
2020-11-27	15:00	17095,47	17118,15	16713,46	16850,85	LONG	0,00167	5981,87	0,00334	HOLD	98,2349	116,3561
2020-11-27	16:00	16850,86	17200	16620	16656,53	LONG	0,00167	5981,87	0,00334	HOLD	98,2349	116,0315
2020-11-27	17:00	16656,54	16942,17	16654,26	16920,69	LONG	0,00167	5981,87	0,00334	HOLD	98,2349	116,4727
2020-11-27	18:00	16920,55	16940,87	16758	16789,37	LONG	0,00167	5981,87	0,00334	HOLD	98,2349	116,2534
2020-11-27	19:00	16789,46	17074,08	16772,52	17066,95	LONG	0,00167	5981,87	0,00334	HOLD	98,2349	116,7169
2020-11-27	20:00	17066,94	17083,35	16910	16944,79	LONG	0,00167	5981,87	0,00334	HOLD	98,2349	116,5129
2020-11-27	21:00	16944,79	16960,63	16724,82	16768,39	LONG	0,00167	5981,87	0,00334	HOLD	98,2349	116,2184
2020-11-27	22:00	16768,51	16788,13	16438,08	16498,85	LONG	0,00167	5981,87	0,00334	HOLD	98,2349	115,7682
2020-11-27	23:00	16501,1	16834,28	16465,48	16810,09	LONG	0,00167	5981,87	0,00334	HOLD	98,2349	116,288
2020-11-28	00:00	16810,08	16810,08	16660,33	16727,51	LONG	0,00167	5981,87	0,00334	HOLD	98,2349	116,1501
2020-11-28	01:00	16727,89	16866,66	16686,71	16781,22	LONG	0,00167	5981,87	0,00334	HOLD	98,2349	116,2398
2020-11-28	02:00	16781,22	16846,91	16730	16803,14	LONG	0,00167	5981,87	0,00334	HOLD	98,2349	116,2764
2020-11-28	03:00	16803,14	17200	16750	17069,73	LONG	0,00167	5981,87	0,00334	HOLD	98,2349	116,7216
2020-11-28	04:00	17068,01	17087,46	16634,34	16994,92	LONG	0,00167	5981,87	0,00334	HOLD	98,2349	116,5967
2020-11-28	05:00	16994,91	17047,84	16910,36	16956,45	LONG	0,00167	5981,87	0,00334	HOLD	98,2349	116,5324
2020-11-28	06:00	16956,59	17235,7	16956,59	17139,52	LONG	0,00167	5981,87	0,00334	HOLD	98,2349	116,8381
2020-11-28	07:00	17139,53	17178,45	16974,3	17150	LONG	0,00167	5981,87	0,00334	HOLD	98,2349	116,8556
2020-11-28	08:00	17150	17190	17046,46	17129,66	LONG	0,00167	5981,87	0,00334	HOLD	98,2349	116,8217
2020-11-28	09:00	17129,65	17131,23	16979,61	16983,94	LONG	0,00167	5981,87	0,00334	HOLD	98,2349	116,5783
2020-11-28	10:00	16984,52	17012,09	16923,5	16990,27	LONG	0,00167	5981,87	0,00334	HOLD	98,2349	116,5889
2020-11-28	11:00	16990,27	17026,6	16891,9	16961,38	LONG	0,00167	5981,87	0,00334	HOLD	98,2349	116,5406
2020-11-28	12:00	16961,37	16978	16872	16977,99	LONG	0,00167	5981,87	0,00334	HOLD	98,2349	116,5684
2020-11-28	13:00	16978	17036,89	16962,99	17019,32	LONG	0,00167	5981,87	0,00334	HOLD	98,2349	116,6374
2020-11-28	14:00	17019,31	17067,14	16992	17014,72	LONG	0,00167	5981,87	0,00334	HOLD	98,2349	116,6297
2020-11-28	15:00	17014,72	17046,41	16865,56	16875,01	LONG	0,00167	5981,87	0,00334	HOLD	98,2349	116,3964
2020-11-28	16:00	16875,01	16962,74	16874,99	16916,42	LONG	0,00167	5981,87	0,00334	HOLD	98,2349	116,4656
2020-11-28	17:00	16916,42	17257,97	16880,5	17195,73	LONG	0,00167	5981,87	0,00334	HOLD	98,2349	116,932
2020-11-28	18:00	17195,73	17200	17106,02	17160,29	LONG	0,00167	5981,87	0,00334	HOLD	98,2349	116,8728
2020-11-28	19:00	17160,29	17227,08	17070	17134,42	LONG	0,00167	5981,87	0,00334	HOLD	98,2349	116,8296
2020-11-28	20:00	17134,42	17358	17074,39	17356,02	LONG	0,00167	5981,87	0,00334	HOLD	98,2349	117,1997
2020-11-28	21:00	17356,03	17390	17264,59	17336,07	LONG	0,00167	5981,87	0,00334	HOLD	98,2349	117,1664
2020-11-28	22:00	17336,07	17530,46	17336,06	17517,04	LONG	0,00167	5981,87	0,00334	HOLD	98,2349	117,4686
2020-11-28	23:00	17517,04	17772,09	17516,52	17707,26	LONG	0,00167	5981,87	0,00334	HOLD	98,2349	117,7863
2020-11-29	00:00	17707,26	17748,99	17580,64	17745,74	LONG	0,00167	5981,87	0,00334	HOLD	98,2349	117,8505
2020-11-29	01:00	17745,73	17765,23	17640,38	17729,99	LONG	0,00167	5981,87	0,00334	HOLD	98,2349	117,8242
2020-11-29	02:00	17730	17840	17670,75	17814,5	LONG	0,00167	5981,87	0,00334	HOLD	98,2349	117,9654
2020-11-29	03:00	17814,5	17880,49	17671,14	17673,21	LONG	0,00167	5981,87	0,00334	HOLD	98,2349	117,7294
2020-11-29	04:00	17673,21	17751,99	17660,3	17741,05	LONG	0,00167	5981,87	0,00334	HOLD	98,2349	117,8427
2020-11-29	05:00	17741,05	17843	17612,33	17760,03	LONG	0,00167	5981,87	0,00334	HOLD	98,2349	117,8744
2020-11-29	06:00	17760,03	17807,1	17661,21	17719,85	LONG	0,00167	5981,87	0,00334	HOLD	98,2349	117,8073
2020-11-29	07:00	17719,84	17760	17517	17649,23	LONG	0,00167	5981,87	0,00334	HOLD	98,2349	117,6894
2020-11-29	08:00	17649,24	17663,11	17520	17587,53	LONG	0,00167	5981,87	0,00334	HOLD	98,2349	117,5863
2020-11-29	09:00	17587,53	17793	17545,28	17742,25	LONG	0,00167	5981,87	0,00334	HOLD	98,2349	117,8447
2020-11-29	10:00	17742,25	17886,21	17724,19	17867,48	LONG	0,00167	5981,87	0,00334	HOLD	98,2349	118,0538
2020-11-29	11:00	17867,48	17867,49	17758,66	17763	LONG	0,00167	5981,87	0,00334	HOLD	98,2349	117,8794
2020-11-29	12:00	17763	17837,53	17751	17790,31	LONG	0,00167	5981,87	0,00334	HOLD	98,2349	117,925
2020-11-29	13:00	17790,31	17792,62	17707,31	17729,27	LONG	0,00167	5981,87	0,00334	HOLD	98,2349	117,823
2020-11-29	14:00	17729,27	17849,21	17666	17817,34	LONG	0,00167	5981,87	0,00334	HOLD	98,2349	117,9701
2020-11-29	15:00	17817,34	18154,44	17803,78	18144,99	LONG	0,00167	5981,87	0,00334	HOLD	98,2349	118,5173
2020-11-29	16:00	18144,98	18209,65	18049,92	18104,35	LONG	0,00167	5981,87	0,00334	HOLD	98,2349	118,4494
2020-11-29	17:00	18104,35	18227,3	18036,04	18192,82	LONG	0,00167	5981,87	0,00334	HOLD	98,2349	118,5972
2020-11-29	18:00	18192,83	18250	18000	18090,44	LONG	0,00167	5981,87	0,00334	HOLD	98,2349	118,4262
2020-11-29	19:00	18089,75	18132,32	17882,82	18030,08	LONG	0,00167	5981,87	0,00334	HOLD	98,2349	118,3254
2020-11-29	20:00	18030,08	18148,97	17919	18097,46	LONG	0,00167	5981,87	0,00334	HOLD	98,2349	118,4379
2020-11-29	21:00	18097,46	18194,13	18030	18039,82	LONG	0,00167	5981,87	0,00334	HOLD	98,2349	118,3416
2020-11-29	22:00	18039,82	18140	17966,16	18119,97	LONG	0,00167	5981,87	0,00334	HOLD	98,2349	118,4755
2020-11-29	23:00	18119,97	18147	17926	18089,78	LONG	0,00167	5981,87	0,00334	HOLD	98,2349	118,4251
2020-11-30	00:00	18089,79	18145,14	18045,31	18094,31	LONG	0,00167	5981,87	0,00334	HOLD	98,2349	118,4326
2020-11-30	01:00	18094,31	18128,94	18040	18118,27	LONG	0,00167	5981,87	0,00334	HOLD	98,2349	118,4727
2020-11-30	02:00	18118,27	18125,17	18008,12	18042,86	LONG	0,00167	5981,87	0,00334	HOLD	98,2349	118,3467
2020-11-30	03:00	18042,85	18228	18027,82	18207,4	LONG	0,00167	5981,87	0,00334	HOLD	98,2349	118,6215
2020-11-30	04:00	18207,39	18360,05	18202,36	18255	LONG	0,00167	5981,87	0,00334	HOLD	98,2349	118,701
2020-11-30	05:00	18254,24	18264,99	18060,83	18133,21	LONG	0,00167	5981,87	0,00334	HOLD	98,2349	118,4976
2020-11-30	06:00	18133,22	18230	18088	18184,99	LONG	0,00167	5981,87	0,00334	HOLD	98,2349	118,5841
2020-11-30	07:00	18185	18477	18184,99	18430,33	LONG	0,00167	5981,87	0,00334	HOLD	98,2349	118,9938
2020-11-30	08:00	18430,33	18548,32	18347,81	18481,97	LONG	0,00167	5981,87	0,00334	HOLD	98,2349	119,08
2020-11-30	09:00	18482,1	18550	18435,81	18506,87	LONG	0,00167	5981,87	0,00334	HOLD	98,2349	119,1216
2020-11-30	10:00	18506,87	18593,81	18431,26	18579,5	LONG	0,00167	5981,87	0,00334	HOLD	98,2349	119,2429
2020-11-30	11:00	18579,67	18619,79	18450	18523,79	LONG	0,00167	5981,87	0,00334	HOLD	98,2349	119,1499
2020-11-30	12:00	18523,79	18627,29	18477,62	18520,47	LONG	0,00167	5981,87	0,00334	HOLD	98,2349	119,1443
2020-11-30	14:00	18520,27	18677	18512,9	18623	LONG	0,00167	5981,87	0,00334	HOLD	98,2349	119,3156
2020-11-30	15:00	18623,05	18625	18375,55	18462,31	LONG	0,00167	5981,87	0,00334	HOLD	98,2349	119,0472
2020-11-30	16:00	18462,7	18510	18326,03	18478,54	LONG	0,00167	5981,87	0,00334	HOLD	98,2349	119,0743
2020-11-30	17:00	18478,54	18589	18446,5	18503,06	LONG	0,00167	5981,87	0,00334	HOLD	98,2349	119,1153
2020-11-30	18:00	18503,11	18655	18503,11	18600,95	LONG	0,00167	5981,87	0,00334	HOLD	98,2349	119,2787
2020-11-30	19:00	18600,94	18840	18600,94	18837,16	LONG	0,00167	5981,87	0,00334	HOLD	98,2349	119,6732
2020-11-30	20:00	18837,16	19210	18788,11	19151,49	LONG	0,00167	5981,87	0,00334	HOLD	98,2349	120,1981
2020-11-30	21:00	19151,49	19782,1	19135	19480,8	LONG	0,00167	5981,87	0,00334	HOLD	98,2349	120,7481
2020-11-30	22:00	19480,73	19863,16	19152,25	19291,88	LONG	0,00167	5981,87	0,00334	HOLD	98,2349	120,4326
2020-11-30	23:00	19291,88	19579	19127,48	19196,4	LONG	0,00167	5981,87	0,00334	HOLD	98,2349	120,2731
2020-12-01	00:00	19196,41	19470	19011,1	19393,6	LONG	0,00167	5981,87	0,00334	HOLD	98,2349	120,6025
2020-12-01	01:00	19393,6	19467,23	19141,89	19175,78	LONG	0,00167	5981,87	0,00334	HOLD	98,2349	120,2387
2020-12-01	02:00	19175,87	19315	19050	19259,98	LONG	0,00167	5981,87	0,00334	HOLD	98,2349	120,3793
2020-12-01	03:00	19259,98	19494,35	19170,78	19439,48	LONG	0,00167	5981,87	0,00334	HOLD	98,2349	120,6791
2020-12-01	04:00	19439,27	19520	19323,18	19381,25	LONG	0,00167	5981,87	0,00334	HOLD	98,2349	120,5818
2020-12-01	05:00	19379,86	19500	19233,09	19499,99	LONG	0,00167	5981,87	0,00334	HOLD	98,2349	120,7801
2020-12-01	06:00	19500	19747,05	19450,43	19695,87	LONG	0,00167	5981,87	0,00334	HOLD	98,2349	121,1072
2020-12-01	07:00	19695,87	19720	19479,8	19565,47	LONG	0,00167	5981,87	0,00334	HOLD	98,2349	120,8895
2020-12-01	08:00	19565,47	19639,99	19433,15	19605,75	LONG	0,00167	5981,87	0,00334	HOLD	98,2349	120,9567
2020-12-01	09:00	19605,75	19704,93	19548,57	19680,95	LONG	0,00167	5981,87	0,00334	HOLD	98,2349	121,0823
2020-12-01	10:00	19680,96	19682,77	19340	19419,74	LONG	0,00167	5981,87	0,00334	HOLD	98,2349	120,6461
2020-12-01	11:00	19419,73	19527,02	19344,92	19354,31	LONG	0,00167	5981,87	0,00334	HOLD	98,2349	120,5368
2020-12-01	12:00	19352,64	19502,54	19281,38	19483,73	LONG	0,00167	5981,87	0,00334	HOLD	98,2349	120,753
2020-12-01	13:00	19483,73	19517,94	19309,87	19338,34	LONG	0,00167	5981,87	0,00334	HOLD	98,2349	120,5102
2020-12-01	14:00	19338,33	19546,81	19300	19515,63	LONG	0,00167	5981,87	0,00334	HOLD	98,2349	120,8062
2020-12-01	15:00	19515,62	19567	19441,19	19466,99	LONG	0,00167	5981,87	0,00334	HOLD	98,2349	120,725
2020-12-01	16:00	19467	19570	19426,96	19565	LONG	0,00167	5981,87	0,00334	HOLD	98,2349	120,8887
2020-12-01	17:00	19564,99	19800	19558,77	19739,51	LONG	0,00167	5981,87	0,00334	HOLD	98,2349	121,1801
2020-12-01	18:00	19739,51	19888	18886	19425	LONG	0,00167	5981,87	0,00334	HOLD	98,2349	120,6549
2020-12-01	19:00	19425,4	19482,01	18399,99	18551,35	LONG	0,00167	5981,87	0,00334	HOLD	98,2349	119,1959
2020-12-01	20:00	18550,25	18844,15	18001,12	18759,73	LONG	0,00167	5981,87	0,00334	HOLD	98,2349	119,5439
2020-12-01	21:00	18759,74	19364,82	18651	19285,31	LONG	0,00167	5981,87	0,00334	HOLD	98,2349	120,4216
2020-12-01	22:00	19285,3	19489,3	19147,6	19263,37	LONG	0,00167	5981,87	0,00334	HOLD	98,2349	120,385
2020-12-01	23:00	19263,36	19325,83	18938,22	19058,8	LONG	0,00167	5981,87	0,00334	HOLD	98,2349	120,0433
2020-12-02	00:00	19058,8	19086,95	18611,88	19058,4	LONG	0,00167	5981,87	0,00334	HOLD	98,2349	120,0427
2020-12-02	01:00	19058,4	19074,64	18693,37	18738,82	LONG	0,00167	5981,87	0,00334	HOLD	98,2349	119,509
2020-12-02	02:00	18738,83	19135,19	18720,48	19069,79	LONG	0,00167	5981,87	0,00334	HOLD	98,2349	120,0617
2020-12-02	03:00	19069,79	19150	18862	19024,32	LONG	0,00167	5981,87	0,00334	HOLD	98,2349	119,9858
2020-12-02	04:00	19024,33	19211	18936,61	19038,39	LONG	0,00167	5981,87	0,00334	HOLD	98,2349	120,0093
2020-12-02	05:00	19038,39	19156,72	18830,18	18895	LONG	0,00167	5981,87	0,00334	HOLD	98,2349	119,7698
2020-12-02	06:00	18895,01	18943,26	18725	18764,96	LONG	0,00167	5981,87	0,00334	HOLD	98,2349	119,5526
2020-12-02	07:00	18764,96	18877,92	18433	18836,51	LONG	0,00167	5981,87	0,00334	HOLD	98,2349	119,6721
2020-12-02	08:00	18836,5	18972,12	18703	18854,01	LONG	0,00167	5981,87	0,00334	HOLD	98,2349	119,7013
2020-12-02	09:00	18854,01	18863,73	18639,86	18676,4	LONG	0,00167	5981,87	0,00334	HOLD	98,2349	119,4047
2020-12-02	10:00	18676,39	18788,32	18506,16	18618,25	LONG	0,00167	5981,87	0,00334	HOLD	98,2349	119,3076
2020-12-02	11:00	18618	18700	18330	18550,96	LONG	0,00167	5981,87	0,00334	HOLD	98,2349	119,1952
2020-12-02	12:00	18550,95	18660	18465,42	18654,41	LONG	0,00167	5981,87	0,00334	HOLD	98,2349	119,368
2020-12-02	13:00	18654,27	18939,97	18630,63	18926,66	LONG	0,00167	5981,87	0,00334	HOLD	98,2349	119,8227
2020-12-02	14:00	18924,13	19135	18833	19124,48	LONG	0,00167	5981,87	0,00334	HOLD	98,2349	120,153
2020-12-02	15:00	19124,49	19342	19059,09	19195,19	LONG	0,00167	5981,87	0,00334	HOLD	98,2349	120,2711
2020-12-02	16:00	19195,52	19319,67	18977,03	19035,99	LONG	0,00167	5981,87	0,00334	HOLD	98,2349	120,0052
2020-12-02	17:00	19036,29	19196,63	18991,43	19103,39	LONG	0,00167	5981,87	0,00334	HOLD	98,2349	120,1178
2020-12-02	18:00	19103,38	19199	19022,47	19127,31	LONG	0,00167	5981,87	0,00334	HOLD	98,2349	120,1577
2020-12-02	19:00	19127,31	19129,13	18792,31	18940,98	LONG	0,00167	5981,87	0,00334	HOLD	98,2349	119,8466
2020-12-02	20:00	18940,97	19250,7	18919,31	19124,51	LONG	0,00167	5981,87	0,00334	HOLD	98,2349	120,1531
2020-12-02	21:00	19126,75	19175	18850	18910,21	LONG	0,00167	5981,87	0,00334	HOLD	98,2349	119,7952
2020-12-02	22:00	18910,21	18989	18728,38	18891,57	LONG	0,00167	5981,87	0,00334	HOLD	98,2349	119,7641
2020-12-02	23:00	18891,57	19015,7	18770	18856,25	LONG	0,00167	5981,87	0,00334	HOLD	98,2349	119,7051
2020-12-03	00:00	18856,25	18999	18810,27	18976,33	LONG	0,00167	5981,87	0,00334	HOLD	98,2349	119,9056
2020-12-03	01:00	18976,33	19068	18894,8	19011,99	LONG	0,00167	5981,87	0,00334	HOLD	98,2349	119,9652
2020-12-03	02:00	19011,97	19139,06	18964,08	19101,1	LONG	0,00167	5981,87	0,00334	HOLD	98,2349	120,114
2020-12-03	03:00	19101,1	19150	19044,85	19083,4	LONG	0,00167	5981,87	0,00334	HOLD	98,2349	120,0844
2020-12-03	04:00	19083,77	19168,91	19046,3	19145,01	LONG	0,00167	5981,87	0,00334	HOLD	98,2349	120,1873
2020-12-03	05:00	19145	19235	19099	19111,13	LONG	0,00167	5981,87	0,00334	HOLD	98,2349	120,1307
2020-12-03	06:00	19111,13	19260	19089,5	19204,09	LONG	0,00167	5981,87	0,00334	HOLD	98,2349	120,286
2020-12-03	07:00	19204,08	19299	19150,76	19180	LONG	0,00167	5981,87	0,00334	HOLD	98,2349	120,2457
2020-12-03	08:00	19180	19184,54	18940	19016,91	LONG	0,00167	5981,87	0,00334	HOLD	98,2349	119,9734
2020-12-03	09:00	19016,92	19099,05	18945	19041,73	LONG	0,00167	5981,87	0,00334	HOLD	98,2349	120,0148
2020-12-03	10:00	19041,73	19178,87	19013,17	19087	LONG	0,00167	5981,87	0,00334	HOLD	98,2349	120,0904
2020-12-03	11:00	19087,01	19124,03	19022,22	19041,21	LONG	0,00167	5981,87	0,00334	HOLD	98,2349	120,014
2020-12-03	12:00	19041,21	19110	18867,2	18922,83	LONG	0,00167	5981,87	0,00334	HOLD	98,2349	119,8163
2020-12-03	13:00	18922,83	19015,42	18880,51	18970,24	LONG	0,00167	5981,87	0,00334	HOLD	98,2349	119,8954
2020-12-03	14:00	18970,24	19250	18911	19208,11	LONG	0,00167	5981,87	0,00334	HOLD	98,2349	120,2927
2020-12-03	15:00	19208,11	19450	19161,85	19378,79	LONG	0,00167	5981,87	0,00334	HOLD	98,2349	120,5777
2020-12-03	16:00	19378,79	19420,96	19097,6	19363,99	LONG	0,00167	5981,87	0,00334	HOLD	98,2349	120,553
2020-12-03	17:00	19363,98	19422,9	19244,75	19353,69	LONG	0,00167	5981,87	0,00334	HOLD	98,2349	120,5358
2020-12-03	18:00	19353,69	19444,4	19290	19396,5	LONG	0,00167	5981,87	0,00334	HOLD	98,2349	120,6073
2020-12-03	19:00	19396,49	19425	19219,78	19321,26	LONG	0,00167	5981,87	0,00334	HOLD	98,2349	120,4816
2020-12-03	20:00	19321,26	19375,16	19252,2	19281	LONG	0,00167	5981,87	0,00334	HOLD	98,2349	120,4144
2020-12-03	21:00	19281,51	19397	19274	19351,32	LONG	0,00167	5981,87	0,00334	HOLD	98,2349	120,5318
2020-12-03	22:00	19351,32	19536,2	19300	19535	LONG	0,00167	5981,87	0,00334	HOLD	98,2349	120,8386
2020-12-03	23:00	19535	19598	19251,76	19354,78	LONG	0,00167	5981,87	0,00334	HOLD	98,2349	120,5376
2020-12-04	00:00	19354,78	19384,23	19194,06	19299,23	LONG	0,00167	5981,87	0,00334	HOLD	98,2349	120,4449
2020-12-04	01:00	19299,24	19398,9	19299,24	19371,46	LONG	0,00167	5981,87	0,00334	HOLD	98,2349	120,5655
2020-12-04	02:00	19371,46	19422,9	19328,51	19414,29	LONG	0,00167	5981,87	0,00334	HOLD	98,2349	120,637
2020-12-04	03:00	19414,29	19435,29	19306,27	19369,44	LONG	0,00167	5981,87	0,00334	HOLD	98,2349	120,5621
2020-12-04	04:00	19369,44	19462,24	19328,92	19438,86	LONG	0,00167	5981,87	0,00334	HOLD	98,2349	120,678
2020-12-04	05:00	19438,86	19479,71	19402	19464,11	LONG	0,00167	5981,87	0,00334	HOLD	98,2349	120,7202
2020-12-04	06:00	19464,12	19540	19402,11	19421,9	LONG	0,00167	5981,87	0,00334	HOLD	98,2349	120,6497
2020-12-04	07:00	19422,34	19527	19378,92	19460,65	LONG	0,00167	5981,87	0,00334	HOLD	98,2349	120,7144
2020-12-04	08:00	19462,49	19489,84	19319,39	19321,42	LONG	0,00167	5981,87	0,00334	HOLD	98,2349	120,4819
2020-12-04	09:00	19323,31	19375	19250	19251,92	LONG	0,00167	5981,87	0,00334	HOLD	98,2349	120,3658
2020-12-04	10:00	19251,92	19323,31	19122,74	19162,62	LONG	0,00167	5981,87	0,00334	HOLD	98,2349	120,2167
2020-12-04	11:00	19162,62	19318,83	19122,48	19286,78	LONG	0,00167	5981,87	0,00334	HOLD	98,2349	120,4241
2020-12-04	12:00	19286,78	19312,79	19190,52	19200,07	LONG	0,00167	5981,87	0,00334	HOLD	98,2349	120,2793
2020-12-04	13:00	19200,01	19367,05	19192,89	19317,13	LONG	0,00167	5981,87	0,00334	HOLD	98,2349	120,4747
2020-12-04	14:00	19317,13	19335,83	19238,31	19283,94	LONG	0,00167	5981,87	0,00334	HOLD	98,2349	120,4193
2020-12-04	15:00	19283,94	19447,14	19281,23	19388,89	LONG	0,00167	5981,87	0,00334	HOLD	98,2349	120,5946
2020-12-04	16:00	19388,9	19410,49	19316,11	19354,23	LONG	0,00167	5981,87	0,00334	HOLD	98,2349	120,5367
2020-12-04	17:00	19354,23	19360,73	18900	18978,35	LONG	0,00167	5981,87	0,00334	HOLD	98,2349	119,909
2020-12-04	18:00	18978,35	19077,16	18700	18833,25	LONG	0,00167	5981,87	0,00334	HOLD	98,2349	119,6667
2020-12-04	19:00	18834,48	19029,56	18686,38	19026,49	LONG	0,00167	5981,87	0,00334	HOLD	98,2349	119,9894
2020-12-04	20:00	19026,49	19027	18914,42	19005,34	LONG	0,00167	5981,87	0,00334	HOLD	98,2349	119,9541
2020-12-04	21:00	19005,34	19146,22	18917,84	19046,11	LONG	0,00167	5981,87	0,00334	HOLD	98,2349	120,0221
2020-12-04	22:00	19046,11	19073,46	18938,25	18943,35	LONG	0,00167	5981,87	0,00334	HOLD	98,2349	119,8505
2020-12-04	23:00	18944,06	18991,7	18817	18981,28	LONG	0,00167	5981,87	0,00334	HOLD	98,2349	119,9139
2020-12-05	00:00	18981,28	19029,2	18932,23	18968,93	LONG	0,00167	5981,87	0,00334	HOLD	98,2349	119,8933
2020-12-05	01:00	18968,82	19078,68	18929,16	19056,45	LONG	0,00167	5981,87	0,00334	HOLD	98,2349	120,0394
2020-12-05	02:00	19056,45	19065	19000	19038,73	LONG	0,00167	5981,87	0,00334	HOLD	98,2349	120,0098
2020-12-05	03:00	19038,73	19045,34	18880	18962,53	LONG	0,00167	5981,87	0,00334	HOLD	98,2349	119,8826
2020-12-05	04:00	18962,52	18988,75	18725,6	18806,41	LONG	0,00167	5981,87	0,00334	HOLD	98,2349	119,6218
2020-12-05	05:00	18807,09	18875,27	18565,31	18665,3	LONG	0,00167	5981,87	0,00334	HOLD	98,2349	119,3862
2020-12-05	06:00	18665,31	18841	18601,5	18650,52	LONG	0,00167	5981,87	0,00334	HOLD	98,2349	119,3615
2020-12-05	07:00	18650,51	18791,53	18500	18764,23	LONG	0,00167	5981,87	0,00334	HOLD	98,2349	119,5514
2020-12-05	08:00	18764,23	18819,83	18634,5	18644,89	LONG	0,00167	5981,87	0,00334	HOLD	98,2349	119,3521
2020-12-05	09:00	18644,88	18848,62	18641,1	18789,66	LONG	0,00167	5981,87	0,00334	HOLD	98,2349	119,5939
2020-12-05	10:00	18789,65	18880	18738,34	18818,85	LONG	0,00167	5981,87	0,00334	HOLD	98,2349	119,6426
2020-12-05	11:00	18818,05	18932	18800	18863,9	LONG	0,00167	5981,87	0,00334	HOLD	98,2349	119,7179
2020-12-05	12:00	18863,9	18970	18840,69	18954,42	LONG	0,00167	5981,87	0,00334	HOLD	98,2349	119,869
2020-12-05	13:00	18955,83	18990,08	18906,16	18963,03	LONG	0,00167	5981,87	0,00334	HOLD	98,2349	119,8834
2020-12-05	14:00	18963,03	18986,61	18900	18911,31	LONG	0,00167	5981,87	0,00334	HOLD	98,2349	119,797
2020-12-05	15:00	18911,3	19177	18911,3	19149,9	LONG	0,00167	5981,87	0,00334	HOLD	98,2349	120,1955
2020-12-05	16:00	19149,9	19165	19053,05	19110,42	LONG	0,00167	5981,87	0,00334	HOLD	98,2349	120,1295
2020-12-05	17:00	19110,42	19137,28	19037,5	19114,48	LONG	0,00167	5981,87	0,00334	HOLD	98,2349	120,1363
2020-12-05	18:00	19114,48	19127,46	18959,03	19013,43	LONG	0,00167	5981,87	0,00334	HOLD	98,2349	119,9676
2020-12-05	19:00	19013,43	19080,01	18965,45	19060,01	LONG	0,00167	5981,87	0,00334	HOLD	98,2349	120,0454
2020-12-05	20:00	19060,27	19069,9	18941,74	18983,13	LONG	0,00167	5981,87	0,00334	HOLD	98,2349	119,917
2020-12-05	21:00	18982,57	19092,03	18963,83	19080,01	LONG	0,00167	5981,87	0,00334	HOLD	98,2349	120,0788
2020-12-05	22:00	19080,01	19150	19051	19110,78	LONG	0,00167	5981,87	0,00334	HOLD	98,2349	120,1301
2020-12-05	23:00	19111,13	19149,92	19044,28	19099	LONG	0,00167	5981,87	0,00334	HOLD	98,2349	120,1105
2020-12-06	00:00	19098,99	19125,76	19026	19125,76	LONG	0,00167	5981,87	0,00334	HOLD	98,2349	120,1552
2020-12-06	01:00	19125,77	19140	19085	19116,3	LONG	0,00167	5981,87	0,00334	HOLD	98,2349	120,1394
2020-12-06	02:00	19116,65	19172,37	19075,3	19119,19	LONG	0,00167	5981,87	0,00334	HOLD	98,2349	120,1442
2020-12-06	03:00	19119,19	19140	18993,92	19054,9	LONG	0,00167	5981,87	0,00334	HOLD	98,2349	120,0368
2020-12-06	04:00	19055,24	19110	19000	19007,04	LONG	0,00167	5981,87	0,00334	HOLD	98,2349	119,9569
2020-12-06	05:00	19007,04	19052,17	18977,16	19020,5	LONG	0,00167	5981,87	0,00334	HOLD	98,2349	119,9794
2020-12-06	06:00	19020,59	19157,52	19020,08	19147,66	LONG	0,00167	5981,87	0,00334	HOLD	98,2349	120,1917
2020-12-06	07:00	19147,66	19277	19131,02	19268,81	LONG	0,00167	5981,87	0,00334	HOLD	98,2349	120,3941
2020-12-06	08:00	19268,81	19342	19228	19261,52	LONG	0,00167	5981,87	0,00334	HOLD	98,2349	120,3819
2020-12-06	09:00	19261,51	19288,06	19206,03	19233,43	LONG	0,00167	5981,87	0,00334	HOLD	98,2349	120,335
2020-12-06	10:00	19233,44	19245,91	19137,18	19183,39	LONG	0,00167	5981,87	0,00334	HOLD	98,2349	120,2514
2020-12-06	11:00	19183,39	19231,08	19155,04	19185,92	LONG	0,00167	5981,87	0,00334	HOLD	98,2349	120,2556
2020-12-06	12:00	19185,92	19222,54	19105	19151,97	LONG	0,00167	5981,87	0,00334	HOLD	98,2349	120,1989
2020-12-06	13:00	19152	19224,66	19133,5	19183,94	LONG	0,00167	5981,87	0,00334	HOLD	98,2349	120,2523
2020-12-06	14:00	19184,23	19260	19172,3	19230,99	LONG	0,00167	5981,87	0,00334	HOLD	98,2349	120,3309
2020-12-06	15:00	19230,99	19251	19003,64	19017,56	LONG	0,00167	5981,87	0,00334	HOLD	98,2349	119,9745
2020-12-06	16:00	19017,54	19083,98	18950,87	19042,22	LONG	0,00167	5981,87	0,00334	HOLD	98,2349	120,0156
2020-12-06	17:00	19042,23	19061,53	18957,04	19041,31	LONG	0,00167	5981,87	0,00334	HOLD	98,2349	120,0141
2020-12-06	18:00	19041,32	19100	18959,73	19089,16	LONG	0,00167	5981,87	0,00334	HOLD	98,2349	120,094
2020-12-06	19:00	19089,15	19089,16	18960,55	18982,47	LONG	0,00167	5981,87	0,00334	HOLD	98,2349	119,9159
2020-12-06	20:00	18982,87	19021	18857	18953,07	LONG	0,00167	5981,87	0,00334	HOLD	98,2349	119,8668
2020-12-06	21:00	18953,07	19131,53	18930,98	19120	LONG	0,00167	5981,87	0,00334	HOLD	98,2349	120,1455
2020-12-06	22:00	19120,27	19152,38	19094	19125,83	LONG	0,00167	5981,87	0,00334	HOLD	98,2349	120,1553
2020-12-06	23:00	19125,84	19213,09	19018	19106,8	LONG	0,00167	5981,87	0,00334	HOLD	98,2349	120,1235
2020-12-07	00:00	19106,46	19177,16	19065,91	19128,02	LONG	0,00167	5981,87	0,00334	HOLD	98,2349	120,1589
2020-12-07	01:00	19127,86	19174,36	19093,78	19105,21	LONG	0,00167	5981,87	0,00334	HOLD	98,2349	120,1208
2020-12-07	02:00	19105,2	19156,96	19076,47	19132,62	LONG	0,00167	5981,87	0,00334	HOLD	98,2349	120,1666
2020-12-07	03:00	19132,62	19184,62	19123,41	19168,73	LONG	0,00167	5981,87	0,00334	HOLD	98,2349	120,2269
2020-12-07	04:00	19168,73	19244	19114,01	19238,08	LONG	0,00167	5981,87	0,00334	HOLD	98,2349	120,3427
2020-12-07	05:00	19238,08	19249	19045	19125,44	LONG	0,00167	5981,87	0,00334	HOLD	98,2349	120,1546
2020-12-07	06:00	19125,55	19420	19125,55	19359,4	LONG	0,00167	5981,87	0,00334	HOLD	98,2349	120,5453
2020-12-07	07:00	19358,67	19420,91	19288,23	19318,56	LONG	0,00167	5981,87	0,00334	HOLD	98,2349	120,4771
2020-12-07	08:00	19318,56	19349,55	19219,99	19293,08	LONG	0,00167	5981,87	0,00334	HOLD	98,2349	120,4346
2020-12-07	09:00	19293,09	19307,49	19169,35	19200	LONG	0,00167	5981,87	0,00334	HOLD	98,2349	120,2791
2020-12-07	10:00	19200,01	19288,23	19157,55	19282,68	LONG	0,00167	5981,87	0,00334	HOLD	98,2349	120,4172
2020-12-07	11:00	19282,68	19306,11	19233,36	19285,97	LONG	0,00167	5981,87	0,00334	HOLD	98,2349	120,4227
2020-12-07	12:00	19285,97	19299	19240	19246,26	LONG	0,00167	5981,87	0,00334	HOLD	98,2349	120,3564
2020-12-07	13:00	19246,25	19356,3	19237,37	19306,36	LONG	0,00167	5981,87	0,00334	HOLD	98,2349	120,4568
2020-12-07	14:00	19306,36	19399	19293,93	19371,3	LONG	0,00167	5981,87	0,00334	HOLD	98,2349	120,5652
2020-12-07	15:00	19371,24	19386,15	19200	19250,84	LONG	0,00167	5981,87	0,00334	HOLD	98,2349	120,364
2020-12-07	16:00	19250,85	19256,62	19177,99	19213,34	LONG	0,00167	5981,87	0,00334	HOLD	98,2349	120,3014
2020-12-07	17:00	19213,34	19254,06	19147,05	19183,41	LONG	0,00167	5981,87	0,00334	HOLD	98,2349	120,2514
2020-12-07	18:00	19183,41	19231,22	19090	19103,58	LONG	0,00167	5981,87	0,00334	HOLD	98,2349	120,1181
2020-12-07	19:00	19103,79	19239	19097,5	19238,8	LONG	0,00167	5981,87	0,00334	HOLD	98,2349	120,3439
2020-12-07	20:00	19239	19253,09	19180,7	19187,67	LONG	0,00167	5981,87	0,00334	HOLD	98,2349	120,2586
2020-12-07	21:00	19187,9	19234,61	19095,72	19195,84	LONG	0,00167	5981,87	0,00334	HOLD	98,2349	120,2722
2020-12-07	22:00	19195,84	19257,03	19168,88	19213,9	LONG	0,00167	5981,87	0,00334	HOLD	98,2349	120,3024
2020-12-07	23:00	19213,9	19241,39	19166,79	19188,36	LONG	0,00167	5981,87	0,00334	HOLD	98,2349	120,2597
2020-12-08	00:00	19188,29	19210,09	19139,99	19160,01	LONG	0,00167	5981,87	0,00334	HOLD	98,2349	120,2124
2020-12-08	01:00	19160,01	19188,16	18902,88	18939,7	LONG	0,00167	5981,87	0,00334	HOLD	98,2349	119,8444
2020-12-08	02:00	18938,51	19039,02	18912,31	18967,01	LONG	0,00167	5981,87	0,00334	HOLD	98,2349	119,89
2020-12-08	03:00	18967,01	19059,8	18935,06	19050,63	LONG	0,00167	5981,87	0,00334	HOLD	98,2349	120,0297
2020-12-08	04:00	19050,63	19115,28	19015,36	19075,41	LONG	0,00167	5981,87	0,00334	HOLD	98,2349	120,0711
2020-12-08	05:00	19075,45	19115,78	19057,86	19114,48	LONG	0,00167	5981,87	0,00334	HOLD	98,2349	120,1363
2020-12-08	06:00	19114,49	19217,64	19072,8	19166,9	LONG	0,00167	5981,87	0,00334	HOLD	98,2349	120,2239
2020-12-08	07:00	19166,9	19229,99	19132,67	19228,4	LONG	0,00167	5981,87	0,00334	HOLD	98,2349	120,3266
2020-12-08	08:00	19228,41	19235,6	19150,25	19210,62	LONG	0,00167	5981,87	0,00334	HOLD	98,2349	120,2969
2020-12-08	09:00	19210,63	19215,34	19160	19177,61	LONG	0,00167	5981,87	0,00334	HOLD	98,2349	120,2418
2020-12-08	10:00	19177,61	19196	19132,78	19154,73	LONG	0,00167	5981,87	0,00334	HOLD	98,2349	120,2035
2020-12-08	11:00	19154,73	19210	19151,96	19181,21	LONG	0,00167	5981,87	0,00334	HOLD	98,2349	120,2478
2020-12-08	12:00	19181,21	19293,76	19181,21	19293,76	LONG	0,00167	5981,87	0,00334	HOLD	98,2349	120,4357
2020-12-08	13:00	19293,76	19294,84	19091	19160,49	LONG	0,00167	5981,87	0,00334	HOLD	98,2349	120,2132
2020-12-08	14:00	19160,49	19199,62	19135	19143,1	LONG	0,00167	5981,87	0,00334	HOLD	98,2349	120,1841
2020-12-08	15:00	19143,1	19168,88	19010	19069,96	LONG	0,00167	5981,87	0,00334	HOLD	98,2349	120,062
2020-12-08	16:00	19069,95	19101,59	18700	18791,77	LONG	0,00167	5981,87	0,00334	HOLD	98,2349	119,5974
2020-12-08	17:00	18791,78	18879	18700,04	18816	LONG	0,00167	5981,87	0,00334	HOLD	98,2349	119,6379
2020-12-08	18:00	18816	18869,23	18730	18762,96	LONG	0,00167	5981,87	0,00334	HOLD	98,2349	119,5493
2020-12-08	19:00	18762,95	18864,06	18610	18726,93	LONG	0,00167	5981,87	0,00334	HOLD	98,2349	119,4891
2020-12-08	20:00	18726,92	18942,3	18726,92	18922,84	LONG	0,00167	5981,87	0,00334	HOLD	98,2349	119,8163
2020-12-08	21:00	18923,42	18974,83	18861,47	18865,01	LONG	0,00167	5981,87	0,00334	HOLD	98,2349	119,7197
2020-12-08	22:00	18865	18913,14	18780	18809,91	LONG	0,00167	5981,87	0,00334	HOLD	98,2349	119,6277
2020-12-08	23:00	18809,91	18910	18745,31	18832,03	LONG	0,00167	5981,87	0,00334	HOLD	98,2349	119,6646
2020-12-09	00:00	18832,02	18937,81	18818	18927,41	LONG	0,00167	5981,87	0,00334	HOLD	98,2349	119,8239
2020-12-09	01:00	18927,41	18930,84	18826,08	18831	LONG	0,00167	5981,87	0,00334	HOLD	98,2349	119,6629
2020-12-09	02:00	18831	18895	18787,87	18795,74	LONG	0,00167	5981,87	0,00334	HOLD	98,2349	119,604
2020-12-09	03:00	18795,74	18848	18664,51	18742,63	LONG	0,00167	5981,87	0,00334	HOLD	98,2349	119,5153
2020-12-09	04:00	18742,64	18827,34	18687,8	18777,86	LONG	0,00167	5981,87	0,00334	HOLD	98,2349	119,5742
2020-12-09	05:00	18778,02	18837,45	18320	18340,01	LONG	0,00167	5981,87	0,00334	HOLD	98,2349	118,843
2020-12-09	06:00	18336,5	18500	18200	18324,11	LONG	0,00167	5981,87	0,00334	HOLD	98,2349	118,8164
2020-12-09	07:00	18324,11	18380	18120	18180,01	LONG	0,00167	5981,87	0,00334	HOLD	98,2349	118,5758
2020-12-09	08:00	18180	18329,65	18032	18215,49	LONG	0,00167	5981,87	0,00334	HOLD	98,2349	118,635
2020-12-09	09:00	18215,5	18350,36	18151,6	18281	LONG	0,00167	5981,87	0,00334	HOLD	98,2349	118,7444
2020-12-09	10:00	18281,26	18310	18220,88	18300,01	LONG	0,00167	5981,87	0,00334	HOLD	98,2349	118,7762
2020-12-09	11:00	18300	18308,39	18125	18159,58	LONG	0,00167	5981,87	0,00334	HOLD	98,2349	118,5416
2020-12-09	12:00	18159,57	18242,32	18058	18205,5	LONG	0,00167	5981,87	0,00334	HOLD	98,2349	118,6183
2020-12-09	13:00	18206,57	18280	18153,36	18214,09	LONG	0,00167	5981,87	0,00334	HOLD	98,2349	118,6327
2020-12-09	14:00	18214,08	18244,26	17830	17924,07	LONG	0,00167	5981,87	0,00334	HOLD	98,2349	118,1483
2020-12-09	15:00	17924,06	18048,12	17650	17955,78	LONG	0,00167	5981,87	0,00334	HOLD	98,2349	118,2013
2020-12-09	16:00	17955,78	18108,64	17919,93	18036,34	LONG	0,00167	5981,87	0,00334	HOLD	98,2349	118,3358
2020-12-09	17:00	18040,98	18249	17978,16	18234,65	LONG	0,00167	5981,87	0,00334	HOLD	98,2349	118,667
2020-12-09	18:00	18234,66	18379,87	18180,72	18244,95	LONG	0,00167	5981,87	0,00334	HOLD	98,2349	118,6842
2020-12-09	19:00	18244,94	18365	18210,05	18234,74	LONG	0,00167	5981,87	0,00334	HOLD	98,2349	118,6672
2020-12-09	20:00	18234,74	18498	18169,1	18483,5	LONG	0,00167	5981,87	0,00334	HOLD	98,2349	119,0826
2020-12-09	21:00	18483,24	18523,99	18425,17	18451,01	LONG	0,00167	5981,87	0,00334	HOLD	98,2349	119,0283
2020-12-09	22:00	18451,01	18470,22	18290,49	18349,5	LONG	0,00167	5981,87	0,00334	HOLD	98,2349	118,8588
2020-12-09	23:00	18349,5	18392	18252,15	18389,74	LONG	0,00167	5981,87	0,00334	HOLD	98,2349	118,926
2020-12-10	00:00	18389,73	18435	18297,32	18304,06	LONG	0,00167	5981,87	0,00334	HOLD	98,2349	118,7829
2020-12-10	01:00	18304,06	18352,22	18165	18196,4	LONG	0,00167	5981,87	0,00334	HOLD	98,2349	118,6031
2020-12-10	02:00	18196,41	18289,06	18196,11	18260,03	LONG	0,00167	5981,87	0,00334	HOLD	98,2349	118,7094
2020-12-10	03:00	18260,02	18372	18211,78	18341,02	LONG	0,00167	5981,87	0,00334	HOLD	98,2349	118,8446
2020-12-10	04:00	18341,01	18550	18326,04	18519,37	LONG	0,00167	5981,87	0,00334	HOLD	98,2349	119,1425
2020-12-10	05:00	18519,32	18613,99	18485,71	18556,11	LONG	0,00167	5981,87	0,00334	HOLD	98,2349	119,2038
2020-12-10	06:00	18556,12	18639,57	18531,29	18541,28	LONG	0,00167	5981,87	0,00334	HOLD	98,2349	119,1791
2020-12-10	07:00	18541,29	18557,32	18416,17	18432,01	LONG	0,00167	5981,87	0,00334	HOLD	98,2349	118,9966
2020-12-10	08:00	18432,01	18501,96	18303,28	18431,25	LONG	0,00167	5981,87	0,00334	HOLD	98,2349	118,9953
2020-12-10	09:00	18431,25	18485,71	18353,29	18386,02	LONG	0,00167	5981,87	0,00334	HOLD	98,2349	118,9198
2020-12-10	10:00	18386,02	18500	18350	18409,77	LONG	0,00167	5981,87	0,00334	HOLD	98,2349	118,9595
2020-12-10	11:00	18409,78	18493,28	18389	18418,15	LONG	0,00167	5981,87	0,00334	HOLD	98,2349	118,9735
2020-12-10	12:00	18418,15	18420,8	18305,4	18372,37	LONG	0,00167	5981,87	0,00334	HOLD	98,2349	118,897
2020-12-10	13:00	18372,36	18435,74	18278,44	18298,22	LONG	0,00167	5981,87	0,00334	HOLD	98,2349	118,7732
2020-12-10	14:00	18298,23	18386,16	18287,78	18335,91	LONG	0,00167	5981,87	0,00334	HOLD	98,2349	118,8361
2020-12-10	15:00	18335,91	18471,18	18319,74	18433,3	LONG	0,00167	5981,87	0,00334	HOLD	98,2349	118,9988
2020-12-10	16:00	18433,31	18480	18224,01	18237,52	LONG	0,00167	5981,87	0,00334	HOLD	98,2349	118,6718
2020-12-10	17:00	18237,51	18281,01	18070	18145	LONG	0,00167	5981,87	0,00334	HOLD	98,2349	118,5173
2020-12-10	18:00	18145	18254,48	18117,32	18192,49	LONG	0,00167	5981,87	0,00334	HOLD	98,2349	118,5966
2020-12-10	19:00	18192,5	18290,63	18165,89	18209,96	LONG	0,00167	5981,87	0,00334	HOLD	98,2349	118,6258
2020-12-10	20:00	18209,72	18246,8	18045,31	18233,65	LONG	0,00167	5981,87	0,00334	HOLD	98,2349	118,6653
2020-12-10	21:00	18233,65	18252,55	18040,01	18079,99	LONG	0,00167	5981,87	0,00334	HOLD	98,2349	118,4087
2020-12-10	22:00	18080	18151	17911,12	18134,08	LONG	0,00167	5981,87	0,00334	HOLD	98,2349	118,4991
2020-12-10	23:00	18132,11	18225,31	18096,42	18176,99	LONG	0,00167	5981,87	0,00334	HOLD	98,2349	118,5707
2020-12-11	00:00	18176,99	18217,95	18076,07	18213,86	LONG	0,00167	5981,87	0,00334	HOLD	98,2349	118,6323
2020-12-11	01:00	18213,87	18316,76	18195,01	18274,75	LONG	0,00167	5981,87	0,00334	HOLD	98,2349	118,734
2020-12-11	02:00	18274,74	18403,28	18225,31	18403,1	LONG	0,00167	5981,87	0,00334	HOLD	98,2349	118,9483
2020-12-11	03:00	18403,11	18435,74	18342,56	18365,78	LONG	0,00167	5981,87	0,00334	HOLD	98,2349	118,886
2020-12-11	04:00	18365,79	18405,62	18305,74	18349	LONG	0,00167	5981,87	0,00334	HOLD	98,2349	118,858
2020-12-11	05:00	18348,99	18397,77	18297,76	18326,36	LONG	0,00167	5981,87	0,00334	HOLD	98,2349	118,8202
2020-12-11	06:00	18326,36	18380,41	18220	18254,63	LONG	0,00167	5981,87	0,00334	HOLD	98,2349	118,7004
2020-12-11	07:00	18254,81	18292,73	17950	18018,32	LONG	0,00167	5981,87	0,00334	HOLD	98,2349	118,3057
2020-12-11	08:00	18018,31	18074,8	17804	17901,45	LONG	0,00167	5981,87	0,00334	HOLD	98,2349	118,1106
2020-12-11	09:00	17901,44	18040,81	17801,37	17804,97	LONG	0,00167	5981,87	0,00334	HOLD	98,2349	117,9494
2020-12-11	10:00	17804,97	17996,14	17715,6	17990,88	LONG	0,00167	5981,87	0,00334	HOLD	98,2349	118,2599
2020-12-11	11:00	17990,69	18048,6	17929,81	17959,72	LONG	0,00167	5981,87	0,00334	HOLD	98,2349	118,2079
2020-12-11	12:00	17959,73	18021,42	17833,88	17899,44	LONG	0,00167	5981,87	0,00334	HOLD	98,2349	118,1072
2020-12-11	13:00	17899,43	17968	17814,73	17923,6	LONG	0,00167	5981,87	0,00334	HOLD	98,2349	118,1476
2020-12-11	14:00	17923,6	17944,87	17700,51	17811,95	LONG	0,00167	5981,87	0,00334	HOLD	98,2349	117,9611
2020-12-11	15:00	17811,96	18001,15	17810,5	17898,79	LONG	0,00167	5981,87	0,00334	HOLD	98,2349	118,1061
2020-12-11	16:00	17899,46	17908	17728,25	17802,6	LONG	0,00167	5981,87	0,00334	HOLD	98,2349	117,9455
2020-12-11	17:00	17802,6	17874,01	17572,33	17758,45	LONG	0,00167	5981,87	0,00334	HOLD	98,2349	117,8718
2020-12-11	18:00	17758,46	17761,1	17600	17647,71	LONG	0,00167	5981,87	0,00334	HOLD	98,2349	117,6868
2020-12-11	19:00	17647,71	17916,5	17617	17864,73	LONG	0,00167	5981,87	0,00334	HOLD	98,2349	118,0492
2020-12-11	20:00	17864,73	17987,98	17827,68	17972,01	LONG	0,00167	5981,87	0,00334	HOLD	98,2349	118,2284
2020-12-11	21:00	17972	18068	17901,07	18058,76	LONG	0,00167	5981,87	0,00334	HOLD	98,2349	118,3733
2020-12-11	22:00	18058,75	18132	18028	18104,74	LONG	0,00167	5981,87	0,00334	HOLD	98,2349	118,4501
2020-12-11	23:00	18104,74	18111,55	17942,85	17978,14	LONG	0,00167	5981,87	0,00334	HOLD	98,2349	118,2386
2020-12-12	00:00	17978,15	18007	17852	17995,53	LONG	0,00167	5981,87	0,00334	HOLD	98,2349	118,2677
2020-12-12	01:00	17995,5	18046,83	17943,29	18044,26	LONG	0,00167	5981,87	0,00334	HOLD	98,2349	118,3491
2020-12-12	02:00	18044,26	18093,95	17959,22	17977	LONG	0,00167	5981,87	0,00334	HOLD	98,2349	118,2367
2020-12-12	03:00	17975,08	18060	17925,37	17982,89	LONG	0,00167	5981,87	0,00334	HOLD	98,2349	118,2466
2020-12-12	04:00	17983,47	18125,18	17952,15	18100,01	LONG	0,00167	5981,87	0,00334	HOLD	98,2349	118,4422
2020-12-12	05:00	18100,01	18184	18067,72	18127,81	LONG	0,00167	5981,87	0,00334	HOLD	98,2349	118,4886
2020-12-12	06:00	18127,81	18149,75	18012,69	18036,53	LONG	0,00167	5981,87	0,00334	HOLD	98,2349	118,3361
2020-12-12	07:00	18036,53	18370	18020,7	18342,06	LONG	0,00167	5981,87	0,00334	HOLD	98,2349	118,8464
2020-12-12	08:00	18342,05	18375	18271,1	18283,84	LONG	0,00167	5981,87	0,00334	HOLD	98,2349	118,7492
2020-12-12	09:00	18283,84	18350	18278,14	18319,99	LONG	0,00167	5981,87	0,00334	HOLD	98,2349	118,8095
2020-12-12	10:00	18319,99	18336,82	18268,34	18282,02	LONG	0,00167	5981,87	0,00334	HOLD	98,2349	118,7461
2020-12-12	11:00	18282,01	18390	18261,32	18370,28	LONG	0,00167	5981,87	0,00334	HOLD	98,2349	118,8935
2020-12-12	12:00	18370,28	18398,19	18310,01	18313,36	LONG	0,00167	5981,87	0,00334	HOLD	98,2349	118,7985
2020-12-12	13:00	18313,35	18366,24	18278,91	18315,76	LONG	0,00167	5981,87	0,00334	HOLD	98,2349	118,8025
2020-12-12	14:00	18315,76	18400	18300,67	18380,85	LONG	0,00167	5981,87	0,00334	HOLD	98,2349	118,9112
2020-12-12	15:00	18380,85	18450	18318,98	18377,64	LONG	0,00167	5981,87	0,00334	HOLD	98,2349	118,9058
2020-12-12	16:00	18377,35	18478	18345,14	18433,47	LONG	0,00167	5981,87	0,00334	HOLD	98,2349	118,999
2020-12-12	17:00	18433,47	18459,42	18370	18382,1	LONG	0,00167	5981,87	0,00334	HOLD	98,2349	118,9132
2020-12-12	18:00	18382,11	18513,66	18366,68	18506,1	LONG	0,00167	5981,87	0,00334	HOLD	98,2349	119,1203
2020-12-12	19:00	18506,1	18525,33	18427,01	18445,15	LONG	0,00167	5981,87	0,00334	HOLD	98,2349	119,0185
2020-12-12	20:00	18445,14	18451,35	18388,88	18400,21	LONG	0,00167	5981,87	0,00334	HOLD	98,2349	118,9435
2020-12-12	21:00	18400,21	18475,63	18308,82	18372,97	LONG	0,00167	5981,87	0,00334	HOLD	98,2349	118,898
2020-12-12	22:00	18372,98	18434,62	18317,67	18399,01	LONG	0,00167	5981,87	0,00334	HOLD	98,2349	118,9415
2020-12-12	23:00	18399,01	18450,46	18362,42	18397,88	LONG	0,00167	5981,87	0,00334	HOLD	98,2349	118,9396
2020-12-13	00:00	18397,87	18527,93	18374,07	18483,17	LONG	0,00167	5981,87	0,00334	HOLD	98,2349	119,082
2020-12-13	01:00	18482,83	18746,33	18482,47	18687,62	LONG	0,00167	5981,87	0,00334	HOLD	98,2349	119,4235
2020-12-13	02:00	18687,63	18850	18687,63	18805,29	LONG	0,00167	5981,87	0,00334	HOLD	98,2349	119,62
2020-12-13	03:00	18805,29	18840,4	18745,01	18770,68	LONG	0,00167	5981,87	0,00334	HOLD	98,2349	119,5622
2020-12-13	04:00	18770,67	18840,4	18729,09	18787,72	LONG	0,00167	5981,87	0,00334	HOLD	98,2349	119,5906
2020-12-13	05:00	18787,72	18948,66	18754,37	18870,51	LONG	0,00167	5981,87	0,00334	HOLD	98,2349	119,7289
2020-12-13	06:00	18872,07	18880,37	18768,77	18808,69	LONG	0,00167	5981,87	0,00334	HOLD	98,2349	119,6257
2020-12-13	07:00	18808,69	18875	18711,12	18750	LONG	0,00167	5981,87	0,00334	HOLD	98,2349	119,5276
2020-12-13	08:00	18750	18808,98	18711,57	18795,31	LONG	0,00167	5981,87	0,00334	HOLD	98,2349	119,6033
2020-12-13	09:00	18795,12	18830	18750,02	18812,61	LONG	0,00167	5981,87	0,00334	HOLD	98,2349	119,6322
2020-12-13	10:00	18812,61	18831,36	18760,77	18784,42	LONG	0,00167	5981,87	0,00334	HOLD	98,2349	119,5851
2020-12-13	11:00	18784,56	18884,5	18768,19	18852,51	LONG	0,00167	5981,87	0,00334	HOLD	98,2349	119,6988
2020-12-13	12:00	18852,51	18938,55	18815	18850	LONG	0,00167	5981,87	0,00334	HOLD	98,2349	119,6946
2020-12-13	13:00	18849,99	18984,55	18844,95	18973,93	LONG	0,00167	5981,87	0,00334	HOLD	98,2349	119,9016
2020-12-13	14:00	18973,93	19306,27	18973,93	19247,68	LONG	0,00167	5981,87	0,00334	HOLD	98,2349	120,3588
2020-12-13	15:00	19249,21	19322,24	19179,5	19245,91	LONG	0,00167	5981,87	0,00334	HOLD	98,2349	120,3558
2020-12-13	16:00	19245,25	19301,14	19185,74	19263,25	LONG	0,00167	5981,87	0,00334	HOLD	98,2349	120,3848
2020-12-13	17:00	19263,26	19370	19255	19278,99	LONG	0,00167	5981,87	0,00334	HOLD	98,2349	120,4111
2020-12-13	18:00	19278,99	19349	19200	19316,81	LONG	0,00167	5981,87	0,00334	HOLD	98,2349	120,4742
2020-12-13	19:00	19316,8	19400	19265,91	19348,97	LONG	0,00167	5981,87	0,00334	HOLD	98,2349	120,5279
2020-12-13	20:00	19348,97	19411	19290,01	19321,13	LONG	0,00167	5981,87	0,00334	HOLD	98,2349	120,4814
2020-12-13	21:00	19321,13	19364	19275,41	19292,13	LONG	0,00167	5981,87	0,00334	HOLD	98,2349	120,433
2020-12-13	22:00	19292,13	19334,08	19080	19211,34	LONG	0,00167	5981,87	0,00334	HOLD	98,2349	120,2981
2020-12-13	23:00	19211,34	19385	19208,7	19328,12	LONG	0,00167	5981,87	0,00334	HOLD	98,2349	120,4931
2020-12-14	00:00	19328,11	19334,85	19197,36	19273,6	LONG	0,00167	5981,87	0,00334	HOLD	98,2349	120,4021
2020-12-14	01:00	19273,59	19273,6	19172,33	19185,33	LONG	0,00167	5981,87	0,00334	HOLD	98,2349	120,2546
2020-12-14	02:00	19185,33	19233	19155	19193,78	LONG	0,00167	5981,87	0,00334	HOLD	98,2349	120,2688
2020-12-14	03:00	19193,28	19193,29	19089,63	19154,57	LONG	0,00167	5981,87	0,00334	HOLD	98,2349	120,2033
2020-12-14	04:00	19154,56	19225,63	19150	19190,01	LONG	0,00167	5981,87	0,00334	HOLD	98,2349	120,2625
2020-12-14	05:00	19190	19194,33	18971	19112,41	LONG	0,00167	5981,87	0,00334	HOLD	98,2349	120,1329
2020-12-14	06:00	19112,41	19225	19090	19174,99	LONG	0,00167	5981,87	0,00334	HOLD	98,2349	120,2374
2020-12-14	07:00	19174,99	19174,99	19000	19057,19	LONG	0,00167	5981,87	0,00334	HOLD	98,2349	120,0406
2020-12-14	08:00	19056,23	19112,74	19019,65	19085,64	LONG	0,00167	5981,87	0,00334	HOLD	98,2349	120,0882
2020-12-14	09:00	19085,64	19307,09	19052,62	19297,7	LONG	0,00167	5981,87	0,00334	HOLD	98,2349	120,4423
2020-12-14	10:00	19297,9	19347	19227,01	19260,68	LONG	0,00167	5981,87	0,00334	HOLD	98,2349	120,3805
2020-12-14	11:00	19260,68	19282,11	19055,51	19126,94	LONG	0,00167	5981,87	0,00334	HOLD	98,2349	120,1571
2020-12-14	12:00	19126,93	19130	19033,84	19085,53	LONG	0,00167	5981,87	0,00334	HOLD	98,2349	120,088
2020-12-14	13:00	19085,53	19207,93	19080,4	19206,23	LONG	0,00167	5981,87	0,00334	HOLD	98,2349	120,2895
2020-12-14	14:00	19206,24	19210	19100,43	19155,8	LONG	0,00167	5981,87	0,00334	HOLD	98,2349	120,2053
2020-12-14	15:00	19155,8	19244,69	19140	19222	LONG	0,00167	5981,87	0,00334	HOLD	98,2349	120,3159
2020-12-14	16:00	19222	19258,96	19120	19184,61	LONG	0,00167	5981,87	0,00334	HOLD	98,2349	120,2534
2020-12-14	17:00	19184,6	19215,19	19052,72	19088,94	LONG	0,00167	5981,87	0,00334	HOLD	98,2349	120,0937
2020-12-14	18:00	19088,94	19144,14	19051,11	19106,44	LONG	0,00167	5981,87	0,00334	HOLD	98,2349	120,1229
2020-12-14	19:00	19106,43	19147	19028,97	19114,66	LONG	0,00167	5981,87	0,00334	HOLD	98,2349	120,1366
2020-12-14	20:00	19114,66	19199,86	19063,31	19184,19	LONG	0,00167	5981,87	0,00334	HOLD	98,2349	120,2527
2020-12-14	21:00	19184,2	19227,66	19088,88	19221,74	LONG	0,00167	5981,87	0,00334	HOLD	98,2349	120,3154
2020-12-14	22:00	19221,75	19300	19158,57	19200,07	LONG	0,00167	5981,87	0,00334	HOLD	98,2349	120,2793
2020-12-14	23:00	19200	19237,79	19114,58	19152,37	LONG	0,00167	5981,87	0,00334	HOLD	98,2349	120,1996
2020-12-15	00:00	19152,59	19170,51	19113,08	19143,09	LONG	0,00167	5981,87	0,00334	HOLD	98,2349	120,1841
2020-12-15	01:00	19143,38	19236,76	19143,38	19236,75	LONG	0,00167	5981,87	0,00334	HOLD	98,2349	120,3405
2020-12-15	02:00	19236,75	19236,76	19165	19175,88	LONG	0,00167	5981,87	0,00334	HOLD	98,2349	120,2389
2020-12-15	03:00	19175,88	19216,57	19130,85	19208,07	LONG	0,00167	5981,87	0,00334	HOLD	98,2349	120,2926
2020-12-15	04:00	19208,08	19220,85	19150,85	19197,83	LONG	0,00167	5981,87	0,00334	HOLD	98,2349	120,2755
2020-12-15	05:00	19197,82	19296	19188,76	19291,9	LONG	0,00167	5981,87	0,00334	HOLD	98,2349	120,4326
2020-12-15	06:00	19291,99	19349	19200,85	19273,14	LONG	0,00167	5981,87	0,00334	HOLD	98,2349	120,4013
2020-12-15	07:00	19273,69	19395	19243,64	19394,94	LONG	0,00167	5981,87	0,00334	HOLD	98,2349	120,6047
2020-12-15	08:00	19394,94	19470	19320,85	19455,06	LONG	0,00167	5981,87	0,00334	HOLD	98,2349	120,7051
2020-12-15	09:00	19455,06	19570	19444,25	19458,97	LONG	0,00167	5981,87	0,00334	HOLD	98,2349	120,7116
2020-12-15	10:00	19458,98	19509,57	19416,35	19479,7	LONG	0,00167	5981,87	0,00334	HOLD	98,2349	120,7462
2020-12-15	11:00	19479,69	19497,36	19161,03	19180,71	LONG	0,00167	5981,87	0,00334	HOLD	98,2349	120,2469
2020-12-15	12:00	19180,7	19259,78	19050	19132,4	LONG	0,00167	5981,87	0,00334	HOLD	98,2349	120,1663
2020-12-15	13:00	19133,29	19211,76	19101	19186,12	LONG	0,00167	5981,87	0,00334	HOLD	98,2349	120,256
2020-12-15	14:00	19186,12	19226,95	19146,95	19197,6	LONG	0,00167	5981,87	0,00334	HOLD	98,2349	120,2751
2020-12-15	15:00	19197,59	19219,96	19106,95	19137,24	LONG	0,00167	5981,87	0,00334	HOLD	98,2349	120,1743
2020-12-15	16:00	19136,96	19209,99	19074	19187,51	LONG	0,00167	5981,87	0,00334	HOLD	98,2349	120,2583
2020-12-15	17:00	19187,51	19350	19117,9	19310	LONG	0,00167	5981,87	0,00334	HOLD	98,2349	120,4628
2020-12-15	18:00	19309,99	19334,9	19241,07	19293,54	LONG	0,00167	5981,87	0,00334	HOLD	98,2349	120,4354
2020-12-15	19:00	19293,54	19383,98	19256,33	19291,4	LONG	0,00167	5981,87	0,00334	HOLD	98,2349	120,4318
2020-12-15	20:00	19291,4	19349	19263,5	19349	LONG	0,00167	5981,87	0,00334	HOLD	98,2349	120,528
2020-12-15	21:00	19349,16	19433	19256,27	19337,46	LONG	0,00167	5981,87	0,00334	HOLD	98,2349	120,5087
2020-12-15	22:00	19337,46	19429,27	19337,46	19403,31	LONG	0,00167	5981,87	0,00334	HOLD	98,2349	120,6187
2020-12-15	23:00	19403,31	19425,87	19328,06	19364,1	LONG	0,00167	5981,87	0,00334	HOLD	98,2349	120,5532
2020-12-16	00:00	19364,09	19422,92	19352,48	19399,53	LONG	0,00167	5981,87	0,00334	HOLD	98,2349	120,6124
2020-12-16	01:00	19399,53	19543	19390	19530	LONG	0,00167	5981,87	0,00334	HOLD	98,2349	120,8302
2020-12-16	02:00	19529,99	19545	19465	19530,38	LONG	0,00167	5981,87	0,00334	HOLD	98,2349	120,8309
2020-12-16	03:00	19530,38	19547	19461,55	19491,87	LONG	0,00167	5981,87	0,00334	HOLD	98,2349	120,7666
2020-12-16	04:00	19491,87	19511,99	19276	19419,92	LONG	0,00167	5981,87	0,00334	HOLD	98,2349	120,6464
2020-12-16	05:00	19419,93	19489,09	19379,19	19461,38	LONG	0,00167	5981,87	0,00334	HOLD	98,2349	120,7156
2020-12-16	06:00	19461,37	19471,18	19345,51	19426,43	LONG	0,00167	5981,87	0,00334	HOLD	98,2349	120,6573
2020-12-16	07:00	19426,43	19454,97	19278,6	19365,29	LONG	0,00167	5981,87	0,00334	HOLD	98,2349	120,5552
2020-12-16	08:00	19365,28	19420	19317,01	19389,37	LONG	0,00167	5981,87	0,00334	HOLD	98,2349	120,5954
2020-12-16	09:00	19389,37	19488,02	19389,37	19442,08	LONG	0,00167	5981,87	0,00334	HOLD	98,2349	120,6834
2020-12-16	10:00	19442,08	19454	19325	19346,52	LONG	0,00167	5981,87	0,00334	HOLD	98,2349	120,5238
2020-12-16	11:00	19346,51	19403,07	19300,3	19358,68	LONG	0,00167	5981,87	0,00334	HOLD	98,2349	120,5441
2020-12-16	12:00	19358,31	19421,8	19339,35	19373,81	LONG	0,00167	5981,87	0,00334	HOLD	98,2349	120,5694
2020-12-16	13:00	19373,82	19454,93	19341,4	19429,89	LONG	0,00167	5981,87	0,00334	HOLD	98,2349	120,6631
2020-12-16	14:00	19429,9	19451,03	19399	19423,96	LONG	0,00167	5981,87	0,00334	HOLD	98,2349	120,6532
2020-12-16	15:00	19423,95	19487,17	19370,62	19482,57	LONG	0,00167	5981,87	0,00334	HOLD	98,2349	120,751
2020-12-16	16:00	19482,57	19525	19420,84	19516,69	LONG	0,00167	5981,87	0,00334	HOLD	98,2349	120,808
2020-12-16	17:00	19516,22	19800	19498,01	19798,17	LONG	0,00167	5981,87	0,00334	HOLD	98,2349	121,2781
2020-12-16	18:00	19798,18	19860	19645,9	19739,78	LONG	0,00167	5981,87	0,00334	HOLD	98,2349	121,1806
2020-12-16	19:00	19739,78	19889,99	19680	19762,81	LONG	0,00167	5981,87	0,00334	HOLD	98,2349	121,219
2020-12-16	20:00	19762,8	20450	19762,8	20319,51	LONG	0,00167	5981,87	0,00334	HOLD	98,2349	122,1487
2020-12-16	21:00	20320,85	20799	20206,16	20649	LONG	0,00167	5981,87	0,00334	HOLD	98,2349	122,699
2020-12-16	22:00	20650,01	20733	20539	20661,37	LONG	0,00167	5981,87	0,00334	HOLD	98,2349	122,7196
2020-12-16	23:00	20661,37	20865,43	20620	20854,56	LONG	0,00167	5981,87	0,00334	HOLD	98,2349	123,0423
2020-12-17	00:00	20854,56	20855	20573,82	20639,82	LONG	0,00167	5981,87	0,00334	HOLD	98,2349	122,6836
2020-12-17	01:00	20639,82	20737,44	20550	20585,79	LONG	0,00167	5981,87	0,00334	HOLD	98,2349	122,5934
2020-12-17	02:00	20585,79	20766,39	20550	20736,87	LONG	0,00167	5981,87	0,00334	HOLD	98,2349	122,8457
2020-12-17	03:00	20736,87	20839	20727,3	20802,82	LONG	0,00167	5981,87	0,00334	HOLD	98,2349	122,9559
2020-12-17	04:00	20802,82	21288	20711	21192,78	LONG	0,00167	5981,87	0,00334	HOLD	98,2349	123,6071
2020-12-17	05:00	21191,53	21444,44	21172,79	21366,42	LONG	0,00167	5981,87	0,00334	HOLD	98,2349	123,8971
2020-12-17	06:00	21366,02	21560	21200	21335,52	LONG	0,00167	5981,87	0,00334	HOLD	98,2349	123,8455
2020-12-17	07:00	21335,52	21400	21230	21389,25	LONG	0,00167	5981,87	0,00334	HOLD	98,2349	123,9352
2020-12-17	08:00	21389,26	21860,05	21389,26	21719,22	LONG	0,00167	5981,87	0,00334	HOLD	98,2349	124,4862
2020-12-17	09:00	21719,77	21994	21642,13	21913,9	LONG	0,00167	5981,87	0,00334	HOLD	98,2349	124,8114
2020-12-17	10:00	21913,91	22166	21703,67	21753,26	LONG	0,00167	5981,87	0,00334	HOLD	98,2349	124,5431
2020-12-17	11:00	21752,65	21900	21735,09	21785,88	LONG	0,00167	5981,87	0,00334	HOLD	98,2349	124,5976
2020-12-17	12:00	21785,87	22311,38	21781,99	22280	LONG	0,00167	5981,87	0,00334	HOLD	98,2349	125,4227
2020-12-17	13:00	22280	22400	22053	22172,72	LONG	0,00167	5981,87	0,00334	HOLD	98,2349	125,2436
2020-12-17	14:00	22172,72	22488	22102	22478,76	LONG	0,00167	5981,87	0,00334	HOLD	98,2349	125,7547
2020-12-17	15:00	22478,75	22990	22400	22904,7	LONG	0,00167	5981,87	0,00334	HOLD	98,2349	126,466
2020-12-17	16:00	22904,7	23800	21801	22650	LONG	0,00167	5981,87	0,00334	HOLD	98,2349	126,0406
2020-12-17	17:00	22648,86	22934	22380,79	22618,11	LONG	0,00167	5981,87	0,00334	HOLD	98,2349	125,9874
2020-12-17	18:00	22617,73	22808,56	22528,73	22752,16	LONG	0,00167	5981,87	0,00334	HOLD	98,2349	126,2112
2020-12-17	19:00	22752,15	23199	22600	23149,99	LONG	0,00167	5981,87	0,00334	HOLD	98,2349	126,8756
2020-12-17	20:00	23150	23348	22647,51	22831,84	LONG	0,00167	5981,87	0,00334	HOLD	98,2349	126,3443
2020-12-17	21:00	22832,73	23257,9	22715,38	23086,01	LONG	0,00167	5981,87	0,00334	HOLD	98,2349	126,7688
2020-12-17	22:00	23086	23369	22900	23333,8	LONG	0,00167	5981,87	0,00334	HOLD	98,2349	127,1826
2020-12-17	23:00	23333,81	23650	23200	23591,23	LONG	0,00167	5981,87	0,00334	HOLD	98,2349	127,6125
2020-12-18	00:00	23592,2	23699,7	23000	23023,98	LONG	0,00167	5981,87	0,00334	HOLD	98,2349	126,6652
2020-12-18	01:00	23023,98	23280,1	22500	23250,27	LONG	0,00167	5981,87	0,00334	HOLD	98,2349	127,0431
2020-12-18	02:00	23251,16	23497	22804,22	22899,08	LONG	0,00167	5981,87	0,00334	HOLD	98,2349	126,4566
2020-12-18	03:00	22898,47	23106,34	22311,1	22791,55	LONG	0,00167	5981,87	0,00334	HOLD	98,2349	126,277
2020-12-18	04:00	22791,78	22848,39	22382,7	22791,96	LONG	0,00167	5981,87	0,00334	HOLD	98,2349	126,2777
2020-12-18	05:00	22785,93	23080	22757,52	22963,04	LONG	0,00167	5981,87	0,00334	HOLD	98,2349	126,5634
2020-12-18	06:00	22963,05	23000	22570,59	22797,16	LONG	0,00167	5981,87	0,00334	HOLD	98,2349	126,2864
2020-12-18	07:00	22797,15	22842,76	22470,35	22764,77	LONG	0,00167	5981,87	0,00334	HOLD	98,2349	126,2323
2020-12-18	08:00	22764,77	23146,95	22634,11	22988,21	LONG	0,00167	5981,87	0,00334	HOLD	98,2349	126,6055
2020-12-18	09:00	22988,21	23248,99	22937,9	23003,31	LONG	0,00167	5981,87	0,00334	HOLD	98,2349	126,6307
2020-12-18	10:00	23003,31	23047,88	22762,05	22811,59	LONG	0,00167	5981,87	0,00334	HOLD	98,2349	126,3105
2020-12-18	11:00	22811,58	22973,92	22772,05	22870,93	LONG	0,00167	5981,87	0,00334	HOLD	98,2349	126,4096
2020-12-18	12:00	22870,92	23028,13	22835,02	22955,51	LONG	0,00167	5981,87	0,00334	HOLD	98,2349	126,5508
2020-12-18	13:00	22955,51	23168,59	22874,69	22994,49	LONG	0,00167	5981,87	0,00334	HOLD	98,2349	126,6159
2020-12-18	14:00	22992,06	23069,44	22838,19	23055,98	LONG	0,00167	5981,87	0,00334	HOLD	98,2349	126,7186
2020-12-18	15:00	23055,98	23285,18	22938,87	23114,84	LONG	0,00167	5981,87	0,00334	HOLD	98,2349	126,8169
2020-12-18	16:00	23114,84	23215	23017,97	23212,82	LONG	0,00167	5981,87	0,00334	HOLD	98,2349	126,9806
2020-12-18	17:00	23212,82	23220	22933,07	22964,67	LONG	0,00167	5981,87	0,00334	HOLD	98,2349	126,5661
2020-12-18	18:00	22964,12	22967,29	22691,61	22886,17	LONG	0,00167	5981,87	0,00334	HOLD	98,2349	126,435
2020-12-18	19:00	22886,18	23073,25	22727	22939,42	LONG	0,00167	5981,87	0,00334	HOLD	98,2349	126,524
2020-12-18	20:00	22939,41	22948,64	22548,99	22571,78	LONG	0,00167	5981,87	0,00334	HOLD	98,2349	125,91
2020-12-18	21:00	22571,79	22758,44	22400	22610,65	LONG	0,00167	5981,87	0,00334	HOLD	98,2349	125,9749
2020-12-18	22:00	22610,65	22636,27	22350	22549	LONG	0,00167	5981,87	0,00334	HOLD	98,2349	125,872
2020-12-18	23:00	22549	22752,77	22463,59	22719,28	LONG	0,00167	5981,87	0,00334	HOLD	98,2349	126,1563
2020-12-19	00:00	22719,29	22818	22670,22	22749,32	LONG	0,00167	5981,87	0,00334	HOLD	98,2349	126,2065
2020-12-19	01:00	22749,32	22829,04	22694,22	22781,44	LONG	0,00167	5981,87	0,00334	HOLD	98,2349	126,2601
2020-12-19	02:00	22781,44	22783,42	22626,81	22762,28	LONG	0,00167	5981,87	0,00334	HOLD	98,2349	126,2281
2020-12-19	03:00	22762,28	22795,11	22650,29	22755,66	LONG	0,00167	5981,87	0,00334	HOLD	98,2349	126,2171
2020-12-19	04:00	22755,25	23078,47	22751,1	22880,07	LONG	0,00167	5981,87	0,00334	HOLD	98,2349	126,4249
2020-12-19	05:00	22880,07	23034,33	22800	23011,38	LONG	0,00167	5981,87	0,00334	HOLD	98,2349	126,6441
2020-12-19	06:00	23011,38	23143,56	22908,45	23107,39	LONG	0,00167	5981,87	0,00334	HOLD	98,2349	126,8045
2020-12-19	07:00	23107,39	23168,28	22940	22954,02	LONG	0,00167	5981,87	0,00334	HOLD	98,2349	126,5484
2020-12-19	08:00	22954,02	23099	22902,1	23046,76	LONG	0,00167	5981,87	0,00334	HOLD	98,2349	126,7032
2020-12-19	09:00	23046,75	23220	23034,75	23220	LONG	0,00167	5981,87	0,00334	HOLD	98,2349	126,9925
2020-12-19	10:00	23219,51	23225	23093,93	23098,04	LONG	0,00167	5981,87	0,00334	HOLD	98,2349	126,7889
2020-12-19	11:00	23098,05	23138	23032	23043,4	LONG	0,00167	5981,87	0,00334	HOLD	98,2349	126,6976
2020-12-19	12:00	23043,41	23075,36	22924,79	22958	LONG	0,00167	5981,87	0,00334	HOLD	98,2349	126,555
2020-12-19	13:00	22958,48	23010,6	22821	22853,5	LONG	0,00167	5981,87	0,00334	HOLD	98,2349	126,3805
2020-12-19	14:00	22853,51	23038	22832	22853,75	LONG	0,00167	5981,87	0,00334	HOLD	98,2349	126,3809
2020-12-19	15:00	22853,75	22990	22750	22983,77	LONG	0,00167	5981,87	0,00334	HOLD	98,2349	126,598
2020-12-19	16:00	22983,77	23045,49	22928,05	22973,06	LONG	0,00167	5981,87	0,00334	HOLD	98,2349	126,5802
2020-12-19	17:00	22973,06	23080,45	22950	23019,99	LONG	0,00167	5981,87	0,00334	HOLD	98,2349	126,6585
2020-12-19	18:00	23020	23063,49	22875,01	22888,54	LONG	0,00167	5981,87	0,00334	HOLD	98,2349	126,439
2020-12-19	19:00	22888,53	23127,72	22886,79	23041,53	LONG	0,00167	5981,87	0,00334	HOLD	98,2349	126,6945
2020-12-19	20:00	23041,53	23189,1	22992,23	23172,74	LONG	0,00167	5981,87	0,00334	HOLD	98,2349	126,9136
2020-12-19	21:00	23172,75	23627,99	23052	23296,96	LONG	0,00167	5981,87	0,00334	HOLD	98,2349	127,1211
2020-12-19	22:00	23296,96	23650	23296,95	23552,01	LONG	0,00167	5981,87	0,00334	HOLD	98,2349	127,547
2020-12-19	23:00	23552	24171,47	23456,55	23966,48	LONG	0,00167	5981,87	0,00334	HOLD	98,2349	128,2392
2020-12-20	00:00	23966,48	24100	23680	23886,44	LONG	0,00167	5981,87	0,00334	HOLD	98,2349	128,1055
2020-12-20	01:00	23886,71	23906,66	23556,76	23822,66	LONG	0,00167	5981,87	0,00334	HOLD	98,2349	127,999
2020-12-20	02:00	23822,66	23883,79	23651	23791,91	LONG	0,00167	5981,87	0,00334	HOLD	98,2349	127,9476
2020-12-20	03:00	23791,82	23937	23782,91	23902,17	LONG	0,00167	5981,87	0,00334	HOLD	98,2349	128,1318
2020-12-20	04:00	23902,19	24065,41	23780,21	23974,71	LONG	0,00167	5981,87	0,00334	HOLD	98,2349	128,2529
2020-12-20	05:00	23974,7	23999	23825,95	23905,73	LONG	0,00167	5981,87	0,00334	HOLD	98,2349	128,1377
2020-12-20	06:00	23905,73	23915,26	23719,25	23821,61	LONG	0,00167	5981,87	0,00334	HOLD	98,2349	127,9972
2020-12-20	07:00	23821,6	23836,48	23230	23481,41	LONG	0,00167	5981,87	0,00334	HOLD	98,2349	127,4291
2020-12-20	08:00	23483,11	23548,72	23390	23485,56	LONG	0,00167	5981,87	0,00334	HOLD	98,2349	127,436
2020-12-20	09:00	23486,42	23542,99	23300	23429,92	LONG	0,00167	5981,87	0,00334	HOLD	98,2349	127,3431
2020-12-20	10:00	23429,92	23429,92	23180,88	23346,48	LONG	0,00167	5981,87	0,00334	HOLD	98,2349	127,2038
2020-12-20	11:00	23346,25	23452,63	23060	23426,54	LONG	0,00167	5981,87	0,00334	HOLD	98,2349	127,3375
2020-12-20	12:00	23426,15	23588,88	23397,58	23481,38	LONG	0,00167	5981,87	0,00334	HOLD	98,2349	127,429
2020-12-20	13:00	23481,38	23614,84	23459,98	23506,67	LONG	0,00167	5981,87	0,00334	HOLD	98,2349	127,4713
2020-12-20	14:00	23506,67	23646,31	23410,62	23628,88	LONG	0,00167	5981,87	0,00334	HOLD	98,2349	127,6754
2020-12-20	15:00	23628,89	23791	23532	23698,49	LONG	0,00167	5981,87	0,00334	HOLD	98,2349	127,7916
2020-12-20	16:00	23698,49	23748,4	23503	23592,92	LONG	0,00167	5981,87	0,00334	HOLD	98,2349	127,6153
2020-12-20	17:00	23592,93	23648,92	23358,78	23394,76	LONG	0,00167	5981,87	0,00334	HOLD	98,2349	127,2844
2020-12-20	18:00	23394,77	23625	23393	23553,02	LONG	0,00167	5981,87	0,00334	HOLD	98,2349	127,5487
2020-12-20	19:00	23553,02	23588,71	23333,57	23472,44	LONG	0,00167	5981,87	0,00334	HOLD	98,2349	127,4141
2020-12-20	20:00	23472,45	23590,9	23296	23561,36	LONG	0,00167	5981,87	0,00334	HOLD	98,2349	127,5626
2020-12-20	21:00	23561,36	23682	23500,19	23537,7	LONG	0,00167	5981,87	0,00334	HOLD	98,2349	127,5231
2020-12-20	22:00	23537,7	23910	23527,48	23868,09	LONG	0,00167	5981,87	0,00334	HOLD	98,2349	128,0749
2020-12-20	23:00	23868,08	23901,01	23628,31	23630,1	LONG	0,00167	5981,87	0,00334	HOLD	98,2349	127,6774
2020-12-21	00:00	23630,1	23800	23625,41	23722,62	LONG	0,00167	5981,87	0,00334	HOLD	98,2349	127,8319
2020-12-21	01:00	23722,62	23877	23655,26	23866,69	LONG	0,00167	5981,87	0,00334	HOLD	98,2349	128,0725
2020-12-21	02:00	23866,68	23995,97	23780,83	23930	LONG	0,00167	5981,87	0,00334	HOLD	98,2349	128,1782
2020-12-21	03:00	23928,8	24295	23850,18	24172,25	LONG	0,00167	5981,87	0,00334	HOLD	98,2349	128,5828
2020-12-21	04:00	24172,99	24208,62	23350	23373,05	LONG	0,00167	5981,87	0,00334	HOLD	98,2349	127,2481
2020-12-21	05:00	23376,94	23614,36	23090	23507,79	LONG	0,00167	5981,87	0,00334	HOLD	98,2349	127,4732
2020-12-21	06:00	23507,03	23594,73	23450	23455,52	LONG	0,00167	5981,87	0,00334	HOLD	98,2349	127,3859
2020-12-21	07:00	23455,54	23709,31	23287,94	23679,55	LONG	0,00167	5981,87	0,00334	HOLD	98,2349	127,76
2020-12-21	08:00	23679,55	23744,86	23587,85	23663,48	LONG	0,00167	5981,87	0,00334	HOLD	98,2349	127,7332
2020-12-21	09:00	23663,49	23887	23652,48	23856,38	LONG	0,00167	5981,87	0,00334	HOLD	98,2349	128,0553
2020-12-21	10:00	23856,39	24016,93	23657,5	23945,29	LONG	0,00167	5981,87	0,00334	HOLD	98,2349	128,2038
2020-12-21	11:00	23945,3	24102,77	23790	23895,73	LONG	0,00167	5981,87	0,00334	HOLD	98,2349	128,121
2020-12-21	12:00	23895,02	23975	23841,99	23909,83	LONG	0,00167	5981,87	0,00334	HOLD	98,2349	128,1446
2020-12-21	13:00	23909,83	23926,8	23700	23921,73	LONG	0,00167	5981,87	0,00334	HOLD	98,2349	128,1644
2020-12-21	14:00	23921,74	24028,15	23888,15	23980	LONG	0,00167	5981,87	0,00334	HOLD	98,2349	128,2617
2020-12-21	15:00	23979,99	24075,94	23635,08	23659,59	LONG	0,00167	5981,87	0,00334	HOLD	98,2349	127,7267
2020-12-21	16:00	23659,59	23739,18	23328	23461,35	LONG	0,00167	5981,87	0,00334	HOLD	98,2349	127,3956
2020-12-21	17:00	23460,93	23495,91	22441,01	22445,99	LONG	0,00167	5981,87	0,00334	HOLD	98,2349	125,6999
2020-12-21	18:00	22446,39	22833,01	22350	22645,85	LONG	0,00167	5981,87	0,00334	HOLD	98,2349	126,0337
2020-12-21	19:00	22646,7	22663	21815	22307,5	LONG	0,00167	5981,87	0,00334	HOLD	98,2349	125,4687
2020-12-21	20:00	22307,5	22774	22251,23	22681,32	LONG	0,00167	5981,87	0,00334	HOLD	98,2349	126,0929
2020-12-22	01:00	22693,65	22988,6	22621,44	22813,66	LONG	0,00167	5981,87	0,00334	HOLD	98,2349	126,314
2020-12-22	02:00	22813,65	22940,3	22681,32	22816,62	LONG	0,00167	5981,87	0,00334	HOLD	98,2349	126,3189
2020-12-22	03:00	22816,63	22930	22732,78	22829,79	LONG	0,00167	5981,87	0,00334	HOLD	98,2349	126,3409
2020-12-22	04:00	22829,79	23162,26	22765	23127,37	LONG	0,00167	5981,87	0,00334	HOLD	98,2349	126,8379
2020-12-22	05:00	23127,38	23254,33	23021,17	23170,89	LONG	0,00167	5981,87	0,00334	HOLD	98,2349	126,9105
2020-12-22	06:00	23169,88	23228,35	22699,99	22719,71	LONG	0,00167	5981,87	0,00334	HOLD	98,2349	126,1571
2020-12-22	07:00	22719,88	22926,14	22500	22558,42	LONG	0,00167	5981,87	0,00334	HOLD	98,2349	125,8877
2020-12-22	08:00	22558,41	22875,61	22428,86	22753,99	LONG	0,00167	5981,87	0,00334	HOLD	98,2349	126,2143
2020-12-22	09:00	22753,99	22970	22730	22957,57	LONG	0,00167	5981,87	0,00334	HOLD	98,2349	126,5543
2020-12-22	10:00	22957,58	22969	22737,9	22851,2	LONG	0,00167	5981,87	0,00334	HOLD	98,2349	126,3766
2020-12-22	11:00	22851,19	23076,77	22851,19	22951,3	LONG	0,00167	5981,87	0,00334	HOLD	98,2349	126,5438
2020-12-22	12:00	22951,3	22970	22610,19	22681,51	LONG	0,00167	5981,87	0,00334	HOLD	98,2349	126,0933
2020-12-22	13:00	22681,5	22870,02	22551,02	22750,96	LONG	0,00167	5981,87	0,00334	HOLD	98,2349	126,2092
2020-12-22	14:00	22750,85	22826,78	22500	22655,83	LONG	0,00167	5981,87	0,00334	HOLD	98,2349	126,0504
2020-12-22	15:00	22655,82	22750	22353,4	22689,86	LONG	0,00167	5981,87	0,00334	HOLD	98,2349	126,1072
2020-12-22	16:00	22689,87	22822,83	22600	22783,85	LONG	0,00167	5981,87	0,00334	HOLD	98,2349	126,2642
2020-12-22	17:00	22782,92	22819,76	22602,12	22701,2	LONG	0,00167	5981,87	0,00334	HOLD	98,2349	126,1261
2020-12-22	18:00	22701,2	23155	22701,2	23119,48	LONG	0,00167	5981,87	0,00334	HOLD	98,2349	126,8247
2020-12-22	19:00	23119,47	23300	23062,01	23175,57	LONG	0,00167	5981,87	0,00334	HOLD	98,2349	126,9183
2020-12-22	20:00	23175,57	23536,96	23103,98	23487,2	LONG	0,00167	5981,87	0,00334	HOLD	98,2349	127,4388
2020-12-22	21:00	23487,2	23628,89	23335,83	23439,99	LONG	0,00167	5981,87	0,00334	HOLD	98,2349	127,3599
2020-12-22	22:00	23439,99	23600	23300,42	23342,58	LONG	0,00167	5981,87	0,00334	HOLD	98,2349	127,1973
2020-12-22	23:00	23342,68	23456	23237	23348,95	LONG	0,00167	5981,87	0,00334	HOLD	98,2349	127,2079
2020-12-23	00:00	23348,43	23442	23224,4	23342,54	LONG	0,00167	5981,87	0,00334	HOLD	98,2349	127,1972
2020-12-23	01:00	23342,54	23520	23342,51	23435,27	LONG	0,00167	5981,87	0,00334	HOLD	98,2349	127,352
2020-12-23	02:00	23435,27	23509,87	23325,95	23404,27	LONG	0,00167	5981,87	0,00334	HOLD	98,2349	127,3003
2020-12-23	03:00	23404,27	23449	23277,72	23423,77	LONG	0,00167	5981,87	0,00334	HOLD	98,2349	127,3328
2020-12-23	04:00	23423,76	23530	23323,54	23435,13	LONG	0,00167	5981,87	0,00334	HOLD	98,2349	127,3518
2020-12-23	05:00	23435,14	23760	23344,92	23721,94	LONG	0,00167	5981,87	0,00334	HOLD	98,2349	127,8308
2020-12-23	06:00	23721,95	23837,1	23640,56	23810,79	LONG	0,00167	5981,87	0,00334	HOLD	98,2349	127,9792
2020-12-23	07:00	23810,79	24000	23695,7	23987,8	LONG	0,00167	5981,87	0,00334	HOLD	98,2349	128,2748
2020-12-23	08:00	23987,8	24050	23654,72	23709,59	LONG	0,00167	5981,87	0,00334	HOLD	98,2349	127,8102
2020-12-23	09:00	23709,59	23746,33	23551,86	23631,99	LONG	0,00167	5981,87	0,00334	HOLD	98,2349	127,6806
2020-12-23	10:00	23631,76	23778,63	23605	23706,72	LONG	0,00167	5981,87	0,00334	HOLD	98,2349	127,8054
2020-12-23	11:00	23706,72	23711,17	23430	23450	LONG	0,00167	5981,87	0,00334	HOLD	98,2349	127,3766
2020-12-23	12:00	23450,01	23536,2	23350	23533,01	LONG	0,00167	5981,87	0,00334	HOLD	98,2349	127,5153
2020-12-23	13:00	23533,01	23613,03	23439,13	23501,97	LONG	0,00167	5981,87	0,00334	HOLD	98,2349	127,4634
2020-12-23	14:00	23501,97	23636,33	23319,11	23555,73	LONG	0,00167	5981,87	0,00334	HOLD	98,2349	127,5532
2020-12-23	15:00	23555,54	23680	23438,8	23502,8	LONG	0,00167	5981,87	0,00334	HOLD	98,2349	127,4648
2020-12-23	16:00	23502,8	23661,53	23422,4	23635,87	LONG	0,00167	5981,87	0,00334	HOLD	98,2349	127,687
2020-12-23	17:00	23635,88	23735,51	23400	23435,95	LONG	0,00167	5981,87	0,00334	HOLD	98,2349	127,3532
2020-12-23	18:00	23435,95	23478,81	22810	23064,01	LONG	0,00167	5981,87	0,00334	HOLD	98,2349	126,732
2020-12-23	19:00	23064,01	23850	22931	23843,91	LONG	0,00167	5981,87	0,00334	HOLD	98,2349	128,0345
2020-12-23	20:00	23843,91	24100	23457,98	23617,34	LONG	0,00167	5981,87	0,00334	HOLD	98,2349	127,6561
2020-12-23	21:00	23617,34	23829,09	23536,25	23759,67	LONG	0,00167	5981,87	0,00334	HOLD	98,2349	127,8938
2020-12-23	22:00	23759,68	23895,85	23336	23449,66	LONG	0,00167	5981,87	0,00334	HOLD	98,2349	127,3761
2020-12-23	23:00	23449,66	23651,82	23379,73	23406,91	LONG	0,00167	5981,87	0,00334	HOLD	98,2349	127,3047
2020-12-24	00:00	23406,91	23640,63	23350	23589,39	LONG	0,00167	5981,87	0,00334	HOLD	98,2349	127,6094
2020-12-24	01:00	23589,38	23678,49	23550	23605,07	LONG	0,00167	5981,87	0,00334	HOLD	98,2349	127,6356
2020-12-24	02:00	23605,08	23622,67	23500	23556,91	LONG	0,00167	5981,87	0,00334	HOLD	98,2349	127,5552
2020-12-24	03:00	23556,91	23625	23423,01	23501,99	LONG	0,00167	5981,87	0,00334	HOLD	98,2349	127,4635
2020-12-24	04:00	23501,99	23527,44	23153,79	23315,39	LONG	0,00167	5981,87	0,00334	HOLD	98,2349	127,1518
2020-12-24	05:00	23315,38	23379,88	22600	23291,91	LONG	0,00167	5981,87	0,00334	HOLD	98,2349	127,1126
2020-12-24	06:00	23290,96	23470,05	23164,09	23232,76	LONG	0,00167	5981,87	0,00334	HOLD	98,2349	127,0139
2020-12-24	07:00	23232,39	23242,04	22800	23067,41	LONG	0,00167	5981,87	0,00334	HOLD	98,2349	126,7377
2020-12-24	08:00	23067,4	23229,95	22880	23202,71	LONG	0,00167	5981,87	0,00334	HOLD	98,2349	126,9637
2020-12-24	09:00	23202,71	23229,98	22738,95	22805,9	LONG	0,00167	5981,87	0,00334	HOLD	98,2349	126,301
2020-12-24	10:00	22805,26	22968,4	22703,42	22894,28	LONG	0,00167	5981,87	0,00334	HOLD	98,2349	126,4486
2020-12-24	11:00	22894,28	23043,98	22786,67	23023,32	LONG	0,00167	5981,87	0,00334	HOLD	98,2349	126,6641
2020-12-24	12:00	23023,32	23136,48	22914,2	23049,98	LONG	0,00167	5981,87	0,00334	HOLD	98,2349	126,7086
2020-12-24	13:00	23049,97	23141,15	22868	22931,71	LONG	0,00167	5981,87	0,00334	HOLD	98,2349	126,5111
2020-12-24	14:00	22931,71	23219,38	22823,99	23173,38	LONG	0,00167	5981,87	0,00334	HOLD	98,2349	126,9147
2020-12-24	15:00	23173,38	23479,26	23070	23447,42	LONG	0,00167	5981,87	0,00334	HOLD	98,2349	127,3723
2020-12-24	16:00	23447,42	23469,86	23261,08	23348,3	LONG	0,00167	5981,87	0,00334	HOLD	98,2349	127,2068
2020-12-24	17:00	23348,29	23357	23115	23123,3	LONG	0,00167	5981,87	0,00334	HOLD	98,2349	126,8311
2020-12-24	18:00	23122,51	23294,16	23049,95	23218,68	LONG	0,00167	5981,87	0,00334	HOLD	98,2349	126,9903
2020-12-24	19:00	23218,67	23296,05	23012,29	23200	LONG	0,00167	5981,87	0,00334	HOLD	98,2349	126,9591
2020-12-24	20:00	23203,69	23391,02	23130	23379,65	LONG	0,00167	5981,87	0,00334	HOLD	98,2349	127,2592
2020-12-24	21:00	23379,02	23425,95	23154,39	23215,21	LONG	0,00167	5981,87	0,00334	HOLD	98,2349	126,9845
2020-12-24	22:00	23215,21	23295,77	23100	23232,12	LONG	0,00167	5981,87	0,00334	HOLD	98,2349	127,0128
2020-12-24	23:00	23232,12	23345	23108,01	23219,76	LONG	0,00167	5981,87	0,00334	HOLD	98,2349	126,9921
2020-12-25	00:00	23219,76	23460,97	23160,73	23377,27	LONG	0,00167	5981,87	0,00334	HOLD	98,2349	127,2552
2020-12-25	01:00	23377,27	23419,57	23280	23313,35	LONG	0,00167	5981,87	0,00334	HOLD	98,2349	127,1484
2020-12-25	02:00	23314,23	23404,39	23250,18	23287,15	LONG	0,00167	5981,87	0,00334	HOLD	98,2349	127,1047
2020-12-25	03:00	23287,16	23560	23258,35	23525,42	LONG	0,00167	5981,87	0,00334	HOLD	98,2349	127,5026
2020-12-25	04:00	23526,22	23563,54	23366,84	23413,51	LONG	0,00167	5981,87	0,00334	HOLD	98,2349	127,3157
2020-12-25	05:00	23413,51	23750	23385,98	23711	LONG	0,00167	5981,87	0,00334	HOLD	98,2349	127,8125
2020-12-25	06:00	23707,85	23794,43	23615	23729,2	LONG	0,00167	5981,87	0,00334	HOLD	98,2349	127,8429
2020-12-25	07:00	23728,99	23827,54	23560	23622,66	LONG	0,00167	5981,87	0,00334	HOLD	98,2349	127,665
2020-12-25	08:00	23622,71	23654,83	23532,54	23597,21	LONG	0,00167	5981,87	0,00334	HOLD	98,2349	127,6225
2020-12-25	10:00	23597,2	23597,2	23433,6	23481,21	LONG	0,00167	5981,87	0,00334	HOLD	98,2349	127,4288
2020-12-25	11:00	23481,2	23617,64	23451,79	23612,78	LONG	0,00167	5981,87	0,00334	HOLD	98,2349	127,6485
2020-12-25	12:00	23612,77	23649	23526,67	23599,22	LONG	0,00167	5981,87	0,00334	HOLD	98,2349	127,6258
2020-12-25	13:00	23599,22	23681,19	23546,33	23625,46	LONG	0,00167	5981,87	0,00334	HOLD	98,2349	127,6697
2020-12-25	14:00	23625,47	23679,99	23510,72	23649,82	LONG	0,00167	5981,87	0,00334	HOLD	98,2349	127,7103
2020-12-25	15:00	23650,99	23870	23600	23677,44	LONG	0,00167	5981,87	0,00334	HOLD	98,2349	127,7565
2020-12-25	16:00	23677,44	23982,82	23643,96	23934,52	LONG	0,00167	5981,87	0,00334	HOLD	98,2349	128,1858
2020-12-25	17:00	23934,52	24032	23766,66	23975,26	LONG	0,00167	5981,87	0,00334	HOLD	98,2349	128,2538
2020-12-25	18:00	23977,42	24681	23902,43	24574,4	LONG	0,00167	5981,87	0,00334	HOLD	98,2349	129,2544
2020-12-25	19:00	24574,4	24642,34	24337,26	24346,97	LONG	0,00167	5981,87	0,00334	HOLD	98,2349	128,8746
2020-12-25	20:00	24346,97	24550	24330	24500	LONG	0,00167	5981,87	0,00334	HOLD	98,2349	129,1301
2020-12-25	21:00	24499,99	24520	23785,5	24026,72	LONG	0,00167	5981,87	0,00334	HOLD	98,2349	128,3398
2020-12-25	22:00	24026,71	24199,93	23949,17	24025,13	LONG	0,00167	5981,87	0,00334	HOLD	98,2349	128,3371
2020-12-25	23:00	24025,13	24298,82	24003	24082,01	LONG	0,00167	5981,87	0,00334	HOLD	98,2349	128,4321
2020-12-26	00:00	24082,01	24265,77	23987,16	24185,62	LONG	0,00167	5981,87	0,00334	HOLD	98,2349	128,6051
2020-12-26	01:00	24185,62	24427,64	24136,84	24356,31	LONG	0,00167	5981,87	0,00334	HOLD	98,2349	128,8902
2020-12-26	02:00	24356,31	24520	24294,9	24449,66	LONG	0,00167	5981,87	0,00334	HOLD	98,2349	129,0461
2020-12-26	03:00	24449,66	24490,28	24351,47	24455,05	LONG	0,00167	5981,87	0,00334	HOLD	98,2349	129,0551
2020-12-26	04:00	24455,05	24456,9	24198,6	24419,39	LONG	0,00167	5981,87	0,00334	HOLD	98,2349	128,9955
2020-12-26	05:00	24419,6	24650	24368,47	24584	LONG	0,00167	5981,87	0,00334	HOLD	98,2349	129,2704
2020-12-26	06:00	24584	24789,86	24511,58	24712,47	LONG	0,00167	5981,87	0,00334	HOLD	98,2349	129,485
2020-12-26	07:00	24712,47	24785,81	24519,86	24602,25	LONG	0,00167	5981,87	0,00334	HOLD	98,2349	129,3009
2020-12-26	08:00	24601,07	24932,16	24500	24907,78	LONG	0,00167	5981,87	0,00334	HOLD	98,2349	129,8111
2020-12-26	09:00	24907,78	24976	24750	24838,27	LONG	0,00167	5981,87	0,00334	HOLD	98,2349	129,6951
2020-12-26	10:00	24838,27	25039,96	24815,52	24909,79	LONG	0,00167	5981,87	0,00334	HOLD	98,2349	129,8145
2020-12-26	11:00	24909,8	24920	24745,41	24810,06	LONG	0,00167	5981,87	0,00334	HOLD	98,2349	129,6479
2020-12-26	12:00	24810,06	24843,44	24661,3	24708,87	LONG	0,00167	5981,87	0,00334	HOLD	98,2349	129,479
2020-12-26	13:00	24708,87	24868,98	24652,54	24830,66	LONG	0,00167	5981,87	0,00334	HOLD	98,2349	129,6823
2020-12-26	14:00	24830,66	24933	24715,91	24784,48	LONG	0,00167	5981,87	0,00334	HOLD	98,2349	129,6052
2020-12-26	15:00	24784,48	25000	24754,16	24901,36	LONG	0,00167	5981,87	0,00334	HOLD	98,2349	129,8004
2020-12-26	16:00	24901,36	24914,81	24725	24859,36	LONG	0,00167	5981,87	0,00334	HOLD	98,2349	129,7303
2020-12-26	17:00	24859,36	24899,1	24562,5	24732,06	LONG	0,00167	5981,87	0,00334	HOLD	98,2349	129,5177
2020-12-26	18:00	24730,4	24887,17	24706,16	24834,36	LONG	0,00167	5981,87	0,00334	HOLD	98,2349	129,6885
2020-12-26	19:00	24834,36	24948,7	24734,94	24892,05	LONG	0,00167	5981,87	0,00334	HOLD	98,2349	129,7849
2020-12-26	20:00	24892,06	24987,34	24809,49	24942,42	LONG	0,00167	5981,87	0,00334	HOLD	98,2349	129,869
2020-12-26	21:00	24942,42	25434,03	24882,55	25381,12	LONG	0,00167	5981,87	0,00385	HOLD	98,2349	130,6016
2020-12-26	22:00	25381,2	25673,52	25339,18	25629,99	LONG	0,00167	5981,87	0,00385	HOLD	98,2349	131,0172
2020-12-26	23:00	25629,99	25945,01	25575	25864,61	LONG	0,00167	5981,87	0,00385	HOLD	98,2349	131,409
2020-12-27	00:00	25864,62	26000	25674,87	25789,84	LONG	0,00167	5981,87	0,00385	HOLD	98,2349	131,2842
2020-12-27	01:00	25789,84	25859	25580,58	25619,24	LONG	0,00167	5981,87	0,00385	HOLD	98,2349	130,9993
2020-12-27	02:00	25619,24	25932,25	25590	25931,02	LONG	0,00167	5981,87	0,00385	HOLD	98,2349	131,5199
2020-12-27	03:00	25931,02	26485	25810,56	26417,3	LONG	0,00167	5981,87	0,00385	HOLD	98,2349	132,332
2020-12-27	04:00	26417,3	26867,03	26332,57	26702,19	LONG	0,00167	5981,87	0,00385	HOLD	98,2349	132,8078
2020-12-27	05:00	26702,18	26799,8	25842	26413,43	LONG	0,00167	5981,87	0,00385	HOLD	98,2349	132,3256
2020-12-27	06:00	26413,42	26660	26362,26	26493,39	LONG	0,00167	5981,87	0,00385	HOLD	98,2349	132,4591
2020-12-27	07:00	26493,4	26850	26488,41	26759,35	LONG	0,00167	5981,87	0,00385	HOLD	98,2349	132,9033
2020-12-27	08:00	26759,35	26963,46	26503,87	26619,73	LONG	0,00167	5981,87	0,00385	HOLD	98,2349	132,6701
2020-12-27	09:00	26619,14	26859,5	26500	26573,9	LONG	0,00167	5981,87	0,00385	HOLD	98,2349	132,5936
2020-12-27	10:00	26573,9	26649,5	26427,16	26568,08	LONG	0,00167	5981,87	0,00385	HOLD	98,2349	132,5838
2020-12-27	11:00	26568,24	26839,84	26567,81	26744,76	LONG	0,00167	5981,87	0,00385	HOLD	98,2349	132,8789
2020-12-27	12:00	26744,76	26939,98	26705,13	26889,94	LONG	0,00167	5981,87	0,00385	HOLD	98,2349	133,1213
2020-12-27	13:00	26889,94	27750	26886,47	27635,28	LONG	0,00167	5981,87	0,00385	HOLD	98,2349	134,3661
2020-12-27	14:00	27635,28	27777,82	27453,53	27639,38	LONG	0,00167	5981,87	0,00385	HOLD	98,2349	134,3729
2020-12-27	15:00	27639,39	27935,4	27310	27457	LONG	0,00167	5981,87	0,00385	HOLD	98,2349	134,0683
2020-12-27	16:00	27460,52	27855	27200,02	27818,18	LONG	0,00167	5981,87	0,00385	HOLD	98,2349	134,6715
2020-12-27	17:00	27818,18	27893,5	27687,13	27822,16	LONG	0,00167	5981,87	0,00385	HOLD	98,2349	134,6781
2020-12-27	18:00	27822,17	28422	26566	27646,48	LONG	0,00167	5981,87	0,00385	HOLD	98,2349	134,3848
2020-12-27	19:00	27647,55	27648,75	26600	27205,48	LONG	0,00167	5981,87	0,00385	HOLD	98,2349	133,6483
2020-12-27	20:00	27205,47	27597,19	27060	27519,48	LONG	0,00167	5981,87	0,00385	HOLD	98,2349	134,1727
2020-12-27	21:00	27519,48	27777	27232,45	27335,65	LONG	0,00167	5981,87	0,00385	HOLD	98,2349	133,8657
2020-12-27	22:00	27334,47	27480	27000	27359,62	LONG	0,00167	5981,87	0,00385	HOLD	98,2349	133,9057
2020-12-27	23:00	27360,09	27490	26600	27089,44	LONG	0,00167	5981,87	0,00385	HOLD	98,2349	133,4545
2020-12-28	00:00	27089,45	27089,55	26677	26801,35	LONG	0,00167	5981,87	0,00385	HOLD	98,2349	132,9734
2020-12-28	01:00	26803,49	27070,01	26600	27061,41	LONG	0,00167	5981,87	0,00385	HOLD	98,2349	133,4077
2020-12-28	02:00	27062,67	27296,28	26987,84	27081,67	LONG	0,00167	5981,87	0,00385	HOLD	98,2349	133,4415
2020-12-28	03:00	27081,98	27095,18	26174,58	26223,51	LONG	0,00167	5981,87	0,00385	HOLD	98,2349	132,0084
2020-12-28	04:00	26219,88	26512	25700	26400,97	LONG	0,00167	5981,87	0,00385	HOLD	98,2349	132,3048
2020-12-28	05:00	26404,45	26699,99	26263,2	26521,14	LONG	0,00167	5981,87	0,00385	HOLD	98,2349	132,5054
2020-12-28	06:00	26521,14	26713,96	26219	26281,66	LONG	0,00167	5981,87	0,00385	HOLD	98,2349	132,1055
2020-12-28	07:00	26281,54	26976	26101	26877,7	LONG	0,00167	5981,87	0,00385	HOLD	98,2349	133,1009
2020-12-28	08:00	26877,69	27356,3	26800,01	27062	LONG	0,00167	5981,87	0,00385	HOLD	98,2349	133,4087
2020-12-28	09:00	27060,42	27169,64	26910,27	27085	LONG	0,00167	5981,87	0,00385	HOLD	98,2349	133,4471
2020-12-28	10:00	27082,52	27290	26918,51	27275,65	LONG	0,00167	5981,87	0,00385	HOLD	98,2349	133,7655
2020-12-28	11:00	27275,66	27332	26848,57	26864,11	LONG	0,00167	5981,87	0,00385	HOLD	98,2349	133,0782
2020-12-28	12:00	26864,1	27153,9	26798,94	26942,62	LONG	0,00167	5981,87	0,00385	HOLD	98,2349	133,2093
2020-12-28	13:00	26942,62	27100	26830	27057,63	LONG	0,00167	5981,87	0,00385	HOLD	98,2349	133,4014
2020-12-28	14:00	27056,15	27200	27001,31	27001,31	LONG	0,00167	5981,87	0,00385	HOLD	98,2349	133,3073
2020-12-28	15:00	27001,32	27080	26705,41	26937,88	LONG	0,00167	5981,87	0,00385	HOLD	98,2349	133,2014
2020-12-28	16:00	26936,25	27000	26750,66	26835,83	LONG	0,00167	5981,87	0,00385	HOLD	98,2349	133,031
2020-12-28	17:00	26835,84	26922,28	26557,73	26720,58	LONG	0,00167	5981,87	0,00385	HOLD	98,2349	132,8385
2020-12-28	18:00	26720,02	26889,71	26609,51	26859,07	LONG	0,00167	5981,87	0,00385	HOLD	98,2349	133,0698
2020-12-28	19:00	26859,07	27145,27	26711,57	27097,28	LONG	0,00167	5981,87	0,00385	HOLD	98,2349	133,4676
2020-12-28	20:00	27097,27	27500	27097,27	27249,22	LONG	0,00167	5981,87	0,00385	HOLD	98,2349	133,7213
2020-12-28	21:00	27249,22	27355	27130,02	27276,11	LONG	0,00167	5981,87	0,00385	HOLD	98,2349	133,7662
2020-12-28	22:00	27276,13	27320	26830,16	26916,32	LONG	0,00167	5981,87	0,00385	HOLD	98,2349	133,1654
2020-12-28	23:00	26916,32	27157,31	26743	27066,44	LONG	0,00167	5981,87	0,00385	HOLD	98,2349	133,4161
2020-12-29	00:00	27066,43	27236,71	27021,21	27140,96	LONG	0,00167	5981,87	0,00385	HOLD	98,2349	133,5405
2020-12-29	01:00	27140,89	27228,53	26898	27023,55	LONG	0,00167	5981,87	0,00385	HOLD	98,2349	133,3445
2020-12-29	02:00	27022,83	27196,09	26945,39	26996,74	LONG	0,00167	5981,87	0,00385	HOLD	98,2349	133,2997
2020-12-29	03:00	26996,73	27098,38	26678	26866,97	LONG	0,00167	5981,87	0,00385	HOLD	98,2349	133,083
2020-12-29	04:00	26866,97	26958,64	26620,4	26627,3	LONG	0,00167	5981,87	0,00385	HOLD	98,2349	132,6827
2020-12-29	05:00	26627,31	26940,95	26415,09	26891,69	LONG	0,00167	5981,87	0,00385	HOLD	98,2349	133,1243
2020-12-29	06:00	26891,69	27163,77	26836,01	27079,41	LONG	0,00167	5981,87	0,00385	HOLD	98,2349	133,4378
2020-12-29	07:00	27079,42	27116,78	26758,88	26811,29	LONG	0,00167	5981,87	0,00385	HOLD	98,2349	132,99
2020-12-29	08:00	26811,27	26857,01	26636,92	26830,53	LONG	0,00167	5981,87	0,00385	HOLD	98,2349	133,0221
2020-12-29	09:00	26829,64	26949,07	26727,25	26858,37	LONG	0,00167	5981,87	0,00385	HOLD	98,2349	133,0686
2020-12-29	10:00	26858,37	26863,07	26433,78	26444,6	LONG	0,00167	5981,87	0,00385	HOLD	98,2349	132,3776
2020-12-29	11:00	26445,5	26583,65	26203	26487,62	LONG	0,00167	5981,87	0,00385	HOLD	98,2349	132,4495
2020-12-29	12:00	26489,07	26492	25880	26452,18	LONG	0,00167	5981,87	0,00385	HOLD	98,2349	132,3903
2020-12-29	13:00	26452,4	26533,3	26264,52	26356,22	LONG	0,00167	5981,87	0,00385	HOLD	98,2349	132,23
2020-12-29	14:00	26356,23	26462,94	26145,46	26435,63	LONG	0,00167	5981,87	0,00385	HOLD	98,2349	132,3626
2020-12-29	15:00	26436,53	26765,35	26434,49	26660,36	LONG	0,00167	5981,87	0,00385	HOLD	98,2349	132,7379
2020-12-29	16:00	26660,6	26745	26521,14	26590,6	LONG	0,00167	5981,87	0,00385	HOLD	98,2349	132,6214
2020-12-29	17:00	26586,94	26860	26586,43	26741,03	LONG	0,00167	5981,87	0,00385	HOLD	98,2349	132,8727
2020-12-29	18:00	26741,04	26900	26565,13	26876,4	LONG	0,00167	5981,87	0,00385	HOLD	98,2349	133,0987
2020-12-29	19:00	26874,55	27100	26858,51	26893,22	LONG	0,00167	5981,87	0,00385	HOLD	98,2349	133,1268
2020-12-29	20:00	26893,22	26977,16	26730	26880	LONG	0,00167	5981,87	0,00385	HOLD	98,2349	133,1047
2020-12-29	21:00	26880,01	26902,22	26600,65	26664,49	LONG	0,00167	5981,87	0,00385	HOLD	98,2349	132,7448
2020-12-29	22:00	26664,49	26734,4	26433	26614,97	LONG	0,00167	5981,87	0,00385	HOLD	98,2349	132,6621
2020-12-29	23:00	26615,28	26625,99	26204,99	26430,84	LONG	0,00167	5981,87	0,00385	HOLD	98,2349	132,3546
2020-12-30	00:00	26428,1	26628,98	26243,5	26621,46	LONG	0,00167	5981,87	0,00385	HOLD	98,2349	132,673
2020-12-30	01:00	26621,08	26749,82	26565,01	26591,29	LONG	0,00167	5981,87	0,00385	HOLD	98,2349	132,6226
2020-12-30	02:00	26591,38	26943,89	26505,94	26931,62	LONG	0,00167	5981,87	0,00385	HOLD	98,2349	133,1909
2020-12-30	03:00	26931,51	27000	26743,42	26989,63	LONG	0,00167	5981,87	0,00385	HOLD	98,2349	133,2878
2020-12-30	04:00	26990	27200,87	26820,38	26913,12	LONG	0,00167	5981,87	0,00385	HOLD	98,2349	133,1601
2020-12-30	05:00	26911,36	27117	26893,78	27048,32	LONG	0,00167	5981,87	0,00385	HOLD	98,2349	133,3858
2020-12-30	06:00	27048,34	27410	26945,57	27385	LONG	0,00167	5981,87	0,00385	HOLD	98,2349	133,9481
2020-12-30	07:00	27385	27837,71	27374,87	27630,74	LONG	0,00167	5981,87	0,00385	HOLD	98,2349	134,3585
2020-12-30	08:00	27630,75	27720	27530,89	27615,85	LONG	0,00167	5981,87	0,00385	HOLD	98,2349	134,3336
2020-12-30	09:00	27615,84	28000	27498,92	27999,14	LONG	0,00167	5981,87	0,00385	HOLD	98,2349	134,9737
2020-12-30	10:00	28000	28239	27814,67	28065,54	LONG	0,00167	5981,87	0,00385	HOLD	98,2349	135,0846
2020-12-30	11:00	28066,57	28205,37	27722,22	27897,49	LONG	0,00167	5981,87	0,00385	HOLD	98,2349	134,804
2020-12-30	12:00	27897,49	28159	27828,28	28016,74	LONG	0,00167	5981,87	0,00385	HOLD	98,2349	135,0031
2020-12-30	13:00	28016,74	28577,56	27933	28380	LONG	0,00167	5981,87	0,00385	HOLD	98,2349	135,6097
2020-12-30	14:00	28379,99	28598,74	28270	28386,62	LONG	0,00167	5981,87	0,00385	HOLD	98,2349	135,6208
2020-12-30	15:00	28389,02	28579,92	27559,23	27732,3	LONG	0,00167	5981,87	0,00385	HOLD	98,2349	134,5281
2020-12-30	16:00	27732,86	27898,63	27320	27855,91	LONG	0,00167	5981,87	0,00385	HOLD	98,2349	134,7345
2020-12-30	17:00	27855,91	28063,97	27742,43	27850,02	LONG	0,00167	5981,87	0,00385	HOLD	98,2349	134,7247
2020-12-30	18:00	27850,02	27947,92	27595,43	27838,82	LONG	0,00167	5981,87	0,00385	HOLD	98,2349	134,706
2020-12-30	19:00	27836,95	27934,43	27577	27858,73	LONG	0,00167	5981,87	0,00385	HOLD	98,2349	134,7392
2020-12-30	20:00	27858,72	28167,21	27768,7	27869,61	LONG	0,00167	5981,87	0,00385	HOLD	98,2349	134,7574
2020-12-30	21:00	27871,05	28184,44	27871,05	28182,98	LONG	0,00167	5981,87	0,00385	HOLD	98,2349	135,2807
2020-12-30	22:00	28182,98	28291,82	27984,19	28153,76	LONG	0,00167	5981,87	0,00385	HOLD	98,2349	135,2319
2020-12-30	23:00	28153,75	28240,37	27887	28153,78	LONG	0,00167	5981,87	0,00385	HOLD	98,2349	135,232
2020-12-31	00:00	28153,77	28309,88	28050	28239,69	LONG	0,00167	5981,87	0,00385	HOLD	98,2349	135,3754
2020-12-31	01:00	28239,68	28530	28239,68	28510,86	LONG	0,00167	5981,87	0,00385	HOLD	98,2349	135,8283
2020-12-31	02:00	28510,86	28900,05	28444	28776,46	LONG	0,00167	5981,87	0,00385	HOLD	98,2349	136,2718
2020-12-31	03:00	28776,45	28996	28603,24	28785,67	LONG	0,00167	5981,87	0,00385	HOLD	98,2349	136,2872
2020-12-31	04:00	28785,67	28980	28534,7	28875,21	LONG	0,00167	5981,87	0,00385	HOLD	98,2349	136,4367
2020-12-31	05:00	28875,21	28903,93	28571,84	28703,88	LONG	0,00167	5981,87	0,00385	HOLD	98,2349	136,1506
2020-12-31	06:00	28704	28911,52	28630	28875,54	LONG	0,00167	5981,87	0,00385	HOLD	98,2349	136,4373
2020-12-31	07:00	28875,55	29300	28869,78	29120,51	LONG	0,00167	5981,87	0,00385	HOLD	98,2349	136,8464
2020-12-31	08:00	29120,5	29177,41	28120,67	28743,57	LONG	0,00167	5981,87	0,00385	HOLD	98,2349	136,2169
2020-12-31	09:00	28743,58	28792,76	28600,38	28720,49	LONG	0,00167	5981,87	0,00385	HOLD	98,2349	136,1784
2020-12-31	10:00	28720,48	29147,75	28711,06	29024	LONG	0,00167	5981,87	0,00385	HOLD	98,2349	136,6852
2020-12-31	11:00	29024,01	29185	28824,61	29028,35	LONG	0,00167	5981,87	0,00385	HOLD	98,2349	136,6925
2020-12-31	12:00	29028,34	29031,66	28738,1	28972,2	LONG	0,00167	5981,87	0,00385	HOLD	98,2349	136,5987
2020-12-31	13:00	28972,2	29074,22	28849,5	28859,01	LONG	0,00167	5981,87	0,00385	HOLD	98,2349	136,4097
2020-12-31	14:00	28859,02	29285	28859,02	29155,25	LONG	0,00167	5981,87	0,00385	HOLD	98,2349	136,9044
2020-12-31	15:00	29155,24	29210,83	28780	28926,31	LONG	0,00167	5981,87	0,00385	HOLD	98,2349	136,5221
2020-12-31	16:00	28926,32	29067,82	28580	28989,99	LONG	0,00167	5981,87	0,00385	HOLD	98,2349	136,6284
2020-12-31	17:00	28989,99	29168,37	28960,17	29136,49	LONG	0,00167	5981,87	0,00385	HOLD	98,2349	136,8731
2020-12-31	18:00	29136,49	29140	28888,43	28910,3	LONG	0,00167	5981,87	0,00385	HOLD	98,2349	136,4953
2020-12-31	19:00	28910,29	28989,03	28400	28617,6	LONG	0,00167	5981,87	0,00385	HOLD	98,2349	136,0065
2020-12-31	20:00	28617,65	28635,9	27850	28519	LONG	0,00167	5981,87	0,00385	HOLD	98,2349	135,8419
2020-12-31	21:00	28519,25	28523,47	28111,25	28371,51	LONG	0,00167	5981,87	0,00385	HOLD	98,2349	135,5956
2020-12-31	22:00	28371,52	28840,26	28369,53	28770	LONG	0,00167	5981,87	0,00385	HOLD	98,2349	136,261
2020-12-31	23:00	28782,01	28822,59	28311	28380,6	LONG	0,00167	5981,87	0,00385	HOLD	98,2349	135,6107
2021-01-01	00:00	28382,47	28723,68	28362	28571,97	LONG	0,00167	5981,87	0,00385	HOLD	98,2349	135,9303
2021-01-01	01:00	28571,97	28898	28424,56	28872,25	LONG	0,00167	5981,87	0,00385	HOLD	98,2349	136,4318
2021-01-01	02:00	28872,24	29000	28742,41	28897,83	LONG	0,00167	5981,87	0,00385	HOLD	98,2349	136,4745
2021-01-01	03:00	28897,84	29139,65	28862	29126,7	LONG	0,00167	5981,87	0,00385	HOLD	98,2349	136,8567
2021-01-01	04:00	29126,71	29169,55	28900,79	28966,36	LONG	0,00167	5981,87	0,00385	HOLD	98,2349	136,589
2021-01-01	05:00	28966,36	29143,73	28910,19	29100,84	LONG	0,00167	5981,87	0,00385	HOLD	98,2349	136,8135
2021-01-01	06:00	29100,83	29110,35	28780	28923,63	LONG	0,00167	5981,87	0,00385	HOLD	98,2349	136,5176
2021-01-01	07:00	28923,63	29031,34	28690,17	28995,13	LONG	0,00167	5981,87	0,00385	HOLD	98,2349	136,637
2021-01-01	08:00	28995,13	29470	28960,35	29409,99	LONG	0,00167	5981,87	0,00385	HOLD	98,2349	137,3298
2021-01-01	09:00	29410	29465,26	29120,03	29194,65	LONG	0,00167	5981,87	0,00385	HOLD	98,2349	136,9702
2021-01-01	10:00	29195,25	29367	29150,02	29278,4	LONG	0,00167	5981,87	0,00385	HOLD	98,2349	137,1101
2021-01-01	11:00	29278,41	29395	29029,4	29220,31	LONG	0,00167	5981,87	0,00385	HOLD	98,2349	137,0131
2021-01-01	12:00	29220,31	29235,28	29084,11	29187,01	LONG	0,00167	5981,87	0,00385	HOLD	98,2349	136,9574
2021-01-01	13:00	29187,01	29270	29077,32	29174,35	LONG	0,00167	5981,87	0,00385	HOLD	98,2349	136,9363
2021-01-01	14:00	29174,35	29191,98	28806,54	29092,83	LONG	0,00167	5981,87	0,00385	HOLD	98,2349	136,8002
2021-01-01	15:00	29092,84	29178,03	28872,24	29000,01	LONG	0,00167	5981,87	0,00385	HOLD	98,2349	136,6452
2021-01-01	16:00	29000,01	29307,73	28970	29202,21	LONG	0,00167	5981,87	0,00385	HOLD	98,2349	136,9828
2021-01-01	17:00	29202,21	29344,97	29152,88	29223,82	LONG	0,00167	5981,87	0,00385	HOLD	98,2349	137,0189
2021-01-01	18:00	29223,82	29402,57	29212,44	29313,49	LONG	0,00167	5981,87	0,00385	HOLD	98,2349	137,1687
2021-01-01	19:00	29313,49	29600	29150	29233,49	LONG	0,00167	5981,87	0,00385	HOLD	98,2349	137,0351
2021-01-01	20:00	29233,49	29470	29200	29464,79	LONG	0,00167	5981,87	0,00385	HOLD	98,2349	137,4213
2021-01-01	21:00	29464,79	29530	29266,15	29327,84	LONG	0,00167	5981,87	0,00385	HOLD	98,2349	137,1926
2021-01-01	22:00	29327,83	29391	29030,14	29188,67	LONG	0,00167	5981,87	0,00385	HOLD	98,2349	136,9602
2021-01-01	23:00	29188,67	29360	29125	29300,57	LONG	0,00167	5981,87	0,00385	HOLD	98,2349	137,1471
2021-01-02	00:00	29300,79	29339,76	28937	29079,64	LONG	0,00167	5981,87	0,00385	HOLD	98,2349	136,7781
2021-01-02	01:00	29077,59	29259,98	28624,57	29072,7	LONG	0,00167	5981,87	0,00385	HOLD	98,2349	136,7666
2021-01-02	02:00	29072,7	29125,32	28950	29029,04	LONG	0,00167	5981,87	0,00385	HOLD	98,2349	136,6936
2021-01-02	03:00	29029,04	29279,72	28880,37	29200,96	LONG	0,00167	5981,87	0,00385	HOLD	98,2349	136,9807
2021-01-02	04:00	29200,97	29289,82	29130	29160,39	LONG	0,00167	5981,87	0,00385	HOLD	98,2349	136,913
2021-01-02	05:00	29163,17	29326,74	29104,57	29262,32	LONG	0,00167	5981,87	0,00385	HOLD	98,2349	137,0832
2021-01-02	06:00	29262,32	29338,89	29228,14	29331,69	LONG	0,00167	5981,87	0,00385	HOLD	98,2349	137,1991
2021-01-02	07:00	29331,7	29338,59	28946,53	29197,48	LONG	0,00167	5981,87	0,00385	HOLD	98,2349	136,9749
2021-01-02	08:00	29197,93	29400	29100	29359,47	LONG	0,00167	5981,87	0,00385	HOLD	98,2349	137,2455
2021-01-02	09:00	29359,46	29469	29320,01	29323,82	LONG	0,00167	5981,87	0,00385	HOLD	98,2349	137,1859
2021-01-02	10:00	29323,82	29382,49	29256,85	29351,95	LONG	0,00167	5981,87	0,00385	HOLD	98,2349	137,2329
2021-01-02	11:00	29351,95	29396	29220	29349,63	LONG	0,00167	5981,87	0,00385	HOLD	98,2349	137,229
2021-01-02	12:00	29349,63	29590	29349,63	29589,99	LONG	0,00167	5981,87	0,00385	HOLD	98,2349	137,6304
2021-01-02	13:00	29589,99	29745	29450	29709,07	LONG	0,00167	5981,87	0,00385	HOLD	98,2349	137,8293
2021-01-02	14:00	29709,06	29820,5	29623,31	29750	LONG	0,00167	5981,87	0,00385	HOLD	98,2349	137,8976
2021-01-02	15:00	29751,47	29849,11	29640	29844,51	LONG	0,00167	5981,87	0,00385	HOLD	98,2349	138,0555
2021-01-02	16:00	29844,52	29899	29578,05	29612,87	LONG	0,00167	5981,87	0,00385	HOLD	98,2349	137,6686
2021-01-02	17:00	29612,88	29829	29473,91	29680,99	LONG	0,00167	5981,87	0,00385	HOLD	98,2349	137,7824
2021-01-02	18:00	29679,51	29780,53	29622,79	29755	LONG	0,00167	5981,87	0,00385	HOLD	98,2349	137,906
2021-01-02	19:00	29754,99	30888	29741,39	30604,03	LONG	0,00167	5981,87	0,00385	HOLD	98,2349	139,3239
2021-01-02	20:00	30604,03	31561,87	30521	31541,17	LONG	0,00167	5981,87	0,00385	HOLD	98,2349	140,8889
2021-01-02	21:00	31546,06	31567,89	31065	31290,53	LONG	0,00167	5981,87	0,00385	HOLD	98,2349	140,4703
2021-01-02	22:00	31290,53	31800	31236,37	31691,29	LONG	0,00167	5981,87	0,00385	HOLD	98,2349	141,1396
2021-01-02	23:00	31691,09	33000	31616,42	32482,28	LONG	0,00167	5981,87	0,00385	HOLD	98,2349	142,4605
2021-01-03	00:00	32484,28	32935	32394,77	32856,96	LONG	0,00167	5981,87	0,00385	HOLD	98,2349	143,0863
2021-01-03	01:00	32856,95	33300	32421	32999,98	LONG	0,00167	5981,87	0,00385	HOLD	98,2349	143,3251
2021-01-03	02:00	32999,98	33220	32690	33027,2	LONG	0,00167	5981,87	0,00385	HOLD	98,2349	143,3706
2021-01-03	03:00	33027,2	33061,37	30550	30667,22	LONG	0,00167	5981,87	0,00385	HOLD	98,2349	139,4294
2021-01-03	04:00	30669,43	32005,94	30300	31694,59	LONG	0,00167	5981,87	0,00385	HOLD	98,2349	141,1451
2021-01-03	05:00	31693,53	32311,92	31424,96	32145,66	LONG	0,00167	5981,87	0,00385	HOLD	98,2349	141,8984
2021-01-03	06:00	32143,53	32246,67	31500	32178,33	LONG	0,00167	5981,87	0,00385	HOLD	98,2349	141,953
2021-01-03	07:00	32176,45	32497,8	31962,99	32447,94	LONG	0,00167	5981,87	0,00385	HOLD	98,2349	142,4032
2021-01-03	08:00	32447,95	32790,07	32201	32585,09	LONG	0,00167	5981,87	0,00385	HOLD	98,2349	142,6322
2021-01-03	09:00	32583,04	32884,09	32550	32741,67	LONG	0,00167	5981,87	0,00385	HOLD	98,2349	142,8937
2021-01-03	10:00	32741,68	32756	32404	32573,87	LONG	0,00167	5981,87	0,00385	HOLD	98,2349	142,6135
2021-01-03	11:00	32576,11	33250	32450	33192,53	LONG	0,00167	5981,87	0,00385	HOLD	98,2349	143,6467
2021-01-03	12:00	33192,53	34180	33109,44	33758,67	LONG	0,00167	5981,87	0,00385	HOLD	98,2349	144,5921
2021-01-03	13:00	33758,67	34110,05	33651,12	33967,13	LONG	0,00167	5981,87	0,00385	HOLD	98,2349	144,9402
2021-01-03	14:00	33967,13	34778,11	33737,19	34452,34	LONG	0,00167	5981,87	0,00385	HOLD	98,2349	145,7506
2021-01-03	15:00	34451,78	34670,41	33757,29	34367,68	LONG	0,00167	5981,87	0,00385	HOLD	98,2349	145,6092
2021-01-03	16:00	34367,35	34588,88	33800	34190,55	LONG	0,00167	5981,87	0,00385	HOLD	98,2349	145,3134
2021-01-03	17:00	34189,98	34350	33403	33877,96	LONG	0,00167	5981,87	0,00385	HOLD	98,2349	144,7913
2021-01-03	18:00	33877,96	34450	33787,55	34413,53	LONG	0,00167	5981,87	0,00385	HOLD	98,2349	145,6857
2021-01-03	19:00	34413,53	34600	33928,75	34103,72	LONG	0,00167	5981,87	0,00385	HOLD	98,2349	145,1684
2021-01-03	20:00	34103,73	34385,02	33800	33880	LONG	0,00167	5981,87	0,00385	HOLD	98,2349	144,7947
2021-01-03	21:00	33877,98	34150	33450	33811,54	LONG	0,00167	5981,87	0,00385	HOLD	98,2349	144,6804
2021-01-03	22:00	33811,54	33873,45	32727	33506,62	LONG	0,00167	5981,87	0,00385	HOLD	98,2349	144,1712
2021-01-03	23:00	33505,15	33822,69	32650	32676,74	LONG	0,00167	5981,87	0,00385	HOLD	98,2349	142,7853
2021-01-04	00:00	32676,75	33333,33	32454,73	32909,27	LONG	0,00167	5981,87	0,00385	HOLD	98,2349	143,1736
2021-01-04	01:00	32907,51	33031,57	32267	32769,76	LONG	0,00167	5981,87	0,00385	HOLD	98,2349	142,9406
2021-01-04	02:00	32769,79	32930	32455,71	32772,21	LONG	0,00167	5981,87	0,00385	HOLD	98,2349	142,9447
2021-01-04	03:00	32775,1	33816	32727,1	33726,21	LONG	0,00167	5981,87	0,00385	HOLD	98,2349	144,5379
2021-01-04	04:00	33725,72	33861,92	33506	33558,34	LONG	0,00167	5981,87	0,00385	HOLD	98,2349	144,2576
2021-01-04	05:00	33559,06	33661,1	33000	33119,14	LONG	0,00167	5981,87	0,00385	HOLD	98,2349	143,5241
2021-01-04	06:00	33119,14	33600	32600	33000,05	LONG	0,00167	5981,87	0,00385	HOLD	98,2349	143,3252
2021-01-04	07:00	33000,05	33111,44	32400,25	32843,88	LONG	0,00167	5981,87	0,00385	HOLD	98,2349	143,0644
2021-01-04	08:00	32843,89	33327	32602,47	33191,04	LONG	0,00167	5981,87	0,00385	HOLD	98,2349	143,6442
2021-01-04	09:00	33191,05	33588	32958,38	33454,22	LONG	0,00167	5981,87	0,00385	HOLD	98,2349	144,0837
2021-01-04	10:00	33454,21	33510,71	33160	33505,16	LONG	0,00167	5981,87	0,00385	HOLD	98,2349	144,1688
2021-01-04	11:00	33505,15	33600	33186,14	33257,55	LONG	0,00167	5981,87	0,00385	HOLD	98,2349	143,7553
2021-01-04	12:00	33257,56	33315,9	32802,25	32813,01	LONG	0,00167	5981,87	0,00385	HOLD	98,2349	143,0129
2021-01-04	13:00	32813,01	33408	32813	33100,02	LONG	0,00167	5981,87	0,00385	HOLD	98,2349	143,4922
2021-01-04	14:00	33100,02	33148,69	31505	32068,84	LONG	0,00167	5981,87	0,00385	HOLD	98,2349	141,7701
2021-01-04	15:00	32068,84	32567,88	31450	32045,14	LONG	0,00167	5981,87	0,00385	HOLD	98,2349	141,7305
2021-01-04	16:00	32045,15	32152,15	30248,85	31038,63	LONG	0,00167	5981,87	0,00385	HOLD	98,2349	140,0497
2021-01-04	17:00	31038,35	31227,33	28130	30270,76	LONG	0,00167	5981,87	0,00385	HOLD	98,2349	138,7673
2021-01-04	18:00	30270,76	30900,2	29400	30743,06	LONG	0,00167	5981,87	0,00385	HOLD	98,2349	139,5561
2021-01-04	19:00	30742,99	31434,07	30454,25	31219,02	LONG	0,00167	5981,87	0,00385	HOLD	98,2349	140,3509
2021-01-04	20:00	31219,03	31400	30600	31400	LONG	0,00167	5981,87	0,00385	HOLD	98,2349	140,6531
2021-01-04	21:00	31400	32167,93	31400	32113,68	LONG	0,00167	5981,87	0,00385	HOLD	98,2349	141,845
2021-01-04	22:00	32113,68	32185,67	31550	31745,72	LONG	0,00167	5981,87	0,00385	HOLD	98,2349	141,2305
2021-01-04	23:00	31745,71	31920	30723	31320,31	LONG	0,00167	5981,87	0,00385	HOLD	98,2349	140,5201
2021-01-05	00:00	31320,3	31523,01	30626,36	31024,17	LONG	0,00167	5981,87	0,00385	HOLD	98,2349	140,0255
2021-01-05	01:00	31022,25	31465,44	31001	31165,16	LONG	0,00167	5981,87	0,00385	HOLD	98,2349	140,261
2021-01-05	02:00	31165,16	31855,75	31104,99	31665,51	LONG	0,00167	5981,87	0,00385	HOLD	98,2349	141,0965
2021-01-05	03:00	31665,52	31830,95	31210	31244,97	LONG	0,00167	5981,87	0,00385	HOLD	98,2349	140,3942
2021-01-05	04:00	31244,97	31579	30856,08	31014,27	LONG	0,00167	5981,87	0,00385	HOLD	98,2349	140,009
2021-01-05	05:00	31014,27	31474,78	30950	31332,05	LONG	0,00167	5981,87	0,00385	HOLD	98,2349	140,5397
2021-01-05	06:00	31332,05	32031,01	31150	31988,71	LONG	0,00167	5981,87	0,00385	HOLD	98,2349	141,6363
2021-01-05	07:00	31989,75	32853,38	31989,74	32430,49	LONG	0,00167	5981,87	0,00385	HOLD	98,2349	142,3741
2021-01-05	08:00	32430,69	32796	32224,25	32786,06	LONG	0,00167	5981,87	0,00385	HOLD	98,2349	142,9679
2021-01-05	09:00	32786,05	32828,26	32221,1	32306,64	LONG	0,00167	5981,87	0,00385	HOLD	98,2349	142,1672
2021-01-05	10:00	32306,64	32536,09	31130,86	31200	LONG	0,00167	5981,87	0,00385	HOLD	98,2349	140,3191
2021-01-05	11:00	31190,04	31538,45	30418	30858,98	LONG	0,00167	5981,87	0,00385	HOLD	98,2349	139,7496
2021-01-05	12:00	30858,98	31366,16	29900	30436,25	LONG	0,00167	5981,87	0,00385	HOLD	98,2349	139,0437
2021-01-05	13:00	30436,26	31270,43	29900	31123,25	LONG	0,00167	5981,87	0,00385	HOLD	98,2349	140,191
2021-01-05	14:00	31123,25	31312,03	30759,47	30817,77	LONG	0,00167	5981,87	0,00385	HOLD	98,2349	139,6808
2021-01-05	15:00	30817,78	31522,19	30817,78	31192,09	LONG	0,00167	5981,87	0,00385	HOLD	98,2349	140,3059
2021-01-05	16:00	31192,16	31821,94	31157,9	31569,63	LONG	0,00167	5981,87	0,00385	HOLD	98,2349	140,9364
2021-01-05	17:00	31569,63	31687,11	31088,33	31345,77	LONG	0,00167	5981,87	0,00385	HOLD	98,2349	140,5626
2021-01-05	18:00	31347,73	31777	31284,15	31776,66	LONG	0,00167	5981,87	0,00385	HOLD	98,2349	141,2822
2021-01-05	19:00	31776,66	32057,13	31563,84	31585,01	LONG	0,00167	5981,87	0,00385	HOLD	98,2349	140,9621
2021-01-05	20:00	31585	31900	31416,27	31460,01	LONG	0,00167	5981,87	0,00385	HOLD	98,2349	140,7534
2021-01-05	21:00	31460,11	32375,07	31111,78	32342,33	LONG	0,00167	5981,87	0,00385	HOLD	98,2349	142,2268
2021-01-05	22:00	32343,61	32374,31	31929,41	32099,98	LONG	0,00167	5981,87	0,00385	HOLD	98,2349	141,8221
2021-01-05	23:00	32099,97	32670	31763,23	32469,9	LONG	0,00167	5981,87	0,00385	HOLD	98,2349	142,4399
2021-01-06	00:00	32469,9	32790	32254,18	32742,73	LONG	0,00167	5981,87	0,00385	HOLD	98,2349	142,8955
2021-01-06	01:00	32742,73	33433,55	32650,03	33372,84	LONG	0,00167	5981,87	0,00385	HOLD	98,2349	143,9478
2021-01-06	02:00	33372,83	34187,09	33098,82	33697,75	LONG	0,00167	5981,87	0,00385	HOLD	98,2349	144,4904
2021-01-06	03:00	33693,8	34044,13	33318	33969,17	LONG	0,00167	5981,87	0,00385	HOLD	98,2349	144,9437
2021-01-06	04:00	33968,66	33996,03	33471,94	33699,63	LONG	0,00167	5981,87	0,00385	HOLD	98,2349	144,4935
2021-01-06	05:00	33699,63	34360	33695,6	34183,42	LONG	0,00167	5981,87	0,00385	HOLD	98,2349	145,3015
2021-01-06	06:00	34183,43	34284,91	33650	33949,53	LONG	0,00167	5981,87	0,00385	HOLD	98,2349	144,9109
2021-01-06	07:00	33949,53	34107,59	33288	33918,01	LONG	0,00167	5981,87	0,00385	HOLD	98,2349	144,8582
2021-01-06	08:00	33918,01	34018,93	33513,05	33811,28	LONG	0,00167	5981,87	0,00385	HOLD	98,2349	144,68
2021-01-06	09:00	33811,28	34135,84	33768,32	33873,3	LONG	0,00167	5981,87	0,00385	HOLD	98,2349	144,7836
2021-01-06	10:00	33873,3	34170	33652	34117,59	LONG	0,00167	5981,87	0,00385	HOLD	98,2349	145,1915
2021-01-06	11:00	34116,76	35766,58	34109,83	35325,91	LONG	0,00167	5981,87	0,00385	HOLD	98,2349	147,2094
2021-01-06	12:00	35326,82	35590	34510	34978,91	LONG	0,00167	5981,87	0,00385	HOLD	98,2349	146,6299
2021-01-06	13:00	34977,27	35229,1	34782,44	35125,51	LONG	0,00167	5981,87	0,00385	HOLD	98,2349	146,8747
2021-01-06	14:00	35125,49	35248,63	34350	34676,4	LONG	0,00167	5981,87	0,00385	HOLD	98,2349	146,1247
2021-01-06	15:00	34666,8	34950,77	34015	34594,28	LONG	0,00167	5981,87	0,00385	HOLD	98,2349	145,9876
2021-01-06	16:00	34596,08	34607,69	33357,9	33919,5	LONG	0,00167	5981,87	0,00385	HOLD	98,2349	144,8607
2021-01-06	17:00	33919,5	34550	33834,61	34417,36	LONG	0,00167	5981,87	0,00385	HOLD	98,2349	145,6921
2021-01-06	18:00	34417,37	35200	34342,87	34918,53	LONG	0,00167	5981,87	0,00385	HOLD	98,2349	146,5291
2021-01-06	19:00	34918,54	35088	34415,61	34929,87	LONG	0,00167	5981,87	0,00385	HOLD	98,2349	146,548
2021-01-06	20:00	34929,87	35050	34300	34550	LONG	0,00167	5981,87	0,00385	HOLD	98,2349	145,9136
2021-01-06	21:00	34549,99	34593,5	34052,42	34213,46	LONG	0,00167	5981,87	0,00385	HOLD	98,2349	145,3516
2021-01-06	22:00	34213,58	34790	34150	34566,19	LONG	0,00167	5981,87	0,00385	HOLD	98,2349	145,9407
2021-01-06	23:00	34566,18	35076,42	34372,92	34612,41	LONG	0,00167	5981,87	0,00385	HOLD	98,2349	146,0179
2021-01-07	00:00	34615,98	35057,81	34562	34898,52	LONG	0,00167	5981,87	0,00385	HOLD	98,2349	146,4957
2021-01-07	01:00	34898,52	35245	34894,22	35215,75	LONG	0,00167	5981,87	0,00385	HOLD	98,2349	147,0254
2021-01-07	02:00	35215,75	35695	34652,6	34816,72	LONG	0,00167	5981,87	0,00385	HOLD	98,2349	146,3591
2021-01-07	03:00	34818,95	36250	34280	36015,88	LONG	0,00167	5981,87	0,00385	HOLD	98,2349	148,3617
2021-01-07	04:00	36015,16	36470	35650	35874,16	LONG	0,00167	5981,87	0,00385	HOLD	98,2349	148,125
2021-01-07	05:00	35869,97	36379,99	35700,92	35989,63	LONG	0,00167	5981,87	0,00385	HOLD	98,2349	148,3178
2021-01-07	06:00	35989,64	36939,21	35949,12	36769,36	LONG	0,00167	5981,87	0,00385	HOLD	98,2349	149,62
2021-01-07	07:00	36769,36	37287,63	36422,71	37150,66	LONG	0,00167	5981,87	0,00385	HOLD	98,2349	150,2567
2021-01-07	08:00	37150,66	37227,61	36615,83	36871,47	LONG	0,00167	5981,87	0,00385	HOLD	98,2349	149,7905
2021-01-07	09:00	36871,47	37087,01	36456	36962,37	LONG	0,00167	5981,87	0,00385	HOLD	98,2349	149,9423
2021-01-07	10:00	36962,37	37699	36926,53	37454,48	LONG	0,00167	5981,87	0,00385	HOLD	98,2349	150,7641
2021-01-07	11:00	37452,62	37550	37056,12	37450,95	LONG	0,00167	5981,87	0,00385	HOLD	98,2349	150,7582
2021-01-07	12:00	37450,95	37700,8	37100,77	37347,2	LONG	0,00167	5981,87	0,00385	HOLD	98,2349	150,585
2021-01-07	13:00	37347,2	37439,75	36710	37130,84	LONG	0,00167	5981,87	0,00385	HOLD	98,2349	150,2236
2021-01-07	14:00	37130,85	37338,72	36720	36859,85	LONG	0,00167	5981,87	0,00385	HOLD	98,2349	149,7711
2021-01-07	15:00	36863,04	37350	36300	37217,55	LONG	0,00167	5981,87	0,00385	HOLD	98,2349	150,3685
2021-01-07	16:00	37217,55	37500,99	36905	37492,69	LONG	0,00167	5981,87	0,00385	HOLD	98,2349	150,8279
2021-01-07	17:00	37492,7	37500	36920	37045,45	LONG	0,00167	5981,87	0,00385	HOLD	98,2349	150,081
2021-01-07	18:00	37045,45	37913,72	37038,97	37822,09	LONG	0,00167	5981,87	0,00385	HOLD	98,2349	151,378
2021-01-07	19:00	37825,64	38200	37518	37941,36	LONG	0,00167	5981,87	0,00385	HOLD	98,2349	151,5772
2021-01-07	20:00	37941,37	38429	37900	38161,6	LONG	0,00167	5981,87	0,00385	HOLD	98,2349	151,945
2021-01-07	21:00	38161,6	38644,76	38079,02	38453,97	LONG	0,00167	5981,87	0,00385	HOLD	98,2349	152,4333
2021-01-07	22:00	38450,51	38970,42	38062,75	38970,42	LONG	0,00167	5981,87	0,00385	HOLD	98,2349	153,2957
2021-01-07	23:00	38970,41	39500	38921,49	39120,01	LONG	0,00167	5981,87	0,00385	HOLD	98,2349	153,5456
2021-01-08	00:00	39120,01	39775	39101,36	39732,92	LONG	0,00167	5981,87	0,00385	HOLD	98,2349	154,5691
2021-01-08	01:00	39732,92	40365	36500	38948,48	LONG	0,00167	5981,87	0,00385	HOLD	98,2349	153,2591
2021-01-08	02:00	38907,58	39236,12	37493,52	39062	LONG	0,00167	5981,87	0,00385	HOLD	98,2349	153,4487
2021-01-08	03:00	39061,99	39199,33	38352,88	39109,38	LONG	0,00167	5981,87	0,00385	HOLD	98,2349	153,5278
2021-01-08	04:00	39111,34	39882,07	38908,11	39687,11	LONG	0,00167	5981,87	0,00385	HOLD	98,2349	154,4926
2021-01-08	05:00	39687,11	39969	39150	39665,92	LONG	0,00167	5981,87	0,00385	HOLD	98,2349	154,4572
2021-01-08	06:00	39666	39680,54	38541,38	39432,28	LONG	0,00167	5981,87	0,00385	HOLD	98,2349	154,067
2021-01-08	07:00	39432,48	39699,87	38793,23	38793,23	LONG	0,00167	5981,87	0,00385	HOLD	98,2349	152,9998
2021-01-08	08:00	38793,24	39000	37800	38681,37	LONG	0,00167	5981,87	0,00385	HOLD	98,2349	152,813
2021-01-08	09:00	38681,38	38692,83	36500	37181,74	LONG	0,00167	5981,87	0,00385	HOLD	98,2349	150,3086
2021-01-08	10:00	37181,74	38460,13	37068,4	38347,1	LONG	0,00167	5981,87	0,00385	HOLD	98,2349	152,2548
2021-01-08	11:00	38347,11	38949,97	38155,61	38668,92	LONG	0,00167	5981,87	0,00385	HOLD	98,2349	152,7922
2021-01-08	12:00	38668,92	38700	37895	37975,25	LONG	0,00167	5981,87	0,00385	HOLD	98,2349	151,6338
2021-01-08	13:00	37980,53	38685,13	37563,92	38537,94	LONG	0,00167	5981,87	0,00385	HOLD	98,2349	152,5735
2021-01-08	14:00	38538,99	39143,8	38280,16	38930,55	LONG	0,00167	5981,87	0,00385	HOLD	98,2349	153,2292
2021-01-08	15:00	38929,56	38985,06	38414,7	38648,95	LONG	0,00167	5981,87	0,00385	HOLD	98,2349	152,7589
2021-01-08	16:00	38648,96	39374,22	38222	39358,34	LONG	0,00167	5981,87	0,00385	HOLD	98,2349	153,9436
2021-01-08	17:00	39358,99	41057,79	39220	40721,45	LONG	0,00167	5981,87	0,00385	HOLD	98,2349	156,22
2021-01-08	18:00	40722,71	41500,45	40345,39	41286,67	LONG	0,00167	5981,87	0,00385	HOLD	98,2349	157,1639
2021-01-08	19:00	41286,67	41785,9	40857,37	41316,91	LONG	0,00167	5981,87	0,00385	HOLD	98,2349	157,2144
2021-01-08	20:00	41318,03	41641,83	40700	41311,18	LONG	0,00167	5981,87	0,00385	HOLD	98,2349	157,2048
2021-01-08	21:00	41313,24	41564,72	40970,22	41454,13	LONG	0,00167	5981,87	0,00385	HOLD	98,2349	157,4435
2021-01-08	22:00	41454,13	41950	39777	40829,08	LONG	0,00167	5981,87	0,00385	HOLD	98,2349	156,3997
2021-01-08	23:00	40829,07	41600	40359,67	41303,42	LONG	0,00167	5981,87	0,00385	HOLD	98,2349	157,1919
2021-01-09	00:00	41303,41	41556,19	40888,88	41009,07	LONG	0,00167	5981,87	0,00385	HOLD	98,2349	156,7003
2021-01-09	01:00	41009,08	41153	39800	39920,39	LONG	0,00167	5981,87	0,00385	HOLD	98,2349	154,8822
2021-01-09	02:00	39920,67	40700	39900,35	40365,09	LONG	0,00167	5981,87	0,00385	HOLD	98,2349	155,6248
2021-01-09	03:00	40365,09	40500	38888	39059,15	LONG	0,00167	5981,87	0,00385	HOLD	98,2349	153,4439
2021-01-09	04:00	39062,88	40116,37	38652	40075,82	LONG	0,00167	5981,87	0,00385	HOLD	98,2349	155,1418
2021-01-09	05:00	40075,82	40785	39740,95	40674,45	LONG	0,00167	5981,87	0,00385	HOLD	98,2349	156,1415
2021-01-09	06:00	40672,02	40937,77	40465,76	40582,81	LONG	0,00167	5981,87	0,00385	HOLD	98,2349	155,9884
2021-01-09	07:00	40586,96	40976,13	39980,27	40283,56	LONG	0,00167	5981,87	0,00385	HOLD	98,2349	155,4887
2021-01-09	08:00	40286,09	40321,92	39710	40198,56	LONG	0,00167	5981,87	0,00385	HOLD	98,2349	155,3467
2021-01-09	09:00	40196,51	40561,97	39500	39973	LONG	0,00167	5981,87	0,00385	HOLD	98,2349	154,9701
2021-01-09	10:00	39973	40376,69	39709,61	40211,59	LONG	0,00167	5981,87	0,00385	HOLD	98,2349	155,3685
2021-01-09	11:00	40209,91	40490	39805,03	40206,44	LONG	0,00167	5981,87	0,00385	HOLD	98,2349	155,3599
2021-01-09	12:00	40206,43	40206,43	39154,48	39295,37	LONG	0,00167	5981,87	0,00385	HOLD	98,2349	153,8384
2021-01-09	13:00	39293,41	39627,11	38888	38984,86	LONG	0,00167	5981,87	0,00385	HOLD	98,2349	153,3199
2021-01-09	14:00	38978,46	39692	38720	39638,61	LONG	0,00167	5981,87	0,00385	HOLD	98,2349	154,4116
2021-01-09	15:00	39639,21	40254,42	39290,86	40172,14	LONG	0,00167	5981,87	0,00385	HOLD	98,2349	155,3026
2021-01-09	16:00	40167,54	40790	40164,03	40348,35	LONG	0,00167	5981,87	0,00385	HOLD	98,2349	155,5969
2021-01-09	17:00	40348,36	40800	40105,51	40376,03	LONG	0,00167	5981,87	0,00385	HOLD	98,2349	155,6431
2021-01-09	18:00	40376,03	41237,44	40256,73	40565,77	LONG	0,00167	5981,87	0,00385	HOLD	98,2349	155,96
2021-01-09	19:00	40565,77	40912,48	40410,01	40874,99	LONG	0,00167	5981,87	0,00385	HOLD	98,2349	156,4764
2021-01-09	20:00	40874,99	41222	40679,1	41051,65	LONG	0,00167	5981,87	0,00385	HOLD	98,2349	156,7714
2021-01-09	21:00	41051,66	41380	40700	40819,01	LONG	0,00167	5981,87	0,00385	HOLD	98,2349	156,3829
2021-01-09	22:00	40819,01	40953	40200	40525,15	LONG	0,00167	5981,87	0,00385	HOLD	98,2349	155,8921
2021-01-09	23:00	40525,16	40649,96	39869	39995,1	LONG	0,00167	5981,87	0,00385	HOLD	98,2349	155,007
2021-01-10	00:00	39995,09	40586,87	39985,45	40421,4	LONG	0,00167	5981,87	0,00385	HOLD	98,2349	155,7189
2021-01-10	01:00	40421,4	40800	40417,36	40650,01	LONG	0,00167	5981,87	0,00385	HOLD	98,2349	156,1007
2021-01-10	02:00	40650	40880	40469,4	40665,91	LONG	0,00167	5981,87	0,00385	HOLD	98,2349	156,1272
2021-01-10	03:00	40665,91	40781,69	40050	40606,22	LONG	0,00167	5981,87	0,00385	HOLD	98,2349	156,0275
2021-01-10	04:00	40610,35	40755	40483,17	40718,8	LONG	0,00167	5981,87	0,00385	HOLD	98,2349	156,2155
2021-01-10	05:00	40718,81	40743,47	40120	40281,09	LONG	0,00167	5981,87	0,00385	HOLD	98,2349	155,4846
2021-01-10	06:00	40283,73	40415,01	39928,91	40088,22	LONG	0,00167	5981,87	0,00385	HOLD	98,2349	155,1625
2021-01-10	07:00	40088,22	40736,76	40087,15	40581,48	LONG	0,00167	5981,87	0,00385	HOLD	98,2349	155,9862
2021-01-10	08:00	40581,48	41350	40450,05	41141,56	LONG	0,00167	5981,87	0,00385	HOLD	98,2349	156,9215
2021-01-10	09:00	41141,55	41145,21	40814,04	40945,28	LONG	0,00167	5981,87	0,00385	HOLD	98,2349	156,5938
2021-01-10	10:00	40942,75	40991,2	40250	40316,64	LONG	0,00167	5981,87	0,00385	HOLD	98,2349	155,5439
2021-01-10	11:00	40320,67	40602,29	40050	40342,46	LONG	0,00167	5981,87	0,00385	HOLD	98,2349	155,5871
2021-01-10	12:00	40342,46	40665,23	40260	40451,84	LONG	0,00167	5981,87	0,00385	HOLD	98,2349	155,7697
2021-01-10	13:00	40451,74	41073,26	40350	40904,5	LONG	0,00167	5981,87	0,00385	HOLD	98,2349	156,5257
2021-01-10	14:00	40904,5	41066,62	40660,88	40978,57	LONG	0,00167	5981,87	0,00385	HOLD	98,2349	156,6494
2021-01-10	15:00	40978,57	41033	40555	40798,29	LONG	0,00167	5981,87	0,00385	HOLD	98,2349	156,3483
2021-01-10	16:00	40798,3	41060	40732	40768,48	LONG	0,00167	5981,87	0,00385	HOLD	98,2349	156,2985
2021-01-10	17:00	40768,3	40850	40000	40429,2	LONG	0,00167	5981,87	0,00385	HOLD	98,2349	155,7319
2021-01-10	18:00	40429,19	40429,56	38888	39181,76	LONG	0,00167	5981,87	0,00385	HOLD	98,2349	153,6487
2021-01-10	19:00	39175,09	39777,77	38450	39538,57	LONG	0,00167	5981,87	0,00385	HOLD	98,2349	154,2446
2021-01-10	20:00	39538,56	40126	39426,59	39800,9	LONG	0,00167	5981,87	0,00385	HOLD	98,2349	154,6826
2021-01-10	21:00	39800,89	39847,26	39247,54	39431,59	LONG	0,00167	5981,87	0,00385	HOLD	98,2349	154,0659
2021-01-10	22:00	39431,58	39934,76	39062,91	39671,81	LONG	0,00167	5981,87	0,00385	HOLD	98,2349	154,4671
2021-01-10	23:00	39671,82	39757,55	39186,16	39234,29	LONG	0,00167	5981,87	0,00385	HOLD	98,2349	153,7364
2021-01-11	00:00	39232,76	39388,2	37200	38571,86	LONG	0,00167	5981,87	0,00385	HOLD	98,2349	152,6301
2021-01-11	01:00	38571,95	38778	37675,3	38109,68	LONG	0,00167	5981,87	0,00385	HOLD	98,2349	151,8583
2021-01-11	02:00	38106,11	38536,65	37111	37456,77	LONG	0,00167	5981,87	0,00385	HOLD	98,2349	150,7679
2021-01-11	03:00	37472,4	37793,5	35111,11	37718,88	LONG	0,00167	5981,87	0,00385	HOLD	98,2349	151,2057
2021-01-11	04:00	37727,29	38288,17	37525,22	38055,3	LONG	0,00167	5981,87	0,00385	HOLD	98,2349	151,7675
2021-01-11	05:00	38052,58	39000	37852,09	38428,23	LONG	0,00167	5981,87	0,00385	HOLD	98,2349	152,3903
2021-01-11	06:00	38429,85	38692,79	37935,92	38150,02	LONG	0,00167	5981,87	0,00385	HOLD	98,2349	151,9257
2021-01-11	07:00	38150,02	38264,74	36501	37192,1	LONG	0,00167	5981,87	0,00385	HOLD	98,2349	150,3259
2021-01-11	08:00	37192,1	37824	36700,09	37237,66	LONG	0,00167	5981,87	0,00385	HOLD	98,2349	150,402
2021-01-11	09:00	37237,67	37411	36123,45	36363,94	LONG	0,00167	5981,87	0,00385	HOLD	98,2349	148,9429
2021-01-11	10:00	36363,93	36697,97	33600	35438,23	LONG	0,00167	5981,87	0,00385	HOLD	98,2349	147,397
2021-01-11	11:00	35438,23	35999,95	34300	35544	LONG	0,00167	5981,87	0,00385	HOLD	98,2349	147,5736
2021-01-11	12:00	35542,92	35924,19	34500,18	34904,73	LONG	0,00167	5981,87	0,00385	HOLD	98,2349	146,506
2021-01-11	13:00	34904,73	34904,73	32550	32872,63	LONG	0,00167	5981,87	0,00385	HOLD	98,2349	143,1124
2021-01-11	14:00	32843,26	34739,98	32538	34375,34	LONG	0,00167	5981,87	0,00385	HOLD	98,2349	145,622
2021-01-11	15:00	34372,25	35919,86	34101,01	35430	LONG	0,00167	5981,87	0,00385	HOLD	98,2349	147,3832
2021-01-11	16:00	35430	35788,06	34800	35765,98	LONG	0,00167	5981,87	0,00385	HOLD	98,2349	147,9443
2021-01-11	17:00	35765,98	36360	35238,01	35367,6	LONG	0,00167	5981,87	0,00385	HOLD	98,2349	147,279
2021-01-11	18:00	35368,81	35471	34020	34198,56	LONG	0,00167	5981,87	0,00385	HOLD	98,2349	145,3267
2021-01-11	19:00	34198,55	35110	33308,01	34275,64	LONG	0,00167	5981,87	0,00385	HOLD	98,2349	145,4555
2021-01-11	20:00	34273,49	34450	32700	32813,71	LONG	0,00167	5981,87	0,00385	HOLD	98,2349	143,014
2021-01-11	21:00	32808,92	33770,11	31115	33299,12	LONG	0,00167	5981,87	0,00385	HOLD	98,2349	143,8247
2021-01-11	22:00	33291,56	33679,74	31415,9	31580	LONG	0,00167	5981,87	0,00385	HOLD	98,2349	140,9537
2021-01-11	23:00	31582,82	32250	30420	31777,19	LONG	0,00167	5981,87	0,00385	HOLD	98,2349	141,283
2021-01-12	00:00	31771,77	33585,17	30701,8	32839,87	LONG	0,00167	5981,87	0,00385	HOLD	98,2349	143,0577
2021-01-12	01:00	32848,96	33300	32432,32	32562,1	LONG	0,00167	5981,87	0,00385	HOLD	98,2349	142,5938
2021-01-12	02:00	32562,1	32737,4	31215	32254,62	LONG	0,00167	5981,87	0,00385	HOLD	98,2349	142,0804
2021-01-12	03:00	32254,63	33465,48	31408,07	33409,8	LONG	0,00167	5981,87	0,00385	HOLD	98,2349	144,0095
2021-01-12	04:00	33410,75	34466	33076,05	33968,09	LONG	0,00167	5981,87	0,00385	HOLD	98,2349	144,9419
2021-01-12	05:00	33962,22	34892,74	33650	34359,07	LONG	0,00167	5981,87	0,00385	HOLD	98,2349	145,5948
2021-01-12	06:00	34361,16	35638,55	34361,16	35404,47	LONG	0,00167	5981,87	0,00385	HOLD	98,2349	147,3406
2021-01-12	07:00	35410,37	35547,19	34287,34	34929,98	LONG	0,00167	5981,87	0,00385	HOLD	98,2349	146,5482
2021-01-12	08:00	34929,99	35457	33880	34289,3	LONG	0,00167	5981,87	0,00385	HOLD	98,2349	145,4783
2021-01-12	09:00	34289,3	34623,87	33677,03	34399,99	LONG	0,00167	5981,87	0,00385	HOLD	98,2349	145,6631
2021-01-12	10:00	34400	34998,94	34182,24	34984,96	LONG	0,00167	5981,87	0,00385	HOLD	98,2349	146,64
2021-01-12	11:00	34984,95	35326,42	34520,69	35287,67	LONG	0,00167	5981,87	0,00385	HOLD	98,2349	147,1456
2021-01-12	12:00	35284,05	35889	34971,24	35882,68	LONG	0,00167	5981,87	0,00385	HOLD	98,2349	148,1392
2021-01-12	13:00	35882,68	36348	35720,43	35993,93	LONG	0,00167	5981,87	0,00385	HOLD	98,2349	148,325
2021-01-12	14:00	35998,56	36628	35617,67	36413,6	LONG	0,00167	5981,87	0,00385	HOLD	98,2349	149,0259
2021-01-12	15:00	36413,6	36499,98	35587,86	35773,24	LONG	0,00167	5981,87	0,00385	HOLD	98,2349	147,9565
2021-01-12	16:00	35773,23	36150,67	35370,21	35925,76	LONG	0,00167	5981,87	0,00385	HOLD	98,2349	148,2112
2021-01-12	17:00	35925,76	36150,71	34757	35085,77	LONG	0,00167	5981,87	0,00385	HOLD	98,2349	146,8084
2021-01-12	18:00	35085,76	35841,01	35084,92	35410,99	LONG	0,00167	5981,87	0,00385	HOLD	98,2349	147,3515
2021-01-12	19:00	35410,99	35688,82	34850	35014,75	LONG	0,00167	5981,87	0,00385	HOLD	98,2349	146,6898
2021-01-12	20:00	35012,96	35399,7	33250	33291,06	LONG	0,00167	5981,87	0,00385	HOLD	98,2349	143,8112
2021-01-12	21:00	33286	34064,25	32531	33426,47	LONG	0,00167	5981,87	0,00385	HOLD	98,2349	144,0373
2021-01-12	22:00	33416,47	34285,71	33406,88	33829,4	LONG	0,00167	5981,87	0,00385	HOLD	98,2349	144,7102
2021-01-12	23:00	33829,4	35000	33819,11	34998,9	LONG	0,00167	5981,87	0,00385	HOLD	98,2349	146,6633
2021-01-13	00:00	34998,91	35289,67	34560	35012,53	LONG	0,00167	5981,87	0,00385	HOLD	98,2349	146,6861
2021-01-13	01:00	35012,54	35550	34810,01	35040,78	LONG	0,00167	5981,87	0,00385	HOLD	98,2349	146,7332
2021-01-13	02:00	35040,78	35040,79	34178,89	34685,11	LONG	0,00167	5981,87	0,00385	HOLD	98,2349	146,1393
2021-01-13	03:00	34686,1	34702,22	33730	34287,95	LONG	0,00167	5981,87	0,00385	HOLD	98,2349	145,476
2021-01-13	04:00	34287,95	34877,28	33801,04	34719,03	LONG	0,00167	5981,87	0,00385	HOLD	98,2349	146,1959
2021-01-13	05:00	34721,74	35051,02	33297,82	33743,18	LONG	0,00167	5981,87	0,00385	HOLD	98,2349	144,5663
2021-01-13	06:00	33751,7	34138,84	33260,74	34051,24	LONG	0,00167	5981,87	0,00385	HOLD	98,2349	145,0807
2021-01-13	07:00	34049,15	34049,15	32380	32526,5	LONG	0,00167	5981,87	0,00385	HOLD	98,2349	142,5344
2021-01-13	08:00	32526,93	33450	32487,11	33124,06	LONG	0,00167	5981,87	0,00385	HOLD	98,2349	143,5323
2021-01-13	09:00	33125,3	33551,55	32566,55	33035,21	LONG	0,00167	5981,87	0,00385	HOLD	98,2349	143,3839
2021-01-13	10:00	33035,21	34375,51	32981,94	33818,5	LONG	0,00167	5981,87	0,00385	HOLD	98,2349	144,692
2021-01-13	11:00	33818,5	33910	33090,9	33183,88	LONG	0,00167	5981,87	0,00385	HOLD	98,2349	143,6322
2021-01-13	12:00	33183,89	33521,96	32800	33321,75	LONG	0,00167	5981,87	0,00385	HOLD	98,2349	143,8625
2021-01-13	13:00	33321,76	34212,87	33212,12	33780,68	LONG	0,00167	5981,87	0,00385	HOLD	98,2349	144,6289
2021-01-13	14:00	33780,68	35180,67	33550	34986,9	LONG	0,00167	5981,87	0,00385	HOLD	98,2349	146,6433
2021-01-13	15:00	34986,9	35063,59	34438,95	34519,19	LONG	0,00167	5981,87	0,00385	HOLD	98,2349	145,8622
2021-01-13	16:00	34517,44	35107,47	34200	34343,62	LONG	0,00167	5981,87	0,00385	HOLD	98,2349	145,569
2021-01-13	17:00	34343,62	35066,64	34343,61	34923	LONG	0,00167	5981,87	0,00385	HOLD	98,2349	146,5366
2021-01-13	18:00	34922,99	35250	34242,15	34385,48	LONG	0,00167	5981,87	0,00385	HOLD	98,2349	145,6389
2021-01-13	19:00	34385,48	34512	34017	34266,52	LONG	0,00167	5981,87	0,00385	HOLD	98,2349	145,4402
2021-01-13	20:00	34266,52	34787,24	34070	34575,5	LONG	0,00167	5981,87	0,00385	HOLD	98,2349	145,9562
2021-01-13	21:00	34575,51	35100	34216	34260,7	LONG	0,00167	5981,87	0,00385	HOLD	98,2349	145,4305
2021-01-13	22:00	34260,7	34850	34200	34673,9	LONG	0,00167	5981,87	0,00385	HOLD	98,2349	146,1206
2021-01-13	23:00	34673,9	34930	34388,53	34783,14	LONG	0,00167	5981,87	0,00385	HOLD	98,2349	146,303
2021-01-14	00:00	34784,98	35000	34652,06	34821,48	LONG	0,00167	5981,87	0,00385	HOLD	98,2349	146,367
2021-01-14	01:00	34821,47	35901	34720	35719,36	LONG	0,00167	5981,87	0,00385	HOLD	98,2349	147,8665
2021-01-14	02:00	35719,36	36188	35577,55	36002,25	LONG	0,00167	5981,87	0,00385	HOLD	98,2349	148,3389
2021-01-14	03:00	36002,24	36450,01	35704,21	36222,07	LONG	0,00167	5981,87	0,00385	HOLD	98,2349	148,706
2021-01-14	04:00	36222,07	37427	36110,76	37299,49	LONG	0,00167	5981,87	0,00385	HOLD	98,2349	150,5053
2021-01-14	05:00	37291,25	37850	36827,02	37203,87	LONG	0,00167	5981,87	0,00385	HOLD	98,2349	150,3456
2021-01-14	06:00	37204,09	37584,73	37000	37371,38	LONG	0,00167	5981,87	0,00385	HOLD	98,2349	150,6253
2021-01-14	07:00	37371,38	38172,22	37362,49	37762,76	LONG	0,00167	5981,87	0,00385	HOLD	98,2349	151,279
2021-01-14	08:00	37766	37786,62	37363	37451,13	LONG	0,00167	5981,87	0,00385	HOLD	98,2349	150,7585
2021-01-14	09:00	37451,13	37729,62	37071	37439,51	LONG	0,00167	5981,87	0,00385	HOLD	98,2349	150,7391
2021-01-14	10:00	37440,92	37505	37000	37045,13	LONG	0,00167	5981,87	0,00385	HOLD	98,2349	150,0805
2021-01-14	11:00	37045,13	37513,58	36701,23	37504	LONG	0,00167	5981,87	0,00385	HOLD	98,2349	150,8468
2021-01-14	12:00	37503,99	37800	37299,74	37529,11	LONG	0,00167	5981,87	0,00385	HOLD	98,2349	150,8888
2021-01-14	13:00	37529,11	38100	37440	37837,21	LONG	0,00167	5981,87	0,00385	HOLD	98,2349	151,4033
2021-01-14	14:00	37837,2	38596,92	37703,09	38198,34	LONG	0,00167	5981,87	0,00385	HOLD	98,2349	152,0064
2021-01-14	15:00	38199,52	38786,1	38192,64	38370,01	LONG	0,00167	5981,87	0,00385	HOLD	98,2349	152,2931
2021-01-14	16:00	38370,01	38464,13	37862,04	37938,11	LONG	0,00167	5981,87	0,00385	HOLD	98,2349	151,5718
2021-01-14	17:00	37938,1	38490,49	37869,1	38487,37	LONG	0,00167	5981,87	0,00385	HOLD	98,2349	152,4891
2021-01-14	18:00	38488,05	38622,6	38060	38365,86	LONG	0,00167	5981,87	0,00385	HOLD	98,2349	152,2861
2021-01-14	19:00	38365,86	38427,11	37707	38257,96	LONG	0,00167	5981,87	0,00385	HOLD	98,2349	152,1059
2021-01-14	20:00	38257,97	39000	38154,22	38977,66	LONG	0,00167	5981,87	0,00385	HOLD	98,2349	153,3078
2021-01-14	21:00	38977,98	39762,7	38788,19	39577,53	LONG	0,00167	5981,87	0,00385	HOLD	98,2349	154,3096
2021-01-14	22:00	39577,53	40100	39294,7	39546,01	LONG	0,00167	5981,87	0,00385	HOLD	98,2349	154,257
2021-01-14	23:00	39546,01	40000	39212,15	39286,44	LONG	0,00167	5981,87	0,00385	HOLD	98,2349	153,8235
2021-01-15	00:00	39286,43	39880	39286,43	39429,81	LONG	0,00167	5981,87	0,00385	HOLD	98,2349	154,0629
2021-01-15	01:00	39429,25	39620	39258,1	39344,79	LONG	0,00167	5981,87	0,00385	HOLD	98,2349	153,9209
2021-01-15	02:00	39344,8	39919,11	39329,93	39876,98	LONG	0,00167	5981,87	0,00385	HOLD	98,2349	154,8097
2021-01-15	03:00	39876,97	39935,1	39312,85	39312,86	LONG	0,00167	5981,87	0,00385	HOLD	98,2349	153,8676
2021-01-15	04:00	39321,64	39585	38259,25	38780,47	LONG	0,00167	5981,87	0,00385	HOLD	98,2349	152,9785
2021-01-15	05:00	38782,41	39135,17	38276	38988,62	LONG	0,00167	5981,87	0,00385	HOLD	98,2349	153,3261
2021-01-15	06:00	38988,61	39330,92	38733,11	39144,5	LONG	0,00167	5981,87	0,00385	HOLD	98,2349	153,5865
2021-01-15	07:00	39145,21	39747,76	39023,24	39452,89	LONG	0,00167	5981,87	0,00385	HOLD	98,2349	154,1015
2021-01-15	08:00	39452,89	39640	39012,12	39175,74	LONG	0,00167	5981,87	0,00385	HOLD	98,2349	153,6386
2021-01-15	09:00	39175,73	39479,65	38800	39267,76	LONG	0,00167	5981,87	0,00385	HOLD	98,2349	153,7923
2021-01-15	10:00	39267,76	39349,58	38450	38700	LONG	0,00167	5981,87	0,00385	HOLD	98,2349	152,8441
2021-01-15	11:00	38700	38853,09	38355	38425,83	LONG	0,00167	5981,87	0,00385	HOLD	98,2349	152,3863
2021-01-15	12:00	38425,82	38849,99	37808	37808,9	LONG	0,00167	5981,87	0,00385	HOLD	98,2349	151,356
2021-01-15	13:00	37808,9	38098	37554,94	38043,27	LONG	0,00167	5981,87	0,00385	HOLD	98,2349	151,7474
2021-01-15	14:00	38044,94	38483,82	37704,8	38473,08	LONG	0,00167	5981,87	0,00385	HOLD	98,2349	152,4652
2021-01-15	15:00	38473,07	38700	38153,17	38280,2	LONG	0,00167	5981,87	0,00385	HOLD	98,2349	152,1431
2021-01-15	16:00	38280,2	38718,02	38016,17	38679,36	LONG	0,00167	5981,87	0,00385	HOLD	98,2349	152,8097
2021-01-15	17:00	38677,24	38780	38314,2	38441,89	LONG	0,00167	5981,87	0,00385	HOLD	98,2349	152,4131
2021-01-15	18:00	38441,89	38573,84	37923	38108,88	LONG	0,00167	5981,87	0,00385	HOLD	98,2349	151,857
2021-01-15	19:00	38108,87	38194,04	37200	37770,63	LONG	0,00167	5981,87	0,00385	HOLD	98,2349	151,2921
2021-01-15	20:00	37770,64	37888,88	37251,11	37683,94	LONG	0,00167	5981,87	0,00385	HOLD	98,2349	151,1473
2021-01-15	21:00	37683,93	37786,74	36641	36939,49	LONG	0,00167	5981,87	0,00385	HOLD	98,2349	149,9041
2021-01-15	22:00	36940,11	36999	35258	35610,72	LONG	0,00167	5981,87	0,00385	HOLD	98,2349	147,685
2021-01-15	23:00	35610,79	36400	34408	36151,09	LONG	0,00167	5981,87	0,00385	HOLD	98,2349	148,5875
2021-01-16	00:00	36149,47	36154,75	35350	35947,31	LONG	0,00167	5981,87	0,00385	HOLD	98,2349	148,2471
2021-01-16	01:00	35947,31	36433,51	34812,23	35421,55	LONG	0,00167	5981,87	0,00385	HOLD	98,2349	147,3691
2021-01-16	02:00	35421,56	35928,69	35080,05	35217,26	LONG	0,00167	5981,87	0,00385	HOLD	98,2349	147,028
2021-01-16	03:00	35218,94	35746,24	34801,15	35605,7	LONG	0,00167	5981,87	0,00385	HOLD	98,2349	147,6767
2021-01-16	04:00	35605,7	36431,75	35554,13	36234,05	LONG	0,00167	5981,87	0,00385	HOLD	98,2349	148,726
2021-01-16	05:00	36233,76	36888	35950,63	36600	LONG	0,00167	5981,87	0,00385	HOLD	98,2349	149,3371
2021-01-16	06:00	36600	36888	36401,22	36742,22	LONG	0,00167	5981,87	0,00385	HOLD	98,2349	149,5746
2021-01-16	07:00	36737,43	37428,05	36724,17	37159,51	LONG	0,00167	5981,87	0,00385	HOLD	98,2349	150,2715
2021-01-16	08:00	37159,51	37669	36902,38	37005,86	LONG	0,00167	5981,87	0,00385	HOLD	98,2349	150,0149
2021-01-16	09:00	37003,76	37227,16	36000	36224,51	LONG	0,00167	5981,87	0,00385	HOLD	98,2349	148,7101
2021-01-16	10:00	36224,51	36738,43	35852,93	36532,92	LONG	0,00167	5981,87	0,00385	HOLD	98,2349	149,2251
2021-01-16	11:00	36532,92	36700	36127,16	36574,54	LONG	0,00167	5981,87	0,00385	HOLD	98,2349	149,2946
2021-01-16	12:00	36575,37	36646,43	35520	35854,37	LONG	0,00167	5981,87	0,00385	HOLD	98,2349	148,0919
2021-01-16	13:00	35854,37	36377,54	35823,8	36112,42	LONG	0,00167	5981,87	0,00385	HOLD	98,2349	148,5229
2021-01-16	14:00	36110,57	36959,61	36076,5	36574,86	LONG	0,00167	5981,87	0,00385	HOLD	98,2349	149,2952
2021-01-16	15:00	36565,74	37500	36375,88	37464,3	LONG	0,00167	5981,87	0,00385	HOLD	98,2349	150,7805
2021-01-16	16:00	37462,57	37666,66	37200	37448,77	LONG	0,00167	5981,87	0,00385	HOLD	98,2349	150,7546
2021-01-16	17:00	37448,78	37950	37300	37410,66	LONG	0,00167	5981,87	0,00385	HOLD	98,2349	150,6909
2021-01-16	18:00	37410,67	37838,23	37179,41	37680	LONG	0,00167	5981,87	0,00385	HOLD	98,2349	151,1407
2021-01-16	19:00	37680	37886	36712	37357,15	LONG	0,00167	5981,87	0,00385	HOLD	98,2349	150,6016
2021-01-16	20:00	37357,15	37681,99	37058,76	37143,51	LONG	0,00167	5981,87	0,00385	HOLD	98,2349	150,2448
2021-01-16	21:00	37148,15	37356,26	36671,2	37232,19	LONG	0,00167	5981,87	0,00385	HOLD	98,2349	150,3929
2021-01-16	22:00	37232,19	37680	36983,05	37461,99	LONG	0,00167	5981,87	0,00385	HOLD	98,2349	150,7767
2021-01-16	23:00	37463,46	37713,94	36921	37231,41	LONG	0,00167	5981,87	0,00385	HOLD	98,2349	150,3916
2021-01-17	00:00	37231,42	37299,99	36800	36860,97	LONG	0,00167	5981,87	0,00385	HOLD	98,2349	149,773
2021-01-17	01:00	36859,24	37165,9	36400	36484,95	LONG	0,00167	5981,87	0,00385	HOLD	98,2349	149,145
2021-01-17	02:00	36484,95	36621,3	36200	36376,39	LONG	0,00167	5981,87	0,00385	HOLD	98,2349	148,9637
2021-01-17	03:00	36376,39	36800	36235,6	36711,16	LONG	0,00167	5981,87	0,00385	HOLD	98,2349	149,5228
2021-01-17	04:00	36713,85	36717	35684,82	35924,44	LONG	0,00167	5981,87	0,00385	HOLD	98,2349	148,209
2021-01-17	05:00	35910,07	36194,53	35357,8	36121,12	LONG	0,00167	5981,87	0,00385	HOLD	98,2349	148,5374
2021-01-17	06:00	36127,2	36480	35900	35994,98	LONG	0,00167	5981,87	0,00385	HOLD	98,2349	148,3268
2021-01-17	07:00	35994,98	36472,72	35520	36396,42	LONG	0,00167	5981,87	0,00385	HOLD	98,2349	148,9972
2021-01-17	08:00	36396,42	36727,26	36176,66	36715,63	LONG	0,00167	5981,87	0,00385	HOLD	98,2349	149,5302
2021-01-17	09:00	36715,63	36744,05	36235	36419,68	LONG	0,00167	5981,87	0,00385	HOLD	98,2349	149,036
2021-01-17	10:00	36419,68	36541,88	35978	36177	LONG	0,00167	5981,87	0,00385	HOLD	98,2349	148,6307
2021-01-17	11:00	36177	36382,38	35822,62	35847,46	LONG	0,00167	5981,87	0,00385	HOLD	98,2349	148,0804
2021-01-17	12:00	35848,25	36009,42	35475,14	35547,13	LONG	0,00167	5981,87	0,00385	HOLD	98,2349	147,5788
2021-01-17	13:00	35547,12	35733,23	35034,96	35390,8	LONG	0,00167	5981,87	0,00385	HOLD	98,2349	147,3178
2021-01-17	14:00	35390,8	35530	34518,04	34760,9	LONG	0,00167	5981,87	0,00385	HOLD	98,2349	146,2658
2021-01-17	15:00	34760,91	34834,41	34300	34732,83	LONG	0,00167	5981,87	0,00385	HOLD	98,2349	146,219
2021-01-17	16:00	34732,08	35188	34000	34176,77	LONG	0,00167	5981,87	0,00385	HOLD	98,2349	145,2903
2021-01-17	17:00	34176,78	35147,84	33850	34818	LONG	0,00167	5981,87	0,00385	HOLD	98,2349	146,3612
2021-01-17	18:00	34816,26	35400	34727,85	35267,17	LONG	0,00167	5981,87	0,00385	HOLD	98,2349	147,1113
2021-01-17	19:00	35270	35545,34	34695,46	35124,69	LONG	0,00167	5981,87	0,00385	HOLD	98,2349	146,8734
2021-01-17	20:00	35124,07	35500	34786,76	34841,83	LONG	0,00167	5981,87	0,00385	HOLD	98,2349	146,401
2021-01-17	21:00	34841,82	35243,64	34666	34750,02	LONG	0,00167	5981,87	0,00385	HOLD	98,2349	146,2477
2021-01-17	22:00	34750,02	35973,89	34750,01	35728,47	LONG	0,00167	5981,87	0,00385	HOLD	98,2349	147,8817
2021-01-17	23:00	35728,47	36166,47	35589,35	35910,07	LONG	0,00167	5981,87	0,00385	HOLD	98,2349	148,185
2021-01-18	00:00	35914,98	36123,14	35603,01	35837,22	LONG	0,00167	5981,87	0,00385	HOLD	98,2349	148,0633
2021-01-18	01:00	35837,22	35920,63	35625,4	35678,67	LONG	0,00167	5981,87	0,00385	HOLD	98,2349	147,7985
2021-01-18	02:00	35676,58	36000	35514,99	35633,91	LONG	0,00167	5981,87	0,00385	HOLD	98,2349	147,7238
2021-01-18	03:00	35633,9	36099	35559,84	36072,99	LONG	0,00167	5981,87	0,00385	HOLD	98,2349	148,457
2021-01-18	04:00	36073,88	36852,5	36073,87	36542,96	LONG	0,00167	5981,87	0,00385	HOLD	98,2349	149,2419
2021-01-18	05:00	36542,97	36700	36000,39	36181,16	LONG	0,00167	5981,87	0,00385	HOLD	98,2349	148,6377
2021-01-18	06:00	36181,16	36417,51	35506	35828,61	LONG	0,00167	5981,87	0,00385	HOLD	98,2349	148,0489
2021-01-18	07:00	35824,99	36016,7	35551,81	35964,2	LONG	0,00167	5981,87	0,00385	HOLD	98,2349	148,2754
2021-01-18	08:00	35964,19	36180	35605,22	36125,44	LONG	0,00167	5981,87	0,00385	HOLD	98,2349	148,5446
2021-01-18	09:00	36125,43	36208	35681,96	35764,66	LONG	0,00167	5981,87	0,00385	HOLD	98,2349	147,9421
2021-01-18	10:00	35764,6	35847,18	34842,99	35106,25	LONG	0,00167	5981,87	0,00385	HOLD	98,2349	146,8426
2021-01-18	11:00	35108,27	35313,9	34908,8	35132,11	LONG	0,00167	5981,87	0,00385	HOLD	98,2349	146,8858
2021-01-18	12:00	35132,11	35477,06	34800	35344,5	LONG	0,00167	5981,87	0,00385	HOLD	98,2349	147,2405
2021-01-18	13:00	35344,5	35464,04	35072,69	35195,45	LONG	0,00167	5981,87	0,00385	HOLD	98,2349	146,9915
2021-01-18	14:00	35195,44	36278,68	35160,3	36104,61	LONG	0,00167	5981,87	0,00385	HOLD	98,2349	148,5098
2021-01-18	15:00	36100,55	36450	36073,13	36233,19	LONG	0,00167	5981,87	0,00385	HOLD	98,2349	148,7246
2021-01-18	16:00	36233,19	36650	36204,15	36574,61	LONG	0,00167	5981,87	0,00385	HOLD	98,2349	149,2947
2021-01-18	17:00	36574,63	36633,5	36123,53	36216,63	LONG	0,00167	5981,87	0,00385	HOLD	98,2349	148,6969
2021-01-18	18:00	36216,63	36537	35771,6	36442,08	LONG	0,00167	5981,87	0,00385	HOLD	98,2349	149,0734
2021-01-18	19:00	36443,91	37469,83	36385	36981,4	LONG	0,00167	5981,87	0,00385	HOLD	98,2349	149,9741
2021-01-18	20:00	36981,4	37050	36705	36766,78	LONG	0,00167	5981,87	0,00385	HOLD	98,2349	149,6157
2021-01-18	21:00	36764,94	36985	36047,89	36449,71	LONG	0,00167	5981,87	0,00385	HOLD	98,2349	149,0862
2021-01-18	22:00	36449,71	36600,78	36122	36405,98	LONG	0,00167	5981,87	0,00385	HOLD	98,2349	149,0131
2021-01-18	23:00	36405,99	36565	35831,88	36184,31	LONG	0,00167	5981,87	0,00385	HOLD	98,2349	148,6429
2021-01-19	00:00	36184,31	36300	35400	35675,28	LONG	0,00167	5981,87	0,00385	HOLD	98,2349	147,7929
2021-01-19	01:00	35675,29	35889,99	35532,32	35755,62	LONG	0,00167	5981,87	0,00385	HOLD	98,2349	147,927
2021-01-19	02:00	35755,62	36065	35695,7	35956,14	LONG	0,00167	5981,87	0,00385	HOLD	98,2349	148,2619
2021-01-19	03:00	35951,83	36400	35755,01	36102,79	LONG	0,00167	5981,87	0,00385	HOLD	98,2349	148,5068
2021-01-19	04:00	36102,79	36296,9	35960	36198,01	LONG	0,00167	5981,87	0,00385	HOLD	98,2349	148,6658
2021-01-19	05:00	36198,01	36529	36154,65	36470,06	LONG	0,00167	5981,87	0,00385	HOLD	98,2349	149,1201
2021-01-19	06:00	36472,46	36777,77	36271,18	36631,27	LONG	0,00167	5981,87	0,00385	HOLD	98,2349	149,3894
2021-01-19	07:00	36622,46	36916,66	36364,43	36676,89	LONG	0,00167	5981,87	0,00385	HOLD	98,2349	149,4655
2021-01-19	08:00	36676,89	37280	36644,7	36922,44	LONG	0,00167	5981,87	0,00385	HOLD	98,2349	149,8756
2021-01-19	09:00	36922,44	37014,19	36579,94	36804,11	LONG	0,00167	5981,87	0,00385	HOLD	98,2349	149,678
2021-01-19	10:00	36804,1	36846,06	36416,52	36465,3	LONG	0,00167	5981,87	0,00385	HOLD	98,2349	149,1122
2021-01-19	11:00	36468,31	36648,92	36233	36284,71	LONG	0,00167	5981,87	0,00385	HOLD	98,2349	148,8106
2021-01-19	12:00	36284,71	36538,46	36018,09	36251,18	LONG	0,00167	5981,87	0,00385	HOLD	98,2349	148,7546
2021-01-19	13:00	36249,37	36753,31	36002,01	36599,55	LONG	0,00167	5981,87	0,00385	HOLD	98,2349	149,3364
2021-01-19	14:00	36599,55	37233,87	36470,62	37168,82	LONG	0,00167	5981,87	0,00385	HOLD	98,2349	150,2871
2021-01-19	15:00	37167,92	37535,27	36897,07	37197,72	LONG	0,00167	5981,87	0,00385	HOLD	98,2349	150,3353
2021-01-19	16:00	37197,71	37448,41	37000,08	37040,04	LONG	0,00167	5981,87	0,00385	HOLD	98,2349	150,072
2021-01-19	17:00	37040,05	37299,51	36750	37110,6	LONG	0,00167	5981,87	0,00385	HOLD	98,2349	150,1898
2021-01-19	18:00	37110,6	37269	36811,83	37266,49	LONG	0,00167	5981,87	0,00385	HOLD	98,2349	150,4502
2021-01-19	19:00	37263,73	37449	36610	36782,17	LONG	0,00167	5981,87	0,00385	HOLD	98,2349	149,6414
2021-01-19	20:00	36782,16	37146,87	36782,16	37082,52	LONG	0,00167	5981,87	0,00385	HOLD	98,2349	150,143
2021-01-19	21:00	37082,52	37263,49	36913,62	36992,33	LONG	0,00167	5981,87	0,00385	HOLD	98,2349	149,9923
2021-01-19	22:00	36992,32	37350	36776,5	37329,4	LONG	0,00167	5981,87	0,00385	HOLD	98,2349	150,5552
2021-01-19	23:00	37329,4	37850	37203,97	37366,1	LONG	0,00167	5981,87	0,00385	HOLD	98,2349	150,6165
2021-01-20	00:00	37366,09	37522,8	37015	37162,4	LONG	0,00167	5981,87	0,00385	HOLD	98,2349	150,2764
2021-01-20	01:00	37162,4	37162,4	36500	36500	LONG	0,00167	5981,87	0,00385	HOLD	98,2349	149,1701
2021-01-20	02:00	36500	36800	36052,04	36279,82	LONG	0,00167	5981,87	0,00385	HOLD	98,2349	148,8024
2021-01-20	03:00	36281,66	36596,17	36100	36436,26	LONG	0,00167	5981,87	0,00385	HOLD	98,2349	149,0637
2021-01-20	04:00	36436,26	36777,88	36381,91	36452,22	LONG	0,00167	5981,87	0,00385	HOLD	98,2349	149,0903
2021-01-20	05:00	36452,22	36769,23	36325,63	36632,82	LONG	0,00167	5981,87	0,00385	HOLD	98,2349	149,392
2021-01-20	06:00	36632,82	36722,71	35844,06	35891,49	LONG	0,00167	5981,87	0,00385	HOLD	98,2349	148,1539
2021-01-20	07:00	35901,94	36350	35610,17	36314,04	LONG	0,00167	5981,87	0,00385	HOLD	98,2349	148,8596
2021-01-20	08:00	36313,94	36415,31	36000	36105,27	LONG	0,00167	5981,87	0,00385	HOLD	98,2349	148,5109
2021-01-20	09:00	36105,27	36125,86	35708,08	36080,9	LONG	0,00167	5981,87	0,00385	HOLD	98,2349	148,4702
2021-01-20	10:00	36080,9	36100	35000	35062,49	LONG	0,00167	5981,87	0,00385	HOLD	98,2349	146,7695
2021-01-20	11:00	35062,49	35440	34737	35251,36	LONG	0,00167	5981,87	0,00385	HOLD	98,2349	147,0849
2021-01-20	12:00	35252,03	35500,01	35192,87	35477,18	LONG	0,00167	5981,87	0,00385	HOLD	98,2349	147,462
2021-01-20	13:00	35477,18	35909,95	35133,68	35262,93	LONG	0,00167	5981,87	0,00385	HOLD	98,2349	147,1042
2021-01-20	14:00	35262,92	35884,79	35200	35677,14	LONG	0,00167	5981,87	0,00385	HOLD	98,2349	147,796
2021-01-20	15:00	35672,86	35939,12	35350,46	35475,45	LONG	0,00167	5981,87	0,00385	HOLD	98,2349	147,4591
2021-01-20	16:00	35475,46	35566,8	34500	34801,83	LONG	0,00167	5981,87	0,00385	HOLD	98,2349	146,3342
2021-01-20	17:00	34801,46	34979,59	34345,11	34721,51	LONG	0,00167	5981,87	0,00385	HOLD	98,2349	146,2001
2021-01-20	18:00	34721,5	34867,99	34000	34426,17	LONG	0,00167	5981,87	0,00385	HOLD	98,2349	145,7068
2021-01-20	19:00	34426,17	34797,73	34020	34717,66	LONG	0,00167	5981,87	0,00385	HOLD	98,2349	146,1936
2021-01-20	20:00	34717,66	34983,77	34210	34958,56	LONG	0,00167	5981,87	0,00385	HOLD	98,2349	146,5959
2021-01-20	21:00	34958,56	35142,18	34800,14	34873,96	LONG	0,00167	5981,87	0,00385	HOLD	98,2349	146,4547
2021-01-20	22:00	34875,87	35049,96	34067,16	34192,17	LONG	0,00167	5981,87	0,00385	HOLD	98,2349	145,3161
2021-01-20	23:00	34193,11	34733	33400	34693,65	LONG	0,00167	5981,87	0,00385	HOLD	98,2349	146,1535
2021-01-21	00:00	34694,65	35100,01	34558,25	34849,99	LONG	0,00167	5981,87	0,00385	HOLD	98,2349	146,4146
2021-01-21	01:00	34843,52	35266,72	34765,24	35250,61	LONG	0,00167	5981,87	0,00385	HOLD	98,2349	147,0837
2021-01-21	02:00	35250,39	35311	34851,23	35197,12	LONG	0,00167	5981,87	0,00385	HOLD	98,2349	146,9943
2021-01-21	03:00	35197,12	35318,39	34734,97	34957,15	LONG	0,00167	5981,87	0,00385	HOLD	98,2349	146,5936
2021-01-21	04:00	34957,15	35110,82	34482,75	34892,89	LONG	0,00167	5981,87	0,00385	HOLD	98,2349	146,4863
2021-01-21	05:00	34892,9	35100	34748,09	34954,86	LONG	0,00167	5981,87	0,00385	HOLD	98,2349	146,5898
2021-01-21	06:00	34955,94	35670	34798,39	35468,23	LONG	0,00167	5981,87	0,00385	HOLD	98,2349	147,4471
2021-01-21	07:00	35468,23	35600	35077,35	35293,21	LONG	0,00167	5981,87	0,00385	HOLD	98,2349	147,1548
2021-01-21	08:00	35293,21	35384,2	34622,5	34784,69	LONG	0,00167	5981,87	0,00385	HOLD	98,2349	146,3056
2021-01-21	09:00	34784,69	34831,42	34364,75	34560,12	LONG	0,00167	5981,87	0,00385	HOLD	98,2349	145,9305
2021-01-21	10:00	34560,11	34821,6	34230,76	34571,09	LONG	0,00167	5981,87	0,00385	HOLD	98,2349	145,9489
2021-01-21	11:00	34572,42	34923,07	34160,05	34246,48	LONG	0,00167	5981,87	0,00385	HOLD	98,2349	145,4068
2021-01-21	12:00	34247,92	34619,66	33971,41	34562,7	LONG	0,00167	5981,87	0,00385	HOLD	98,2349	145,9349
2021-01-21	13:00	34562,69	34805,16	34500,36	34661,83	LONG	0,00167	5981,87	0,00385	HOLD	98,2349	146,1004
2021-01-21	14:00	34661,83	35019,01	34550	34624,27	LONG	0,00167	5981,87	0,00385	HOLD	98,2349	146,0377
2021-01-21	15:00	34624,27	34681,73	33195	33239	LONG	0,00167	5981,87	0,00385	HOLD	98,2349	143,7243
2021-01-21	16:00	33237,74	33500	32540	32878,33	LONG	0,00167	5981,87	0,00385	HOLD	98,2349	143,122
2021-01-21	17:00	32880,08	33067,87	32009,68	32826,62	LONG	0,00167	5981,87	0,00385	HOLD	98,2349	143,0356
2021-01-21	18:00	32826,63	33000	32153,16	32208,62	LONG	0,00167	5981,87	0,00385	HOLD	98,2349	142,0035
2021-01-21	19:00	32206,89	32693,16	31300	32475,34	LONG	0,00167	5981,87	0,00385	HOLD	98,2349	142,449
2021-01-21	20:00	32474,48	32784,31	32200	32304,44	LONG	0,00167	5981,87	0,00385	HOLD	98,2349	142,1636
2021-01-21	21:00	32306,39	32450	31037	31180,19	LONG	0,00167	5981,87	0,00385	HOLD	98,2349	140,2861
2021-01-21	22:00	31181,74	32047,4	31060,81	31384,09	LONG	0,00167	5981,87	0,00385	HOLD	98,2349	140,6266
2021-01-21	23:00	31384,19	32210,38	31050	31083,5	LONG	0,00167	5981,87	0,00385	HOLD	98,2349	140,1246
2021-01-22	00:00	31084,98	32006,43	31038,51	31912,38	LONG	0,00167	5981,87	0,00385	HOLD	98,2349	141,5088
2021-01-22	01:00	31912,37	32101	31432,64	31742,68	LONG	0,00167	5981,87	0,00385	HOLD	98,2349	141,2254
2021-01-22	02:00	31744,26	32751,24	31600	32468,66	LONG	0,00167	5981,87	0,00385	HOLD	98,2349	142,4378
2021-01-22	03:00	32468,66	32550	31862,69	31883,01	LONG	0,00167	5981,87	0,00385	HOLD	98,2349	141,4598
2021-01-22	04:00	31880,9	32131,52	31200	31229,71	LONG	0,00167	5981,87	0,00385	HOLD	98,2349	140,3688
2021-01-22	05:00	31224,71	31249,02	30071	30913,18	LONG	0,00167	5981,87	0,00385	HOLD	98,2349	139,8402
2021-01-22	06:00	30913,17	31571,88	30579,48	30850,13	LONG	0,00167	5981,87	0,00385	HOLD	98,2349	139,7349
2021-01-22	07:00	30851,99	30863,98	29223,03	29528,31	LONG	0,00167	5981,87	0,00385	HOLD	98,2349	137,5274
2021-01-22	08:00	29524,48	30436,26	28850	30068,29	LONG	0,00167	5981,87	0,00385	HOLD	98,2349	138,4292
2021-01-22	09:00	30068,29	30849,98	29781,2	30710,91	LONG	0,00167	5981,87	0,00385	HOLD	98,2349	139,5024
2021-01-22	10:00	30710,92	31029,79	30282,97	30943,4	LONG	0,00167	5981,87	0,00385	HOLD	98,2349	139,8906
2021-01-22	11:00	30943,4	31414	30753,27	30919,6	LONG	0,00167	5981,87	0,00385	HOLD	98,2349	139,8509
2021-01-22	12:00	30919,59	31924,44	30711,66	31800,93	LONG	0,00167	5981,87	0,00385	HOLD	98,2349	141,3227
2021-01-22	13:00	31814,81	32152,9	31500,26	31542,75	LONG	0,00167	5981,87	0,00385	HOLD	98,2349	140,8915
2021-01-22	14:00	31542,6	31878,2	30615,22	30842,45	LONG	0,00167	5981,87	0,00385	HOLD	98,2349	139,722
2021-01-22	15:00	30846,59	31636,99	30500	31526,3	LONG	0,00167	5981,87	0,00385	HOLD	98,2349	140,8641
2021-01-22	16:00	31526,31	31799,98	31258,94	31414,59	LONG	0,00167	5981,87	0,00385	HOLD	98,2349	140,6775
2021-01-22	17:00	31412,74	31766,01	31052,44	31386,37	LONG	0,00167	5981,87	0,00385	HOLD	98,2349	140,6304
2021-01-22	18:00	31386,37	31997	31375,49	31710,88	LONG	0,00167	5981,87	0,00385	HOLD	98,2349	141,1723
2021-01-22	19:00	31712,09	31995	31286	31550	LONG	0,00167	5981,87	0,00385	HOLD	98,2349	140,9036
2021-01-22	20:00	31550	32322,56	31334,02	32141,8	LONG	0,00167	5981,87	0,00385	HOLD	98,2349	141,8919
2021-01-22	21:00	32141,8	32537,67	32132,59	32516,74	LONG	0,00167	5981,87	0,00385	HOLD	98,2349	142,5181
2021-01-22	22:00	32516,74	32767,44	32265,66	32458,42	LONG	0,00167	5981,87	0,00385	HOLD	98,2349	142,4207
2021-01-22	23:00	32462,79	32626	31955,67	32377,56	LONG	0,00167	5981,87	0,00385	HOLD	98,2349	142,2857
2021-01-23	00:00	32377,56	32500	32070,7	32329,25	LONG	0,00167	5981,87	0,00385	HOLD	98,2349	142,205
2021-01-23	01:00	32329,25	33322	32185,44	33277,32	LONG	0,00167	5981,87	0,00385	HOLD	98,2349	143,7883
2021-01-23	02:00	33275,67	33655,79	33098,86	33589,52	LONG	0,00167	5981,87	0,00385	HOLD	98,2349	144,3096
2021-01-23	03:00	33589,52	33826,53	33320,22	33503,2	LONG	0,00167	5981,87	0,00385	HOLD	98,2349	144,1655
2021-01-23	04:00	33501,36	33668,88	33192,13	33290,01	LONG	0,00167	5981,87	0,00385	HOLD	98,2349	143,8095
2021-01-23	05:00	33290,01	33606,16	32760	32835,29	LONG	0,00167	5981,87	0,00385	HOLD	98,2349	143,0501
2021-01-23	06:00	32835,29	33173,01	32580	32945,17	LONG	0,00167	5981,87	0,00385	HOLD	98,2349	143,2336
2021-01-23	07:00	32950	32974,89	32400	32702,18	LONG	0,00167	5981,87	0,00385	HOLD	98,2349	142,8278
2021-01-23	08:00	32702,18	32935,08	32237,39	32706,76	LONG	0,00167	5981,87	0,00385	HOLD	98,2349	142,8354
2021-01-23	09:00	32706,77	32860	32053,33	32256,17	LONG	0,00167	5981,87	0,00385	HOLD	98,2349	142,0829
2021-01-23	10:00	32256,17	32612	32200	32365,01	LONG	0,00167	5981,87	0,00385	HOLD	98,2349	142,2647
2021-01-23	11:00	32365	32810	32300	32582,01	LONG	0,00167	5981,87	0,00385	HOLD	98,2349	142,6271
2021-01-23	12:00	32582,01	33378,52	32267,07	33350,6	LONG	0,00167	5981,87	0,00385	HOLD	98,2349	143,9106
2021-01-23	13:00	33357,15	33456	32771,99	32820,11	LONG	0,00167	5981,87	0,00385	HOLD	98,2349	143,0247
2021-01-23	14:00	32820,11	33150	32676,15	32931,18	LONG	0,00167	5981,87	0,00385	HOLD	98,2349	143,2102
2021-01-23	15:00	32931,17	33000	32597,76	32943,24	LONG	0,00167	5981,87	0,00385	HOLD	98,2349	143,2304
2021-01-23	16:00	32943,24	33104,94	32350	32453,56	LONG	0,00167	5981,87	0,00385	HOLD	98,2349	142,4126
2021-01-23	17:00	32453,56	32532,37	32171	32344,37	LONG	0,00167	5981,87	0,00385	HOLD	98,2349	142,2302
2021-01-23	18:00	32344,37	32542,37	31511,24	31645,49	LONG	0,00167	5981,87	0,00385	HOLD	98,2349	141,0631
2021-01-23	19:00	31643,9	32001,28	31469,25	31602,63	LONG	0,00167	5981,87	0,00385	HOLD	98,2349	140,9915
2021-01-23	20:00	31604,51	32289,25	31390,16	31865,19	LONG	0,00167	5981,87	0,00385	HOLD	98,2349	141,43
2021-01-23	21:00	31865,19	31980	31650	31721,74	LONG	0,00167	5981,87	0,00385	HOLD	98,2349	141,1904
2021-01-23	22:00	31719,94	32180	31609,05	31877,1	LONG	0,00167	5981,87	0,00385	HOLD	98,2349	141,4499
2021-01-23	23:00	31877,1	32328,03	31759,65	32121,84	LONG	0,00167	5981,87	0,00385	HOLD	98,2349	141,8586
2021-01-24	00:00	32120,31	32409,97	32044,77	32239,09	LONG	0,00167	5981,87	0,00385	HOLD	98,2349	142,0544
2021-01-24	01:00	32238,8	32345	31825	32167,48	LONG	0,00167	5981,87	0,00385	HOLD	98,2349	141,9348
2021-01-24	02:00	32169,92	32500	32138,24	32348,79	LONG	0,00167	5981,87	0,00385	HOLD	98,2349	142,2376
2021-01-24	03:00	32348,78	32400	32021,73	32191,33	LONG	0,00167	5981,87	0,00385	HOLD	98,2349	141,9747
2021-01-24	04:00	32192,93	32442,68	31812,5	32344,22	LONG	0,00167	5981,87	0,00385	HOLD	98,2349	142,23
2021-01-24	05:00	32344,21	32538,61	31966,47	32049,97	LONG	0,00167	5981,87	0,00385	HOLD	98,2349	141,7386
2021-01-24	06:00	32050,03	32122,78	31835,85	32078	LONG	0,00167	5981,87	0,00385	HOLD	98,2349	141,7854
2021-01-24	07:00	32078	32086,75	31630	31876,35	LONG	0,00167	5981,87	0,00385	HOLD	98,2349	141,4486
2021-01-24	08:00	31876,35	32084,91	31752,81	31863,84	LONG	0,00167	5981,87	0,00385	HOLD	98,2349	141,4278
2021-01-24	09:00	31860,76	32300	31784,66	32096,04	LONG	0,00167	5981,87	0,00385	HOLD	98,2349	141,8155
2021-01-24	10:00	32096,04	32480,06	32020	32480,05	LONG	0,00167	5981,87	0,00385	HOLD	98,2349	142,4568
2021-01-24	11:00	32480,06	32879,99	32346,44	32811,05	LONG	0,00167	5981,87	0,00385	HOLD	98,2349	143,0096
2021-01-24	12:00	32811,77	32980	32720	32871,98	LONG	0,00167	5981,87	0,00385	HOLD	98,2349	143,1113
2021-01-24	13:00	32871,98	33071	32571,52	32757,02	LONG	0,00167	5981,87	0,00385	HOLD	98,2349	142,9194
2021-01-24	14:00	32757,03	32853,09	32511,76	32801,15	LONG	0,00167	5981,87	0,00385	HOLD	98,2349	142,9931
2021-01-24	15:00	32797,21	33030	32570	32630,48	LONG	0,00167	5981,87	0,00385	HOLD	98,2349	142,708
2021-01-24	16:00	32630,48	32758,92	32541,32	32641,58	LONG	0,00167	5981,87	0,00385	HOLD	98,2349	142,7266
2021-01-24	17:00	32641,57	32724,66	32465	32693,74	LONG	0,00167	5981,87	0,00385	HOLD	98,2349	142,8137
2021-01-24	18:00	32693,73	32893,93	32693,73	32833,37	LONG	0,00167	5981,87	0,00385	HOLD	98,2349	143,0469
2021-01-24	19:00	32833,37	32931,59	32128,15	32362,31	LONG	0,00167	5981,87	0,00385	HOLD	98,2349	142,2602
2021-01-24	20:00	32362,32	32415,37	32107,61	32227,29	LONG	0,00167	5981,87	0,00385	HOLD	98,2349	142,0347
2021-01-24	21:00	32227,3	32360,02	31929,31	32055,71	LONG	0,00167	5981,87	0,00385	HOLD	98,2349	141,7482
2021-01-24	22:00	32055,72	32259,81	31858,68	31957,05	LONG	0,00167	5981,87	0,00385	HOLD	98,2349	141,5834
2021-01-24	23:00	31956,9	32139,6	31500	31729,07	LONG	0,00167	5981,87	0,00385	HOLD	98,2349	141,2027
2021-01-25	00:00	31729,07	31986,12	31635,42	31851,6	LONG	0,00167	5981,87	0,00385	HOLD	98,2349	141,4073
2021-01-25	01:00	31851,59	31941,56	31766,81	31831,67	LONG	0,00167	5981,87	0,00385	HOLD	98,2349	141,374
2021-01-25	02:00	31831,66	31841,47	30900	31306,29	LONG	0,00167	5981,87	0,00385	HOLD	98,2349	140,4966
2021-01-25	03:00	31306,29	31757,17	31250,26	31673,26	LONG	0,00167	5981,87	0,00385	HOLD	98,2349	141,1095
2021-01-25	04:00	31673,26	31977,6	31573,31	31909,46	LONG	0,00167	5981,87	0,00385	HOLD	98,2349	141,5039
2021-01-25	05:00	31909,46	32348,4	31650	32127,97	LONG	0,00167	5981,87	0,00385	HOLD	98,2349	141,8689
2021-01-25	06:00	32127,97	32369,59	32015,46	32259,9	LONG	0,00167	5981,87	0,00385	HOLD	98,2349	142,0892
2021-01-25	07:00	32259,45	32831,07	32175,61	32574,71	LONG	0,00167	5981,87	0,00385	HOLD	98,2349	142,6149
2021-01-25	08:00	32575,15	32908,98	32411,77	32864,98	LONG	0,00167	5981,87	0,00385	HOLD	98,2349	143,0997
2021-01-25	09:00	32864,97	32995	32636,36	32768,23	LONG	0,00167	5981,87	0,00385	HOLD	98,2349	142,9381
2021-01-25	10:00	32768,23	33674,48	32580,3	33568,18	LONG	0,00167	5981,87	0,00385	HOLD	98,2349	144,274
2021-01-25	11:00	33568,17	33797,96	33261	33378,93	LONG	0,00167	5981,87	0,00385	HOLD	98,2349	143,958
2021-01-25	12:00	33378,06	33461,53	33188	33331,13	LONG	0,00167	5981,87	0,00385	HOLD	98,2349	143,8781
2021-01-25	13:00	33331,13	33550	33150	33496,22	LONG	0,00167	5981,87	0,00385	HOLD	98,2349	144,1538
2021-01-25	14:00	33496,22	33562,04	33045	33346,95	LONG	0,00167	5981,87	0,00385	HOLD	98,2349	143,9045
2021-01-25	15:00	33347,19	33497,88	33188,99	33448,21	LONG	0,00167	5981,87	0,00385	HOLD	98,2349	144,0737
2021-01-25	16:00	33449,72	33548	32800	32979,1	LONG	0,00167	5981,87	0,00385	HOLD	98,2349	143,2902
2021-01-25	17:00	32979,1	33166	32750,09	33117,43	LONG	0,00167	5981,87	0,00385	HOLD	98,2349	143,5213
2021-01-25	18:00	33119,35	33334,57	33040	33185,26	LONG	0,00167	5981,87	0,00385	HOLD	98,2349	143,6345
2021-01-25	19:00	33185,25	34300	33050	34180,01	LONG	0,00167	5981,87	0,00385	HOLD	98,2349	145,2958
2021-01-25	20:00	34180,01	34693,93	34098,59	34544,49	LONG	0,00167	5981,87	0,00385	HOLD	98,2349	145,9044
2021-01-25	21:00	34544,5	34875	34280,45	34467,43	LONG	0,00167	5981,87	0,00385	HOLD	98,2349	145,7758
2021-01-25	22:00	34467,43	34588,88	34202,69	34458,31	LONG	0,00167	5981,87	0,00385	HOLD	98,2349	145,7605
2021-01-25	23:00	34458,31	34600	33630,57	33910,96	LONG	0,00167	5981,87	0,00385	HOLD	98,2349	144,8464
2021-01-26	00:00	33910,95	34246,66	33700,75	33784,36	LONG	0,00167	5981,87	0,00385	HOLD	98,2349	144,635
2021-01-26	01:00	33784,35	34031,56	33519	33672,46	LONG	0,00167	5981,87	0,00385	HOLD	98,2349	144,4482
2021-01-26	02:00	33669,27	33788,38	33373,92	33411,54	LONG	0,00167	5981,87	0,00385	HOLD	98,2349	144,0124
2021-01-26	03:00	33411,54	33473,92	33061,12	33470,2	LONG	0,00167	5981,87	0,00385	HOLD	98,2349	144,1104
2021-01-26	04:00	33463,51	33464,21	32155,28	32718,08	LONG	0,00167	5981,87	0,00385	HOLD	98,2349	142,8543
2021-01-26	05:00	32715,53	32732,99	31910	32462,36	LONG	0,00167	5981,87	0,00385	HOLD	98,2349	142,4273
2021-01-26	06:00	32462,38	32650	32201,44	32254,2	LONG	0,00167	5981,87	0,00385	HOLD	98,2349	142,0797
2021-01-26	07:00	32254,19	32793,01	31758	32474,33	LONG	0,00167	5981,87	0,00385	HOLD	98,2349	142,4473
2021-01-26	08:00	32474,34	32827,33	32210,01	32758,85	LONG	0,00167	5981,87	0,00385	HOLD	98,2349	142,9224
2021-01-26	09:00	32754,2	32765,41	32230,29	32307,97	LONG	0,00167	5981,87	0,00385	HOLD	98,2349	142,1695
2021-01-26	10:00	32307,96	32363,93	31458	31518,66	LONG	0,00167	5981,87	0,00385	HOLD	98,2349	140,8513
2021-01-26	11:00	31520,25	32181,9	31424,71	32000,01	LONG	0,00167	5981,87	0,00385	HOLD	98,2349	141,6552
2021-01-26	12:00	32000,01	32312,46	31784,87	32062,32	LONG	0,00167	5981,87	0,00385	HOLD	98,2349	141,7592
2021-01-26	13:00	32062,32	32073,99	31311,93	31581,73	LONG	0,00167	5981,87	0,00385	HOLD	98,2349	140,9566
2021-01-26	14:00	31581,72	31782,08	31100	31643,61	LONG	0,00167	5981,87	0,00385	HOLD	98,2349	141,06
2021-01-26	15:00	31643,61	31981,99	31527,86	31896,97	LONG	0,00167	5981,87	0,00385	HOLD	98,2349	141,4831
2021-01-26	16:00	31896,97	32075	31373	31804,77	LONG	0,00167	5981,87	0,00385	HOLD	98,2349	141,3291
2021-01-26	17:00	31804,78	32450	31804,78	32246,68	LONG	0,00167	5981,87	0,00385	HOLD	98,2349	142,0671
2021-01-26	18:00	32247,2	32249,98	31650	31796,95	LONG	0,00167	5981,87	0,00385	HOLD	98,2349	141,316
2021-01-26	19:00	31798,65	31972,73	31229,45	31296,94	LONG	0,00167	5981,87	0,00385	HOLD	98,2349	140,481
2021-01-26	20:00	31297,76	31920	31201	31718,97	LONG	0,00167	5981,87	0,00385	HOLD	98,2349	141,1858
2021-01-26	21:00	31718,96	31780,6	30837,37	31257,73	LONG	0,00167	5981,87	0,00385	HOLD	98,2349	140,4156
2021-01-26	22:00	31259,29	31885,02	31252	31750,23	LONG	0,00167	5981,87	0,00385	HOLD	98,2349	141,238
2021-01-26	23:00	31750,24	32122,81	31300,69	31985,3	LONG	0,00167	5981,87	0,00385	HOLD	98,2349	141,6306
2021-01-27	00:00	31985,29	32235	31895,61	32184,36	LONG	0,00167	5981,87	0,00385	HOLD	98,2349	141,963
2021-01-27	01:00	32184,36	32350	31861,22	32224,5	LONG	0,00167	5981,87	0,00385	HOLD	98,2349	142,0301
2021-01-27	02:00	32222,88	32403,88	32035,93	32208,33	LONG	0,00167	5981,87	0,00385	HOLD	98,2349	142,0031
2021-01-27	03:00	32208,33	32395	31855,71	31986,99	LONG	0,00167	5981,87	0,00385	HOLD	98,2349	141,6334
2021-01-27	04:00	31986,98	32322,23	31900	31987,13	LONG	0,00167	5981,87	0,00385	HOLD	98,2349	141,6336
2021-01-27	05:00	31987,13	32733,81	31890	32733,81	LONG	0,00167	5981,87	0,00385	HOLD	98,2349	142,8806
2021-01-27	06:00	32733,81	32921,88	32454,84	32467,77	LONG	0,00167	5981,87	0,00385	HOLD	98,2349	142,4363
2021-01-27	07:00	32464,01	32557,29	31880	32335,7	LONG	0,00167	5981,87	0,00385	HOLD	98,2349	142,2158
2021-01-27	08:00	32335,71	32457,79	31955,39	32084,6	LONG	0,00167	5981,87	0,00385	HOLD	98,2349	141,7964
2021-01-27	09:00	32084,88	32263,56	31758,92	31802,36	LONG	0,00167	5981,87	0,00385	HOLD	98,2349	141,3251
2021-01-27	10:00	31802,17	31916,66	31568,28	31800,86	LONG	0,00167	5981,87	0,00385	HOLD	98,2349	141,3226
2021-01-27	11:00	31801,27	32030,28	31518,19	31864,36	LONG	0,00167	5981,87	0,00385	HOLD	98,2349	141,4286
2021-01-27	12:00	31866,97	31918,71	31365,41	31503,41	LONG	0,00167	5981,87	0,00385	HOLD	98,2349	140,8258
2021-01-27	13:00	31503,42	31725	31350	31669,98	LONG	0,00167	5981,87	0,00385	HOLD	98,2349	141,104
2021-01-27	14:00	31669,98	31890,19	31547,41	31743,33	LONG	0,00167	5981,87	0,00385	HOLD	98,2349	141,2265
2021-01-27	15:00	31743,33	31749,28	31142,33	31172,11	LONG	0,00167	5981,87	0,00385	HOLD	98,2349	140,2726
2021-01-27	16:00	31172,11	31290	30755	31201,05	LONG	0,00167	5981,87	0,00385	HOLD	98,2349	140,3209
2021-01-27	17:00	31201,06	31400	31080,77	31376,9	LONG	0,00167	5981,87	0,00385	HOLD	98,2349	140,6146
2021-01-27	18:00	31376,89	31615,38	30578,94	30639,05	LONG	0,00167	5981,87	0,00385	HOLD	98,2349	139,3824
2021-01-27	19:00	30635,74	30888	30336,18	30759,03	LONG	0,00167	5981,87	0,00385	HOLD	98,2349	139,5827
2021-01-27	20:00	30759,02	31057	30245	30275,3	LONG	0,00167	5981,87	0,00385	HOLD	98,2349	138,7749
2021-01-27	21:00	30275,3	30520	29241,72	29573,15	LONG	0,00167	5981,87	0,00385	HOLD	98,2349	137,6023
2021-01-27	22:00	29573,98	30464,93	29390	30322,61	LONG	0,00167	5981,87	0,00385	HOLD	98,2349	138,8539
2021-01-27	23:00	30322,59	30948	30216,37	30529,57	LONG	0,00167	5981,87	0,00385	HOLD	98,2349	139,1995
2021-01-28	00:00	30529,56	30845,81	30101,43	30514,34	LONG	0,00167	5981,87	0,00385	HOLD	98,2349	139,1741
2021-01-28	01:00	30508,51	30537,5	29500	29709,79	LONG	0,00167	5981,87	0,00385	HOLD	98,2349	137,8305
2021-01-28	02:00	29719,93	30850	29712,94	30740,33	LONG	0,00167	5981,87	0,00385	HOLD	98,2349	139,5515
2021-01-28	03:00	30731,57	31556	30512,19	31520,2	LONG	0,00167	5981,87	0,00385	HOLD	98,2349	140,8539
2021-01-28	04:00	31520,2	31649,99	30735,01	30958	LONG	0,00167	5981,87	0,00385	HOLD	98,2349	139,915
2021-01-28	05:00	30958,01	31051,46	30325,01	30519,93	LONG	0,00167	5981,87	0,00385	HOLD	98,2349	139,1834
2021-01-28	06:00	30517,37	30727,14	30084,24	30366,15	LONG	0,00167	5981,87	0,00385	HOLD	98,2349	138,9266
2021-01-28	07:00	30362,19	30728,57	29842,1	30671,86	LONG	0,00167	5981,87	0,00385	HOLD	98,2349	139,4371
2021-01-28	08:00	30676,28	30917,53	30370,79	30881,94	LONG	0,00167	5981,87	0,00385	HOLD	98,2349	139,788
2021-01-28	09:00	30880,57	31214,51	30788,3	30981,72	LONG	0,00167	5981,87	0,00385	HOLD	98,2349	139,9546
2021-01-28	10:00	30987,85	31526,78	30902,81	31404,25	LONG	0,00167	5981,87	0,00385	HOLD	98,2349	140,6602
2021-01-28	11:00	31406,9	31590	31045,7	31300,73	LONG	0,00167	5981,87	0,00385	HOLD	98,2349	140,4874
2021-01-28	12:00	31300,72	31800	31057,96	31729,16	LONG	0,00167	5981,87	0,00385	HOLD	98,2349	141,2028
2021-01-28	13:00	31729,16	31876,63	31521,37	31564,58	LONG	0,00167	5981,87	0,00385	HOLD	98,2349	140,928
2021-01-28	14:00	31564,75	31597,76	31080	31170,53	LONG	0,00167	5981,87	0,00385	HOLD	98,2349	140,2699
2021-01-28	15:00	31170,2	31303,15	31001,55	31070,47	LONG	0,00167	5981,87	0,00385	HOLD	98,2349	140,1028
2021-01-28	16:00	31070,47	31483,44	30812,26	31466,91	LONG	0,00167	5981,87	0,00385	HOLD	98,2349	140,7649
2021-01-28	17:00	31473,33	31585,39	31030	31490,29	LONG	0,00167	5981,87	0,00385	HOLD	98,2349	140,8039
2021-01-28	18:00	31490,29	31600	31178,8	31437,37	LONG	0,00167	5981,87	0,00385	HOLD	98,2349	140,7156
2021-01-28	19:00	31437,37	31713,43	31273,54	31477,95	LONG	0,00167	5981,87	0,00385	HOLD	98,2349	140,7833
2021-01-28	20:00	31477,95	31840	31161,96	31775,12	LONG	0,00167	5981,87	0,00385	HOLD	98,2349	141,2796
2021-01-28	21:00	31775,12	32150	31612,52	31830,53	LONG	0,00167	5981,87	0,00385	HOLD	98,2349	141,3721
2021-01-28	22:00	31829,74	32203,38	31680,69	31926,49	LONG	0,00167	5981,87	0,00385	HOLD	98,2349	141,5324
2021-01-28	23:00	31926,49	32436,58	31650	32425,71	LONG	0,00167	5981,87	0,00385	HOLD	98,2349	142,3661
2021-01-29	00:00	32425,71	32490	32160,06	32281,49	LONG	0,00167	5981,87	0,00385	HOLD	98,2349	142,1252
2021-01-29	01:00	32281,5	32670	32103,44	32633,68	LONG	0,00167	5981,87	0,00385	HOLD	98,2349	142,7134
2021-01-29	02:00	32633,69	32747,78	32458,81	32564,71	LONG	0,00167	5981,87	0,00385	HOLD	98,2349	142,5982
2021-01-29	03:00	32564,71	32900	32392,34	32577,96	LONG	0,00167	5981,87	0,00385	HOLD	98,2349	142,6203
2021-01-29	04:00	32577,97	33295,55	32577,96	33183,53	LONG	0,00167	5981,87	0,00385	HOLD	98,2349	143,6316
2021-01-29	05:00	33183,53	33488,66	33126,02	33469,67	LONG	0,00167	5981,87	0,00385	HOLD	98,2349	144,1095
2021-01-29	06:00	33469,67	33783,98	33026	33364,86	LONG	0,00167	5981,87	0,00385	HOLD	98,2349	143,9345
2021-01-29	07:00	33368,18	34310	33330,93	34150,23	LONG	0,00167	5981,87	0,00385	HOLD	98,2349	145,246
2021-01-29	08:00	34150,23	34304,52	33666,66	33906,57	LONG	0,00167	5981,87	0,00385	HOLD	98,2349	144,8391
2021-01-29	09:00	33906,56	34201,14	33770	33969,2	LONG	0,00167	5981,87	0,00385	HOLD	98,2349	144,9437
2021-01-29	10:00	33969,21	34114,95	33501	33733,58	LONG	0,00167	5981,87	0,00385	HOLD	98,2349	144,5502
2021-01-29	11:00	33728,99	33934,48	32750,47	33062,82	LONG	0,00167	5981,87	0,00385	HOLD	98,2349	143,4301
2021-01-29	12:00	33062,81	33193,57	32755,56	32980,32	LONG	0,00167	5981,87	0,00385	HOLD	98,2349	143,2923
2021-01-29	13:00	32980,31	32982,33	32330,55	32483,74	LONG	0,00167	5981,87	0,00385	HOLD	98,2349	142,463
2021-01-29	14:00	32483,74	32626,98	31915,4	32266,35	LONG	0,00167	5981,87	0,00385	HOLD	98,2349	142,0999
2021-01-29	15:00	32266,36	36600	32006,91	36240,24	LONG	0,00167	5981,87	0,00385	HOLD	98,2349	148,7363
2021-01-29	16:00	36223,22	37990	34591,83	36877,16	LONG	0,00167	5981,87	0,00385	HOLD	98,2349	149,8
2021-01-29	17:00	36875,5	37200	35489,41	36617,23	LONG	0,00167	5981,87	0,00385	HOLD	98,2349	149,3659
2021-01-29	18:00	36617,23	37208,94	36421,93	37025,32	LONG	0,00167	5981,87	0,00385	HOLD	98,2349	150,0474
2021-01-29	19:00	37023,83	37869	36534,42	37840,07	LONG	0,00167	5981,87	0,00385	HOLD	98,2349	151,4081
2021-01-29	20:00	37842,07	38531,9	36979,32	38250,03	LONG	0,00167	5981,87	0,00385	HOLD	98,2349	152,0927
2021-01-29	21:00	38250,01	38448,39	36456,78	37058,49	LONG	0,00167	5981,87	0,00385	HOLD	98,2349	150,1028
2021-01-29	22:00	37058,49	37517,8	36700	37129,4	LONG	0,00167	5981,87	0,00385	HOLD	98,2349	150,2212
2021-01-29	23:00	37129,4	37569	35808	36039,18	LONG	0,00167	5981,87	0,00385	HOLD	98,2349	148,4006
2021-01-30	00:00	36038,73	36429	35564	35741,23	LONG	0,00167	5981,87	0,00385	HOLD	98,2349	147,903
2021-01-30	01:00	35741,23	35999,99	34600	35202,46	LONG	0,00167	5981,87	0,00385	HOLD	98,2349	147,0033
2021-01-30	02:00	35204,22	35357,14	33500	34318,57	LONG	0,00167	5981,87	0,00385	HOLD	98,2349	145,5272
2021-01-30	03:00	34322,5	34953,87	33843,22	34574,61	LONG	0,00167	5981,87	0,00385	HOLD	98,2349	145,9547
2021-01-30	04:00	34574,61	34813	34120	34635,53	LONG	0,00167	5981,87	0,00385	HOLD	98,2349	146,0565
2021-01-30	05:00	34628,68	35354,94	34250	34485,98	LONG	0,00167	5981,87	0,00385	HOLD	98,2349	145,8067
2021-01-30	06:00	34485,98	34640,19	33700	34252,2	LONG	0,00167	5981,87	0,00385	HOLD	98,2349	145,4163
2021-01-30	07:00	34246,28	34861,56	34214,91	34250,1	LONG	0,00167	5981,87	0,00385	HOLD	98,2349	145,4128
2021-01-30	08:00	34250,1	34933	33927	34123,05	LONG	0,00167	5981,87	0,00385	HOLD	98,2349	145,2006
2021-01-30	09:00	34123,06	34443,96	33674,7	33862,51	LONG	0,00167	5981,87	0,00385	HOLD	98,2349	144,7655
2021-01-30	10:00	33861,55	34000	32825	33273,36	LONG	0,00167	5981,87	0,00385	HOLD	98,2349	143,7817
2021-01-30	11:00	33273,36	33656,08	33001,52	33503,13	LONG	0,00167	5981,87	0,00385	HOLD	98,2349	144,1654
2021-01-30	12:00	33503,14	33986,4	33174,55	33503,72	LONG	0,00167	5981,87	0,00385	HOLD	98,2349	144,1664
2021-01-30	13:00	33503,72	33850	33137,8	33809,79	LONG	0,00167	5981,87	0,00385	HOLD	98,2349	144,6775
2021-01-30	14:00	33809,79	34200	33400	34046,8	LONG	0,00167	5981,87	0,00385	HOLD	98,2349	145,0733
2021-01-30	15:00	34046,82	34358,97	33775,44	33887,5	LONG	0,00167	5981,87	0,00385	HOLD	98,2349	144,8073
2021-01-30	16:00	33883,85	34424,7	33809,39	34253,18	LONG	0,00167	5981,87	0,00385	HOLD	98,2349	145,418
2021-01-30	17:00	34253,17	34392	33870,95	34299,82	LONG	0,00167	5981,87	0,00385	HOLD	98,2349	145,4958
2021-01-30	18:00	34299,82	34328,59	33510	33660,4	LONG	0,00167	5981,87	0,00385	HOLD	98,2349	144,428
2021-01-30	19:00	33660,4	33832,78	33410,63	33751,77	LONG	0,00167	5981,87	0,00385	HOLD	98,2349	144,5806
2021-01-30	20:00	33751,77	34349,63	33666,67	34237,69	LONG	0,00167	5981,87	0,00385	HOLD	98,2349	145,3921
2021-01-30	21:00	34237,69	34400	34000	34234,73	LONG	0,00167	5981,87	0,00385	HOLD	98,2349	145,3871
2021-01-30	22:00	34234,73	34500	34057,22	34210,2	LONG	0,00167	5981,87	0,00385	HOLD	98,2349	145,3462
2021-01-30	23:00	34210,18	34262,35	33520	33956,7	LONG	0,00167	5981,87	0,00385	HOLD	98,2349	144,9228
2021-01-31	00:00	33956,7	34290,44	33943	34253,67	LONG	0,00167	5981,87	0,00385	HOLD	98,2349	145,4188
2021-01-31	01:00	34252,02	34351	34110,12	34340	LONG	0,00167	5981,87	0,00385	HOLD	98,2349	145,5629
2021-01-31	02:00	34340	34400,02	34028,87	34286,5	LONG	0,00167	5981,87	0,00385	HOLD	98,2349	145,4736
2021-01-31	03:00	34286,5	34449,69	34080	34154,63	LONG	0,00167	5981,87	0,00385	HOLD	98,2349	145,2534
2021-01-31	04:00	34157,5	34690	33966,4	34675,53	LONG	0,00167	5981,87	0,00385	HOLD	98,2349	146,1233
2021-01-31	05:00	34675,53	34800	34516,78	34526,13	LONG	0,00167	5981,87	0,00385	HOLD	98,2349	145,8738
2021-01-31	06:00	34525,88	34553,51	34164,78	34262,88	LONG	0,00167	5981,87	0,00385	HOLD	98,2349	145,4342
2021-01-31	07:00	34262,89	34342,69	33850	34066,84	LONG	0,00167	5981,87	0,00385	HOLD	98,2349	145,1068
2021-01-31	08:00	34066,84	34249,99	33940	34194	LONG	0,00167	5981,87	0,00385	HOLD	98,2349	145,3191
2021-01-31	09:00	34193,29	34238	33681	33750	LONG	0,00167	5981,87	0,00385	HOLD	98,2349	144,5776
2021-01-31	10:00	33748,69	34042	33655	33930,21	LONG	0,00167	5981,87	0,00385	HOLD	98,2349	144,8786
2021-01-31	11:00	33930,22	34127,65	33794,27	34034,31	LONG	0,00167	5981,87	0,00385	HOLD	98,2349	145,0524
2021-01-31	12:00	34034,3	34056,64	33678,46	33756,39	LONG	0,00167	5981,87	0,00385	HOLD	98,2349	144,5883
2021-01-31	13:00	33757,17	33857,88	33571,42	33655,86	LONG	0,00167	5981,87	0,00385	HOLD	98,2349	144,4204
2021-01-31	14:00	33655,85	33846,27	33450	33607,98	LONG	0,00167	5981,87	0,00385	HOLD	98,2349	144,3405
2021-01-31	15:00	33607,68	33832,94	33312,12	33596,72	LONG	0,00167	5981,87	0,00385	HOLD	98,2349	144,3217
2021-01-31	16:00	33596,72	33769,93	33270	33301,7	LONG	0,00167	5981,87	0,00385	HOLD	98,2349	143,829
2021-01-31	17:00	33300,01	33744,88	33205	33653,68	LONG	0,00167	5981,87	0,00385	HOLD	98,2349	144,4168
2021-01-31	18:00	33652,23	33784,4	33469,38	33563,23	LONG	0,00167	5981,87	0,00385	HOLD	98,2349	144,2657
2021-01-31	19:00	33563,24	34220	33366,29	33974,05	LONG	0,00167	5981,87	0,00385	HOLD	98,2349	144,9518
2021-01-31	20:00	33974,05	34050	33607,95	33692,92	LONG	0,00167	5981,87	0,00385	HOLD	98,2349	144,4823
2021-01-31	21:00	33691,49	33735,54	33318,02	33330,71	LONG	0,00167	5981,87	0,00385	HOLD	98,2349	143,8774
2021-01-31	22:00	33330,72	33470	32554	32862,66	LONG	0,00167	5981,87	0,00385	HOLD	98,2349	143,0958
2021-01-31	23:00	32862,65	33073,55	32555	32891,86	LONG	0,00167	5981,87	0,00385	HOLD	98,2349	143,1445
2021-02-01	00:00	32891,86	33077,9	32200	32302,31	LONG	0,00167	5981,87	0,00385	HOLD	98,2349	142,16
2021-02-01	01:00	32302,32	32849,71	32171,67	32450,3	LONG	0,00167	5981,87	0,00385	HOLD	98,2349	142,4071
2021-02-01	02:00	32449,53	32926,25	32400,27	32808,8	LONG	0,00167	5981,87	0,00385	HOLD	98,2349	143,0058
2021-02-01	03:00	32807,29	32931,55	32461,23	32853,73	LONG	0,00167	5981,87	0,00385	HOLD	98,2349	143,0809
2021-02-01	04:00	32853,73	32899,39	32515	32560,73	LONG	0,00167	5981,87	0,00385	HOLD	98,2349	142,5916
2021-02-01	05:00	32561,35	33088,88	32559,85	32974,1	LONG	0,00167	5981,87	0,00385	HOLD	98,2349	143,2819
2021-02-01	06:00	32974,1	33255,49	32933,54	33092,98	LONG	0,00167	5981,87	0,00385	HOLD	98,2349	143,4804
2021-02-01	07:00	33092,97	33106,33	32296,16	32546,27	LONG	0,00167	5981,87	0,00385	HOLD	98,2349	142,5674
2021-02-01	08:00	32546,32	33560,9	32476,34	33430,29	LONG	0,00167	5981,87	0,00385	HOLD	98,2349	144,0437
2021-02-01	09:00	33425,19	33830	33222,88	33649,73	LONG	0,00167	5981,87	0,00385	HOLD	98,2349	144,4102
2021-02-01	10:00	33646,37	33776,81	33470	33573,97	LONG	0,00167	5981,87	0,00385	HOLD	98,2349	144,2837
2021-02-01	11:00	33573,25	33943,55	33423,43	33558,25	LONG	0,00167	5981,87	0,00385	HOLD	98,2349	144,2574
2021-02-01	12:00	33560,91	33888,33	33429,36	33755,4	LONG	0,00167	5981,87	0,00385	HOLD	98,2349	144,5867
2021-02-01	13:00	33753,59	34427	33284,24	33518,89	LONG	0,00167	5981,87	0,00385	HOLD	98,2349	144,1917
2021-02-01	14:00	33518,88	33885,39	33390,12	33803,97	LONG	0,00167	5981,87	0,00385	HOLD	98,2349	144,6678
2021-02-01	15:00	33802,6	34500	33589,23	34477,31	LONG	0,00167	5981,87	0,00385	HOLD	98,2349	145,7922
2021-02-01	16:00	34475,57	34717,27	34268,62	34354,47	LONG	0,00167	5981,87	0,00385	HOLD	98,2349	145,5871
2021-02-01	17:00	34354,46	34539,94	34012,41	34163,28	LONG	0,00167	5981,87	0,00385	HOLD	98,2349	145,2678
2021-02-01	18:00	34163,28	34400	33935,47	34183,33	LONG	0,00167	5981,87	0,00385	HOLD	98,2349	145,3013
2021-02-01	19:00	34183,33	34460	33590	33770,23	LONG	0,00167	5981,87	0,00385	HOLD	98,2349	144,6114
2021-02-01	20:00	33770,23	34050	33655	33702,25	LONG	0,00167	5981,87	0,00385	HOLD	98,2349	144,4979
2021-02-01	21:00	33702,25	33866,49	33400	33532,81	LONG	0,00167	5981,87	0,00385	HOLD	98,2349	144,2149
2021-02-01	22:00	33535,51	33638,99	33160	33160,17	LONG	0,00167	5981,87	0,00385	HOLD	98,2349	143,5926
2021-02-01	23:00	33160	33603,91	33133,26	33460,83	LONG	0,00167	5981,87	0,00385	HOLD	98,2349	144,0947
2021-02-02	00:00	33460,83	34100	33380	33978,31	LONG	0,00167	5981,87	0,00385	HOLD	98,2349	144,9589
2021-02-02	01:00	33979,94	34032,93	33655,01	33731,52	LONG	0,00167	5981,87	0,00385	HOLD	98,2349	144,5468
2021-02-02	02:00	33739,52	34072,54	33700,3	33838,13	LONG	0,00167	5981,87	0,00385	HOLD	98,2349	144,7248
2021-02-02	03:00	33838,13	34039	33722,04	33831,55	LONG	0,00167	5981,87	0,00385	HOLD	98,2349	144,7138
2021-02-02	04:00	33831,54	33848,95	33549	33658,67	LONG	0,00167	5981,87	0,00385	HOLD	98,2349	144,4251
2021-02-02	05:00	33661,79	33789,73	33511	33539,39	LONG	0,00167	5981,87	0,00385	HOLD	98,2349	144,2259
2021-02-02	06:00	33542,12	33768	33430,76	33526,37	LONG	0,00167	5981,87	0,00385	HOLD	98,2349	144,2042
2021-02-02	07:00	33517,09	34161,39	33418	33763,07	LONG	0,00167	5981,87	0,00385	HOLD	98,2349	144,5995
2021-02-02	08:00	33763,06	33800,96	33509	33744,71	LONG	0,00167	5981,87	0,00385	HOLD	98,2349	144,5688
2021-02-02	09:00	33742,99	33876,73	33555,49	33646	LONG	0,00167	5981,87	0,00385	HOLD	98,2349	144,404
2021-02-02	10:00	33646	33700	33501,25	33550,32	LONG	0,00167	5981,87	0,00385	HOLD	98,2349	144,2442
2021-02-02	11:00	33554,08	33963,29	33500	33876,37	LONG	0,00167	5981,87	0,00385	HOLD	98,2349	144,7887
2021-02-02	12:00	33876,36	34100	33770	33992,83	LONG	0,00167	5981,87	0,00385	HOLD	98,2349	144,9832
2021-02-02	13:00	33992,83	34321,61	33924,73	34295,01	LONG	0,00167	5981,87	0,00385	HOLD	98,2349	145,4878
2021-02-02	14:00	34295,01	34400	34136,02	34223,38	LONG	0,00167	5981,87	0,00385	HOLD	98,2349	145,3682
2021-02-02	15:00	34223,38	34683,63	34080	34663,87	LONG	0,00167	5981,87	0,00385	HOLD	98,2349	146,1038
2021-02-02	16:00	34663,87	35668,1	34663,87	35334,04	LONG	0,00167	5981,87	0,00385	HOLD	98,2349	147,223
2021-02-02	17:00	35334,03	35434,7	34910,48	35160,24	LONG	0,00167	5981,87	0,00385	HOLD	98,2349	146,9327
2021-02-02	18:00	35160,24	35284,49	34601	34720,15	LONG	0,00167	5981,87	0,00385	HOLD	98,2349	146,1978
2021-02-02	19:00	34722,97	35000	34524,2	34779,91	LONG	0,00167	5981,87	0,00385	HOLD	98,2349	146,2976
2021-02-02	20:00	34779,9	35200	34731,7	34844,73	LONG	0,00167	5981,87	0,00385	HOLD	98,2349	146,4058
2021-02-02	21:00	34844,06	34932,5	34333	34793,99	LONG	0,00167	5981,87	0,00385	HOLD	98,2349	146,3211
2021-02-02	22:00	34795,72	35151	34548,26	34708,47	LONG	0,00167	5981,87	0,00385	HOLD	98,2349	146,1783
2021-02-02	23:00	34708,47	35175,31	34556,85	34964,52	LONG	0,00167	5981,87	0,00385	HOLD	98,2349	146,6059
2021-02-03	00:00	34964,52	35021,85	34738	34851,47	LONG	0,00167	5981,87	0,00385	HOLD	98,2349	146,4171
2021-02-03	01:00	34851,47	35308,23	34790	35264,21	LONG	0,00167	5981,87	0,00385	HOLD	98,2349	147,1064
2021-02-03	02:00	35264,66	35800	35090,91	35762,03	LONG	0,00167	5981,87	0,00385	HOLD	98,2349	147,9377
2021-02-03	03:00	35762,05	35984,33	35525,1	35786,51	LONG	0,00167	5981,87	0,00385	HOLD	98,2349	147,9786
2021-02-03	04:00	35788,3	35896,49	35558,9	35653,07	LONG	0,00167	5981,87	0,00385	HOLD	98,2349	147,7558
2021-02-03	05:00	35653,03	35812,49	35530	35572,36	LONG	0,00167	5981,87	0,00385	HOLD	98,2349	147,621
2021-02-03	06:00	35576,49	35699,38	35466	35466,24	LONG	0,00167	5981,87	0,00385	HOLD	98,2349	147,4438
2021-02-03	07:00	35472,71	36240	35362,38	36135,01	LONG	0,00167	5981,87	0,00385	HOLD	98,2349	148,5606
2021-02-03	08:00	36139,74	36349,64	35843,21	35879,27	LONG	0,00167	5981,87	0,00385	HOLD	98,2349	148,1335
2021-02-03	09:00	35879,26	36125,93	35816,74	35889,37	LONG	0,00167	5981,87	0,00385	HOLD	98,2349	148,1504
2021-02-03	10:00	35889,37	36500	35878,11	36403,47	LONG	0,00167	5981,87	0,00385	HOLD	98,2349	149,0089
2021-02-03	11:00	36403,47	36845	36403,47	36628,85	LONG	0,00167	5981,87	0,00385	HOLD	98,2349	149,3853
2021-02-03	12:00	36628,86	36690,14	36377,1	36460,12	LONG	0,00167	5981,87	0,00385	HOLD	98,2349	149,1035
2021-02-03	13:00	36462,63	36789	36435,96	36535,9	LONG	0,00167	5981,87	0,00385	HOLD	98,2349	149,2301
2021-02-03	14:00	36533,94	36590,08	36231,66	36297,57	LONG	0,00167	5981,87	0,00385	HOLD	98,2349	148,8321
2021-02-03	15:00	36297,58	36299,98	35640,93	36010,09	LONG	0,00167	5981,87	0,00385	HOLD	98,2349	148,352
2021-02-03	16:00	36011,01	36036	35511	35851,19	LONG	0,00167	5981,87	0,00385	HOLD	98,2349	148,0866
2021-02-03	17:00	35851,19	36040	35657,69	35985,27	LONG	0,00167	5981,87	0,00385	HOLD	98,2349	148,3105
2021-02-03	18:00	35985,27	36238,38	35855,31	35969,41	LONG	0,00167	5981,87	0,00385	HOLD	98,2349	148,2841
2021-02-03	19:00	35969,41	36322,96	35810,9	36178,86	LONG	0,00167	5981,87	0,00385	HOLD	98,2349	148,6338
2021-02-03	20:00	36179,62	36720,56	35944,51	36537,42	LONG	0,00167	5981,87	0,00385	HOLD	98,2349	149,2326
2021-02-03	21:00	36537,42	36760,53	36369,56	36548,6	LONG	0,00167	5981,87	0,00385	HOLD	98,2349	149,2513
2021-02-03	22:00	36548,59	36917,27	36540,79	36850	LONG	0,00167	5981,87	0,00385	HOLD	98,2349	149,7546
2021-02-03	23:00	36850	37221,42	36643,07	37146,67	LONG	0,00167	5981,87	0,00385	HOLD	98,2349	150,2501
2021-02-04	00:00	37146,67	37179,69	36929	37176,86	LONG	0,00167	5981,87	0,00385	HOLD	98,2349	150,3005
2021-02-04	01:00	37176,87	37200	36688	37114,14	LONG	0,00167	5981,87	0,00385	HOLD	98,2349	150,1958
2021-02-04	02:00	37116,47	37136	36788,88	36788,89	LONG	0,00167	5981,87	0,00385	HOLD	98,2349	149,6526
2021-02-04	03:00	36788,89	37075,7	36644,44	37039,88	LONG	0,00167	5981,87	0,00385	HOLD	98,2349	150,0717
2021-02-04	04:00	37039,88	37420,51	36965,52	37256,97	LONG	0,00167	5981,87	0,00385	HOLD	98,2349	150,4343
2021-02-04	05:00	37256,97	37509,74	37232,72	37276,31	LONG	0,00167	5981,87	0,00385	HOLD	98,2349	150,4666
2021-02-04	06:00	37276,3	37662,63	37267,02	37618,87	LONG	0,00167	5981,87	0,00385	HOLD	98,2349	151,0387
2021-02-04	07:00	37620,26	38128	37615,93	38063,15	LONG	0,00167	5981,87	0,00385	HOLD	98,2349	151,7806
2021-02-04	08:00	38065	38288	37861,83	38147,35	LONG	0,00167	5981,87	0,00385	HOLD	98,2349	151,9212
2021-02-04	09:00	38147,36	38215,4	37505,51	37896,36	LONG	0,00167	5981,87	0,00385	HOLD	98,2349	151,5021
2021-02-04	10:00	37896,36	38015,5	37363,17	37498,78	LONG	0,00167	5981,87	0,00385	HOLD	98,2349	150,8381
2021-02-04	11:00	37498,78	37788,76	37326,83	37678,39	LONG	0,00167	5981,87	0,00385	HOLD	98,2349	151,1381
2021-02-04	12:00	37678,4	37924,35	37479,03	37578,23	LONG	0,00167	5981,87	0,00385	HOLD	98,2349	150,9708
2021-02-04	13:00	37577,31	38195	37530,95	38076,43	LONG	0,00167	5981,87	0,00385	HOLD	98,2349	151,8028
2021-02-04	14:00	38076,43	38175,69	37800	37843,4	LONG	0,00167	5981,87	0,00385	HOLD	98,2349	151,4136
2021-02-04	15:00	37843,4	38708,27	37015	37338,19	LONG	0,00167	5981,87	0,00385	HOLD	98,2349	150,5699
2021-02-04	16:00	37339,11	37604,07	36662,45	37509,22	LONG	0,00167	5981,87	0,00385	HOLD	98,2349	150,8555
2021-02-04	17:00	37509,22	37772,43	37206,2	37611,63	LONG	0,00167	5981,87	0,00385	HOLD	98,2349	151,0266
2021-02-04	18:00	37612,9	37922,78	37306,12	37321,75	LONG	0,00167	5981,87	0,00385	HOLD	98,2349	150,5425
2021-02-04	19:00	37319,43	37763,57	37021,8	37618,69	LONG	0,00167	5981,87	0,00385	HOLD	98,2349	151,0384
2021-02-04	20:00	37618,68	37690	37268,03	37587,58	LONG	0,00167	5981,87	0,00385	HOLD	98,2349	150,9864
2021-02-04	21:00	37587,58	37705	36626,86	36795,15	LONG	0,00167	5981,87	0,00385	HOLD	98,2349	149,663
2021-02-04	22:00	36795,15	36965,34	36161,95	36564,23	LONG	0,00167	5981,87	0,00385	HOLD	98,2349	149,2774
2021-02-04	23:00	36564,23	36989,99	36399,79	36929,36	LONG	0,00167	5981,87	0,00385	HOLD	98,2349	149,8872
2021-02-05	00:00	36929,53	37070	36780	36884,34	LONG	0,00167	5981,87	0,00385	HOLD	98,2349	149,812
2021-02-05	01:00	36884,34	37422,37	36761,89	37141,96	LONG	0,00167	5981,87	0,00385	HOLD	98,2349	150,2422
2021-02-05	02:00	37143,44	37499,99	36980	37467,18	LONG	0,00167	5981,87	0,00385	HOLD	98,2349	150,7853
2021-02-05	03:00	37467,18	37783,83	37366	37613,31	LONG	0,00167	5981,87	0,00385	HOLD	98,2349	151,0294
2021-02-05	04:00	37613,32	37729,82	37302	37643	LONG	0,00167	5981,87	0,00385	HOLD	98,2349	151,079
2021-02-05	05:00	37643	37698,73	36964,03	37240	LONG	0,00167	5981,87	0,00385	HOLD	98,2349	150,4059
2021-02-05	06:00	37240	37382,34	36841,77	36936,66	LONG	0,00167	5981,87	0,00385	HOLD	98,2349	149,8994
2021-02-05	07:00	36936,65	37227,22	36795,72	36993,25	LONG	0,00167	5981,87	0,00385	HOLD	98,2349	149,9939
2021-02-05	08:00	36993,25	37300	36570	36632,38	LONG	0,00167	5981,87	0,00385	HOLD	98,2349	149,3912
2021-02-05	09:00	36632,38	36990	36570	36958,28	LONG	0,00167	5981,87	0,00385	HOLD	98,2349	149,9355
2021-02-05	10:00	36958,33	37400	36909,71	37366,02	LONG	0,00167	5981,87	0,00385	HOLD	98,2349	150,6164
2021-02-05	11:00	37366,01	37499	37187,81	37266,78	LONG	0,00167	5981,87	0,00385	HOLD	98,2349	150,4507
2021-02-05	12:00	37266,79	37350,33	36995,27	37065,97	LONG	0,00167	5981,87	0,00385	HOLD	98,2349	150,1153
2021-02-05	13:00	37065,98	37658	37021,8	37375,52	LONG	0,00167	5981,87	0,00385	HOLD	98,2349	150,6323
2021-02-05	14:00	37374,39	37727,22	37374,38	37653,98	LONG	0,00167	5981,87	0,00385	HOLD	98,2349	151,0973
2021-02-05	15:00	37659,64	37800	37392,71	37705,27	LONG	0,00167	5981,87	0,00385	HOLD	98,2349	151,1829
2021-02-05	16:00	37705,27	37769,85	37211,85	37251,07	LONG	0,00167	5981,87	0,00385	HOLD	98,2349	150,4244
2021-02-05	17:00	37251,07	37655,44	37200	37395,91	LONG	0,00167	5981,87	0,00385	HOLD	98,2349	150,6663
2021-02-05	18:00	37395,92	37733,75	37395,78	37691,32	LONG	0,00167	5981,87	0,00385	HOLD	98,2349	151,1596
2021-02-05	19:00	37691,32	38151,69	37527,14	37850,36	LONG	0,00167	5981,87	0,00385	HOLD	98,2349	151,4252
2021-02-05	20:00	37850,36	38298	37767,09	38272,32	LONG	0,00167	5981,87	0,00385	HOLD	98,2349	152,1299
2021-02-05	21:00	38272,33	38310,12	37960,73	38095,02	LONG	0,00167	5981,87	0,00385	HOLD	98,2349	151,8338
2021-02-05	22:00	38095,14	38288,19	37871,42	37960,76	LONG	0,00167	5981,87	0,00385	HOLD	98,2349	151,6096
2021-02-05	23:00	37960,76	38163,34	37655,17	37809,55	LONG	0,00167	5981,87	0,00385	HOLD	98,2349	151,3571
2021-02-06	00:00	37813,19	37950	37733	37894,61	LONG	0,00167	5981,87	0,00385	HOLD	98,2349	151,4991
2021-02-06	01:00	37894,61	37922,44	37312,25	37406,23	LONG	0,00167	5981,87	0,00385	HOLD	98,2349	150,6835
2021-02-06	02:00	37405,63	37676,13	37230	37608,92	LONG	0,00167	5981,87	0,00385	HOLD	98,2349	151,022
2021-02-06	03:00	37608,91	37790	37485,94	37740,39	LONG	0,00167	5981,87	0,00385	HOLD	98,2349	151,2416
2021-02-06	04:00	37740,4	37920	37656,29	37819,67	LONG	0,00167	5981,87	0,00385	HOLD	98,2349	151,374
2021-02-06	05:00	37819,67	37971,61	37652,79	37784,12	LONG	0,00167	5981,87	0,00385	HOLD	98,2349	151,3146
2021-02-06	06:00	37782,98	38309	37743,81	38290,24	LONG	0,00167	5981,87	0,00385	HOLD	98,2349	152,1598
2021-02-06	07:00	38289,32	38879	38215,94	38740,92	LONG	0,00167	5981,87	0,00385	HOLD	98,2349	152,9125
2021-02-06	08:00	38740,92	39482,18	38275,86	38806,45	LONG	0,00167	5981,87	0,00385	HOLD	98,2349	153,0219
2021-02-06	09:00	38806,45	39535,36	38612	39382,1	LONG	0,00167	5981,87	0,00385	HOLD	98,2349	153,9832
2021-02-06	10:00	39383,26	39666	39200	39384,74	LONG	0,00167	5981,87	0,00385	HOLD	98,2349	153,9877
2021-02-06	11:00	39386,92	39386,93	38933	39179,56	LONG	0,00167	5981,87	0,00385	HOLD	98,2349	153,645
2021-02-06	12:00	39179,56	39238	38600	39014,73	LONG	0,00167	5981,87	0,00385	HOLD	98,2349	153,3697
2021-02-06	13:00	39015,08	39458,37	38989,9	39267,47	LONG	0,00167	5981,87	0,00385	HOLD	98,2349	153,7918
2021-02-06	14:00	39267,47	39488,62	39156,16	39359,12	LONG	0,00167	5981,87	0,00385	HOLD	98,2349	153,9449
2021-02-06	15:00	39362,27	39699,69	39297,75	39425,02	LONG	0,00167	5981,87	0,00385	HOLD	98,2349	154,0549
2021-02-06	16:00	39427	39900	39400	39887,91	LONG	0,00167	5981,87	0,00385	HOLD	98,2349	154,828
2021-02-06	17:00	39887,91	40000	39516,17	39998,63	LONG	0,00167	5981,87	0,00385	HOLD	98,2349	155,0129
2021-02-06	18:00	39998,63	40479,86	39992,64	40199,99	LONG	0,00167	5981,87	0,00385	HOLD	98,2349	155,3491
2021-02-06	19:00	40199,52	40445,55	39836,72	39902,49	LONG	0,00167	5981,87	0,00385	HOLD	98,2349	154,8523
2021-02-06	20:00	39902,5	40255,08	39900	40130,47	LONG	0,00167	5981,87	0,00385	HOLD	98,2349	155,233
2021-02-06	21:00	40127,07	40574,85	40125,3	40268,44	LONG	0,00167	5981,87	0,00385	HOLD	98,2349	155,4634
2021-02-06	22:00	40268,44	40866,66	40134,8	40864,73	LONG	0,00167	5981,87	0,00385	HOLD	98,2349	156,4592
2021-02-06	23:00	40865,12	40955,51	40478,19	40608,76	LONG	0,00167	5981,87	0,00385	HOLD	98,2349	156,0318
2021-02-07	00:00	40608,77	40662,01	40163,67	40197,01	LONG	0,00167	5981,87	0,00385	HOLD	98,2349	155,3441
2021-02-07	01:00	40197,01	40444,44	40052,39	40276,41	LONG	0,00167	5981,87	0,00385	HOLD	98,2349	155,4767
2021-02-07	02:00	40276,41	40420	39940,44	40179,42	LONG	0,00167	5981,87	0,00385	HOLD	98,2349	155,3148
2021-02-07	03:00	40179,42	40179,42	39572,74	40087,4	LONG	0,00167	5981,87	0,00385	HOLD	98,2349	155,1611
2021-02-07	04:00	40087,4	40250	40026,98	40028,19	LONG	0,00167	5981,87	0,00385	HOLD	98,2349	155,0622
2021-02-07	05:00	40028,91	40469,19	39869	39992,77	LONG	0,00167	5981,87	0,00385	HOLD	98,2349	155,0031
2021-02-07	06:00	39992,77	40083,86	39035,33	39186,94	LONG	0,00167	5981,87	0,00385	HOLD	98,2349	153,6573
2021-02-07	07:00	39181,01	39611,04	38701	39564,17	LONG	0,00167	5981,87	0,00385	HOLD	98,2349	154,2873
2021-02-07	08:00	39564,16	39588,9	38500	38627,36	LONG	0,00167	5981,87	0,00385	HOLD	98,2349	152,7228
2021-02-07	09:00	38627,36	38820	38344	38747,31	LONG	0,00167	5981,87	0,00385	HOLD	98,2349	152,9231
2021-02-07	10:00	38747,31	38926,58	38554,63	38841,46	LONG	0,00167	5981,87	0,00385	HOLD	98,2349	153,0804
2021-02-07	11:00	38839,52	38839,52	37923	38312,99	LONG	0,00167	5981,87	0,00385	HOLD	98,2349	152,1978
2021-02-07	12:00	38312,99	38692,04	38175,02	38511	LONG	0,00167	5981,87	0,00385	HOLD	98,2349	152,5285
2021-02-07	13:00	38511,01	38700	38282,44	38531,35	LONG	0,00167	5981,87	0,00385	HOLD	98,2349	152,5625
2021-02-07	14:00	38531,35	39094,36	38410,63	39030	LONG	0,00167	5981,87	0,00385	HOLD	98,2349	153,3952
2021-02-07	15:00	39030	39529	39021,22	39496,96	LONG	0,00167	5981,87	0,00385	HOLD	98,2349	154,1751
2021-02-07	16:00	39496,96	39700	39304,18	39513,92	LONG	0,00167	5981,87	0,00385	HOLD	98,2349	154,2034
2021-02-07	17:00	39513,92	39658,04	39124,39	39331,42	LONG	0,00167	5981,87	0,00385	HOLD	98,2349	153,8986
2021-02-07	18:00	39331,43	39358	38762,16	39046,6	LONG	0,00167	5981,87	0,00385	HOLD	98,2349	153,423
2021-02-07	19:00	39044,37	39272,69	38530,25	38820,87	LONG	0,00167	5981,87	0,00385	HOLD	98,2349	153,046
2021-02-07	20:00	38820,87	39119,47	38381,62	38629,26	LONG	0,00167	5981,87	0,00385	HOLD	98,2349	152,726
2021-02-07	21:00	38629,26	38700	38162,87	38214,98	LONG	0,00167	5981,87	0,00385	HOLD	98,2349	152,0342
2021-02-07	22:00	38215,01	38395,26	37580	37921,11	LONG	0,00167	5981,87	0,00385	HOLD	98,2349	151,5434
2021-02-07	23:00	37921,12	38244,5	37351	38185,72	LONG	0,00167	5981,87	0,00385	HOLD	98,2349	151,9853
2021-02-08	00:00	38179,78	38208,6	37685,96	37870,62	LONG	0,00167	5981,87	0,00385	HOLD	98,2349	151,4591
2021-02-08	01:00	37870,63	38342,88	37846,66	38239,1	LONG	0,00167	5981,87	0,00385	HOLD	98,2349	152,0744
2021-02-08	02:00	38239,37	38444	37976	38050	LONG	0,00167	5981,87	0,00385	HOLD	98,2349	151,7586
2021-02-08	03:00	38050	38492,82	37660,97	38471,95	LONG	0,00167	5981,87	0,00385	HOLD	98,2349	152,4633
2021-02-08	04:00	38471,96	38635,42	38355,45	38530,33	LONG	0,00167	5981,87	0,00385	HOLD	98,2349	152,5608
2021-02-08	05:00	38530,37	38832,99	38285,1	38797,02	LONG	0,00167	5981,87	0,00385	HOLD	98,2349	153,0062
2021-02-08	06:00	38797,02	39080	38715,66	38795,69	LONG	0,00167	5981,87	0,00385	HOLD	98,2349	153,0039
2021-02-08	07:00	38795,69	39130	38650,76	38725,4	LONG	0,00167	5981,87	0,00385	HOLD	98,2349	152,8866
2021-02-08	08:00	38725,4	38909,95	38430,48	38521,72	LONG	0,00167	5981,87	0,00385	HOLD	98,2349	152,5464
2021-02-08	09:00	38521,72	38650	38149	38249	LONG	0,00167	5981,87	0,00385	HOLD	98,2349	152,091
2021-02-08	10:00	38249	38497,5	37988,89	38076,06	LONG	0,00167	5981,87	0,00385	HOLD	98,2349	151,8022
2021-02-08	11:00	38073,02	38684,21	37992,39	38584,7	LONG	0,00167	5981,87	0,00385	HOLD	98,2349	152,6516
2021-02-08	12:00	38584,92	38872	38440,68	38677,47	LONG	0,00167	5981,87	0,00385	HOLD	98,2349	152,8065
2021-02-08	13:00	38677,84	39233,39	38620	39012,69	LONG	0,00167	5981,87	0,00385	HOLD	98,2349	153,3663
2021-02-08	14:00	39012,69	39391,78	38874,63	39269,95	LONG	0,00167	5981,87	0,00385	HOLD	98,2349	153,796
2021-02-08	15:00	39269,78	39349,56	39040,17	39175,38	LONG	0,00167	5981,87	0,00385	HOLD	98,2349	153,638
2021-02-08	16:00	39175,38	39364,77	38888	38954,27	LONG	0,00167	5981,87	0,00385	HOLD	98,2349	153,2688
2021-02-08	17:00	38954,28	39450,1	38844,75	39418,71	LONG	0,00167	5981,87	0,00385	HOLD	98,2349	154,0444
2021-02-08	18:00	39418,71	39498,99	39301,01	39423,08	LONG	0,00167	5981,87	0,00385	HOLD	98,2349	154,0517
2021-02-08	19:00	39423,08	43231,1	39094,01	42984,07	LONG	0,00167	5981,87	0,00385	HOLD	98,2349	159,9985
2021-02-08	20:00	42984,07	44918	41906,7	42897,12	LONG	0,00167	5981,87	0,00385	HOLD	98,2349	159,8533
2021-02-08	21:00	42907,14	44057,94	42767,63	43558,73	LONG	0,00167	5981,87	0,00385	HOLD	98,2349	160,9582
2021-02-08	22:00	43560,93	44164,74	43345,27	43716,32	LONG	0,00167	5981,87	0,00385	HOLD	98,2349	161,2214
2021-02-08	23:00	43703,23	44280	43051	43170,24	LONG	0,00167	5981,87	0,00385	HOLD	98,2349	160,3094
2021-02-09	00:00	43184,74	43418,39	42521,62	43079,07	LONG	0,00167	5981,87	0,00385	HOLD	98,2349	160,1572
2021-02-09	01:00	43079,08	43397,02	42554,71	42673,49	LONG	0,00167	5981,87	0,00385	HOLD	98,2349	159,4799
2021-02-09	02:00	42673,49	43140,29	42644,49	43051,95	LONG	0,00167	5981,87	0,00385	HOLD	98,2349	160,1119
2021-02-09	03:00	43049,98	44350	42905,29	44151,07	LONG	0,00167	5981,87	0,00385	HOLD	98,2349	161,9474
2021-02-09	04:00	44151,08	44799,58	43898,01	44632,41	LONG	0,00167	5981,87	0,00385	HOLD	98,2349	162,7513
2021-02-09	05:00	44632,41	45034,48	44255,31	44682,76	LONG	0,00167	5981,87	0,00385	HOLD	98,2349	162,8354
2021-02-09	06:00	44682,76	46794,45	44595,97	46374,87	LONG	0,00167	5981,87	0,00385	HOLD	98,2349	165,6612
2021-02-09	07:00	46374,86	47498	46233,95	46768,22	LONG	0,00167	5981,87	0,00385	HOLD	98,2349	166,3181
2021-02-09	08:00	46768,22	46770,61	45816,98	46158,97	LONG	0,00167	5981,87	0,00385	HOLD	98,2349	165,3006
2021-02-09	09:00	46158,97	46348,96	45567	45707,38	LONG	0,00167	5981,87	0,00385	HOLD	98,2349	164,5465
2021-02-09	10:00	45707,39	46750	45500	46599,51	LONG	0,00167	5981,87	0,00385	HOLD	98,2349	166,0363
2021-02-09	11:00	46599,51	46888	46198,76	46837,57	LONG	0,00167	5981,87	0,00385	HOLD	98,2349	166,4339
2021-02-09	12:00	46837,57	47219,13	46455,7	46850,12	LONG	0,00167	5981,87	0,00385	HOLD	98,2349	166,4548
2021-02-09	13:00	46852,68	48140,9	46563,31	48111,18	LONG	0,00167	5981,87	0,00385	HOLD	98,2349	168,5608
2021-02-09	14:00	48111,46	48142,19	47370,75	47505,4	LONG	0,00167	5981,87	0,00385	HOLD	98,2349	167,5492
2021-02-09	15:00	47505,39	47928,23	46624,84	47109,51	LONG	0,00167	5981,87	0,00385	HOLD	98,2349	166,888
2021-02-09	16:00	47106,59	47160	46000	46401,3	LONG	0,00167	5981,87	0,00385	HOLD	98,2349	165,7053
2021-02-09	17:00	46401,3	46588	45560,97	45641,77	LONG	0,00167	5981,87	0,00385	HOLD	98,2349	164,4369
2021-02-09	18:00	45641,77	46683,18	45601,01	46380,92	LONG	0,00167	5981,87	0,00385	HOLD	98,2349	165,6713
2021-02-09	19:00	46390,95	46806,41	45128,7	45300,17	LONG	0,00167	5981,87	0,00385	HOLD	98,2349	163,8664
2021-02-09	20:00	45300,17	46425	44961,09	46285,14	LONG	0,00167	5981,87	0,00385	HOLD	98,2349	165,5113
2021-02-09	21:00	46282,88	46700	46051,42	46624,44	LONG	0,00167	5981,87	0,00385	HOLD	98,2349	166,078
2021-02-09	22:00	46624,33	47083,84	46300	46773,63	LONG	0,00167	5981,87	0,00385	HOLD	98,2349	166,3271
2021-02-09	23:00	46773,63	47110,72	46011	46470,85	LONG	0,00167	5981,87	0,00385	HOLD	98,2349	165,8215
2021-02-10	00:00	46470,85	46940,91	46180	46483,67	LONG	0,00167	5981,87	0,00385	HOLD	98,2349	165,8429
2021-02-10	01:00	46484,23	47433,78	46254,02	47012,77	LONG	0,00167	5981,87	0,00385	HOLD	98,2349	166,7265
2021-02-10	02:00	47012,77	47289,28	46743,15	47060,18	LONG	0,00167	5981,87	0,00385	HOLD	98,2349	166,8056
2021-02-10	03:00	47060,38	47499,43	46668,48	47084,17	LONG	0,00167	5981,87	0,00385	HOLD	98,2349	166,8457
2021-02-10	04:00	47084,16	47461,06	46995,92	47231,03	LONG	0,00167	5981,87	0,00385	HOLD	98,2349	167,091
2021-02-10	05:00	47241,92	47241,92	46440,52	46839,01	LONG	0,00167	5981,87	0,00385	HOLD	98,2349	166,4363
2021-02-10	06:00	46839,99	46860	46201,37	46420,42	LONG	0,00167	5981,87	0,00385	HOLD	98,2349	165,7372
2021-02-10	07:00	46420,42	46900	46052,52	46517,64	LONG	0,00167	5981,87	0,00385	HOLD	98,2349	165,8996
2021-02-10	08:00	46517,64	46533,52	45979,58	46259,97	LONG	0,00167	5981,87	0,00385	HOLD	98,2349	165,4693
2021-02-10	09:00	46259,97	46800	46250	46276,51	LONG	0,00167	5981,87	0,00385	HOLD	98,2349	165,4969
2021-02-10	10:00	46276,52	46743,87	46140,73	46221,07	LONG	0,00167	5981,87	0,00385	HOLD	98,2349	165,4043
2021-02-10	11:00	46225,71	46319,03	45589,98	46020,4	LONG	0,00167	5981,87	0,00385	HOLD	98,2349	165,0692
2021-02-10	12:00	46020,4	46424,93	45826,85	46131,99	LONG	0,00167	5981,87	0,00385	HOLD	98,2349	165,2556
2021-02-10	13:00	46132	46650	46106,04	46510,25	LONG	0,00167	5981,87	0,00385	HOLD	98,2349	165,8873
2021-02-10	14:00	46510,26	46944,07	46400,17	46563,69	LONG	0,00167	5981,87	0,00385	HOLD	98,2349	165,9765
2021-02-10	15:00	46565,11	46844,59	46262,22	46668,89	LONG	0,00167	5981,87	0,00385	HOLD	98,2349	166,1522
2021-02-10	16:00	46668,89	46900	46451,12	46550	LONG	0,00167	5981,87	0,00385	HOLD	98,2349	165,9536
2021-02-10	17:00	46549,99	47310	46401	46630,17	LONG	0,00167	5981,87	0,00385	HOLD	98,2349	166,0875
2021-02-10	18:00	46630,17	46691,94	46277,31	46586,56	LONG	0,00167	5981,87	0,00385	HOLD	98,2349	166,0147
2021-02-10	19:00	46586,55	46593,34	44500	45652,34	LONG	0,00167	5981,87	0,00385	HOLD	98,2349	164,4546
2021-02-10	20:00	45655,13	45969,28	45314,32	45626,32	LONG	0,00167	5981,87	0,00385	HOLD	98,2349	164,4111
2021-02-10	21:00	45626,32	45988,2	44800	44954,12	LONG	0,00167	5981,87	0,00385	HOLD	98,2349	163,2885
2021-02-10	22:00	44954,13	45227,27	43727	44353,04	LONG	0,00167	5981,87	0,00385	HOLD	98,2349	162,2847
2021-02-10	23:00	44354,5	44900	43800	44746,66	LONG	0,00167	5981,87	0,00385	HOLD	98,2349	162,9421
2021-02-11	00:00	44746,65	45071,45	44446,12	44963,31	LONG	0,00167	5981,87	0,00385	HOLD	98,2349	163,3039
2021-02-11	01:00	44963,32	45200	44731,74	45088,17	LONG	0,00167	5981,87	0,00385	HOLD	98,2349	163,5124
2021-02-11	02:00	45088,16	45239,98	44450,1	45190,05	LONG	0,00167	5981,87	0,00385	HOLD	98,2349	163,6825
2021-02-11	03:00	45190,05	45240,7	44400	44555,59	LONG	0,00167	5981,87	0,00385	HOLD	98,2349	162,623
2021-02-11	04:00	44555,59	45028,15	44355	44999,09	LONG	0,00167	5981,87	0,00385	HOLD	98,2349	163,3636
2021-02-11	05:00	44999,09	45216,49	44880	45199,99	LONG	0,00167	5981,87	0,00385	HOLD	98,2349	163,6991
2021-02-11	06:00	45200	45322,09	44769,88	44807,58	LONG	0,00167	5981,87	0,00385	HOLD	98,2349	163,0438
2021-02-11	07:00	44807,58	45051,27	43994,02	44250	LONG	0,00167	5981,87	0,00385	HOLD	98,2349	162,1126
2021-02-11	08:00	44250	44554,91	44010,88	44180,86	LONG	0,00167	5981,87	0,00385	HOLD	98,2349	161,9972
2021-02-11	09:00	44180,08	44698,15	44172,57	44582,07	LONG	0,00167	5981,87	0,00385	HOLD	98,2349	162,6672
2021-02-11	10:00	44582,07	44582,07	44582,07	44582,07	LONG	0,00167	5981,87	0,00385	HOLD	98,2349	162,6672
2021-02-11	12:00	44583,71	44999	44507	44641,72	LONG	0,00167	5981,87	0,00385	HOLD	98,2349	162,7668
2021-02-11	13:00	44641,71	44918,19	44397,62	44559,99	LONG	0,00167	5981,87	0,00385	HOLD	98,2349	162,6303
2021-02-11	14:00	44559,98	45129,59	44559,98	44700,01	LONG	0,00167	5981,87	0,00385	HOLD	98,2349	162,8642
2021-02-11	15:00	44700	45095,49	44500	45017,02	LONG	0,00167	5981,87	0,00385	HOLD	98,2349	163,3936
2021-02-11	16:00	45017,01	45609,16	44789,11	45500,98	LONG	0,00167	5981,87	0,00385	HOLD	98,2349	164,2018
2021-02-11	17:00	45500,98	46377,44	45351	46279,8	LONG	0,00167	5981,87	0,00385	HOLD	98,2349	165,5024
2021-02-11	18:00	46279,81	46546,47	45864,4	46061,49	LONG	0,00167	5981,87	0,00385	HOLD	98,2349	165,1378
2021-02-11	19:00	46061,48	46625,83	46060,03	46516,39	LONG	0,00167	5981,87	0,00385	HOLD	98,2349	165,8975
2021-02-11	20:00	46516,39	48399	46516,39	47555,46	LONG	0,00167	5981,87	0,00385	HOLD	98,2349	167,6328
2021-02-11	21:00	47555,46	48100	47233	47864,81	LONG	0,00167	5981,87	0,00385	HOLD	98,2349	168,1494
2021-02-11	22:00	47864,81	48185,26	47576,58	47960,85	LONG	0,00167	5981,87	0,00385	HOLD	98,2349	168,3098
2021-02-11	23:00	47960,86	48298	47337,18	47590,53	LONG	0,00167	5981,87	0,00385	HOLD	98,2349	167,6913
2021-02-12	00:00	47590,52	47666,97	46900	47366,42	LONG	0,00167	5981,87	0,00385	HOLD	98,2349	167,3171
2021-02-12	01:00	47366,43	48010,54	47311,01	47653,14	LONG	0,00167	5981,87	0,00385	HOLD	98,2349	167,7959
2021-02-12	02:00	47653,15	48050	47526,28	47754,03	LONG	0,00167	5981,87	0,00385	HOLD	98,2349	167,9644
2021-02-12	03:00	47754,02	48678,9	47000	47027,49	LONG	0,00167	5981,87	0,00385	HOLD	98,2349	166,7511
2021-02-12	04:00	47027,49	47360	46542,29	46884,84	LONG	0,00167	5981,87	0,00385	HOLD	98,2349	166,5128
2021-02-12	05:00	46885,07	47727,37	46864,32	47712,94	LONG	0,00167	5981,87	0,00385	HOLD	98,2349	167,8958
2021-02-12	06:00	47716,44	48125,58	47588,65	47969,51	LONG	0,00167	5981,87	0,00385	HOLD	98,2349	168,3242
2021-02-12	07:00	47968,66	48985,8	47770,58	47990	LONG	0,00167	5981,87	0,00385	HOLD	98,2349	168,3584
2021-02-12	08:00	47990,01	48550	47721	48477,5	LONG	0,00167	5981,87	0,00451	HOLD	98,2349	169,1726
2021-02-12	09:00	48477,51	48477,51	47729,68	47935,66	LONG	0,00167	5981,87	0,00451	HOLD	98,2349	168,2677
2021-02-12	10:00	47935,66	47988,49	47338,35	47587,31	LONG	0,00167	5981,87	0,00451	HOLD	98,2349	167,6859
2021-02-12	11:00	47587,31	47587,31	46888	47271,55	LONG	0,00167	5981,87	0,00451	HOLD	98,2349	167,1586
2021-02-12	12:00	47271,54	47506,44	47086,3	47257,09	LONG	0,00167	5981,87	0,00451	HOLD	98,2349	167,1345
2021-02-12	13:00	47257,09	47551,02	46789	47380,16	LONG	0,00167	5981,87	0,00451	HOLD	98,2349	167,34
2021-02-12	14:00	47380,15	47475	46903,48	47318,81	LONG	0,00167	5981,87	0,00451	HOLD	98,2349	167,2376
2021-02-12	15:00	47318,02	47700	47080	47117,86	LONG	0,00167	5981,87	0,00451	HOLD	98,2349	166,902
2021-02-12	16:00	47117,86	47400	47027,03	47337	LONG	0,00167	5981,87	0,00451	HOLD	98,2349	167,2679
2021-02-12	17:00	47337,01	47711	47300	47381,16	LONG	0,00167	5981,87	0,00451	HOLD	98,2349	167,3417
2021-02-12	18:00	47371,8	47999	47280,26	47562,42	LONG	0,00167	5981,87	0,00451	HOLD	98,2349	167,6444
2021-02-12	19:00	47560,06	47957,87	47323,61	47669,82	LONG	0,00167	5981,87	0,00451	HOLD	98,2349	167,8237
2021-02-12	20:00	47669,82	48140	47646	47871,4	LONG	0,00167	5981,87	0,00451	HOLD	98,2349	168,1604
2021-02-12	21:00	47871,4	47878,74	46125	46547,5	LONG	0,00167	5981,87	0,00451	HOLD	98,2349	165,9495
2021-02-12	22:00	46542,6	47163,83	46525,25	47021,05	LONG	0,00167	5981,87	0,00451	HOLD	98,2349	166,7403
2021-02-12	23:00	47021,05	47980	47008,4	47614,4	LONG	0,00167	5981,87	0,00451	HOLD	98,2349	167,7312
2021-02-13	00:00	47612,52	47905	47459,78	47713,82	LONG	0,00167	5981,87	0,00451	HOLD	98,2349	167,8972
2021-02-13	01:00	47713,83	47800	46915,32	47269,25	LONG	0,00167	5981,87	0,00451	HOLD	98,2349	167,1548
2021-02-13	02:00	47268,27	47453,99	47086,32	47272,95	LONG	0,00167	5981,87	0,00451	HOLD	98,2349	167,161
2021-02-13	03:00	47272,96	47653,24	47140,26	47577,49	LONG	0,00167	5981,87	0,00451	HOLD	98,2349	167,6696
2021-02-13	04:00	47577,49	48150	47560,01	47860,54	LONG	0,00167	5981,87	0,00451	HOLD	98,2349	168,1422
2021-02-13	05:00	47860,75	47930	47602,71	47841,17	LONG	0,00167	5981,87	0,00451	HOLD	98,2349	168,1099
2021-02-13	06:00	47841,16	47870	47155	47287,6	LONG	0,00167	5981,87	0,00451	HOLD	98,2349	167,1854
2021-02-13	07:00	47298,15	47587,29	47200	47459,54	LONG	0,00167	5981,87	0,00451	HOLD	98,2349	167,4726
2021-02-13	08:00	47459,53	47799,61	47412,4	47626,98	LONG	0,00167	5981,87	0,00451	HOLD	98,2349	167,7522
2021-02-13	09:00	47629,76	47944,84	47503,57	47839,77	LONG	0,00167	5981,87	0,00451	HOLD	98,2349	168,1076
2021-02-13	10:00	47839,77	48150	47693,44	47829,22	LONG	0,00167	5981,87	0,00451	HOLD	98,2349	168,0899
2021-02-13	11:00	47829,21	47924,86	47598,89	47904,7	LONG	0,00167	5981,87	0,00451	HOLD	98,2349	168,216
2021-02-13	12:00	47904,69	47934,14	47397,71	47888	LONG	0,00167	5981,87	0,00451	HOLD	98,2349	168,1881
2021-02-13	13:00	47887,99	47922,22	47483,88	47728,26	LONG	0,00167	5981,87	0,00451	HOLD	98,2349	167,9213
2021-02-13	14:00	47728,25	47794,36	46990	46995,72	LONG	0,00167	5981,87	0,00451	HOLD	98,2349	166,698
2021-02-13	15:00	46995,01	47499,93	46618	47429,93	LONG	0,00167	5981,87	0,00451	HOLD	98,2349	167,4231
2021-02-13	16:00	47429,92	47569,03	47061	47205,53	LONG	0,00167	5981,87	0,00451	HOLD	98,2349	167,0484
2021-02-13	17:00	47205,52	47266,05	46660,44	46709,17	LONG	0,00167	5981,87	0,00451	HOLD	98,2349	166,2195
2021-02-13	18:00	46700,77	46990	46251	46589,2	LONG	0,00167	5981,87	0,00451	HOLD	98,2349	166,0191
2021-02-13	19:00	46586,23	47209,25	46202,53	46879,81	LONG	0,00167	5981,87	0,00451	HOLD	98,2349	166,5044
2021-02-13	20:00	46879,81	47150,22	46557,56	46971,43	LONG	0,00167	5981,87	0,00451	HOLD	98,2349	166,6574
2021-02-13	21:00	46971,43	47044,04	46596,37	46946,9	LONG	0,00167	5981,87	0,00451	HOLD	98,2349	166,6165
2021-02-13	22:00	46946,67	47300	46883,03	47076,01	LONG	0,00167	5981,87	0,00451	HOLD	98,2349	166,8321
2021-02-13	23:00	47076,02	47400,14	46864,48	47136,89	LONG	0,00167	5981,87	0,00451	HOLD	98,2349	166,9337
2021-02-14	00:00	47136,9	47190	46735,83	46855,24	LONG	0,00167	5981,87	0,00451	HOLD	98,2349	166,4634
2021-02-14	01:00	46855,23	47022,26	46738,24	46792,05	LONG	0,00167	5981,87	0,00451	HOLD	98,2349	166,3579
2021-02-14	02:00	46790,39	47086,92	46708,94	46870,15	LONG	0,00167	5981,87	0,00451	HOLD	98,2349	166,4883
2021-02-14	03:00	46871,95	46967,07	46653,58	46934,06	LONG	0,00167	5981,87	0,00451	HOLD	98,2349	166,595
2021-02-14	04:00	46934,07	47397,36	46700,38	47130,82	LONG	0,00167	5981,87	0,00451	HOLD	98,2349	166,9236
2021-02-14	05:00	47132,94	47280,26	46863,63	47058,88	LONG	0,00167	5981,87	0,00451	HOLD	98,2349	166,8035
2021-02-14	06:00	47058,88	47300	47001,01	47153,69	LONG	0,00167	5981,87	0,00451	HOLD	98,2349	166,9618
2021-02-14	07:00	47156,78	47695,18	47014,17	47594,52	LONG	0,00167	5981,87	0,00451	HOLD	98,2349	167,698
2021-02-14	08:00	47594,52	47730	47244,88	47471,23	LONG	0,00167	5981,87	0,00451	HOLD	98,2349	167,4921
2021-02-14	09:00	47475,25	47630	47291,13	47378,87	LONG	0,00167	5981,87	0,00451	HOLD	98,2349	167,3379
2021-02-14	10:00	47378,87	47498,74	47204,98	47267,21	LONG	0,00167	5981,87	0,00451	HOLD	98,2349	167,1514
2021-02-14	11:00	47267,2	47650,62	47220,42	47551,25	LONG	0,00167	5981,87	0,00451	HOLD	98,2349	167,6257
2021-02-14	12:00	47551,25	48948	47497,39	48929,18	LONG	0,00167	5981,87	0,00451	HOLD	98,2349	169,9269
2021-02-14	13:00	48929,18	49404,94	48505,69	48745,29	LONG	0,00167	5981,87	0,00451	HOLD	98,2349	169,6198
2021-02-14	14:00	48745,28	49082,33	48520	48725,18	LONG	0,00167	5981,87	0,00451	HOLD	98,2349	169,5862
2021-02-14	15:00	48725,18	49018,37	48389,55	48710,17	LONG	0,00167	5981,87	0,00451	HOLD	98,2349	169,5611
2021-02-14	16:00	48710,17	49190	48610,86	49134,33	LONG	0,00167	5981,87	0,00451	HOLD	98,2349	170,2695
2021-02-14	17:00	49133,33	49349,76	48956,26	49024,21	LONG	0,00167	5981,87	0,00451	HOLD	98,2349	170,0856
2021-02-14	18:00	49024,22	49139,38	48750,59	49055,16	LONG	0,00167	5981,87	0,00451	HOLD	98,2349	170,1373
2021-02-14	19:00	49055,17	49707,43	48999,57	49436,86	LONG	0,00167	5981,87	0,00451	HOLD	98,2349	170,7747
2021-02-14	20:00	49434,05	49578,67	48550	48759,63	LONG	0,00167	5981,87	0,00451	HOLD	98,2349	169,6437
2021-02-14	21:00	48759,62	49069,37	48449,76	48757,38	LONG	0,00167	5981,87	0,00451	HOLD	98,2349	169,64
2021-02-14	22:00	48757,39	48943,47	48101,38	48541,18	LONG	0,00167	5981,87	0,00451	HOLD	98,2349	169,2789
2021-02-14	23:00	48537,96	49075,43	48424,66	49006,74	LONG	0,00167	5981,87	0,00451	HOLD	98,2349	170,0564
2021-02-15	00:00	49005,01	49100	48587	48619,19	LONG	0,00167	5981,87	0,00451	HOLD	98,2349	169,4092
2021-02-15	01:00	48619,2	48819,29	48400,31	48739,99	LONG	0,00167	5981,87	0,00451	HOLD	98,2349	169,6109
2021-02-15	02:00	48739,99	48919,86	48479,8	48693,39	LONG	0,00167	5981,87	0,00451	HOLD	98,2349	169,5331
2021-02-15	03:00	48693,38	49000	48600	48929,5	LONG	0,00167	5981,87	0,00451	HOLD	98,2349	169,9274
2021-02-15	04:00	48929,5	49058,74	48755,47	48822,66	LONG	0,00167	5981,87	0,00451	HOLD	98,2349	169,749
2021-02-15	05:00	48822,67	49300	48706,53	49012,94	LONG	0,00167	5981,87	0,00451	HOLD	98,2349	170,0668
2021-02-15	06:00	49012,94	49094,71	48505,79	48577,79	LONG	0,00167	5981,87	0,00451	HOLD	98,2349	169,3401
2021-02-15	07:00	48580,47	49010,92	48428	48763,62	LONG	0,00167	5981,87	0,00451	HOLD	98,2349	169,6504
2021-02-15	08:00	48763,79	48816,62	47700	48011,44	LONG	0,00167	5981,87	0,00451	HOLD	98,2349	168,3942
2021-02-15	09:00	48011,45	48213,83	45570,79	46874,02	LONG	0,00167	5981,87	0,00451	HOLD	98,2349	166,4948
2021-02-15	10:00	46874,01	47269,09	46540,67	47120,3	LONG	0,00167	5981,87	0,00451	HOLD	98,2349	166,906
2021-02-15	11:00	47120,31	47136,02	46174,78	46866,57	LONG	0,00167	5981,87	0,00451	HOLD	98,2349	166,4823
2021-02-15	12:00	46866,56	47000	46400	46722,49	LONG	0,00167	5981,87	0,00451	HOLD	98,2349	166,2417
2021-02-15	13:00	46722,48	47140	46683,02	46887,36	LONG	0,00167	5981,87	0,00451	HOLD	98,2349	166,517
2021-02-15	14:00	46887,36	47441,02	46831,61	47267,06	LONG	0,00167	5981,87	0,00451	HOLD	98,2349	167,1511
2021-02-15	15:00	47270,5	47772	47112,38	47599,99	LONG	0,00167	5981,87	0,00451	HOLD	98,2349	167,7071
2021-02-15	16:00	47600	47724,64	47201,27	47505,66	LONG	0,00167	5981,87	0,00451	HOLD	98,2349	167,5496
2021-02-15	17:00	47505,67	47888	47306,02	47849,99	LONG	0,00167	5981,87	0,00451	HOLD	98,2349	168,1246
2021-02-15	18:00	47849,99	47999	47606,86	47802,66	LONG	0,00167	5981,87	0,00451	HOLD	98,2349	168,0456
2021-02-15	19:00	47802,67	48070	47423,99	47951,01	LONG	0,00167	5981,87	0,00451	HOLD	98,2349	168,2933
2021-02-15	20:00	47951,01	48219,23	47800	47960,73	LONG	0,00167	5981,87	0,00451	HOLD	98,2349	168,3096
2021-02-15	21:00	47963,69	48150,62	47472,92	47564,16	LONG	0,00167	5981,87	0,00451	HOLD	98,2349	167,6473
2021-02-15	22:00	47563,58	48000	47536,15	47938,83	LONG	0,00167	5981,87	0,00451	HOLD	98,2349	168,273
2021-02-15	23:00	47938,84	48570,75	47938,83	48494,96	LONG	0,00167	5981,87	0,00451	HOLD	98,2349	169,2017
2021-02-16	00:00	48494,97	48800	48399,23	48562,31	LONG	0,00167	5981,87	0,00451	HOLD	98,2349	169,3142
2021-02-16	01:00	48562,31	48698,52	48342,22	48358,99	LONG	0,00167	5981,87	0,00451	HOLD	98,2349	168,9747
2021-02-16	02:00	48361	48742,52	48354,78	48657,31	LONG	0,00167	5981,87	0,00451	HOLD	98,2349	169,4728
2021-02-16	03:00	48657,31	48801	48453,87	48580,99	LONG	0,00167	5981,87	0,00451	HOLD	98,2349	169,3454
2021-02-16	04:00	48581	48750	48111,11	48207,54	LONG	0,00167	5981,87	0,00451	HOLD	98,2349	168,7217
2021-02-16	05:00	48201,18	48334,23	47643	48284,89	LONG	0,00167	5981,87	0,00451	HOLD	98,2349	168,8509
2021-02-16	06:00	48284,9	48432,73	47809,99	47911,1	LONG	0,00167	5981,87	0,00451	HOLD	98,2349	168,2267
2021-02-16	07:00	47911,1	47958,4	47003,62	47669,02	LONG	0,00167	5981,87	0,00451	HOLD	98,2349	167,8224
2021-02-16	08:00	47669,03	48319,33	47605,96	48305,28	LONG	0,00167	5981,87	0,00451	HOLD	98,2349	168,885
2021-02-16	09:00	48305,28	48689,25	48160,12	48442,06	LONG	0,00167	5981,87	0,00451	HOLD	98,2349	169,1134
2021-02-16	10:00	48442,05	49670	48405,11	49624,03	LONG	0,00167	5981,87	0,00451	HOLD	98,2349	171,0873
2021-02-16	11:00	49624,02	49998	49068,41	49350,01	LONG	0,00167	5981,87	0,00451	HOLD	98,2349	170,6297
2021-02-16	12:00	49350,01	49500	48969	49179,03	LONG	0,00167	5981,87	0,00451	HOLD	98,2349	170,3441
2021-02-16	13:00	49179,04	49234,7	48550	49023,74	LONG	0,00167	5981,87	0,00451	HOLD	98,2349	170,0848
2021-02-16	14:00	49020,91	49281,81	48609,9	49163,46	LONG	0,00167	5981,87	0,00451	HOLD	98,2349	170,3181
2021-02-16	15:00	49161,75	49300	48871,2	49293,26	LONG	0,00167	5981,87	0,00451	HOLD	98,2349	170,5349
2021-02-16	16:00	49289,75	49318,47	48900	49283,3	LONG	0,00167	5981,87	0,00451	HOLD	98,2349	170,5183
2021-02-16	17:00	49283,3	49318,47	48750,09	49020	LONG	0,00167	5981,87	0,00451	HOLD	98,2349	170,0785
2021-02-16	18:00	49020	49114,68	48700	48915,48	LONG	0,00167	5981,87	0,00451	HOLD	98,2349	169,904
2021-02-16	19:00	48915,49	50689,18	48403,21	49650,01	LONG	0,00167	5981,87	0,00451	HOLD	98,2349	171,1307
2021-02-16	20:00	49650	49826,12	48862,99	48950,89	LONG	0,00167	5981,87	0,00451	HOLD	98,2349	169,9631
2021-02-16	21:00	48950,89	49457	48700	49289,4	LONG	0,00167	5981,87	0,00451	HOLD	98,2349	170,5284
2021-02-16	22:00	49286,8	49509,84	48935,7	48956,91	LONG	0,00167	5981,87	0,00451	HOLD	98,2349	169,9732
2021-02-16	23:00	48956,91	49291	48073	48167,68	LONG	0,00167	5981,87	0,00451	HOLD	98,2349	168,6552
2021-02-17	00:00	48165,07	48618,6	48128,81	48230,5	LONG	0,00167	5981,87	0,00451	HOLD	98,2349	168,7601
2021-02-17	01:00	48230,63	48692,1	47750	48616,79	LONG	0,00167	5981,87	0,00451	HOLD	98,2349	169,4052
2021-02-17	02:00	48616,79	48800,42	48340,14	48537,39	LONG	0,00167	5981,87	0,00451	HOLD	98,2349	169,2726
2021-02-17	03:00	48536,35	48784,29	48173,81	48769,27	LONG	0,00167	5981,87	0,00451	HOLD	98,2349	169,6598
2021-02-17	04:00	48769,28	48809,09	48355,8	48575,07	LONG	0,00167	5981,87	0,00451	HOLD	98,2349	169,3355
2021-02-17	05:00	48575,06	49180	48524,65	49108,68	LONG	0,00167	5981,87	0,00451	HOLD	98,2349	170,2266
2021-02-17	06:00	49113,91	49290	48933,33	49133,45	LONG	0,00167	5981,87	0,00451	HOLD	98,2349	170,268
2021-02-17	07:00	49133,45	49566,66	49034,35	49079,99	LONG	0,00167	5981,87	0,00451	HOLD	98,2349	170,1787
2021-02-17	08:00	49079,99	49417,25	48947	49282,8	LONG	0,00167	5981,87	0,00451	HOLD	98,2349	170,5174
2021-02-17	09:00	49283,14	50274,88	49268,42	49654,89	LONG	0,00167	5981,87	0,00451	HOLD	98,2349	171,1388
2021-02-17	10:00	49657,54	49759,46	49231,09	49657,38	LONG	0,00167	5981,87	0,00451	HOLD	98,2349	171,143
2021-02-17	11:00	49657,84	49963,4	49106,75	49345,38	LONG	0,00167	5981,87	0,00451	HOLD	98,2349	170,6219
2021-02-17	12:00	49345,39	49731,03	49227,68	49706,8	LONG	0,00167	5981,87	0,00451	HOLD	98,2349	171,2255
2021-02-17	13:00	49706,8	50677,58	49624,06	50556,05	LONG	0,00167	5981,87	0,00451	HOLD	98,2349	172,6437
2021-02-17	14:00	50556,15	51266,09	50200	51112,39	LONG	0,00167	5981,87	0,00451	HOLD	98,2349	173,5728
2021-02-17	15:00	51116,77	51300	50628,58	51031,71	LONG	0,00167	5981,87	0,00451	HOLD	98,2349	173,4381
2021-02-17	16:00	51031,71	51678,36	50991,69	51431,04	LONG	0,00167	5981,87	0,00451	HOLD	98,2349	174,105
2021-02-17	17:00	51436,11	51612,8	50995	51192	LONG	0,00167	5981,87	0,00451	HOLD	98,2349	173,7058
2021-02-17	18:00	51192	51675,55	51101,07	51273,46	LONG	0,00167	5981,87	0,00451	HOLD	98,2349	173,8418
2021-02-17	19:00	51270,86	51530	50777,2	51039,56	LONG	0,00167	5981,87	0,00451	HOLD	98,2349	173,4512
2021-02-17	20:00	51039,56	51234	50542,3	51149,96	LONG	0,00167	5981,87	0,00451	HOLD	98,2349	173,6356
2021-02-17	21:00	51149,97	51284,78	50770,82	51262	LONG	0,00167	5981,87	0,00451	HOLD	98,2349	173,8227
2021-02-17	22:00	51262,01	51633,17	50968,87	51169,97	LONG	0,00167	5981,87	0,00451	HOLD	98,2349	173,669
2021-02-17	23:00	51169,97	51435,09	50780	51241,35	LONG	0,00167	5981,87	0,00451	HOLD	98,2349	173,7882
2021-02-18	00:00	51241,35	51436	51085,95	51376,85	LONG	0,00167	5981,87	0,00451	HOLD	98,2349	174,0145
2021-02-18	01:00	51380,78	51780	51304,96	51430,59	LONG	0,00167	5981,87	0,00451	HOLD	98,2349	174,1042
2021-02-18	02:00	51430,59	52395	51374,56	52142,35	LONG	0,00167	5981,87	0,00451	HOLD	98,2349	175,2929
2021-02-18	03:00	52142,36	52546	51956,82	52240	LONG	0,00167	5981,87	0,00451	HOLD	98,2349	175,4559
2021-02-18	04:00	52239,99	52618,74	52021,37	52349,99	LONG	0,00167	5981,87	0,00451	HOLD	98,2349	175,6396
2021-02-18	05:00	52349,99	52381,2	51893,34	52104,43	LONG	0,00167	5981,87	0,00451	HOLD	98,2349	175,2295
2021-02-18	06:00	52104,44	52397,84	51899,64	52119,71	LONG	0,00167	5981,87	0,00451	HOLD	98,2349	175,2551
2021-02-18	07:00	52117,67	52530	52104,69	52267,32	LONG	0,00167	5981,87	0,00451	HOLD	98,2349	175,5016
2021-02-18	08:00	52263,85	52383,42	52026,06	52132,46	LONG	0,00167	5981,87	0,00451	HOLD	98,2349	175,2764
2021-02-18	09:00	52132,47	52340,01	51933,24	52318,89	LONG	0,00167	5981,87	0,00451	HOLD	98,2349	175,5877
2021-02-18	10:00	52318,89	52399,73	51951	52032,64	LONG	0,00167	5981,87	0,00451	HOLD	98,2349	175,1097
2021-02-18	11:00	52032,64	52180	51712,5	52153,36	LONG	0,00167	5981,87	0,00451	HOLD	98,2349	175,3113
2021-02-18	12:00	52153,36	52298	52015,68	52170,01	LONG	0,00167	5981,87	0,00451	HOLD	98,2349	175,3391
2021-02-18	13:00	52170,02	52237,45	51862,78	51905,66	LONG	0,00167	5981,87	0,00451	HOLD	98,2349	174,8976
2021-02-18	14:00	51905,65	52085,85	51295	51901,96	LONG	0,00167	5981,87	0,00451	HOLD	98,2349	174,8914
2021-02-18	15:00	51901,95	52168,75	51542,32	51706,88	LONG	0,00167	5981,87	0,00451	HOLD	98,2349	174,5656
2021-02-18	16:00	51706,87	51873,41	51459,82	51770,99	LONG	0,00167	5981,87	0,00451	HOLD	98,2349	174,6727
2021-02-18	17:00	51772,82	52000	51529,2	51643,5	LONG	0,00167	5981,87	0,00451	HOLD	98,2349	174,4598
2021-02-18	18:00	51643,49	51720,32	51133	51374,07	LONG	0,00167	5981,87	0,00451	HOLD	98,2349	174,0098
2021-02-18	19:00	51375,12	51623,37	50901,9	51464,66	LONG	0,00167	5981,87	0,00451	HOLD	98,2349	174,1611
2021-02-18	20:00	51464,67	52025	51262,43	51796,24	LONG	0,00167	5981,87	0,00451	HOLD	98,2349	174,7149
2021-02-18	21:00	51796,24	52285	51613,23	52233,43	LONG	0,00167	5981,87	0,00451	HOLD	98,2349	175,445
2021-02-18	22:00	52233,43	52260	51450	51585,29	LONG	0,00167	5981,87	0,00451	HOLD	98,2349	174,3626
2021-02-18	23:00	51585,29	52099	51450	52091,02	LONG	0,00167	5981,87	0,00451	HOLD	98,2349	175,2071
2021-02-19	00:00	52091,03	52100	51777	51839,55	LONG	0,00167	5981,87	0,00451	HOLD	98,2349	174,7872
2021-02-19	01:00	51839,56	52177,75	51764,16	51862,85	LONG	0,00167	5981,87	0,00451	HOLD	98,2349	174,8261
2021-02-19	02:00	51860,4	52070,68	51685	51760,01	LONG	0,00167	5981,87	0,00451	HOLD	98,2349	174,6544
2021-02-19	03:00	51760,01	52115,92	51514,26	52111,89	LONG	0,00167	5981,87	0,00451	HOLD	98,2349	175,242
2021-02-19	04:00	52111,89	52195,12	51892,2	52007,21	LONG	0,00167	5981,87	0,00451	HOLD	98,2349	175,0672
2021-02-19	05:00	52005,08	52075,07	51615,01	51837,19	LONG	0,00167	5981,87	0,00451	HOLD	98,2349	174,7832
2021-02-19	06:00	51837,18	51920,51	51510	51552,6	LONG	0,00167	5981,87	0,00451	HOLD	98,2349	174,308
2021-02-19	07:00	51552,61	51943,99	51452	51511,33	LONG	0,00167	5981,87	0,00451	HOLD	98,2349	174,2391
2021-02-19	08:00	51512,62	51700,99	51165,88	51325,44	LONG	0,00167	5981,87	0,00451	HOLD	98,2349	173,9286
2021-02-19	09:00	51325,44	51339,05	50710,2	51248,52	LONG	0,00167	5981,87	0,00451	HOLD	98,2349	173,8002
2021-02-19	10:00	51248,53	51500,15	51200	51245	LONG	0,00167	5981,87	0,00451	HOLD	98,2349	173,7943
2021-02-19	11:00	51247,86	51530,56	50918	51166,3	LONG	0,00167	5981,87	0,00451	HOLD	98,2349	173,6629
2021-02-19	12:00	51166,29	51567,26	51166,29	51524,05	LONG	0,00167	5981,87	0,00451	HOLD	98,2349	174,2603
2021-02-19	13:00	51524,06	51822,96	51517,16	51734,88	LONG	0,00167	5981,87	0,00451	HOLD	98,2349	174,6124
2021-02-19	14:00	51734,87	51894,77	51654,57	51727,08	LONG	0,00167	5981,87	0,00451	HOLD	98,2349	174,5994
2021-02-19	15:00	51727,09	52293,77	51649,82	52236,31	LONG	0,00167	5981,87	0,00451	HOLD	98,2349	175,4498
2021-02-19	16:00	52236,31	52965,31	52218,62	52690,7	LONG	0,00167	5981,87	0,00451	HOLD	98,2349	176,2086
2021-02-19	17:00	52690,75	52984,99	52625	52687,6	LONG	0,00167	5981,87	0,00451	HOLD	98,2349	176,2034
2021-02-19	18:00	52685,98	52863,19	52485,95	52710	LONG	0,00167	5981,87	0,00451	HOLD	98,2349	176,2408
2021-02-19	19:00	52709,99	52729,75	52400,09	52534,75	LONG	0,00167	5981,87	0,00451	HOLD	98,2349	175,9482
2021-02-19	20:00	52534,76	52850	52315,37	52800,04	LONG	0,00167	5981,87	0,00451	HOLD	98,2349	176,3912
2021-02-19	21:00	52800,03	53280	52653,93	52890	LONG	0,00167	5981,87	0,00451	HOLD	98,2349	176,5414
2021-02-19	22:00	52877,1	53886,07	52810,11	53863,19	LONG	0,00167	5981,87	0,00451	HOLD	98,2349	178,1667
2021-02-19	23:00	53863,82	54850	53605,58	54368,65	LONG	0,00167	5981,87	0,00451	HOLD	98,2349	179,0108
2021-02-20	00:00	54368,61	54766,34	54054	54765,49	LONG	0,00167	5981,87	0,00451	HOLD	98,2349	179,6735
2021-02-20	01:00	54765,5	55435,96	54525,11	55384,46	LONG	0,00167	5981,87	0,00451	HOLD	98,2349	180,7072
2021-02-20	02:00	55384,46	55843,78	54583,95	54990,01	LONG	0,00167	5981,87	0,00451	HOLD	98,2349	180,0485
2021-02-20	03:00	54994,85	55698,16	54800	55348,33	LONG	0,00167	5981,87	0,00451	HOLD	98,2349	180,6469
2021-02-20	04:00	55345,17	56368	55304,52	55651,16	LONG	0,00167	5981,87	0,00451	HOLD	98,2349	181,1526
2021-02-20	05:00	55651,16	55767,29	55130	55426,4	LONG	0,00167	5981,87	0,00451	HOLD	98,2349	180,7772
2021-02-20	06:00	55426,4	55950	55330	55906	LONG	0,00167	5981,87	0,00451	HOLD	98,2349	181,5782
2021-02-20	07:00	55906	56500	55322	56226,73	LONG	0,00167	5981,87	0,00451	HOLD	98,2349	182,1138
2021-02-20	08:00	56223,44	56609,14	55946,27	56179,17	LONG	0,00167	5981,87	0,00451	HOLD	98,2349	182,0344
2021-02-20	09:00	56179,16	56395	55959,41	56143,46	LONG	0,00167	5981,87	0,00451	HOLD	98,2349	181,9747
2021-02-20	10:00	56143,46	56250	55481,38	55706,07	LONG	0,00167	5981,87	0,00451	HOLD	98,2349	181,2443
2021-02-20	11:00	55711,9	56144,87	55511	55815,19	LONG	0,00167	5981,87	0,00451	HOLD	98,2349	181,4265
2021-02-20	12:00	55815,19	55952,18	55555,55	55675,43	LONG	0,00167	5981,87	0,00451	HOLD	98,2349	181,1931
2021-02-20	13:00	55675,44	55952,88	55580	55937,12	LONG	0,00167	5981,87	0,00451	HOLD	98,2349	181,6301
2021-02-20	14:00	55937,02	55967,14	55185,98	55207,92	LONG	0,00167	5981,87	0,00451	HOLD	98,2349	180,4124
2021-02-20	15:00	55207,93	55674,68	55185,16	55236,53	LONG	0,00167	5981,87	0,00451	HOLD	98,2349	180,4601
2021-02-20	16:00	55236,54	55525	55030	55252,4	LONG	0,00167	5981,87	0,00451	HOLD	98,2349	180,4867
2021-02-20	17:00	55252,4	55929,23	55210,53	55895,31	LONG	0,00167	5981,87	0,00451	HOLD	98,2349	181,5603
2021-02-20	18:00	55895,31	56388,37	55752,77	56355,91	LONG	0,00167	5981,87	0,00451	HOLD	98,2349	182,3295
2021-02-20	19:00	56355,94	57700,46	56268,01	57291,92	LONG	0,00167	5981,87	0,00451	HOLD	98,2349	183,8926
2021-02-20	20:00	57291,93	57550	56923,04	57274,34	LONG	0,00167	5981,87	0,00451	HOLD	98,2349	183,8633
2021-02-20	21:00	57274,35	57426,57	56080	56280,83	LONG	0,00167	5981,87	0,00451	HOLD	98,2349	182,2041
2021-02-20	22:00	56280,83	56759,99	55722,11	56145,97	LONG	0,00167	5981,87	0,00451	HOLD	98,2349	181,9789
2021-02-20	23:00	56136,55	56943,6	56136,55	56720,16	LONG	0,00167	5981,87	0,00451	HOLD	98,2349	182,9378
2021-02-21	00:00	56720,17	57425	56713,79	57048,35	LONG	0,00167	5981,87	0,00451	HOLD	98,2349	183,4859
2021-02-21	01:00	57048,35	57152,33	56800,01	57115,24	LONG	0,00167	5981,87	0,00451	HOLD	98,2349	183,5976
2021-02-21	02:00	57118,09	57234,48	56709,23	56975,12	LONG	0,00167	5981,87	0,00451	HOLD	98,2349	183,3636
2021-02-21	03:00	56975,12	57050	56562,51	56719,52	LONG	0,00167	5981,87	0,00451	HOLD	98,2349	182,9367
2021-02-21	04:00	56719,52	56878,28	56250,66	56472,13	LONG	0,00167	5981,87	0,00451	HOLD	98,2349	182,5236
2021-02-21	05:00	56472,13	56495,33	53863,93	55423,99	LONG	0,00167	5981,87	0,00451	HOLD	98,2349	180,7732
2021-02-21	06:00	55424	56191,43	55378,02	55841,19	LONG	0,00167	5981,87	0,00451	HOLD	98,2349	181,4699
2021-02-21	07:00	55841,19	56061,64	55477,59	55834,95	LONG	0,00167	5981,87	0,00451	HOLD	98,2349	181,4595
2021-02-21	08:00	55834,95	56351,08	55717,87	56347,69	LONG	0,00167	5981,87	0,00451	HOLD	98,2349	182,3158
2021-02-21	09:00	56347,7	56660,94	56253,77	56318,08	LONG	0,00167	5981,87	0,00451	HOLD	98,2349	182,2663
2021-02-21	10:00	56318,08	56900	56311,4	56505,22	LONG	0,00167	5981,87	0,00451	HOLD	98,2349	182,5789
2021-02-21	11:00	56505,22	56725,12	56040,31	56701,08	LONG	0,00167	5981,87	0,00451	HOLD	98,2349	182,9059
2021-02-21	12:00	56701,08	56959,71	56511,54	56545,13	LONG	0,00167	5981,87	0,00451	HOLD	98,2349	182,6455
2021-02-21	13:00	56545,12	56609,46	56250	56493,23	LONG	0,00167	5981,87	0,00451	HOLD	98,2349	182,5588
2021-02-21	14:00	56493,22	56594,23	55863,54	56091,76	LONG	0,00167	5981,87	0,00451	HOLD	98,2349	181,8884
2021-02-21	15:00	56092,02	56676,7	55821,03	56513,22	LONG	0,00167	5981,87	0,00451	HOLD	98,2349	182,5922
2021-02-21	16:00	56513,21	56845,9	56364,65	56795,81	LONG	0,00167	5981,87	0,00451	HOLD	98,2349	183,0641
2021-02-21	17:00	56795,81	57827	56657,96	57560	LONG	0,00167	5981,87	0,00451	HOLD	98,2349	184,3403
2021-02-21	18:00	57560	57570,94	57200	57284,79	LONG	0,00167	5981,87	0,00451	HOLD	98,2349	183,8807
2021-02-21	19:00	57284,78	57440,82	56589	56888,8	LONG	0,00167	5981,87	0,00451	HOLD	98,2349	183,2194
2021-02-21	20:00	56888,81	57220	56888,79	57154,19	LONG	0,00167	5981,87	0,00451	HOLD	98,2349	183,6626
2021-02-21	21:00	57154,19	57449	56783,33	57381,13	LONG	0,00167	5981,87	0,00451	HOLD	98,2349	184,0416
2021-02-21	22:00	57381,12	57555	57165,4	57313,99	LONG	0,00167	5981,87	0,00451	HOLD	98,2349	183,9295
2021-02-21	23:00	57313,99	57782	57006,16	57733,96	LONG	0,00167	5981,87	0,00451	HOLD	98,2349	184,6309
2021-02-22	00:00	57733,95	57749,82	57356,53	57499,01	LONG	0,00167	5981,87	0,00451	HOLD	98,2349	184,2385
2021-02-22	01:00	57499,02	58300	57333,79	58183,69	LONG	0,00167	5981,87	0,00451	HOLD	98,2349	185,3819
2021-02-22	02:00	58183,69	58352,8	57916,66	58072,62	LONG	0,00167	5981,87	0,00451	HOLD	98,2349	185,1964
2021-02-22	03:00	58072,62	58247,84	57458,15	57654,8	LONG	0,00167	5981,87	0,00451	HOLD	98,2349	184,4987
2021-02-22	04:00	57657,1	57900	57180	57293,53	LONG	0,00167	5981,87	0,00451	HOLD	98,2349	183,8953
2021-02-22	05:00	57293,52	57616,34	56935,03	57328,47	LONG	0,00167	5981,87	0,00451	HOLD	98,2349	183,9537
2021-02-22	06:00	57328,46	57590,05	57100	57408,57	LONG	0,00167	5981,87	0,00451	HOLD	98,2349	184,0875
2021-02-22	07:00	57412,35	57508,47	56230,84	56235,15	LONG	0,00167	5981,87	0,00451	HOLD	98,2349	182,1278
2021-02-22	08:00	56235,15	57000	56013,13	56860,04	LONG	0,00167	5981,87	0,00451	HOLD	98,2349	183,1714
2021-02-22	09:00	56860,04	57277,99	55351,15	56855,12	LONG	0,00167	5981,87	0,00451	HOLD	98,2349	183,1632
2021-02-22	10:00	56855,13	57078,5	55757,58	55860,12	LONG	0,00167	5981,87	0,00451	HOLD	98,2349	181,5015
2021-02-22	11:00	55858,99	56258,49	55102,77	55786,36	LONG	0,00167	5981,87	0,00451	HOLD	98,2349	181,3784
2021-02-22	12:00	55785,61	56372,01	55625,11	55869,15	LONG	0,00167	5981,87	0,00451	HOLD	98,2349	181,5166
2021-02-22	13:00	55869,16	56377	55684,74	55989,36	LONG	0,00167	5981,87	0,00451	HOLD	98,2349	181,7174
2021-02-22	14:00	55989,35	56550	55652,45	56422,92	LONG	0,00167	5981,87	0,00451	HOLD	98,2349	182,4414
2021-02-22	15:00	56422,23	56623,69	55408,92	55480,8	LONG	0,00167	5981,87	0,00451	HOLD	98,2349	180,8681
2021-02-22	16:00	55480,8	55800	54355	54766,39	LONG	0,00167	5981,87	0,00451	HOLD	98,2349	179,675
2021-02-22	17:00	54747,23	55101,69	53505,7	54847,72	LONG	0,00167	5981,87	0,00451	HOLD	98,2349	179,8108
2021-02-22	18:00	54847,72	55251,79	54403,11	54524,94	LONG	0,00167	5981,87	0,00451	HOLD	98,2349	179,2718
2021-02-22	19:00	54515	54695,66	52628,9	53781,12	LONG	0,00167	5981,87	0,00451	HOLD	98,2349	178,0296
2021-02-22	20:00	53784,14	54062,77	52050	52070,47	LONG	0,00167	5981,87	0,00451	HOLD	98,2349	175,1728
2021-02-22	21:00	52066,99	53654,37	47622	53478,83	LONG	0,00167	5981,87	0,00451	HOLD	98,2349	177,5248
2021-02-22	22:00	53472,69	53993	52483,39	53236,69	LONG	0,00167	5981,87	0,00451	HOLD	98,2349	177,1204
2021-02-22	23:00	53236,69	53847,56	52730	53180,05	LONG	0,00167	5981,87	0,00451	HOLD	98,2349	177,0258
2021-02-23	00:00	53177,82	53302,59	51955,65	52100	LONG	0,00167	5981,87	0,00451	HOLD	98,2349	175,2221
2021-02-23	01:00	52100	53490	51570	53227,23	LONG	0,00167	5981,87	0,00451	HOLD	98,2349	177,1046
2021-02-23	02:00	53227,23	53746,29	52942,33	53581,69	LONG	0,00167	5981,87	0,00451	HOLD	98,2349	177,6966
2021-02-23	03:00	53587,41	54364	53452,51	53771,34	LONG	0,00167	5981,87	0,00451	HOLD	98,2349	178,0133
2021-02-23	04:00	53779,38	54900	53667,72	54883,16	LONG	0,00167	5981,87	0,00451	HOLD	98,2349	179,87
2021-02-23	05:00	54883,16	54989,46	53782,09	54084,97	LONG	0,00167	5981,87	0,00451	HOLD	98,2349	178,537
2021-02-23	06:00	54084,97	54373,32	53279,02	54087,67	LONG	0,00167	5981,87	0,00451	HOLD	98,2349	178,5416
2021-02-23	07:00	54087,67	54183,59	53018,54	53440,66	LONG	0,00167	5981,87	0,00451	HOLD	98,2349	177,461
2021-02-23	08:00	53431,44	53925,86	52281,88	52546,18	LONG	0,00167	5981,87	0,00451	HOLD	98,2349	175,9673
2021-02-23	09:00	52546,59	52887,66	50901	51218,63	LONG	0,00167	5981,87	0,00451	HOLD	98,2349	173,7503
2021-02-23	10:00	51218,75	52496,9	51153,33	51906,36	LONG	0,00167	5981,87	0,00451	HOLD	98,2349	174,8988
2021-02-23	11:00	51900,73	52311,71	49600	50754,5	LONG	0,00167	5981,87	0,00451	HOLD	98,2349	172,9752
2021-02-23	12:00	50754,5	50755,48	48615	49950	LONG	0,00167	5981,87	0,00451	HOLD	98,2349	171,6316
2021-02-23	13:00	49952,49	51241,99	49380,14	49547,02	LONG	0,00167	5981,87	0,00451	HOLD	98,2349	170,9587
2021-02-23	14:00	49544,58	50547,3	49288,94	49640,33	LONG	0,00167	5981,87	0,00451	HOLD	98,2349	171,1145
2021-02-23	15:00	49642,92	50027,01	46560	46565,18	LONG	0,00167	5981,87	0,00451	HOLD	98,2349	165,979
2021-02-23	16:00	46562,33	48695,75	45000	48075,45	LONG	0,00167	5981,87	0,00451	HOLD	98,2349	168,5011
2021-02-23	17:00	48072,01	48979,17	46568	47546,01	LONG	0,00167	5981,87	0,00451	HOLD	98,2349	167,617
2021-02-23	18:00	47531,15	48275,74	44892,56	46369,29	LONG	0,00167	5981,87	0,00451	HOLD	98,2349	165,6519
2021-02-23	19:00	46359,14	49455,53	45788,1	48670,21	LONG	0,00167	5981,87	0,00451	HOLD	98,2349	169,4944
2021-02-23	20:00	48670,54	49600	48032,17	48750	LONG	0,00167	5981,87	0,00451	HOLD	98,2349	169,6276
2021-02-23	21:00	48754,47	49141,89	45838,84	46978,18	LONG	0,00167	5981,87	0,00451	HOLD	98,2349	166,6687
2021-02-23	22:00	46977,89	49350	46635	48602,03	LONG	0,00167	5981,87	0,00451	HOLD	98,2349	169,3805
2021-02-23	23:00	48602,02	49247,69	47230,01	47365,61	LONG	0,00167	5981,87	0,00451	HOLD	98,2349	167,3157
2021-02-24	00:00	47361,41	48197,74	46888	47175,27	LONG	0,00167	5981,87	0,00451	HOLD	98,2349	166,9978
2021-02-24	01:00	47163,74	47777	46501,34	46881,49	LONG	0,00167	5981,87	0,00451	HOLD	98,2349	166,5072
2021-02-24	02:00	46872,77	47291,03	45500	45523	LONG	0,00167	5981,87	0,00451	HOLD	98,2349	164,2386
2021-02-24	03:00	45523,02	47820	45251	47814,5	LONG	0,00167	5981,87	0,00451	HOLD	98,2349	168,0654
2021-02-24	04:00	47812,8	48474,31	47400,7	47937,33	LONG	0,00167	5981,87	0,00451	HOLD	98,2349	168,2705
2021-02-24	05:00	47930,44	48756	47738,82	48589,69	LONG	0,00167	5981,87	0,00451	HOLD	98,2349	169,3599
2021-02-24	06:00	48597,19	48938,85	48124,51	48891	LONG	0,00167	5981,87	0,00451	HOLD	98,2349	169,8631
2021-02-24	07:00	48891	49100	46988,69	48456,58	LONG	0,00167	5981,87	0,00451	HOLD	98,2349	169,1376
2021-02-24	08:00	48456,58	50225,22	48419,48	50191,6	LONG	0,00167	5981,87	0,00451	HOLD	98,2349	172,0351
2021-02-24	09:00	50191,68	50553,33	49803	50160,42	LONG	0,00167	5981,87	0,00451	HOLD	98,2349	171,983
2021-02-24	10:00	50160,21	50993,57	50025,01	50874,99	LONG	0,00167	5981,87	0,00451	HOLD	98,2349	173,1764
2021-02-24	11:00	50869,77	51357	50327,35	50617,29	LONG	0,00167	5981,87	0,00451	HOLD	98,2349	172,746
2021-02-24	12:00	50619,83	51044,22	50000	50247,4	LONG	0,00167	5981,87	0,00451	HOLD	98,2349	172,1283
2021-02-24	13:00	50247,61	50719,78	49456	50109,21	LONG	0,00167	5981,87	0,00451	HOLD	98,2349	171,8975
2021-02-24	14:00	50109,2	50368,4	49530,43	50090,57	LONG	0,00167	5981,87	0,00451	HOLD	98,2349	171,8664
2021-02-24	15:00	50090,61	50886,2	49799,29	50634,36	LONG	0,00167	5981,87	0,00451	HOLD	98,2349	172,7745
2021-02-24	16:00	50634,32	51374,99	50306,12	50847,51	LONG	0,00167	5981,87	0,00451	HOLD	98,2349	173,1305
2021-02-24	17:00	50847,5	51000	50033,52	50075	LONG	0,00167	5981,87	0,00451	HOLD	98,2349	171,8404
2021-02-24	18:00	50075	50875	50049,15	50360,02	LONG	0,00167	5981,87	0,00451	HOLD	98,2349	172,3164
2021-02-24	19:00	50360,02	51294	50326,81	50739,94	LONG	0,00167	5981,87	0,00451	HOLD	98,2349	172,9508
2021-02-24	20:00	50738,27	51060	49056,33	49481,61	LONG	0,00167	5981,87	0,00451	HOLD	98,2349	170,8494
2021-02-24	21:00	49469,19	49777	48758	49404,04	LONG	0,00167	5981,87	0,00451	HOLD	98,2349	170,7199
2021-02-24	22:00	49404,62	49850	48450	49819,5	LONG	0,00167	5981,87	0,00451	HOLD	98,2349	171,4137
2021-02-24	23:00	49819,49	50150	49160	49308,28	LONG	0,00167	5981,87	0,00451	HOLD	98,2349	170,56
2021-02-25	00:00	49308,29	50060,31	49303,56	50041,8	LONG	0,00167	5981,87	0,00451	HOLD	98,2349	171,7849
2021-02-25	01:00	50046,03	50052,18	49465,15	49570	LONG	0,00167	5981,87	0,00451	HOLD	98,2349	170,997
2021-02-25	02:00	49570	49690,15	48811,26	48959,93	LONG	0,00167	5981,87	0,00451	HOLD	98,2349	169,9782
2021-02-25	03:00	48959,93	49266,39	48581,26	49101,18	LONG	0,00167	5981,87	0,00451	HOLD	98,2349	170,2141
2021-02-25	04:00	49101,18	49150	48090	48707,72	LONG	0,00167	5981,87	0,00451	HOLD	98,2349	169,557
2021-02-25	05:00	48715,97	48950	48028,18	48811,63	LONG	0,00167	5981,87	0,00451	HOLD	98,2349	169,7306
2021-02-25	06:00	48811,63	49747,49	48722,71	49676,2	LONG	0,00167	5981,87	0,00451	HOLD	98,2349	171,1744
2021-02-25	07:00	49676,21	50865	49517,01	50507,25	LONG	0,00167	5981,87	0,00451	HOLD	98,2349	172,5622
2021-02-25	08:00	50507,24	50884,88	50357,14	50504,71	LONG	0,00167	5981,87	0,00451	HOLD	98,2349	172,558
2021-02-25	09:00	50505,26	50834,43	50421,36	50650,95	LONG	0,00167	5981,87	0,00451	HOLD	98,2349	172,8022
2021-02-25	10:00	50650,95	50659,77	50033,94	50206,97	LONG	0,00167	5981,87	0,00451	HOLD	98,2349	172,0608
2021-02-25	11:00	50206,97	50366,67	49567,89	49627,34	LONG	0,00167	5981,87	0,00451	HOLD	98,2349	171,0928
2021-02-25	12:00	49626,9	50449,07	49533,44	50388,6	LONG	0,00167	5981,87	0,00451	HOLD	98,2349	172,3641
2021-02-25	13:00	50391,1	50568,97	50212,79	50453,54	LONG	0,00167	5981,87	0,00451	HOLD	98,2349	172,4726
2021-02-25	14:00	50453,54	50559,51	50105,71	50395,99	LONG	0,00167	5981,87	0,00451	HOLD	98,2349	172,3764
2021-02-25	15:00	50395,58	50513,35	49534,9	49700	LONG	0,00167	5981,87	0,00451	HOLD	98,2349	171,2141
2021-02-25	16:00	49700,01	49840,6	48581,71	48977,03	LONG	0,00167	5981,87	0,00451	HOLD	98,2349	170,0068
2021-02-25	17:00	48977,03	49729,52	48812,92	49551,51	LONG	0,00167	5981,87	0,00451	HOLD	98,2349	170,9662
2021-02-25	18:00	49551,51	50403,14	49551,51	50294,8	LONG	0,00167	5981,87	0,00451	HOLD	98,2349	172,2075
2021-02-25	19:00	50299	51500	50077	51487,06	LONG	0,00167	5981,87	0,00451	HOLD	98,2349	174,1985
2021-02-25	20:00	51497,98	52041,73	51060,27	51347,6	LONG	0,00167	5981,87	0,00451	HOLD	98,2349	173,9656
2021-02-25	21:00	51351,93	51530	50599	50830,88	LONG	0,00167	5981,87	0,00451	HOLD	98,2349	173,1027
2021-02-25	22:00	50830,6	51367,61	50480	50849,99	LONG	0,00167	5981,87	0,00451	HOLD	98,2349	173,1346
2021-02-25	23:00	50850	51370,18	50563,82	50630,66	LONG	0,00167	5981,87	0,00451	HOLD	98,2349	172,7683
2021-02-26	00:00	50632,85	50665,78	49306,91	49550,95	LONG	0,00167	5981,87	0,00451	HOLD	98,2349	170,9652
2021-02-26	01:00	49550,96	50086,28	49226,09	49544,14	LONG	0,00167	5981,87	0,00451	HOLD	98,2349	170,9539
2021-02-26	02:00	49543,04	50000	49262,29	49443,86	LONG	0,00167	5981,87	0,00451	HOLD	98,2349	170,7864
2021-02-26	03:00	49442,2	49550,01	48529,47	49152,75	LONG	0,00167	5981,87	0,00451	HOLD	98,2349	170,3002
2021-02-26	04:00	49151,36	49300	48051	48101,99	LONG	0,00167	5981,87	0,00451	HOLD	98,2349	168,5455
2021-02-26	05:00	48102,01	48900	47471	48235,85	LONG	0,00167	5981,87	0,00451	HOLD	98,2349	168,769
2021-02-26	06:00	48229,63	48463,27	46674,34	47073,73	LONG	0,00167	5981,87	0,00451	HOLD	98,2349	166,8283
2021-02-26	07:00	47073,73	47613,5	46000	46801,05	LONG	0,00167	5981,87	0,00451	HOLD	98,2349	166,3729
2021-02-26	08:00	46807,84	47479,06	46240,84	46480,48	LONG	0,00167	5981,87	0,00451	HOLD	98,2349	165,8375
2021-02-26	09:00	46480,48	47800	46124,74	47343,51	LONG	0,00167	5981,87	0,00451	HOLD	98,2349	167,2788
2021-02-26	10:00	47343,5	47695,77	46639,24	47330,24	LONG	0,00167	5981,87	0,00451	HOLD	98,2349	167,2566
2021-02-26	11:00	47331,34	47786,5	46806,49	47025,06	LONG	0,00167	5981,87	0,00451	HOLD	98,2349	166,747
2021-02-26	12:00	47028,8	47207,4	45502,69	45517,53	LONG	0,00167	5981,87	0,00451	HOLD	98,2349	164,2294
2021-02-26	13:00	45524,35	46500	45512,02	46093,07	LONG	0,00167	5981,87	0,00451	HOLD	98,2349	165,1906
2021-02-26	14:00	46098,99	46430,02	44106,78	44973,68	LONG	0,00167	5981,87	0,00451	HOLD	98,2349	163,3212
2021-02-26	15:00	44986,99	45950	44939,19	45727,74	LONG	0,00167	5981,87	0,00451	HOLD	98,2349	164,5805
2021-02-26	16:00	45727,75	46626,35	45325	46410,76	LONG	0,00167	5981,87	0,00451	HOLD	98,2349	165,7211
2021-02-26	17:00	46410,76	46880,4	46168	46706,85	LONG	0,00167	5981,87	0,00451	HOLD	98,2349	166,2156
2021-02-26	18:00	46704,75	46850	45662,94	46427,65	LONG	0,00167	5981,87	0,00451	HOLD	98,2349	165,7493
2021-02-26	19:00	46427,65	47266,34	46315,08	46823,39	LONG	0,00167	5981,87	0,00451	HOLD	98,2349	166,4102
2021-02-26	20:00	46823,38	46999,77	45800	45958,41	LONG	0,00167	5981,87	0,00451	HOLD	98,2349	164,9657
2021-02-26	21:00	45958,41	47429	45828,37	46868,98	LONG	0,00167	5981,87	0,00451	HOLD	98,2349	166,4863
2021-02-26	22:00	46869,59	47853,13	46333	47594,65	LONG	0,00167	5981,87	0,00451	HOLD	98,2349	167,6982
2021-02-26	23:00	47590,66	48219,08	47450	48127,26	LONG	0,00167	5981,87	0,00451	HOLD	98,2349	168,5877
2021-02-27	00:00	48127,26	48424,11	47542,2	47660,98	LONG	0,00167	5981,87	0,00451	HOLD	98,2349	167,809
2021-02-27	01:00	47659,96	47873,24	47269,99	47317,09	LONG	0,00167	5981,87	0,00451	HOLD	98,2349	167,2347
2021-02-27	02:00	47317,09	47478,07	46602,62	46959,17	LONG	0,00167	5981,87	0,00451	HOLD	98,2349	166,637
2021-02-27	03:00	46959,18	47115,38	46071,89	46270	LONG	0,00167	5981,87	0,00451	HOLD	98,2349	165,486
2021-02-27	04:00	46270	46867	45500	45677,46	LONG	0,00167	5981,87	0,00451	HOLD	98,2349	164,4965
2021-02-27	05:00	45680	45988,77	45000	45476,3	LONG	0,00167	5981,87	0,00451	HOLD	98,2349	164,1606
2021-02-27	06:00	45476,3	46444,57	45368,74	46276,87	LONG	0,00167	5981,87	0,00451	HOLD	98,2349	165,4975
2021-02-27	07:00	46276,88	47568,18	46156,24	47525,07	LONG	0,00167	5981,87	0,00451	HOLD	98,2349	167,582
2021-02-27	08:00	47523,34	47960	47331,54	47761,97	LONG	0,00167	5981,87	0,00451	HOLD	98,2349	167,9776
2021-02-27	09:00	47761,97	48085,47	47186	47375,34	LONG	0,00167	5981,87	0,00451	HOLD	98,2349	167,332
2021-02-27	10:00	47375,34	47937,03	47158,26	47423,08	LONG	0,00167	5981,87	0,00451	HOLD	98,2349	167,4117
2021-02-27	11:00	47423,07	47918,4	47278,54	47657,47	LONG	0,00167	5981,87	0,00451	HOLD	98,2349	167,8031
2021-02-27	12:00	47657,48	47955,58	47460,21	47803,71	LONG	0,00167	5981,87	0,00451	HOLD	98,2349	168,0473
2021-02-27	13:00	47799,68	48394	47527,33	47566,6	LONG	0,00167	5981,87	0,00451	HOLD	98,2349	167,6514
2021-02-27	14:00	47560,69	47626,26	46712,18	47158,53	LONG	0,00167	5981,87	0,00451	HOLD	98,2349	166,9699
2021-02-27	15:00	47153,01	47284,74	46380	46620,5	LONG	0,00167	5981,87	0,00451	HOLD	98,2349	166,0714
2021-02-27	16:00	46620,83	46827,73	46224,84	46671,04	LONG	0,00167	5981,87	0,00451	HOLD	98,2349	166,1558
2021-02-27	17:00	46671,04	47099,97	46601,01	46775,51	LONG	0,00167	5981,87	0,00451	HOLD	98,2349	166,3302
2021-02-27	18:00	46775,68	47640,03	46690	47299,99	LONG	0,00167	5981,87	0,00451	HOLD	98,2349	167,2061
2021-02-27	19:00	47299,99	47800	46735,63	47429,99	LONG	0,00167	5981,87	0,00451	HOLD	98,2349	167,4232
2021-02-27	20:00	47430	47700	47058,82	47441,91	LONG	0,00167	5981,87	0,00451	HOLD	98,2349	167,4431
2021-02-27	21:00	47441,91	47620	46836	47079,64	LONG	0,00167	5981,87	0,00451	HOLD	98,2349	166,8381
2021-02-27	22:00	47078,23	47378,92	46337,53	46528,64	LONG	0,00167	5981,87	0,00451	HOLD	98,2349	165,918
2021-02-27	23:00	46528,82	46949,96	46271	46883,19	LONG	0,00167	5981,87	0,00451	HOLD	98,2349	166,5101
2021-02-28	00:00	46883,19	47177	46700	47042,53	LONG	0,00167	5981,87	0,00451	HOLD	98,2349	166,7762
2021-02-28	01:00	47041,13	47329,17	46900	47136,3	LONG	0,00167	5981,87	0,00451	HOLD	98,2349	166,9328
2021-02-28	02:00	47136,29	47450,26	47028,59	47405,39	LONG	0,00167	5981,87	0,00451	HOLD	98,2349	167,3821
2021-02-28	03:00	47405,38	47557,14	46900	47081,07	LONG	0,00167	5981,87	0,00451	HOLD	98,2349	166,8405
2021-02-28	04:00	47083,43	47170	46534,13	46825,3	LONG	0,00167	5981,87	0,00451	HOLD	98,2349	166,4134
2021-02-28	05:00	46825,3	46870,31	45742	45828,43	LONG	0,00167	5981,87	0,00451	HOLD	98,2349	164,7486
2021-02-28	06:00	45828,44	46441,41	45000	46106,43	LONG	0,00167	5981,87	0,00451	HOLD	98,2349	165,2129
2021-02-28	07:00	46103,67	46638,46	45588,11	46345,94	LONG	0,00167	5981,87	0,00451	HOLD	98,2349	165,6129
2021-02-28	08:00	46345,93	46600	46100	46442,5	LONG	0,00167	5981,87	0,00451	HOLD	98,2349	165,7741
2021-02-28	09:00	46439,2	46518,68	45220,28	45397,23	LONG	0,00167	5981,87	0,00451	HOLD	98,2349	164,0285
2021-02-28	10:00	45397,97	45684,56	44444	44629,17	LONG	0,00167	5981,87	0,00451	HOLD	98,2349	162,7459
2021-02-28	11:00	44632,7	45100	44267,48	44384,14	LONG	0,00167	5981,87	0,00451	HOLD	98,2349	162,3367
2021-02-28	12:00	44384,38	45600	44200	44791,27	LONG	0,00167	5981,87	0,00451	HOLD	98,2349	163,0166
2021-02-28	13:00	44791,27	44977,05	43738,65	44372,43	LONG	0,00167	5981,87	0,00451	HOLD	98,2349	162,3171
2021-02-28	14:00	44379,68	44783,29	44099,99	44400,83	LONG	0,00167	5981,87	0,00451	HOLD	98,2349	162,3645
2021-02-28	15:00	44400,83	45273,68	44375,02	44856,61	LONG	0,00167	5981,87	0,00451	HOLD	98,2349	163,1257
2021-02-28	16:00	44856,61	45530,62	44680,71	45067,61	LONG	0,00167	5981,87	0,00451	HOLD	98,2349	163,4781
2021-02-28	17:00	45067,51	45513,78	44712,19	45177,2	LONG	0,00167	5981,87	0,00451	HOLD	98,2349	163,6611
2021-02-28	18:00	45177,2	45493,87	44966,63	45284,86	LONG	0,00167	5981,87	0,00451	HOLD	98,2349	163,8409
2021-02-28	19:00	45287,25	45500,17	44501	44756,99	LONG	0,00167	5981,87	0,00451	HOLD	98,2349	162,9593
2021-02-28	20:00	44756,99	44889	44150	44178,8	LONG	0,00167	5981,87	0,00451	HOLD	98,2349	161,9937
2021-02-28	21:00	44183,52	44652,3	43556,98	44561,92	LONG	0,00167	5981,87	0,00451	HOLD	98,2349	162,6335
2021-02-28	22:00	44564,46	44628,89	43168	43391,14	LONG	0,00167	5981,87	0,00451	HOLD	98,2349	160,6783
2021-02-28	23:00	43391,14	43934,56	43000	43514,78	LONG	0,00167	5981,87	0,00451	HOLD	98,2349	160,8848
2021-03-01	00:00	43514,77	43942,62	43085	43119,02	LONG	0,00167	5981,87	0,00451	HOLD	98,2349	160,2239
2021-03-01	01:00	43123,42	43779,96	43001	43677,39	LONG	0,00167	5981,87	0,00451	HOLD	98,2349	161,1564
2021-03-01	02:00	43683,79	44521,66	43434,22	44405,32	LONG	0,00167	5981,87	0,00451	HOLD	98,2349	162,372
2021-03-01	03:00	44402,88	44960	44088	44860,38	LONG	0,00167	5981,87	0,00451	HOLD	98,2349	163,132
2021-03-01	04:00	44866,37	45380,21	44845,88	45129,52	LONG	0,00167	5981,87	0,00451	HOLD	98,2349	163,5814
2021-03-01	05:00	45129,52	45362,35	44755,1	45180	LONG	0,00167	5981,87	0,00451	HOLD	98,2349	163,6657
2021-03-01	06:00	45179,99	45919,61	44850	45135,66	LONG	0,00167	5981,87	0,00451	HOLD	98,2349	163,5917
2021-03-01	07:00	45134,11	46571,3	44950,53	46217,19	LONG	0,00167	5981,87	0,00451	HOLD	98,2349	165,3978
2021-03-01	08:00	46217,18	46492,33	45850	46161,83	LONG	0,00167	5981,87	0,00451	HOLD	98,2349	165,3054
2021-03-01	09:00	46166,16	46796,94	46102,84	46419,56	LONG	0,00167	5981,87	0,00451	HOLD	98,2349	165,7358
2021-03-01	10:00	46414,7	46540,31	46204,08	46336,37	LONG	0,00167	5981,87	0,00451	HOLD	98,2349	165,5969
2021-03-01	11:00	46336,38	46688,13	45959,7	46458,33	LONG	0,00167	5981,87	0,00451	HOLD	98,2349	165,8006
2021-03-01	12:00	46474,53	46486,33	45980	46200,47	LONG	0,00167	5981,87	0,00451	HOLD	98,2349	165,3699
2021-03-01	13:00	46200,46	46272,38	45641,02	45857,3	LONG	0,00167	5981,87	0,00451	HOLD	98,2349	164,7968
2021-03-01	14:00	45857,3	46425,61	45837,28	46288,18	LONG	0,00167	5981,87	0,00451	HOLD	98,2349	165,5164
2021-03-01	15:00	46291,87	47300	46272,1	47009,38	LONG	0,00167	5981,87	0,00451	HOLD	98,2349	166,7208
2021-03-01	16:00	47009,38	47500	46900	47350,12	LONG	0,00167	5981,87	0,00451	HOLD	98,2349	167,2898
2021-03-01	17:00	47347,51	47714,61	46968	47615,66	LONG	0,00167	5981,87	0,00451	HOLD	98,2349	167,7333
2021-03-01	18:00	47615,66	48050	47400	47722,78	LONG	0,00167	5981,87	0,00451	HOLD	98,2349	167,9122
2021-03-01	19:00	47722,42	48044,63	47450,32	47913,8	LONG	0,00167	5981,87	0,00451	HOLD	98,2349	168,2312
2021-03-01	20:00	47913,8	48441,96	47757,78	47799,33	LONG	0,00167	5981,87	0,00451	HOLD	98,2349	168,04
2021-03-01	21:00	47799,34	48564,03	47580,1	48083,04	LONG	0,00167	5981,87	0,00451	HOLD	98,2349	168,5138
2021-03-01	22:00	48083,04	49298	48065,54	49188	LONG	0,00167	5981,87	0,00451	HOLD	98,2349	170,3591
2021-03-01	23:00	49187,99	49469,99	48530,36	49065,4	LONG	0,00167	5981,87	0,00451	HOLD	98,2349	170,1544
2021-03-02	00:00	49069,6	49200	48527,27	48565	LONG	0,00167	5981,87	0,00451	HOLD	98,2349	169,3187
2021-03-02	01:00	48565	48777,71	48233,33	48465,27	LONG	0,00167	5981,87	0,00451	HOLD	98,2349	169,1521
2021-03-02	02:00	48465,27	48700	48019,06	48262,83	LONG	0,00167	5981,87	0,00451	HOLD	98,2349	168,8141
2021-03-02	03:00	48262,66	48916,55	47876	48512,4	LONG	0,00167	5981,87	0,00451	HOLD	98,2349	169,2309
2021-03-02	04:00	48512,99	48872	48338,25	48784,09	LONG	0,00167	5981,87	0,00451	HOLD	98,2349	169,6846
2021-03-02	05:00	48784,46	49300	48588,89	49137,73	LONG	0,00167	5981,87	0,00451	HOLD	98,2349	170,2752
2021-03-02	06:00	49137,73	49790	49064,62	49587,03	LONG	0,00167	5981,87	0,00451	HOLD	98,2349	171,0255
2021-03-02	07:00	49595,76	50200	49278,94	49354,62	LONG	0,00167	5981,87	0,00451	HOLD	98,2349	170,6374
2021-03-02	08:00	49354,63	49699,93	48710	49368,6	LONG	0,00167	5981,87	0,00451	HOLD	98,2349	170,6607
2021-03-02	09:00	49368,6	49777	49045,45	49272,74	LONG	0,00167	5981,87	0,00451	HOLD	98,2349	170,5006
2021-03-02	10:00	49272,74	49398	48825	48974,75	LONG	0,00167	5981,87	0,00451	HOLD	98,2349	170,003
2021-03-02	11:00	48974,74	49243	48544,75	49159,16	LONG	0,00167	5981,87	0,00451	HOLD	98,2349	170,3109
2021-03-02	12:00	49159,16	49402,07	48660,28	48672,07	LONG	0,00167	5981,87	0,00451	HOLD	98,2349	169,4975
2021-03-02	13:00	48673,88	48846,03	48333	48638,36	LONG	0,00167	5981,87	0,00451	HOLD	98,2349	169,4412
2021-03-02	14:00	48631,58	48833,1	48301,36	48331,61	LONG	0,00167	5981,87	0,00451	HOLD	98,2349	168,9289
2021-03-02	15:00	48331,6	49222	48270,69	48858,08	LONG	0,00167	5981,87	0,00451	HOLD	98,2349	169,8081
2021-03-02	16:00	48861,23	49265,54	48861,22	49144,23	LONG	0,00167	5981,87	0,00451	HOLD	98,2349	170,286
2021-03-02	17:00	49144,22	49263,95	48550	48721,09	LONG	0,00167	5981,87	0,00451	HOLD	98,2349	169,5794
2021-03-02	18:00	48721,09	49047,06	48550	48844,13	LONG	0,00167	5981,87	0,00451	HOLD	98,2349	169,7848
2021-03-02	19:00	48844,14	49117	48568,98	48811,03	LONG	0,00167	5981,87	0,00451	HOLD	98,2349	169,7296
2021-03-02	20:00	48807,45	49076,7	48712,7	49000	LONG	0,00167	5981,87	0,00451	HOLD	98,2349	170,0451
2021-03-02	21:00	49000	49699,99	48769,32	48899,31	LONG	0,00167	5981,87	0,00451	HOLD	98,2349	169,877
2021-03-02	22:00	48899,3	49043,99	48380,83	48676,08	LONG	0,00167	5981,87	0,00451	HOLD	98,2349	169,5042
2021-03-02	23:00	48676,09	48718,18	47265,79	47520,01	LONG	0,00167	5981,87	0,00451	HOLD	98,2349	167,5736
2021-03-03	00:00	47519,58	47982,45	47200	47852,63	LONG	0,00167	5981,87	0,00451	HOLD	98,2349	168,129
2021-03-03	01:00	47852,63	48030,48	47526,31	47678,38	LONG	0,00167	5981,87	0,00451	HOLD	98,2349	167,838
2021-03-03	02:00	47678,38	47944,43	47144,22	47467,43	LONG	0,00167	5981,87	0,00451	HOLD	98,2349	167,4858
2021-03-03	03:00	47467,43	47643,28	47047,6	47529,57	LONG	0,00167	5981,87	0,00451	HOLD	98,2349	167,5895
2021-03-03	04:00	47529,57	47870	47273,01	47407,03	LONG	0,00167	5981,87	0,00451	HOLD	98,2349	167,3849
2021-03-03	05:00	47407,25	47960	47331,96	47789,87	LONG	0,00167	5981,87	0,00451	HOLD	98,2349	168,0242
2021-03-03	06:00	47793,36	48489,24	47719,7	48440,65	LONG	0,00167	5981,87	0,00451	HOLD	98,2349	169,111
2021-03-03	07:00	48436,61	48745,13	48100,71	48507,96	LONG	0,00167	5981,87	0,00451	HOLD	98,2349	169,2234
2021-03-03	08:00	48514,8	48882,43	48458,38	48848,63	LONG	0,00167	5981,87	0,00451	HOLD	98,2349	169,7924
2021-03-03	09:00	48848,63	49000,51	48528,92	48594,07	LONG	0,00167	5981,87	0,00451	HOLD	98,2349	169,3672
2021-03-03	10:00	48594,06	48839,27	48494,53	48704,75	LONG	0,00167	5981,87	0,00451	HOLD	98,2349	169,5521
2021-03-03	11:00	48704,75	49327,7	48653,09	49105,47	LONG	0,00167	5981,87	0,00451	HOLD	98,2349	170,2213
2021-03-03	12:00	49105,47	49466,69	48837	49079,64	LONG	0,00167	5981,87	0,00451	HOLD	98,2349	170,1781
2021-03-03	13:00	49078,59	49637,39	49078,59	49529,9	LONG	0,00167	5981,87	0,00451	HOLD	98,2349	170,9301
2021-03-03	14:00	49529,9	49960	49474,11	49752,97	LONG	0,00167	5981,87	0,00451	HOLD	98,2349	171,3026
2021-03-03	15:00	49752,97	50998	49752,97	50909,41	LONG	0,00167	5981,87	0,00451	HOLD	98,2349	173,2339
2021-03-03	16:00	50909,4	51495	50720	51445,31	LONG	0,00167	5981,87	0,00451	HOLD	98,2349	174,1288
2021-03-03	17:00	51445,31	51756,05	51187,07	51414,19	LONG	0,00167	5981,87	0,00451	HOLD	98,2349	174,0768
2021-03-03	18:00	51414,19	51777	51155,33	51666,33	LONG	0,00167	5981,87	0,00451	HOLD	98,2349	174,4979
2021-03-03	19:00	51665,83	52575,17	51355	52540,04	LONG	0,00167	5981,87	0,00451	HOLD	98,2349	175,957
2021-03-03	20:00	52547,23	52640	51188,31	51559,5	LONG	0,00167	5981,87	0,00451	HOLD	98,2349	174,3195
2021-03-03	21:00	51559,63	51564,15	50651	50776,36	LONG	0,00167	5981,87	0,00451	HOLD	98,2349	173,0117
2021-03-03	22:00	50776,35	51155	50481	50767,36	LONG	0,00167	5981,87	0,00451	HOLD	98,2349	172,9966
2021-03-03	23:00	50767,35	51444,9	50750,02	51077	LONG	0,00167	5981,87	0,00451	HOLD	98,2349	173,5137
2021-03-04	00:00	51077	51449,84	50825,18	51307,78	LONG	0,00167	5981,87	0,00451	HOLD	98,2349	173,8991
2021-03-04	01:00	51305,5	51600	51100	51233,11	LONG	0,00167	5981,87	0,00451	HOLD	98,2349	173,7744
2021-03-04	02:00	51233,11	51257,29	50260	50857,17	LONG	0,00167	5981,87	0,00451	HOLD	98,2349	173,1466
2021-03-04	03:00	50857,17	51172,62	50431,37	50521,4	LONG	0,00167	5981,87	0,00451	HOLD	98,2349	172,5859
2021-03-04	04:00	50523,93	51123	50364,64	50958,6	LONG	0,00167	5981,87	0,00451	HOLD	98,2349	173,316
2021-03-04	05:00	50956,1	51356,86	50500	50577,34	LONG	0,00167	5981,87	0,00451	HOLD	98,2349	172,6793
2021-03-04	06:00	50577,33	51068,99	50301,5	50349,37	LONG	0,00167	5981,87	0,00451	HOLD	98,2349	172,2986
2021-03-04	07:00	50349,37	51147,05	49850,81	50894,48	LONG	0,00167	5981,87	0,00451	HOLD	98,2349	173,2089
2021-03-04	08:00	50894,48	51622,94	50714,28	51475,19	LONG	0,00167	5981,87	0,00451	HOLD	98,2349	174,1787
2021-03-04	09:00	51475,14	51773,88	50790,55	50791,63	LONG	0,00167	5981,87	0,00451	HOLD	98,2349	173,0372
2021-03-04	10:00	50792,02	51033,47	49401,3	49574,89	LONG	0,00167	5981,87	0,00451	HOLD	98,2349	171,0052
2021-03-04	11:00	49574,89	49811,66	49010,1	49065,33	LONG	0,00167	5981,87	0,00451	HOLD	98,2349	170,1542
2021-03-04	12:00	49065,32	49698,43	49034,81	49661,35	LONG	0,00167	5981,87	0,00451	HOLD	98,2349	171,1496
2021-03-04	13:00	49664,4	49870	49237,49	49393,07	LONG	0,00167	5981,87	0,00451	HOLD	98,2349	170,7016
2021-03-04	14:00	49393,08	49816	49320	49696,49	LONG	0,00167	5981,87	0,00451	HOLD	98,2349	171,2083
2021-03-04	15:00	49701,37	50756,23	49688,46	50221,61	LONG	0,00167	5981,87	0,00451	HOLD	98,2349	172,0852
2021-03-04	16:00	50221,67	50225	48524,86	49069,98	LONG	0,00167	5981,87	0,00451	HOLD	98,2349	170,162
2021-03-04	17:00	49069,99	49562,49	48747,46	49219,42	LONG	0,00167	5981,87	0,00451	HOLD	98,2349	170,4116
2021-03-04	18:00	49216,96	49499	48898,64	49323,32	LONG	0,00167	5981,87	0,00451	HOLD	98,2349	170,5851
2021-03-04	19:00	49323,31	49764,92	49113,63	49355,84	LONG	0,00167	5981,87	0,00451	HOLD	98,2349	170,6394
2021-03-04	20:00	49355,85	49710	48721,43	49633,44	LONG	0,00167	5981,87	0,00451	HOLD	98,2349	171,103
2021-03-04	21:00	49633,44	50569,41	49205,13	49422,53	LONG	0,00167	5981,87	0,00451	HOLD	98,2349	170,7508
2021-03-04	22:00	49422,53	49812,41	48829,07	49412,6	LONG	0,00167	5981,87	0,00451	HOLD	98,2349	170,7342
2021-03-04	23:00	49412,6	50033,92	49300,01	49693,59	LONG	0,00167	5981,87	0,00451	HOLD	98,2349	171,2034
2021-03-05	00:00	49694,6	49927,34	48319,36	48508,07	LONG	0,00167	5981,87	0,00451	HOLD	98,2349	169,2236
2021-03-05	01:00	48508,01	48666,66	47588,52	47600,01	LONG	0,00167	5981,87	0,00451	HOLD	98,2349	167,7072
2021-03-05	02:00	47600	48394,04	47596,29	48000,36	LONG	0,00167	5981,87	0,00451	HOLD	98,2349	168,3757
2021-03-05	03:00	48000,37	48270,99	47500	48221	LONG	0,00167	5981,87	0,00451	HOLD	98,2349	168,7442
2021-03-05	04:00	48221	48434,68	47800	47955,77	LONG	0,00167	5981,87	0,00451	HOLD	98,2349	168,3013
2021-03-05	05:00	47955,78	48350	47859,16	48249,99	LONG	0,00167	5981,87	0,00451	HOLD	98,2349	168,7926
2021-03-05	06:00	48249,99	48710,94	48049	48374,09	LONG	0,00167	5981,87	0,00451	HOLD	98,2349	168,9999
2021-03-05	07:00	48374,09	48376,2	46512,9	46829,84	LONG	0,00167	5981,87	0,00451	HOLD	98,2349	166,421
2021-03-05	08:00	46829,84	47000	46300	46709,94	LONG	0,00167	5981,87	0,00451	HOLD	98,2349	166,2207
2021-03-05	09:00	46709,95	47180,85	46366,33	47108,28	LONG	0,00167	5981,87	0,00451	HOLD	98,2349	166,886
2021-03-05	10:00	47107,25	47339	46800,88	47289,81	LONG	0,00167	5981,87	0,00451	HOLD	98,2349	167,1891
2021-03-05	11:00	47289,81	47307,69	46500	46679,08	LONG	0,00167	5981,87	0,00451	HOLD	98,2349	166,1692
2021-03-05	12:00	46670,26	47253,17	46665,73	47153,13	LONG	0,00167	5981,87	0,00451	HOLD	98,2349	166,9609
2021-03-05	13:00	47153,13	47442,01	46954,81	47396,56	LONG	0,00167	5981,87	0,00451	HOLD	98,2349	167,3674
2021-03-05	14:00	47396,56	47547	47010,89	47380	LONG	0,00167	5981,87	0,00451	HOLD	98,2349	167,3397
2021-03-05	15:00	47380	47500	46418,12	46634,35	LONG	0,00167	5981,87	0,00451	HOLD	98,2349	166,0945
2021-03-05	16:00	46635,75	47157,43	46530	47063,51	LONG	0,00167	5981,87	0,00451	HOLD	98,2349	166,8112
2021-03-05	17:00	47063,5	47229,79	46780,01	47080,97	LONG	0,00167	5981,87	0,00451	HOLD	98,2349	166,8404
2021-03-05	18:00	47080,96	47523,59	47080,96	47478,87	LONG	0,00167	5981,87	0,00451	HOLD	98,2349	167,5049
2021-03-05	19:00	47478,86	47880	46974,32	47649,99	LONG	0,00167	5981,87	0,00451	HOLD	98,2349	167,7906
2021-03-05	20:00	47650	48296,93	47325,94	48056,18	LONG	0,00167	5981,87	0,00451	HOLD	98,2349	168,469
2021-03-05	21:00	48061,21	48728,21	47936,51	48136,81	LONG	0,00167	5981,87	0,00451	HOLD	98,2349	168,6036
2021-03-05	22:00	48136,82	48698,19	47837,83	47867,45	LONG	0,00167	5981,87	0,00451	HOLD	98,2349	168,1538
2021-03-05	23:00	47867,45	47867,45	46885	47658,14	LONG	0,00167	5981,87	0,00451	HOLD	98,2349	167,8042
2021-03-06	00:00	47656,65	48237,42	47320	48096,01	LONG	0,00167	5981,87	0,00451	HOLD	98,2349	168,5355
2021-03-06	01:00	48096	48558,5	47918,38	48478,11	LONG	0,00167	5981,87	0,00451	HOLD	98,2349	169,1736
2021-03-06	02:00	48478,12	49400	48310,4	49295,47	LONG	0,00167	5981,87	0,00451	HOLD	98,2349	170,5386
2021-03-06	03:00	49285,76	49448,93	48832,17	49173,85	LONG	0,00167	5981,87	0,00451	HOLD	98,2349	170,3355
2021-03-06	04:00	49173,85	49398	48890,97	49035,21	LONG	0,00167	5981,87	0,00451	HOLD	98,2349	170,1039
2021-03-06	05:00	49035,2	49389,99	48673,71	49061,76	LONG	0,00167	5981,87	0,00451	HOLD	98,2349	170,1483
2021-03-06	06:00	49061,77	49160,29	48579,59	48751,71	LONG	0,00167	5981,87	0,00451	HOLD	98,2349	169,6305
2021-03-06	07:00	48746,81	49156	48675,67	48808,05	LONG	0,00167	5981,87	0,00451	HOLD	98,2349	169,7246
2021-03-06	08:00	48807,83	48901,65	48520	48647,38	LONG	0,00167	5981,87	0,00451	HOLD	98,2349	169,4563
2021-03-06	10:00	48647,37	48801,81	48350	48657,72	LONG	0,00167	5981,87	0,00451	HOLD	98,2349	169,4735
2021-03-06	11:00	48657,72	48687,49	48115,83	48451,16	LONG	0,00167	5981,87	0,00451	HOLD	98,2349	169,1286
2021-03-06	12:00	48450,12	48895,32	48193	48496,28	LONG	0,00167	5981,87	0,00451	HOLD	98,2349	169,2039
2021-03-06	13:00	48496,27	48971,29	48482,17	48922	LONG	0,00167	5981,87	0,00451	HOLD	98,2349	169,9149
2021-03-06	14:00	48922	49117,32	48772,24	48820,12	LONG	0,00167	5981,87	0,00451	HOLD	98,2349	169,7447
2021-03-06	15:00	48820,13	49100	48600	48641,64	LONG	0,00167	5981,87	0,00451	HOLD	98,2349	169,4467
2021-03-06	16:00	48641,65	48785	48270,01	48335,1	LONG	0,00167	5981,87	0,00451	HOLD	98,2349	168,9348
2021-03-06	17:00	48335,22	48499,99	48000	48035,36	LONG	0,00167	5981,87	0,00451	HOLD	98,2349	168,4342
2021-03-06	18:00	48035,37	48331,91	48000	48171,01	LONG	0,00167	5981,87	0,00451	HOLD	98,2349	168,6607
2021-03-06	19:00	48171,02	48212,85	47401,82	47660,74	LONG	0,00167	5981,87	0,00451	HOLD	98,2349	167,8086
2021-03-06	20:00	47660,75	47753,39	47070	47320,3	LONG	0,00167	5981,87	0,00451	HOLD	98,2349	167,24
2021-03-06	21:00	47320,3	47725,51	47201,12	47560,96	LONG	0,00167	5981,87	0,00451	HOLD	98,2349	167,6419
2021-03-06	22:00	47562,67	47712,69	47238,32	47267,88	LONG	0,00167	5981,87	0,00451	HOLD	98,2349	167,1525
2021-03-06	23:00	47267,88	47941,03	47104,85	47757,43	LONG	0,00167	5981,87	0,00451	HOLD	98,2349	167,9701
2021-03-07	00:00	47755,08	48450	47655,01	48250,69	LONG	0,00167	5981,87	0,00451	HOLD	98,2349	168,7938
2021-03-07	01:00	48250,7	48623	48109,79	48473,3	LONG	0,00167	5981,87	0,00451	HOLD	98,2349	169,1656
2021-03-07	02:00	48473,3	48690,6	48248,27	48341,01	LONG	0,00167	5981,87	0,00451	HOLD	98,2349	168,9446
2021-03-07	03:00	48341	48734,84	48223,36	48518,5	LONG	0,00167	5981,87	0,00451	HOLD	98,2349	169,241
2021-03-07	04:00	48518,51	48723	48264,63	48578,71	LONG	0,00167	5981,87	0,00451	HOLD	98,2349	169,3416
2021-03-07	05:00	48577,22	49200	48463,75	48920,88	LONG	0,00167	5981,87	0,00451	HOLD	98,2349	169,913
2021-03-07	06:00	48920,87	49120,01	48805	48882,2	LONG	0,00167	5981,87	0,00451	HOLD	98,2349	169,8484
2021-03-07	07:00	48882,2	49312	48882,2	49203,25	LONG	0,00167	5981,87	0,00451	HOLD	98,2349	170,3846
2021-03-07	08:00	49203,25	49490	48982,17	49121,95	LONG	0,00167	5981,87	0,00451	HOLD	98,2349	170,2488
2021-03-07	09:00	49121,95	49851	49052,91	49550,58	LONG	0,00167	5981,87	0,00451	HOLD	98,2349	170,9646
2021-03-07	10:00	49550,57	49900,99	49433,88	49551,44	LONG	0,00167	5981,87	0,00451	HOLD	98,2349	170,966
2021-03-07	11:00	49551,43	49687,98	49296,8	49436,18	LONG	0,00167	5981,87	0,00451	HOLD	98,2349	170,7736
2021-03-07	12:00	49436,18	49459,25	49111,11	49342	LONG	0,00167	5981,87	0,00451	HOLD	98,2349	170,6163
2021-03-07	13:00	49342	49650	49146,68	49458,56	LONG	0,00167	5981,87	0,00451	HOLD	98,2349	170,8109
2021-03-07	14:00	49459,61	50179,17	49327,57	50052,68	LONG	0,00167	5981,87	0,00451	HOLD	98,2349	171,8031
2021-03-07	15:00	50041,84	50839,54	50041,84	50383,09	LONG	0,00167	5981,87	0,00451	HOLD	98,2349	172,3549
2021-03-07	16:00	50384,11	51148,22	50384,11	50943,02	LONG	0,00167	5981,87	0,00451	HOLD	98,2349	173,29
2021-03-07	17:00	50942,82	50985,84	50448,3	50612,92	LONG	0,00167	5981,87	0,00451	HOLD	98,2349	172,7387
2021-03-07	18:00	50612,92	50899,22	50472,81	50705,52	LONG	0,00167	5981,87	0,00451	HOLD	98,2349	172,8934
2021-03-07	19:00	50705,52	50827,68	50391,19	50746,2	LONG	0,00167	5981,87	0,00451	HOLD	98,2349	172,9613
2021-03-07	20:00	50746,2	50850	50504,22	50764,44	LONG	0,00167	5981,87	0,00451	HOLD	98,2349	172,9918
2021-03-07	21:00	50764,44	51250	50130,65	50646,34	LONG	0,00167	5981,87	0,00451	HOLD	98,2349	172,7945
2021-03-07	22:00	50644,47	50827,93	50375	50585,23	LONG	0,00167	5981,87	0,00451	HOLD	98,2349	172,6925
2021-03-07	23:00	50585,23	51352,1	50585,23	51052,9	LONG	0,00167	5981,87	0,00451	HOLD	98,2349	173,4735
2021-03-08	00:00	51052,89	51201	50757,59	51075,93	LONG	0,00167	5981,87	0,00451	HOLD	98,2349	173,5119
2021-03-08	01:00	51075,92	51085,71	50368,2	50412,31	LONG	0,00167	5981,87	0,00451	HOLD	98,2349	172,4037
2021-03-08	02:00	50412,31	50580,21	50250	50381,68	LONG	0,00167	5981,87	0,00451	HOLD	98,2349	172,3525
2021-03-08	03:00	50381,69	50381,69	49758,01	50036,64	LONG	0,00167	5981,87	0,00451	HOLD	98,2349	171,7763
2021-03-08	04:00	50036,63	50265,81	49833,08	50086,12	LONG	0,00167	5981,87	0,00451	HOLD	98,2349	171,859
2021-03-08	05:00	50086,11	50784,12	49986,39	50498,55	LONG	0,00167	5981,87	0,00451	HOLD	98,2349	172,5477
2021-03-08	06:00	50498,56	51450,03	50480,89	50971,75	LONG	0,00167	5981,87	0,00451	HOLD	98,2349	173,338
2021-03-08	07:00	50959,11	51685	50843,59	51491,1	LONG	0,00167	5981,87	0,00451	HOLD	98,2349	174,2053
2021-03-08	08:00	51491,1	51847,38	51250,05	51557,7	LONG	0,00167	5981,87	0,00451	HOLD	98,2349	174,3165
2021-03-08	09:00	51557,7	51594,22	50481,84	50730,82	LONG	0,00167	5981,87	0,00451	HOLD	98,2349	172,9356
2021-03-08	10:00	50730,82	50808,32	50234,98	50598,49	LONG	0,00167	5981,87	0,00451	HOLD	98,2349	172,7146
2021-03-08	11:00	50598,49	50598,5	50100	50417,44	LONG	0,00167	5981,87	0,00451	HOLD	98,2349	172,4123
2021-03-08	12:00	50417,45	50816,16	50355,16	50765,77	LONG	0,00167	5981,87	0,00451	HOLD	98,2349	172,994
2021-03-08	13:00	50765,77	50944	50150,42	50274,76	LONG	0,00167	5981,87	0,00451	HOLD	98,2349	172,174
2021-03-08	14:00	50274,76	50427,53	49521,2	49755,24	LONG	0,00167	5981,87	0,00451	HOLD	98,2349	171,3064
2021-03-08	15:00	49755,24	49888,59	49274,67	49880,35	LONG	0,00167	5981,87	0,00451	HOLD	98,2349	171,5153
2021-03-08	16:00	49880,49	50099,97	49400	49880	LONG	0,00167	5981,87	0,00451	HOLD	98,2349	171,5147
2021-03-08	17:00	49883,13	50271,67	49682,3	50061	LONG	0,00167	5981,87	0,00451	HOLD	98,2349	171,817
2021-03-08	18:00	50061,01	50560	49878	50496,82	LONG	0,00167	5981,87	0,00451	HOLD	98,2349	172,5448
2021-03-08	19:00	50490,39	50550	50100,01	50275	LONG	0,00167	5981,87	0,00451	HOLD	98,2349	172,1744
2021-03-08	20:00	50274,58	51065,63	50265,16	50978,43	LONG	0,00167	5981,87	0,00451	HOLD	98,2349	173,3491
2021-03-08	21:00	50978,42	51233	50122,45	50740,9	LONG	0,00167	5981,87	0,00451	HOLD	98,2349	172,9524
2021-03-08	22:00	50744,26	51220	50541,67	51054,99	LONG	0,00167	5981,87	0,00451	HOLD	98,2349	173,477
2021-03-08	23:00	51055	51175	50550,01	50664,91	LONG	0,00167	5981,87	0,00451	HOLD	98,2349	172,8255
2021-03-09	00:00	50664,91	50880	50630	50809,04	LONG	0,00167	5981,87	0,00451	HOLD	98,2349	173,0662
2021-03-09	01:00	50801,55	51075,4	50732,36	50803,18	LONG	0,00167	5981,87	0,00451	HOLD	98,2349	173,0565
2021-03-09	02:00	50803,19	51485,35	50790	51310,82	LONG	0,00167	5981,87	0,00451	HOLD	98,2349	173,9042
2021-03-09	03:00	51310,82	51996,58	51236,2	51759,63	LONG	0,00167	5981,87	0,00451	HOLD	98,2349	174,6537
2021-03-09	04:00	51762,77	51927	51505	51848,33	LONG	0,00167	5981,87	0,00451	HOLD	98,2349	174,8019
2021-03-09	05:00	51848,34	51900	51300	51599,99	LONG	0,00167	5981,87	0,00451	HOLD	98,2349	174,3871
2021-03-09	06:00	51599,99	52402,78	51599,99	52375,17	LONG	0,00167	5981,87	0,00451	HOLD	98,2349	175,6817
2021-03-09	07:00	52375,18	52540,48	51789,41	52020,23	LONG	0,00167	5981,87	0,00451	HOLD	98,2349	175,0889
2021-03-09	08:00	52020,24	53760	51981,26	53575,35	LONG	0,00167	5981,87	0,00451	HOLD	98,2349	177,686
2021-03-09	09:00	53575,35	53799	53250,41	53592,7	LONG	0,00167	5981,87	0,00451	HOLD	98,2349	177,715
2021-03-09	10:00	53592,84	54100	53452,47	53840,62	LONG	0,00167	5981,87	0,00451	HOLD	98,2349	178,129
2021-03-09	11:00	53840,63	54040	53484,44	53678,88	LONG	0,00167	5981,87	0,00451	HOLD	98,2349	177,8589
2021-03-09	12:00	53684,14	54400,8	53681,44	54254,52	LONG	0,00167	5981,87	0,00451	HOLD	98,2349	178,8202
2021-03-09	13:00	54254,52	54448	53737	53847,64	LONG	0,00167	5981,87	0,00451	HOLD	98,2349	178,1407
2021-03-09	14:00	53847,64	53890,92	53409,57	53546,9	LONG	0,00167	5981,87	0,00451	HOLD	98,2349	177,6385
2021-03-09	15:00	53546,89	54168,99	53274,96	54023,79	LONG	0,00167	5981,87	0,00451	HOLD	98,2349	178,4349
2021-03-09	16:00	54023,79	54270,27	53872,05	54112,5	LONG	0,00167	5981,87	0,00451	HOLD	98,2349	178,583
2021-03-09	17:00	54112,5	54355	53875	54159,52	LONG	0,00167	5981,87	0,00451	HOLD	98,2349	178,6615
2021-03-09	18:00	54159,52	54293,97	53917,21	54233,32	LONG	0,00167	5981,87	0,00451	HOLD	98,2349	178,7848
2021-03-09	19:00	54235,88	54236,7	53538,77	53725,5	LONG	0,00167	5981,87	0,00451	HOLD	98,2349	177,9367
2021-03-09	20:00	53725,49	54815,84	53664,21	54779,99	LONG	0,00167	5981,87	0,00451	HOLD	98,2349	179,6977
2021-03-09	21:00	54780,26	54787,99	54364,32	54488,22	LONG	0,00167	5981,87	0,00451	HOLD	98,2349	179,2105
2021-03-09	22:00	54491,33	54515,22	53852,36	54097,02	LONG	0,00167	5981,87	0,00451	HOLD	98,2349	178,5572
2021-03-09	23:00	54097,03	54338	53750	54098,11	LONG	0,00167	5981,87	0,00451	HOLD	98,2349	178,559
2021-03-10	00:00	54098,1	54272,05	53770,71	53793,76	LONG	0,00167	5981,87	0,00451	HOLD	98,2349	178,0507
2021-03-10	01:00	53793,75	54046,78	53626,97	53885,96	LONG	0,00167	5981,87	0,00451	HOLD	98,2349	178,2047
2021-03-10	02:00	53885,96	54225,35	53790	54108,79	LONG	0,00167	5981,87	0,00451	HOLD	98,2349	178,5768
2021-03-10	03:00	54108,79	54584,19	54052,76	54326,14	LONG	0,00167	5981,87	0,00451	HOLD	98,2349	178,9398
2021-03-10	04:00	54326,14	54519,47	53882,52	54278,61	LONG	0,00167	5981,87	0,00451	HOLD	98,2349	178,8604
2021-03-10	05:00	54278,61	54860,28	54139,1	54808,75	LONG	0,00167	5981,87	0,00451	HOLD	98,2349	179,7458
2021-03-10	06:00	54808,76	54895	54474,99	54884,5	LONG	0,00167	5981,87	0,00451	HOLD	98,2349	179,8723
2021-03-10	07:00	54874,67	55763	54782,93	55510	LONG	0,00167	5981,87	0,00451	HOLD	98,2349	180,9168
2021-03-10	08:00	55510,01	55813,09	54468,26	54676,87	LONG	0,00167	5981,87	0,00451	HOLD	98,2349	179,5255
2021-03-10	09:00	54676,86	54676,87	53300	53936,44	LONG	0,00167	5981,87	0,00451	HOLD	98,2349	178,289
2021-03-10	10:00	53936,43	54126,67	53134,8	53467,8	LONG	0,00167	5981,87	0,00451	HOLD	98,2349	177,5064
2021-03-10	11:00	53468,33	53837,16	53332,46	53647,63	LONG	0,00167	5981,87	0,00451	HOLD	98,2349	177,8067
2021-03-10	12:00	53647,63	53692,21	53005	53651,39	LONG	0,00167	5981,87	0,00451	HOLD	98,2349	177,813
2021-03-10	13:00	53651,38	54065,65	53510,01	53864,41	LONG	0,00167	5981,87	0,00451	HOLD	98,2349	178,1687
2021-03-10	14:00	53864,4	54407,74	53826,26	54173,38	LONG	0,00167	5981,87	0,00451	HOLD	98,2349	178,6847
2021-03-10	15:00	54177,47	54734,96	54032,38	54632,79	LONG	0,00167	5981,87	0,00451	HOLD	98,2349	179,4519
2021-03-10	16:00	54632,78	55444	54300,11	55227,99	LONG	0,00167	5981,87	0,00451	HOLD	98,2349	180,4459
2021-03-10	17:00	55228	55389	54679,95	54832,98	LONG	0,00167	5981,87	0,00451	HOLD	98,2349	179,7862
2021-03-10	18:00	54832,99	54991	54512	54858,47	LONG	0,00167	5981,87	0,00451	HOLD	98,2349	179,8288
2021-03-10	19:00	54858,47	55481,28	54834	55219,99	LONG	0,00167	5981,87	0,00451	HOLD	98,2349	180,4325
2021-03-10	20:00	55219,99	56333	55139,01	56262,56	LONG	0,00167	5981,87	0,00451	HOLD	98,2349	182,1736
2021-03-10	21:00	56260,09	56400	55761,66	56092,62	LONG	0,00167	5981,87	0,00451	HOLD	98,2349	181,8898
2021-03-10	22:00	56092,62	56489,66	55952,63	56328,81	LONG	0,00167	5981,87	0,00451	HOLD	98,2349	182,2843
2021-03-10	23:00	56328,81	57075,92	56100	57009,53	LONG	0,00167	5981,87	0,00451	HOLD	98,2349	183,4211
2021-03-11	00:00	57009,53	57100	56366	56860,01	LONG	0,00167	5981,87	0,00451	HOLD	98,2349	183,1714
2021-03-11	01:00	56860,01	57100	56566	56730,54	LONG	0,00167	5981,87	0,00451	HOLD	98,2349	182,9551
2021-03-11	02:00	56730,55	57387,69	56595,76	56739,4	LONG	0,00167	5981,87	0,00451	HOLD	98,2349	182,9699
2021-03-11	03:00	56739,4	56894,11	56037,15	56266	LONG	0,00167	5981,87	0,00451	HOLD	98,2349	182,1794
2021-03-11	04:00	56266	57045,22	55530,01	56918,4	LONG	0,00167	5981,87	0,00451	HOLD	98,2349	183,2689
2021-03-11	05:00	56919,1	57225,73	56476,95	56905,37	LONG	0,00167	5981,87	0,00451	HOLD	98,2349	183,2471
2021-03-11	06:00	56905,37	56950	55800	55851,59	LONG	0,00167	5981,87	0,00451	HOLD	98,2349	181,4873
2021-03-11	07:00	55851,59	56499,98	55505	55601,55	LONG	0,00167	5981,87	0,00451	HOLD	98,2349	181,0697
2021-03-11	08:00	55607,55	55947,36	55170,22	55781,92	LONG	0,00167	5981,87	0,00451	HOLD	98,2349	181,3709
2021-03-11	09:00	55781,91	56323,51	55649,93	56314,58	LONG	0,00167	5981,87	0,00451	HOLD	98,2349	182,2605
2021-03-11	10:00	56316,41	56483,11	55599	55992,6	LONG	0,00167	5981,87	0,00451	HOLD	98,2349	181,7228
2021-03-11	11:00	55992,6	56179,87	55603,66	55835,4	LONG	0,00167	5981,87	0,00451	HOLD	98,2349	181,4603
2021-03-11	12:00	55835,39	55835,39	55200,8	55275,32	LONG	0,00167	5981,87	0,00451	HOLD	98,2349	180,5249
2021-03-11	13:00	55275,32	55767,15	55005	55557,94	LONG	0,00167	5981,87	0,00451	HOLD	98,2349	180,9969
2021-03-11	14:00	55555,13	55797,07	55005	55034,2	LONG	0,00167	5981,87	0,00451	HOLD	98,2349	180,1223
2021-03-11	15:00	55034,21	55093,53	54272,82	54761,02	LONG	0,00167	5981,87	0,00451	HOLD	98,2349	179,666
2021-03-11	16:00	54761,01	54928,43	54431,86	54474,27	LONG	0,00167	5981,87	0,00451	HOLD	98,2349	179,1872
